h3,countries,common_intervals,left_observed_intervals,right_observed_intervals,full_window_comparable,expected_intervals,downloaders_all_delta_pp,downloaders_all_observed_common_delta_pp,downloaders_all_left_share,downloaders_all_right_share,downloaders_without-hosting_delta_pp,downloaders_without-hosting_observed_common_delta_pp,downloaders_without-hosting_left_share,downloaders_without-hosting_right_share,uploaders_all_delta_pp,uploaders_all_observed_common_delta_pp,uploaders_all_left_share,uploaders_all_right_share,uploaders_without-hosting_delta_pp,uploaders_without-hosting_observed_common_delta_pp,uploaders_without-hosting_left_share,uploaders_without-hosting_right_share
852e0167fffffff,JPN,0,0,1,False,26,,,,,,,,,,,,,,,,
852e0803fffffff,JPN,26,26,26,True,26,0.0002704119387262054,0.0002704119387262054,0.0017022840277535938,0.0014318720890273882,0.0003596511235356419,0.0003596511235356419,0.0020268835412048866,0.0016672324176692445,0.0003299220478767286,0.0003299220478767286,0.0005648186418044266,0.00023489659392769807,0.000481771311228488,0.000481771311228488,0.0007798335316871135,0.0002980622204586254
852e083bfffffff,JPN,0,1,0,False,26,,,,,,,,,,,,,,,,
852e084bfffffff,JPN,10,14,17,False,26,,2.451664474346591e-05,,,,3.317534599794828e-05,,,,6.042715471679784e-05,,,,7.315073420865579e-05,,
852e086bfffffff,JPN,5,10,10,False,26,,3.0317108969902693e-05,,,,4.082590224904018e-05,,,,0.00015963093328225144,,,,0.00022227655649158682,,
852e0893fffffff,JPN,2,9,8,False,26,,8.41336774545056e-05,,,,0.00010262844434886405,,,,0.00017939640220399468,,,,0.00024339908109588504,,
852e089bfffffff,JPN,5,9,11,False,26,,2.18166707310263e-05,,,,3.000315471716675e-05,,,,0.0,,,,0.0,,
852e08bbfffffff,JPN,2,9,4,False,26,,-5.994700391404904e-05,,,,-6.791132770656313e-05,,,,0.0,,,,0.0,,
852e08c3fffffff,JPN,0,1,0,False,26,,,,,,,,,,,,,,,,
852e0a03fffffff,JPN,3,9,8,False,26,,0.0001147870969170577,,,,0.00014191958461006254,,,,0.0,,,,0.0,,
852e0a13fffffff,JPN,0,0,1,False,26,,,,,,,,,,,,,,,,
852e0a17fffffff,JPN,26,26,26,True,26,8.617432051217746e-05,8.617432051217746e-05,0.0005653486848084235,0.000479174364296246,0.00011352825003775949,0.00011352825003775949,0.0006726726027053415,0.0005591443526675821,9.739053373860254e-05,9.739053373860254e-05,0.0001341454501282069,3.675491638960437e-05,0.0001304773148471823,0.0001304773148471823,0.00017185108750657067,4.137377265938837e-05
852e0a1bfffffff,JPN,26,26,26,True,26,7.634210698419687e-05,7.634210698419687e-05,0.0013051190495242616,0.001228776942540065,0.00011858615072922862,0.00011858615072922862,0.0015522326995411663,0.0014336465488119375,3.846614163097415e-05,3.846614163097415e-05,0.00024227006831828603,0.0002038039266873118,6.849283366755176e-05,6.849283366755176e-05,0.0003319929320767734,0.0002635000984092216
852e0a37fffffff,JPN,0,0,1,False,26,,,,,,,,,,,,,,,,
852e0a8ffffffff,JPN,0,0,1,False,26,,,,,,,,,,,,,,,,
852e0c03fffffff,JPN,3,7,7,False,26,,5.036754795071766e-05,,,,6.20629200311072e-05,,,,0.0,,,,0.0,,
852e0c0bfffffff,JPN,22,24,23,False,26,,5.515058072370642e-05,,,,7.093192366786065e-05,,,,0.0007197967345954556,,,,0.0010679345856184526,,
852e0c2ffffffff,JPN,0,1,0,False,26,,,,,,,,,,,,,,,,
852e0c47fffffff,JPN,6,13,11,False,26,,5.904429711064862e-05,,,,7.463601547593716e-05,,,,4.7829360148385804e-05,,,,5.839388779497672e-05,,
852e0c7bfffffff,JPN,4,11,14,False,26,,5.425805718111632e-05,,,,6.987223416534332e-05,,,,0.0,,,,0.0,,
852e0c87fffffff,JPN,0,1,0,False,26,,,,,,,,,,,,,,,,
852e0c8ffffffff,JPN,8,8,12,False,26,,-2.0490643606851328e-05,,,,-2.0635310226281575e-05,,,,0.0,,,,0.0,,
852e0c97fffffff,JPN,26,26,26,True,26,0.00010083399877838416,0.00010083399877838416,0.0006286736665737441,0.0005278396677953598,0.00013174664091190395,0.00013174664091190395,0.0007473125116678289,0.0006155658707559248,-2.0294571916505188e-05,-2.0294571916505188e-05,1.1758666078106233e-05,3.2053237994611424e-05,-2.6208324558209122e-05,-2.6208324558209122e-05,1.4535454152997284e-05,4.0743778711206404e-05
852e0cb3fffffff,JPN,22,24,24,False,26,,2.9983700343939638e-05,,,,4.082826249567374e-05,,,,-3.143227484518999e-05,,,,-3.940284919490499e-05,,
852e0cbbfffffff,JPN,0,1,0,False,26,,,,,,,,,,,,,,,,
852e0cc3fffffff,JPN,0,0,1,False,26,,,,,,,,,,,,,,,,
852e0d03fffffff,JPN,13,20,17,False,26,,2.3049064257046287e-05,,,,3.278544364577277e-05,,,,-1.179062166878092e-05,,,,-1.335859711219191e-05,,
852e0d73fffffff,JPN,6,10,12,False,26,,8.656916299993537e-06,,,,1.3151905250001245e-05,,,,5.0954219671793675e-05,,,,6.298696799632156e-05,,
852e0d97fffffff,JPN,1,4,4,False,26,,1.9287740691107305e-05,,,,2.5404879639209023e-05,,,,0.0,,,,0.0,,
852e0d9bfffffff,JPN,10,17,12,False,26,,6.690661883916478e-05,,,,8.556171320168313e-05,,,,-3.053766539941811e-05,,,,-3.4585202021699684e-05,,
852e0db7fffffff,JPN,0,0,1,False,26,,,,,,,,,,,,,,,,
852e0dc3fffffff,JPN,0,1,2,False,26,,,,,,,,,,,,,,,,
852e0dcffffffff,JPN,0,1,2,False,26,,,,,,,,,,,,,,,,
852e0dd3fffffff,JPN,0,2,0,False,26,,,,,,,,,,,,,,,,
852e0e4ffffffff,JPN,26,26,26,True,26,3.3536440845145916e-05,3.3536440845145916e-05,0.0009074460321419764,0.0008739095912968305,6.0968046405204565e-05,6.0968046405204565e-05,0.0010798395761340471,0.0010188715297288426,0.00014004576375155646,0.00014004576375155646,0.00017344581917111098,3.3400055419554524e-05,0.0001990800855593918,0.0001990800855593918,0.00023702119851408076,3.7941112954688986e-05
852e0e6bfffffff,JPN,13,19,18,False,26,,3.153195198107593e-05,,,,4.153506321589376e-05,,,,7.882916616084618e-05,,,,0.00011695947471160717,,
852e0e73fffffff,JPN,4,6,6,False,26,,3.797479599926427e-05,,,,5.600987391390513e-05,,,,0.0,,,,0.0,,
852e0e77fffffff,JPN,0,1,1,False,26,,,,,,,,,,,,,,,,
852e0ea3fffffff,JPN,26,26,26,True,26,0.00027906968345536165,0.00027906968345536165,0.0018852669264435187,0.0016061972429881571,0.0003693784992156087,0.0003693784992156087,0.0022440499310318685,0.0018746714318162601,0.00033509928888241983,0.00033509928888241983,0.0005789753665082644,0.00024387607762584458,0.0005087137327607097,0.0005087137327607097,0.0008206039721440585,0.00031189023938334854
852e0eabfffffff,JPN,0,1,0,False,26,,,,,,,,,,,,,,,,
852e0eb7fffffff,JPN,17,19,20,False,26,,-1.3761465580027818e-05,,,,-8.738941870886533e-06,,,,0.0,,,,0.0,,
852e132bfffffff,JPN,26,26,26,True,26,0.00019417629591988815,0.00019417629591988815,0.0016001879302213616,0.0014060116343014735,0.0002632434273695563,0.0002632434273695563,0.0019042602372874781,0.001641016809917922,0.00040422908187541664,0.00040422908187541664,0.0007160337878294905,0.0003118047059540737,0.0006271720816029415,0.0006271720816029415,0.0010074275469416085,0.00038025546533866704
852e1917fffffff,JPN,26,26,26,True,26,0.00021932347576693163,0.00021932347576693163,0.001988338527455511,0.0017690150516885793,0.0003021667557551004,0.0003021667557551004,0.002366061600597467,0.002063894844842367,7.895636948052118e-05,7.895636948052118e-05,0.0001781929829655179,9.92366134849967e-05,0.000110018699959207,0.000110018699959207,0.00022838681380399649,0.00011836811384478949
852e194ffffffff,JPN,22,23,25,False,26,,7.757359364994791e-05,,,,9.777135866483325e-05,,,,3.590078492331271e-05,,,,4.381367359823216e-05,,
852e1a0ffffffff,JPN,1,2,3,False,26,,0.00013957005149225202,,,,0.00016979050832150705,,,,0.0,,,,0.0,,
852e1a27fffffff,JPN,0,1,1,False,26,,,,,,,,,,,,,,,,
852e1a6bfffffff,JPN,26,26,26,True,26,0.000258473217640589,0.000258473217640589,0.0011964597594217225,0.0009379865417811334,0.00032908476813302165,0.00032908476813302165,0.0014234228458322987,0.001094338077699277,0.0005643807616570859,0.0005643807616570859,0.0006043985506201937,4.0017788963107844e-05,0.000831088758708071,0.000831088758708071,0.0008794947820615304,4.840602335345954e-05
852e1b47fffffff,JPN,0,3,4,False,26,,,,,,,,,,,,,,,,
852e1b53fffffff,JPN,25,26,25,False,26,,0.00013788045996742784,,,,0.0001717386747299385,,,,4.1556418750173256e-05,,,,5.948753490657809e-05,,
852e1b57fffffff,JPN,26,26,26,True,26,0.003059103889025108,0.003059103889025108,0.01668880819910394,0.013629704310078828,0.003948605302403671,0.003948605302403671,0.019846745634435316,0.015898140332031647,0.0034822554007324256,0.0034822554007324256,0.005082483434476874,0.0016002280337444473,0.004966160659990109,0.004966160659990109,0.006969383120877966,0.0020032224608878568
852e1b73fffffff,JPN,26,26,26,True,26,7.164576396101737e-05,7.164576396101737e-05,0.0005067203004586544,0.00043507453649763704,9.48637691213219e-05,9.48637691213219e-05,0.0006027128041532966,0.0005078490350319747,5.151907935734784e-06,5.151907935734784e-06,6.667116683791548e-05,6.151925890218069e-05,5.863364441065495e-06,5.863364441065495e-06,8.032594277044765e-05,7.446257832938215e-05
852e1b87fffffff,JPN,22,23,25,False,26,,0.00024467614326079926,,,,0.00030503114833295924,,,,8.163648957884433e-05,,,,0.0001252454362638651,,
852e1b9bfffffff,JPN,24,25,25,False,26,,0.00010307702552590256,,,,0.00012907985010807176,,,,0.00014523619256432972,,,,0.00019823808170672317,,
852e1bb7fffffff,JPN,0,0,1,False,26,,,,,,,,,,,,,,,,
852e1bc3fffffff,JPN,24,25,25,False,26,,4.6346266087671834e-05,,,,6.513707479255032e-05,,,,0.0001188300463960005,,,,0.00017355320305502647,,
852e1bc7fffffff,JPN,3,14,7,False,26,,4.235514003665109e-05,,,,5.224827828821658e-05,,,,-5.109269389805066e-05,,,,-5.788725415283161e-05,,
852e1bcffffffff,JPN,4,8,11,False,26,,4.216171416288598e-05,,,,5.620990208685933e-05,,,,0.0,,,,0.0,,
852e1d2bfffffff,JPN,0,7,2,False,26,,,,,,,,,,,,,,,,
852e1da7fffffff,JPN,1,3,6,False,26,,8.278337467704439e-05,,,,9.629093234447998e-05,,,,0.0,,,,0.0,,
852e1e0ffffffff,JPN,0,0,1,False,26,,,,,,,,,,,,,,,,
852e1e6bfffffff,JPN,0,0,2,False,26,,,,,,,,,,,,,,,,
852e1e6ffffffff,JPN,26,26,26,True,26,0.0002238591813239759,0.0002238591813239759,0.000745771827108527,0.000521912645784551,0.00027780474058531967,0.00027780474058531967,0.000887293233391495,0.0006094884928061755,1.975476104824523e-05,1.975476104824523e-05,9.319643429641622e-05,7.344167324817099e-05,1.4962534473465865e-05,1.4962534473465865e-05,0.00011272607811228096,9.77635436388151e-05
852e2923fffffff,JPN,25,25,26,False,26,,0.00012926331789210732,,,,0.00016587073856598334,,,,0.00018599032250191444,,,,0.0002753638893824785,,
852e2937fffffff,JPN,2,6,9,False,26,,2.765439017739219e-05,,,,3.501887879463335e-05,,,,0.0,,,,0.0,,
852e293bfffffff,JPN,0,4,9,False,26,,,,,,,,,,,,,,,,
852e2947fffffff,JPN,0,1,1,False,26,,,,,,,,,,,,,,,,
852e2953fffffff,JPN,26,26,26,True,26,0.00019413405347267862,0.00019413405347267862,0.0010055370218777224,0.0008114029684050439,0.00025033967213312995,0.00025033967213312995,0.0011966852284851037,0.0009463455563519736,0.00014434461598204787,0.00014434461598204787,0.00018990796858043996,4.556335259839209e-05,0.00020746195160148228,0.00020746195160148228,0.00026255641673714165,5.5094465135659364e-05
852e2977fffffff,JPN,3,8,7,False,26,,0.00014389424749303988,,,,0.00017556209202762604,,,,7.659983869647798e-05,,,,9.211263275750777e-05,,
852e297bfffffff,JPN,26,26,26,True,26,0.0001381964538329542,0.0001381964538329542,0.0006027076758797013,0.0004645112220467471,0.0001767359026082811,0.0001767359026082811,0.0007172065665516161,0.000540470663943335,0.00015784566203432584,0.00015784566203432584,0.00018653700802448282,2.8691345990156996e-05,0.0002246904265078641,0.0002246904265078641,0.00026051399970440235,3.582357319653822e-05
852e2987fffffff,JPN,12,16,16,False,26,,4.5663848322943135e-06,,,,9.42773955201887e-06,,,,-0.00021164969326831315,,,,-0.0002528322945419238,,
852e298bfffffff,JPN,26,26,26,True,26,2.764451645239789e-05,2.764451645239789e-05,0.000741234836952377,0.0007135903204999792,4.833669883895563e-05,4.833669883895563e-05,0.0008816609770688524,0.0008333242782298967,3.747041962443465e-05,3.747041962443465e-05,7.558682522527774e-05,3.811640560084309e-05,5.2320886402214914e-05,5.2320886402214914e-05,0.00010070291558496181,4.838202918274691e-05
852e298ffffffff,JPN,0,1,0,False,26,,,,,,,,,,,,,,,,
852e2997fffffff,JPN,26,26,26,True,26,0.00014339260479904824,0.00014339260479904824,0.0005878219898075601,0.0004444293850085118,0.00018071636245705876,0.00018071636245705876,0.0007007523466615535,0.0005200359842044947,6.075576295386358e-05,6.075576295386358e-05,8.285845182358947e-05,2.2102688869725883e-05,9.074616521829703e-05,9.074616521829703e-05,0.00011578613969077793,2.5039974472480903e-05
852e29a3fffffff,JPN,0,1,1,False,26,,,,,,,,,,,,,,,,
852e29a7fffffff,JPN,16,16,23,False,26,,4.888735713715437e-05,,,,6.211655408742718e-05,,,,6.0820739385564565e-05,,,,8.927678660705359e-05,,
852e29affffffff,JPN,0,2,4,False,26,,,,,,,,,,,,,,,,
852e29b3fffffff,JPN,5,11,15,False,26,,-1.8546231165324955e-06,,,,2.4948182206626854e-06,,,,0.00014181178739576834,,,,0.0001920897443285503,,
852e29b7fffffff,JPN,26,26,26,True,26,0.00014243712016678086,0.00014243712016678086,0.0006356660380712614,0.0004932289179044806,0.00018209494806392887,0.00018209494806392887,0.0007572203644462968,0.000575125416382368,0.00022863271982444375,0.00022863271982444375,0.00024427868423405506,1.5645964409611303e-05,0.0003116864383836932,0.0003116864383836932,0.0003292061642292638,1.7519725845570534e-05
852e29c7fffffff,JPN,10,13,17,False,26,,-2.2083906158398302e-05,,,,-2.147568725466807e-05,,,,0.0,,,,0.0,,
852e2b03fffffff,JPN,0,1,0,False,26,,,,,,,,,,,,,,,,
852e2b0bfffffff,JPN,25,25,26,False,26,,0.0001026379801694302,,,,0.0001322546823554671,,,,-2.21880079059481e-06,,,,-4.34861677617868e-08,,
852e2b0ffffffff,JPN,0,1,2,False,26,,,,,,,,,,,,,,,,
852e2b27fffffff,JPN,26,26,26,True,26,0.0001296174507845444,0.0001296174507845444,0.0007986834366512372,0.0006690659858666928,0.00016899932394539595,0.00016899932394539595,0.0009501657774673705,0.0007811664535219746,9.620772134404708e-05,9.620772134404708e-05,0.00010149593004003036,5.2882086959832624e-06,0.00013061417111363065,0.00013061417111363065,0.00013655629694717721,5.942125833546556e-06
852e2b2bfffffff,JPN,0,0,1,False,26,,,,,,,,,,,,,,,,
852e2b2ffffffff,JPN,0,4,4,False,26,,,,,,,,,,,,,,,,
852e2b33fffffff,JPN,1,5,6,False,26,,0.00010608365069985021,,,,0.00013535399612958317,,,,0.0,,,,0.0,,
852e2b43fffffff,JPN,26,26,26,True,26,7.553444424473622e-05,7.553444424473622e-05,0.00031236149942356396,0.00023682705517882776,9.539134146586112e-05,9.539134146586112e-05,0.00037159567905555924,0.0002762043375896981,-1.2634293592904841e-05,-1.2634293592904841e-05,6.006043643897127e-05,7.269473003187612e-05,-1.0258523303410527e-05,-1.0258523303410527e-05,8.438740796851984e-05,9.464593127193037e-05
852e2b47fffffff,JPN,26,26,26,True,26,0.001435459452538885,0.001435459452538885,0.009655009468145164,0.008219550015606278,0.0019001431892256176,0.0019001431892256176,0.011488860831293744,0.009588717642068126,0.0011739705195158033,0.0011739705195158033,0.0027209466942235898,0.001546976174707787,0.0018672883776901848,0.0018672883776901848,0.0037897556548359434,0.0019224672771457588
852e2b4bfffffff,JPN,2,5,8,False,26,,-5.682975971664106e-05,,,,-6.174689923011898e-05,,,,-0.0006270142833853756,,,,-0.0008330209504769045,,
852e2b4ffffffff,JPN,12,17,17,False,26,,-2.024850312597295e-06,,,,1.246113102094719e-06,,,,-2.291557101592747e-05,,,,-2.574921194536841e-05,,
852e2b67fffffff,JPN,26,26,26,True,26,0.00022502982346052185,0.00022502982346052185,0.0011113944611825448,0.0008863646377220228,0.000287018922240205,0.000287018922240205,0.001320630128123385,0.00103361120588318,0.0001946322041358233,0.0001946322041358233,0.0002753881810672995,8.07559769314762e-05,0.0002916854539648409,0.0002916854539648409,0.0003884075617767268,9.672210781188599e-05
852e2b6ffffffff,JPN,13,18,18,False,26,,7.966840715439315e-05,,,,9.922862760192837e-05,,,,2.5936736547326558e-05,,,,4.499542395981825e-05,,
852e2b83fffffff,JPN,0,1,0,False,26,,,,,,,,,,,,,,,,
852e2ba3fffffff,JPN,11,16,17,False,26,,1.8329495775963276e-05,,,,2.5052448053818836e-05,,,,0.00017693306003073328,,,,0.00025971428831142863,,
852e2ba7fffffff,JPN,0,0,1,False,26,,,,,,,,,,,,,,,,
852e2babfffffff,JPN,26,26,26,True,26,0.000142818533987554,0.000142818533987554,0.0009436290754833859,0.000800810541495832,0.00018772863380799363,0.00018772863380799363,0.0011232250794747868,0.0009354964456667934,3.588109376622887e-05,3.588109376622887e-05,0.0001618855492251275,0.0001260044554588986,6.113059580742706e-05,6.113059580742706e-05,0.0002174470637664436,0.00015631646795901652
852e2bb3fffffff,JPN,0,3,1,False,26,,,,,,,,,,,,,,,,
852e2bb7fffffff,JPN,26,26,26,True,26,0.0004966657051670427,0.0004966657051670427,0.003454422367074228,0.002957756661907185,0.0006570564592248046,0.0006570564592248046,0.004110460535464943,0.0034534040762401385,0.0011386061978782456,0.0011386061978782456,0.0013672677242613331,0.00022866152638308757,0.0015537012712371395,0.0015537012712371395,0.001835904873674497,0.00028220360243735767
852e2da7fffffff,JPN,1,2,5,False,26,,2.557915073865999e-05,,,,3.702444904632042e-05,,,,0.0,,,,0.0,,
852e4483fffffff,JPN,5,13,14,False,26,,4.6431264226888324e-05,,,,5.366987523290014e-05,,,,-9.513661618083568e-05,,,,-0.00011835580120959628,,
852e449bfffffff,JPN,26,26,26,True,26,0.0002508625331860062,0.0002508625331860062,0.0011646451949910808,0.000913782661805075,0.00031698653577171595,0.00031698653577171595,0.0013846483178338077,0.0010676617820620916,-1.9014493879580017e-06,-1.9014493879580017e-06,6.094298330192881e-05,6.284443268988682e-05,-4.1583365710959505e-06,-4.1583365710959505e-06,7.679145529508691e-05,8.094979186618287e-05
852e44d3fffffff,JPN,26,26,26,True,26,0.0005580834234682166,0.0005580834234682166,0.0035271510843199708,0.002969067660851754,0.0007269971789164957,0.0007269971789164957,0.004192054112958745,0.0034650569340422504,-4.3592491223163944e-05,-4.3592491223163944e-05,0.0003777489282962793,0.00042134141951944326,-2.2349819544890023e-05,-2.2349819544890023e-05,0.0005016389518028289,0.000523988771347719
852e44dbfffffff,JPN,4,7,12,False,26,,2.2552321574306175e-05,,,,3.151208341034939e-05,,,,0.0,,,,0.0,,
852e6007fffffff,JPN,26,26,26,True,26,0.0010294380201218332,0.0010294380201218332,0.007022386653805724,0.005992948633683891,0.0013572625477835454,0.0013572625477835454,0.008355121696475539,0.0069978591486919905,0.0013066773461744253,0.0013066773461744253,0.001954849800673801,0.0006481724544993757,0.001901324573386755,0.001901324573386755,0.0027070108197489212,0.0008056862463621656
852e600bfffffff,JPN,26,26,26,True,26,0.00027085109367937373,0.00027085109367937373,0.001682253649680101,0.0014114025560007272,0.0003558662430923432,0.0003558662430923432,0.0020035185994520532,0.0016476523563597099,8.474637381544619e-06,8.474637381544619e-06,0.00021203329385002174,0.00020355865646847708,3.6246811743956054e-05,3.6246811743956054e-05,0.0002953773566410811,0.00025913054489712503
852e600ffffffff,JPN,26,26,26,True,26,5.7972610439003314e-05,5.7972610439003314e-05,0.0007968187054144492,0.0007388460949754457,8.590823599236282e-05,8.590823599236282e-05,0.0009489465163048078,0.0008630382803124449,0.0003808080731408913,0.0003808080731408913,0.0005117017548930279,0.00013089368175213652,0.0005523258577589441,0.0005523258577589441,0.0007103923920107927,0.00015806653425184865
852e6013fffffff,JPN,26,26,26,True,26,9.242178945782785e-05,9.242178945782785e-05,0.0006372596537802314,0.0005448378643224036,0.00012306827916001072,0.00012306827916001072,0.0007582368164101768,0.000635168537250166,0.00013790504679392707,0.00013790504679392707,0.0002262432235121014,8.833817671817433e-05,0.0002220717254849859,0.0002220717254849859,0.00033153266641544496,0.00010946094093045902
852e601bfffffff,JPN,26,26,26,True,26,0.00031391074173608345,0.00031391074173608345,0.0017802175018125101,0.0014663067600764264,0.00040659821185663915,0.00040659821185663915,0.0021175419418675433,0.0017109437300109039,-0.00014403325386931122,-0.00014403325386931122,0.000340926573959647,0.0004849598278289582,-0.00013691854082315352,-0.00013691854082315352,0.0004567901811356461,0.0005937087219587997
852e6027fffffff,JPN,25,25,26,False,26,,0.0001652101746498746,,,,0.00020515771978932182,,,,1.3974201143199216e-05,,,,2.604060272646702e-05,,
852e602ffffffff,JPN,25,26,25,False,26,,7.373857417295916e-05,,,,9.567991464664341e-05,,,,2.4887772608590922e-05,,,,3.4974576462065915e-05,,
852e6033fffffff,JPN,5,13,11,False,26,,2.672467097814805e-05,,,,3.412287225595643e-05,,,,0.0,,,,0.0,,
852e6043fffffff,JPN,26,26,26,True,26,0.000657659493084834,0.000657659493084834,0.0040043728794950375,0.0033467133864102027,0.0008589449460238313,0.0008589449460238313,0.004764439219908444,0.003905494273884614,0.0007438377685397365,0.0007438377685397365,0.0011068566121904373,0.0003630188436507008,0.0011172062447877668,0.0011172062447877668,0.0015605203483375074,0.0004433141035497407
852e6047fffffff,JPN,26,26,26,True,26,0.0010786894075981155,0.0010786894075981155,0.00721507006632755,0.006136380658729434,0.0014205562053091726,0.0014205562053091726,0.008581049506756215,0.007160493301447043,0.0008381728367824735,0.0008381728367824735,0.001563180039255884,0.0007250072024734109,0.001285225625293584,0.001285225625293584,0.0021805692330688015,0.0008953436077752179
852e604bfffffff,JPN,26,26,26,True,26,3.333307682495298e-05,3.333307682495298e-05,0.001016880413230194,0.0009835473364052407,6.320012077718921e-05,6.320012077718921e-05,0.0012099336113959391,0.0011467334906187497,-0.0002279877299076662,-0.0002279877299076662,0.0001601633924088681,0.00038815112231653433,-0.0002708806474134949,-0.0002708806474134949,0.00021322956453176663,0.00048411021194526163
852e604ffffffff,JPN,26,26,26,True,26,0.0008668694420762903,0.0008668694420762903,0.004922431206658113,0.004055561764581823,0.0011211854746021334,0.0011211854746021334,0.005855970166464205,0.004734784691862072,0.0016590418850617344,0.0016590418850617344,0.0022816755857289527,0.0006226337006672181,0.0024436080514584897,0.0024436080514584897,0.0032239939671225453,0.0007803859156640549
852e6053fffffff,JPN,26,26,26,True,26,0.000351086085732318,0.000351086085732318,0.002128552646394078,0.00177746656066176,0.0004187149988358239,0.0004187149988358239,0.002457991248097258,0.0020392762492614344,0.00021634225657899542,0.00021634225657899542,0.0003511203888246724,0.00013477813224567703,0.0001651531896952172,0.0001651531896952172,0.0003355247875101205,0.00017037159781490327
852e6057fffffff,JPN,26,26,26,True,26,0.008510204350431642,0.008510204350431642,0.05866879026104092,0.05015858591060929,0.011276282459782513,0.011276282459782513,0.06978136854264344,0.05850508608286094,0.0056767982384646415,0.0056767982384646415,0.017522931908998746,0.011846133670534106,0.009556469519781013,0.009556469519781013,0.024290578560381613,0.014734109040600595
852e605bfffffff,JPN,26,26,26,True,26,0.0006367932911034302,0.0006367932911034302,0.003357507008980944,0.0027207137178775135,0.0007366317620885281,0.0007366317620885281,0.003824522759173092,0.003087890997084564,0.002063216577572207,0.002063216577572207,0.0026660904390394583,0.000602873861467251,0.0025589811969207597,0.0025589811969207597,0.0033081506253716123,0.0007491694284508523
852e6063fffffff,JPN,5,9,10,False,26,,7.799211880488646e-05,,,,9.66943215646705e-05,,,,0.00015963093328225144,,,,0.00022227655649158682,,
852e6067fffffff,JPN,3,8,6,False,26,,8.799321342363302e-05,,,,0.00011019012232412633,,,,0.0,,,,0.0,,
852e606bfffffff,JPN,17,24,18,False,26,,1.206709514023397e-06,,,,7.0952605109739165e-06,,,,4.715161791346547e-05,,,,6.7162414838058e-05,,
852e6073fffffff,JPN,11,16,14,False,26,,5.14436205449928e-05,,,,6.499953947297671e-05,,,,0.00013707727894940997,,,,0.00016999970353862004,,
852e607bfffffff,JPN,26,26,26,True,26,0.00029473533219154154,0.00029473533219154154,0.0016050139147404286,0.0013102785825488867,0.0003307496207853102,0.0003307496207853102,0.0017113746071605817,0.0013806249863752716,9.01502797973894e-05,9.01502797973894e-05,0.0002612512751808081,0.00017110099538341866,5.817114252786887e-05,5.817114252786887e-05,0.00027471504475520836,0.00021654390222733955
852e608bfffffff,JPN,2,8,4,False,26,,4.26924839319926e-05,,,,5.696589785617001e-05,,,,0.0,,,,0.0,,
852e6097fffffff,JPN,0,2,1,False,26,,,,,,,,,,,,,,,,
852e60a3fffffff,JPN,26,26,26,True,26,0.00012084077241506324,0.00012084077241506324,0.0006949684739871109,0.0005741277015720476,0.00015746263729291912,0.00015746263729291912,0.000827167799843595,0.0006697051625506759,-2.788113276798269e-05,-2.788113276798269e-05,6.22502959366e-05,9.013142870458269e-05,-3.447395284742896e-05,-3.447395284742896e-05,7.723407059650717e-05,0.00011170802344393613
852e60abfffffff,JPN,26,26,26,True,26,0.0005075398035107855,0.0005075398035107855,0.0036863450051526706,0.0031788052016418853,0.0006723574706719913,0.0006723574706719913,0.004371169964011474,0.0036988124933394822,0.0006072228548110349,0.0006072228548110349,0.0008907581457837764,0.0002835352909727413,0.000910564297373374,0.000910564297373374,0.0012626230011810525,0.00035205870380767824
852e60b3fffffff,JPN,12,16,16,False,26,,-2.421694744349961e-06,,,,1.1894754014275867e-06,,,,0.0,,,,0.0,,
852e60b7fffffff,JPN,0,0,1,False,26,,,,,,,,,,,,,,,,
852e60c3fffffff,JPN,26,26,26,True,26,0.0011681615267790872,0.0011681615267790872,0.006574616294683531,0.005406454767904443,0.0015159143271510499,0.0015159143271510499,0.007825457462971974,0.006309543135820926,0.0003421708068377897,0.0003421708068377897,0.001325566623220115,0.0009833958163823256,0.0007291701122477337,0.0007291701122477337,0.0019219490330133098,0.001192778920765576
852e60c7fffffff,JPN,26,26,26,True,26,0.0005782354541349363,0.0005782354541349363,0.0034989052702203587,0.002920669816085422,0.000759415759916751,0.000759415759916751,0.004163649427588727,0.0034042336676719754,-3.3712601830123414e-05,-3.3712601830123414e-05,0.0005724488519727797,0.000606161453802903,4.169329015733666e-05,4.169329015733666e-05,0.0007559758202738234,0.0007142825301164866
852e60cbfffffff,JPN,26,26,26,True,26,0.0010107140684677944,0.0010107140684677944,0.005573781739373475,0.0045630676709056805,0.0012547319525226196,0.0012547319525226196,0.00635986161879452,0.0051051296662719,0.00044760461483257504,0.00044760461483257504,0.0008017751076689936,0.00035417049283641844,0.0006436947811779353,0.0006436947811779353,0.0010956328981058608,0.00045193811692792544
852e60cffffffff,JPN,26,26,26,True,26,0.0002884539178388978,0.0002884539178388978,0.0012112112455148069,0.0009227573276759093,0.0003642696299889127,0.0003642696299889127,0.0014413561677056367,0.0010770865377167241,0.00042327558047671165,0.00042327558047671165,0.0004931899303397702,6.991434986305859e-05,0.0006265801342777463,0.0006265801342777463,0.0007158324219591343,8.925228768138779e-05
852e60d3fffffff,JPN,23,25,24,False,26,,8.512543167734161e-05,,,,0.00010902729516747397,,,,8.907653480320674e-05,,,,0.00012350686408056682,,
852e60d7fffffff,JPN,14,17,21,False,26,,4.335133320504779e-05,,,,5.576203608648169e-05,,,,8.14223507609733e-05,,,,0.00012219411757517993,,
852e6103fffffff,JPN,26,26,26,True,26,0.0005877504643002671,0.0005877504643002671,0.0038073812840574064,0.0032196308197571383,0.0007708318543595029,0.0007708318543595029,0.004529446558909544,0.003758614704550041,0.00032052416115963765,0.00032052416115963765,0.0005930936902189318,0.00027256952905929416,0.00048432698871662017,0.00048432698871662017,0.0008227374020835,0.0003384104133668797
852e6107fffffff,JPN,26,26,26,True,26,0.022808082714774764,0.022808082714774764,0.14021642774335483,0.11740834502858008,0.023362026790734236,0.023362026790734236,0.14436448540636795,0.12100245861563373,0.03180552342072213,0.03180552342072213,0.0703838773173222,0.03857835389660006,0.023629894651661078,0.023629894651661078,0.06039905891249857,0.0367691642608375
852e610bfffffff,JPN,26,26,26,True,26,0.0008239822864777668,0.0008239822864777668,0.005387297086026865,0.004563314799549098,0.0010760349069363364,0.0010760349069363364,0.006404702285400311,0.005328667378463974,0.0004589835049682306,0.0004589835049682306,0.0011896329350439302,0.0007306494300756995,0.0007398440025529287,0.0007398440025529287,0.0016415251548522716,0.0009016811522993429
852e610ffffffff,JPN,26,26,26,True,26,0.0014738668761823464,0.0014738668761823464,0.0079512272208278,0.006477360344645453,0.0019085479343530917,0.0019085479343530917,0.009465568532227148,0.007557020597874057,0.0009791508010443379,0.0009791508010443379,0.0017024818665392074,0.0007233310654948695,0.0014457244752074582,0.0014457244752074582,0.0023619227653492564,0.0009161982901417978
852e6113fffffff,JPN,26,26,26,True,26,0.0005576445942556235,0.0005576445942556235,0.003030434163018331,0.0024727895687627075,0.0007195573896727433,0.0007195573896727433,0.0036048595280460095,0.0028853021383732657,0.0005195001676527023,0.0005195001676527023,0.001107963037878081,0.0005884628702253789,0.0008398538799140841,0.0008398538799140841,0.001581292210764159,0.0007414383308500751
852e6117fffffff,JPN,26,26,26,True,26,0.0006309859679849304,0.0006309859679849304,0.00353428282215654,0.002903296854171609,0.0008167087342224275,0.0008167087342224275,0.00420819752581983,0.0033914887915974016,0.0007312783035692122,0.0007312783035692122,0.0010087906870239857,0.00027751238345477384,0.0010289360646413342,0.0010289360646413342,0.0013751147356817364,0.0003461786710404019
852e611bfffffff,JPN,26,26,26,True,26,0.0006090920945007646,0.0006090920945007646,0.005183123651317839,0.0045740315568170735,0.0008017627078117917,0.0008017627078117917,0.006081881920236426,0.005280119212424633,0.0002111115129180046,0.0002111115129180046,0.0006954140057842105,0.0004843024928662059,0.00036364340572240974,0.00036364340572240974,0.000965965680486995,0.0006023222747645854
852e6123fffffff,JPN,26,26,26,True,26,0.0037935523718953586,0.0037935523718953586,0.025026615244994024,0.021233062873098667,0.004991407555777433,0.004991407555777433,0.02977233194138715,0.024780924385609714,0.003052690811948246,0.003052690811948246,0.00630503301952391,0.0032523422075756633,0.0048391807918257744,0.0048391807918257744,0.00890870665487654,0.004069525863050768
852e6127fffffff,JPN,26,26,26,True,26,0.00020645576565171334,0.00020645576565171334,0.001488125448006872,0.0012816696823551585,0.00027658624713496977,0.00027658624713496977,0.0017730652380042906,0.0014964789908693211,0.00020700216832288544,0.00020700216832288544,0.0002953129573177805,8.831078899489503e-05,0.00030952772282631164,0.00030952772282631164,0.0004161411459179908,0.00010661342309167921
852e612bfffffff,JPN,20,23,22,False,26,,0.0002721391191283302,,,,0.00033712601426528105,,,,0.00014163785795986967,,,,0.00019287803879718238,,
852e613bfffffff,JPN,26,26,26,True,26,0.001217762354237523,0.001217762354237523,0.007935672062788172,0.006717909708550649,0.001607114197969909,0.001607114197969909,0.009445634511452581,0.007838520313482674,0.00047620257536340395,0.00047620257536340395,0.001930819605624308,0.001454617030260904,0.0009042268931056071,0.0009042268931056071,0.002732066560501976,0.0018278396673963686
852e6143fffffff,JPN,26,26,26,True,26,0.0007467159066133574,0.0007467159066133574,0.004564640916858751,0.003817925010245393,0.0009730434607573506,0.0009730434607573506,0.005430875108060907,0.004457831647303557,0.0006924526782349869,0.0006924526782349869,0.001326787437855691,0.0006343347596207041,0.0010571657512662065,0.0010571657512662065,0.0018590475933322461,0.0008018818420660395
852e6147fffffff,JPN,26,26,26,True,26,0.002734255181481316,0.002734255181481316,0.017847511010337793,0.015113255828856476,0.0036034163491374988,0.0036034163491374988,0.021235221507964683,0.017631805158827184,0.003047802812367935,0.003047802812367935,0.005647471205473536,0.0025996683931056004,0.004705029259832423,0.004705029259832423,0.007895291202140308,0.0031902619423078843
852e6157fffffff,JPN,26,26,26,True,26,0.0002899429228302205,0.0002899429228302205,0.002296897007706002,0.0020069540848757813,0.0003897897932724392,0.0003897897932724392,0.002733565580476378,0.0023437757872039394,0.0001987422785486805,0.0001987422785486805,0.00033463442312661165,0.0001358921445779312,0.0002756871240816194,0.0002756871240816194,0.0004465580337930137,0.00017087090971139432
852e615bfffffff,JPN,26,26,26,True,26,0.000479663814215704,0.000479663814215704,0.002028298680149584,0.00154863486593388,0.0006062982357373924,0.0006062982357373924,0.002413174433354583,0.0018068761976171909,0.00012581590390772218,0.00012581590390772218,0.0002080012972240261,8.218539331630391e-05,0.00019382507128539895,0.00019382507128539895,0.00029022448206604665,9.63994107806477e-05
852e616bfffffff,JPN,0,0,4,False,26,,,,,,,,,,,,,,,,
852e6173fffffff,JPN,16,20,21,False,26,,-6.198408677254207e-06,,,,-2.1238397143398776e-06,,,,-3.919650304478436e-05,,,,-5.1724708686440676e-05,,
852e6177fffffff,JPN,26,26,26,True,26,0.00025628844935991155,0.00025628844935991155,0.001302658156494453,0.0010463697071345411,0.0003257405404478063,0.0003257405404478063,0.0015475477194878129,0.0012218071790400069,0.00041745253447156956,0.00041745253447156956,0.0004619399442405554,4.4487409768985856e-05,0.0005708002220711583,0.0005708002220711583,0.0006242045913782337,5.340436930707532e-05
852e6183fffffff,JPN,0,2,3,False,26,,,,,,,,,,,,,,,,
852e6187fffffff,JPN,5,12,12,False,26,,6.538636702659037e-05,,,,8.209647084913898e-05,,,,0.0,,,,0.0,,
852e618bfffffff,JPN,25,25,26,False,26,,6.936921210295095e-05,,,,9.21333042793799e-05,,,,9.262564697476794e-05,,,,0.00013432581820511886,,
852e618ffffffff,JPN,18,22,20,False,26,,2.5322542644650733e-05,,,,3.6360559558620946e-05,,,,6.650890753798657e-05,,,,0.00010096053856389691,,
852e61a7fffffff,JPN,4,7,9,False,26,,-2.61369459515436e-05,,,,-2.718224388222801e-05,,,,0.0,,,,0.0,,
852e61abfffffff,JPN,26,26,26,True,26,0.0001322757563173657,0.0001322757563173657,0.0011231133594754171,0.0009908376031580516,0.00018097517499813403,0.00018097517499813403,0.0013367465728040104,0.0011557713978058767,-7.5745263430086664e-06,-7.5745263430086664e-06,0.00023357429926907814,0.0002411488256120868,2.7048280095935147e-05,2.7048280095935147e-05,0.0003299313263562499,0.00030288304626031475
852e61affffffff,JPN,26,26,26,True,26,0.00026902942667737356,0.00026902942667737356,0.0016362940242572526,0.0013672645975798788,0.0003366293905414076,0.0003366293905414076,0.0017884150728869725,0.0014517856823455647,6.116108891803809e-05,6.116108891803809e-05,0.00023527103436273385,0.00017410994544469574,7.604139672016868e-05,7.604139672016868e-05,0.00017342629489435586,9.73848981741872e-05
852e61b7fffffff,JPN,0,0,3,False,26,,,,,,,,,,,,,,,,
852e61bbfffffff,JPN,21,23,22,False,26,,4.3044559543195465e-05,,,,5.787079028029891e-05,,,,0.0,,,,0.0,,
852e61c3fffffff,JPN,26,26,26,True,26,2.245810188592177e-05,2.245810188592177e-05,0.00025601801143228096,0.0002335599095463592,3.234368417624487e-05,3.234368417624487e-05,0.0003047153934256714,0.00027237170924942654,8.83844292651669e-06,8.83844292651669e-06,1.148254727450832e-05,2.6441043479916312e-06,1.0628380702789357e-05,1.0628380702789357e-05,1.3599443619562635e-05,2.971062916773278e-06
852e61cbfffffff,JPN,26,26,26,True,26,5.9551841346759744e-05,5.9551841346759744e-05,0.0005518606495628256,0.0004923088082160657,8.172086652950811e-05,8.172086652950811e-05,0.0006569160268759006,0.0005751951603463923,9.730733121646529e-05,9.730733121646529e-05,0.00014342061154418116,4.611328032771587e-05,0.00014089187259356512,0.00014089187259356512,0.00019520504387673382,5.4313171283168726e-05
852e61d3fffffff,JPN,16,21,21,False,26,,1.2035996484072804e-05,,,,2.1373419504168487e-05,,,,-4.271736591416673e-05,,,,-5.358258854434785e-05,,
852e6223fffffff,JPN,8,12,16,False,26,,1.3082218059938605e-05,,,,2.05766948512921e-05,,,,0.0,,,,0.0,,
852e6257fffffff,JPN,0,0,1,False,26,,,,,,,,,,,,,,,,
852e626ffffffff,JPN,20,24,22,False,26,,1.1310529442672851e-05,,,,1.8587241142106998e-05,,,,1.4348808044515741e-05,,,,1.7518166338493015e-05,,
852e628bfffffff,JPN,26,26,26,True,26,0.00012749750358497574,0.00012749750358497574,0.0010304093942825553,0.0009029118906975793,0.00017204876064698258,0.00017204876064698258,0.0012256732521649652,0.0010536244915179825,9.981483033720061e-05,9.981483033720061e-05,0.00012906137133780648,2.924654100060587e-05,0.00014946625835383332,0.00014946625835383332,0.0001828760416056075,3.3409783251774194e-05
852e62b3fffffff,JPN,0,1,1,False,26,,,,,,,,,,,,,,,,
852e62b7fffffff,JPN,2,4,9,False,26,,3.4700811531926515e-05,,,,4.560295860036682e-05,,,,0.0,,,,0.0,,
852e62bbfffffff,JPN,0,3,2,False,26,,,,,,,,,,,,,,,,
852e62cffffffff,JPN,15,20,21,False,26,,3.479714419542221e-05,,,,4.3325506749301934e-05,,,,-2.543461396614653e-05,,,,-3.09088436383418e-05,,
852e6343fffffff,JPN,0,0,1,False,26,,,,,,,,,,,,,,,,
852e6353fffffff,JPN,24,26,24,False,26,,6.495474789146454e-05,,,,8.553855321538085e-05,,,,0.0002598174997163867,,,,0.0003654100766693243,,
852e635bfffffff,JPN,26,26,26,True,26,0.0004383355357781361,0.0004383355357781361,0.0022573951222462406,0.0018190595864681046,0.0005610273884214409,0.0005610273884214409,0.0026859255654509465,0.0021248981770295053,0.0017618485800585003,0.0017618485800585003,0.0018657916793895462,0.0001039430993310459,0.0025746847896576386,0.0025746847896576386,0.002707165642135831,0.00013248085247819297
852e638ffffffff,JPN,0,3,1,False,26,,,,,,,,,,,,,,,,
852e6393fffffff,JPN,25,26,25,False,26,,0.00013078789592840194,,,,0.00016530588442662173,,,,7.630887349542229e-05,,,,9.973345607557863e-05,,
852e639bfffffff,JPN,16,22,19,False,26,,5.529281718343278e-05,,,,7.27973713470117e-05,,,,-5.2193103237020664e-05,,,,-6.869175323000248e-05,,
852e63c7fffffff,JPN,25,25,26,False,26,,9.270039984664049e-05,,,,0.00011888000879797996,,,,0.00010870446567665726,,,,0.0001567867750547037,,
852e644bfffffff,JPN,26,26,26,True,26,0.00015131649301193732,0.00015131649301193732,0.001311865689933792,0.0011605491969218546,0.00020769919585205183,0.00020769919585205183,0.0015614101385247098,0.0013537109426726584,0.000668898256019961,0.000668898256019961,0.0011051514137054785,0.0004362531576855176,0.0010210306161298171,0.0010210306161298171,0.0015436524048400675,0.0005226217887102507
852e644ffffffff,JPN,26,26,26,True,26,0.0017093540967825888,0.0017093540967825888,0.010053421404689927,0.008344067307907339,0.002170728150161882,0.002170728150161882,0.011706407527688416,0.009535679377526534,0.0020146561499413394,0.0020146561499413394,0.0037219443447522645,0.0017072881948109252,0.0031568559626237464,0.0031568559626237464,0.005226885824435673,0.0020700298618119258
852e646bfffffff,JPN,26,26,26,True,26,0.00025389460357027563,0.00025389460357027563,0.0030053485316558306,0.0027514539280855555,0.0003595398005531225,0.0003595398005531225,0.0035687363656869207,0.0032091965651337984,0.00010107648741732351,0.00010107648741732351,0.0005544295796014057,0.0004533530921840822,0.00022793497204691367,0.00022793497204691367,0.0007816326098284666,0.000553697637781553
852e646ffffffff,JPN,0,2,2,False,26,,,,,,,,,,,,,,,,
852e647bfffffff,JPN,1,5,3,False,26,,-7.853732033346689e-05,,,,-8.815656383969541e-05,,,,0.0,,,,0.0,,
852e6533fffffff,JPN,11,21,14,False,26,,6.606333959196542e-05,,,,8.4549839479019e-05,,,,0.0,,,,0.0,,
852e6537fffffff,JPN,0,7,3,False,26,,,,,,,,,,,,,,,,
852e653bfffffff,JPN,18,20,21,False,26,,7.594888945668146e-05,,,,9.784256761829654e-05,,,,2.293670327345275e-05,,,,3.982257620632362e-05,,
852e654bfffffff,JPN,26,26,26,True,26,0.00017987346015551373,0.00017987346015551373,0.000655500030749072,0.00047562657059355834,0.00022625788799553225,0.00022625788799553225,0.000780151828526358,0.0005538939405308258,8.705191653525578e-05,8.705191653525578e-05,0.00010972382670817287,2.2671910172917093e-05,0.00011885994422599098,0.00011885994422599098,0.0001447255340450837,2.5865589819092734e-05
852e655bfffffff,JPN,1,6,6,False,26,,2.7002797046705963e-06,,,,8.667507654191325e-06,,,,0.00028697616089031484,,,,0.0003503633267698603,,
852e6573fffffff,JPN,0,3,6,False,26,,,,,,,,,,,,,,,,
852e657bfffffff,JPN,3,7,11,False,26,,4.236280117015406e-05,,,,5.2955685674584226e-05,,,,0.0,,,,0.0,,
852e662bfffffff,JPN,10,16,17,False,26,,3.486395955214723e-05,,,,4.5276649384314725e-05,,,,8.754156781345349e-05,,,,0.00011160073482385187,,
852e662ffffffff,JPN,0,1,6,False,26,,,,,,,,,,,,,,,,
852e6673fffffff,JPN,8,12,17,False,26,,6.514250166633159e-06,,,,1.0913967352908045e-05,,,,4.465003304102445e-05,,,,5.595169354586025e-05,,
852e668bfffffff,JPN,0,2,2,False,26,,,,,,,,,,,,,,,,
852e6693fffffff,JPN,24,24,26,False,26,,0.0002285652353973773,,,,0.0002812578433823344,,,,0.000458831243035506,,,,0.0006478328290494534,,
852e6697fffffff,JPN,24,26,24,False,26,,1.0761571988877541e-05,,,,1.982246511045463e-05,,,,-2.864446376990934e-06,,,,-3.2186514931710514e-06,,
852e6803fffffff,JPN,0,3,5,False,26,,,,,,,,,,,,,,,,
852e682bfffffff,JPN,0,0,2,False,26,,,,,,,,,,,,,,,,
852e6833fffffff,JPN,12,19,15,False,26,,6.993948096825128e-06,,,,1.1368791772551428e-05,,,,2.487885242810136e-05,,,,2.9465461175719046e-05,,
852e6843fffffff,JPN,3,7,12,False,26,,3.696749951227625e-05,,,,4.8233701171941185e-05,,,,0.0,,,,0.0,,
852e6847fffffff,JPN,5,8,10,False,26,,-1.569725230535607e-05,,,,-1.691178880120047e-05,,,,-4.453982167414204e-07,,,,1.0323440187640522e-05,,
852e6867fffffff,JPN,25,26,25,False,26,,0.00016380862273141248,,,,0.0002037004764223444,,,,0.00012017234414720832,,,,0.00016731078792643877,,
852e686bfffffff,JPN,0,1,1,False,26,,,,,,,,,,,,,,,,
852e6887fffffff,JPN,0,4,2,False,26,,,,,,,,,,,,,,,,
852e6897fffffff,JPN,26,26,26,True,26,0.0005526458353203279,0.0005526458353203279,0.0037878141104524202,0.003235168275132092,0.0007269742489502597,0.0007269742489502597,0.004503938931666436,0.003776964682716176,-0.000319286480951069,-0.000319286480951069,0.0005379729509563925,0.0008572594319074615,-0.00036163628830455794,-0.00036163628830455794,0.0007025929251871425,0.0010642292134917005
852e689bfffffff,JPN,0,0,1,False,26,,,,,,,,,,,,,,,,
852e68b3fffffff,JPN,0,4,4,False,26,,,,,,,,,,,,,,,,
852e68b7fffffff,JPN,1,4,3,False,26,,9.646071284554902e-05,,,,0.00011835613215619697,,,,0.0,,,,0.0,,
852e68bbfffffff,JPN,10,14,14,False,26,,-8.089886341340172e-06,,,,-4.767629765452898e-06,,,,0.0,,,,0.0,,
852e68c7fffffff,JPN,22,23,25,False,26,,-1.1819927696288637e-05,,,,7.1888076053921255e-06,,,,0.00016109820163311592,,,,0.00024270255908186722,,
852e6917fffffff,JPN,4,7,8,False,26,,8.103231377843122e-05,,,,0.000100372344706729,,,,0.0,,,,0.0,,
852e691bfffffff,JPN,15,19,19,False,26,,6.137714554852692e-05,,,,7.662669049900385e-05,,,,3.826348811870864e-05,,,,4.671511023598138e-05,,
852e6947fffffff,JPN,0,0,1,False,26,,,,,,,,,,,,,,,,
852e694bfffffff,JPN,0,1,0,False,26,,,,,,,,,,,,,,,,
852e695bfffffff,JPN,1,4,7,False,26,,1.9184363053995e-05,,,,2.7768336784740323e-05,,,,0.0,,,,0.0,,
852e6987fffffff,JPN,22,22,24,False,26,,-2.736369392562189e-05,,,,-2.542692668408655e-05,,,,0.0001823270794025999,,,,0.0002620506073506478,,
852e6997fffffff,JPN,0,0,3,False,26,,,,,,,,,,,,,,,,
852e699bfffffff,JPN,13,17,18,False,26,,3.896462051875062e-05,,,,5.290932634423152e-05,,,,0.00012694308095485693,,,,0.00018587785696794348,,
852e69a3fffffff,JPN,26,26,26,True,26,0.00141166193077458,0.00141166193077458,0.007860978430180713,0.006449316499406134,0.001821742664854329,0.001821742664854329,0.009347954293978944,0.007526211629124615,0.0007918963441210127,0.0007918963441210127,0.0017055642313496553,0.0009136678872286425,0.001243095016524543,0.001243095016524543,0.0023569515409254485,0.0011138565244009056
852e69a7fffffff,JPN,4,7,11,False,26,,2.6572564499383607e-05,,,,2.9981772298298985e-05,,,,0.00017726473424471042,,,,0.00024011218041068786,,
852e69b7fffffff,JPN,0,0,1,False,26,,,,,,,,,,,,,,,,
852e69d3fffffff,JPN,1,1,3,False,26,,5.2821737023181175e-05,,,,6.840191711796847e-05,,,,0.0,,,,0.0,,
852e69d7fffffff,JPN,1,2,6,False,26,,6.535866086990453e-05,,,,8.313049387153931e-05,,,,0.0,,,,0.0,,
852e6b83fffffff,JPN,26,26,26,True,26,0.0001591633726936578,0.0001591633726936578,0.0011535999969798857,0.0009944366242862278,0.0002128059938470138,0.0002128059938470138,0.0013724728843496714,0.0011596668905026577,0.0011886766801304312,0.0011886766801304312,0.0016076895986099691,0.00041901291847953767,0.0017019031152796808,0.0017019031152796808,0.002226121399348515,0.0005242182840688343
852e6b9bfffffff,JPN,15,20,20,False,26,,6.21634592444235e-06,,,,1.1471818588189894e-05,,,,0.0,,,,0.0,,
852e6bb3fffffff,JPN,26,26,26,True,26,9.007362982807572e-05,9.007362982807572e-05,0.0006164674237218443,0.0005263937938937685,0.00012016998923573752,0.00012016998923573752,0.0007339051738400697,0.0006137351846043323,4.891343861881207e-05,4.891343861881207e-05,0.00013463331933872901,8.571988071991694e-05,6.901895588124594e-05,6.901895588124594e-05,0.00017136351937822031,0.00010234456349697438
852e6c17fffffff,JPN,1,2,4,False,26,,6.73131992793527e-05,,,,8.400025968889976e-05,,,,0.0,,,,0.0,,
852e6c23fffffff,JPN,14,16,20,False,26,,6.883116080399656e-05,,,,8.763916702747346e-05,,,,0.0002130003884203415,,,,0.00032702983992623485,,
852e6c27fffffff,JPN,26,26,26,True,26,0.0005729963049468584,0.0005729963049468584,0.0035551885776961387,0.002982192272749279,0.000748901675130752,0.000748901675130752,0.004227315619489916,0.003478413944359163,0.0006050071401311249,0.0006050071401311249,0.0008474808315075944,0.00024247369137646955,0.000882065202704029,0.000882065202704029,0.0011833152671112432,0.00030125006440721413
852e6c3bfffffff,JPN,1,3,1,False,26,,1.458345132200572e-05,,,,2.2286708414368436e-05,,,,-0.0003815192094921979,,,,-0.000463632654575127,,
852e6c43fffffff,JPN,26,26,26,True,26,0.0003604831528093086,0.0003604831528093086,0.0017018917039659002,0.0013414085511565914,0.00045954225470712866,0.00045954225470712866,0.0020249573603292456,0.0015654151056221166,0.0003626916875884475,0.0003626916875884475,0.0003992467843134585,3.655509672501097e-05,0.0004960558390653954,0.0004960558390653954,0.0005405470196221507,4.449118055675548e-05
852e6c4bfffffff,JPN,0,1,1,False,26,,,,,,,,,,,,,,,,
852e6c4ffffffff,JPN,26,26,26,True,26,0.0004380908060788723,0.0004380908060788723,0.0028197145828454833,0.002381623776766611,0.0005763561718718888,0.0005763561718718888,0.0033549434099078494,0.00277858723803596,0.0001287119569327867,0.0001287119569327867,0.0003860622693953704,0.0002573503124625837,0.00020749831265445625,0.00020749831265445625,0.0005333804611543893,0.00032588214849993305
852e6c5bfffffff,JPN,17,17,24,False,26,,2.6670738497578876e-05,,,,3.623475234689559e-05,,,,0.0,,,,0.0,,
852e6c63fffffff,JPN,0,5,4,False,26,,,,,,,,,,,,,,,,
852e6c7bfffffff,JPN,0,2,4,False,26,,,,,,,,,,,,,,,,
852e6c87fffffff,JPN,1,4,4,False,26,,0.00011387306870197878,,,,0.0001406835512790459,,,,0.00031032591761025966,,,,0.00037588302949073237,,
852e6cabfffffff,JPN,2,7,8,False,26,,2.1049690181150697e-05,,,,2.885527874011646e-05,,,,0.0,,,,0.0,,
852e6caffffffff,JPN,0,0,1,False,26,,,,,,,,,,,,,,,,
852e6cbbfffffff,JPN,26,26,26,True,26,0.0004285761300346173,0.0004285761300346173,0.0029431163305458684,0.0025145402005112513,0.0005666702283170275,0.0005666702283170275,0.003502879312712246,0.0029362090843952178,0.0009556600061819454,0.0009556600061819454,0.0011647912707809873,0.00020913126459904207,0.0013988733668868932,0.0013988733668868932,0.0016652376358996107,0.00026636426901271727
852e6cc7fffffff,JPN,2,4,7,False,26,,-4.231734281456704e-08,,,,3.4645813849291444e-06,,,,0.0,,,,0.0,,
852e6cd3fffffff,JPN,26,26,26,True,26,0.000616625355138882,0.000616625355138882,0.0022753326212687883,0.0016587072661299056,0.0007732822968486349,0.0007732822968486349,0.0027099489290486434,0.0019366666322000081,0.0006345621189192377,0.0006345621189192377,0.000773365391094682,0.0001388032721754444,0.0009278773131003858,0.0009278773131003858,0.0011051559526759202,0.00017727863957553436
852e6d03fffffff,JPN,17,19,22,False,26,,8.667577377927245e-05,,,,0.00011142067506697037,,,,-1.8435814468334893e-05,,,,-2.0905487399725933e-05,,
852e6d1bfffffff,JPN,0,2,1,False,26,,,,,,,,,,,,,,,,
852e6d27fffffff,JPN,24,25,25,False,26,,3.2305103507520836e-05,,,,4.748180664551809e-05,,,,2.442949379318069e-05,,,,3.02582913525364e-05,,
852e6d33fffffff,JPN,25,26,25,False,26,,0.00014782323849296864,,,,0.00019098614263113412,,,,-7.472388243285786e-05,,,,-9.721319388416916e-05,,
852e6d4bfffffff,JPN,26,26,26,True,26,0.0002398596173376855,0.0002398596173376855,0.002347424496677759,0.0021075648793400736,0.00030475018903149945,0.00030475018903149945,0.002545400613376938,0.0022406504243454384,0.00046675843978348746,0.00046675843978348746,0.0005467697373910788,8.001129760759118e-05,0.0006189751534930332,0.0006189751534930332,0.0007077344565190202,8.8759303025987e-05
852e6d53fffffff,JPN,26,26,26,True,26,6.187102254206554e-05,6.187102254206554e-05,0.00044553415355441753,0.000383663131012352,8.274901955356216e-05,8.274901955356216e-05,0.0005303597302928297,0.0004476107107392676,3.535921008752345e-05,3.535921008752345e-05,4.033848832321779e-05,4.979278235694335e-06,5.419042142609946e-05,5.419042142609946e-05,5.976557550663279e-05,5.575154080533324e-06
852e6d57fffffff,JPN,23,24,25,False,26,,7.475956503544623e-05,,,,9.546241791004391e-05,,,,-1.4548242649459348e-05,,,,-9.519736101120167e-06,,
852e6d5bfffffff,JPN,24,24,26,False,26,,4.9095629979347744e-05,,,,6.395019713208898e-05,,,,3.788880347327021e-05,,,,1.6787703406079284e-06,,
852e6d63fffffff,JPN,26,26,26,True,26,0.0003037215313801792,0.0003037215313801792,0.0020615695780518187,0.0017578480466716394,0.00040263657529472776,0.00040263657529472776,0.0024534739288993948,0.002050837353604667,0.0006272123792805455,0.0006272123792805455,0.0008952339974454935,0.00026802161816494806,0.0009277997495224221,0.0009277997495224221,0.0012640497676500869,0.0003362500181276647
852e6d67fffffff,JPN,3,8,8,False,26,,1.0598628568691789e-05,,,,1.540152918830332e-05,,,,0.0,,,,0.0,,
852e6d6ffffffff,JPN,0,0,1,False,26,,,,,,,,,,,,,,,,
852e6d7bfffffff,JPN,23,23,26,False,26,,6.755014194991554e-05,,,,8.561519612872365e-05,,,,2.7304904724053546e-05,,,,4.1897399382186335e-05,,
852e6daffffffff,JPN,23,24,25,False,26,,5.1401234743730305e-05,,,,6.970253732366328e-05,,,,-1.8968956224699498e-05,,,,-2.8605318795596046e-05,,
852e6dcffffffff,JPN,1,4,4,False,26,,-1.3932533497832555e-05,,,,-8.970694679652632e-06,,,,0.0,,,,0.0,,
852e6ddbfffffff,JPN,8,14,14,False,26,,3.4556232524793385e-05,,,,4.844113541464634e-05,,,,0.0,,,,0.0,,
852e6e0bfffffff,JPN,20,23,21,False,26,,5.232744364006036e-05,,,,6.903892190516297e-05,,,,0.0002480389158998752,,,,0.0003116289055334846,,
852e6e17fffffff,JPN,0,3,3,False,26,,,,,,,,,,,,,,,,
852e6e27fffffff,JPN,0,2,2,False,26,,,,,,,,,,,,,,,,
852e6e2ffffffff,JPN,26,26,26,True,26,0.00022829912782093968,0.00022829912782093968,0.0010725522028126456,0.0008442530749917058,0.0002901156476423388,0.0002901156476423388,0.0012755054545369922,0.0009853898068946535,0.0005500245078198928,0.0005500245078198928,0.0005981310727793793,4.81065649594865e-05,0.0008228441765754979,0.0008228441765754979,0.0008794499168360511,5.6605740260553164e-05
852e6e53fffffff,JPN,0,1,0,False,26,,,,,,,,,,,,,,,,
852e6e83fffffff,JPN,0,4,1,False,26,,,,,,,,,,,,,,,,
852e6e8bfffffff,JPN,1,3,3,False,26,,4.524151139030232e-05,,,,5.381528919032396e-05,,,,0.0,,,,0.0,,
852e6e97fffffff,JPN,22,26,22,False,26,,6.692664053502171e-05,,,,8.418913492993138e-05,,,,0.0010973639028422843,,,,0.0016506959752215986,,
852e6e9bfffffff,JPN,6,9,9,False,26,,6.727785073389879e-05,,,,8.900722730063046e-05,,,,-7.012494863347513e-05,,,,-8.635757563196474e-05,,
852e6eb3fffffff,JPN,0,2,0,False,26,,,,,,,,,,,,,,,,
852e6eb7fffffff,JPN,1,3,2,False,26,,0.00010897877990750522,,,,0.00013657461344745119,,,,0.0,,,,0.0,,
852e6ec7fffffff,JPN,0,9,3,False,26,,,,,,,,,,,,,,,,
852e6ecbfffffff,JPN,4,7,9,False,26,,-5.178709255630352e-06,,,,-4.759120687654186e-06,,,,0.0,,,,0.0,,
852e6ed3fffffff,JPN,1,7,5,False,26,,7.967532909454331e-06,,,,8.016343847221975e-06,,,,0.0,,,,0.0,,
852e6edbfffffff,JPN,2,4,12,False,26,,-4.7456573145391296e-05,,,,-5.6208397591388226e-05,,,,1.5939834828198078e-05,,,,0.00014299141241056032,,
852e701bfffffff,JPN,11,17,18,False,26,,4.089684747076252e-05,,,,5.434810332060474e-05,,,,4.912074041245867e-05,,,,6.167387775904576e-05,,
852e70abfffffff,JPN,26,26,26,True,26,6.972166337699749e-05,6.972166337699749e-05,0.0004891737151935609,0.0004194520518165635,9.278703682221184e-05,9.278703682221184e-05,0.000582342665788396,0.0004895556289661841,0.0002182023291980594,0.0002182023291980594,0.0002320177113522663,1.3815382154206874e-05,0.00032100001509713887,0.00032100001509713887,0.00033645359180583086,1.5453576708691997e-05
852e70c3fffffff,JPN,0,2,0,False,26,,,,,,,,,,,,,,,,
852e70cbfffffff,JPN,26,26,26,True,26,0.00026638476246454917,0.00026638476246454917,0.0021285107902535598,0.0018621260277890104,0.0003577377663668116,0.0003577377663668116,0.002532481737800492,0.0021747439714336803,0.0003043828431452397,0.0003043828431452397,0.00039099917246458894,8.661632931934931e-05,0.0004527320233657256,0.0004527320233657256,0.0005623018818598852,0.00010956985849415961
852e70cffffffff,JPN,0,2,0,False,26,,,,,,,,,,,,,,,,
852e70d3fffffff,JPN,0,0,1,False,26,,,,,,,,,,,,,,,,
852e70d7fffffff,JPN,0,0,1,False,26,,,,,,,,,,,,,,,,
852e7123fffffff,JPN,0,4,3,False,26,,,,,,,,,,,,,,,,
852e7137fffffff,JPN,24,25,25,False,26,,3.80977955407031e-06,,,,1.2889763961678234e-05,,,,-2.4039617289292755e-05,,,,-3.092834520981789e-05,,
852e7177fffffff,JPN,0,0,1,False,26,,,,,,,,,,,,,,,,
852e7187fffffff,JPN,26,26,26,True,26,0.0003808615921470917,0.0003808615921470917,0.003938418985322254,0.0035575573931751624,0.000531118477176868,0.000531118477176868,0.004684853900236108,0.00415373542305924,4.52153803418429e-06,4.52153803418429e-06,0.0006861897380055394,0.0006816681999713551,0.0001312195893723066,0.0001312195893723066,0.0009837294213277997,0.000852509831955493
852e718bfffffff,JPN,9,14,14,False,26,,2.6209338262407335e-05,,,,1.1766912900679247e-05,,,,0.00011653341071151806,,,,0.0,,
852e718ffffffff,JPN,1,4,3,False,26,,8.130223444092436e-05,,,,0.00010046550502889665,,,,0.0,,,,0.0,,
852e71a3fffffff,JPN,26,26,26,True,26,0.00010408618404687414,0.00010408618404687414,0.0009131277731967558,0.0008090415891498816,0.00014097140511451278,0.00014097140511451278,0.0010849624305219823,0.0009439910254074695,-1.3761212368154667e-05,-1.3761212368154667e-05,0.00015115164915007942,0.0001649128615182341,9.984479105798103e-06,9.984479105798103e-06,0.00022133179041704243,0.00021134731131124436
852e71a7fffffff,JPN,13,17,18,False,26,,3.056304663243405e-05,,,,3.969774414197735e-05,,,,3.2755456117269775e-05,,,,3.8344969753487857e-05,,
852e71abfffffff,JPN,4,10,7,False,26,,1.5822529290117105e-05,,,,2.213503711027446e-05,,,,0.0,,,,0.0,,
852e71b7fffffff,JPN,25,25,26,False,26,,7.701946866618122e-05,,,,9.692166178837166e-05,,,,3.206310018115652e-05,,,,4.5670442089879436e-05,,
852e71bbfffffff,JPN,23,25,24,False,26,,8.069408294010964e-05,,,,0.00010163997190949063,,,,5.671747815028652e-05,,,,7.432228349876023e-05,,
852e71dbfffffff,JPN,1,3,4,False,26,,7.082151475630001e-05,,,,8.808479526479322e-05,,,,0.0,,,,0.0,,
852e7293fffffff,JPN,26,26,26,True,26,0.0010670918563162152,0.0010670918563162152,0.0054195115425260355,0.00435241968620982,0.001374008875457915,0.001374008875457915,0.0064511348734623275,0.005077125998004413,0.0012322399069357613,0.0012322399069357613,0.001946229769668884,0.0007139898627331223,0.0018214876875290746,0.0018214876875290746,0.0027107315580339832,0.0008892438705049083
852e72a3fffffff,JPN,0,3,0,False,26,,,,,,,,,,,,,,,,
852e7423fffffff,JPN,0,1,0,False,26,,,,,,,,,,,,,,,,
852e7433fffffff,JPN,8,14,17,False,26,,-3.4722810085676877e-06,,,,-1.9121901385648436e-07,,,,5.345421112275225e-05,,,,6.723321858864027e-05,,
852e743bfffffff,JPN,2,8,6,False,26,,3.6461671973171675e-05,,,,4.791059919210403e-05,,,,0.0,,,,0.0,,
852e746ffffffff,JPN,4,9,13,False,26,,3.588697640047165e-05,,,,4.598868423828499e-05,,,,0.0,,,,0.0,,
852e7483fffffff,JPN,26,26,26,True,26,0.00023139069620595947,0.00023139069620595947,0.0028348029769715848,0.002603412280765625,0.00033164031058687075,0.00033164031058687075,0.0033731011714185698,0.0030414608608316986,0.00048261113055649604,0.00048261113055649604,0.0009857116652211505,0.0005031005346646546,0.0007960819189755002,0.0007960819189755002,0.0014184859331388628,0.0006224040141633628
852e7487fffffff,JPN,20,22,23,False,26,,5.445960923882664e-05,,,,7.031318463556748e-05,,,,1.1616124575835501e-05,,,,3.3321191493836814e-05,,
852e748bfffffff,JPN,26,26,26,True,26,0.00015681352296148014,0.00015681352296148014,0.0008680547819082851,0.000711241258946805,0.00020365063846168832,0.00020365063846168832,0.0010324299391148472,0.0008287793006531588,0.00018090802858883694,0.00018090802858883694,0.00024848463483887216,6.75766062500352e-05,0.0002672857244391082,0.0002672857244391082,0.0003543544731453989,8.706874870629073e-05
852e748ffffffff,JPN,26,26,26,True,26,0.00015983191275129458,0.00015983191275129458,0.0015082394131911716,0.0013484075004398773,0.00022020742687864706,0.00022020742687864706,0.001794214521648213,0.001574007094769566,0.0007090075554095238,0.0007090075554095238,0.0012422185077291448,0.0005332109523196207,0.0010857324341976486,0.0010857324341976486,0.001745691648069949,0.0006599592138723005
852e7493fffffff,JPN,26,26,26,True,26,1.936458545741216e-05,1.936458545741216e-05,0.0005315346724842484,0.0005121700870268362,3.456538315439617e-05,3.456538315439617e-05,0.0006331334550614708,0.0005985680719070745,-0.00019326983910932527,-0.00019326983910932527,2.0464858936284287e-05,0.00021373469804560958,-0.00023564623414899064,-0.00023564623414899064,2.4992157758762448e-05,0.0002606383919077531
852e7497fffffff,JPN,26,26,26,True,26,0.0001919843497590616,0.0001919843497590616,0.00198563469801167,0.0017936503482526085,0.00027054011259011664,0.00027054011259011664,0.002362408774539808,0.002091868661949691,-0.00012071539921990031,-0.00012071539921990031,0.0010513987892941843,0.001172114188514085,2.4620790198962075e-05,2.4620790198962075e-05,0.0014866773787579738,0.0014620565885590116
852e749bfffffff,JPN,26,26,26,True,26,8.853428205354521e-05,8.853428205354521e-05,0.000547803591271944,0.00045926930921839877,0.00011549549158237647,0.00011549549158237647,0.000651744475379261,0.0005362489837968845,-5.7537329889672316e-05,-5.7537329889672316e-05,3.340988300875636e-05,9.094721289842869e-05,-7.3278115882544e-05,-7.3278115882544e-05,4.040159176435314e-05,0.00011367970764689711
852e74a3fffffff,JPN,26,26,26,True,26,0.0005657073643507338,0.0005657073643507338,0.002705725205895569,0.002140017841544835,0.0007224898549014077,0.0007224898549014077,0.0032189131138847986,0.0024964232589833905,0.0004832755943295544,0.0004832755943295544,0.0007120115034824597,0.00022873590915290537,0.00074362376982435,0.00074362376982435,0.0010223631614654732,0.0002787393916411233
852e74a7fffffff,JPN,2,6,3,False,26,,-1.0579782256580145e-05,,,,-6.403504343553167e-06,,,,0.0,,,,0.0,,
852e74abfffffff,JPN,26,26,26,True,26,0.0004962876895860202,0.0004962876895860202,0.002499046094676183,0.0020027584050901627,0.0006384055654262809,0.0006384055654262809,0.002972911953792581,0.0023345063883663,0.0017499273910319918,0.0017499273910319918,0.002830393753866077,0.0010804663628340848,0.0027162502803452,0.0027162502803452,0.004028657912743809,0.0013124076323986092
852e74affffffff,JPN,5,7,8,False,26,,4.754625711748011e-05,,,,5.98494866089152e-05,,,,-3.987611888067151e-05,,,,-5.903104035355647e-05,,
852e74b3fffffff,JPN,11,16,16,False,26,,6.989468927809278e-05,,,,8.78493827518815e-05,,,,0.0,,,,0.0,,
852e74bbfffffff,JPN,26,26,26,True,26,0.0001387156664726527,0.0001387156664726527,0.0016721287489183576,0.0015334130824457047,0.00020144727026809507,0.00020144727026809507,0.0019895554289261516,0.0017881081586580564,-5.767611053412577e-06,-5.767611053412577e-06,0.00040513866938384445,0.000410906280437257,5.8986143975226795e-05,5.8986143975226795e-05,0.0005724395430511442,0.0005134533990759175
852e74c3fffffff,JPN,26,26,26,True,26,0.00026263565077666915,0.00026263565077666915,0.001376726269391232,0.0011140906186145627,0.0003387220886708249,0.0003387220886708249,0.0016385917853981918,0.0012998696967273667,0.00038769905018799783,0.00038769905018799783,0.0008843259628059282,0.0004966269126179305,0.0006470411687562705,0.0006470411687562705,0.0012753775910149792,0.000628336422258709
852e74cbfffffff,JPN,10,17,16,False,26,,6.357842017103435e-05,,,,8.005968442917478e-05,,,,0.0,,,,0.0,,
852e74d3fffffff,JPN,25,25,26,False,26,,6.109162857604766e-05,,,,8.086224084356949e-05,,,,5.3237301383132554e-05,,,,9.160126017991092e-05,,
852e74d7fffffff,JPN,26,26,26,True,26,0.0002543929564616231,0.0002543929564616231,0.0015876245536677394,0.0013332315972061162,0.0003331378626497088,0.0003331378626497088,0.0018875890880898846,0.0015544512254401762,-4.186814091861976e-05,-4.186814091861976e-05,0.00013440088574791207,0.00017626902666653183,-3.178894127897434e-05,-3.178894127897434e-05,0.00018437261421679212,0.00021616155549576655
852e74dbfffffff,JPN,26,26,26,True,26,0.0012339465546131283,0.0012339465546131283,0.006482435249575156,0.005248488694962027,0.0015689251554919079,0.0015689251554919079,0.007568003437521718,0.005999078282029809,0.00046347396206107165,0.00046347396206107165,0.001137257895356985,0.0006737839332959133,0.0006729042489315347,0.0006729042489315347,0.0015118424080859546,0.0008389381591544199
852e7507fffffff,JPN,26,26,26,True,26,0.000318645374097092,0.000318645374097092,0.0020073430708584363,0.0016886976967613444,0.0004158675791593649,0.0004158675791593649,0.002388387867065008,0.001972520287905643,0.000345121597107081,0.000345121597107081,0.00046479375921513674,0.00011967216210805582,0.0005132603678702007,0.0005132603678702007,0.0006551821656199641,0.00014192179774976337
852e751bfffffff,JPN,26,26,26,True,26,0.00012546954394662525,0.00012546954394662525,0.0009076957033994178,0.0007822261594527925,0.00016939002843676298,0.00016939002843676298,0.0010803231609470365,0.0009109331325102733,-0.00010688989314641444,-0.00010688989314641444,0.0004665117566000637,0.0005734016497464782,-7.781573042859312e-05,-7.781573042859312e-05,0.0006241556969036049,0.0007019714273321979
852e753bfffffff,JPN,21,23,24,False,26,,4.490256347347267e-05,,,,5.950220670645106e-05,,,,-3.290754137128503e-05,,,,-3.820857077358458e-05,,
852e7543fffffff,JPN,4,9,13,False,26,,-4.2705018242376595e-06,,,,2.320886565065747e-06,,,,0.0,,,,0.0,,
852e7547fffffff,JPN,26,26,26,True,26,0.0005699378417159507,0.0005699378417159507,0.0033399477307285157,0.002770009889012565,0.0007014665458033473,0.0007014665458033473,0.00384399213979414,0.003142525593990792,0.0006438763564206838,0.0006438763564206838,0.0007766004887284593,0.00013272413230777555,0.0009039015002213619,0.0009039015002213619,0.001058290494939843,0.00015438899471848126
852e754bfffffff,JPN,0,2,3,False,26,,,,,,,,,,,,,,,,
852e756bfffffff,JPN,0,1,0,False,26,,,,,,,,,,,,,,,,
852e7573fffffff,JPN,10,12,16,False,26,,1.4388556555463452e-05,,,,2.098354023850094e-05,,,,0.0,,,,0.0,,
852e758ffffffff,JPN,25,26,25,False,26,,4.841870739225307e-05,,,,6.373251928026829e-05,,,,0.00024472076253736146,,,,0.000343429628662445,,
852e7593fffffff,JPN,16,19,23,False,26,,2.429984707953734e-05,,,,3.330120675272232e-05,,,,2.661380809528169e-05,,,,3.1155287924708885e-05,,
852e75abfffffff,JPN,0,4,5,False,26,,,,,,,,,,,,,,,,
852e75b3fffffff,JPN,26,26,26,True,26,6.789430380122033e-05,6.789430380122033e-05,0.0006140045679446279,0.0005461102641434075,9.258748174905178e-05,9.258748174905178e-05,0.000730313019662282,0.0006377255379132302,2.9534915763478617e-05,2.9534915763478617e-05,0.00010913918660155712,7.96042708380785e-05,4.626366901639438e-05,4.626366901639438e-05,0.00014513024313210615,9.886657411571177e-05
852e75bbfffffff,JPN,7,12,20,False,26,,3.1313129498657806e-05,,,,4.330315287163728e-05,,,,-0.00019110551846270537,,,,-0.00024901190893349454,,
852e75c3fffffff,JPN,0,0,1,False,26,,,,,,,,,,,,,,,,
852e75cffffffff,JPN,1,2,4,False,26,,6.048026405423791e-05,,,,7.364107186257532e-05,,,,0.0011399129106536262,,,,0.001710717646052519,,
852e75d7fffffff,JPN,25,25,26,False,26,,0.0001016339113205451,,,,0.0001326338043961375,,,,4.7432468929938e-05,,,,7.560988731745435e-05,,
852e75dbfffffff,JPN,0,1,3,False,26,,,,,,,,,,,,,,,,
852e7623fffffff,JPN,0,3,0,False,26,,,,,,,,,,,,,,,,
852e7627fffffff,JPN,26,26,26,True,26,2.648555250170653e-05,2.648555250170653e-05,0.00042330650016241444,0.0003968209476607078,3.923524265458145e-05,3.923524265458145e-05,0.000502349430865252,0.0004631141882106706,0.0002647677495197417,0.0002647677495197417,0.000270055958215725,5.2882086959832624e-06,0.00038998549790576206,0.00038998549790576206,0.0003959276237393086,5.942125833546556e-06
852e763bfffffff,JPN,25,25,26,False,26,,7.822246016760615e-05,,,,0.00010114610367142759,,,,7.06126591406054e-05,,,,0.00011170556127399365,,
852e765bfffffff,JPN,0,1,1,False,26,,,,,,,,,,,,,,,,
852e7663fffffff,JPN,22,22,26,False,26,,0.00011550768093740757,,,,0.00014366849428811202,,,,5.5097173533004695e-05,,,,6.86799295592856e-05,,
852e768bfffffff,JPN,1,3,4,False,26,,2.6030702262570436e-05,,,,3.557225524214436e-05,,,,0.0,,,,0.0,,
852e76c3fffffff,JPN,1,3,3,False,26,,1.084559787579997e-05,,,,1.602697839032206e-05,,,,0.0,,,,0.0,,
852e76c7fffffff,JPN,0,1,0,False,26,,,,,,,,,,,,,,,,
852e76d7fffffff,JPN,26,26,26,True,26,9.825182645281584e-05,9.825182645281584e-05,0.0005530427058040752,0.0004547908793512594,0.00012820267811400348,0.00012820267811400348,0.0006585897728017902,0.0005303870946877868,8.472677567126488e-05,8.472677567126488e-05,0.00013476611029977753,5.003933462851265e-05,0.00011112586605572571,0.00011112586605572571,0.00017653985705653232,6.541399100080662e-05
852ea93bfffffff,JPN,0,2,4,False,26,,,,,,,,,,,,,,,,
852ea9b7fffffff,JPN,0,5,3,False,26,,,,,,,,,,,,,,,,
852ead0bfffffff,JPN,25,25,26,False,26,,3.7700927947280385e-05,,,,5.6567778694211755e-05,,,,0.0,,,,0.0,,
852ead47fffffff,JPN,24,24,26,False,26,,5.35455916312243e-05,,,,7.071708342164993e-05,,,,3.2723638338497524e-05,,,,6.21535066584799e-05,,
852ee6c3fffffff,JPN,1,4,3,False,26,,1.0500504885578926e-05,,,,9.980902428201105e-06,,,,0.0,,,,0.0,,
852ef493fffffff,JPN,2,5,5,False,26,,-2.6378901906738215e-06,,,,-2.849777189140043e-06,,,,0.0,,,,0.0,,
852f580bfffffff,JPN,0,2,2,False,26,,,,,,,,,,,,,,,,
852f5837fffffff,JPN,15,18,20,False,26,,6.80638914465453e-05,,,,8.339378831407033e-05,,,,0.0,,,,0.0,,
852f5843fffffff,JPN,0,1,0,False,26,,,,,,,,,,,,,,,,
852f5857fffffff,JPN,0,1,2,False,26,,,,,,,,,,,,,,,,
852f5863fffffff,JPN,2,6,3,False,26,,1.696822357447136e-05,,,,2.2022286495534395e-05,,,,0.0,,,,0.0,,
852f586bfffffff,JPN,26,26,26,True,26,0.0004001860213091217,0.0004001860213091217,0.0019377527201386577,0.0015375666988295357,0.0005141784401996258,0.0005141784401996258,0.002306999241665233,0.001792820801465607,0.0007174671977207727,0.0007174671977207727,0.001006227712002091,0.00028876051428131815,0.0010636436010334675,0.0010636436010334675,0.001414878846992718,0.00035123524595925067
852f586ffffffff,JPN,26,26,26,True,26,0.0006749296913025529,0.0006749296913025529,0.004749786879626501,0.004074857188323947,0.0008946054826061318,0.0008946054826061318,0.005653946130310789,0.004759340647704658,0.0011055455774056856,0.0011055455774056856,0.0013105918467106283,0.00020504626930494265,0.0015983944224244088,0.0015983944224244088,0.0018525640131902602,0.0002541695907658515
852f5923fffffff,JPN,0,1,3,False,26,,,,,,,,,,,,,,,,
852f592bfffffff,JPN,0,4,2,False,26,,,,,,,,,,,,,,,,
852f592ffffffff,JPN,3,13,9,False,26,,-2.6369009303607297e-05,,,,-2.8236055925853824e-05,,,,0.0006097135342275007,,,,0.0008907715397720601,,
852f594bfffffff,JPN,1,1,2,False,26,,2.4633183683885504e-05,,,,3.232270311570546e-05,,,,0.0,,,,0.0,,
852f5957fffffff,JPN,9,11,16,False,26,,4.879362137713565e-05,,,,6.277610657765916e-05,,,,0.0002538609070704071,,,,0.00037945839902706866,,
852f595bfffffff,JPN,0,2,3,False,26,,,,,,,,,,,,,,,,
852f5967fffffff,JPN,26,26,26,True,26,0.0002538535011954982,0.0002538535011954982,0.0021892553883575026,0.0019354018871620045,0.0003447768686176152,0.0003447768686176152,0.002604291878346529,0.0022595150097289144,0.0008916630598680789,0.0008916630598680789,0.0013584589500654637,0.0004667958901973847,0.0013278953908725276,0.0013278953908725276,0.0019107595728177923,0.0005828641819452648
852f596ffffffff,JPN,26,26,26,True,26,0.0013310633200589621,0.0013310633200589621,0.0067397840647290975,0.005408720744670137,0.0017089161326157521,0.0017089161326157521,0.008019890828631982,0.0063109746960162295,0.0012845154648495,0.0012845154648495,0.002123522761069712,0.0008390072962202118,0.0019253362343739382,0.0019253362343739382,0.002961875085511702,0.0010365388511377636
852f5a03fffffff,JPN,26,26,26,True,26,0.0022553836126951434,0.0022553836126951434,0.015977433334024252,0.01372204972132911,0.00014696302583772558,0.00014696302583772558,0.0011327128479510019,0.0009857498221132763,0.00020895719112200593,0.00020895719112200593,0.0015885056291952944,0.0013795484380732883,-6.349433275466082e-05,-6.349433275466082e-05,0.00019978364455919753,0.0002632779773138584
852f5a07fffffff,JPN,26,26,26,True,26,0.002135511778460569,0.002135511778460569,0.01348044835772781,0.011344936579267242,0.0028037937325698795,0.0028037937325698795,0.016039409912285883,0.013235616179716,0.002172124491127978,0.002172124491127978,0.00339371254304448,0.0012215880519165024,0.003128410319774314,0.003128410319774314,0.004628538754992737,0.0015001284352184232
852f5a0bfffffff,JPN,26,26,26,True,26,0.00033023623246778306,0.00033023623246778306,0.0012826410182175169,0.0009524047857497335,0.00041544347514233,0.00041544347514233,0.0015273466077584256,0.0011119031326160959,7.241830090464653e-05,7.241830090464653e-05,0.0001381074643809799,6.568916347633336e-05,0.00010430302279455058,0.00010430302279455058,0.00018880025282097204,8.449723002642147e-05
852f5a0ffffffff,JPN,26,26,26,True,26,0.0006868855097015301,0.0006868855097015301,0.0027978005272057123,0.0021109150175041814,0.0008677061216354153,0.0008677061216354153,0.0033311744979043355,0.00246346837626892,0.00048087146085586834,0.00048087146085586834,0.000649439584555468,0.0001685681236995998,0.0006847569948023388,0.0006847569948023388,0.000892721814049927,0.00020796481924758816
852f5a13fffffff,JPN,26,26,26,True,26,-0.00011255685882017909,-0.00011255685882017909,0.0019937628095757194,0.0021063196683958987,0.00033328844568919367,0.00033328844568919367,0.0019456173959428423,0.0016123289502536489,-0.0008957177996974971,-0.0008957177996974971,0.0013908057252676206,0.002286523524965118,0.00038113341386189514,0.00038113341386189514,0.0008182129195252793,0.0004370795056633841
852f5a17fffffff,JPN,26,26,26,True,26,0.0012714605305089058,0.0012714605305089058,0.006759431583569022,0.005487971053060116,0.0016387718154001576,0.0016387718154001576,0.008040127379217537,0.006401355563817379,0.0009361194402888395,0.0009361194402888395,0.001481061554698907,0.0005449421144100675,0.001376328630633543,0.001376328630633543,0.002046676287443957,0.000670347656810414
852f5a23fffffff,JPN,26,26,26,True,26,0.005843271699238164,0.005843271699238164,0.03673801017482737,0.03089473847558921,0.007656790795087567,0.007656790795087567,0.0437086077099866,0.03605181691489903,0.004648756938919452,0.004648756938919452,0.009124788395468802,0.0044760314565493505,0.007026046668409993,0.007026046668409993,0.012567080617929756,0.005541033949519764
852f5a27fffffff,JPN,26,26,26,True,26,0.001349319853760647,0.001349319853760647,0.010852530748140828,0.009503210894380179,0.0018197263966445855,0.0018197263966445855,0.012912553320750171,0.011092826924105586,0.0014639459795963777,0.0014639459795963777,0.0029432768937148707,0.0014793309141184932,0.0022479479408454113,0.0022479479408454113,0.004074534434237559,0.0018265864933921482
852f5a2bfffffff,JPN,26,26,26,True,26,0.0005145086639841268,0.0005145086639841268,0.0031022616903767166,0.0025877530263925894,0.0006709960477743818,0.0006709960477743818,0.0036918799667433884,0.0030208839189690066,0.0003533116557595739,0.0003533116557595739,0.0005615000149476065,0.00020818835918803253,0.0005213188185945948,0.0005213188185945948,0.0007783811947237771,0.0002570623761291822
852f5a2ffffffff,JPN,26,26,26,True,26,0.0003039631053133297,0.0003039631053133297,0.002496856633752224,0.0021928935284388942,0.00041270928190291836,0.00041270928190291836,0.002970897572839277,0.0025581882909363595,0.00015668573580859805,0.00015668573580859805,0.0003922394920947825,0.00023555375628618458,0.0002661155269908778,0.0002661155269908778,0.0005597855217934979,0.00029366999480262015
852f5a33fffffff,JPN,26,26,26,True,26,0.003919023898354321,0.003919023898354321,0.02278200800679013,0.018862984108435808,0.005090174403109724,0.005090174403109724,0.027102446309184677,0.022012271906074958,0.003169988617789355,0.003169988617789355,0.006587046455603165,0.0034170578378138095,0.00495751382047028,0.00495751382047028,0.00920107308077128,0.004243559260301002
852f5a37fffffff,JPN,26,26,26,True,26,0.07047417489751219,0.07047417489751219,0.39417226657021676,0.32369809167270464,0.06149727722930594,0.06149727722930594,0.35540998159232046,0.2939127043630144,0.14875037936526608,0.14875037936526608,0.2579336370247028,0.10918325765943669,0.10353394882039792,0.10353394882039792,0.18089965474797134,0.0773657059275734
852f5a3bfffffff,JPN,26,26,26,True,26,0.0008579406520593442,0.0008579406520593442,0.006000211687449738,0.005142271035390394,0.0011425069866120138,0.0011425069866120138,0.007140576393553449,0.0059980694069414345,0.000270458982903145,0.000270458982903145,0.0010993796859473106,0.0008289207030441656,0.0004629816688293261,0.0004629816688293261,0.001497763430702064,0.001034781761872738
852f5a43fffffff,JPN,0,6,3,False,26,,,,,,,,,,,,,,,,
852f5a47fffffff,JPN,18,20,24,False,26,,0.00010677256325865804,,,,0.00013117854676115916,,,,3.5596329718071384e-05,,,,5.9178428588685356e-05,,
852f5a4bfffffff,JPN,26,26,26,True,26,0.0005531153852390429,0.0005531153852390429,0.0032464120405986184,0.0026932966553595747,0.0007173507461319245,0.0007173507461319245,0.0038620915145153446,0.0031447407683834203,0.0005767073822842464,0.0005767073822842464,0.0013562015326352961,0.0007794941503510497,0.0009261871763437828,0.0009261871763437828,0.001892966972434454,0.0009667797960906711
852f5a53fffffff,JPN,0,1,0,False,26,,,,,,,,,,,,,,,,
852f5a57fffffff,JPN,1,6,11,False,26,,-9.002262972840613e-06,,,,-6.337383896748026e-06,,,,0.0,,,,0.0,,
852f5a5bfffffff,JPN,1,1,3,False,26,,1.3259451474938058e-05,,,,1.959431743133877e-05,,,,0.0,,,,0.0,,
852f5a63fffffff,JPN,1,5,7,False,26,,-0.00010330242485704437,,,,-0.00012556336881576548,,,,0.0,,,,0.0,,
852f5a67fffffff,JPN,26,26,26,True,26,0.00015280825547533004,0.00015280825547533004,0.0007517294591740637,0.0005989212036987336,0.0001961411206951949,0.0001961411206951949,0.0008942833989318415,0.0006981422782366465,0.00011733384232927386,0.00011733384232927386,0.00024351144846238056,0.00012617760613310673,0.00016477394159668694,0.00016477394159668694,0.0003233393756643572,0.0001585654340676703
852f5a6bfffffff,JPN,23,25,24,False,26,,3.621341206867264e-05,,,,5.0488174904306616e-05,,,,8.420399359682267e-06,,,,1.3223439696884409e-05,,
852f5a6ffffffff,JPN,25,25,26,False,26,,0.00012610730470295504,,,,0.00016491335260660462,,,,2.487004049424297e-05,,,,4.838428604858133e-05,,
852f5a73fffffff,JPN,26,26,26,True,26,9.633545108574114e-05,9.633545108574114e-05,0.0010538855436679512,0.0009575500925822101,0.00013545096391814155,0.00013545096391814155,0.0012527578127348206,0.001117306848816679,0.00012939457582604596,0.00012939457582604596,0.0003093780416559845,0.00017998346582993855,0.0001992374689929905,0.0001992374689929905,0.00042080885865269615,0.00022157138965970565
852f5a77fffffff,JPN,10,16,18,False,26,,8.72099950202196e-05,,,,0.00010708675483100393,,,,0.0,,,,0.0,,
852f5a7bfffffff,JPN,11,12,14,False,26,,-2.819676076600111e-05,,,,-2.643753045647883e-05,,,,0.0,,,,0.0,,
852f5a83fffffff,JPN,26,26,26,True,26,0.00010910721222604495,0.00010910721222604495,0.0006876372502684108,0.0005785300380423656,0.00014371932332340147,0.00014371932332340147,0.0008186904414894253,0.0006749711181660239,-7.230385336486438e-05,-7.230385336486438e-05,3.383375537736122e-05,0.0001061376087422256,-8.444440646710683e-05,-8.444440646710683e-05,4.148647928914039e-05,0.0001259308857562472
852f5a8bfffffff,JPN,26,26,26,True,26,0.00013075108534429012,0.00013075108534429012,0.0008216569839718066,0.0006909058986275166,0.00017023010418070364,0.00017023010418070364,0.0009778259163530172,0.0008075958121723134,0.0008156126792401902,0.0008156126792401902,0.0008524265337921574,3.6813854551967276e-05,0.0011828494685021855,0.0011828494685021855,0.001228861749638856,4.601228113667059e-05
852f5a93fffffff,JPN,13,18,18,False,26,,3.310406516341538e-05,,,,4.5268346425127274e-05,,,,-2.977271651717666e-06,,,,-4.765485962645575e-06,,
852f5aa7fffffff,JPN,26,26,26,True,26,0.020011659262990512,0.020011659262990512,0.12519757118107475,0.10518591191808424,0.02560258205758661,0.02560258205758661,0.14738035353192305,0.12177777147433644,0.021822232033179366,0.021822232033179366,0.03829435752110665,0.016472125487927293,0.031514271956083265,0.031514271956083265,0.05113993123754522,0.01962565928146194
852f5aabfffffff,JPN,26,26,26,True,26,0.0009651248626908701,0.0009651248626908701,0.007698536376567178,0.0067334115138763095,0.0013063282034056311,0.0013063282034056311,0.0091599721784123,0.007853643975006668,0.0010675282699867813,0.0010675282699867813,0.002429698596760482,0.0013621703267737008,0.001684646154835144,0.001684646154835144,0.003388222714858313,0.0017035765600231694
852f5aaffffffff,JPN,26,26,26,True,26,0.009434276054229692,0.009434276054229692,0.05786323652928612,0.04842896047505642,0.002555480457341664,0.002555480457341664,0.014190240504324322,0.011634760046982655,0.07328823789003983,0.07328823789003983,0.1369187038780252,0.06363046598798539,0.0017559374289957339,0.0017559374289957339,0.004250892926556423,0.0024949554975606894
852f5ab3fffffff,JPN,26,26,26,True,26,0.00023030013510979777,0.00023030013510979777,0.0009269784864396926,0.0006966783513298948,0.0002895452803726209,0.0002895452803726209,0.0011027651338597895,0.0008132198534871688,0.00011666510858735479,0.00011666510858735479,0.0002079637100182478,9.129860143089298e-05,0.00019745915354678041,0.00019745915354678041,0.00031139497704019955,0.00011393582349341914
852f5ab7fffffff,JPN,11,16,16,False,26,,3.768509389061596e-05,,,,4.9599345722710263e-05,,,,-3.491320228779232e-05,,,,-4.1387405150414244e-05,,
852f5abbfffffff,JPN,26,26,26,True,26,0.0034581573036789603,0.0034581573036789603,0.01969511653705526,0.016236959233376293,0.0044833903027407425,0.0044833903027407425,0.023435285858561507,0.01895189555582076,0.003253745203459699,0.003253745203459699,0.0059218101801109795,0.0026680649766512793,0.004951240202420334,0.004951240202420334,0.008232117831527669,0.003280877629107335
852f5ac7fffffff,JPN,4,11,9,False,26,,3.659705233998001e-05,,,,4.6708937728291434e-05,,,,0.0,,,,0.0,,
852f5acbfffffff,JPN,26,26,26,True,26,0.0002049489404105288,0.0002049489404105288,0.0013716027861906594,0.0011666538457801307,0.0002679981095321573,0.0002679981095321573,0.0016330147345665139,0.0013650166250343569,0.00020817555816719316,0.00020817555816719316,0.00025079222128247125,4.2616663115278074e-05,0.00029943081578772594,0.00029943081578772594,0.00035422830891201044,5.4797493124284554e-05
852f5acffffffff,JPN,6,11,10,False,26,,9.399229638280712e-05,,,,0.00011905979842533755,,,,-3.303325920669967e-05,,,,-3.7728559614142476e-05,,
852f5ad3fffffff,JPN,12,16,20,False,26,,2.8580263347612872e-05,,,,3.8459283480066846e-05,,,,-1.4943725417560435e-05,,,,-2.4768086485008995e-05,,
852f5ad7fffffff,JPN,0,3,1,False,26,,,,,,,,,,,,,,,,
852f5b03fffffff,JPN,20,23,21,False,26,,4.332866328690597e-05,,,,5.660637327050324e-05,,,,4.7824555030524194e-05,,,,5.9930550356684966e-05,,
852f5b1bfffffff,JPN,0,1,1,False,26,,,,,,,,,,,,,,,,
852f5b23fffffff,JPN,7,10,16,False,26,,1.7804523950278615e-05,,,,2.3845324518980447e-05,,,,0.0,,,,0.0,,
852f5b2bfffffff,JPN,26,26,26,True,26,0.0003542087954582221,0.0003542087954582221,0.0018834819184665476,0.0015292731230083254,0.00045666760843188296,0.00045666760843188296,0.0022408824750337884,0.0017842148666019056,0.0002805018516494822,0.0002805018516494822,0.0005091896510069052,0.00022868779935742296,0.00043239062514266436,0.00043239062514266436,0.0007187103497288256,0.0002863197245861611
852f5b2ffffffff,JPN,6,8,9,False,26,,-3.2747396216811257e-06,,,,-2.8692836590390545e-06,,,,0.0,,,,0.0,,
852f5b33fffffff,JPN,0,9,5,False,26,,,,,,,,,,,,,,,,
852f5b3bfffffff,JPN,15,19,21,False,26,,2.423620391041355e-05,,,,3.376173045704727e-05,,,,-1.633188648072396e-05,,,,-1.9520738520304003e-05,,
852f5b4ffffffff,JPN,24,25,25,False,26,,8.06060210163963e-05,,,,0.00010567755042826774,,,,0.00012028393421649361,,,,0.00016977222591685703,,
852f5b53fffffff,JPN,26,26,26,True,26,0.000429021405437504,0.000429021405437504,0.003246986459744423,0.0028179650543069183,0.000472997562785941,0.000472997562785941,0.0034107556687218853,0.0029377581059359436,0.0002786929414972554,0.0002786929414972554,0.00043396486374991464,0.0001552719222526592,0.0003292691202215724,0.0003292691202215724,0.0005205271529299152,0.00019125803270834268
852f5b57fffffff,JPN,26,26,26,True,26,0.00016365098743365046,0.00016365098743365046,0.0009963595286612765,0.000832708541227626,0.0002128420515739007,0.0002128420515739007,0.0011863670800680898,0.0009735250284941891,2.9033551006930612e-05,2.9033551006930612e-05,6.81023113108132e-05,3.9068760303882575e-05,4.1016881216354934e-05,4.1016881216354934e-05,9.104674094884404e-05,5.002985973248912e-05
852f5b5bfffffff,JPN,26,26,26,True,26,0.0005253168204356162,0.0005253168204356162,0.00260666596204587,0.002081349141610253,0.0006734711167167323,0.0006734711167167323,0.0031020440556846,0.002428572938967868,0.0006727206807567155,0.0006727206807567155,0.0009534737430695101,0.0002807530623127947,0.0010186254005870707,0.0010186254005870707,0.0013585236338099895,0.00033989823322291894
852f5b77fffffff,JPN,1,1,2,False,26,,7.967532909454331e-06,,,,8.016343847221975e-06,,,,0.0,,,,0.0,,
852f5b83fffffff,JPN,26,26,26,True,26,0.00020373321005419607,0.00020373321005419607,0.000721872347855816,0.0005181391378016199,0.0002547644759769298,0.0002547644759769298,0.0008597678989626998,0.0006050034229857701,0.0002713549296850661,0.0002713549296850661,0.0002766431383810494,5.2882086959832624e-06,0.0004028218827434313,0.0004028218827434313,0.0004087640085769778,5.942125833546556e-06
852f5b87fffffff,JPN,25,25,26,False,26,,9.642417695744015e-05,,,,0.0001258996352141274,,,,1.30214879388527e-05,,,,1.639042275753509e-05,,
852f5b8bfffffff,JPN,26,26,26,True,26,0.00018381406655419287,0.00018381406655419287,0.001429992272170777,0.0012461782056165838,0.0002469234542589491,0.0002469234542589491,0.00170082786403782,0.0014539044097788708,4.79602646505581e-06,4.79602646505581e-06,0.00014917967415816898,0.00014438364769311316,2.6578706816799353e-05,2.6578706816799353e-05,0.0002084035344541467,0.00018182482763734738
852f5b8ffffffff,JPN,17,22,20,False,26,,5.011382454423582e-06,,,,1.3323231099528654e-05,,,,-3.282526389870912e-05,,,,-4.200180607766134e-05,,
852f5ba3fffffff,JPN,26,26,26,True,26,0.00041659978512859156,0.00041659978512859156,0.0024630093945429846,0.0020464096094143925,0.0005431781126167905,0.0005431781126167905,0.0029330799128830893,0.0023899018002662984,7.223715116562716e-06,7.223715116562716e-06,0.0003647510277713694,0.00035752731265480673,3.3936037422150185e-05,3.3936037422150185e-05,0.0004756943181935796,0.0004417582807714295
852f5ba7fffffff,JPN,24,24,26,False,26,,8.026284697773748e-05,,,,0.00010231930717156132,,,,0.00012927795517057243,,,,0.00018502433219250744,,
852f5babfffffff,JPN,3,11,8,False,26,,0.00030775623694122436,,,,0.00036324127182706345,,,,-0.00033313770325589656,,,,-0.0004296802642588433,,
852f5bb3fffffff,JPN,26,26,26,True,26,0.00045754966005200987,0.00045754966005200987,0.002547167996355192,0.002089618336303182,0.0005914825548823629,0.0005914825548823629,0.0030296926159012385,0.002438210061018876,1.0033457778821181e-05,1.0033457778821181e-05,0.00030536460054435456,0.00029533114276553336,4.8074845125149544e-05,4.8074845125149544e-05,0.0004194227446817613,0.0003713478995566117
852f5bbbfffffff,JPN,19,20,24,False,26,,2.2060334618150004e-05,,,,3.094910003746225e-05,,,,4.64578864961764e-05,,,,5.645310341268636e-05,,
852f5bc3fffffff,JPN,26,26,26,True,26,0.0013302058599146717,0.0013302058599146717,0.008695981081447781,0.00736577522153311,0.0017499026825187132,0.0017499026825187132,0.010346925581711724,0.00859702289919301,0.0023640167713463818,0.0023640167713463818,0.0033143196331761843,0.0009503028618298026,0.003471168696937839,0.003471168696937839,0.004653553056721811,0.0011823843597839716
852f5bc7fffffff,JPN,24,24,26,False,26,,9.359250598839129e-05,,,,0.00010718784427783393,,,,-6.224867208054774e-06,,,,-0.0001318469939546316,,
852f5bcbfffffff,JPN,26,26,26,True,26,0.002392098749920666,0.002392098749920666,0.015839088610217242,0.013446989860296573,0.003156507266160066,0.003156507266160066,0.01884499636431524,0.015688489098155175,0.0014399601548181196,0.0014399601548181196,0.002623645649189716,0.0011836854943715965,0.002152283743107995,0.002152283743107995,0.0036191764288234676,0.0014668926857154727
852f5bcffffffff,JPN,26,26,26,True,26,0.0011926993229524308,0.0011926993229524308,0.006936293292072562,0.005743593969120132,0.0015530572043669854,0.0015530572043669854,0.008252554202348035,0.006699496997981049,0.0012808099978906023,0.0012808099978906023,0.002055148806321842,0.0007743388084312397,0.001952231185888892,0.001952231185888892,0.002927752526916977,0.000975521341028085
852f5bd7fffffff,JPN,26,26,26,True,26,0.001185962127777039,0.001185962127777039,0.0082074010039625,0.0070214388761854615,0.0015779248196745265,0.0015779248196745265,0.009769302039529849,0.008191377219855321,0.0013049761881825947,0.0013049761881825947,0.002328559546647115,0.0010235833584645204,0.002041279682293034,0.002041279682293034,0.0033189828059801514,0.0012777031236871168
852f5bdbfffffff,JPN,26,26,26,True,26,3.885495759835158e-05,3.885495759835158e-05,0.0006591096314863803,0.0006202546738880286,6.035448840508828e-05,6.035448840508828e-05,0.0007846381788539227,0.0007242836904488345,0.0001384368945930938,0.0001384368945930938,0.00014870405875801613,1.0267164164922325e-05,0.0002068676161914918,0.0002068676161914918,0.0002185452697884518,1.1677653596960003e-05
852f5e2ffffffff,JPN,1,5,5,False,26,,7.870285674663828e-05,,,,9.9812566391666e-05,,,,0.0,,,,0.0,,
8530c96ffffffff,JPN,0,0,2,False,26,,,,,,,,,,,,,,,,
8530ca6bfffffff,JPN,20,24,21,False,26,,6.148209941173526e-05,,,,7.769060524699067e-05,,,,-1.1624614390336874e-05,,,,-1.521350671909328e-05,,
8530ca6ffffffff,JPN,1,5,7,False,26,,2.2158024647281205e-05,,,,2.950096694150767e-05,,,,0.0,,,,0.0,,
8530cb1bfffffff,JPN,0,1,1,False,26,,,,,,,,,,,,,,,,
8530cb47fffffff,JPN,26,26,26,True,26,0.00021560623117968157,0.00021560623117968157,0.0015455025943116687,0.001329896363131987,0.00028499188108855423,0.00028499188108855423,0.001838773970151484,0.0015537820890629296,-0.00020149560990757192,-0.00020149560990757192,0.0001231171177043622,0.0003246127276119341,-0.00023991186361316513,-0.00023991186361316513,0.00016939316126998824,0.00040930502488315337
8530cb6bfffffff,JPN,26,26,26,True,26,0.00016804409521743214,0.00016804409521743214,0.000635237152909259,0.0004671930576918269,0.00021191567622730957,0.00021191567622730957,0.0007554648151518623,0.0005435491389245528,0.00015718016806810754,0.00015718016806810754,0.0001817456025111373,2.456543444302981e-05,0.00022390261655392285,0.00022390261655392285,0.0002521074466946999,2.820483014077704e-05
8530d903fffffff,JPN,20,21,23,False,26,,3.706032870896416e-05,,,,4.8430411321781115e-05,,,,2.8432521179262194e-05,,,,3.6431577205201954e-05,,
8530d90bfffffff,JPN,15,20,21,False,26,,5.504342143119638e-05,,,,7.058334540463863e-05,,,,0.00046898849306667054,,,,0.000711454688808063,,
8530d90ffffffff,JPN,1,8,9,False,26,,-5.066771505090741e-05,,,,-5.474081368000603e-05,,,,0.0,,,,0.0,,
8530d923fffffff,JPN,23,24,24,False,26,,8.235380751076976e-05,,,,0.00010372216255882356,,,,0.0005918154165572733,,,,0.0008414875653761517,,
8530d927fffffff,JPN,0,2,2,False,26,,,,,,,,,,,,,,,,
8530d92bfffffff,JPN,0,2,5,False,26,,,,,,,,,,,,,,,,
8530d92ffffffff,JPN,26,26,26,True,26,0.00045089210667611135,0.00045089210667611135,0.002218118882822661,0.00176722677614655,0.0005747643560807072,0.0005747643560807072,0.002636258493748205,0.0020614941376674973,0.0006252192960388476,0.0006252192960388476,0.0009306613485239532,0.00030544205248510573,0.0009478576485268501,0.0009478576485268501,0.00132749463897958,0.0003796369904527298
8530d937fffffff,JPN,26,26,26,True,26,0.00018691819415392658,0.00018691819415392658,0.0009410814971036226,0.0007541633029496962,0.00023854384967628416,0.00023854384967628416,0.0011191020661287117,0.0008805582164524277,0.0001651131370162412,0.0001651131370162412,0.0002232303321515716,5.8117195135330386e-05,0.00024155307314130083,0.00024155307314130083,0.0003151727782052619,7.361970506396109e-05
8530d943fffffff,JPN,24,26,24,False,26,,-1.810074165047823e-05,,,,-1.1449368112809874e-05,,,,0.00015017327908805892,,,,0.0002496963551313751,,
8530d94bfffffff,JPN,0,2,0,False,26,,,,,,,,,,,,,,,,
8530d967fffffff,JPN,22,23,25,False,26,,4.3262954640669006e-05,,,,5.753969860132302e-05,,,,-3.306461438499196e-05,,,,-4.2703650964604995e-05,,
8530d973fffffff,JPN,2,9,10,False,26,,6.133278123547943e-05,,,,7.75019308481491e-05,,,,0.0,,,,0.0,,
8530d977fffffff,JPN,26,26,26,True,26,0.0001517270011984935,0.0001517270011984935,0.000805947052898309,0.0006542200516998155,0.00019580459250806553,0.00019580459250806553,0.0009587049516823472,0.000762900359174282,0.00048570456174743036,0.00048570456174743036,0.00057082557386278,8.512101211534962e-05,0.000709466751064706,0.000709466751064706,0.0008135361358501414,0.0001040693847854353
8530d97bfffffff,JPN,1,5,6,False,26,,0.0002694531984612802,,,,0.0003243207961098343,,,,0.0,,,,0.0,,
8530d993fffffff,JPN,3,10,7,False,26,,-1.9720285120647223e-05,,,,-2.1178390816868376e-05,,,,0.0,,,,0.0,,
8530d9a7fffffff,JPN,20,21,23,False,26,,9.354505287183866e-05,,,,0.00011912855317675609,,,,5.08036603113119e-05,,,,6.517548850888902e-05,,
8530d9abfffffff,JPN,4,13,9,False,26,,5.23362750327903e-05,,,,6.538462744276284e-05,,,,0.0,,,,0.0,,
8530d9affffffff,JPN,26,26,26,True,26,0.002939409367599304,0.002939409367599304,0.02012762128856889,0.017188211920969587,0.0038970591616459475,0.0038970591616459475,0.02394976427392209,0.020052705112276144,0.003589541569649845,0.003589541569649845,0.007457276094186594,0.003867734524536748,0.005561159310345457,0.005561159310345457,0.010279167208886887,0.004718007898541431
8530dab7fffffff,JPN,1,2,5,False,26,,7.967532909454331e-06,,,,8.016343847221975e-06,,,,0.0,,,,0.0,,
8530dba3fffffff,JPN,26,26,26,True,26,0.0002823504159957882,0.0002823504159957882,0.0020495385284796806,0.0017671881124838923,0.0003768795436653665,0.0003768795436653665,0.002438039925111243,0.002061160381445877,0.0003448043021540325,0.0003448043021540325,0.0006454517890734934,0.00030064748691946094,0.0005227572145163667,0.0005227572145163667,0.0009029235758101108,0.00038016636129374403
8530dba7fffffff,JPN,10,14,14,False,26,,3.7085726485161886e-05,,,,4.8371220485301364e-05,,,,0.0,,,,0.0,,
8530dbb7fffffff,JPN,1,3,2,False,26,,-6.601920940619013e-05,,,,-7.962730409174999e-05,,,,0.0,,,,0.0,,
8530dd17fffffff,JPN,0,3,3,False,26,,,,,,,,,,,,,,,,
854a2613fffffff,JPN,26,26,26,True,26,0.00019122957516229416,0.00019122957516229416,0.0012596222672082,0.001068392692045906,0.00025338028446219457,0.00025338028446219457,0.0014987400890806718,0.0012453598046184775,0.00029129643378476795,0.00029129643378476795,0.0007722107589337156,0.00048091432514894773,0.0004992819280037016,0.0004992819280037016,0.0010780867317025044,0.0005788048036988029
854a261bfffffff,JPN,26,26,26,True,26,0.0003034538098140834,0.0003034538098140834,0.0015055471578697241,0.0012020933480556407,0.0003889418189362662,0.0003889418189362662,0.0017904206299262948,0.0014014788109900287,0.0004299550248101781,0.0004299550248101781,0.0007191230733521562,0.0002891680485419779,0.0006069824748501923,0.0006069824748501923,0.0009467274701609041,0.0003397449953107119
854a2657fffffff,JPN,10,17,15,False,26,,6.0552693292774426e-05,,,,7.649665145694006e-05,,,,0.00023991233182658967,,,,0.0003460977758980429,,
854a26bbfffffff,JPN,1,6,3,False,26,,1.458345132200572e-05,,,,2.2286708414368436e-05,,,,0.0,,,,0.0,,
854b0b6ffffffff,JPN,2,4,4,False,26,,6.315895721431615e-05,,,,7.849476695619399e-05,,,,0.0,,,,0.0,,
854b601bfffffff,JPN,0,5,0,False,26,,,,,,,,,,,,,,,,
854b604bfffffff,JPN,23,25,24,False,26,,4.633563951027378e-05,,,,6.0692610696678e-05,,,,-3.6265788752498536e-05,,,,-4.4398584109337054e-05,,
854b609bfffffff,JPN,26,26,26,True,26,0.0007468588026637631,0.0007468588026637631,0.003483611440094433,0.0027367526374306697,0.0009583306068895206,0.0009583306068895206,0.004148562972994498,0.003190232366104978,0.0003551034357143068,0.0003551034357143068,0.000937518168372337,0.0005824147326580303,0.0005678884246109982,0.0005678884246109982,0.00127355920904062,0.0007056707844296217
854b60c3fffffff,JPN,1,4,4,False,26,,5.3041825349925105e-05,,,,6.767699806479159e-05,,,,0.0,,,,0.0,,
854b6157fffffff,JPN,1,4,4,False,26,,1.9941355715020188e-05,,,,2.8209590538725248e-05,,,,0.0,,,,0.0,,
854b61b3fffffff,JPN,0,1,0,False,26,,,,,,,,,,,,,,,,
854b61b7fffffff,JPN,26,26,26,True,26,0.0005729690127856152,0.0005729690127856152,0.0033416983709235112,0.002768729358137896,0.0007472527093204093,0.0007472527093204093,0.0039781751602500975,0.0032309224509296883,0.00045010499840694176,0.00045010499840694176,0.0010570018789292216,0.0006068968805222798,0.0007260337399206837,0.0007260337399206837,0.001472807938582827,0.0007467741986621432
854b61dbfffffff,JPN,25,25,26,False,26,,0.0001302936681466022,,,,0.00016662169735206473,,,,8.374747015571454e-05,,,,0.00011976179052768199,,
854b6257fffffff,JPN,26,26,26,True,26,0.00039236988459337766,0.00039236988459337766,0.0020535916293805594,0.0016612217447871816,0.0005035375720849623,0.0005035375720849623,0.0024401370197511354,0.001936599447666173,0.00044389327148803296,0.00044389327148803296,0.0007699096312132148,0.000326016359725182,0.0006615504379814151,0.0006615504379814151,0.001080364045998276,0.0004188136080168608
854b625bfffffff,JPN,25,26,25,False,26,,0.0001184064098652284,,,,0.0001487829280916673,,,,7.206181423957892e-05,,,,0.00010193337720563897,,
854b6287fffffff,JPN,4,7,6,False,26,,-1.8666497203620388e-05,,,,-2.036771763363934e-05,,,,0.0,,,,0.0,,
854b628ffffffff,JPN,0,0,1,False,26,,,,,,,,,,,,,,,,
854b62cbfffffff,JPN,0,0,1,False,26,,,,,,,,,,,,,,,,
854b6403fffffff,JPN,10,16,16,False,26,,2.414763651617315e-05,,,,3.503397374897406e-05,,,,0.0,,,,0.0,,
854b642bfffffff,JPN,0,6,4,False,26,,,,,,,,,,,,,,,,
854b6443fffffff,JPN,26,26,26,True,26,0.000252843888034639,0.000252843888034639,0.0010017618733148919,0.0007489179852802528,0.0003171920095142633,0.0003171920095142633,0.0011924439929633516,0.0008752519834490884,1.3718167146965502e-05,1.3718167146965502e-05,0.00011886111368627563,0.00010514294653931011,3.741953293506067e-05,3.741953293506067e-05,0.00017064906080049974,0.00013322952786543906
854b645bfffffff,JPN,0,0,1,False,26,,,,,,,,,,,,,,,,
854b646ffffffff,JPN,23,24,25,False,26,,1.5185365403791795e-05,,,,2.558542541594879e-05,,,,2.7839661910046053e-05,,,,3.840004720898462e-05,,
854b6473fffffff,JPN,5,10,9,False,26,,-1.4716912285005391e-05,,,,-1.0610273978141344e-05,,,,3.86318797059612e-05,,,,4.7380490475524206e-05,,
854b6487fffffff,JPN,26,26,26,True,26,0.00011822798061403258,0.00011822798061403258,0.0005359425487810055,0.00041771456816697285,0.00014988714079126577,0.00014988714079126577,0.0006375465149870245,0.00048765937419575884,9.109157697674036e-05,9.109157697674036e-05,0.0001248994622302325,3.3807885253492144e-05,0.0001234445002199533,0.0001234445002199533,0.0001629889809114444,3.9544480691491073e-05
854b648bfffffff,JPN,2,6,5,False,26,,-2.8387111371250924e-05,,,,-2.0799000325654924e-05,,,,0.0,,,,0.0,,
854b649bfffffff,JPN,26,26,26,True,26,0.0010232389807296937,0.0010232389807296937,0.007238089769698546,0.006214850788968853,0.0013606536799316649,0.0013606536799316649,0.00861300228097281,0.007252348601041148,0.0012055020859407888,0.0012055020859407888,0.002085973922388182,0.000880471836447393,0.0017260399541114046,0.0017260399541114046,0.0028143578809051556,0.0010883179267937512
854b64b7fffffff,JPN,6,14,14,False,26,,4.320719507467812e-05,,,,5.410086106631472e-05,,,,0.00021648114232769184,,,,0.00034402565055250523,,
854b64c3fffffff,JPN,21,26,21,False,26,,6.697749204899277e-05,,,,8.414108021576579e-05,,,,0.00044666253424855773,,,,0.0006501746858627125,,
854b64c7fffffff,JPN,0,1,1,False,26,,,,,,,,,,,,,,,,
854b64d3fffffff,JPN,24,26,24,False,26,,5.4892792626228414e-05,,,,7.245722211084328e-05,,,,3.6792360648262464e-05,,,,6.37539849756684e-05,,
854b6523fffffff,JPN,0,1,5,False,26,,,,,,,,,,,,,,,,
854b652ffffffff,JPN,0,0,1,False,26,,,,,,,,,,,,,,,,
854b6533fffffff,JPN,26,26,26,True,26,0.0006514196716037197,0.0006514196716037197,0.0035682735749203278,0.0029168539033166065,0.0008440862817288801,0.0008440862817288801,0.004247390951018605,0.0034033046692897246,0.000922663117954548,0.000922663117954548,0.0011597888317699426,0.00023712571381539463,0.0013388852444731006,0.0013388852444731006,0.0016280860325104357,0.000289200788037335
854b653bfffffff,JPN,0,0,2,False,26,,,,,,,,,,,,,,,,
854b6563fffffff,JPN,1,5,4,False,26,,3.864779765437313e-05,,,,4.933114028133679e-05,,,,0.0,,,,0.0,,
854b657bfffffff,JPN,5,11,13,False,26,,0.00011943101483480808,,,,0.00014319596453466217,,,,9.799129363066971e-06,,,,1.2981556963211038e-05,,
854b6583fffffff,JPN,20,24,22,False,26,,2.836024114655379e-05,,,,3.884865898361423e-05,,,,0.00013543759540755353,,,,0.0001773388766734354,,
854b65b3fffffff,JPN,26,26,26,True,26,0.00010850973002552323,0.00010850973002552323,0.0004125992968750043,0.00030408956684948105,0.0001356756422298753,0.0001356756422298753,0.0004910621729716463,0.000355386530741771,8.066614264445906e-05,8.066614264445906e-05,8.066614264445906e-05,0.0,0.00011605173336889197,0.00011605173336889197,0.00011605173336889197,0.0
854b65d3fffffff,JPN,14,19,19,False,26,,6.010436996692588e-06,,,,1.2443005744259648e-05,,,,2.1837522716483004e-05,,,,2.6994414855566386e-05,,
854b65d7fffffff,JPN,2,6,9,False,26,,6.173271484889274e-05,,,,5.254228108478449e-05,,,,-8.795770993306418e-05,,,,-0.0001004490070615652,,
854b660bfffffff,JPN,0,0,1,False,26,,,,,,,,,,,,,,,,
854b6613fffffff,JPN,26,26,26,True,26,0.0008492030007182191,0.0008492030007182191,0.004044884526259126,0.0031956815255409065,0.0010825311462051262,0.0010825311462051262,0.004813057447637586,0.0037305263014324607,0.001554014310000815,0.001554014310000815,0.002189251949105002,0.0006352376391041865,0.0022281111694306493,0.0022281111694306493,0.003010560680138534,0.0007824495107078844
854b6617fffffff,JPN,2,6,7,False,26,,-4.34001747017741e-05,,,,-4.87564096188987e-05,,,,0.0,,,,0.0,,
854b6623fffffff,JPN,0,1,0,False,26,,,,,,,,,,,,,,,,
854b6647fffffff,JPN,10,14,17,False,26,,5.137822134092904e-05,,,,6.43021399017996e-05,,,,7.090589369788417e-05,,,,9.604487216427514e-05,,
854b666bfffffff,JPN,0,1,1,False,26,,,,,,,,,,,,,,,,
854b668bfffffff,JPN,26,26,26,True,26,9.627036694733197e-05,9.627036694733197e-05,0.0007050263471779269,0.0006087559802305949,0.00012955706733152272,0.00012955706733152272,0.0008397967233315379,0.0007102396560000151,-2.1308331557639037e-05,-2.1308331557639037e-05,0.0,2.1308331557639037e-05,-2.7398746562142277e-05,-2.7398746562142277e-05,0.0,2.7398746562142277e-05
854b668ffffffff,JPN,26,26,26,True,26,0.0001034914005894213,0.0001034914005894213,0.0005682847895527128,0.0004647933889632914,0.0001355753920188123,0.0001355753920188123,0.0006772986563713493,0.0005417232643525372,8.919777250436509e-05,8.919777250436509e-05,0.0001229783241122644,3.3780551607899316e-05,0.00012577187897220898,0.00012577187897220898,0.00016985961287115158,4.408773389894255e-05
854b6693fffffff,JPN,0,1,0,False,26,,,,,,,,,,,,,,,,
854b6697fffffff,JPN,1,3,3,False,26,,1.4585778230815114e-05,,,,1.910887359877144e-05,,,,0.0,,,,0.0,,
854b669bfffffff,JPN,18,20,24,False,26,,9.592262046635217e-05,,,,0.00011912462953607471,,,,-1.0657391175986295e-05,,,,-1.5907352231317435e-05,,
854b66a3fffffff,JPN,0,0,1,False,26,,,,,,,,,,,,,,,,
854b66abfffffff,JPN,0,1,4,False,26,,,,,,,,,,,,,,,,
854b66dbfffffff,JPN,0,1,0,False,26,,,,,,,,,,,,,,,,
854b6cb7fffffff,JPN,7,14,15,False,26,,4.52050143546075e-06,,,,8.534158064211834e-06,,,,1.6828126390061918e-06,,,,3.185356483157687e-06,,
854b6d13fffffff,JPN,2,6,5,False,26,,7.450592538252476e-05,,,,8.042049491335973e-05,,,,0.0,,,,0.0,,
854b6d27fffffff,JPN,24,25,25,False,26,,2.0023570372806112e-05,,,,3.065290620633226e-05,,,,1.3284905913214361e-05,,,,2.5174008035787462e-05,,
854b6d2bfffffff,JPN,15,19,21,False,26,,7.840693995804675e-05,,,,9.786129529941592e-05,,,,8.594573501481562e-05,,,,0.00012583402754045555,,
854b6d8bfffffff,JPN,12,17,18,False,26,,7.340772612514474e-05,,,,9.359747035287115e-05,,,,0.0,,,,0.0,,
854b6d93fffffff,JPN,0,1,1,False,26,,,,,,,,,,,,,,,,
854b6d97fffffff,JPN,0,9,4,False,26,,,,,,,,,,,,,,,,
854b6d9bfffffff,JPN,0,1,0,False,26,,,,,,,,,,,,,,,,
854b70a3fffffff,JPN,4,6,8,False,26,,-5.4748729942264305e-06,,,,-2.7822969219516743e-06,,,,-0.0003276625861752602,,,,-0.00044061792257461867,,
854b70b7fffffff,JPN,1,4,1,False,26,,5.94834589476722e-05,,,,7.699956228737602e-05,,,,0.0,,,,0.0,,
854b718ffffffff,JPN,0,4,2,False,26,,,,,,,,,,,,,,,,
854b7197fffffff,JPN,0,0,1,False,26,,,,,,,,,,,,,,,,
854b71b3fffffff,JPN,0,2,0,False,26,,,,,,,,,,,,,,,,
854b71c3fffffff,JPN,0,1,0,False,26,,,,,,,,,,,,,,,,
854b71d7fffffff,JPN,21,24,22,False,26,,5.5296981024273136e-05,,,,7.13479039233064e-05,,,,0.00010141602498798907,,,,0.0001531426250448105,,
854b750bfffffff,JPN,0,0,1,False,26,,,,,,,,,,,,,,,,
854b751bfffffff,JPN,0,0,6,False,26,,,,,,,,,,,,,,,,
854b752bfffffff,JPN,1,4,5,False,26,,6.149489898061176e-05,,,,7.400674861544815e-05,,,,0.0,,,,0.0,,
854b7563fffffff,JPN,26,26,26,True,26,0.0005800066317861348,0.0005800066317861348,0.002809475457850023,0.0022294688260638884,0.0007374022017608723,0.0007374022017608723,0.0033320021236796014,0.002594599921918729,0.00036103953606992127,0.00036103953606992127,0.0005356902319845232,0.00017465069591460198,0.0005192960626721875,0.0005192960626721875,0.0007228336234644597,0.00020353756079227213
854b7577fffffff,JPN,0,0,1,False,26,,,,,,,,,,,,,,,,
854b758ffffffff,JPN,1,2,4,False,26,,-7.853732033346689e-05,,,,-8.815656383969541e-05,,,,-0.0006553251723505204,,,,-0.0008812358451492373,,
854b75a7fffffff,JPN,0,6,4,False,26,,,,,,,,,,,,,,,,
854b75abfffffff,JPN,0,5,3,False,26,,,,,,,,,,,,,,,,
854b75b7fffffff,JPN,0,3,4,False,26,,,,,,,,,,,,,,,,
854ba873fffffff,JPN,1,4,3,False,26,,7.967532909454331e-06,,,,8.016343847221975e-06,,,,0.0,,,,0.0,,
