h3,countries,common_intervals,left_observed_intervals,right_observed_intervals,full_window_comparable,expected_intervals,downloaders_all_delta_pp,downloaders_all_observed_common_delta_pp,downloaders_all_left_share,downloaders_all_right_share,downloaders_without-hosting_delta_pp,downloaders_without-hosting_observed_common_delta_pp,downloaders_without-hosting_left_share,downloaders_without-hosting_right_share,uploaders_all_delta_pp,uploaders_all_observed_common_delta_pp,uploaders_all_left_share,uploaders_all_right_share,uploaders_without-hosting_delta_pp,uploaders_without-hosting_observed_common_delta_pp,uploaders_without-hosting_left_share,uploaders_without-hosting_right_share
852e0167fffffff,JPN,0,0,1,False,20,,,,,,,,,,,,,,,,
852e0803fffffff,JPN,20,20,20,True,20,0.00020826372409157414,0.00020826372409157414,0.0016964996713370408,0.0014882359472454664,0.0002847315379379932,0.0002847315379379932,0.002019344376215935,0.0017346128382779412,0.0002725356984161451,0.0002725356984161451,0.0005131641112314652,0.00024062841281532018,0.00042436157781466504,0.00042436157781466504,0.0007377204810945191,0.0003133589032798541
852e083bfffffff,JPN,0,1,0,False,20,,,,,,,,,,,,,,,,
852e084bfffffff,JPN,6,9,12,False,20,,9.134873967105154e-06,,,,1.5031630987439846e-05,,,,0.0,,,,0.0,,
852e086bfffffff,JPN,5,10,10,False,20,,3.0317108969902693e-05,,,,4.082590224904018e-05,,,,0.00015963093328225144,,,,0.00022227655649158682,,
852e0893fffffff,JPN,0,7,5,False,20,,,,,,,,,,,,,,,,
852e089bfffffff,JPN,4,6,9,False,20,,1.5465409901787133e-05,,,,2.2532058437708537e-05,,,,0.0,,,,0.0,,
852e08bbfffffff,JPN,1,6,3,False,20,,-0.00010301258056401236,,,,-0.000123449128061236,,,,0.0,,,,0.0,,
852e0a03fffffff,JPN,2,7,6,False,20,,6.357824254279446e-05,,,,8.062621923269016e-05,,,,0.0,,,,0.0,,
852e0a13fffffff,JPN,0,0,1,False,20,,,,,,,,,,,,,,,,
852e0a17fffffff,JPN,20,20,20,True,20,0.00011760715010840125,0.00011760715010840125,0.0006196057853443826,0.0005019986352359812,0.0001505055545430647,0.0001505055545430647,0.0007369901192568592,0.0005864845647137946,0.00011641139962564209,0.00011641139962564209,0.00012288446133204472,6.473061706402635e-06,0.00015465911600975359,0.00015465911600975359,0.00016190681631444688,7.2477003046933205e-06
852e0a1bfffffff,JPN,20,20,20,True,20,1.130879335659447e-06,1.130879335659447e-06,0.0013219094333277157,0.0013207785539920565,2.7381417907660125e-05,2.7381417907660125e-05,0.0015708841392313665,0.0015435027213237065,-2.8981717886968884e-05,-2.8981717886968884e-05,0.000199951262951373,0.00022893298083834188,-7.95373567794909e-06,-7.95373567794909e-06,0.00029386630260650945,0.00030182003828445856
852e0a8ffffffff,JPN,0,0,1,False,20,,,,,,,,,,,,,,,,
852e0c03fffffff,JPN,3,6,7,False,20,,5.036754795071766e-05,,,,6.20629200311072e-05,,,,0.0,,,,0.0,,
852e0c0bfffffff,JPN,17,19,17,False,20,,7.164070629978035e-05,,,,9.021397365404881e-05,,,,0.0008410573893817482,,,,0.0012618010817061597,,
852e0c2ffffffff,JPN,0,1,0,False,20,,,,,,,,,,,,,,,,
852e0c47fffffff,JPN,6,10,10,False,20,,5.904429711064862e-05,,,,7.463601547593716e-05,,,,4.7829360148385804e-05,,,,5.839388779497672e-05,,
852e0c7bfffffff,JPN,2,7,10,False,20,,-2.1037871110516263e-05,,,,-2.1860576376683046e-05,,,,0.0,,,,0.0,,
852e0c87fffffff,JPN,0,1,0,False,20,,,,,,,,,,,,,,,,
852e0c8ffffffff,JPN,8,8,12,False,20,,-2.0490643606851328e-05,,,,-2.0635310226281575e-05,,,,0.0,,,,0.0,,
852e0c97fffffff,JPN,20,20,20,True,20,9.923176161109747e-05,9.923176161109747e-05,0.0006335146819023101,0.0005342829202912127,0.00012849728930451645,0.00012849728930451645,0.0007525955764071155,0.0006240982871025993,-3.1357202435827485e-05,-3.1357202435827485e-05,0.0,3.1357202435827485e-05,-4.137976694915254e-05,-4.137976694915254e-05,0.0,4.137976694915254e-05
852e0cb3fffffff,JPN,16,18,18,False,20,,4.237384504004088e-05,,,,5.5150288550734276e-05,,,,-3.462603878116344e-05,,,,-4.45229631634812e-05,,
852e0cc3fffffff,JPN,0,0,1,False,20,,,,,,,,,,,,,,,,
852e0d03fffffff,JPN,9,15,12,False,20,,4.1923082365455505e-05,,,,5.4537329801319483e-05,,,,0.0,,,,0.0,,
852e0d73fffffff,JPN,5,9,10,False,20,,3.4467789566401296e-06,,,,6.296351568763e-06,,,,0.0,,,,0.0,,
852e0d97fffffff,JPN,1,4,3,False,20,,1.9287740691107305e-05,,,,2.5404879639209023e-05,,,,0.0,,,,0.0,,
852e0d9bfffffff,JPN,5,12,6,False,20,,7.797046336643169e-05,,,,9.747625809324015e-05,,,,-2.589224682561054e-05,,,,-2.8990801218773282e-05,,
852e0db7fffffff,JPN,0,0,1,False,20,,,,,,,,,,,,,,,,
852e0dc3fffffff,JPN,0,1,1,False,20,,,,,,,,,,,,,,,,
852e0dcffffffff,JPN,0,1,1,False,20,,,,,,,,,,,,,,,,
852e0dd3fffffff,JPN,0,1,0,False,20,,,,,,,,,,,,,,,,
852e0e4ffffffff,JPN,20,20,20,True,20,2.9378067608245515e-05,2.9378067608245515e-05,0.0008784200844864781,0.0008490420168782327,5.280069043131298e-05,5.280069043131298e-05,0.001044739284562558,0.000991938594131245,0.00016112308667819454,0.00016112308667819454,0.0001807660693387316,1.9642982660537067e-05,0.0002316505780092658,0.0002316505780092658,0.00025433599945931453,2.2685421450048726e-05
852e0e6bfffffff,JPN,12,15,15,False,20,,1.9469239388261075e-05,,,,2.7095574520649717e-05,,,,8.53982633409167e-05,,,,0.0001267060976042411,,
852e0e73fffffff,JPN,2,4,4,False,20,,0.00016719551860165568,,,,0.0002155845217249459,,,,0.0,,,,0.0,,
852e0e77fffffff,JPN,0,1,1,False,20,,,,,,,,,,,,,,,,
852e0ea3fffffff,JPN,20,20,20,True,20,0.0002439501241920584,0.0002439501241920584,0.0018864066516620392,0.0016424565274699807,0.0003241397682419081,0.0003241397682419081,0.0022446142868338863,0.001920474518591978,0.00030123751091747466,0.00030123751091747466,0.0005641958214508063,0.00026295831053333167,0.0004876616828416098,0.0004876616828416098,0.000831172425901458,0.0003435107430598483
852e0eabfffffff,JPN,0,1,0,False,20,,,,,,,,,,,,,,,,
852e0eb7fffffff,JPN,15,17,16,False,20,,-4.170938468581304e-05,,,,-4.179392968907459e-05,,,,0.0,,,,0.0,,
852e132bfffffff,JPN,20,20,20,True,20,0.00018537285895397953,0.00018537285895397953,0.0016599685727010378,0.001474595713747058,0.00025173256576308965,0.00025173256576308965,0.0019746224832190152,0.0017228899174559255,0.00039180061769062693,0.00039180061769062693,0.0007144509168347582,0.00032265029914413124,0.0006350954218049844,0.0006350954218049844,0.0010341065469161553,0.0003990111251111709
852e1917fffffff,JPN,20,20,20,True,20,0.0002837578503100801,0.0002837578503100801,0.002060750091931471,0.0017769922416213907,0.00037395783399401893,0.00037395783399401893,0.0024516535824240107,0.002077695748429992,5.722940046911266e-05,5.722940046911266e-05,0.00013225089092715403,7.50214904580414e-05,8.492621846406504e-05,8.492621846406504e-05,0.00017798922507494212,9.306300661087706e-05
852e194ffffffff,JPN,16,17,19,False,20,,8.429005763041298e-05,,,,0.0001048935635288825,,,,2.6727105561376125e-05,,,,3.3616609294320135e-05,,
852e1a0ffffffff,JPN,1,2,1,False,20,,0.00013957005149225202,,,,0.00016979050832150705,,,,0.0,,,,0.0,,
852e1a27fffffff,JPN,0,1,0,False,20,,,,,,,,,,,,,,,,
852e1a6bfffffff,JPN,20,20,20,True,20,0.0001567366802838524,0.0001567366802838524,0.001139833829847595,0.0009830971495637425,0.00020707683104421236,0.00020707683104421236,0.0013559405146834481,0.0011488636836392355,0.0006400602756722301,0.0006400602756722301,0.0006679617499861328,2.790147431390275e-05,0.0009615913800587585,0.0009615913800587585,0.0009972929152247706,3.570153516601214e-05
852e1b47fffffff,JPN,0,3,3,False,20,,,,,,,,,,,,,,,,
852e1b53fffffff,JPN,19,20,19,False,20,,0.00012675850202996988,,,,0.00015821568373579123,,,,1.8209883234341226e-05,,,,3.1622802459463505e-05,,
852e1b57fffffff,JPN,20,20,20,True,20,0.0030113654940664876,0.0030113654940664876,0.01715495407988394,0.014143588585817452,0.0038691921233471155,0.0038691921233471155,0.02039453154418123,0.01652533942083411,0.0030535457555047854,0.0030535457555047854,0.004751444718846288,0.001697898963341503,0.0045676759670157845,0.0045676759670157845,0.00673544253023398,0.0021677665632181954
852e1b73fffffff,JPN,20,20,20,True,20,6.775795829088279e-05,6.775795829088279e-05,0.0004879334325879175,0.0004201754742970346,8.849333501844291e-05,8.849333501844291e-05,0.0005800722315803881,0.0004915788965619451,-5.884605006041086e-05,-5.884605006041086e-05,0.0,5.884605006041086e-05,-7.306738368964089e-05,-7.306738368964089e-05,0.0,7.306738368964089e-05
852e1b87fffffff,JPN,16,17,19,False,20,,0.0002415078035090856,,,,0.0002970994636233863,,,,0.00012809739501137504,,,,0.00019005914640636166,,
852e1b9bfffffff,JPN,19,20,19,False,20,,0.0001532843192899654,,,,0.0001876757675560732,,,,0.00013530363533819677,,,,0.00019131129076631697,,
852e1bb7fffffff,JPN,0,0,1,False,20,,,,,,,,,,,,,,,,
852e1bc3fffffff,JPN,19,20,19,False,20,,4.1490365929596795e-05,,,,5.815317646428708e-05,,,,0.00011368126715377172,,,,0.0001742046382182404,,
852e1bc7fffffff,JPN,1,11,3,False,20,,3.9676321000369844e-05,,,,5.0326574099988095e-05,,,,0.0,,,,0.0,,
852e1bcffffffff,JPN,3,6,8,False,20,,5.866195308982885e-05,,,,7.610265570166214e-05,,,,0.0,,,,0.0,,
852e1d2bfffffff,JPN,0,6,2,False,20,,,,,,,,,,,,,,,,
852e1da7fffffff,JPN,1,2,5,False,20,,8.278337467704439e-05,,,,9.629093234447998e-05,,,,0.0,,,,0.0,,
852e1e0ffffffff,JPN,0,0,1,False,20,,,,,,,,,,,,,,,,
852e1e6bfffffff,JPN,0,0,2,False,20,,,,,,,,,,,,,,,,
852e1e6ffffffff,JPN,20,20,20,True,20,0.00018363551557892049,0.00018363551557892049,0.0007213199185955265,0.000537684403016606,0.00022906482503396033,0.00022906482503396033,0.0008576475772123431,0.0006285827521783827,-5.2427751089075054e-05,-5.2427751089075054e-05,4.304642413354723e-05,9.547417522262229e-05,-7.45381077149806e-05,-7.45381077149806e-05,5.255449901547905e-05,0.00012709260673045964
852e2923fffffff,JPN,19,19,20,False,20,,0.00013521766951736551,,,,0.0001712571765271341,,,,0.00018202109099509588,,,,0.00027918243567242565,,
852e2937fffffff,JPN,1,5,7,False,20,,8.087066306801418e-06,,,,1.0150217754267108e-05,,,,0.0,,,,0.0,,
852e293bfffffff,JPN,0,3,8,False,20,,,,,,,,,,,,,,,,
852e2947fffffff,JPN,0,1,1,False,20,,,,,,,,,,,,,,,,
852e2953fffffff,JPN,20,20,20,True,20,0.00014154843636142466,0.00014154843636142466,0.000970964310607241,0.0008294158742458166,0.000185795234456042,0.000185795234456042,0.001154938903402064,0.0009691436689460221,0.00015267266429790528,0.00015267266429790528,0.00020001647798337311,4.734381368546782e-05,0.00022795392756236834,0.00022795392756236834,0.00028625771954320203,5.830379198083369e-05
852e2977fffffff,JPN,2,7,4,False,20,,0.00012331328563473605,,,,0.00015108396445606982,,,,0.0,,,,0.0,,
852e297bfffffff,JPN,20,20,20,True,20,0.0001478947427835577,0.0001478947427835577,0.0005748619559336886,0.000426967213150131,0.00018535489055731527,0.00018535489055731527,0.0006837172289084418,0.0004983623383511264,0.0001564737212644306,0.0001564737212644306,0.00018532126201158193,2.8847540747151307e-05,0.00023127219947975745,0.00023127219947975745,0.00026838621373153894,3.7114014251781474e-05
852e2987fffffff,JPN,9,13,12,False,20,,-1.557317230459952e-05,,,,-1.4711516738562906e-05,,,,-0.00018469918830507179,,,,-0.00022218655862525465,,
852e298bfffffff,JPN,20,20,20,True,20,2.6869501305914284e-05,2.6869501305914284e-05,0.0007691802014443119,0.0007423107001383977,4.638199768938196e-05,4.638199768938196e-05,0.0009140700347416248,0.000867688037052243,8.395549025169962e-07,8.395549025169962e-07,4.0078875226445644e-05,3.923932032392865e-05,5.778560050194107e-06,5.778560050194107e-06,5.708805261234929e-05,5.130949256215519e-05
852e298ffffffff,JPN,0,1,0,False,20,,,,,,,,,,,,,,,,
852e2997fffffff,JPN,20,20,20,True,20,0.00017675662736366988,0.00017675662736366988,0.0006658185546583092,0.0004890619272946393,0.00022105775830281318,0.00022105775830281318,0.0007938548949264056,0.0005727971366235926,4.708566777067141e-05,4.708566777067141e-05,5.699564553268131e-05,9.909977762009901e-06,7.421731441838321e-05,7.421731441838321e-05,8.553588230262595e-05,1.1318567884242742e-05
852e29a3fffffff,JPN,0,1,1,False,20,,,,,,,,,,,,,,,,
852e29a7fffffff,JPN,13,13,18,False,20,,3.083047742263308e-05,,,,4.086106749428573e-05,,,,7.485629462838716e-05,,,,0.0001098791219779121,,
852e29affffffff,JPN,0,2,2,False,20,,,,,,,,,,,,,,,,
852e29b3fffffff,JPN,3,7,11,False,20,,2.2503209568088873e-06,,,,8.467317161346967e-06,,,,0.0,,,,0.0,,
852e29b7fffffff,JPN,20,20,20,True,20,9.07908793624138e-05,9.07908793624138e-05,0.0006168555242233242,0.0005260646448609106,0.00012007175174350052,0.00012007175174350052,0.0007343617898804351,0.0006142900381369344,0.00023163073887936996,0.00023163073887936996,0.00023163073887936996,0.0,0.0003239221589213759,0.0003239221589213759,0.0003239221589213759,0.0
852e29c7fffffff,JPN,9,11,13,False,20,,1.4044810625359364e-05,,,,2.178539621769184e-05,,,,0.0,,,,0.0,,
852e2b03fffffff,JPN,0,1,0,False,20,,,,,,,,,,,,,,,,
852e2b0bfffffff,JPN,19,19,20,False,20,,9.676176740429448e-05,,,,0.00012632989393939086,,,,-4.1044062022452294e-05,,,,-4.49030155314745e-05,,
852e2b0ffffffff,JPN,0,0,2,False,20,,,,,,,,,,,,,,,,
852e2b27fffffff,JPN,20,20,20,True,20,0.00020143521447056346,0.00020143521447056346,0.0008870269854745359,0.0006855917710039724,0.00025284708711673435,0.00025284708711673435,0.0010545270359582487,0.0008016799488415145,8.086541276937718e-05,8.086541276937718e-05,8.086541276937718e-05,0.0,0.00011132027304247998,0.00011132027304247998,0.00011132027304247998,0.0
852e2b2bfffffff,JPN,0,0,1,False,20,,,,,,,,,,,,,,,,
852e2b2ffffffff,JPN,0,3,3,False,20,,,,,,,,,,,,,,,,
852e2b33fffffff,JPN,1,5,5,False,20,,0.00010608365069985021,,,,0.00013535399612958317,,,,0.0,,,,0.0,,
852e2b43fffffff,JPN,20,20,20,True,20,8.970202245394513e-05,8.970202245394513e-05,0.0003246592758688691,0.00023495725341492408,0.00011153113990889662,0.00011153113990889662,0.000386146370936072,0.0002746152310271753,-1.298724601838717e-05,-1.298724601838717e-05,7.807856737066265e-05,9.106581338904982e-05,-9.473698502628423e-06,-9.473698502628423e-06,0.00010970363035907579,0.00011917732886170421
852e2b47fffffff,JPN,20,20,20,True,20,0.001340657230549332,0.001340657230549332,0.009717052907098818,0.008376395676549483,0.001768619869492425,0.001768619869492425,0.011557210433541697,0.009788590564049272,0.0010485446554878582,0.0010485446554878582,0.0027307145882924646,0.0016821699328046062,0.0017802673930036295,0.0017802673930036295,0.0039023793183423265,0.0021221119253386966
852e2b4bfffffff,JPN,2,4,6,False,20,,-5.682975971664106e-05,,,,-6.174689923011898e-05,,,,-0.0006270142833853756,,,,-0.0008330209504769045,,
852e2b4ffffffff,JPN,9,13,14,False,20,,1.0829455173962694e-05,,,,1.5501576974684162e-05,,,,0.0,,,,0.0,,
852e2b67fffffff,JPN,20,20,20,True,20,0.0002482992030507083,0.0002482992030507083,0.0011304938309028068,0.0008821946278520986,0.00031243060639356225,0.00031243060639356225,0.0013427772004234318,0.0010303465940298695,0.00020495147962777726,0.00020495147962777726,0.00026582110426234373,6.086962463456647e-05,0.00031422987313991634,0.00031422987313991634,0.0003890209207298408,7.479104758992446e-05
852e2b6ffffffff,JPN,11,15,14,False,20,,9.870176716585756e-05,,,,0.00012204638868834268,,,,3.065250682865866e-05,,,,5.3176410134330666e-05,,
852e2b83fffffff,JPN,0,1,0,False,20,,,,,,,,,,,,,,,,
852e2ba3fffffff,JPN,9,14,13,False,20,,3.457355358278677e-05,,,,4.461666005038634e-05,,,,0.00021625151781534067,,,,0.0003174285746028572,,
852e2babfffffff,JPN,20,20,20,True,20,0.00012770007259311193,0.00012770007259311193,0.0009420052141500929,0.000814305141556981,0.00016776948179269443,0.00016776948179269443,0.0011209959924577066,0.000953226510665012,1.8161102639727797e-05,1.8161102639727797e-05,0.00014437823314585792,0.00012621713050613013,4.396967106123094e-05,4.396967106123094e-05,0.00020471912244031525,0.0001607494513790843
852e2bb3fffffff,JPN,0,2,1,False,20,,,,,,,,,,,,,,,,
852e2bb7fffffff,JPN,20,20,20,True,20,0.0003702333182677804,0.0003702333182677804,0.003492565523997951,0.00312233220573017,0.0005036183204146123,0.0005036183204146123,0.004155382465974621,0.003651764145560009,0.0009738226353351217,0.0009738226353351217,0.0012009813994359208,0.00022715876410079914,0.001372298512789438,0.001372298512789438,0.0016602079355440107,0.0002879094227545728
852e2da7fffffff,JPN,1,1,4,False,20,,2.557915073865999e-05,,,,3.702444904632042e-05,,,,0.0,,,,0.0,,
852e4483fffffff,JPN,4,10,11,False,20,,2.215129973685295e-05,,,,2.5181630712239924e-05,,,,-0.0001189207702260446,,,,-0.00014794475151199535,,
852e449bfffffff,JPN,20,20,20,True,20,0.0002029929260545968,0.0002029929260545968,0.0011861421561971195,0.000983149230142523,0.0002596942491694827,0.0002596942491694827,0.0014097375224814295,0.001150043273311947,-5.273650954334636e-05,-5.273650954334636e-05,1.786001321640978e-05,7.059652275975614e-05,-7.030858209296364e-05,-7.030858209296364e-05,2.23806774183441e-05,9.268925951130773e-05
852e44d3fffffff,JPN,20,20,20,True,20,0.0005884108988756335,0.0005884108988756335,0.003608087979388902,0.0030196770805132685,0.0007553638445362056,0.0007553638445362056,0.004285301758173563,0.0035299379136373584,-0.00022230852653277894,-0.00022230852653277894,0.00023444870185111564,0.0004567572283838946,-0.0002392862134649845,-0.0002392862134649845,0.0003370929861395216,0.000576379199604506
852e44dbfffffff,JPN,3,6,11,False,20,,2.6740382769795194e-05,,,,3.6207940838032245e-05,,,,0.0,,,,0.0,,
852e6007fffffff,JPN,20,20,20,True,20,0.0010217204559394364,0.0010217204559394364,0.007245459972518599,0.006223739516579163,0.001339435195919575,0.001339435195919575,0.00861684006449738,0.007277404868577804,0.0012217999985498378,0.0012217999985498378,0.001941301829465936,0.0007195018309160979,0.0018557925319737587,0.0018557925319737587,0.0027632300377949145,0.0009074375058211565
852e600bfffffff,JPN,20,20,20,True,20,0.0002385913942808316,0.0002385913942808316,0.0016963044476455812,0.0014577130533647495,0.00031518249766944765,0.00031518249766944765,0.0020191970607586858,0.001704014563089238,-6.614828715473717e-05,-6.614828715473717e-05,0.0001815755481741775,0.0002477238353289147,-4.798297537241454e-05,-4.798297537241454e-05,0.00026997347118641157,0.00031795644655882615
852e600ffffffff,JPN,20,20,20,True,20,6.430139979007016e-05,6.430139979007016e-05,0.0008484853593694727,0.0007841839595794023,9.264209640564449e-05,9.264209640564449e-05,0.0010106496304417084,0.0009180075340360638,0.0003748078410519114,0.0003748078410519114,0.0005108786031630536,0.00013607076211114217,0.0005665629454177279,0.0005665629454177279,0.0007336394874201478,0.00016707654200241978
852e6013fffffff,JPN,20,20,20,True,20,9.989607727861579e-05,9.989607727861579e-05,0.000635804003687078,0.0005359079264084623,0.00012961527831450946,0.00012961527831450946,0.0007556116895521966,0.0006259964112376871,0.00016821350948748436,0.00016821350948748436,0.00026536148836107606,9.71479788735917e-05,0.00027480096078474946,0.00027480096078474946,0.00039722859764759565,0.00012242763686284608
852e601bfffffff,JPN,20,20,20,True,20,0.0003735167443608906,0.0003735167443608906,0.0018416492875178308,0.0014681325431569402,0.0004733530604881262,0.0004733530604881262,0.002189474849143541,0.0017161217886554141,-0.0002815048892866738,-0.0002815048892866738,0.00020502672598890457,0.0004865316152755783,-0.00030687561352167326,-0.00030687561352167326,0.0002988107850660887,0.0006056863985877619
852e6027fffffff,JPN,20,20,20,True,20,0.00015662375099784778,0.00015662375099784778,0.0004933633457091087,0.0003367395947112609,0.00019372036242290184,0.00019372036242290184,0.0005868010548128679,0.000393080692389966,3.515940228903395e-05,3.515940228903395e-05,6.651660472486144e-05,3.1357202435827485e-05,5.242233975483443e-05,5.242233975483443e-05,9.380210670398696e-05,4.137976694915254e-05
852e602ffffffff,JPN,19,20,19,False,20,,7.286264109552842e-05,,,,9.366856946538694e-05,,,,-8.114591983541372e-06,,,,-9.577947073056889e-06,,
852e6033fffffff,JPN,4,10,8,False,20,,4.245028963336363e-05,,,,5.1739182734197396e-05,,,,0.0,,,,0.0,,
852e6043fffffff,JPN,20,20,20,True,20,0.0006548798674346013,0.0006548798674346013,0.004145011701829319,0.0034901318343947183,0.0008485292432542657,0.0008485292432542657,0.004929464593911301,0.004080935350657036,0.0006888668513771877,0.0006888668513771877,0.0010803178191973032,0.0003914509678201154,0.0010836403865050086,0.0010836403865050086,0.0015778997808023401,0.0004942593942973313
852e6047fffffff,JPN,20,20,20,True,20,0.0009865953831179276,0.0009865953831179276,0.007420487382502732,0.006433891999384804,0.0013017784162077525,0.0013017784162077525,0.008822492231296195,0.0075207138150884395,0.0008699272273016333,0.0008699272273016333,0.0015941323026388951,0.0007242050753372617,0.001389126862748567,0.001389126862748567,0.002301586508634643,0.0009124596458860759
852e604bfffffff,JPN,20,20,20,True,20,3.1934672552496154e-05,3.1934672552496154e-05,0.0010149467486933184,0.0009830120761408219,5.9402259268508855e-05,5.9402259268508855e-05,0.001206666362254019,0.0011472641029855101,-0.0002971808209720961,-0.0002971808209720961,0.00014821264864627777,0.0004453934696183738,-0.0003557508890557911,-0.0003557508890557911,0.0002045107848834097,0.0005602616739392009
852e604ffffffff,JPN,20,20,20,True,20,0.0010763412092136744,0.0010763412092136744,0.005230654993538409,0.004154313784324735,0.001364011960092636,0.001364011960092636,0.006221638115260975,0.004857626155168339,0.0017007882218843962,0.0017007882218843962,0.0023970711601399813,0.0006962829382555857,0.0025896629611714544,0.0025896629611714544,0.003475618670246111,0.000885955709074656
852e6053fffffff,JPN,20,20,20,True,20,0.0004538781971960377,0.0004538781971960377,0.0022399719958686114,0.0017860937986725744,0.0005453395214649254,0.0005453395214649254,0.002600986308223513,0.002055646786758587,0.00015649480478268951,0.00015649480478268951,0.0003155912635773092,0.00015909645879461976,0.0001216840323853002,0.0001216840323853002,0.0003250273905180315,0.00020334335813273135
852e6057fffffff,JPN,20,20,20,True,20,0.008334294121368513,0.008334294121368513,0.05954304648908665,0.05120875236771816,0.01096214757786492,0.01096214757786492,0.07078762744580559,0.05982547986794069,0.004842172632263712,0.004842172632263712,0.017535177933205217,0.012693005300941501,0.009017226904907086,0.009017226904907086,0.025059688676461817,0.016042461771554734
852e605bfffffff,JPN,20,20,20,True,20,0.0005460310510867891,0.0005460310510867891,0.0033994231663492082,0.0028533921152624187,0.000645063598915124,0.000645063598915124,0.003886370878089085,0.003241307279173962,0.0018820583093576606,0.0018820583093576606,0.0025361474855460824,0.0006540891761884216,0.0023874495551373404,0.0023874495551373404,0.003216791843867704,0.0008293422887303643
852e6063fffffff,JPN,4,7,8,False,20,,5.3419022732394503e-05,,,,6.716567006613256e-05,,,,0.0001995386666028143,,,,0.00027784569561448353,,
852e6067fffffff,JPN,3,7,5,False,20,,8.799321342363302e-05,,,,0.00011019012232412633,,,,0.0,,,,0.0,,
852e606bfffffff,JPN,12,18,13,False,20,,-9.122596903140825e-06,,,,-5.291213947158477e-06,,,,6.679812537740942e-05,,,,9.514675435391549e-05,,
852e6073fffffff,JPN,8,11,11,False,20,,3.821238660997762e-05,,,,4.88777191027416e-05,,,,0.0001698221192343627,,,,0.00021165049648381328,,
852e607bfffffff,JPN,20,20,20,True,20,0.00021038570603626222,0.00021038570603626222,0.0015471277294350737,0.0013367420233988112,0.00023559261588447083,0.00023559261588447083,0.0016344919333141183,0.0013988993174296478,4.7771206596370905e-05,4.7771206596370905e-05,0.0002591012608577184,0.00021133005426134756,-1.4862853183633522e-05,-1.4862853183633522e-05,0.00025409874979717787,0.00026896160298081135
852e608bfffffff,JPN,2,6,4,False,20,,4.26924839319926e-05,,,,5.696589785617001e-05,,,,0.0,,,,0.0,,
852e6097fffffff,JPN,0,1,1,False,20,,,,,,,,,,,,,,,,
852e60a3fffffff,JPN,20,20,20,True,20,0.0001320024614711406,0.0001320024614711406,0.0007364129748696265,0.0006044105133984862,0.00016955267096652136,0.00016955267096652136,0.0008757853343712592,0.0007062326634047378,-5.194689918780445e-05,-5.194689918780445e-05,3.903480219887233e-05,9.098170138667675e-05,-6.570743700662417e-05,-6.570743700662417e-05,4.901839629017166e-05,0.00011472583329679583
852e60abfffffff,JPN,20,20,20,True,20,0.0005791667560962027,0.0005791667560962027,0.0038536885321588028,0.0032745217760626,0.0007532134793828782,0.0007532134793828782,0.004566716006484647,0.0038135025271017696,0.0006477170844055756,0.0006477170844055756,0.0009334394816927414,0.0002857223972871658,0.001000412144075998,0.001000412144075998,0.0013637248346259942,0.0003633126905499963
852e60b3fffffff,JPN,9,12,11,False,20,,-1.8272849078565983e-06,,,,6.918621181949953e-07,,,,0.0,,,,0.0,,
852e60b7fffffff,JPN,0,0,1,False,20,,,,,,,,,,,,,,,,
852e60c3fffffff,JPN,20,20,20,True,20,0.0012091741306556824,0.0012091741306556824,0.0067468168622878254,0.005537642731632144,0.0015559715360977367,0.0015559715360977367,0.008027845049645198,0.00647187351354746,0.0005432627491426821,0.0005432627491426821,0.0015283154761370678,0.0009850527269943858,0.0010466198139056685,0.0010466198139056685,0.0022596637534497213,0.0012130439395440528
852e60c7fffffff,JPN,20,20,20,True,20,0.0004531190336196721,0.0004531190336196721,0.0033899936270119146,0.0029368745933922432,0.0006040466015191946,0.0006040466015191946,0.004032112122761998,0.0034280655212428025,-9.73114345136216e-05,-9.73114345136216e-05,0.0005284155255037636,0.0006257269600173852,-2.420400777260912e-05,-2.420400777260912e-05,0.0007162034581895146,0.0007404074659621239
852e60cbfffffff,JPN,20,20,20,True,20,0.001190273354554119,0.001190273354554119,0.005905421388539502,0.004715148033985382,0.0014840084076637756,0.0014840084076637756,0.006770886993238941,0.005286878585575165,0.00031275167569539867,0.00031275167569539867,0.000677656239469372,0.0003649045637739732,0.0005019858141275958,0.0005019858141275958,0.0009818058085993829,0.00047981999447178696
852e60cffffffff,JPN,20,20,20,True,20,0.0003158887433680936,0.0003158887433680936,0.0012597217694289575,0.0009438330260608639,0.00039530901483982706,0.00039530901483982706,0.001498632896575048,0.0011033238817352213,0.0004628673568474677,0.0004628673568474677,0.0005269843296342625,6.41169727867948e-05,0.0006926779756586226,0.0006926779756586226,0.0007783908154399297,8.571283978130708e-05
852e60d3fffffff,JPN,17,19,18,False,20,,9.163242597076375e-05,,,,0.00011579960835935979,,,,8.329656312003489e-05,,,,0.00012176870273572443,,
852e60d7fffffff,JPN,13,15,16,False,20,,4.6957375579577785e-05,,,,5.992504950608336e-05,,,,8.76856085118174e-05,,,,0.000131593665080963,,
852e6103fffffff,JPN,20,20,20,True,20,0.0006407694860869482,0.0006407694860869482,0.0038900405576303724,0.0032492710715434233,0.0008256601195989583,0.0008256601195989583,0.00462579413501059,0.003800134015411633,0.00026267495433671855,0.00026267495433671855,0.0005236573290416053,0.00026098237470488674,0.000431105171353549,0.000431105171353549,0.00076489155554026,0.00033378638418671107
852e6107fffffff,JPN,20,20,20,True,20,0.02025040601799967,0.02025040601799967,0.1405713029472055,0.1203208969292058,0.02100139926591883,0.02100139926591883,0.14623546159013995,0.12523406232422113,0.029462018937653038,0.029462018937653038,0.0696319912318589,0.040169972294205866,0.021922956862281955,0.021922956862281955,0.0611234840979127,0.03920052723563075
852e610bfffffff,JPN,20,20,20,True,20,0.0005907808039362182,0.0005907808039362182,0.005487396361525239,0.00489661555758902,0.0007983689590592202,0.0007983689590592202,0.006524108381174271,0.005725739422115051,0.0004267806376960703,0.0004267806376960703,0.0012159778747833907,0.0007891972370873206,0.0007482988120159496,0.0007482988120159496,0.001736723337663409,0.0009884245256474595
852e610ffffffff,JPN,20,20,20,True,20,0.0012538157759542528,0.0012538157759542528,0.007855032513264085,0.006601216737309834,0.0016326216826821134,0.0016326216826821134,0.009346087857393649,0.007713466174711534,0.0009857616231934243,0.0009857616231934243,0.0017641686789141946,0.0007784070557207699,0.0015100273411389725,0.0015100273411389725,0.0025165854651596925,0.0010065581240207198
852e6113fffffff,JPN,20,20,20,True,20,0.0005454094065997334,0.0005454094065997334,0.003015292934264554,0.0024698835276648207,0.0006991331720855051,0.0006991331720855051,0.0035859341895273927,0.002886801017441887,0.0004817985778187041,0.0004817985778187041,0.0011480553047277953,0.0006662567269090913,0.0008369532989697668,0.0008369532989697668,0.0016862028110532557,0.0008492495120834888
852e6117fffffff,JPN,20,20,20,True,20,0.0006828014169350909,0.0006828014169350909,0.003645573103492118,0.0029627716865570273,0.0008743449375735913,0.0008743449375735913,0.004340680341413119,0.0034663354038395266,0.0006645077710127047,0.0006645077710127047,0.0009476522260668235,0.0002831444550541187,0.0009740983610027695,0.0009740983610027695,0.0013345935252889573,0.00036049516428618753
852e611bfffffff,JPN,20,20,20,True,20,0.0006974448530844138,0.0006974448530844138,0.005474411497753033,0.004776966644668618,0.0008968587203916454,0.0008968587203916454,0.006419165913006975,0.005522307192615329,0.00018761976179828933,0.00018761976179828933,0.0006788769856126522,0.0004912572238143628,0.0003550507183565577,0.0003550507183565577,0.0009809404273775138,0.0006258897090209561
852e6123fffffff,JPN,20,20,20,True,20,0.003928214790055384,0.003928214790055384,0.025741822966794302,0.021813608176738917,0.005118239522724865,0.005118239522724865,0.03061566771725043,0.02549742819452556,0.0030035216403771535,0.0030035216403771535,0.006453081018790237,0.0034495593784130826,0.005019639444930177,0.005019639444930177,0.00941414148409456,0.004394502039164385
852e6127fffffff,JPN,20,20,20,True,20,0.00013453256385277977,0.00013453256385277977,0.0014533893206514568,0.0013188567567986773,0.0001876244633048065,0.0001876244633048065,0.0017308388769148048,0.0015432144136099987,0.0002423998161481004,0.0002423998161481004,0.00031783386366630677,7.543404751820638e-05,0.0003695708092625062,0.0003695708092625062,0.00046302142923732666,9.345061997482055e-05
852e612bfffffff,JPN,14,17,16,False,20,,0.0002648060142562135,,,,0.00032676168456539635,,,,0.0001698399090427159,,,,0.00023591758577938597,,
852e613bfffffff,JPN,20,20,20,True,20,0.0011334932217018096,0.0011334932217018096,0.008110677393630058,0.006977184171928247,0.0014952478205584277,0.0014952478205584277,0.009650120573018922,0.008154872752460494,0.00039900798527246317,0.00039900798527246317,0.0020587659026980168,0.0016597579174255535,0.0008789569082450505,0.0008789569082450505,0.002991088390390026,0.002112131482144976
852e6143fffffff,JPN,20,20,20,True,20,0.0007294687763373592,0.0007294687763373592,0.0047124414082358925,0.003982972631898533,0.0009467024422928596,0.0009467024422928596,0.005604494205221343,0.004657791762928484,0.0007189337983118903,0.0007189337983118903,0.001443792223399728,0.0007248584250878373,0.0011410113347171602,0.0011410113347171602,0.0020672573837326085,0.0009262460490154481
852e6147fffffff,JPN,20,20,20,True,20,0.002856773685132194,0.002856773685132194,0.018321387888235417,0.01546461420310322,0.0037185290856761566,0.0037185290856761566,0.02179195109228374,0.018073422006607588,0.0031848065707708755,0.0031848065707708755,0.0057734451807317155,0.0025886386099608404,0.005052203517636215,0.005052203517636215,0.008293341349471644,0.0032411378318354276
852e6157fffffff,JPN,20,20,20,True,20,0.0002793574882940726,0.0002793574882940726,0.002345610550450438,0.002066253062156365,0.00037394256353020524,0.00037394256353020524,0.002791111394384699,0.0024171688308544945,6.986090760754158e-05,6.986090760754158e-05,0.00022775747956163198,0.0001578965719540904,0.00011633075373507296,0.00011633075373507296,0.00031741916008075154,0.0002010884063456786
852e615bfffffff,JPN,20,20,20,True,20,0.0003718152769032851,0.0003718152769032851,0.0019974899359672333,0.001625674659063948,0.0004749600036216239,0.0004749600036216239,0.0023752354409252874,0.001900275437303664,0.00011336879038455791,0.00011336879038455791,0.0001810465301946245,6.767773981006662e-05,0.00017935062300555196,0.00017935062300555196,0.00026066081449116984,8.131019148561788e-05
852e616bfffffff,JPN,0,0,2,False,20,,,,,,,,,,,,,,,,
852e6173fffffff,JPN,14,17,16,False,20,,-2.4624733677529723e-05,,,,-2.425233458834791e-05,,,,-4.479600347975355e-05,,,,-5.911395278450363e-05,,
852e6177fffffff,JPN,20,20,20,True,20,0.0002052680099817886,0.0002052680099817886,0.0012954884084125894,0.0010902203984308005,0.0002665317598916896,0.0002665317598916896,0.0015413393705744276,0.0012748076106827376,0.000394561262014069,0.000394561262014069,0.00043520821645180496,4.064695443773602e-05,0.0005520058465324467,0.0005520058465324467,0.0006021196176726184,5.01137711401716e-05
852e6183fffffff,JPN,0,2,3,False,20,,,,,,,,,,,,,,,,
852e6187fffffff,JPN,5,10,8,False,20,,6.538636702659037e-05,,,,8.209647084913898e-05,,,,0.0,,,,0.0,,
852e618bfffffff,JPN,20,20,20,True,20,6.910662142704175e-05,6.910662142704175e-05,0.0004929199797685767,0.0004238133583415349,9.115933063119091e-05,9.115933063119091e-05,0.0005868690660753179,0.0004957097354441269,0.00010513653548034724,0.00010513653548034724,0.00010513653548034724,0.0,0.00015544515758651503,0.00015544515758651503,0.00015544515758651503,0.0
852e618ffffffff,JPN,15,19,15,False,20,,1.5531089653395548e-05,,,,2.3862099022527296e-05,,,,7.981068904558388e-05,,,,0.0001211526462766763,,
852e61a7fffffff,JPN,3,6,8,False,20,,-3.1964049469423676e-05,,,,-3.25078208884146e-05,,,,0.0,,,,0.0,,
852e61abfffffff,JPN,20,20,20,True,20,0.0001576148723118486,0.0001576148723118486,0.001144060300535365,0.000986445428223516,0.0002083226504558733,0.0002083226504558733,0.0013611253952239245,0.0011528027447680511,-6.308005345127953e-05,-6.308005345127953e-05,0.00023051640911403017,0.0002935964625653097,-3.5684306793578985e-05,-3.5684306793578985e-05,0.0003354732827239436,0.00037115758951752263
852e61affffffff,JPN,20,20,20,True,20,0.00024177115542437546,0.00024177115542437546,0.0016919298443472523,0.0014501586889228766,0.0003355394434349535,0.0003355394434349535,0.0019023214543074664,0.0015667820108725128,5.584020516773429e-06,5.584020516773429e-06,0.0001426889071543941,0.00013710488663762067,1.8725046221260968e-05,1.8725046221260968e-05,0.00010305404864111897,8.4329002419858e-05
852e61b7fffffff,JPN,0,0,2,False,20,,,,,,,,,,,,,,,,
852e61bbfffffff,JPN,17,18,18,False,20,,2.9025409104969903e-05,,,,4.175139429709531e-05,,,,0.0,,,,0.0,,
852e61c3fffffff,JPN,20,20,20,True,20,1.549577245287298e-05,1.549577245287298e-05,0.00025579841355723794,0.00024030264110436495,2.3689765574968616e-05,2.3689765574968616e-05,0.0003044269818486715,0.0002807372162737028,0.0,0.0,0.0,0.0,0.0,0.0,0.0,0.0
852e61cbfffffff,JPN,20,20,20,True,20,2.182141880213165e-05,2.182141880213165e-05,0.000539992269376925,0.0005181708505747933,3.6552549982694625e-05,3.6552549982694625e-05,0.0006427472175762758,0.0006061946675935813,0.00011659713818451602,0.00011659713818451602,0.00016087396031246197,4.427682212794597e-05,0.00017078770678608668,0.00017078770678608668,0.00022362516516443898,5.283745837835229e-05
852e61d3fffffff,JPN,12,17,15,False,20,,2.197693098928795e-06,,,,8.823438209161207e-06,,,,-5.695648788555564e-05,,,,-7.14434513924638e-05,,
852e6223fffffff,JPN,6,10,11,False,20,,-2.256470714262942e-06,,,,1.9196113687338926e-06,,,,0.0,,,,0.0,,
852e6257fffffff,JPN,0,0,1,False,20,,,,,,,,,,,,,,,,
852e626ffffffff,JPN,15,18,17,False,20,,-3.738813679263254e-06,,,,9.520374812145192e-07,,,,1.913174405935432e-05,,,,2.335755511799069e-05,,
852e628bfffffff,JPN,20,20,20,True,20,0.00018801085998491985,0.00018801085998491985,0.0010773280334354116,0.0008893171734504913,0.00024183253796610345,0.00024183253796610345,0.0012808386156637984,0.0010390060776976945,0.00011803254940725053,0.00011803254940725053,0.00013120247036138495,1.3169920954134433e-05,0.0001784808122032708,0.0001784808122032708,0.0001939185333486262,1.5437721145355408e-05
852e62b3fffffff,JPN,0,1,1,False,20,,,,,,,,,,,,,,,,
852e62b7fffffff,JPN,2,4,6,False,20,,3.4700811531926515e-05,,,,4.560295860036682e-05,,,,0.0,,,,0.0,,
852e62bbfffffff,JPN,0,0,2,False,20,,,,,,,,,,,,,,,,
852e62cffffffff,JPN,13,16,17,False,20,,3.3818327869071364e-05,,,,4.2394578763518455e-05,,,,-2.934763149939984e-05,,,,-3.5664050351932845e-05,,
852e6343fffffff,JPN,0,0,1,False,20,,,,,,,,,,,,,,,,
852e6353fffffff,JPN,19,20,19,False,20,,8.636444674692246e-05,,,,0.00011070333370908637,,,,0.0002253984816551842,,,,0.00032609813013002094,,
852e635bfffffff,JPN,20,20,20,True,20,0.0004011062850010896,0.0004011062850010896,0.002360375368720661,0.0019592690837195717,0.0005149948042014715,0.0005149948042014715,0.0028070151626819516,0.0022920203584804798,0.0019722785091855185,0.0019722785091855185,0.0020878520895387287,0.00011557358035321018,0.002936962879059123,0.002936962879059123,0.003087185886462325,0.00015022300740320267
852e638ffffffff,JPN,0,2,1,False,20,,,,,,,,,,,,,,,,
852e6393fffffff,JPN,19,20,19,False,20,,0.000167652316392077,,,,0.0002083503268199065,,,,2.0851632380316153e-05,,,,3.611306845669621e-05,,
852e639bfffffff,JPN,13,18,14,False,20,,6.158450997540796e-05,,,,8.043142797445842e-05,,,,-8.775499767869943e-05,,,,-0.00011361460458907455,,
852e63c7fffffff,JPN,19,19,20,False,20,,6.738637583038838e-05,,,,8.892510846324521e-05,,,,0.00013093748030668407,,,,0.0001917542883207931,,
852e644bfffffff,JPN,20,20,20,True,20,0.00018437079192914382,0.00018437079192914382,0.001317758429729168,0.0011333876378000242,0.0002449749006157464,0.0002449749006157464,0.001568525359386164,0.0013235504587704176,0.0007827272079729676,0.0007827272079729676,0.001141100431176214,0.0003583732232032468,0.0011944931857357595,0.0011944931857357595,0.001632487009196797,0.0004379938234610371
852e644ffffffff,JPN,20,20,20,True,20,0.0017080982670035385,0.0017080982670035385,0.01031384459214364,0.008605746325140103,0.002156161774752689,0.002156161774752689,0.011996481819700509,0.00984032004494782,0.0024045044018514736,0.0024045044018514736,0.004152278180942892,0.0017477737790914185,0.0037950720301616046,0.0037950720301616046,0.0059595294920734235,0.0021644574619118185
852e646bfffffff,JPN,20,20,20,True,20,0.00021677214202961404,0.00021677214202961404,0.0030981188662074504,0.002881346724177836,0.00030878766829657626,0.00030878766829657626,0.003675633059354247,0.00336684539105767,0.00016249808405940095,0.00016249808405940095,0.0005894408797956944,0.0004269427957362934,0.00032356732054658556,0.00032356732054658556,0.000857153380073738,0.0005335860595271525
852e646ffffffff,JPN,0,2,1,False,20,,,,,,,,,,,,,,,,
852e647bfffffff,JPN,1,5,2,False,20,,-7.853732033346689e-05,,,,-8.815656383969541e-05,,,,0.0,,,,0.0,,
852e6533fffffff,JPN,9,17,10,False,20,,6.377728278799141e-05,,,,8.166259837302897e-05,,,,0.0,,,,0.0,,
852e6537fffffff,JPN,0,6,2,False,20,,,,,,,,,,,,,,,,
852e653bfffffff,JPN,14,16,16,False,20,,4.3282172102857136e-05,,,,5.86120845181273e-05,,,,2.9490047065867822e-05,,,,5.1200455122416084e-05,,
852e654bfffffff,JPN,20,20,20,True,20,0.0001419172652263242,0.0001419172652263242,0.0006090321239465566,0.0004671148587202325,0.0001786189416494248,0.0001786189416494248,0.0007239885514599376,0.0005453696098105129,9.922773335059407e-05,9.922773335059407e-05,0.00012025000753533352,2.1022274184739437e-05,0.00013745564333935933,0.00013745564333935933,0.00016162427920046166,2.4168635861102337e-05
852e655bfffffff,JPN,1,5,3,False,20,,2.7002797046705963e-06,,,,8.667507654191325e-06,,,,0.00028697616089031484,,,,0.0003503633267698603,,
852e6573fffffff,JPN,0,2,4,False,20,,,,,,,,,,,,,,,,
852e657bfffffff,JPN,3,7,9,False,20,,4.236280117015406e-05,,,,5.2955685674584226e-05,,,,0.0,,,,0.0,,
852e662bfffffff,JPN,7,12,13,False,20,,3.820655690022408e-05,,,,4.877408244587036e-05,,,,0.00012505938259064784,,,,0.00015942962117693126,,
852e662ffffffff,JPN,0,1,3,False,20,,,,,,,,,,,,,,,,
852e6673fffffff,JPN,7,10,13,False,20,,-1.306244583628065e-05,,,,-1.1473016356039524e-05,,,,5.102860918974223e-05,,,,6.394479262384028e-05,,
852e668bfffffff,JPN,0,2,1,False,20,,,,,,,,,,,,,,,,
852e6693fffffff,JPN,18,18,20,False,20,,0.0002852632883914107,,,,0.0003478498431751123,,,,0.0005023400183822171,,,,0.0007248100508437908,,
852e6697fffffff,JPN,20,20,20,True,20,3.184148686884608e-05,3.184148686884608e-05,0.00036967200107074585,0.00033783051420189976,4.482566397343532e-05,4.482566397343532e-05,0.00043978031920881045,0.0003949546552353751,0.0,0.0,0.0,0.0,0.0,0.0,0.0,0.0
852e6803fffffff,JPN,0,3,3,False,20,,,,,,,,,,,,,,,,
852e682bfffffff,JPN,0,0,2,False,20,,,,,,,,,,,,,,,,
852e6833fffffff,JPN,8,15,10,False,20,,-3.307278973741992e-05,,,,-3.684136684764706e-05,,,,0.0,,,,0.0,,
852e6843fffffff,JPN,2,6,9,False,20,,4.879249060985496e-05,,,,6.073421100637789e-05,,,,0.0,,,,0.0,,
852e6847fffffff,JPN,5,8,8,False,20,,-1.569725230535607e-05,,,,-1.691178880120047e-05,,,,-4.453982167414204e-07,,,,1.0323440187640522e-05,,
852e6867fffffff,JPN,19,20,19,False,20,,0.00013855579294263942,,,,0.00017269385605527714,,,,0.00013120273209372307,,,,0.00018841799266603522,,
852e686bfffffff,JPN,0,1,1,False,20,,,,,,,,,,,,,,,,
852e6887fffffff,JPN,0,2,1,False,20,,,,,,,,,,,,,,,,
852e6897fffffff,JPN,20,20,20,True,20,0.0004759201322756701,0.0004759201322756701,0.0038477263762666594,0.0033718062439909886,0.0006326142107485901,0.0006326142107485901,0.004575464299770691,0.003942850089022102,-0.0005767481600573071,-0.0005767481600573071,0.0003895291203516095,0.0009662772804089167,-0.0006806824921339745,-0.0006806824921339745,0.0005327886021298361,0.0012134710942638106
852e68b3fffffff,JPN,0,3,2,False,20,,,,,,,,,,,,,,,,
852e68b7fffffff,JPN,1,2,3,False,20,,9.646071284554902e-05,,,,0.00011835613215619697,,,,0.0,,,,0.0,,
852e68bbfffffff,JPN,9,13,10,False,20,,7.82421709805594e-06,,,,1.3369756529581482e-05,,,,0.0,,,,0.0,,
852e68c7fffffff,JPN,19,19,20,False,20,,-1.1775451269616295e-05,,,,6.159183695234276e-06,,,,0.00018653475978571319,,,,0.0002810240157790042,,
852e6917fffffff,JPN,3,6,5,False,20,,7.171682506873987e-05,,,,8.830492179315492e-05,,,,0.0,,,,0.0,,
852e691bfffffff,JPN,14,16,17,False,20,,7.03179365245903e-05,,,,8.759246846681704e-05,,,,4.099659441290212e-05,,,,5.005190382426576e-05,,
852e6947fffffff,JPN,0,0,1,False,20,,,,,,,,,,,,,,,,
852e694bfffffff,JPN,0,1,0,False,20,,,,,,,,,,,,,,,,
852e695bfffffff,JPN,1,3,5,False,20,,1.9184363053995e-05,,,,2.7768336784740323e-05,,,,0.0,,,,0.0,,
852e6987fffffff,JPN,18,18,18,False,20,,-3.606974869627874e-05,,,,-3.5969092394419603e-05,,,,0.00020475846028255356,,,,0.0002988063187309538,,
852e6997fffffff,JPN,0,0,3,False,20,,,,,,,,,,,,,,,,
852e699bfffffff,JPN,9,13,13,False,20,,1.6316216265617825e-05,,,,2.4921346393317297e-05,,,,0.00014343760977639396,,,,0.0002195134806973864,,
852e69a3fffffff,JPN,20,20,20,True,20,0.001317587479435291,0.001317587479435291,0.008091369900211427,0.006773782420776137,0.001700503996346488,0.001700503996346488,0.009617379358156763,0.007916875361810276,0.0007022184870795164,0.0007022184870795164,0.0016230362505973799,0.0009208177635178635,0.0011890742516951303,0.0011890742516951303,0.0023319415029799334,0.001142867251284803
852e69a7fffffff,JPN,3,6,10,False,20,,1.2947504867657063e-05,,,,1.390613965575318e-05,,,,0.0,,,,0.0,,
852e69d3fffffff,JPN,1,1,2,False,20,,5.2821737023181175e-05,,,,6.840191711796847e-05,,,,0.0,,,,0.0,,
852e69d7fffffff,JPN,1,2,6,False,20,,6.535866086990453e-05,,,,8.313049387153931e-05,,,,0.0,,,,0.0,,
852e6b83fffffff,JPN,20,20,20,True,20,0.00015453428054949597,0.00015453428054949597,0.0011742021138946058,0.0010196678333451096,0.00020563219071886222,0.00020563219071886222,0.001396473058275519,0.001190840867556657,0.0012890580892174846,0.0012890580892174846,0.0017528935665326408,0.000463835477315156,0.0018855113406472314,0.0018855113406472314,0.0024726382646494643,0.0005871269240022337
852e6b9bfffffff,JPN,13,17,16,False,20,,1.565162413637609e-06,,,,5.605638085671734e-06,,,,0.0,,,,0.0,,
852e6bb3fffffff,JPN,20,20,20,True,20,3.4273617229948144e-05,3.4273617229948144e-05,0.0005871199381069915,0.0005528463208770433,5.273161917722931e-05,5.273161917722931e-05,0.0006983403378531916,0.0006456087186759623,-3.405981498332637e-06,-3.405981498332637e-06,6.459372747491944e-05,6.799970897325208e-05,4.017565318704522e-06,4.017565318704522e-06,8.706936907457535e-05,8.305180375587082e-05
852e6c17fffffff,JPN,1,2,3,False,20,,6.73131992793527e-05,,,,8.400025968889976e-05,,,,0.0,,,,0.0,,
852e6c23fffffff,JPN,12,13,16,False,20,,7.953626530721594e-05,,,,0.00010043653136012434,,,,0.00025377398839516075,,,,0.0003868298709942505,,
852e6c27fffffff,JPN,20,20,20,True,20,0.0005802394008153291,0.0005802394008153291,0.0036148995334826088,0.003034660132667279,0.0007497214047822917,0.0007497214047822917,0.004295706395925865,0.003545984991143572,0.0006327714780139454,0.0006327714780139454,0.0008852657005090086,0.0002524942224950633,0.00094772644808818,0.00094772644808818,0.001268680712374901,0.000320954264286721
852e6c3bfffffff,JPN,1,3,1,False,20,,1.458345132200572e-05,,,,2.2286708414368436e-05,,,,-0.0003815192094921979,,,,-0.000463632654575127,,
852e6c43fffffff,JPN,20,20,20,True,20,0.0003654071940762767,0.0003654071940762767,0.0017089940160384515,0.0013435868219621749,0.0004628386383680919,0.0004628386383680919,0.002032999985491258,0.0015701613471231658,0.00038112426382922707,0.00038112426382922707,0.00042177121826696297,4.064695443773602e-05,0.0005349577851044629,0.0005349577851044629,0.0005850715562446345,5.01137711401716e-05
852e6c4bfffffff,JPN,0,1,1,False,20,,,,,,,,,,,,,,,,
852e6c4ffffffff,JPN,20,20,20,True,20,0.00024533352885825214,0.00024533352885825214,0.002794538138086093,0.0025492046092278416,0.0003480308646114386,0.0003480308646114386,0.003326011224292124,0.0029779803596806857,3.304396979374382e-05,3.304396979374382e-05,0.0003163871491566966,0.00028334317936295274,8.351437953436216e-05,8.351437953436216e-05,0.00044986170977424146,0.00036634733023987933
852e6c5bfffffff,JPN,15,15,19,False,20,,1.2810092742668044e-05,,,,1.9627582188357846e-05,,,,0.0,,,,0.0,,
852e6c63fffffff,JPN,0,3,2,False,20,,,,,,,,,,,,,,,,
852e6c7bfffffff,JPN,0,2,3,False,20,,,,,,,,,,,,,,,,
852e6c87fffffff,JPN,0,3,1,False,20,,,,,,,,,,,,,,,,
852e6cabfffffff,JPN,1,5,6,False,20,,2.2158024647281205e-05,,,,2.950096694150767e-05,,,,0.0,,,,0.0,,
852e6cbbfffffff,JPN,20,20,20,True,20,0.00040804897207032885,0.00040804897207032885,0.003026194071645357,0.002618145099575029,0.0005376880349106923,0.0005376880349106923,0.003599546060542492,0.0030618580256317994,0.001020432054205494,0.001020432054205494,0.0012526947558564444,0.00023226270165095046,0.0015331105663013665,0.0015331105663013665,0.0018350050187517987,0.00030189445245043235
852e6cc7fffffff,JPN,2,4,6,False,20,,-4.231734281456704e-08,,,,3.4645813849291444e-06,,,,0.0,,,,0.0,,
852e6cd3fffffff,JPN,20,20,20,True,20,0.0005912989292338746,0.0005912989292338746,0.002351744344327338,0.001760445415093463,0.00074230149562995,0.00074230149562995,0.002800783267915289,0.0020584817722853394,0.0006892968043907667,0.0006892968043907667,0.000850188609441695,0.0001608918050509282,0.0010426122159990535,0.0010426122159990535,0.0012510723466287999,0.0002084601306297465
852e6d03fffffff,JPN,11,13,16,False,20,,4.5906637985800444e-05,,,,6.058141144039879e-05,,,,0.0,,,,0.0,,
852e6d1bfffffff,JPN,0,2,1,False,20,,,,,,,,,,,,,,,,
852e6d27fffffff,JPN,19,20,19,False,20,,0.00010339198599966194,,,,0.00013187076288278952,,,,3.0208016935822613e-05,,,,3.6880350186301085e-05,,
852e6d33fffffff,JPN,19,20,19,False,20,,0.00012053487195701563,,,,0.00015851290684563545,,,,-0.00012122865406254574,,,,-0.00015645813532191697,,
852e6d4bfffffff,JPN,20,20,20,True,20,0.0001354576682087555,0.0001354576682087555,0.002391518809169947,0.0022560611409611912,0.0001943822088170484,0.0001943822088170484,0.0025893054004643623,0.0023949231916473137,0.0004100275345503359,0.0004100275345503359,0.0004677180906278736,5.769055607753764e-05,0.0005523165748711307,0.0005523165748711307,0.0006248430646856867,7.252648981455604e-05
852e6d53fffffff,JPN,20,20,20,True,20,5.499401144488674e-05,5.499401144488674e-05,0.00045628397530729503,0.0004012899638624083,7.39528240136474e-05,7.39528240136474e-05,0.0005429012080399187,0.0004689483840262713,4.5966973113780494e-05,4.5966973113780494e-05,5.244003482018313e-05,6.473061706402635e-06,7.044754785392931e-05,7.044754785392931e-05,7.769524815862262e-05,7.2477003046933205e-06
852e6d57fffffff,JPN,18,19,19,False,20,,6.785963773232305e-05,,,,8.689878993615075e-05,,,,3.0226799297680003e-06,,,,1.3246573203139543e-05,,
852e6d5bfffffff,JPN,19,19,20,False,20,,5.321180049261076e-05,,,,5.8270694511077496e-05,,,,2.0262658171440987e-05,,,,-4.033819532951977e-05,,
852e6d63fffffff,JPN,20,20,20,True,20,0.0003070797755725334,0.0003070797755725334,0.0021041303081837668,0.0017970505326112326,0.00040276351816888756,0.00040276351816888756,0.0025030821957159363,0.0021003186775470487,0.0006815139523739954,0.0006815139523739954,0.0009735901784007699,0.0002920762260267743,0.0010312892641491306,0.0010312892641491306,0.0014049085544683235,0.000373619290319193
852e6d67fffffff,JPN,3,7,6,False,20,,1.0598628568691789e-05,,,,1.540152918830332e-05,,,,0.0,,,,0.0,,
852e6d6ffffffff,JPN,0,0,1,False,20,,,,,,,,,,,,,,,,
852e6d7bfffffff,JPN,18,18,20,False,20,,5.233173845388276e-05,,,,6.730491970251398e-05,,,,2.306124132727656e-05,,,,3.968877124403414e-05,,
852e6daffffffff,JPN,19,20,19,False,20,,5.860110872121805e-05,,,,7.820834408922308e-05,,,,-5.92012909986123e-05,,,,-7.94130249973762e-05,,
852e6dcffffffff,JPN,1,4,2,False,20,,-1.3932533497832555e-05,,,,-8.970694679652632e-06,,,,0.0,,,,0.0,,
852e6ddbfffffff,JPN,6,11,11,False,20,,0.00010943841442558862,,,,0.00013799765332322855,,,,0.0,,,,0.0,,
852e6e0bfffffff,JPN,15,17,16,False,20,,5.4538372826382754e-05,,,,7.032476857502766e-05,,,,0.00023514953233908764,,,,0.00029884097085951716,,
852e6e17fffffff,JPN,0,3,2,False,20,,,,,,,,,,,,,,,,
852e6e27fffffff,JPN,0,1,2,False,20,,,,,,,,,,,,,,,,
852e6e2ffffffff,JPN,20,20,20,True,20,0.00025958304352532394,0.00025958304352532394,0.0011061008327375636,0.0008465177892122394,0.0003250491321840554,0.0003250491321840554,0.0013147651352543696,0.000989716003070314,0.0006740658674158032,0.0006740658674158032,0.000708049475418651,3.3983608002847806e-05,0.0010135303390666458,0.0010135303390666458,0.001053933012365622,4.040267329897606e-05
852e6e53fffffff,JPN,0,1,0,False,20,,,,,,,,,,,,,,,,
852e6e83fffffff,JPN,0,4,0,False,20,,,,,,,,,,,,,,,,
852e6e8bfffffff,JPN,1,3,2,False,20,,4.524151139030232e-05,,,,5.381528919032396e-05,,,,0.0,,,,0.0,,
852e6e97fffffff,JPN,16,20,16,False,20,,6.681490454006705e-05,,,,8.369850845811773e-05,,,,0.0012981779852258282,,,,0.0019930956373505762,,
852e6e9bfffffff,JPN,4,6,6,False,20,,3.9060124431794386e-05,,,,5.3212543101223355e-05,,,,-0.00010518742295021269,,,,-0.00012953636344794711,,
852e6eb3fffffff,JPN,0,2,0,False,20,,,,,,,,,,,,,,,,
852e6eb7fffffff,JPN,0,1,1,False,20,,,,,,,,,,,,,,,,
852e6ec7fffffff,JPN,0,8,3,False,20,,,,,,,,,,,,,,,,
852e6ecbfffffff,JPN,4,7,9,False,20,,-5.178709255630352e-06,,,,-4.759120687654186e-06,,,,0.0,,,,0.0,,
852e6ed3fffffff,JPN,1,5,4,False,20,,7.967532909454331e-06,,,,8.016343847221975e-06,,,,0.0,,,,0.0,,
852e6edbfffffff,JPN,2,3,11,False,20,,-4.7456573145391296e-05,,,,-5.6208397591388226e-05,,,,1.5939834828198078e-05,,,,0.00014299141241056032,,
852e701bfffffff,JPN,9,14,13,False,20,,3.194929556659749e-05,,,,4.349616408455961e-05,,,,1.7501658529140236e-05,,,,2.2823257852888213e-05,,
852e70abfffffff,JPN,20,20,20,True,20,9.550246270845407e-05,9.550246270845407e-05,0.0005050068859828513,0.0004095044232743971,0.00012256239243013718,0.00012256239243013718,0.0006012496558253749,0.0004786872633952376,0.00027056772237859784,0.00027056772237859784,0.00028351384579140316,1.294612341280527e-05,0.00040159251521559424,0.00040159251521559424,0.00041608791582498084,1.4495400609386641e-05
852e70c3fffffff,JPN,0,2,0,False,20,,,,,,,,,,,,,,,,
852e70cbfffffff,JPN,20,20,20,True,20,0.0001833356662685949,0.0001833356662685949,0.0021257351477168168,0.0019423994814482218,0.00025566639861353946,0.00025566639861353946,0.0025282085466205766,0.0022725421480070365,0.0003418028476048172,0.0003418028476048172,0.000444376328944644,0.00010257348133982676,0.0005230521317492994,0.0005230521317492994,0.000654304449567881,0.0001312523178185816
852e70cffffffff,JPN,0,1,0,False,20,,,,,,,,,,,,,,,,
852e70d3fffffff,JPN,0,0,1,False,20,,,,,,,,,,,,,,,,
852e70d7fffffff,JPN,0,0,1,False,20,,,,,,,,,,,,,,,,
852e7123fffffff,JPN,0,3,2,False,20,,,,,,,,,,,,,,,,
852e7137fffffff,JPN,18,19,19,False,20,,-3.2786843861381164e-05,,,,-3.04196040705845e-05,,,,-3.2052823052390345e-05,,,,-4.1237793613090526e-05,,
852e7177fffffff,JPN,0,0,1,False,20,,,,,,,,,,,,,,,,
852e7187fffffff,JPN,20,20,20,True,20,0.0002641089053266448,0.0002641089053266448,0.004075273020459977,0.003811164115133333,0.000390105365892778,0.000390105365892778,0.00484588604007387,0.004455780674181092,-3.056218397762769e-05,-3.056218397762769e-05,0.0007558221601758617,0.0007863843441534895,0.0001170524831249209,0.0001170524831249209,0.0011102793790548561,0.0009932268959299355
852e718bfffffff,JPN,8,11,13,False,20,,4.745310483055281e-05,,,,3.347004016812926e-05,,,,0.0001311000870504578,,,,0.0,,
852e718ffffffff,JPN,1,2,2,False,20,,8.130223444092436e-05,,,,0.00010046550502889665,,,,0.0,,,,0.0,,
852e71a3fffffff,JPN,20,20,20,True,20,8.569439420702868e-05,8.569439420702868e-05,0.0009417177149234615,0.0008560233207164328,0.00011773165314634278,0.00011773165314634278,0.0011179519137067505,0.0010002202605604077,-1.3282185125137255e-05,-1.3282185125137255e-05,0.00016774244169044748,0.00018102462681558474,1.685720478157241e-05,1.685720478157241e-05,0.00025396745884967236,0.0002371102540680999
852e71a7fffffff,JPN,12,16,15,False,20,,2.7985392270085918e-05,,,,3.683866043585478e-05,,,,0.0,,,,0.0,,
852e71abfffffff,JPN,3,8,5,False,20,,1.4449587148482749e-05,,,,2.011018596745753e-05,,,,0.0,,,,0.0,,
852e71b7fffffff,JPN,20,20,20,True,20,5.5137913180342966e-05,5.5137913180342966e-05,0.00032588284523165983,0.0002707449320513169,7.079957918571073e-05,7.079957918571073e-05,0.00038700847535986583,0.00031620889617415513,4.0078875226445644e-05,4.0078875226445644e-05,4.0078875226445644e-05,0.0,5.708805261234929e-05,5.708805261234929e-05,5.708805261234929e-05,0.0
852e71bbfffffff,JPN,17,19,18,False,20,,5.372946460599609e-05,,,,6.91612178996005e-05,,,,4.6950274494779835e-05,,,,6.537545779164318e-05,,
852e71dbfffffff,JPN,1,3,3,False,20,,7.082151475630001e-05,,,,8.808479526479322e-05,,,,0.0,,,,0.0,,
852e7293fffffff,JPN,20,20,20,True,20,0.001030655571674356,0.001030655571674356,0.0054519784317692355,0.004421322860094878,0.00132064210989597,0.00132064210989597,0.006486948117030443,0.005166306007134474,0.001198067749956469,0.001198067749956469,0.001959219151075308,0.0007611514011188389,0.0018407116428571257,0.0018407116428571257,0.00280565125419499,0.0009649396113378637
852e72a3fffffff,JPN,0,2,0,False,20,,,,,,,,,,,,,,,,
852e7423fffffff,JPN,0,1,0,False,20,,,,,,,,,,,,,,,,
852e7433fffffff,JPN,8,14,13,False,20,,-3.4722810085676877e-06,,,,-1.9121901385648436e-07,,,,5.345421112275225e-05,,,,6.723321858864027e-05,,
852e743bfffffff,JPN,1,6,3,False,20,,8.87596008594629e-06,,,,1.4640488960889175e-05,,,,0.0,,,,0.0,,
852e746ffffffff,JPN,2,5,10,False,20,,-6.845155310758684e-05,,,,-7.691563821337109e-05,,,,0.0,,,,0.0,,
852e7483fffffff,JPN,20,20,20,True,20,0.0002472844939226222,0.0002472844939226222,0.0030958676260087067,0.0028485831320860843,0.00035032025990682007,0.00035032025990682007,0.003681724750776251,0.0033314044908694315,0.0006844861217235831,0.0006844861217235831,0.001199348009149795,0.000514861887426212,0.0010976783204117893,0.0010976783204117893,0.0017447399348386335,0.0006470616144268442
852e7487fffffff,JPN,15,16,18,False,20,,4.738424713646767e-05,,,,6.19465615474063e-05,,,,2.7215860758855888e-05,,,,5.782145626665778e-05,,
852e748bfffffff,JPN,20,20,20,True,20,0.00021395821721106696,0.00021395821721106696,0.0008987934224271712,0.0006848352052161043,0.0002687550610343284,0.0002687550610343284,0.0010680510883964221,0.0007992960273620937,0.00021216834669829615,0.00021216834669829615,0.00027898905718433994,6.682071048604382e-05,0.0003187636658835796,0.0003187636658835796,0.0004080008559976393,8.923719011405965e-05
852e748ffffffff,JPN,20,20,20,True,20,0.0001563915323068891,0.0001563915323068891,0.0015556397514897007,0.0013992482191828117,0.00021356473770557926,0.00021356473770557926,0.0018496093806235688,0.0016360446429179898,0.0006687443140803407,0.0006687443140803407,0.0012076763419192342,0.0005389320278388935,0.0010654991053000561,0.0010654991053000561,0.0017453142404118879,0.0006798151351118314
852e7493fffffff,JPN,20,20,20,True,20,2.1765344818253692e-05,2.1765344818253692e-05,0.000576270137173044,0.0005545047923547902,3.806545925872819e-05,3.806545925872819e-05,0.0006864480410668094,0.0006483825818080813,-0.0002213021487632156,-0.0002213021487632156,0.0,0.0002213021487632156,-0.00027283714690145167,-0.00027283714690145167,0.0,0.00027283714690145167
852e7497fffffff,JPN,20,20,20,True,20,0.0001463788052135962,0.0001463788052135962,0.002038727738927822,0.0018923489337142256,0.0002137714217186698,0.0002137714217186698,0.002424317944867297,0.0022105465231486276,-0.00031840670722203915,-0.00031840670722203915,0.0010103432403801027,0.001328749947602142,-0.00018584753915430638,-0.00018584753915430638,0.0014875010882463683,0.0016733486274006747
852e749bfffffff,JPN,20,20,20,True,20,0.00010050411536554777,0.00010050411536554777,0.0005549125899134321,0.00045440847454788423,0.000127883638264449,0.000127883638264449,0.0006596325315257665,0.0005317488932613175,-9.192015451149472e-05,-9.192015451149472e-05,1.786001321640978e-05,0.00010978016772790452,-0.00011594631161890396,-0.00011594631161890396,2.23806774183441e-05,0.00013832698903724805
852e74a3fffffff,JPN,20,20,20,True,20,0.0005042042688513263,0.0005042042688513263,0.0026610178954692754,0.0021568136266179485,0.000646532791123247,0.000646532791123247,0.003165137367282047,0.0025186045761588006,0.0005982994268356162,0.0005982994268356162,0.0008020989423783631,0.0002037995155427469,0.0009237503744559752,0.0009237503744559752,0.0011776621828258674,0.0002539118083698924
852e74a7fffffff,JPN,2,6,2,False,20,,-1.0579782256580145e-05,,,,-6.403504343553167e-06,,,,0.0,,,,0.0,,
852e74abfffffff,JPN,20,20,20,True,20,0.0005301867331655586,0.0005301867331655586,0.0025114896871553855,0.0019813029539898263,0.0006726456039761641,0.0006726456039761641,0.0029865323465305105,0.0023138867425543472,0.0020830771619784285,0.0020830771619784285,0.0031447746100910293,0.001061697448112601,0.0032513052267049737,0.0032513052267049737,0.004564875577357637,0.001313570350652663
852e74affffffff,JPN,3,4,4,False,20,,2.221356341739545e-05,,,,3.093376853366171e-05,,,,-6.646019813445253e-05,,,,-9.838506725592744e-05,,
852e74b3fffffff,JPN,6,11,10,False,20,,5.639596968627759e-05,,,,7.191207247712367e-05,,,,0.0,,,,0.0,,
852e74bbfffffff,JPN,20,20,20,True,20,0.00015021863535363912,0.00015021863535363912,0.0016629961890189248,0.0015127775536652856,0.00020954414749730686,0.00020954414749730686,0.0019770161208785466,0.0017674719733812398,-8.918999423865845e-05,-8.918999423865845e-05,0.0003694531744696553,0.0004586431687083138,-3.1607668200173894e-05,-3.1607668200173894e-05,0.0005474824483960738,0.0005790901165962478
852e74c3fffffff,JPN,20,20,20,True,20,0.00022026321853845583,0.00022026321853845583,0.0014049127292090706,0.001184649510670615,0.00028679403934737913,0.00028679403934737913,0.0016713137979183733,0.0013845197585709945,0.0004111566902753507,0.0004111566902753507,0.0010063663861034301,0.0005952096958280795,0.0007147658502008696,0.0007147658502008696,0.001472751280012229,0.0007579854298113597
852e74cbfffffff,JPN,7,12,13,False,20,,4.5370779974424716e-05,,,,6.000015721202264e-05,,,,0.0,,,,0.0,,
852e74d3fffffff,JPN,20,20,20,True,20,5.80799694724596e-05,5.80799694724596e-05,0.00043664719243595164,0.00037856722296349197,7.765045419686038e-05,7.765045419686038e-05,0.000519676484778591,0.0004420260305817305,9.008767978573666e-05,9.008767978573666e-05,0.00011359864806273717,2.3510968277000507e-05,0.00014209211515271876,0.00014209211515271876,0.0001694018680819626,2.7309752929243857e-05
852e74d7fffffff,JPN,20,20,20,True,20,0.00020810480578881967,0.00020810480578881967,0.0015870280879891692,0.0013789232822003492,0.0002748808343374406,0.0002748808343374406,0.0018855588762958027,0.0016106780419583623,-4.4004672982221214e-05,-4.4004672982221214e-05,0.00012682578837889077,0.00017083046136111198,-3.174740878965553e-05,-3.174740878965553e-05,0.00018227036305567152,0.000214017771845327
852e74dbfffffff,JPN,20,20,20,True,20,0.001124029257371626,0.001124029257371626,0.006608191098660438,0.0054841618412888125,0.0014219496544003068,0.0014219496544003068,0.00770428726907813,0.006282337614677823,0.0004143086796124719,0.0004143086796124719,0.001123888118168252,0.0007095794385557801,0.0006429957833819664,0.0006429957833819664,0.0015450274103875415,0.0009020316270055747
852e7507fffffff,JPN,20,20,20,True,20,0.0003038151193558715,0.0003038151193558715,0.0020879897378672566,0.0017841746185113857,0.00039753624347642997,0.00039753624347642997,0.0024846030806101476,0.0020870668371337176,0.0003692808931340027,0.0003692808931340027,0.0004768614798436421,0.00010758058670963931,0.0005660698221529222,0.0005660698221529222,0.0006955728118919268,0.00012950298973900463
852e751bfffffff,JPN,20,20,20,True,20,0.0001109578123952241,0.0001109578123952241,0.0008576673825182408,0.0007467095701230167,0.0001492263883221285,0.0001492263883221285,0.0010201192084188567,0.000870892820096728,-0.0002519108215697745,-0.0002519108215697745,0.0003149584949702723,0.0005668693165400468,-0.00027423304997815977,-0.00027423304997815977,0.00043070961393574186,0.0007049426639139017
852e753bfffffff,JPN,18,19,19,False,20,,2.8182660872060834e-05,,,,3.9505872128316094e-05,,,,-3.282116116909512e-05,,,,-3.83608335559454e-05,,
852e7543fffffff,JPN,4,7,11,False,20,,-4.2705018242376595e-06,,,,2.320886565065747e-06,,,,0.0,,,,0.0,,
852e7547fffffff,JPN,20,20,20,True,20,0.0006250298027876887,0.0006250298027876887,0.0034430321456191543,0.0028180023428314655,0.0007382694150455124,0.0007382694150455124,0.003954719471954757,0.003216450056909244,0.0006067181185553969,0.0006067181185553969,0.0006795837003714236,7.28655818160268e-05,0.0008845703778782906,0.0008845703778782906,0.0009717809697393318,8.721059186104134e-05
852e754bfffffff,JPN,0,1,2,False,20,,,,,,,,,,,,,,,,
852e7573fffffff,JPN,10,12,13,False,20,,1.4388556555463452e-05,,,,2.098354023850094e-05,,,,0.0,,,,0.0,,
852e758ffffffff,JPN,20,20,20,True,20,4.9687993027178004e-05,4.9687993027178004e-05,0.0003660353976512122,0.0003163474046240342,6.503171242353493e-05,6.503171242353493e-05,0.0004346912209145691,0.0003696595084910342,0.00024048989710706765,0.00024048989710706765,0.00027184061127633643,3.135071416926878e-05,0.0003449291376162281,0.0003449291376162281,0.00038658018514007333,4.165104752384522e-05
852e7593fffffff,JPN,12,15,17,False,20,,4.375097310496234e-06,,,,9.712003788791239e-06,,,,0.0,,,,0.0,,
852e75abfffffff,JPN,0,2,4,False,20,,,,,,,,,,,,,,,,
852e75b3fffffff,JPN,20,20,20,True,20,7.735459391523072e-05,7.735459391523072e-05,0.0006717391819324953,0.0005943845880172646,0.00010358323226204334,0.00010358323226204334,0.0007985524544464504,0.0006949692221844071,-2.0995367960330714e-05,-2.0995367960330714e-05,6.558776604906577e-05,8.658313400939647e-05,-1.60714596419512e-05,-1.60714596419512e-05,9.354182490103769e-05,0.00010961328454298887
852e75bbfffffff,JPN,6,9,16,False,20,,4.08969286909133e-05,,,,5.3673321438527914e-05,,,,-0.0002229564382064896,,,,-0.0002905138937557437,,
852e75c3fffffff,JPN,0,0,1,False,20,,,,,,,,,,,,,,,,
852e75cffffffff,JPN,1,2,2,False,20,,6.048026405423791e-05,,,,7.364107186257532e-05,,,,0.0011399129106536262,,,,0.001710717646052519,,
852e75d7fffffff,JPN,19,19,20,False,20,,0.0001286923910029353,,,,0.00016367684522135625,,,,4.7359866918428176e-05,,,,8.024553820939364e-05,,
852e75dbfffffff,JPN,0,1,1,False,20,,,,,,,,,,,,,,,,
852e7623fffffff,JPN,0,2,0,False,20,,,,,,,,,,,,,,,,
852e7627fffffff,JPN,20,20,20,True,20,2.3492511531266826e-05,2.3492511531266826e-05,0.000439928140130695,0.0004164356285994282,3.548746790421067e-05,3.548746790421067e-05,0.0005221639600589297,0.0004866764921547189,0.00024284857334040626,0.00024284857334040626,0.00024284857334040626,0.0,0.0003744628469332475,0.0003744628469332475,0.0003744628469332475,0.0
852e763bfffffff,JPN,19,19,20,False,20,,6.231655345299717e-05,,,,8.233862464071975e-05,,,,6.427490221181798e-05,,,,0.00010978766364488186,,
852e765bfffffff,JPN,0,1,0,False,20,,,,,,,,,,,,,,,,
852e7663fffffff,JPN,16,16,20,False,20,,8.134958962038375e-05,,,,0.00010275608559454908,,,,-8.091327133003294e-06,,,,-9.059625380866651e-06,,
852e768bfffffff,JPN,0,1,2,False,20,,,,,,,,,,,,,,,,
852e76c3fffffff,JPN,1,3,3,False,20,,1.084559787579997e-05,,,,1.602697839032206e-05,,,,0.0,,,,0.0,,
852e76c7fffffff,JPN,0,1,0,False,20,,,,,,,,,,,,,,,,
852e76d7fffffff,JPN,20,20,20,True,20,6.068015215833079e-05,6.068015215833079e-05,0.0005241250621652258,0.00046344491000689496,8.196227358120813e-05,8.196227358120813e-05,0.0006235951268518205,0.0005416328532706125,2.628448980928501e-05,2.628448980928501e-05,8.789828917396233e-05,6.161379936467732e-05,3.9519587630199734e-05,3.9519587630199734e-05,0.00012069539413944307,8.117580650924334e-05
852ea93bfffffff,JPN,0,2,1,False,20,,,,,,,,,,,,,,,,
852ea9b7fffffff,JPN,0,4,3,False,20,,,,,,,,,,,,,,,,
852ead0bfffffff,JPN,20,20,20,True,20,2.4270184316124744e-05,2.4270184316124744e-05,0.0007290734063240436,0.000704803222007919,4.015005757548045e-05,4.015005757548045e-05,0.0008650833318409856,0.0008249332742655052,0.0,0.0,0.0,0.0,0.0,0.0,0.0,0.0
852ead47fffffff,JPN,18,18,20,False,20,,4.1349808779902195e-05,,,,5.5514362579078494e-05,,,,5.127004145663918e-05,,,,9.145441285976266e-05,,
852ee6c3fffffff,JPN,1,4,3,False,20,,1.0500504885578926e-05,,,,9.980902428201105e-06,,,,0.0,,,,0.0,,
852ef493fffffff,JPN,2,5,5,False,20,,-2.6378901906738215e-06,,,,-2.849777189140043e-06,,,,0.0,,,,0.0,,
852f580bfffffff,JPN,0,2,2,False,20,,,,,,,,,,,,,,,,
852f5837fffffff,JPN,14,16,16,False,20,,5.6942908606665334e-05,,,,7.069260435425011e-05,,,,0.0,,,,0.0,,
852f5843fffffff,JPN,0,1,0,False,20,,,,,,,,,,,,,,,,
852f5857fffffff,JPN,0,1,2,False,20,,,,,,,,,,,,,,,,
852f5863fffffff,JPN,1,5,1,False,20,,-2.902583824836791e-05,,,,-3.580548012226402e-05,,,,0.0,,,,0.0,,
852f586bfffffff,JPN,20,20,20,True,20,0.0003384611929477197,0.0003384611929477197,0.001877613075207548,0.0015391518822598282,0.0004368459973152046,0.0004368459973152046,0.0022345152704747037,0.0017976692731594991,0.0005906415537234465,0.0005906415537234465,0.0009185742245682305,0.0003279326708447839,0.0009435022966835172,0.0009435022966835172,0.0013464290688243665,0.00040292677214084883
852f586ffffffff,JPN,20,20,20,True,20,0.0006413164107953826,0.0006413164107953826,0.004889932826951607,0.004248616416156224,0.0008477646904276671,0.0008477646904276671,0.005817770834850158,0.00497000614442249,0.0011957871137117419,0.0011957871137117419,0.0014132146194785406,0.0002174275057667991,0.001766371791663274,0.001766371791663274,0.002041599559798158,0.00027522776813488454
852f5923fffffff,JPN,0,1,3,False,20,,,,,,,,,,,,,,,,
852f592bfffffff,JPN,0,4,2,False,20,,,,,,,,,,,,,,,,
852f592ffffffff,JPN,3,12,7,False,20,,-2.6369009303607297e-05,,,,-2.8236055925853824e-05,,,,0.0006097135342275007,,,,0.0008907715397720601,,
852f594bfffffff,JPN,1,1,1,False,20,,2.4633183683885504e-05,,,,3.232270311570546e-05,,,,0.0,,,,0.0,,
852f5957fffffff,JPN,9,11,14,False,20,,4.879362137713565e-05,,,,6.277610657765916e-05,,,,0.0002538609070704071,,,,0.00037945839902706866,,
852f595bfffffff,JPN,0,2,1,False,20,,,,,,,,,,,,,,,,
852f5967fffffff,JPN,20,20,20,True,20,0.0001607767794403596,0.0001607767794403596,0.0022078973033702173,0.002047120523929858,0.00023204809511670528,0.00023204809511670528,0.0026253664069504157,0.0023933183118337105,0.0008123030616104752,0.0008123030616104752,0.0013093859580538894,0.0004970828964434141,0.0012846999955468134,0.0012846999955468134,0.0019163886708904745,0.000631688675343661
852f596ffffffff,JPN,20,20,20,True,20,0.001354106844141798,0.001354106844141798,0.006886164689031535,0.005532057844889735,0.0017260611363902102,0.0017260611363902102,0.008191862571811762,0.0064658014354215506,0.0011529572801427636,0.0011529572801427636,0.001964010901564545,0.0008110536214217817,0.0018389112318572317,0.0018389112318572317,0.0028659731525162045,0.001027061920658973
852f5a03fffffff,JPN,20,20,20,True,20,0.0023234859378458337,0.0023234859378458337,0.01648874406822451,0.014165258130378671,0.00012705776506546196,0.00012705776506546196,0.00113936592924507,0.0010123081641796085,0.0001778102500651677,0.0001778102500651677,0.0018403424722348329,0.0016625322221696652,-5.903137731774948e-05,-5.903137731774948e-05,0.00022436018451609395,0.0002833915618338434
852f5a07fffffff,JPN,20,20,20,True,20,0.0020098521658945224,0.0020098521658945224,0.01359092013554459,0.011581067969650067,0.002630637784766337,0.002630637784766337,0.016162766471961146,0.013532128687194809,0.0020220305017651474,0.0020220305017651474,0.0031574611428594017,0.0011354306410942545,0.003018474196501663,0.003018474196501663,0.0044503032922409026,0.0014318290957392392
852f5a0bfffffff,JPN,20,20,20,True,20,0.0003002413091256231,0.0003002413091256231,0.0012966221422004418,0.0009963808330748186,0.0003785722907370809,0.0003785722907370809,0.0015436450789090578,0.0011650727881719768,6.110730075263658e-05,6.110730075263658e-05,0.00014650321327186992,8.539591251923337e-05,9.661289940488506e-05,9.661289940488506e-05,0.00020645929843923294,0.00010984639903434791
852f5a0ffffffff,JPN,20,20,20,True,20,0.0006343004057214809,0.0006343004057214809,0.002797176648453568,0.0021628762427320864,0.000800772651730371,0.000800772651730371,0.0033287218205779365,0.002527949168847565,0.00046346861134512256,0.00046346861134512256,0.0006611336236889247,0.000197665012343802,0.0006889565344670008,0.0006889565344670008,0.0009349885615478712,0.0002460320270808704
852f5a13fffffff,JPN,20,20,20,True,20,-0.00011020175295761389,-0.00011020175295761389,0.001989253237507535,0.0020994549904651493,0.0003528017640337019,0.0003528017640337019,0.002054860558776072,0.0017020587947423707,-0.0013636590451429206,-0.0013636590451429206,0.0012641984786336661,0.0026278575237765867,0.0003462740584438777,0.0003462740584438777,0.0008380352953673723,0.0004917612369234943
852f5a17fffffff,JPN,20,20,20,True,20,0.0011664146043116619,0.0011664146043116619,0.0068111004856571695,0.005644685881345508,0.0015025201727036116,0.0015025201727036116,0.00809777250785949,0.006595252335155876,0.0007706157467285743,0.0007706157467285743,0.0013802464935407377,0.0006096307468121635,0.0012269772429933333,0.0012269772429933333,0.001986838665105836,0.0007598614221125031
852f5a23fffffff,JPN,20,20,20,True,20,0.005244481890062451,0.005244481890062451,0.037142146916093,0.031897665026030544,0.006890245451184859,0.006890245451184859,0.04417436320102088,0.03728411774983603,0.003974097609236662,0.003974097609236662,0.008671998573444719,0.004697900964208057,0.006409672873617681,0.006409672873617681,0.012329712983204698,0.005920040109587016
852f5a27fffffff,JPN,20,20,20,True,20,0.0012229686506794574,0.0012229686506794574,0.011270883041200414,0.010047914390520956,0.0016573816753314452,0.0016573816753314452,0.013403837995424514,0.011746456320093069,0.0014274279692368563,0.0014274279692368563,0.0029433482959317866,0.0015159203266949298,0.002271556568220804,0.002271556568220804,0.004178309827008594,0.0019067532587877909
852f5a2bfffffff,JPN,20,20,20,True,20,0.00040139133518773756,0.00040139133518773756,0.0031484012878303528,0.0027470099526426157,0.0005330326886797585,0.0005330326886797585,0.003745095601771075,0.003212062913091317,0.00027977130617620196,0.00027977130617620196,0.0004889438243447158,0.00020917251816851378,0.00045387610131689333,0.00045387610131689333,0.0007176012053454454,0.00026372510402855197
852f5a2ffffffff,JPN,20,20,20,True,20,0.00022091491718581282,0.00022091491718581282,0.002475912847633978,0.002254997930448164,0.0003080558245094142,0.0003080558245094142,0.002943746290377798,0.0026356904658683834,0.0002165555333068472,0.0002165555333068472,0.00044312044998705497,0.0002265649166802078,0.0003574185031980133,0.0003574185031980133,0.0006473254904885558,0.0002899069872905425
852f5a33fffffff,JPN,20,20,20,True,20,0.004140239207267691,0.004140239207267691,0.02352524211668942,0.019385002909421724,0.005320204469139464,0.005320204469139464,0.027977521668861843,0.022657317199722374,0.0029050964923659807,0.0029050964923659807,0.006576229141021575,0.003671132648655594,0.004824874726657821,0.004824874726657821,0.009463545737631284,0.004638671010973464
852f5a37fffffff,JPN,20,20,20,True,20,0.06567545184731687,0.06567545184731687,0.3927720958339017,0.32709664398658483,0.05836700173326057,0.05836700173326057,0.35885467729955356,0.30048767556629297,0.15453458840834394,0.15453458840834394,0.26391799780790115,0.10938340939955718,0.10621618988411168,0.10621618988411168,0.18382504280930842,0.07760885292519672
852f5a3bfffffff,JPN,20,20,20,True,20,0.0007171421064403466,0.0007171421064403466,0.005909403417462813,0.005192261311022467,0.0009623134959468073,0.0009623134959468073,0.007029545756922394,0.006067232260975586,4.173033734666586e-05,4.173033734666586e-05,0.0008501437089451271,0.0008084133715984614,0.00018403058734147112,0.00018403058734147112,0.0012220146766114763,0.0010379840892700055
852f5a43fffffff,JPN,0,3,2,False,20,,,,,,,,,,,,,,,,
852f5a47fffffff,JPN,14,16,18,False,20,,0.0001185340234635679,,,,0.00014476722039404431,,,,7.319851143507146e-05,,,,0.00010860522651792095,,
852f5a4bfffffff,JPN,20,20,20,True,20,0.0005272056967009182,0.0005272056967009182,0.0033140366897411477,0.0027868309930402296,0.0006844869704492435,0.0006844869704492435,0.003943694927062832,0.003259207956613588,0.000420838891892617,0.000420838891892617,0.0013147500394547478,0.0008939111475621308,0.0007684214437586272,0.0007684214437586272,0.0018870661654946902,0.001118644721736063
852f5a53fffffff,JPN,0,1,0,False,20,,,,,,,,,,,,,,,,
852f5a57fffffff,JPN,1,5,10,False,20,,-9.002262972840613e-06,,,,-6.337383896748026e-06,,,,0.0,,,,0.0,,
852f5a5bfffffff,JPN,1,1,2,False,20,,1.3259451474938058e-05,,,,1.959431743133877e-05,,,,0.0,,,,0.0,,
852f5a63fffffff,JPN,1,3,5,False,20,,-0.00010330242485704437,,,,-0.00012556336881576548,,,,0.0,,,,0.0,,
852f5a67fffffff,JPN,20,20,20,True,20,0.00013011971600420852,0.00013011971600420852,0.0007551489299513426,0.0006250292139471341,0.00016860208649105372,0.00016860208649105372,0.0008980512211179761,0.0007294491346269223,1.7854186229708275e-05,1.7854186229708275e-05,0.00016576996107798664,0.00014791577484827835,4.21481106735619e-05,4.21481106735619e-05,0.0002301434559348903,0.00018799534526132842
852f5a6bfffffff,JPN,17,19,18,False,20,,7.421984812798763e-05,,,,9.42340528944666e-05,,,,2.1334903886691053e-05,,,,2.90159841825121e-05,,
852f5a6ffffffff,JPN,19,19,20,False,20,,9.510267110305035e-05,,,,0.00012758858975697447,,,,-4.96638120815926e-06,,,,1.612887209143204e-05,,
852f5a73fffffff,JPN,20,20,20,True,20,0.00012522096808385876,0.00012522096808385876,0.0010895797422427042,0.0009643587741588455,0.00016929353775195578,0.00016929353775195578,0.0012963943113000675,0.001127100773548112,-8.93820473310726e-06,-8.93820473310726e-06,0.00016717588503531962,0.00017611408976842685,1.9738897750253243e-05,1.9738897750253243e-05,0.00024119970281660146,0.0002214608050663482
852f5a77fffffff,JPN,8,13,13,False,20,,0.00010096879504465447,,,,0.00012348187016711335,,,,0.0,,,,0.0,,
852f5a7bfffffff,JPN,9,10,10,False,20,,-1.1385739962579358e-05,,,,-5.960211260619956e-06,,,,0.0,,,,0.0,,
852f5a83fffffff,JPN,20,20,20,True,20,0.00013532625393596927,0.00013532625393596927,0.0007297967976395161,0.0005944705437035469,0.00017355100046948627,0.00017355100046948627,0.0008682805211695701,0.0006947295207000838,-7.396390089281564e-05,-7.396390089281564e-05,2.8697616089031482e-05,0.00010266151698184711,-8.777102694676455e-05,-8.777102694676455e-05,3.503633267698603e-05,0.00012280735962375057
852f5a8bfffffff,JPN,20,20,20,True,20,7.859386753602309e-05,7.859386753602309e-05,0.0008579618739797991,0.000779368006443776,0.00010811774641976224,0.00010811774641976224,0.0010203357404562584,0.0009122179940364962,0.0009316148353438272,0.0009316148353438272,0.0009694450994860573,3.783026414223012e-05,0.0013720362612439727,0.0013720362612439727,0.0014206637284978185,4.862746725384586e-05
852f5a93fffffff,JPN,9,14,14,False,20,,9.476775812962803e-05,,,,0.00011813945394601857,,,,-4.300503496925518e-06,,,,-6.883479723821385e-06,,
852f5aa7fffffff,JPN,20,20,20,True,20,0.01942589468320425,0.01942589468320425,0.1284934704167481,0.10906757573354382,0.02485025914556894,0.02485025914556894,0.15147087227382083,0.1266206131282519,0.021914394874009514,0.021914394874009514,0.038854527211516623,0.01694013233750711,0.033198518854451575,0.033198518854451575,0.0540932224776534,0.020894703623201817
852f5aabfffffff,JPN,20,20,20,True,20,0.0008776125592737726,0.0008776125592737726,0.007859604496488828,0.006981991937215057,0.0011918012855591078,0.0011918012855591078,0.009346924028073123,0.008155122742514015,0.0010239291788219352,0.0010239291788219352,0.00250612730719389,0.001482198128371955,0.001720693050376428,0.001720693050376428,0.0036075861679284215,0.0018868931175519937
852f5aaffffffff,JPN,20,20,20,True,20,0.008753983809054289,0.008753983809054289,0.05839597146053368,0.04964198765147938,0.002704506718104131,0.002704506718104131,0.014819062784324035,0.012114556066219907,0.08146015476410032,0.08146015476410032,0.1532492831145696,0.0717891283504693,0.0011358656663825594,0.0011358656663825594,0.003994817356994155,0.002858951690611595
852f5ab3fffffff,JPN,20,20,20,True,20,0.0002771801420911661,0.0002771801420911661,0.0009819200055148866,0.0007047398634237202,0.0003434734136769218,0.0003434734136769218,0.0011671244259282194,0.000823651012251298,0.00014054005232678533,0.00014054005232678533,0.00023489987617478003,9.43598238479947e-05,0.00023703854623730053,0.00023703854623730053,0.00035679103407012185,0.0001197524878328213
852f5ab7fffffff,JPN,10,15,14,False,20,,2.4940317327087782e-05,,,,3.378267975907528e-05,,,,0.0,,,,0.0,,
852f5abbfffffff,JPN,20,20,20,True,20,0.0036262811717873654,0.0036262811717873654,0.020458002934840704,0.01683172176305334,0.004658288824243092,0.004658288824243092,0.02433327179136658,0.019674982967123486,0.0031944005871908853,0.0031944005871908853,0.005966225560370475,0.002771824973179588,0.005056878653678492,0.005056878653678492,0.00852170732538457,0.003464828671706078
852f5ac7fffffff,JPN,2,7,6,False,20,,2.8155061618476283e-05,,,,3.5041393123851254e-05,,,,0.0,,,,0.0,,
852f5acbfffffff,JPN,20,20,20,True,20,0.00029163223320030954,0.00029163223320030954,0.0014954832027766003,0.0012038509695762904,0.00037049915391258986,0.00037049915391258986,0.0017802894797005985,0.0014097903257880087,0.00020074835197813178,0.00020074835197813178,0.0002561500140279932,5.54016620498615e-05,0.00029869136730933417,0.00029869136730933417,0.0003699281083709041,7.123674106156992e-05
852f5acffffffff,JPN,4,6,8,False,20,,7.088956671058564e-05,,,,9.168004013444925e-05,,,,-4.954988881004951e-05,,,,-5.6592839421213714e-05,,
852f5ad3fffffff,JPN,9,12,15,False,20,,-2.5899606120519854e-05,,,,-2.7511214969919986e-05,,,,-6.968267207961664e-05,,,,-9.195503766478342e-05,,
852f5ad7fffffff,JPN,0,2,0,False,20,,,,,,,,,,,,,,,,
852f5b03fffffff,JPN,15,18,15,False,20,,4.398700497126059e-05,,,,5.653879315142597e-05,,,,5.381453240279171e-05,,,,6.812121600529234e-05,,
852f5b1bfffffff,JPN,0,0,1,False,20,,,,,,,,,,,,,,,,
852f5b23fffffff,JPN,4,7,11,False,20,,1.912540934524232e-05,,,,2.373264812580437e-05,,,,0.0,,,,0.0,,
852f5b2bfffffff,JPN,20,20,20,True,20,0.00029303700021086866,0.00029303700021086866,0.0018775124720106506,0.001584475471799782,0.0003808029414632744,0.0003808029414632744,0.0022320894278820254,0.001851286486418751,0.0002925104173700747,0.0002925104173700747,0.0005210128656273421,0.00022850244825726738,0.0004664095005377348,0.0004664095005377348,0.000760074339239873,0.00029366483870213824
852f5b2ffffffff,JPN,6,8,8,False,20,,-3.2747396216811257e-06,,,,-2.8692836590390545e-06,,,,0.0,,,,0.0,,
852f5b33fffffff,JPN,0,8,3,False,20,,,,,,,,,,,,,,,,
852f5b3bfffffff,JPN,13,16,17,False,20,,2.252432787427726e-05,,,,3.137307776242483e-05,,,,-3.0018957281071055e-05,,,,-3.636421918882259e-05,,
852f5b4ffffffff,JPN,18,19,19,False,20,,6.636346801209525e-05,,,,8.862657804092624e-05,,,,0.00010812575890767033,,,,0.0001587142873014286,,
852f5b53fffffff,JPN,20,20,20,True,20,0.0003003077325286356,0.0003003077325286356,0.003302769274099542,0.0030024615415709063,0.0003081884546645544,0.0003081884546645544,0.003427099621956945,0.0031189111672923907,0.00026809959947447646,0.00026809959947447646,0.000420038774683572,0.00015193917520909557,0.0003199558636913935,0.0003199558636913935,0.0005112758217540052,0.00019131995806261174
852f5b57fffffff,JPN,20,20,20,True,20,0.00014937406540500717,0.00014937406540500717,0.0010384804967355967,0.0008891064313305893,0.0001958165718215266,0.0001958165718215266,0.0012367022159105183,0.0010408856440889916,3.067852946854959e-05,3.067852946854959e-05,6.614203751876592e-05,3.546350805021633e-05,4.3984425010443e-05,4.3984425010443e-05,9.184184817535011e-05,4.7857423164907106e-05
852f5b5bfffffff,JPN,20,20,20,True,20,0.0004747353115155094,0.0004747353115155094,0.002628754532909075,0.0021540192213935654,0.0006094522653745296,0.0006094522653745296,0.0031264910913356312,0.0025170388259611017,0.000793412702700098,0.000793412702700098,0.0010429625575123825,0.0002495498548122844,0.0012061769519688683,0.0012061769519688683,0.0015146828267800074,0.0003085058748111391
852f5b77fffffff,JPN,1,1,1,False,20,,7.967532909454331e-06,,,,8.016343847221975e-06,,,,0.0,,,,0.0,,
852f5b83fffffff,JPN,20,20,20,True,20,0.00018438759013873166,0.00018438759013873166,0.0007461687996328153,0.0005617812094940839,0.00023124156631866883,0.00023124156631866883,0.0008882962644516333,0.0006570546981329649,0.0003596360798953642,0.0003596360798953642,0.0003596360798953642,0.0,0.0005313932111500712,0.0005313932111500712,0.0005313932111500712,0.0
852f5b87fffffff,JPN,19,19,20,False,20,,9.933020974623964e-05,,,,0.00012764297568656772,,,,-6.813749164634353e-06,,,,-7.629158215466654e-06,,
852f5b8bfffffff,JPN,20,20,20,True,20,0.00024119185530197982,0.00024119185530197982,0.0014779344503869389,0.001236742595084959,0.0003125611928340317,0.0003125611928340317,0.0017573484822285903,0.0014447872893945586,-2.2621189525218384e-05,-2.2621189525218384e-05,0.00014596977452535496,0.00016859096405057332,-4.759419900506523e-07,-4.759419900506523e-07,0.0002142642878569286,0.00021474022984697928
852f5b8ffffffff,JPN,13,16,16,False,20,,2.073707347309794e-05,,,,3.161375957316928e-05,,,,-4.292534509831192e-05,,,,-5.4925438716941756e-05,,
852f5ba3fffffff,JPN,20,20,20,True,20,0.00043318951994422114,0.00043318951994422114,0.0024791224890323028,0.0020459329690880814,0.0005581848794929528,0.0005581848794929528,0.00295205113669892,0.0023938662572059667,-7.915030996009454e-05,-7.915030996009454e-05,0.0002896290805464988,0.00036877939050659333,-7.327793020669186e-05,-7.327793020669186e-05,0.00039195662435344297,0.0004652345545601348
852f5ba7fffffff,JPN,19,19,20,False,20,,6.04357744782406e-05,,,,7.850395519013068e-05,,,,0.00015209265575428865,,,,0.0002205969299590793,,
852f5babfffffff,JPN,2,8,6,False,20,,-6.127411975054799e-05,,,,-6.987688132812224e-05,,,,-0.000556023053388335,,,,-0.000713199056967971,,
852f5bb3fffffff,JPN,20,20,20,True,20,0.0004436086934192271,0.0004436086934192271,0.0026353993355269756,0.0021917906421077484,0.0005722410609868317,0.0005722410609868317,0.003132896429850945,0.0025606553688641135,-0.00011811336930003932,-0.00011811336930003932,0.00023938999621322634,0.0003575033655132657,-0.00010051520745360115,-0.00010051520745360115,0.00035251019756793526,0.0004530254050215365
852f5bbbfffffff,JPN,15,16,18,False,20,,1.5514556943760117e-05,,,,2.3126317713680728e-05,,,,1.913174405935432e-05,,,,2.335755511799069e-05,,
852f5bc3fffffff,JPN,20,20,20,True,20,0.0012107176821186394,0.0012107176821186394,0.00884655484485427,0.007635837162735632,0.0015974519846004977,0.0015974519846004977,0.01052337848308119,0.008925926498480691,0.0022266410152939832,0.0022266410152939832,0.003152009310804205,0.0009253682955102217,0.0033806027011718193,0.0033806027011718193,0.004563376176317069,0.001182773475145249
852f5bc7fffffff,JPN,20,20,20,True,20,0.00010956334274497081,0.00010956334274497081,0.0005423311307729537,0.00043276778802798295,0.0001256041187694072,0.0001256041187694072,0.0006259395368916147,0.0005003354181222076,-1.865084191426822e-06,-1.865084191426822e-06,0.00020404277021067533,0.00020590785440210215,-0.0001526107822276361,-0.0001526107822276361,0.00011606275790998766,0.00026867354013762374
852f5bcbfffffff,JPN,20,20,20,True,20,0.0020889647522201317,0.0020889647522201317,0.016120329174721105,0.01403136442250097,0.002772372849609972,0.002772372849609972,0.01917149670415608,0.016399123854546106,0.0010975247896409762,0.0010975247896409762,0.002318875044971444,0.0012213502553304677,0.0017860275313045734,0.0017860275313045734,0.0033308934735950973,0.0015448659422905241
852f5bcffffffff,JPN,20,20,20,True,20,0.0010518761802768063,0.0010518761802768063,0.007058575648149978,0.0060066994678731715,0.0013749723155942885,0.0013749723155942885,0.008392348938804601,0.007017376623210314,0.0015024550797980232,0.0015024550797980232,0.0023446872637194506,0.0008422321839214273,0.0023260246442525145,0.0023260246442525145,0.003408491811112635,0.00108246716686012
852f5bd7fffffff,JPN,20,20,20,True,20,0.0010806723015504797,0.0010806723015504797,0.008330996160671634,0.007250323859121154,0.001439274525324051,0.001439274525324051,0.009911068950259855,0.008471794424935803,0.001385352905361777,0.001385352905361777,0.002524128966325806,0.001138776060964029,0.002235357055025289,0.002235357055025289,0.0036757646748428337,0.0014404076198175453
852f5bdbfffffff,JPN,20,20,20,True,20,-8.922907466166178e-06,-8.922907466166178e-06,0.0006250516368818234,0.0006339745443479895,2.337729528969625e-06,2.337729528969625e-06,0.0007438971576655073,0.0007415594281365376,0.00015783246392843758,0.00015783246392843758,0.00016774244169044748,9.909977762009901e-06,0.0002426488909654296,0.0002426488909654296,0.00025396745884967236,1.1318567884242742e-05
852f5e2ffffffff,JPN,0,4,3,False,20,,,,,,,,,,,,,,,,
8530c96ffffffff,JPN,0,0,2,False,20,,,,,,,,,,,,,,,,
8530ca6bfffffff,JPN,14,18,15,False,20,,3.608649859704469e-05,,,,4.7091572765416564e-05,,,,-4.910648002900769e-05,,,,-6.135605067243637e-05,,
8530ca6ffffffff,JPN,1,3,5,False,20,,2.2158024647281205e-05,,,,2.950096694150767e-05,,,,0.0,,,,0.0,,
8530cb1bfffffff,JPN,0,0,1,False,20,,,,,,,,,,,,,,,,
8530cb47fffffff,JPN,20,20,20,True,20,0.00029979188625474813,0.00029979188625474813,0.001680706415767845,0.0013809145295130966,0.0003834186803298903,0.0003834186803298903,0.0019989251091688184,0.0016155064288389282,-0.0003145612200878263,-0.0003145612200878263,6.209020464931453e-05,0.00037665142473714084,-0.0003829950950034991,-0.0003829950950034991,9.701014726140353e-05,0.0004800052422649027
8530cb6bfffffff,JPN,20,20,20,True,20,0.00018941097052765286,0.00018941097052765286,0.0006185635586413482,0.00042915258811369536,0.000234880625522059,0.000234880625522059,0.00073522272533278,0.0005003420998107211,7.0301968144281e-05,7.0301968144281e-05,8.347188909841542e-05,1.3169920954134433e-05,0.00010846571355150425,0.00010846571355150425,0.00012390343469685964,1.5437721145355408e-05
8530d903fffffff,JPN,17,18,18,False,20,,1.6295386421575984e-05,,,,2.3627265229926657e-05,,,,8.401734944749224e-06,,,,1.3538055135805692e-05,,
8530d90bfffffff,JPN,11,16,15,False,20,,4.176076420344356e-05,,,,5.341617928985722e-05,,,,0.0006292903999082798,,,,0.0009576784555419576,,
8530d90ffffffff,JPN,1,6,9,False,20,,-5.066771505090741e-05,,,,-5.474081368000603e-05,,,,0.0,,,,0.0,,
8530d923fffffff,JPN,19,19,19,False,20,,8.095650292984733e-05,,,,0.00010184437307983235,,,,0.0006428503741069946,,,,0.0009233073757556474,,
8530d927fffffff,JPN,0,2,2,False,20,,,,,,,,,,,,,,,,
8530d92bfffffff,JPN,0,2,4,False,20,,,,,,,,,,,,,,,,
8530d92ffffffff,JPN,20,20,20,True,20,0.0003543688893440102,0.0003543688893440102,0.0022222204933833815,0.0018678516040393708,0.00045887919196746464,0.00045887919196746464,0.002640998202243094,0.00218211901027563,0.0005551647722272418,0.0005551647722272418,0.0008820493625184627,0.00032688459029122085,0.0008943418750352001,0.0008943418750352001,0.0013064344336418828,0.00041209255860668307
8530d937fffffff,JPN,20,20,20,True,20,0.00016980205745949494,0.00016980205745949494,0.0009511690166832742,0.0007813669592237791,0.00021734631683982078,0.00021734631683982078,0.0011309955956158879,0.0009136492787760672,0.0001657065453333862,0.0001657065453333862,0.0002312311522339883,6.552460690060215e-05,0.0002548682575107063,0.0002548682575107063,0.00033938537587002975,8.45171183593235e-05
8530d943fffffff,JPN,19,20,19,False,20,,2.369024250503536e-06,,,,1.1577378612631258e-05,,,,0.00016082540538334513,,,,0.0002795730658880407,,
8530d94bfffffff,JPN,0,2,0,False,20,,,,,,,,,,,,,,,,
8530d967fffffff,JPN,17,18,19,False,20,,2.981059637788713e-05,,,,4.107758511067806e-05,,,,-3.689082639509116e-05,,,,-4.868207876370887e-05,,
8530d973fffffff,JPN,2,7,8,False,20,,6.133278123547943e-05,,,,7.75019308481491e-05,,,,0.0,,,,0.0,,
8530d977fffffff,JPN,20,20,20,True,20,0.000112690827884024,0.000112690827884024,0.0008048955010941699,0.0006922046732101458,0.00014903517126817678,0.00014903517126817678,0.000957081603756118,0.0008080464324879413,0.0005349393995077339,0.0005349393995077339,0.000609302259045269,7.436285953753512e-05,0.0007983424545711136,0.0007983424545711136,0.0008926886997515808,9.434624518046726e-05
8530d97bfffffff,JPN,1,3,5,False,20,,0.0002694531984612802,,,,0.0003243207961098343,,,,0.0,,,,0.0,,
8530d993fffffff,JPN,3,9,7,False,20,,-1.9720285120647223e-05,,,,-2.1178390816868376e-05,,,,0.0,,,,0.0,,
8530d9a7fffffff,JPN,14,15,17,False,20,,2.9878181776608283e-05,,,,4.295526182905416e-05,,,,7.257665758758843e-05,,,,9.310784072698432e-05,,
8530d9abfffffff,JPN,3,9,6,False,20,,4.2450633830115165e-05,,,,5.42876149834846e-05,,,,0.0,,,,0.0,,
8530d9affffffff,JPN,20,20,20,True,20,0.0028204460973708595,0.0028204460973708595,0.02021319423619181,0.01739274813882095,0.00371570767916182,0.00371570767916182,0.024043174980685773,0.020327467301523953,0.0029648065424701746,0.0029648065424701746,0.006795339490405056,0.003830532947934881,0.004937961857782116,0.004937961857782116,0.009701975345753119,0.004764013487971001
8530dab7fffffff,JPN,1,1,4,False,20,,7.967532909454331e-06,,,,8.016343847221975e-06,,,,0.0,,,,0.0,,
8530dba3fffffff,JPN,20,20,20,True,20,0.0002822748674760741,0.0002822748674760741,0.002097511821014184,0.0018152369535381098,0.00037253857730019447,0.00037253857730019447,0.002494505675218597,0.002121967097918403,0.0002453129714578584,0.0002453129714578584,0.0005618872175950382,0.0003165742461371797,0.00042047606806302286,0.00042047606806302286,0.0008311059936506269,0.0004106299255876039
8530dba7fffffff,JPN,6,10,9,False,20,,5.046778698348871e-05,,,,6.386445657476207e-05,,,,0.0,,,,0.0,,
8530dbb7fffffff,JPN,1,2,1,False,20,,-6.601920940619013e-05,,,,-7.962730409174999e-05,,,,0.0,,,,0.0,,
8530dd17fffffff,JPN,0,2,2,False,20,,,,,,,,,,,,,,,,
854a2613fffffff,JPN,20,20,20,True,20,0.0001765983488614634,0.0001765983488614634,0.0012819536696179368,0.0011053553207564736,0.0002323398019425106,0.0002323398019425106,0.0015244640233539452,0.0012921242214114345,0.0002627694161885598,0.0002627694161885598,0.000735836081677941,0.0004730666654893812,0.0004953287265484651,0.0004953287265484651,0.001074265513130631,0.0005789367865821659
854a261bfffffff,JPN,20,20,20,True,20,0.0002639269923940688,0.0002639269923940688,0.001481180209158216,0.0012172532167641472,0.00034106933961199813,0.00034106933961199813,0.0017625811166198184,0.0014215117770078204,0.00036712239101233156,0.00036712239101233156,0.000557974846435004,0.00019085245542267254,0.0005352571398922527,0.0005352571398922527,0.0007640391155117542,0.00022878197561950164
854a2657fffffff,JPN,8,13,11,False,20,,5.7075370178442504e-05,,,,7.26867522628742e-05,,,,0.00025919748206183285,,,,0.0003842972668029182,,
854a26bbfffffff,JPN,1,5,3,False,20,,1.458345132200572e-05,,,,2.2286708414368436e-05,,,,0.0,,,,0.0,,
854b0b6ffffffff,JPN,2,4,4,False,20,,6.315895721431615e-05,,,,7.849476695619399e-05,,,,0.0,,,,0.0,,
854b601bfffffff,JPN,0,4,0,False,20,,,,,,,,,,,,,,,,
854b604bfffffff,JPN,18,20,18,False,20,,6.613753676315109e-05,,,,8.370494611117997e-05,,,,-3.656654008007433e-05,,,,-4.55705233550901e-05,,
854b609bfffffff,JPN,20,20,20,True,20,0.0007051927944207163,0.0007051927944207163,0.0034625859792133578,0.002757393184792641,0.0009014086322198111,0.0009014086322198111,0.004121161849054834,0.003219753216835023,0.0001491586398961229,0.0001491586398961229,0.0007394087768199571,0.0005902501369238341,0.00032731836494222195,0.00032731836494222195,0.001054561129246503,0.000727242764304281
854b60c3fffffff,JPN,1,3,2,False,20,,5.3041825349925105e-05,,,,6.767699806479159e-05,,,,0.0,,,,0.0,,
854b6157fffffff,JPN,0,2,3,False,20,,,,,,,,,,,,,,,,
854b61b7fffffff,JPN,20,20,20,True,20,0.0005551572172430606,0.0005551572172430606,0.0034286914504157175,0.002873534233172656,0.0007207343951911587,0.0007207343951911587,0.004080268701035073,0.0033595343058439144,0.00044214022098745624,0.00044214022098745624,0.0010641605461044268,0.0006220203251169709,0.0007520034370851528,0.0007520034370851528,0.0015309569936656246,0.0007789535565804718
854b61dbfffffff,JPN,19,19,20,False,20,,0.00013716993046178984,,,,0.00017266797285506996,,,,3.816623121492703e-05,,,,5.995973087711432e-05,,
854b6257fffffff,JPN,20,20,20,True,20,0.0003283283663601783,0.0003283283663601783,0.002061007991399595,0.0017326796250394165,0.00042407763200342943,0.00042407763200342943,0.002447209336539289,0.0020231317045358603,0.0003729032973056578,0.0003729032973056578,0.0007393011222235509,0.0003663978249178931,0.0006027421410611681,0.0006027421410611681,0.0010825219083039329,0.0004797797672427645
854b625bfffffff,JPN,19,20,19,False,20,,0.00011510130395827064,,,,0.00014442999123347733,,,,5.8387603818559757e-05,,,,8.915475838119863e-05,,
854b6287fffffff,JPN,4,7,5,False,20,,-1.8666497203620388e-05,,,,-2.036771763363934e-05,,,,0.0,,,,0.0,,
854b628ffffffff,JPN,0,0,1,False,20,,,,,,,,,,,,,,,,
854b62cbfffffff,JPN,0,0,1,False,20,,,,,,,,,,,,,,,,
854b6403fffffff,JPN,8,13,11,False,20,,2.9971229104179823e-05,,,,4.169288451323962e-05,,,,0.0,,,,0.0,,
854b642bfffffff,JPN,0,5,3,False,20,,,,,,,,,,,,,,,,
854b6443fffffff,JPN,20,20,20,True,20,0.0002404853972265202,0.0002404853972265202,0.0010456756017418706,0.0008051902045153505,0.00030204645947977073,0.00030204645947977073,0.0012441629870081276,0.0009421165275283569,7.675756751459467e-06,7.675756751459467e-06,0.0001321284806068671,0.0001244527238554076,3.603376025539351e-05,3.603376025539351e-05,0.00019532486398250254,0.00015929110372710898
854b646ffffffff,JPN,18,19,19,False,20,,-6.549323060872117e-06,,,,-8.024025035772043e-08,,,,0.0,,,,0.0,,
854b6473fffffff,JPN,1,5,5,False,20,,-0.00013025240928506967,,,,-0.00014426229471185912,,,,0.0,,,,0.0,,
854b6487fffffff,JPN,20,20,20,True,20,0.00011547500143048496,0.00011547500143048496,0.0005369249994490203,0.00042144999801853523,0.0001452389450522746,0.0001452389450522746,0.0006385081139011809,0.0004932691688489064,6.847582739897221e-05,6.847582739897221e-05,0.00010555140692373377,3.7075579524761546e-05,9.913744167883075e-05,9.913744167883075e-05,0.00014282050299415863,4.368306131532787e-05
854b648bfffffff,JPN,2,4,3,False,20,,-2.8387111371250924e-05,,,,-2.0799000325654924e-05,,,,0.0,,,,0.0,,
854b649bfffffff,JPN,20,20,20,True,20,0.0008211214116148815,0.0008211214116148815,0.007317876090967295,0.006496754679352415,0.0011102313965369863,0.0011102313965369863,0.008703239559054731,0.007593008162517745,0.0007003283788090012,0.0007003283788090012,0.0015695413823796102,0.0008692130035706092,0.0011226306802195965,0.0011226306802195965,0.002224182565334516,0.0011015518851149194
854b64b7fffffff,JPN,5,11,10,False,20,,3.899552950097911e-05,,,,4.864921982624227e-05,,,,0.0002597773707932302,,,,0.00041283078066300623,,
854b64c3fffffff,JPN,15,20,15,False,20,,7.234311782868453e-05,,,,8.9920282477556e-05,,,,0.0005676519664685746,,,,0.000835382612284238,,
854b64c7fffffff,JPN,0,1,0,False,20,,,,,,,,,,,,,,,,
854b64d3fffffff,JPN,18,20,18,False,20,,3.716068461634789e-05,,,,5.042113157590291e-05,,,,5.4355870772422325e-05,,,,9.063602901783126e-05,,
854b6523fffffff,JPN,0,1,5,False,20,,,,,,,,,,,,,,,,
854b6533fffffff,JPN,20,20,20,True,20,0.0006142214715263311,0.0006142214715263311,0.003622995028727207,0.0030087735572008763,0.0007934426395939283,0.0007934426395939283,0.0043104748639309414,0.003517032224337013,0.0009666612818510464,0.0009666612818510464,0.0011685121036014248,0.00020185082175037827,0.0014441563758824376,0.0014441563758824376,0.0016983480177616785,0.0002541916418792408
854b653bfffffff,JPN,0,0,1,False,20,,,,,,,,,,,,,,,,
854b6563fffffff,JPN,1,3,3,False,20,,3.864779765437313e-05,,,,4.933114028133679e-05,,,,0.0,,,,0.0,,
854b657bfffffff,JPN,3,5,11,False,20,,0.00015785574817927644,,,,0.000187730527120792,,,,0.0,,,,0.0,,
854b6583fffffff,JPN,14,18,16,False,20,,6.832954212742746e-06,,,,1.247492502160177e-05,,,,0.0001155220182419674,,,,0.00015902896148925713,,
854b65b3fffffff,JPN,20,20,20,True,20,0.0001100489792122862,0.0001100489792122862,0.00043802900817453217,0.00032798002896224597,0.00013719026047981296,0.00013719026047981296,0.0005209166871386145,0.0003837264266588015,7.929315074282328e-05,7.929315074282328e-05,7.929315074282328e-05,0.0,0.00012072586150424459,0.00012072586150424459,0.00012072586150424459,0.0
854b65d3fffffff,JPN,13,16,17,False,20,,-8.629051426128116e-06,,,,-5.248635365287374e-06,,,,0.0,,,,0.0,,
854b65d7fffffff,JPN,0,4,7,False,20,,,,,,,,,,,,,,,,
854b660bfffffff,JPN,0,0,1,False,20,,,,,,,,,,,,,,,,
854b6613fffffff,JPN,20,20,20,True,20,0.0007348202269986221,0.0007348202269986221,0.004045139407959703,0.003310319180961081,0.0009411593570452566,0.0009411593570452566,0.00481056855423345,0.0038694091971881936,0.0012882825105014492,0.0012882825105014492,0.0019381980203133672,0.0006499155098119182,0.0019350535214207637,0.0019350535214207637,0.002750741159906971,0.0008156876384862071
854b6617fffffff,JPN,2,6,7,False,20,,-4.34001747017741e-05,,,,-4.87564096188987e-05,,,,0.0,,,,0.0,,
854b6647fffffff,JPN,5,8,12,False,20,,4.9895652284381466e-05,,,,6.30322379611607e-05,,,,0.0,,,,0.0,,
854b666bfffffff,JPN,0,0,1,False,20,,,,,,,,,,,,,,,,
854b668bfffffff,JPN,20,20,20,True,20,0.00016650784614282856,0.00016650784614282856,0.000710050588338401,0.0005435427421955725,0.00020990415183102753,0.00020990415183102753,0.0008456869091135429,0.0006357827572825153,-2.770083102493075e-05,-2.770083102493075e-05,0.0,2.770083102493075e-05,-3.561837053078496e-05,-3.561837053078496e-05,0.0,3.561837053078496e-05
854b668ffffffff,JPN,20,20,20,True,20,0.00010505511806607154,0.00010505511806607154,0.0005618225084360562,0.0004567673903699847,0.0001360825904761331,0.0001360825904761331,0.0006692162094606037,0.0005331336189844705,8.715847344044518e-05,8.715847344044518e-05,0.0001226219814906615,3.546350805021633e-05,0.00012800815331131518,0.00012800815331131518,0.00017586557647622227,4.7857423164907106e-05
854b6693fffffff,JPN,0,1,0,False,20,,,,,,,,,,,,,,,,
854b6697fffffff,JPN,1,3,2,False,20,,1.4585778230815114e-05,,,,1.910887359877144e-05,,,,0.0,,,,0.0,,
854b669bfffffff,JPN,14,16,18,False,20,,0.00010331332490540508,,,,0.00012851219271028377,,,,-3.957261574990107e-05,,,,-5.088338647254994e-05,,
854b66a3fffffff,JPN,0,0,1,False,20,,,,,,,,,,,,,,,,
854b66abfffffff,JPN,0,1,4,False,20,,,,,,,,,,,,,,,,
854b66dbfffffff,JPN,0,1,0,False,20,,,,,,,,,,,,,,,,
854b6cb7fffffff,JPN,6,11,12,False,20,,5.278063197681546e-06,,,,8.59237652234343e-06,,,,0.0,,,,0.0,,
854b6d13fffffff,JPN,2,3,5,False,20,,7.450592538252476e-05,,,,8.042049491335973e-05,,,,0.0,,,,0.0,,
854b6d27fffffff,JPN,19,19,20,False,20,,3.9733419276475125e-05,,,,5.3965573965625864e-05,,,,2.2058695245811474e-05,,,,3.7687430268271485e-05,,
854b6d2bfffffff,JPN,13,16,16,False,20,,7.863360683064809e-05,,,,9.785133664604833e-05,,,,8.76856085118174e-05,,,,0.000131593665080963,,
854b6d8bfffffff,JPN,11,15,14,False,20,,9.486475430782464e-05,,,,0.00011820104947716953,,,,0.0,,,,0.0,,
854b6d93fffffff,JPN,0,0,1,False,20,,,,,,,,,,,,,,,,
854b6d97fffffff,JPN,0,7,1,False,20,,,,,,,,,,,,,,,,
854b6d9bfffffff,JPN,0,1,0,False,20,,,,,,,,,,,,,,,,
854b70a3fffffff,JPN,4,6,8,False,20,,-5.4748729942264305e-06,,,,-2.7822969219516743e-06,,,,-0.0003276625861752602,,,,-0.00044061792257461867,,
854b70b7fffffff,JPN,0,3,0,False,20,,,,,,,,,,,,,,,,
854b718ffffffff,JPN,0,3,2,False,20,,,,,,,,,,,,,,,,
854b7197fffffff,JPN,0,0,1,False,20,,,,,,,,,,,,,,,,
854b71b3fffffff,JPN,0,2,0,False,20,,,,,,,,,,,,,,,,
854b71c3fffffff,JPN,0,1,0,False,20,,,,,,,,,,,,,,,,
854b71d7fffffff,JPN,16,19,17,False,20,,6.674986818361005e-05,,,,8.418969381507171e-05,,,,0.00013310853279673566,,,,0.00020099969537131377,,
854b751bfffffff,JPN,0,0,6,False,20,,,,,,,,,,,,,,,,
854b752bfffffff,JPN,0,1,2,False,20,,,,,,,,,,,,,,,,
854b7563fffffff,JPN,20,20,20,True,20,0.0005506983744731377,0.0005506983744731377,0.002787740647116492,0.0022370422726433544,0.0007032368427656781,0.0007032368427656781,0.003309754803479082,0.0026065179607134047,0.0002601615401402987,0.0002601615401402987,0.00037264481956143444,0.00011248327942113574,0.00040103018864158556,0.00040103018864158556,0.0005366718184648202,0.0001356416298232346
854b7577fffffff,JPN,0,0,1,False,20,,,,,,,,,,,,,,,,
854b758ffffffff,JPN,1,2,3,False,20,,-7.853732033346689e-05,,,,-8.815656383969541e-05,,,,-0.0006553251723505204,,,,-0.0008812358451492373,,
854b75a7fffffff,JPN,0,5,3,False,20,,,,,,,,,,,,,,,,
854b75abfffffff,JPN,0,3,3,False,20,,,,,,,,,,,,,,,,
854b75b7fffffff,JPN,0,3,4,False,20,,,,,,,,,,,,,,,,
854ba873fffffff,JPN,1,4,3,False,20,,7.967532909454331e-06,,,,8.016343847221975e-06,,,,0.0,,,,0.0,,
