{"type":"FeatureCollection","metadata":{"file":"h3-films-jpn-full.geojson","region":"JPN","country_codes":["JPN"],"left":"godzilla-minus-one","right":"godzilla-x-kong-the-new-empire","window":"full","geolocation_version":"6:1777968300","geojson_version":"20260701","weeks":[1,2,3,4,5,6,7,8,9,10,11,12,13,14,15,16,17,18,19,20,21,22,23,24,25,26],"resolution":5,"threshold":3,"sign":"left minus right; percentage points","missing_policy":"Null if either side lacks a cell in any selected interval. Observed-common value is diagnostic only.","full_comparable_cells":167,"union_cells":541,"weight_coverage":[{"side":"left","role":"downloaders","mode":"all","world_weight":59475882,"full_mask_weight":819562,"full_mask_share":1.377973680154924,"outside_full_mask_weight":58656320,"regional_weight":845181,"full_mask_regional_share":96.96881496389531},{"side":"left","role":"downloaders","mode":"without-hosting","world_weight":50049595,"full_mask_weight":712880,"full_mask_share":1.4243471900222169,"outside_full_mask_weight":49336715,"regional_weight":738329,"full_mask_regional_share":96.55316261449842},{"side":"left","role":"uploaders","mode":"all","world_weight":4720356,"full_mask_weight":30455,"full_mask_share":0.6451843886350944,"outside_full_mask_weight":4689901,"regional_weight":31057,"full_mask_regional_share":98.06162861834692},{"side":"left","role":"uploaders","mode":"without-hosting","world_weight":3641550,"full_mask_weight":18623,"full_mask_share":0.5114031113124906,"outside_full_mask_weight":3622927,"regional_weight":19220,"full_mask_regional_share":96.89386056191468},{"side":"right","role":"downloaders","mode":"all","world_weight":77062615,"full_mask_weight":872611,"full_mask_share":1.1323402404654968,"outside_full_mask_weight":76190004,"regional_weight":900103,"full_mask_regional_share":96.94568288295895},{"side":"right","role":"downloaders","mode":"without-hosting","world_weight":66274550,"full_mask_weight":764380,"full_mask_share":1.1533537383505432,"outside_full_mask_weight":65510170,"regional_weight":791655,"full_mask_regional_share":96.55468606905787},{"side":"right","role":"uploaders","mode":"all","world_weight":9683536,"full_mask_weight":28156,"full_mask_share":0.2907615565223282,"outside_full_mask_weight":9655380,"regional_weight":28570,"full_mask_regional_share":98.55092754637732},{"side":"right","role":"uploaders","mode":"without-hosting","world_weight":8251882,"full_mask_weight":18346,"full_mask_share":0.2223250405180297,"outside_full_mask_weight":8233536,"regional_weight":18756,"full_mask_regional_share":97.81403284282364}]},"features":[{"type":"Feature","properties":{"h3":"852e0167fffffff","countries":["JPN"],"common_intervals":0,"left_observed_intervals":0,"right_observed_intervals":1,"full_window_comparable":false,"expected_intervals":26,"downloaders_all_delta_pp":null,"downloaders_all_observed_common_delta_pp":null,"downloaders_all_left_share":null,"downloaders_all_right_share":null,"downloaders_without-hosting_delta_pp":null,"downloaders_without-hosting_observed_common_delta_pp":null,"downloaders_without-hosting_left_share":null,"downloaders_without-hosting_right_share":null,"uploaders_all_delta_pp":null,"uploaders_all_observed_common_delta_pp":null,"uploaders_all_left_share":null,"uploaders_all_right_share":null,"uploaders_without-hosting_delta_pp":null,"uploaders_without-hosting_observed_common_delta_pp":null,"uploaders_without-hosting_left_share":null,"uploaders_without-hosting_right_share":null},"geometry":{"type":"Polygon","coordinates":[[[141.98059662352458,39.5166760841068],[141.87615481031062,39.53974018608094],[141.84878551541038,39.62672990048396],[141.92600824376402,39.69077499172074],[142.03071134648255,39.66774977506033],[142.05792998119594,39.58064058127877],[141.98059662352458,39.5166760841068]]]}},{"type":"Feature","properties":{"h3":"852e0803fffffff","countries":["JPN"],"common_intervals":26,"left_observed_intervals":26,"right_observed_intervals":26,"full_window_comparable":true,"expected_intervals":26,"downloaders_all_delta_pp":0.0002704119387262054,"downloaders_all_observed_common_delta_pp":0.0002704119387262054,"downloaders_all_left_share":0.0017022840277535938,"downloaders_all_right_share":0.0014318720890273882,"downloaders_without-hosting_delta_pp":0.0003596511235356419,"downloaders_without-hosting_observed_common_delta_pp":0.0003596511235356419,"downloaders_without-hosting_left_share":0.0020268835412048866,"downloaders_without-hosting_right_share":0.0016672324176692445,"uploaders_all_delta_pp":0.0003299220478767286,"uploaders_all_observed_common_delta_pp":0.0003299220478767286,"uploaders_all_left_share":0.0005648186418044266,"uploaders_all_right_share":0.00023489659392769807,"uploaders_without-hosting_delta_pp":0.000481771311228488,"uploaders_without-hosting_observed_common_delta_pp":0.000481771311228488,"uploaders_without-hosting_left_share":0.0007798335316871135,"uploaders_without-hosting_right_share":0.0002980622204586254},"geometry":{"type":"Polygon","coordinates":[[[140.19618746281313,39.65646740285806],[140.09309166942464,39.67763659944317],[140.06408076647043,39.76328739669027],[140.13830197931128,39.82789169043537],[140.24165781936532,39.806770061217684],[140.27053195254297,39.7209965542438],[140.19618746281313,39.65646740285806]]]}},{"type":"Feature","properties":{"h3":"852e083bfffffff","countries":["JPN"],"common_intervals":0,"left_observed_intervals":1,"right_observed_intervals":0,"full_window_comparable":false,"expected_intervals":26,"downloaders_all_delta_pp":null,"downloaders_all_observed_common_delta_pp":null,"downloaders_all_left_share":null,"downloaders_all_right_share":null,"downloaders_without-hosting_delta_pp":null,"downloaders_without-hosting_observed_common_delta_pp":null,"downloaders_without-hosting_left_share":null,"downloaders_without-hosting_right_share":null,"uploaders_all_delta_pp":null,"uploaders_all_observed_common_delta_pp":null,"uploaders_all_left_share":null,"uploaders_all_right_share":null,"uploaders_without-hosting_delta_pp":null,"uploaders_without-hosting_observed_common_delta_pp":null,"uploaders_without-hosting_left_share":null,"uploaders_without-hosting_right_share":null},"geometry":{"type":"Polygon","coordinates":[[[139.88709086454836,39.71962419386019],[139.7841870652289,39.74044294000985],[139.75488329707557,39.82584544518861],[139.82861736185353,39.89055232803018],[139.931781139309,39.86978264811154],[139.9609504267196,39.784256999935714],[139.88709086454836,39.71962419386019]]]}},{"type":"Feature","properties":{"h3":"852e084bfffffff","countries":["JPN"],"common_intervals":10,"left_observed_intervals":14,"right_observed_intervals":17,"full_window_comparable":false,"expected_intervals":26,"downloaders_all_delta_pp":null,"downloaders_all_observed_common_delta_pp":2.451664474346591e-05,"downloaders_all_left_share":null,"downloaders_all_right_share":null,"downloaders_without-hosting_delta_pp":null,"downloaders_without-hosting_observed_common_delta_pp":3.317534599794828e-05,"downloaders_without-hosting_left_share":null,"downloaders_without-hosting_right_share":null,"uploaders_all_delta_pp":null,"uploaders_all_observed_common_delta_pp":6.042715471679784e-05,"uploaders_all_left_share":null,"uploaders_all_right_share":null,"uploaders_without-hosting_delta_pp":null,"uploaders_without-hosting_observed_common_delta_pp":7.315073420865579e-05,"uploaders_without-hosting_left_share":null,"uploaders_without-hosting_right_share":null},"geometry":{"type":"Polygon","coordinates":[[[140.5124233369007,40.150979681084635],[140.4083182117239,40.172161333220984],[140.37938058093667,40.25792365788815],[140.45468892793878,40.32262586855863],[140.55905826796615,40.301490619635146],[140.58785458794878,40.215606744950676],[140.5124233369007,40.150979681084635]]]}},{"type":"Feature","properties":{"h3":"852e086bfffffff","countries":["JPN"],"common_intervals":5,"left_observed_intervals":10,"right_observed_intervals":10,"full_window_comparable":false,"expected_intervals":26,"downloaders_all_delta_pp":null,"downloaders_all_observed_common_delta_pp":3.0317108969902693e-05,"downloaders_all_left_share":null,"downloaders_all_right_share":null,"downloaders_without-hosting_delta_pp":null,"downloaders_without-hosting_observed_common_delta_pp":4.082590224904018e-05,"downloaders_without-hosting_left_share":null,"downloaders_without-hosting_right_share":null,"uploaders_all_delta_pp":null,"uploaders_all_observed_common_delta_pp":0.00015963093328225144,"uploaders_all_left_share":null,"uploaders_all_right_share":null,"uploaders_without-hosting_delta_pp":null,"uploaders_without-hosting_observed_common_delta_pp":0.00022227655649158682,"uploaders_without-hosting_left_share":null,"uploaders_without-hosting_right_share":null},"geometry":{"type":"Polygon","coordinates":[[[140.021805353656,40.170225690647854],[139.91811805154703,40.190897555436344],[139.8887426472089,40.27628791266798],[139.9631914156688,40.34112874569196],[140.06714227867283,40.320505618815325],[140.09638035588372,40.23499290474939],[140.021805353656,40.170225690647854]]]}},{"type":"Feature","properties":{"h3":"852e0893fffffff","countries":["JPN"],"common_intervals":2,"left_observed_intervals":9,"right_observed_intervals":8,"full_window_comparable":false,"expected_intervals":26,"downloaders_all_delta_pp":null,"downloaders_all_observed_common_delta_pp":8.41336774545056e-05,"downloaders_all_left_share":null,"downloaders_all_right_share":null,"downloaders_without-hosting_delta_pp":null,"downloaders_without-hosting_observed_common_delta_pp":0.00010262844434886405,"downloaders_without-hosting_left_share":null,"downloaders_without-hosting_right_share":null,"uploaders_all_delta_pp":null,"uploaders_all_observed_common_delta_pp":0.00017939640220399468,"uploaders_all_left_share":null,"uploaders_all_right_share":null,"uploaders_without-hosting_delta_pp":null,"uploaders_without-hosting_observed_common_delta_pp":0.00024339908109588504,"uploaders_without-hosting_left_share":null,"uploaders_without-hosting_right_share":null},"geometry":{"type":"Polygon","coordinates":[[[140.54525016800605,39.183676765646005],[140.442521770677,39.20548820417611],[140.41400534645948,39.2915074017783],[140.4883546610705,39.35583780924137],[140.5913402241779,39.334071925273335],[140.61971886691745,39.24793006405205],[140.54525016800605,39.183676765646005]]]}},{"type":"Feature","properties":{"h3":"852e089bfffffff","countries":["JPN"],"common_intervals":5,"left_observed_intervals":9,"right_observed_intervals":11,"full_window_comparable":false,"expected_intervals":26,"downloaders_all_delta_pp":null,"downloaders_all_observed_common_delta_pp":2.18166707310263e-05,"downloaders_all_left_share":null,"downloaders_all_right_share":null,"downloaders_without-hosting_delta_pp":null,"downloaders_without-hosting_observed_common_delta_pp":3.000315471716675e-05,"downloaders_without-hosting_left_share":null,"downloaders_without-hosting_right_share":null,"uploaders_all_delta_pp":null,"uploaders_all_observed_common_delta_pp":0.0,"uploaders_all_left_share":null,"uploaders_all_right_share":null,"uploaders_without-hosting_delta_pp":null,"uploaders_without-hosting_observed_common_delta_pp":0.0,"uploaders_without-hosting_left_share":null,"uploaders_without-hosting_right_share":null},"geometry":{"type":"Polygon","coordinates":[[[140.5913402241779,39.334071925273335],[140.4883546610705,39.35583780924137],[140.4598181548439,39.44185835144724],[140.53440550349495,39.506235402215516],[140.63764938577305,39.4845149722395],[140.66604715728843,39.398372023251135],[140.5913402241779,39.334071925273335]]]}},{"type":"Feature","properties":{"h3":"852e08bbfffffff","countries":["JPN"],"common_intervals":2,"left_observed_intervals":9,"right_observed_intervals":4,"full_window_comparable":false,"expected_intervals":26,"downloaders_all_delta_pp":null,"downloaders_all_observed_common_delta_pp":-5.994700391404904e-05,"downloaders_all_left_share":null,"downloaders_all_right_share":null,"downloaders_without-hosting_delta_pp":null,"downloaders_without-hosting_observed_common_delta_pp":-6.791132770656313e-05,"downloaders_without-hosting_left_share":null,"downloaders_without-hosting_right_share":null,"uploaders_all_delta_pp":null,"uploaders_all_observed_common_delta_pp":0.0,"uploaders_all_left_share":null,"uploaders_all_right_share":null,"uploaders_without-hosting_delta_pp":null,"uploaders_without-hosting_observed_common_delta_pp":0.0,"uploaders_without-hosting_left_share":null,"uploaders_without-hosting_right_share":null},"geometry":{"type":"Polygon","coordinates":[[[140.10589361093253,39.355998926904725],[140.00331439664063,39.377263560600305],[139.97434851848564,39.46291571928246],[140.04809629989245,39.52742644799784],[140.1509332203434,39.50620958144369],[140.1797642118985,39.42043420045226],[140.10589361093253,39.355998926904725]]]}},{"type":"Feature","properties":{"h3":"852e08c3fffffff","countries":["JPN"],"common_intervals":0,"left_observed_intervals":1,"right_observed_intervals":0,"full_window_comparable":false,"expected_intervals":26,"downloaders_all_delta_pp":null,"downloaders_all_observed_common_delta_pp":null,"downloaders_all_left_share":null,"downloaders_all_right_share":null,"downloaders_without-hosting_delta_pp":null,"downloaders_without-hosting_observed_common_delta_pp":null,"downloaders_without-hosting_left_share":null,"downloaders_without-hosting_right_share":null,"uploaders_all_delta_pp":null,"uploaders_all_observed_common_delta_pp":null,"uploaders_all_left_share":null,"uploaders_all_right_share":null,"uploaders_without-hosting_delta_pp":null,"uploaders_without-hosting_observed_common_delta_pp":null,"uploaders_without-hosting_left_share":null,"uploaders_without-hosting_right_share":null},"geometry":{"type":"Polygon","coordinates":[[[140.68417915796894,39.63500355568075],[140.5806757963931,39.65667863765797],[140.55209963432387,39.74269850616305],[140.62716705137828,39.80716516315343],[140.73093105915444,39.78553531772898],[140.7593665547407,39.69939356648561],[140.68417915796894,39.63500355568075]]]}},{"type":"Feature","properties":{"h3":"852e0a03fffffff","countries":["JPN"],"common_intervals":3,"left_observed_intervals":9,"right_observed_intervals":8,"full_window_comparable":false,"expected_intervals":26,"downloaders_all_delta_pp":null,"downloaders_all_observed_common_delta_pp":0.0001147870969170577,"downloaders_all_left_share":null,"downloaders_all_right_share":null,"downloaders_without-hosting_delta_pp":null,"downloaders_without-hosting_observed_common_delta_pp":0.00014191958461006254,"downloaders_without-hosting_left_share":null,"downloaders_without-hosting_right_share":null,"uploaders_all_delta_pp":null,"uploaders_all_observed_common_delta_pp":0.0,"uploaders_all_left_share":null,"uploaders_all_right_share":null,"uploaders_without-hosting_delta_pp":null,"uploaders_without-hosting_observed_common_delta_pp":0.0,"uploaders_without-hosting_left_share":null,"uploaders_without-hosting_right_share":null},"geometry":{"type":"Polygon","coordinates":[[[140.51910295861566,40.7093962775228],[140.4141617955197,40.730234964849714],[140.38499827323497,40.81584592570154],[140.46091907538852,40.880739000516705],[140.56612869956382,40.8599470079171],[140.59514859122436,40.774215236154],[140.51910295861566,40.7093962775228]]]}},{"type":"Feature","properties":{"h3":"852e0a13fffffff","countries":["JPN"],"common_intervals":0,"left_observed_intervals":0,"right_observed_intervals":1,"full_window_comparable":false,"expected_intervals":26,"downloaders_all_delta_pp":null,"downloaders_all_observed_common_delta_pp":null,"downloaders_all_left_share":null,"downloaders_all_right_share":null,"downloaders_without-hosting_delta_pp":null,"downloaders_without-hosting_observed_common_delta_pp":null,"downloaders_without-hosting_left_share":null,"downloaders_without-hosting_right_share":null,"uploaders_all_delta_pp":null,"uploaders_all_observed_common_delta_pp":null,"uploaders_all_left_share":null,"uploaders_all_right_share":null,"uploaders_without-hosting_delta_pp":null,"uploaders_without-hosting_observed_common_delta_pp":null,"uploaders_without-hosting_left_share":null,"uploaders_without-hosting_right_share":null},"geometry":{"type":"Polygon","coordinates":[[[140.65300393515176,40.602612354451225],[140.54810255241432,40.6236551908848],[140.51910295861566,40.7093962775228],[140.59514859122436,40.774215236154],[140.7003178161142,40.75321839779298],[140.72917309858664,40.66735659391154],[140.65300393515176,40.602612354451225]]]}},{"type":"Feature","properties":{"h3":"852e0a17fffffff","countries":["JPN"],"common_intervals":26,"left_observed_intervals":26,"right_observed_intervals":26,"full_window_comparable":true,"expected_intervals":26,"downloaders_all_delta_pp":8.617432051217746e-05,"downloaders_all_observed_common_delta_pp":8.617432051217746e-05,"downloaders_all_left_share":0.0005653486848084235,"downloaders_all_right_share":0.000479174364296246,"downloaders_without-hosting_delta_pp":0.00011352825003775949,"downloaders_without-hosting_observed_common_delta_pp":0.00011352825003775949,"downloaders_without-hosting_left_share":0.0006726726027053415,"downloaders_without-hosting_right_share":0.0005591443526675821,"uploaders_all_delta_pp":9.739053373860254e-05,"uploaders_all_observed_common_delta_pp":9.739053373860254e-05,"uploaders_all_left_share":0.0001341454501282069,"uploaders_all_right_share":3.675491638960437e-05,"uploaders_without-hosting_delta_pp":0.0001304773148471823,"uploaders_without-hosting_observed_common_delta_pp":0.0001304773148471823,"uploaders_without-hosting_left_share":0.00017185108750657067,"uploaders_without-hosting_right_share":4.137377265938837e-05},"geometry":{"type":"Polygon","coordinates":[[[140.47230407327635,40.55887389412261],[140.36763014763923,40.579759417580426],[140.33848792975775,40.665379412316554],[140.4141617955197,40.730234964849714],[140.51910295861566,40.7093962775228],[140.54810255241432,40.6236551908848],[140.47230407327635,40.55887389412261]]]}},{"type":"Feature","properties":{"h3":"852e0a1bfffffff","countries":["JPN"],"common_intervals":26,"left_observed_intervals":26,"right_observed_intervals":26,"full_window_comparable":true,"expected_intervals":26,"downloaders_all_delta_pp":7.634210698419687e-05,"downloaders_all_observed_common_delta_pp":7.634210698419687e-05,"downloaders_all_left_share":0.0013051190495242616,"downloaders_all_right_share":0.001228776942540065,"downloaders_without-hosting_delta_pp":0.00011858615072922862,"downloaders_without-hosting_observed_common_delta_pp":0.00011858615072922862,"downloaders_without-hosting_left_share":0.0015522326995411663,"downloaders_without-hosting_right_share":0.0014336465488119375,"uploaders_all_delta_pp":3.846614163097415e-05,"uploaders_all_observed_common_delta_pp":3.846614163097415e-05,"uploaders_all_left_share":0.00024227006831828603,"uploaders_all_right_share":0.0002038039266873118,"uploaders_without-hosting_delta_pp":6.849283366755176e-05,"uploaders_without-hosting_observed_common_delta_pp":6.849283366755176e-05,"uploaders_without-hosting_left_share":0.0003319929320767734,"uploaders_without-hosting_right_share":0.0002635000984092216},"geometry":{"type":"Polygon","coordinates":[[[140.7003178161142,40.75321839779298],[140.59514859122436,40.774215236154],[140.56612869956382,40.8599470079171],[140.64242289141404,40.924802366766514],[140.74786118192307,40.90385138018221],[140.77673574410161,40.817999175190515],[140.7003178161142,40.75321839779298]]]}},{"type":"Feature","properties":{"h3":"852e0a37fffffff","countries":["JPN"],"common_intervals":0,"left_observed_intervals":0,"right_observed_intervals":1,"full_window_comparable":false,"expected_intervals":26,"downloaders_all_delta_pp":null,"downloaders_all_observed_common_delta_pp":null,"downloaders_all_left_share":null,"downloaders_all_right_share":null,"downloaders_without-hosting_delta_pp":null,"downloaders_without-hosting_observed_common_delta_pp":null,"downloaders_without-hosting_left_share":null,"downloaders_without-hosting_right_share":null,"uploaders_all_delta_pp":null,"uploaders_all_observed_common_delta_pp":null,"uploaders_all_left_share":null,"uploaders_all_right_share":null,"uploaders_without-hosting_delta_pp":null,"uploaders_without-hosting_observed_common_delta_pp":null,"uploaders_without-hosting_left_share":null,"uploaders_without-hosting_right_share":null},"geometry":{"type":"Polygon","coordinates":[[[139.97905970062658,40.576772597247924],[139.8748095080986,40.59714409613168],[139.84522522701263,40.682390441056185],[139.9200292444808,40.7473871663229],[140.024545999013,40.72706484921347],[140.05399170982622,40.641696610015266],[139.97905970062658,40.576772597247924]]]}},{"type":"Feature","properties":{"h3":"852e0a8ffffffff","countries":["JPN"],"common_intervals":0,"left_observed_intervals":0,"right_observed_intervals":1,"full_window_comparable":false,"expected_intervals":26,"downloaders_all_delta_pp":null,"downloaders_all_observed_common_delta_pp":null,"downloaders_all_left_share":null,"downloaders_all_right_share":null,"downloaders_without-hosting_delta_pp":null,"downloaders_without-hosting_observed_common_delta_pp":null,"downloaders_without-hosting_left_share":null,"downloaders_without-hosting_right_share":null,"uploaders_all_delta_pp":null,"uploaders_all_observed_common_delta_pp":null,"uploaders_all_left_share":null,"uploaders_all_right_share":null,"uploaders_without-hosting_delta_pp":null,"uploaders_without-hosting_observed_common_delta_pp":null,"uploaders_without-hosting_left_share":null,"uploaders_without-hosting_right_share":null},"geometry":{"type":"Polygon","coordinates":[[[140.60591794556524,40.45203563526453],[140.50128318872584,40.47312461042416],[140.47230407327635,40.55887389412261],[140.54810255241432,40.6236551908848],[140.65300393515176,40.602612354451225],[140.68183974837655,40.516742072684835],[140.60591794556524,40.45203563526453]]]}},{"type":"Feature","properties":{"h3":"852e0c03fffffff","countries":["JPN"],"common_intervals":3,"left_observed_intervals":7,"right_observed_intervals":7,"full_window_comparable":false,"expected_intervals":26,"downloaders_all_delta_pp":null,"downloaders_all_observed_common_delta_pp":5.036754795071766e-05,"downloaders_all_left_share":null,"downloaders_all_right_share":null,"downloaders_without-hosting_delta_pp":null,"downloaders_without-hosting_observed_common_delta_pp":6.20629200311072e-05,"downloaders_without-hosting_left_share":null,"downloaders_without-hosting_right_share":null,"uploaders_all_delta_pp":null,"uploaders_all_observed_common_delta_pp":0.0,"uploaders_all_left_share":null,"uploaders_all_right_share":null,"uploaders_without-hosting_delta_pp":null,"uploaders_without-hosting_observed_common_delta_pp":0.0,"uploaders_without-hosting_left_share":null,"uploaders_without-hosting_right_share":null},"geometry":{"type":"Polygon","coordinates":[[[141.11545136751485,38.89974517551455],[141.01262792737077,38.922301338333284],[140.9847220004356,39.00880124967454],[141.0597803231305,39.07286691299334],[141.16285968970715,39.05035334856423],[141.19062437042678,38.96373151142586],[141.11545136751485,38.89974517551455]]]}},{"type":"Feature","properties":{"h3":"852e0c0bfffffff","countries":["JPN"],"common_intervals":22,"left_observed_intervals":24,"right_observed_intervals":23,"full_window_comparable":false,"expected_intervals":26,"downloaders_all_delta_pp":null,"downloaders_all_observed_common_delta_pp":5.515058072370642e-05,"downloaders_all_left_share":null,"downloaders_all_right_share":null,"downloaders_without-hosting_delta_pp":null,"downloaders_without-hosting_observed_common_delta_pp":7.093192366786065e-05,"downloaders_without-hosting_left_share":null,"downloaders_without-hosting_right_share":null,"uploaders_all_delta_pp":null,"uploaders_all_observed_common_delta_pp":0.0007197967345954556,"uploaders_all_left_share":null,"uploaders_all_right_share":null,"uploaders_without-hosting_delta_pp":null,"uploaders_without-hosting_observed_common_delta_pp":0.0010679345856184526,"uploaders_without-hosting_left_share":null,"uploaders_without-hosting_right_share":null},"geometry":{"type":"Polygon","coordinates":[[[141.16285968970715,39.05035334856423],[141.0597803231305,39.07286691299334],[141.03185760481117,39.15937052154431],[141.10715603013165,39.223482222623964],[141.21049245525572,39.2010111533566],[141.23827295689344,39.11438587783494],[141.16285968970715,39.05035334856423]]]}},{"type":"Feature","properties":{"h3":"852e0c2ffffffff","countries":["JPN"],"common_intervals":0,"left_observed_intervals":1,"right_observed_intervals":0,"full_window_comparable":false,"expected_intervals":26,"downloaders_all_delta_pp":null,"downloaders_all_observed_common_delta_pp":null,"downloaders_all_left_share":null,"downloaders_all_right_share":null,"downloaders_without-hosting_delta_pp":null,"downloaders_without-hosting_observed_common_delta_pp":null,"downloaders_without-hosting_left_share":null,"downloaders_without-hosting_right_share":null,"uploaders_all_delta_pp":null,"uploaders_all_observed_common_delta_pp":null,"uploaders_all_left_share":null,"uploaders_all_right_share":null,"uploaders_without-hosting_delta_pp":null,"uploaders_without-hosting_observed_common_delta_pp":null,"uploaders_without-hosting_left_share":null,"uploaders_without-hosting_right_share":null},"geometry":{"type":"Polygon","coordinates":[[[140.49937772515503,39.033331837046596],[140.39690534690607,39.05518892531576],[140.36840916990474,39.14120565849822],[140.442521770677,39.20548820417611],[140.54525016800605,39.183676765646005],[140.57360950844378,39.097537115502945],[140.49937772515503,39.033331837046596]]]}},{"type":"Feature","properties":{"h3":"852e0c47fffffff","countries":["JPN"],"common_intervals":6,"left_observed_intervals":13,"right_observed_intervals":11,"full_window_comparable":false,"expected_intervals":26,"downloaders_all_delta_pp":null,"downloaders_all_observed_common_delta_pp":5.904429711064862e-05,"downloaders_all_left_share":null,"downloaders_all_right_share":null,"downloaders_without-hosting_delta_pp":null,"downloaders_without-hosting_observed_common_delta_pp":7.463601547593716e-05,"downloaders_without-hosting_left_share":null,"downloaders_without-hosting_right_share":null,"uploaders_all_delta_pp":null,"uploaders_all_observed_common_delta_pp":4.7829360148385804e-05,"uploaders_all_left_share":null,"uploaders_all_right_share":null,"uploaders_without-hosting_delta_pp":null,"uploaders_without-hosting_observed_common_delta_pp":5.839388779497672e-05,"uploaders_without-hosting_left_share":null,"uploaders_without-hosting_right_share":null},"geometry":{"type":"Polygon","coordinates":[[[141.21049245525572,39.2010111533566],[141.10715603013165,39.223482222623964],[141.07921671259962,39.309988396436076],[141.15475657328065,39.374144896552984],[141.25835119549046,39.351716213820616],[141.28614731740439,39.26508863541976],[141.21049245525572,39.2010111533566]]]}},{"type":"Feature","properties":{"h3":"852e0c7bfffffff","countries":["JPN"],"common_intervals":4,"left_observed_intervals":11,"right_observed_intervals":14,"full_window_comparable":false,"expected_intervals":26,"downloaders_all_delta_pp":null,"downloaders_all_observed_common_delta_pp":5.425805718111632e-05,"downloaders_all_left_share":null,"downloaders_all_right_share":null,"downloaders_without-hosting_delta_pp":null,"downloaders_without-hosting_observed_common_delta_pp":6.987223416534332e-05,"downloaders_without-hosting_left_share":null,"downloaders_without-hosting_right_share":null,"uploaders_all_delta_pp":null,"uploaders_all_observed_common_delta_pp":0.0,"uploaders_all_left_share":null,"uploaders_all_right_share":null,"uploaders_without-hosting_delta_pp":null,"uploaders_without-hosting_observed_common_delta_pp":0.0,"uploaders_without-hosting_left_share":null,"uploaders_without-hosting_right_share":null},"geometry":{"type":"Polygon","coordinates":[[[141.07921671259962,39.309988396436076],[140.97583693019104,39.33226106322412],[140.94773863380874,39.41864713698756],[141.02316225085917,39.482882066509326],[141.12680085208535,39.46065250270041],[141.15475657328065,39.374144896552984],[141.07921671259962,39.309988396436076]]]}},{"type":"Feature","properties":{"h3":"852e0c87fffffff","countries":["JPN"],"common_intervals":0,"left_observed_intervals":1,"right_observed_intervals":0,"full_window_comparable":false,"expected_intervals":26,"downloaders_all_delta_pp":null,"downloaders_all_observed_common_delta_pp":null,"downloaders_all_left_share":null,"downloaders_all_right_share":null,"downloaders_without-hosting_delta_pp":null,"downloaders_without-hosting_observed_common_delta_pp":null,"downloaders_without-hosting_left_share":null,"downloaders_without-hosting_right_share":null,"uploaders_all_delta_pp":null,"uploaders_all_observed_common_delta_pp":null,"uploaders_all_left_share":null,"uploaders_all_right_share":null,"uploaders_without-hosting_delta_pp":null,"uploaders_without-hosting_observed_common_delta_pp":null,"uploaders_without-hosting_left_share":null,"uploaders_without-hosting_right_share":null},"geometry":{"type":"Polygon","coordinates":[[[141.15129101173682,38.489245718982865],[141.04901804160713,38.51208247115286],[141.021301993585,38.59868719112208],[141.0959984210866,38.662577444590674],[141.19852447285467,38.63978275944799],[141.22610058602376,38.553055741680396],[141.15129101173682,38.489245718982865]]]}},{"type":"Feature","properties":{"h3":"852e0c8ffffffff","countries":["JPN"],"common_intervals":8,"left_observed_intervals":8,"right_observed_intervals":12,"full_window_comparable":false,"expected_intervals":26,"downloaders_all_delta_pp":null,"downloaders_all_observed_common_delta_pp":-2.0490643606851328e-05,"downloaders_all_left_share":null,"downloaders_all_right_share":null,"downloaders_without-hosting_delta_pp":null,"downloaders_without-hosting_observed_common_delta_pp":-2.0635310226281575e-05,"downloaders_without-hosting_left_share":null,"downloaders_without-hosting_right_share":null,"uploaders_all_delta_pp":null,"uploaders_all_observed_common_delta_pp":0.0,"uploaders_all_left_share":null,"uploaders_all_right_share":null,"uploaders_without-hosting_delta_pp":null,"uploaders_without-hosting_observed_common_delta_pp":0.0,"uploaders_without-hosting_left_share":null,"uploaders_without-hosting_right_share":null},"geometry":{"type":"Polygon","coordinates":[[[141.19852447285467,38.63978275944799],[141.0959984210866,38.662577444590674],[141.06826597051668,38.749189002751635],[141.1432000300898,38.81312791121341],[141.24598027595033,38.79037520123638],[141.27357183586417,38.7036415964746],[141.19852447285467,38.63978275944799]]]}},{"type":"Feature","properties":{"h3":"852e0c97fffffff","countries":["JPN"],"common_intervals":26,"left_observed_intervals":26,"right_observed_intervals":26,"full_window_comparable":true,"expected_intervals":26,"downloaders_all_delta_pp":0.00010083399877838416,"downloaders_all_observed_common_delta_pp":0.00010083399877838416,"downloaders_all_left_share":0.0006286736665737441,"downloaders_all_right_share":0.0005278396677953598,"downloaders_without-hosting_delta_pp":0.00013174664091190395,"downloaders_without-hosting_observed_common_delta_pp":0.00013174664091190395,"downloaders_without-hosting_left_share":0.0007473125116678289,"downloaders_without-hosting_right_share":0.0006155658707559248,"uploaders_all_delta_pp":-2.0294571916505188e-05,"uploaders_all_observed_common_delta_pp":-2.0294571916505188e-05,"uploaders_all_left_share":1.1758666078106233e-05,"uploaders_all_right_share":3.2053237994611424e-05,"uploaders_without-hosting_delta_pp":-2.6208324558209122e-05,"uploaders_without-hosting_observed_common_delta_pp":-2.6208324558209122e-05,"uploaders_without-hosting_left_share":1.4535454152997284e-05,"uploaders_without-hosting_right_share":4.0743778711206404e-05},"geometry":{"type":"Polygon","coordinates":[[[141.28108142400828,38.37949500276822],[141.17885148268067,38.402526422574844],[141.15129101173682,38.489245718982865],[141.22610058602376,38.553055741680396],[141.32858300335232,38.53006566463068],[141.35600294251114,38.44322421082443],[141.28108142400828,38.37949500276822]]]}},{"type":"Feature","properties":{"h3":"852e0cb3fffffff","countries":["JPN"],"common_intervals":22,"left_observed_intervals":24,"right_observed_intervals":24,"full_window_comparable":false,"expected_intervals":26,"downloaders_all_delta_pp":null,"downloaders_all_observed_common_delta_pp":2.9983700343939638e-05,"downloaders_all_left_share":null,"downloaders_all_right_share":null,"downloaders_without-hosting_delta_pp":null,"downloaders_without-hosting_observed_common_delta_pp":4.082826249567374e-05,"downloaders_without-hosting_left_share":null,"downloaders_without-hosting_right_share":null,"uploaders_all_delta_pp":null,"uploaders_all_observed_common_delta_pp":-3.143227484518999e-05,"uploaders_all_left_share":null,"uploaders_all_right_share":null,"uploaders_without-hosting_delta_pp":null,"uploaders_without-hosting_observed_common_delta_pp":-3.940284919490499e-05,"uploaders_without-hosting_left_share":null,"uploaders_without-hosting_right_share":null},"geometry":{"type":"Polygon","coordinates":[[[140.9745579444947,38.448242093605515],[140.87249555465576,38.47092661743273],[140.84464112185103,38.55740865673365],[140.91898703547608,38.62132883896153],[141.021301993585,38.59868719112208],[141.04901804160713,38.51208247115286],[140.9745579444947,38.448242093605515]]]}},{"type":"Feature","properties":{"h3":"852e0cbbfffffff","countries":["JPN"],"common_intervals":0,"left_observed_intervals":1,"right_observed_intervals":0,"full_window_comparable":false,"expected_intervals":26,"downloaders_all_delta_pp":null,"downloaders_all_observed_common_delta_pp":null,"downloaders_all_left_share":null,"downloaders_all_right_share":null,"downloaders_without-hosting_delta_pp":null,"downloaders_without-hosting_observed_common_delta_pp":null,"downloaders_without-hosting_left_share":null,"downloaders_without-hosting_right_share":null,"uploaders_all_delta_pp":null,"uploaders_all_observed_common_delta_pp":null,"uploaders_all_left_share":null,"uploaders_all_right_share":null,"uploaders_without-hosting_delta_pp":null,"uploaders_without-hosting_observed_common_delta_pp":null,"uploaders_without-hosting_left_share":null,"uploaders_without-hosting_right_share":null},"geometry":{"type":"Polygon","coordinates":[[[141.021301993585,38.59868719112208],[140.91898703547608,38.62132883896153],[140.89111525455525,38.7078179644496],[140.96569733107796,38.77178786181961],[141.06826597051668,38.749189002751635],[141.0959984210866,38.662577444590674],[141.021301993585,38.59868719112208]]]}},{"type":"Feature","properties":{"h3":"852e0cc3fffffff","countries":["JPN"],"common_intervals":0,"left_observed_intervals":0,"right_observed_intervals":1,"full_window_comparable":false,"expected_intervals":26,"downloaders_all_delta_pp":null,"downloaders_all_observed_common_delta_pp":null,"downloaders_all_left_share":null,"downloaders_all_right_share":null,"downloaders_without-hosting_delta_pp":null,"downloaders_without-hosting_observed_common_delta_pp":null,"downloaders_without-hosting_left_share":null,"downloaders_without-hosting_right_share":null,"uploaders_all_delta_pp":null,"uploaders_all_observed_common_delta_pp":null,"uploaders_all_left_share":null,"uploaders_all_right_share":null,"uploaders_without-hosting_delta_pp":null,"uploaders_without-hosting_observed_common_delta_pp":null,"uploaders_without-hosting_left_share":null,"uploaders_without-hosting_right_share":null},"geometry":{"type":"Polygon","coordinates":[[[141.6030966392253,38.87218264337183],[141.49989668784033,38.89524638336595],[141.47243330997094,38.98210683357674],[141.54831445555578,39.046024525397684],[141.6517707021667,39.02300100735058],[141.679089070463,38.93601956900653],[141.6030966392253,38.87218264337183]]]}},{"type":"Feature","properties":{"h3":"852e0d03fffffff","countries":["JPN"],"common_intervals":13,"left_observed_intervals":20,"right_observed_intervals":17,"full_window_comparable":false,"expected_intervals":26,"downloaders_all_delta_pp":null,"downloaders_all_observed_common_delta_pp":2.3049064257046287e-05,"downloaders_all_left_share":null,"downloaders_all_right_share":null,"downloaders_without-hosting_delta_pp":null,"downloaders_without-hosting_observed_common_delta_pp":3.278544364577277e-05,"downloaders_without-hosting_left_share":null,"downloaders_without-hosting_right_share":null,"uploaders_all_delta_pp":null,"uploaders_all_observed_common_delta_pp":-1.179062166878092e-05,"uploaders_all_left_share":null,"uploaders_all_right_share":null,"uploaders_without-hosting_delta_pp":null,"uploaders_without-hosting_observed_common_delta_pp":-1.335859711219191e-05,"uploaders_without-hosting_left_share":null,"uploaders_without-hosting_right_share":null},"geometry":{"type":"Polygon","coordinates":[[[139.88386412323217,38.605734208641685],[139.78255617822433,38.627238947712385],[139.75370537627057,38.71287508125358],[139.8262924140004,38.777130895596564],[139.92785233398527,38.75567432914633],[139.9565728146201,38.66991375245069],[139.88386412323217,38.605734208641685]]]}},{"type":"Feature","properties":{"h3":"852e0d73fffffff","countries":["JPN"],"common_intervals":6,"left_observed_intervals":10,"right_observed_intervals":12,"full_window_comparable":false,"expected_intervals":26,"downloaders_all_delta_pp":null,"downloaders_all_observed_common_delta_pp":8.656916299993537e-06,"downloaders_all_left_share":null,"downloaders_all_right_share":null,"downloaders_without-hosting_delta_pp":null,"downloaders_without-hosting_observed_common_delta_pp":1.3151905250001245e-05,"downloaders_without-hosting_left_share":null,"downloaders_without-hosting_right_share":null,"uploaders_all_delta_pp":null,"uploaders_all_observed_common_delta_pp":5.0954219671793675e-05,"uploaders_all_left_share":null,"uploaders_all_right_share":null,"uploaders_without-hosting_delta_pp":null,"uploaders_without-hosting_observed_common_delta_pp":6.298696799632156e-05,"uploaders_without-hosting_left_share":null,"uploaders_without-hosting_right_share":null},"geometry":{"type":"Polygon","coordinates":[[[139.79741832090713,38.86277245059759],[139.6958270927271,38.88403363077223],[139.6667992797637,38.969555201400425],[139.7394928280221,39.03393986745314],[139.84133768758616,39.012727492179984],[139.8702349366745,38.92708162281403],[139.79741832090713,38.86277245059759]]]}},{"type":"Feature","properties":{"h3":"852e0d97fffffff","countries":["JPN"],"common_intervals":1,"left_observed_intervals":4,"right_observed_intervals":4,"full_window_comparable":false,"expected_intervals":26,"downloaders_all_delta_pp":null,"downloaders_all_observed_common_delta_pp":1.9287740691107305e-05,"downloaders_all_left_share":null,"downloaders_all_right_share":null,"downloaders_without-hosting_delta_pp":null,"downloaders_without-hosting_observed_common_delta_pp":2.5404879639209023e-05,"downloaders_without-hosting_left_share":null,"downloaders_without-hosting_right_share":null,"uploaders_all_delta_pp":null,"uploaders_all_observed_common_delta_pp":0.0,"uploaders_all_left_share":null,"uploaders_all_right_share":null,"uploaders_without-hosting_delta_pp":null,"uploaders_without-hosting_observed_common_delta_pp":0.0,"uploaders_without-hosting_left_share":null,"uploaders_without-hosting_right_share":null},"geometry":{"type":"Polygon","coordinates":[[[140.0551792737878,38.09066616899644],[139.95443458380998,38.1126528820041],[139.92593336756278,38.198506673634846],[139.9983062454526,38.26249842993712],[140.09929963562365,38.24055859735271],[140.1276710293215,38.15458010451015],[140.0551792737878,38.09066616899644]]]}},{"type":"Feature","properties":{"h3":"852e0d9bfffffff","countries":["JPN"],"common_intervals":10,"left_observed_intervals":17,"right_observed_intervals":12,"full_window_comparable":false,"expected_intervals":26,"downloaders_all_delta_pp":null,"downloaders_all_observed_common_delta_pp":6.690661883916478e-05,"downloaders_all_left_share":null,"downloaders_all_right_share":null,"downloaders_without-hosting_delta_pp":null,"downloaders_without-hosting_observed_common_delta_pp":8.556171320168313e-05,"downloaders_without-hosting_left_share":null,"downloaders_without-hosting_right_share":null,"uploaders_all_delta_pp":null,"uploaders_all_observed_common_delta_pp":-3.053766539941811e-05,"uploaders_all_left_share":null,"uploaders_all_right_share":null,"uploaders_without-hosting_delta_pp":null,"uploaders_without-hosting_observed_common_delta_pp":-3.4585202021699684e-05,"uploaders_without-hosting_left_share":null,"uploaders_without-hosting_right_share":null},"geometry":{"type":"Polygon","coordinates":[[[140.2732283855785,38.282442165133546],[140.17201913372574,38.30452874314893],[140.1436265646821,38.39051639507845],[140.2165750586142,38.454541578359354],[140.31803469505604,38.43250104615178],[140.34629503029794,38.34638926394423],[140.2732283855785,38.282442165133546]]]}},{"type":"Feature","properties":{"h3":"852e0db7fffffff","countries":["JPN"],"common_intervals":0,"left_observed_intervals":0,"right_observed_intervals":1,"full_window_comparable":false,"expected_intervals":26,"downloaders_all_delta_pp":null,"downloaders_all_observed_common_delta_pp":null,"downloaders_all_left_share":null,"downloaders_all_right_share":null,"downloaders_without-hosting_delta_pp":null,"downloaders_without-hosting_observed_common_delta_pp":null,"downloaders_without-hosting_left_share":null,"downloaders_without-hosting_right_share":null,"uploaders_all_delta_pp":null,"uploaders_all_observed_common_delta_pp":null,"uploaders_all_left_share":null,"uploaders_all_right_share":null,"uploaders_without-hosting_delta_pp":null,"uploaders_without-hosting_observed_common_delta_pp":null,"uploaders_without-hosting_left_share":null,"uploaders_without-hosting_right_share":null},"geometry":{"type":"Polygon","coordinates":[[[139.58088997312993,38.11390784251381],[139.48054995320035,38.135414008836435],[139.45164363929916,38.220901797128484],[139.52320309784318,38.28500884287794],[139.62379112193597,38.26355178464126],[139.65257126681638,38.177938544897685],[139.58088997312993,38.11390784251381]]]}},{"type":"Feature","properties":{"h3":"852e0dc3fffffff","countries":["JPN"],"common_intervals":0,"left_observed_intervals":1,"right_observed_intervals":2,"full_window_comparable":false,"expected_intervals":26,"downloaders_all_delta_pp":null,"downloaders_all_observed_common_delta_pp":null,"downloaders_all_left_share":null,"downloaders_all_right_share":null,"downloaders_without-hosting_delta_pp":null,"downloaders_without-hosting_observed_common_delta_pp":null,"downloaders_without-hosting_left_share":null,"downloaders_without-hosting_right_share":null,"uploaders_all_delta_pp":null,"uploaders_all_observed_common_delta_pp":null,"uploaders_all_left_share":null,"uploaders_all_right_share":null,"uploaders_without-hosting_delta_pp":null,"uploaders_without-hosting_observed_common_delta_pp":null,"uploaders_without-hosting_left_share":null,"uploaders_without-hosting_right_share":null},"geometry":{"type":"Polygon","coordinates":[[[140.36305134881783,38.58262176314087],[140.26134021395492,38.60461631821723],[140.23290573926818,38.69061894963301],[140.30631602196752,38.75475066265868],[140.4082797755766,38.73280201080029],[140.4365801993841,38.64667572364806],[140.36305134881783,38.58262176314087]]]}},{"type":"Feature","properties":{"h3":"852e0dcffffffff","countries":["JPN"],"common_intervals":0,"left_observed_intervals":1,"right_observed_intervals":2,"full_window_comparable":false,"expected_intervals":26,"downloaders_all_delta_pp":null,"downloaders_all_observed_common_delta_pp":null,"downloaders_all_left_share":null,"downloaders_all_right_share":null,"downloaders_without-hosting_delta_pp":null,"downloaders_without-hosting_observed_common_delta_pp":null,"downloaders_without-hosting_left_share":null,"downloaders_without-hosting_right_share":null,"uploaders_all_delta_pp":null,"uploaders_all_observed_common_delta_pp":null,"uploaders_all_left_share":null,"uploaders_all_right_share":null,"uploaders_without-hosting_delta_pp":null,"uploaders_without-hosting_observed_common_delta_pp":null,"uploaders_without-hosting_left_share":null,"uploaders_without-hosting_right_share":null},"geometry":{"type":"Polygon","coordinates":[[[140.23290573926818,38.69061894963301],[140.13115957970754,38.71241851495251],[140.10257096474837,38.7983031994516],[140.17586149534364,38.8625120632366],[140.27786082274375,38.84075911161025],[140.30631602196752,38.75475066265868],[140.23290573926818,38.69061894963301]]]}},{"type":"Feature","properties":{"h3":"852e0dd3fffffff","countries":["JPN"],"common_intervals":0,"left_observed_intervals":2,"right_observed_intervals":0,"full_window_comparable":false,"expected_intervals":26,"downloaders_all_delta_pp":null,"downloaders_all_observed_common_delta_pp":null,"downloaders_all_left_share":null,"downloaders_all_right_share":null,"downloaders_without-hosting_delta_pp":null,"downloaders_without-hosting_observed_common_delta_pp":null,"downloaders_without-hosting_left_share":null,"downloaders_without-hosting_right_share":null,"uploaders_all_delta_pp":null,"uploaders_all_observed_common_delta_pp":null,"uploaders_all_left_share":null,"uploaders_all_right_share":null,"uploaders_without-hosting_delta_pp":null,"uploaders_without-hosting_observed_common_delta_pp":null,"uploaders_without-hosting_left_share":null,"uploaders_without-hosting_right_share":null},"geometry":{"type":"Polygon","coordinates":[[[140.49300686486453,38.47431301352256],[140.39133180741973,38.496502169704534],[140.36305134881783,38.58262176314087],[140.4365801993841,38.64667572364806],[140.53850732026578,38.62453175750321],[140.56665310019494,38.53828862256562],[140.49300686486453,38.47431301352256]]]}},{"type":"Feature","properties":{"h3":"852e0e4ffffffff","countries":["JPN"],"common_intervals":26,"left_observed_intervals":26,"right_observed_intervals":26,"full_window_comparable":true,"expected_intervals":26,"downloaders_all_delta_pp":3.3536440845145916e-05,"downloaders_all_observed_common_delta_pp":3.3536440845145916e-05,"downloaders_all_left_share":0.0009074460321419764,"downloaders_all_right_share":0.0008739095912968305,"downloaders_without-hosting_delta_pp":6.0968046405204565e-05,"downloaders_without-hosting_observed_common_delta_pp":6.0968046405204565e-05,"downloaders_without-hosting_left_share":0.0010798395761340471,"downloaders_without-hosting_right_share":0.0010188715297288426,"uploaders_all_delta_pp":0.00014004576375155646,"uploaders_all_observed_common_delta_pp":0.00014004576375155646,"uploaders_all_left_share":0.00017344581917111098,"uploaders_all_right_share":3.3400055419554524e-05,"uploaders_without-hosting_delta_pp":0.0001990800855593918,"uploaders_without-hosting_observed_common_delta_pp":0.0001990800855593918,"uploaders_without-hosting_left_share":0.00023702119851408076,"uploaders_without-hosting_right_share":3.7941112954688986e-05},"geometry":{"type":"Polygon","coordinates":[[[141.59982112834726,40.40777370509277],[141.4943867003204,40.42990918334384],[141.46632192325194,40.51639503312049],[141.5438424503334,40.5808645849188],[141.6495444193255,40.558770426308584],[141.67745785365642,40.47216539550612],[141.59982112834726,40.40777370509277]]]}},{"type":"Feature","properties":{"h3":"852e0e6bfffffff","countries":["JPN"],"common_intervals":13,"left_observed_intervals":19,"right_observed_intervals":18,"full_window_comparable":false,"expected_intervals":26,"downloaders_all_delta_pp":null,"downloaders_all_observed_common_delta_pp":3.153195198107593e-05,"downloaders_all_left_share":null,"downloaders_all_right_share":null,"downloaders_without-hosting_delta_pp":null,"downloaders_without-hosting_observed_common_delta_pp":4.153506321589376e-05,"downloaders_without-hosting_left_share":null,"downloaders_without-hosting_right_share":null,"uploaders_all_delta_pp":null,"uploaders_all_observed_common_delta_pp":7.882916616084618e-05,"uploaders_all_left_share":null,"uploaders_all_right_share":null,"uploaders_without-hosting_delta_pp":null,"uploaders_without-hosting_observed_common_delta_pp":0.00011695947471160717,"uploaders_without-hosting_left_share":null,"uploaders_without-hosting_right_share":null},"geometry":{"type":"Polygon","coordinates":[[[141.28368825584775,40.47381409988588],[141.17842557071748,40.49558386102177],[141.1500463612871,40.58182303183224],[141.2270783846826,40.64641215579462],[141.3326087617118,40.62468528682356],[141.36083895630787,40.53832639825604],[141.28368825584775,40.47381409988588]]]}},{"type":"Feature","properties":{"h3":"852e0e73fffffff","countries":["JPN"],"common_intervals":4,"left_observed_intervals":6,"right_observed_intervals":6,"full_window_comparable":false,"expected_intervals":26,"downloaders_all_delta_pp":null,"downloaders_all_observed_common_delta_pp":3.797479599926427e-05,"downloaders_all_left_share":null,"downloaders_all_right_share":null,"downloaders_without-hosting_delta_pp":null,"downloaders_without-hosting_observed_common_delta_pp":5.600987391390513e-05,"downloaders_without-hosting_left_share":null,"downloaders_without-hosting_right_share":null,"uploaders_all_delta_pp":null,"uploaders_all_observed_common_delta_pp":0.0,"uploaders_all_left_share":null,"uploaders_all_right_share":null,"uploaders_without-hosting_delta_pp":null,"uploaders_without-hosting_observed_common_delta_pp":0.0,"uploaders_without-hosting_left_share":null,"uploaders_without-hosting_right_share":null},"geometry":{"type":"Polygon","coordinates":[[[141.3681514548047,40.21458300089688],[141.26320134369465,40.23659888132486],[141.23500288323282,40.322971364485745],[141.31190269098647,40.38744784712302],[141.41711863385788,40.36547429835986],[141.44516847496598,40.278981931599645],[141.3681514548047,40.21458300089688]]]}},{"type":"Feature","properties":{"h3":"852e0e77fffffff","countries":["JPN"],"common_intervals":0,"left_observed_intervals":1,"right_observed_intervals":1,"full_window_comparable":false,"expected_intervals":26,"downloaders_all_delta_pp":null,"downloaders_all_observed_common_delta_pp":null,"downloaders_all_left_share":null,"downloaders_all_right_share":null,"downloaders_without-hosting_delta_pp":null,"downloaders_without-hosting_observed_common_delta_pp":null,"downloaders_without-hosting_left_share":null,"downloaders_without-hosting_right_share":null,"uploaders_all_delta_pp":null,"uploaders_all_observed_common_delta_pp":null,"uploaders_all_left_share":null,"uploaders_all_right_share":null,"uploaders_without-hosting_delta_pp":null,"uploaders_without-hosting_observed_common_delta_pp":null,"uploaders_without-hosting_left_share":null,"uploaders_without-hosting_right_share":null},"geometry":{"type":"Polygon","coordinates":[[[141.18655102250187,40.172159493757505],[141.0818201278211,40.19401548009542],[141.05347471662816,40.28026767535777],[141.1300066899287,40.344784166619085],[141.23500288323282,40.322971364485745],[141.26320134369465,40.23659888132486],[141.18655102250187,40.172159493757505]]]}},{"type":"Feature","properties":{"h3":"852e0ea3fffffff","countries":["JPN"],"common_intervals":26,"left_observed_intervals":26,"right_observed_intervals":26,"full_window_comparable":true,"expected_intervals":26,"downloaders_all_delta_pp":0.00027906968345536165,"downloaders_all_observed_common_delta_pp":0.00027906968345536165,"downloaders_all_left_share":0.0018852669264435187,"downloaders_all_right_share":0.0016061972429881571,"downloaders_without-hosting_delta_pp":0.0003693784992156087,"downloaders_without-hosting_observed_common_delta_pp":0.0003693784992156087,"downloaders_without-hosting_left_share":0.0022440499310318685,"downloaders_without-hosting_right_share":0.0018746714318162601,"uploaders_all_delta_pp":0.00033509928888241983,"uploaders_all_observed_common_delta_pp":0.00033509928888241983,"uploaders_all_left_share":0.0005789753665082644,"uploaders_all_right_share":0.00024387607762584458,"uploaders_without-hosting_delta_pp":0.0005087137327607097,"uploaders_without-hosting_observed_common_delta_pp":0.0005087137327607097,"uploaders_without-hosting_left_share":0.0008206039721440585,"uploaders_without-hosting_right_share":0.00031189023938334854},"geometry":{"type":"Polygon","coordinates":[[[141.17461156486922,39.61136046146375],[141.07071299259115,39.633547037069],[141.0425805097902,39.71993310924124],[141.11849070385549,39.78425359445079],[141.22265040600576,39.76210988680121],[141.25063833411795,39.675602818164116],[141.17461156486922,39.61136046146375]]]}},{"type":"Feature","properties":{"h3":"852e0eabfffffff","countries":["JPN"],"common_intervals":0,"left_observed_intervals":1,"right_observed_intervals":0,"full_window_comparable":false,"expected_intervals":26,"downloaders_all_delta_pp":null,"downloaders_all_observed_common_delta_pp":null,"downloaders_all_left_share":null,"downloaders_all_right_share":null,"downloaders_without-hosting_delta_pp":null,"downloaders_without-hosting_observed_common_delta_pp":null,"downloaders_without-hosting_left_share":null,"downloaders_without-hosting_right_share":null,"uploaders_all_delta_pp":null,"uploaders_all_observed_common_delta_pp":null,"uploaders_all_left_share":null,"uploaders_all_right_share":null,"uploaders_without-hosting_delta_pp":null,"uploaders_without-hosting_observed_common_delta_pp":null,"uploaders_without-hosting_left_share":null,"uploaders_without-hosting_right_share":null},"geometry":{"type":"Polygon","coordinates":[[[141.22265040600576,39.76210988680121],[141.11849070385549,39.78425359445079],[141.09034142198658,39.87063796846241],[141.16649694667547,39.93499935135382],[141.27091894414175,39.91289838591044],[141.2989226684999,39.82639328856706],[141.22265040600576,39.76210988680121]]]}},{"type":"Feature","properties":{"h3":"852e0eb7fffffff","countries":["JPN"],"common_intervals":17,"left_observed_intervals":19,"right_observed_intervals":20,"full_window_comparable":false,"expected_intervals":26,"downloaders_all_delta_pp":null,"downloaders_all_observed_common_delta_pp":-1.3761465580027818e-05,"downloaders_all_left_share":null,"downloaders_all_right_share":null,"downloaders_without-hosting_delta_pp":null,"downloaders_without-hosting_observed_common_delta_pp":-8.738941870886533e-06,"downloaders_without-hosting_left_share":null,"downloaders_without-hosting_right_share":null,"uploaders_all_delta_pp":null,"uploaders_all_observed_common_delta_pp":0.0,"uploaders_all_left_share":null,"uploaders_all_right_share":null,"uploaders_without-hosting_delta_pp":null,"uploaders_without-hosting_observed_common_delta_pp":0.0,"uploaders_without-hosting_left_share":null,"uploaders_without-hosting_right_share":null},"geometry":{"type":"Polygon","coordinates":[[[141.12680085208535,39.46065250270041],[141.02316225085917,39.482882066509326],[140.99504676436698,39.569268705031256],[141.07071299259115,39.633547037069],[141.17461156486922,39.61136046146375],[141.20258349075067,39.524852556783024],[141.12680085208535,39.46065250270041]]]}},{"type":"Feature","properties":{"h3":"852e132bfffffff","countries":["JPN"],"common_intervals":26,"left_observed_intervals":26,"right_observed_intervals":26,"full_window_comparable":true,"expected_intervals":26,"downloaders_all_delta_pp":0.00019417629591988815,"downloaders_all_observed_common_delta_pp":0.00019417629591988815,"downloaders_all_left_share":0.0016001879302213616,"downloaders_all_right_share":0.0014060116343014735,"downloaders_without-hosting_delta_pp":0.0002632434273695563,"downloaders_without-hosting_observed_common_delta_pp":0.0002632434273695563,"downloaders_without-hosting_left_share":0.0019042602372874781,"downloaders_without-hosting_right_share":0.001641016809917922,"uploaders_all_delta_pp":0.00040422908187541664,"uploaders_all_observed_common_delta_pp":0.00040422908187541664,"uploaders_all_left_share":0.0007160337878294905,"uploaders_all_right_share":0.0003118047059540737,"uploaders_without-hosting_delta_pp":0.0006271720816029415,"uploaders_without-hosting_observed_common_delta_pp":0.0006271720816029415,"uploaders_without-hosting_left_share":0.0010074275469416085,"uploaders_without-hosting_right_share":0.00038025546533866704},"geometry":{"type":"Polygon","coordinates":[[[144.39202350204408,42.83081637743663],[144.2806467988189,42.85442078194203],[144.25433627739488,42.94195778432738],[144.33958826396633,43.00599991785821],[144.45125279504455,42.98242370700938],[144.47737699457758,42.8947772056716],[144.39202350204408,42.83081637743663]]]}},{"type":"Feature","properties":{"h3":"852e1917fffffff","countries":["JPN"],"common_intervals":26,"left_observed_intervals":26,"right_observed_intervals":26,"full_window_comparable":true,"expected_intervals":26,"downloaders_all_delta_pp":0.00021932347576693163,"downloaders_all_observed_common_delta_pp":0.00021932347576693163,"downloaders_all_left_share":0.001988338527455511,"downloaders_all_right_share":0.0017690150516885793,"downloaders_without-hosting_delta_pp":0.0003021667557551004,"downloaders_without-hosting_observed_common_delta_pp":0.0003021667557551004,"downloaders_without-hosting_left_share":0.002366061600597467,"downloaders_without-hosting_right_share":0.002063894844842367,"uploaders_all_delta_pp":7.895636948052118e-05,"uploaders_all_observed_common_delta_pp":7.895636948052118e-05,"uploaders_all_left_share":0.0001781929829655179,"uploaders_all_right_share":9.92366134849967e-05,"uploaders_without-hosting_delta_pp":0.000110018699959207,"uploaders_without-hosting_observed_common_delta_pp":0.000110018699959207,"uploaders_without-hosting_left_share":0.00022838681380399649,"uploaders_without-hosting_right_share":0.00011836811384478949},"geometry":{"type":"Polygon","coordinates":[[[140.80471637941983,41.61304240003475],[140.69814583818945,41.63360323875951],[140.66885828240143,41.71913659742702],[140.7462906423052,41.784228173871426],[140.85313714138726,41.76371306187593],[140.88227483365648,41.678060643395106],[140.80471637941983,41.61304240003475]]]}},{"type":"Feature","properties":{"h3":"852e194ffffffff","countries":["JPN"],"common_intervals":22,"left_observed_intervals":23,"right_observed_intervals":25,"full_window_comparable":false,"expected_intervals":26,"downloaders_all_delta_pp":null,"downloaders_all_observed_common_delta_pp":7.757359364994791e-05,"downloaders_all_left_share":null,"downloaders_all_right_share":null,"downloaders_without-hosting_delta_pp":null,"downloaders_without-hosting_observed_common_delta_pp":9.777135866483325e-05,"downloaders_without-hosting_left_share":null,"downloaders_without-hosting_right_share":null,"uploaders_all_delta_pp":null,"uploaders_all_observed_common_delta_pp":3.590078492331271e-05,"uploaders_all_left_share":null,"uploaders_all_right_share":null,"uploaders_without-hosting_delta_pp":null,"uploaders_without-hosting_observed_common_delta_pp":4.381367359823216e-05,"uploaders_without-hosting_left_share":null,"uploaders_without-hosting_right_share":null},"geometry":{"type":"Polygon","coordinates":[[[140.99983594041097,42.215784892525164],[140.89215388283242,42.236163936606616],[140.86278751214147,42.32162330880011],[140.94125690684152,42.38682147082354],[141.04922007114718,42.36648739246984],[141.07843223125224,42.28091018740105],[140.99983594041097,42.215784892525164]]]}},{"type":"Feature","properties":{"h3":"852e1a0ffffffff","countries":["JPN"],"common_intervals":1,"left_observed_intervals":2,"right_observed_intervals":3,"full_window_comparable":false,"expected_intervals":26,"downloaders_all_delta_pp":null,"downloaders_all_observed_common_delta_pp":0.00013957005149225202,"downloaders_all_left_share":null,"downloaders_all_right_share":null,"downloaders_without-hosting_delta_pp":null,"downloaders_without-hosting_observed_common_delta_pp":0.00016979050832150705,"downloaders_without-hosting_left_share":null,"downloaders_without-hosting_right_share":null,"uploaders_all_delta_pp":null,"uploaders_all_observed_common_delta_pp":0.0,"uploaders_all_left_share":null,"uploaders_all_right_share":null,"uploaders_without-hosting_delta_pp":null,"uploaders_without-hosting_observed_common_delta_pp":0.0,"uploaders_without-hosting_left_share":null,"uploaders_without-hosting_right_share":null},"geometry":{"type":"Polygon","coordinates":[[[142.39429662204859,43.235212691968684],[142.28379539131146,43.25641661663424],[142.25532289686956,43.34244946638938],[142.33752236295643,43.40739197651586],[142.44831460829047,43.38622632329853],[142.47661584418512,43.30007990725511],[142.39429662204859,43.235212691968684]]]}},{"type":"Feature","properties":{"h3":"852e1a27fffffff","countries":["JPN"],"common_intervals":0,"left_observed_intervals":1,"right_observed_intervals":1,"full_window_comparable":false,"expected_intervals":26,"downloaders_all_delta_pp":null,"downloaders_all_observed_common_delta_pp":null,"downloaders_all_left_share":null,"downloaders_all_right_share":null,"downloaders_without-hosting_delta_pp":null,"downloaders_without-hosting_observed_common_delta_pp":null,"downloaders_without-hosting_left_share":null,"downloaders_without-hosting_right_share":null,"uploaders_all_delta_pp":null,"uploaders_all_observed_common_delta_pp":null,"uploaders_all_left_share":null,"uploaders_all_right_share":null,"uploaders_without-hosting_delta_pp":null,"uploaders_without-hosting_observed_common_delta_pp":null,"uploaders_without-hosting_left_share":null,"uploaders_without-hosting_right_share":null},"geometry":{"type":"Polygon","coordinates":[[[141.81892129350746,43.10330881855359],[141.70911360814344,43.12398303820191],[141.68013877988957,43.20967242141171],[141.76113665439863,43.27480253877498],[141.87123378974238,43.25416942586896],[141.9000430756383,43.16836510147801],[141.81892129350746,43.10330881855359]]]}},{"type":"Feature","properties":{"h3":"852e1a6bfffffff","countries":["JPN"],"common_intervals":26,"left_observed_intervals":26,"right_observed_intervals":26,"full_window_comparable":true,"expected_intervals":26,"downloaders_all_delta_pp":0.000258473217640589,"downloaders_all_observed_common_delta_pp":0.000258473217640589,"downloaders_all_left_share":0.0011964597594217225,"downloaders_all_right_share":0.0009379865417811334,"downloaders_without-hosting_delta_pp":0.00032908476813302165,"downloaders_without-hosting_observed_common_delta_pp":0.00032908476813302165,"downloaders_without-hosting_left_share":0.0014234228458322987,"downloaders_without-hosting_right_share":0.001094338077699277,"uploaders_all_delta_pp":0.0005643807616570859,"uploaders_all_observed_common_delta_pp":0.0005643807616570859,"uploaders_all_left_share":0.0006043985506201937,"uploaders_all_right_share":4.0017788963107844e-05,"uploaders_without-hosting_delta_pp":0.000831088758708071,"uploaders_without-hosting_observed_common_delta_pp":0.000831088758708071,"uploaders_without-hosting_left_share":0.0008794947820615304,"uploaders_without-hosting_right_share":4.840602335345954e-05},"geometry":{"type":"Polygon","coordinates":[[[142.36302584232595,43.644321772635166],[142.25187868856924,43.665230936584685],[142.22320136952894,43.751061023909116],[142.3058437365082,43.816094965537175],[142.41728543937074,43.79522422572954],[142.44578968769991,43.709281140422284],[142.36302584232595,43.644321772635166]]]}},{"type":"Feature","properties":{"h3":"852e1b47fffffff","countries":["JPN"],"common_intervals":0,"left_observed_intervals":3,"right_observed_intervals":4,"full_window_comparable":false,"expected_intervals":26,"downloaders_all_delta_pp":null,"downloaders_all_observed_common_delta_pp":null,"downloaders_all_left_share":null,"downloaders_all_right_share":null,"downloaders_without-hosting_delta_pp":null,"downloaders_without-hosting_observed_common_delta_pp":null,"downloaders_without-hosting_left_share":null,"downloaders_without-hosting_right_share":null,"uploaders_all_delta_pp":null,"uploaders_all_observed_common_delta_pp":null,"uploaders_all_left_share":null,"uploaders_all_right_share":null,"uploaders_without-hosting_delta_pp":null,"uploaders_without-hosting_observed_common_delta_pp":null,"uploaders_without-hosting_left_share":null,"uploaders_without-hosting_right_share":null},"geometry":{"type":"Polygon","coordinates":[[[141.29985333109238,43.11997984674909],[141.1904648783683,43.14009228879194],[141.16098670634406,43.225407444342686],[141.2410574987004,43.290726074488475],[141.35073501541407,43.27065727957967],[141.3800521516033,43.185226215151204],[141.29985333109238,43.11997984674909]]]}},{"type":"Feature","properties":{"h3":"852e1b53fffffff","countries":["JPN"],"common_intervals":25,"left_observed_intervals":26,"right_observed_intervals":25,"full_window_comparable":false,"expected_intervals":26,"downloaders_all_delta_pp":null,"downloaders_all_observed_common_delta_pp":0.00013788045996742784,"downloaders_all_left_share":null,"downloaders_all_right_share":null,"downloaders_without-hosting_delta_pp":null,"downloaders_without-hosting_observed_common_delta_pp":0.0001717386747299385,"downloaders_without-hosting_left_share":null,"downloaders_without-hosting_right_share":null,"uploaders_all_delta_pp":null,"uploaders_all_observed_common_delta_pp":4.1556418750173256e-05,"uploaders_all_left_share":null,"uploaders_all_right_share":null,"uploaders_without-hosting_delta_pp":null,"uploaders_without-hosting_observed_common_delta_pp":5.948753490657809e-05,"uploaders_without-hosting_left_share":null,"uploaders_without-hosting_right_share":null},"geometry":{"type":"Polygon","coordinates":[[[141.62839023684683,43.05886726148105],[141.51881675769272,43.07936753546549],[141.48967828260467,43.164941537007614],[141.57027640995176,43.23013065683956],[141.68013877988957,43.20967242141171],[141.70911360814344,43.12398303820191],[141.62839023684683,43.05886726148105]]]}},{"type":"Feature","properties":{"h3":"852e1b57fffffff","countries":["JPN"],"common_intervals":26,"left_observed_intervals":26,"right_observed_intervals":26,"full_window_comparable":true,"expected_intervals":26,"downloaders_all_delta_pp":0.003059103889025108,"downloaders_all_observed_common_delta_pp":0.003059103889025108,"downloaders_all_left_share":0.01668880819910394,"downloaders_all_right_share":0.013629704310078828,"downloaders_without-hosting_delta_pp":0.003948605302403671,"downloaders_without-hosting_observed_common_delta_pp":0.003948605302403671,"downloaders_without-hosting_left_share":0.019846745634435316,"downloaders_without-hosting_right_share":0.015898140332031647,"uploaders_all_delta_pp":0.0034822554007324256,"uploaders_all_observed_common_delta_pp":0.0034822554007324256,"uploaders_all_left_share":0.005082483434476874,"uploaders_all_right_share":0.0016002280337444473,"uploaders_without-hosting_delta_pp":0.004966160659990109,"uploaders_without-hosting_observed_common_delta_pp":0.004966160659990109,"uploaders_without-hosting_left_share":0.006969383120877966,"uploaders_without-hosting_right_share":0.0020032224608878568},"geometry":{"type":"Polygon","coordinates":[[[141.43849138051937,43.01419401679365],[141.32915356284062,43.03452165854102],[141.29985333109238,43.11997984674909],[141.3800521516033,43.185226215151204],[141.48967828260467,43.164941537007614],[141.51881675769272,43.07936753546549],[141.43849138051937,43.01419401679365]]]}},{"type":"Feature","properties":{"h3":"852e1b73fffffff","countries":["JPN"],"common_intervals":26,"left_observed_intervals":26,"right_observed_intervals":26,"full_window_comparable":true,"expected_intervals":26,"downloaders_all_delta_pp":7.164576396101737e-05,"downloaders_all_observed_common_delta_pp":7.164576396101737e-05,"downloaders_all_left_share":0.0005067203004586544,"downloaders_all_right_share":0.00043507453649763704,"downloaders_without-hosting_delta_pp":9.48637691213219e-05,"downloaders_without-hosting_observed_common_delta_pp":9.48637691213219e-05,"downloaders_without-hosting_left_share":0.0006027128041532966,"downloaders_without-hosting_right_share":0.0005078490350319747,"uploaders_all_delta_pp":5.151907935734784e-06,"uploaders_all_observed_common_delta_pp":5.151907935734784e-06,"uploaders_all_left_share":6.667116683791548e-05,"uploaders_all_right_share":6.151925890218069e-05,"uploaders_without-hosting_delta_pp":5.863364441065495e-06,"uploaders_without-hosting_observed_common_delta_pp":5.863364441065495e-06,"uploaders_without-hosting_left_share":8.032594277044765e-05,"uploaders_without-hosting_right_share":7.446257832938215e-05},"geometry":{"type":"Polygon","coordinates":[[[141.11066489586636,43.07479041781603],[141.00151552678864,43.094731945709576],[140.97187821088707,43.179930775223184],[141.05154888536217,43.24530440866169],[141.16098670634406,43.225407444342686],[141.1904648783683,43.14009228879194],[141.11066489586636,43.07479041781603]]]}},{"type":"Feature","properties":{"h3":"852e1b87fffffff","countries":["JPN"],"common_intervals":22,"left_observed_intervals":23,"right_observed_intervals":25,"full_window_comparable":false,"expected_intervals":26,"downloaders_all_delta_pp":null,"downloaders_all_observed_common_delta_pp":0.00024467614326079926,"downloaders_all_left_share":null,"downloaders_all_right_share":null,"downloaders_without-hosting_delta_pp":null,"downloaders_without-hosting_observed_common_delta_pp":0.00030503114833295924,"downloaders_without-hosting_left_share":null,"downloaders_without-hosting_right_share":null,"uploaders_all_delta_pp":null,"uploaders_all_observed_common_delta_pp":8.163648957884433e-05,"uploaders_all_left_share":null,"uploaders_all_right_share":null,"uploaders_without-hosting_delta_pp":null,"uploaders_without-hosting_observed_common_delta_pp":0.0001252454362638651,"uploaders_without-hosting_left_share":null,"uploaders_without-hosting_right_share":null},"geometry":{"type":"Polygon","coordinates":[[[141.23627744229128,42.4111344036118],[141.12807958653934,42.431636178077014],[141.09884935293314,42.517191798112115],[141.17797362241885,42.582362755912605],[141.28645449062398,42.56190484444056],[141.31552756906297,42.47623211626019],[141.23627744229128,42.4111344036118]]]}},{"type":"Feature","properties":{"h3":"852e1b9bfffffff","countries":["JPN"],"common_intervals":24,"left_observed_intervals":25,"right_observed_intervals":25,"full_window_comparable":false,"expected_intervals":26,"downloaders_all_delta_pp":null,"downloaders_all_observed_common_delta_pp":0.00010307702552590256,"downloaders_all_left_share":null,"downloaders_all_right_share":null,"downloaders_without-hosting_delta_pp":null,"downloaders_without-hosting_observed_common_delta_pp":0.00012907985010807176,"downloaders_without-hosting_left_share":null,"downloaders_without-hosting_right_share":null,"uploaders_all_delta_pp":null,"uploaders_all_observed_common_delta_pp":0.00014523619256432972,"uploaders_all_left_share":null,"uploaders_all_right_share":null,"uploaders_without-hosting_delta_pp":null,"uploaders_without-hosting_observed_common_delta_pp":0.00019823808170672317,"uploaders_without-hosting_left_share":null,"uploaders_without-hosting_right_share":null},"geometry":{"type":"Polygon","coordinates":[[[141.61226311631452,42.49976526698549],[141.50359996629604,42.52060629379907],[141.47468588155857,42.60639571058565],[141.55459527374964,42.671460368930894],[141.66354258329864,42.650661388954674],[141.69229583037315,42.5647557118163],[141.61226311631452,42.49976526698549]]]}},{"type":"Feature","properties":{"h3":"852e1bb7fffffff","countries":["JPN"],"common_intervals":0,"left_observed_intervals":0,"right_observed_intervals":1,"full_window_comparable":false,"expected_intervals":26,"downloaders_all_delta_pp":null,"downloaders_all_observed_common_delta_pp":null,"downloaders_all_left_share":null,"downloaders_all_right_share":null,"downloaders_without-hosting_delta_pp":null,"downloaders_without-hosting_observed_common_delta_pp":null,"downloaders_without-hosting_left_share":null,"downloaders_without-hosting_right_share":null,"uploaders_all_delta_pp":null,"uploaders_all_observed_common_delta_pp":null,"uploaders_all_left_share":null,"uploaders_all_right_share":null,"uploaders_without-hosting_delta_pp":null,"uploaders_without-hosting_observed_common_delta_pp":null,"uploaders_without-hosting_left_share":null,"uploaders_without-hosting_right_share":null},"geometry":{"type":"Polygon","coordinates":[[[140.86278751214147,42.32162330880011],[140.7550603589859,42.341790978403445],[140.72552130782353,42.427111158124866],[140.80386240043464,42.49238158974472],[140.91187135095112,42.472259571836375],[140.94125690684152,42.38682147082354],[140.86278751214147,42.32162330880011]]]}},{"type":"Feature","properties":{"h3":"852e1bc3fffffff","countries":["JPN"],"common_intervals":24,"left_observed_intervals":25,"right_observed_intervals":25,"full_window_comparable":false,"expected_intervals":26,"downloaders_all_delta_pp":null,"downloaders_all_observed_common_delta_pp":4.6346266087671834e-05,"downloaders_all_left_share":null,"downloaders_all_right_share":null,"downloaders_without-hosting_delta_pp":null,"downloaders_without-hosting_observed_common_delta_pp":6.513707479255032e-05,"downloaders_without-hosting_left_share":null,"downloaders_without-hosting_right_share":null,"uploaders_all_delta_pp":null,"uploaders_all_observed_common_delta_pp":0.0001188300463960005,"uploaders_all_left_share":null,"uploaders_all_right_share":null,"uploaders_without-hosting_delta_pp":null,"uploaders_without-hosting_observed_common_delta_pp":0.00017355320305502647,"uploaders_without-hosting_left_share":null,"uploaders_without-hosting_right_share":null},"geometry":{"type":"Polygon","coordinates":[[[141.71507754556563,42.80155233146566],[141.60584476538799,42.82230949065044],[141.57689979911066,42.908051117089215],[141.65735026379244,42.97315120080668],[141.76686983334503,42.9524356303951],[141.79565163103925,42.866578397799984],[141.71507754556563,42.80155233146566]]]}},{"type":"Feature","properties":{"h3":"852e1bc7fffffff","countries":["JPN"],"common_intervals":3,"left_observed_intervals":14,"right_observed_intervals":7,"full_window_comparable":false,"expected_intervals":26,"downloaders_all_delta_pp":null,"downloaders_all_observed_common_delta_pp":4.235514003665109e-05,"downloaders_all_left_share":null,"downloaders_all_right_share":null,"downloaders_without-hosting_delta_pp":null,"downloaders_without-hosting_observed_common_delta_pp":5.224827828821658e-05,"downloaders_without-hosting_left_share":null,"downloaders_without-hosting_right_share":null,"uploaders_all_delta_pp":null,"uploaders_all_observed_common_delta_pp":-5.109269389805066e-05,"uploaders_all_left_share":null,"uploaders_all_right_share":null,"uploaders_without-hosting_delta_pp":null,"uploaders_without-hosting_observed_common_delta_pp":-5.788725415283161e-05,"uploaders_without-hosting_left_share":null,"uploaders_without-hosting_right_share":null},"geometry":{"type":"Polygon","coordinates":[[[141.5256656230146,42.757226447888456],[141.4166659261297,42.777811509741035],[141.38755966081263,42.863437095649246],[141.46761387503778,42.92859366854813],[141.57689979911066,42.908051117089215],[141.60584476538799,42.82230949065044],[141.5256656230146,42.757226447888456]]]}},{"type":"Feature","properties":{"h3":"852e1bcffffffff","countries":["JPN"],"common_intervals":4,"left_observed_intervals":8,"right_observed_intervals":11,"full_window_comparable":false,"expected_intervals":26,"downloaders_all_delta_pp":null,"downloaders_all_observed_common_delta_pp":4.216171416288598e-05,"downloaders_all_left_share":null,"downloaders_all_right_share":null,"downloaders_without-hosting_delta_pp":null,"downloaders_without-hosting_observed_common_delta_pp":5.620990208685933e-05,"downloaders_without-hosting_left_share":null,"downloaders_without-hosting_right_share":null,"uploaders_all_delta_pp":null,"uploaders_all_observed_common_delta_pp":0.0,"uploaders_all_left_share":null,"uploaders_all_right_share":null,"uploaders_without-hosting_delta_pp":null,"uploaders_without-hosting_observed_common_delta_pp":0.0,"uploaders_without-hosting_left_share":null,"uploaders_without-hosting_right_share":null},"geometry":{"type":"Polygon","coordinates":[[[141.57689979911066,42.908051117089215],[141.46761387503778,42.92859366854813],[141.43849138051937,43.01419401679365],[141.51881675769272,43.07936753546549],[141.62839023684683,43.05886726148105],[141.65735026379244,42.97315120080668],[141.57689979911066,42.908051117089215]]]}},{"type":"Feature","properties":{"h3":"852e1d2bfffffff","countries":["JPN"],"common_intervals":0,"left_observed_intervals":7,"right_observed_intervals":2,"full_window_comparable":false,"expected_intervals":26,"downloaders_all_delta_pp":null,"downloaders_all_observed_common_delta_pp":null,"downloaders_all_left_share":null,"downloaders_all_right_share":null,"downloaders_without-hosting_delta_pp":null,"downloaders_without-hosting_observed_common_delta_pp":null,"downloaders_without-hosting_left_share":null,"downloaders_without-hosting_right_share":null,"uploaders_all_delta_pp":null,"uploaders_all_observed_common_delta_pp":null,"uploaders_all_left_share":null,"uploaders_all_right_share":null,"uploaders_without-hosting_delta_pp":null,"uploaders_without-hosting_observed_common_delta_pp":null,"uploaders_without-hosting_left_share":null,"uploaders_without-hosting_right_share":null},"geometry":{"type":"Polygon","coordinates":[[[141.34601252713512,41.18524403559456],[141.23962349955931,41.20663619725629],[141.21101093729067,41.292704368474546],[141.28893951487535,41.35749903181111],[141.39560179723412,41.33614981284906],[141.42406176547223,41.24996298782839],[141.34601252713512,41.18524403559456]]]}},{"type":"Feature","properties":{"h3":"852e1da7fffffff","countries":["JPN"],"common_intervals":1,"left_observed_intervals":3,"right_observed_intervals":6,"full_window_comparable":false,"expected_intervals":26,"downloaders_all_delta_pp":null,"downloaders_all_observed_common_delta_pp":8.278337467704439e-05,"downloaders_all_left_share":null,"downloaders_all_right_share":null,"downloaders_without-hosting_delta_pp":null,"downloaders_without-hosting_observed_common_delta_pp":9.629093234447998e-05,"downloaders_without-hosting_left_share":null,"downloaders_without-hosting_right_share":null,"uploaders_all_delta_pp":null,"uploaders_all_observed_common_delta_pp":0.0,"uploaders_all_left_share":null,"uploaders_all_right_share":null,"uploaders_without-hosting_delta_pp":null,"uploaders_without-hosting_observed_common_delta_pp":0.0,"uploaders_without-hosting_left_share":null,"uploaders_without-hosting_right_share":null},"geometry":{"type":"Polygon","coordinates":[[[141.3326087617118,40.62468528682356],[141.2270783846826,40.64641215579462],[141.19868258894004,40.73264311848851],[141.27596676060818,40.79726663759058],[141.38176603651772,40.77558250629969],[141.41001177159427,40.689232115815074],[141.3326087617118,40.62468528682356]]]}},{"type":"Feature","properties":{"h3":"852e1e0ffffffff","countries":["JPN"],"common_intervals":0,"left_observed_intervals":0,"right_observed_intervals":1,"full_window_comparable":false,"expected_intervals":26,"downloaders_all_delta_pp":null,"downloaders_all_observed_common_delta_pp":null,"downloaders_all_left_share":null,"downloaders_all_right_share":null,"downloaders_without-hosting_delta_pp":null,"downloaders_without-hosting_observed_common_delta_pp":null,"downloaders_without-hosting_left_share":null,"downloaders_without-hosting_right_share":null,"uploaders_all_delta_pp":null,"uploaders_all_observed_common_delta_pp":null,"uploaders_all_left_share":null,"uploaders_all_right_share":null,"uploaders_without-hosting_delta_pp":null,"uploaders_without-hosting_observed_common_delta_pp":null,"uploaders_without-hosting_left_share":null,"uploaders_without-hosting_right_share":null},"geometry":{"type":"Polygon","coordinates":[[[143.36024506932546,42.47459315915511],[143.25020453363334,42.497306645580856],[143.22299487826697,42.58431127462],[143.30600098062345,42.64871498620386],[143.41632648639873,42.626034866074406],[143.44336040851235,42.538917692929296],[143.36024506932546,42.47459315915511]]]}},{"type":"Feature","properties":{"h3":"852e1e6bfffffff","countries":["JPN"],"common_intervals":0,"left_observed_intervals":0,"right_observed_intervals":2,"full_window_comparable":false,"expected_intervals":26,"downloaders_all_delta_pp":null,"downloaders_all_observed_common_delta_pp":null,"downloaders_all_left_share":null,"downloaders_all_right_share":null,"downloaders_without-hosting_delta_pp":null,"downloaders_without-hosting_observed_common_delta_pp":null,"downloaders_without-hosting_left_share":null,"downloaders_without-hosting_right_share":null,"uploaders_all_delta_pp":null,"uploaders_all_observed_common_delta_pp":null,"uploaders_all_left_share":null,"uploaders_all_right_share":null,"uploaders_without-hosting_delta_pp":null,"uploaders_without-hosting_observed_common_delta_pp":null,"uploaders_without-hosting_left_share":null,"uploaders_without-hosting_right_share":null},"geometry":{"type":"Polygon","coordinates":[[[143.33485655472413,42.88706662134508],[143.22417358461362,42.90949774034122],[143.19677399445007,42.99631702056656],[143.28023449174182,43.060817213831555],[143.39120587203158,43.03841964456596],[143.418427824306,42.95148835872457],[143.33485655472413,42.88706662134508]]]}},{"type":"Feature","properties":{"h3":"852e1e6ffffffff","countries":["JPN"],"common_intervals":26,"left_observed_intervals":26,"right_observed_intervals":26,"full_window_comparable":true,"expected_intervals":26,"downloaders_all_delta_pp":0.0002238591813239759,"downloaders_all_observed_common_delta_pp":0.0002238591813239759,"downloaders_all_left_share":0.000745771827108527,"downloaders_all_right_share":0.000521912645784551,"downloaders_without-hosting_delta_pp":0.00027780474058531967,"downloaders_without-hosting_observed_common_delta_pp":0.00027780474058531967,"downloaders_without-hosting_left_share":0.000887293233391495,"downloaders_without-hosting_right_share":0.0006094884928061755,"uploaders_all_delta_pp":1.975476104824523e-05,"uploaders_all_observed_common_delta_pp":1.975476104824523e-05,"uploaders_all_left_share":9.319643429641622e-05,"uploaders_all_right_share":7.344167324817099e-05,"uploaders_without-hosting_delta_pp":1.4962534473465865e-05,"uploaders_without-hosting_observed_common_delta_pp":1.4962534473465865e-05,"uploaders_without-hosting_left_share":0.00011272607811228096,"uploaders_without-hosting_right_share":9.77635436388151e-05},"geometry":{"type":"Polygon","coordinates":[[[143.14099646147696,42.84500576959249],[143.03053148822386,42.86725510788078],[143.0029561420066,42.95396187357951],[143.08602100534773,43.018531839839774],[143.19677399445007,42.99631702056656],[143.22417358461362,42.90949774034122],[143.14099646147696,42.84500576959249]]]}},{"type":"Feature","properties":{"h3":"852e2923fffffff","countries":["JPN"],"common_intervals":25,"left_observed_intervals":25,"right_observed_intervals":26,"full_window_comparable":false,"expected_intervals":26,"downloaders_all_delta_pp":null,"downloaders_all_observed_common_delta_pp":0.00012926331789210732,"downloaders_all_left_share":null,"downloaders_all_right_share":null,"downloaders_without-hosting_delta_pp":null,"downloaders_without-hosting_observed_common_delta_pp":0.00016587073856598334,"downloaders_without-hosting_left_share":null,"downloaders_without-hosting_right_share":null,"uploaders_all_delta_pp":null,"uploaders_all_observed_common_delta_pp":0.00018599032250191444,"uploaders_all_left_share":null,"uploaders_all_right_share":null,"uploaders_without-hosting_delta_pp":null,"uploaders_without-hosting_observed_common_delta_pp":0.0002753638893824785,"uploaders_without-hosting_left_share":null,"uploaders_without-hosting_right_share":null},"geometry":{"type":"Polygon","coordinates":[[[140.00623285457638,36.82640853028331],[139.90725837062277,36.84909848243422],[139.87920734164905,36.935071057087065],[139.95025543643442,36.99847961195769],[140.04947007751474,36.97583537446534],[140.07739606967354,36.88973683938247],[140.00623285457638,36.82640853028331]]]}},{"type":"Feature","properties":{"h3":"852e2937fffffff","countries":["JPN"],"common_intervals":2,"left_observed_intervals":6,"right_observed_intervals":9,"full_window_comparable":false,"expected_intervals":26,"downloaders_all_delta_pp":null,"downloaders_all_observed_common_delta_pp":2.765439017739219e-05,"downloaders_all_left_share":null,"downloaders_all_right_share":null,"downloaders_without-hosting_delta_pp":null,"downloaders_without-hosting_observed_common_delta_pp":3.501887879463335e-05,"downloaders_without-hosting_left_share":null,"downloaders_without-hosting_right_share":null,"uploaders_all_delta_pp":null,"uploaders_all_observed_common_delta_pp":0.0,"uploaders_all_left_share":null,"uploaders_all_right_share":null,"uploaders_without-hosting_delta_pp":null,"uploaders_without-hosting_observed_common_delta_pp":0.0,"uploaders_without-hosting_left_share":null,"uploaders_without-hosting_right_share":null},"geometry":{"type":"Polygon","coordinates":[[[139.96319326193546,36.67706717787881],[139.86445788966577,36.69980286240512],[139.83642853893605,36.78575545040329],[139.90725837062277,36.84909848243422],[140.00623285457638,36.82640853028331],[140.034138000748,36.74032978482572],[139.96319326193546,36.67706717787881]]]}},{"type":"Feature","properties":{"h3":"852e293bfffffff","countries":["JPN"],"common_intervals":0,"left_observed_intervals":4,"right_observed_intervals":9,"full_window_comparable":false,"expected_intervals":26,"downloaders_all_delta_pp":null,"downloaders_all_observed_common_delta_pp":null,"downloaders_all_left_share":null,"downloaders_all_right_share":null,"downloaders_without-hosting_delta_pp":null,"downloaders_without-hosting_observed_common_delta_pp":null,"downloaders_without-hosting_left_share":null,"downloaders_without-hosting_right_share":null,"uploaders_all_delta_pp":null,"uploaders_all_observed_common_delta_pp":null,"uploaders_all_left_share":null,"uploaders_all_right_share":null,"uploaders_without-hosting_delta_pp":null,"uploaders_without-hosting_observed_common_delta_pp":null,"uploaders_without-hosting_left_share":null,"uploaders_without-hosting_right_share":null},"geometry":{"type":"Polygon","coordinates":[[[140.17657885731464,36.866905589951166],[140.07739606967354,36.88973683938247],[140.04947007751474,36.97583537446534],[140.12085294844516,37.03922826689612],[140.22027644458146,37.01644198829443],[140.2480759628873,36.93021782002327],[140.17657885731464,36.866905589951166]]]}},{"type":"Feature","properties":{"h3":"852e2947fffffff","countries":["JPN"],"common_intervals":0,"left_observed_intervals":1,"right_observed_intervals":1,"full_window_comparable":false,"expected_intervals":26,"downloaders_all_delta_pp":null,"downloaders_all_observed_common_delta_pp":null,"downloaders_all_left_share":null,"downloaders_all_right_share":null,"downloaders_without-hosting_delta_pp":null,"downloaders_without-hosting_observed_common_delta_pp":null,"downloaders_without-hosting_left_share":null,"downloaders_without-hosting_right_share":null,"uploaders_all_delta_pp":null,"uploaders_all_observed_common_delta_pp":null,"uploaders_all_left_share":null,"uploaders_all_right_share":null,"uploaders_without-hosting_delta_pp":null,"uploaders_without-hosting_observed_common_delta_pp":null,"uploaders_without-hosting_left_share":null,"uploaders_without-hosting_right_share":null},"geometry":{"type":"Polygon","coordinates":[[[140.56351825980872,37.097172484437245],[140.46367992116384,37.120245957431294],[140.43598931529587,37.20661370217034],[140.50826687523596,37.270032696530734],[140.60834804294393,37.24700265107136],[140.63590841794525,37.16051016153054],[140.56351825980872,37.097172484437245]]]}},{"type":"Feature","properties":{"h3":"852e2953fffffff","countries":["JPN"],"common_intervals":26,"left_observed_intervals":26,"right_observed_intervals":26,"full_window_comparable":true,"expected_intervals":26,"downloaders_all_delta_pp":0.00019413405347267862,"downloaders_all_observed_common_delta_pp":0.00019413405347267862,"downloaders_all_left_share":0.0010055370218777224,"downloaders_all_right_share":0.0008114029684050439,"downloaders_without-hosting_delta_pp":0.00025033967213312995,"downloaders_without-hosting_observed_common_delta_pp":0.00025033967213312995,"downloaders_without-hosting_left_share":0.0011966852284851037,"downloaders_without-hosting_right_share":0.0009463455563519736,"uploaders_all_delta_pp":0.00014434461598204787,"uploaders_all_observed_common_delta_pp":0.00014434461598204787,"uploaders_all_left_share":0.00018990796858043996,"uploaders_all_right_share":4.556335259839209e-05,"uploaders_without-hosting_delta_pp":0.00020746195160148228,"uploaders_without-hosting_observed_common_delta_pp":0.00020746195160148228,"uploaders_without-hosting_left_share":0.00026255641673714165,"uploaders_without-hosting_right_share":5.5094465135659364e-05},"geometry":{"type":"Polygon","coordinates":[[[140.8633705231592,37.027285759753156],[140.76336412151838,37.05069250901713],[140.73595269703745,37.137291534538754],[140.8086795419491,37.200608036234506],[140.90892874267664,37.17724321714579],[140.93620789579882,37.09051994652974],[140.8633705231592,37.027285759753156]]]}},{"type":"Feature","properties":{"h3":"852e2977fffffff","countries":["JPN"],"common_intervals":3,"left_observed_intervals":8,"right_observed_intervals":7,"full_window_comparable":false,"expected_intervals":26,"downloaders_all_delta_pp":null,"downloaders_all_observed_common_delta_pp":0.00014389424749303988,"downloaders_all_left_share":null,"downloaders_all_right_share":null,"downloaders_without-hosting_delta_pp":null,"downloaders_without-hosting_observed_common_delta_pp":0.00017556209202762604,"downloaders_without-hosting_left_share":null,"downloaders_without-hosting_right_share":null,"uploaders_all_delta_pp":null,"uploaders_all_observed_common_delta_pp":7.659983869647798e-05,"uploaders_all_left_share":null,"uploaders_all_right_share":null,"uploaders_without-hosting_delta_pp":null,"uploaders_without-hosting_observed_common_delta_pp":9.211263275750777e-05,"uploaders_without-hosting_left_share":null,"uploaders_without-hosting_right_share":null},"geometry":{"type":"Polygon","coordinates":[[[140.22027644458146,37.01644198829443],[140.12085294844516,37.03922826689612],[140.0929062455232,37.12534549148708],[140.1645099604402,37.18880184110872],[140.26417521681662,37.16606050629324],[140.2919945970118,37.0798178525178],[140.22027644458146,37.01644198829443]]]}},{"type":"Feature","properties":{"h3":"852e297bfffffff","countries":["JPN"],"common_intervals":26,"left_observed_intervals":26,"right_observed_intervals":26,"full_window_comparable":true,"expected_intervals":26,"downloaders_all_delta_pp":0.0001381964538329542,"downloaders_all_observed_common_delta_pp":0.0001381964538329542,"downloaders_all_left_share":0.0006027076758797013,"downloaders_all_right_share":0.0004645112220467471,"downloaders_without-hosting_delta_pp":0.0001767359026082811,"downloaders_without-hosting_observed_common_delta_pp":0.0001767359026082811,"downloaders_without-hosting_left_share":0.0007172065665516161,"downloaders_without-hosting_right_share":0.000540470663943335,"uploaders_all_delta_pp":0.00015784566203432584,"uploaders_all_observed_common_delta_pp":0.00015784566203432584,"uploaders_all_left_share":0.00018653700802448282,"uploaders_all_right_share":2.8691345990156996e-05,"uploaders_without-hosting_delta_pp":0.0002246904265078641,"uploaders_without-hosting_observed_common_delta_pp":0.0002246904265078641,"uploaders_without-hosting_left_share":0.00026051399970440235,"uploaders_without-hosting_right_share":3.582357319653822e-05},"geometry":{"type":"Polygon","coordinates":[[[140.43598931529587,37.20661370217034],[140.33611561169695,37.22949887019697],[140.30827651472066,37.31575890310694],[140.3804403563618,37.37925862495816],[140.48055741830112,37.35641760941017],[140.50826687523596,37.270032696530734],[140.43598931529587,37.20661370217034]]]}},{"type":"Feature","properties":{"h3":"852e2987fffffff","countries":["JPN"],"common_intervals":12,"left_observed_intervals":16,"right_observed_intervals":16,"full_window_comparable":false,"expected_intervals":26,"downloaders_all_delta_pp":null,"downloaders_all_observed_common_delta_pp":4.5663848322943135e-06,"downloaders_all_left_share":null,"downloaders_all_right_share":null,"downloaders_without-hosting_delta_pp":null,"downloaders_without-hosting_observed_common_delta_pp":9.42773955201887e-06,"downloaders_without-hosting_left_share":null,"downloaders_without-hosting_right_share":null,"uploaders_all_delta_pp":null,"uploaders_all_observed_common_delta_pp":-0.00021164969326831315,"uploaders_all_left_share":null,"uploaders_all_right_share":null,"uploaders_without-hosting_delta_pp":null,"uploaders_without-hosting_observed_common_delta_pp":-0.0002528322945419238,"uploaders_without-hosting_left_share":null,"uploaders_without-hosting_right_share":null},"geometry":{"type":"Polygon","coordinates":[[[140.51255383306383,36.38884858530978],[140.41371062480104,36.4122810185426],[140.38624247093503,36.49867207426402],[140.45774451214555,36.56175609062109],[140.55682586626943,36.53836647005055],[140.58416664124016,36.451849995651436],[140.51255383306383,36.38884858530978]]]}},{"type":"Feature","properties":{"h3":"852e298bfffffff","countries":["JPN"],"common_intervals":26,"left_observed_intervals":26,"right_observed_intervals":26,"full_window_comparable":true,"expected_intervals":26,"downloaders_all_delta_pp":2.764451645239789e-05,"downloaders_all_observed_common_delta_pp":2.764451645239789e-05,"downloaders_all_left_share":0.000741234836952377,"downloaders_all_right_share":0.0007135903204999792,"downloaders_without-hosting_delta_pp":4.833669883895563e-05,"downloaders_without-hosting_observed_common_delta_pp":4.833669883895563e-05,"downloaders_without-hosting_left_share":0.0008816609770688524,"downloaders_without-hosting_right_share":0.0008333242782298967,"uploaders_all_delta_pp":3.747041962443465e-05,"uploaders_all_observed_common_delta_pp":3.747041962443465e-05,"uploaders_all_left_share":7.558682522527774e-05,"uploaders_all_right_share":3.811640560084309e-05,"uploaders_without-hosting_delta_pp":5.2320886402214914e-05,"uploaders_without-hosting_observed_common_delta_pp":5.2320886402214914e-05,"uploaders_without-hosting_left_share":0.00010070291558496181,"uploaders_without-hosting_right_share":4.838202918274691e-05},"geometry":{"type":"Polygon","coordinates":[[[140.7279433532189,36.57790041365389],[140.6286590988251,36.60143317345161],[140.6013004246843,36.68797195051634],[140.67335526453743,36.75110281704049],[140.772879198808,36.72761209250437],[140.80010821748056,36.64094844390325],[140.7279433532189,36.57790041365389]]]}},{"type":"Feature","properties":{"h3":"852e298ffffffff","countries":["JPN"],"common_intervals":0,"left_observed_intervals":1,"right_observed_intervals":0,"full_window_comparable":false,"expected_intervals":26,"downloaders_all_delta_pp":null,"downloaders_all_observed_common_delta_pp":null,"downloaders_all_left_share":null,"downloaders_all_right_share":null,"downloaders_without-hosting_delta_pp":null,"downloaders_without-hosting_observed_common_delta_pp":null,"downloaders_without-hosting_left_share":null,"downloaders_without-hosting_right_share":null,"uploaders_all_delta_pp":null,"uploaders_all_observed_common_delta_pp":null,"uploaders_all_left_share":null,"uploaders_all_right_share":null,"uploaders_without-hosting_delta_pp":null,"uploaders_without-hosting_observed_common_delta_pp":null,"uploaders_without-hosting_left_share":null,"uploaders_without-hosting_right_share":null},"geometry":{"type":"Polygon","coordinates":[[[140.55682586626943,36.53836647005055],[140.45774451214555,36.56175609062109],[140.4302576109901,36.64816964673604],[140.50197989634955,36.71131877926808],[140.6013004246843,36.68797195051634],[140.6286590988251,36.60143317345161],[140.55682586626943,36.53836647005055]]]}},{"type":"Feature","properties":{"h3":"852e2997fffffff","countries":["JPN"],"common_intervals":26,"left_observed_intervals":26,"right_observed_intervals":26,"full_window_comparable":true,"expected_intervals":26,"downloaders_all_delta_pp":0.00014339260479904824,"downloaders_all_observed_common_delta_pp":0.00014339260479904824,"downloaders_all_left_share":0.0005878219898075601,"downloaders_all_right_share":0.0004444293850085118,"downloaders_without-hosting_delta_pp":0.00018071636245705876,"downloaders_without-hosting_observed_common_delta_pp":0.00018071636245705876,"downloaders_without-hosting_left_share":0.0007007523466615535,"downloaders_without-hosting_right_share":0.0005200359842044947,"uploaders_all_delta_pp":6.075576295386358e-05,"uploaders_all_observed_common_delta_pp":6.075576295386358e-05,"uploaders_all_left_share":8.285845182358947e-05,"uploaders_all_right_share":2.2102688869725883e-05,"uploaders_without-hosting_delta_pp":9.074616521829703e-05,"uploaders_without-hosting_observed_common_delta_pp":9.074616521829703e-05,"uploaders_without-hosting_left_share":0.00011578613969077793,"uploaders_without-hosting_right_share":2.5039974472480903e-05},"geometry":{"type":"Polygon","coordinates":[[[140.63868452912817,36.27873861785827],[140.53987655560695,36.3023555191133],[140.51255383306383,36.38884858530978],[140.58416664124016,36.451849995651436],[140.68321224395564,36.42827517533843],[140.71040701849668,36.341656839759814],[140.63868452912817,36.27873861785827]]]}},{"type":"Feature","properties":{"h3":"852e29a3fffffff","countries":["JPN"],"common_intervals":0,"left_observed_intervals":1,"right_observed_intervals":1,"full_window_comparable":false,"expected_intervals":26,"downloaders_all_delta_pp":null,"downloaders_all_observed_common_delta_pp":null,"downloaders_all_left_share":null,"downloaders_all_right_share":null,"downloaders_without-hosting_delta_pp":null,"downloaders_without-hosting_observed_common_delta_pp":null,"downloaders_without-hosting_left_share":null,"downloaders_without-hosting_right_share":null,"uploaders_all_delta_pp":null,"uploaders_all_observed_common_delta_pp":null,"uploaders_all_left_share":null,"uploaders_all_right_share":null,"uploaders_without-hosting_delta_pp":null,"uploaders_without-hosting_observed_common_delta_pp":null,"uploaders_without-hosting_left_share":null,"uploaders_without-hosting_right_share":null},"geometry":{"type":"Polygon","coordinates":[[[140.21619368053513,36.45881959065544],[140.1175210199988,36.48192596936419],[140.0897819313923,36.56808806702102],[140.1608404955284,36.63126965471199],[140.25975128467815,36.6082075615821],[140.28736498905675,36.52191956789695],[140.21619368053513,36.45881959065544]]]}},{"type":"Feature","properties":{"h3":"852e29a7fffffff","countries":["JPN"],"common_intervals":16,"left_observed_intervals":16,"right_observed_intervals":23,"full_window_comparable":false,"expected_intervals":26,"downloaders_all_delta_pp":null,"downloaders_all_observed_common_delta_pp":4.888735713715437e-05,"downloaders_all_left_share":null,"downloaders_all_right_share":null,"downloaders_without-hosting_delta_pp":null,"downloaders_without-hosting_observed_common_delta_pp":6.211655408742718e-05,"downloaders_without-hosting_left_share":null,"downloaders_without-hosting_right_share":null,"uploaders_all_delta_pp":null,"uploaders_all_observed_common_delta_pp":6.0820739385564565e-05,"uploaders_all_left_share":null,"uploaders_all_right_share":null,"uploaders_without-hosting_delta_pp":null,"uploaders_without-hosting_observed_common_delta_pp":8.927678660705359e-05,"uploaders_without-hosting_left_share":null,"uploaders_without-hosting_right_share":null},"geometry":{"type":"Polygon","coordinates":[[[140.04667996750473,36.41881137509573],[139.9482130546856,36.44177765047696],[139.9203499959189,36.52781352633572],[139.9910774294656,36.59100931968574],[140.0897819313923,36.56808806702102],[140.1175210199988,36.48192596936419],[140.04667996750473,36.41881137509573]]]}},{"type":"Feature","properties":{"h3":"852e29affffffff","countries":["JPN"],"common_intervals":0,"left_observed_intervals":2,"right_observed_intervals":4,"full_window_comparable":false,"expected_intervals":26,"downloaders_all_delta_pp":null,"downloaders_all_observed_common_delta_pp":null,"downloaders_all_left_share":null,"downloaders_all_right_share":null,"downloaders_without-hosting_delta_pp":null,"downloaders_without-hosting_observed_common_delta_pp":null,"downloaders_without-hosting_left_share":null,"downloaders_without-hosting_right_share":null,"uploaders_all_delta_pp":null,"uploaders_all_observed_common_delta_pp":null,"uploaders_all_left_share":null,"uploaders_all_right_share":null,"uploaders_without-hosting_delta_pp":null,"uploaders_without-hosting_observed_common_delta_pp":null,"uploaders_without-hosting_left_share":null,"uploaders_without-hosting_right_share":null},"geometry":{"type":"Polygon","coordinates":[[[140.0897819313923,36.56808806702102],[139.9910774294656,36.59100931968574],[139.96319326193546,36.67706717787881],[140.034138000748,36.74032978482572],[140.13308112564002,36.717453542419456],[140.1608404955284,36.63126965471199],[140.0897819313923,36.56808806702102]]]}},{"type":"Feature","properties":{"h3":"852e29b3fffffff","countries":["JPN"],"common_intervals":5,"left_observed_intervals":11,"right_observed_intervals":15,"full_window_comparable":false,"expected_intervals":26,"downloaders_all_delta_pp":null,"downloaders_all_observed_common_delta_pp":-1.8546231165324955e-06,"downloaders_all_left_share":null,"downloaders_all_right_share":null,"downloaders_without-hosting_delta_pp":null,"downloaders_without-hosting_observed_common_delta_pp":2.4948182206626854e-06,"downloaders_without-hosting_left_share":null,"downloaders_without-hosting_right_share":null,"uploaders_all_delta_pp":null,"uploaders_all_observed_common_delta_pp":0.00014181178739576834,"uploaders_all_left_share":null,"uploaders_all_right_share":null,"uploaders_without-hosting_delta_pp":null,"uploaders_without-hosting_observed_common_delta_pp":0.0001920897443285503,"uploaders_without-hosting_left_share":null,"uploaders_without-hosting_right_share":null},"geometry":{"type":"Polygon","coordinates":[[[140.3424276519029,36.34926323992315],[140.24378779871617,36.37255429193393],[140.21619368053513,36.45881959065544],[140.28736498905675,36.52191956789695],[140.38624247093503,36.49867207426402],[140.41371062480104,36.4122810185426],[140.3424276519029,36.34926323992315]]]}},{"type":"Feature","properties":{"h3":"852e29b7fffffff","countries":["JPN"],"common_intervals":26,"left_observed_intervals":26,"right_observed_intervals":26,"full_window_comparable":true,"expected_intervals":26,"downloaders_all_delta_pp":0.00014243712016678086,"downloaders_all_observed_common_delta_pp":0.00014243712016678086,"downloaders_all_left_share":0.0006356660380712614,"downloaders_all_right_share":0.0004932289179044806,"downloaders_without-hosting_delta_pp":0.00018209494806392887,"downloaders_without-hosting_observed_common_delta_pp":0.00018209494806392887,"downloaders_without-hosting_left_share":0.0007572203644462968,"downloaders_without-hosting_right_share":0.000575125416382368,"uploaders_all_delta_pp":0.00022863271982444375,"uploaders_all_observed_common_delta_pp":0.00022863271982444375,"uploaders_all_left_share":0.00024427868423405506,"uploaders_all_right_share":1.5645964409611303e-05,"uploaders_without-hosting_delta_pp":0.0003116864383836932,"uploaders_without-hosting_observed_common_delta_pp":0.0003116864383836932,"uploaders_without-hosting_left_share":0.0003292061642292638,"uploaders_without-hosting_right_share":1.7519725845570534e-05},"geometry":{"type":"Polygon","coordinates":[[[140.1728342003701,36.309521487504945],[140.07439864021484,36.33267216384312],[140.04667996750473,36.41881137509573],[140.1175210199988,36.48192596936419],[140.21619368053513,36.45881959065544],[140.24378779871617,36.37255429193393],[140.1728342003701,36.309521487504945]]]}},{"type":"Feature","properties":{"h3":"852e29c7fffffff","countries":["JPN"],"common_intervals":10,"left_observed_intervals":13,"right_observed_intervals":17,"full_window_comparable":false,"expected_intervals":26,"downloaders_all_delta_pp":null,"downloaders_all_observed_common_delta_pp":-2.2083906158398302e-05,"downloaders_all_left_share":null,"downloaders_all_right_share":null,"downloaders_without-hosting_delta_pp":null,"downloaders_without-hosting_observed_common_delta_pp":-2.147568725466807e-05,"downloaders_without-hosting_left_share":null,"downloaders_without-hosting_right_share":null,"uploaders_all_delta_pp":null,"uploaders_all_observed_common_delta_pp":0.0,"uploaders_all_left_share":null,"uploaders_all_right_share":null,"uploaders_without-hosting_delta_pp":null,"uploaders_without-hosting_observed_common_delta_pp":0.0,"uploaders_without-hosting_left_share":null,"uploaders_without-hosting_right_share":null},"geometry":{"type":"Polygon","coordinates":[[[140.772879198808,36.72761209250437],[140.67335526453743,36.75110281704049],[140.6459788472268,36.83766278855561],[140.7182564858246,36.90085668078005],[140.81802113391745,36.87740796138843],[140.84526703116157,36.790723323213776],[140.772879198808,36.72761209250437]]]}},{"type":"Feature","properties":{"h3":"852e2b03fffffff","countries":["JPN"],"common_intervals":0,"left_observed_intervals":1,"right_observed_intervals":0,"full_window_comparable":false,"expected_intervals":26,"downloaders_all_delta_pp":null,"downloaders_all_observed_common_delta_pp":null,"downloaders_all_left_share":null,"downloaders_all_right_share":null,"downloaders_without-hosting_delta_pp":null,"downloaders_without-hosting_observed_common_delta_pp":null,"downloaders_without-hosting_left_share":null,"downloaders_without-hosting_right_share":null,"uploaders_all_delta_pp":null,"uploaders_all_observed_common_delta_pp":null,"uploaders_all_left_share":null,"uploaders_all_right_share":null,"uploaders_without-hosting_delta_pp":null,"uploaders_without-hosting_observed_common_delta_pp":null,"uploaders_without-hosting_left_share":null,"uploaders_without-hosting_right_share":null},"geometry":{"type":"Polygon","coordinates":[[[140.78975162637155,37.84707561954179],[140.6886885040807,37.869932414482875],[140.66090522397855,37.95637485392688],[140.734319332065,38.02008411651224],[140.8356306328304,37.99727049400522],[140.8632792299317,37.9107044188003],[140.78975162637155,37.84707561954179]]]}},{"type":"Feature","properties":{"h3":"852e2b0bfffffff","countries":["JPN"],"common_intervals":25,"left_observed_intervals":25,"right_observed_intervals":26,"full_window_comparable":false,"expected_intervals":26,"downloaders_all_delta_pp":null,"downloaders_all_observed_common_delta_pp":0.0001026379801694302,"downloaders_all_left_share":null,"downloaders_all_right_share":null,"downloaders_without-hosting_delta_pp":null,"downloaders_without-hosting_observed_common_delta_pp":0.0001322546823554671,"downloaders_without-hosting_left_share":null,"downloaders_without-hosting_right_share":null,"uploaders_all_delta_pp":null,"uploaders_all_observed_common_delta_pp":-2.21880079059481e-06,"uploaders_all_left_share":null,"uploaders_all_right_share":null,"uploaders_without-hosting_delta_pp":null,"uploaders_without-hosting_observed_common_delta_pp":-4.34861677617868e-08,"uploaders_without-hosting_left_share":null,"uploaders_without-hosting_right_share":null},"geometry":{"type":"Polygon","coordinates":[[[140.8356306328304,37.99727049400522],[140.734319332065,38.02008411651224],[140.70651800594183,38.10653814103656],[140.7801631572757,38.170301928874856],[140.8817237246693,38.147531412488064],[140.9093894542568,38.06095398539233],[140.8356306328304,37.99727049400522]]]}},{"type":"Feature","properties":{"h3":"852e2b0ffffffff","countries":["JPN"],"common_intervals":0,"left_observed_intervals":1,"right_observed_intervals":2,"full_window_comparable":false,"expected_intervals":26,"downloaders_all_delta_pp":null,"downloaders_all_observed_common_delta_pp":null,"downloaders_all_left_share":null,"downloaders_all_right_share":null,"downloaders_without-hosting_delta_pp":null,"downloaders_without-hosting_observed_common_delta_pp":null,"downloaders_without-hosting_left_share":null,"downloaders_without-hosting_right_share":null,"uploaders_all_delta_pp":null,"uploaders_all_observed_common_delta_pp":null,"uploaders_all_left_share":null,"uploaders_all_right_share":null,"uploaders_without-hosting_delta_pp":null,"uploaders_without-hosting_observed_common_delta_pp":null,"uploaders_without-hosting_left_share":null,"uploaders_without-hosting_right_share":null},"geometry":{"type":"Polygon","coordinates":[[[140.66090522397855,37.95637485392688],[140.55980402870082,37.979039724379525],[140.53186862107904,38.06536998121561],[140.60516807170646,38.12915911679301],[140.70651800594183,38.10653814103656],[140.734319332065,38.02008411651224],[140.66090522397855,37.95637485392688]]]}},{"type":"Feature","properties":{"h3":"852e2b27fffffff","countries":["JPN"],"common_intervals":26,"left_observed_intervals":26,"right_observed_intervals":26,"full_window_comparable":true,"expected_intervals":26,"downloaders_all_delta_pp":0.0001296174507845444,"downloaders_all_observed_common_delta_pp":0.0001296174507845444,"downloaders_all_left_share":0.0007986834366512372,"downloaders_all_right_share":0.0006690659858666928,"downloaders_without-hosting_delta_pp":0.00016899932394539595,"downloaders_without-hosting_observed_common_delta_pp":0.00016899932394539595,"downloaders_without-hosting_left_share":0.0009501657774673705,"downloaders_without-hosting_right_share":0.0007811664535219746,"uploaders_all_delta_pp":9.620772134404708e-05,"uploaders_all_observed_common_delta_pp":9.620772134404708e-05,"uploaders_all_left_share":0.00010149593004003036,"uploaders_all_right_share":5.2882086959832624e-06,"uploaders_without-hosting_delta_pp":0.00013061417111363065,"uploaders_without-hosting_observed_common_delta_pp":0.00013061417111363065,"uploaders_without-hosting_left_share":0.00013655629694717721,"uploaders_without-hosting_right_share":5.942125833546556e-06},"geometry":{"type":"Polygon","coordinates":[[[140.14005741934344,37.832659467356855],[140.03959270260052,37.85488454297769],[140.01126409056047,37.94084138684495],[140.0835293475596,38.00469794606588],[140.18424114595678,37.98251909118913],[140.21244019137416,37.89643743270837],[140.14005741934344,37.832659467356855]]]}},{"type":"Feature","properties":{"h3":"852e2b2bfffffff","countries":["JPN"],"common_intervals":0,"left_observed_intervals":0,"right_observed_intervals":1,"full_window_comparable":false,"expected_intervals":26,"downloaders_all_delta_pp":null,"downloaders_all_observed_common_delta_pp":null,"downloaders_all_left_share":null,"downloaders_all_right_share":null,"downloaders_without-hosting_delta_pp":null,"downloaders_without-hosting_observed_common_delta_pp":null,"downloaders_without-hosting_left_share":null,"downloaders_without-hosting_right_share":null,"uploaders_all_delta_pp":null,"uploaders_all_observed_common_delta_pp":null,"uploaders_all_left_share":null,"uploaders_all_right_share":null,"uploaders_without-hosting_delta_pp":null,"uploaders_without-hosting_observed_common_delta_pp":null,"uploaders_without-hosting_left_share":null,"uploaders_without-hosting_right_share":null},"geometry":{"type":"Polygon","coordinates":[[[140.35777615454685,38.024029458830476],[140.25685062973844,38.046354604085806],[140.22863100396393,38.13244741721459],[140.3014684422458,38.1963393102127],[140.40264270804792,38.17405955926935],[140.43073037604378,38.087842499986905],[140.35777615454685,38.024029458830476]]]}},{"type":"Feature","properties":{"h3":"852e2b2ffffffff","countries":["JPN"],"common_intervals":0,"left_observed_intervals":4,"right_observed_intervals":4,"full_window_comparable":false,"expected_intervals":26,"downloaders_all_delta_pp":null,"downloaders_all_observed_common_delta_pp":null,"downloaders_all_left_share":null,"downloaders_all_right_share":null,"downloaders_without-hosting_delta_pp":null,"downloaders_without-hosting_observed_common_delta_pp":null,"downloaders_without-hosting_left_share":null,"downloaders_without-hosting_right_share":null,"uploaders_all_delta_pp":null,"uploaders_all_observed_common_delta_pp":null,"uploaders_all_left_share":null,"uploaders_all_right_share":null,"uploaders_without-hosting_delta_pp":null,"uploaders_without-hosting_observed_common_delta_pp":null,"uploaders_without-hosting_left_share":null,"uploaders_without-hosting_right_share":null},"geometry":{"type":"Polygon","coordinates":[[[140.18424114595678,37.98251909118913],[140.0835293475596,38.00469794606588],[140.0551792737878,38.09066616899644],[140.1276710293215,38.15458010451015],[140.22863100396393,38.13244741721459],[140.25685062973844,38.046354604085806],[140.18424114595678,37.98251909118913]]]}},{"type":"Feature","properties":{"h3":"852e2b33fffffff","countries":["JPN"],"common_intervals":1,"left_observed_intervals":5,"right_observed_intervals":6,"full_window_comparable":false,"expected_intervals":26,"downloaders_all_delta_pp":null,"downloaders_all_observed_common_delta_pp":0.00010608365069985021,"downloaders_all_left_share":null,"downloaders_all_right_share":null,"downloaders_without-hosting_delta_pp":null,"downloaders_without-hosting_observed_common_delta_pp":0.00013535399612958317,"downloaders_without-hosting_left_share":null,"downloaders_without-hosting_right_share":null,"uploaders_all_delta_pp":null,"uploaders_all_observed_common_delta_pp":0.0,"uploaders_all_left_share":null,"uploaders_all_right_share":null,"uploaders_without-hosting_delta_pp":null,"uploaders_without-hosting_observed_common_delta_pp":0.0,"uploaders_without-hosting_left_share":null,"uploaders_without-hosting_right_share":null},"geometry":{"type":"Polygon","coordinates":[[[140.4418091417375,37.76531081594382],[140.34116620568682,37.78787274525624],[140.31311806994648,37.8740668354067],[140.38584413357015,37.93782332669341],[140.48673417985677,37.91530613123751],[140.51465063785818,37.82898768950458],[140.4418091417375,37.76531081594382]]]}},{"type":"Feature","properties":{"h3":"852e2b43fffffff","countries":["JPN"],"common_intervals":26,"left_observed_intervals":26,"right_observed_intervals":26,"full_window_comparable":true,"expected_intervals":26,"downloaders_all_delta_pp":7.553444424473622e-05,"downloaders_all_observed_common_delta_pp":7.553444424473622e-05,"downloaders_all_left_share":0.00031236149942356396,"downloaders_all_right_share":0.00023682705517882776,"downloaders_without-hosting_delta_pp":9.539134146586112e-05,"downloaders_without-hosting_observed_common_delta_pp":9.539134146586112e-05,"downloaders_without-hosting_left_share":0.00037159567905555924,"downloaders_without-hosting_right_share":0.0002762043375896981,"uploaders_all_delta_pp":-1.2634293592904841e-05,"uploaders_all_observed_common_delta_pp":-1.2634293592904841e-05,"uploaders_all_left_share":6.006043643897127e-05,"uploaders_all_right_share":7.269473003187612e-05,"uploaders_without-hosting_delta_pp":-1.0258523303410527e-05,"uploaders_without-hosting_observed_common_delta_pp":-1.0258523303410527e-05,"uploaders_without-hosting_left_share":8.438740796851984e-05,"uploaders_without-hosting_right_share":9.464593127193037e-05},"geometry":{"type":"Polygon","coordinates":[[[141.05748514744903,38.18834726153076],[140.95571502812393,38.21126840221052],[140.92803234379275,38.29785605514659],[141.0022574026963,38.36164534252824],[141.10427839741047,38.33876643675969],[141.1318230339545,38.252055994651684],[141.05748514744903,38.18834726153076]]]}},{"type":"Feature","properties":{"h3":"852e2b47fffffff","countries":["JPN"],"common_intervals":26,"left_observed_intervals":26,"right_observed_intervals":26,"full_window_comparable":true,"expected_intervals":26,"downloaders_all_delta_pp":0.001435459452538885,"downloaders_all_observed_common_delta_pp":0.001435459452538885,"downloaders_all_left_share":0.009655009468145164,"downloaders_all_right_share":0.008219550015606278,"downloaders_without-hosting_delta_pp":0.0019001431892256176,"downloaders_without-hosting_observed_common_delta_pp":0.0019001431892256176,"downloaders_without-hosting_left_share":0.011488860831293744,"downloaders_without-hosting_right_share":0.009588717642068126,"uploaders_all_delta_pp":0.0011739705195158033,"uploaders_all_observed_common_delta_pp":0.0011739705195158033,"uploaders_all_left_share":0.0027209466942235898,"uploaders_all_right_share":0.001546976174707787,"uploaders_without-hosting_delta_pp":0.0018672883776901848,"uploaders_without-hosting_observed_common_delta_pp":0.0018672883776901848,"uploaders_without-hosting_left_share":0.0037897556548359434,"uploaders_without-hosting_right_share":0.0019224672771457588},"geometry":{"type":"Polygon","coordinates":[[[140.8817237246693,38.147531412488064],[140.7801631572757,38.170301928874856],[140.75234395498748,38.25676641616794],[140.82622141544414,38.32058353690362],[140.92803234379275,38.29785605514659],[140.95571502812393,38.21126840221052],[140.8817237246693,38.147531412488064]]]}},{"type":"Feature","properties":{"h3":"852e2b4bfffffff","countries":["JPN"],"common_intervals":2,"left_observed_intervals":5,"right_observed_intervals":8,"full_window_comparable":false,"expected_intervals":26,"downloaders_all_delta_pp":null,"downloaders_all_observed_common_delta_pp":-5.682975971664106e-05,"downloaders_all_left_share":null,"downloaders_all_right_share":null,"downloaders_without-hosting_delta_pp":null,"downloaders_without-hosting_observed_common_delta_pp":-6.174689923011898e-05,"downloaders_without-hosting_left_share":null,"downloaders_without-hosting_right_share":null,"uploaders_all_delta_pp":null,"uploaders_all_observed_common_delta_pp":-0.0006270142833853756,"uploaders_all_left_share":null,"uploaders_all_right_share":null,"uploaders_without-hosting_delta_pp":null,"uploaders_without-hosting_observed_common_delta_pp":-0.0008330209504769045,"uploaders_without-hosting_left_share":null,"uploaders_without-hosting_right_share":null},"geometry":{"type":"Polygon","coordinates":[[[141.10427839741047,38.33876643675969],[141.0022574026963,38.36164534252824],[140.9745579444947,38.448242093605515],[141.04901804160713,38.51208247115286],[141.15129101173682,38.489245718982865],[141.17885148268067,38.402526422574844],[141.10427839741047,38.33876643675969]]]}},{"type":"Feature","properties":{"h3":"852e2b4ffffffff","countries":["JPN"],"common_intervals":12,"left_observed_intervals":17,"right_observed_intervals":17,"full_window_comparable":false,"expected_intervals":26,"downloaders_all_delta_pp":null,"downloaders_all_observed_common_delta_pp":-2.024850312597295e-06,"downloaders_all_left_share":null,"downloaders_all_right_share":null,"downloaders_without-hosting_delta_pp":null,"downloaders_without-hosting_observed_common_delta_pp":1.246113102094719e-06,"downloaders_without-hosting_left_share":null,"downloaders_without-hosting_right_share":null,"uploaders_all_delta_pp":null,"uploaders_all_observed_common_delta_pp":-2.291557101592747e-05,"uploaders_all_left_share":null,"uploaders_all_right_share":null,"uploaders_without-hosting_delta_pp":null,"uploaders_without-hosting_observed_common_delta_pp":-2.574921194536841e-05,"uploaders_without-hosting_left_share":null,"uploaders_without-hosting_right_share":null},"geometry":{"type":"Polygon","coordinates":[[[140.92803234379275,38.29785605514659],[140.82622141544414,38.32058353690362],[140.79838450989706,38.40705736298067],[140.87249555465576,38.47092661743273],[140.9745579444947,38.448242093605515],[141.0022574026963,38.36164534252824],[140.92803234379275,38.29785605514659]]]}},{"type":"Feature","properties":{"h3":"852e2b67fffffff","countries":["JPN"],"common_intervals":26,"left_observed_intervals":26,"right_observed_intervals":26,"full_window_comparable":true,"expected_intervals":26,"downloaders_all_delta_pp":0.00022502982346052185,"downloaders_all_observed_common_delta_pp":0.00022502982346052185,"downloaders_all_left_share":0.0011113944611825448,"downloaders_all_right_share":0.0008863646377220228,"downloaders_without-hosting_delta_pp":0.000287018922240205,"downloaders_without-hosting_observed_common_delta_pp":0.000287018922240205,"downloaders_without-hosting_left_share":0.001320630128123385,"downloaders_without-hosting_right_share":0.00103361120588318,"uploaders_all_delta_pp":0.0001946322041358233,"uploaders_all_observed_common_delta_pp":0.0001946322041358233,"uploaders_all_left_share":0.0002753881810672995,"uploaders_all_right_share":8.07559769314762e-05,"uploaders_without-hosting_delta_pp":0.0002916854539648409,"uploaders_without-hosting_observed_common_delta_pp":0.0002916854539648409,"uploaders_without-hosting_left_share":0.0003884075617767268,"uploaders_without-hosting_right_share":9.672210781188599e-05},"geometry":{"type":"Polygon","coordinates":[[[140.40264270804792,38.17405955926935],[140.3014684422458,38.1963393102127],[140.2732283855785,38.282442165133546],[140.34629503029794,38.34638926394423],[140.44771913818732,38.32415484442191],[140.4758263379547,38.23792797455722],[140.40264270804792,38.17405955926935]]]}},{"type":"Feature","properties":{"h3":"852e2b6ffffffff","countries":["JPN"],"common_intervals":13,"left_observed_intervals":18,"right_observed_intervals":18,"full_window_comparable":false,"expected_intervals":26,"downloaders_all_delta_pp":null,"downloaders_all_observed_common_delta_pp":7.966840715439315e-05,"downloaders_all_left_share":null,"downloaders_all_right_share":null,"downloaders_without-hosting_delta_pp":null,"downloaders_without-hosting_observed_common_delta_pp":9.922862760192837e-05,"downloaders_without-hosting_left_share":null,"downloaders_without-hosting_right_share":null,"uploaders_all_delta_pp":null,"uploaders_all_observed_common_delta_pp":2.5936736547326558e-05,"uploaders_all_left_share":null,"uploaders_all_right_share":null,"uploaders_without-hosting_delta_pp":null,"uploaders_without-hosting_observed_common_delta_pp":4.499542395981825e-05,"uploaders_without-hosting_left_share":null,"uploaders_without-hosting_right_share":null},"geometry":{"type":"Polygon","coordinates":[[[140.44771913818732,38.32415484442191],[140.34629503029794,38.34638926394423],[140.31803469505604,38.43250104615178],[140.39133180741973,38.496502169704534],[140.49300686486453,38.47431301352256],[140.52113343626874,38.388077451263655],[140.44771913818732,38.32415484442191]]]}},{"type":"Feature","properties":{"h3":"852e2b83fffffff","countries":["JPN"],"common_intervals":0,"left_observed_intervals":1,"right_observed_intervals":0,"full_window_comparable":false,"expected_intervals":26,"downloaders_all_delta_pp":null,"downloaders_all_observed_common_delta_pp":null,"downloaders_all_left_share":null,"downloaders_all_right_share":null,"downloaders_without-hosting_delta_pp":null,"downloaders_without-hosting_observed_common_delta_pp":null,"downloaders_without-hosting_left_share":null,"downloaders_without-hosting_right_share":null,"uploaders_all_delta_pp":null,"uploaders_all_observed_common_delta_pp":null,"uploaders_all_left_share":null,"uploaders_all_right_share":null,"uploaders_without-hosting_delta_pp":null,"uploaders_without-hosting_observed_common_delta_pp":null,"uploaders_without-hosting_left_share":null,"uploaders_without-hosting_right_share":null},"geometry":{"type":"Polygon","coordinates":[[[141.0006772354642,37.477387978624286],[140.8999392765293,37.50066907713947],[140.87247658216796,37.587318310467914],[140.9458863898772,37.65081001185579],[141.04687031972443,37.62757069369149],[141.07419805943033,37.540797876836855],[141.0006772354642,37.477387978624286]]]}},{"type":"Feature","properties":{"h3":"852e2ba3fffffff","countries":["JPN"],"common_intervals":11,"left_observed_intervals":16,"right_observed_intervals":17,"full_window_comparable":false,"expected_intervals":26,"downloaders_all_delta_pp":null,"downloaders_all_observed_common_delta_pp":1.8329495775963276e-05,"downloaders_all_left_share":null,"downloaders_all_right_share":null,"downloaders_without-hosting_delta_pp":null,"downloaders_without-hosting_observed_common_delta_pp":2.5052448053818836e-05,"downloaders_without-hosting_left_share":null,"downloaders_without-hosting_right_share":null,"uploaders_all_delta_pp":null,"uploaders_all_observed_common_delta_pp":0.00017693306003073328,"uploaders_all_left_share":null,"uploaders_all_right_share":null,"uploaders_without-hosting_delta_pp":null,"uploaders_without-hosting_observed_common_delta_pp":0.00025971428831142863,"uploaders_without-hosting_left_share":null,"uploaders_without-hosting_right_share":null},"geometry":{"type":"Polygon","coordinates":[[[140.52533167612864,37.50629795471264],[140.4249701919408,37.52909485922369],[140.39709210764957,37.615386322300786],[140.46970649100058,37.67900530609431],[140.57031346741658,37.65625246615557],[140.59806015789022,37.569836556625845],[140.52533167612864,37.50629795471264]]]}},{"type":"Feature","properties":{"h3":"852e2ba7fffffff","countries":["JPN"],"common_intervals":0,"left_observed_intervals":0,"right_observed_intervals":1,"full_window_comparable":false,"expected_intervals":26,"downloaders_all_delta_pp":null,"downloaders_all_observed_common_delta_pp":null,"downloaders_all_left_share":null,"downloaders_all_right_share":null,"downloaders_without-hosting_delta_pp":null,"downloaders_without-hosting_observed_common_delta_pp":null,"downloaders_without-hosting_left_share":null,"downloaders_without-hosting_right_share":null,"uploaders_all_delta_pp":null,"uploaders_all_observed_common_delta_pp":null,"uploaders_all_left_share":null,"uploaders_all_right_share":null,"uploaders_without-hosting_delta_pp":null,"uploaders_without-hosting_observed_common_delta_pp":null,"uploaders_without-hosting_left_share":null,"uploaders_without-hosting_right_share":null},"geometry":{"type":"Polygon","coordinates":[[[140.35258169043328,37.46553492836121],[140.2524297341625,37.48818647650547],[140.2244217365669,37.57435314552872],[140.29669519954302,37.63799303753392],[140.39709210764957,37.615386322300786],[140.4249701919408,37.52909485922369],[140.35258169043328,37.46553492836121]]]}},{"type":"Feature","properties":{"h3":"852e2babfffffff","countries":["JPN"],"common_intervals":26,"left_observed_intervals":26,"right_observed_intervals":26,"full_window_comparable":true,"expected_intervals":26,"downloaders_all_delta_pp":0.000142818533987554,"downloaders_all_observed_common_delta_pp":0.000142818533987554,"downloaders_all_left_share":0.0009436290754833859,"downloaders_all_right_share":0.000800810541495832,"downloaders_without-hosting_delta_pp":0.00018772863380799363,"downloaders_without-hosting_observed_common_delta_pp":0.00018772863380799363,"downloaders_without-hosting_left_share":0.0011232250794747868,"downloaders_without-hosting_right_share":0.0009354964456667934,"uploaders_all_delta_pp":3.588109376622887e-05,"uploaders_all_observed_common_delta_pp":3.588109376622887e-05,"uploaders_all_left_share":0.0001618855492251275,"uploaders_all_right_share":0.0001260044554588986,"uploaders_without-hosting_delta_pp":6.113059580742706e-05,"uploaders_without-hosting_observed_common_delta_pp":6.113059580742706e-05,"uploaders_without-hosting_left_share":0.0002174470637664436,"uploaders_without-hosting_right_share":0.00015631646795901652},"geometry":{"type":"Polygon","coordinates":[[[140.57031346741658,37.65625246615557],[140.46970649100058,37.67900530609431],[140.4418091417375,37.76531081594382],[140.51465063785818,37.82898768950458],[140.61550418258958,37.806278862615926],[140.64326924982095,37.71984912879279],[140.57031346741658,37.65625246615557]]]}},{"type":"Feature","properties":{"h3":"852e2bb3fffffff","countries":["JPN"],"common_intervals":0,"left_observed_intervals":3,"right_observed_intervals":1,"full_window_comparable":false,"expected_intervals":26,"downloaders_all_delta_pp":null,"downloaders_all_observed_common_delta_pp":null,"downloaders_all_left_share":null,"downloaders_all_right_share":null,"downloaders_without-hosting_delta_pp":null,"downloaders_without-hosting_observed_common_delta_pp":null,"downloaders_without-hosting_left_share":null,"downloaders_without-hosting_right_share":null,"uploaders_all_delta_pp":null,"uploaders_all_observed_common_delta_pp":null,"uploaders_all_left_share":null,"uploaders_all_right_share":null,"uploaders_without-hosting_delta_pp":null,"uploaders_without-hosting_observed_common_delta_pp":null,"uploaders_without-hosting_left_share":null,"uploaders_without-hosting_right_share":null},"geometry":{"type":"Polygon","coordinates":[[[140.6533848834676,37.39691032732116],[140.55305982887748,37.41989698618432],[140.52533167612864,37.50629795471264],[140.59806015789022,37.569836556625845],[140.69863016317788,37.54689323841419],[140.72622632700353,37.460367957227874],[140.6533848834676,37.39691032732116]]]}},{"type":"Feature","properties":{"h3":"852e2bb7fffffff","countries":["JPN"],"common_intervals":26,"left_observed_intervals":26,"right_observed_intervals":26,"full_window_comparable":true,"expected_intervals":26,"downloaders_all_delta_pp":0.0004966657051670427,"downloaders_all_observed_common_delta_pp":0.0004966657051670427,"downloaders_all_left_share":0.003454422367074228,"downloaders_all_right_share":0.002957756661907185,"downloaders_without-hosting_delta_pp":0.0006570564592248046,"downloaders_without-hosting_observed_common_delta_pp":0.0006570564592248046,"downloaders_without-hosting_left_share":0.004110460535464943,"downloaders_without-hosting_right_share":0.0034534040762401385,"uploaders_all_delta_pp":0.0011386061978782456,"uploaders_all_observed_common_delta_pp":0.0011386061978782456,"uploaders_all_left_share":0.0013672677242613331,"uploaders_all_right_share":0.00022866152638308757,"uploaders_without-hosting_delta_pp":0.0015537012712371395,"uploaders_without-hosting_observed_common_delta_pp":0.0015537012712371395,"uploaders_without-hosting_left_share":0.001835904873674497,"uploaders_without-hosting_right_share":0.00028220360243735767},"geometry":{"type":"Polygon","coordinates":[[[140.48055741830112,37.35641760941017],[140.3804403563618,37.37925862495816],[140.35258169043328,37.46553492836121],[140.4249701919408,37.52909485922369],[140.52533167612864,37.50629795471264],[140.55305982887748,37.41989698618432],[140.48055741830112,37.35641760941017]]]}},{"type":"Feature","properties":{"h3":"852e2da7fffffff","countries":["JPN"],"common_intervals":1,"left_observed_intervals":2,"right_observed_intervals":5,"full_window_comparable":false,"expected_intervals":26,"downloaders_all_delta_pp":null,"downloaders_all_observed_common_delta_pp":2.557915073865999e-05,"downloaders_all_left_share":null,"downloaders_all_right_share":null,"downloaders_without-hosting_delta_pp":null,"downloaders_without-hosting_observed_common_delta_pp":3.702444904632042e-05,"downloaders_without-hosting_left_share":null,"downloaders_without-hosting_right_share":null,"uploaders_all_delta_pp":null,"uploaders_all_observed_common_delta_pp":0.0,"uploaders_all_left_share":null,"uploaders_all_right_share":null,"uploaders_without-hosting_delta_pp":null,"uploaders_without-hosting_observed_common_delta_pp":0.0,"uploaders_without-hosting_left_share":null,"uploaders_without-hosting_right_share":null},"geometry":{"type":"Polygon","coordinates":[[[140.92602189653587,35.64782472782194],[140.8277944430691,35.67207187894372],[140.8009397107652,35.7588089894546],[140.87243997557218,35.821424090835905],[140.97090148300856,35.797216835548824],[140.99762828967792,35.71035455991781],[140.92602189653587,35.64782472782194]]]}},{"type":"Feature","properties":{"h3":"852e4483fffffff","countries":["JPN"],"common_intervals":5,"left_observed_intervals":13,"right_observed_intervals":14,"full_window_comparable":false,"expected_intervals":26,"downloaders_all_delta_pp":null,"downloaders_all_observed_common_delta_pp":4.6431264226888324e-05,"downloaders_all_left_share":null,"downloaders_all_right_share":null,"downloaders_without-hosting_delta_pp":null,"downloaders_without-hosting_observed_common_delta_pp":5.366987523290014e-05,"downloaders_without-hosting_left_share":null,"downloaders_without-hosting_right_share":null,"uploaders_all_delta_pp":null,"uploaders_all_observed_common_delta_pp":-9.513661618083568e-05,"uploaders_all_left_share":null,"uploaders_all_right_share":null,"uploaders_without-hosting_delta_pp":null,"uploaders_without-hosting_observed_common_delta_pp":-0.00011835580120959628,"uploaders_without-hosting_left_share":null,"uploaders_without-hosting_right_share":null},"geometry":{"type":"Polygon","coordinates":[[[136.33822938579883,36.296363625413086],[136.24357610815207,36.31590207877777],[136.2129175736042,36.39896961796395],[136.2770074946942,36.46262966755197],[136.37188867673075,36.4431523865475],[136.40245166916506,36.35995382373041],[136.33822938579883,36.296363625413086]]]}},{"type":"Feature","properties":{"h3":"852e449bfffffff","countries":["JPN"],"common_intervals":26,"left_observed_intervals":26,"right_observed_intervals":26,"full_window_comparable":true,"expected_intervals":26,"downloaders_all_delta_pp":0.0002508625331860062,"downloaders_all_observed_common_delta_pp":0.0002508625331860062,"downloaders_all_left_share":0.0011646451949910808,"downloaders_all_right_share":0.000913782661805075,"downloaders_without-hosting_delta_pp":0.00031698653577171595,"downloaders_without-hosting_observed_common_delta_pp":0.00031698653577171595,"downloaders_without-hosting_left_share":0.0013846483178338077,"downloaders_without-hosting_right_share":0.0010676617820620916,"uploaders_all_delta_pp":-1.9014493879580017e-06,"uploaders_all_observed_common_delta_pp":-1.9014493879580017e-06,"uploaders_all_left_share":6.094298330192881e-05,"uploaders_all_right_share":6.284443268988682e-05,"uploaders_without-hosting_delta_pp":-4.1583365710959505e-06,"uploaders_without-hosting_observed_common_delta_pp":-4.1583365710959505e-06,"uploaders_without-hosting_left_share":7.679145529508691e-05,"uploaders_without-hosting_right_share":8.094979186618287e-05},"geometry":{"type":"Polygon","coordinates":[[[136.49733106916918,36.34029557998441],[136.40245166916506,36.35995382373041],[136.37188867673075,36.4431523865475],[136.43630157776448,36.506823501090786],[136.53140964383195,36.487225830035044],[136.56187577663405,36.403896413201025],[136.49733106916918,36.34029557998441]]]}},{"type":"Feature","properties":{"h3":"852e44d3fffffff","countries":["JPN"],"common_intervals":26,"left_observed_intervals":26,"right_observed_intervals":26,"full_window_comparable":true,"expected_intervals":26,"downloaders_all_delta_pp":0.0005580834234682166,"downloaders_all_observed_common_delta_pp":0.0005580834234682166,"downloaders_all_left_share":0.0035271510843199708,"downloaders_all_right_share":0.002969067660851754,"downloaders_without-hosting_delta_pp":0.0007269971789164957,"downloaders_without-hosting_observed_common_delta_pp":0.0007269971789164957,"downloaders_without-hosting_left_share":0.004192054112958745,"downloaders_without-hosting_right_share":0.0034650569340422504,"uploaders_all_delta_pp":-4.3592491223163944e-05,"uploaders_all_observed_common_delta_pp":-4.3592491223163944e-05,"uploaders_all_left_share":0.0003777489282962793,"uploaders_all_right_share":0.00042134141951944326,"uploaders_without-hosting_delta_pp":-2.2349819544890023e-05,"uploaders_without-hosting_observed_common_delta_pp":-2.2349819544890023e-05,"uploaders_without-hosting_left_share":0.0005016389518028289,"uploaders_without-hosting_right_share":0.000523988771347719},"geometry":{"type":"Polygon","coordinates":[[[136.69148084680722,36.53118775260259],[136.5961463766737,36.55090682700047],[136.56564322436873,36.6342556251542],[136.63057301748202,36.69801581651257],[136.72613794492185,36.67835676192943],[136.7565422512042,36.59487743965532],[136.69148084680722,36.53118775260259]]]}},{"type":"Feature","properties":{"h3":"852e44dbfffffff","countries":["JPN"],"common_intervals":4,"left_observed_intervals":7,"right_observed_intervals":12,"full_window_comparable":false,"expected_intervals":26,"downloaders_all_delta_pp":null,"downloaders_all_observed_common_delta_pp":2.2552321574306175e-05,"downloaders_all_left_share":null,"downloaders_all_right_share":null,"downloaders_without-hosting_delta_pp":null,"downloaders_without-hosting_observed_common_delta_pp":3.151208341034939e-05,"downloaders_without-hosting_left_share":null,"downloaders_without-hosting_right_share":null,"uploaders_all_delta_pp":null,"uploaders_all_observed_common_delta_pp":0.0,"uploaders_all_left_share":null,"uploaders_all_right_share":null,"uploaders_without-hosting_delta_pp":null,"uploaders_without-hosting_observed_common_delta_pp":0.0,"uploaders_without-hosting_left_share":null,"uploaders_without-hosting_right_share":null},"geometry":{"type":"Polygon","coordinates":[[[136.72613794492185,36.67835676192943],[136.63057301748202,36.69801581651257],[136.60003284614294,36.781382969567694],[136.66515674218837,36.845221378943705],[136.76095316989955,36.82562239337717],[136.79139382799136,36.74212487359949],[136.72613794492185,36.67835676192943]]]}},{"type":"Feature","properties":{"h3":"852e6007fffffff","countries":["JPN"],"common_intervals":26,"left_observed_intervals":26,"right_observed_intervals":26,"full_window_comparable":true,"expected_intervals":26,"downloaders_all_delta_pp":0.0010294380201218332,"downloaders_all_observed_common_delta_pp":0.0010294380201218332,"downloaders_all_left_share":0.007022386653805724,"downloaders_all_right_share":0.005992948633683891,"downloaders_without-hosting_delta_pp":0.0013572625477835454,"downloaders_without-hosting_observed_common_delta_pp":0.0013572625477835454,"downloaders_without-hosting_left_share":0.008355121696475539,"downloaders_without-hosting_right_share":0.0069978591486919905,"uploaders_all_delta_pp":0.0013066773461744253,"uploaders_all_observed_common_delta_pp":0.0013066773461744253,"uploaders_all_left_share":0.001954849800673801,"uploaders_all_right_share":0.0006481724544993757,"uploaders_without-hosting_delta_pp":0.001901324573386755,"uploaders_without-hosting_observed_common_delta_pp":0.001901324573386755,"uploaders_without-hosting_left_share":0.0027070108197489212,"uploaders_without-hosting_right_share":0.0008056862463621656},"geometry":{"type":"Polygon","coordinates":[[[136.59942610908405,34.857567446136876],[136.50634432184643,34.87823288771451],[136.47646888308543,34.96154622922328],[136.53976863842334,35.02432586904027],[136.6330702926054,35.00371836710136],[136.66285197913842,34.92027322399559],[136.59942610908405,34.857567446136876]]]}},{"type":"Feature","properties":{"h3":"852e600bfffffff","countries":["JPN"],"common_intervals":26,"left_observed_intervals":26,"right_observed_intervals":26,"full_window_comparable":true,"expected_intervals":26,"downloaders_all_delta_pp":0.00027085109367937373,"downloaders_all_observed_common_delta_pp":0.00027085109367937373,"downloaders_all_left_share":0.001682253649680101,"downloaders_all_right_share":0.0014114025560007272,"downloaders_without-hosting_delta_pp":0.0003558662430923432,"downloaders_without-hosting_observed_common_delta_pp":0.0003558662430923432,"downloaders_without-hosting_left_share":0.0020035185994520532,"downloaders_without-hosting_right_share":0.0016476523563597099,"uploaders_all_delta_pp":8.474637381544619e-06,"uploaders_all_observed_common_delta_pp":8.474637381544619e-06,"uploaders_all_left_share":0.00021203329385002174,"uploaders_all_right_share":0.00020355865646847708,"uploaders_without-hosting_delta_pp":3.6246811743956054e-05,"uploaders_without-hosting_observed_common_delta_pp":3.6246811743956054e-05,"uploaders_without-hosting_left_share":0.0002953773566410811,"uploaders_without-hosting_right_share":0.00025913054489712503},"geometry":{"type":"Polygon","coordinates":[[[136.79019983839913,35.045787153657265],[136.69668126346932,35.066512440019245],[136.66686445857405,35.14998772762178],[136.73066150787744,35.21286918292986],[136.8244016305873,35.19220134274641],[136.85412280664565,35.10859454127893],[136.79019983839913,35.045787153657265]]]}},{"type":"Feature","properties":{"h3":"852e600ffffffff","countries":["JPN"],"common_intervals":26,"left_observed_intervals":26,"right_observed_intervals":26,"full_window_comparable":true,"expected_intervals":26,"downloaders_all_delta_pp":5.7972610439003314e-05,"downloaders_all_observed_common_delta_pp":5.7972610439003314e-05,"downloaders_all_left_share":0.0007968187054144492,"downloaders_all_right_share":0.0007388460949754457,"downloaders_without-hosting_delta_pp":8.590823599236282e-05,"downloaders_without-hosting_observed_common_delta_pp":8.590823599236282e-05,"downloaders_without-hosting_left_share":0.0009489465163048078,"downloaders_without-hosting_right_share":0.0008630382803124449,"uploaders_all_delta_pp":0.0003808080731408913,"uploaders_all_observed_common_delta_pp":0.0003808080731408913,"uploaders_all_left_share":0.0005117017548930279,"uploaders_all_right_share":0.00013089368175213652,"uploaders_without-hosting_delta_pp":0.0005523258577589441,"uploaders_without-hosting_observed_common_delta_pp":0.0005523258577589441,"uploaders_without-hosting_left_share":0.0007103923920107927,"uploaders_without-hosting_right_share":0.00015806653425184865},"geometry":{"type":"Polygon","coordinates":[[[136.6330702926054,35.00371836710136],[136.53976863842334,35.02432586904027],[136.50985746278235,35.107669471866075],[136.57334196436548,35.170537196431646],[136.66686445857405,35.14998772762178],[136.69668126346932,35.066512440019245],[136.6330702926054,35.00371836710136]]]}},{"type":"Feature","properties":{"h3":"852e6013fffffff","countries":["JPN"],"common_intervals":26,"left_observed_intervals":26,"right_observed_intervals":26,"full_window_comparable":true,"expected_intervals":26,"downloaders_all_delta_pp":9.242178945782785e-05,"downloaders_all_observed_common_delta_pp":9.242178945782785e-05,"downloaders_all_left_share":0.0006372596537802314,"downloaders_all_right_share":0.0005448378643224036,"downloaders_without-hosting_delta_pp":0.00012306827916001072,"downloaders_without-hosting_observed_common_delta_pp":0.00012306827916001072,"downloaders_without-hosting_left_share":0.0007582368164101768,"downloaders_without-hosting_right_share":0.000635168537250166,"uploaders_all_delta_pp":0.00013790504679392707,"uploaders_all_observed_common_delta_pp":0.00013790504679392707,"uploaders_all_left_share":0.0002262432235121014,"uploaders_all_right_share":8.833817671817433e-05,"uploaders_without-hosting_delta_pp":0.0002220717254849859,"uploaders_without-hosting_observed_common_delta_pp":0.0002220717254849859,"uploaders_without-hosting_left_share":0.00033153266641544496,"uploaders_without-hosting_right_share":0.00010946094093045902},"geometry":{"type":"Polygon","coordinates":[[[136.87909561230632,34.79498737144015],[136.78580216720889,34.815944836315495],[136.75614998190503,34.899490581032154],[136.8198865230807,34.96221037735728],[136.91340026685668,34.941309589537525],[136.9429568240583,34.857632268605826],[136.87909561230632,34.79498737144015]]]}},{"type":"Feature","properties":{"h3":"852e601bfffffff","countries":["JPN"],"common_intervals":26,"left_observed_intervals":26,"right_observed_intervals":26,"full_window_comparable":true,"expected_intervals":26,"downloaders_all_delta_pp":0.00031391074173608345,"downloaders_all_observed_common_delta_pp":0.00031391074173608345,"downloaders_all_left_share":0.0017802175018125101,"downloaders_all_right_share":0.0014663067600764264,"downloaders_without-hosting_delta_pp":0.00040659821185663915,"downloaders_without-hosting_observed_common_delta_pp":0.00040659821185663915,"downloaders_without-hosting_left_share":0.0021175419418675433,"downloaders_without-hosting_right_share":0.0017109437300109039,"uploaders_all_delta_pp":-0.00014403325386931122,"uploaders_all_observed_common_delta_pp":-0.00014403325386931122,"uploaders_all_left_share":0.000340926573959647,"uploaders_all_right_share":0.0004849598278289582,"uploaders_without-hosting_delta_pp":-0.00013691854082315352,"uploaders_without-hosting_observed_common_delta_pp":-0.00013691854082315352,"uploaders_without-hosting_left_share":0.0004567901811356461,"uploaders_without-hosting_right_share":0.0005937087219587997},"geometry":{"type":"Polygon","coordinates":[[[136.91340026685668,34.941309589537525],[136.8198865230807,34.96221037735728],[136.79019983839913,35.045787153657265],[136.85412280664565,35.10859454127893],[136.94785782119644,35.087750520339895],[136.97744824766863,35.004042285787854],[136.91340026685668,34.941309589537525]]]}},{"type":"Feature","properties":{"h3":"852e6027fffffff","countries":["JPN"],"common_intervals":25,"left_observed_intervals":25,"right_observed_intervals":26,"full_window_comparable":false,"expected_intervals":26,"downloaders_all_delta_pp":null,"downloaders_all_observed_common_delta_pp":0.0001652101746498746,"downloaders_all_left_share":null,"downloaders_all_right_share":null,"downloaders_without-hosting_delta_pp":null,"downloaders_without-hosting_observed_common_delta_pp":0.00020515771978932182,"downloaders_without-hosting_left_share":null,"downloaders_without-hosting_right_share":null,"uploaders_all_delta_pp":null,"uploaders_all_observed_common_delta_pp":1.3974201143199216e-05,"uploaders_all_left_share":null,"uploaders_all_right_share":null,"uploaders_without-hosting_delta_pp":null,"uploaders_without-hosting_observed_common_delta_pp":2.604060272646702e-05,"uploaders_without-hosting_left_share":null,"uploaders_without-hosting_right_share":null},"geometry":{"type":"Polygon","coordinates":[[[136.16484912265952,34.87690011238165],[136.07220093614188,34.897159933016155],[136.04201412814706,34.98010752080819],[136.10456580239585,35.042927381772024],[136.19743266727218,35.022727314893636],[136.22752883753517,34.939647568389375],[136.16484912265952,34.87690011238165]]]}},{"type":"Feature","properties":{"h3":"852e602ffffffff","countries":["JPN"],"common_intervals":25,"left_observed_intervals":26,"right_observed_intervals":25,"full_window_comparable":false,"expected_intervals":26,"downloaders_all_delta_pp":null,"downloaders_all_observed_common_delta_pp":7.373857417295916e-05,"downloaders_all_left_share":null,"downloaders_all_right_share":null,"downloaders_without-hosting_delta_pp":null,"downloaders_without-hosting_observed_common_delta_pp":9.567991464664341e-05,"downloaders_without-hosting_left_share":null,"downloaders_without-hosting_right_share":null,"uploaders_all_delta_pp":null,"uploaders_all_observed_common_delta_pp":2.4887772608590922e-05,"uploaders_all_left_share":null,"uploaders_all_right_share":null,"uploaders_without-hosting_delta_pp":null,"uploaders_without-hosting_observed_common_delta_pp":3.4974576462065915e-05,"uploaders_without-hosting_left_share":null,"uploaders_without-hosting_right_share":null},"geometry":{"type":"Polygon","coordinates":[[[136.19743266727218,35.022727314893636],[136.10456580239585,35.042927381772024],[136.07434143549187,35.12590457615951],[136.13707482528977,35.188813684758166],[136.23016133950108,35.16867347261361],[136.2602944702487,35.085564232828126],[136.19743266727218,35.022727314893636]]]}},{"type":"Feature","properties":{"h3":"852e6033fffffff","countries":["JPN"],"common_intervals":5,"left_observed_intervals":13,"right_observed_intervals":11,"full_window_comparable":false,"expected_intervals":26,"downloaders_all_delta_pp":null,"downloaders_all_observed_common_delta_pp":2.672467097814805e-05,"downloaders_all_left_share":null,"downloaders_all_right_share":null,"downloaders_without-hosting_delta_pp":null,"downloaders_without-hosting_observed_common_delta_pp":3.412287225595643e-05,"downloaders_without-hosting_left_share":null,"downloaders_without-hosting_right_share":null,"uploaders_all_delta_pp":null,"uploaders_all_observed_common_delta_pp":0.0,"uploaders_all_left_share":null,"uploaders_all_right_share":null,"uploaders_without-hosting_delta_pp":null,"uploaders_without-hosting_observed_common_delta_pp":0.0,"uploaders_without-hosting_left_share":null,"uploaders_without-hosting_right_share":null},"geometry":{"type":"Polygon","coordinates":[[[136.44322834296975,34.81554223753153],[136.35036322772834,34.8360914183438],[136.32039527956456,34.919272796332],[136.38338461255032,34.982036894040554],[136.47646888308543,34.96154622922328],[136.50634432184643,34.87823288771451],[136.44322834296975,34.81554223753153]]]}},{"type":"Feature","properties":{"h3":"852e6043fffffff","countries":["JPN"],"common_intervals":26,"left_observed_intervals":26,"right_observed_intervals":26,"full_window_comparable":true,"expected_intervals":26,"downloaders_all_delta_pp":0.000657659493084834,"downloaders_all_observed_common_delta_pp":0.000657659493084834,"downloaders_all_left_share":0.0040043728794950375,"downloaders_all_right_share":0.0033467133864102027,"downloaders_without-hosting_delta_pp":0.0008589449460238313,"downloaders_without-hosting_observed_common_delta_pp":0.0008589449460238313,"downloaders_without-hosting_left_share":0.004764439219908444,"downloaders_without-hosting_right_share":0.003905494273884614,"uploaders_all_delta_pp":0.0007438377685397365,"uploaders_all_observed_common_delta_pp":0.0007438377685397365,"uploaders_all_left_share":0.0011068566121904373,"uploaders_all_right_share":0.0003630188436507008,"uploaders_without-hosting_delta_pp":0.0011172062447877668,"uploaders_without-hosting_observed_common_delta_pp":0.0011172062447877668,"uploaders_without-hosting_left_share":0.0015605203483375074,"uploaders_without-hosting_right_share":0.0004433141035497407},"geometry":{"type":"Polygon","coordinates":[[[136.98246927475395,35.234308232759986],[136.88851201136455,35.255095401179524],[136.8587563531459,35.33873121805916],[136.9230551391524,35.40171101930379],[137.01723563545605,35.38098078481659],[137.04689375904863,35.297213757309706],[136.98246927475395,35.234308232759986]]]}},{"type":"Feature","properties":{"h3":"852e6047fffffff","countries":["JPN"],"common_intervals":26,"left_observed_intervals":26,"right_observed_intervals":26,"full_window_comparable":true,"expected_intervals":26,"downloaders_all_delta_pp":0.0010786894075981155,"downloaders_all_observed_common_delta_pp":0.0010786894075981155,"downloaders_all_left_share":0.00721507006632755,"downloaders_all_right_share":0.006136380658729434,"downloaders_without-hosting_delta_pp":0.0014205562053091726,"downloaders_without-hosting_observed_common_delta_pp":0.0014205562053091726,"downloaders_without-hosting_left_share":0.008581049506756215,"downloaders_without-hosting_right_share":0.007160493301447043,"uploaders_all_delta_pp":0.0008381728367824735,"uploaders_all_observed_common_delta_pp":0.0008381728367824735,"uploaders_all_left_share":0.001563180039255884,"uploaders_all_right_share":0.0007250072024734109,"uploaders_without-hosting_delta_pp":0.001285225625293584,"uploaders_without-hosting_observed_common_delta_pp":0.001285225625293584,"uploaders_without-hosting_left_share":0.0021805692330688015,"uploaders_without-hosting_right_share":0.0008953436077752179},"geometry":{"type":"Polygon","coordinates":[[[136.8244016305873,35.19220134274641],[136.73066150787744,35.21286918292986],[136.70080958846987,35.29637360915885],[136.7647937010262,35.35934152668772],[136.8587563531459,35.33873121805916],[136.88851201136455,35.255095401179524],[136.8244016305873,35.19220134274641]]]}},{"type":"Feature","properties":{"h3":"852e604bfffffff","countries":["JPN"],"common_intervals":26,"left_observed_intervals":26,"right_observed_intervals":26,"full_window_comparable":true,"expected_intervals":26,"downloaders_all_delta_pp":3.333307682495298e-05,"downloaders_all_observed_common_delta_pp":3.333307682495298e-05,"downloaders_all_left_share":0.001016880413230194,"downloaders_all_right_share":0.0009835473364052407,"downloaders_without-hosting_delta_pp":6.320012077718921e-05,"downloaders_without-hosting_observed_common_delta_pp":6.320012077718921e-05,"downloaders_without-hosting_left_share":0.0012099336113959391,"downloaders_without-hosting_right_share":0.0011467334906187497,"uploaders_all_delta_pp":-0.0002279877299076662,"uploaders_all_observed_common_delta_pp":-0.0002279877299076662,"uploaders_all_left_share":0.0001601633924088681,"uploaders_all_right_share":0.00038815112231653433,"uploaders_without-hosting_delta_pp":-0.0002708806474134949,"uploaders_without-hosting_observed_common_delta_pp":-0.0002708806474134949,"uploaders_without-hosting_left_share":0.00021322956453176663,"uploaders_without-hosting_right_share":0.00048411021194526163},"geometry":{"type":"Polygon","coordinates":[[[137.01723563545605,35.38098078481659],[136.9230551391524,35.40171101930379],[136.89326500922658,35.485374838576995],[136.95775320046565,35.54843944715558],[137.05215791981541,35.52776622374833],[137.08184986869338,35.44397132348708],[137.01723563545605,35.38098078481659]]]}},{"type":"Feature","properties":{"h3":"852e604ffffffff","countries":["JPN"],"common_intervals":26,"left_observed_intervals":26,"right_observed_intervals":26,"full_window_comparable":true,"expected_intervals":26,"downloaders_all_delta_pp":0.0008668694420762903,"downloaders_all_observed_common_delta_pp":0.0008668694420762903,"downloaders_all_left_share":0.004922431206658113,"downloaders_all_right_share":0.004055561764581823,"downloaders_without-hosting_delta_pp":0.0011211854746021334,"downloaders_without-hosting_observed_common_delta_pp":0.0011211854746021334,"downloaders_without-hosting_left_share":0.005855970166464205,"downloaders_without-hosting_right_share":0.004734784691862072,"uploaders_all_delta_pp":0.0016590418850617344,"uploaders_all_observed_common_delta_pp":0.0016590418850617344,"uploaders_all_left_share":0.0022816755857289527,"uploaders_all_right_share":0.0006226337006672181,"uploaders_without-hosting_delta_pp":0.0024436080514584897,"uploaders_without-hosting_observed_common_delta_pp":0.0024436080514584897,"uploaders_without-hosting_left_share":0.0032239939671225453,"uploaders_without-hosting_right_share":0.0007803859156640549},"geometry":{"type":"Polygon","coordinates":[[[136.8587563531459,35.33873121805916],[136.7647937010262,35.35934152668772],[136.73490667213693,35.44287408239812],[136.79907884000934,35.50592753451441],[136.89326500922658,35.485374838576995],[136.9230551391524,35.40171101930379],[136.8587563531459,35.33873121805916]]]}},{"type":"Feature","properties":{"h3":"852e6053fffffff","countries":["JPN"],"common_intervals":26,"left_observed_intervals":26,"right_observed_intervals":26,"full_window_comparable":true,"expected_intervals":26,"downloaders_all_delta_pp":0.000351086085732318,"downloaders_all_observed_common_delta_pp":0.000351086085732318,"downloaders_all_left_share":0.002128552646394078,"downloaders_all_right_share":0.00177746656066176,"downloaders_without-hosting_delta_pp":0.0004187149988358239,"downloaders_without-hosting_observed_common_delta_pp":0.0004187149988358239,"downloaders_without-hosting_left_share":0.002457991248097258,"downloaders_without-hosting_right_share":0.0020392762492614344,"uploaders_all_delta_pp":0.00021634225657899542,"uploaders_all_observed_common_delta_pp":0.00021634225657899542,"uploaders_all_left_share":0.0003511203888246724,"uploaders_all_right_share":0.00013477813224567703,"uploaders_without-hosting_delta_pp":0.0001651531896952172,"uploaders_without-hosting_observed_common_delta_pp":0.0001651531896952172,"uploaders_without-hosting_left_share":0.0003355247875101205,"uploaders_without-hosting_right_share":0.00017037159781490327},"geometry":{"type":"Polygon","coordinates":[[[137.10604451174453,35.12960638647306],[137.0120935571136,35.1505700949067],[136.98246927475395,35.234308232759986],[137.04689375904863,35.297213757309706],[137.1410676567032,35.27630630102725],[137.17059377379906,35.19243701089471],[137.10604451174453,35.12960638647306]]]}},{"type":"Feature","properties":{"h3":"852e6057fffffff","countries":["JPN"],"common_intervals":26,"left_observed_intervals":26,"right_observed_intervals":26,"full_window_comparable":true,"expected_intervals":26,"downloaders_all_delta_pp":0.008510204350431642,"downloaders_all_observed_common_delta_pp":0.008510204350431642,"downloaders_all_left_share":0.05866879026104092,"downloaders_all_right_share":0.05015858591060929,"downloaders_without-hosting_delta_pp":0.011276282459782513,"downloaders_without-hosting_observed_common_delta_pp":0.011276282459782513,"downloaders_without-hosting_left_share":0.06978136854264344,"downloaders_without-hosting_right_share":0.05850508608286094,"uploaders_all_delta_pp":0.0056767982384646415,"uploaders_all_observed_common_delta_pp":0.0056767982384646415,"uploaders_all_left_share":0.017522931908998746,"uploaders_all_right_share":0.011846133670534106,"uploaders_without-hosting_delta_pp":0.009556469519781013,"uploaders_without-hosting_observed_common_delta_pp":0.009556469519781013,"uploaders_without-hosting_left_share":0.024290578560381613,"uploaders_without-hosting_right_share":0.014734109040600595},"geometry":{"type":"Polygon","coordinates":[[[136.94785782119644,35.087750520339895],[136.85412280664565,35.10859454127893],[136.8244016305873,35.19220134274641],[136.88851201136455,35.255095401179524],[136.98246927475395,35.234308232759986],[137.0120935571136,35.1505700949067],[136.94785782119644,35.087750520339895]]]}},{"type":"Feature","properties":{"h3":"852e605bfffffff","countries":["JPN"],"common_intervals":26,"left_observed_intervals":26,"right_observed_intervals":26,"full_window_comparable":true,"expected_intervals":26,"downloaders_all_delta_pp":0.0006367932911034302,"downloaders_all_observed_common_delta_pp":0.0006367932911034302,"downloaders_all_left_share":0.003357507008980944,"downloaders_all_right_share":0.0027207137178775135,"downloaders_without-hosting_delta_pp":0.0007366317620885281,"downloaders_without-hosting_observed_common_delta_pp":0.0007366317620885281,"downloaders_without-hosting_left_share":0.003824522759173092,"downloaders_without-hosting_right_share":0.003087890997084564,"uploaders_all_delta_pp":0.002063216577572207,"uploaders_all_observed_common_delta_pp":0.002063216577572207,"uploaders_all_left_share":0.0026660904390394583,"uploaders_all_right_share":0.000602873861467251,"uploaders_without-hosting_delta_pp":0.0025589811969207597,"uploaders_without-hosting_observed_common_delta_pp":0.0025589811969207597,"uploaders_without-hosting_left_share":0.0033081506253716123,"uploaders_without-hosting_right_share":0.0007491694284508523},"geometry":{"type":"Polygon","coordinates":[[[137.1410676567032,35.27630630102725],[137.04689375904863,35.297213757309706],[137.01723563545605,35.38098078481659],[137.08184986869338,35.44397132348708],[137.1762476958018,35.42312019678088],[137.20580700459297,35.3392221453255],[137.1410676567032,35.27630630102725]]]}},{"type":"Feature","properties":{"h3":"852e6063fffffff","countries":["JPN"],"common_intervals":5,"left_observed_intervals":9,"right_observed_intervals":10,"full_window_comparable":false,"expected_intervals":26,"downloaders_all_delta_pp":null,"downloaders_all_observed_common_delta_pp":7.799211880488646e-05,"downloaders_all_left_share":null,"downloaders_all_right_share":null,"downloaders_without-hosting_delta_pp":null,"downloaders_without-hosting_observed_common_delta_pp":9.66943215646705e-05,"downloaders_without-hosting_left_share":null,"downloaders_without-hosting_right_share":null,"uploaders_all_delta_pp":null,"uploaders_all_observed_common_delta_pp":0.00015963093328225144,"uploaders_all_left_share":null,"uploaders_all_right_share":null,"uploaders_without-hosting_delta_pp":null,"uploaders_without-hosting_observed_common_delta_pp":0.00022227655649158682,"uploaders_without-hosting_left_share":null,"uploaders_without-hosting_right_share":null},"geometry":{"type":"Polygon","coordinates":[[[136.5433950503992,35.25391005858168],[136.44986955188065,35.27428340342422],[136.41979254387843,35.35755291071557],[136.4833350392515,35.420580620921776],[136.57708262252842,35.40026607172025],[136.60706527513972,35.31686495552459],[136.5433950503992,35.25391005858168]]]}},{"type":"Feature","properties":{"h3":"852e6067fffffff","countries":["JPN"],"common_intervals":3,"left_observed_intervals":8,"right_observed_intervals":6,"full_window_comparable":false,"expected_intervals":26,"downloaders_all_delta_pp":null,"downloaders_all_observed_common_delta_pp":8.799321342363302e-05,"downloaders_all_left_share":null,"downloaders_all_right_share":null,"downloaders_without-hosting_delta_pp":null,"downloaders_without-hosting_observed_common_delta_pp":0.00011019012232412633,"downloaders_without-hosting_left_share":null,"downloaders_without-hosting_right_share":null,"uploaders_all_delta_pp":null,"uploaders_all_observed_common_delta_pp":0.0,"uploaders_all_left_share":null,"uploaders_all_right_share":null,"uploaders_without-hosting_delta_pp":null,"uploaders_without-hosting_observed_common_delta_pp":0.0,"uploaders_without-hosting_left_share":null,"uploaders_without-hosting_right_share":null},"geometry":{"type":"Polygon","coordinates":[[[136.3865124177246,35.211342654487694],[136.29320619164645,35.231598955600944],[136.26303608960936,35.31473669110008],[136.32626495907184,35.37774983484571],[136.41979254387843,35.35755291071557],[136.44986955188065,35.27428340342422],[136.3865124177246,35.211342654487694]]]}},{"type":"Feature","properties":{"h3":"852e606bfffffff","countries":["JPN"],"common_intervals":17,"left_observed_intervals":24,"right_observed_intervals":18,"full_window_comparable":false,"expected_intervals":26,"downloaders_all_delta_pp":null,"downloaders_all_observed_common_delta_pp":1.206709514023397e-06,"downloaders_all_left_share":null,"downloaders_all_right_share":null,"downloaders_without-hosting_delta_pp":null,"downloaders_without-hosting_observed_common_delta_pp":7.0952605109739165e-06,"downloaders_without-hosting_left_share":null,"downloaders_without-hosting_right_share":null,"uploaders_all_delta_pp":null,"uploaders_all_observed_common_delta_pp":4.715161791346547e-05,"uploaders_all_left_share":null,"uploaders_all_right_share":null,"uploaders_without-hosting_delta_pp":null,"uploaders_without-hosting_observed_common_delta_pp":6.7162414838058e-05,"uploaders_without-hosting_left_share":null,"uploaders_without-hosting_right_share":null},"geometry":{"type":"Polygon","coordinates":[[[136.57708262252842,35.40026607172025],[136.4833350392515,35.420580620921776],[136.45322166750736,35.50387749968595],[136.51695050743393,35.566991251721284],[136.61092116410234,35.546735582971955],[136.64093955453222,35.46330722121938],[136.57708262252842,35.40026607172025]]]}},{"type":"Feature","properties":{"h3":"852e6073fffffff","countries":["JPN"],"common_intervals":11,"left_observed_intervals":16,"right_observed_intervals":14,"full_window_comparable":false,"expected_intervals":26,"downloaders_all_delta_pp":null,"downloaders_all_observed_common_delta_pp":5.14436205449928e-05,"downloaders_all_left_share":null,"downloaders_all_right_share":null,"downloaders_without-hosting_delta_pp":null,"downloaders_without-hosting_observed_common_delta_pp":6.499953947297671e-05,"downloaders_without-hosting_left_share":null,"downloaders_without-hosting_right_share":null,"uploaders_all_delta_pp":null,"uploaders_all_observed_common_delta_pp":0.00013707727894940997,"uploaders_all_left_share":null,"uploaders_all_right_share":null,"uploaders_without-hosting_delta_pp":null,"uploaders_without-hosting_observed_common_delta_pp":0.00016999970353862004,"uploaders_without-hosting_left_share":null,"uploaders_without-hosting_right_share":null},"geometry":{"type":"Polygon","coordinates":[[[136.66686445857405,35.14998772762178],[136.57334196436548,35.170537196431646],[136.5433950503992,35.25391005858168],[136.60706527513972,35.31686495552459],[136.70080958846987,35.29637360915885],[136.73066150787744,35.21286918292986],[136.66686445857405,35.14998772762178]]]}},{"type":"Feature","properties":{"h3":"852e607bfffffff","countries":["JPN"],"common_intervals":26,"left_observed_intervals":26,"right_observed_intervals":26,"full_window_comparable":true,"expected_intervals":26,"downloaders_all_delta_pp":0.00029473533219154154,"downloaders_all_observed_common_delta_pp":0.00029473533219154154,"downloaders_all_left_share":0.0016050139147404286,"downloaders_all_right_share":0.0013102785825488867,"downloaders_without-hosting_delta_pp":0.0003307496207853102,"downloaders_without-hosting_observed_common_delta_pp":0.0003307496207853102,"downloaders_without-hosting_left_share":0.0017113746071605817,"downloaders_without-hosting_right_share":0.0013806249863752716,"uploaders_all_delta_pp":9.01502797973894e-05,"uploaders_all_observed_common_delta_pp":9.01502797973894e-05,"uploaders_all_left_share":0.0002612512751808081,"uploaders_all_right_share":0.00017110099538341866,"uploaders_without-hosting_delta_pp":5.817114252786887e-05,"uploaders_without-hosting_observed_common_delta_pp":5.817114252786887e-05,"uploaders_without-hosting_left_share":0.00027471504475520836,"uploaders_without-hosting_right_share":0.00021654390222733955},"geometry":{"type":"Polygon","coordinates":[[[136.70080958846987,35.29637360915885],[136.60706527513972,35.31686495552459],[136.57708262252842,35.40026607172025],[136.64093955453222,35.46330722121938],[136.73490667213693,35.44287408239812],[136.7647937010262,35.35934152668772],[136.70080958846987,35.29637360915885]]]}},{"type":"Feature","properties":{"h3":"852e608bfffffff","countries":["JPN"],"common_intervals":2,"left_observed_intervals":8,"right_observed_intervals":4,"full_window_comparable":false,"expected_intervals":26,"downloaders_all_delta_pp":null,"downloaders_all_observed_common_delta_pp":4.26924839319926e-05,"downloaders_all_left_share":null,"downloaders_all_right_share":null,"downloaders_without-hosting_delta_pp":null,"downloaders_without-hosting_observed_common_delta_pp":5.696589785617001e-05,"downloaders_without-hosting_left_share":null,"downloaders_without-hosting_right_share":null,"uploaders_all_delta_pp":null,"uploaders_all_observed_common_delta_pp":0.0,"uploaders_all_left_share":null,"uploaders_all_right_share":null,"uploaders_without-hosting_delta_pp":null,"uploaders_without-hosting_observed_common_delta_pp":0.0,"uploaders_without-hosting_left_share":null,"uploaders_without-hosting_right_share":null},"geometry":{"type":"Polygon","coordinates":[[[137.00190627237185,34.69021001301841],[136.90861828810378,34.711341971043495],[136.87909561230632,34.79498737144015],[136.9429568240583,34.857632268605826],[137.0364648279395,34.83655630510938],[137.06589125425458,34.75277939088288],[137.00190627237185,34.69021001301841]]]}},{"type":"Feature","properties":{"h3":"852e6097fffffff","countries":["JPN"],"common_intervals":0,"left_observed_intervals":2,"right_observed_intervals":1,"full_window_comparable":false,"expected_intervals":26,"downloaders_all_delta_pp":null,"downloaders_all_observed_common_delta_pp":null,"downloaders_all_left_share":null,"downloaders_all_right_share":null,"downloaders_without-hosting_delta_pp":null,"downloaders_without-hosting_observed_common_delta_pp":null,"downloaders_without-hosting_left_share":null,"downloaders_without-hosting_right_share":null,"uploaders_all_delta_pp":null,"uploaders_all_observed_common_delta_pp":null,"uploaders_all_left_share":null,"uploaders_all_right_share":null,"uploaders_without-hosting_delta_pp":null,"uploaders_without-hosting_observed_common_delta_pp":null,"uploaders_without-hosting_left_share":null,"uploaders_without-hosting_right_share":null},"geometry":{"type":"Polygon","coordinates":[[[136.93324675548504,34.39788452957764],[136.8403959283125,34.41912818999693],[136.81094104683135,34.50270674257188],[136.87443165001645,34.56517330970303],[136.96750057732677,34.54398545133992],[136.99686045971,34.4602751635408],[136.93324675548504,34.39788452957764]]]}},{"type":"Feature","properties":{"h3":"852e60a3fffffff","countries":["JPN"],"common_intervals":26,"left_observed_intervals":26,"right_observed_intervals":26,"full_window_comparable":true,"expected_intervals":26,"downloaders_all_delta_pp":0.00012084077241506324,"downloaders_all_observed_common_delta_pp":0.00012084077241506324,"downloaders_all_left_share":0.0006949684739871109,"downloaders_all_right_share":0.0005741277015720476,"downloaders_without-hosting_delta_pp":0.00015746263729291912,"downloaders_without-hosting_observed_common_delta_pp":0.00015746263729291912,"downloaders_without-hosting_left_share":0.000827167799843595,"downloaders_without-hosting_right_share":0.0006697051625506759,"uploaders_all_delta_pp":-2.788113276798269e-05,"uploaders_all_observed_common_delta_pp":-2.788113276798269e-05,"uploaders_all_left_share":6.22502959366e-05,"uploaders_all_right_share":9.013142870458269e-05,"uploaders_without-hosting_delta_pp":-3.447395284742896e-05,"uploaders_without-hosting_observed_common_delta_pp":-3.447395284742896e-05,"uploaders_without-hosting_left_share":7.723407059650717e-05,"uploaders_without-hosting_right_share":0.00011170802344393613},"geometry":{"type":"Polygon","coordinates":[[[136.53258380477405,34.56562854249251],[136.43993885600722,34.58640956637435],[136.41013488226605,34.66965939278769],[136.4730680474021,34.732260155971886],[136.5659309348092,34.71153687238137],[136.59564237768922,34.628155022404634],[136.53258380477405,34.56562854249251]]]}},{"type":"Feature","properties":{"h3":"852e60abfffffff","countries":["JPN"],"common_intervals":26,"left_observed_intervals":26,"right_observed_intervals":26,"full_window_comparable":true,"expected_intervals":26,"downloaders_all_delta_pp":0.0005075398035107855,"downloaders_all_observed_common_delta_pp":0.0005075398035107855,"downloaders_all_left_share":0.0036863450051526706,"downloaders_all_right_share":0.0031788052016418853,"downloaders_without-hosting_delta_pp":0.0006723574706719913,"downloaders_without-hosting_observed_common_delta_pp":0.0006723574706719913,"downloaders_without-hosting_left_share":0.004371169964011474,"downloaders_without-hosting_right_share":0.0036988124933394822,"uploaders_all_delta_pp":0.0006072228548110349,"uploaders_all_observed_common_delta_pp":0.0006072228548110349,"uploaders_all_left_share":0.0008907581457837764,"uploaders_all_right_share":0.0002835352909727413,"uploaders_without-hosting_delta_pp":0.000910564297373374,"uploaders_without-hosting_observed_common_delta_pp":0.000910564297373374,"uploaders_without-hosting_left_share":0.0012626230011810525,"uploaders_without-hosting_right_share":0.00035205870380767824},"geometry":{"type":"Polygon","coordinates":[[[136.5659309348092,34.71153687238137],[136.4730680474021,34.732260155971886],[136.44322834296975,34.81554223753153],[136.50634432184643,34.87823288771451],[136.59942610908405,34.857567446136876],[136.62917267456535,34.77415345004803],[136.5659309348092,34.71153687238137]]]}},{"type":"Feature","properties":{"h3":"852e60b3fffffff","countries":["JPN"],"common_intervals":12,"left_observed_intervals":16,"right_observed_intervals":16,"full_window_comparable":false,"expected_intervals":26,"downloaders_all_delta_pp":null,"downloaders_all_observed_common_delta_pp":-2.421694744349961e-06,"downloaders_all_left_share":null,"downloaders_all_right_share":null,"downloaders_without-hosting_delta_pp":null,"downloaders_without-hosting_observed_common_delta_pp":1.1894754014275867e-06,"downloaders_without-hosting_left_share":null,"downloaders_without-hosting_right_share":null,"uploaders_all_delta_pp":null,"uploaders_all_observed_common_delta_pp":0.0,"uploaders_all_left_share":null,"uploaders_all_right_share":null,"uploaders_without-hosting_delta_pp":null,"uploaders_without-hosting_observed_common_delta_pp":0.0,"uploaders_without-hosting_left_share":null,"uploaders_without-hosting_right_share":null},"geometry":{"type":"Polygon","coordinates":[[[136.65490220513743,34.46132570032929],[136.56226012462324,34.48227983422425],[136.53258380477405,34.56562854249251],[136.59564237768922,34.628155022404634],[136.68850213915033,34.60725795157359],[136.71808530645305,34.52377727553736],[136.65490220513743,34.46132570032929]]]}},{"type":"Feature","properties":{"h3":"852e60b7fffffff","countries":["JPN"],"common_intervals":0,"left_observed_intervals":0,"right_observed_intervals":1,"full_window_comparable":false,"expected_intervals":26,"downloaders_all_delta_pp":null,"downloaders_all_observed_common_delta_pp":null,"downloaders_all_left_share":null,"downloaders_all_right_share":null,"downloaders_without-hosting_delta_pp":null,"downloaders_without-hosting_observed_common_delta_pp":null,"downloaders_without-hosting_left_share":null,"downloaders_without-hosting_right_share":null,"uploaders_all_delta_pp":null,"uploaders_all_observed_common_delta_pp":null,"uploaders_all_left_share":null,"uploaders_all_right_share":null,"uploaders_without-hosting_delta_pp":null,"uploaders_without-hosting_observed_common_delta_pp":null,"uploaders_without-hosting_left_share":null,"uploaders_without-hosting_right_share":null},"geometry":{"type":"Polygon","coordinates":[[[136.49938376208215,34.41984434202532],[136.40695579664484,34.44068300042138],[136.37718754889067,34.523899579999295],[136.43993885600722,34.58640956637435],[136.53258380477405,34.56562854249251],[136.56226012462324,34.48227983422425],[136.49938376208215,34.41984434202532]]]}},{"type":"Feature","properties":{"h3":"852e60c3fffffff","countries":["JPN"],"common_intervals":26,"left_observed_intervals":26,"right_observed_intervals":26,"full_window_comparable":true,"expected_intervals":26,"downloaders_all_delta_pp":0.0011681615267790872,"downloaders_all_observed_common_delta_pp":0.0011681615267790872,"downloaders_all_left_share":0.006574616294683531,"downloaders_all_right_share":0.005406454767904443,"downloaders_without-hosting_delta_pp":0.0015159143271510499,"downloaders_without-hosting_observed_common_delta_pp":0.0015159143271510499,"downloaders_without-hosting_left_share":0.007825457462971974,"downloaders_without-hosting_right_share":0.006309543135820926,"uploaders_all_delta_pp":0.0003421708068377897,"uploaders_all_observed_common_delta_pp":0.0003421708068377897,"uploaders_all_left_share":0.001325566623220115,"uploaders_all_right_share":0.0009833958163823256,"uploaders_without-hosting_delta_pp":0.0007291701122477337,"uploaders_without-hosting_observed_common_delta_pp":0.0007291701122477337,"uploaders_without-hosting_left_share":0.0019219490330133098,"uploaders_without-hosting_right_share":0.001192778920765576},"geometry":{"type":"Polygon","coordinates":[[[137.1943589725958,34.87801828435463],[137.10063691423812,34.89921368871647],[137.0711772396969,34.98302240687908],[137.13553741698115,35.045766875210546],[137.22948114608295,35.02462695630776],[137.25884267683978,34.940687026529574],[137.1943589725958,34.87801828435463]]]}},{"type":"Feature","properties":{"h3":"852e60c7fffffff","countries":["JPN"],"common_intervals":26,"left_observed_intervals":26,"right_observed_intervals":26,"full_window_comparable":true,"expected_intervals":26,"downloaders_all_delta_pp":0.0005782354541349363,"downloaders_all_observed_common_delta_pp":0.0005782354541349363,"downloaders_all_left_share":0.0034989052702203587,"downloaders_all_right_share":0.002920669816085422,"downloaders_without-hosting_delta_pp":0.000759415759916751,"downloaders_without-hosting_observed_common_delta_pp":0.000759415759916751,"downloaders_without-hosting_left_share":0.004163649427588727,"downloaders_without-hosting_right_share":0.0034042336676719754,"uploaders_all_delta_pp":-3.3712601830123414e-05,"uploaders_all_observed_common_delta_pp":-3.3712601830123414e-05,"uploaders_all_left_share":0.0005724488519727797,"uploaders_all_right_share":0.000606161453802903,"uploaders_without-hosting_delta_pp":4.169329015733666e-05,"uploaders_without-hosting_observed_common_delta_pp":4.169329015733666e-05,"uploaders_without-hosting_left_share":0.0007559758202738234,"uploaders_without-hosting_right_share":0.0007142825301164866},"geometry":{"type":"Polygon","coordinates":[[[137.0364648279395,34.83655630510938],[136.9429568240583,34.857632268605826],[136.91340026685668,34.941309589537525],[136.97744824766863,35.004042285787854],[137.0711772396969,34.98302240687908],[137.10063691423812,34.89921368871647],[137.0364648279395,34.83655630510938]]]}},{"type":"Feature","properties":{"h3":"852e60cbfffffff","countries":["JPN"],"common_intervals":26,"left_observed_intervals":26,"right_observed_intervals":26,"full_window_comparable":true,"expected_intervals":26,"downloaders_all_delta_pp":0.0010107140684677944,"downloaders_all_observed_common_delta_pp":0.0010107140684677944,"downloaders_all_left_share":0.005573781739373475,"downloaders_all_right_share":0.0045630676709056805,"downloaders_without-hosting_delta_pp":0.0012547319525226196,"downloaders_without-hosting_observed_common_delta_pp":0.0012547319525226196,"downloaders_without-hosting_left_share":0.00635986161879452,"downloaders_without-hosting_right_share":0.0051051296662719,"uploaders_all_delta_pp":0.00044760461483257504,"uploaders_all_observed_common_delta_pp":0.00044760461483257504,"uploaders_all_left_share":0.0008017751076689936,"uploaders_all_right_share":0.00035417049283641844,"uploaders_without-hosting_delta_pp":0.0006436947811779353,"uploaders_without-hosting_observed_common_delta_pp":0.0006436947811779353,"uploaders_without-hosting_left_share":0.0010956328981058608,"uploaders_without-hosting_right_share":0.00045193811692792544},"geometry":{"type":"Polygon","coordinates":[[[137.22948114608295,35.02462695630776],[137.13553741698115,35.045766875210546],[137.10604451174453,35.12960638647306],[137.17059377379906,35.19243701089471],[137.2647601503694,35.17135265937666],[137.2941542647447,35.08738205960452],[137.22948114608295,35.02462695630776]]]}},{"type":"Feature","properties":{"h3":"852e60cffffffff","countries":["JPN"],"common_intervals":26,"left_observed_intervals":26,"right_observed_intervals":26,"full_window_comparable":true,"expected_intervals":26,"downloaders_all_delta_pp":0.0002884539178388978,"downloaders_all_observed_common_delta_pp":0.0002884539178388978,"downloaders_all_left_share":0.0012112112455148069,"downloaders_all_right_share":0.0009227573276759093,"downloaders_without-hosting_delta_pp":0.0003642696299889127,"downloaders_without-hosting_observed_common_delta_pp":0.0003642696299889127,"downloaders_without-hosting_left_share":0.0014413561677056367,"downloaders_without-hosting_right_share":0.0010770865377167241,"uploaders_all_delta_pp":0.00042327558047671165,"uploaders_all_observed_common_delta_pp":0.00042327558047671165,"uploaders_all_left_share":0.0004931899303397702,"uploaders_all_right_share":6.991434986305859e-05,"uploaders_without-hosting_delta_pp":0.0006265801342777463,"uploaders_without-hosting_observed_common_delta_pp":0.0006265801342777463,"uploaders_without-hosting_left_share":0.0007158324219591343,"uploaders_without-hosting_right_share":8.925228768138779e-05},"geometry":{"type":"Polygon","coordinates":[[[137.0711772396969,34.98302240687908],[136.97744824766863,35.004042285787854],[136.94785782119644,35.087750520339895],[137.0120935571136,35.1505700949067],[137.10604451174453,35.12960638647306],[137.13553741698115,35.045766875210546],[137.0711772396969,34.98302240687908]]]}},{"type":"Feature","properties":{"h3":"852e60d3fffffff","countries":["JPN"],"common_intervals":23,"left_observed_intervals":25,"right_observed_intervals":24,"full_window_comparable":false,"expected_intervals":26,"downloaders_all_delta_pp":null,"downloaders_all_observed_common_delta_pp":8.512543167734161e-05,"downloaders_all_left_share":null,"downloaders_all_right_share":null,"downloaders_without-hosting_delta_pp":null,"downloaders_without-hosting_observed_common_delta_pp":0.00010902729516747397,"downloaders_without-hosting_left_share":null,"downloaders_without-hosting_right_share":null,"uploaders_all_delta_pp":null,"uploaders_all_observed_common_delta_pp":8.907653480320674e-05,"uploaders_all_left_share":null,"uploaders_all_right_share":null,"uploaders_without-hosting_delta_pp":null,"uploaders_without-hosting_observed_common_delta_pp":0.00012350686408056682,"uploaders_without-hosting_left_share":null,"uploaders_without-hosting_right_share":null},"geometry":{"type":"Polygon","coordinates":[[[137.31740211353005,34.77273945177395],[137.223687896736,34.79411003933566],[137.1943589725958,34.87801828435463],[137.25884267683978,34.940687026529574],[137.35277826693914,34.91937123647709],[137.3820084297487,34.83533185036547],[137.31740211353005,34.77273945177395]]]}},{"type":"Feature","properties":{"h3":"852e60d7fffffff","countries":["JPN"],"common_intervals":14,"left_observed_intervals":17,"right_observed_intervals":21,"full_window_comparable":false,"expected_intervals":26,"downloaders_all_delta_pp":null,"downloaders_all_observed_common_delta_pp":4.335133320504779e-05,"downloaders_all_left_share":null,"downloaders_all_right_share":null,"downloaders_without-hosting_delta_pp":null,"downloaders_without-hosting_observed_common_delta_pp":5.576203608648169e-05,"downloaders_without-hosting_left_share":null,"downloaders_without-hosting_right_share":null,"uploaders_all_delta_pp":null,"uploaders_all_observed_common_delta_pp":8.14223507609733e-05,"uploaders_all_left_share":null,"uploaders_all_right_share":null,"uploaders_without-hosting_delta_pp":null,"uploaders_without-hosting_observed_common_delta_pp":0.00012219411757517993,"uploaders_without-hosting_left_share":null,"uploaders_without-hosting_right_share":null},"geometry":{"type":"Polygon","coordinates":[[[137.159392612674,34.7315285871841],[137.06589125425458,34.75277939088288],[137.0364648279395,34.83655630510938],[137.10063691423812,34.89921368871647],[137.1943589725958,34.87801828435463],[137.223687896736,34.79411003933566],[137.159392612674,34.7315285871841]]]}},{"type":"Feature","properties":{"h3":"852e6103fffffff","countries":["JPN"],"common_intervals":26,"left_observed_intervals":26,"right_observed_intervals":26,"full_window_comparable":true,"expected_intervals":26,"downloaders_all_delta_pp":0.0005877504643002671,"downloaders_all_observed_common_delta_pp":0.0005877504643002671,"downloaders_all_left_share":0.0038073812840574064,"downloaders_all_right_share":0.0032196308197571383,"downloaders_without-hosting_delta_pp":0.0007708318543595029,"downloaders_without-hosting_observed_common_delta_pp":0.0007708318543595029,"downloaders_without-hosting_left_share":0.004529446558909544,"downloaders_without-hosting_right_share":0.003758614704550041,"uploaders_all_delta_pp":0.00032052416115963765,"uploaders_all_observed_common_delta_pp":0.00032052416115963765,"uploaders_all_left_share":0.0005930936902189318,"uploaders_all_right_share":0.00027256952905929416,"uploaders_without-hosting_delta_pp":0.00048432698871662017,"uploaders_without-hosting_observed_common_delta_pp":0.00048432698871662017,"uploaders_without-hosting_left_share":0.0008227374020835,"uploaders_without-hosting_right_share":0.0003384104133668797},"geometry":{"type":"Polygon","coordinates":[[[135.67011840101372,34.60395607197422],[135.57834287393652,34.62393795261475],[135.5479307790489,34.706457306690076],[135.60938027665327,34.76912738905267],[135.7013713103021,34.74920680614448],[135.7316970058809,34.666554774003885],[135.67011840101372,34.60395607197422]]]}},{"type":"Feature","properties":{"h3":"852e6107fffffff","countries":["JPN"],"common_intervals":26,"left_observed_intervals":26,"right_observed_intervals":26,"full_window_comparable":true,"expected_intervals":26,"downloaders_all_delta_pp":0.022808082714774764,"downloaders_all_observed_common_delta_pp":0.022808082714774764,"downloaders_all_left_share":0.14021642774335483,"downloaders_all_right_share":0.11740834502858008,"downloaders_without-hosting_delta_pp":0.023362026790734236,"downloaders_without-hosting_observed_common_delta_pp":0.023362026790734236,"downloaders_without-hosting_left_share":0.14436448540636795,"downloaders_without-hosting_right_share":0.12100245861563373,"uploaders_all_delta_pp":0.03180552342072213,"uploaders_all_observed_common_delta_pp":0.03180552342072213,"uploaders_all_left_share":0.0703838773173222,"uploaders_all_right_share":0.03857835389660006,"uploaders_without-hosting_delta_pp":0.023629894651661078,"uploaders_without-hosting_observed_common_delta_pp":0.023629894651661078,"uploaders_without-hosting_left_share":0.06039905891249857,"uploaders_without-hosting_right_share":0.0367691642608375},"geometry":{"type":"Polygon","coordinates":[[[135.51706925435857,34.56136083620021],[135.4255127694004,34.581232035278134],[135.39501547603746,34.66361858696973],[135.45615953417771,34.72626667164662],[135.5479307790489,34.706457306690076],[135.57834287393652,34.62393795261475],[135.51706925435857,34.56136083620021]]]}},{"type":"Feature","properties":{"h3":"852e610bfffffff","countries":["JPN"],"common_intervals":26,"left_observed_intervals":26,"right_observed_intervals":26,"full_window_comparable":true,"expected_intervals":26,"downloaders_all_delta_pp":0.0008239822864777668,"downloaders_all_observed_common_delta_pp":0.0008239822864777668,"downloaders_all_left_share":0.005387297086026865,"downloaders_all_right_share":0.004563314799549098,"downloaders_without-hosting_delta_pp":0.0010760349069363364,"downloaders_without-hosting_observed_common_delta_pp":0.0010760349069363364,"downloaders_without-hosting_left_share":0.006404702285400311,"downloaders_without-hosting_right_share":0.005328667378463974,"uploaders_all_delta_pp":0.0004589835049682306,"uploaders_all_observed_common_delta_pp":0.0004589835049682306,"uploaders_all_left_share":0.0011896329350439302,"uploaders_all_right_share":0.0007306494300756995,"uploaders_without-hosting_delta_pp":0.0007398440025529287,"uploaders_without-hosting_observed_common_delta_pp":0.0007398440025529287,"uploaders_without-hosting_left_share":0.0016415251548522716,"uploaders_without-hosting_right_share":0.0009016811522993429},"geometry":{"type":"Polygon","coordinates":[[[135.7013713103021,34.74920680614448],[135.60938027665327,34.76912738905267],[135.5789289094394,34.851677654223685],[135.64055520754954,34.91443984363406],[135.7327627039098,34.894580674878256],[135.76312710328344,34.81189783398706],[135.7013713103021,34.74920680614448]]]}},{"type":"Feature","properties":{"h3":"852e610ffffffff","countries":["JPN"],"common_intervals":26,"left_observed_intervals":26,"right_observed_intervals":26,"full_window_comparable":true,"expected_intervals":26,"downloaders_all_delta_pp":0.0014738668761823464,"downloaders_all_observed_common_delta_pp":0.0014738668761823464,"downloaders_all_left_share":0.0079512272208278,"downloaders_all_right_share":0.006477360344645453,"downloaders_without-hosting_delta_pp":0.0019085479343530917,"downloaders_without-hosting_observed_common_delta_pp":0.0019085479343530917,"downloaders_without-hosting_left_share":0.009465568532227148,"downloaders_without-hosting_right_share":0.007557020597874057,"uploaders_all_delta_pp":0.0009791508010443379,"uploaders_all_observed_common_delta_pp":0.0009791508010443379,"uploaders_all_left_share":0.0017024818665392074,"uploaders_all_right_share":0.0007233310654948695,"uploaders_without-hosting_delta_pp":0.0014457244752074582,"uploaders_without-hosting_observed_common_delta_pp":0.0014457244752074582,"uploaders_without-hosting_left_share":0.0023619227653492564,"uploaders_without-hosting_right_share":0.0009161982901417978},"geometry":{"type":"Polygon","coordinates":[[[135.5479307790489,34.706457306690076],[135.45615953417771,34.72626667164662],[135.4256224081421,34.80868423446184],[135.48694195160996,34.87142506491278],[135.5789289094394,34.851677654223685],[135.60938027665327,34.76912738905267],[135.5479307790489,34.706457306690076]]]}},{"type":"Feature","properties":{"h3":"852e6113fffffff","countries":["JPN"],"common_intervals":26,"left_observed_intervals":26,"right_observed_intervals":26,"full_window_comparable":true,"expected_intervals":26,"downloaders_all_delta_pp":0.0005576445942556235,"downloaders_all_observed_common_delta_pp":0.0005576445942556235,"downloaders_all_left_share":0.003030434163018331,"downloaders_all_right_share":0.0024727895687627075,"downloaders_without-hosting_delta_pp":0.0007195573896727433,"downloaders_without-hosting_observed_common_delta_pp":0.0007195573896727433,"downloaders_without-hosting_left_share":0.0036048595280460095,"downloaders_without-hosting_right_share":0.0028853021383732657,"uploaders_all_delta_pp":0.0005195001676527023,"uploaders_all_observed_common_delta_pp":0.0005195001676527023,"uploaders_all_left_share":0.001107963037878081,"uploaders_all_right_share":0.0005884628702253789,"uploaders_without-hosting_delta_pp":0.0008398538799140841,"uploaders_without-hosting_observed_common_delta_pp":0.0008398538799140841,"uploaders_without-hosting_left_share":0.001581292210764159,"uploaders_without-hosting_right_share":0.0007414383308500751},"geometry":{"type":"Polygon","coordinates":[[[135.79218434302675,34.50118170587243],[135.70040542049753,34.52133582789266],[135.67011840101372,34.60395607197422],[135.7316970058809,34.666554774003885],[135.8236912230127,34.64646129001379],[135.85389120709425,34.563708397461],[135.79218434302675,34.50118170587243]]]}},{"type":"Feature","properties":{"h3":"852e6117fffffff","countries":["JPN"],"common_intervals":26,"left_observed_intervals":26,"right_observed_intervals":26,"full_window_comparable":true,"expected_intervals":26,"downloaders_all_delta_pp":0.0006309859679849304,"downloaders_all_observed_common_delta_pp":0.0006309859679849304,"downloaders_all_left_share":0.00353428282215654,"downloaders_all_right_share":0.002903296854171609,"downloaders_without-hosting_delta_pp":0.0008167087342224275,"downloaders_without-hosting_observed_common_delta_pp":0.0008167087342224275,"downloaders_without-hosting_left_share":0.00420819752581983,"downloaders_without-hosting_right_share":0.0033914887915974016,"uploaders_all_delta_pp":0.0007312783035692122,"uploaders_all_observed_common_delta_pp":0.0007312783035692122,"uploaders_all_left_share":0.0010087906870239857,"uploaders_all_right_share":0.00027751238345477384,"uploaders_without-hosting_delta_pp":0.0010289360646413342,"uploaders_without-hosting_observed_common_delta_pp":0.0010289360646413342,"uploaders_without-hosting_left_share":0.0013751147356817364,"uploaders_without-hosting_right_share":0.0003461786710404019},"geometry":{"type":"Polygon","coordinates":[[[135.63900308014354,34.45883031071467],[135.54744210943963,34.47887336868808],[135.51706925435857,34.56136083620021],[135.57834287393652,34.62393795261475],[135.67011840101372,34.60395607197422],[135.70040542049753,34.52133582789266],[135.63900308014354,34.45883031071467]]]}},{"type":"Feature","properties":{"h3":"852e611bfffffff","countries":["JPN"],"common_intervals":26,"left_observed_intervals":26,"right_observed_intervals":26,"full_window_comparable":true,"expected_intervals":26,"downloaders_all_delta_pp":0.0006090920945007646,"downloaders_all_observed_common_delta_pp":0.0006090920945007646,"downloaders_all_left_share":0.005183123651317839,"downloaders_all_right_share":0.0045740315568170735,"downloaders_without-hosting_delta_pp":0.0008017627078117917,"downloaders_without-hosting_observed_common_delta_pp":0.0008017627078117917,"downloaders_without-hosting_left_share":0.006081881920236426,"downloaders_without-hosting_right_share":0.005280119212424633,"uploaders_all_delta_pp":0.0002111115129180046,"uploaders_all_observed_common_delta_pp":0.0002111115129180046,"uploaders_all_left_share":0.0006954140057842105,"uploaders_all_right_share":0.0004843024928662059,"uploaders_without-hosting_delta_pp":0.00036364340572240974,"uploaders_without-hosting_observed_common_delta_pp":0.00036364340572240974,"uploaders_without-hosting_left_share":0.000965965680486995,"uploaders_without-hosting_right_share":0.0006023222747645854},"geometry":{"type":"Polygon","coordinates":[[[135.8236912230127,34.64646129001379],[135.7316970058809,34.666554774003885],[135.7013713103021,34.74920680614448],[135.76312710328344,34.81189783398706],[135.8553375682293,34.791865104698964],[135.8855756565357,34.709080524927465],[135.8236912230127,34.64646129001379]]]}},{"type":"Feature","properties":{"h3":"852e6123fffffff","countries":["JPN"],"common_intervals":26,"left_observed_intervals":26,"right_observed_intervals":26,"full_window_comparable":true,"expected_intervals":26,"downloaders_all_delta_pp":0.0037935523718953586,"downloaders_all_observed_common_delta_pp":0.0037935523718953586,"downloaders_all_left_share":0.025026615244994024,"downloaders_all_right_share":0.021233062873098667,"downloaders_without-hosting_delta_pp":0.004991407555777433,"downloaders_without-hosting_observed_common_delta_pp":0.004991407555777433,"downloaders_without-hosting_left_share":0.02977233194138715,"downloaders_without-hosting_right_share":0.024780924385609714,"uploaders_all_delta_pp":0.003052690811948246,"uploaders_all_observed_common_delta_pp":0.003052690811948246,"uploaders_all_left_share":0.00630503301952391,"uploaders_all_right_share":0.0032523422075756633,"uploaders_without-hosting_delta_pp":0.0048391807918257744,"uploaders_without-hosting_observed_common_delta_pp":0.0048391807918257744,"uploaders_without-hosting_left_share":0.00890870665487654,"uploaders_without-hosting_right_share":0.004069525863050768},"geometry":{"type":"Polygon","coordinates":[[[135.24262487631293,34.62069261467254],[135.15129421399513,34.64028231525878],[135.1205891684397,34.722434117722905],[135.18129781749812,34.78512908494413],[135.2728426774558,34.76560239888908],[135.30346436051616,34.68331765898322],[135.24262487631293,34.62069261467254]]]}},{"type":"Feature","properties":{"h3":"852e6127fffffff","countries":["JPN"],"common_intervals":26,"left_observed_intervals":26,"right_observed_intervals":26,"full_window_comparable":true,"expected_intervals":26,"downloaders_all_delta_pp":0.00020645576565171334,"downloaders_all_observed_common_delta_pp":0.00020645576565171334,"downloaders_all_left_share":0.001488125448006872,"downloaders_all_right_share":0.0012816696823551585,"downloaders_without-hosting_delta_pp":0.00027658624713496977,"downloaders_without-hosting_observed_common_delta_pp":0.00027658624713496977,"downloaders_without-hosting_left_share":0.0017730652380042906,"downloaders_without-hosting_right_share":0.0014964789908693211,"uploaders_all_delta_pp":0.00020700216832288544,"uploaders_all_observed_common_delta_pp":0.00020700216832288544,"uploaders_all_left_share":0.0002953129573177805,"uploaders_all_right_share":8.831078899489503e-05,"uploaders_without-hosting_delta_pp":0.00030952772282631164,"uploaders_without-hosting_observed_common_delta_pp":0.00030952772282631164,"uploaders_without-hosting_left_share":0.0004161411459179908,"uploaders_without-hosting_right_share":0.00010661342309167921},"geometry":{"type":"Polygon","coordinates":[[[135.09075842882237,34.57768134445847],[134.99964852703263,34.59716259156928],[134.96886130620103,34.67918134801954],[135.02926583425,34.741851830130415],[135.1205891684397,34.722434117722905],[135.15129421399513,34.64028231525878],[135.09075842882237,34.57768134445847]]]}},{"type":"Feature","properties":{"h3":"852e612bfffffff","countries":["JPN"],"common_intervals":20,"left_observed_intervals":23,"right_observed_intervals":22,"full_window_comparable":false,"expected_intervals":26,"downloaders_all_delta_pp":null,"downloaders_all_observed_common_delta_pp":0.0002721391191283302,"downloaders_all_left_share":null,"downloaders_all_right_share":null,"downloaders_without-hosting_delta_pp":null,"downloaders_without-hosting_observed_common_delta_pp":0.00033712601426528105,"downloaders_without-hosting_left_share":null,"downloaders_without-hosting_right_share":null,"uploaders_all_delta_pp":null,"uploaders_all_observed_common_delta_pp":0.00014163785795986967,"uploaders_all_left_share":null,"uploaders_all_right_share":null,"uploaders_without-hosting_delta_pp":null,"uploaders_without-hosting_observed_common_delta_pp":0.00019287803879718238,"uploaders_without-hosting_left_share":null,"uploaders_without-hosting_right_share":null},"geometry":{"type":"Polygon","coordinates":[[[135.2728426774558,34.76560239888908],[135.18129781749812,34.78512908494413],[135.15055179703748,34.86731112430584],[135.21143421534754,34.930099244223406],[135.303194225546,34.9106356962731],[135.33385633474091,34.828320818752],[135.2728426774558,34.76560239888908]]]}},{"type":"Feature","properties":{"h3":"852e613bfffffff","countries":["JPN"],"common_intervals":26,"left_observed_intervals":26,"right_observed_intervals":26,"full_window_comparable":true,"expected_intervals":26,"downloaders_all_delta_pp":0.001217762354237523,"downloaders_all_observed_common_delta_pp":0.001217762354237523,"downloaders_all_left_share":0.007935672062788172,"downloaders_all_right_share":0.006717909708550649,"downloaders_without-hosting_delta_pp":0.001607114197969909,"downloaders_without-hosting_observed_common_delta_pp":0.001607114197969909,"downloaders_without-hosting_left_share":0.009445634511452581,"downloaders_without-hosting_right_share":0.007838520313482674,"uploaders_all_delta_pp":0.00047620257536340395,"uploaders_all_observed_common_delta_pp":0.00047620257536340395,"uploaders_all_left_share":0.001930819605624308,"uploaders_all_right_share":0.001454617030260904,"uploaders_without-hosting_delta_pp":0.0009042268931056071,"uploaders_without-hosting_observed_common_delta_pp":0.0009042268931056071,"uploaders_without-hosting_left_share":0.002732066560501976,"uploaders_without-hosting_right_share":0.0018278396673963686},"geometry":{"type":"Polygon","coordinates":[[[135.39501547603746,34.66361858696973],[135.30346436051616,34.68331765898322],[135.2728426774558,34.76560239888908],[135.33385633474091,34.828320818752],[135.4256224081421,34.80868423446184],[135.45615953417771,34.72626667164662],[135.39501547603746,34.66361858696973]]]}},{"type":"Feature","properties":{"h3":"852e6143fffffff","countries":["JPN"],"common_intervals":26,"left_observed_intervals":26,"right_observed_intervals":26,"full_window_comparable":true,"expected_intervals":26,"downloaders_all_delta_pp":0.0007467159066133574,"downloaders_all_observed_common_delta_pp":0.0007467159066133574,"downloaders_all_left_share":0.004564640916858751,"downloaders_all_right_share":0.003817925010245393,"downloaders_without-hosting_delta_pp":0.0009730434607573506,"downloaders_without-hosting_observed_common_delta_pp":0.0009730434607573506,"downloaders_without-hosting_left_share":0.005430875108060907,"downloaders_without-hosting_right_share":0.004457831647303557,"uploaders_all_delta_pp":0.0006924526782349869,"uploaders_all_observed_common_delta_pp":0.0006924526782349869,"uploaders_all_left_share":0.001326787437855691,"uploaders_all_right_share":0.0006343347596207041,"uploaders_without-hosting_delta_pp":0.0010571657512662065,"uploaders_without-hosting_observed_common_delta_pp":0.0010571657512662065,"uploaders_without-hosting_left_share":0.0018590475933322461,"uploaders_without-hosting_right_share":0.0008018818420660395},"geometry":{"type":"Polygon","coordinates":[[[135.88712428730733,34.93739130013675],[135.79469661538724,34.957363162056886],[135.76429348536277,35.04007582898047],[135.82640645256157,35.102948901611946],[135.91905229661074,35.083038015680216],[135.94936666090302,35.000193014343985],[135.88712428730733,34.93739130013675]]]}},{"type":"Feature","properties":{"h3":"852e6147fffffff","countries":["JPN"],"common_intervals":26,"left_observed_intervals":26,"right_observed_intervals":26,"full_window_comparable":true,"expected_intervals":26,"downloaders_all_delta_pp":0.002734255181481316,"downloaders_all_observed_common_delta_pp":0.002734255181481316,"downloaders_all_left_share":0.017847511010337793,"downloaders_all_right_share":0.015113255828856476,"downloaders_without-hosting_delta_pp":0.0036034163491374988,"downloaders_without-hosting_observed_common_delta_pp":0.0036034163491374988,"downloaders_without-hosting_left_share":0.021235221507964683,"downloaders_without-hosting_right_share":0.017631805158827184,"uploaders_all_delta_pp":0.003047802812367935,"uploaders_all_observed_common_delta_pp":0.003047802812367935,"uploaders_all_left_share":0.005647471205473536,"uploaders_all_right_share":0.0025996683931056004,"uploaders_without-hosting_delta_pp":0.004705029259832423,"uploaders_without-hosting_observed_common_delta_pp":0.004705029259832423,"uploaders_without-hosting_left_share":0.007895291202140308,"uploaders_without-hosting_right_share":0.0031902619423078843},"geometry":{"type":"Polygon","coordinates":[[[135.7327627039098,34.894580674878256],[135.64055520754954,34.91443984363406],[135.61006453628337,34.997020041014466],[135.6718685641636,35.05987347118309],[135.76429348536277,35.04007582898047],[135.79469661538724,34.957363162056886],[135.7327627039098,34.894580674878256]]]}},{"type":"Feature","properties":{"h3":"852e6157fffffff","countries":["JPN"],"common_intervals":26,"left_observed_intervals":26,"right_observed_intervals":26,"full_window_comparable":true,"expected_intervals":26,"downloaders_all_delta_pp":0.0002899429228302205,"downloaders_all_observed_common_delta_pp":0.0002899429228302205,"downloaders_all_left_share":0.002296897007706002,"downloaders_all_right_share":0.0020069540848757813,"downloaders_without-hosting_delta_pp":0.0003897897932724392,"downloaders_without-hosting_observed_common_delta_pp":0.0003897897932724392,"downloaders_without-hosting_left_share":0.002733565580476378,"downloaders_without-hosting_right_share":0.0023437757872039394,"uploaders_all_delta_pp":0.0001987422785486805,"uploaders_all_observed_common_delta_pp":0.0001987422785486805,"uploaders_all_left_share":0.00033463442312661165,"uploaders_all_right_share":0.0001358921445779312,"uploaders_without-hosting_delta_pp":0.0002756871240816194,"uploaders_without-hosting_observed_common_delta_pp":0.0002756871240816194,"uploaders_without-hosting_left_share":0.0004465580337930137,"uploaders_without-hosting_right_share":0.00017087090971139432},"geometry":{"type":"Polygon","coordinates":[[[135.8553375682293,34.791865104698964],[135.76312710328344,34.81189783398706],[135.7327627039098,34.894580674878256],[135.79469661538724,34.957363162056886],[135.88712428730733,34.93739130013675],[135.91740050264895,34.85457601630395],[135.8553375682293,34.791865104698964]]]}},{"type":"Feature","properties":{"h3":"852e615bfffffff","countries":["JPN"],"common_intervals":26,"left_observed_intervals":26,"right_observed_intervals":26,"full_window_comparable":true,"expected_intervals":26,"downloaders_all_delta_pp":0.000479663814215704,"downloaders_all_observed_common_delta_pp":0.000479663814215704,"downloaders_all_left_share":0.002028298680149584,"downloaders_all_right_share":0.00154863486593388,"downloaders_without-hosting_delta_pp":0.0006062982357373924,"downloaders_without-hosting_observed_common_delta_pp":0.0006062982357373924,"downloaders_without-hosting_left_share":0.002413174433354583,"downloaders_without-hosting_right_share":0.0018068761976171909,"uploaders_all_delta_pp":0.00012581590390772218,"uploaders_all_observed_common_delta_pp":0.00012581590390772218,"uploaders_all_left_share":0.0002080012972240261,"uploaders_all_right_share":8.218539331630391e-05,"uploaders_without-hosting_delta_pp":0.00019382507128539895,"uploaders_without-hosting_observed_common_delta_pp":0.00019382507128539895,"uploaders_without-hosting_left_share":0.00029022448206604665,"uploaders_without-hosting_right_share":9.63994107806477e-05},"geometry":{"type":"Polygon","coordinates":[[[136.04201412814706,34.98010752080819],[135.94936666090302,35.000193014343985],[135.91905229661074,35.083038015680216],[135.98147505456313,35.14592965097753],[136.07434143549187,35.12590457615951],[136.10456580239585,35.042927381772024],[136.04201412814706,34.98010752080819]]]}},{"type":"Feature","properties":{"h3":"852e616bfffffff","countries":["JPN"],"common_intervals":0,"left_observed_intervals":0,"right_observed_intervals":4,"full_window_comparable":false,"expected_intervals":26,"downloaders_all_delta_pp":null,"downloaders_all_observed_common_delta_pp":null,"downloaders_all_left_share":null,"downloaders_all_right_share":null,"downloaders_without-hosting_delta_pp":null,"downloaders_without-hosting_observed_common_delta_pp":null,"downloaders_without-hosting_left_share":null,"downloaders_without-hosting_right_share":null,"uploaders_all_delta_pp":null,"uploaders_all_observed_common_delta_pp":null,"uploaders_all_left_share":null,"uploaders_all_right_share":null,"uploaders_without-hosting_delta_pp":null,"uploaders_without-hosting_observed_common_delta_pp":null,"uploaders_without-hosting_left_share":null,"uploaders_without-hosting_right_share":null},"geometry":{"type":"Polygon","coordinates":[[[135.4872440062713,35.099182037801356],[135.3950451435479,35.118693291017216],[135.36430206117078,35.20106551663634],[135.42584374467995,35.264058926636224],[135.51826045092642,35.24461050872091],[135.54891729108274,35.162105776265115],[135.4872440062713,35.099182037801356]]]}},{"type":"Feature","properties":{"h3":"852e6173fffffff","countries":["JPN"],"common_intervals":16,"left_observed_intervals":20,"right_observed_intervals":21,"full_window_comparable":false,"expected_intervals":26,"downloaders_all_delta_pp":null,"downloaders_all_observed_common_delta_pp":-6.198408677254207e-06,"downloaders_all_left_share":null,"downloaders_all_right_share":null,"downloaders_without-hosting_delta_pp":null,"downloaders_without-hosting_observed_common_delta_pp":-2.1238397143398776e-06,"downloaders_without-hosting_left_share":null,"downloaders_without-hosting_right_share":null,"uploaders_all_delta_pp":null,"uploaders_all_observed_common_delta_pp":-3.919650304478436e-05,"uploaders_all_left_share":null,"uploaders_all_right_share":null,"uploaders_without-hosting_delta_pp":null,"uploaders_without-hosting_observed_common_delta_pp":-5.1724708686440676e-05,"uploaders_without-hosting_left_share":null,"uploaders_without-hosting_right_share":null},"geometry":{"type":"Polygon","coordinates":[[[135.5789289094394,34.851677654223685],[135.48694195160996,34.87142506491278],[135.45636495637564,34.95387266378935],[135.51786090647096,35.01670538128269],[135.61006453628337,34.997020041014466],[135.64055520754954,34.91443984363406],[135.5789289094394,34.851677654223685]]]}},{"type":"Feature","properties":{"h3":"852e6177fffffff","countries":["JPN"],"common_intervals":26,"left_observed_intervals":26,"right_observed_intervals":26,"full_window_comparable":true,"expected_intervals":26,"downloaders_all_delta_pp":0.00025628844935991155,"downloaders_all_observed_common_delta_pp":0.00025628844935991155,"downloaders_all_left_share":0.001302658156494453,"downloaders_all_right_share":0.0010463697071345411,"downloaders_without-hosting_delta_pp":0.0003257405404478063,"downloaders_without-hosting_observed_common_delta_pp":0.0003257405404478063,"downloaders_without-hosting_left_share":0.0015475477194878129,"downloaders_without-hosting_right_share":0.0012218071790400069,"uploaders_all_delta_pp":0.00041745253447156956,"uploaders_all_observed_common_delta_pp":0.00041745253447156956,"uploaders_all_left_share":0.0004619399442405554,"uploaders_all_right_share":4.4487409768985856e-05,"uploaders_without-hosting_delta_pp":0.0005708002220711583,"uploaders_without-hosting_observed_common_delta_pp":0.0005708002220711583,"uploaders_without-hosting_left_share":0.0006242045913782337,"uploaders_without-hosting_right_share":5.340436930707532e-05},"geometry":{"type":"Polygon","coordinates":[[[135.4256224081421,34.80868423446184],[135.33385633474091,34.828320818752],[135.303194225546,34.9106356962731],[135.36438296924604,34.97344664047846],[135.45636495637564,34.95387266378935],[135.48694195160996,34.87142506491278],[135.4256224081421,34.80868423446184]]]}},{"type":"Feature","properties":{"h3":"852e6183fffffff","countries":["JPN"],"common_intervals":0,"left_observed_intervals":2,"right_observed_intervals":3,"full_window_comparable":false,"expected_intervals":26,"downloaders_all_delta_pp":null,"downloaders_all_observed_common_delta_pp":null,"downloaders_all_left_share":null,"downloaders_all_right_share":null,"downloaders_without-hosting_delta_pp":null,"downloaders_without-hosting_observed_common_delta_pp":null,"downloaders_without-hosting_left_share":null,"downloaders_without-hosting_right_share":null,"uploaders_all_delta_pp":null,"uploaders_all_observed_common_delta_pp":null,"uploaders_all_left_share":null,"uploaders_all_right_share":null,"uploaders_without-hosting_delta_pp":null,"uploaders_without-hosting_observed_common_delta_pp":null,"uploaders_without-hosting_left_share":null,"uploaders_without-hosting_right_share":null},"geometry":{"type":"Polygon","coordinates":[[[135.88250717591907,34.25295567440828],[135.7909398748511,34.273341608505056],[135.7608160272943,34.35602819110727],[135.82234624657144,34.418461480223705],[135.91412768034976,34.39813540046183],[135.9441644311282,34.3153161088344],[135.88250717591907,34.25295567440828]]]}},{"type":"Feature","properties":{"h3":"852e6187fffffff","countries":["JPN"],"common_intervals":5,"left_observed_intervals":12,"right_observed_intervals":12,"full_window_comparable":false,"expected_intervals":26,"downloaders_all_delta_pp":null,"downloaders_all_observed_common_delta_pp":6.538636702659037e-05,"downloaders_all_left_share":null,"downloaders_all_right_share":null,"downloaders_without-hosting_delta_pp":null,"downloaders_without-hosting_observed_common_delta_pp":8.209647084913898e-05,"downloaders_without-hosting_left_share":null,"downloaders_without-hosting_right_share":null,"uploaders_all_delta_pp":null,"uploaders_all_observed_common_delta_pp":0.0,"uploaders_all_left_share":null,"uploaders_all_right_share":null,"uploaders_without-hosting_delta_pp":null,"uploaders_without-hosting_observed_common_delta_pp":0.0,"uploaders_without-hosting_left_share":null,"uploaders_without-hosting_right_share":null},"geometry":{"type":"Polygon","coordinates":[[[135.7295853824133,34.2110025734908],[135.638234213023,34.23127760573193],[135.6080244593366,34.313831349763475],[135.66925145205948,34.376242830519836],[135.7608160272943,34.35602819110727],[135.7909398748511,34.273341608505056],[135.7295853824133,34.2110025734908]]]}},{"type":"Feature","properties":{"h3":"852e618bfffffff","countries":["JPN"],"common_intervals":25,"left_observed_intervals":25,"right_observed_intervals":26,"full_window_comparable":false,"expected_intervals":26,"downloaders_all_delta_pp":null,"downloaders_all_observed_common_delta_pp":6.936921210295095e-05,"downloaders_all_left_share":null,"downloaders_all_right_share":null,"downloaders_without-hosting_delta_pp":null,"downloaders_without-hosting_observed_common_delta_pp":9.21333042793799e-05,"downloaders_without-hosting_left_share":null,"downloaders_without-hosting_right_share":null,"uploaders_all_delta_pp":null,"uploaders_all_observed_common_delta_pp":9.262564697476794e-05,"uploaders_all_left_share":null,"uploaders_all_right_share":null,"uploaders_without-hosting_delta_pp":null,"uploaders_without-hosting_observed_common_delta_pp":0.00013432581820511886,"uploaders_without-hosting_left_share":null,"uploaders_without-hosting_right_share":null},"geometry":{"type":"Polygon","coordinates":[[[135.91412768034976,34.39813540046183],[135.82234624657144,34.418461480223705],[135.79218434302675,34.50118170587243],[135.85389120709425,34.563708397461],[135.94588771795813,34.54344229289481],[135.9759619544198,34.460589453684605],[135.91412768034976,34.39813540046183]]]}},{"type":"Feature","properties":{"h3":"852e618ffffffff","countries":["JPN"],"common_intervals":18,"left_observed_intervals":22,"right_observed_intervals":20,"full_window_comparable":false,"expected_intervals":26,"downloaders_all_delta_pp":null,"downloaders_all_observed_common_delta_pp":2.5322542644650733e-05,"downloaders_all_left_share":null,"downloaders_all_right_share":null,"downloaders_without-hosting_delta_pp":null,"downloaders_without-hosting_observed_common_delta_pp":3.6360559558620946e-05,"downloaders_without-hosting_left_share":null,"downloaders_without-hosting_right_share":null,"uploaders_all_delta_pp":null,"uploaders_all_observed_common_delta_pp":6.650890753798657e-05,"uploaders_all_left_share":null,"uploaders_all_right_share":null,"uploaders_without-hosting_delta_pp":null,"uploaders_without-hosting_observed_common_delta_pp":0.00010096053856389691,"uploaders_without-hosting_left_share":null,"uploaders_without-hosting_right_share":null},"geometry":{"type":"Polygon","coordinates":[[[135.7608160272943,34.35602819110727],[135.66925145205948,34.376242830519836],[135.63900308014354,34.45883031071467],[135.70040542049753,34.52133582789266],[135.79218434302675,34.50118170587243],[135.82234624657144,34.418461480223705],[135.7608160272943,34.35602819110727]]]}},{"type":"Feature","properties":{"h3":"852e61a7fffffff","countries":["JPN"],"common_intervals":4,"left_observed_intervals":7,"right_observed_intervals":9,"full_window_comparable":false,"expected_intervals":26,"downloaders_all_delta_pp":null,"downloaders_all_observed_common_delta_pp":-2.61369459515436e-05,"downloaders_all_left_share":null,"downloaders_all_right_share":null,"downloaders_without-hosting_delta_pp":null,"downloaders_without-hosting_observed_common_delta_pp":-2.718224388222801e-05,"downloaders_without-hosting_left_share":null,"downloaders_without-hosting_right_share":null,"uploaders_all_delta_pp":null,"uploaders_all_observed_common_delta_pp":0.0,"uploaders_all_left_share":null,"uploaders_all_right_share":null,"uploaders_without-hosting_delta_pp":null,"uploaders_without-hosting_observed_common_delta_pp":0.0,"uploaders_without-hosting_left_share":null,"uploaders_without-hosting_right_share":null},"geometry":{"type":"Polygon","coordinates":[[[135.30399963299234,34.229176545474694],[135.21308771549005,34.249062321929166],[135.18258706053234,34.33125083532787],[135.24308091196193,34.39368660435139],[135.33420495543476,34.37386293234921],[135.3646226959906,34.29154131431088],[135.30399963299234,34.229176545474694]]]}},{"type":"Feature","properties":{"h3":"852e61abfffffff","countries":["JPN"],"common_intervals":26,"left_observed_intervals":26,"right_observed_intervals":26,"full_window_comparable":true,"expected_intervals":26,"downloaders_all_delta_pp":0.0001322757563173657,"downloaders_all_observed_common_delta_pp":0.0001322757563173657,"downloaders_all_left_share":0.0011231133594754171,"downloaders_all_right_share":0.0009908376031580516,"downloaders_without-hosting_delta_pp":0.00018097517499813403,"downloaders_without-hosting_observed_common_delta_pp":0.00018097517499813403,"downloaders_without-hosting_left_share":0.0013367465728040104,"downloaders_without-hosting_right_share":0.0011557713978058767,"uploaders_all_delta_pp":-7.5745263430086664e-06,"uploaders_all_observed_common_delta_pp":-7.5745263430086664e-06,"uploaders_all_left_share":0.00023357429926907814,"uploaders_all_right_share":0.0002411488256120868,"uploaders_without-hosting_delta_pp":2.7048280095935147e-05,"uploaders_without-hosting_observed_common_delta_pp":2.7048280095935147e-05,"uploaders_without-hosting_left_share":0.0003299313263562499,"uploaders_without-hosting_right_share":0.00030288304626031475},"geometry":{"type":"Polygon","coordinates":[[[135.4863434521319,34.41639006970135],[135.39500077997462,34.436322978801485],[135.3645432820145,34.51867754773496],[135.4255127694004,34.581232035278134],[135.51706925435857,34.56136083620021],[135.54744210943963,34.47887336868808],[135.4863434521319,34.41639006970135]]]}},{"type":"Feature","properties":{"h3":"852e61affffffff","countries":["JPN"],"common_intervals":26,"left_observed_intervals":26,"right_observed_intervals":26,"full_window_comparable":true,"expected_intervals":26,"downloaders_all_delta_pp":0.00026902942667737356,"downloaders_all_observed_common_delta_pp":0.00026902942667737356,"downloaders_all_left_share":0.0016362940242572526,"downloaders_all_right_share":0.0013672645975798788,"downloaders_without-hosting_delta_pp":0.0003366293905414076,"downloaders_without-hosting_observed_common_delta_pp":0.0003366293905414076,"downloaders_without-hosting_left_share":0.0017884150728869725,"downloaders_without-hosting_right_share":0.0014517856823455647,"uploaders_all_delta_pp":6.116108891803809e-05,"uploaders_all_observed_common_delta_pp":6.116108891803809e-05,"uploaders_all_left_share":0.00023527103436273385,"uploaders_all_right_share":0.00017410994544469574,"uploaders_without-hosting_delta_pp":7.604139672016868e-05,"uploaders_without-hosting_observed_common_delta_pp":7.604139672016868e-05,"uploaders_without-hosting_left_share":0.00017342629489435586,"uploaders_without-hosting_right_share":9.73848981741872e-05},"geometry":{"type":"Polygon","coordinates":[[[135.33420495543476,34.37386293234921],[135.24308091196193,34.39368660435139],[135.21253995670776,34.475908158725105],[135.27320617449467,34.53843898362792],[135.3645432820145,34.51867754773496],[135.39500077997462,34.436322978801485],[135.33420495543476,34.37386293234921]]]}},{"type":"Feature","properties":{"h3":"852e61b7fffffff","countries":["JPN"],"common_intervals":0,"left_observed_intervals":0,"right_observed_intervals":3,"full_window_comparable":false,"expected_intervals":26,"downloaders_all_delta_pp":null,"downloaders_all_observed_common_delta_pp":null,"downloaders_all_left_share":null,"downloaders_all_right_share":null,"downloaders_without-hosting_delta_pp":null,"downloaders_without-hosting_observed_common_delta_pp":null,"downloaders_without-hosting_left_share":null,"downloaders_without-hosting_right_share":null,"uploaders_all_delta_pp":null,"uploaders_all_observed_common_delta_pp":null,"uploaders_all_left_share":null,"uploaders_all_right_share":null,"uploaders_without-hosting_delta_pp":null,"uploaders_without-hosting_observed_common_delta_pp":null,"uploaders_without-hosting_left_share":null,"uploaders_without-hosting_right_share":null},"geometry":{"type":"Polygon","coordinates":[[[135.42529551924306,34.126832901667306],[135.33437765485604,34.14688884290189],[135.30399963299234,34.229176545474694],[135.3646226959906,34.29154131431088],[135.45575249657153,34.27154682320081],[135.48604697269317,34.189126041190605],[135.42529551924306,34.126832901667306]]]}},{"type":"Feature","properties":{"h3":"852e61bbfffffff","countries":["JPN"],"common_intervals":21,"left_observed_intervals":23,"right_observed_intervals":22,"full_window_comparable":false,"expected_intervals":26,"downloaders_all_delta_pp":null,"downloaders_all_observed_common_delta_pp":4.3044559543195465e-05,"downloaders_all_left_share":null,"downloaders_all_right_share":null,"downloaders_without-hosting_delta_pp":null,"downloaders_without-hosting_observed_common_delta_pp":5.787079028029891e-05,"downloaders_without-hosting_left_share":null,"downloaders_without-hosting_right_share":null,"uploaders_all_delta_pp":null,"uploaders_all_observed_common_delta_pp":0.0,"uploaders_all_left_share":null,"uploaders_all_right_share":null,"uploaders_without-hosting_delta_pp":null,"uploaders_without-hosting_observed_common_delta_pp":0.0,"uploaders_without-hosting_left_share":null,"uploaders_without-hosting_right_share":null},"geometry":{"type":"Polygon","coordinates":[[[135.6080244593366,34.313831349763475],[135.51667710070362,34.333935460730515],[135.4863434521319,34.41639006970135],[135.54744210943963,34.47887336868808],[135.63900308014354,34.45883031071467],[135.66925145205948,34.376242830519836],[135.6080244593366,34.313831349763475]]]}},{"type":"Feature","properties":{"h3":"852e61c3fffffff","countries":["JPN"],"common_intervals":26,"left_observed_intervals":26,"right_observed_intervals":26,"full_window_comparable":true,"expected_intervals":26,"downloaders_all_delta_pp":2.245810188592177e-05,"downloaders_all_observed_common_delta_pp":2.245810188592177e-05,"downloaders_all_left_share":0.00025601801143228096,"downloaders_all_right_share":0.0002335599095463592,"downloaders_without-hosting_delta_pp":3.234368417624487e-05,"downloaders_without-hosting_observed_common_delta_pp":3.234368417624487e-05,"downloaders_without-hosting_left_share":0.0003047153934256714,"downloaders_without-hosting_right_share":0.00027237170924942654,"uploaders_all_delta_pp":8.83844292651669e-06,"uploaders_all_observed_common_delta_pp":8.83844292651669e-06,"uploaders_all_left_share":1.148254727450832e-05,"uploaders_all_right_share":2.6441043479916312e-06,"uploaders_without-hosting_delta_pp":1.0628380702789357e-05,"uploaders_without-hosting_observed_common_delta_pp":1.0628380702789357e-05,"uploaders_without-hosting_left_share":1.3599443619562635e-05,"uploaders_without-hosting_right_share":2.971062916773278e-06},"geometry":{"type":"Polygon","coordinates":[[[136.10011365531352,34.585610096827374],[136.00789993656107,34.60598910568924],[135.97778819472506,34.68887451246563],[136.03997929030336,34.75151321807159],[136.132409763433,34.73119374875652],[136.16243204919266,34.648175968214076],[136.10011365531352,34.585610096827374]]]}},{"type":"Feature","properties":{"h3":"852e61cbfffffff","countries":["JPN"],"common_intervals":26,"left_observed_intervals":26,"right_observed_intervals":26,"full_window_comparable":true,"expected_intervals":26,"downloaders_all_delta_pp":5.9551841346759744e-05,"downloaders_all_observed_common_delta_pp":5.9551841346759744e-05,"downloaders_all_left_share":0.0005518606495628256,"downloaders_all_right_share":0.0004923088082160657,"downloaders_without-hosting_delta_pp":8.172086652950811e-05,"downloaders_without-hosting_observed_common_delta_pp":8.172086652950811e-05,"downloaders_without-hosting_left_share":0.0006569160268759006,"downloaders_without-hosting_right_share":0.0005751951603463923,"uploaders_all_delta_pp":9.730733121646529e-05,"uploaders_all_observed_common_delta_pp":9.730733121646529e-05,"uploaders_all_left_share":0.00014342061154418116,"uploaders_all_right_share":4.611328032771587e-05,"uploaders_without-hosting_delta_pp":0.00014089187259356512,"uploaders_without-hosting_observed_common_delta_pp":0.00014089187259356512,"uploaders_without-hosting_left_share":0.00019520504387673382,"uploaders_without-hosting_right_share":5.4313171283168726e-05},"geometry":{"type":"Polygon","coordinates":[[[136.132409763433,34.73119374875652],[136.03997929030336,34.75151321807159],[136.00983002431337,34.83443020886297],[136.07220093614188,34.897159933016155],[136.16484912265952,34.87690011238165],[136.19490834426014,34.79385085341873],[136.132409763433,34.73119374875652]]]}},{"type":"Feature","properties":{"h3":"852e61d3fffffff","countries":["JPN"],"common_intervals":16,"left_observed_intervals":21,"right_observed_intervals":21,"full_window_comparable":false,"expected_intervals":26,"downloaders_all_delta_pp":null,"downloaders_all_observed_common_delta_pp":1.2035996484072804e-05,"downloaders_all_left_share":null,"downloaders_all_right_share":null,"downloaders_without-hosting_delta_pp":null,"downloaders_without-hosting_observed_common_delta_pp":2.1373419504168487e-05,"downloaders_without-hosting_left_share":null,"downloaders_without-hosting_right_share":null,"uploaders_all_delta_pp":null,"uploaders_all_observed_common_delta_pp":-4.271736591416673e-05,"uploaders_all_left_share":null,"uploaders_all_right_share":null,"uploaders_without-hosting_delta_pp":null,"uploaders_without-hosting_observed_common_delta_pp":-5.358258854434785e-05,"uploaders_without-hosting_left_share":null,"uploaders_without-hosting_right_share":null},"geometry":{"type":"Polygon","coordinates":[[[136.22231302837142,34.48207307306802],[136.13009901903402,34.50262478213058],[136.10011365531352,34.585610096827374],[136.16243204919266,34.648175968214076],[136.2548625782468,34.627683130132915],[136.28475785667374,34.54456548426735],[136.22231302837142,34.48207307306802]]]}},{"type":"Feature","properties":{"h3":"852e6223fffffff","countries":["JPN"],"common_intervals":8,"left_observed_intervals":12,"right_observed_intervals":16,"full_window_comparable":false,"expected_intervals":26,"downloaders_all_delta_pp":null,"downloaders_all_observed_common_delta_pp":1.3082218059938605e-05,"downloaders_all_left_share":null,"downloaders_all_right_share":null,"downloaders_without-hosting_delta_pp":null,"downloaders_without-hosting_observed_common_delta_pp":2.05766948512921e-05,"downloaders_without-hosting_left_share":null,"downloaders_without-hosting_right_share":null,"uploaders_all_delta_pp":null,"uploaders_all_observed_common_delta_pp":0.0,"uploaders_all_left_share":null,"uploaders_all_right_share":null,"uploaders_without-hosting_delta_pp":null,"uploaders_without-hosting_observed_common_delta_pp":0.0,"uploaders_without-hosting_left_share":null,"uploaders_without-hosting_right_share":null},"geometry":{"type":"Polygon","coordinates":[[[136.55441286473794,35.94351793874024],[136.4599899240929,35.96347651004372],[136.42963484049926,36.046741650098745],[136.49379857119018,36.11017927604925],[136.58844786211506,36.09028048267855],[136.61870671137373,36.006884226192945],[136.55441286473794,35.94351793874024]]]}},{"type":"Feature","properties":{"h3":"852e6257fffffff","countries":["JPN"],"common_intervals":0,"left_observed_intervals":0,"right_observed_intervals":1,"full_window_comparable":false,"expected_intervals":26,"downloaders_all_delta_pp":null,"downloaders_all_observed_common_delta_pp":null,"downloaders_all_left_share":null,"downloaders_all_right_share":null,"downloaders_without-hosting_delta_pp":null,"downloaders_without-hosting_observed_common_delta_pp":null,"downloaders_without-hosting_left_share":null,"downloaders_without-hosting_right_share":null,"uploaders_all_delta_pp":null,"uploaders_all_observed_common_delta_pp":null,"uploaders_all_left_share":null,"uploaders_all_right_share":null,"uploaders_without-hosting_delta_pp":null,"uploaders_without-hosting_observed_common_delta_pp":null,"uploaders_without-hosting_left_share":null,"uploaders_without-hosting_right_share":null},"geometry":{"type":"Polygon","coordinates":[[[137.19342692960345,36.11599742219629],[137.0981152940404,36.13644191647971],[137.06815300719327,36.22023044365677],[137.1336034850363,36.283704797753664],[137.22914438673723,36.26331763494655],[137.25900517598387,36.17939873273804],[137.19342692960345,36.11599742219629]]]}},{"type":"Feature","properties":{"h3":"852e626ffffffff","countries":["JPN"],"common_intervals":20,"left_observed_intervals":24,"right_observed_intervals":22,"full_window_comparable":false,"expected_intervals":26,"downloaders_all_delta_pp":null,"downloaders_all_observed_common_delta_pp":1.1310529442672851e-05,"downloaders_all_left_share":null,"downloaders_all_right_share":null,"downloaders_without-hosting_delta_pp":null,"downloaders_without-hosting_observed_common_delta_pp":1.8587241142106998e-05,"downloaders_without-hosting_left_share":null,"downloaders_without-hosting_right_share":null,"uploaders_all_delta_pp":null,"uploaders_all_observed_common_delta_pp":1.4348808044515741e-05,"uploaders_all_left_share":null,"uploaders_all_right_share":null,"uploaders_without-hosting_delta_pp":null,"uploaders_without-hosting_observed_common_delta_pp":1.7518166338493015e-05,"uploaders_without-hosting_left_share":null,"uploaders_without-hosting_right_share":null},"geometry":{"type":"Polygon","coordinates":[[[136.6569808258936,36.38411737273475],[136.56187577663405,36.403896413201025],[136.53140964383195,36.487225830035044],[136.5961463766737,36.55090682700047],[136.69148084680722,36.53118775260259],[136.72184879502998,36.447727657962],[136.6569808258936,36.38411737273475]]]}},{"type":"Feature","properties":{"h3":"852e628bfffffff","countries":["JPN"],"common_intervals":26,"left_observed_intervals":26,"right_observed_intervals":26,"full_window_comparable":true,"expected_intervals":26,"downloaders_all_delta_pp":0.00012749750358497574,"downloaders_all_observed_common_delta_pp":0.00012749750358497574,"downloaders_all_left_share":0.0010304093942825553,"downloaders_all_right_share":0.0009029118906975793,"downloaders_without-hosting_delta_pp":0.00017204876064698258,"downloaders_without-hosting_observed_common_delta_pp":0.00017204876064698258,"downloaders_without-hosting_left_share":0.0012256732521649652,"downloaders_without-hosting_right_share":0.0010536244915179825,"uploaders_all_delta_pp":9.981483033720061e-05,"uploaders_all_observed_common_delta_pp":9.981483033720061e-05,"uploaders_all_left_share":0.00012906137133780648,"uploaders_all_right_share":2.924654100060587e-05,"uploaders_without-hosting_delta_pp":0.00014946625835383332,"uploaders_without-hosting_observed_common_delta_pp":0.00014946625835383332,"uploaders_without-hosting_left_share":0.0001828760416056075,"uploaders_without-hosting_right_share":3.3409783251774194e-05},"geometry":{"type":"Polygon","coordinates":[[[137.24708258490944,35.717082063050476],[137.15223391534334,35.737820315529476],[137.12247436902229,35.821667897983524],[137.18766392641066,35.884907789129635],[137.28273952122194,35.864226072603806],[137.31239827049617,35.78024787446939],[137.24708258490944,35.717082063050476]]]}},{"type":"Feature","properties":{"h3":"852e62b3fffffff","countries":["JPN"],"common_intervals":0,"left_observed_intervals":1,"right_observed_intervals":1,"full_window_comparable":false,"expected_intervals":26,"downloaders_all_delta_pp":null,"downloaders_all_observed_common_delta_pp":null,"downloaders_all_left_share":null,"downloaders_all_right_share":null,"downloaders_without-hosting_delta_pp":null,"downloaders_without-hosting_observed_common_delta_pp":null,"downloaders_without-hosting_left_share":null,"downloaders_without-hosting_right_share":null,"uploaders_all_delta_pp":null,"uploaders_all_observed_common_delta_pp":null,"uploaders_all_left_share":null,"uploaders_all_right_share":null,"uploaders_without-hosting_delta_pp":null,"uploaders_without-hosting_observed_common_delta_pp":null,"uploaders_without-hosting_left_share":null,"uploaders_without-hosting_right_share":null},"geometry":{"type":"Polygon","coordinates":[[[136.89326500922658,35.485374838576995],[136.79907884000934,35.50592753451441],[136.76915670787093,35.58948720736288],[136.8335179304384,35.652625259006655],[136.92792861054403,35.63213025261746],[136.95775320046565,35.54843944715558],[136.89326500922658,35.485374838576995]]]}},{"type":"Feature","properties":{"h3":"852e62b7fffffff","countries":["JPN"],"common_intervals":2,"left_observed_intervals":4,"right_observed_intervals":9,"full_window_comparable":false,"expected_intervals":26,"downloaders_all_delta_pp":null,"downloaders_all_observed_common_delta_pp":3.4700811531926515e-05,"downloaders_all_left_share":null,"downloaders_all_right_share":null,"downloaders_without-hosting_delta_pp":null,"downloaders_without-hosting_observed_common_delta_pp":4.560295860036682e-05,"downloaders_without-hosting_left_share":null,"downloaders_without-hosting_right_share":null,"uploaders_all_delta_pp":null,"uploaders_all_observed_common_delta_pp":0.0,"uploaders_all_left_share":null,"uploaders_all_right_share":null,"uploaders_without-hosting_delta_pp":null,"uploaders_without-hosting_observed_common_delta_pp":0.0,"uploaders_without-hosting_left_share":null,"uploaders_without-hosting_right_share":null},"geometry":{"type":"Polygon","coordinates":[[[136.73490667213693,35.44287408239812],[136.64093955453222,35.46330722121938],[136.61092116410234,35.546735582971955],[136.67496579473493,35.609862057793045],[136.76915670787093,35.58948720736288],[136.79907884000934,35.50592753451441],[136.73490667213693,35.44287408239812]]]}},{"type":"Feature","properties":{"h3":"852e62bbfffffff","countries":["JPN"],"common_intervals":0,"left_observed_intervals":3,"right_observed_intervals":2,"full_window_comparable":false,"expected_intervals":26,"downloaders_all_delta_pp":null,"downloaders_all_observed_common_delta_pp":null,"downloaders_all_left_share":null,"downloaders_all_right_share":null,"downloaders_without-hosting_delta_pp":null,"downloaders_without-hosting_observed_common_delta_pp":null,"downloaders_without-hosting_left_share":null,"downloaders_without-hosting_right_share":null,"uploaders_all_delta_pp":null,"uploaders_all_observed_common_delta_pp":null,"uploaders_all_left_share":null,"uploaders_all_right_share":null,"uploaders_without-hosting_delta_pp":null,"uploaders_without-hosting_observed_common_delta_pp":null,"uploaders_without-hosting_left_share":null,"uploaders_without-hosting_right_share":null},"geometry":{"type":"Polygon","coordinates":[[[136.92792861054403,35.63213025261746],[136.8335179304384,35.652625259006655],[136.8035607025066,35.7362110335286],[136.8681119865314,35.7994327422521],[136.962748177465,35.77899549794991],[136.9926072143907,35.695278725612944],[136.92792861054403,35.63213025261746]]]}},{"type":"Feature","properties":{"h3":"852e62cffffffff","countries":["JPN"],"common_intervals":15,"left_observed_intervals":20,"right_observed_intervals":21,"full_window_comparable":false,"expected_intervals":26,"downloaders_all_delta_pp":null,"downloaders_all_observed_common_delta_pp":3.479714419542221e-05,"downloaders_all_left_share":null,"downloaders_all_right_share":null,"downloaders_without-hosting_delta_pp":null,"downloaders_without-hosting_observed_common_delta_pp":4.3325506749301934e-05,"downloaders_without-hosting_left_share":null,"downloaders_without-hosting_right_share":null,"uploaders_all_delta_pp":null,"uploaders_all_observed_common_delta_pp":-2.543461396614653e-05,"uploaders_all_left_share":null,"uploaders_all_right_share":null,"uploaders_without-hosting_delta_pp":null,"uploaders_without-hosting_observed_common_delta_pp":-3.09088436383418e-05,"uploaders_without-hosting_left_share":null,"uploaders_without-hosting_right_share":null},"geometry":{"type":"Polygon","coordinates":[[[137.31855752446458,36.01147614166995],[137.22325399349424,36.03210126221266],[137.19342692960345,36.11599742219629],[137.25900517598387,36.17939873273804],[137.35453766026143,36.15883026376313],[137.38426257699416,36.0748037795419],[137.31855752446458,36.01147614166995]]]}},{"type":"Feature","properties":{"h3":"852e6343fffffff","countries":["JPN"],"common_intervals":0,"left_observed_intervals":0,"right_observed_intervals":1,"full_window_comparable":false,"expected_intervals":26,"downloaders_all_delta_pp":null,"downloaders_all_observed_common_delta_pp":null,"downloaders_all_left_share":null,"downloaders_all_right_share":null,"downloaders_without-hosting_delta_pp":null,"downloaders_without-hosting_observed_common_delta_pp":null,"downloaders_without-hosting_left_share":null,"downloaders_without-hosting_right_share":null,"uploaders_all_delta_pp":null,"uploaders_all_observed_common_delta_pp":null,"uploaders_all_left_share":null,"uploaders_all_right_share":null,"uploaders_without-hosting_delta_pp":null,"uploaders_without-hosting_observed_common_delta_pp":null,"uploaders_without-hosting_left_share":null,"uploaders_without-hosting_right_share":null},"geometry":{"type":"Polygon","coordinates":[[[136.1136397583852,35.95934369389674],[136.01966427173292,35.97888667436865],[135.98898934966147,36.061780336277764],[136.05238253752177,36.125262423352204],[136.14658312417188,36.10578106264681],[136.1771650658572,36.022755932625394],[136.1136397583852,35.95934369389674]]]}},{"type":"Feature","properties":{"h3":"852e6353fffffff","countries":["JPN"],"common_intervals":24,"left_observed_intervals":26,"right_observed_intervals":24,"full_window_comparable":false,"expected_intervals":26,"downloaders_all_delta_pp":null,"downloaders_all_observed_common_delta_pp":6.495474789146454e-05,"downloaders_all_left_share":null,"downloaders_all_right_share":null,"downloaders_without-hosting_delta_pp":null,"downloaders_without-hosting_observed_common_delta_pp":8.553855321538085e-05,"downloaders_without-hosting_left_share":null,"downloaders_without-hosting_right_share":null,"uploaders_all_delta_pp":null,"uploaders_all_observed_common_delta_pp":0.0002598174997163867,"uploaders_all_left_share":null,"uploaders_all_right_share":null,"uploaders_without-hosting_delta_pp":null,"uploaders_without-hosting_observed_common_delta_pp":0.0003654100766693243,"uploaders_without-hosting_left_share":null,"uploaders_without-hosting_right_share":null},"geometry":{"type":"Polygon","coordinates":[[[136.23815910846224,35.85661973214336],[136.1441834242659,35.87634128644818],[136.1136397583852,35.95934369389674],[136.1771650658572,36.022755932625394],[136.27136560098887,36.003095338210564],[136.30181562102217,35.91996148333977],[136.23815910846224,35.85661973214336]]]}},{"type":"Feature","properties":{"h3":"852e635bfffffff","countries":["JPN"],"common_intervals":26,"left_observed_intervals":26,"right_observed_intervals":26,"full_window_comparable":true,"expected_intervals":26,"downloaders_all_delta_pp":0.0004383355357781361,"downloaders_all_observed_common_delta_pp":0.0004383355357781361,"downloaders_all_left_share":0.0022573951222462406,"downloaders_all_right_share":0.0018190595864681046,"downloaders_without-hosting_delta_pp":0.0005610273884214409,"downloaders_without-hosting_observed_common_delta_pp":0.0005610273884214409,"downloaders_without-hosting_left_share":0.0026859255654509465,"downloaders_without-hosting_right_share":0.0021248981770295053,"uploaders_all_delta_pp":0.0017618485800585003,"uploaders_all_observed_common_delta_pp":0.0017618485800585003,"uploaders_all_left_share":0.0018657916793895462,"uploaders_all_right_share":0.0001039430993310459,"uploaders_without-hosting_delta_pp":0.0025746847896576386,"uploaders_without-hosting_observed_common_delta_pp":0.0025746847896576386,"uploaders_without-hosting_left_share":0.002707165642135831,"uploaders_without-hosting_right_share":0.00013248085247819297},"geometry":{"type":"Polygon","coordinates":[[[136.27136560098887,36.003095338210564],[136.1771650658572,36.022755932625394],[136.14658312417188,36.10578106264681],[136.21029563093992,36.16927684696756],[136.30472202842827,36.14967728765984],[136.3352096976449,36.06652084773621],[136.27136560098887,36.003095338210564]]]}},{"type":"Feature","properties":{"h3":"852e638ffffffff","countries":["JPN"],"common_intervals":0,"left_observed_intervals":3,"right_observed_intervals":1,"full_window_comparable":false,"expected_intervals":26,"downloaders_all_delta_pp":null,"downloaders_all_observed_common_delta_pp":null,"downloaders_all_left_share":null,"downloaders_all_right_share":null,"downloaders_without-hosting_delta_pp":null,"downloaders_without-hosting_observed_common_delta_pp":null,"downloaders_without-hosting_left_share":null,"downloaders_without-hosting_right_share":null,"uploaders_all_delta_pp":null,"uploaders_all_observed_common_delta_pp":null,"uploaders_all_left_share":null,"uploaders_all_right_share":null,"uploaders_without-hosting_delta_pp":null,"uploaders_without-hosting_observed_common_delta_pp":null,"uploaders_without-hosting_left_share":null,"uploaders_without-hosting_right_share":null},"geometry":{"type":"Polygon","coordinates":[[[135.98333589049847,35.37468551084808],[135.89025078251638,35.39447413532123],[135.85973130809504,35.47727035101773],[135.92238713519666,35.540409863142806],[136.01569334720466,35.52068251585217],[136.04612228063053,35.437754314265156],[135.98333589049847,35.37468551084808]]]}},{"type":"Feature","properties":{"h3":"852e6393fffffff","countries":["JPN"],"common_intervals":25,"left_observed_intervals":26,"right_observed_intervals":25,"full_window_comparable":false,"expected_intervals":26,"downloaders_all_delta_pp":null,"downloaders_all_observed_common_delta_pp":0.00013078789592840194,"downloaders_all_left_share":null,"downloaders_all_right_share":null,"downloaders_without-hosting_delta_pp":null,"downloaders_without-hosting_observed_common_delta_pp":0.00016530588442662173,"downloaders_without-hosting_left_share":null,"downloaders_without-hosting_right_share":null,"uploaders_all_delta_pp":null,"uploaders_all_observed_common_delta_pp":7.630887349542229e-05,"uploaders_all_left_share":null,"uploaders_all_right_share":null,"uploaders_without-hosting_delta_pp":null,"uploaders_without-hosting_observed_common_delta_pp":9.973345607557863e-05,"uploaders_without-hosting_left_share":null,"uploaders_without-hosting_right_share":null},"geometry":{"type":"Polygon","coordinates":[[[136.23016133950108,35.16867347261361],[136.13707482528977,35.188813684758166],[136.10681288353692,35.27181949201816],[136.1697289490356,35.33481695167047],[136.26303608960936,35.31473669110008],[136.29320619164645,35.231598955600944],[136.23016133950108,35.16867347261361]]]}},{"type":"Feature","properties":{"h3":"852e639bfffffff","countries":["JPN"],"common_intervals":16,"left_observed_intervals":22,"right_observed_intervals":19,"full_window_comparable":false,"expected_intervals":26,"downloaders_all_delta_pp":null,"downloaders_all_observed_common_delta_pp":5.529281718343278e-05,"downloaders_all_left_share":null,"downloaders_all_right_share":null,"downloaders_without-hosting_delta_pp":null,"downloaders_without-hosting_observed_common_delta_pp":7.27973713470117e-05,"downloaders_without-hosting_left_share":null,"downloaders_without-hosting_right_share":null,"uploaders_all_delta_pp":null,"uploaders_all_observed_common_delta_pp":-5.2193103237020664e-05,"uploaders_all_left_share":null,"uploaders_all_right_share":null,"uploaders_without-hosting_delta_pp":null,"uploaders_without-hosting_observed_common_delta_pp":-6.869175323000248e-05,"uploaders_without-hosting_left_share":null,"uploaders_without-hosting_right_share":null},"geometry":{"type":"Polygon","coordinates":[[[136.26303608960936,35.31473669110008],[136.1697289490356,35.33481695167047],[136.13942941747706,35.41785037483608],[136.2025291259159,35.48093528159063],[136.2960578759771,35.46091506525815],[136.32626495907184,35.37774983484571],[136.26303608960936,35.31473669110008]]]}},{"type":"Feature","properties":{"h3":"852e63c7fffffff","countries":["JPN"],"common_intervals":25,"left_observed_intervals":25,"right_observed_intervals":26,"full_window_comparable":false,"expected_intervals":26,"downloaders_all_delta_pp":null,"downloaders_all_observed_common_delta_pp":9.270039984664049e-05,"downloaders_all_left_share":null,"downloaders_all_right_share":null,"downloaders_without-hosting_delta_pp":null,"downloaders_without-hosting_observed_common_delta_pp":0.00011888000879797996,"downloaders_without-hosting_left_share":null,"downloaders_without-hosting_right_share":null,"uploaders_all_delta_pp":null,"uploaders_all_observed_common_delta_pp":0.00010870446567665726,"uploaders_all_left_share":null,"uploaders_all_right_share":null,"uploaders_without-hosting_delta_pp":null,"uploaders_without-hosting_observed_common_delta_pp":0.0001567867750547037,"uploaders_without-hosting_left_share":null,"uploaders_without-hosting_right_share":null},"geometry":{"type":"Polygon","coordinates":[[[136.17219199059625,35.56399532052578],[136.07866299928355,35.58383855162387],[136.0481958385459,35.666792491939866],[136.1113497260013,35.73003484920602],[136.20510156435233,35.71025241457168],[136.23547631636785,35.62716676309694],[136.17219199059625,35.56399532052578]]]}},{"type":"Feature","properties":{"h3":"852e644bfffffff","countries":["JPN"],"common_intervals":26,"left_observed_intervals":26,"right_observed_intervals":26,"full_window_comparable":true,"expected_intervals":26,"downloaders_all_delta_pp":0.00015131649301193732,"downloaders_all_observed_common_delta_pp":0.00015131649301193732,"downloaders_all_left_share":0.001311865689933792,"downloaders_all_right_share":0.0011605491969218546,"downloaders_without-hosting_delta_pp":0.00020769919585205183,"downloaders_without-hosting_observed_common_delta_pp":0.00020769919585205183,"downloaders_without-hosting_left_share":0.0015614101385247098,"downloaders_without-hosting_right_share":0.0013537109426726584,"uploaders_all_delta_pp":0.000668898256019961,"uploaders_all_observed_common_delta_pp":0.000668898256019961,"uploaders_all_left_share":0.0011051514137054785,"uploaders_all_right_share":0.0004362531576855176,"uploaders_without-hosting_delta_pp":0.0010210306161298171,"uploaders_without-hosting_observed_common_delta_pp":0.0010210306161298171,"uploaders_without-hosting_left_share":0.0015436524048400675,"uploaders_without-hosting_right_share":0.0005226217887102507},"geometry":{"type":"Polygon","coordinates":[[[137.88109792483024,34.642442810371875],[137.7869828719167,34.664406396086044],[137.7581166525041,34.74877255842405],[137.82346764401325,34.81130565039385],[137.91780474652325,34.78939424359227],[137.9465684560522,34.70489751372717],[137.88109792483024,34.642442810371875]]]}},{"type":"Feature","properties":{"h3":"852e644ffffffff","countries":["JPN"],"common_intervals":26,"left_observed_intervals":26,"right_observed_intervals":26,"full_window_comparable":true,"expected_intervals":26,"downloaders_all_delta_pp":0.0017093540967825888,"downloaders_all_observed_common_delta_pp":0.0017093540967825888,"downloaders_all_left_share":0.010053421404689927,"downloaders_all_right_share":0.008344067307907339,"downloaders_without-hosting_delta_pp":0.002170728150161882,"downloaders_without-hosting_observed_common_delta_pp":0.002170728150161882,"downloaders_without-hosting_left_share":0.011706407527688416,"downloaders_without-hosting_right_share":0.009535679377526534,"uploaders_all_delta_pp":0.0020146561499413394,"uploaders_all_observed_common_delta_pp":0.0020146561499413394,"uploaders_all_left_share":0.0037219443447522645,"uploaders_all_right_share":0.0017072881948109252,"uploaders_without-hosting_delta_pp":0.0031568559626237464,"uploaders_without-hosting_observed_common_delta_pp":0.0031568559626237464,"uploaders_without-hosting_left_share":0.005226885824435673,"uploaders_without-hosting_right_share":0.0020700298618119258},"geometry":{"type":"Polygon","coordinates":[[[137.72182354883077,34.601959536910186],[137.62791782301684,34.62380080668491],[137.59895036103637,34.70803618997305],[137.66398951722198,34.77056102897231],[137.7581166525041,34.74877255842405],[137.7869828719167,34.664406396086044],[137.72182354883077,34.601959536910186]]]}},{"type":"Feature","properties":{"h3":"852e646bfffffff","countries":["JPN"],"common_intervals":26,"left_observed_intervals":26,"right_observed_intervals":26,"full_window_comparable":true,"expected_intervals":26,"downloaders_all_delta_pp":0.00025389460357027563,"downloaders_all_observed_common_delta_pp":0.00025389460357027563,"downloaders_all_left_share":0.0030053485316558306,"downloaders_all_right_share":0.0027514539280855555,"downloaders_without-hosting_delta_pp":0.0003595398005531225,"downloaders_without-hosting_observed_common_delta_pp":0.0003595398005531225,"downloaders_without-hosting_left_share":0.0035687363656869207,"downloaders_without-hosting_right_share":0.0032091965651337984,"uploaders_all_delta_pp":0.00010107648741732351,"uploaders_all_observed_common_delta_pp":0.00010107648741732351,"uploaders_all_left_share":0.0005544295796014057,"uploaders_all_right_share":0.0004533530921840822,"uploaders_without-hosting_delta_pp":0.00022793497204691367,"uploaders_without-hosting_observed_common_delta_pp":0.00022793497204691367,"uploaders_without-hosting_left_share":0.0007816326098284666,"uploaders_without-hosting_right_share":0.000553697637781553},"geometry":{"type":"Polygon","coordinates":[[[137.44030576328808,34.66718722512417],[137.34660029265672,34.68873264389161],[137.31740211353005,34.77273945177395],[137.3820084297487,34.83533185036547],[137.47593497070923,34.81384053826195],[137.5050337759756,34.7297026652458],[137.44030576328808,34.66718722512417]]]}},{"type":"Feature","properties":{"h3":"852e646ffffffff","countries":["JPN"],"common_intervals":0,"left_observed_intervals":2,"right_observed_intervals":2,"full_window_comparable":false,"expected_intervals":26,"downloaders_all_delta_pp":null,"downloaders_all_observed_common_delta_pp":null,"downloaders_all_left_share":null,"downloaders_all_right_share":null,"downloaders_without-hosting_delta_pp":null,"downloaders_without-hosting_observed_common_delta_pp":null,"downloaders_without-hosting_left_share":null,"downloaders_without-hosting_right_share":null,"uploaders_all_delta_pp":null,"uploaders_all_observed_common_delta_pp":null,"uploaders_all_left_share":null,"uploaders_all_right_share":null,"uploaders_without-hosting_delta_pp":null,"uploaders_without-hosting_observed_common_delta_pp":null,"uploaders_without-hosting_left_share":null,"uploaders_without-hosting_right_share":null},"geometry":{"type":"Polygon","coordinates":[[[137.28218271914267,34.62622773950194],[137.1886889085389,34.647653038230246],[137.159392612674,34.7315285871841],[137.223687896736,34.79411003933566],[137.31740211353005,34.77273945177395],[137.34660029265672,34.68873264389161],[137.28218271914267,34.62622773950194]]]}},{"type":"Feature","properties":{"h3":"852e647bfffffff","countries":["JPN"],"common_intervals":1,"left_observed_intervals":5,"right_observed_intervals":3,"full_window_comparable":false,"expected_intervals":26,"downloaders_all_delta_pp":null,"downloaders_all_observed_common_delta_pp":-7.853732033346689e-05,"downloaders_all_left_share":null,"downloaders_all_right_share":null,"downloaders_without-hosting_delta_pp":null,"downloaders_without-hosting_observed_common_delta_pp":-8.815656383969541e-05,"downloaders_without-hosting_left_share":null,"downloaders_without-hosting_right_share":null,"uploaders_all_delta_pp":null,"uploaders_all_observed_common_delta_pp":0.0,"uploaders_all_left_share":null,"uploaders_all_right_share":null,"uploaders_without-hosting_delta_pp":null,"uploaders_without-hosting_observed_common_delta_pp":0.0,"uploaders_without-hosting_left_share":null,"uploaders_without-hosting_right_share":null},"geometry":{"type":"Polygon","coordinates":[[[137.56306902983076,34.56136293733298],[137.46937320662857,34.583082825567836],[137.44030576328808,34.66718722512417],[137.5050337759756,34.7297026652458],[137.59895036103637,34.70803618997305],[137.62791782301684,34.62380080668491],[137.56306902983076,34.56136293733298]]]}},{"type":"Feature","properties":{"h3":"852e6533fffffff","countries":["JPN"],"common_intervals":11,"left_observed_intervals":21,"right_observed_intervals":14,"full_window_comparable":false,"expected_intervals":26,"downloaders_all_delta_pp":null,"downloaders_all_observed_common_delta_pp":6.606333959196542e-05,"downloaders_all_left_share":null,"downloaders_all_right_share":null,"downloaders_without-hosting_delta_pp":null,"downloaders_without-hosting_observed_common_delta_pp":8.4549839479019e-05,"downloaders_without-hosting_left_share":null,"downloaders_without-hosting_right_share":null,"uploaders_all_delta_pp":null,"uploaders_all_observed_common_delta_pp":0.0,"uploaders_all_left_share":null,"uploaders_all_right_share":null,"uploaders_without-hosting_delta_pp":null,"uploaders_without-hosting_observed_common_delta_pp":0.0,"uploaders_without-hosting_left_share":null,"uploaders_without-hosting_right_share":null},"geometry":{"type":"Polygon","coordinates":[[[136.2146100246662,33.79701118819266],[136.12325231916645,33.81796691420019],[136.09353852701148,33.90090800748162],[136.15527049324183,33.963025962526466],[136.24684072539196,33.94212795803701],[136.27646613691982,33.859054210010626],[136.2146100246662,33.79701118819266]]]}},{"type":"Feature","properties":{"h3":"852e6537fffffff","countries":["JPN"],"common_intervals":0,"left_observed_intervals":7,"right_observed_intervals":3,"full_window_comparable":false,"expected_intervals":26,"downloaders_all_delta_pp":null,"downloaders_all_observed_common_delta_pp":null,"downloaders_all_left_share":null,"downloaders_all_right_share":null,"downloaders_without-hosting_delta_pp":null,"downloaders_without-hosting_observed_common_delta_pp":null,"downloaders_without-hosting_left_share":null,"downloaders_without-hosting_right_share":null,"uploaders_all_delta_pp":null,"uploaders_all_observed_common_delta_pp":null,"uploaders_all_left_share":null,"uploaders_all_right_share":null,"uploaders_without-hosting_delta_pp":null,"uploaders_without-hosting_observed_common_delta_pp":null,"uploaders_without-hosting_left_share":null,"uploaders_without-hosting_right_share":null},"geometry":{"type":"Polygon","coordinates":[[[136.06169626633343,33.755944702229975],[135.9705507215317,33.776788986943146],[135.94074972790492,33.85959728691968],[136.0021811546261,33.921694027308696],[136.09353852701148,33.90090800748162],[136.12325231916645,33.81796691420019],[136.06169626633343,33.755944702229975]]]}},{"type":"Feature","properties":{"h3":"852e653bfffffff","countries":["JPN"],"common_intervals":18,"left_observed_intervals":20,"right_observed_intervals":21,"full_window_comparable":false,"expected_intervals":26,"downloaders_all_delta_pp":null,"downloaders_all_observed_common_delta_pp":7.594888945668146e-05,"downloaders_all_left_share":null,"downloaders_all_right_share":null,"downloaders_without-hosting_delta_pp":null,"downloaders_without-hosting_observed_common_delta_pp":9.784256761829654e-05,"downloaders_without-hosting_left_share":null,"downloaders_without-hosting_right_share":null,"uploaders_all_delta_pp":null,"uploaders_all_observed_common_delta_pp":2.293670327345275e-05,"uploaders_all_left_share":null,"uploaders_all_right_share":null,"uploaders_without-hosting_delta_pp":null,"uploaders_without-hosting_observed_common_delta_pp":3.982257620632362e-05,"uploaders_without-hosting_left_share":null,"uploaders_without-hosting_right_share":null},"geometry":{"type":"Polygon","coordinates":[[[136.24684072539196,33.94212795803701],[136.15527049324183,33.963025962526466],[136.12552042922076,34.04600431987677],[136.1874292230304,34.108217174056264],[136.2792129114521,34.08737701638784],[136.30887401985657,34.00426609128753],[136.24684072539196,33.94212795803701]]]}},{"type":"Feature","properties":{"h3":"852e654bfffffff","countries":["JPN"],"common_intervals":26,"left_observed_intervals":26,"right_observed_intervals":26,"full_window_comparable":true,"expected_intervals":26,"downloaders_all_delta_pp":0.00017987346015551373,"downloaders_all_observed_common_delta_pp":0.00017987346015551373,"downloaders_all_left_share":0.000655500030749072,"downloaders_all_right_share":0.00047562657059355834,"downloaders_without-hosting_delta_pp":0.00022625788799553225,"downloaders_without-hosting_observed_common_delta_pp":0.00022625788799553225,"downloaders_without-hosting_left_share":0.000780151828526358,"downloaders_without-hosting_right_share":0.0005538939405308258,"uploaders_all_delta_pp":8.705191653525578e-05,"uploaders_all_observed_common_delta_pp":8.705191653525578e-05,"uploaders_all_left_share":0.00010972382670817287,"uploaders_all_right_share":2.2671910172917093e-05,"uploaders_without-hosting_delta_pp":0.00011885994422599098,"uploaders_without-hosting_observed_common_delta_pp":0.00011885994422599098,"uploaders_without-hosting_left_share":0.0001447255340450837,"uploaders_without-hosting_right_share":2.5865589819092734e-05},"geometry":{"type":"Polygon","coordinates":[[[136.77708917876507,34.3567521385104],[136.68445085614422,34.37787905433787],[136.65490220513743,34.46132570032929],[136.71808530645305,34.52377727553736],[136.81094104683135,34.50270674257188],[136.8403959283125,34.41912818999693],[136.77708917876507,34.3567521385104]]]}},{"type":"Feature","properties":{"h3":"852e655bfffffff","countries":["JPN"],"common_intervals":1,"left_observed_intervals":6,"right_observed_intervals":6,"full_window_comparable":false,"expected_intervals":26,"downloaders_all_delta_pp":null,"downloaders_all_observed_common_delta_pp":2.7002797046705963e-06,"downloaders_all_left_share":null,"downloaders_all_right_share":null,"downloaders_without-hosting_delta_pp":null,"downloaders_without-hosting_observed_common_delta_pp":8.667507654191325e-06,"downloaders_without-hosting_left_share":null,"downloaders_without-hosting_right_share":null,"uploaders_all_delta_pp":null,"uploaders_all_observed_common_delta_pp":0.00028697616089031484,"uploaders_all_left_share":null,"uploaders_all_right_share":null,"uploaders_without-hosting_delta_pp":null,"uploaders_without-hosting_observed_common_delta_pp":0.0003503633267698603,"uploaders_without-hosting_left_share":null,"uploaders_without-hosting_right_share":null},"geometry":{"type":"Polygon","coordinates":[[[136.8991438277902,34.251909145898125],[136.80651014972838,34.2732085060409],[136.77708917876507,34.3567521385104],[136.8403959283125,34.41912818999693],[136.93324675548504,34.39788452957764],[136.96257334466526,34.31420905710678],[136.8991438277902,34.251909145898125]]]}},{"type":"Feature","properties":{"h3":"852e6573fffffff","countries":["JPN"],"common_intervals":0,"left_observed_intervals":3,"right_observed_intervals":6,"full_window_comparable":false,"expected_intervals":26,"downloaders_all_delta_pp":null,"downloaders_all_observed_common_delta_pp":null,"downloaders_all_left_share":null,"downloaders_all_right_share":null,"downloaders_without-hosting_delta_pp":null,"downloaders_without-hosting_observed_common_delta_pp":null,"downloaders_without-hosting_left_share":null,"downloaders_without-hosting_right_share":null,"uploaders_all_delta_pp":null,"uploaders_all_observed_common_delta_pp":null,"uploaders_all_left_share":null,"uploaders_all_right_share":null,"uploaders_without-hosting_delta_pp":null,"uploaders_without-hosting_observed_common_delta_pp":null,"uploaders_without-hosting_left_share":null,"uploaders_without-hosting_right_share":null},"geometry":{"type":"Polygon","coordinates":[[[136.43342115119924,34.12865581543169],[136.3414243097888,34.14960940950395],[136.31172749572295,34.23275653473777],[136.37411792628217,34.29508232844446],[136.46632985786485,34.27418614532665],[136.49593593474614,34.19090669290442],[136.43342115119924,34.12865581543169]]]}},{"type":"Feature","properties":{"h3":"852e657bfffffff","countries":["JPN"],"common_intervals":3,"left_observed_intervals":7,"right_observed_intervals":11,"full_window_comparable":false,"expected_intervals":26,"downloaders_all_delta_pp":null,"downloaders_all_observed_common_delta_pp":4.236280117015406e-05,"downloaders_all_left_share":null,"downloaders_all_right_share":null,"downloaders_without-hosting_delta_pp":null,"downloaders_without-hosting_observed_common_delta_pp":5.2955685674584226e-05,"downloaders_without-hosting_left_share":null,"downloaders_without-hosting_right_share":null,"uploaders_all_delta_pp":null,"uploaders_all_observed_common_delta_pp":0.0,"uploaders_all_left_share":null,"uploaders_all_right_share":null,"uploaders_without-hosting_delta_pp":null,"uploaders_without-hosting_observed_common_delta_pp":0.0,"uploaders_without-hosting_left_share":null,"uploaders_without-hosting_right_share":null},"geometry":{"type":"Polygon","coordinates":[[[136.46632985786485,34.27418614532665],[136.37411792628217,34.29508232844446],[136.3443853987628,34.378264673078455],[136.40695579664484,34.44068300042138],[136.49938376208215,34.41984434202532],[136.52902495957142,34.336529767489935],[136.46632985786485,34.27418614532665]]]}},{"type":"Feature","properties":{"h3":"852e662bfffffff","countries":["JPN"],"common_intervals":10,"left_observed_intervals":16,"right_observed_intervals":17,"full_window_comparable":false,"expected_intervals":26,"downloaders_all_delta_pp":null,"downloaders_all_observed_common_delta_pp":3.486395955214723e-05,"downloaders_all_left_share":null,"downloaders_all_right_share":null,"downloaders_without-hosting_delta_pp":null,"downloaders_without-hosting_observed_common_delta_pp":4.5276649384314725e-05,"downloaders_without-hosting_left_share":null,"downloaders_without-hosting_right_share":null,"uploaders_all_delta_pp":null,"uploaders_all_observed_common_delta_pp":8.754156781345349e-05,"uploaders_all_left_share":null,"uploaders_all_right_share":null,"uploaders_without-hosting_delta_pp":null,"uploaders_without-hosting_observed_common_delta_pp":0.00011160073482385187,"uploaders_without-hosting_left_share":null,"uploaders_without-hosting_right_share":null},"geometry":{"type":"Polygon","coordinates":[[[137.45985754229213,35.35996752575235],[137.36525197065743,35.38111844723386],[137.3357927635103,35.46514732924352],[137.40104016384205,35.528155866381525],[137.49587103638555,35.50706004556843],[137.5252288484526,35.42290053317399],[137.45985754229213,35.35996752575235]]]}},{"type":"Feature","properties":{"h3":"852e662ffffffff","countries":["JPN"],"common_intervals":0,"left_observed_intervals":1,"right_observed_intervals":6,"full_window_comparable":false,"expected_intervals":26,"downloaders_all_delta_pp":null,"downloaders_all_observed_common_delta_pp":null,"downloaders_all_left_share":null,"downloaders_all_right_share":null,"downloaders_without-hosting_delta_pp":null,"downloaders_without-hosting_observed_common_delta_pp":null,"downloaders_without-hosting_left_share":null,"downloaders_without-hosting_right_share":null,"uploaders_all_delta_pp":null,"uploaders_all_observed_common_delta_pp":null,"uploaders_all_left_share":null,"uploaders_all_right_share":null,"uploaders_without-hosting_delta_pp":null,"uploaders_without-hosting_observed_common_delta_pp":null,"uploaders_without-hosting_left_share":null,"uploaders_without-hosting_right_share":null},"geometry":{"type":"Polygon","coordinates":[[[137.3001970113182,35.31819343888148],[137.20580700459297,35.3392221453255],[137.1762476958018,35.42312019678088],[137.24117813793842,35.48612031720003],[137.3357927635103,35.46514732924352],[137.36525197065743,35.38111844723386],[137.3001970113182,35.31819343888148]]]}},{"type":"Feature","properties":{"h3":"852e6673fffffff","countries":["JPN"],"common_intervals":8,"left_observed_intervals":12,"right_observed_intervals":17,"full_window_comparable":false,"expected_intervals":26,"downloaders_all_delta_pp":null,"downloaders_all_observed_common_delta_pp":6.514250166633159e-06,"downloaders_all_left_share":null,"downloaders_all_right_share":null,"downloaders_without-hosting_delta_pp":null,"downloaders_without-hosting_observed_common_delta_pp":1.0913967352908045e-05,"downloaders_without-hosting_left_share":null,"downloaders_without-hosting_right_share":null,"uploaders_all_delta_pp":null,"uploaders_all_observed_common_delta_pp":4.465003304102445e-05,"uploaders_all_left_share":null,"uploaders_all_right_share":null,"uploaders_without-hosting_delta_pp":null,"uploaders_without-hosting_observed_common_delta_pp":5.595169354586025e-05,"uploaders_without-hosting_left_share":null,"uploaders_without-hosting_right_share":null},"geometry":{"type":"Polygon","coordinates":[[[137.78077278946904,35.44316800554417],[137.6857377972932,35.464566261552136],[137.6564826802592,35.54885619732686],[137.72236619406664,35.611878035589974],[137.81762782854048,35.590533624436866],[137.84677894415043,35.50611347918077],[137.78077278946904,35.44316800554417]]]}},{"type":"Feature","properties":{"h3":"852e668bfffffff","countries":["JPN"],"common_intervals":0,"left_observed_intervals":2,"right_observed_intervals":2,"full_window_comparable":false,"expected_intervals":26,"downloaders_all_delta_pp":null,"downloaders_all_observed_common_delta_pp":null,"downloaders_all_left_share":null,"downloaders_all_right_share":null,"downloaders_without-hosting_delta_pp":null,"downloaders_without-hosting_observed_common_delta_pp":null,"downloaders_without-hosting_left_share":null,"downloaders_without-hosting_right_share":null,"uploaders_all_delta_pp":null,"uploaders_all_observed_common_delta_pp":null,"uploaders_all_left_share":null,"uploaders_all_right_share":null,"uploaders_without-hosting_delta_pp":null,"uploaders_without-hosting_observed_common_delta_pp":null,"uploaders_without-hosting_left_share":null,"uploaders_without-hosting_right_share":null},"geometry":{"type":"Polygon","coordinates":[[[138.11530279260526,34.977105331322676],[138.02053267192568,34.999088994857345],[137.9917102727139,35.08365091302125],[138.05776278743596,35.14635920878599],[138.15275753763197,35.12442723417797],[138.18147478536957,35.03973522542527],[138.11530279260526,34.977105331322676]]]}},{"type":"Feature","properties":{"h3":"852e6693fffffff","countries":["JPN"],"common_intervals":24,"left_observed_intervals":24,"right_observed_intervals":26,"full_window_comparable":false,"expected_intervals":26,"downloaders_all_delta_pp":null,"downloaders_all_observed_common_delta_pp":0.0002285652353973773,"downloaders_all_left_share":null,"downloaders_all_right_share":null,"downloaders_without-hosting_delta_pp":null,"downloaders_without-hosting_observed_common_delta_pp":0.0002812578433823344,"downloaders_without-hosting_left_share":null,"downloaders_without-hosting_right_share":null,"uploaders_all_delta_pp":null,"uploaders_all_observed_common_delta_pp":0.000458831243035506,"uploaders_all_left_share":null,"uploaders_all_right_share":null,"uploaders_without-hosting_delta_pp":null,"uploaders_without-hosting_observed_common_delta_pp":0.0006478328290494534,"uploaders_without-hosting_left_share":null,"uploaders_without-hosting_right_share":null},"geometry":{"type":"Polygon","coordinates":[[[138.20120655179574,34.72306103934742],[138.10667464651513,34.745272068499325],[138.0780147202144,34.82989914746968],[138.14399140658807,34.89244527164479],[138.2387466185602,34.87028516106679],[138.26730148234054,34.78552795837005],[138.20120655179574,34.72306103934742]]]}},{"type":"Feature","properties":{"h3":"852e6697fffffff","countries":["JPN"],"common_intervals":24,"left_observed_intervals":26,"right_observed_intervals":24,"full_window_comparable":false,"expected_intervals":26,"downloaders_all_delta_pp":null,"downloaders_all_observed_common_delta_pp":1.0761571988877541e-05,"downloaders_all_left_share":null,"downloaders_all_right_share":null,"downloaders_without-hosting_delta_pp":null,"downloaders_without-hosting_observed_common_delta_pp":1.982246511045463e-05,"downloaders_without-hosting_left_share":null,"downloaders_without-hosting_right_share":null,"uploaders_all_delta_pp":null,"uploaders_all_observed_common_delta_pp":-2.864446376990934e-06,"uploaders_all_left_share":null,"uploaders_all_right_share":null,"uploaders_without-hosting_delta_pp":null,"uploaders_without-hosting_observed_common_delta_pp":-3.2186514931710514e-06,"uploaders_without-hosting_left_share":null,"uploaders_without-hosting_right_share":null},"geometry":{"type":"Polygon","coordinates":[[[138.0408922417723,34.68281067555915],[137.9465684560522,34.70489751372717],[137.91780474652325,34.78939424359227],[137.98346825243,34.85193443361158],[138.0780147202144,34.82989914746968],[138.10667464651513,34.745272068499325],[138.0408922417723,34.68281067555915]]]}},{"type":"Feature","properties":{"h3":"852e6803fffffff","countries":["JPN"],"common_intervals":0,"left_observed_intervals":3,"right_observed_intervals":5,"full_window_comparable":false,"expected_intervals":26,"downloaders_all_delta_pp":null,"downloaders_all_observed_common_delta_pp":null,"downloaders_all_left_share":null,"downloaders_all_right_share":null,"downloaders_without-hosting_delta_pp":null,"downloaders_without-hosting_observed_common_delta_pp":null,"downloaders_without-hosting_left_share":null,"downloaders_without-hosting_right_share":null,"uploaders_all_delta_pp":null,"uploaders_all_observed_common_delta_pp":null,"uploaders_all_left_share":null,"uploaders_all_right_share":null,"uploaders_without-hosting_delta_pp":null,"uploaders_without-hosting_observed_common_delta_pp":null,"uploaders_without-hosting_left_share":null,"uploaders_without-hosting_right_share":null},"geometry":{"type":"Polygon","coordinates":[[[133.75895250704127,35.00396364531286],[133.66881656913495,35.02199740512938],[133.63699095609897,35.102854107060566],[133.69537450700366,35.16581027397047],[133.78572154875454,35.14784580655507],[133.81747361534605,35.066855798926575],[133.75895250704127,35.00396364531286]]]}},{"type":"Feature","properties":{"h3":"852e682bfffffff","countries":["JPN"],"common_intervals":0,"left_observed_intervals":0,"right_observed_intervals":2,"full_window_comparable":false,"expected_intervals":26,"downloaders_all_delta_pp":null,"downloaders_all_observed_common_delta_pp":null,"downloaders_all_left_share":null,"downloaders_all_right_share":null,"downloaders_without-hosting_delta_pp":null,"downloaders_without-hosting_observed_common_delta_pp":null,"downloaders_without-hosting_left_share":null,"downloaders_without-hosting_right_share":null,"uploaders_all_delta_pp":null,"uploaders_all_observed_common_delta_pp":null,"uploaders_all_left_share":null,"uploaders_all_right_share":null,"uploaders_without-hosting_delta_pp":null,"uploaders_without-hosting_observed_common_delta_pp":null,"uploaders_without-hosting_left_share":null,"uploaders_without-hosting_right_share":null},"geometry":{"type":"Polygon","coordinates":[[[133.36688436583742,35.15616996170146],[133.2770148003919,35.17376088846076],[133.24487841721938,35.25426808769987],[133.30268232867235,35.31731755558445],[133.39276236305344,35.2997976035453],[133.42482769889267,35.21915712598978],[133.36688436583742,35.15616996170146]]]}},{"type":"Feature","properties":{"h3":"852e6833fffffff","countries":["JPN"],"common_intervals":12,"left_observed_intervals":19,"right_observed_intervals":15,"full_window_comparable":false,"expected_intervals":26,"downloaders_all_delta_pp":null,"downloaders_all_observed_common_delta_pp":6.993948096825128e-06,"downloaders_all_left_share":null,"downloaders_all_right_share":null,"downloaders_without-hosting_delta_pp":null,"downloaders_without-hosting_observed_common_delta_pp":1.1368791772551428e-05,"downloaders_without-hosting_left_share":null,"downloaders_without-hosting_right_share":null,"uploaders_all_delta_pp":null,"uploaders_all_observed_common_delta_pp":2.487885242810136e-05,"uploaders_all_left_share":null,"uploaders_all_right_share":null,"uploaders_without-hosting_delta_pp":null,"uploaders_without-hosting_observed_common_delta_pp":2.9465461175719046e-05,"uploaders_without-hosting_left_share":null,"uploaders_without-hosting_right_share":null},"geometry":{"type":"Polygon","coordinates":[[[133.4627692003729,34.914241118973315],[133.3730894556193,34.932073088531126],[133.34112019442614,35.01266300769299],[133.39890161460426,35.07555429252825],[133.4887907913408,35.05779254607932],[133.52068879990958,34.97706920876385],[133.4627692003729,34.914241118973315]]]}},{"type":"Feature","properties":{"h3":"852e6843fffffff","countries":["JPN"],"common_intervals":3,"left_observed_intervals":7,"right_observed_intervals":12,"full_window_comparable":false,"expected_intervals":26,"downloaders_all_delta_pp":null,"downloaders_all_observed_common_delta_pp":3.696749951227625e-05,"downloaders_all_left_share":null,"downloaders_all_right_share":null,"downloaders_without-hosting_delta_pp":null,"downloaders_without-hosting_observed_common_delta_pp":4.8233701171941185e-05,"downloaders_without-hosting_left_share":null,"downloaders_without-hosting_right_share":null,"uploaders_all_delta_pp":null,"uploaders_all_observed_common_delta_pp":0.0,"uploaders_all_left_share":null,"uploaders_all_right_share":null,"uploaders_without-hosting_delta_pp":null,"uploaders_without-hosting_observed_common_delta_pp":0.0,"uploaders_without-hosting_left_share":null,"uploaders_without-hosting_right_share":null},"geometry":{"type":"Polygon","coordinates":[[[133.96224967019594,35.33693149330934],[133.87146104518757,35.35492974629501],[133.83961578789118,35.435969724377294],[133.89863452726976,35.499144407932825],[133.98963699766,35.48121524025979],[134.021406556206,35.4000422249058],[133.96224967019594,35.33693149330934]]]}},{"type":"Feature","properties":{"h3":"852e6847fffffff","countries":["JPN"],"common_intervals":5,"left_observed_intervals":8,"right_observed_intervals":10,"full_window_comparable":false,"expected_intervals":26,"downloaders_all_delta_pp":null,"downloaders_all_observed_common_delta_pp":-1.569725230535607e-05,"downloaders_all_left_share":null,"downloaders_all_right_share":null,"downloaders_without-hosting_delta_pp":null,"downloaders_without-hosting_observed_common_delta_pp":-1.691178880120047e-05,"downloaders_without-hosting_left_share":null,"downloaders_without-hosting_right_share":null,"uploaders_all_delta_pp":null,"uploaders_all_observed_common_delta_pp":-4.453982167414204e-07,"uploaders_all_left_share":null,"uploaders_all_right_share":null,"uploaders_without-hosting_delta_pp":null,"uploaders_without-hosting_observed_common_delta_pp":1.0323440187640522e-05,"uploaders_without-hosting_left_share":null,"uploaders_without-hosting_right_share":null},"geometry":{"type":"Polygon","coordinates":[[[133.81260905032283,35.29184842151924],[133.72204995633035,35.30974345693864],[133.6901301753012,35.39065032931404],[133.74884368713595,35.45379519211607],[133.83961578789118,35.435969724377294],[133.87146104518757,35.35492974629501],[133.81260905032283,35.29184842151924]]]}},{"type":"Feature","properties":{"h3":"852e6867fffffff","countries":["JPN"],"common_intervals":25,"left_observed_intervals":26,"right_observed_intervals":25,"full_window_comparable":false,"expected_intervals":26,"downloaders_all_delta_pp":null,"downloaders_all_observed_common_delta_pp":0.00016380862273141248,"downloaders_all_left_share":null,"downloaders_all_right_share":null,"downloaders_without-hosting_delta_pp":null,"downloaders_without-hosting_observed_common_delta_pp":0.0002037004764223444,"downloaders_without-hosting_left_share":null,"downloaders_without-hosting_right_share":null,"uploaders_all_delta_pp":null,"uploaders_all_observed_common_delta_pp":0.00012017234414720832,"uploaders_all_left_share":null,"uploaders_all_right_share":null,"uploaders_without-hosting_delta_pp":null,"uploaders_without-hosting_observed_common_delta_pp":0.00016731078792643877,"uploaders_without-hosting_left_share":null,"uploaders_without-hosting_right_share":null},"geometry":{"type":"Polygon","coordinates":[[[133.39276236305344,35.2997976035453],[133.30268232867235,35.31731755558445],[133.27049728823266,35.39784871803717],[133.3284634799892,35.4609930248882],[133.4187549314376,35.44354418986372],[133.45086845370128,35.36287984857264],[133.39276236305344,35.2997976035453]]]}},{"type":"Feature","properties":{"h3":"852e686bfffffff","countries":["JPN"],"common_intervals":0,"left_observed_intervals":1,"right_observed_intervals":1,"full_window_comparable":false,"expected_intervals":26,"downloaders_all_delta_pp":null,"downloaders_all_observed_common_delta_pp":null,"downloaders_all_left_share":null,"downloaders_all_right_share":null,"downloaders_without-hosting_delta_pp":null,"downloaders_without-hosting_observed_common_delta_pp":null,"downloaders_without-hosting_left_share":null,"downloaders_without-hosting_right_share":null,"uploaders_all_delta_pp":null,"uploaders_all_observed_common_delta_pp":null,"uploaders_all_left_share":null,"uploaders_all_right_share":null,"uploaders_without-hosting_delta_pp":null,"uploaders_without-hosting_observed_common_delta_pp":null,"uploaders_without-hosting_left_share":null,"uploaders_without-hosting_right_share":null},"geometry":{"type":"Polygon","coordinates":[[[133.56754776869252,35.48917049680011],[133.47702463066412,35.50672071005381],[133.44486282277927,35.587407967483905],[133.5032969879006,35.650677950428964],[133.5940333552445,35.63319852322234],[133.62612200328905,35.552378246157],[133.56754776869252,35.48917049680011]]]}},{"type":"Feature","properties":{"h3":"852e6887fffffff","countries":["JPN"],"common_intervals":0,"left_observed_intervals":4,"right_observed_intervals":2,"full_window_comparable":false,"expected_intervals":26,"downloaders_all_delta_pp":null,"downloaders_all_observed_common_delta_pp":null,"downloaders_all_left_share":null,"downloaders_all_right_share":null,"downloaders_without-hosting_delta_pp":null,"downloaders_without-hosting_observed_common_delta_pp":null,"downloaders_without-hosting_left_share":null,"downloaders_without-hosting_right_share":null,"uploaders_all_delta_pp":null,"uploaders_all_observed_common_delta_pp":null,"uploaders_all_left_share":null,"uploaders_all_right_share":null,"uploaders_without-hosting_delta_pp":null,"uploaders_without-hosting_observed_common_delta_pp":null,"uploaders_without-hosting_left_share":null,"uploaders_without-hosting_right_share":null},"geometry":{"type":"Polygon","coordinates":[[[133.8271133224427,34.61731813922778],[133.73737966782636,34.63565975864287],[133.70576673161568,34.71656769705385],[133.76396038089402,34.77926745448817],[133.85390314895403,34.760994220738496],[133.88544283826735,34.67995276249703],[133.8271133224427,34.61731813922778]]]}},{"type":"Feature","properties":{"h3":"852e6897fffffff","countries":["JPN"],"common_intervals":26,"left_observed_intervals":26,"right_observed_intervals":26,"full_window_comparable":true,"expected_intervals":26,"downloaders_all_delta_pp":0.0005526458353203279,"downloaders_all_observed_common_delta_pp":0.0005526458353203279,"downloaders_all_left_share":0.0037878141104524202,"downloaders_all_right_share":0.003235168275132092,"downloaders_without-hosting_delta_pp":0.0007269742489502597,"downloaders_without-hosting_observed_common_delta_pp":0.0007269742489502597,"downloaders_without-hosting_left_share":0.004503938931666436,"downloaders_without-hosting_right_share":0.003776964682716176,"uploaders_all_delta_pp":-0.000319286480951069,"uploaders_all_observed_common_delta_pp":-0.000319286480951069,"uploaders_all_left_share":0.0005379729509563925,"uploaders_all_right_share":0.0008572594319074615,"uploaders_without-hosting_delta_pp":-0.00036163628830455794,"uploaders_without-hosting_observed_common_delta_pp":-0.00036163628830455794,"uploaders_without-hosting_left_share":0.0007025929251871425,"uploaders_without-hosting_right_share":0.0010642292134917005},"geometry":{"type":"Polygon","coordinates":[[[133.94835718251622,34.51779469375671],[133.85860728868963,34.53630583620777],[133.8271133224427,34.61731813922778],[133.88544283826735,34.67995276249703],[133.97540172818913,34.66150938629654],[134.00682179019574,34.58036353971229],[133.94835718251622,34.51779469375671]]]}},{"type":"Feature","properties":{"h3":"852e689bfffffff","countries":["JPN"],"common_intervals":0,"left_observed_intervals":0,"right_observed_intervals":1,"full_window_comparable":false,"expected_intervals":26,"downloaders_all_delta_pp":null,"downloaders_all_observed_common_delta_pp":null,"downloaders_all_left_share":null,"downloaders_all_right_share":null,"downloaders_without-hosting_delta_pp":null,"downloaders_without-hosting_observed_common_delta_pp":null,"downloaders_without-hosting_left_share":null,"downloaders_without-hosting_right_share":null,"uploaders_all_delta_pp":null,"uploaders_all_observed_common_delta_pp":null,"uploaders_all_left_share":null,"uploaders_all_right_share":null,"uploaders_without-hosting_delta_pp":null,"uploaders_without-hosting_observed_common_delta_pp":null,"uploaders_without-hosting_left_share":null,"uploaders_without-hosting_right_share":null},"geometry":{"type":"Polygon","coordinates":[[[134.12421448607702,34.70562926670022],[134.034030538978,34.72417530221226],[134.00256523958365,34.805350216555546],[134.06135910769942,34.868112402948015],[134.15175379425608,34.84963380367413],[134.18314355294282,34.76832550244693],[134.12421448607702,34.70562926670022]]]}},{"type":"Feature","properties":{"h3":"852e68b3fffffff","countries":["JPN"],"common_intervals":0,"left_observed_intervals":4,"right_observed_intervals":4,"full_window_comparable":false,"expected_intervals":26,"downloaders_all_delta_pp":null,"downloaders_all_observed_common_delta_pp":null,"downloaders_all_left_share":null,"downloaders_all_right_share":null,"downloaders_without-hosting_delta_pp":null,"downloaders_without-hosting_observed_common_delta_pp":null,"downloaders_without-hosting_left_share":null,"downloaders_without-hosting_right_share":null,"uploaders_all_delta_pp":null,"uploaders_all_observed_common_delta_pp":null,"uploaders_all_left_share":null,"uploaders_all_right_share":null,"uploaders_without-hosting_delta_pp":null,"uploaders_without-hosting_observed_common_delta_pp":null,"uploaders_without-hosting_left_share":null,"uploaders_without-hosting_right_share":null},"geometry":{"type":"Polygon","coordinates":[[[133.67934847842275,34.57305739114943],[133.58984022216592,34.59129815206856],[133.55815517428775,34.67207251234894],[133.61605018045572,34.73473960743718],[133.70576673161568,34.71656769705385],[133.73737966782636,34.63565975864287],[133.67934847842275,34.57305739114943]]]}},{"type":"Feature","properties":{"h3":"852e68b7fffffff","countries":["JPN"],"common_intervals":1,"left_observed_intervals":4,"right_observed_intervals":3,"full_window_comparable":false,"expected_intervals":26,"downloaders_all_delta_pp":null,"downloaders_all_observed_common_delta_pp":9.646071284554902e-05,"downloaders_all_left_share":null,"downloaders_all_right_share":null,"downloaders_without-hosting_delta_pp":null,"downloaders_without-hosting_observed_common_delta_pp":0.00011835613215619697,"downloaders_without-hosting_left_share":null,"downloaders_without-hosting_right_share":null,"uploaders_all_delta_pp":null,"uploaders_all_observed_common_delta_pp":0.0,"uploaders_all_left_share":null,"uploaders_all_right_share":null,"uploaders_without-hosting_delta_pp":null,"uploaders_without-hosting_observed_common_delta_pp":0.0,"uploaders_without-hosting_left_share":null,"uploaders_without-hosting_right_share":null},"geometry":{"type":"Polygon","coordinates":[[[133.5321063834275,34.52872899380045],[133.4428236737033,34.54686979022276],[133.4110676415728,34.627510519440456],[133.4686649916935,34.690143999898666],[133.55815517428775,34.67207251234894],[133.58984022216592,34.59129815206856],[133.5321063834275,34.52872899380045]]]}},{"type":"Feature","properties":{"h3":"852e68bbfffffff","countries":["JPN"],"common_intervals":10,"left_observed_intervals":14,"right_observed_intervals":14,"full_window_comparable":false,"expected_intervals":26,"downloaders_all_delta_pp":null,"downloaders_all_observed_common_delta_pp":-8.089886341340172e-06,"downloaders_all_left_share":null,"downloaders_all_right_share":null,"downloaders_without-hosting_delta_pp":null,"downloaders_without-hosting_observed_common_delta_pp":-4.767629765452898e-06,"downloaders_without-hosting_left_share":null,"downloaders_without-hosting_right_share":null,"uploaders_all_delta_pp":null,"uploaders_all_observed_common_delta_pp":0.0,"uploaders_all_left_share":null,"uploaders_all_right_share":null,"uploaders_without-hosting_delta_pp":null,"uploaders_without-hosting_observed_common_delta_pp":0.0,"uploaders_without-hosting_left_share":null,"uploaders_without-hosting_right_share":null},"geometry":{"type":"Polygon","coordinates":[[[133.70576673161568,34.71656769705385],[133.61605018045572,34.73473960743718],[133.58431836938612,34.81554235553321],[133.64237537927065,34.87830660234017],[133.73230115565502,34.860203693589646],[133.76396038089402,34.77926745448817],[133.70576673161568,34.71656769705385]]]}},{"type":"Feature","properties":{"h3":"852e68c7fffffff","countries":["JPN"],"common_intervals":22,"left_observed_intervals":23,"right_observed_intervals":25,"full_window_comparable":false,"expected_intervals":26,"downloaders_all_delta_pp":null,"downloaders_all_observed_common_delta_pp":-1.1819927696288637e-05,"downloaders_all_left_share":null,"downloaders_all_right_share":null,"downloaders_without-hosting_delta_pp":null,"downloaders_without-hosting_observed_common_delta_pp":7.1888076053921255e-06,"downloaders_without-hosting_left_share":null,"downloaders_without-hosting_right_share":null,"uploaders_all_delta_pp":null,"uploaders_all_observed_common_delta_pp":0.00016109820163311592,"uploaders_all_left_share":null,"uploaders_all_right_share":null,"uploaders_without-hosting_delta_pp":null,"uploaders_without-hosting_observed_common_delta_pp":0.00024270255908186722,"uploaders_without-hosting_left_share":null,"uploaders_without-hosting_right_share":null},"geometry":{"type":"Polygon","coordinates":[[[134.02984849111232,34.9493154376693],[133.93946880628397,34.96762284121305],[133.90783741917895,35.04871977564278],[133.96666076818968,35.111642497233994],[134.05725226381298,35.093403292433194],[134.08880827707102,35.012173087955226],[134.02984849111232,34.9493154376693]]]}},{"type":"Feature","properties":{"h3":"852e6917fffffff","countries":["JPN"],"common_intervals":4,"left_observed_intervals":7,"right_observed_intervals":8,"full_window_comparable":false,"expected_intervals":26,"downloaders_all_delta_pp":null,"downloaders_all_observed_common_delta_pp":8.103231377843122e-05,"downloaders_all_left_share":null,"downloaders_all_right_share":null,"downloaders_without-hosting_delta_pp":null,"downloaders_without-hosting_observed_common_delta_pp":0.000100372344706729,"downloaders_without-hosting_left_share":null,"downloaders_without-hosting_right_share":null,"uploaders_all_delta_pp":null,"uploaders_all_observed_common_delta_pp":0.0,"uploaders_all_left_share":null,"uploaders_all_right_share":null,"uploaders_without-hosting_delta_pp":null,"uploaders_without-hosting_observed_common_delta_pp":0.0,"uploaders_without-hosting_left_share":null,"uploaders_without-hosting_right_share":null},"geometry":{"type":"Polygon","coordinates":[[[132.70743995633978,34.546214588796765],[132.61910697653622,34.563630105346],[132.5868484197904,34.643525202462335],[132.6429877705491,34.706138383101155],[132.73152503371085,34.68879513457244],[132.76371835993427,34.60876634921986],[132.70743995633978,34.546214588796765]]]}},{"type":"Feature","properties":{"h3":"852e691bfffffff","countries":["JPN"],"common_intervals":15,"left_observed_intervals":19,"right_observed_intervals":19,"full_window_comparable":false,"expected_intervals":26,"downloaders_all_delta_pp":null,"downloaders_all_observed_common_delta_pp":6.137714554852692e-05,"downloaders_all_left_share":null,"downloaders_all_right_share":null,"downloaders_without-hosting_delta_pp":null,"downloaders_without-hosting_observed_common_delta_pp":7.662669049900385e-05,"downloaders_without-hosting_left_share":null,"downloaders_without-hosting_right_share":null,"uploaders_all_delta_pp":null,"uploaders_all_observed_common_delta_pp":3.826348811870864e-05,"uploaders_all_left_share":null,"uploaders_all_right_share":null,"uploaders_without-hosting_delta_pp":null,"uploaders_without-hosting_observed_common_delta_pp":4.671511023598138e-05,"uploaders_without-hosting_left_share":null,"uploaders_without-hosting_right_share":null},"geometry":{"type":"Polygon","coordinates":[[[132.87672445592702,34.734007232324835],[132.78795852597887,34.75144644281848],[132.75571552262778,34.8315022594714],[132.8123049034952,34.89425235856583],[132.90127688260492,34.87688515378339],[132.93345312455008,34.796695757416224],[132.87672445592702,34.734007232324835]]]}},{"type":"Feature","properties":{"h3":"852e6947fffffff","countries":["JPN"],"common_intervals":0,"left_observed_intervals":0,"right_observed_intervals":1,"full_window_comparable":false,"expected_intervals":26,"downloaders_all_delta_pp":null,"downloaders_all_observed_common_delta_pp":null,"downloaders_all_left_share":null,"downloaders_all_right_share":null,"downloaders_without-hosting_delta_pp":null,"downloaders_without-hosting_observed_common_delta_pp":null,"downloaders_without-hosting_left_share":null,"downloaders_without-hosting_right_share":null,"uploaders_all_delta_pp":null,"uploaders_all_observed_common_delta_pp":null,"uploaders_all_left_share":null,"uploaders_all_right_share":null,"uploaders_without-hosting_delta_pp":null,"uploaders_without-hosting_observed_common_delta_pp":null,"uploaders_without-hosting_left_share":null,"uploaders_without-hosting_right_share":null},"geometry":{"type":"Polygon","coordinates":[[[132.7800121079486,34.97433428252876],[132.6910635337874,34.991532497498255],[132.65865430453758,35.07150616720971],[132.71525986672802,35.134414969638975],[132.8044154803994,35.11728951281539],[132.8367581832351,35.037182408653095],[132.7800121079486,34.97433428252876]]]}},{"type":"Feature","properties":{"h3":"852e694bfffffff","countries":["JPN"],"common_intervals":0,"left_observed_intervals":1,"right_observed_intervals":0,"full_window_comparable":false,"expected_intervals":26,"downloaders_all_delta_pp":null,"downloaders_all_observed_common_delta_pp":null,"downloaders_all_left_share":null,"downloaders_all_right_share":null,"downloaders_without-hosting_delta_pp":null,"downloaders_without-hosting_observed_common_delta_pp":null,"downloaders_without-hosting_left_share":null,"downloaders_without-hosting_right_share":null,"uploaders_all_delta_pp":null,"uploaders_all_observed_common_delta_pp":null,"uploaders_all_left_share":null,"uploaders_all_right_share":null,"uploaders_without-hosting_delta_pp":null,"uploaders_without-hosting_observed_common_delta_pp":null,"uploaders_without-hosting_left_share":null,"uploaders_without-hosting_right_share":null},"geometry":{"type":"Polygon","coordinates":[[[132.9507059145495,35.16301217848957],[132.86131906187407,35.180234895333975],[132.82892633663621,35.26036624952937],[132.885988242074,35.32340811101692],[132.975583931173,35.306257868875576],[133.00790856485605,35.225993205209676],[132.9507059145495,35.16301217848957]]]}},{"type":"Feature","properties":{"h3":"852e695bfffffff","countries":["JPN"],"common_intervals":1,"left_observed_intervals":4,"right_observed_intervals":7,"full_window_comparable":false,"expected_intervals":26,"downloaders_all_delta_pp":null,"downloaders_all_observed_common_delta_pp":1.9184363053995e-05,"downloaders_all_left_share":null,"downloaders_all_right_share":null,"downloaders_without-hosting_delta_pp":null,"downloaders_without-hosting_observed_common_delta_pp":2.7768336784740323e-05,"downloaders_without-hosting_left_share":null,"downloaders_without-hosting_right_share":null,"uploaders_all_delta_pp":null,"uploaders_all_observed_common_delta_pp":0.0,"uploaders_all_left_share":null,"uploaders_all_right_share":null,"uploaders_without-hosting_delta_pp":null,"uploaders_without-hosting_observed_common_delta_pp":0.0,"uploaders_without-hosting_left_share":null,"uploaders_without-hosting_right_share":null},"geometry":{"type":"Polygon","coordinates":[[[133.07239022499175,35.06537890866981],[132.98298097303604,35.08277167116257],[132.9507059145495,35.16301217848957],[133.00790856485605,35.225993205209676],[133.0975265770663,35.20867232230167],[133.12973286506252,35.12829844822066],[133.07239022499175,35.06537890866981]]]}},{"type":"Feature","properties":{"h3":"852e6987fffffff","countries":["JPN"],"common_intervals":22,"left_observed_intervals":22,"right_observed_intervals":24,"full_window_comparable":false,"expected_intervals":26,"downloaders_all_delta_pp":null,"downloaders_all_observed_common_delta_pp":-2.736369392562189e-05,"downloaders_all_left_share":null,"downloaders_all_right_share":null,"downloaders_without-hosting_delta_pp":null,"downloaders_without-hosting_observed_common_delta_pp":-2.542692668408655e-05,"downloaders_without-hosting_left_share":null,"downloaders_without-hosting_right_share":null,"uploaders_all_delta_pp":null,"uploaders_all_observed_common_delta_pp":0.0001823270794025999,"uploaders_all_left_share":null,"uploaders_all_right_share":null,"uploaders_without-hosting_delta_pp":null,"uploaders_without-hosting_observed_common_delta_pp":0.0002620506073506478,"uploaders_without-hosting_left_share":null,"uploaders_without-hosting_right_share":null},"geometry":{"type":"Polygon","coordinates":[[[132.80370719036554,34.30613609922955],[132.71555392849956,34.32379032947453],[132.68345961146312,34.403762293055486],[132.73958372047113,34.46621375555068],[132.82794029766006,34.448631028677184],[132.85996914963363,34.36852524778341],[132.80370719036554,34.30613609922955]]]}},{"type":"Feature","properties":{"h3":"852e6997fffffff","countries":["JPN"],"common_intervals":0,"left_observed_intervals":0,"right_observed_intervals":3,"full_window_comparable":false,"expected_intervals":26,"downloaders_all_delta_pp":null,"downloaders_all_observed_common_delta_pp":null,"downloaders_all_left_share":null,"downloaders_all_right_share":null,"downloaders_without-hosting_delta_pp":null,"downloaders_without-hosting_observed_common_delta_pp":null,"downloaders_without-hosting_left_share":null,"downloaders_without-hosting_right_share":null,"uploaders_all_delta_pp":null,"uploaders_all_observed_common_delta_pp":null,"uploaders_all_left_share":null,"uploaders_all_right_share":null,"uploaders_without-hosting_delta_pp":null,"uploaders_without-hosting_observed_common_delta_pp":null,"uploaders_without-hosting_left_share":null,"uploaders_without-hosting_right_share":null},"geometry":{"type":"Polygon","coordinates":[[[132.92386321893616,34.20823933360067],[132.8356871349816,34.22606003034044],[132.80370719036554,34.30613609922955],[132.85996914963363,34.36852524778341],[132.94834848239572,34.35077545693466],[132.98026230608403,34.27056552395885],[132.92386321893616,34.20823933360067]]]}},{"type":"Feature","properties":{"h3":"852e699bfffffff","countries":["JPN"],"common_intervals":13,"left_observed_intervals":17,"right_observed_intervals":18,"full_window_comparable":false,"expected_intervals":26,"downloaders_all_delta_pp":null,"downloaders_all_observed_common_delta_pp":3.896462051875062e-05,"downloaders_all_left_share":null,"downloaders_all_right_share":null,"downloaders_without-hosting_delta_pp":null,"downloaders_without-hosting_observed_common_delta_pp":5.290932634423152e-05,"downloaders_without-hosting_left_share":null,"downloaders_without-hosting_right_share":null,"uploaders_all_delta_pp":null,"uploaders_all_observed_common_delta_pp":0.00012694308095485693,"uploaders_all_left_share":null,"uploaders_all_right_share":null,"uploaders_without-hosting_delta_pp":null,"uploaders_without-hosting_observed_common_delta_pp":0.00018587785696794348,"uploaders_without-hosting_left_share":null,"uploaders_without-hosting_right_share":null},"geometry":{"type":"Polygon","coordinates":[[[133.09350813982167,34.39535621383525],[133.00490281280577,34.41320243709464],[132.97294051396048,34.49344200830592],[133.02965088599143,34.55596902821507],[133.11846120026289,34.53819344986724],[133.15035585001374,34.45782012040131],[133.09350813982167,34.39535621383525]]]}},{"type":"Feature","properties":{"h3":"852e69a3fffffff","countries":["JPN"],"common_intervals":26,"left_observed_intervals":26,"right_observed_intervals":26,"full_window_comparable":true,"expected_intervals":26,"downloaders_all_delta_pp":0.00141166193077458,"downloaders_all_observed_common_delta_pp":0.00141166193077458,"downloaders_all_left_share":0.007860978430180713,"downloaders_all_right_share":0.006449316499406134,"downloaders_without-hosting_delta_pp":0.001821742664854329,"downloaders_without-hosting_observed_common_delta_pp":0.001821742664854329,"downloaders_without-hosting_left_share":0.009347954293978944,"downloaders_without-hosting_right_share":0.007526211629124615,"uploaders_all_delta_pp":0.0007918963441210127,"uploaders_all_observed_common_delta_pp":0.0007918963441210127,"uploaders_all_left_share":0.0017055642313496553,"uploaders_all_right_share":0.0009136678872286425,"uploaders_without-hosting_delta_pp":0.001243095016524543,"uploaders_without-hosting_observed_common_delta_pp":0.001243095016524543,"uploaders_without-hosting_left_share":0.0023569515409254485,"uploaders_without-hosting_right_share":0.0011138565244009056},"geometry":{"type":"Polygon","coordinates":[[[132.53949749576554,34.35883756927195],[132.45159491808164,34.37623093910313],[132.41932262172523,34.455964222317505],[132.47501633081245,34.51843783063317],[132.56312143804635,34.50111697458047],[132.59533000808804,34.42124990692019],[132.53949749576554,34.35883756927195]]]}},{"type":"Feature","properties":{"h3":"852e69a7fffffff","countries":["JPN"],"common_intervals":4,"left_observed_intervals":7,"right_observed_intervals":11,"full_window_comparable":false,"expected_intervals":26,"downloaders_all_delta_pp":null,"downloaders_all_observed_common_delta_pp":2.6572564499383607e-05,"downloaders_all_left_share":null,"downloaders_all_right_share":null,"downloaders_without-hosting_delta_pp":null,"downloaders_without-hosting_observed_common_delta_pp":2.9981772298298985e-05,"downloaders_without-hosting_left_share":null,"downloaders_without-hosting_right_share":null,"uploaders_all_delta_pp":null,"uploaders_all_observed_common_delta_pp":0.00017726473424471042,"uploaders_all_left_share":null,"uploaders_all_right_share":null,"uploaders_without-hosting_delta_pp":null,"uploaders_without-hosting_observed_common_delta_pp":0.00024011218041068786,"uploaders_without-hosting_left_share":null,"uploaders_without-hosting_right_share":null},"geometry":{"type":"Polygon","coordinates":[[[132.39605297164846,34.31385861089027],[132.30837745804203,34.33115860097916],[132.27604250697678,34.41075808580021],[132.33144542787315,34.47319128852952],[132.41932262172523,34.455964222317505],[132.45159491808164,34.37623093910313],[132.39605297164846,34.31385861089027]]]}},{"type":"Feature","properties":{"h3":"852e69b7fffffff","countries":["JPN"],"common_intervals":0,"left_observed_intervals":0,"right_observed_intervals":1,"full_window_comparable":false,"expected_intervals":26,"downloaders_all_delta_pp":null,"downloaders_all_observed_common_delta_pp":null,"downloaders_all_left_share":null,"downloaders_all_right_share":null,"downloaders_without-hosting_delta_pp":null,"downloaders_without-hosting_observed_common_delta_pp":null,"downloaders_without-hosting_left_share":null,"downloaders_without-hosting_right_share":null,"uploaders_all_delta_pp":null,"uploaders_all_observed_common_delta_pp":null,"uploaders_all_left_share":null,"uploaders_all_right_share":null,"uploaders_without-hosting_delta_pp":null,"uploaders_without-hosting_observed_common_delta_pp":null,"uploaders_without-hosting_left_share":null,"uploaders_without-hosting_right_share":null},"geometry":{"type":"Polygon","coordinates":[[[132.51597593117637,34.21668863683063],[132.42076787540427,34.23828686690961],[132.41217077981906,34.27400959877819],[132.39605297164846,34.31385861089027],[132.45159491808164,34.37623093910313],[132.53949749576554,34.35883756927195],[132.57165619771212,34.27899944499119],[132.51597593117637,34.21668863683063]]]}},{"type":"Feature","properties":{"h3":"852e69d3fffffff","countries":["JPN"],"common_intervals":1,"left_observed_intervals":1,"right_observed_intervals":3,"full_window_comparable":false,"expected_intervals":26,"downloaders_all_delta_pp":null,"downloaders_all_observed_common_delta_pp":5.2821737023181175e-05,"downloaders_all_left_share":null,"downloaders_all_right_share":null,"downloaders_without-hosting_delta_pp":null,"downloaders_without-hosting_observed_common_delta_pp":6.840191711796847e-05,"downloaders_without-hosting_left_share":null,"downloaders_without-hosting_right_share":null,"uploaders_all_delta_pp":null,"uploaders_all_observed_common_delta_pp":0.0,"uploaders_all_left_share":null,"uploaders_all_right_share":null,"uploaders_without-hosting_delta_pp":null,"uploaders_without-hosting_observed_common_delta_pp":0.0,"uploaders_without-hosting_left_share":null,"uploaders_without-hosting_right_share":null},"geometry":{"type":"Polygon","coordinates":[[[133.26450327636627,34.582883557070694],[133.17546622675945,34.6007568830425],[133.14352343768658,34.681158849868844],[133.2006865926924,34.743821045678246],[133.2899303792905,34.72601808698155],[133.32180396437622,34.645482480324745],[133.26450327636627,34.582883557070694]]]}},{"type":"Feature","properties":{"h3":"852e69d7fffffff","countries":["JPN"],"common_intervals":1,"left_observed_intervals":2,"right_observed_intervals":6,"full_window_comparable":false,"expected_intervals":26,"downloaders_all_delta_pp":null,"downloaders_all_observed_common_delta_pp":6.535866086990453e-05,"downloaders_all_left_share":null,"downloaders_all_right_share":null,"downloaders_without-hosting_delta_pp":null,"downloaders_without-hosting_observed_common_delta_pp":8.313049387153931e-05,"downloaders_without-hosting_left_share":null,"downloaders_without-hosting_right_share":null,"uploaders_all_delta_pp":null,"uploaders_all_observed_common_delta_pp":0.0,"uploaders_all_left_share":null,"uploaders_all_right_share":null,"uploaders_without-hosting_delta_pp":null,"uploaders_without-hosting_observed_common_delta_pp":0.0,"uploaders_without-hosting_left_share":null,"uploaders_without-hosting_right_share":null},"geometry":{"type":"Polygon","coordinates":[[[133.11846120026289,34.53819344986724],[133.02965088599143,34.55596902821507],[132.99764000438026,34.63623731610548],[133.05450722224785,34.69886361875072],[133.14352343768658,34.681158849868844],[133.17546622675945,34.6007568830425],[133.11846120026289,34.53819344986724]]]}},{"type":"Feature","properties":{"h3":"852e6b83fffffff","countries":["JPN"],"common_intervals":26,"left_observed_intervals":26,"right_observed_intervals":26,"full_window_comparable":true,"expected_intervals":26,"downloaders_all_delta_pp":0.0001591633726936578,"downloaders_all_observed_common_delta_pp":0.0001591633726936578,"downloaders_all_left_share":0.0011535999969798857,"downloaders_all_right_share":0.0009944366242862278,"downloaders_without-hosting_delta_pp":0.0002128059938470138,"downloaders_without-hosting_observed_common_delta_pp":0.0002128059938470138,"downloaders_without-hosting_left_share":0.0013724728843496714,"downloaders_without-hosting_right_share":0.0011596668905026577,"uploaders_all_delta_pp":0.0011886766801304312,"uploaders_all_observed_common_delta_pp":0.0011886766801304312,"uploaders_all_left_share":0.0016076895986099691,"uploaders_all_right_share":0.00041901291847953767,"uploaders_without-hosting_delta_pp":0.0017019031152796808,"uploaders_without-hosting_observed_common_delta_pp":0.0017019031152796808,"uploaders_without-hosting_left_share":0.002226121399348515,"uploaders_without-hosting_right_share":0.0005242182840688343},"geometry":{"type":"Polygon","coordinates":[[[133.12277393134838,35.35208598226628],[133.0329462193876,35.36933483641713],[133.00057189925937,35.44962271966527],[133.0580946575568,35.512794836844975],[133.14813301487428,35.49561815677776],[133.1804376505151,35.4151971015798],[133.12277393134838,35.35208598226628]]]}},{"type":"Feature","properties":{"h3":"852e6b9bfffffff","countries":["JPN"],"common_intervals":15,"left_observed_intervals":20,"right_observed_intervals":20,"full_window_comparable":false,"expected_intervals":26,"downloaders_all_delta_pp":null,"downloaders_all_observed_common_delta_pp":6.21634592444235e-06,"downloaders_all_left_share":null,"downloaders_all_right_share":null,"downloaders_without-hosting_delta_pp":null,"downloaders_without-hosting_observed_common_delta_pp":1.1471818588189894e-05,"downloaders_without-hosting_left_share":null,"downloaders_without-hosting_right_share":null,"uploaders_all_delta_pp":null,"uploaders_all_observed_common_delta_pp":0.0,"uploaders_all_left_share":null,"uploaders_all_right_share":null,"uploaders_without-hosting_delta_pp":null,"uploaders_without-hosting_observed_common_delta_pp":0.0,"uploaders_without-hosting_left_share":null,"uploaders_without-hosting_right_share":null},"geometry":{"type":"Polygon","coordinates":[[[133.27049728823266,35.39784871803717],[133.1804376505151,35.4151971015798],[133.14813301487428,35.49561815677776],[133.20595853129248,35.55882387204205],[133.29622967899775,35.54154720657777],[133.3284634799892,35.4609930248882],[133.27049728823266,35.39784871803717]]]}},{"type":"Feature","properties":{"h3":"852e6bb3fffffff","countries":["JPN"],"common_intervals":26,"left_observed_intervals":26,"right_observed_intervals":26,"full_window_comparable":true,"expected_intervals":26,"downloaders_all_delta_pp":9.007362982807572e-05,"downloaders_all_observed_common_delta_pp":9.007362982807572e-05,"downloaders_all_left_share":0.0006164674237218443,"downloaders_all_right_share":0.0005263937938937685,"downloaders_without-hosting_delta_pp":0.00012016998923573752,"downloaders_without-hosting_observed_common_delta_pp":0.00012016998923573752,"downloaders_without-hosting_left_share":0.0007339051738400697,"downloaders_without-hosting_right_share":0.0006137351846043323,"uploaders_all_delta_pp":4.891343861881207e-05,"uploaders_all_observed_common_delta_pp":4.891343861881207e-05,"uploaders_all_left_share":0.00013463331933872901,"uploaders_all_right_share":8.571988071991694e-05,"uploaders_without-hosting_delta_pp":6.901895588124594e-05,"uploaders_without-hosting_observed_common_delta_pp":6.901895588124594e-05,"uploaders_without-hosting_left_share":0.00017136351937822031,"uploaders_without-hosting_right_share":0.00010234456349697438},"geometry":{"type":"Polygon","coordinates":[[[132.82892633663621,35.26036624952937],[132.73956275278604,35.27741879228726],[132.70705248090562,35.35744021612785],[132.7639728885517,35.420542258651224],[132.8535453793082,35.403562782088926],[132.885988242074,35.32340811101692],[132.82892633663621,35.26036624952937]]]}},{"type":"Feature","properties":{"h3":"852e6c17fffffff","countries":["JPN"],"common_intervals":1,"left_observed_intervals":2,"right_observed_intervals":4,"full_window_comparable":false,"expected_intervals":26,"downloaders_all_delta_pp":null,"downloaders_all_observed_common_delta_pp":6.73131992793527e-05,"downloaders_all_left_share":null,"downloaders_all_right_share":null,"downloaders_without-hosting_delta_pp":null,"downloaders_without-hosting_observed_common_delta_pp":8.400025968889976e-05,"downloaders_without-hosting_left_share":null,"downloaders_without-hosting_right_share":null,"uploaders_all_delta_pp":null,"uploaders_all_observed_common_delta_pp":0.0,"uploaders_all_left_share":null,"uploaders_all_right_share":null,"uploaders_without-hosting_delta_pp":null,"uploaders_without-hosting_observed_common_delta_pp":0.0,"uploaders_without-hosting_left_share":null,"uploaders_without-hosting_right_share":null},"geometry":{"type":"Polygon","coordinates":[[[134.58131002302773,34.15999112988619],[134.49128350766213,34.17928216922126],[134.46034279708775,34.260837117828316],[134.51950592198097,34.32323445566745],[134.60974168543342,34.30400818429126],[134.64060475817394,34.222319729522525],[134.58131002302773,34.15999112988619]]]}},{"type":"Feature","properties":{"h3":"852e6c23fffffff","countries":["JPN"],"common_intervals":14,"left_observed_intervals":16,"right_observed_intervals":20,"full_window_comparable":false,"expected_intervals":26,"downloaders_all_delta_pp":null,"downloaders_all_observed_common_delta_pp":6.883116080399656e-05,"downloaders_all_left_share":null,"downloaders_all_right_share":null,"downloaders_without-hosting_delta_pp":null,"downloaders_without-hosting_observed_common_delta_pp":8.763916702747346e-05,"downloaders_without-hosting_left_share":null,"downloaders_without-hosting_right_share":null,"uploaders_all_delta_pp":null,"uploaders_all_observed_common_delta_pp":0.0002130003884203415,"uploaders_all_left_share":null,"uploaders_all_right_share":null,"uploaders_without-hosting_delta_pp":null,"uploaders_without-hosting_observed_common_delta_pp":0.00032702983992623485,"uploaders_without-hosting_left_share":null,"uploaders_without-hosting_right_share":null},"geometry":{"type":"Polygon","coordinates":[[[134.19053289955303,34.31793026670521],[134.1007531130343,34.33677986188817],[134.06949735778906,34.417998388347385],[134.12809628083758,34.48050081553147],[134.21808481215353,34.46171773754551],[134.24926535973984,34.3803656353978],[134.19053289955303,34.31793026670521]]]}},{"type":"Feature","properties":{"h3":"852e6c27fffffff","countries":["JPN"],"common_intervals":26,"left_observed_intervals":26,"right_observed_intervals":26,"full_window_comparable":true,"expected_intervals":26,"downloaders_all_delta_pp":0.0005729963049468584,"downloaders_all_observed_common_delta_pp":0.0005729963049468584,"downloaders_all_left_share":0.0035551885776961387,"downloaders_all_right_share":0.002982192272749279,"downloaders_without-hosting_delta_pp":0.000748901675130752,"downloaders_without-hosting_observed_common_delta_pp":0.000748901675130752,"downloaders_without-hosting_left_share":0.004227315619489916,"downloaders_without-hosting_right_share":0.003478413944359163,"uploaders_all_delta_pp":0.0006050071401311249,"uploaders_all_observed_common_delta_pp":0.0006050071401311249,"uploaders_all_left_share":0.0008474808315075944,"uploaders_all_right_share":0.00024247369137646955,"uploaders_without-hosting_delta_pp":0.000882065202704029,"uploaders_without-hosting_observed_common_delta_pp":0.000882065202704029,"uploaders_without-hosting_left_share":0.0011833152671112432,"uploaders_without-hosting_right_share":0.00030125006440721413},"geometry":{"type":"Polygon","coordinates":[[[134.0423179842051,34.27437553114482],[133.95276066260982,34.29312299314789],[133.92143083470876,34.374207875365705],[133.9797320872564,34.436678859005454],[134.06949735778906,34.417998388347385],[134.1007531130343,34.33677986188817],[134.0423179842051,34.27437553114482]]]}},{"type":"Feature","properties":{"h3":"852e6c3bfffffff","countries":["JPN"],"common_intervals":1,"left_observed_intervals":3,"right_observed_intervals":1,"full_window_comparable":false,"expected_intervals":26,"downloaders_all_delta_pp":null,"downloaders_all_observed_common_delta_pp":1.458345132200572e-05,"downloaders_all_left_share":null,"downloaders_all_right_share":null,"downloaders_without-hosting_delta_pp":null,"downloaders_without-hosting_observed_common_delta_pp":2.2286708414368436e-05,"downloaders_without-hosting_left_share":null,"downloaders_without-hosting_right_share":null,"uploaders_all_delta_pp":null,"uploaders_all_observed_common_delta_pp":-0.0003815192094921979,"uploaders_all_left_share":null,"uploaders_all_right_share":null,"uploaders_without-hosting_delta_pp":null,"uploaders_without-hosting_observed_common_delta_pp":-0.000463632654575127,"uploaders_without-hosting_left_share":null,"uploaders_without-hosting_right_share":null},"geometry":{"type":"Polygon","coordinates":[[[134.33926741425051,34.361413015863576],[134.24926535973984,34.3803656353978],[134.21808481215353,34.46171773754551],[134.27698235133863,34.52425064302998],[134.36719394258864,34.50536406002221],[134.39829813995675,34.423878456273926],[134.33926741425051,34.361413015863576]]]}},{"type":"Feature","properties":{"h3":"852e6c43fffffff","countries":["JPN"],"common_intervals":26,"left_observed_intervals":26,"right_observed_intervals":26,"full_window_comparable":true,"expected_intervals":26,"downloaders_all_delta_pp":0.0003604831528093086,"downloaders_all_observed_common_delta_pp":0.0003604831528093086,"downloaders_all_left_share":0.0017018917039659002,"downloaders_all_right_share":0.0013414085511565914,"downloaders_without-hosting_delta_pp":0.00045954225470712866,"downloaders_without-hosting_observed_common_delta_pp":0.00045954225470712866,"downloaders_without-hosting_left_share":0.0020249573603292456,"downloaders_without-hosting_right_share":0.0015654151056221166,"uploaders_all_delta_pp":0.0003626916875884475,"uploaders_all_observed_common_delta_pp":0.0003626916875884475,"uploaders_all_left_share":0.0003992467843134585,"uploaders_all_right_share":3.655509672501097e-05,"uploaders_without-hosting_delta_pp":0.0004960558390653954,"uploaders_without-hosting_observed_common_delta_pp":0.0004960558390653954,"uploaders_without-hosting_left_share":0.0005405470196221507,"uploaders_without-hosting_right_share":4.449118055675548e-05},"geometry":{"type":"Polygon","coordinates":[[[134.81765849032035,34.63584603359545],[134.72677907883505,34.655048557816755],[134.69578846696683,34.73683144143987],[134.75575728773498,34.79954487877917],[134.84684952922674,34.78040704423825],[134.87775979360467,34.69849100772074],[134.81765849032035,34.63584603359545]]]}},{"type":"Feature","properties":{"h3":"852e6c4bfffffff","countries":["JPN"],"common_intervals":0,"left_observed_intervals":1,"right_observed_intervals":1,"full_window_comparable":false,"expected_intervals":26,"downloaders_all_delta_pp":null,"downloaders_all_observed_common_delta_pp":null,"downloaders_all_left_share":null,"downloaders_all_right_share":null,"downloaders_without-hosting_delta_pp":null,"downloaders_without-hosting_observed_common_delta_pp":null,"downloaders_without-hosting_left_share":null,"downloaders_without-hosting_right_share":null,"uploaders_all_delta_pp":null,"uploaders_all_observed_common_delta_pp":null,"uploaders_all_left_share":null,"uploaders_all_right_share":null,"uploaders_without-hosting_delta_pp":null,"uploaders_without-hosting_observed_common_delta_pp":null,"uploaders_without-hosting_left_share":null,"uploaders_without-hosting_right_share":null},"geometry":{"type":"Polygon","coordinates":[[[134.84684952922674,34.78040704423825],[134.75575728773498,34.79954487877917],[134.72472404421165,34.881357324321066],[134.7848635901524,34.94416491739234],[134.87616961006853,34.92509190311972],[134.90712197704624,34.84314640108597],[134.84684952922674,34.78040704423825]]]}},{"type":"Feature","properties":{"h3":"852e6c4ffffffff","countries":["JPN"],"common_intervals":26,"left_observed_intervals":26,"right_observed_intervals":26,"full_window_comparable":true,"expected_intervals":26,"downloaders_all_delta_pp":0.0004380908060788723,"downloaders_all_observed_common_delta_pp":0.0004380908060788723,"downloaders_all_left_share":0.0028197145828454833,"downloaders_all_right_share":0.002381623776766611,"downloaders_without-hosting_delta_pp":0.0005763561718718888,"downloaders_without-hosting_observed_common_delta_pp":0.0005763561718718888,"downloaders_without-hosting_left_share":0.0033549434099078494,"downloaders_without-hosting_right_share":0.00277858723803596,"uploaders_all_delta_pp":0.0001287119569327867,"uploaders_all_observed_common_delta_pp":0.0001287119569327867,"uploaders_all_left_share":0.0003860622693953704,"uploaders_all_right_share":0.0002573503124625837,"uploaders_without-hosting_delta_pp":0.00020749831265445625,"uploaders_without-hosting_observed_common_delta_pp":0.00020749831265445625,"uploaders_without-hosting_left_share":0.0005333804611543893,"uploaders_without-hosting_right_share":0.00032588214849993305},"geometry":{"type":"Polygon","coordinates":[[[134.69578846696683,34.73683144143987],[134.60491937278954,34.75586255001959],[134.57380643378724,34.83754184367251],[134.63364195794097,34.90032310510054],[134.72472404421165,34.881357324321066],[134.75575728773498,34.79954487877917],[134.69578846696683,34.73683144143987]]]}},{"type":"Feature","properties":{"h3":"852e6c5bfffffff","countries":["JPN"],"common_intervals":17,"left_observed_intervals":17,"right_observed_intervals":24,"full_window_comparable":false,"expected_intervals":26,"downloaders_all_delta_pp":null,"downloaders_all_observed_common_delta_pp":2.6670738497578876e-05,"downloaders_all_left_share":null,"downloaders_all_right_share":null,"downloaders_without-hosting_delta_pp":null,"downloaders_without-hosting_observed_common_delta_pp":3.623475234689559e-05,"downloaders_without-hosting_left_share":null,"downloaders_without-hosting_right_share":null,"uploaders_all_delta_pp":null,"uploaders_all_observed_common_delta_pp":0.0,"uploaders_all_left_share":null,"uploaders_all_right_share":null,"uploaders_without-hosting_delta_pp":null,"uploaders_without-hosting_observed_common_delta_pp":0.0,"uploaders_without-hosting_left_share":null,"uploaders_without-hosting_right_share":null},"geometry":{"type":"Polygon","coordinates":[[[134.96886130620103,34.67918134801954],[134.87775979360467,34.69849100772074],[134.84684952922674,34.78040704423825],[134.90712197704624,34.84314640108597],[134.99843709786148,34.82390092051568],[135.02926583425,34.741851830130415],[134.96886130620103,34.67918134801954]]]}},{"type":"Feature","properties":{"h3":"852e6c63fffffff","countries":["JPN"],"common_intervals":0,"left_observed_intervals":5,"right_observed_intervals":4,"full_window_comparable":false,"expected_intervals":26,"downloaders_all_delta_pp":null,"downloaders_all_observed_common_delta_pp":null,"downloaders_all_left_share":null,"downloaders_all_right_share":null,"downloaders_without-hosting_delta_pp":null,"downloaders_without-hosting_observed_common_delta_pp":null,"downloaders_without-hosting_left_share":null,"downloaders_without-hosting_right_share":null,"uploaders_all_delta_pp":null,"uploaders_all_observed_common_delta_pp":null,"uploaders_all_left_share":null,"uploaders_all_right_share":null,"uploaders_without-hosting_delta_pp":null,"uploaders_without-hosting_observed_common_delta_pp":null,"uploaders_without-hosting_left_share":null,"uploaders_without-hosting_right_share":null},"geometry":{"type":"Polygon","coordinates":[[[134.39524324057558,34.649442772867005],[134.30482118086886,34.668263174218495],[134.27355236382365,34.74967590091586],[134.3327826402286,34.812401473987414],[134.42341610603455,34.79364739560552],[134.45460756701186,34.71210134346996],[134.39524324057558,34.649442772867005]]]}},{"type":"Feature","properties":{"h3":"852e6c7bfffffff","countries":["JPN"],"common_intervals":0,"left_observed_intervals":2,"right_observed_intervals":4,"full_window_comparable":false,"expected_intervals":26,"downloaders_all_delta_pp":null,"downloaders_all_observed_common_delta_pp":null,"downloaders_all_left_share":null,"downloaders_all_right_share":null,"downloaders_without-hosting_delta_pp":null,"downloaders_without-hosting_observed_common_delta_pp":null,"downloaders_without-hosting_left_share":null,"downloaders_without-hosting_right_share":null,"uploaders_all_delta_pp":null,"uploaders_all_observed_common_delta_pp":null,"uploaders_all_left_share":null,"uploaders_all_right_share":null,"uploaders_without-hosting_delta_pp":null,"uploaders_without-hosting_observed_common_delta_pp":null,"uploaders_without-hosting_left_share":null,"uploaders_without-hosting_right_share":null},"geometry":{"type":"Polygon","coordinates":[[[134.5452532619648,34.69317604464499],[134.45460756701186,34.71210134346996],[134.42341610603455,34.79364739560552],[134.48294853756806,34.85640131380236],[134.57380643378724,34.83754184367251],[134.60491937278954,34.75586255001959],[134.5452532619648,34.69317604464499]]]}},{"type":"Feature","properties":{"h3":"852e6c87fffffff","countries":["JPN"],"common_intervals":1,"left_observed_intervals":4,"right_observed_intervals":4,"full_window_comparable":false,"expected_intervals":26,"downloaders_all_delta_pp":null,"downloaders_all_observed_common_delta_pp":0.00011387306870197878,"downloaders_all_left_share":null,"downloaders_all_right_share":null,"downloaders_without-hosting_delta_pp":null,"downloaders_without-hosting_observed_common_delta_pp":0.0001406835512790459,"downloaders_without-hosting_left_share":null,"downloaders_without-hosting_right_share":null,"uploaders_all_delta_pp":null,"uploaders_all_observed_common_delta_pp":0.00031032591761025966,"uploaders_all_left_share":null,"uploaders_all_right_share":null,"uploaders_without-hosting_delta_pp":null,"uploaders_without-hosting_observed_common_delta_pp":0.00037588302949073237,"uploaders_without-hosting_left_share":null,"uploaders_without-hosting_right_share":null},"geometry":{"type":"Polygon","coordinates":[[[134.6736099461371,33.91496105133745],[134.5837806657341,33.93448493009024],[134.55300231751522,34.01610568122363],[134.6121307030259,34.07833605420738],[134.70216815996412,34.058876154514266],[134.7328687394033,33.977121825271134],[134.6736099461371,33.91496105133745]]]}},{"type":"Feature","properties":{"h3":"852e6cabfffffff","countries":["JPN"],"common_intervals":2,"left_observed_intervals":7,"right_observed_intervals":8,"full_window_comparable":false,"expected_intervals":26,"downloaders_all_delta_pp":null,"downloaders_all_observed_common_delta_pp":2.1049690181150697e-05,"downloaders_all_left_share":null,"downloaders_all_right_share":null,"downloaders_without-hosting_delta_pp":null,"downloaders_without-hosting_observed_common_delta_pp":2.885527874011646e-05,"downloaders_without-hosting_left_share":null,"downloaders_without-hosting_right_share":null,"uploaders_all_delta_pp":null,"uploaders_all_observed_common_delta_pp":0.0,"uploaders_all_left_share":null,"uploaders_all_right_share":null,"uploaders_without-hosting_delta_pp":null,"uploaders_without-hosting_observed_common_delta_pp":0.0,"uploaders_without-hosting_left_share":null,"uploaders_without-hosting_right_share":null},"geometry":{"type":"Polygon","coordinates":[[[134.43228631462296,34.116982829484556],[134.34248007094658,34.13617002716401],[134.31146286447338,34.21759138852583],[134.3703280818724,34.27995906079192],[134.46034279708775,34.260837117828316],[134.49128350766213,34.17928216922126],[134.43228631462296,34.116982829484556]]]}},{"type":"Feature","properties":{"h3":"852e6caffffffff","countries":["JPN"],"common_intervals":0,"left_observed_intervals":0,"right_observed_intervals":1,"full_window_comparable":false,"expected_intervals":26,"downloaders_all_delta_pp":null,"downloaders_all_observed_common_delta_pp":null,"downloaders_all_left_share":null,"downloaders_all_right_share":null,"downloaders_without-hosting_delta_pp":null,"downloaders_without-hosting_observed_common_delta_pp":null,"downloaders_without-hosting_left_share":null,"downloaders_without-hosting_right_share":null,"uploaders_all_delta_pp":null,"uploaders_all_observed_common_delta_pp":null,"uploaders_all_left_share":null,"uploaders_all_right_share":null,"uploaders_without-hosting_delta_pp":null,"uploaders_without-hosting_observed_common_delta_pp":null,"uploaders_without-hosting_left_share":null,"uploaders_without-hosting_right_share":null},"geometry":{"type":"Polygon","coordinates":[[[134.2837795088353,34.07390091539305],[134.19419375611608,34.09298515752091],[134.16310118828184,34.17427285615858],[134.22166942086255,34.236609895679344],[134.31146286447338,34.21759138852583],[134.34248007094658,34.13617002716401],[134.2837795088353,34.07390091539305]]]}},{"type":"Feature","properties":{"h3":"852e6cbbfffffff","countries":["JPN"],"common_intervals":26,"left_observed_intervals":26,"right_observed_intervals":26,"full_window_comparable":true,"expected_intervals":26,"downloaders_all_delta_pp":0.0004285761300346173,"downloaders_all_observed_common_delta_pp":0.0004285761300346173,"downloaders_all_left_share":0.0029431163305458684,"downloaders_all_right_share":0.0025145402005112513,"downloaders_without-hosting_delta_pp":0.0005666702283170275,"downloaders_without-hosting_observed_common_delta_pp":0.0005666702283170275,"downloaders_without-hosting_left_share":0.003502879312712246,"downloaders_without-hosting_right_share":0.0029362090843952178,"uploaders_all_delta_pp":0.0009556600061819454,"uploaders_all_observed_common_delta_pp":0.0009556600061819454,"uploaders_all_left_share":0.0011647912707809873,"uploaders_all_right_share":0.00020913126459904207,"uploaders_without-hosting_delta_pp":0.0013988733668868932,"uploaders_without-hosting_observed_common_delta_pp":0.0013988733668868932,"uploaders_without-hosting_left_share":0.0016652376358996107,"uploaders_without-hosting_right_share":0.00026636426901271727},"geometry":{"type":"Polygon","coordinates":[[[134.55300231751522,34.01610568122363],[134.46318412889124,34.035461339077216],[134.43228631462296,34.116982829484556],[134.49128350766213,34.17928216922126],[134.58131002302773,34.15999112988619],[134.6121307030259,34.07833605420738],[134.55300231751522,34.01610568122363]]]}},{"type":"Feature","properties":{"h3":"852e6cc7fffffff","countries":["JPN"],"common_intervals":2,"left_observed_intervals":4,"right_observed_intervals":7,"full_window_comparable":false,"expected_intervals":26,"downloaders_all_delta_pp":null,"downloaders_all_observed_common_delta_pp":-4.231734281456704e-08,"downloaders_all_left_share":null,"downloaders_all_right_share":null,"downloaders_without-hosting_delta_pp":null,"downloaders_without-hosting_observed_common_delta_pp":3.4645813849291444e-06,"downloaders_without-hosting_left_share":null,"downloaders_without-hosting_right_share":null,"uploaders_all_delta_pp":null,"uploaders_all_observed_common_delta_pp":0.0,"uploaders_all_left_share":null,"uploaders_all_right_share":null,"uploaders_without-hosting_delta_pp":null,"uploaders_without-hosting_observed_common_delta_pp":0.0,"uploaders_without-hosting_left_share":null,"uploaders_without-hosting_right_share":null},"geometry":{"type":"Polygon","coordinates":[[[134.88091083071407,34.245779444240505],[134.79044449108102,34.265280840563214],[134.75966020547529,34.347102714745134],[134.8194218815091,34.40955644412919],[134.91009900942748,34.39011882268588],[134.9408033512654,34.30816362156469],[134.88091083071407,34.245779444240505]]]}},{"type":"Feature","properties":{"h3":"852e6cd3fffffff","countries":["JPN"],"common_intervals":26,"left_observed_intervals":26,"right_observed_intervals":26,"full_window_comparable":true,"expected_intervals":26,"downloaders_all_delta_pp":0.000616625355138882,"downloaders_all_observed_common_delta_pp":0.000616625355138882,"downloaders_all_left_share":0.0022753326212687883,"downloaders_all_right_share":0.0016587072661299056,"downloaders_without-hosting_delta_pp":0.0007732822968486349,"downloaders_without-hosting_observed_common_delta_pp":0.0007732822968486349,"downloaders_without-hosting_left_share":0.0027099489290486434,"downloaders_without-hosting_right_share":0.0019366666322000081,"uploaders_all_delta_pp":0.0006345621189192377,"uploaders_all_observed_common_delta_pp":0.0006345621189192377,"uploaders_all_left_share":0.000773365391094682,"uploaders_all_right_share":0.0001388032721754444,"uploaders_without-hosting_delta_pp":0.0009278773131003858,"uploaders_without-hosting_observed_common_delta_pp":0.0009278773131003858,"uploaders_without-hosting_left_share":0.0011051559526759202,"uploaders_without-hosting_right_share":0.00017727863957553436},"geometry":{"type":"Polygon","coordinates":[[[135.1527653369046,34.1867224378433],[135.06207161126818,34.20650040138641],[135.0314892123583,34.28855570237919],[135.0916819594846,34.350966178537995],[135.18258706053234,34.33125083532787],[135.21308771549005,34.249062321929166],[135.1527653369046,34.1867224378433]]]}},{"type":"Feature","properties":{"h3":"852e6d03fffffff","countries":["JPN"],"common_intervals":17,"left_observed_intervals":19,"right_observed_intervals":22,"full_window_comparable":false,"expected_intervals":26,"downloaders_all_delta_pp":null,"downloaders_all_observed_common_delta_pp":8.667577377927245e-05,"downloaders_all_left_share":null,"downloaders_all_right_share":null,"downloaders_without-hosting_delta_pp":null,"downloaders_without-hosting_observed_common_delta_pp":0.00011142067506697037,"downloaders_without-hosting_left_share":null,"downloaders_without-hosting_right_share":null,"uploaders_all_delta_pp":null,"uploaders_all_observed_common_delta_pp":-1.8435814468334893e-05,"uploaders_all_left_share":null,"uploaders_all_right_share":null,"uploaders_without-hosting_delta_pp":null,"uploaders_without-hosting_observed_common_delta_pp":-2.0905487399725933e-05,"uploaders_without-hosting_left_share":null,"uploaders_without-hosting_right_share":null},"geometry":{"type":"Polygon","coordinates":[[[133.57482226713043,34.00030741964052],[133.48613800511595,34.01882199717027],[133.4546390869053,34.0994734771508],[133.51189438026313,34.161744184896506],[133.60078327469796,34.143297816330495],[133.63221193792353,34.062512446763165],[133.57482226713043,34.00030741964052]]]}},{"type":"Feature","properties":{"h3":"852e6d1bfffffff","countries":["JPN"],"common_intervals":0,"left_observed_intervals":2,"right_observed_intervals":1,"full_window_comparable":false,"expected_intervals":26,"downloaders_all_delta_pp":null,"downloaders_all_observed_common_delta_pp":null,"downloaders_all_left_share":null,"downloaders_all_right_share":null,"downloaders_without-hosting_delta_pp":null,"downloaders_without-hosting_observed_common_delta_pp":null,"downloaders_without-hosting_left_share":null,"downloaders_without-hosting_right_share":null,"uploaders_all_delta_pp":null,"uploaders_all_observed_common_delta_pp":null,"uploaders_all_left_share":null,"uploaders_all_right_share":null,"uploaders_without-hosting_delta_pp":null,"uploaders_without-hosting_observed_common_delta_pp":null,"uploaders_without-hosting_left_share":null,"uploaders_without-hosting_right_share":null},"geometry":{"type":"Polygon","coordinates":[[[133.7211183634827,34.043898836327195],[133.63221193792353,34.062512446763165],[133.60078327469796,34.143297816330495],[133.65833208912846,34.20560333141004],[133.7474439499499,34.18705747856907],[133.77880125355978,34.106138269744626],[133.7211183634827,34.043898836327195]]]}},{"type":"Feature","properties":{"h3":"852e6d27fffffff","countries":["JPN"],"common_intervals":24,"left_observed_intervals":25,"right_observed_intervals":25,"full_window_comparable":false,"expected_intervals":26,"downloaders_all_delta_pp":null,"downloaders_all_observed_common_delta_pp":3.2305103507520836e-05,"downloaders_all_left_share":null,"downloaders_all_right_share":null,"downloaders_without-hosting_delta_pp":null,"downloaders_without-hosting_observed_common_delta_pp":4.748180664551809e-05,"downloaders_without-hosting_left_share":null,"downloaders_without-hosting_right_share":null,"uploaders_all_delta_pp":null,"uploaders_all_observed_common_delta_pp":2.442949379318069e-05,"uploaders_all_left_share":null,"uploaders_all_right_share":null,"uploaders_without-hosting_delta_pp":null,"uploaders_without-hosting_observed_common_delta_pp":3.02582913525364e-05,"uploaders_without-hosting_left_share":null,"uploaders_without-hosting_right_share":null},"geometry":{"type":"Polygon","coordinates":[[[133.01929702552485,33.96763025984208],[132.93130123496047,33.985687394235924],[132.89948403866103,34.0658352995696],[132.95572867510273,34.12805995705777],[133.0439267460332,34.11007295218657],[133.07567760110334,34.02979107266306],[133.01929702552485,33.96763025984208]]]}},{"type":"Feature","properties":{"h3":"852e6d33fffffff","countries":["JPN"],"common_intervals":25,"left_observed_intervals":26,"right_observed_intervals":25,"full_window_comparable":false,"expected_intervals":26,"downloaders_all_delta_pp":null,"downloaders_all_observed_common_delta_pp":0.00014782323849296864,"downloaders_all_left_share":null,"downloaders_all_right_share":null,"downloaders_without-hosting_delta_pp":null,"downloaders_without-hosting_observed_common_delta_pp":0.00019098614263113412,"downloaders_without-hosting_left_share":null,"downloaders_without-hosting_right_share":null,"uploaders_all_delta_pp":null,"uploaders_all_observed_common_delta_pp":-7.472388243285786e-05,"uploaders_all_left_share":null,"uploaders_all_right_share":null,"uploaders_without-hosting_delta_pp":null,"uploaders_without-hosting_observed_common_delta_pp":-9.721319388416916e-05,"uploaders_without-hosting_left_share":null,"uploaders_without-hosting_right_share":null},"geometry":{"type":"Polygon","coordinates":[[[133.2837725148437,33.912935243671704],[133.19553296993286,33.931254355688935],[133.16389682522845,34.011637926524934],[133.22056799273602,34.07383627362876],[133.309010554652,34.05558625411726],[133.3405786308163,33.97506870878371],[133.2837725148437,33.912935243671704]]]}},{"type":"Feature","properties":{"h3":"852e6d4bfffffff","countries":["JPN"],"common_intervals":26,"left_observed_intervals":26,"right_observed_intervals":26,"full_window_comparable":true,"expected_intervals":26,"downloaders_all_delta_pp":0.0002398596173376855,"downloaders_all_observed_common_delta_pp":0.0002398596173376855,"downloaders_all_left_share":0.002347424496677759,"downloaders_all_right_share":0.0021075648793400736,"downloaders_without-hosting_delta_pp":0.00030475018903149945,"downloaders_without-hosting_observed_common_delta_pp":0.00030475018903149945,"downloaders_without-hosting_left_share":0.002545400613376938,"downloaders_without-hosting_right_share":0.0022406504243454384,"uploaders_all_delta_pp":0.00046675843978348746,"uploaders_all_observed_common_delta_pp":0.00046675843978348746,"uploaders_all_left_share":0.0005467697373910788,"uploaders_all_right_share":8.001129760759118e-05,"uploaders_without-hosting_delta_pp":0.0006189751534930332,"uploaders_without-hosting_observed_common_delta_pp":0.0006189751534930332,"uploaders_without-hosting_left_share":0.0007077344565190202,"uploaders_without-hosting_right_share":8.8759303025987e-05},"geometry":{"type":"Polygon","coordinates":[[[133.80044068321348,34.47376883974973],[133.71091521369257,34.492178693392724],[133.67934847842275,34.57305739114943],[133.73737966782636,34.63565975864287],[133.8271133224427,34.61731813922778],[133.85860728868963,34.53630583620777],[133.80044068321348,34.47376883974973]]]}},{"type":"Feature","properties":{"h3":"852e6d53fffffff","countries":["JPN"],"common_intervals":26,"left_observed_intervals":26,"right_observed_intervals":26,"full_window_comparable":true,"expected_intervals":26,"downloaders_all_delta_pp":6.187102254206554e-05,"downloaders_all_observed_common_delta_pp":6.187102254206554e-05,"downloaders_all_left_share":0.00044553415355441753,"downloaders_all_right_share":0.000383663131012352,"downloaders_without-hosting_delta_pp":8.274901955356216e-05,"downloaders_without-hosting_observed_common_delta_pp":8.274901955356216e-05,"downloaders_without-hosting_left_share":0.0005303597302928297,"downloaders_without-hosting_right_share":0.0004476107107392676,"uploaders_all_delta_pp":3.535921008752345e-05,"uploaders_all_observed_common_delta_pp":3.535921008752345e-05,"uploaders_all_left_share":4.033848832321779e-05,"uploaders_all_right_share":4.979278235694335e-06,"uploaders_without-hosting_delta_pp":5.419042142609946e-05,"uploaders_without-hosting_observed_common_delta_pp":5.419042142609946e-05,"uploaders_without-hosting_left_share":5.976557550663279e-05,"uploaders_without-hosting_right_share":5.575154080533324e-06},"geometry":{"type":"Polygon","coordinates":[[[133.89462192339894,34.23075065702527],[133.80528724864465,34.2493968729543],[133.77388447550766,34.33034804785249],[133.83188901064733,34.392786632304436],[133.92143083470876,34.374207875365705],[133.95276066260982,34.29312299314789],[133.89462192339894,34.23075065702527]]]}},{"type":"Feature","properties":{"h3":"852e6d57fffffff","countries":["JPN"],"common_intervals":23,"left_observed_intervals":24,"right_observed_intervals":25,"full_window_comparable":false,"expected_intervals":26,"downloaders_all_delta_pp":null,"downloaders_all_observed_common_delta_pp":7.475956503544623e-05,"downloaders_all_left_share":null,"downloaders_all_right_share":null,"downloaders_without-hosting_delta_pp":null,"downloaders_without-hosting_observed_common_delta_pp":9.546241791004391e-05,"downloaders_without-hosting_left_share":null,"downloaders_without-hosting_right_share":null,"uploaders_all_delta_pp":null,"uploaders_all_observed_common_delta_pp":-1.4548242649459348e-05,"uploaders_all_left_share":null,"uploaders_all_right_share":null,"uploaders_without-hosting_delta_pp":null,"uploaders_without-hosting_observed_common_delta_pp":-9.519736101120167e-06,"uploaders_without-hosting_left_share":null,"uploaders_without-hosting_right_share":null},"geometry":{"type":"Polygon","coordinates":[[[133.7474439499499,34.18705747856907],[133.65833208912846,34.20560333141004],[133.6268574905673,34.286420741324626],[133.6845662686341,34.34882598053981],[133.77388447550766,34.33034804785249],[133.80528724864465,34.2493968729543],[133.7474439499499,34.18705747856907]]]}},{"type":"Feature","properties":{"h3":"852e6d5bfffffff","countries":["JPN"],"common_intervals":24,"left_observed_intervals":24,"right_observed_intervals":26,"full_window_comparable":false,"expected_intervals":26,"downloaders_all_delta_pp":null,"downloaders_all_observed_common_delta_pp":4.9095629979347744e-05,"downloaders_all_left_share":null,"downloaders_all_right_share":null,"downloaders_without-hosting_delta_pp":null,"downloaders_without-hosting_observed_common_delta_pp":6.395019713208898e-05,"downloaders_without-hosting_left_share":null,"downloaders_without-hosting_right_share":null,"uploaders_all_delta_pp":null,"uploaders_all_observed_common_delta_pp":3.788880347327021e-05,"uploaders_all_left_share":null,"uploaders_all_right_share":null,"uploaders_without-hosting_delta_pp":null,"uploaders_without-hosting_observed_common_delta_pp":1.6787703406079284e-06,"uploaders_without-hosting_left_share":null,"uploaders_without-hosting_right_share":null},"geometry":{"type":"Polygon","coordinates":[[[133.92143083470876,34.374207875365705],[133.83188901064733,34.392786632304436],[133.80044068321348,34.47376883974973],[133.85860728868963,34.53630583620777],[133.94835718251622,34.51779469375671],[133.9797320872564,34.436678859005454],[133.92143083470876,34.374207875365705]]]}},{"type":"Feature","properties":{"h3":"852e6d63fffffff","countries":["JPN"],"common_intervals":26,"left_observed_intervals":26,"right_observed_intervals":26,"full_window_comparable":true,"expected_intervals":26,"downloaders_all_delta_pp":0.0003037215313801792,"downloaders_all_observed_common_delta_pp":0.0003037215313801792,"downloaders_all_left_share":0.0020615695780518187,"downloaders_all_right_share":0.0017578480466716394,"downloaders_without-hosting_delta_pp":0.00040263657529472776,"downloaders_without-hosting_observed_common_delta_pp":0.00040263657529472776,"downloaders_without-hosting_left_share":0.0024534739288993948,"downloaders_without-hosting_right_share":0.002050837353604667,"uploaders_all_delta_pp":0.0006272123792805455,"uploaders_all_observed_common_delta_pp":0.0006272123792805455,"uploaders_all_left_share":0.0008952339974454935,"uploaders_all_right_share":0.00026802161816494806,"uploaders_without-hosting_delta_pp":0.0009277997495224221,"uploaders_without-hosting_observed_common_delta_pp":0.0009277997495224221,"uploaders_without-hosting_left_share":0.0012640497676500869,"uploaders_without-hosting_right_share":0.0003362500181276647},"geometry":{"type":"Polygon","coordinates":[[[133.359816687786,34.34128770219528],[133.2709653892384,34.35939902288449],[133.2391870807163,34.439876588392806],[133.29632917316943,34.50237650654026],[133.38538620287662,34.48433478495749],[133.41709510151367,34.4037234612699],[133.359816687786,34.34128770219528]]]}},{"type":"Feature","properties":{"h3":"852e6d67fffffff","countries":["JPN"],"common_intervals":3,"left_observed_intervals":8,"right_observed_intervals":8,"full_window_comparable":false,"expected_intervals":26,"downloaders_all_delta_pp":null,"downloaders_all_observed_common_delta_pp":1.0598628568691789e-05,"downloaders_all_left_share":null,"downloaders_all_right_share":null,"downloaders_without-hosting_delta_pp":null,"downloaders_without-hosting_observed_common_delta_pp":1.540152918830332e-05,"downloaders_without-hosting_left_share":null,"downloaders_without-hosting_right_share":null,"uploaders_all_delta_pp":null,"uploaders_all_observed_common_delta_pp":0.0,"uploaders_all_left_share":null,"uploaders_all_right_share":null,"uploaders_without-hosting_delta_pp":null,"uploaders_without-hosting_observed_common_delta_pp":0.0,"uploaders_without-hosting_left_share":null,"uploaders_without-hosting_right_share":null},"geometry":{"type":"Polygon","coordinates":[[[133.21398107811183,34.29699887381938],[133.1253547540889,34.31501244695189],[133.09350813982167,34.39535621383525],[133.15035585001374,34.45782012040131],[133.2391870807163,34.439876588392806],[133.2709653892384,34.35939902288449],[133.21398107811183,34.29699887381938]]]}},{"type":"Feature","properties":{"h3":"852e6d6ffffffff","countries":["JPN"],"common_intervals":0,"left_observed_intervals":0,"right_observed_intervals":1,"full_window_comparable":false,"expected_intervals":26,"downloaders_all_delta_pp":null,"downloaders_all_observed_common_delta_pp":null,"downloaders_all_left_share":null,"downloaders_all_right_share":null,"downloaders_without-hosting_delta_pp":null,"downloaders_without-hosting_observed_common_delta_pp":null,"downloaders_without-hosting_left_share":null,"downloaders_without-hosting_right_share":null,"uploaders_all_delta_pp":null,"uploaders_all_observed_common_delta_pp":null,"uploaders_all_left_share":null,"uploaders_all_right_share":null,"uploaders_without-hosting_delta_pp":null,"uploaders_without-hosting_observed_common_delta_pp":null,"uploaders_without-hosting_left_share":null,"uploaders_without-hosting_right_share":null},"geometry":{"type":"Polygon","coordinates":[[[133.2391870807163,34.439876588392806],[133.15035585001374,34.45782012040131],[133.11846120026289,34.53819344986724],[133.17546622675945,34.6007568830425],[133.26450327636627,34.582883557070694],[133.29632917316943,34.50237650654026],[133.2391870807163,34.439876588392806]]]}},{"type":"Feature","properties":{"h3":"852e6d7bfffffff","countries":["JPN"],"common_intervals":23,"left_observed_intervals":23,"right_observed_intervals":26,"full_window_comparable":false,"expected_intervals":26,"downloaders_all_delta_pp":null,"downloaders_all_observed_common_delta_pp":6.755014194991554e-05,"downloaders_all_left_share":null,"downloaders_all_right_share":null,"downloaders_without-hosting_delta_pp":null,"downloaders_without-hosting_observed_common_delta_pp":8.561519612872365e-05,"downloaders_without-hosting_left_share":null,"downloaders_without-hosting_right_share":null,"uploaders_all_delta_pp":null,"uploaders_all_observed_common_delta_pp":2.7304904724053546e-05,"uploaders_all_left_share":null,"uploaders_all_right_share":null,"uploaders_without-hosting_delta_pp":null,"uploaders_without-hosting_observed_common_delta_pp":4.1897399382186335e-05,"uploaders_without-hosting_left_share":null,"uploaders_without-hosting_right_share":null},"geometry":{"type":"Polygon","coordinates":[[[133.50617125875445,34.3855135142141],[133.41709510151367,34.4037234612699],[133.38538620287662,34.48433478495749],[133.4428236737033,34.54686979022276],[133.5321063834275,34.52872899380045],[133.56374476024067,34.447983957602325],[133.50617125875445,34.3855135142141]]]}},{"type":"Feature","properties":{"h3":"852e6daffffffff","countries":["JPN"],"common_intervals":23,"left_observed_intervals":24,"right_observed_intervals":25,"full_window_comparable":false,"expected_intervals":26,"downloaders_all_delta_pp":null,"downloaders_all_observed_common_delta_pp":5.1401234743730305e-05,"downloaders_all_left_share":null,"downloaders_all_right_share":null,"downloaders_without-hosting_delta_pp":null,"downloaders_without-hosting_observed_common_delta_pp":6.970253732366328e-05,"downloaders_without-hosting_left_share":null,"downloaders_without-hosting_right_share":null,"uploaders_all_delta_pp":null,"uploaders_all_observed_common_delta_pp":-1.8968956224699498e-05,"uploaders_all_left_share":null,"uploaders_all_right_share":null,"uploaders_without-hosting_delta_pp":null,"uploaders_without-hosting_observed_common_delta_pp":-2.8605318795596046e-05,"uploaders_without-hosting_left_share":null,"uploaders_without-hosting_right_share":null},"geometry":{"type":"Polygon","coordinates":[[[133.27751050610564,33.791091482908996],[133.25143953303524,33.77447702722138],[133.15613441006556,33.796920785914075],[133.1390171764094,33.86915802733938],[133.19553296993286,33.931254355688935],[133.2837725148437,33.912935243671704],[133.31529384328653,33.83245080016116],[133.27751050610564,33.791091482908996]]]}},{"type":"Feature","properties":{"h3":"852e6dcffffffff","countries":["JPN"],"common_intervals":1,"left_observed_intervals":4,"right_observed_intervals":4,"full_window_comparable":false,"expected_intervals":26,"downloaders_all_delta_pp":null,"downloaders_all_observed_common_delta_pp":-1.3932533497832555e-05,"downloaders_all_left_share":null,"downloaders_all_right_share":null,"downloaders_without-hosting_delta_pp":null,"downloaders_without-hosting_observed_common_delta_pp":-8.970694679652632e-06,"downloaders_without-hosting_left_share":null,"downloaders_without-hosting_right_share":null,"uploaders_all_delta_pp":null,"uploaders_all_observed_common_delta_pp":0.0,"uploaders_all_left_share":null,"uploaders_all_right_share":null,"uploaders_without-hosting_delta_pp":null,"uploaders_without-hosting_observed_common_delta_pp":0.0,"uploaders_without-hosting_left_share":null,"uploaders_without-hosting_right_share":null},"geometry":{"type":"Polygon","coordinates":[[[133.86792969363998,34.08742475401799],[133.77880125355978,34.106138269744626],[133.7474439499499,34.18705747856907],[133.80528724864465,34.2493968729543],[133.89462192339894,34.23075065702527],[133.9259067551841,34.1496976646025],[133.86792969363998,34.08742475401799]]]}},{"type":"Feature","properties":{"h3":"852e6ddbfffffff","countries":["JPN"],"common_intervals":8,"left_observed_intervals":14,"right_observed_intervals":14,"full_window_comparable":false,"expected_intervals":26,"downloaders_all_delta_pp":null,"downloaders_all_observed_common_delta_pp":3.4556232524793385e-05,"downloaders_all_left_share":null,"downloaders_all_right_share":null,"downloaders_without-hosting_delta_pp":null,"downloaders_without-hosting_observed_common_delta_pp":4.844113541464634e-05,"downloaders_without-hosting_left_share":null,"downloaders_without-hosting_right_share":null,"uploaders_all_delta_pp":null,"uploaders_all_observed_common_delta_pp":0.0,"uploaders_all_left_share":null,"uploaders_all_right_share":null,"uploaders_without-hosting_delta_pp":null,"uploaders_without-hosting_observed_common_delta_pp":0.0,"uploaders_without-hosting_left_share":null,"uploaders_without-hosting_right_share":null},"geometry":{"type":"Polygon","coordinates":[[[134.13578890593885,34.0307472323048],[134.0464238483501,34.049729401070884],[134.0152570462656,34.1308833670498],[134.07352922440066,34.19318881617178],[134.16310118828184,34.17427285615858],[134.19419375611608,34.09298515752091],[134.13578890593885,34.0307472323048]]]}},{"type":"Feature","properties":{"h3":"852e6e0bfffffff","countries":["JPN"],"common_intervals":20,"left_observed_intervals":23,"right_observed_intervals":21,"full_window_comparable":false,"expected_intervals":26,"downloaders_all_delta_pp":null,"downloaders_all_observed_common_delta_pp":5.232744364006036e-05,"downloaders_all_left_share":null,"downloaders_all_right_share":null,"downloaders_without-hosting_delta_pp":null,"downloaders_without-hosting_observed_common_delta_pp":6.903892190516297e-05,"downloaders_without-hosting_left_share":null,"downloaders_without-hosting_right_share":null,"uploaders_all_delta_pp":null,"uploaders_all_observed_common_delta_pp":0.0002480389158998752,"uploaders_all_left_share":null,"uploaders_all_right_share":null,"uploaders_without-hosting_delta_pp":null,"uploaders_without-hosting_observed_common_delta_pp":0.0003116289055334846,"uploaders_without-hosting_left_share":null,"uploaders_without-hosting_right_share":null},"geometry":{"type":"Polygon","coordinates":[[[134.84175510626162,35.46067033237353],[134.74981148193714,35.4793735388061],[134.7184818461404,35.56118666327135],[134.77917786540678,35.62442913308263],[134.87133929728708,35.60579186598782],[134.90258656444877,35.5238461169732],[134.84175510626162,35.46067033237353]]]}},{"type":"Feature","properties":{"h3":"852e6e17fffffff","countries":["JPN"],"common_intervals":0,"left_observed_intervals":3,"right_observed_intervals":3,"full_window_comparable":false,"expected_intervals":26,"downloaders_all_delta_pp":null,"downloaders_all_observed_common_delta_pp":null,"downloaders_all_left_share":null,"downloaders_all_right_share":null,"downloaders_without-hosting_delta_pp":null,"downloaders_without-hosting_observed_common_delta_pp":null,"downloaders_without-hosting_left_share":null,"downloaders_without-hosting_right_share":null,"uploaders_all_delta_pp":null,"uploaders_all_observed_common_delta_pp":null,"uploaders_all_left_share":null,"uploaders_all_right_share":null,"uploaders_without-hosting_delta_pp":null,"uploaders_without-hosting_observed_common_delta_pp":null,"uploaders_without-hosting_left_share":null,"uploaders_without-hosting_right_share":null},"geometry":{"type":"Polygon","coordinates":[[[134.78298014059024,35.17077555263164],[134.6914692114044,35.189610290910515],[134.66022643896346,35.271372785776826],[134.7205755479905,35.33443331514817],[134.8123023401495,35.31566428363266],[134.84346382702986,35.233768942081525],[134.78298014059024,35.17077555263164]]]}},{"type":"Feature","properties":{"h3":"852e6e27fffffff","countries":["JPN"],"common_intervals":0,"left_observed_intervals":2,"right_observed_intervals":2,"full_window_comparable":false,"expected_intervals":26,"downloaders_all_delta_pp":null,"downloaders_all_observed_common_delta_pp":null,"downloaders_all_left_share":null,"downloaders_all_right_share":null,"downloaders_without-hosting_delta_pp":null,"downloaders_without-hosting_observed_common_delta_pp":null,"downloaders_without-hosting_left_share":null,"downloaders_without-hosting_right_share":null,"uploaders_all_delta_pp":null,"uploaders_all_observed_common_delta_pp":null,"uploaders_all_left_share":null,"uploaders_all_right_share":null,"uploaders_without-hosting_delta_pp":null,"uploaders_without-hosting_observed_common_delta_pp":null,"uploaders_without-hosting_left_share":null,"uploaders_without-hosting_right_share":null},"geometry":{"type":"Polygon","coordinates":[[[134.23510415570829,35.28238268137534],[134.1440715741009,35.30065814346732],[134.1124245304273,35.38193982297338],[134.17188729688536,35.44507895487811],[134.263134422681,35.426871468279714],[134.29470390860635,35.34545679706661],[134.23510415570829,35.28238268137534]]]}},{"type":"Feature","properties":{"h3":"852e6e2ffffffff","countries":["JPN"],"common_intervals":26,"left_observed_intervals":26,"right_observed_intervals":26,"full_window_comparable":true,"expected_intervals":26,"downloaders_all_delta_pp":0.00022829912782093968,"downloaders_all_observed_common_delta_pp":0.00022829912782093968,"downloaders_all_left_share":0.0010725522028126456,"downloaders_all_right_share":0.0008442530749917058,"downloaders_without-hosting_delta_pp":0.0002901156476423388,"downloaders_without-hosting_observed_common_delta_pp":0.0002901156476423388,"downloaders_without-hosting_left_share":0.0012755054545369922,"downloaders_without-hosting_right_share":0.0009853898068946535,"uploaders_all_delta_pp":0.0005500245078198928,"uploaders_all_observed_common_delta_pp":0.0005500245078198928,"uploaders_all_left_share":0.0005981310727793793,"uploaders_all_right_share":4.81065649594865e-05,"uploaders_without-hosting_delta_pp":0.0008228441765754979,"uploaders_without-hosting_observed_common_delta_pp":0.0008228441765754979,"uploaders_without-hosting_left_share":0.0008794499168360511,"uploaders_without-hosting_right_share":5.6605740260553164e-05},"geometry":{"type":"Polygon","coordinates":[[[134.263134422681,35.426871468279714],[134.17188729688536,35.44507895487811],[134.140194620175,35.526384933516866],[134.19982681071588,35.589616232572176],[134.29128944721506,35.57147684639353],[134.32290405096475,35.490037984070284],[134.263134422681,35.426871468279714]]]}},{"type":"Feature","properties":{"h3":"852e6e53fffffff","countries":["JPN"],"common_intervals":0,"left_observed_intervals":1,"right_observed_intervals":0,"full_window_comparable":false,"expected_intervals":26,"downloaders_all_delta_pp":null,"downloaders_all_observed_common_delta_pp":null,"downloaders_all_left_share":null,"downloaders_all_right_share":null,"downloaders_without-hosting_delta_pp":null,"downloaders_without-hosting_observed_common_delta_pp":null,"downloaders_without-hosting_left_share":null,"downloaders_without-hosting_right_share":null,"uploaders_all_delta_pp":null,"uploaders_all_observed_common_delta_pp":null,"uploaders_all_left_share":null,"uploaders_all_right_share":null,"uploaders_without-hosting_delta_pp":null,"uploaders_without-hosting_observed_common_delta_pp":null,"uploaders_without-hosting_left_share":null,"uploaders_without-hosting_right_share":null},"geometry":{"type":"Polygon","coordinates":[[[135.14829660819612,35.54930943395025],[135.05589904672271,35.56823219444265],[135.02473537055002,35.650310461628926],[135.08605373480125,35.71359830370478],[135.1786707072089,35.694740423818814],[135.20974956226303,35.61252975079766],[135.14829660819612,35.54930943395025]]]}},{"type":"Feature","properties":{"h3":"852e6e83fffffff","countries":["JPN"],"common_intervals":0,"left_observed_intervals":4,"right_observed_intervals":1,"full_window_comparable":false,"expected_intervals":26,"downloaders_all_delta_pp":null,"downloaders_all_observed_common_delta_pp":null,"downloaders_all_left_share":null,"downloaders_all_right_share":null,"downloaders_without-hosting_delta_pp":null,"downloaders_without-hosting_observed_common_delta_pp":null,"downloaders_without-hosting_left_share":null,"downloaders_without-hosting_right_share":null,"uploaders_all_delta_pp":null,"uploaders_all_observed_common_delta_pp":null,"uploaders_all_left_share":null,"uploaders_all_right_share":null,"uploaders_without-hosting_delta_pp":null,"uploaders_without-hosting_observed_common_delta_pp":null,"uploaders_without-hosting_left_share":null,"uploaders_without-hosting_right_share":null},"geometry":{"type":"Polygon","coordinates":[[[135.0281437793247,34.96874363206854],[134.93661409840865,34.98792480655497],[134.9056195749471,35.06989880754393],[134.96623700640342,35.132824414192186],[135.057982205333,35.11370766877819],[135.0888941218904,35.03160081490148],[135.0281437793247,34.96874363206854]]]}},{"type":"Feature","properties":{"h3":"852e6e8bfffffff","countries":["JPN"],"common_intervals":1,"left_observed_intervals":3,"right_observed_intervals":3,"full_window_comparable":false,"expected_intervals":26,"downloaders_all_delta_pp":null,"downloaders_all_observed_common_delta_pp":4.524151139030232e-05,"downloaders_all_left_share":null,"downloaders_all_right_share":null,"downloaders_without-hosting_delta_pp":null,"downloaders_without-hosting_observed_common_delta_pp":5.381528919032396e-05,"downloaders_without-hosting_left_share":null,"downloaders_without-hosting_right_share":null,"uploaders_all_delta_pp":null,"uploaders_all_observed_common_delta_pp":0.0,"uploaders_all_left_share":null,"uploaders_all_right_share":null,"uploaders_without-hosting_delta_pp":null,"uploaders_without-hosting_observed_common_delta_pp":0.0,"uploaders_without-hosting_left_share":null,"uploaders_without-hosting_right_share":null},"geometry":{"type":"Polygon","coordinates":[[[135.057982205333,35.11370766877819],[134.96623700640342,35.132824414192186],[134.9352002731667,35.214825944321454],[134.99599155700653,35.27784340359985],[135.0879532379409,35.25879120624349],[135.11890681784195,35.17665692936886],[135.057982205333,35.11370766877819]]]}},{"type":"Feature","properties":{"h3":"852e6e97fffffff","countries":["JPN"],"common_intervals":22,"left_observed_intervals":26,"right_observed_intervals":22,"full_window_comparable":false,"expected_intervals":26,"downloaders_all_delta_pp":null,"downloaders_all_observed_common_delta_pp":6.692664053502171e-05,"downloaders_all_left_share":null,"downloaders_all_right_share":null,"downloaders_without-hosting_delta_pp":null,"downloaders_without-hosting_observed_common_delta_pp":8.418913492993138e-05,"downloaders_without-hosting_left_share":null,"downloaders_without-hosting_right_share":null,"uploaders_all_delta_pp":null,"uploaders_all_observed_common_delta_pp":0.0010973639028422843,"uploaders_all_left_share":null,"uploaders_all_right_share":null,"uploaders_without-hosting_delta_pp":null,"uploaders_without-hosting_observed_common_delta_pp":0.0016506959752215986,"uploaders_without-hosting_left_share":null,"uploaders_without-hosting_right_share":null},"geometry":{"type":"Polygon","coordinates":[[[134.99843709786148,34.82390092051568],[134.90712197704624,34.84314640108597],[134.87616961006853,34.92509190311972],[134.93661409840865,34.98792480655497],[135.0281437793247,34.96874363206854],[135.05901408116415,34.886665174769654],[134.99843709786148,34.82390092051568]]]}},{"type":"Feature","properties":{"h3":"852e6e9bfffffff","countries":["JPN"],"common_intervals":6,"left_observed_intervals":9,"right_observed_intervals":9,"full_window_comparable":false,"expected_intervals":26,"downloaders_all_delta_pp":null,"downloaders_all_observed_common_delta_pp":6.727785073389879e-05,"downloaders_all_left_share":null,"downloaders_all_right_share":null,"downloaders_without-hosting_delta_pp":null,"downloaders_without-hosting_observed_common_delta_pp":8.900722730063046e-05,"downloaders_without-hosting_left_share":null,"downloaders_without-hosting_right_share":null,"uploaders_all_delta_pp":null,"uploaders_all_observed_common_delta_pp":-7.012494863347513e-05,"uploaders_all_left_share":null,"uploaders_all_right_share":null,"uploaders_without-hosting_delta_pp":null,"uploaders_without-hosting_observed_common_delta_pp":-8.635757563196474e-05,"uploaders_without-hosting_left_share":null,"uploaders_without-hosting_right_share":null},"geometry":{"type":"Polygon","coordinates":[[[135.18064717472657,35.012310549669714],[135.0888941218904,35.03160081490148],[135.057982205333,35.11370766877819],[135.11890681784195,35.17665692936886],[135.21087616896293,35.15743056866625],[135.2417042743236,35.07519097125338],[135.18064717472657,35.012310549669714]]]}},{"type":"Feature","properties":{"h3":"852e6eb3fffffff","countries":["JPN"],"common_intervals":0,"left_observed_intervals":2,"right_observed_intervals":0,"full_window_comparable":false,"expected_intervals":26,"downloaders_all_delta_pp":null,"downloaders_all_observed_common_delta_pp":null,"downloaders_all_left_share":null,"downloaders_all_right_share":null,"downloaders_without-hosting_delta_pp":null,"downloaders_without-hosting_observed_common_delta_pp":null,"downloaders_without-hosting_left_share":null,"downloaders_without-hosting_right_share":null,"uploaders_all_delta_pp":null,"uploaders_all_observed_common_delta_pp":null,"uploaders_all_left_share":null,"uploaders_all_right_share":null,"uploaders_without-hosting_delta_pp":null,"uploaders_without-hosting_observed_common_delta_pp":null,"uploaders_without-hosting_left_share":null,"uploaders_without-hosting_right_share":null},"geometry":{"type":"Polygon","coordinates":[[[134.72472404421165,34.881357324321066],[134.63364195794097,34.90032310510054],[134.60248580336543,34.982031095866034],[134.6624916272869,35.04490628475515],[134.75378765654324,35.026005962058996],[134.7848635901524,34.94416491739234],[134.72472404421165,34.881357324321066]]]}},{"type":"Feature","properties":{"h3":"852e6eb7fffffff","countries":["JPN"],"common_intervals":1,"left_observed_intervals":3,"right_observed_intervals":2,"full_window_comparable":false,"expected_intervals":26,"downloaders_all_delta_pp":null,"downloaders_all_observed_common_delta_pp":0.00010897877990750522,"downloaders_all_left_share":null,"downloaders_all_right_share":null,"downloaders_without-hosting_delta_pp":null,"downloaders_without-hosting_observed_common_delta_pp":0.00013657461344745119,"downloaders_without-hosting_left_share":null,"downloaders_without-hosting_right_share":null,"uploaders_all_delta_pp":null,"uploaders_all_observed_common_delta_pp":0.0,"uploaders_all_left_share":null,"uploaders_all_right_share":null,"uploaders_without-hosting_delta_pp":null,"uploaders_without-hosting_observed_common_delta_pp":0.0,"uploaders_without-hosting_left_share":null,"uploaders_without-hosting_right_share":null},"geometry":{"type":"Polygon","coordinates":[[[134.57380643378724,34.83754184367251],[134.48294853756806,34.85640131380236],[134.45171334359472,34.93797615888227],[134.51141475859518,35.00082460341528],[134.60248580336543,34.982031095866034],[134.63364195794097,34.90032310510054],[134.57380643378724,34.83754184367251]]]}},{"type":"Feature","properties":{"h3":"852e6ec7fffffff","countries":["JPN"],"common_intervals":0,"left_observed_intervals":9,"right_observed_intervals":3,"full_window_comparable":false,"expected_intervals":26,"downloaders_all_delta_pp":null,"downloaders_all_observed_common_delta_pp":null,"downloaders_all_left_share":null,"downloaders_all_right_share":null,"downloaders_without-hosting_delta_pp":null,"downloaders_without-hosting_observed_common_delta_pp":null,"downloaders_without-hosting_left_share":null,"downloaders_without-hosting_right_share":null,"uploaders_all_delta_pp":null,"uploaders_all_observed_common_delta_pp":null,"uploaders_all_left_share":null,"uploaders_all_right_share":null,"uploaders_without-hosting_delta_pp":null,"uploaders_without-hosting_observed_common_delta_pp":null,"uploaders_without-hosting_left_share":null,"uploaders_without-hosting_right_share":null},"geometry":{"type":"Polygon","coordinates":[[[135.0879532379409,35.25879120624349],[134.99599155700653,35.27784340359985],[134.96491256131,35.35987148987128],[135.02587861353473,35.42297994402073],[135.1180577465919,35.40399240966516],[135.1490530378065,35.3218316865453],[135.0879532379409,35.25879120624349]]]}},{"type":"Feature","properties":{"h3":"852e6ecbfffffff","countries":["JPN"],"common_intervals":4,"left_observed_intervals":7,"right_observed_intervals":9,"full_window_comparable":false,"expected_intervals":26,"downloaders_all_delta_pp":null,"downloaders_all_observed_common_delta_pp":-5.178709255630352e-06,"downloaders_all_left_share":null,"downloaders_all_right_share":null,"downloaders_without-hosting_delta_pp":null,"downloaders_without-hosting_observed_common_delta_pp":-4.759120687654186e-06,"downloaders_without-hosting_left_share":null,"downloaders_without-hosting_right_share":null,"uploaders_all_delta_pp":null,"uploaders_all_observed_common_delta_pp":0.0,"uploaders_all_left_share":null,"uploaders_all_right_share":null,"uploaders_without-hosting_delta_pp":null,"uploaders_without-hosting_observed_common_delta_pp":0.0,"uploaders_without-hosting_left_share":null,"uploaders_without-hosting_right_share":null},"geometry":{"type":"Polygon","coordinates":[[[135.27173851409052,35.448025034525756],[135.17933365802364,35.46712324443881],[135.14829660819612,35.54930943395025],[135.20974956226303,35.61252975079766],[135.30237363731698,35.5934957789682],[135.33332519739145,35.5111771823451],[135.27173851409052,35.448025034525756]]]}},{"type":"Feature","properties":{"h3":"852e6ed3fffffff","countries":["JPN"],"common_intervals":1,"left_observed_intervals":7,"right_observed_intervals":5,"full_window_comparable":false,"expected_intervals":26,"downloaders_all_delta_pp":null,"downloaders_all_observed_common_delta_pp":7.967532909454331e-06,"downloaders_all_left_share":null,"downloaders_all_right_share":null,"downloaders_without-hosting_delta_pp":null,"downloaders_without-hosting_observed_common_delta_pp":8.016343847221975e-06,"downloaders_without-hosting_left_share":null,"downloaders_without-hosting_right_share":null,"uploaders_all_delta_pp":null,"uploaders_all_observed_common_delta_pp":0.0,"uploaders_all_left_share":null,"uploaders_all_right_share":null,"uploaders_without-hosting_delta_pp":null,"uploaders_without-hosting_observed_common_delta_pp":0.0,"uploaders_without-hosting_left_share":null,"uploaders_without-hosting_right_share":null},"geometry":{"type":"Polygon","coordinates":[[[135.36430206117078,35.20106551663634],[135.27210886861403,35.220402433611355],[135.24123965462485,35.30266934563862],[135.30264887989136,35.3657317883985],[135.39506011672094,35.34645835621885],[135.42584374467995,35.264058926636224],[135.36430206117078,35.20106551663634]]]}},{"type":"Feature","properties":{"h3":"852e6edbfffffff","countries":["JPN"],"common_intervals":2,"left_observed_intervals":4,"right_observed_intervals":12,"full_window_comparable":false,"expected_intervals":26,"downloaders_all_delta_pp":null,"downloaders_all_observed_common_delta_pp":-4.7456573145391296e-05,"downloaders_all_left_share":null,"downloaders_all_right_share":null,"downloaders_without-hosting_delta_pp":null,"downloaders_without-hosting_observed_common_delta_pp":-5.6208397591388226e-05,"downloaders_without-hosting_left_share":null,"downloaders_without-hosting_right_share":null,"uploaders_all_delta_pp":null,"uploaders_all_observed_common_delta_pp":1.5939834828198078e-05,"uploaders_all_left_share":null,"uploaders_all_right_share":null,"uploaders_without-hosting_delta_pp":null,"uploaders_without-hosting_observed_common_delta_pp":0.00014299141241056032,"uploaders_without-hosting_left_share":null,"uploaders_without-hosting_right_share":null},"geometry":{"type":"Polygon","coordinates":[[[135.39506011672094,35.34645835621885],[135.30264887989136,35.3657317883985],[135.27173851409052,35.448025034525756],[135.33332519739145,35.5111771823451],[135.4259554554065,35.4919673423842],[135.4567796672713,35.40954169312125],[135.39506011672094,35.34645835621885]]]}},{"type":"Feature","properties":{"h3":"852e701bfffffff","countries":["JPN"],"common_intervals":11,"left_observed_intervals":17,"right_observed_intervals":18,"full_window_comparable":false,"expected_intervals":26,"downloaders_all_delta_pp":null,"downloaders_all_observed_common_delta_pp":4.089684747076252e-05,"downloaders_all_left_share":null,"downloaders_all_right_share":null,"downloaders_without-hosting_delta_pp":null,"downloaders_without-hosting_observed_common_delta_pp":5.434810332060474e-05,"downloaders_without-hosting_left_share":null,"downloaders_without-hosting_right_share":null,"uploaders_all_delta_pp":null,"uploaders_all_observed_common_delta_pp":4.912074041245867e-05,"uploaders_all_left_share":null,"uploaders_all_right_share":null,"uploaders_without-hosting_delta_pp":null,"uploaders_without-hosting_observed_common_delta_pp":6.167387775904576e-05,"uploaders_without-hosting_left_share":null,"uploaders_without-hosting_right_share":null},"geometry":{"type":"Polygon","coordinates":[[[138.56775016469564,37.30406376220678],[138.46948508346128,37.325080291436926],[138.44008594934226,37.40988541517043],[138.5090670412452,37.47380169709348],[138.60757253789663,37.45283800935729],[138.63685613023193,37.367905159131936],[138.56775016469564,37.30406376220678]]]}},{"type":"Feature","properties":{"h3":"852e70abfffffff","countries":["JPN"],"common_intervals":26,"left_observed_intervals":26,"right_observed_intervals":26,"full_window_comparable":true,"expected_intervals":26,"downloaders_all_delta_pp":6.972166337699749e-05,"downloaders_all_observed_common_delta_pp":6.972166337699749e-05,"downloaders_all_left_share":0.0004891737151935609,"downloaders_all_right_share":0.0004194520518165635,"downloaders_without-hosting_delta_pp":9.278703682221184e-05,"downloaders_without-hosting_observed_common_delta_pp":9.278703682221184e-05,"downloaders_without-hosting_left_share":0.000582342665788396,"downloaders_without-hosting_right_share":0.0004895556289661841,"uploaders_all_delta_pp":0.0002182023291980594,"uploaders_all_observed_common_delta_pp":0.0002182023291980594,"uploaders_all_left_share":0.0002320177113522663,"uploaders_all_right_share":1.3815382154206874e-05,"uploaders_without-hosting_delta_pp":0.00032100001509713887,"uploaders_without-hosting_observed_common_delta_pp":0.00032100001509713887,"uploaders_without-hosting_left_share":0.00033645359180583086,"uploaders_without-hosting_right_share":1.5453576708691997e-05},"geometry":{"type":"Polygon","coordinates":[[[138.19549316972,37.069815521134],[138.09790904495418,37.09061909995597],[138.06831373087516,37.17515221165286],[138.13641407976604,37.23901012804002],[138.23423619825405,37.21826076966717],[138.26371958340272,37.133599231540195],[138.19549316972,37.069815521134]]]}},{"type":"Feature","properties":{"h3":"852e70c3fffffff","countries":["JPN"],"common_intervals":0,"left_observed_intervals":2,"right_observed_intervals":0,"full_window_comparable":false,"expected_intervals":26,"downloaders_all_delta_pp":null,"downloaders_all_observed_common_delta_pp":null,"downloaders_all_left_share":null,"downloaders_all_right_share":null,"downloaders_without-hosting_delta_pp":null,"downloaders_without-hosting_observed_common_delta_pp":null,"downloaders_without-hosting_left_share":null,"downloaders_without-hosting_right_share":null,"uploaders_all_delta_pp":null,"uploaders_all_observed_common_delta_pp":null,"uploaders_all_left_share":null,"uploaders_all_right_share":null,"uploaders_without-hosting_delta_pp":null,"uploaders_without-hosting_observed_common_delta_pp":null,"uploaders_without-hosting_left_share":null,"uploaders_without-hosting_right_share":null},"geometry":{"type":"Polygon","coordinates":[[[138.86294506707227,37.24036880500357],[138.7644806690275,37.261708176996706],[138.73534158135078,37.346753458551945],[138.80478411818513,37.41058670926865],[138.9034891682318,37.38929877762296],[138.93251063166426,37.304126118143685],[138.86294506707227,37.24036880500357]]]}},{"type":"Feature","properties":{"h3":"852e70cbfffffff","countries":["JPN"],"common_intervals":26,"left_observed_intervals":26,"right_observed_intervals":26,"full_window_comparable":true,"expected_intervals":26,"downloaders_all_delta_pp":0.00026638476246454917,"downloaders_all_observed_common_delta_pp":0.00026638476246454917,"downloaders_all_left_share":0.0021285107902535598,"downloaders_all_right_share":0.0018621260277890104,"downloaders_without-hosting_delta_pp":0.0003577377663668116,"downloaders_without-hosting_observed_common_delta_pp":0.0003577377663668116,"downloaders_without-hosting_left_share":0.002532481737800492,"downloaders_without-hosting_right_share":0.0021747439714336803,"uploaders_all_delta_pp":0.0003043828431452397,"uploaders_all_observed_common_delta_pp":0.0003043828431452397,"uploaders_all_left_share":0.00039099917246458894,"uploaders_all_right_share":8.661632931934931e-05,"uploaders_without-hosting_delta_pp":0.0004527320233657256,"uploaders_without-hosting_observed_common_delta_pp":0.0004527320233657256,"uploaders_without-hosting_left_share":0.0005623018818598852,"uploaders_without-hosting_right_share":0.00010956985849415961},"geometry":{"type":"Polygon","coordinates":[[[138.9034891682318,37.38929877762296],[138.80478411818513,37.41058670926865],[138.77561750447165,37.49564701736624],[138.84527396216384,37.55954653965605],[138.94422074051528,37.53831003679321],[138.97326893239565,37.45312254690897],[138.9034891682318,37.38929877762296]]]}},{"type":"Feature","properties":{"h3":"852e70cffffffff","countries":["JPN"],"common_intervals":0,"left_observed_intervals":2,"right_observed_intervals":0,"full_window_comparable":false,"expected_intervals":26,"downloaders_all_delta_pp":null,"downloaders_all_observed_common_delta_pp":null,"downloaders_all_left_share":null,"downloaders_all_right_share":null,"downloaders_without-hosting_delta_pp":null,"downloaders_without-hosting_observed_common_delta_pp":null,"downloaders_without-hosting_left_share":null,"downloaders_without-hosting_right_share":null,"uploaders_all_delta_pp":null,"uploaders_all_observed_common_delta_pp":null,"uploaders_all_left_share":null,"uploaders_all_right_share":null,"uploaders_without-hosting_delta_pp":null,"uploaders_without-hosting_observed_common_delta_pp":null,"uploaders_without-hosting_left_share":null,"uploaders_without-hosting_right_share":null},"geometry":{"type":"Polygon","coordinates":[[[138.73534158135078,37.346753458551945],[138.63685613023193,37.367905159131936],[138.60757253789663,37.45283800935729],[138.6768909765513,37.51674657935661],[138.77561750447165,37.49564701736624],[138.80478411818513,37.41058670926865],[138.73534158135078,37.346753458551945]]]}},{"type":"Feature","properties":{"h3":"852e70d3fffffff","countries":["JPN"],"common_intervals":0,"left_observed_intervals":0,"right_observed_intervals":1,"full_window_comparable":false,"expected_intervals":26,"downloaders_all_delta_pp":null,"downloaders_all_observed_common_delta_pp":null,"downloaders_all_left_share":null,"downloaders_all_right_share":null,"downloaders_without-hosting_delta_pp":null,"downloaders_without-hosting_observed_common_delta_pp":null,"downloaders_without-hosting_left_share":null,"downloaders_without-hosting_right_share":null,"uploaders_all_delta_pp":null,"uploaders_all_observed_common_delta_pp":null,"uploaders_all_left_share":null,"uploaders_all_right_share":null,"uploaders_without-hosting_delta_pp":null,"uploaders_without-hosting_observed_common_delta_pp":null,"uploaders_without-hosting_left_share":null,"uploaders_without-hosting_right_share":null},"geometry":{"type":"Polygon","coordinates":[[[138.99038205328486,37.13368536550104],[138.8919397112642,37.1552120569125],[138.86294506707227,37.24036880500357],[138.93251063166426,37.304126118143685],[139.03119319477872,37.28265016594126],[139.06006957542277,37.19736612537558],[138.99038205328486,37.13368536550104]]]}},{"type":"Feature","properties":{"h3":"852e70d7fffffff","countries":["JPN"],"common_intervals":0,"left_observed_intervals":0,"right_observed_intervals":1,"full_window_comparable":false,"expected_intervals":26,"downloaders_all_delta_pp":null,"downloaders_all_observed_common_delta_pp":null,"downloaders_all_left_share":null,"downloaders_all_right_share":null,"downloaders_without-hosting_delta_pp":null,"downloaders_without-hosting_observed_common_delta_pp":null,"downloaders_without-hosting_left_share":null,"downloaders_without-hosting_right_share":null,"uploaders_all_delta_pp":null,"uploaders_all_observed_common_delta_pp":null,"uploaders_all_left_share":null,"uploaders_all_right_share":null,"uploaders_without-hosting_delta_pp":null,"uploaders_without-hosting_observed_common_delta_pp":null,"uploaders_without-hosting_left_share":null,"uploaders_without-hosting_right_share":null},"geometry":{"type":"Polygon","coordinates":[[[138.8225871860517,37.09152228870798],[138.72436237015637,37.11291310772154],[138.69525089242782,37.19794228550069],[138.7644806690275,37.261708176996706],[138.86294506707227,37.24036880500357],[138.8919397112642,37.1552120569125],[138.8225871860517,37.09152228870798]]]}},{"type":"Feature","properties":{"h3":"852e7123fffffff","countries":["JPN"],"common_intervals":0,"left_observed_intervals":4,"right_observed_intervals":3,"full_window_comparable":false,"expected_intervals":26,"downloaders_all_delta_pp":null,"downloaders_all_observed_common_delta_pp":null,"downloaders_all_left_share":null,"downloaders_all_right_share":null,"downloaders_without-hosting_delta_pp":null,"downloaders_without-hosting_observed_common_delta_pp":null,"downloaders_without-hosting_left_share":null,"downloaders_without-hosting_right_share":null,"uploaders_all_delta_pp":null,"uploaders_all_observed_common_delta_pp":null,"uploaders_all_left_share":null,"uploaders_all_right_share":null,"uploaders_without-hosting_delta_pp":null,"uploaders_without-hosting_observed_common_delta_pp":null,"uploaders_without-hosting_left_share":null,"uploaders_without-hosting_right_share":null},"geometry":{"type":"Polygon","coordinates":[[[136.79592758053562,36.97298263015049],[136.69989860300535,36.99252150207971],[136.66928440000564,37.07592227597843],[136.73479966132498,37.139914164414755],[136.83106224485525,37.12043544612611],[136.8615755825678,37.03690463136545],[136.79592758053562,36.97298263015049]]]}},{"type":"Feature","properties":{"h3":"852e7137fffffff","countries":["JPN"],"common_intervals":24,"left_observed_intervals":25,"right_observed_intervals":25,"full_window_comparable":false,"expected_intervals":26,"downloaders_all_delta_pp":null,"downloaders_all_observed_common_delta_pp":3.80977955407031e-06,"downloaders_all_left_share":null,"downloaders_all_right_share":null,"downloaders_without-hosting_delta_pp":null,"downloaders_without-hosting_observed_common_delta_pp":1.2889763961678234e-05,"downloaders_without-hosting_left_share":null,"downloaders_without-hosting_right_share":null,"uploaders_all_delta_pp":null,"uploaders_all_observed_common_delta_pp":-2.4039617289292755e-05,"uploaders_all_left_share":null,"uploaders_all_right_share":null,"uploaders_without-hosting_delta_pp":null,"uploaders_without-hosting_observed_common_delta_pp":-3.092834520981789e-05,"uploaders_without-hosting_left_share":null,"uploaders_without-hosting_right_share":null},"geometry":{"type":"Polygon","coordinates":[[[136.76095316989955,36.82562239337717],[136.66515674218837,36.845221378943705],[136.6345795535286,36.92860585803521],[136.69989860300535,36.99252150207971],[136.79592758053562,36.97298263015049],[136.82640458288068,36.88946794542855],[136.76095316989955,36.82562239337717]]]}},{"type":"Feature","properties":{"h3":"852e7177fffffff","countries":["JPN"],"common_intervals":0,"left_observed_intervals":0,"right_observed_intervals":1,"full_window_comparable":false,"expected_intervals":26,"downloaders_all_delta_pp":null,"downloaders_all_observed_common_delta_pp":null,"downloaders_all_left_share":null,"downloaders_all_right_share":null,"downloaders_without-hosting_delta_pp":null,"downloaders_without-hosting_observed_common_delta_pp":null,"downloaders_without-hosting_left_share":null,"downloaders_without-hosting_right_share":null,"uploaders_all_delta_pp":null,"uploaders_all_observed_common_delta_pp":null,"uploaders_all_left_share":null,"uploaders_all_right_share":null,"uploaders_without-hosting_delta_pp":null,"uploaders_without-hosting_observed_common_delta_pp":null,"uploaders_without-hosting_left_share":null,"uploaders_without-hosting_right_share":null},"geometry":{"type":"Polygon","coordinates":[[[136.99339940920646,37.164829264290546],[136.89690790305218,37.18443289835224],[136.8663582402114,37.26797880598351],[136.93240262973592,37.332050704181746],[137.029129566092,37.31250662456038],[137.05957629953008,37.228831040023685],[136.99339940920646,37.164829264290546]]]}},{"type":"Feature","properties":{"h3":"852e7187fffffff","countries":["JPN"],"common_intervals":26,"left_observed_intervals":26,"right_observed_intervals":26,"full_window_comparable":true,"expected_intervals":26,"downloaders_all_delta_pp":0.0003808615921470917,"downloaders_all_observed_common_delta_pp":0.0003808615921470917,"downloaders_all_left_share":0.003938418985322254,"downloaders_all_right_share":0.0035575573931751624,"downloaders_without-hosting_delta_pp":0.000531118477176868,"downloaders_without-hosting_observed_common_delta_pp":0.000531118477176868,"downloaders_without-hosting_left_share":0.004684853900236108,"downloaders_without-hosting_right_share":0.00415373542305924,"uploaders_all_delta_pp":4.52153803418429e-06,"uploaders_all_observed_common_delta_pp":4.52153803418429e-06,"uploaders_all_left_share":0.0006861897380055394,"uploaders_all_right_share":0.0006816681999713551,"uploaders_without-hosting_delta_pp":0.0001312195893723066,"uploaders_without-hosting_observed_common_delta_pp":0.0001312195893723066,"uploaders_without-hosting_left_share":0.0009837294213277997,"uploaders_without-hosting_right_share":0.000852509831955493},"geometry":{"type":"Polygon","coordinates":[[[137.30106700445666,36.558258887071375],[137.2050644818204,36.578531239233065],[137.17499911025456,36.66238224314091],[137.2410394424622,36.726090748949765],[137.33727433270053,36.70587586685182],[137.36723614703246,36.62189495717692],[137.30106700445666,36.558258887071375]]]}},{"type":"Feature","properties":{"h3":"852e718bfffffff","countries":["JPN"],"common_intervals":9,"left_observed_intervals":14,"right_observed_intervals":14,"full_window_comparable":false,"expected_intervals":26,"downloaders_all_delta_pp":null,"downloaders_all_observed_common_delta_pp":2.6209338262407335e-05,"downloaders_all_left_share":null,"downloaders_all_right_share":null,"downloaders_without-hosting_delta_pp":null,"downloaders_without-hosting_observed_common_delta_pp":1.1766912900679247e-05,"downloaders_without-hosting_left_share":null,"downloaders_without-hosting_right_share":null,"uploaders_all_delta_pp":null,"uploaders_all_observed_common_delta_pp":0.00011653341071151806,"uploaders_all_left_share":null,"uploaders_all_right_share":null,"uploaders_without-hosting_delta_pp":null,"uploaders_without-hosting_observed_common_delta_pp":0.0,"uploaders_without-hosting_left_share":null,"uploaders_without-hosting_right_share":null},"geometry":{"type":"Polygon","coordinates":[[[137.50010116400065,36.749246799012106],[137.40364256870933,36.76958819610282],[137.37364713461722,36.85358769316482],[137.4402155413346,36.917375272659385],[137.5369082708111,36.89709073705678],[137.5667980787747,36.812961710917065],[137.50010116400065,36.749246799012106]]]}},{"type":"Feature","properties":{"h3":"852e718ffffffff","countries":["JPN"],"common_intervals":1,"left_observed_intervals":4,"right_observed_intervals":3,"full_window_comparable":false,"expected_intervals":26,"downloaders_all_delta_pp":null,"downloaders_all_observed_common_delta_pp":8.130223444092436e-05,"downloaders_all_left_share":null,"downloaders_all_right_share":null,"downloaders_without-hosting_delta_pp":null,"downloaders_without-hosting_observed_common_delta_pp":0.00010046550502889665,"downloaders_without-hosting_left_share":null,"downloaders_without-hosting_right_share":null,"uploaders_all_delta_pp":null,"uploaders_all_observed_common_delta_pp":0.0,"uploaders_all_left_share":null,"uploaders_all_right_share":null,"uploaders_without-hosting_delta_pp":null,"uploaders_without-hosting_observed_common_delta_pp":0.0,"uploaders_without-hosting_left_share":null,"uploaders_without-hosting_right_share":null},"geometry":{"type":"Polygon","coordinates":[[[137.33727433270053,36.70587586685182],[137.2410394424622,36.726090748949765],[137.21093975260584,36.80996050418581],[137.27717883007114,36.873745068170464],[137.37364713461722,36.85358769316482],[137.40364256870933,36.76958819610282],[137.33727433270053,36.70587586685182]]]}},{"type":"Feature","properties":{"h3":"852e71a3fffffff","countries":["JPN"],"common_intervals":26,"left_observed_intervals":26,"right_observed_intervals":26,"full_window_comparable":true,"expected_intervals":26,"downloaders_all_delta_pp":0.00010408618404687414,"downloaders_all_observed_common_delta_pp":0.00010408618404687414,"downloaders_all_left_share":0.0009131277731967558,"downloaders_all_right_share":0.0008090415891498816,"downloaders_without-hosting_delta_pp":0.00014097140511451278,"downloaders_without-hosting_observed_common_delta_pp":0.00014097140511451278,"downloaders_without-hosting_left_share":0.0010849624305219823,"downloaders_without-hosting_right_share":0.0009439910254074695,"uploaders_all_delta_pp":-1.3761212368154667e-05,"uploaders_all_observed_common_delta_pp":-1.3761212368154667e-05,"uploaders_all_left_share":0.00015115164915007942,"uploaders_all_right_share":0.0001649128615182341,"uploaders_without-hosting_delta_pp":9.984479105798103e-06,"uploaders_without-hosting_observed_common_delta_pp":9.984479105798103e-06,"uploaders_without-hosting_left_share":0.00022133179041704243,"uploaders_without-hosting_right_share":0.00021134731131124436},"geometry":{"type":"Polygon","coordinates":[[[137.0132752885568,36.61876818708149],[136.91748952907412,36.63873312051712],[136.88718541033504,36.72234278151996],[136.95276821271707,36.78611760189639],[137.04878592310294,36.76621144586138],[137.07898850545064,36.68247163826837],[137.0132752885568,36.61876818708149]]]}},{"type":"Feature","properties":{"h3":"852e71a7fffffff","countries":["JPN"],"common_intervals":13,"left_observed_intervals":17,"right_observed_intervals":18,"full_window_comparable":false,"expected_intervals":26,"downloaders_all_delta_pp":null,"downloaders_all_observed_common_delta_pp":3.056304663243405e-05,"downloaders_all_left_share":null,"downloaders_all_right_share":null,"downloaders_without-hosting_delta_pp":null,"downloaders_without-hosting_observed_common_delta_pp":3.969774414197735e-05,"downloaders_without-hosting_left_share":null,"downloaders_without-hosting_right_share":null,"uploaders_all_delta_pp":null,"uploaders_all_observed_common_delta_pp":3.2755456117269775e-05,"uploaders_all_left_share":null,"uploaders_all_right_share":null,"uploaders_without-hosting_delta_pp":null,"uploaders_without-hosting_observed_common_delta_pp":3.8344969753487857e-05,"uploaders_without-hosting_left_share":null,"uploaders_without-hosting_right_share":null},"geometry":{"type":"Polygon","coordinates":[[[136.85210262576868,36.575035945479996],[136.7565422512042,36.59487743965532],[136.72613794492185,36.67835676192943],[136.79139382799136,36.74212487359949],[136.88718541033504,36.72234278151996],[136.91748952907412,36.63873312051712],[136.85210262576868,36.575035945479996]]]}},{"type":"Feature","properties":{"h3":"852e71abfffffff","countries":["JPN"],"common_intervals":4,"left_observed_intervals":10,"right_observed_intervals":7,"full_window_comparable":false,"expected_intervals":26,"downloaders_all_delta_pp":null,"downloaders_all_observed_common_delta_pp":1.5822529290117105e-05,"downloaders_all_left_share":null,"downloaders_all_right_share":null,"downloaders_without-hosting_delta_pp":null,"downloaders_without-hosting_observed_common_delta_pp":2.213503711027446e-05,"downloaders_without-hosting_left_share":null,"downloaders_without-hosting_right_share":null,"uploaders_all_delta_pp":null,"uploaders_all_observed_common_delta_pp":0.0,"uploaders_all_left_share":null,"uploaders_all_right_share":null,"uploaders_without-hosting_delta_pp":null,"uploaders_without-hosting_observed_common_delta_pp":0.0,"uploaders_without-hosting_left_share":null,"uploaders_without-hosting_right_share":null},"geometry":{"type":"Polygon","coordinates":[[[137.04878592310294,36.76621144586138],[136.95276821271707,36.78611760189639],[136.92242841868605,36.869745300477],[136.98820817994334,36.93359677406731],[137.08445888953278,36.91374943627173],[137.11469646132232,36.829991753581744],[137.04878592310294,36.76621144586138]]]}},{"type":"Feature","properties":{"h3":"852e71b7fffffff","countries":["JPN"],"common_intervals":25,"left_observed_intervals":25,"right_observed_intervals":26,"full_window_comparable":false,"expected_intervals":26,"downloaders_all_delta_pp":null,"downloaders_all_observed_common_delta_pp":7.701946866618122e-05,"downloaders_all_left_share":null,"downloaders_all_right_share":null,"downloaders_without-hosting_delta_pp":null,"downloaders_without-hosting_observed_common_delta_pp":9.692166178837166e-05,"downloaders_without-hosting_left_share":null,"downloaders_without-hosting_right_share":null,"uploaders_all_delta_pp":null,"uploaders_all_observed_common_delta_pp":3.206310018115652e-05,"uploaders_all_left_share":null,"uploaders_all_right_share":null,"uploaders_without-hosting_delta_pp":null,"uploaders_without-hosting_observed_common_delta_pp":4.5670442089879436e-05,"uploaders_without-hosting_left_share":null,"uploaders_without-hosting_right_share":null},"geometry":{"type":"Polygon","coordinates":[[[136.97792590745453,36.47142169049916],[136.88237105710513,36.491445355901384],[136.85210262576868,36.575035945479996],[136.91748952907412,36.63873312051712],[137.0132752885568,36.61876818708149],[137.0434428634121,36.535047292153294],[136.97792590745453,36.47142169049916]]]}},{"type":"Feature","properties":{"h3":"852e71bbfffffff","countries":["JPN"],"common_intervals":23,"left_observed_intervals":25,"right_observed_intervals":24,"full_window_comparable":false,"expected_intervals":26,"downloaders_all_delta_pp":null,"downloaders_all_observed_common_delta_pp":8.069408294010964e-05,"downloaders_all_left_share":null,"downloaders_all_right_share":null,"downloaders_without-hosting_delta_pp":null,"downloaders_without-hosting_observed_common_delta_pp":0.00010163997190949063,"downloaders_without-hosting_left_share":null,"downloaders_without-hosting_right_share":null,"uploaders_all_delta_pp":null,"uploaders_all_observed_common_delta_pp":5.671747815028652e-05,"uploaders_all_left_share":null,"uploaders_all_right_share":null,"uploaders_without-hosting_delta_pp":null,"uploaders_without-hosting_observed_common_delta_pp":7.432228349876023e-05,"uploaders_without-hosting_left_share":null,"uploaders_without-hosting_right_share":null},"geometry":{"type":"Polygon","coordinates":[[[137.17499911025456,36.66238224314091],[137.07898850545064,36.68247163826837],[137.04878592310294,36.76621144586138],[137.11469646132232,36.829991753581744],[137.21093975260584,36.80996050418581],[137.2410394424622,36.726090748949765],[137.17499911025456,36.66238224314091]]]}},{"type":"Feature","properties":{"h3":"852e71dbfffffff","countries":["JPN"],"common_intervals":1,"left_observed_intervals":3,"right_observed_intervals":4,"full_window_comparable":false,"expected_intervals":26,"downloaders_all_delta_pp":null,"downloaders_all_observed_common_delta_pp":7.082151475630001e-05,"downloaders_all_left_share":null,"downloaders_all_right_share":null,"downloaders_without-hosting_delta_pp":null,"downloaders_without-hosting_observed_common_delta_pp":8.808479526479322e-05,"downloaders_without-hosting_left_share":null,"downloaders_without-hosting_right_share":null,"uploaders_all_delta_pp":null,"uploaders_all_observed_common_delta_pp":0.0,"uploaders_all_left_share":null,"uploaders_all_right_share":null,"uploaders_without-hosting_delta_pp":null,"uploaders_without-hosting_observed_common_delta_pp":0.0,"uploaders_without-hosting_left_share":null,"uploaders_without-hosting_right_share":null},"geometry":{"type":"Polygon","coordinates":[[[137.8650924389795,36.98371522546665],[137.76795270845335,37.004257197639056],[137.73813775201845,37.0885327321986],[137.8055712599295,37.152395155569835],[137.9029475995396,37.13190875234817],[137.93265343512604,37.04750431090739],[137.8650924389795,36.98371522546665]]]}},{"type":"Feature","properties":{"h3":"852e7293fffffff","countries":["JPN"],"common_intervals":26,"left_observed_intervals":26,"right_observed_intervals":26,"full_window_comparable":true,"expected_intervals":26,"downloaders_all_delta_pp":0.0010670918563162152,"downloaders_all_observed_common_delta_pp":0.0010670918563162152,"downloaders_all_left_share":0.0054195115425260355,"downloaders_all_right_share":0.00435241968620982,"downloaders_without-hosting_delta_pp":0.001374008875457915,"downloaders_without-hosting_observed_common_delta_pp":0.001374008875457915,"downloaders_without-hosting_left_share":0.0064511348734623275,"downloaders_without-hosting_right_share":0.005077125998004413,"uploaders_all_delta_pp":0.0012322399069357613,"uploaders_all_observed_common_delta_pp":0.0012322399069357613,"uploaders_all_left_share":0.001946229769668884,"uploaders_all_right_share":0.0007139898627331223,"uploaders_without-hosting_delta_pp":0.0018214876875290746,"uploaders_without-hosting_observed_common_delta_pp":0.0018214876875290746,"uploaders_without-hosting_left_share":0.0027107315580339832,"uploaders_without-hosting_right_share":0.0008892438705049083},"geometry":{"type":"Polygon","coordinates":[[[139.02625135669567,37.83656769019259],[138.9268178668029,37.85770138992577],[138.89756919997308,37.94280029358264],[138.96787447095107,38.00689203516162],[139.06755295720365,37.98580969981698],[139.09668076742352,37.900584225069196],[139.02625135669567,37.83656769019259]]]}},{"type":"Feature","properties":{"h3":"852e72a3fffffff","countries":["JPN"],"common_intervals":0,"left_observed_intervals":3,"right_observed_intervals":0,"full_window_comparable":false,"expected_intervals":26,"downloaders_all_delta_pp":null,"downloaders_all_observed_common_delta_pp":null,"downloaders_all_left_share":null,"downloaders_all_right_share":null,"downloaders_without-hosting_delta_pp":null,"downloaders_without-hosting_observed_common_delta_pp":null,"downloaders_without-hosting_left_share":null,"downloaders_without-hosting_right_share":null,"uploaders_all_delta_pp":null,"uploaders_all_observed_common_delta_pp":null,"uploaders_all_left_share":null,"uploaders_all_right_share":null,"uploaders_without-hosting_delta_pp":null,"uploaders_without-hosting_observed_common_delta_pp":null,"uploaders_without-hosting_left_share":null,"uploaders_without-hosting_right_share":null},"geometry":{"type":"Polygon","coordinates":[[[138.43065425181936,37.961728368705344],[138.3316259802577,37.98220663101035],[138.3018478750974,38.06681843148593],[138.37121421663224,38.13107919355881],[138.470487002334,38.11065511488302],[138.50014852527346,38.025916052424805],[138.43065425181936,37.961728368705344]]]}},{"type":"Feature","properties":{"h3":"852e7423fffffff","countries":["JPN"],"common_intervals":0,"left_observed_intervals":1,"right_observed_intervals":0,"full_window_comparable":false,"expected_intervals":26,"downloaders_all_delta_pp":null,"downloaders_all_observed_common_delta_pp":null,"downloaders_all_left_share":null,"downloaders_all_right_share":null,"downloaders_without-hosting_delta_pp":null,"downloaders_without-hosting_observed_common_delta_pp":null,"downloaders_without-hosting_left_share":null,"downloaders_without-hosting_right_share":null,"uploaders_all_delta_pp":null,"uploaders_all_observed_common_delta_pp":null,"uploaders_all_left_share":null,"uploaders_all_right_share":null,"uploaders_without-hosting_delta_pp":null,"uploaders_without-hosting_observed_common_delta_pp":null,"uploaders_without-hosting_left_share":null,"uploaders_without-hosting_right_share":null},"geometry":{"type":"Polygon","coordinates":[[[138.8289970579834,36.538693035567654],[138.73150501647774,36.560422697805926],[138.7026185142041,36.645505035495944],[138.77133879728967,36.70898570736266],[138.8690668389434,36.68730678031834],[138.89783821108344,36.60209640700246],[138.8289970579834,36.538693035567654]]]}},{"type":"Feature","properties":{"h3":"852e7433fffffff","countries":["JPN"],"common_intervals":8,"left_observed_intervals":14,"right_observed_intervals":17,"full_window_comparable":false,"expected_intervals":26,"downloaders_all_delta_pp":null,"downloaders_all_observed_common_delta_pp":-3.4722810085676877e-06,"downloaders_all_left_share":null,"downloaders_all_right_share":null,"downloaders_without-hosting_delta_pp":null,"downloaders_without-hosting_observed_common_delta_pp":-1.9121901385648436e-07,"downloaders_without-hosting_left_share":null,"downloaders_without-hosting_right_share":null,"uploaders_all_delta_pp":null,"uploaders_all_observed_common_delta_pp":5.345421112275225e-05,"uploaders_all_left_share":null,"uploaders_all_right_share":null,"uploaders_without-hosting_delta_pp":null,"uploaders_without-hosting_observed_common_delta_pp":6.723321858864027e-05,"uploaders_without-hosting_left_share":null,"uploaders_without-hosting_right_share":null},"geometry":{"type":"Polygon","coordinates":[[[138.95521263927688,36.43158996900757],[138.8577419555167,36.45350376782853],[138.8289970579834,36.538693035567654],[138.89783821108344,36.60209640700246],[138.99554447839932,36.58023263769531],[139.02417362372853,36.49491542899014],[138.95521263927688,36.43158996900757]]]}},{"type":"Feature","properties":{"h3":"852e743bfffffff","countries":["JPN"],"common_intervals":2,"left_observed_intervals":8,"right_observed_intervals":6,"full_window_comparable":false,"expected_intervals":26,"downloaders_all_delta_pp":null,"downloaders_all_observed_common_delta_pp":3.6461671973171675e-05,"downloaders_all_left_share":null,"downloaders_all_right_share":null,"downloaders_without-hosting_delta_pp":null,"downloaders_without-hosting_observed_common_delta_pp":4.791059919210403e-05,"downloaders_without-hosting_left_share":null,"downloaders_without-hosting_right_share":null,"uploaders_all_delta_pp":null,"uploaders_all_observed_common_delta_pp":0.0,"uploaders_all_left_share":null,"uploaders_all_right_share":null,"uploaders_without-hosting_delta_pp":null,"uploaders_without-hosting_observed_common_delta_pp":0.0,"uploaders_without-hosting_left_share":null,"uploaders_without-hosting_right_share":null},"geometry":{"type":"Polygon","coordinates":[[[138.99554447839932,36.58023263769531],[138.89783821108344,36.60209640700246],[138.8690668389434,36.68730678031834],[138.9381178743971,36.75078110853221],[139.03606076608204,36.72896737733152],[139.0647156100345,36.64362924214704],[138.99554447839932,36.58023263769531]]]}},{"type":"Feature","properties":{"h3":"852e746ffffffff","countries":["JPN"],"common_intervals":4,"left_observed_intervals":9,"right_observed_intervals":13,"full_window_comparable":false,"expected_intervals":26,"downloaders_all_delta_pp":null,"downloaders_all_observed_common_delta_pp":3.588697640047165e-05,"downloaders_all_left_share":null,"downloaders_all_right_share":null,"downloaders_without-hosting_delta_pp":null,"downloaders_without-hosting_observed_common_delta_pp":4.598868423828499e-05,"downloaders_without-hosting_left_share":null,"downloaders_without-hosting_right_share":null,"uploaders_all_delta_pp":null,"uploaders_all_observed_common_delta_pp":0.0,"uploaders_all_left_share":null,"uploaders_all_right_share":null,"uploaders_without-hosting_delta_pp":null,"uploaders_without-hosting_observed_common_delta_pp":0.0,"uploaders_without-hosting_left_share":null,"uploaders_without-hosting_right_share":null},"geometry":{"type":"Polygon","coordinates":[[[138.9497581080174,36.98480509396317],[138.85155492238403,37.00638253080653],[138.8225871860517,37.09152228870798],[138.8919397112642,37.1552120569125],[138.99038205328486,37.13368536550104],[139.01923231957906,37.048418123626725],[138.9497581080174,36.98480509396317]]]}},{"type":"Feature","properties":{"h3":"852e7483fffffff","countries":["JPN"],"common_intervals":26,"left_observed_intervals":26,"right_observed_intervals":26,"full_window_comparable":true,"expected_intervals":26,"downloaders_all_delta_pp":0.00023139069620595947,"downloaders_all_observed_common_delta_pp":0.00023139069620595947,"downloaders_all_left_share":0.0028348029769715848,"downloaders_all_right_share":0.002603412280765625,"downloaders_without-hosting_delta_pp":0.00033164031058687075,"downloaders_without-hosting_observed_common_delta_pp":0.00033164031058687075,"downloaders_without-hosting_left_share":0.0033731011714185698,"downloaders_without-hosting_right_share":0.0030414608608316986,"uploaders_all_delta_pp":0.00048261113055649604,"uploaders_all_observed_common_delta_pp":0.00048261113055649604,"uploaders_all_left_share":0.0009857116652211505,"uploaders_all_right_share":0.0005031005346646546,"uploaders_without-hosting_delta_pp":0.0007960819189755002,"uploaders_without-hosting_observed_common_delta_pp":0.0007960819189755002,"uploaders_without-hosting_left_share":0.0014184859331388628,"uploaders_without-hosting_right_share":0.0006224040141633628},"geometry":{"type":"Polygon","coordinates":[[[139.4997962815297,36.14903707094942],[139.40218682524795,36.171636289096455],[139.37398393194078,36.25726800099148],[139.4435090769232,36.32042779206185],[139.54135341312627,36.29787576331764],[139.56943734056904,36.21211671954737],[139.4997962815297,36.14903707094942]]]}},{"type":"Feature","properties":{"h3":"852e7487fffffff","countries":["JPN"],"common_intervals":20,"left_observed_intervals":22,"right_observed_intervals":23,"full_window_comparable":false,"expected_intervals":26,"downloaders_all_delta_pp":null,"downloaders_all_observed_common_delta_pp":5.445960923882664e-05,"downloaders_all_left_share":null,"downloaders_all_right_share":null,"downloaders_without-hosting_delta_pp":null,"downloaders_without-hosting_observed_common_delta_pp":7.031318463556748e-05,"downloaders_without-hosting_left_share":null,"downloaders_without-hosting_right_share":null,"uploaders_all_delta_pp":null,"uploaders_all_observed_common_delta_pp":1.1616124575835501e-05,"uploaders_all_left_share":null,"uploaders_all_right_share":null,"uploaders_without-hosting_delta_pp":null,"uploaders_without-hosting_observed_common_delta_pp":3.3321191493836814e-05,"uploaders_without-hosting_left_share":null,"uploaders_without-hosting_right_share":null},"geometry":{"type":"Polygon","coordinates":[[[139.33287257590166,36.10854820210341],[139.23547176799747,36.13101206290424],[139.20715129276525,36.21651615091913],[139.2763488249943,36.2796839658878],[139.37398393194078,36.25726800099148],[139.40218682524795,36.171636289096455],[139.33287257590166,36.10854820210341]]]}},{"type":"Feature","properties":{"h3":"852e748bfffffff","countries":["JPN"],"common_intervals":26,"left_observed_intervals":26,"right_observed_intervals":26,"full_window_comparable":true,"expected_intervals":26,"downloaders_all_delta_pp":0.00015681352296148014,"downloaders_all_observed_common_delta_pp":0.00015681352296148014,"downloaders_all_left_share":0.0008680547819082851,"downloaders_all_right_share":0.000711241258946805,"downloaders_without-hosting_delta_pp":0.00020365063846168832,"downloaders_without-hosting_observed_common_delta_pp":0.00020365063846168832,"downloaders_without-hosting_left_share":0.0010324299391148472,"downloaders_without-hosting_right_share":0.0008287793006531588,"uploaders_all_delta_pp":0.00018090802858883694,"uploaders_all_observed_common_delta_pp":0.00018090802858883694,"uploaders_all_left_share":0.00024848463483887216,"uploaders_all_right_share":6.75766062500352e-05,"uploaders_without-hosting_delta_pp":0.0002672857244391082,"uploaders_without-hosting_observed_common_delta_pp":0.0002672857244391082,"uploaders_without-hosting_left_share":0.0003543544731453989,"uploaders_without-hosting_right_share":8.706874870629073e-05},"geometry":{"type":"Polygon","coordinates":[[[139.54135341312627,36.29787576331764],[139.4435090769232,36.32042779206185],[139.41528254090468,36.40608312539432],[139.48501971348608,36.4693135488935],[139.5830999559881,36.44680871495377],[139.61120673321946,36.36102622895174],[139.54135341312627,36.29787576331764]]]}},{"type":"Feature","properties":{"h3":"852e748ffffffff","countries":["JPN"],"common_intervals":26,"left_observed_intervals":26,"right_observed_intervals":26,"full_window_comparable":true,"expected_intervals":26,"downloaders_all_delta_pp":0.00015983191275129458,"downloaders_all_observed_common_delta_pp":0.00015983191275129458,"downloaders_all_left_share":0.0015082394131911716,"downloaders_all_right_share":0.0013484075004398773,"downloaders_without-hosting_delta_pp":0.00022020742687864706,"downloaders_without-hosting_observed_common_delta_pp":0.00022020742687864706,"downloaders_without-hosting_left_share":0.001794214521648213,"downloaders_without-hosting_right_share":0.001574007094769566,"uploaders_all_delta_pp":0.0007090075554095238,"uploaders_all_observed_common_delta_pp":0.0007090075554095238,"uploaders_all_left_share":0.0012422185077291448,"uploaders_all_right_share":0.0005332109523196207,"uploaders_without-hosting_delta_pp":0.0010857324341976486,"uploaders_without-hosting_observed_common_delta_pp":0.0010857324341976486,"uploaders_without-hosting_left_share":0.001745691648069949,"uploaders_without-hosting_right_share":0.0006599592138723005},"geometry":{"type":"Polygon","coordinates":[[[139.37398393194078,36.25726800099148],[139.2763488249943,36.2796839658878],[139.24800392329706,36.36521185155805],[139.3174121093266,36.42845118465406],[139.41528254090468,36.40608312539432],[139.4435090769232,36.32042779206185],[139.37398393194078,36.25726800099148]]]}},{"type":"Feature","properties":{"h3":"852e7493fffffff","countries":["JPN"],"common_intervals":26,"left_observed_intervals":26,"right_observed_intervals":26,"full_window_comparable":true,"expected_intervals":26,"downloaders_all_delta_pp":1.936458545741216e-05,"downloaders_all_observed_common_delta_pp":1.936458545741216e-05,"downloaders_all_left_share":0.0005315346724842484,"downloaders_all_right_share":0.0005121700870268362,"downloaders_without-hosting_delta_pp":3.456538315439617e-05,"downloaders_without-hosting_observed_common_delta_pp":3.456538315439617e-05,"downloaders_without-hosting_left_share":0.0006331334550614708,"downloaders_without-hosting_right_share":0.0005985680719070745,"uploaders_all_delta_pp":-0.00019326983910932527,"uploaders_all_observed_common_delta_pp":-0.00019326983910932527,"uploaders_all_left_share":2.0464858936284287e-05,"uploaders_all_right_share":0.00021373469804560958,"uploaders_without-hosting_delta_pp":-0.00023564623414899064,"uploaders_without-hosting_observed_common_delta_pp":-0.00023564623414899064,"uploaders_without-hosting_left_share":2.4992157758762448e-05,"uploaders_without-hosting_right_share":0.0002606383919077531},"geometry":{"type":"Polygon","coordinates":[[[139.6254400956999,36.0405205031727],[139.52785724763973,36.0633025511608],[139.4997962815297,36.14903707094942],[139.56943734056904,36.21211671954737],[139.6672546182052,36.18938114209011],[139.69519602443003,36.10351941174491],[139.6254400956999,36.0405205031727]]]}},{"type":"Feature","properties":{"h3":"852e7497fffffff","countries":["JPN"],"common_intervals":26,"left_observed_intervals":26,"right_observed_intervals":26,"full_window_comparable":true,"expected_intervals":26,"downloaders_all_delta_pp":0.0001919843497590616,"downloaders_all_observed_common_delta_pp":0.0001919843497590616,"downloaders_all_left_share":0.00198563469801167,"downloaders_all_right_share":0.0017936503482526085,"downloaders_without-hosting_delta_pp":0.00027054011259011664,"downloaders_without-hosting_observed_common_delta_pp":0.00027054011259011664,"downloaders_without-hosting_left_share":0.002362408774539808,"downloaders_without-hosting_right_share":0.002091868661949691,"uploaders_all_delta_pp":-0.00012071539921990031,"uploaders_all_observed_common_delta_pp":-0.00012071539921990031,"uploaders_all_left_share":0.0010513987892941843,"uploaders_all_right_share":0.001172114188514085,"uploaders_without-hosting_delta_pp":2.4620790198962075e-05,"uploaders_without-hosting_observed_common_delta_pp":2.4620790198962075e-05,"uploaders_without-hosting_left_share":0.0014866773787579738,"uploaders_without-hosting_right_share":0.0014620565885590116},"geometry":{"type":"Polygon","coordinates":[[[139.45842731845698,36.0002947919918],[139.36105172165813,36.02294118944946],[139.33287257590166,36.10854820210341],[139.40218682524795,36.171636289096455],[139.4997962815297,36.14903707094942],[139.52785724763973,36.0633025511608],[139.45842731845698,36.0002947919918]]]}},{"type":"Feature","properties":{"h3":"852e749bfffffff","countries":["JPN"],"common_intervals":26,"left_observed_intervals":26,"right_observed_intervals":26,"full_window_comparable":true,"expected_intervals":26,"downloaders_all_delta_pp":8.853428205354521e-05,"downloaders_all_observed_common_delta_pp":8.853428205354521e-05,"downloaders_all_left_share":0.000547803591271944,"downloaders_all_right_share":0.00045926930921839877,"downloaders_without-hosting_delta_pp":0.00011549549158237647,"downloaders_without-hosting_observed_common_delta_pp":0.00011549549158237647,"downloaders_without-hosting_left_share":0.000651744475379261,"downloaders_without-hosting_right_share":0.0005362489837968845,"uploaders_all_delta_pp":-5.7537329889672316e-05,"uploaders_all_observed_common_delta_pp":-5.7537329889672316e-05,"uploaders_all_left_share":3.340988300875636e-05,"uploaders_all_right_share":9.094721289842869e-05,"uploaders_without-hosting_delta_pp":-7.3278115882544e-05,"uploaders_without-hosting_observed_common_delta_pp":-7.3278115882544e-05,"uploaders_without-hosting_left_share":4.040159176435314e-05,"uploaders_without-hosting_right_share":0.00011367970764689711},"geometry":{"type":"Polygon","coordinates":[[[139.6672546182052,36.18938114209011],[139.56943734056904,36.21211671954737],[139.54135341312627,36.29787576331764],[139.61120673321946,36.36102622895174],[139.7092594615574,36.33833712779391],[139.73722303378742,36.252451051737275],[139.6672546182052,36.18938114209011]]]}},{"type":"Feature","properties":{"h3":"852e74a3fffffff","countries":["JPN"],"common_intervals":26,"left_observed_intervals":26,"right_observed_intervals":26,"full_window_comparable":true,"expected_intervals":26,"downloaders_all_delta_pp":0.0005657073643507338,"downloaders_all_observed_common_delta_pp":0.0005657073643507338,"downloaders_all_left_share":0.002705725205895569,"downloaders_all_right_share":0.002140017841544835,"downloaders_without-hosting_delta_pp":0.0007224898549014077,"downloaders_without-hosting_observed_common_delta_pp":0.0007224898549014077,"downloaders_without-hosting_left_share":0.0032189131138847986,"downloaders_without-hosting_right_share":0.0024964232589833905,"uploaders_all_delta_pp":0.0004832755943295544,"uploaders_all_observed_common_delta_pp":0.0004832755943295544,"uploaders_all_left_share":0.0007120115034824597,"uploaders_all_right_share":0.00022873590915290537,"uploaders_without-hosting_delta_pp":0.00074362376982435,"uploaders_without-hosting_observed_common_delta_pp":0.00074362376982435,"uploaders_without-hosting_left_share":0.0010223631614654732,"uploaders_without-hosting_right_share":0.0002787393916411233},"geometry":{"type":"Polygon","coordinates":[[[139.0408557321917,36.175622513422866],[138.94364150772049,36.19776937184361],[138.91506403173253,36.28304150738336],[138.98381599457977,36.34629476107682],[139.08126435049917,36.32419721001823],[139.10972623030324,36.238797059445865],[139.0408557321917,36.175622513422866]]]}},{"type":"Feature","properties":{"h3":"852e74a7fffffff","countries":["JPN"],"common_intervals":2,"left_observed_intervals":6,"right_observed_intervals":3,"full_window_comparable":false,"expected_intervals":26,"downloaders_all_delta_pp":null,"downloaders_all_observed_common_delta_pp":-1.0579782256580145e-05,"downloaders_all_left_share":null,"downloaders_all_right_share":null,"downloaders_without-hosting_delta_pp":null,"downloaders_without-hosting_observed_common_delta_pp":-6.403504343553167e-06,"downloaders_without-hosting_left_share":null,"downloaders_without-hosting_right_share":null,"uploaders_all_delta_pp":null,"uploaders_all_observed_common_delta_pp":0.0,"uploaders_all_left_share":null,"uploaders_all_right_share":null,"uploaders_without-hosting_delta_pp":null,"uploaders_without-hosting_observed_common_delta_pp":0.0,"uploaders_without-hosting_left_share":null,"uploaders_without-hosting_right_share":null},"geometry":{"type":"Polygon","coordinates":[[[138.87509744909718,36.134589378845845],[138.77809483457574,36.15660319208431],[138.74940313856834,36.241747040101316],[138.81782789686693,36.3050053224081],[138.91506403173253,36.28304150738336],[138.94364150772049,36.19776937184361],[138.87509744909718,36.134589378845845]]]}},{"type":"Feature","properties":{"h3":"852e74abfffffff","countries":["JPN"],"common_intervals":26,"left_observed_intervals":26,"right_observed_intervals":26,"full_window_comparable":true,"expected_intervals":26,"downloaders_all_delta_pp":0.0004962876895860202,"downloaders_all_observed_common_delta_pp":0.0004962876895860202,"downloaders_all_left_share":0.002499046094676183,"downloaders_all_right_share":0.0020027584050901627,"downloaders_without-hosting_delta_pp":0.0006384055654262809,"downloaders_without-hosting_observed_common_delta_pp":0.0006384055654262809,"downloaders_without-hosting_left_share":0.002972911953792581,"downloaders_without-hosting_right_share":0.0023345063883663,"uploaders_all_delta_pp":0.0017499273910319918,"uploaders_all_observed_common_delta_pp":0.0017499273910319918,"uploaders_all_left_share":0.002830393753866077,"uploaders_all_right_share":0.0010804663628340848,"uploaders_without-hosting_delta_pp":0.0027162502803452,"uploaders_without-hosting_observed_common_delta_pp":0.0027162502803452,"uploaders_without-hosting_left_share":0.004028657912743809,"uploaders_without-hosting_right_share":0.0013124076323986092},"geometry":{"type":"Polygon","coordinates":[[[139.08126435049917,36.32419721001823],[138.98381599457977,36.34629476107682],[138.95521263927688,36.43158996900757],[139.02417362372853,36.49491542899014],[139.1218571407839,36.472867198977546],[139.1503441278892,36.38744415025508],[139.08126435049917,36.32419721001823]]]}},{"type":"Feature","properties":{"h3":"852e74affffffff","countries":["JPN"],"common_intervals":5,"left_observed_intervals":7,"right_observed_intervals":8,"full_window_comparable":false,"expected_intervals":26,"downloaders_all_delta_pp":null,"downloaders_all_observed_common_delta_pp":4.754625711748011e-05,"downloaders_all_left_share":null,"downloaders_all_right_share":null,"downloaders_without-hosting_delta_pp":null,"downloaders_without-hosting_observed_common_delta_pp":5.98494866089152e-05,"downloaders_without-hosting_left_share":null,"downloaders_without-hosting_right_share":null,"uploaders_all_delta_pp":null,"uploaders_all_observed_common_delta_pp":-3.987611888067151e-05,"uploaders_all_left_share":null,"uploaders_all_right_share":null,"uploaders_without-hosting_delta_pp":null,"uploaders_without-hosting_observed_common_delta_pp":-5.903104035355647e-05,"uploaders_without-hosting_left_share":null,"uploaders_without-hosting_right_share":null},"geometry":{"type":"Polygon","coordinates":[[[138.91506403173253,36.28304150738336],[138.81782789686693,36.3050053224081],[138.78910955872675,36.390172414148964],[138.8577419555167,36.45350376782853],[138.95521263927688,36.43158996900757],[138.98381599457977,36.34629476107682],[138.91506403173253,36.28304150738336]]]}},{"type":"Feature","properties":{"h3":"852e74b3fffffff","countries":["JPN"],"common_intervals":11,"left_observed_intervals":16,"right_observed_intervals":16,"full_window_comparable":false,"expected_intervals":26,"downloaders_all_delta_pp":null,"downloaders_all_observed_common_delta_pp":6.989468927809278e-05,"downloaders_all_left_share":null,"downloaders_all_right_share":null,"downloaders_without-hosting_delta_pp":null,"downloaders_without-hosting_observed_common_delta_pp":8.78493827518815e-05,"downloaders_without-hosting_left_share":null,"downloaders_without-hosting_right_share":null,"uploaders_all_delta_pp":null,"uploaders_all_observed_common_delta_pp":0.0,"uploaders_all_left_share":null,"uploaders_all_right_share":null,"uploaders_without-hosting_delta_pp":null,"uploaders_without-hosting_observed_common_delta_pp":0.0,"uploaders_without-hosting_left_share":null,"uploaders_without-hosting_right_share":null},"geometry":{"type":"Polygon","coordinates":[[[139.16648376512427,36.06791682945581],[139.0692924109325,36.09024633376446],[139.0408557321917,36.175622513422866],[139.10972623030324,36.238797059445865],[139.20715129276525,36.21651615091913],[139.23547176799747,36.13101206290424],[139.16648376512427,36.06791682945581]]]}},{"type":"Feature","properties":{"h3":"852e74bbfffffff","countries":["JPN"],"common_intervals":26,"left_observed_intervals":26,"right_observed_intervals":26,"full_window_comparable":true,"expected_intervals":26,"downloaders_all_delta_pp":0.0001387156664726527,"downloaders_all_observed_common_delta_pp":0.0001387156664726527,"downloaders_all_left_share":0.0016721287489183576,"downloaders_all_right_share":0.0015334130824457047,"downloaders_without-hosting_delta_pp":0.00020144727026809507,"downloaders_without-hosting_observed_common_delta_pp":0.00020144727026809507,"downloaders_without-hosting_left_share":0.0019895554289261516,"downloaders_without-hosting_right_share":0.0017881081586580564,"uploaders_all_delta_pp":-5.767611053412577e-06,"uploaders_all_observed_common_delta_pp":-5.767611053412577e-06,"uploaders_all_left_share":0.00040513866938384445,"uploaders_all_right_share":0.000410906280437257,"uploaders_without-hosting_delta_pp":5.8986143975226795e-05,"uploaders_without-hosting_observed_common_delta_pp":5.8986143975226795e-05,"uploaders_without-hosting_left_share":0.0005724395430511442,"uploaders_without-hosting_right_share":0.0005134533990759175},"geometry":{"type":"Polygon","coordinates":[[[139.20715129276525,36.21651615091913],[139.10972623030324,36.238797059445865],[139.08126435049917,36.32419721001823],[139.1503441278892,36.38744415025508],[139.24800392329706,36.36521185155805],[139.2763488249943,36.2796839658878],[139.20715129276525,36.21651615091913]]]}},{"type":"Feature","properties":{"h3":"852e74c3fffffff","countries":["JPN"],"common_intervals":26,"left_observed_intervals":26,"right_observed_intervals":26,"full_window_comparable":true,"expected_intervals":26,"downloaders_all_delta_pp":0.00026263565077666915,"downloaders_all_observed_common_delta_pp":0.00026263565077666915,"downloaders_all_left_share":0.001376726269391232,"downloaders_all_right_share":0.0011140906186145627,"downloaders_without-hosting_delta_pp":0.0003387220886708249,"downloaders_without-hosting_observed_common_delta_pp":0.0003387220886708249,"downloaders_without-hosting_left_share":0.0016385917853981918,"downloaders_without-hosting_right_share":0.0012998696967273667,"uploaders_all_delta_pp":0.00038769905018799783,"uploaders_all_observed_common_delta_pp":0.00038769905018799783,"uploaders_all_left_share":0.0008843259628059282,"uploaders_all_right_share":0.0004966269126179305,"uploaders_without-hosting_delta_pp":0.0006470411687562705,"uploaders_without-hosting_observed_common_delta_pp":0.0006470411687562705,"uploaders_without-hosting_left_share":0.0012753775910149792,"uploaders_without-hosting_right_share":0.000628336422258709},"geometry":{"type":"Polygon","coordinates":[[[139.75145588263985,36.48738629389929],[139.65316667656182,36.51002891770025],[139.6250371634066,36.59583376139853],[139.69531843218925,36.65912261385396],[139.79384514899573,36.63652646371861],[139.82185269588547,36.550594956111944],[139.75145588263985,36.48738629389929]]]}},{"type":"Feature","properties":{"h3":"852e74cbfffffff","countries":["JPN"],"common_intervals":10,"left_observed_intervals":17,"right_observed_intervals":16,"full_window_comparable":false,"expected_intervals":26,"downloaders_all_delta_pp":null,"downloaders_all_observed_common_delta_pp":6.357842017103435e-05,"downloaders_all_left_share":null,"downloaders_all_right_share":null,"downloaders_without-hosting_delta_pp":null,"downloaders_without-hosting_observed_common_delta_pp":8.005968442917478e-05,"downloaders_without-hosting_left_share":null,"downloaders_without-hosting_right_share":null,"uploaders_all_delta_pp":null,"uploaders_all_observed_common_delta_pp":0.0,"uploaders_all_left_share":null,"uploaders_all_right_share":null,"uploaders_without-hosting_delta_pp":null,"uploaders_without-hosting_observed_common_delta_pp":0.0,"uploaders_without-hosting_left_share":null,"uploaders_without-hosting_right_share":null},"geometry":{"type":"Polygon","coordinates":[[[139.79384514899573,36.63652646371861],[139.69531843218925,36.65912261385396],[139.66716629933012,36.744948728016325],[139.7376632724251,36.80830513535002],[139.83642853893605,36.78575545040329],[139.86445788966577,36.69980286240512],[139.79384514899573,36.63652646371861]]]}},{"type":"Feature","properties":{"h3":"852e74d3fffffff","countries":["JPN"],"common_intervals":25,"left_observed_intervals":25,"right_observed_intervals":26,"full_window_comparable":false,"expected_intervals":26,"downloaders_all_delta_pp":null,"downloaders_all_observed_common_delta_pp":6.109162857604766e-05,"downloaders_all_left_share":null,"downloaders_all_right_share":null,"downloaders_without-hosting_delta_pp":null,"downloaders_without-hosting_observed_common_delta_pp":8.086224084356949e-05,"downloaders_without-hosting_left_share":null,"downloaders_without-hosting_right_share":null,"uploaders_all_delta_pp":null,"uploaders_all_observed_common_delta_pp":5.3237301383132554e-05,"uploaders_all_left_share":null,"uploaders_all_right_share":null,"uploaders_without-hosting_delta_pp":null,"uploaders_without-hosting_observed_common_delta_pp":9.160126017991092e-05,"uploaders_without-hosting_left_share":null,"uploaders_without-hosting_right_share":null},"geometry":{"type":"Polygon","coordinates":[[[139.87770176384188,36.37864977473784],[139.77944150255468,36.40147695783268],[139.75145588263985,36.48738629389929],[139.82185269588547,36.550594956111944],[139.9203499959189,36.52781352633572],[139.9482130546856,36.44177765047696],[139.87770176384188,36.37864977473784]]]}},{"type":"Feature","properties":{"h3":"852e74d7fffffff","countries":["JPN"],"common_intervals":26,"left_observed_intervals":26,"right_observed_intervals":26,"full_window_comparable":true,"expected_intervals":26,"downloaders_all_delta_pp":0.0002543929564616231,"downloaders_all_observed_common_delta_pp":0.0002543929564616231,"downloaders_all_left_share":0.0015876245536677394,"downloaders_all_right_share":0.0013332315972061162,"downloaders_without-hosting_delta_pp":0.0003331378626497088,"downloaders_without-hosting_observed_common_delta_pp":0.0003331378626497088,"downloaders_without-hosting_left_share":0.0018875890880898846,"downloaders_without-hosting_right_share":0.0015544512254401762,"uploaders_all_delta_pp":-4.186814091861976e-05,"uploaders_all_observed_common_delta_pp":-4.186814091861976e-05,"uploaders_all_left_share":0.00013440088574791207,"uploaders_all_right_share":0.00017626902666653183,"uploaders_without-hosting_delta_pp":-3.178894127897434e-05,"uploaders_without-hosting_observed_common_delta_pp":-3.178894127897434e-05,"uploaders_without-hosting_left_share":0.00018437261421679212,"uploaders_without-hosting_right_share":0.00021616155549576655},"geometry":{"type":"Polygon","coordinates":[[[139.7092594615574,36.33833712779391],[139.61120673321946,36.36102622895174],[139.5830999559881,36.44680871495377],[139.65316667656182,36.51002891770025],[139.75145588263985,36.48738629389929],[139.77944150255468,36.40147695783268],[139.7092594615574,36.33833712779391]]]}},{"type":"Feature","properties":{"h3":"852e74dbfffffff","countries":["JPN"],"common_intervals":26,"left_observed_intervals":26,"right_observed_intervals":26,"full_window_comparable":true,"expected_intervals":26,"downloaders_all_delta_pp":0.0012339465546131283,"downloaders_all_observed_common_delta_pp":0.0012339465546131283,"downloaders_all_left_share":0.006482435249575156,"downloaders_all_right_share":0.005248488694962027,"downloaders_without-hosting_delta_pp":0.0015689251554919079,"downloaders_without-hosting_observed_common_delta_pp":0.0015689251554919079,"downloaders_without-hosting_left_share":0.007568003437521718,"downloaders_without-hosting_right_share":0.005999078282029809,"uploaders_all_delta_pp":0.00046347396206107165,"uploaders_all_observed_common_delta_pp":0.00046347396206107165,"uploaders_all_left_share":0.001137257895356985,"uploaders_all_right_share":0.0006737839332959133,"uploaders_without-hosting_delta_pp":0.0006729042489315347,"uploaders_without-hosting_observed_common_delta_pp":0.0006729042489315347,"uploaders_without-hosting_left_share":0.0015118424080859546,"uploaders_without-hosting_right_share":0.0008389381591544199},"geometry":{"type":"Polygon","coordinates":[[[139.9203499959189,36.52781352633572],[139.82185269588547,36.550594956111944],[139.79384514899573,36.63652646371861],[139.86445788966577,36.69980286240512],[139.96319326193546,36.67706717787881],[139.9910774294656,36.59100931968574],[139.9203499959189,36.52781352633572]]]}},{"type":"Feature","properties":{"h3":"852e7507fffffff","countries":["JPN"],"common_intervals":26,"left_observed_intervals":26,"right_observed_intervals":26,"full_window_comparable":true,"expected_intervals":26,"downloaders_all_delta_pp":0.000318645374097092,"downloaders_all_observed_common_delta_pp":0.000318645374097092,"downloaders_all_left_share":0.0020073430708584363,"downloaders_all_right_share":0.0016886976967613444,"downloaders_without-hosting_delta_pp":0.0004158675791593649,"downloaders_without-hosting_observed_common_delta_pp":0.0004158675791593649,"downloaders_without-hosting_left_share":0.002388387867065008,"downloaders_without-hosting_right_share":0.001972520287905643,"uploaders_all_delta_pp":0.000345121597107081,"uploaders_all_observed_common_delta_pp":0.000345121597107081,"uploaders_all_left_share":0.00046479375921513674,"uploaders_all_right_share":0.00011967216210805582,"uploaders_without-hosting_delta_pp":0.0005132603678702007,"uploaders_without-hosting_observed_common_delta_pp":0.0005132603678702007,"uploaders_without-hosting_left_share":0.0006551821656199641,"uploaders_without-hosting_right_share":0.00014192179774976337},"geometry":{"type":"Polygon","coordinates":[[[137.9667192251254,36.18105997879882],[137.8705409512598,36.20218848646808],[137.84113048990562,36.286604676710894],[137.90800543926127,36.350021768362026],[138.00441542121226,36.328947345154695],[138.03371837056457,36.24440169838481],[137.9667192251254,36.18105997879882]]]}},{"type":"Feature","properties":{"h3":"852e751bfffffff","countries":["JPN"],"common_intervals":26,"left_observed_intervals":26,"right_observed_intervals":26,"full_window_comparable":true,"expected_intervals":26,"downloaders_all_delta_pp":0.00012546954394662525,"downloaders_all_observed_common_delta_pp":0.00012546954394662525,"downloaders_all_left_share":0.0009076957033994178,"downloaders_all_right_share":0.0007822261594527925,"downloaders_without-hosting_delta_pp":0.00016939002843676298,"downloaders_without-hosting_observed_common_delta_pp":0.00016939002843676298,"downloaders_without-hosting_left_share":0.0010803231609470365,"downloaders_without-hosting_right_share":0.0009109331325102733,"uploaders_all_delta_pp":-0.00010688989314641444,"uploaders_all_observed_common_delta_pp":-0.00010688989314641444,"uploaders_all_left_share":0.0004665117566000637,"uploaders_all_right_share":0.0005734016497464782,"uploaders_without-hosting_delta_pp":-7.781573042859312e-05,"uploaders_without-hosting_observed_common_delta_pp":-7.781573042859312e-05,"uploaders_without-hosting_left_share":0.0006241556969036049,"uploaders_without-hosting_right_share":0.0007019714273321979},"geometry":{"type":"Polygon","coordinates":[[[138.29405009884053,36.2651007715992],[138.19743822828357,36.286486998326104],[138.16824414860818,36.37116186710877],[138.23577179458894,36.434579444997965],[138.3326167008914,36.41324597822971],[138.36170054680866,36.32844212910207],[138.29405009884053,36.2651007715992]]]}},{"type":"Feature","properties":{"h3":"852e753bfffffff","countries":["JPN"],"common_intervals":21,"left_observed_intervals":23,"right_observed_intervals":24,"full_window_comparable":false,"expected_intervals":26,"downloaders_all_delta_pp":null,"downloaders_all_observed_common_delta_pp":4.490256347347267e-05,"downloaders_all_left_share":null,"downloaders_all_right_share":null,"downloaders_without-hosting_delta_pp":null,"downloaders_without-hosting_observed_common_delta_pp":5.950220670645106e-05,"downloaders_without-hosting_left_share":null,"downloaders_without-hosting_right_share":null,"uploaders_all_delta_pp":null,"uploaders_all_observed_common_delta_pp":-3.290754137128503e-05,"uploaders_all_left_share":null,"uploaders_all_right_share":null,"uploaders_without-hosting_delta_pp":null,"uploaders_without-hosting_observed_common_delta_pp":-3.820857077358458e-05,"uploaders_without-hosting_left_share":null,"uploaders_without-hosting_right_share":null},"geometry":{"type":"Polygon","coordinates":[[[137.84113048990562,36.286604676710894],[137.7449389572034,36.30755109814033],[137.71539068842415,36.39185988434501],[137.7821404484494,36.455351725441005],[137.87856404248666,36.43446007905747],[137.90800543926127,36.350021768362026],[137.84113048990562,36.286604676710894]]]}},{"type":"Feature","properties":{"h3":"852e7543fffffff","countries":["JPN"],"common_intervals":4,"left_observed_intervals":9,"right_observed_intervals":13,"full_window_comparable":false,"expected_intervals":26,"downloaders_all_delta_pp":null,"downloaders_all_observed_common_delta_pp":-4.2705018242376595e-06,"downloaders_all_left_share":null,"downloaders_all_right_share":null,"downloaders_without-hosting_delta_pp":null,"downloaders_without-hosting_observed_common_delta_pp":2.320886565065747e-06,"downloaders_without-hosting_left_share":null,"downloaders_without-hosting_right_share":null,"uploaders_all_delta_pp":null,"uploaders_all_observed_common_delta_pp":0.0,"uploaders_all_left_share":null,"uploaders_all_right_share":null,"uploaders_without-hosting_delta_pp":null,"uploaders_without-hosting_observed_common_delta_pp":0.0,"uploaders_without-hosting_left_share":null,"uploaders_without-hosting_right_share":null},"geometry":{"type":"Polygon","coordinates":[[[138.37135913917894,36.56148739038304],[138.27428016191192,36.58276807136694],[138.24502717213895,36.66748546918611],[138.31296449359454,36.731050784118395],[138.4102785833112,36.70982291007995],[138.4394198553312,36.62497687116288],[138.37135913917894,36.56148739038304]]]}},{"type":"Feature","properties":{"h3":"852e7547fffffff","countries":["JPN"],"common_intervals":26,"left_observed_intervals":26,"right_observed_intervals":26,"full_window_comparable":true,"expected_intervals":26,"downloaders_all_delta_pp":0.0005699378417159507,"downloaders_all_observed_common_delta_pp":0.0005699378417159507,"downloaders_all_left_share":0.0033399477307285157,"downloaders_all_right_share":0.002770009889012565,"downloaders_without-hosting_delta_pp":0.0007014665458033473,"downloaders_without-hosting_observed_common_delta_pp":0.0007014665458033473,"downloaders_without-hosting_left_share":0.00384399213979414,"downloaders_without-hosting_right_share":0.003142525593990792,"uploaders_all_delta_pp":0.0006438763564206838,"uploaders_all_observed_common_delta_pp":0.0006438763564206838,"uploaders_all_left_share":0.0007766004887284593,"uploaders_all_right_share":0.00013272413230777555,"uploaders_without-hosting_delta_pp":0.0009039015002213619,"uploaders_without-hosting_observed_common_delta_pp":0.0009039015002213619,"uploaders_without-hosting_left_share":0.001058290494939843,"uploaders_without-hosting_right_share":0.00015438899471848126},"geometry":{"type":"Polygon","coordinates":[[[138.20654822942436,36.51927610712724],[138.1096870395615,36.54042608903636],[138.08032371466487,36.62501459852909],[138.1479315327146,36.68858196994409],[138.24502717213895,36.66748546918611],[138.27428016191192,36.58276807136694],[138.20654822942436,36.51927610712724]]]}},{"type":"Feature","properties":{"h3":"852e754bfffffff","countries":["JPN"],"common_intervals":0,"left_observed_intervals":2,"right_observed_intervals":3,"full_window_comparable":false,"expected_intervals":26,"downloaders_all_delta_pp":null,"downloaders_all_observed_common_delta_pp":null,"downloaders_all_left_share":null,"downloaders_all_right_share":null,"downloaders_without-hosting_delta_pp":null,"downloaders_without-hosting_observed_common_delta_pp":null,"downloaders_without-hosting_left_share":null,"downloaders_without-hosting_right_share":null,"uploaders_all_delta_pp":null,"uploaders_all_observed_common_delta_pp":null,"uploaders_all_left_share":null,"uploaders_all_right_share":null,"uploaders_without-hosting_delta_pp":null,"uploaders_without-hosting_observed_common_delta_pp":null,"uploaders_without-hosting_left_share":null,"uploaders_without-hosting_right_share":null},"geometry":{"type":"Polygon","coordinates":[[[138.4102785833112,36.70982291007995],[138.31296449359454,36.731050784118395],[138.28368214193515,36.8157878573787],[138.35182596299333,36.87942548010646],[138.44937621295483,36.85825042947283],[138.47854609522398,36.77338489047418],[138.4102785833112,36.70982291007995]]]}},{"type":"Feature","properties":{"h3":"852e756bfffffff","countries":["JPN"],"common_intervals":0,"left_observed_intervals":1,"right_observed_intervals":0,"full_window_comparable":false,"expected_intervals":26,"downloaders_all_delta_pp":null,"downloaders_all_observed_common_delta_pp":null,"downloaders_all_left_share":null,"downloaders_all_right_share":null,"downloaders_without-hosting_delta_pp":null,"downloaders_without-hosting_observed_common_delta_pp":null,"downloaders_without-hosting_left_share":null,"downloaders_without-hosting_right_share":null,"uploaders_all_delta_pp":null,"uploaders_all_observed_common_delta_pp":null,"uploaders_all_left_share":null,"uploaders_all_right_share":null,"uploaders_without-hosting_delta_pp":null,"uploaders_without-hosting_observed_common_delta_pp":null,"uploaders_without-hosting_left_share":null,"uploaders_without-hosting_right_share":null},"geometry":{"type":"Polygon","coordinates":[[[137.95394409420715,36.73046015340401],[137.85705326281106,36.75124215244008],[137.82741031398794,36.835611490797326],[137.8947668556542,36.89932780744549],[137.99189287581754,36.87860067141108],[138.02142678191652,36.79410230978377],[137.95394409420715,36.73046015340401]]]}},{"type":"Feature","properties":{"h3":"852e7573fffffff","countries":["JPN"],"common_intervals":10,"left_observed_intervals":12,"right_observed_intervals":16,"full_window_comparable":false,"expected_intervals":26,"downloaders_all_delta_pp":null,"downloaders_all_observed_common_delta_pp":1.4388556555463452e-05,"downloaders_all_left_share":null,"downloaders_all_right_share":null,"downloaders_without-hosting_delta_pp":null,"downloaders_without-hosting_observed_common_delta_pp":2.098354023850094e-05,"downloaders_without-hosting_left_share":null,"downloaders_without-hosting_right_share":null,"uploaders_all_delta_pp":null,"uploaders_all_observed_common_delta_pp":0.0,"uploaders_all_left_share":null,"uploaders_all_right_share":null,"uploaders_without-hosting_delta_pp":null,"uploaders_without-hosting_observed_common_delta_pp":0.0,"uploaders_without-hosting_left_share":null,"uploaders_without-hosting_right_share":null},"geometry":{"type":"Polygon","coordinates":[[[138.04228320408714,36.47693290976593],[137.94564048232667,36.49795321417862],[137.91616819847636,36.58241259532587],[137.9834472150784,36.645980754432344],[138.08032371466487,36.62501459852909],[138.1096870395615,36.54042608903636],[138.04228320408714,36.47693290976593]]]}},{"type":"Feature","properties":{"h3":"852e758ffffffff","countries":["JPN"],"common_intervals":25,"left_observed_intervals":26,"right_observed_intervals":25,"full_window_comparable":false,"expected_intervals":26,"downloaders_all_delta_pp":null,"downloaders_all_observed_common_delta_pp":4.841870739225307e-05,"downloaders_all_left_share":null,"downloaders_all_right_share":null,"downloaders_without-hosting_delta_pp":null,"downloaders_without-hosting_observed_common_delta_pp":6.373251928026829e-05,"downloaders_without-hosting_left_share":null,"downloaders_without-hosting_right_share":null,"uploaders_all_delta_pp":null,"uploaders_all_observed_common_delta_pp":0.00024472076253736146,"uploaders_all_left_share":null,"uploaders_all_right_share":null,"uploaders_without-hosting_delta_pp":null,"uploaders_without-hosting_observed_common_delta_pp":0.000343429628662445,"uploaders_without-hosting_left_share":null,"uploaders_without-hosting_right_share":null},"geometry":{"type":"Polygon","coordinates":[[[138.21743977469086,35.96910731667357],[138.12129089481365,35.990598967369635],[138.09215596154024,36.07522708728549],[138.1592783095653,36.13849281470007],[138.25565817337346,36.11705385846739],[138.28468433161618,36.03229643436981],[138.21743977469086,35.96910731667357]]]}},{"type":"Feature","properties":{"h3":"852e7593fffffff","countries":["JPN"],"common_intervals":16,"left_observed_intervals":19,"right_observed_intervals":23,"full_window_comparable":false,"expected_intervals":26,"downloaders_all_delta_pp":null,"downloaders_all_observed_common_delta_pp":2.429984707953734e-05,"downloaders_all_left_share":null,"downloaders_all_right_share":null,"downloaders_without-hosting_delta_pp":null,"downloaders_without-hosting_observed_common_delta_pp":3.330120675272232e-05,"downloaders_without-hosting_left_share":null,"downloaders_without-hosting_right_share":null,"uploaders_all_delta_pp":null,"uploaders_all_observed_common_delta_pp":2.661380809528169e-05,"uploaders_all_left_share":null,"uploaders_all_right_share":null,"uploaders_without-hosting_delta_pp":null,"uploaders_without-hosting_observed_common_delta_pp":3.1155287924708885e-05,"uploaders_without-hosting_left_share":null,"uploaders_without-hosting_right_share":null},"geometry":{"type":"Polygon","coordinates":[[[138.46754497388926,35.756012485085016],[138.37142929673675,35.777865838353385],[138.34256974822,35.86270199925719],[138.40993552023426,35.92581389229283],[138.50628143396344,35.9040118319673],[138.5350309671175,35.81904654116751],[138.46754497388926,35.756012485085016]]]}},{"type":"Feature","properties":{"h3":"852e75abfffffff","countries":["JPN"],"common_intervals":0,"left_observed_intervals":4,"right_observed_intervals":5,"full_window_comparable":false,"expected_intervals":26,"downloaders_all_delta_pp":null,"downloaders_all_observed_common_delta_pp":null,"downloaders_all_left_share":null,"downloaders_all_right_share":null,"downloaders_without-hosting_delta_pp":null,"downloaders_without-hosting_observed_common_delta_pp":null,"downloaders_without-hosting_left_share":null,"downloaders_without-hosting_right_share":null,"uploaders_all_delta_pp":null,"uploaders_all_observed_common_delta_pp":null,"uploaders_all_left_share":null,"uploaders_all_right_share":null,"uploaders_without-hosting_delta_pp":null,"uploaders_without-hosting_observed_common_delta_pp":null,"uploaders_without-hosting_left_share":null,"uploaders_without-hosting_right_share":null},"geometry":{"type":"Polygon","coordinates":[[[137.92919348463366,36.03327287477801],[137.83324589337715,36.05445542799619],[137.8038664141053,36.13884845049669],[137.8705409512598,36.20218848646808],[137.9667192251254,36.18105997879882],[137.99599190659055,36.09653734143496],[137.92919348463366,36.03327287477801]]]}},{"type":"Feature","properties":{"h3":"852e75b3fffffff","countries":["JPN"],"common_intervals":26,"left_observed_intervals":26,"right_observed_intervals":26,"full_window_comparable":true,"expected_intervals":26,"downloaders_all_delta_pp":6.789430380122033e-05,"downloaders_all_observed_common_delta_pp":6.789430380122033e-05,"downloaders_all_left_share":0.0006140045679446279,"downloaders_all_right_share":0.0005461102641434075,"downloaders_without-hosting_delta_pp":9.258748174905178e-05,"downloaders_without-hosting_observed_common_delta_pp":9.258748174905178e-05,"downloaders_without-hosting_left_share":0.000730313019662282,"downloaders_without-hosting_right_share":0.0006377255379132302,"uploaders_all_delta_pp":2.9534915763478617e-05,"uploaders_all_observed_common_delta_pp":2.9534915763478617e-05,"uploaders_all_left_share":0.00010913918660155712,"uploaders_all_right_share":7.96042708380785e-05,"uploaders_without-hosting_delta_pp":4.626366901639438e-05,"uploaders_without-hosting_observed_common_delta_pp":4.626366901639438e-05,"uploaders_without-hosting_left_share":0.00014513024313210615,"uploaders_without-hosting_right_share":9.886657411571177e-05},"geometry":{"type":"Polygon","coordinates":[[[138.0167534864567,35.77969769697199],[137.92104907222247,35.80111461066059],[137.89183707816625,35.88558808701768],[137.95843584710295,35.94877429517264],[138.05436957421898,35.927410689360116],[138.08347485011785,35.84280751935442],[138.0167534864567,35.77969769697199]]]}},{"type":"Feature","properties":{"h3":"852e75bbfffffff","countries":["JPN"],"common_intervals":7,"left_observed_intervals":12,"right_observed_intervals":20,"full_window_comparable":false,"expected_intervals":26,"downloaders_all_delta_pp":null,"downloaders_all_observed_common_delta_pp":3.1313129498657806e-05,"downloaders_all_left_share":null,"downloaders_all_right_share":null,"downloaders_without-hosting_delta_pp":null,"downloaders_without-hosting_observed_common_delta_pp":4.330315287163728e-05,"downloaders_without-hosting_left_share":null,"downloaders_without-hosting_right_share":null,"uploaders_all_delta_pp":null,"uploaders_all_observed_common_delta_pp":-0.00019110551846270537,"uploaders_all_left_share":null,"uploaders_all_right_share":null,"uploaders_without-hosting_delta_pp":null,"uploaders_without-hosting_observed_common_delta_pp":-0.00024901190893349454,"uploaders_without-hosting_left_share":null,"uploaders_without-hosting_right_share":null},"geometry":{"type":"Polygon","coordinates":[[[138.05436957421898,35.927410689360116],[137.95843584710295,35.94877429517264],[137.92919348463366,36.03327287477801],[137.99599190659055,36.09653734143496],[138.09215596154024,36.07522708728549],[138.12129089481365,35.990598967369635],[138.05436957421898,35.927410689360116]]]}},{"type":"Feature","properties":{"h3":"852e75c3fffffff","countries":["JPN"],"common_intervals":0,"left_observed_intervals":0,"right_observed_intervals":1,"full_window_comparable":false,"expected_intervals":26,"downloaders_all_delta_pp":null,"downloaders_all_observed_common_delta_pp":null,"downloaders_all_left_share":null,"downloaders_all_right_share":null,"downloaders_without-hosting_delta_pp":null,"downloaders_without-hosting_observed_common_delta_pp":null,"downloaders_without-hosting_left_share":null,"downloaders_without-hosting_right_share":null,"uploaders_all_delta_pp":null,"uploaders_all_observed_common_delta_pp":null,"uploaders_all_left_share":null,"uploaders_all_right_share":null,"uploaders_without-hosting_delta_pp":null,"uploaders_without-hosting_observed_common_delta_pp":null,"uploaders_without-hosting_left_share":null,"uploaders_without-hosting_right_share":null},"geometry":{"type":"Polygon","coordinates":[[[138.58428180539033,36.20031609426846],[138.48747237120554,36.22201546614041],[138.4585281998323,36.30692552891366],[138.52650531301174,36.37026482233967],[138.62354804324568,36.34861683682143],[138.65237998474635,36.26357812925262],[138.58428180539033,36.20031609426846]]]}},{"type":"Feature","properties":{"h3":"852e75cffffffff","countries":["JPN"],"common_intervals":1,"left_observed_intervals":2,"right_observed_intervals":4,"full_window_comparable":false,"expected_intervals":26,"downloaders_all_delta_pp":null,"downloaders_all_observed_common_delta_pp":6.048026405423791e-05,"downloaders_all_left_share":null,"downloaders_all_right_share":null,"downloaders_without-hosting_delta_pp":null,"downloaders_without-hosting_observed_common_delta_pp":7.364107186257532e-05,"downloaders_without-hosting_left_share":null,"downloaders_without-hosting_right_share":null,"uploaders_all_delta_pp":null,"uploaders_all_observed_common_delta_pp":0.0011399129106536262,"uploaders_all_left_share":null,"uploaders_all_right_share":null,"uploaders_without-hosting_delta_pp":null,"uploaders_without-hosting_observed_common_delta_pp":0.001710717646052519,"uploaders_without-hosting_left_share":null,"uploaders_without-hosting_right_share":null},"geometry":{"type":"Polygon","coordinates":[[[138.4585281998323,36.30692552891366],[138.36170054680866,36.32844212910207],[138.3326167008914,36.41324597822971],[138.4004717317791,36.476661915614464],[138.49753307124533,36.45519740293205],[138.52650531301174,36.37026482233967],[138.4585281998323,36.30692552891366]]]}},{"type":"Feature","properties":{"h3":"852e75d7fffffff","countries":["JPN"],"common_intervals":25,"left_observed_intervals":25,"right_observed_intervals":26,"full_window_comparable":false,"expected_intervals":26,"downloaders_all_delta_pp":null,"downloaders_all_observed_common_delta_pp":0.0001016339113205451,"downloaders_all_left_share":null,"downloaders_all_right_share":null,"downloaders_without-hosting_delta_pp":null,"downloaders_without-hosting_observed_common_delta_pp":0.0001326338043961375,"downloaders_without-hosting_left_share":null,"downloaders_without-hosting_right_share":null,"uploaders_all_delta_pp":null,"uploaders_all_observed_common_delta_pp":4.7432468929938e-05,"uploaders_all_left_share":null,"uploaders_all_right_share":null,"uploaders_without-hosting_delta_pp":null,"uploaders_without-hosting_observed_common_delta_pp":7.560988731745435e-05,"uploaders_without-hosting_left_share":null,"uploaders_without-hosting_right_share":null},"geometry":{"type":"Polygon","coordinates":[[[138.54519332502664,36.0521137287757],[138.44861616097472,36.07386446044927],[138.4197001298586,36.15875094544366],[138.48747237120554,36.22201546614041],[138.58428180539033,36.20031609426846],[138.6130863511177,36.115300798876696],[138.54519332502664,36.0521137287757]]]}},{"type":"Feature","properties":{"h3":"852e75dbfffffff","countries":["JPN"],"common_intervals":0,"left_observed_intervals":1,"right_observed_intervals":3,"full_window_comparable":false,"expected_intervals":26,"downloaders_all_delta_pp":null,"downloaders_all_observed_common_delta_pp":null,"downloaders_all_left_share":null,"downloaders_all_right_share":null,"downloaders_without-hosting_delta_pp":null,"downloaders_without-hosting_observed_common_delta_pp":null,"downloaders_without-hosting_left_share":null,"downloaders_without-hosting_right_share":null,"uploaders_all_delta_pp":null,"uploaders_all_observed_common_delta_pp":null,"uploaders_all_left_share":null,"uploaders_all_right_share":null,"uploaders_without-hosting_delta_pp":null,"uploaders_without-hosting_observed_common_delta_pp":null,"uploaders_without-hosting_left_share":null,"uploaders_without-hosting_right_share":null},"geometry":{"type":"Polygon","coordinates":[[[138.74940313856834,36.241747040101316],[138.65237998474635,36.26357812925262],[138.62354804324568,36.34861683682143],[138.6918524777743,36.41195279865467],[138.78910955872675,36.390172414148964],[138.81782789686693,36.3050053224081],[138.74940313856834,36.241747040101316]]]}},{"type":"Feature","properties":{"h3":"852e7623fffffff","countries":["JPN"],"common_intervals":0,"left_observed_intervals":3,"right_observed_intervals":0,"full_window_comparable":false,"expected_intervals":26,"downloaders_all_delta_pp":null,"downloaders_all_observed_common_delta_pp":null,"downloaders_all_left_share":null,"downloaders_all_right_share":null,"downloaders_without-hosting_delta_pp":null,"downloaders_without-hosting_observed_common_delta_pp":null,"downloaders_without-hosting_left_share":null,"downloaders_without-hosting_right_share":null,"uploaders_all_delta_pp":null,"uploaders_all_observed_common_delta_pp":null,"uploaders_all_left_share":null,"uploaders_all_right_share":null,"uploaders_without-hosting_delta_pp":null,"uploaders_without-hosting_observed_common_delta_pp":null,"uploaders_without-hosting_left_share":null,"uploaders_without-hosting_right_share":null},"geometry":{"type":"Polygon","coordinates":[[[139.1133820980792,37.580824654396544],[139.0142158730737,37.60219916639651],[138.98514104574548,37.68740040361156],[139.05535272422946,37.75135379072051],[139.15476240293245,37.7300299698521],[139.18371654456567,37.644702037217726],[139.1133820980792,37.580824654396544]]]}},{"type":"Feature","properties":{"h3":"852e7627fffffff","countries":["JPN"],"common_intervals":26,"left_observed_intervals":26,"right_observed_intervals":26,"full_window_comparable":true,"expected_intervals":26,"downloaders_all_delta_pp":2.648555250170653e-05,"downloaders_all_observed_common_delta_pp":2.648555250170653e-05,"downloaders_all_left_share":0.00042330650016241444,"downloaders_all_right_share":0.0003968209476607078,"downloaders_without-hosting_delta_pp":3.923524265458145e-05,"downloaders_without-hosting_observed_common_delta_pp":3.923524265458145e-05,"downloaders_without-hosting_left_share":0.000502349430865252,"downloaders_without-hosting_right_share":0.0004631141882106706,"uploaders_all_delta_pp":0.0002647677495197417,"uploaders_all_observed_common_delta_pp":0.0002647677495197417,"uploaders_all_left_share":0.000270055958215725,"uploaders_all_right_share":5.2882086959832624e-06,"uploaders_without-hosting_delta_pp":0.00038998549790576206,"uploaders_without-hosting_observed_common_delta_pp":0.00038998549790576206,"uploaders_without-hosting_left_share":0.0003959276237393086,"uploaders_without-hosting_right_share":5.942125833546556e-06},"geometry":{"type":"Polygon","coordinates":[[[138.94422074051528,37.53831003679321],[138.84527396216384,37.55954653965605],[138.81607990846072,37.64462079495027],[138.8859514562918,37.70858549418294],[138.98514104574548,37.68740040361156],[139.0142158730737,37.60219916639651],[138.94422074051528,37.53831003679321]]]}},{"type":"Feature","properties":{"h3":"852e763bfffffff","countries":["JPN"],"common_intervals":25,"left_observed_intervals":25,"right_observed_intervals":26,"full_window_comparable":false,"expected_intervals":26,"downloaders_all_delta_pp":null,"downloaders_all_observed_common_delta_pp":7.822246016760615e-05,"downloaders_all_left_share":null,"downloaders_all_right_share":null,"downloaders_without-hosting_delta_pp":null,"downloaders_without-hosting_observed_common_delta_pp":0.00010114610367142759,"downloaders_without-hosting_left_share":null,"downloaders_without-hosting_right_share":null,"uploaders_all_delta_pp":null,"uploaders_all_observed_common_delta_pp":7.06126591406054e-05,"uploaders_all_left_share":null,"uploaders_all_right_share":null,"uploaders_without-hosting_delta_pp":null,"uploaders_without-hosting_observed_common_delta_pp":0.00011170556127399365,"uploaders_without-hosting_left_share":null,"uploaders_without-hosting_right_share":null},"geometry":{"type":"Polygon","coordinates":[[[139.28310138931423,37.623188446301725],[139.18371654456567,37.644702037217726],[139.15476240293245,37.7300299698521],[139.22531485067358,37.79397068096261],[139.32494378125563,37.77250705314431],[139.35377577171215,37.68705271920189],[139.28310138931423,37.623188446301725]]]}},{"type":"Feature","properties":{"h3":"852e765bfffffff","countries":["JPN"],"common_intervals":0,"left_observed_intervals":1,"right_observed_intervals":1,"full_window_comparable":false,"expected_intervals":26,"downloaders_all_delta_pp":null,"downloaders_all_observed_common_delta_pp":null,"downloaders_all_left_share":null,"downloaders_all_right_share":null,"downloaders_without-hosting_delta_pp":null,"downloaders_without-hosting_observed_common_delta_pp":null,"downloaders_without-hosting_left_share":null,"downloaders_without-hosting_right_share":null,"uploaders_all_delta_pp":null,"uploaders_all_observed_common_delta_pp":null,"uploaders_all_left_share":null,"uploaders_all_right_share":null,"uploaders_without-hosting_delta_pp":null,"uploaders_without-hosting_observed_common_delta_pp":null,"uploaders_without-hosting_left_share":null,"uploaders_without-hosting_right_share":null},"geometry":{"type":"Polygon","coordinates":[[[140.01126409056047,37.94084138684495],[139.91076700009236,37.96287503399503],[139.88228798272104,38.04871833065644],[139.95443458380998,38.1126528820041],[140.0551792737878,38.09066616899644],[140.0835293475596,38.00469794606588],[140.01126409056047,37.94084138684495]]]}},{"type":"Feature","properties":{"h3":"852e7663fffffff","countries":["JPN"],"common_intervals":22,"left_observed_intervals":22,"right_observed_intervals":26,"full_window_comparable":false,"expected_intervals":26,"downloaders_all_delta_pp":null,"downloaders_all_observed_common_delta_pp":0.00011550768093740757,"downloaders_all_left_share":null,"downloaders_all_right_share":null,"downloaders_without-hosting_delta_pp":null,"downloaders_without-hosting_observed_common_delta_pp":0.00014366849428811202,"downloaders_without-hosting_left_share":null,"downloaders_without-hosting_right_share":null,"uploaders_all_delta_pp":null,"uploaders_all_observed_common_delta_pp":5.5097173533004695e-05,"uploaders_all_left_share":null,"uploaders_all_right_share":null,"uploaders_without-hosting_delta_pp":null,"uploaders_without-hosting_observed_common_delta_pp":6.86799295592856e-05,"uploaders_without-hosting_left_share":null,"uploaders_without-hosting_right_share":null},"geometry":{"type":"Polygon","coordinates":[[[139.3669807418512,37.92190029567643],[139.26710663389272,37.943313990849546],[139.23810115954265,38.02866574439367],[139.3090932024053,38.092729751405656],[139.40921358581704,38.07136595338636],[139.43809523884082,37.98588822100517],[139.3669807418512,37.92190029567643]]]}},{"type":"Feature","properties":{"h3":"852e768bfffffff","countries":["JPN"],"common_intervals":1,"left_observed_intervals":3,"right_observed_intervals":4,"full_window_comparable":false,"expected_intervals":26,"downloaders_all_delta_pp":null,"downloaders_all_observed_common_delta_pp":2.6030702262570436e-05,"downloaders_all_left_share":null,"downloaders_all_right_share":null,"downloaders_without-hosting_delta_pp":null,"downloaders_without-hosting_observed_common_delta_pp":3.557225524214436e-05,"downloaders_without-hosting_left_share":null,"downloaders_without-hosting_right_share":null,"uploaders_all_delta_pp":null,"uploaders_all_observed_common_delta_pp":0.0,"uploaders_all_left_share":null,"uploaders_all_right_share":null,"uploaders_without-hosting_delta_pp":null,"uploaders_without-hosting_observed_common_delta_pp":0.0,"uploaders_without-hosting_left_share":null,"uploaders_without-hosting_right_share":null},"geometry":{"type":"Polygon","coordinates":[[[139.83762778614505,37.34226395534251],[139.73811021448145,37.36448577438103],[139.70972130850785,37.450276055078156],[139.7809750723359,37.513970278034854],[139.88073590447533,37.491795557164195],[139.90899930761958,37.40587948722147],[139.83762778614505,37.34226395534251]]]}},{"type":"Feature","properties":{"h3":"852e76c3fffffff","countries":["JPN"],"common_intervals":1,"left_observed_intervals":3,"right_observed_intervals":3,"full_window_comparable":false,"expected_intervals":26,"downloaders_all_delta_pp":null,"downloaders_all_observed_common_delta_pp":1.084559787579997e-05,"downloaders_all_left_share":null,"downloaders_all_right_share":null,"downloaders_without-hosting_delta_pp":null,"downloaders_without-hosting_observed_common_delta_pp":1.602697839032206e-05,"downloaders_without-hosting_left_share":null,"downloaders_without-hosting_right_share":null,"uploaders_all_delta_pp":null,"uploaders_all_observed_common_delta_pp":0.0,"uploaders_all_left_share":null,"uploaders_all_right_share":null,"uploaders_without-hosting_delta_pp":null,"uploaders_without-hosting_observed_common_delta_pp":0.0,"uploaders_without-hosting_left_share":null,"uploaders_without-hosting_right_share":null},"geometry":{"type":"Polygon","coordinates":[[[140.05230285091915,37.533155404044074],[139.95232903901154,37.555473060258024],[139.92404376495838,37.64140382571893],[139.99585972048473,37.70514216178705],[140.09607844382967,37.682870817363636],[140.1242358913456,37.59681479966718],[140.05230285091915,37.533155404044074]]]}},{"type":"Feature","properties":{"h3":"852e76c7fffffff","countries":["JPN"],"common_intervals":0,"left_observed_intervals":1,"right_observed_intervals":0,"full_window_comparable":false,"expected_intervals":26,"downloaders_all_delta_pp":null,"downloaders_all_observed_common_delta_pp":null,"downloaders_all_left_share":null,"downloaders_all_right_share":null,"downloaders_without-hosting_delta_pp":null,"downloaders_without-hosting_observed_common_delta_pp":null,"downloaders_without-hosting_left_share":null,"downloaders_without-hosting_right_share":null,"uploaders_all_delta_pp":null,"uploaders_all_observed_common_delta_pp":null,"uploaders_all_left_share":null,"uploaders_all_right_share":null,"uploaders_without-hosting_delta_pp":null,"uploaders_without-hosting_observed_common_delta_pp":null,"uploaders_without-hosting_left_share":null,"uploaders_without-hosting_right_share":null},"geometry":{"type":"Polygon","coordinates":[[[139.88073590447533,37.491795557164195],[139.7809750723359,37.513970278034854],[139.75256344636162,37.59977546436038],[139.8240385970596,37.66353148186872],[139.92404376495838,37.64140382571893],[139.95232903901154,37.555473060258024],[139.88073590447533,37.491795557164195]]]}},{"type":"Feature","properties":{"h3":"852e76d7fffffff","countries":["JPN"],"common_intervals":26,"left_observed_intervals":26,"right_observed_intervals":26,"full_window_comparable":true,"expected_intervals":26,"downloaders_all_delta_pp":9.825182645281584e-05,"downloaders_all_observed_common_delta_pp":9.825182645281584e-05,"downloaders_all_left_share":0.0005530427058040752,"downloaders_all_right_share":0.0004547908793512594,"downloaders_without-hosting_delta_pp":0.00012820267811400348,"downloaders_without-hosting_observed_common_delta_pp":0.00012820267811400348,"downloaders_without-hosting_left_share":0.0006585897728017902,"downloaders_without-hosting_right_share":0.0005303870946877868,"uploaders_all_delta_pp":8.472677567126488e-05,"uploaders_all_observed_common_delta_pp":8.472677567126488e-05,"uploaders_all_left_share":0.00013476611029977753,"uploaders_all_right_share":5.003933462851265e-05,"uploaders_without-hosting_delta_pp":0.00011112586605572571,"uploaders_without-hosting_observed_common_delta_pp":0.00011112586605572571,"uploaders_without-hosting_left_share":0.00017653985705653232,"uploaders_without-hosting_right_share":6.541399100080662e-05},"geometry":{"type":"Polygon","coordinates":[[[140.008729283794,37.38351548126503],[139.90899930761958,37.40587948722147],[139.88073590447533,37.491795557164195],[139.95232903901154,37.555473060258024],[140.05230285091915,37.533155404044074],[140.08043928639088,37.447113868704804],[140.008729283794,37.38351548126503]]]}},{"type":"Feature","properties":{"h3":"852ea93bfffffff","countries":["JPN"],"common_intervals":0,"left_observed_intervals":2,"right_observed_intervals":4,"full_window_comparable":false,"expected_intervals":26,"downloaders_all_delta_pp":null,"downloaders_all_observed_common_delta_pp":null,"downloaders_all_left_share":null,"downloaders_all_right_share":null,"downloaders_without-hosting_delta_pp":null,"downloaders_without-hosting_observed_common_delta_pp":null,"downloaders_without-hosting_left_share":null,"downloaders_without-hosting_right_share":null,"uploaders_all_delta_pp":null,"uploaders_all_observed_common_delta_pp":null,"uploaders_all_left_share":null,"uploaders_all_right_share":null,"uploaders_without-hosting_delta_pp":null,"uploaders_without-hosting_observed_common_delta_pp":null,"uploaders_without-hosting_left_share":null,"uploaders_without-hosting_right_share":null},"geometry":{"type":"Polygon","coordinates":[[[142.58172046932373,44.24776677946822],[142.46938692200123,44.26852394239365],[142.44066653595354,44.35422020235207],[142.5244573392399,44.41927090691683],[142.6370909264072,44.39855101731814],[142.66563311709862,44.31274317495984],[142.58172046932373,44.24776677946822]]]}},{"type":"Feature","properties":{"h3":"852ea9b7fffffff","countries":["JPN"],"common_intervals":0,"left_observed_intervals":5,"right_observed_intervals":3,"full_window_comparable":false,"expected_intervals":26,"downloaders_all_delta_pp":null,"downloaders_all_observed_common_delta_pp":null,"downloaders_all_left_share":null,"downloaders_all_right_share":null,"downloaders_without-hosting_delta_pp":null,"downloaders_without-hosting_observed_common_delta_pp":null,"downloaders_without-hosting_left_share":null,"downloaders_without-hosting_right_share":null,"uploaders_all_delta_pp":null,"uploaders_all_observed_common_delta_pp":null,"uploaders_all_left_share":null,"uploaders_all_right_share":null,"uploaders_without-hosting_delta_pp":null,"uploaders_without-hosting_observed_common_delta_pp":null,"uploaders_without-hosting_left_share":null,"uploaders_without-hosting_right_share":null},"geometry":{"type":"Polygon","coordinates":[[[142.55716797660065,43.68819122804416],[142.44578968769991,43.709281140422284],[142.41728543937074,43.79522422572954],[142.50033396056392,43.86018994235595],[142.61200729357287,43.83913748719273],[142.6403365216717,43.753081880544585],[142.55716797660065,43.68819122804416]]]}},{"type":"Feature","properties":{"h3":"852ead0bfffffff","countries":["JPN"],"common_intervals":25,"left_observed_intervals":25,"right_observed_intervals":26,"full_window_comparable":false,"expected_intervals":26,"downloaders_all_delta_pp":null,"downloaders_all_observed_common_delta_pp":3.7700927947280385e-05,"downloaders_all_left_share":null,"downloaders_all_right_share":null,"downloaders_without-hosting_delta_pp":null,"downloaders_without-hosting_observed_common_delta_pp":5.6567778694211755e-05,"downloaders_without-hosting_left_share":null,"downloaders_without-hosting_right_share":null,"uploaders_all_delta_pp":null,"uploaders_all_observed_common_delta_pp":0.0,"uploaders_all_left_share":null,"uploaders_all_right_share":null,"uploaders_without-hosting_delta_pp":null,"uploaders_without-hosting_observed_common_delta_pp":0.0,"uploaders_without-hosting_left_share":null,"uploaders_without-hosting_right_share":null},"geometry":{"type":"Polygon","coordinates":[[[143.95613527082995,43.57599429306489],[143.84385724582205,43.59866811004859],[143.81680863177647,43.68559564350687],[143.90222417931923,43.74995889537035],[144.01479650321062,43.727315511513886],[144.04165844515052,43.640278478335645],[143.95613527082995,43.57599429306489]]]}},{"type":"Feature","properties":{"h3":"852ead47fffffff","countries":["JPN"],"common_intervals":24,"left_observed_intervals":24,"right_observed_intervals":26,"full_window_comparable":false,"expected_intervals":26,"downloaders_all_delta_pp":null,"downloaders_all_observed_common_delta_pp":5.35455916312243e-05,"downloaders_all_left_share":null,"downloaders_all_right_share":null,"downloaders_without-hosting_delta_pp":null,"downloaders_without-hosting_observed_common_delta_pp":7.071708342164993e-05,"downloaders_without-hosting_left_share":null,"downloaders_without-hosting_right_share":null,"uploaders_all_delta_pp":null,"uploaders_all_observed_common_delta_pp":3.2723638338497524e-05,"uploaders_all_left_share":null,"uploaders_all_right_share":null,"uploaders_without-hosting_delta_pp":null,"uploaders_without-hosting_observed_common_delta_pp":6.21535066584799e-05,"uploaders_without-hosting_left_share":null,"uploaders_without-hosting_right_share":null},"geometry":{"type":"Polygon","coordinates":[[[144.01479650321062,43.727315511513886],[143.90222417931923,43.74995889537035],[143.87517497843254,43.836854766901624],[143.96088557966573,43.90121641952492],[144.07375350957872,43.87860316351579],[144.1006146932507,43.79159816397732],[144.01479650321062,43.727315511513886]]]}},{"type":"Feature","properties":{"h3":"852ee6c3fffffff","countries":["JPN"],"common_intervals":1,"left_observed_intervals":4,"right_observed_intervals":3,"full_window_comparable":false,"expected_intervals":26,"downloaders_all_delta_pp":null,"downloaders_all_observed_common_delta_pp":1.0500504885578926e-05,"downloaders_all_left_share":null,"downloaders_all_right_share":null,"downloaders_without-hosting_delta_pp":null,"downloaders_without-hosting_observed_common_delta_pp":9.980902428201105e-06,"downloaders_without-hosting_left_share":null,"downloaders_without-hosting_right_share":null,"uploaders_all_delta_pp":null,"uploaders_all_observed_common_delta_pp":0.0,"uploaders_all_left_share":null,"uploaders_all_right_share":null,"uploaders_without-hosting_delta_pp":null,"uploaders_without-hosting_observed_common_delta_pp":0.0,"uploaders_without-hosting_left_share":null,"uploaders_without-hosting_right_share":null},"geometry":{"type":"Polygon","coordinates":[[[140.40240532714344,42.48660256155528],[140.2948327845404,42.50618235647846],[140.26479766756964,42.591103064570184],[140.34248478957613,42.65656243894689],[140.45033982419676,42.63703053936262],[140.48022473824847,42.551991366727435],[140.40240532714344,42.48660256155528]]]}},{"type":"Feature","properties":{"h3":"852ef493fffffff","countries":["JPN"],"common_intervals":2,"left_observed_intervals":5,"right_observed_intervals":5,"full_window_comparable":false,"expected_intervals":26,"downloaders_all_delta_pp":null,"downloaders_all_observed_common_delta_pp":-2.6378901906738215e-06,"downloaders_all_left_share":null,"downloaders_all_right_share":null,"downloaders_without-hosting_delta_pp":null,"downloaders_without-hosting_observed_common_delta_pp":-2.849777189140043e-06,"downloaders_without-hosting_left_share":null,"downloaders_without-hosting_right_share":null,"uploaders_all_delta_pp":null,"uploaders_all_observed_common_delta_pp":0.0,"uploaders_all_left_share":null,"uploaders_all_right_share":null,"uploaders_without-hosting_delta_pp":null,"uploaders_without-hosting_observed_common_delta_pp":0.0,"uploaders_without-hosting_left_share":null,"uploaders_without-hosting_right_share":null},"geometry":{"type":"Polygon","coordinates":[[[141.92380920273794,43.40501497956995],[141.81342127547256,43.42560723578441],[141.78441764096902,43.51123993565128],[141.8659693614188,43.576394659991465],[141.97664943036312,43.55584300436988],[142.0054851049523,43.47009603877568],[141.92380920273794,43.40501497956995]]]}},{"type":"Feature","properties":{"h3":"852f580bfffffff","countries":["JPN"],"common_intervals":0,"left_observed_intervals":2,"right_observed_intervals":2,"full_window_comparable":false,"expected_intervals":26,"downloaders_all_delta_pp":null,"downloaders_all_observed_common_delta_pp":null,"downloaders_all_left_share":null,"downloaders_all_right_share":null,"downloaders_without-hosting_delta_pp":null,"downloaders_without-hosting_observed_common_delta_pp":null,"downloaders_without-hosting_left_share":null,"downloaders_without-hosting_right_share":null,"uploaders_all_delta_pp":null,"uploaders_all_observed_common_delta_pp":null,"uploaders_all_left_share":null,"uploaders_all_right_share":null,"uploaders_without-hosting_delta_pp":null,"uploaders_without-hosting_observed_common_delta_pp":null,"uploaders_without-hosting_left_share":null,"uploaders_without-hosting_right_share":null},"geometry":{"type":"Polygon","coordinates":[[[139.91501348908932,34.86053766941678],[139.81869461936623,34.8842641743684],[139.79130360132535,34.97024264844697],[139.86034903864666,35.03262206475408],[139.95689556614755,35.00893902538598],[139.98416863214484,34.92283306978854],[139.91501348908932,34.86053766941678]]]}},{"type":"Feature","properties":{"h3":"852f5837fffffff","countries":["JPN"],"common_intervals":15,"left_observed_intervals":18,"right_observed_intervals":20,"full_window_comparable":false,"expected_intervals":26,"downloaders_all_delta_pp":null,"downloaders_all_observed_common_delta_pp":6.80638914465453e-05,"downloaders_all_left_share":null,"downloaders_all_right_share":null,"downloaders_without-hosting_delta_pp":null,"downloaders_without-hosting_observed_common_delta_pp":8.339378831407033e-05,"downloaders_without-hosting_left_share":null,"downloaders_without-hosting_right_share":null,"uploaders_all_delta_pp":null,"uploaders_all_observed_common_delta_pp":0.0,"uploaders_all_left_share":null,"uploaders_all_right_share":null,"uploaders_without-hosting_delta_pp":null,"uploaders_without-hosting_observed_common_delta_pp":0.0,"uploaders_without-hosting_left_share":null,"uploaders_without-hosting_right_share":null},"geometry":{"type":"Polygon","coordinates":[[[139.3806796164093,34.596483149324975],[139.2851853265097,34.61985830367134],[139.25747158667562,34.70541753498981],[139.32536503945767,34.767730070691165],[139.4210844176351,34.74440040539401],[139.44868489469025,34.65871267566652],[139.3806796164093,34.596483149324975]]]}},{"type":"Feature","properties":{"h3":"852f5843fffffff","countries":["JPN"],"common_intervals":0,"left_observed_intervals":1,"right_observed_intervals":0,"full_window_comparable":false,"expected_intervals":26,"downloaders_all_delta_pp":null,"downloaders_all_observed_common_delta_pp":null,"downloaders_all_left_share":null,"downloaders_all_right_share":null,"downloaders_without-hosting_delta_pp":null,"downloaders_without-hosting_observed_common_delta_pp":null,"downloaders_without-hosting_left_share":null,"downloaders_without-hosting_right_share":null,"uploaders_all_delta_pp":null,"uploaders_all_observed_common_delta_pp":null,"uploaders_all_left_share":null,"uploaders_all_right_share":null,"uploaders_without-hosting_delta_pp":null,"uploaders_without-hosting_observed_common_delta_pp":null,"uploaders_without-hosting_left_share":null,"uploaders_without-hosting_right_share":null},"geometry":{"type":"Polygon","coordinates":[[[140.12300370391677,35.04749355168721],[140.02625847070166,35.07131145576966],[139.99896531017353,35.157450791175066],[140.06853707100217,35.2198992077259],[140.1655114497606,35.19612409201522],[140.1926845521089,35.10985773936883],[140.12300370391677,35.04749355168721]]]}},{"type":"Feature","properties":{"h3":"852f5857fffffff","countries":["JPN"],"common_intervals":0,"left_observed_intervals":1,"right_observed_intervals":2,"full_window_comparable":false,"expected_intervals":26,"downloaders_all_delta_pp":null,"downloaders_all_observed_common_delta_pp":null,"downloaders_all_left_share":null,"downloaders_all_right_share":null,"downloaders_without-hosting_delta_pp":null,"downloaders_without-hosting_observed_common_delta_pp":null,"downloaders_without-hosting_left_share":null,"downloaders_without-hosting_right_share":null,"uploaders_all_delta_pp":null,"uploaders_all_observed_common_delta_pp":null,"uploaders_all_left_share":null,"uploaders_all_right_share":null,"uploaders_without-hosting_delta_pp":null,"uploaders_without-hosting_observed_common_delta_pp":null,"uploaders_without-hosting_left_share":null,"uploaders_without-hosting_right_share":null},"geometry":{"type":"Polygon","coordinates":[[[140.08068569214515,34.89897240287466],[139.98416863214484,34.92283306978854],[139.95689556614755,35.00893902538598],[140.02625847070166,35.07131145576966],[140.12300370391677,35.04749355168721],[140.15015749168361,34.96126042162348],[140.08068569214515,34.89897240287466]]]}},{"type":"Feature","properties":{"h3":"852f5863fffffff","countries":["JPN"],"common_intervals":2,"left_observed_intervals":6,"right_observed_intervals":3,"full_window_comparable":false,"expected_intervals":26,"downloaders_all_delta_pp":null,"downloaders_all_observed_common_delta_pp":1.696822357447136e-05,"downloaders_all_left_share":null,"downloaders_all_right_share":null,"downloaders_without-hosting_delta_pp":null,"downloaders_without-hosting_observed_common_delta_pp":2.2022286495534395e-05,"downloaders_without-hosting_left_share":null,"downloaders_without-hosting_right_share":null,"uploaders_all_delta_pp":null,"uploaders_all_observed_common_delta_pp":0.0,"uploaders_all_left_share":null,"uploaders_all_right_share":null,"uploaders_without-hosting_delta_pp":null,"uploaders_without-hosting_observed_common_delta_pp":0.0,"uploaders_without-hosting_left_share":null,"uploaders_without-hosting_right_share":null},"geometry":{"type":"Polygon","coordinates":[[[139.6674273457129,35.079676149044396],[139.5710531712458,35.10304741177425],[139.5433855468599,35.188836636926936],[139.6122085574861,35.25138233622218],[139.70881127708452,35.228055997367356],[139.73636207243874,35.14213899936495],[139.6674273457129,35.079676149044396]]]}},{"type":"Feature","properties":{"h3":"852f586bfffffff","countries":["JPN"],"common_intervals":26,"left_observed_intervals":26,"right_observed_intervals":26,"full_window_comparable":true,"expected_intervals":26,"downloaders_all_delta_pp":0.0004001860213091217,"downloaders_all_observed_common_delta_pp":0.0004001860213091217,"downloaders_all_left_share":0.0019377527201386577,"downloaders_all_right_share":0.0015375666988295357,"downloaders_without-hosting_delta_pp":0.0005141784401996258,"downloaders_without-hosting_observed_common_delta_pp":0.0005141784401996258,"downloaders_without-hosting_left_share":0.002306999241665233,"downloaders_without-hosting_right_share":0.001792820801465607,"uploaders_all_delta_pp":0.0007174671977207727,"uploaders_all_observed_common_delta_pp":0.0007174671977207727,"uploaders_all_left_share":0.001006227712002091,"uploaders_all_right_share":0.00028876051428131815,"uploaders_without-hosting_delta_pp":0.0010636436010334675,"uploaders_without-hosting_observed_common_delta_pp":0.0010636436010334675,"uploaders_without-hosting_left_share":0.001414878846992718,"uploaders_without-hosting_right_share":0.00035123524595925067},"geometry":{"type":"Polygon","coordinates":[[[139.70881127708452,35.228055997367356],[139.6122085574861,35.25138233622218],[139.58451876127745,35.337203268933855],[139.65354890987163,35.399825444213576],[139.7503811567371,35.37654405851031],[139.77795335686497,35.29059550914456],[139.70881127708452,35.228055997367356]]]}},{"type":"Feature","properties":{"h3":"852f586ffffffff","countries":["JPN"],"common_intervals":26,"left_observed_intervals":26,"right_observed_intervals":26,"full_window_comparable":true,"expected_intervals":26,"downloaders_all_delta_pp":0.0006749296913025529,"downloaders_all_observed_common_delta_pp":0.0006749296913025529,"downloaders_all_left_share":0.004749786879626501,"downloaders_all_right_share":0.004074857188323947,"downloaders_without-hosting_delta_pp":0.0008946054826061318,"downloaders_without-hosting_observed_common_delta_pp":0.0008946054826061318,"downloaders_without-hosting_left_share":0.005653946130310789,"downloaders_without-hosting_right_share":0.004759340647704658,"uploaders_all_delta_pp":0.0011055455774056856,"uploaders_all_observed_common_delta_pp":0.0011055455774056856,"uploaders_all_left_share":0.0013105918467106283,"uploaders_all_right_share":0.00020504626930494265,"uploaders_without-hosting_delta_pp":0.0015983944224244088,"uploaders_without-hosting_observed_common_delta_pp":0.0015983944224244088,"uploaders_without-hosting_left_share":0.0018525640131902602,"uploaders_without-hosting_right_share":0.0002541695907658515},"geometry":{"type":"Polygon","coordinates":[[[139.5433855468599,35.188836636926936],[139.4469850927111,35.21202957269399],[139.41917903778682,35.29772259518213],[139.48788932622497,35.360350555339956],[139.58451876127745,35.337203268933855],[139.6122085574861,35.25138233622218],[139.5433855468599,35.188836636926936]]]}},{"type":"Feature","properties":{"h3":"852f5923fffffff","countries":["JPN"],"common_intervals":0,"left_observed_intervals":1,"right_observed_intervals":3,"full_window_comparable":false,"expected_intervals":26,"downloaders_all_delta_pp":null,"downloaders_all_observed_common_delta_pp":null,"downloaders_all_left_share":null,"downloaders_all_right_share":null,"downloaders_without-hosting_delta_pp":null,"downloaders_without-hosting_observed_common_delta_pp":null,"downloaders_without-hosting_left_share":null,"downloaders_without-hosting_right_share":null,"uploaders_all_delta_pp":null,"uploaders_all_observed_common_delta_pp":null,"uploaders_all_left_share":null,"uploaders_all_right_share":null,"uploaders_without-hosting_delta_pp":null,"uploaders_without-hosting_observed_common_delta_pp":null,"uploaders_without-hosting_left_share":null,"uploaders_without-hosting_right_share":null},"geometry":{"type":"Polygon","coordinates":[[[138.28662613362064,34.4688308065087],[138.19233168872987,34.491267319778544],[138.16383299339557,34.57595572843284],[138.2297333595545,34.63833771943246],[138.32424979696245,34.615951347024925],[138.35264352363492,34.53113279348749],[138.28662613362064,34.4688308065087]]]}},{"type":"Feature","properties":{"h3":"852f592bfffffff","countries":["JPN"],"common_intervals":0,"left_observed_intervals":4,"right_observed_intervals":2,"full_window_comparable":false,"expected_intervals":26,"downloaders_all_delta_pp":null,"downloaders_all_observed_common_delta_pp":null,"downloaders_all_left_share":null,"downloaders_all_right_share":null,"downloaders_without-hosting_delta_pp":null,"downloaders_without-hosting_observed_common_delta_pp":null,"downloaders_without-hosting_left_share":null,"downloaders_without-hosting_right_share":null,"uploaders_all_delta_pp":null,"uploaders_all_observed_common_delta_pp":null,"uploaders_all_left_share":null,"uploaders_all_right_share":null,"uploaders_without-hosting_delta_pp":null,"uploaders_without-hosting_observed_common_delta_pp":null,"uploaders_without-hosting_left_share":null,"uploaders_without-hosting_right_share":null},"geometry":{"type":"Polygon","coordinates":[[[138.32424979696245,34.615951347024925],[138.2297333595545,34.63833771943246],[138.20120655179574,34.72306103934742],[138.26730148234054,34.78552795837005],[138.36204087481173,34.763191797789744],[138.3904620272961,34.6783384577503],[138.32424979696245,34.615951347024925]]]}},{"type":"Feature","properties":{"h3":"852f592ffffffff","countries":["JPN"],"common_intervals":3,"left_observed_intervals":13,"right_observed_intervals":9,"full_window_comparable":false,"expected_intervals":26,"downloaders_all_delta_pp":null,"downloaders_all_observed_common_delta_pp":-2.6369009303607297e-05,"downloaders_all_left_share":null,"downloaders_all_right_share":null,"downloaders_without-hosting_delta_pp":null,"downloaders_without-hosting_observed_common_delta_pp":-2.8236055925853824e-05,"downloaders_without-hosting_left_share":null,"downloaders_without-hosting_right_share":null,"uploaders_all_delta_pp":null,"uploaders_all_observed_common_delta_pp":0.0006097135342275007,"uploaders_all_left_share":null,"uploaders_all_right_share":null,"uploaders_without-hosting_delta_pp":null,"uploaders_without-hosting_observed_common_delta_pp":0.0008907715397720601,"uploaders_without-hosting_left_share":null,"uploaders_without-hosting_right_share":null},"geometry":{"type":"Polygon","coordinates":[[[138.16383299339557,34.57595572843284],[138.06952342809922,34.59821760537838],[138.0408922417723,34.68281067555915],[138.10667464651513,34.745272068499325],[138.20120655179574,34.72306103934742],[138.2297333595545,34.63833771943246],[138.16383299339557,34.57595572843284]]]}},{"type":"Feature","properties":{"h3":"852f594bfffffff","countries":["JPN"],"common_intervals":1,"left_observed_intervals":1,"right_observed_intervals":2,"full_window_comparable":false,"expected_intervals":26,"downloaders_all_delta_pp":null,"downloaders_all_observed_common_delta_pp":2.4633183683885504e-05,"downloaders_all_left_share":null,"downloaders_all_right_share":null,"downloaders_without-hosting_delta_pp":null,"downloaders_without-hosting_observed_common_delta_pp":3.232270311570546e-05,"downloaders_without-hosting_left_share":null,"downloaders_without-hosting_right_share":null,"uploaders_all_delta_pp":null,"uploaders_all_observed_common_delta_pp":0.0,"uploaders_all_left_share":null,"uploaders_all_right_share":null,"uploaders_without-hosting_delta_pp":null,"uploaders_without-hosting_observed_common_delta_pp":0.0,"uploaders_without-hosting_left_share":null,"uploaders_without-hosting_right_share":null},"geometry":{"type":"Polygon","coordinates":[[[139.01057754335366,34.922476328781094],[138.91501491420715,34.94532245415346],[138.88689320937877,35.03059775681535],[138.9544453160305,35.093155782497334],[139.05023425099304,35.070357310290575],[139.07824441066506,34.98495311715865],[139.01057754335366,34.922476328781094]]]}},{"type":"Feature","properties":{"h3":"852f5957fffffff","countries":["JPN"],"common_intervals":9,"left_observed_intervals":11,"right_observed_intervals":16,"full_window_comparable":false,"expected_intervals":26,"downloaders_all_delta_pp":null,"downloaders_all_observed_common_delta_pp":4.879362137713565e-05,"downloaders_all_left_share":null,"downloaders_all_right_share":null,"downloaders_without-hosting_delta_pp":null,"downloaders_without-hosting_observed_common_delta_pp":6.277610657765916e-05,"downloaders_without-hosting_left_share":null,"downloaders_without-hosting_right_share":null,"uploaders_all_delta_pp":null,"uploaders_all_observed_common_delta_pp":0.0002538609070704071,"uploaders_all_left_share":null,"uploaders_all_right_share":null,"uploaders_without-hosting_delta_pp":null,"uploaders_without-hosting_observed_common_delta_pp":0.00037945839902706866,"uploaders_without-hosting_left_share":null,"uploaders_without-hosting_right_share":null},"geometry":{"type":"Polygon","coordinates":[[[138.93179266536941,34.62705905343597],[138.83667973361824,34.65000032971378],[138.8086085797658,34.735207886475926],[138.87576009794444,34.79760329033073],[138.9710973945617,34.774709562161895],[138.99905845000944,34.689372838556864],[138.93179266536941,34.62705905343597]]]}},{"type":"Feature","properties":{"h3":"852f595bfffffff","countries":["JPN"],"common_intervals":0,"left_observed_intervals":2,"right_observed_intervals":3,"full_window_comparable":false,"expected_intervals":26,"downloaders_all_delta_pp":null,"downloaders_all_observed_common_delta_pp":null,"downloaders_all_left_share":null,"downloaders_all_right_share":null,"downloaders_without-hosting_delta_pp":null,"downloaders_without-hosting_observed_common_delta_pp":null,"downloaders_without-hosting_left_share":null,"downloaders_without-hosting_right_share":null,"uploaders_all_delta_pp":null,"uploaders_all_observed_common_delta_pp":null,"uploaders_all_left_share":null,"uploaders_all_right_share":null,"uploaders_without-hosting_delta_pp":null,"uploaders_without-hosting_observed_common_delta_pp":null,"uploaders_without-hosting_left_share":null,"uploaders_without-hosting_right_share":null},"geometry":{"type":"Polygon","coordinates":[[[139.1341039503976,34.81408242768554],[139.03856319392258,34.83710534605113],[139.01057754335366,34.922476328781094],[139.07824441066506,34.98495311715865],[139.1740110724037,34.961977133103254],[139.2018845996474,34.876477385074914],[139.1341039503976,34.81408242768554]]]}},{"type":"Feature","properties":{"h3":"852f5967fffffff","countries":["JPN"],"common_intervals":26,"left_observed_intervals":26,"right_observed_intervals":26,"full_window_comparable":true,"expected_intervals":26,"downloaders_all_delta_pp":0.0002538535011954982,"downloaders_all_observed_common_delta_pp":0.0002538535011954982,"downloaders_all_left_share":0.0021892553883575026,"downloaders_all_right_share":0.0019354018871620045,"downloaders_without-hosting_delta_pp":0.0003447768686176152,"downloaders_without-hosting_observed_common_delta_pp":0.0003447768686176152,"downloaders_without-hosting_left_share":0.002604291878346529,"downloaders_without-hosting_right_share":0.0022595150097289144,"uploaders_all_delta_pp":0.0008916630598680789,"uploaders_all_observed_common_delta_pp":0.0008916630598680789,"uploaders_all_left_share":0.0013584589500654637,"uploaders_all_right_share":0.0004667958901973847,"uploaders_without-hosting_delta_pp":0.0013278953908725276,"uploaders_without-hosting_observed_common_delta_pp":0.0013278953908725276,"uploaders_without-hosting_left_share":0.0019107595728177923,"uploaders_without-hosting_right_share":0.0005828641819452648},"geometry":{"type":"Polygon","coordinates":[[[138.36204087481173,34.763191797789744],[138.26730148234054,34.78552795837005],[138.2387466185602,34.87028516106679],[138.30503713821017,34.932836046574785],[138.40000045397775,34.91055016455878],[138.42844897008234,34.82566307052916],[138.36204087481173,34.763191797789744]]]}},{"type":"Feature","properties":{"h3":"852f596ffffffff","countries":["JPN"],"common_intervals":26,"left_observed_intervals":26,"right_observed_intervals":26,"full_window_comparable":true,"expected_intervals":26,"downloaders_all_delta_pp":0.0013310633200589621,"downloaders_all_observed_common_delta_pp":0.0013310633200589621,"downloaders_all_left_share":0.0067397840647290975,"downloaders_all_right_share":0.005408720744670137,"downloaders_without-hosting_delta_pp":0.0017089161326157521,"downloaders_without-hosting_observed_common_delta_pp":0.0017089161326157521,"downloaders_without-hosting_left_share":0.008019890828631982,"downloaders_without-hosting_right_share":0.0063109746960162295,"uploaders_all_delta_pp":0.0012845154648495,"uploaders_all_observed_common_delta_pp":0.0012845154648495,"uploaders_all_left_share":0.002123522761069712,"uploaders_all_right_share":0.0008390072962202118,"uploaders_without-hosting_delta_pp":0.0019253362343739382,"uploaders_without-hosting_observed_common_delta_pp":0.0019253362343739382,"uploaders_without-hosting_left_share":0.002961875085511702,"uploaders_without-hosting_right_share":0.0010365388511377636},"geometry":{"type":"Polygon","coordinates":[[[138.40000045397775,34.91055016455878],[138.30503713821017,34.932836046574785],[138.2764542764796,35.01762609995639],[138.342941417368,35.08025998257634],[138.43812963039142,35.0580244415934],[138.4666054461972,34.97310462969337],[138.40000045397775,34.91055016455878]]]}},{"type":"Feature","properties":{"h3":"852f5a03fffffff","countries":["JPN"],"common_intervals":26,"left_observed_intervals":26,"right_observed_intervals":26,"full_window_comparable":true,"expected_intervals":26,"downloaders_all_delta_pp":0.0022553836126951434,"downloaders_all_observed_common_delta_pp":0.0022553836126951434,"downloaders_all_left_share":0.015977433334024252,"downloaders_all_right_share":0.01372204972132911,"downloaders_without-hosting_delta_pp":0.00014696302583772558,"downloaders_without-hosting_observed_common_delta_pp":0.00014696302583772558,"downloaders_without-hosting_left_share":0.0011327128479510019,"downloaders_without-hosting_right_share":0.0009857498221132763,"uploaders_all_delta_pp":0.00020895719112200593,"uploaders_all_observed_common_delta_pp":0.00020895719112200593,"uploaders_all_left_share":0.0015885056291952944,"uploaders_all_right_share":0.0013795484380732883,"uploaders_without-hosting_delta_pp":-6.349433275466082e-05,"uploaders_without-hosting_observed_common_delta_pp":-6.349433275466082e-05,"uploaders_without-hosting_left_share":0.00019978364455919753,"uploaders_without-hosting_right_share":0.0002632779773138584},"geometry":{"type":"Polygon","coordinates":[[[140.16914547918145,35.752559438865006],[140.07144597239602,35.7760247935683],[140.04393156429828,35.86218836506505],[140.11423896072444,35.9250130475138],[140.21217204029364,35.90159126943032],[140.23956376983287,35.815301202548596],[140.16914547918145,35.752559438865006]]]}},{"type":"Feature","properties":{"h3":"852f5a07fffffff","countries":["JPN"],"common_intervals":26,"left_observed_intervals":26,"right_observed_intervals":26,"full_window_comparable":true,"expected_intervals":26,"downloaders_all_delta_pp":0.002135511778460569,"downloaders_all_observed_common_delta_pp":0.002135511778460569,"downloaders_all_left_share":0.01348044835772781,"downloaders_all_right_share":0.011344936579267242,"downloaders_without-hosting_delta_pp":0.0028037937325698795,"downloaders_without-hosting_observed_common_delta_pp":0.0028037937325698795,"downloaders_without-hosting_left_share":0.016039409912285883,"downloaders_without-hosting_right_share":0.013235616179716,"uploaders_all_delta_pp":0.002172124491127978,"uploaders_all_observed_common_delta_pp":0.002172124491127978,"uploaders_all_left_share":0.00339371254304448,"uploaders_all_right_share":0.0012215880519165024,"uploaders_without-hosting_delta_pp":0.003128410319774314,"uploaders_without-hosting_observed_common_delta_pp":0.003128410319774314,"uploaders_without-hosting_left_share":0.004628538754992737,"uploaders_without-hosting_right_share":0.0015001284352184232},"geometry":{"type":"Polygon","coordinates":[[[140.00135169455066,35.71327166080734],[139.9038543695014,35.736599553312075],[139.87621865648555,35.822636311420816],[139.9462011939323,35.885471959072575],[140.04393156429828,35.86218836506505],[140.07144597239602,35.7760247935683],[140.00135169455066,35.71327166080734]]]}},{"type":"Feature","properties":{"h3":"852f5a0bfffffff","countries":["JPN"],"common_intervals":26,"left_observed_intervals":26,"right_observed_intervals":26,"full_window_comparable":true,"expected_intervals":26,"downloaders_all_delta_pp":0.00033023623246778306,"downloaders_all_observed_common_delta_pp":0.00033023623246778306,"downloaders_all_left_share":0.0012826410182175169,"downloaders_all_right_share":0.0009524047857497335,"downloaders_without-hosting_delta_pp":0.00041544347514233,"downloaders_without-hosting_observed_common_delta_pp":0.00041544347514233,"downloaders_without-hosting_left_share":0.0015273466077584256,"downloaders_without-hosting_right_share":0.0011119031326160959,"uploaders_all_delta_pp":7.241830090464653e-05,"uploaders_all_observed_common_delta_pp":7.241830090464653e-05,"uploaders_all_left_share":0.0001381074643809799,"uploaders_all_right_share":6.568916347633336e-05,"uploaders_without-hosting_delta_pp":0.00010430302279455058,"uploaders_without-hosting_observed_common_delta_pp":0.00010430302279455058,"uploaders_without-hosting_left_share":0.00018880025282097204,"uploaders_without-hosting_right_share":8.449723002642147e-05},"geometry":{"type":"Polygon","coordinates":[[[140.21217204029364,35.90159126943032],[140.11423896072444,35.9250130475138],[140.08670442536314,36.011203687131065],[140.15722607593983,36.074098836543456],[140.25539373370816,36.050720637573306],[140.282804779414,35.96440368114892],[140.21217204029364,35.90159126943032]]]}},{"type":"Feature","properties":{"h3":"852f5a0ffffffff","countries":["JPN"],"common_intervals":26,"left_observed_intervals":26,"right_observed_intervals":26,"full_window_comparable":true,"expected_intervals":26,"downloaders_all_delta_pp":0.0006868855097015301,"downloaders_all_observed_common_delta_pp":0.0006868855097015301,"downloaders_all_left_share":0.0027978005272057123,"downloaders_all_right_share":0.0021109150175041814,"downloaders_without-hosting_delta_pp":0.0008677061216354153,"downloaders_without-hosting_observed_common_delta_pp":0.0008677061216354153,"downloaders_without-hosting_left_share":0.0033311744979043355,"downloaders_without-hosting_right_share":0.00246346837626892,"uploaders_all_delta_pp":0.00048087146085586834,"uploaders_all_observed_common_delta_pp":0.00048087146085586834,"uploaders_all_left_share":0.000649439584555468,"uploaders_all_right_share":0.0001685681236995998,"uploaders_without-hosting_delta_pp":0.0006847569948023388,"uploaders_without-hosting_observed_common_delta_pp":0.0006847569948023388,"uploaders_without-hosting_left_share":0.000892721814049927,"uploaders_without-hosting_right_share":0.00020796481924758816},"geometry":{"type":"Polygon","coordinates":[[[140.04393156429828,35.86218836506505],[139.9462011939323,35.885471959072575],[139.91854455148965,35.97153596077149],[139.98874000452406,36.03444297583341],[140.08670442536314,36.011203687131065],[140.11423896072444,35.9250130475138],[140.04393156429828,35.86218836506505]]]}},{"type":"Feature","properties":{"h3":"852f5a13fffffff","countries":["JPN"],"common_intervals":26,"left_observed_intervals":26,"right_observed_intervals":26,"full_window_comparable":true,"expected_intervals":26,"downloaders_all_delta_pp":-0.00011255685882017909,"downloaders_all_observed_common_delta_pp":-0.00011255685882017909,"downloaders_all_left_share":0.0019937628095757194,"downloaders_all_right_share":0.0021063196683958987,"downloaders_without-hosting_delta_pp":0.00033328844568919367,"downloaders_without-hosting_observed_common_delta_pp":0.00033328844568919367,"downloaders_without-hosting_left_share":0.0019456173959428423,"downloaders_without-hosting_right_share":0.0016123289502536489,"uploaders_all_delta_pp":-0.0008957177996974971,"uploaders_all_observed_common_delta_pp":-0.0008957177996974971,"uploaders_all_left_share":0.0013908057252676206,"uploaders_all_right_share":0.002286523524965118,"uploaders_without-hosting_delta_pp":0.00038113341386189514,"uploaders_without-hosting_observed_common_delta_pp":0.00038113341386189514,"uploaders_without-hosting_left_share":0.0008182129195252793,"uploaders_without-hosting_right_share":0.0004370795056633841},"geometry":{"type":"Polygon","coordinates":[[[140.2941854607898,35.64265070919681],[140.1965177567304,35.666297351392465],[140.16914547918145,35.752559438865006],[140.23956376983287,35.815301202548596],[140.33746456361357,35.79169740584789],[140.3647135973694,35.70530897106313],[140.2941854607898,35.64265070919681]]]}},{"type":"Feature","properties":{"h3":"852f5a17fffffff","countries":["JPN"],"common_intervals":26,"left_observed_intervals":26,"right_observed_intervals":26,"full_window_comparable":true,"expected_intervals":26,"downloaders_all_delta_pp":0.0012714605305089058,"downloaders_all_observed_common_delta_pp":0.0012714605305089058,"downloaders_all_left_share":0.006759431583569022,"downloaders_all_right_share":0.005487971053060116,"downloaders_without-hosting_delta_pp":0.0016387718154001576,"downloaders_without-hosting_observed_common_delta_pp":0.0016387718154001576,"downloaders_without-hosting_left_share":0.008040127379217537,"downloaders_without-hosting_right_share":0.006401355563817379,"uploaders_all_delta_pp":0.0009361194402888395,"uploaders_all_observed_common_delta_pp":0.0009361194402888395,"uploaders_all_left_share":0.001481061554698907,"uploaders_all_right_share":0.0005449421144100675,"uploaders_without-hosting_delta_pp":0.001376328630633543,"uploaders_without-hosting_observed_common_delta_pp":0.001376328630633543,"uploaders_without-hosting_left_share":0.002046676287443957,"uploaders_without-hosting_right_share":0.000670347656810414},"geometry":{"type":"Polygon","coordinates":[[[140.1263127801081,35.603627319068295],[140.02884584634185,35.627136243258406],[140.00135169455066,35.71327166080734],[140.07144597239602,35.7760247935683],[140.16914547918145,35.752559438865006],[140.1965177567304,35.666297351392465],[140.1263127801081,35.603627319068295]]]}},{"type":"Feature","properties":{"h3":"852f5a23fffffff","countries":["JPN"],"common_intervals":26,"left_observed_intervals":26,"right_observed_intervals":26,"full_window_comparable":true,"expected_intervals":26,"downloaders_all_delta_pp":0.005843271699238164,"downloaders_all_observed_common_delta_pp":0.005843271699238164,"downloaders_all_left_share":0.03673801017482737,"downloaders_all_right_share":0.03089473847558921,"downloaders_without-hosting_delta_pp":0.007656790795087567,"downloaders_without-hosting_observed_common_delta_pp":0.007656790795087567,"downloaders_without-hosting_left_share":0.0437086077099866,"downloaders_without-hosting_right_share":0.03605181691489903,"uploaders_all_delta_pp":0.004648756938919452,"uploaders_all_observed_common_delta_pp":0.004648756938919452,"uploaders_all_left_share":0.009124788395468802,"uploaders_all_right_share":0.0044760314565493505,"uploaders_without-hosting_delta_pp":0.007026046668409993,"uploaders_without-hosting_observed_common_delta_pp":0.007026046668409993,"uploaders_without-hosting_left_share":0.012567080617929756,"uploaders_without-hosting_right_share":0.005541033949519764},"geometry":{"type":"Polygon","coordinates":[[[139.70903369968423,35.78293739140678],[139.61171137634747,35.805947573648616],[139.58381464771116,35.8917573669839],[139.65335921995353,35.95468420138315],[139.75091450691747,35.931719757421234],[139.7786918787756,35.845782707036875],[139.70903369968423,35.78293739140678]]]}},{"type":"Feature","properties":{"h3":"852f5a27fffffff","countries":["JPN"],"common_intervals":26,"left_observed_intervals":26,"right_observed_intervals":26,"full_window_comparable":true,"expected_intervals":26,"downloaders_all_delta_pp":0.001349319853760647,"downloaders_all_observed_common_delta_pp":0.001349319853760647,"downloaders_all_left_share":0.010852530748140828,"downloaders_all_right_share":0.009503210894380179,"downloaders_without-hosting_delta_pp":0.0018197263966445855,"downloaders_without-hosting_observed_common_delta_pp":0.0018197263966445855,"downloaders_without-hosting_left_share":0.012912553320750171,"downloaders_without-hosting_right_share":0.011092826924105586,"uploaders_all_delta_pp":0.0014639459795963777,"uploaders_all_observed_common_delta_pp":0.0014639459795963777,"uploaders_all_left_share":0.0029432768937148707,"uploaders_all_right_share":0.0014793309141184932,"uploaders_without-hosting_delta_pp":0.0022479479408454113,"uploaders_without-hosting_observed_common_delta_pp":0.0022479479408454113,"uploaders_without-hosting_left_share":0.004074534434237559,"uploaders_without-hosting_right_share":0.0018265864933921482},"geometry":{"type":"Polygon","coordinates":[[[139.54237703835594,35.74309387888515],[139.44526000953354,35.76596883197294],[139.41724529161047,35.85165107013235],[139.48646521397626,35.91458587506068],[139.58381464771116,35.8917573669839],[139.61171137634747,35.805947573648616],[139.54237703835594,35.74309387888515]]]}},{"type":"Feature","properties":{"h3":"852f5a2bfffffff","countries":["JPN"],"common_intervals":26,"left_observed_intervals":26,"right_observed_intervals":26,"full_window_comparable":true,"expected_intervals":26,"downloaders_all_delta_pp":0.0005145086639841268,"downloaders_all_observed_common_delta_pp":0.0005145086639841268,"downloaders_all_left_share":0.0031022616903767166,"downloaders_all_right_share":0.0025877530263925894,"downloaders_without-hosting_delta_pp":0.0006709960477743818,"downloaders_without-hosting_observed_common_delta_pp":0.0006709960477743818,"downloaders_without-hosting_left_share":0.0036918799667433884,"downloaders_without-hosting_right_share":0.0030208839189690066,"uploaders_all_delta_pp":0.0003533116557595739,"uploaders_all_observed_common_delta_pp":0.0003533116557595739,"uploaders_all_left_share":0.0005615000149476065,"uploaders_all_right_share":0.00020818835918803253,"uploaders_without-hosting_delta_pp":0.0005213188185945948,"uploaders_without-hosting_observed_common_delta_pp":0.0005213188185945948,"uploaders_without-hosting_left_share":0.0007783811947237771,"uploaders_without-hosting_right_share":0.0002570623761291822},"geometry":{"type":"Polygon","coordinates":[[[139.75091450691747,35.931719757421234],[139.65335921995353,35.95468420138315],[139.6254400956999,36.0405205031727],[139.69519602443003,36.10351941174491],[139.79298528504813,36.08060071684449],[139.82078426156494,35.99463733135127],[139.75091450691747,35.931719757421234]]]}},{"type":"Feature","properties":{"h3":"852f5a2ffffffff","countries":["JPN"],"common_intervals":26,"left_observed_intervals":26,"right_observed_intervals":26,"full_window_comparable":true,"expected_intervals":26,"downloaders_all_delta_pp":0.0003039631053133297,"downloaders_all_observed_common_delta_pp":0.0003039631053133297,"downloaders_all_left_share":0.002496856633752224,"downloaders_all_right_share":0.0021928935284388942,"downloaders_without-hosting_delta_pp":0.00041270928190291836,"downloaders_without-hosting_observed_common_delta_pp":0.00041270928190291836,"downloaders_without-hosting_left_share":0.002970897572839277,"downloaders_without-hosting_right_share":0.0025581882909363595,"uploaders_all_delta_pp":0.00015668573580859805,"uploaders_all_observed_common_delta_pp":0.00015668573580859805,"uploaders_all_left_share":0.0003922394920947825,"uploaders_all_right_share":0.00023555375628618458,"uploaders_without-hosting_delta_pp":0.0002661155269908778,"uploaders_without-hosting_observed_common_delta_pp":0.0002661155269908778,"uploaders_without-hosting_left_share":0.0005597855217934979,"uploaders_without-hosting_right_share":0.00029366999480262015},"geometry":{"type":"Polygon","coordinates":[[[139.58381464771116,35.8917573669839],[139.48646521397626,35.91458587506068],[139.45842731845698,36.0002947919918],[139.52785724763973,36.0633025511608],[139.6254400956999,36.0405205031727],[139.65335921995353,35.95468420138315],[139.58381464771116,35.8917573669839]]]}},{"type":"Feature","properties":{"h3":"852f5a33fffffff","countries":["JPN"],"common_intervals":26,"left_observed_intervals":26,"right_observed_intervals":26,"full_window_comparable":true,"expected_intervals":26,"downloaders_all_delta_pp":0.003919023898354321,"downloaders_all_observed_common_delta_pp":0.003919023898354321,"downloaders_all_left_share":0.02278200800679013,"downloaders_all_right_share":0.018862984108435808,"downloaders_without-hosting_delta_pp":0.005090174403109724,"downloaders_without-hosting_observed_common_delta_pp":0.005090174403109724,"downloaders_without-hosting_left_share":0.027102446309184677,"downloaders_without-hosting_right_share":0.022012271906074958,"uploaders_all_delta_pp":0.003169988617789355,"uploaders_all_observed_common_delta_pp":0.003169988617789355,"uploaders_all_left_share":0.006587046455603165,"uploaders_all_right_share":0.0034170578378138095,"uploaders_without-hosting_delta_pp":0.00495751382047028,"uploaders_without-hosting_observed_common_delta_pp":0.00495751382047028,"uploaders_without-hosting_left_share":0.00920107308077128,"uploaders_without-hosting_right_share":0.004243559260301002},"geometry":{"type":"Polygon","coordinates":[[[139.83408361914334,35.67383634746063],[139.73678934888014,35.69702775700282],[139.70903369968423,35.78293739140678],[139.7786918787756,35.845782707036875],[139.87621865648555,35.822636311420816],[139.9038543695014,35.736599553312075],[139.83408361914334,35.67383634746063]]]}},{"type":"Feature","properties":{"h3":"852f5a37fffffff","countries":["JPN"],"common_intervals":26,"left_observed_intervals":26,"right_observed_intervals":26,"full_window_comparable":true,"expected_intervals":26,"downloaders_all_delta_pp":0.07047417489751219,"downloaders_all_observed_common_delta_pp":0.07047417489751219,"downloaders_all_left_share":0.39417226657021676,"downloaders_all_right_share":0.32369809167270464,"downloaders_without-hosting_delta_pp":0.06149727722930594,"downloaders_without-hosting_observed_common_delta_pp":0.06149727722930594,"downloaders_without-hosting_left_share":0.35540998159232046,"downloaders_without-hosting_right_share":0.2939127043630144,"uploaders_all_delta_pp":0.14875037936526608,"uploaders_all_observed_common_delta_pp":0.14875037936526608,"uploaders_all_left_share":0.2579336370247028,"uploaders_all_right_share":0.10918325765943669,"uploaders_without-hosting_delta_pp":0.10353394882039792,"uploaders_without-hosting_observed_common_delta_pp":0.10353394882039792,"uploaders_without-hosting_left_share":0.18089965474797134,"uploaders_without-hosting_right_share":0.0773657059275734},"geometry":{"type":"Polygon","coordinates":[[[139.6673416239767,35.63425576574742],[139.57025126001471,35.65731167086974],[139.54237703835594,35.74309387888515],[139.61171137634747,35.805947573648616],[139.70903369968423,35.78293739140678],[139.73678934888014,35.69702775700282],[139.6673416239767,35.63425576574742]]]}},{"type":"Feature","properties":{"h3":"852f5a3bfffffff","countries":["JPN"],"common_intervals":26,"left_observed_intervals":26,"right_observed_intervals":26,"full_window_comparable":true,"expected_intervals":26,"downloaders_all_delta_pp":0.0008579406520593442,"downloaders_all_observed_common_delta_pp":0.0008579406520593442,"downloaders_all_left_share":0.006000211687449738,"downloaders_all_right_share":0.005142271035390394,"downloaders_without-hosting_delta_pp":0.0011425069866120138,"downloaders_without-hosting_observed_common_delta_pp":0.0011425069866120138,"downloaders_without-hosting_left_share":0.007140576393553449,"downloaders_without-hosting_right_share":0.0059980694069414345,"uploaders_all_delta_pp":0.000270458982903145,"uploaders_all_observed_common_delta_pp":0.000270458982903145,"uploaders_all_left_share":0.0010993796859473106,"uploaders_all_right_share":0.0008289207030441656,"uploaders_without-hosting_delta_pp":0.0004629816688293261,"uploaders_without-hosting_observed_common_delta_pp":0.0004629816688293261,"uploaders_without-hosting_left_share":0.001497763430702064,"uploaders_without-hosting_right_share":0.001034781761872738},"geometry":{"type":"Polygon","coordinates":[[[139.87621865648555,35.822636311420816],[139.7786918787756,35.845782707036875],[139.75091450691747,35.931719757421234],[139.82078426156494,35.99463733135127],[139.91854455148965,35.97153596077149],[139.9462011939323,35.885471959072575],[139.87621865648555,35.822636311420816]]]}},{"type":"Feature","properties":{"h3":"852f5a43fffffff","countries":["JPN"],"common_intervals":0,"left_observed_intervals":6,"right_observed_intervals":3,"full_window_comparable":false,"expected_intervals":26,"downloaders_all_delta_pp":null,"downloaders_all_observed_common_delta_pp":null,"downloaders_all_left_share":null,"downloaders_all_right_share":null,"downloaders_without-hosting_delta_pp":null,"downloaders_without-hosting_observed_common_delta_pp":null,"downloaders_without-hosting_left_share":null,"downloaders_without-hosting_right_share":null,"uploaders_all_delta_pp":null,"uploaders_all_observed_common_delta_pp":null,"uploaders_all_left_share":null,"uploaders_all_right_share":null,"uploaders_without-hosting_delta_pp":null,"uploaders_without-hosting_observed_common_delta_pp":null,"uploaders_without-hosting_left_share":null,"uploaders_without-hosting_right_share":null},"geometry":{"type":"Polygon","coordinates":[[[140.42461204249145,36.09008450436111],[140.32624206387553,36.113602606251284],[140.29881184034824,36.199945359294006],[140.36987691234862,36.26289578615514],[140.4684829973482,36.23942052422524],[140.4957875169098,36.15295196899819],[140.42461204249145,36.09008450436111]]]}},{"type":"Feature","properties":{"h3":"852f5a47fffffff","countries":["JPN"],"common_intervals":18,"left_observed_intervals":20,"right_observed_intervals":24,"full_window_comparable":false,"expected_intervals":26,"downloaders_all_delta_pp":null,"downloaders_all_observed_common_delta_pp":0.00010677256325865804,"downloaders_all_left_share":null,"downloaders_all_right_share":null,"downloaders_without-hosting_delta_pp":null,"downloaders_without-hosting_observed_common_delta_pp":0.00013117854676115916,"downloaders_without-hosting_left_share":null,"downloaders_without-hosting_right_share":null,"uploaders_all_delta_pp":null,"uploaders_all_observed_common_delta_pp":3.5596329718071384e-05,"uploaders_all_left_share":null,"uploaders_all_right_share":null,"uploaders_without-hosting_delta_pp":null,"uploaders_without-hosting_observed_common_delta_pp":5.9178428588685356e-05,"uploaders_without-hosting_left_share":null,"uploaders_without-hosting_right_share":null},"geometry":{"type":"Polygon","coordinates":[[[140.25539373370816,36.050720637573306],[140.15722607593983,36.074098836543456],[140.1296715448113,36.160315455380236],[140.20040859328037,36.223279981334784],[140.29881184034824,36.199945359294006],[140.32624206387553,36.113602606251284],[140.25539373370816,36.050720637573306]]]}},{"type":"Feature","properties":{"h3":"852f5a4bfffffff","countries":["JPN"],"common_intervals":26,"left_observed_intervals":26,"right_observed_intervals":26,"full_window_comparable":true,"expected_intervals":26,"downloaders_all_delta_pp":0.0005531153852390429,"downloaders_all_observed_common_delta_pp":0.0005531153852390429,"downloaders_all_left_share":0.0032464120405986184,"downloaders_all_right_share":0.0026932966553595747,"downloaders_without-hosting_delta_pp":0.0007173507461319245,"downloaders_without-hosting_observed_common_delta_pp":0.0007173507461319245,"downloaders_without-hosting_left_share":0.0038620915145153446,"downloaders_without-hosting_right_share":0.0031447407683834203,"uploaders_all_delta_pp":0.0005767073822842464,"uploaders_all_observed_common_delta_pp":0.0005767073822842464,"uploaders_all_left_share":0.0013562015326352961,"uploaders_all_right_share":0.0007794941503510497,"uploaders_without-hosting_delta_pp":0.0009261871763437828,"uploaders_without-hosting_observed_common_delta_pp":0.0009261871763437828,"uploaders_without-hosting_left_share":0.001892966972434454,"uploaders_without-hosting_right_share":0.0009667797960906711},"geometry":{"type":"Polygon","coordinates":[[[140.4684829973482,36.23942052422524],[140.36987691234862,36.26289578615514],[140.3424276519029,36.34926323992315],[140.41371062480104,36.4122810185426],[140.51255383306383,36.38884858530978],[140.53987655560695,36.3023555191133],[140.4684829973482,36.23942052422524]]]}},{"type":"Feature","properties":{"h3":"852f5a53fffffff","countries":["JPN"],"common_intervals":0,"left_observed_intervals":1,"right_observed_intervals":0,"full_window_comparable":false,"expected_intervals":26,"downloaders_all_delta_pp":null,"downloaders_all_observed_common_delta_pp":null,"downloaders_all_left_share":null,"downloaders_all_right_share":null,"downloaders_without-hosting_delta_pp":null,"downloaders_without-hosting_observed_common_delta_pp":null,"downloaders_without-hosting_left_share":null,"downloaders_without-hosting_right_share":null,"uploaders_all_delta_pp":null,"uploaders_all_observed_common_delta_pp":null,"uploaders_all_left_share":null,"uploaders_all_right_share":null,"uploaders_without-hosting_delta_pp":null,"uploaders_without-hosting_observed_common_delta_pp":null,"uploaders_without-hosting_left_share":null,"uploaders_without-hosting_right_share":null},"geometry":{"type":"Polygon","coordinates":[[[140.5502339710737,35.97994045471238],[140.45189821118262,36.00364156000879],[140.42461204249145,36.09008450436111],[140.4957875169098,36.15295196899819],[140.59435887803912,36.12929297116439],[140.6215187776978,36.042724375583504],[140.5502339710737,35.97994045471238]]]}},{"type":"Feature","properties":{"h3":"852f5a57fffffff","countries":["JPN"],"common_intervals":1,"left_observed_intervals":6,"right_observed_intervals":11,"full_window_comparable":false,"expected_intervals":26,"downloaders_all_delta_pp":null,"downloaders_all_observed_common_delta_pp":-9.002262972840613e-06,"downloaders_all_left_share":null,"downloaders_all_right_share":null,"downloaders_without-hosting_delta_pp":null,"downloaders_without-hosting_observed_common_delta_pp":-6.337383896748026e-06,"downloaders_without-hosting_left_share":null,"downloaders_without-hosting_right_share":null,"uploaders_all_delta_pp":null,"uploaders_all_observed_common_delta_pp":0.0,"uploaders_all_left_share":null,"uploaders_all_right_share":null,"uploaders_without-hosting_delta_pp":null,"uploaders_without-hosting_observed_common_delta_pp":0.0,"uploaders_without-hosting_left_share":null,"uploaders_without-hosting_right_share":null},"geometry":{"type":"Polygon","coordinates":[[[140.38093966284077,35.9408427327696],[140.282804779414,35.96440368114892],[140.25539373370816,36.050720637573306],[140.32624206387553,36.113602606251284],[140.42461204249145,36.09008450436111],[140.45189821118262,36.00364156000879],[140.38093966284077,35.9408427327696]]]}},{"type":"Feature","properties":{"h3":"852f5a5bfffffff","countries":["JPN"],"common_intervals":1,"left_observed_intervals":1,"right_observed_intervals":3,"full_window_comparable":false,"expected_intervals":26,"downloaders_all_delta_pp":null,"downloaders_all_observed_common_delta_pp":1.3259451474938058e-05,"downloaders_all_left_share":null,"downloaders_all_right_share":null,"downloaders_without-hosting_delta_pp":null,"downloaders_without-hosting_observed_common_delta_pp":1.959431743133877e-05,"downloaders_without-hosting_left_share":null,"downloaders_without-hosting_right_share":null,"uploaders_all_delta_pp":null,"uploaders_all_observed_common_delta_pp":0.0,"uploaders_all_left_share":null,"uploaders_all_right_share":null,"uploaders_without-hosting_delta_pp":null,"uploaders_without-hosting_observed_common_delta_pp":0.0,"uploaders_without-hosting_left_share":null,"uploaders_without-hosting_right_share":null},"geometry":{"type":"Polygon","coordinates":[[[140.59435887803912,36.12929297116439],[140.4957875169098,36.15295196899819],[140.4684829973482,36.23942052422524],[140.53987655560695,36.3023555191133],[140.63868452912817,36.27873861785827],[140.6658619436991,36.19214460031709],[140.59435887803912,36.12929297116439]]]}},{"type":"Feature","properties":{"h3":"852f5a63fffffff","countries":["JPN"],"common_intervals":1,"left_observed_intervals":5,"right_observed_intervals":7,"full_window_comparable":false,"expected_intervals":26,"downloaders_all_delta_pp":null,"downloaders_all_observed_common_delta_pp":-0.00010330242485704437,"downloaders_all_left_share":null,"downloaders_all_right_share":null,"downloaders_without-hosting_delta_pp":null,"downloaders_without-hosting_observed_common_delta_pp":-0.00012556336881576548,"downloaders_without-hosting_left_share":null,"downloaders_without-hosting_right_share":null,"uploaders_all_delta_pp":null,"uploaders_all_observed_common_delta_pp":0.0,"uploaders_all_left_share":null,"uploaders_all_right_share":null,"uploaders_without-hosting_delta_pp":null,"uploaders_without-hosting_observed_common_delta_pp":0.0,"uploaders_without-hosting_left_share":null,"uploaders_without-hosting_right_share":null},"geometry":{"type":"Polygon","coordinates":[[[139.96106255737033,36.120533136239146],[139.86306774471643,36.14358947531059],[139.83524728389753,36.229578112023844],[139.9055435862185,36.29263697362262],[140.0037739378979,36.26962566785533],[140.03147206262625,36.18351043662747],[139.96106255737033,36.120533136239146]]]}},{"type":"Feature","properties":{"h3":"852f5a67fffffff","countries":["JPN"],"common_intervals":26,"left_observed_intervals":26,"right_observed_intervals":26,"full_window_comparable":true,"expected_intervals":26,"downloaders_all_delta_pp":0.00015280825547533004,"downloaders_all_observed_common_delta_pp":0.00015280825547533004,"downloaders_all_left_share":0.0007517294591740637,"downloaders_all_right_share":0.0005989212036987336,"downloaders_without-hosting_delta_pp":0.0001961411206951949,"downloaders_without-hosting_observed_common_delta_pp":0.0001961411206951949,"downloaders_without-hosting_left_share":0.0008942833989318415,"downloaders_without-hosting_right_share":0.0006981422782366465,"uploaders_all_delta_pp":0.00011733384232927386,"uploaders_all_observed_common_delta_pp":0.00011733384232927386,"uploaders_all_left_share":0.00024351144846238056,"uploaders_all_right_share":0.00012617760613310673,"uploaders_without-hosting_delta_pp":0.00016477394159668694,"uploaders_without-hosting_observed_common_delta_pp":0.00016477394159668694,"uploaders_without-hosting_left_share":0.0003233393756643572,"uploaders_without-hosting_right_share":0.0001585654340676703},"geometry":{"type":"Polygon","coordinates":[[[139.79298528504813,36.08060071684449],[139.69519602443003,36.10351941174491],[139.6672546182052,36.18938114209011],[139.73722303378742,36.252451051737275],[139.83524728389753,36.229578112023844],[139.86306774471643,36.14358947531059],[139.79298528504813,36.08060071684449]]]}},{"type":"Feature","properties":{"h3":"852f5a6bfffffff","countries":["JPN"],"common_intervals":23,"left_observed_intervals":25,"right_observed_intervals":24,"full_window_comparable":false,"expected_intervals":26,"downloaders_all_delta_pp":null,"downloaders_all_observed_common_delta_pp":3.621341206867264e-05,"downloaders_all_left_share":null,"downloaders_all_right_share":null,"downloaders_without-hosting_delta_pp":null,"downloaders_without-hosting_observed_common_delta_pp":5.0488174904306616e-05,"downloaders_without-hosting_left_share":null,"downloaders_without-hosting_right_share":null,"uploaders_all_delta_pp":null,"uploaders_all_observed_common_delta_pp":8.420399359682267e-06,"uploaders_all_left_share":null,"uploaders_all_right_share":null,"uploaders_without-hosting_delta_pp":null,"uploaders_without-hosting_observed_common_delta_pp":1.3223439696884409e-05,"uploaders_without-hosting_left_share":null,"uploaders_without-hosting_right_share":null},"geometry":{"type":"Polygon","coordinates":[[[140.0037739378979,36.26962566785533],[139.9055435862185,36.29263697362262],[139.87770176384188,36.37864977473784],[139.9482130546856,36.44177765047696],[140.04667996750473,36.41881137509573],[140.07439864021484,36.33267216384312],[140.0037739378979,36.26962566785533]]]}},{"type":"Feature","properties":{"h3":"852f5a6ffffffff","countries":["JPN"],"common_intervals":25,"left_observed_intervals":25,"right_observed_intervals":26,"full_window_comparable":false,"expected_intervals":26,"downloaders_all_delta_pp":null,"downloaders_all_observed_common_delta_pp":0.00012610730470295504,"downloaders_all_left_share":null,"downloaders_all_right_share":null,"downloaders_without-hosting_delta_pp":null,"downloaders_without-hosting_observed_common_delta_pp":0.00016491335260660462,"downloaders_without-hosting_left_share":null,"downloaders_without-hosting_right_share":null,"uploaders_all_delta_pp":null,"uploaders_all_observed_common_delta_pp":2.487004049424297e-05,"uploaders_all_left_share":null,"uploaders_all_right_share":null,"uploaders_without-hosting_delta_pp":null,"uploaders_without-hosting_observed_common_delta_pp":4.838428604858133e-05,"uploaders_without-hosting_left_share":null,"uploaders_without-hosting_right_share":null},"geometry":{"type":"Polygon","coordinates":[[[139.83524728389753,36.229578112023844],[139.73722303378742,36.252451051737275],[139.7092594615574,36.33833712779391],[139.77944150255468,36.40147695783268],[139.87770176384188,36.37864977473784],[139.9055435862185,36.29263697362262],[139.83524728389753,36.229578112023844]]]}},{"type":"Feature","properties":{"h3":"852f5a73fffffff","countries":["JPN"],"common_intervals":26,"left_observed_intervals":26,"right_observed_intervals":26,"full_window_comparable":true,"expected_intervals":26,"downloaders_all_delta_pp":9.633545108574114e-05,"downloaders_all_observed_common_delta_pp":9.633545108574114e-05,"downloaders_all_left_share":0.0010538855436679512,"downloaders_all_right_share":0.0009575500925822101,"downloaders_without-hosting_delta_pp":0.00013545096391814155,"downloaders_without-hosting_observed_common_delta_pp":0.00013545096391814155,"downloaders_without-hosting_left_share":0.0012527578127348206,"downloaders_without-hosting_right_share":0.001117306848816679,"uploaders_all_delta_pp":0.00012939457582604596,"uploaders_all_observed_common_delta_pp":0.00012939457582604596,"uploaders_all_left_share":0.0003093780416559845,"uploaders_all_right_share":0.00017998346582993855,"uploaders_without-hosting_delta_pp":0.0001992374689929905,"uploaders_without-hosting_observed_common_delta_pp":0.0001992374689929905,"uploaders_without-hosting_left_share":0.00042080885865269615,"uploaders_without-hosting_right_share":0.00022157138965970565},"geometry":{"type":"Polygon","coordinates":[[[140.08670442536314,36.011203687131065],[139.98874000452406,36.03444297583341],[139.96106255737033,36.120533136239146],[140.03147206262625,36.18351043662747],[140.1296715448113,36.160315455380236],[140.15722607593983,36.074098836543456],[140.08670442536314,36.011203687131065]]]}},{"type":"Feature","properties":{"h3":"852f5a77fffffff","countries":["JPN"],"common_intervals":10,"left_observed_intervals":16,"right_observed_intervals":18,"full_window_comparable":false,"expected_intervals":26,"downloaders_all_delta_pp":null,"downloaders_all_observed_common_delta_pp":8.72099950202196e-05,"downloaders_all_left_share":null,"downloaders_all_right_share":null,"downloaders_without-hosting_delta_pp":null,"downloaders_without-hosting_observed_common_delta_pp":0.00010708675483100393,"downloaders_without-hosting_left_share":null,"downloaders_without-hosting_right_share":null,"uploaders_all_delta_pp":null,"uploaders_all_observed_common_delta_pp":0.0,"uploaders_all_left_share":null,"uploaders_all_right_share":null,"uploaders_without-hosting_delta_pp":null,"uploaders_without-hosting_observed_common_delta_pp":0.0,"uploaders_without-hosting_left_share":null,"uploaders_without-hosting_right_share":null},"geometry":{"type":"Polygon","coordinates":[[[139.91854455148965,35.97153596077149],[139.82078426156494,35.99463733135127],[139.79298528504813,36.08060071684449],[139.86306774471643,36.14358947531059],[139.96106255737033,36.120533136239146],[139.98874000452406,36.03444297583341],[139.91854455148965,35.97153596077149]]]}},{"type":"Feature","properties":{"h3":"852f5a7bfffffff","countries":["JPN"],"common_intervals":11,"left_observed_intervals":12,"right_observed_intervals":14,"full_window_comparable":false,"expected_intervals":26,"downloaders_all_delta_pp":null,"downloaders_all_observed_common_delta_pp":-2.819676076600111e-05,"downloaders_all_left_share":null,"downloaders_all_right_share":null,"downloaders_without-hosting_delta_pp":null,"downloaders_without-hosting_observed_common_delta_pp":-2.643753045647883e-05,"downloaders_without-hosting_left_share":null,"downloaders_without-hosting_right_share":null,"uploaders_all_delta_pp":null,"uploaders_all_observed_common_delta_pp":0.0,"uploaders_all_left_share":null,"uploaders_all_right_share":null,"uploaders_without-hosting_delta_pp":null,"uploaders_without-hosting_observed_common_delta_pp":0.0,"uploaders_without-hosting_left_share":null,"uploaders_without-hosting_right_share":null},"geometry":{"type":"Polygon","coordinates":[[[140.1296715448113,36.160315455380236],[140.03147206262625,36.18351043662747],[140.0037739378979,36.26962566785533],[140.07439864021484,36.33267216384312],[140.1728342003701,36.309521487504945],[140.20040859328037,36.223279981334784],[140.1296715448113,36.160315455380236]]]}},{"type":"Feature","properties":{"h3":"852f5a83fffffff","countries":["JPN"],"common_intervals":26,"left_observed_intervals":26,"right_observed_intervals":26,"full_window_comparable":true,"expected_intervals":26,"downloaders_all_delta_pp":0.00010910721222604495,"downloaders_all_observed_common_delta_pp":0.00010910721222604495,"downloaders_all_left_share":0.0006876372502684108,"downloaders_all_right_share":0.0005785300380423656,"downloaders_without-hosting_delta_pp":0.00014371932332340147,"downloaders_without-hosting_observed_common_delta_pp":0.00014371932332340147,"downloaders_without-hosting_left_share":0.0008186904414894253,"downloaders_without-hosting_right_share":0.0006749711181660239,"uploaders_all_delta_pp":-7.230385336486438e-05,"uploaders_all_observed_common_delta_pp":-7.230385336486438e-05,"uploaders_all_left_share":3.383375537736122e-05,"uploaders_all_right_share":0.0001061376087422256,"uploaders_without-hosting_delta_pp":-8.444440646710683e-05,"uploaders_without-hosting_observed_common_delta_pp":-8.444440646710683e-05,"uploaders_without-hosting_left_share":4.148647928914039e-05,"uploaders_without-hosting_right_share":0.0001259308857562472},"geometry":{"type":"Polygon","coordinates":[[[140.37571577394962,35.38350570505027],[140.27831241931656,35.40737525529865],[140.25110108100617,35.49370481748135],[140.32141571562371,35.55629116693224],[140.41905068272,35.53246372090846],[140.44613902668132,35.44600779234357],[140.37571577394962,35.38350570505027]]]}},{"type":"Feature","properties":{"h3":"852f5a8bfffffff","countries":["JPN"],"common_intervals":26,"left_observed_intervals":26,"right_observed_intervals":26,"full_window_comparable":true,"expected_intervals":26,"downloaders_all_delta_pp":0.00013075108534429012,"downloaders_all_observed_common_delta_pp":0.00013075108534429012,"downloaders_all_left_share":0.0008216569839718066,"downloaders_all_right_share":0.0006909058986275166,"downloaders_without-hosting_delta_pp":0.00017023010418070364,"downloaders_without-hosting_observed_common_delta_pp":0.00017023010418070364,"downloaders_without-hosting_left_share":0.0009778259163530172,"downloaders_without-hosting_right_share":0.0008075958121723134,"uploaders_all_delta_pp":0.0008156126792401902,"uploaders_all_observed_common_delta_pp":0.0008156126792401902,"uploaders_all_left_share":0.0008524265337921574,"uploaders_all_right_share":3.6813854551967276e-05,"uploaders_without-hosting_delta_pp":0.0011828494685021855,"uploaders_without-hosting_observed_common_delta_pp":0.0011828494685021855,"uploaders_without-hosting_left_share":0.001228861749638856,"uploaders_without-hosting_right_share":4.601228113667059e-05},"geometry":{"type":"Polygon","coordinates":[[[140.41905068272,35.53246372090846],[140.32141571562371,35.55629116693224],[140.2941854607898,35.64265070919681],[140.3647135973694,35.70530897106313],[140.46258116581163,35.68152363701327],[140.48968761786134,35.59503790104791],[140.41905068272,35.53246372090846]]]}},{"type":"Feature","properties":{"h3":"852f5a93fffffff","countries":["JPN"],"common_intervals":13,"left_observed_intervals":18,"right_observed_intervals":18,"full_window_comparable":false,"expected_intervals":26,"downloaders_all_delta_pp":null,"downloaders_all_observed_common_delta_pp":3.310406516341538e-05,"downloaders_all_left_share":null,"downloaders_all_right_share":null,"downloaders_without-hosting_delta_pp":null,"downloaders_without-hosting_observed_common_delta_pp":4.5268346425127274e-05,"downloaders_without-hosting_left_share":null,"downloaders_without-hosting_right_share":null,"uploaders_all_delta_pp":null,"uploaders_all_observed_common_delta_pp":-2.977271651717666e-06,"uploaders_all_left_share":null,"uploaders_all_right_share":null,"uploaders_without-hosting_delta_pp":null,"uploaders_without-hosting_observed_common_delta_pp":-4.765485962645575e-06,"uploaders_without-hosting_left_share":null,"uploaders_without-hosting_right_share":null},"geometry":{"type":"Polygon","coordinates":[[[140.5001560445021,35.27303154843798],[140.40278586799022,35.297080672237],[140.37571577394962,35.38350570505027],[140.44613902668132,35.44600779234357],[140.54374032751713,35.422000036604935],[140.5706868764276,35.33544879748403],[140.5001560445021,35.27303154843798]]]}},{"type":"Feature","properties":{"h3":"852f5aa7fffffff","countries":["JPN"],"common_intervals":26,"left_observed_intervals":26,"right_observed_intervals":26,"full_window_comparable":true,"expected_intervals":26,"downloaders_all_delta_pp":0.020011659262990512,"downloaders_all_observed_common_delta_pp":0.020011659262990512,"downloaders_all_left_share":0.12519757118107475,"downloaders_all_right_share":0.10518591191808424,"downloaders_without-hosting_delta_pp":0.02560258205758661,"downloaders_without-hosting_observed_common_delta_pp":0.02560258205758661,"downloaders_without-hosting_left_share":0.14738035353192305,"downloaders_without-hosting_right_share":0.12177777147433644,"uploaders_all_delta_pp":0.021822232033179366,"uploaders_all_observed_common_delta_pp":0.021822232033179366,"uploaders_all_left_share":0.03829435752110665,"uploaders_all_right_share":0.016472125487927293,"uploaders_without-hosting_delta_pp":0.031514271956083265,"uploaders_without-hosting_observed_common_delta_pp":0.031514271956083265,"uploaders_without-hosting_left_share":0.05113993123754522,"uploaders_without-hosting_right_share":0.01962565928146194},"geometry":{"type":"Polygon","coordinates":[[[139.7503811567371,35.37654405851031],[139.65354890987163,35.399825444213576],[139.6258370507689,35.48567701654718],[139.6950754348258,35.548374625090744],[139.79213819669937,35.525138217332454],[139.81973168622352,35.43915918860993],[139.7503811567371,35.37654405851031]]]}},{"type":"Feature","properties":{"h3":"852f5aabfffffff","countries":["JPN"],"common_intervals":26,"left_observed_intervals":26,"right_observed_intervals":26,"full_window_comparable":true,"expected_intervals":26,"downloaders_all_delta_pp":0.0009651248626908701,"downloaders_all_observed_common_delta_pp":0.0009651248626908701,"downloaders_all_left_share":0.007698536376567178,"downloaders_all_right_share":0.0067334115138763095,"downloaders_without-hosting_delta_pp":0.0013063282034056311,"downloaders_without-hosting_observed_common_delta_pp":0.0013063282034056311,"downloaders_without-hosting_left_share":0.0091599721784123,"downloaders_without-hosting_right_share":0.007853643975006668,"uploaders_all_delta_pp":0.0010675282699867813,"uploaders_all_observed_common_delta_pp":0.0010675282699867813,"uploaders_all_left_share":0.002429698596760482,"uploaders_all_right_share":0.0013621703267737008,"uploaders_without-hosting_delta_pp":0.001684646154835144,"uploaders_without-hosting_observed_common_delta_pp":0.001684646154835144,"uploaders_without-hosting_left_share":0.003388222714858313,"uploaders_without-hosting_right_share":0.0017035765600231694},"geometry":{"type":"Polygon","coordinates":[[[139.95896355960977,35.56445573516197],[139.86169828040258,35.587827914736195],[139.83408361914334,35.67383634746063],[139.9038543695014,35.736599553312075],[140.00135169455066,35.71327166080734],[140.02884584634185,35.627136243258406],[139.95896355960977,35.56445573516197]]]}},{"type":"Feature","properties":{"h3":"852f5aaffffffff","countries":["JPN"],"common_intervals":26,"left_observed_intervals":26,"right_observed_intervals":26,"full_window_comparable":true,"expected_intervals":26,"downloaders_all_delta_pp":0.009434276054229692,"downloaders_all_observed_common_delta_pp":0.009434276054229692,"downloaders_all_left_share":0.05786323652928612,"downloaders_all_right_share":0.04842896047505642,"downloaders_without-hosting_delta_pp":0.002555480457341664,"downloaders_without-hosting_observed_common_delta_pp":0.002555480457341664,"downloaders_without-hosting_left_share":0.014190240504324322,"downloaders_without-hosting_right_share":0.011634760046982655,"uploaders_all_delta_pp":0.07328823789003983,"uploaders_all_observed_common_delta_pp":0.07328823789003983,"uploaders_all_left_share":0.1369187038780252,"uploaders_all_right_share":0.06363046598798539,"uploaders_without-hosting_delta_pp":0.0017559374289957339,"uploaders_without-hosting_observed_common_delta_pp":0.0017559374289957339,"uploaders_without-hosting_left_share":0.004250892926556423,"uploaders_without-hosting_right_share":0.0024949554975606894},"geometry":{"type":"Polygon","coordinates":[[[139.79213819669937,35.525138217332454],[139.6950754348258,35.548374625090744],[139.6673416239767,35.63425576574742],[139.73678934888014,35.69702775700282],[139.83408361914334,35.67383634746063],[139.86169828040258,35.587827914736195],[139.79213819669937,35.525138217332454]]]}},{"type":"Feature","properties":{"h3":"852f5ab3fffffff","countries":["JPN"],"common_intervals":26,"left_observed_intervals":26,"right_observed_intervals":26,"full_window_comparable":true,"expected_intervals":26,"downloaders_all_delta_pp":0.00023030013510979777,"downloaders_all_observed_common_delta_pp":0.00023030013510979777,"downloaders_all_left_share":0.0009269784864396926,"downloaders_all_right_share":0.0006966783513298948,"downloaders_without-hosting_delta_pp":0.0002895452803726209,"downloaders_without-hosting_observed_common_delta_pp":0.0002895452803726209,"downloaders_without-hosting_left_share":0.0011027651338597895,"downloaders_without-hosting_right_share":0.0008132198534871688,"uploaders_all_delta_pp":0.00011666510858735479,"uploaders_all_observed_common_delta_pp":0.00011666510858735479,"uploaders_all_left_share":0.0002079637100182478,"uploaders_all_right_share":9.129860143089298e-05,"uploaders_without-hosting_delta_pp":0.00019745915354678041,"uploaders_without-hosting_observed_common_delta_pp":0.00019745915354678041,"uploaders_without-hosting_left_share":0.00031139497704019955,"uploaders_without-hosting_right_share":0.00011393582349341914},"geometry":{"type":"Polygon","coordinates":[[[140.04122393969,35.306070849671855],[139.94421917510275,35.32966687307108],[139.91676591341604,35.41574273797531],[139.9864373284695,35.47834955422667],[140.08367268336406,35.45479707228382],[140.11100565936707,35.36859420055638],[140.04122393969,35.306070849671855]]]}},{"type":"Feature","properties":{"h3":"852f5ab7fffffff","countries":["JPN"],"common_intervals":11,"left_observed_intervals":16,"right_observed_intervals":16,"full_window_comparable":false,"expected_intervals":26,"downloaders_all_delta_pp":null,"downloaders_all_observed_common_delta_pp":3.768509389061596e-05,"downloaders_all_left_share":null,"downloaders_all_right_share":null,"downloaders_without-hosting_delta_pp":null,"downloaders_without-hosting_observed_common_delta_pp":4.9599345722710263e-05,"downloaders_without-hosting_left_share":null,"downloaders_without-hosting_right_share":null,"uploaders_all_delta_pp":null,"uploaders_all_observed_common_delta_pp":-3.491320228779232e-05,"uploaders_all_left_share":null,"uploaders_all_right_share":null,"uploaders_without-hosting_delta_pp":null,"uploaders_without-hosting_observed_common_delta_pp":-4.1387405150414244e-05,"uploaders_without-hosting_left_share":null,"uploaders_without-hosting_right_share":null},"geometry":{"type":"Polygon","coordinates":[[[139.87475752025765,35.26713480800114],[139.77795335686497,35.29059550914456],[139.7503811567371,35.37654405851031],[139.81973168622352,35.43915918860993],[139.91676591341604,35.41574273797531],[139.94421917510275,35.32966687307108],[139.87475752025765,35.26713480800114]]]}},{"type":"Feature","properties":{"h3":"852f5abbfffffff","countries":["JPN"],"common_intervals":26,"left_observed_intervals":26,"right_observed_intervals":26,"full_window_comparable":true,"expected_intervals":26,"downloaders_all_delta_pp":0.0034581573036789603,"downloaders_all_observed_common_delta_pp":0.0034581573036789603,"downloaders_all_left_share":0.01969511653705526,"downloaders_all_right_share":0.016236959233376293,"downloaders_without-hosting_delta_pp":0.0044833903027407425,"downloaders_without-hosting_observed_common_delta_pp":0.0044833903027407425,"downloaders_without-hosting_left_share":0.023435285858561507,"downloaders_without-hosting_right_share":0.01895189555582076,"uploaders_all_delta_pp":0.003253745203459699,"uploaders_all_observed_common_delta_pp":0.003253745203459699,"uploaders_all_left_share":0.0059218101801109795,"uploaders_all_right_share":0.0026680649766512793,"uploaders_without-hosting_delta_pp":0.004951240202420334,"uploaders_without-hosting_observed_common_delta_pp":0.004951240202420334,"uploaders_without-hosting_left_share":0.008232117831527669,"uploaders_without-hosting_right_share":0.003280877629107335},"geometry":{"type":"Polygon","coordinates":[[[140.08367268336406,35.45479707228382],[139.9864373284695,35.47834955422667],[139.95896355960977,35.56445573516197],[140.02884584634185,35.627136243258406],[140.1263127801081,35.603627319068295],[140.15366547232833,35.51739429772511],[140.08367268336406,35.45479707228382]]]}},{"type":"Feature","properties":{"h3":"852f5ac7fffffff","countries":["JPN"],"common_intervals":4,"left_observed_intervals":11,"right_observed_intervals":9,"full_window_comparable":false,"expected_intervals":26,"downloaders_all_delta_pp":null,"downloaders_all_observed_common_delta_pp":3.659705233998001e-05,"downloaders_all_left_share":null,"downloaders_all_right_share":null,"downloaders_without-hosting_delta_pp":null,"downloaders_without-hosting_observed_common_delta_pp":4.6708937728291434e-05,"downloaders_without-hosting_left_share":null,"downloaders_without-hosting_right_share":null,"uploaders_all_delta_pp":null,"uploaders_all_observed_common_delta_pp":0.0,"uploaders_all_left_share":null,"uploaders_all_right_share":null,"uploaders_without-hosting_delta_pp":null,"uploaders_without-hosting_observed_common_delta_pp":0.0,"uploaders_without-hosting_left_share":null,"uploaders_without-hosting_right_share":null},"geometry":{"type":"Polygon","coordinates":[[[140.46258116581163,35.68152363701327],[140.3647135973694,35.70530897106313],[140.33746456361357,35.79169740584789],[140.40820733540008,35.85442649624534],[140.50630849959006,35.83068327731771],[140.5334329153479,35.74416882559502],[140.46258116581163,35.68152363701327]]]}},{"type":"Feature","properties":{"h3":"852f5acbfffffff","countries":["JPN"],"common_intervals":26,"left_observed_intervals":26,"right_observed_intervals":26,"full_window_comparable":true,"expected_intervals":26,"downloaders_all_delta_pp":0.0002049489404105288,"downloaders_all_observed_common_delta_pp":0.0002049489404105288,"downloaders_all_left_share":0.0013716027861906594,"downloaders_all_right_share":0.0011666538457801307,"downloaders_without-hosting_delta_pp":0.0002679981095321573,"downloaders_without-hosting_observed_common_delta_pp":0.0002679981095321573,"downloaders_without-hosting_left_share":0.0016330147345665139,"downloaders_without-hosting_right_share":0.0013650166250343569,"uploaders_all_delta_pp":0.00020817555816719316,"uploaders_all_observed_common_delta_pp":0.00020817555816719316,"uploaders_all_left_share":0.00025079222128247125,"uploaders_all_right_share":4.2616663115278074e-05,"uploaders_without-hosting_delta_pp":0.00029943081578772594,"uploaders_without-hosting_observed_common_delta_pp":0.00029943081578772594,"uploaders_without-hosting_left_share":0.00035422830891201044,"uploaders_without-hosting_right_share":5.4797493124284554e-05},"geometry":{"type":"Polygon","coordinates":[[[140.67567679959174,35.86951476039953],[140.577376203575,35.893398382079475],[140.5502339710737,35.97994045471238],[140.6215187776978,36.042724375583504],[140.72005446446,36.01888212648364],[140.74706986929593,35.932214559119274],[140.67567679959174,35.86951476039953]]]}},{"type":"Feature","properties":{"h3":"852f5acffffffff","countries":["JPN"],"common_intervals":6,"left_observed_intervals":11,"right_observed_intervals":10,"full_window_comparable":false,"expected_intervals":26,"downloaders_all_delta_pp":null,"downloaders_all_observed_common_delta_pp":9.399229638280712e-05,"downloaders_all_left_share":null,"downloaders_all_right_share":null,"downloaders_without-hosting_delta_pp":null,"downloaders_without-hosting_observed_common_delta_pp":0.00011905979842533755,"downloaders_without-hosting_left_share":null,"downloaders_without-hosting_right_share":null,"uploaders_all_delta_pp":null,"uploaders_all_observed_common_delta_pp":-3.303325920669967e-05,"uploaders_all_left_share":null,"uploaders_all_right_share":null,"uploaders_without-hosting_delta_pp":null,"uploaders_without-hosting_observed_common_delta_pp":-3.7728559614142476e-05,"uploaders_without-hosting_left_share":null,"uploaders_without-hosting_right_share":null},"geometry":{"type":"Polygon","coordinates":[[[140.50630849959006,35.83068327731771],[140.40820733540008,35.85442649624534],[140.38093966284077,35.9408427327696],[140.45189821118262,36.00364156000879],[140.5502339710737,35.97994045471238],[140.577376203575,35.893398382079475],[140.50630849959006,35.83068327731771]]]}},{"type":"Feature","properties":{"h3":"852f5ad3fffffff","countries":["JPN"],"common_intervals":12,"left_observed_intervals":16,"right_observed_intervals":20,"full_window_comparable":false,"expected_intervals":26,"downloaders_all_delta_pp":null,"downloaders_all_observed_common_delta_pp":2.8580263347612872e-05,"downloaders_all_left_share":null,"downloaders_all_right_share":null,"downloaders_without-hosting_delta_pp":null,"downloaders_without-hosting_observed_common_delta_pp":3.8459283480066846e-05,"downloaders_without-hosting_left_share":null,"downloaders_without-hosting_right_share":null,"uploaders_all_delta_pp":null,"uploaders_all_observed_common_delta_pp":-1.4943725417560435e-05,"uploaders_all_left_share":null,"uploaders_all_right_share":null,"uploaders_without-hosting_delta_pp":null,"uploaders_without-hosting_observed_common_delta_pp":-2.4768086485008995e-05,"uploaders_without-hosting_left_share":null,"uploaders_without-hosting_right_share":null},"geometry":{"type":"Polygon","coordinates":[[[140.7565116111143,35.609525949547844],[140.65848069980737,35.63363223085652],[140.63149942046724,35.72024382551635],[140.70267521861803,35.782874629927754],[140.8009397107652,35.7588089894546],[140.8277944430691,35.67207187894372],[140.7565116111143,35.609525949547844]]]}},{"type":"Feature","properties":{"h3":"852f5ad7fffffff","countries":["JPN"],"common_intervals":0,"left_observed_intervals":3,"right_observed_intervals":1,"full_window_comparable":false,"expected_intervals":26,"downloaders_all_delta_pp":null,"downloaders_all_observed_common_delta_pp":null,"downloaders_all_left_share":null,"downloaders_all_right_share":null,"downloaders_without-hosting_delta_pp":null,"downloaders_without-hosting_observed_common_delta_pp":null,"downloaders_without-hosting_left_share":null,"downloaders_without-hosting_right_share":null,"uploaders_all_delta_pp":null,"uploaders_all_observed_common_delta_pp":null,"uploaders_all_left_share":null,"uploaders_all_right_share":null,"uploaders_without-hosting_delta_pp":null,"uploaders_without-hosting_observed_common_delta_pp":null,"uploaders_without-hosting_left_share":null,"uploaders_without-hosting_right_share":null},"geometry":{"type":"Polygon","coordinates":[[[140.5875210264152,35.57107152140976],[140.48968761786134,35.59503790104791],[140.46258116581163,35.68152363701327],[140.5334329153479,35.74416882559502],[140.63149942046724,35.72024382551635],[140.65848069980737,35.63363223085652],[140.5875210264152,35.57107152140976]]]}},{"type":"Feature","properties":{"h3":"852f5b03fffffff","countries":["JPN"],"common_intervals":20,"left_observed_intervals":23,"right_observed_intervals":21,"full_window_comparable":false,"expected_intervals":26,"downloaders_all_delta_pp":null,"downloaders_all_observed_common_delta_pp":4.332866328690597e-05,"downloaders_all_left_share":null,"downloaders_all_right_share":null,"downloaders_without-hosting_delta_pp":null,"downloaders_without-hosting_observed_common_delta_pp":5.660637327050324e-05,"downloaders_without-hosting_left_share":null,"downloaders_without-hosting_right_share":null,"uploaders_all_delta_pp":null,"uploaders_all_observed_common_delta_pp":4.7824555030524194e-05,"uploaders_all_left_share":null,"uploaders_all_right_share":null,"uploaders_without-hosting_delta_pp":null,"uploaders_without-hosting_observed_common_delta_pp":5.9930550356684966e-05,"uploaders_without-hosting_left_share":null,"uploaders_without-hosting_right_share":null},"geometry":{"type":"Polygon","coordinates":[[[139.0056405460783,35.47452577206168],[138.90937389737428,35.49704942662793],[138.88103891864097,35.58231905300956],[138.9490833877407,35.64519354600842],[139.04557970549604,35.622718384932604],[139.07380151416214,35.53732019666911],[139.0056405460783,35.47452577206168]]]}},{"type":"Feature","properties":{"h3":"852f5b1bfffffff","countries":["JPN"],"common_intervals":0,"left_observed_intervals":1,"right_observed_intervals":1,"full_window_comparable":false,"expected_intervals":26,"downloaders_all_delta_pp":null,"downloaders_all_observed_common_delta_pp":null,"downloaders_all_left_share":null,"downloaders_all_right_share":null,"downloaders_without-hosting_delta_pp":null,"downloaders_without-hosting_observed_common_delta_pp":null,"downloaders_without-hosting_left_share":null,"downloaders_without-hosting_right_share":null,"uploaders_all_delta_pp":null,"uploaders_all_observed_common_delta_pp":null,"uploaders_all_left_share":null,"uploaders_all_right_share":null,"uploaders_without-hosting_delta_pp":null,"uploaders_without-hosting_observed_common_delta_pp":null,"uploaders_without-hosting_left_share":null,"uploaders_without-hosting_right_share":null},"geometry":{"type":"Polygon","coordinates":[[[139.17027526308476,35.51466494239131],[139.07380151416214,35.53732019666911],[139.04557970549604,35.622718384932604],[139.1139457858861,35.68558956892754],[139.2106497907502,35.66298212531115],[139.23875708684045,35.57745564786289],[139.17027526308476,35.51466494239131]]]}},{"type":"Feature","properties":{"h3":"852f5b23fffffff","countries":["JPN"],"common_intervals":7,"left_observed_intervals":10,"right_observed_intervals":16,"full_window_comparable":false,"expected_intervals":26,"downloaders_all_delta_pp":null,"downloaders_all_observed_common_delta_pp":1.7804523950278615e-05,"downloaders_all_left_share":null,"downloaders_all_right_share":null,"downloaders_without-hosting_delta_pp":null,"downloaders_without-hosting_observed_common_delta_pp":2.3845324518980447e-05,"downloaders_without-hosting_left_share":null,"downloaders_without-hosting_right_share":null,"uploaders_all_delta_pp":null,"uploaders_all_observed_common_delta_pp":0.0,"uploaders_all_left_share":null,"uploaders_all_right_share":null,"uploaders_without-hosting_delta_pp":null,"uploaders_without-hosting_observed_common_delta_pp":0.0,"uploaders_without-hosting_left_share":null,"uploaders_without-hosting_right_share":null},"geometry":{"type":"Polygon","coordinates":[[[138.55354584119672,35.50112250696068],[138.45767703479768,35.523206693313966],[138.4289827962718,35.60811775885765],[138.49626689405218,35.671073780846356],[138.59236455159524,35.64904014192059],[138.62094889152345,35.56399988911576],[138.55354584119672,35.50112250696068]]]}},{"type":"Feature","properties":{"h3":"852f5b2bfffffff","countries":["JPN"],"common_intervals":26,"left_observed_intervals":26,"right_observed_intervals":26,"full_window_comparable":true,"expected_intervals":26,"downloaders_all_delta_pp":0.0003542087954582221,"downloaders_all_observed_common_delta_pp":0.0003542087954582221,"downloaders_all_left_share":0.0018834819184665476,"downloaders_all_right_share":0.0015292731230083254,"downloaders_without-hosting_delta_pp":0.00045666760843188296,"downloaders_without-hosting_observed_common_delta_pp":0.00045666760843188296,"downloaders_without-hosting_left_share":0.0022408824750337884,"downloaders_without-hosting_right_share":0.0017842148666019056,"uploaders_all_delta_pp":0.0002805018516494822,"uploaders_all_observed_common_delta_pp":0.0002805018516494822,"uploaders_all_left_share":0.0005091896510069052,"uploaders_all_right_share":0.00022868779935742296,"uploaders_without-hosting_delta_pp":0.00043239062514266436,"uploaders_without-hosting_observed_common_delta_pp":0.00043239062514266436,"uploaders_without-hosting_left_share":0.0007187103497288256,"uploaders_without-hosting_right_share":0.0002863197245861611},"geometry":{"type":"Polygon","coordinates":[[[138.59236455159524,35.64904014192059],[138.49626689405218,35.671073780846356],[138.46754497388926,35.756012485085016],[138.5350309671175,35.81904654116751],[138.63135847898883,35.79706349020015],[138.65996977216045,35.711995751452264],[138.59236455159524,35.64904014192059]]]}},{"type":"Feature","properties":{"h3":"852f5b2ffffffff","countries":["JPN"],"common_intervals":6,"left_observed_intervals":8,"right_observed_intervals":9,"full_window_comparable":false,"expected_intervals":26,"downloaders_all_delta_pp":null,"downloaders_all_observed_common_delta_pp":-3.2747396216811257e-06,"downloaders_all_left_share":null,"downloaders_all_right_share":null,"downloaders_without-hosting_delta_pp":null,"downloaders_without-hosting_observed_common_delta_pp":-2.8692836590390545e-06,"downloaders_without-hosting_left_share":null,"downloaders_without-hosting_right_share":null,"uploaders_all_delta_pp":null,"uploaders_all_observed_common_delta_pp":0.0,"uploaders_all_left_share":null,"uploaders_all_right_share":null,"uploaders_without-hosting_delta_pp":null,"uploaders_without-hosting_observed_common_delta_pp":0.0,"uploaders_without-hosting_left_share":null,"uploaders_without-hosting_right_share":null},"geometry":{"type":"Polygon","coordinates":[[[138.4289827962718,35.60811775885765],[138.33309634797254,35.63002236483872],[138.30426513811787,35.71483178531524],[138.37142929673675,35.777865838353385],[138.46754497388926,35.756012485085016],[138.49626689405218,35.671073780846356],[138.4289827962718,35.60811775885765]]]}},{"type":"Feature","properties":{"h3":"852f5b33fffffff","countries":["JPN"],"common_intervals":0,"left_observed_intervals":9,"right_observed_intervals":5,"full_window_comparable":false,"expected_intervals":26,"downloaders_all_delta_pp":null,"downloaders_all_observed_common_delta_pp":null,"downloaders_all_left_share":null,"downloaders_all_right_share":null,"downloaders_without-hosting_delta_pp":null,"downloaders_without-hosting_observed_common_delta_pp":null,"downloaders_without-hosting_left_share":null,"downloaders_without-hosting_right_share":null,"uploaders_all_delta_pp":null,"uploaders_all_observed_common_delta_pp":null,"uploaders_all_left_share":null,"uploaders_all_right_share":null,"uploaders_without-hosting_delta_pp":null,"uploaders_without-hosting_observed_common_delta_pp":null,"uploaders_without-hosting_left_share":null,"uploaders_without-hosting_right_share":null},"geometry":{"type":"Polygon","coordinates":[[[138.67795338494753,35.393847419751964],[138.58210315491513,35.41611079305843],[138.55354584119672,35.50112250696068],[138.62094889152345,35.56399988911576],[138.71702758938466,35.541786355199946],[138.74547440124542,35.456645556039255],[138.67795338494753,35.393847419751964]]]}},{"type":"Feature","properties":{"h3":"852f5b3bfffffff","countries":["JPN"],"common_intervals":15,"left_observed_intervals":19,"right_observed_intervals":21,"full_window_comparable":false,"expected_intervals":26,"downloaders_all_delta_pp":null,"downloaders_all_observed_common_delta_pp":2.423620391041355e-05,"downloaders_all_left_share":null,"downloaders_all_right_share":null,"downloaders_without-hosting_delta_pp":null,"downloaders_without-hosting_observed_common_delta_pp":3.376173045704727e-05,"downloaders_without-hosting_left_share":null,"downloaders_without-hosting_right_share":null,"uploaders_all_delta_pp":null,"uploaders_all_observed_common_delta_pp":-1.633188648072396e-05,"uploaders_all_left_share":null,"uploaders_all_right_share":null,"uploaders_without-hosting_delta_pp":null,"uploaders_without-hosting_observed_common_delta_pp":-1.9520738520304003e-05,"uploaders_without-hosting_left_share":null,"uploaders_without-hosting_right_share":null},"geometry":{"type":"Polygon","coordinates":[[[138.71702758938466,35.541786355199946],[138.62094889152345,35.56399988911576],[138.59236455159524,35.64904014192059],[138.65996977216045,35.711995751452264],[138.7562779364566,35.689832097746866],[138.78475104346902,35.60466291132293],[138.71702758938466,35.541786355199946]]]}},{"type":"Feature","properties":{"h3":"852f5b4ffffffff","countries":["JPN"],"common_intervals":24,"left_observed_intervals":25,"right_observed_intervals":25,"full_window_comparable":false,"expected_intervals":26,"downloaders_all_delta_pp":null,"downloaders_all_observed_common_delta_pp":8.06060210163963e-05,"downloaders_all_left_share":null,"downloaders_all_right_share":null,"downloaders_without-hosting_delta_pp":null,"downloaders_without-hosting_observed_common_delta_pp":0.00010567755042826774,"downloaders_without-hosting_left_share":null,"downloaders_without-hosting_right_share":null,"uploaders_all_delta_pp":null,"uploaders_all_observed_common_delta_pp":0.00012028393421649361,"uploaders_all_left_share":null,"uploaders_all_right_share":null,"uploaders_without-hosting_delta_pp":null,"uploaders_without-hosting_observed_common_delta_pp":0.00016977222591685703,"uploaders_without-hosting_left_share":null,"uploaders_without-hosting_right_share":null},"geometry":{"type":"Polygon","coordinates":[[[139.12600012586725,35.919416016901685],[139.02904146125775,35.941794098296185],[139.00063007522522,36.02714523711303],[139.0692924109325,36.09024633376446],[139.16648376512427,36.06791682945581],[139.19477971568526,35.982437612959146],[139.12600012586725,35.919416016901685]]]}},{"type":"Feature","properties":{"h3":"852f5b53fffffff","countries":["JPN"],"common_intervals":26,"left_observed_intervals":26,"right_observed_intervals":26,"full_window_comparable":true,"expected_intervals":26,"downloaders_all_delta_pp":0.000429021405437504,"downloaders_all_observed_common_delta_pp":0.000429021405437504,"downloaders_all_left_share":0.003246986459744423,"downloaders_all_right_share":0.0028179650543069183,"downloaders_without-hosting_delta_pp":0.000472997562785941,"downloaders_without-hosting_observed_common_delta_pp":0.000472997562785941,"downloaders_without-hosting_left_share":0.0034107556687218853,"downloaders_without-hosting_right_share":0.0029377581059359436,"uploaders_all_delta_pp":0.0002786929414972554,"uploaders_all_observed_common_delta_pp":0.0002786929414972554,"uploaders_all_left_share":0.00043396486374991464,"uploaders_all_right_share":0.0001552719222526592,"uploaders_without-hosting_delta_pp":0.0003292691202215724,"uploaders_without-hosting_observed_common_delta_pp":0.0003292691202215724,"uploaders_without-hosting_left_share":0.0005205271529299152,"uploaders_without-hosting_right_share":0.00019125803270834268},"geometry":{"type":"Polygon","coordinates":[[[139.37624897903183,35.70310803846668],[139.27933806345047,35.72584874569599],[139.25120671847185,35.81140313810592],[139.3201025397573,35.874344632155655],[139.41724529161047,35.85165107013235],[139.44526000953354,35.76596883197294],[139.37624897903183,35.70310803846668]]]}},{"type":"Feature","properties":{"h3":"852f5b57fffffff","countries":["JPN"],"common_intervals":26,"left_observed_intervals":26,"right_observed_intervals":26,"full_window_comparable":true,"expected_intervals":26,"downloaders_all_delta_pp":0.00016365098743365046,"downloaders_all_observed_common_delta_pp":0.00016365098743365046,"downloaders_all_left_share":0.0009963595286612765,"downloaders_all_right_share":0.000832708541227626,"downloaders_without-hosting_delta_pp":0.0002128420515739007,"downloaders_without-hosting_observed_common_delta_pp":0.0002128420515739007,"downloaders_without-hosting_left_share":0.0011863670800680898,"downloaders_without-hosting_right_share":0.0009735250284941891,"uploaders_all_delta_pp":2.9033551006930612e-05,"uploaders_all_observed_common_delta_pp":2.9033551006930612e-05,"uploaders_all_left_share":6.81023113108132e-05,"uploaders_all_right_share":3.9068760303882575e-05,"uploaders_without-hosting_delta_pp":4.1016881216354934e-05,"uploaders_without-hosting_observed_common_delta_pp":4.1016881216354934e-05,"uploaders_without-hosting_left_share":9.104674094884404e-05,"uploaders_without-hosting_right_share":5.002985973248912e-05},"geometry":{"type":"Polygon","coordinates":[[[139.2106497907502,35.66298212531115],[139.1139457858861,35.68558956892754],[139.08569917071168,35.77101583251259],[139.15427145570257,35.83396274287932],[139.25120671847185,35.81140313810592],[139.27933806345047,35.72584874569599],[139.2106497907502,35.66298212531115]]]}},{"type":"Feature","properties":{"h3":"852f5b5bfffffff","countries":["JPN"],"common_intervals":26,"left_observed_intervals":26,"right_observed_intervals":26,"full_window_comparable":true,"expected_intervals":26,"downloaders_all_delta_pp":0.0005253168204356162,"downloaders_all_observed_common_delta_pp":0.0005253168204356162,"downloaders_all_left_share":0.00260666596204587,"downloaders_all_right_share":0.002081349141610253,"downloaders_without-hosting_delta_pp":0.0006734711167167323,"downloaders_without-hosting_observed_common_delta_pp":0.0006734711167167323,"downloaders_without-hosting_left_share":0.0031020440556846,"downloaders_without-hosting_right_share":0.002428572938967868,"uploaders_all_delta_pp":0.0006727206807567155,"uploaders_all_observed_common_delta_pp":0.0006727206807567155,"uploaders_all_left_share":0.0009534737430695101,"uploaders_all_right_share":0.0002807530623127947,"uploaders_without-hosting_delta_pp":0.0010186254005870707,"uploaders_without-hosting_observed_common_delta_pp":0.0010186254005870707,"uploaders_without-hosting_left_share":0.0013585236338099895,"uploaders_without-hosting_right_share":0.00033989823322291894},"geometry":{"type":"Polygon","coordinates":[[[139.41724529161047,35.85165107013235],[139.3201025397573,35.874344632155655],[139.2919472441723,35.959925870655404],[139.36105172165813,36.02294118944946],[139.45842731845698,36.0002947919918],[139.48646521397626,35.91458587506068],[139.41724529161047,35.85165107013235]]]}},{"type":"Feature","properties":{"h3":"852f5b77fffffff","countries":["JPN"],"common_intervals":1,"left_observed_intervals":1,"right_observed_intervals":2,"full_window_comparable":false,"expected_intervals":26,"downloaders_all_delta_pp":null,"downloaders_all_observed_common_delta_pp":7.967532909454331e-06,"downloaders_all_left_share":null,"downloaders_all_right_share":null,"downloaders_without-hosting_delta_pp":null,"downloaders_without-hosting_observed_common_delta_pp":8.016343847221975e-06,"downloaders_without-hosting_left_share":null,"downloaders_without-hosting_right_share":null,"uploaders_all_delta_pp":null,"uploaders_all_observed_common_delta_pp":0.0,"uploaders_all_left_share":null,"uploaders_all_right_share":null,"uploaders_without-hosting_delta_pp":null,"uploaders_without-hosting_observed_common_delta_pp":0.0,"uploaders_without-hosting_left_share":null,"uploaders_without-hosting_right_share":null},"geometry":{"type":"Polygon","coordinates":[[[138.7562779364566,35.689832097746866],[138.65996977216045,35.711995751452264],[138.63135847898883,35.79706349020015],[138.6991669475686,35.860096311009364],[138.79570558281418,35.83798257384525],[138.82420490578883,35.75278605708603],[138.7562779364566,35.689832097746866]]]}},{"type":"Feature","properties":{"h3":"852f5b83fffffff","countries":["JPN"],"common_intervals":26,"left_observed_intervals":26,"right_observed_intervals":26,"full_window_comparable":true,"expected_intervals":26,"downloaders_all_delta_pp":0.00020373321005419607,"downloaders_all_observed_common_delta_pp":0.00020373321005419607,"downloaders_all_left_share":0.000721872347855816,"downloaders_all_right_share":0.0005181391378016199,"downloaders_without-hosting_delta_pp":0.0002547644759769298,"downloaders_without-hosting_observed_common_delta_pp":0.0002547644759769298,"downloaders_without-hosting_left_share":0.0008597678989626998,"downloaders_without-hosting_right_share":0.0006050034229857701,"uploaders_all_delta_pp":0.0002713549296850661,"uploaders_all_observed_common_delta_pp":0.0002713549296850661,"uploaders_all_left_share":0.0002766431383810494,"uploaders_all_right_share":5.2882086959832624e-06,"uploaders_without-hosting_delta_pp":0.0004028218827434313,"uploaders_without-hosting_observed_common_delta_pp":0.0004028218827434313,"uploaders_without-hosting_left_share":0.0004087640085769778,"uploaders_without-hosting_right_share":5.942125833546556e-06},"geometry":{"type":"Polygon","coordinates":[[[139.21409678833194,35.109985097428805],[139.11810324705195,35.13291410094249],[139.09006866626322,35.218350452188986],[139.15814085950038,35.280986235008214],[139.2543622602399,35.25810425388764],[139.28228324161998,35.17253942770037],[139.21409678833194,35.109985097428805]]]}},{"type":"Feature","properties":{"h3":"852f5b87fffffff","countries":["JPN"],"common_intervals":25,"left_observed_intervals":25,"right_observed_intervals":26,"full_window_comparable":false,"expected_intervals":26,"downloaders_all_delta_pp":null,"downloaders_all_observed_common_delta_pp":9.642417695744015e-05,"downloaders_all_left_share":null,"downloaders_all_right_share":null,"downloaders_without-hosting_delta_pp":null,"downloaders_without-hosting_observed_common_delta_pp":0.0001258996352141274,"downloaders_without-hosting_left_share":null,"downloaders_without-hosting_right_share":null,"uploaders_all_delta_pp":null,"uploaders_all_observed_common_delta_pp":1.30214879388527e-05,"uploaders_all_left_share":null,"uploaders_all_right_share":null,"uploaders_without-hosting_delta_pp":null,"uploaders_without-hosting_observed_common_delta_pp":1.639042275753509e-05,"uploaders_without-hosting_left_share":null,"uploaders_without-hosting_right_share":null},"geometry":{"type":"Polygon","coordinates":[[[139.05023425099304,35.070357310290575],[138.9544453160305,35.093155782497334],[138.92629845756304,35.178463387545705],[138.99405244653735,35.24110122521939],[139.09006866626322,35.218350452188986],[139.11810324705195,35.13291410094249],[139.05023425099304,35.070357310290575]]]}},{"type":"Feature","properties":{"h3":"852f5b8bfffffff","countries":["JPN"],"common_intervals":26,"left_observed_intervals":26,"right_observed_intervals":26,"full_window_comparable":true,"expected_intervals":26,"downloaders_all_delta_pp":0.00018381406655419287,"downloaders_all_observed_common_delta_pp":0.00018381406655419287,"downloaders_all_left_share":0.001429992272170777,"downloaders_all_right_share":0.0012461782056165838,"downloaders_without-hosting_delta_pp":0.0002469234542589491,"downloaders_without-hosting_observed_common_delta_pp":0.0002469234542589491,"downloaders_without-hosting_left_share":0.00170082786403782,"downloaders_without-hosting_right_share":0.0014539044097788708,"uploaders_all_delta_pp":4.79602646505581e-06,"uploaders_all_observed_common_delta_pp":4.79602646505581e-06,"uploaders_all_left_share":0.00014917967415816898,"uploaders_all_right_share":0.00014438364769311316,"uploaders_without-hosting_delta_pp":2.6578706816799353e-05,"uploaders_without-hosting_observed_common_delta_pp":2.6578706816799353e-05,"uploaders_without-hosting_left_share":0.0002084035344541467,"uploaders_without-hosting_right_share":0.00018182482763734738},"geometry":{"type":"Polygon","coordinates":[[[139.2543622602399,35.25810425388764],[139.15814085950038,35.280986235008214],[139.13008194757924,35.36645368859897],[139.19835841412598,35.4291674456274],[139.2948086599201,35.406332524331376],[139.32275322505083,35.32073674705754],[139.2543622602399,35.25810425388764]]]}},{"type":"Feature","properties":{"h3":"852f5b8ffffffff","countries":["JPN"],"common_intervals":17,"left_observed_intervals":22,"right_observed_intervals":20,"full_window_comparable":false,"expected_intervals":26,"downloaders_all_delta_pp":null,"downloaders_all_observed_common_delta_pp":5.011382454423582e-06,"downloaders_all_left_share":null,"downloaders_all_right_share":null,"downloaders_without-hosting_delta_pp":null,"downloaders_without-hosting_observed_common_delta_pp":1.3323231099528654e-05,"downloaders_without-hosting_left_share":null,"downloaders_without-hosting_right_share":null,"uploaders_all_delta_pp":null,"uploaders_all_observed_common_delta_pp":-3.282526389870912e-05,"uploaders_all_left_share":null,"uploaders_all_right_share":null,"uploaders_without-hosting_delta_pp":null,"uploaders_without-hosting_observed_common_delta_pp":-4.200180607766134e-05,"uploaders_without-hosting_left_share":null,"uploaders_without-hosting_right_share":null},"geometry":{"type":"Polygon","coordinates":[[[139.09006866626322,35.218350452188986],[138.99405244653735,35.24110122521939],[138.96588051823525,35.32644008092531],[139.03383745844508,35.389156720840454],[139.13008194757924,35.36645368859897],[139.15814085950038,35.280986235008214],[139.09006866626322,35.218350452188986]]]}},{"type":"Feature","properties":{"h3":"852f5ba3fffffff","countries":["JPN"],"common_intervals":26,"left_observed_intervals":26,"right_observed_intervals":26,"full_window_comparable":true,"expected_intervals":26,"downloaders_all_delta_pp":0.00041659978512859156,"downloaders_all_observed_common_delta_pp":0.00041659978512859156,"downloaders_all_left_share":0.0024630093945429846,"downloaders_all_right_share":0.0020464096094143925,"downloaders_without-hosting_delta_pp":0.0005431781126167905,"downloaders_without-hosting_observed_common_delta_pp":0.0005431781126167905,"downloaders_without-hosting_left_share":0.0029330799128830893,"downloaders_without-hosting_right_share":0.0023899018002662984,"uploaders_all_delta_pp":7.223715116562716e-06,"uploaders_all_observed_common_delta_pp":7.223715116562716e-06,"uploaders_all_left_share":0.0003647510277713694,"uploaders_all_right_share":0.00035752731265480673,"uploaders_without-hosting_delta_pp":3.3936037422150185e-05,"uploaders_without-hosting_observed_common_delta_pp":3.3936037422150185e-05,"uploaders_without-hosting_left_share":0.0004756943181935796,"uploaders_without-hosting_right_share":0.0004417582807714295},"geometry":{"type":"Polygon","coordinates":[[[138.76305180035425,35.13844524755743],[138.66744816787144,35.160936487365184],[138.639054176197,35.24601735406463],[138.7063738243958,35.308736061590906],[138.80220454765984,35.28629390489606],[138.83048816736795,35.20108391392064],[138.76305180035425,35.13844524755743]]]}},{"type":"Feature","properties":{"h3":"852f5ba7fffffff","countries":["JPN"],"common_intervals":24,"left_observed_intervals":24,"right_observed_intervals":26,"full_window_comparable":false,"expected_intervals":26,"downloaders_all_delta_pp":null,"downloaders_all_observed_common_delta_pp":8.026284697773748e-05,"downloaders_all_left_share":null,"downloaders_all_right_share":null,"downloaders_without-hosting_delta_pp":null,"downloaders_without-hosting_observed_common_delta_pp":0.00010231930717156132,"downloaders_without-hosting_left_share":null,"downloaders_without-hosting_right_share":null,"uploaders_all_delta_pp":null,"uploaders_all_observed_common_delta_pp":0.00012927795517057243,"uploaders_all_left_share":null,"uploaders_all_right_share":null,"uploaders_without-hosting_delta_pp":null,"uploaders_without-hosting_observed_common_delta_pp":0.00018502433219250744,"uploaders_without-hosting_left_share":null,"uploaders_without-hosting_right_share":null},"geometry":{"type":"Polygon","coordinates":[[[138.60032882578986,35.09829820978784],[138.5049325590315,35.12066112165599],[138.4764295091974,35.20561261177774],[138.54343142125583,35.26833052149205],[138.639054176197,35.24601735406463],[138.66744816787144,35.160936487365184],[138.60032882578986,35.09829820978784]]]}},{"type":"Feature","properties":{"h3":"852f5babfffffff","countries":["JPN"],"common_intervals":3,"left_observed_intervals":11,"right_observed_intervals":8,"full_window_comparable":false,"expected_intervals":26,"downloaders_all_delta_pp":null,"downloaders_all_observed_common_delta_pp":0.00030775623694122436,"downloaders_all_left_share":null,"downloaders_all_right_share":null,"downloaders_without-hosting_delta_pp":null,"downloaders_without-hosting_observed_common_delta_pp":0.00036324127182706345,"downloaders_without-hosting_left_share":null,"downloaders_without-hosting_right_share":null,"uploaders_all_delta_pp":null,"uploaders_all_observed_common_delta_pp":-0.00033313770325589656,"uploaders_all_left_share":null,"uploaders_all_right_share":null,"uploaders_without-hosting_delta_pp":null,"uploaders_without-hosting_observed_common_delta_pp":-0.0004296802642588433,"uploaders_without-hosting_left_share":null,"uploaders_without-hosting_right_share":null},"geometry":{"type":"Polygon","coordinates":[[[138.80220454765984,35.28629390489606],[138.7063738243958,35.308736061590906],[138.67795338494753,35.393847419751964],[138.74547440124542,35.456645556039255],[138.84153320346852,35.43425252798689],[138.86984254345356,35.349012192076316],[138.80220454765984,35.28629390489606]]]}},{"type":"Feature","properties":{"h3":"852f5bb3fffffff","countries":["JPN"],"common_intervals":26,"left_observed_intervals":26,"right_observed_intervals":26,"full_window_comparable":true,"expected_intervals":26,"downloaders_all_delta_pp":0.00045754966005200987,"downloaders_all_observed_common_delta_pp":0.00045754966005200987,"downloaders_all_left_share":0.002547167996355192,"downloaders_all_right_share":0.002089618336303182,"downloaders_without-hosting_delta_pp":0.0005914825548823629,"downloaders_without-hosting_observed_common_delta_pp":0.0005914825548823629,"downloaders_without-hosting_left_share":0.0030296926159012385,"downloaders_without-hosting_right_share":0.002438210061018876,"uploaders_all_delta_pp":1.0033457778821181e-05,"uploaders_all_observed_common_delta_pp":1.0033457778821181e-05,"uploaders_all_left_share":0.00030536460054435456,"uploaders_all_right_share":0.00029533114276553336,"uploaders_without-hosting_delta_pp":4.8074845125149544e-05,"uploaders_without-hosting_observed_common_delta_pp":4.8074845125149544e-05,"uploaders_without-hosting_left_share":0.0004194227446817613,"uploaders_without-hosting_right_share":0.0003713478995566117},"geometry":{"type":"Polygon","coordinates":[[[138.88689320937877,35.03059775681535],[138.79130962018942,35.05326665263751],[138.76305180035425,35.13844524755743],[138.83048816736795,35.20108391392064],[138.92629845756304,35.178463387545705],[138.9544453160305,35.093155782497334],[138.88689320937877,35.03059775681535]]]}},{"type":"Feature","properties":{"h3":"852f5bbbfffffff","countries":["JPN"],"common_intervals":19,"left_observed_intervals":20,"right_observed_intervals":24,"full_window_comparable":false,"expected_intervals":26,"downloaders_all_delta_pp":null,"downloaders_all_observed_common_delta_pp":2.2060334618150004e-05,"downloaders_all_left_share":null,"downloaders_all_right_share":null,"downloaders_without-hosting_delta_pp":null,"downloaders_without-hosting_observed_common_delta_pp":3.094910003746225e-05,"downloaders_without-hosting_left_share":null,"downloaders_without-hosting_right_share":null,"uploaders_all_delta_pp":null,"uploaders_all_observed_common_delta_pp":4.64578864961764e-05,"uploaders_all_left_share":null,"uploaders_all_right_share":null,"uploaders_without-hosting_delta_pp":null,"uploaders_without-hosting_observed_common_delta_pp":5.645310341268636e-05,"uploaders_without-hosting_left_share":null,"uploaders_without-hosting_right_share":null},"geometry":{"type":"Polygon","coordinates":[[[138.92629845756304,35.178463387545705],[138.83048816736795,35.20108391392064],[138.80220454765984,35.28629390489606],[138.86984254345356,35.349012192076316],[138.96588051823525,35.32644008092531],[138.99405244653735,35.24110122521939],[138.92629845756304,35.178463387545705]]]}},{"type":"Feature","properties":{"h3":"852f5bc3fffffff","countries":["JPN"],"common_intervals":26,"left_observed_intervals":26,"right_observed_intervals":26,"full_window_comparable":true,"expected_intervals":26,"downloaders_all_delta_pp":0.0013302058599146717,"downloaders_all_observed_common_delta_pp":0.0013302058599146717,"downloaders_all_left_share":0.008695981081447781,"downloaders_all_right_share":0.00736577522153311,"downloaders_without-hosting_delta_pp":0.0017499026825187132,"downloaders_without-hosting_observed_common_delta_pp":0.0017499026825187132,"downloaders_without-hosting_left_share":0.010346925581711724,"downloaders_without-hosting_right_share":0.00859702289919301,"uploaders_all_delta_pp":0.0023640167713463818,"uploaders_all_observed_common_delta_pp":0.0023640167713463818,"uploaders_all_left_share":0.0033143196331761843,"uploaders_all_right_share":0.0009503028618298026,"uploaders_without-hosting_delta_pp":0.003471168696937839,"uploaders_without-hosting_observed_common_delta_pp":0.003471168696937839,"uploaders_without-hosting_left_share":0.004653553056721811,"uploaders_without-hosting_right_share":0.0011823843597839716},"geometry":{"type":"Polygon","coordinates":[[[139.46006044362537,35.44607437468362],[139.36340521955663,35.46904215420992],[139.33543716899823,35.55466781936349],[139.40424041457243,35.61745355194465],[139.50112604209414,35.59453217352081],[139.52897764766755,35.50877862457114],[139.46006044362537,35.44607437468362]]]}},{"type":"Feature","properties":{"h3":"852f5bc7fffffff","countries":["JPN"],"common_intervals":24,"left_observed_intervals":24,"right_observed_intervals":26,"full_window_comparable":false,"expected_intervals":26,"downloaders_all_delta_pp":null,"downloaders_all_observed_common_delta_pp":9.359250598839129e-05,"downloaders_all_left_share":null,"downloaders_all_right_share":null,"downloaders_without-hosting_delta_pp":null,"downloaders_without-hosting_observed_common_delta_pp":0.00010718784427783393,"downloaders_without-hosting_left_share":null,"downloaders_without-hosting_right_share":null,"uploaders_all_delta_pp":null,"uploaders_all_observed_common_delta_pp":-6.224867208054774e-06,"uploaders_all_left_share":null,"uploaders_all_right_share":null,"uploaders_without-hosting_delta_pp":null,"uploaders_without-hosting_observed_common_delta_pp":-0.0001318469939546316,"uploaders_without-hosting_left_share":null,"uploaders_without-hosting_right_share":null},"geometry":{"type":"Polygon","coordinates":[[[139.2948086599201,35.406332524331376],[139.19835841412598,35.4291674456274],[139.17027526308476,35.51466494239131],[139.23875708684045,35.57745564786289],[139.33543716899823,35.55466781936349],[139.36340521955663,35.46904215420992],[139.2948086599201,35.406332524331376]]]}},{"type":"Feature","properties":{"h3":"852f5bcbfffffff","countries":["JPN"],"common_intervals":26,"left_observed_intervals":26,"right_observed_intervals":26,"full_window_comparable":true,"expected_intervals":26,"downloaders_all_delta_pp":0.002392098749920666,"downloaders_all_observed_common_delta_pp":0.002392098749920666,"downloaders_all_left_share":0.015839088610217242,"downloaders_all_right_share":0.013446989860296573,"downloaders_without-hosting_delta_pp":0.003156507266160066,"downloaders_without-hosting_observed_common_delta_pp":0.003156507266160066,"downloaders_without-hosting_left_share":0.01884499636431524,"downloaders_without-hosting_right_share":0.015688489098155175,"uploaders_all_delta_pp":0.0014399601548181196,"uploaders_all_observed_common_delta_pp":0.0014399601548181196,"uploaders_all_left_share":0.002623645649189716,"uploaders_all_right_share":0.0011836854943715965,"uploaders_without-hosting_delta_pp":0.002152283743107995,"uploaders_without-hosting_observed_common_delta_pp":0.002152283743107995,"uploaders_without-hosting_left_share":0.0036191764288234676,"uploaders_without-hosting_right_share":0.0014668926857154727},"geometry":{"type":"Polygon","coordinates":[[[139.50112604209414,35.59453217352081],[139.40424041457243,35.61745355194465],[139.37624897903183,35.70310803846668],[139.44526000953354,35.76596883197294],[139.54237703835594,35.74309387888515],[139.57025126001471,35.65731167086974],[139.50112604209414,35.59453217352081]]]}},{"type":"Feature","properties":{"h3":"852f5bcffffffff","countries":["JPN"],"common_intervals":26,"left_observed_intervals":26,"right_observed_intervals":26,"full_window_comparable":true,"expected_intervals":26,"downloaders_all_delta_pp":0.0011926993229524308,"downloaders_all_observed_common_delta_pp":0.0011926993229524308,"downloaders_all_left_share":0.006936293292072562,"downloaders_all_right_share":0.005743593969120132,"downloaders_without-hosting_delta_pp":0.0015530572043669854,"downloaders_without-hosting_observed_common_delta_pp":0.0015530572043669854,"downloaders_without-hosting_left_share":0.008252554202348035,"downloaders_without-hosting_right_share":0.006699496997981049,"uploaders_all_delta_pp":0.0012808099978906023,"uploaders_all_observed_common_delta_pp":0.0012808099978906023,"uploaders_all_left_share":0.002055148806321842,"uploaders_all_right_share":0.0007743388084312397,"uploaders_without-hosting_delta_pp":0.001952231185888892,"uploaders_without-hosting_observed_common_delta_pp":0.001952231185888892,"uploaders_without-hosting_left_share":0.002927752526916977,"uploaders_without-hosting_right_share":0.000975521341028085},"geometry":{"type":"Polygon","coordinates":[[[139.33543716899823,35.55466781936349],[139.23875708684045,35.57745564786289],[139.2106497907502,35.66298212531115],[139.27933806345047,35.72584874569599],[139.37624897903183,35.70310803846668],[139.40424041457243,35.61745355194465],[139.33543716899823,35.55466781936349]]]}},{"type":"Feature","properties":{"h3":"852f5bd7fffffff","countries":["JPN"],"common_intervals":26,"left_observed_intervals":26,"right_observed_intervals":26,"full_window_comparable":true,"expected_intervals":26,"downloaders_all_delta_pp":0.001185962127777039,"downloaders_all_observed_common_delta_pp":0.001185962127777039,"downloaders_all_left_share":0.0082074010039625,"downloaders_all_right_share":0.0070214388761854615,"downloaders_without-hosting_delta_pp":0.0015779248196745265,"downloaders_without-hosting_observed_common_delta_pp":0.0015779248196745265,"downloaders_without-hosting_left_share":0.009769302039529849,"downloaders_without-hosting_right_share":0.008191377219855321,"uploaders_all_delta_pp":0.0013049761881825947,"uploaders_all_observed_common_delta_pp":0.0013049761881825947,"uploaders_all_left_share":0.002328559546647115,"uploaders_all_right_share":0.0010235833584645204,"uploaders_without-hosting_delta_pp":0.002041279682293034,"uploaders_without-hosting_observed_common_delta_pp":0.002041279682293034,"uploaders_without-hosting_left_share":0.0033189828059801514,"uploaders_without-hosting_right_share":0.0012777031236871168},"geometry":{"type":"Polygon","coordinates":[[[139.41917903778682,35.29772259518213],[139.32275322505083,35.32073674705754],[139.2948086599201,35.406332524331376],[139.36340521955663,35.46904215420992],[139.46006044362537,35.44607437468362],[139.48788932622497,35.360350555339956],[139.41917903778682,35.29772259518213]]]}},{"type":"Feature","properties":{"h3":"852f5bdbfffffff","countries":["JPN"],"common_intervals":26,"left_observed_intervals":26,"right_observed_intervals":26,"full_window_comparable":true,"expected_intervals":26,"downloaders_all_delta_pp":3.885495759835158e-05,"downloaders_all_observed_common_delta_pp":3.885495759835158e-05,"downloaders_all_left_share":0.0006591096314863803,"downloaders_all_right_share":0.0006202546738880286,"downloaders_without-hosting_delta_pp":6.035448840508828e-05,"downloaders_without-hosting_observed_common_delta_pp":6.035448840508828e-05,"downloaders_without-hosting_left_share":0.0007846381788539227,"downloaders_without-hosting_right_share":0.0007242836904488345,"uploaders_all_delta_pp":0.0001384368945930938,"uploaders_all_observed_common_delta_pp":0.0001384368945930938,"uploaders_all_left_share":0.00014870405875801613,"uploaders_all_right_share":1.0267164164922325e-05,"uploaders_without-hosting_delta_pp":0.0002068676161914918,"uploaders_without-hosting_observed_common_delta_pp":0.0002068676161914918,"uploaders_without-hosting_left_share":0.0002185452697884518,"uploaders_without-hosting_right_share":1.1677653596960003e-05},"geometry":{"type":"Polygon","coordinates":[[[139.6258370507689,35.48567701654718],[139.52897764766755,35.50877862457114],[139.50112604209414,35.59453217352081],[139.57025126001471,35.65731167086974],[139.6673416239767,35.63425576574742],[139.6950754348258,35.548374625090744],[139.6258370507689,35.48567701654718]]]}},{"type":"Feature","properties":{"h3":"852f5e2ffffffff","countries":["JPN"],"common_intervals":1,"left_observed_intervals":5,"right_observed_intervals":5,"full_window_comparable":false,"expected_intervals":26,"downloaders_all_delta_pp":null,"downloaders_all_observed_common_delta_pp":7.870285674663828e-05,"downloaders_all_left_share":null,"downloaders_all_right_share":null,"downloaders_without-hosting_delta_pp":null,"downloaders_without-hosting_observed_common_delta_pp":9.9812566391666e-05,"downloaders_without-hosting_left_share":null,"downloaders_without-hosting_right_share":null,"uploaders_all_delta_pp":null,"uploaders_all_observed_common_delta_pp":0.0,"uploaders_all_left_share":null,"uploaders_all_right_share":null,"uploaders_without-hosting_delta_pp":null,"uploaders_without-hosting_observed_common_delta_pp":0.0,"uploaders_without-hosting_left_share":null,"uploaders_without-hosting_right_share":null},"geometry":{"type":"Polygon","coordinates":[[[140.45676690864275,35.12416822291953],[140.35962687848252,35.14825870219658],[140.3325751736829,35.23465175428624],[140.40278586799022,35.297080672237],[140.5001560445021,35.27303154843798],[140.5270850078628,35.18651212240159],[140.45676690864275,35.12416822291953]]]}},{"type":"Feature","properties":{"h3":"8530c96ffffffff","countries":["JPN"],"common_intervals":0,"left_observed_intervals":0,"right_observed_intervals":2,"full_window_comparable":false,"expected_intervals":26,"downloaders_all_delta_pp":null,"downloaders_all_observed_common_delta_pp":null,"downloaders_all_left_share":null,"downloaders_all_right_share":null,"downloaders_without-hosting_delta_pp":null,"downloaders_without-hosting_observed_common_delta_pp":null,"downloaders_without-hosting_left_share":null,"downloaders_without-hosting_right_share":null,"uploaders_all_delta_pp":null,"uploaders_all_observed_common_delta_pp":null,"uploaders_all_left_share":null,"uploaders_all_right_share":null,"uploaders_without-hosting_delta_pp":null,"uploaders_without-hosting_observed_common_delta_pp":null,"uploaders_without-hosting_left_share":null,"uploaders_without-hosting_right_share":null},"geometry":{"type":"Polygon","coordinates":[[[132.2245363224019,34.933810250172975],[132.13630617497827,34.95055563115336],[132.10358971165405,35.03002004133051],[132.1591656395862,35.092872405644954],[132.24760026586657,35.07620163088364],[132.28025418322088,34.99660379567142],[132.2245363224019,34.933810250172975]]]}},{"type":"Feature","properties":{"h3":"8530ca6bfffffff","countries":["JPN"],"common_intervals":20,"left_observed_intervals":24,"right_observed_intervals":21,"full_window_comparable":false,"expected_intervals":26,"downloaders_all_delta_pp":null,"downloaders_all_observed_common_delta_pp":6.148209941173526e-05,"downloaders_all_left_share":null,"downloaders_all_right_share":null,"downloaders_without-hosting_delta_pp":null,"downloaders_without-hosting_observed_common_delta_pp":7.769060524699067e-05,"downloaders_without-hosting_left_share":null,"downloaders_without-hosting_right_share":null,"uploaders_all_delta_pp":null,"uploaders_all_observed_common_delta_pp":-1.1624614390336874e-05,"uploaders_all_left_share":null,"uploaders_all_right_share":null,"uploaders_without-hosting_delta_pp":null,"uploaders_without-hosting_observed_common_delta_pp":-1.521350671909328e-05,"uploaders_without-hosting_left_share":null,"uploaders_without-hosting_right_share":null},"geometry":{"type":"Polygon","coordinates":[[[130.52321027241254,33.91170601840215],[130.61776006710627,33.891447974736245],[130.63507138676795,33.81991417807694],[130.55784267390348,33.76864439541194],[130.46333730613836,33.788927907877216],[130.44601630734243,33.860455664780794],[130.52321027241254,33.91170601840215]]]}},{"type":"Feature","properties":{"h3":"8530ca6ffffffff","countries":["JPN"],"common_intervals":1,"left_observed_intervals":5,"right_observed_intervals":7,"full_window_comparable":false,"expected_intervals":26,"downloaders_all_delta_pp":null,"downloaders_all_observed_common_delta_pp":2.2158024647281205e-05,"downloaders_all_left_share":null,"downloaders_all_right_share":null,"downloaders_without-hosting_delta_pp":null,"downloaders_without-hosting_observed_common_delta_pp":2.950096694150767e-05,"downloaders_without-hosting_left_share":null,"downloaders_without-hosting_right_share":null,"uploaders_all_delta_pp":null,"uploaders_all_observed_common_delta_pp":0.0,"uploaders_all_left_share":null,"uploaders_all_right_share":null,"uploaders_without-hosting_delta_pp":null,"uploaders_without-hosting_observed_common_delta_pp":0.0,"uploaders_without-hosting_left_share":null,"uploaders_without-hosting_right_share":null},"geometry":{"type":"Polygon","coordinates":[[[130.69503265528812,33.94258414628761],[130.7896505243722,33.92220579876888],[130.8069518304788,33.850666238786324],[130.7296453641743,33.79951072014965],[130.63507138676795,33.81991417807694],[130.61776006710627,33.891447974736245],[130.69503265528812,33.94258414628761]]]}},{"type":"Feature","properties":{"h3":"8530cb1bfffffff","countries":["JPN"],"common_intervals":0,"left_observed_intervals":1,"right_observed_intervals":1,"full_window_comparable":false,"expected_intervals":26,"downloaders_all_delta_pp":null,"downloaders_all_observed_common_delta_pp":null,"downloaders_all_left_share":null,"downloaders_all_right_share":null,"downloaders_without-hosting_delta_pp":null,"downloaders_without-hosting_observed_common_delta_pp":null,"downloaders_without-hosting_left_share":null,"downloaders_without-hosting_right_share":null,"uploaders_all_delta_pp":null,"uploaders_all_observed_common_delta_pp":null,"uploaders_all_left_share":null,"uploaders_all_right_share":null,"uploaders_without-hosting_delta_pp":null,"uploaders_without-hosting_observed_common_delta_pp":null,"uploaders_without-hosting_left_share":null,"uploaders_without-hosting_right_share":null},"geometry":{"type":"Polygon","coordinates":[[[131.45266733093618,34.52021098417163],[131.54764695528783,34.499563064225434],[131.56491506180728,34.42864671327266],[131.48721513526974,34.37838252897001],[131.39227707485384,34.39905333403211],[131.37499746063884,34.46996536922295],[131.45266733093618,34.52021098417163]]]}},{"type":"Feature","properties":{"h3":"8530cb47fffffff","countries":["JPN"],"common_intervals":26,"left_observed_intervals":26,"right_observed_intervals":26,"full_window_comparable":true,"expected_intervals":26,"downloaders_all_delta_pp":0.00021560623117968157,"downloaders_all_observed_common_delta_pp":0.00021560623117968157,"downloaders_all_left_share":0.0015455025943116687,"downloaders_all_right_share":0.001329896363131987,"downloaders_without-hosting_delta_pp":0.00028499188108855423,"downloaders_without-hosting_observed_common_delta_pp":0.00028499188108855423,"downloaders_without-hosting_left_share":0.001838773970151484,"downloaders_without-hosting_right_share":0.0015537820890629296,"uploaders_all_delta_pp":-0.00020149560990757192,"uploaders_all_observed_common_delta_pp":-0.00020149560990757192,"uploaders_all_left_share":0.0001231171177043622,"uploaders_all_right_share":0.0003246127276119341,"uploaders_without-hosting_delta_pp":-0.00023991186361316513,"uploaders_without-hosting_observed_common_delta_pp":-0.00023991186361316513,"uploaders_without-hosting_left_share":0.00016939316126998824,"uploaders_without-hosting_right_share":0.00040930502488315337},"geometry":{"type":"Polygon","coordinates":[[[131.5044835936853,34.30730636377848],[131.59944034089096,34.286490117073114],[131.61669750949724,34.21524985630608],[131.53900961305354,34.164830119456155],[131.444094227597,34.185669486098874],[131.42682546033814,34.25690540021327],[131.5044835936853,34.30730636377848]]]}},{"type":"Feature","properties":{"h3":"8530cb6bfffffff","countries":["JPN"],"common_intervals":26,"left_observed_intervals":26,"right_observed_intervals":26,"full_window_comparable":true,"expected_intervals":26,"downloaders_all_delta_pp":0.00016804409521743214,"downloaders_all_observed_common_delta_pp":0.00016804409521743214,"downloaders_all_left_share":0.000635237152909259,"downloaders_all_right_share":0.0004671930576918269,"downloaders_without-hosting_delta_pp":0.00021191567622730957,"downloaders_without-hosting_observed_common_delta_pp":0.00021191567622730957,"downloaders_without-hosting_left_share":0.0007554648151518623,"downloaders_without-hosting_right_share":0.0005435491389245528,"uploaders_all_delta_pp":0.00015718016806810754,"uploaders_all_observed_common_delta_pp":0.00015718016806810754,"uploaders_all_left_share":0.0001817456025111373,"uploaders_all_right_share":2.456543444302981e-05,"uploaders_without-hosting_delta_pp":0.00022390261655392285,"uploaders_without-hosting_observed_common_delta_pp":0.00022390261655392285,"uploaders_without-hosting_left_share":0.0002521074466946999,"uploaders_without-hosting_right_share":2.820483014077704e-05},"geometry":{"type":"Polygon","coordinates":[[[131.72891796209777,34.122883956080535],[131.8239099030907,34.101777143732996],[131.84114409099408,34.03020882184726],[131.76339844636738,33.97975134232898],[131.66844710789925,34.00088115886412],[131.65120089496992,34.07244538085654],[131.72891796209777,34.122883956080535]]]}},{"type":"Feature","properties":{"h3":"8530d903fffffff","countries":["JPN"],"common_intervals":20,"left_observed_intervals":21,"right_observed_intervals":23,"full_window_comparable":false,"expected_intervals":26,"downloaders_all_delta_pp":null,"downloaders_all_observed_common_delta_pp":3.706032870896416e-05,"downloaders_all_left_share":null,"downloaders_all_right_share":null,"downloaders_without-hosting_delta_pp":null,"downloaders_without-hosting_observed_common_delta_pp":4.8430411321781115e-05,"downloaders_without-hosting_left_share":null,"downloaders_without-hosting_right_share":null,"uploaders_all_delta_pp":null,"uploaders_all_observed_common_delta_pp":2.8432521179262194e-05,"uploaders_all_left_share":null,"uploaders_all_right_share":null,"uploaders_without-hosting_delta_pp":null,"uploaders_without-hosting_observed_common_delta_pp":3.6431577205201954e-05,"uploaders_without-hosting_left_share":null,"uploaders_without-hosting_right_share":null},"geometry":{"type":"Polygon","coordinates":[[[130.00106611185822,33.47940264559987],[130.0953379700416,33.459304702098706],[130.11266654999883,33.3873080843828],[130.0357320064203,33.33541647338138],[129.9415061216262,33.35554152757336],[129.92416888958334,33.427531012375724],[130.00106611185822,33.47940264559987]]]}},{"type":"Feature","properties":{"h3":"8530d90bfffffff","countries":["JPN"],"common_intervals":15,"left_observed_intervals":20,"right_observed_intervals":21,"full_window_comparable":false,"expected_intervals":26,"downloaders_all_delta_pp":null,"downloaders_all_observed_common_delta_pp":5.504342143119638e-05,"downloaders_all_left_share":null,"downloaders_all_right_share":null,"downloaders_without-hosting_delta_pp":null,"downloaders_without-hosting_observed_common_delta_pp":7.058334540463863e-05,"downloaders_without-hosting_left_share":null,"downloaders_without-hosting_right_share":null,"uploaders_all_delta_pp":null,"uploaders_all_observed_common_delta_pp":0.00046898849306667054,"uploaders_all_left_share":null,"uploaders_all_right_share":null,"uploaders_without-hosting_delta_pp":null,"uploaders_without-hosting_observed_common_delta_pp":0.000711454688808063,"uploaders_without-hosting_left_share":null,"uploaders_without-hosting_right_share":null},"geometry":{"type":"Polygon","coordinates":[[[129.9415061216262,33.35554152757336],[130.0357320064203,33.33541647338138],[130.0530599155377,33.26326170151036],[129.97617055507678,33.21123923301228],[129.88199080476522,33.23139170516823],[129.8646543629003,33.303539158026815],[129.9415061216262,33.35554152757336]]]}},{"type":"Feature","properties":{"h3":"8530d90ffffffff","countries":["JPN"],"common_intervals":1,"left_observed_intervals":8,"right_observed_intervals":9,"full_window_comparable":false,"expected_intervals":26,"downloaders_all_delta_pp":null,"downloaders_all_observed_common_delta_pp":-5.066771505090741e-05,"downloaders_all_left_share":null,"downloaders_all_right_share":null,"downloaders_without-hosting_delta_pp":null,"downloaders_without-hosting_observed_common_delta_pp":-5.474081368000603e-05,"downloaders_without-hosting_left_share":null,"downloaders_without-hosting_right_share":null,"uploaders_all_delta_pp":null,"uploaders_all_observed_common_delta_pp":0.0,"uploaders_all_left_share":null,"uploaders_all_right_share":null,"uploaders_without-hosting_delta_pp":null,"uploaders_without-hosting_observed_common_delta_pp":0.0,"uploaders_without-hosting_left_share":null,"uploaders_without-hosting_right_share":null},"geometry":{"type":"Polygon","coordinates":[[[130.11266654999883,33.3873080843828],[130.20696583396068,33.36706486805121],[130.2242848780355,33.294903063921105],[130.14731358577313,33.242991438471456],[130.0530599155377,33.26326170151036],[130.0357320064203,33.33541647338138],[130.11266654999883,33.3873080843828]]]}},{"type":"Feature","properties":{"h3":"8530d923fffffff","countries":["JPN"],"common_intervals":23,"left_observed_intervals":24,"right_observed_intervals":24,"full_window_comparable":false,"expected_intervals":26,"downloaders_all_delta_pp":null,"downloaders_all_observed_common_delta_pp":8.235380751076976e-05,"downloaders_all_left_share":null,"downloaders_all_right_share":null,"downloaders_without-hosting_delta_pp":null,"downloaders_without-hosting_observed_common_delta_pp":0.00010372216255882356,"downloaders_without-hosting_left_share":null,"downloaders_without-hosting_right_share":null,"uploaders_all_delta_pp":null,"uploaders_all_observed_common_delta_pp":0.0005918154165572733,"uploaders_all_left_share":null,"uploaders_all_right_share":null,"uploaders_without-hosting_delta_pp":null,"uploaders_without-hosting_observed_common_delta_pp":0.0008414875653761517,"uploaders_without-hosting_left_share":null,"uploaders_without-hosting_right_share":null},"geometry":{"type":"Polygon","coordinates":[[[130.45544933344246,33.450151533289414],[130.54989062911503,33.42967094742587],[130.5671909445958,33.35749594007258],[130.49005957802962,33.30580790649773],[130.39566284286707,33.32631480223306],[130.3783529965446,33.3984833516093],[130.45544933344246,33.450151533289414]]]}},{"type":"Feature","properties":{"h3":"8530d927fffffff","countries":["JPN"],"common_intervals":0,"left_observed_intervals":2,"right_observed_intervals":2,"full_window_comparable":false,"expected_intervals":26,"downloaders_all_delta_pp":null,"downloaders_all_observed_common_delta_pp":null,"downloaders_all_left_share":null,"downloaders_all_right_share":null,"downloaders_without-hosting_delta_pp":null,"downloaders_without-hosting_observed_common_delta_pp":null,"downloaders_without-hosting_left_share":null,"downloaders_without-hosting_right_share":null,"uploaders_all_delta_pp":null,"uploaders_all_observed_common_delta_pp":null,"uploaders_all_left_share":null,"uploaders_all_right_share":null,"uploaders_without-hosting_delta_pp":null,"uploaders_without-hosting_observed_common_delta_pp":null,"uploaders_without-hosting_left_share":null,"uploaders_without-hosting_right_share":null},"geometry":{"type":"Polygon","coordinates":[[[130.62706595884626,33.48122647190754],[130.72157585079253,33.46062669280797],[130.73886630199786,33.38844551499929],[130.661656808404,33.33687021661026],[130.5671909445958,33.35749594007258],[130.54989062911503,33.42967094742587],[130.62706595884626,33.48122647190754]]]}},{"type":"Feature","properties":{"h3":"8530d92bfffffff","countries":["JPN"],"common_intervals":0,"left_observed_intervals":2,"right_observed_intervals":5,"full_window_comparable":false,"expected_intervals":26,"downloaders_all_delta_pp":null,"downloaders_all_observed_common_delta_pp":null,"downloaders_all_left_share":null,"downloaders_all_right_share":null,"downloaders_without-hosting_delta_pp":null,"downloaders_without-hosting_observed_common_delta_pp":null,"downloaders_without-hosting_left_share":null,"downloaders_without-hosting_right_share":null,"uploaders_all_delta_pp":null,"uploaders_all_observed_common_delta_pp":null,"uploaders_all_left_share":null,"uploaders_all_right_share":null,"uploaders_without-hosting_delta_pp":null,"uploaders_without-hosting_observed_common_delta_pp":null,"uploaders_without-hosting_left_share":null,"uploaders_without-hosting_right_share":null},"geometry":{"type":"Polygon","coordinates":[[[130.39566284286707,33.32631480223306],[130.49005957802962,33.30580790649773],[130.5073595409412,33.23347432515184],[130.430272262034,33.181654208170734],[130.3359202528626,33.20218771483117],[130.3186108793052,33.274514657352704],[130.39566284286707,33.32631480223306]]]}},{"type":"Feature","properties":{"h3":"8530d92ffffffff","countries":["JPN"],"common_intervals":26,"left_observed_intervals":26,"right_observed_intervals":26,"full_window_comparable":true,"expected_intervals":26,"downloaders_all_delta_pp":0.00045089210667611135,"downloaders_all_observed_common_delta_pp":0.00045089210667611135,"downloaders_all_left_share":0.002218118882822661,"downloaders_all_right_share":0.00176722677614655,"downloaders_without-hosting_delta_pp":0.0005747643560807072,"downloaders_without-hosting_observed_common_delta_pp":0.0005747643560807072,"downloaders_without-hosting_left_share":0.002636258493748205,"downloaders_without-hosting_right_share":0.0020614941376674973,"uploaders_all_delta_pp":0.0006252192960388476,"uploaders_all_observed_common_delta_pp":0.0006252192960388476,"uploaders_all_left_share":0.0009306613485239532,"uploaders_all_right_share":0.00030544205248510573,"uploaders_without-hosting_delta_pp":0.0009478576485268501,"uploaders_without-hosting_observed_common_delta_pp":0.0009478576485268501,"uploaders_without-hosting_left_share":0.00132749463897958,"uploaders_without-hosting_right_share":0.0003796369904527298},"geometry":{"type":"Polygon","coordinates":[[[130.5671909445958,33.35749594007258],[130.661656808404,33.33687021661026],[130.67894702756672,33.26453028668841],[130.60178120945884,33.21282235853512],[130.5073595409412,33.23347432515184],[130.49005957802962,33.30580790649773],[130.5671909445958,33.35749594007258]]]}},{"type":"Feature","properties":{"h3":"8530d937fffffff","countries":["JPN"],"common_intervals":26,"left_observed_intervals":26,"right_observed_intervals":26,"full_window_comparable":true,"expected_intervals":26,"downloaders_all_delta_pp":0.00018691819415392658,"downloaders_all_observed_common_delta_pp":0.00018691819415392658,"downloaders_all_left_share":0.0009410814971036226,"downloaders_all_right_share":0.0007541633029496962,"downloaders_without-hosting_delta_pp":0.00023854384967628416,"downloaders_without-hosting_observed_common_delta_pp":0.00023854384967628416,"downloaders_without-hosting_left_share":0.0011191020661287117,"downloaders_without-hosting_right_share":0.0008805582164524277,"uploaders_all_delta_pp":0.0001651131370162412,"uploaders_all_observed_common_delta_pp":0.0001651131370162412,"uploaders_all_left_share":0.0002232303321515716,"uploaders_all_right_share":5.8117195135330386e-05,"uploaders_without-hosting_delta_pp":0.00024155307314130083,"uploaders_without-hosting_observed_common_delta_pp":0.00024155307314130083,"uploaders_without-hosting_left_share":0.0003151727782052619,"uploaders_without-hosting_right_share":7.361970506396109e-05},"geometry":{"type":"Polygon","coordinates":[[[130.5152796426573,33.57369735966047],[130.60976533266773,33.5532427830685],[130.62706595884626,33.48122647190754],[130.54989062911503,33.42967094742587],[130.45544933344246,33.450151533289414],[130.43813905603213,33.52216156443721],[130.5152796426573,33.57369735966047]]]}},{"type":"Feature","properties":{"h3":"8530d943fffffff","countries":["JPN"],"common_intervals":24,"left_observed_intervals":26,"right_observed_intervals":24,"full_window_comparable":false,"expected_intervals":26,"downloaders_all_delta_pp":null,"downloaders_all_observed_common_delta_pp":-1.810074165047823e-05,"downloaders_all_left_share":null,"downloaders_all_right_share":null,"downloaders_without-hosting_delta_pp":null,"downloaders_without-hosting_observed_common_delta_pp":-1.1449368112809874e-05,"downloaders_without-hosting_left_share":null,"downloaders_without-hosting_right_share":null,"uploaders_all_delta_pp":null,"uploaders_all_observed_common_delta_pp":0.00015017327908805892,"uploaders_all_left_share":null,"uploaders_all_right_share":null,"uploaders_without-hosting_delta_pp":null,"uploaders_without-hosting_observed_common_delta_pp":0.0002496963551313751,"uploaders_without-hosting_left_share":null,"uploaders_without-hosting_right_share":null},"geometry":{"type":"Polygon","coordinates":[[[129.71108037881046,33.19929407871411],[129.8051846287041,33.179259037854756],[129.82252023931952,33.10695375070015],[129.74575976443714,33.054691231731105],[129.65170232449918,33.074754373505165],[129.63435863173606,33.147051863457015],[129.71108037881046,33.19929407871411]]]}},{"type":"Feature","properties":{"h3":"8530d94bfffffff","countries":["JPN"],"common_intervals":0,"left_observed_intervals":2,"right_observed_intervals":0,"full_window_comparable":false,"expected_intervals":26,"downloaders_all_delta_pp":null,"downloaders_all_observed_common_delta_pp":null,"downloaders_all_left_share":null,"downloaders_all_right_share":null,"downloaders_without-hosting_delta_pp":null,"downloaders_without-hosting_observed_common_delta_pp":null,"downloaders_without-hosting_left_share":null,"downloaders_without-hosting_right_share":null,"uploaders_all_delta_pp":null,"uploaders_all_observed_common_delta_pp":null,"uploaders_all_left_share":null,"uploaders_all_right_share":null,"uploaders_without-hosting_delta_pp":null,"uploaders_without-hosting_observed_common_delta_pp":null,"uploaders_without-hosting_left_share":null,"uploaders_without-hosting_right_share":null},"geometry":{"type":"Polygon","coordinates":[[[129.65170232449918,33.074754373505165],[129.74575976443714,33.054691231731105],[129.76309450283026,32.982228251213186],[129.6863798470389,32.92983633428236],[129.5923693750301,32.94992788719806],[129.5750266730332,33.02238287590454],[129.65170232449918,33.074754373505165]]]}},{"type":"Feature","properties":{"h3":"8530d967fffffff","countries":["JPN"],"common_intervals":22,"left_observed_intervals":23,"right_observed_intervals":25,"full_window_comparable":false,"expected_intervals":26,"downloaders_all_delta_pp":null,"downloaders_all_observed_common_delta_pp":4.3262954640669006e-05,"downloaders_all_left_share":null,"downloaders_all_right_share":null,"downloaders_without-hosting_delta_pp":null,"downloaders_without-hosting_observed_common_delta_pp":5.753969860132302e-05,"downloaders_without-hosting_left_share":null,"downloaders_without-hosting_right_share":null,"uploaders_all_delta_pp":null,"uploaders_all_observed_common_delta_pp":-3.306461438499196e-05,"uploaders_all_left_share":null,"uploaders_all_right_share":null,"uploaders_without-hosting_delta_pp":null,"uploaders_without-hosting_observed_common_delta_pp":-4.2703650964604995e-05,"uploaders_without-hosting_left_share":null,"uploaders_without-hosting_right_share":null},"geometry":{"type":"Polygon","coordinates":[[[130.3359202528626,33.20218771483117],[130.430272262034,33.181654208170734],[130.44757183059917,33.10916218216899],[130.37052876324915,33.05721041506799],[130.2762216448581,33.07777083413742],[130.25891278564777,33.15025603757481],[130.3359202528626,33.20218771483117]]]}},{"type":"Feature","properties":{"h3":"8530d973fffffff","countries":["JPN"],"common_intervals":2,"left_observed_intervals":9,"right_observed_intervals":10,"full_window_comparable":false,"expected_intervals":26,"downloaders_all_delta_pp":null,"downloaders_all_observed_common_delta_pp":6.133278123547943e-05,"downloaders_all_left_share":null,"downloaders_all_right_share":null,"downloaders_without-hosting_delta_pp":null,"downloaders_without-hosting_observed_common_delta_pp":7.75019308481491e-05,"downloaders_without-hosting_left_share":null,"downloaders_without-hosting_right_share":null,"uploaders_all_delta_pp":null,"uploaders_all_observed_common_delta_pp":0.0,"uploaders_all_left_share":null,"uploaders_all_right_share":null,"uploaders_without-hosting_delta_pp":null,"uploaders_without-hosting_observed_common_delta_pp":0.0,"uploaders_without-hosting_left_share":null,"uploaders_without-hosting_right_share":null},"geometry":{"type":"Polygon","coordinates":[[[130.0530599155377,33.26326170151036],[130.14731358577313,33.242991438471456],[130.16463203722955,33.17067142476489],[130.0877056464847,33.118628822601735],[129.99349775207702,33.13892643784976],[129.97617055507678,33.21123923301228],[130.0530599155377,33.26326170151036]]]}},{"type":"Feature","properties":{"h3":"8530d977fffffff","countries":["JPN"],"common_intervals":26,"left_observed_intervals":26,"right_observed_intervals":26,"full_window_comparable":true,"expected_intervals":26,"downloaders_all_delta_pp":0.0001517270011984935,"downloaders_all_observed_common_delta_pp":0.0001517270011984935,"downloaders_all_left_share":0.000805947052898309,"downloaders_all_right_share":0.0006542200516998155,"downloaders_without-hosting_delta_pp":0.00019580459250806553,"downloaders_without-hosting_observed_common_delta_pp":0.00019580459250806553,"downloaders_without-hosting_left_share":0.0009587049516823472,"downloaders_without-hosting_right_share":0.000762900359174282,"uploaders_all_delta_pp":0.00048570456174743036,"uploaders_all_observed_common_delta_pp":0.00048570456174743036,"uploaders_all_left_share":0.00057082557386278,"uploaders_all_right_share":8.512101211534962e-05,"uploaders_without-hosting_delta_pp":0.000709466751064706,"uploaders_without-hosting_observed_common_delta_pp":0.000709466751064706,"uploaders_without-hosting_left_share":0.0008135361358501414,"uploaders_without-hosting_right_share":0.0001040693847854353},"geometry":{"type":"Polygon","coordinates":[[[130.2242848780355,33.294903063921105],[130.3186108793052,33.274514657352704],[130.3359202528626,33.20218771483117],[130.25891278564777,33.15025603757481],[130.16463203722955,33.17067142476489],[130.14731358577313,33.242991438471456],[130.2242848780355,33.294903063921105]]]}},{"type":"Feature","properties":{"h3":"8530d97bfffffff","countries":["JPN"],"common_intervals":1,"left_observed_intervals":5,"right_observed_intervals":6,"full_window_comparable":false,"expected_intervals":26,"downloaders_all_delta_pp":null,"downloaders_all_observed_common_delta_pp":0.0002694531984612802,"downloaders_all_left_share":null,"downloaders_all_right_share":null,"downloaders_without-hosting_delta_pp":null,"downloaders_without-hosting_observed_common_delta_pp":0.0003243207961098343,"downloaders_without-hosting_left_share":null,"downloaders_without-hosting_right_share":null,"uploaders_all_delta_pp":null,"uploaders_all_observed_common_delta_pp":0.0,"uploaders_all_left_share":null,"uploaders_all_right_share":null,"uploaders_without-hosting_delta_pp":null,"uploaders_without-hosting_observed_common_delta_pp":0.0,"uploaders_without-hosting_left_share":null,"uploaders_without-hosting_right_share":null},"geometry":{"type":"Polygon","coordinates":[[[129.99349775207702,33.13892643784976],[130.0877056464847,33.118628822601735],[130.10502346394006,33.04615073444523],[130.02814209563348,32.99397759910182],[129.93398013845797,33.014302872465805],[129.91665369475444,33.08677355289211],[129.99349775207702,33.13892643784976]]]}},{"type":"Feature","properties":{"h3":"8530d993fffffff","countries":["JPN"],"common_intervals":3,"left_observed_intervals":10,"right_observed_intervals":7,"full_window_comparable":false,"expected_intervals":26,"downloaders_all_delta_pp":null,"downloaders_all_observed_common_delta_pp":-1.9720285120647223e-05,"downloaders_all_left_share":null,"downloaders_all_right_share":null,"downloaders_without-hosting_delta_pp":null,"downloaders_without-hosting_observed_common_delta_pp":-2.1178390816868376e-05,"downloaders_without-hosting_left_share":null,"downloaders_without-hosting_right_share":null,"uploaders_all_delta_pp":null,"uploaders_all_observed_common_delta_pp":0.0,"uploaders_all_left_share":null,"uploaders_all_right_share":null,"uploaders_without-hosting_delta_pp":null,"uploaders_without-hosting_observed_common_delta_pp":0.0,"uploaders_without-hosting_left_share":null,"uploaders_without-hosting_right_share":null},"geometry":{"type":"Polygon","coordinates":[[[129.72584319616675,33.87683913736957],[129.82007542223678,33.85720441147015],[129.8374326646408,33.78586164826126],[129.76056589529864,33.73416077770854],[129.66638055544405,33.75382248189924],[129.64901518129417,33.825158009433636],[129.72584319616675,33.87683913736957]]]}},{"type":"Feature","properties":{"h3":"8530d9a7fffffff","countries":["JPN"],"common_intervals":20,"left_observed_intervals":21,"right_observed_intervals":23,"full_window_comparable":false,"expected_intervals":26,"downloaders_all_delta_pp":null,"downloaders_all_observed_common_delta_pp":9.354505287183866e-05,"downloaders_all_left_share":null,"downloaders_all_right_share":null,"downloaders_without-hosting_delta_pp":null,"downloaders_without-hosting_observed_common_delta_pp":0.00011912855317675609,"downloaders_without-hosting_left_share":null,"downloaders_without-hosting_right_share":null,"uploaders_all_delta_pp":null,"uploaders_all_observed_common_delta_pp":5.08036603113119e-05,"uploaders_all_left_share":null,"uploaders_all_right_share":null,"uploaders_without-hosting_delta_pp":null,"uploaders_without-hosting_observed_common_delta_pp":6.517548850888902e-05,"uploaders_without-hosting_left_share":null,"uploaders_without-hosting_right_share":null},"geometry":{"type":"Polygon","coordinates":[[[130.46333730613836,33.788927907877216],[130.55784267390348,33.76864439541194],[130.57515368807796,33.696951747640576],[130.49796897593143,33.645548754592035],[130.40350820166614,33.665858037251326],[130.38618762899586,33.737544473192656],[130.46333730613836,33.788927907877216]]]}},{"type":"Feature","properties":{"h3":"8530d9abfffffff","countries":["JPN"],"common_intervals":4,"left_observed_intervals":13,"right_observed_intervals":9,"full_window_comparable":false,"expected_intervals":26,"downloaders_all_delta_pp":null,"downloaders_all_observed_common_delta_pp":5.23362750327903e-05,"downloaders_all_left_share":null,"downloaders_all_right_share":null,"downloaders_without-hosting_delta_pp":null,"downloaders_without-hosting_observed_common_delta_pp":6.538462744276284e-05,"downloaders_without-hosting_left_share":null,"downloaders_without-hosting_right_share":null,"uploaders_all_delta_pp":null,"uploaders_all_observed_common_delta_pp":0.0,"uploaders_all_left_share":null,"uploaders_all_right_share":null,"uploaders_without-hosting_delta_pp":null,"uploaders_without-hosting_observed_common_delta_pp":0.0,"uploaders_without-hosting_left_share":null,"uploaders_without-hosting_right_share":null},"geometry":{"type":"Polygon","coordinates":[[[130.23201291404342,33.63453196504854],[130.32640293636715,33.61434192736035],[130.34372304114495,33.54249691919201],[130.2666623110065,33.49084854742861],[130.17231757611643,33.511065022126814],[130.15498836669408,33.58290336193776],[130.23201291404342,33.63453196504854]]]}},{"type":"Feature","properties":{"h3":"8530d9affffffff","countries":["JPN"],"common_intervals":26,"left_observed_intervals":26,"right_observed_intervals":26,"full_window_comparable":true,"expected_intervals":26,"downloaders_all_delta_pp":0.002939409367599304,"downloaders_all_observed_common_delta_pp":0.002939409367599304,"downloaders_all_left_share":0.02012762128856889,"downloaders_all_right_share":0.017188211920969587,"downloaders_without-hosting_delta_pp":0.0038970591616459475,"downloaders_without-hosting_observed_common_delta_pp":0.0038970591616459475,"downloaders_without-hosting_left_share":0.02394976427392209,"downloaders_without-hosting_right_share":0.020052705112276144,"uploaders_all_delta_pp":0.003589541569649845,"uploaders_all_observed_common_delta_pp":0.003589541569649845,"uploaders_all_left_share":0.007457276094186594,"uploaders_all_right_share":0.003867734524536748,"uploaders_without-hosting_delta_pp":0.005561159310345457,"uploaders_without-hosting_observed_common_delta_pp":0.005561159310345457,"uploaders_without-hosting_left_share":0.010279167208886887,"uploaders_without-hosting_right_share":0.004718007898541431},"geometry":{"type":"Polygon","coordinates":[[[130.40350820166614,33.665858037251326],[130.49796897593143,33.645548754592035],[130.5152796426573,33.57369735966047],[130.43813905603213,33.52216156443721],[130.34372304114495,33.54249691919201],[130.32640293636715,33.61434192736035],[130.40350820166614,33.665858037251326]]]}},{"type":"Feature","properties":{"h3":"8530dab7fffffff","countries":["JPN"],"common_intervals":1,"left_observed_intervals":2,"right_observed_intervals":5,"full_window_comparable":false,"expected_intervals":26,"downloaders_all_delta_pp":null,"downloaders_all_observed_common_delta_pp":7.967532909454331e-06,"downloaders_all_left_share":null,"downloaders_all_right_share":null,"downloaders_without-hosting_delta_pp":null,"downloaders_without-hosting_observed_common_delta_pp":8.016343847221975e-06,"downloaders_without-hosting_left_share":null,"downloaders_without-hosting_right_share":null,"uploaders_all_delta_pp":null,"uploaders_all_observed_common_delta_pp":0.0,"uploaders_all_left_share":null,"uploaders_all_right_share":null,"uploaders_without-hosting_delta_pp":null,"uploaders_without-hosting_observed_common_delta_pp":0.0,"uploaders_without-hosting_left_share":null,"uploaders_without-hosting_right_share":null},"geometry":{"type":"Polygon","coordinates":[[[128.7412488006438,32.785076429761865],[128.8348533466984,32.765562586639305],[128.85222310222906,32.69298594796174],[128.77599459319885,32.63993274079027],[128.6824396692501,32.6594772285594],[128.66506371349556,32.7320442091985],[128.7412488006438,32.785076429761865]]]}},{"type":"Feature","properties":{"h3":"8530dba3fffffff","countries":["JPN"],"common_intervals":26,"left_observed_intervals":26,"right_observed_intervals":26,"full_window_comparable":true,"expected_intervals":26,"downloaders_all_delta_pp":0.0002823504159957882,"downloaders_all_observed_common_delta_pp":0.0002823504159957882,"downloaders_all_left_share":0.0020495385284796806,"downloaders_all_right_share":0.0017671881124838923,"downloaders_without-hosting_delta_pp":0.0003768795436653665,"downloaders_without-hosting_observed_common_delta_pp":0.0003768795436653665,"downloaders_without-hosting_left_share":0.002438039925111243,"downloaders_without-hosting_right_share":0.002061160381445877,"uploaders_all_delta_pp":0.0003448043021540325,"uploaders_all_observed_common_delta_pp":0.0003448043021540325,"uploaders_all_left_share":0.0006454517890734934,"uploaders_all_right_share":0.00030064748691946094,"uploaders_without-hosting_delta_pp":0.0005227572145163667,"uploaders_without-hosting_observed_common_delta_pp":0.0005227572145163667,"uploaders_without-hosting_left_share":0.0009029235758101108,"uploaders_without-hosting_right_share":0.00038016636129374403},"geometry":{"type":"Polygon","coordinates":[[[129.8745071530192,32.88939159922476],[129.96862301225556,32.869038361456155],[129.98593943794856,32.796244558651644],[129.90914847488503,32.74381171805003],[129.81507887359732,32.76419322687029],[129.79775405963386,32.83697923483567],[129.8745071530192,32.88939159922476]]]}},{"type":"Feature","properties":{"h3":"8530dba7fffffff","countries":["JPN"],"common_intervals":10,"left_observed_intervals":14,"right_observed_intervals":14,"full_window_comparable":false,"expected_intervals":26,"downloaders_all_delta_pp":null,"downloaders_all_observed_common_delta_pp":3.7085726485161886e-05,"downloaders_all_left_share":null,"downloaders_all_right_share":null,"downloaders_without-hosting_delta_pp":null,"downloaders_without-hosting_observed_common_delta_pp":4.8371220485301364e-05,"downloaders_without-hosting_left_share":null,"downloaders_without-hosting_right_share":null,"uploaders_all_delta_pp":null,"uploaders_all_observed_common_delta_pp":0.0,"uploaders_all_left_share":null,"uploaders_all_right_share":null,"uploaders_without-hosting_delta_pp":null,"uploaders_without-hosting_observed_common_delta_pp":0.0,"uploaders_without-hosting_left_share":null,"uploaders_without-hosting_right_share":null},"geometry":{"type":"Polygon","coordinates":[[[130.04545923780196,32.92134157882749],[130.13964899190358,32.90087131887485],[130.1569566980574,32.828070019132056],[130.08008345197499,32.77574640579118],[129.98593943794856,32.796244558651644],[129.96862301225556,32.869038361456155],[130.04545923780196,32.92134157882749]]]}},{"type":"Feature","properties":{"h3":"8530dbb7fffffff","countries":["JPN"],"common_intervals":1,"left_observed_intervals":3,"right_observed_intervals":2,"full_window_comparable":false,"expected_intervals":26,"downloaders_all_delta_pp":null,"downloaders_all_observed_common_delta_pp":-6.601920940619013e-05,"downloaders_all_left_share":null,"downloaders_all_right_share":null,"downloaders_without-hosting_delta_pp":null,"downloaders_without-hosting_observed_common_delta_pp":-7.962730409174999e-05,"downloaders_without-hosting_left_share":null,"downloaders_without-hosting_right_share":null,"uploaders_all_delta_pp":null,"uploaders_all_observed_common_delta_pp":0.0,"uploaders_all_left_share":null,"uploaders_all_right_share":null,"uploaders_without-hosting_delta_pp":null,"uploaders_without-hosting_observed_common_delta_pp":0.0,"uploaders_without-hosting_left_share":null,"uploaders_without-hosting_right_share":null},"geometry":{"type":"Polygon","coordinates":[[[129.93398013845797,33.014302872465805],[130.02814209563348,32.99397759910182],[130.04545923780196,32.92134157882749],[129.96862301225556,32.869038361456155],[129.8745071530192,32.88939159922476],[129.85718150369405,32.962020019673176],[129.93398013845797,33.014302872465805]]]}},{"type":"Feature","properties":{"h3":"8530dd17fffffff","countries":["JPN"],"common_intervals":0,"left_observed_intervals":3,"right_observed_intervals":3,"full_window_comparable":false,"expected_intervals":26,"downloaders_all_delta_pp":null,"downloaders_all_observed_common_delta_pp":null,"downloaders_all_left_share":null,"downloaders_all_right_share":null,"downloaders_without-hosting_delta_pp":null,"downloaders_without-hosting_observed_common_delta_pp":null,"downloaders_without-hosting_left_share":null,"downloaders_without-hosting_right_share":null,"uploaders_all_delta_pp":null,"uploaders_all_observed_common_delta_pp":null,"uploaders_all_left_share":null,"uploaders_all_right_share":null,"uploaders_without-hosting_delta_pp":null,"uploaders_without-hosting_observed_common_delta_pp":null,"uploaders_without-hosting_left_share":null,"uploaders_without-hosting_right_share":null},"geometry":{"type":"Polygon","coordinates":[[[129.2797019176032,34.237640436565684],[129.37381034460677,34.21858827530546],[129.391203069912,34.147906491596],[129.31449472831738,34.0962843801649],[129.22043460254193,34.11536372468395],[129.203034599556,34.18603792934636],[129.2797019176032,34.237640436565684]]]}},{"type":"Feature","properties":{"h3":"854a2613fffffff","countries":["JPN"],"common_intervals":26,"left_observed_intervals":26,"right_observed_intervals":26,"full_window_comparable":true,"expected_intervals":26,"downloaders_all_delta_pp":0.00019122957516229416,"downloaders_all_observed_common_delta_pp":0.00019122957516229416,"downloaders_all_left_share":0.0012596222672082,"downloaders_all_right_share":0.001068392692045906,"downloaders_without-hosting_delta_pp":0.00025338028446219457,"downloaders_without-hosting_observed_common_delta_pp":0.00025338028446219457,"downloaders_without-hosting_left_share":0.0014987400890806718,"downloaders_without-hosting_right_share":0.0012453598046184775,"uploaders_all_delta_pp":0.00029129643378476795,"uploaders_all_observed_common_delta_pp":0.00029129643378476795,"uploaders_all_left_share":0.0007722107589337156,"uploaders_all_right_share":0.00048091432514894773,"uploaders_without-hosting_delta_pp":0.0004992819280037016,"uploaders_without-hosting_observed_common_delta_pp":0.0004992819280037016,"uploaders_without-hosting_left_share":0.0010780867317025044,"uploaders_without-hosting_right_share":0.0005788048036988029},"geometry":{"type":"Polygon","coordinates":[[[127.79159887651059,26.472518443909014],[127.88369480825622,26.44989262971356],[127.9009068348754,26.369473465619517],[127.82602728789254,26.311699195666993],[127.73398252851919,26.3343661590772],[127.71676622133562,26.4147661719012],[127.79159887651059,26.472518443909014]]]}},{"type":"Feature","properties":{"h3":"854a261bfffffff","countries":["JPN"],"common_intervals":26,"left_observed_intervals":26,"right_observed_intervals":26,"full_window_comparable":true,"expected_intervals":26,"downloaders_all_delta_pp":0.0003034538098140834,"downloaders_all_observed_common_delta_pp":0.0003034538098140834,"downloaders_all_left_share":0.0015055471578697241,"downloaders_all_right_share":0.0012020933480556407,"downloaders_without-hosting_delta_pp":0.0003889418189362662,"downloaders_without-hosting_observed_common_delta_pp":0.0003889418189362662,"downloaders_without-hosting_left_share":0.0017904206299262948,"downloaders_without-hosting_right_share":0.0014014788109900287,"uploaders_all_delta_pp":0.0004299550248101781,"uploaders_all_observed_common_delta_pp":0.0004299550248101781,"uploaders_all_left_share":0.0007191230733521562,"uploaders_all_right_share":0.0002891680485419779,"uploaders_without-hosting_delta_pp":0.0006069824748501923,"uploaders_without-hosting_observed_common_delta_pp":0.0006069824748501923,"uploaders_without-hosting_left_share":0.0009467274701609041,"uploaders_without-hosting_right_share":0.0003397449953107119},"geometry":{"type":"Polygon","coordinates":[[[127.73398252851919,26.3343661590772],[127.82602728789254,26.311699195666993],[127.84323717595008,26.23113879364719],[127.76840655297669,26.173264766694032],[127.67641309924554,26.195973161134877],[127.65919904030201,26.276514080302313],[127.73398252851919,26.3343661590772]]]}},{"type":"Feature","properties":{"h3":"854a2657fffffff","countries":["JPN"],"common_intervals":10,"left_observed_intervals":17,"right_observed_intervals":15,"full_window_comparable":false,"expected_intervals":26,"downloaders_all_delta_pp":null,"downloaders_all_observed_common_delta_pp":6.0552693292774426e-05,"downloaders_all_left_share":null,"downloaders_all_right_share":null,"downloaders_without-hosting_delta_pp":null,"downloaders_without-hosting_observed_common_delta_pp":7.649665145694006e-05,"downloaders_without-hosting_left_share":null,"downloaders_without-hosting_right_share":null,"uploaders_all_delta_pp":null,"uploaders_all_observed_common_delta_pp":0.00023991233182658967,"uploaders_all_left_share":null,"uploaders_all_right_share":null,"uploaders_without-hosting_delta_pp":null,"uploaders_without-hosting_observed_common_delta_pp":0.0003460977758980429,"uploaders_without-hosting_left_share":null,"uploaders_without-hosting_right_share":null},"geometry":{"type":"Polygon","coordinates":[[[127.67641309924554,26.195973161134877],[127.76840655297669,26.173264766694032],[127.78561426546803,26.092563692656885],[127.71083266300685,26.034590759194412],[127.61889064750115,26.057340865423196],[127.60167887356417,26.13802212226476],[127.67641309924554,26.195973161134877]]]}},{"type":"Feature","properties":{"h3":"854a26bbfffffff","countries":["JPN"],"common_intervals":1,"left_observed_intervals":6,"right_observed_intervals":3,"full_window_comparable":false,"expected_intervals":26,"downloaders_all_delta_pp":null,"downloaders_all_observed_common_delta_pp":1.458345132200572e-05,"downloaders_all_left_share":null,"downloaders_all_right_share":null,"downloaders_without-hosting_delta_pp":null,"downloaders_without-hosting_observed_common_delta_pp":2.2286708414368436e-05,"downloaders_without-hosting_left_share":null,"downloaders_without-hosting_right_share":null,"uploaders_all_delta_pp":null,"uploaders_all_observed_common_delta_pp":0.0,"uploaders_all_left_share":null,"uploaders_all_right_share":null,"uploaders_without-hosting_delta_pp":null,"uploaders_without-hosting_observed_common_delta_pp":0.0,"uploaders_without-hosting_left_share":null,"uploaders_without-hosting_right_share":null},"geometry":{"type":"Polygon","coordinates":[[[128.01638615726256,26.645415905438107],[128.10862334707986,26.62273271650243],[128.12583277108058,26.542436957763567],[128.050809787241,26.484842705821265],[127.95862318216477,26.507566300084132],[127.94140905409368,26.587843669296127],[128.01638615726256,26.645415905438107]]]}},{"type":"Feature","properties":{"h3":"854b0b6ffffffff","countries":["JPN"],"common_intervals":2,"left_observed_intervals":4,"right_observed_intervals":4,"full_window_comparable":false,"expected_intervals":26,"downloaders_all_delta_pp":null,"downloaders_all_observed_common_delta_pp":6.315895721431615e-05,"downloaders_all_left_share":null,"downloaders_all_right_share":null,"downloaders_without-hosting_delta_pp":null,"downloaders_without-hosting_observed_common_delta_pp":7.849476695619399e-05,"downloaders_without-hosting_left_share":null,"downloaders_without-hosting_right_share":null,"uploaders_all_delta_pp":null,"uploaders_all_observed_common_delta_pp":0.0,"uploaders_all_left_share":null,"uploaders_all_right_share":null,"uploaders_without-hosting_delta_pp":null,"uploaders_without-hosting_observed_common_delta_pp":0.0,"uploaders_without-hosting_left_share":null,"uploaders_without-hosting_right_share":null},"geometry":{"type":"Polygon","coordinates":[[[128.98495968664344,27.841551289021222],[129.07784734783698,27.818873244639914],[129.09505264591397,27.739688167572353],[129.0193769137912,27.683195702905326],[128.9265372997376,27.705910525662492],[128.90932545001718,27.78508096177786],[128.98495968664344,27.841551289021222]]]}},{"type":"Feature","properties":{"h3":"854b601bfffffff","countries":["JPN"],"common_intervals":0,"left_observed_intervals":5,"right_observed_intervals":0,"full_window_comparable":false,"expected_intervals":26,"downloaders_all_delta_pp":null,"downloaders_all_observed_common_delta_pp":null,"downloaders_all_left_share":null,"downloaders_all_right_share":null,"downloaders_without-hosting_delta_pp":null,"downloaders_without-hosting_observed_common_delta_pp":null,"downloaders_without-hosting_left_share":null,"downloaders_without-hosting_right_share":null,"uploaders_all_delta_pp":null,"uploaders_all_observed_common_delta_pp":null,"uploaders_all_left_share":null,"uploaders_all_right_share":null,"uploaders_without-hosting_delta_pp":null,"uploaders_without-hosting_observed_common_delta_pp":null,"uploaders_without-hosting_left_share":null,"uploaders_without-hosting_right_share":null},"geometry":{"type":"Polygon","coordinates":[[[131.81469288961117,33.0094718649398],[131.90950934046433,32.987644745309325],[131.92670051184137,32.914461274261804],[131.8490874547055,32.86310938636306],[131.75431115580818,32.884960926044826],[131.73710784500398,32.9581398620315],[131.81469288961117,33.0094718649398]]]}},{"type":"Feature","properties":{"h3":"854b604bfffffff","countries":["JPN"],"common_intervals":23,"left_observed_intervals":25,"right_observed_intervals":24,"full_window_comparable":false,"expected_intervals":26,"downloaders_all_delta_pp":null,"downloaders_all_observed_common_delta_pp":4.633563951027378e-05,"downloaders_all_left_share":null,"downloaders_all_right_share":null,"downloaders_without-hosting_delta_pp":null,"downloaders_without-hosting_observed_common_delta_pp":6.0692610696678e-05,"downloaders_without-hosting_left_share":null,"downloaders_without-hosting_right_share":null,"uploaders_all_delta_pp":null,"uploaders_all_observed_common_delta_pp":-3.6265788752498536e-05,"uploaders_all_left_share":null,"uploaders_all_right_share":null,"uploaders_without-hosting_delta_pp":null,"uploaders_without-hosting_observed_common_delta_pp":-4.4398584109337054e-05,"uploaders_without-hosting_left_share":null,"uploaders_without-hosting_right_share":null},"geometry":{"type":"Polygon","coordinates":[[[131.63367203623682,32.63505711101018],[131.72836749899193,32.61315588983397],[131.7455603585917,32.53949429751231],[131.6680696120804,32.48773890993505],[131.57341483218772,32.50966539336882],[131.55621019866996,32.58332193020788],[131.63367203623682,32.63505711101018]]]}},{"type":"Feature","properties":{"h3":"854b609bfffffff","countries":["JPN"],"common_intervals":26,"left_observed_intervals":26,"right_observed_intervals":26,"full_window_comparable":true,"expected_intervals":26,"downloaders_all_delta_pp":0.0007468588026637631,"downloaders_all_observed_common_delta_pp":0.0007468588026637631,"downloaders_all_left_share":0.003483611440094433,"downloaders_all_right_share":0.0027367526374306697,"downloaders_without-hosting_delta_pp":0.0009583306068895206,"downloaders_without-hosting_observed_common_delta_pp":0.0009583306068895206,"downloaders_without-hosting_left_share":0.004148562972994498,"downloaders_without-hosting_right_share":0.003190232366104978,"uploaders_all_delta_pp":0.0003551034357143068,"uploaders_all_observed_common_delta_pp":0.0003551034357143068,"uploaders_all_left_share":0.000937518168372337,"uploaders_all_right_share":0.0005824147326580303,"uploaders_without-hosting_delta_pp":0.0005678884246109982,"uploaders_without-hosting_observed_common_delta_pp":0.0005678884246109982,"uploaders_without-hosting_left_share":0.00127355920904062,"uploaders_without-hosting_right_share":0.0007056707844296217},"geometry":{"type":"Polygon","coordinates":[[[131.65103653296956,33.322416393487266],[131.74585976981783,33.30090227068174],[131.76307354363615,33.22820653034471],[131.6854760016044,33.17702947810747],[131.59069349647848,33.19856789257891],[131.573467884711,33.27125899660329],[131.65103653296956,33.322416393487266]]]}},{"type":"Feature","properties":{"h3":"854b60c3fffffff","countries":["JPN"],"common_intervals":1,"left_observed_intervals":4,"right_observed_intervals":4,"full_window_comparable":false,"expected_intervals":26,"downloaders_all_delta_pp":null,"downloaders_all_observed_common_delta_pp":5.3041825349925105e-05,"downloaders_all_left_share":null,"downloaders_all_right_share":null,"downloaders_without-hosting_delta_pp":null,"downloaders_without-hosting_observed_common_delta_pp":6.767699806479159e-05,"downloaders_without-hosting_left_share":null,"downloaders_without-hosting_right_share":null,"uploaders_all_delta_pp":null,"uploaders_all_observed_common_delta_pp":0.0,"uploaders_all_left_share":null,"uploaders_all_right_share":null,"uploaders_without-hosting_delta_pp":null,"uploaders_without-hosting_observed_common_delta_pp":0.0,"uploaders_without-hosting_left_share":null,"uploaders_without-hosting_right_share":null},"geometry":{"type":"Polygon","coordinates":[[[131.5303922271968,33.0744249710741],[131.62513382411862,33.052861981137895],[131.64234853606905,32.979847205244766],[131.56483332812596,32.92840032217472],[131.47013281522305,32.94998817183425],[131.45290650916343,33.02299797355608],[131.5303922271968,33.0744249710741]]]}},{"type":"Feature","properties":{"h3":"854b6157fffffff","countries":["JPN"],"common_intervals":1,"left_observed_intervals":4,"right_observed_intervals":4,"full_window_comparable":false,"expected_intervals":26,"downloaders_all_delta_pp":null,"downloaders_all_observed_common_delta_pp":1.9941355715020188e-05,"downloaders_all_left_share":null,"downloaders_all_right_share":null,"downloaders_without-hosting_delta_pp":null,"downloaders_without-hosting_observed_common_delta_pp":2.8209590538725248e-05,"downloaders_without-hosting_left_share":null,"downloaders_without-hosting_right_share":null,"uploaders_all_delta_pp":null,"uploaders_all_observed_common_delta_pp":0.0,"uploaders_all_left_share":null,"uploaders_all_right_share":null,"uploaders_without-hosting_delta_pp":null,"uploaders_without-hosting_observed_common_delta_pp":0.0,"uploaders_without-hosting_left_share":null,"uploaders_without-hosting_right_share":null},"geometry":{"type":"Polygon","coordinates":[[[132.9635281320054,33.08649494973651],[133.0586615398145,33.06380016161409],[133.07575986124291,32.99043290550633],[132.99773920810537,32.939762900888105],[132.9026421599974,32.962479905654746],[132.88552948812458,33.03584462633099],[132.9635281320054,33.08649494973651]]]}},{"type":"Feature","properties":{"h3":"854b61b3fffffff","countries":["JPN"],"common_intervals":0,"left_observed_intervals":1,"right_observed_intervals":0,"full_window_comparable":false,"expected_intervals":26,"downloaders_all_delta_pp":null,"downloaders_all_observed_common_delta_pp":null,"downloaders_all_left_share":null,"downloaders_all_right_share":null,"downloaders_without-hosting_delta_pp":null,"downloaders_without-hosting_observed_common_delta_pp":null,"downloaders_without-hosting_left_share":null,"downloaders_without-hosting_right_share":null,"uploaders_all_delta_pp":null,"uploaders_all_observed_common_delta_pp":null,"uploaders_all_left_share":null,"uploaders_all_right_share":null,"uploaders_without-hosting_delta_pp":null,"uploaders_without-hosting_observed_common_delta_pp":null,"uploaders_without-hosting_left_share":null,"uploaders_without-hosting_right_share":null},"geometry":{"type":"Polygon","coordinates":[[[133.38094641479495,33.60692624019135],[133.47626529943238,33.5841949181238],[133.49334231620458,33.511469225332284],[133.41511570917874,33.46147643243814],[133.31983184222102,33.48422858749375],[133.3027396474984,33.556952630912726],[133.38094641479495,33.60692624019135]]]}},{"type":"Feature","properties":{"h3":"854b61b7fffffff","countries":["JPN"],"common_intervals":26,"left_observed_intervals":26,"right_observed_intervals":26,"full_window_comparable":true,"expected_intervals":26,"downloaders_all_delta_pp":0.0005729690127856152,"downloaders_all_observed_common_delta_pp":0.0005729690127856152,"downloaders_all_left_share":0.0033416983709235112,"downloaders_all_right_share":0.002768729358137896,"downloaders_without-hosting_delta_pp":0.0007472527093204093,"downloaders_without-hosting_observed_common_delta_pp":0.0007472527093204093,"downloaders_without-hosting_left_share":0.0039781751602500975,"downloaders_without-hosting_right_share":0.0032309224509296883,"uploaders_all_delta_pp":0.00045010499840694176,"uploaders_all_observed_common_delta_pp":0.00045010499840694176,"uploaders_all_left_share":0.0010570018789292216,"uploaders_all_right_share":0.0006068968805222798,"uploaders_without-hosting_delta_pp":0.0007260337399206837,"uploaders_without-hosting_observed_common_delta_pp":0.0007260337399206837,"uploaders_without-hosting_left_share":0.001472807938582827,"uploaders_without-hosting_right_share":0.0007467741986621432},"geometry":{"type":"Polygon","coordinates":[[[133.554528374291,33.63404722698393],[133.6428239014419,33.61523135520372],[133.65841871731672,33.574842891271686],[133.66694897262727,33.53846587961395],[133.5886669796206,33.48859442025497],[133.49334231620458,33.511469225332284],[133.47626529943238,33.5841949181238],[133.554528374291,33.63404722698393]]]}},{"type":"Feature","properties":{"h3":"854b61dbfffffff","countries":["JPN"],"common_intervals":25,"left_observed_intervals":25,"right_observed_intervals":26,"full_window_comparable":false,"expected_intervals":26,"downloaders_all_delta_pp":null,"downloaders_all_observed_common_delta_pp":0.0001302936681466022,"downloaders_all_left_share":null,"downloaders_all_right_share":null,"downloaders_without-hosting_delta_pp":null,"downloaders_without-hosting_observed_common_delta_pp":0.00016662169735206473,"downloaders_without-hosting_left_share":null,"downloaders_without-hosting_right_share":null,"uploaders_all_delta_pp":null,"uploaders_all_observed_common_delta_pp":8.374747015571454e-05,"uploaders_all_left_share":null,"uploaders_all_right_share":null,"uploaders_without-hosting_delta_pp":null,"uploaders_without-hosting_observed_common_delta_pp":0.00011976179052768199,"uploaders_without-hosting_left_share":null,"uploaders_without-hosting_right_share":null},"geometry":{"type":"Polygon","coordinates":[[[132.56603525915392,33.249374159181045],[132.66110131557775,33.22708798414261],[132.678239453625,33.15404974015605],[132.60032521501623,33.103300750617855],[132.50529687102022,33.12560965290538],[132.48814513617762,33.198644745841946],[132.56603525915392,33.249374159181045]]]}},{"type":"Feature","properties":{"h3":"854b6257fffffff","countries":["JPN"],"common_intervals":26,"left_observed_intervals":26,"right_observed_intervals":26,"full_window_comparable":true,"expected_intervals":26,"downloaders_all_delta_pp":0.00039236988459337766,"downloaders_all_observed_common_delta_pp":0.00039236988459337766,"downloaders_all_left_share":0.0020535916293805594,"downloaders_all_right_share":0.0016612217447871816,"downloaders_without-hosting_delta_pp":0.0005035375720849623,"downloaders_without-hosting_observed_common_delta_pp":0.0005035375720849623,"downloaders_without-hosting_left_share":0.0024401370197511354,"downloaders_without-hosting_right_share":0.001936599447666173,"uploaders_all_delta_pp":0.00044389327148803296,"uploaders_all_observed_common_delta_pp":0.00044389327148803296,"uploaders_all_left_share":0.0007699096312132148,"uploaders_all_right_share":0.000326016359725182,"uploaders_without-hosting_delta_pp":0.0006615504379814151,"uploaders_without-hosting_observed_common_delta_pp":0.0006615504379814151,"uploaders_without-hosting_left_share":0.001080364045998276,"uploaders_without-hosting_right_share":0.0004188136080168608},"geometry":{"type":"Polygon","coordinates":[[[131.33280381795032,32.005180685223316],[131.42729411659926,31.983150334212617],[131.44448893416762,31.908695151322622],[131.36720470353268,31.85627622836469],[131.27275595931826,31.8783332524985],[131.25554997369792,31.95278245400524],[131.33280381795032,32.005180685223316]]]}},{"type":"Feature","properties":{"h3":"854b625bfffffff","countries":["JPN"],"common_intervals":25,"left_observed_intervals":26,"right_observed_intervals":25,"full_window_comparable":false,"expected_intervals":26,"downloaders_all_delta_pp":null,"downloaders_all_observed_common_delta_pp":0.0001184064098652284,"downloaders_all_left_share":null,"downloaders_all_right_share":null,"downloaders_without-hosting_delta_pp":null,"downloaders_without-hosting_observed_common_delta_pp":0.0001487829280916673,"downloaders_without-hosting_left_share":null,"downloaders_without-hosting_right_share":null,"uploaders_all_delta_pp":null,"uploaders_all_observed_common_delta_pp":7.206181423957892e-05,"uploaders_all_left_share":null,"uploaders_all_right_share":null,"uploaders_without-hosting_delta_pp":null,"uploaders_without-hosting_observed_common_delta_pp":0.00010193337720563897,"uploaders_without-hosting_left_share":null,"uploaders_without-hosting_right_share":null},"geometry":{"type":"Polygon","coordinates":[[[131.10115744476556,31.84774440268595],[131.19554410574935,31.825803819170606],[131.2127502347071,31.751196653517983],[131.135580501141,31.698536505983522],[131.04123610800164,31.72050442802013],[131.02401926285444,31.795105086589484],[131.10115744476556,31.84774440268595]]]}},{"type":"Feature","properties":{"h3":"854b6287fffffff","countries":["JPN"],"common_intervals":4,"left_observed_intervals":7,"right_observed_intervals":6,"full_window_comparable":false,"expected_intervals":26,"downloaders_all_delta_pp":null,"downloaders_all_observed_common_delta_pp":-1.8666497203620388e-05,"downloaders_all_left_share":null,"downloaders_all_right_share":null,"downloaders_without-hosting_delta_pp":null,"downloaders_without-hosting_observed_common_delta_pp":-2.036771763363934e-05,"downloaders_without-hosting_left_share":null,"downloaders_without-hosting_right_share":null,"uploaders_all_delta_pp":null,"uploaders_all_observed_common_delta_pp":0.0,"uploaders_all_left_share":null,"uploaders_all_right_share":null,"uploaders_without-hosting_delta_pp":null,"uploaders_without-hosting_observed_common_delta_pp":0.0,"uploaders_without-hosting_left_share":null,"uploaders_without-hosting_right_share":null},"geometry":{"type":"Polygon","coordinates":[[[131.57341483218772,32.50966539336882],[131.6680696120804,32.48773890993505],[131.68526294862113,32.41391825163824],[131.60781324034065,32.36202923952938],[131.5131993189541,32.3839812667343],[131.49599433000358,32.45779669024565],[131.57341483218772,32.50966539336882]]]}},{"type":"Feature","properties":{"h3":"854b628ffffffff","countries":["JPN"],"common_intervals":0,"left_observed_intervals":0,"right_observed_intervals":1,"full_window_comparable":false,"expected_intervals":26,"downloaders_all_delta_pp":null,"downloaders_all_observed_common_delta_pp":null,"downloaders_all_left_share":null,"downloaders_all_right_share":null,"downloaders_without-hosting_delta_pp":null,"downloaders_without-hosting_observed_common_delta_pp":null,"downloaders_without-hosting_left_share":null,"downloaders_without-hosting_right_share":null,"uploaders_all_delta_pp":null,"uploaders_all_observed_common_delta_pp":null,"uploaders_all_left_share":null,"uploaders_all_right_share":null,"uploaders_without-hosting_delta_pp":null,"uploaders_without-hosting_observed_common_delta_pp":null,"uploaders_without-hosting_left_share":null,"uploaders_without-hosting_right_share":null},"geometry":{"type":"Polygon","coordinates":[[[131.5131993189541,32.3839812667343],[131.60781324034065,32.36202923952938],[131.62500701106342,32.288049681610204],[131.5475984740635,32.236027495769726],[131.45302558616282,32.258005348611704],[131.43582028437237,32.331979489512555],[131.5131993189541,32.3839812667343]]]}},{"type":"Feature","properties":{"h3":"854b62cbfffffff","countries":["JPN"],"common_intervals":0,"left_observed_intervals":0,"right_observed_intervals":1,"full_window_comparable":false,"expected_intervals":26,"downloaders_all_delta_pp":null,"downloaders_all_observed_common_delta_pp":null,"downloaders_all_left_share":null,"downloaders_all_right_share":null,"downloaders_without-hosting_delta_pp":null,"downloaders_without-hosting_observed_common_delta_pp":null,"downloaders_without-hosting_left_share":null,"downloaders_without-hosting_right_share":null,"uploaders_all_delta_pp":null,"uploaders_all_observed_common_delta_pp":null,"uploaders_all_left_share":null,"uploaders_all_right_share":null,"uploaders_without-hosting_delta_pp":null,"uploaders_without-hosting_observed_common_delta_pp":null,"uploaders_without-hosting_left_share":null,"uploaders_without-hosting_right_share":null},"geometry":{"type":"Polygon","coordinates":[[[131.0494964002808,32.07075076659938],[131.14390445841119,32.04898090557819],[131.16112121558896,31.974695984354273],[131.08394062256858,31.922187293978613],[130.9895750308806,31.943984302719876],[130.9723476481288,32.01826278191087],[131.0494964002808,32.07075076659938]]]}},{"type":"Feature","properties":{"h3":"854b6403fffffff","countries":["JPN"],"common_intervals":10,"left_observed_intervals":16,"right_observed_intervals":16,"full_window_comparable":false,"expected_intervals":26,"downloaders_all_delta_pp":null,"downloaders_all_observed_common_delta_pp":2.414763651617315e-05,"downloaders_all_left_share":null,"downloaders_all_right_share":null,"downloaders_without-hosting_delta_pp":null,"downloaders_without-hosting_observed_common_delta_pp":3.503397374897406e-05,"downloaders_without-hosting_left_share":null,"downloaders_without-hosting_right_share":null,"uploaders_all_delta_pp":null,"uploaders_all_observed_common_delta_pp":0.0,"uploaders_all_left_share":null,"uploaders_all_right_share":null,"uploaders_without-hosting_delta_pp":null,"uploaders_without-hosting_observed_common_delta_pp":0.0,"uploaders_without-hosting_left_share":null,"uploaders_without-hosting_right_share":null},"geometry":{"type":"Polygon","coordinates":[[[131.20295957707904,33.69616550375247],[131.2977077607815,33.67523076592095],[131.31496644164133,33.60319218513434],[131.23748800986317,33.55209341133824],[131.14278206190698,33.57305271768808],[131.12551239313723,33.645086159114584],[131.20295957707904,33.69616550375247]]]}},{"type":"Feature","properties":{"h3":"854b642bfffffff","countries":["JPN"],"common_intervals":0,"left_observed_intervals":6,"right_observed_intervals":4,"full_window_comparable":false,"expected_intervals":26,"downloaders_all_delta_pp":null,"downloaders_all_observed_common_delta_pp":null,"downloaders_all_left_share":null,"downloaders_all_right_share":null,"downloaders_without-hosting_delta_pp":null,"downloaders_without-hosting_observed_common_delta_pp":null,"downloaders_without-hosting_left_share":null,"downloaders_without-hosting_right_share":null,"uploaders_all_delta_pp":null,"uploaders_all_observed_common_delta_pp":null,"uploaders_all_left_share":null,"uploaders_all_right_share":null,"uploaders_without-hosting_delta_pp":null,"uploaders_without-hosting_observed_common_delta_pp":null,"uploaders_without-hosting_left_share":null,"uploaders_without-hosting_right_share":null},"geometry":{"type":"Polygon","coordinates":[[[131.5993500095284,33.539687252971596],[131.69419650004298,33.51834185803306],[131.71142124607601,33.445969945831486],[131.63381133259597,33.39494795977447],[131.53900577511268,33.41631743359123],[131.52176928122475,33.48868474390893],[131.5993500095284,33.539687252971596]]]}},{"type":"Feature","properties":{"h3":"854b6443fffffff","countries":["JPN"],"common_intervals":26,"left_observed_intervals":26,"right_observed_intervals":26,"full_window_comparable":true,"expected_intervals":26,"downloaders_all_delta_pp":0.000252843888034639,"downloaders_all_observed_common_delta_pp":0.000252843888034639,"downloaders_all_left_share":0.0010017618733148919,"downloaders_all_right_share":0.0007489179852802528,"downloaders_without-hosting_delta_pp":0.0003171920095142633,"downloaders_without-hosting_observed_common_delta_pp":0.0003171920095142633,"downloaders_without-hosting_left_share":0.0011924439929633516,"downloaders_without-hosting_right_share":0.0008752519834490884,"uploaders_all_delta_pp":1.3718167146965502e-05,"uploaders_all_observed_common_delta_pp":1.3718167146965502e-05,"uploaders_all_left_share":0.00011886111368627563,"uploaders_all_right_share":0.00010514294653931011,"uploaders_without-hosting_delta_pp":3.741953293506067e-05,"uploaders_without-hosting_observed_common_delta_pp":3.741953293506067e-05,"uploaders_without-hosting_left_share":0.00017064906080049974,"uploaders_without-hosting_right_share":0.00013322952786543906},"geometry":{"type":"Polygon","coordinates":[[[130.91068601832436,33.419162578643515],[131.00528529200315,33.39829821269119],[131.02255502311044,33.325946457374826],[130.94523597436518,33.27446476491821],[130.8506798232369,33.295354644399055],[130.83339968124716,33.36770063239449],[130.91068601832436,33.419162578643515]]]}},{"type":"Feature","properties":{"h3":"854b645bfffffff","countries":["JPN"],"common_intervals":0,"left_observed_intervals":0,"right_observed_intervals":1,"full_window_comparable":false,"expected_intervals":26,"downloaders_all_delta_pp":null,"downloaders_all_observed_common_delta_pp":null,"downloaders_all_left_share":null,"downloaders_all_right_share":null,"downloaders_without-hosting_delta_pp":null,"downloaders_without-hosting_observed_common_delta_pp":null,"downloaders_without-hosting_left_share":null,"downloaders_without-hosting_right_share":null,"uploaders_all_delta_pp":null,"uploaders_all_observed_common_delta_pp":null,"uploaders_all_left_share":null,"uploaders_all_right_share":null,"uploaders_without-hosting_delta_pp":null,"uploaders_without-hosting_observed_common_delta_pp":null,"uploaders_without-hosting_left_share":null,"uploaders_without-hosting_right_share":null},"geometry":{"type":"Polygon","coordinates":[[[130.73886630199786,33.38844551499929],[130.83339968124716,33.36770063239449],[130.8506798232369,33.295354644399055],[130.77343674602093,33.24375952673944],[130.67894702756672,33.26453028668841],[130.661656808404,33.33687021661026],[130.73886630199786,33.38844551499929]]]}},{"type":"Feature","properties":{"h3":"854b646ffffffff","countries":["JPN"],"common_intervals":23,"left_observed_intervals":24,"right_observed_intervals":25,"full_window_comparable":false,"expected_intervals":26,"downloaders_all_delta_pp":null,"downloaders_all_observed_common_delta_pp":1.5185365403791795e-05,"downloaders_all_left_share":null,"downloaders_all_right_share":null,"downloaders_without-hosting_delta_pp":null,"downloaders_without-hosting_observed_common_delta_pp":2.558542541594879e-05,"downloaders_without-hosting_left_share":null,"downloaders_without-hosting_right_share":null,"uploaders_all_delta_pp":null,"uploaders_all_observed_common_delta_pp":2.7839661910046053e-05,"uploaders_all_left_share":null,"uploaders_all_right_share":null,"uploaders_without-hosting_delta_pp":null,"uploaders_without-hosting_observed_common_delta_pp":3.840004720898462e-05,"uploaders_without-hosting_left_share":null,"uploaders_without-hosting_right_share":null},"geometry":{"type":"Polygon","coordinates":[[[131.47870343649322,33.292652834530045],[131.573467884711,33.27125899660329],[131.59069349647848,33.19856789257891],[131.51316624689613,33.147275489317465],[131.41844308350878,33.16869397707685],[131.40120596788793,33.241380147310615],[131.47870343649322,33.292652834530045]]]}},{"type":"Feature","properties":{"h3":"854b6473fffffff","countries":["JPN"],"common_intervals":5,"left_observed_intervals":10,"right_observed_intervals":9,"full_window_comparable":false,"expected_intervals":26,"downloaders_all_delta_pp":null,"downloaders_all_observed_common_delta_pp":-1.4716912285005391e-05,"downloaders_all_left_share":null,"downloaders_all_right_share":null,"downloaders_without-hosting_delta_pp":null,"downloaders_without-hosting_observed_common_delta_pp":-1.0610273978141344e-05,"downloaders_without-hosting_left_share":null,"downloaders_without-hosting_right_share":null,"uploaders_all_delta_pp":null,"uploaders_all_observed_common_delta_pp":3.86318797059612e-05,"uploaders_all_left_share":null,"uploaders_all_right_share":null,"uploaders_without-hosting_delta_pp":null,"uploaders_without-hosting_observed_common_delta_pp":4.7380490475524206e-05,"uploaders_without-hosting_left_share":null,"uploaders_without-hosting_right_share":null},"geometry":{"type":"Polygon","coordinates":[[[131.25474686473015,33.47989544976686],[131.3494730337685,33.45879117366936],[131.3667209410204,33.38642875695113],[131.2892538413111,33.33517573086085],[131.1945697072752,33.35630479897349],[131.17731072100932,33.428662030611676],[131.25474686473015,33.47989544976686]]]}},{"type":"Feature","properties":{"h3":"854b6487fffffff","countries":["JPN"],"common_intervals":26,"left_observed_intervals":26,"right_observed_intervals":26,"full_window_comparable":true,"expected_intervals":26,"downloaders_all_delta_pp":0.00011822798061403258,"downloaders_all_observed_common_delta_pp":0.00011822798061403258,"downloaders_all_left_share":0.0005359425487810055,"downloaders_all_right_share":0.00041771456816697285,"downloaders_without-hosting_delta_pp":0.00014988714079126577,"downloaders_without-hosting_observed_common_delta_pp":0.00014988714079126577,"downloaders_without-hosting_left_share":0.0006375465149870245,"downloaders_without-hosting_right_share":0.00048765937419575884,"uploaders_all_delta_pp":9.109157697674036e-05,"uploaders_all_observed_common_delta_pp":9.109157697674036e-05,"uploaders_all_left_share":0.0001248994622302325,"uploaders_all_right_share":3.3807885253492144e-05,"uploaders_without-hosting_delta_pp":0.0001234445002199533,"uploaders_without-hosting_observed_common_delta_pp":0.0001234445002199533,"uploaders_without-hosting_left_share":0.0001629889809114444,"uploaders_without-hosting_right_share":3.9544480691491073e-05},"geometry":{"type":"Polygon","coordinates":[[[131.21136058913854,34.0338042699659],[131.3061729050828,34.0130630688163],[131.3234421612214,33.941507879791615],[131.24591020318195,33.890698754852906],[131.15114015068875,33.91146400365228],[131.13385987610198,33.983014260048215],[131.21136058913854,34.0338042699659]]]}},{"type":"Feature","properties":{"h3":"854b648bfffffff","countries":["JPN"],"common_intervals":2,"left_observed_intervals":6,"right_observed_intervals":5,"full_window_comparable":false,"expected_intervals":26,"downloaders_all_delta_pp":null,"downloaders_all_observed_common_delta_pp":-2.8387111371250924e-05,"downloaders_all_left_share":null,"downloaders_all_right_share":null,"downloaders_without-hosting_delta_pp":null,"downloaders_without-hosting_observed_common_delta_pp":-2.0799000325654924e-05,"downloaders_without-hosting_left_share":null,"downloaders_without-hosting_right_share":null,"uploaders_all_delta_pp":null,"uploaders_all_observed_common_delta_pp":0.0,"uploaders_all_left_share":null,"uploaders_all_right_share":null,"uploaders_without-hosting_delta_pp":null,"uploaders_without-hosting_observed_common_delta_pp":0.0,"uploaders_without-hosting_left_share":null,"uploaders_without-hosting_right_share":null},"geometry":{"type":"Polygon","coordinates":[[[130.9789757269581,33.8811831543956],[131.07368205442518,33.8605388209897],[131.09096238735273,33.78882921348185],[131.01354703766322,33.737769243317715],[130.9188836916368,33.758438270993764],[130.90159279704366,33.830142504785684],[130.9789757269581,33.8811831543956]]]}},{"type":"Feature","properties":{"h3":"854b649bfffffff","countries":["JPN"],"common_intervals":26,"left_observed_intervals":26,"right_observed_intervals":26,"full_window_comparable":true,"expected_intervals":26,"downloaders_all_delta_pp":0.0010232389807296937,"downloaders_all_observed_common_delta_pp":0.0010232389807296937,"downloaders_all_left_share":0.007238089769698546,"downloaders_all_right_share":0.006214850788968853,"downloaders_without-hosting_delta_pp":0.0013606536799316649,"downloaders_without-hosting_observed_common_delta_pp":0.0013606536799316649,"downloaders_without-hosting_left_share":0.00861300228097281,"downloaders_without-hosting_right_share":0.007252348601041148,"uploaders_all_delta_pp":0.0012055020859407888,"uploaders_all_observed_common_delta_pp":0.0012055020859407888,"uploaders_all_left_share":0.002085973922388182,"uploaders_all_right_share":0.000880471836447393,"uploaders_without-hosting_delta_pp":0.0017260399541114046,"uploaders_without-hosting_observed_common_delta_pp":0.0017260399541114046,"uploaders_without-hosting_left_share":0.0028143578809051556,"uploaders_without-hosting_right_share":0.0010883179267937512},"geometry":{"type":"Polygon","coordinates":[[[130.8670004499086,33.97322718097019],[130.96168476912325,33.952728201034375],[130.9789757269581,33.8811831543956],[130.90159279704366,33.830142504785684],[130.8069518304788,33.850666238786324],[130.7896505243722,33.92220579876888],[130.8670004499086,33.97322718097019]]]}},{"type":"Feature","properties":{"h3":"854b64b7fffffff","countries":["JPN"],"common_intervals":6,"left_observed_intervals":14,"right_observed_intervals":14,"full_window_comparable":false,"expected_intervals":26,"downloaders_all_delta_pp":null,"downloaders_all_observed_common_delta_pp":4.320719507467812e-05,"downloaders_all_left_share":null,"downloaders_all_right_share":null,"downloaders_without-hosting_delta_pp":null,"downloaders_without-hosting_observed_common_delta_pp":5.410086106631472e-05,"downloaders_without-hosting_left_share":null,"downloaders_without-hosting_right_share":null,"uploaders_all_delta_pp":null,"uploaders_all_observed_common_delta_pp":0.00021648114232769184,"uploaders_all_left_share":null,"uploaders_all_right_share":null,"uploaders_without-hosting_delta_pp":null,"uploaders_without-hosting_observed_common_delta_pp":0.00034402565055250523,"uploaders_without-hosting_left_share":null,"uploaders_without-hosting_right_share":null},"geometry":{"type":"Polygon","coordinates":[[[131.5562671700324,34.09343002890742],[131.65120089496992,34.07244538085654],[131.66844710789925,34.00088115886412],[131.5907713686712,33.950305892802014],[131.4958788034515,33.971313890664675],[131.47862090114845,34.0428737349629],[131.5562671700324,34.09343002890742]]]}},{"type":"Feature","properties":{"h3":"854b64c3fffffff","countries":["JPN"],"common_intervals":21,"left_observed_intervals":26,"right_observed_intervals":21,"full_window_comparable":false,"expected_intervals":26,"downloaders_all_delta_pp":null,"downloaders_all_observed_common_delta_pp":6.697749204899277e-05,"downloaders_all_left_share":null,"downloaders_all_right_share":null,"downloaders_without-hosting_delta_pp":null,"downloaders_without-hosting_observed_common_delta_pp":8.414108021576579e-05,"downloaders_without-hosting_left_share":null,"downloaders_without-hosting_right_share":null,"uploaders_all_delta_pp":null,"uploaders_all_observed_common_delta_pp":0.00044666253424855773,"uploaders_all_left_share":null,"uploaders_all_right_share":null,"uploaders_without-hosting_delta_pp":null,"uploaders_without-hosting_observed_common_delta_pp":0.0006501746858627125,"uploaders_without-hosting_left_share":null,"uploaders_without-hosting_right_share":null},"geometry":{"type":"Polygon","coordinates":[[[130.74694648575905,33.72781213968186],[130.8415439297713,33.707263354815325],[130.85883471878427,33.63540003212122],[130.78153825271764,33.58409124727721],[130.68698450047413,33.60466538034053],[130.66968360556308,33.67652288019503],[130.74694648575905,33.72781213968186]]]}},{"type":"Feature","properties":{"h3":"854b64c7fffffff","countries":["JPN"],"common_intervals":0,"left_observed_intervals":1,"right_observed_intervals":1,"full_window_comparable":false,"expected_intervals":26,"downloaders_all_delta_pp":null,"downloaders_all_observed_common_delta_pp":null,"downloaders_all_left_share":null,"downloaders_all_right_share":null,"downloaders_without-hosting_delta_pp":null,"downloaders_without-hosting_observed_common_delta_pp":null,"downloaders_without-hosting_left_share":null,"downloaders_without-hosting_right_share":null,"uploaders_all_delta_pp":null,"uploaders_all_observed_common_delta_pp":null,"uploaders_all_left_share":null,"uploaders_all_right_share":null,"uploaders_without-hosting_delta_pp":null,"uploaders_without-hosting_observed_common_delta_pp":null,"uploaders_without-hosting_left_share":null,"uploaders_without-hosting_right_share":null},"geometry":{"type":"Polygon","coordinates":[[[130.9188836916368,33.758438270993764],[131.01354703766322,33.737769243317715],[131.03082738641058,33.665900380107395],[130.95345491250464,33.61470601516505],[130.85883471878427,33.63540003212122],[130.8415439297713,33.707263354815325],[130.9188836916368,33.758438270993764]]]}},{"type":"Feature","properties":{"h3":"854b64d3fffffff","countries":["JPN"],"common_intervals":24,"left_observed_intervals":26,"right_observed_intervals":24,"full_window_comparable":false,"expected_intervals":26,"downloaders_all_delta_pp":null,"downloaders_all_observed_common_delta_pp":5.4892792626228414e-05,"downloaders_all_left_share":null,"downloaders_all_right_share":null,"downloaders_without-hosting_delta_pp":null,"downloaders_without-hosting_observed_common_delta_pp":7.245722211084328e-05,"downloaders_without-hosting_left_share":null,"downloaders_without-hosting_right_share":null,"uploaders_all_delta_pp":null,"uploaders_all_observed_common_delta_pp":3.6792360648262464e-05,"uploaders_all_left_share":null,"uploaders_all_right_share":null,"uploaders_without-hosting_delta_pp":null,"uploaders_without-hosting_observed_common_delta_pp":6.37539849756684e-05,"uploaders_without-hosting_left_share":null,"uploaders_without-hosting_right_share":null},"geometry":{"type":"Polygon","coordinates":[[[130.63507138676795,33.81991417807694],[130.7296453641743,33.79951072014965],[130.74694648575905,33.72781213968186],[130.66968360556308,33.67652288019503],[130.57515368807796,33.696951747640576],[130.55784267390348,33.76864439541194],[130.63507138676795,33.81991417807694]]]}},{"type":"Feature","properties":{"h3":"854b6523fffffff","countries":["JPN"],"common_intervals":0,"left_observed_intervals":1,"right_observed_intervals":5,"full_window_comparable":false,"expected_intervals":26,"downloaders_all_delta_pp":null,"downloaders_all_observed_common_delta_pp":null,"downloaders_all_left_share":null,"downloaders_all_right_share":null,"downloaders_without-hosting_delta_pp":null,"downloaders_without-hosting_observed_common_delta_pp":null,"downloaders_without-hosting_left_share":null,"downloaders_without-hosting_right_share":null,"uploaders_all_delta_pp":null,"uploaders_all_observed_common_delta_pp":null,"uploaders_all_left_share":null,"uploaders_all_right_share":null,"uploaders_without-hosting_delta_pp":null,"uploaders_without-hosting_observed_common_delta_pp":null,"uploaders_without-hosting_left_share":null,"uploaders_without-hosting_right_share":null},"geometry":{"type":"Polygon","coordinates":[[[132.87032458279853,33.86371772432284],[132.96557641295988,33.84154115388434],[132.98270819489682,33.76930603309024],[132.90460244370195,33.71924982313246],[132.8093873943672,33.74144777877157],[132.79224139859346,33.813680488254654],[132.87032458279853,33.86371772432284]]]}},{"type":"Feature","properties":{"h3":"854b652ffffffff","countries":["JPN"],"common_intervals":0,"left_observed_intervals":0,"right_observed_intervals":1,"full_window_comparable":false,"expected_intervals":26,"downloaders_all_delta_pp":null,"downloaders_all_observed_common_delta_pp":null,"downloaders_all_left_share":null,"downloaders_all_right_share":null,"downloaders_without-hosting_delta_pp":null,"downloaders_without-hosting_observed_common_delta_pp":null,"downloaders_without-hosting_left_share":null,"downloaders_without-hosting_right_share":null,"uploaders_all_delta_pp":null,"uploaders_all_observed_common_delta_pp":null,"uploaders_all_left_share":null,"uploaders_all_right_share":null,"uploaders_without-hosting_delta_pp":null,"uploaders_without-hosting_observed_common_delta_pp":null,"uploaders_without-hosting_left_share":null,"uploaders_without-hosting_right_share":null},"geometry":{"type":"Polygon","coordinates":[[[132.98270819489682,33.76930603309024],[133.07796913501312,33.74698528843455],[133.0950878517321,33.67458708983275],[133.01696013589486,33.62451182494451],[132.9217355848664,33.64685388470027],[132.90460244370195,33.71924982313246],[132.98270819489682,33.76930603309024]]]}},{"type":"Feature","properties":{"h3":"854b6533fffffff","countries":["JPN"],"common_intervals":26,"left_observed_intervals":26,"right_observed_intervals":26,"full_window_comparable":true,"expected_intervals":26,"downloaders_all_delta_pp":0.0006514196716037197,"downloaders_all_observed_common_delta_pp":0.0006514196716037197,"downloaders_all_left_share":0.0035682735749203278,"downloaders_all_right_share":0.0029168539033166065,"downloaders_without-hosting_delta_pp":0.0008440862817288801,"downloaders_without-hosting_observed_common_delta_pp":0.0008440862817288801,"downloaders_without-hosting_left_share":0.004247390951018605,"downloaders_without-hosting_right_share":0.0034033046692897246,"uploaders_all_delta_pp":0.000922663117954548,"uploaders_all_observed_common_delta_pp":0.000922663117954548,"uploaders_all_left_share":0.0011597888317699426,"uploaders_all_right_share":0.00023712571381539463,"uploaders_without-hosting_delta_pp":0.0013388852444731006,"uploaders_without-hosting_observed_common_delta_pp":0.0013388852444731006,"uploaders_without-hosting_left_share":0.0016280860325104357,"uploaders_without-hosting_right_share":0.000289200788037335},"geometry":{"type":"Polygon","coordinates":[[[132.75793788002366,33.95782189726417],[132.8531798665881,33.93578967322402],[132.87032458279853,33.86371772432284],[132.79224139859346,33.813680488254654],[132.6970365837791,33.83573416544677],[132.67987786468677,33.9078035548433],[132.75793788002366,33.95782189726417]]]}},{"type":"Feature","properties":{"h3":"854b653bfffffff","countries":["JPN"],"common_intervals":0,"left_observed_intervals":0,"right_observed_intervals":2,"full_window_comparable":false,"expected_intervals":26,"downloaders_all_delta_pp":null,"downloaders_all_observed_common_delta_pp":null,"downloaders_all_left_share":null,"downloaders_all_right_share":null,"downloaders_without-hosting_delta_pp":null,"downloaders_without-hosting_observed_common_delta_pp":null,"downloaders_without-hosting_left_share":null,"downloaders_without-hosting_right_share":null,"uploaders_all_delta_pp":null,"uploaders_all_observed_common_delta_pp":null,"uploaders_all_left_share":null,"uploaders_all_right_share":null,"uploaders_without-hosting_delta_pp":null,"uploaders_without-hosting_observed_common_delta_pp":null,"uploaders_without-hosting_left_share":null,"uploaders_without-hosting_right_share":null},"geometry":{"type":"Polygon","coordinates":[[[132.6970365837791,33.83573416544677],[132.79224139859346,33.813680488254654],[132.8093873943672,33.74144777877157],[132.731342537774,33.69127137740513],[132.6361750814721,33.71334677700323],[132.61901520647393,33.7855767846968],[132.6970365837791,33.83573416544677]]]}},{"type":"Feature","properties":{"h3":"854b6563fffffff","countries":["JPN"],"common_intervals":1,"left_observed_intervals":5,"right_observed_intervals":4,"full_window_comparable":false,"expected_intervals":26,"downloaders_all_delta_pp":null,"downloaders_all_observed_common_delta_pp":3.864779765437313e-05,"downloaders_all_left_share":null,"downloaders_all_right_share":null,"downloaders_without-hosting_delta_pp":null,"downloaders_without-hosting_observed_common_delta_pp":4.933114028133679e-05,"downloaders_without-hosting_left_share":null,"downloaders_without-hosting_right_share":null,"uploaders_all_delta_pp":null,"uploaders_all_observed_common_delta_pp":0.0,"uploaders_all_left_share":null,"uploaders_all_right_share":null,"uploaders_without-hosting_delta_pp":null,"uploaders_without-hosting_observed_common_delta_pp":0.0,"uploaders_without-hosting_left_share":null,"uploaders_without-hosting_right_share":null},"geometry":{"type":"Polygon","coordinates":[[[132.57535347132244,33.59066017509146],[132.67048338299168,33.56856278324452],[132.68763180591102,33.49600881535567],[132.60966403262125,33.445555162922474],[132.5145718510618,33.467674817431046],[132.49740979581406,33.54022579054857],[132.57535347132244,33.59066017509146]]]}},{"type":"Feature","properties":{"h3":"854b657bfffffff","countries":["JPN"],"common_intervals":5,"left_observed_intervals":11,"right_observed_intervals":13,"full_window_comparable":false,"expected_intervals":26,"downloaders_all_delta_pp":null,"downloaders_all_observed_common_delta_pp":0.00011943101483480808,"downloaders_all_left_share":null,"downloaders_all_right_share":null,"downloaders_without-hosting_delta_pp":null,"downloaders_without-hosting_observed_common_delta_pp":0.00014319596453466217,"downloaders_without-hosting_left_share":null,"downloaders_without-hosting_right_share":null,"uploaders_all_delta_pp":null,"uploaders_all_observed_common_delta_pp":9.799129363066971e-06,"uploaders_all_left_share":null,"uploaders_all_right_share":null,"uploaders_without-hosting_delta_pp":null,"uploaders_without-hosting_observed_common_delta_pp":1.2981556963211038e-05,"uploaders_without-hosting_left_share":null,"uploaders_without-hosting_right_share":null},"geometry":{"type":"Polygon","coordinates":[[[132.40232974659645,33.56220120933193],[132.49740979581406,33.54022579054857],[132.5145718510618,33.467674817431046],[132.43666723818464,33.41710248257904],[132.34162549059505,33.43910050864332],[132.32445013740082,33.51164819116846],[132.40232974659645,33.56220120933193]]]}},{"type":"Feature","properties":{"h3":"854b6583fffffff","countries":["JPN"],"common_intervals":20,"left_observed_intervals":24,"right_observed_intervals":22,"full_window_comparable":false,"expected_intervals":26,"downloaders_all_delta_pp":null,"downloaders_all_observed_common_delta_pp":2.836024114655379e-05,"downloaders_all_left_share":null,"downloaders_all_right_share":null,"downloaders_without-hosting_delta_pp":null,"downloaders_without-hosting_observed_common_delta_pp":3.884865898361423e-05,"downloaders_without-hosting_left_share":null,"downloaders_without-hosting_right_share":null,"uploaders_all_delta_pp":null,"uploaders_all_observed_common_delta_pp":0.00013543759540755353,"uploaders_all_left_share":null,"uploaders_all_right_share":null,"uploaders_without-hosting_delta_pp":null,"uploaders_without-hosting_observed_common_delta_pp":0.0001773388766734354,"uploaders_without-hosting_left_share":null,"uploaders_without-hosting_right_share":null},"geometry":{"type":"Polygon","coordinates":[[[132.2476244201373,34.20979970917389],[132.34278097283425,34.18832473214555],[132.3599770711583,34.11674577955984],[132.28202973255725,34.06664499915208],[132.18691209011763,34.088141957039234],[132.16970295949523,34.159717644436384],[132.2476244201373,34.20979970917389]]]}},{"type":"Feature","properties":{"h3":"854b65b3fffffff","countries":["JPN"],"common_intervals":26,"left_observed_intervals":26,"right_observed_intervals":26,"full_window_comparable":true,"expected_intervals":26,"downloaders_all_delta_pp":0.00010850973002552323,"downloaders_all_observed_common_delta_pp":0.00010850973002552323,"downloaders_all_left_share":0.0004125992968750043,"downloaders_all_right_share":0.00030408956684948105,"downloaders_without-hosting_delta_pp":0.0001356756422298753,"downloaders_without-hosting_observed_common_delta_pp":0.0001356756422298753,"downloaders_without-hosting_left_share":0.0004910621729716463,"downloaders_without-hosting_right_share":0.000355386530741771,"uploaders_all_delta_pp":8.066614264445906e-05,"uploaders_all_observed_common_delta_pp":8.066614264445906e-05,"uploaders_all_left_share":8.066614264445906e-05,"uploaders_all_right_share":0.0,"uploaders_without-hosting_delta_pp":0.00011605173336889197,"uploaders_without-hosting_observed_common_delta_pp":0.00011605173336889197,"uploaders_without-hosting_left_share":0.00011605173336889197,"uploaders_without-hosting_right_share":0.0},"geometry":{"type":"Polygon","coordinates":[[[132.65440002662535,34.13999337885496],[132.62837876061423,34.12336365164491],[132.5331586614633,34.145106697716216],[132.51597593117637,34.21668863683063],[132.57165619771212,34.27899944499119],[132.65958332577546,34.26143990811779],[132.69162831066976,34.18149772845069],[132.65440002662535,34.13999337885496]]]}},{"type":"Feature","properties":{"h3":"854b65d3fffffff","countries":["JPN"],"common_intervals":14,"left_observed_intervals":19,"right_observed_intervals":19,"full_window_comparable":false,"expected_intervals":26,"downloaders_all_delta_pp":null,"downloaders_all_observed_common_delta_pp":6.010436996692588e-06,"downloaders_all_left_share":null,"downloaders_all_right_share":null,"downloaders_without-hosting_delta_pp":null,"downloaders_without-hosting_observed_common_delta_pp":1.2443005744259648e-05,"downloaders_without-hosting_left_share":null,"downloaders_without-hosting_right_share":null,"uploaders_all_delta_pp":null,"uploaders_all_observed_common_delta_pp":2.1837522716483004e-05,"uploaders_all_left_share":null,"uploaders_all_right_share":null,"uploaders_without-hosting_delta_pp":null,"uploaders_without-hosting_observed_common_delta_pp":2.6994414855566386e-05,"uploaders_without-hosting_left_share":null,"uploaders_without-hosting_right_share":null},"geometry":{"type":"Polygon","coordinates":[[[131.84114409099408,34.03020882184726],[131.9361525379344,34.00895690064363],[131.95337503543223,33.937224626735954],[131.8756014072376,33.886748176182195],[131.78063318171496,33.908023040657575],[131.76339844636738,33.97975134232898],[131.84114409099408,34.03020882184726]]]}},{"type":"Feature","properties":{"h3":"854b65d7fffffff","countries":["JPN"],"common_intervals":2,"left_observed_intervals":6,"right_observed_intervals":9,"full_window_comparable":false,"expected_intervals":26,"downloaders_all_delta_pp":null,"downloaders_all_observed_common_delta_pp":6.173271484889274e-05,"downloaders_all_left_share":null,"downloaders_all_right_share":null,"downloaders_without-hosting_delta_pp":null,"downloaders_without-hosting_observed_common_delta_pp":5.254228108478449e-05,"downloaders_without-hosting_left_share":null,"downloaders_without-hosting_right_share":null,"uploaders_all_delta_pp":null,"uploaders_all_observed_common_delta_pp":-8.795770993306418e-05,"uploaders_all_left_share":null,"uploaders_all_right_share":null,"uploaders_without-hosting_delta_pp":null,"uploaders_without-hosting_observed_common_delta_pp":-0.0001004490070615652,"uploaders_without-hosting_left_share":null,"uploaders_without-hosting_right_share":null},"geometry":{"type":"Polygon","coordinates":[[[132.01396675536208,34.059296032056864],[132.10903063917792,34.03792172783492],[132.12624056328235,33.96618576265449],[132.04839926037786,33.915827722826485],[131.95337503543223,33.937224626735954],[131.9361525379344,34.00895690064363],[132.01396675536208,34.059296032056864]]]}},{"type":"Feature","properties":{"h3":"854b660bfffffff","countries":["JPN"],"common_intervals":0,"left_observed_intervals":0,"right_observed_intervals":1,"full_window_comparable":false,"expected_intervals":26,"downloaders_all_delta_pp":null,"downloaders_all_observed_common_delta_pp":null,"downloaders_all_left_share":null,"downloaders_all_right_share":null,"downloaders_without-hosting_delta_pp":null,"downloaders_without-hosting_observed_common_delta_pp":null,"downloaders_without-hosting_left_share":null,"downloaders_without-hosting_right_share":null,"uploaders_all_delta_pp":null,"uploaders_all_observed_common_delta_pp":null,"uploaders_all_left_share":null,"uploaders_all_right_share":null,"uploaders_without-hosting_delta_pp":null,"uploaders_without-hosting_observed_common_delta_pp":null,"uploaders_without-hosting_left_share":null,"uploaders_without-hosting_right_share":null},"geometry":{"type":"Polygon","coordinates":[[[130.72273807085506,32.703068578838014],[130.81714356912664,32.68192910825083],[130.83440245403372,32.60861898234747],[130.75726594319488,32.55645481225188],[130.66290404377955,32.577621195034006],[130.6456351388908,32.65092476447401],[130.72273807085506,32.703068578838014]]]}},{"type":"Feature","properties":{"h3":"854b6613fffffff","countries":["JPN"],"common_intervals":26,"left_observed_intervals":26,"right_observed_intervals":26,"full_window_comparable":true,"expected_intervals":26,"downloaders_all_delta_pp":0.0008492030007182191,"downloaders_all_observed_common_delta_pp":0.0008492030007182191,"downloaders_all_left_share":0.004044884526259126,"downloaders_all_right_share":0.0031956815255409065,"downloaders_without-hosting_delta_pp":0.0010825311462051262,"downloaders_without-hosting_observed_common_delta_pp":0.0010825311462051262,"downloaders_without-hosting_left_share":0.004813057447637586,"downloaders_without-hosting_right_share":0.0037305263014324607,"uploaders_all_delta_pp":0.001554014310000815,"uploaders_all_observed_common_delta_pp":0.001554014310000815,"uploaders_all_left_share":0.002189251949105002,"uploaders_all_right_share":0.0006352376391041865,"uploaders_without-hosting_delta_pp":0.0022281111694306493,"uploaders_without-hosting_observed_common_delta_pp":0.0022281111694306493,"uploaders_without-hosting_left_share":0.003010560680138534,"uploaders_without-hosting_right_share":0.0007824495107078844},"geometry":{"type":"Polygon","coordinates":[[[130.67092021562942,32.92218121920513],[130.765345983192,32.90121302940556],[130.78261533162788,32.8282261521934],[130.70546892325177,32.77621388066183],[130.6110869532371,32.79720876522193],[130.59380767667693,32.870189155624765],[130.67092021562942,32.92218121920513]]]}},{"type":"Feature","properties":{"h3":"854b6617fffffff","countries":["JPN"],"common_intervals":2,"left_observed_intervals":6,"right_observed_intervals":7,"full_window_comparable":false,"expected_intervals":26,"downloaders_all_delta_pp":null,"downloaders_all_observed_common_delta_pp":-4.34001747017741e-05,"downloaders_all_left_share":null,"downloaders_all_right_share":null,"downloaders_without-hosting_delta_pp":null,"downloaders_without-hosting_observed_common_delta_pp":-4.87564096188987e-05,"downloaders_without-hosting_left_share":null,"downloaders_without-hosting_right_share":null,"uploaders_all_delta_pp":null,"uploaders_all_observed_common_delta_pp":0.0,"uploaders_all_left_share":null,"uploaders_all_right_share":null,"uploaders_without-hosting_delta_pp":null,"uploaders_without-hosting_observed_common_delta_pp":0.0,"uploaders_without-hosting_left_share":null,"uploaders_without-hosting_right_share":null},"geometry":{"type":"Polygon","coordinates":[[[130.84253574204305,32.9530933096219],[130.9370279333287,32.932006780581624],[130.95428702089737,32.859013718573244],[130.87706426075025,32.80711329939755],[130.78261533162788,32.8282261521934],[130.765345983192,32.90121302940556],[130.84253574204305,32.9530933096219]]]}},{"type":"Feature","properties":{"h3":"854b6623fffffff","countries":["JPN"],"common_intervals":0,"left_observed_intervals":1,"right_observed_intervals":0,"full_window_comparable":false,"expected_intervals":26,"downloaders_all_delta_pp":null,"downloaders_all_observed_common_delta_pp":null,"downloaders_all_left_share":null,"downloaders_all_right_share":null,"downloaders_without-hosting_delta_pp":null,"downloaders_without-hosting_observed_common_delta_pp":null,"downloaders_without-hosting_left_share":null,"downloaders_without-hosting_right_share":null,"uploaders_all_delta_pp":null,"uploaders_all_observed_common_delta_pp":null,"uploaders_all_left_share":null,"uploaders_all_right_share":null,"uploaders_without-hosting_delta_pp":null,"uploaders_without-hosting_observed_common_delta_pp":null,"uploaders_without-hosting_left_share":null,"uploaders_without-hosting_right_share":null},"geometry":{"type":"Polygon","coordinates":[[[131.2379148293049,32.79505729005384],[131.33251309151407,32.77356313386992],[131.34973992111625,32.70023518656232],[131.2723795891428,32.648406956177126],[131.1778233073175,32.66992690956718],[131.16058545981988,32.74324922466974],[131.2379148293049,32.79505729005384]]]}},{"type":"Feature","properties":{"h3":"854b6647fffffff","countries":["JPN"],"common_intervals":10,"left_observed_intervals":14,"right_observed_intervals":17,"full_window_comparable":false,"expected_intervals":26,"downloaders_all_delta_pp":null,"downloaders_all_observed_common_delta_pp":5.137822134092904e-05,"downloaders_all_left_share":null,"downloaders_all_right_share":null,"downloaders_without-hosting_delta_pp":null,"downloaders_without-hosting_observed_common_delta_pp":6.43021399017996e-05,"downloaders_without-hosting_left_share":null,"downloaders_without-hosting_right_share":null,"uploaders_all_delta_pp":null,"uploaders_all_observed_common_delta_pp":7.090589369788417e-05,"uploaders_all_left_share":null,"uploaders_all_right_share":null,"uploaders_without-hosting_delta_pp":null,"uploaders_without-hosting_observed_common_delta_pp":9.604487216427514e-05,"uploaders_without-hosting_left_share":null,"uploaders_without-hosting_right_share":null},"geometry":{"type":"Polygon","coordinates":[[[130.66290404377955,32.577621195034006],[130.75726594319488,32.55645481225188],[130.7745246637611,32.48298639291887],[130.6974314671939,32.43069103169678],[130.6031133339579,32.45188462142236],[130.58584471357304,32.52534629406999],[130.66290404377955,32.577621195034006]]]}},{"type":"Feature","properties":{"h3":"854b666bfffffff","countries":["JPN"],"common_intervals":0,"left_observed_intervals":1,"right_observed_intervals":1,"full_window_comparable":false,"expected_intervals":26,"downloaders_all_delta_pp":null,"downloaders_all_observed_common_delta_pp":null,"downloaders_all_left_share":null,"downloaders_all_right_share":null,"downloaders_without-hosting_delta_pp":null,"downloaders_without-hosting_observed_common_delta_pp":null,"downloaders_without-hosting_left_share":null,"downloaders_without-hosting_right_share":null,"uploaders_all_delta_pp":null,"uploaders_all_observed_common_delta_pp":null,"uploaders_all_left_share":null,"uploaders_all_right_share":null,"uploaders_without-hosting_delta_pp":null,"uploaders_without-hosting_observed_common_delta_pp":null,"uploaders_without-hosting_left_share":null,"uploaders_without-hosting_right_share":null},"geometry":{"type":"Polygon","coordinates":[[[130.88615814852184,32.38804246586677],[130.9805657010417,32.36658747619993],[130.9978036525903,32.29278966120287],[130.9206444573339,32.24045326746812],[130.82627993809425,32.261935295585175],[130.80903166328588,32.33572660725159],[130.88615814852184,32.38804246586677]]]}},{"type":"Feature","properties":{"h3":"854b668bfffffff","countries":["JPN"],"common_intervals":26,"left_observed_intervals":26,"right_observed_intervals":26,"full_window_comparable":true,"expected_intervals":26,"downloaders_all_delta_pp":9.627036694733197e-05,"downloaders_all_observed_common_delta_pp":9.627036694733197e-05,"downloaders_all_left_share":0.0007050263471779269,"downloaders_all_right_share":0.0006087559802305949,"downloaders_without-hosting_delta_pp":0.00012955706733152272,"downloaders_without-hosting_observed_common_delta_pp":0.00012955706733152272,"downloaders_without-hosting_left_share":0.0008397967233315379,"downloaders_without-hosting_right_share":0.0007102396560000151,"uploaders_all_delta_pp":-2.1308331557639037e-05,"uploaders_all_observed_common_delta_pp":-2.1308331557639037e-05,"uploaders_all_left_share":0.0,"uploaders_all_right_share":2.1308331557639037e-05,"uploaders_without-hosting_delta_pp":-2.7398746562142277e-05,"uploaders_without-hosting_observed_common_delta_pp":-2.7398746562142277e-05,"uploaders_without-hosting_left_share":0.0,"uploaders_without-hosting_right_share":2.7398746562142277e-05},"geometry":{"type":"Polygon","coordinates":[[[130.55923876662717,33.01582662553951],[130.65364065980083,32.99500321958679],[130.67092021562942,32.92218121920513],[130.59380767667693,32.870189155624765],[130.4994499466159,32.89103933108077],[130.4821606750197,32.96385472988473],[130.55923876662717,33.01582662553951]]]}},{"type":"Feature","properties":{"h3":"854b668ffffffff","countries":["JPN"],"common_intervals":26,"left_observed_intervals":26,"right_observed_intervals":26,"full_window_comparable":true,"expected_intervals":26,"downloaders_all_delta_pp":0.0001034914005894213,"downloaders_all_observed_common_delta_pp":0.0001034914005894213,"downloaders_all_left_share":0.0005682847895527128,"downloaders_all_right_share":0.0004647933889632914,"downloaders_without-hosting_delta_pp":0.0001355753920188123,"downloaders_without-hosting_observed_common_delta_pp":0.0001355753920188123,"downloaders_without-hosting_left_share":0.0006772986563713493,"downloaders_without-hosting_right_share":0.0005417232643525372,"uploaders_all_delta_pp":8.919777250436509e-05,"uploaders_all_observed_common_delta_pp":8.919777250436509e-05,"uploaders_all_left_share":0.0001229783241122644,"uploaders_all_right_share":3.3780551607899316e-05,"uploaders_without-hosting_delta_pp":0.00012577187897220898,"uploaders_without-hosting_observed_common_delta_pp":0.00012577187897220898,"uploaders_without-hosting_left_share":0.00016985961287115158,"uploaders_without-hosting_right_share":4.408773389894255e-05},"geometry":{"type":"Polygon","coordinates":[[[130.73079683736196,33.04686340356043],[130.82526623474874,33.025921612590096],[130.84253574204305,32.9530933096219],[130.765345983192,32.90121302940556],[130.67092021562942,32.92218121920513],[130.65364065980083,32.99500321958679],[130.73079683736196,33.04686340356043]]]}},{"type":"Feature","properties":{"h3":"854b6693fffffff","countries":["JPN"],"common_intervals":0,"left_observed_intervals":1,"right_observed_intervals":0,"full_window_comparable":false,"expected_intervals":26,"downloaders_all_delta_pp":null,"downloaders_all_observed_common_delta_pp":null,"downloaders_all_left_share":null,"downloaders_all_right_share":null,"downloaders_without-hosting_delta_pp":null,"downloaders_without-hosting_observed_common_delta_pp":null,"downloaders_without-hosting_left_share":null,"downloaders_without-hosting_right_share":null,"uploaders_all_delta_pp":null,"uploaders_all_observed_common_delta_pp":null,"uploaders_all_left_share":null,"uploaders_all_right_share":null,"uploaders_without-hosting_delta_pp":null,"uploaders_without-hosting_observed_common_delta_pp":null,"uploaders_without-hosting_left_share":null,"uploaders_without-hosting_right_share":null},"geometry":{"type":"Polygon","coordinates":[[[130.5073595409412,33.23347432515184],[130.60178120945884,33.21282235853512],[130.6190711546102,33.140323802948714],[130.54194913736254,33.08848367316315],[130.44757183059917,33.10916218216899],[130.430272262034,33.181654208170734],[130.5073595409412,33.23347432515184]]]}},{"type":"Feature","properties":{"h3":"854b6697fffffff","countries":["JPN"],"common_intervals":1,"left_observed_intervals":3,"right_observed_intervals":3,"full_window_comparable":false,"expected_intervals":26,"downloaders_all_delta_pp":null,"downloaders_all_observed_common_delta_pp":1.4585778230815114e-05,"downloaders_all_left_share":null,"downloaders_all_right_share":null,"downloaders_without-hosting_delta_pp":null,"downloaders_without-hosting_observed_common_delta_pp":1.910887359877144e-05,"downloaders_without-hosting_left_share":null,"downloaders_without-hosting_right_share":null,"uploaders_all_delta_pp":null,"uploaders_all_observed_common_delta_pp":0.0,"uploaders_all_left_share":null,"uploaders_all_right_share":null,"uploaders_without-hosting_delta_pp":null,"uploaders_without-hosting_observed_common_delta_pp":0.0,"uploaders_without-hosting_left_share":null,"uploaders_without-hosting_right_share":null},"geometry":{"type":"Polygon","coordinates":[[[130.67894702756672,33.26453028668841],[130.77343674602093,33.24375952673944],[130.79071673465694,33.17125473480726],[130.71351704414383,33.1195268686948],[130.6190711546102,33.140323802948714],[130.60178120945884,33.21282235853512],[130.67894702756672,33.26453028668841]]]}},{"type":"Feature","properties":{"h3":"854b669bfffffff","countries":["JPN"],"common_intervals":18,"left_observed_intervals":20,"right_observed_intervals":24,"full_window_comparable":false,"expected_intervals":26,"downloaders_all_delta_pp":null,"downloaders_all_observed_common_delta_pp":9.592262046635217e-05,"downloaders_all_left_share":null,"downloaders_all_right_share":null,"downloaders_without-hosting_delta_pp":null,"downloaders_without-hosting_observed_common_delta_pp":0.00011912462953607471,"downloaders_without-hosting_left_share":null,"downloaders_without-hosting_right_share":null,"uploaders_all_delta_pp":null,"uploaders_all_observed_common_delta_pp":-1.0657391175986295e-05,"uploaders_all_left_share":null,"uploaders_all_right_share":null,"uploaders_without-hosting_delta_pp":null,"uploaders_without-hosting_observed_common_delta_pp":-1.5907352231317435e-05,"uploaders_without-hosting_left_share":null,"uploaders_without-hosting_right_share":null},"geometry":{"type":"Polygon","coordinates":[[[130.44757183059917,33.10916218216899],[130.54194913736254,33.08848367316315],[130.55923876662717,33.01582662553951],[130.4821606750197,32.96385472988473],[130.38782789578516,32.98456008093506],[130.37052876324915,33.05721041506799],[130.44757183059917,33.10916218216899]]]}},{"type":"Feature","properties":{"h3":"854b66a3fffffff","countries":["JPN"],"common_intervals":0,"left_observed_intervals":0,"right_observed_intervals":1,"full_window_comparable":false,"expected_intervals":26,"downloaders_all_delta_pp":null,"downloaders_all_observed_common_delta_pp":null,"downloaders_all_left_share":null,"downloaders_all_right_share":null,"downloaders_without-hosting_delta_pp":null,"downloaders_without-hosting_observed_common_delta_pp":null,"downloaders_without-hosting_left_share":null,"downloaders_without-hosting_right_share":null,"uploaders_all_delta_pp":null,"uploaders_all_observed_common_delta_pp":null,"uploaders_all_left_share":null,"uploaders_all_right_share":null,"uploaders_without-hosting_delta_pp":null,"uploaders_without-hosting_observed_common_delta_pp":null,"uploaders_without-hosting_left_share":null,"uploaders_without-hosting_right_share":null},"geometry":{"type":"Polygon","coordinates":[[[131.07434300150695,33.10824385690404],[131.1689425471176,33.08706433431089],[131.1861909579338,33.01422432418415],[131.1088506208751,32.96256946952462],[131.01429362733379,32.983774655498706],[130.99703450162673,33.05660896180085],[131.07434300150695,33.10824385690404]]]}},{"type":"Feature","properties":{"h3":"854b66abfffffff","countries":["JPN"],"common_intervals":0,"left_observed_intervals":1,"right_observed_intervals":4,"full_window_comparable":false,"expected_intervals":26,"downloaders_all_delta_pp":null,"downloaders_all_observed_common_delta_pp":null,"downloaders_all_left_share":null,"downloaders_all_right_share":null,"downloaders_without-hosting_delta_pp":null,"downloaders_without-hosting_observed_common_delta_pp":null,"downloaders_without-hosting_left_share":null,"downloaders_without-hosting_right_share":null,"uploaders_all_delta_pp":null,"uploaders_all_observed_common_delta_pp":null,"uploaders_all_left_share":null,"uploaders_all_right_share":null,"uploaders_without-hosting_delta_pp":null,"uploaders_without-hosting_observed_common_delta_pp":null,"uploaders_without-hosting_left_share":null,"uploaders_without-hosting_right_share":null},"geometry":{"type":"Polygon","coordinates":[[[131.01429362733379,32.983774655498706],[131.1088506208751,32.96256946952462],[131.12609911457074,32.88957052499517],[131.0488012913682,32.83778257788369],[130.95428702089737,32.859013718573244],[130.9370279333287,32.932006780581624],[131.01429362733379,32.983774655498706]]]}},{"type":"Feature","properties":{"h3":"854b66dbfffffff","countries":["JPN"],"common_intervals":0,"left_observed_intervals":1,"right_observed_intervals":0,"full_window_comparable":false,"expected_intervals":26,"downloaders_all_delta_pp":null,"downloaders_all_observed_common_delta_pp":null,"downloaders_all_left_share":null,"downloaders_all_right_share":null,"downloaders_without-hosting_delta_pp":null,"downloaders_without-hosting_observed_common_delta_pp":null,"downloaders_without-hosting_left_share":null,"downloaders_without-hosting_right_share":null,"uploaders_all_delta_pp":null,"uploaders_all_observed_common_delta_pp":null,"uploaders_all_left_share":null,"uploaders_all_right_share":null,"uploaders_without-hosting_delta_pp":null,"uploaders_without-hosting_observed_common_delta_pp":null,"uploaders_without-hosting_left_share":null,"uploaders_without-hosting_right_share":null},"geometry":{"type":"Polygon","coordinates":[[[130.1569566980574,32.828070019132056],[130.2511735432883,32.80745486918378],[130.26847167909742,32.734488357366864],[130.19156198384792,32.6821443160379],[130.09739051961162,32.70278728520293],[130.08008345197499,32.77574640579118],[130.1569566980574,32.828070019132056]]]}},{"type":"Feature","properties":{"h3":"854b6cb7fffffff","countries":["JPN"],"common_intervals":7,"left_observed_intervals":14,"right_observed_intervals":15,"full_window_comparable":false,"expected_intervals":26,"downloaders_all_delta_pp":null,"downloaders_all_observed_common_delta_pp":4.52050143546075e-06,"downloaders_all_left_share":null,"downloaders_all_right_share":null,"downloaders_without-hosting_delta_pp":null,"downloaders_without-hosting_observed_common_delta_pp":8.534158064211834e-06,"downloaders_without-hosting_left_share":null,"downloaders_without-hosting_right_share":null,"uploaders_all_delta_pp":null,"uploaders_all_observed_common_delta_pp":1.6828126390061918e-06,"uploaders_all_left_share":null,"uploaders_all_right_share":null,"uploaders_without-hosting_delta_pp":null,"uploaders_without-hosting_observed_common_delta_pp":3.185356483157687e-06,"uploaders_without-hosting_left_share":null,"uploaders_without-hosting_right_share":null},"geometry":{"type":"Polygon","coordinates":[[[134.64517586877838,33.77118038673945],[134.5555538516169,33.79076809116995],[134.52481777374456,33.872353575968894],[134.5837806657341,33.93448493009024],[134.6736099461371,33.91496105133745],[134.70426875797767,33.83324191479472],[134.64517586877838,33.77118038673945]]]}},{"type":"Feature","properties":{"h3":"854b6d13fffffff","countries":["JPN"],"common_intervals":2,"left_observed_intervals":6,"right_observed_intervals":5,"full_window_comparable":false,"expected_intervals":26,"downloaders_all_delta_pp":null,"downloaders_all_observed_common_delta_pp":7.450592538252476e-05,"downloaders_all_left_share":null,"downloaders_all_right_share":null,"downloaders_without-hosting_delta_pp":null,"downloaders_without-hosting_observed_common_delta_pp":8.042049491335973e-05,"downloaders_without-hosting_left_share":null,"downloaders_without-hosting_right_share":null,"uploaders_all_delta_pp":null,"uploaders_all_observed_common_delta_pp":0.0,"uploaders_all_left_share":null,"uploaders_all_right_share":null,"uploaders_without-hosting_delta_pp":null,"uploaders_without-hosting_observed_common_delta_pp":0.0,"uploaders_without-hosting_left_share":null,"uploaders_without-hosting_right_share":null},"geometry":{"type":"Polygon","coordinates":[[[135.33471988116918,33.69348496895344],[135.24443227081878,33.71372443112286],[135.21417316584345,33.79590463656004],[135.2742832869042,33.857978628139534],[135.3647800619065,33.837800197603094],[135.39495723242464,33.755486670374204],[135.33471988116918,33.69348496895344]]]}},{"type":"Feature","properties":{"h3":"854b6d27fffffff","countries":["JPN"],"common_intervals":24,"left_observed_intervals":25,"right_observed_intervals":25,"full_window_comparable":false,"expected_intervals":26,"downloaders_all_delta_pp":null,"downloaders_all_observed_common_delta_pp":2.0023570372806112e-05,"downloaders_all_left_share":null,"downloaders_all_right_share":null,"downloaders_without-hosting_delta_pp":null,"downloaders_without-hosting_observed_common_delta_pp":3.065290620633226e-05,"downloaders_without-hosting_left_share":null,"downloaders_without-hosting_right_share":null,"uploaders_all_delta_pp":null,"uploaders_all_observed_common_delta_pp":1.3284905913214361e-05,"uploaders_all_left_share":null,"uploaders_all_right_share":null,"uploaders_without-hosting_delta_pp":null,"uploaders_without-hosting_observed_common_delta_pp":2.5174008035787462e-05,"uploaders_without-hosting_left_share":null,"uploaders_without-hosting_right_share":null},"geometry":{"type":"Polygon","coordinates":[[[136.029992754152,33.61111620948964],[135.93905811565085,33.632018626303804],[135.90929394164996,33.71478861239319],[135.9705507215317,33.776788986943146],[136.06169626633343,33.755944702229975],[136.0913738011933,33.67304184216082],[136.029992754152,33.61111620948964]]]}},{"type":"Feature","properties":{"h3":"854b6d2bfffffff","countries":["JPN"],"common_intervals":15,"left_observed_intervals":19,"right_observed_intervals":21,"full_window_comparable":false,"expected_intervals":26,"downloaders_all_delta_pp":null,"downloaders_all_observed_common_delta_pp":7.840693995804675e-05,"downloaders_all_left_share":null,"downloaders_all_right_share":null,"downloaders_without-hosting_delta_pp":null,"downloaders_without-hosting_observed_common_delta_pp":9.786129529941592e-05,"downloaders_without-hosting_left_share":null,"downloaders_without-hosting_right_share":null,"uploaders_all_delta_pp":null,"uploaders_all_observed_common_delta_pp":8.594573501481562e-05,"uploaders_all_left_share":null,"uploaders_all_right_share":null,"uploaders_without-hosting_delta_pp":null,"uploaders_without-hosting_observed_common_delta_pp":0.00012583402754045555,"uploaders_without-hosting_left_share":null,"uploaders_without-hosting_right_share":null},"geometry":{"type":"Polygon","coordinates":[[[135.84679227673905,33.42557957069214],[135.75627876909724,33.4464304933861],[135.72646646999348,33.529028125895906],[135.78725228328133,33.590907843730974],[135.87797508243787,33.57011544624709],[135.9077024569896,33.48738473532189],[135.84679227673905,33.42557957069214]]]}},{"type":"Feature","properties":{"h3":"854b6d8bfffffff","countries":["JPN"],"common_intervals":12,"left_observed_intervals":17,"right_observed_intervals":18,"full_window_comparable":false,"expected_intervals":26,"downloaders_all_delta_pp":null,"downloaders_all_observed_common_delta_pp":7.340772612514474e-05,"downloaders_all_left_share":null,"downloaders_all_right_share":null,"downloaders_without-hosting_delta_pp":null,"downloaders_without-hosting_observed_common_delta_pp":9.359747035287115e-05,"downloaders_without-hosting_left_share":null,"downloaders_without-hosting_right_share":null,"uploaders_all_delta_pp":null,"uploaders_all_observed_common_delta_pp":0.0,"uploaders_all_left_share":null,"uploaders_all_right_share":null,"uploaders_without-hosting_delta_pp":null,"uploaders_without-hosting_observed_common_delta_pp":0.0,"uploaders_without-hosting_left_share":null,"uploaders_without-hosting_right_share":null},"geometry":{"type":"Polygon","coordinates":[[[135.21417316584345,33.79590463656004],[135.12389205589437,33.81597589816583],[135.0935120394512,33.89805953889177],[135.15349412700226,33.96020519571879],[135.2439845835079,33.9401956206764],[135.2742832869042,33.857978628139534],[135.21417316584345,33.79590463656004]]]}},{"type":"Feature","properties":{"h3":"854b6d93fffffff","countries":["JPN"],"common_intervals":0,"left_observed_intervals":1,"right_observed_intervals":1,"full_window_comparable":false,"expected_intervals":26,"downloaders_all_delta_pp":null,"downloaders_all_observed_common_delta_pp":null,"downloaders_all_left_share":null,"downloaders_all_right_share":null,"downloaders_without-hosting_delta_pp":null,"downloaders_without-hosting_observed_common_delta_pp":null,"downloaders_without-hosting_left_share":null,"downloaders_without-hosting_right_share":null,"uploaders_all_delta_pp":null,"uploaders_all_observed_common_delta_pp":null,"uploaders_all_left_share":null,"uploaders_all_right_share":null,"uploaders_without-hosting_delta_pp":null,"uploaders_without-hosting_observed_common_delta_pp":null,"uploaders_without-hosting_left_share":null,"uploaders_without-hosting_right_share":null},"geometry":{"type":"Polygon","coordinates":[[[135.1230739420947,34.04232474861871],[135.03259066283164,34.062165193402286],[135.0020490513379,34.14418640868881],[135.06207161126818,34.20650040138641],[135.1527653369046,34.1867224378433],[135.18322573486293,34.10456792614972],[135.1230739420947,34.04232474861871]]]}},{"type":"Feature","properties":{"h3":"854b6d97fffffff","countries":["JPN"],"common_intervals":0,"left_observed_intervals":9,"right_observed_intervals":4,"full_window_comparable":false,"expected_intervals":26,"downloaders_all_delta_pp":null,"downloaders_all_observed_common_delta_pp":null,"downloaders_all_left_share":null,"downloaders_all_right_share":null,"downloaders_without-hosting_delta_pp":null,"downloaders_without-hosting_observed_common_delta_pp":null,"downloaders_without-hosting_left_share":null,"downloaders_without-hosting_right_share":null,"uploaders_all_delta_pp":null,"uploaders_all_observed_common_delta_pp":null,"uploaders_all_left_share":null,"uploaders_all_right_share":null,"uploaders_without-hosting_delta_pp":null,"uploaders_without-hosting_observed_common_delta_pp":null,"uploaders_without-hosting_left_share":null,"uploaders_without-hosting_right_share":null},"geometry":{"type":"Polygon","coordinates":[[[135.27392645863867,34.08462018074642],[135.18322573486293,34.10456792614972],[135.1527653369046,34.1867224378433],[135.21308771549005,34.249062321929166],[135.30399963299234,34.229176545474694],[135.33437765485604,34.14688884290189],[135.27392645863867,34.08462018074642]]]}},{"type":"Feature","properties":{"h3":"854b6d9bfffffff","countries":["JPN"],"common_intervals":0,"left_observed_intervals":1,"right_observed_intervals":0,"full_window_comparable":false,"expected_intervals":26,"downloaders_all_delta_pp":null,"downloaders_all_observed_common_delta_pp":null,"downloaders_all_left_share":null,"downloaders_all_right_share":null,"downloaders_without-hosting_delta_pp":null,"downloaders_without-hosting_observed_common_delta_pp":null,"downloaders_without-hosting_left_share":null,"downloaders_without-hosting_right_share":null,"uploaders_all_delta_pp":null,"uploaders_all_observed_common_delta_pp":null,"uploaders_all_left_share":null,"uploaders_all_right_share":null,"uploaders_without-hosting_delta_pp":null,"uploaders_without-hosting_observed_common_delta_pp":null,"uploaders_without-hosting_left_share":null,"uploaders_without-hosting_right_share":null},"geometry":{"type":"Polygon","coordinates":[[[135.0935120394512,33.89805953889177],[135.0032382833004,33.91796232204369],[134.97273741080335,33.99994849837361],[135.03259066283164,34.062165193402286],[135.1230739420947,34.04232474861871],[135.15349412700226,33.96020519571879],[135.0935120394512,33.89805953889177]]]}},{"type":"Feature","properties":{"h3":"854b70a3fffffff","countries":["JPN"],"common_intervals":4,"left_observed_intervals":6,"right_observed_intervals":8,"full_window_comparable":false,"expected_intervals":26,"downloaders_all_delta_pp":null,"downloaders_all_observed_common_delta_pp":-5.4748729942264305e-06,"downloaders_all_left_share":null,"downloaders_all_right_share":null,"downloaders_without-hosting_delta_pp":null,"downloaders_without-hosting_observed_common_delta_pp":-2.7822969219516743e-06,"downloaders_without-hosting_left_share":null,"downloaders_without-hosting_right_share":null,"uploaders_all_delta_pp":null,"uploaders_all_observed_common_delta_pp":-0.0003276625861752602,"uploaders_all_left_share":null,"uploaders_all_right_share":null,"uploaders_without-hosting_delta_pp":null,"uploaders_without-hosting_observed_common_delta_pp":-0.00044061792257461867,"uploaders_without-hosting_left_share":null,"uploaders_without-hosting_right_share":null},"geometry":{"type":"Polygon","coordinates":[[[130.2375743690056,31.339354301672095],[130.33156287195396,31.317788856642142],[130.34880862326216,31.24273957538703],[130.27207499083698,31.18926413980706],[130.17813137206574,31.21085935512901],[130.16087658325142,31.285900163365028],[130.2375743690056,31.339354301672095]]]}},{"type":"Feature","properties":{"h3":"854b70b7fffffff","countries":["JPN"],"common_intervals":1,"left_observed_intervals":4,"right_observed_intervals":1,"full_window_comparable":false,"expected_intervals":26,"downloaders_all_delta_pp":null,"downloaders_all_observed_common_delta_pp":5.94834589476722e-05,"downloaders_all_left_share":null,"downloaders_all_right_share":null,"downloaders_without-hosting_delta_pp":null,"downloaders_without-hosting_observed_common_delta_pp":7.699956228737602e-05,"downloaders_without-hosting_left_share":null,"downloaders_without-hosting_right_share":null,"uploaders_all_delta_pp":null,"uploaders_all_observed_common_delta_pp":0.0,"uploaders_all_left_share":null,"uploaders_all_right_share":null,"uploaders_without-hosting_delta_pp":null,"uploaders_without-hosting_observed_common_delta_pp":0.0,"uploaders_without-hosting_left_share":null,"uploaders_without-hosting_right_share":null},"geometry":{"type":"Polygon","coordinates":[[[130.29706121060838,31.467566280015106],[130.39109443558883,31.44603031053208],[130.4083406473219,31.37113750702714],[130.33156287195396,31.317788856642142],[130.2375743690056,31.339354301672095],[130.22031900118927,31.4142388492414],[130.29706121060838,31.467566280015106]]]}},{"type":"Feature","properties":{"h3":"854b718ffffffff","countries":["JPN"],"common_intervals":0,"left_observed_intervals":4,"right_observed_intervals":2,"full_window_comparable":false,"expected_intervals":26,"downloaders_all_delta_pp":null,"downloaders_all_observed_common_delta_pp":null,"downloaders_all_left_share":null,"downloaders_all_right_share":null,"downloaders_without-hosting_delta_pp":null,"downloaders_without-hosting_observed_common_delta_pp":null,"downloaders_without-hosting_left_share":null,"downloaders_without-hosting_right_share":null,"uploaders_all_delta_pp":null,"uploaders_all_observed_common_delta_pp":null,"uploaders_all_left_share":null,"uploaders_all_right_share":null,"uploaders_without-hosting_delta_pp":null,"uploaders_without-hosting_observed_common_delta_pp":null,"uploaders_without-hosting_left_share":null,"uploaders_without-hosting_right_share":null},"geometry":{"type":"Polygon","coordinates":[[[131.09286553570578,31.496058754555307],[131.1871885853844,31.47392001183633],[131.2043842053311,31.398833455136387],[131.12726754414606,31.3458923437047],[131.03298673416344,31.36805889306959],[131.01578042777925,31.443138674389605],[131.09286553570578,31.496058754555307]]]}},{"type":"Feature","properties":{"h3":"854b7197fffffff","countries":["JPN"],"common_intervals":0,"left_observed_intervals":0,"right_observed_intervals":1,"full_window_comparable":false,"expected_intervals":26,"downloaders_all_delta_pp":null,"downloaders_all_observed_common_delta_pp":null,"downloaders_all_left_share":null,"downloaders_all_right_share":null,"downloaders_without-hosting_delta_pp":null,"downloaders_without-hosting_observed_common_delta_pp":null,"downloaders_without-hosting_left_share":null,"downloaders_without-hosting_right_share":null,"uploaders_all_delta_pp":null,"uploaders_all_observed_common_delta_pp":null,"uploaders_all_left_share":null,"uploaders_all_right_share":null,"uploaders_without-hosting_delta_pp":null,"uploaders_without-hosting_observed_common_delta_pp":null,"uploaders_without-hosting_left_share":null,"uploaders_without-hosting_right_share":null},"geometry":{"type":"Polygon","coordinates":[[[131.04123610800164,31.72050442802013],[131.135580501141,31.698536505983522],[131.15278673127958,31.623771583768796],[131.07565924645465,31.570981217943224],[130.9813572912081,31.592976764079868],[130.9641404650905,31.66773497936936],[131.04123610800164,31.72050442802013]]]}},{"type":"Feature","properties":{"h3":"854b71b3fffffff","countries":["JPN"],"common_intervals":0,"left_observed_intervals":2,"right_observed_intervals":0,"full_window_comparable":false,"expected_intervals":26,"downloaders_all_delta_pp":null,"downloaders_all_observed_common_delta_pp":null,"downloaders_all_left_share":null,"downloaders_all_right_share":null,"downloaders_without-hosting_delta_pp":null,"downloaders_without-hosting_observed_common_delta_pp":null,"downloaders_without-hosting_left_share":null,"downloaders_without-hosting_right_share":null,"uploaders_all_delta_pp":null,"uploaders_all_observed_common_delta_pp":null,"uploaders_all_left_share":null,"uploaders_all_right_share":null,"uploaders_without-hosting_delta_pp":null,"uploaders_without-hosting_observed_common_delta_pp":null,"uploaders_without-hosting_left_share":null,"uploaders_without-hosting_right_share":null},"geometry":{"type":"Polygon","coordinates":[[[131.32435255541188,31.654341378570273],[131.4187792158895,31.632114187635143],[131.43596356115285,31.557178917056167],[131.3587324655798,31.50447699936594],[131.2643473330129,31.526731328206402],[131.24715185034114,31.601660364006474],[131.32435255541188,31.654341378570273]]]}},{"type":"Feature","properties":{"h3":"854b71c3fffffff","countries":["JPN"],"common_intervals":0,"left_observed_intervals":1,"right_observed_intervals":0,"full_window_comparable":false,"expected_intervals":26,"downloaders_all_delta_pp":null,"downloaders_all_observed_common_delta_pp":null,"downloaders_all_left_share":null,"downloaders_all_right_share":null,"downloaders_without-hosting_delta_pp":null,"downloaders_without-hosting_observed_common_delta_pp":null,"downloaders_without-hosting_left_share":null,"downloaders_without-hosting_right_share":null,"uploaders_all_delta_pp":null,"uploaders_all_observed_common_delta_pp":null,"uploaders_all_left_share":null,"uploaders_all_right_share":null,"uploaders_without-hosting_delta_pp":null,"uploaders_without-hosting_observed_common_delta_pp":null,"uploaders_without-hosting_left_share":null,"uploaders_without-hosting_right_share":null},"geometry":{"type":"Polygon","coordinates":[[[130.69060956807667,31.30584151795703],[130.78476029431218,31.283904455269155],[130.80197681235998,31.208674911507256],[130.7250525926939,31.15539002474067],[130.6309453414749,31.177355962584787],[130.61371891680116,31.252577839305108],[130.69060956807667,31.30584151795703]]]}},{"type":"Feature","properties":{"h3":"854b71d7fffffff","countries":["JPN"],"common_intervals":21,"left_observed_intervals":24,"right_observed_intervals":22,"full_window_comparable":false,"expected_intervals":26,"downloaders_all_delta_pp":null,"downloaders_all_observed_common_delta_pp":5.5296981024273136e-05,"downloaders_all_left_share":null,"downloaders_all_right_share":null,"downloaders_without-hosting_delta_pp":null,"downloaders_without-hosting_observed_common_delta_pp":7.13479039233064e-05,"downloaders_without-hosting_left_share":null,"downloaders_without-hosting_right_share":null,"uploaders_all_delta_pp":null,"uploaders_all_observed_common_delta_pp":0.00010141602498798907,"uploaders_all_left_share":null,"uploaders_all_right_share":null,"uploaders_without-hosting_delta_pp":null,"uploaders_without-hosting_observed_common_delta_pp":0.0001531426250448105,"uploaders_without-hosting_left_share":null,"uploaders_without-hosting_right_share":null},"geometry":{"type":"Polygon","coordinates":[[[130.75031686138803,31.434042404048032],[130.8445108962317,31.412133928187785],[130.86172755870945,31.33706126242075],[130.78476029431218,31.283904455269155],[130.69060956807667,31.30584151795703],[130.67338287960544,31.38090672831248],[130.75031686138803,31.434042404048032]]]}},{"type":"Feature","properties":{"h3":"854b750bfffffff","countries":["JPN"],"common_intervals":0,"left_observed_intervals":0,"right_observed_intervals":1,"full_window_comparable":false,"expected_intervals":26,"downloaders_all_delta_pp":null,"downloaders_all_observed_common_delta_pp":null,"downloaders_all_left_share":null,"downloaders_all_right_share":null,"downloaders_without-hosting_delta_pp":null,"downloaders_without-hosting_observed_common_delta_pp":null,"downloaders_without-hosting_left_share":null,"downloaders_without-hosting_right_share":null,"uploaders_all_delta_pp":null,"uploaders_all_observed_common_delta_pp":null,"uploaders_all_left_share":null,"uploaders_all_right_share":null,"uploaders_without-hosting_delta_pp":null,"uploaders_without-hosting_observed_common_delta_pp":null,"uploaders_without-hosting_left_share":null,"uploaders_without-hosting_right_share":null},"geometry":{"type":"Polygon","coordinates":[[[130.3048124332646,31.818886699537103],[130.398909249679,31.79755264343868],[130.41616610786025,31.72313827548453],[130.33933541441797,31.670065841608334],[130.2452833537629,31.691428879062656],[130.2280173127491,31.76583529708036],[130.3048124332646,31.818886699537103]]]}},{"type":"Feature","properties":{"h3":"854b751bfffffff","countries":["JPN"],"common_intervals":0,"left_observed_intervals":0,"right_observed_intervals":6,"full_window_comparable":false,"expected_intervals":26,"downloaders_all_delta_pp":null,"downloaders_all_observed_common_delta_pp":null,"downloaders_all_left_share":null,"downloaders_all_right_share":null,"downloaders_without-hosting_delta_pp":null,"downloaders_without-hosting_observed_common_delta_pp":null,"downloaders_without-hosting_left_share":null,"downloaders_without-hosting_right_share":null,"uploaders_all_delta_pp":null,"uploaders_all_observed_common_delta_pp":null,"uploaders_all_left_share":null,"uploaders_all_right_share":null,"uploaders_without-hosting_delta_pp":null,"uploaders_without-hosting_observed_common_delta_pp":null,"uploaders_without-hosting_left_share":null,"uploaders_without-hosting_right_share":null},"geometry":{"type":"Polygon","coordinates":[[[130.19347511049594,31.914326221982094],[130.28754585897443,31.893136159205447],[130.3048124332646,31.818886699537103],[130.2280173127491,31.76583529708036],[130.1339916789258,31.787054433709105],[130.1167161329077,31.861295827166586],[130.19347511049594,31.914326221982094]]]}},{"type":"Feature","properties":{"h3":"854b752bfffffff","countries":["JPN"],"common_intervals":1,"left_observed_intervals":4,"right_observed_intervals":5,"full_window_comparable":false,"expected_intervals":26,"downloaders_all_delta_pp":null,"downloaders_all_observed_common_delta_pp":6.149489898061176e-05,"downloaders_all_left_share":null,"downloaders_all_right_share":null,"downloaders_without-hosting_delta_pp":null,"downloaders_without-hosting_observed_common_delta_pp":7.400674861544815e-05,"downloaders_without-hosting_left_share":null,"downloaders_without-hosting_right_share":null,"uploaders_all_delta_pp":null,"uploaders_all_observed_common_delta_pp":0.0,"uploaders_all_left_share":null,"uploaders_all_right_share":null,"uploaders_without-hosting_delta_pp":null,"uploaders_without-hosting_observed_common_delta_pp":0.0,"uploaders_without-hosting_left_share":null,"uploaders_without-hosting_right_share":null},"geometry":{"type":"Polygon","coordinates":[[[130.75837544956204,31.785889578459315],[130.85263308461234,31.764180966106522],[130.86986031495758,31.689587145990657],[130.79284004683868,31.636709035437836],[130.69862575095388,31.65844575663644],[130.68138846615926,31.733032407228727],[130.75837544956204,31.785889578459315]]]}},{"type":"Feature","properties":{"h3":"854b7563fffffff","countries":["JPN"],"common_intervals":26,"left_observed_intervals":26,"right_observed_intervals":26,"full_window_comparable":true,"expected_intervals":26,"downloaders_all_delta_pp":0.0005800066317861348,"downloaders_all_observed_common_delta_pp":0.0005800066317861348,"downloaders_all_left_share":0.002809475457850023,"downloaders_all_right_share":0.0022294688260638884,"downloaders_without-hosting_delta_pp":0.0007374022017608723,"downloaders_without-hosting_observed_common_delta_pp":0.0007374022017608723,"downloaders_without-hosting_left_share":0.0033320021236796014,"downloaders_without-hosting_right_share":0.002594599921918729,"uploaders_all_delta_pp":0.00036103953606992127,"uploaders_all_observed_common_delta_pp":0.00036103953606992127,"uploaders_all_left_share":0.0005356902319845232,"uploaders_all_right_share":0.00017465069591460198,"uploaders_without-hosting_delta_pp":0.0005192960626721875,"uploaders_without-hosting_observed_common_delta_pp":0.0005192960626721875,"uploaders_without-hosting_left_share":0.0007228336234644597,"uploaders_without-hosting_right_share":0.00020353756079227213},"geometry":{"type":"Polygon","coordinates":[[[130.5275352965082,31.627081223043053],[130.62168213449587,31.605459630199558],[130.63891916073138,31.530715831046656],[130.56201903563723,31.477601261014726],[130.46791623211533,31.499251642907534],[130.45066960119604,31.573987733471274],[130.5275352965082,31.627081223043053]]]}},{"type":"Feature","properties":{"h3":"854b7577fffffff","countries":["JPN"],"common_intervals":0,"left_observed_intervals":0,"right_observed_intervals":1,"full_window_comparable":false,"expected_intervals":26,"downloaders_all_delta_pp":null,"downloaders_all_observed_common_delta_pp":null,"downloaders_all_left_share":null,"downloaders_all_right_share":null,"downloaders_without-hosting_delta_pp":null,"downloaders_without-hosting_observed_common_delta_pp":null,"downloaders_without-hosting_left_share":null,"downloaders_without-hosting_right_share":null,"uploaders_all_delta_pp":null,"uploaders_all_observed_common_delta_pp":null,"uploaders_all_left_share":null,"uploaders_all_right_share":null,"uploaders_without-hosting_delta_pp":null,"uploaders_without-hosting_observed_common_delta_pp":null,"uploaders_without-hosting_left_share":null,"uploaders_without-hosting_right_share":null},"geometry":{"type":"Polygon","coordinates":[[[130.58719775887113,31.754625503323577],[130.68138846615926,31.733032407228727],[130.69862575095388,31.65844575663644],[130.62168213449587,31.605459630199558],[130.5275352965082,31.627081223043053],[130.5102882877349,31.701660373349036],[130.58719775887113,31.754625503323577]]]}},{"type":"Feature","properties":{"h3":"854b758ffffffff","countries":["JPN"],"common_intervals":1,"left_observed_intervals":2,"right_observed_intervals":4,"full_window_comparable":false,"expected_intervals":26,"downloaders_all_delta_pp":null,"downloaders_all_observed_common_delta_pp":-7.853732033346689e-05,"downloaders_all_left_share":null,"downloaders_all_right_share":null,"downloaders_without-hosting_delta_pp":null,"downloaders_without-hosting_observed_common_delta_pp":-8.815656383969541e-05,"downloaders_without-hosting_left_share":null,"downloaders_without-hosting_right_share":null,"uploaders_all_delta_pp":null,"uploaders_all_observed_common_delta_pp":-0.0006553251723505204,"uploaders_all_left_share":null,"uploaders_all_right_share":null,"uploaders_without-hosting_delta_pp":null,"uploaders_without-hosting_observed_common_delta_pp":-0.0008812358451492373,"uploaders_without-hosting_left_share":null,"uploaders_without-hosting_right_share":null},"geometry":{"type":"Polygon","coordinates":[[[130.31257392864228,32.16801392787772],[130.4067344190389,32.146881118128064],[130.42400193610717,32.072946197177956],[130.3471182545629,32.02015166804331],[130.25300255366417,32.041312955264075],[130.23572582693274,32.11524022256044],[130.31257392864228,32.16801392787772]]]}},{"type":"Feature","properties":{"h3":"854b75a7fffffff","countries":["JPN"],"common_intervals":0,"left_observed_intervals":6,"right_observed_intervals":4,"full_window_comparable":false,"expected_intervals":26,"downloaders_all_delta_pp":null,"downloaders_all_observed_common_delta_pp":null,"downloaders_all_left_share":null,"downloaders_all_right_share":null,"downloaders_without-hosting_delta_pp":null,"downloaders_without-hosting_observed_common_delta_pp":null,"downloaders_without-hosting_left_share":null,"downloaders_without-hosting_right_share":null,"uploaders_all_delta_pp":null,"uploaders_all_observed_common_delta_pp":null,"uploaders_all_left_share":null,"uploaders_all_right_share":null,"uploaders_without-hosting_delta_pp":null,"uploaders_without-hosting_observed_common_delta_pp":null,"uploaders_without-hosting_left_share":null,"uploaders_without-hosting_right_share":null},"geometry":{"type":"Polygon","coordinates":[[[130.82627993809425,32.261935295585175],[130.9206444573339,32.24045326746812],[130.93788235930793,32.16649729866762],[130.860766027453,32.11402998294527],[130.76644471005508,32.13553934066425],[130.7491966050477,32.209488612662426],[130.82627993809425,32.261935295585175]]]}},{"type":"Feature","properties":{"h3":"854b75abfffffff","countries":["JPN"],"common_intervals":0,"left_observed_intervals":5,"right_observed_intervals":3,"full_window_comparable":false,"expected_intervals":26,"downloaders_all_delta_pp":null,"downloaders_all_observed_common_delta_pp":null,"downloaders_all_left_share":null,"downloaders_all_right_share":null,"downloaders_without-hosting_delta_pp":null,"downloaders_without-hosting_observed_common_delta_pp":null,"downloaders_without-hosting_left_share":null,"downloaders_without-hosting_right_share":null,"uploaders_all_delta_pp":null,"uploaders_all_observed_common_delta_pp":null,"uploaders_all_left_share":null,"uploaders_all_right_share":null,"uploaders_without-hosting_delta_pp":null,"uploaders_without-hosting_observed_common_delta_pp":null,"uploaders_without-hosting_left_share":null,"uploaders_without-hosting_right_share":null},"geometry":{"type":"Polygon","coordinates":[[[130.59515027605676,32.104355318536506],[130.68940465510147,32.0829623105509],[130.70665254851278,32.00885526685719],[130.62965589696734,31.95614837455915],[130.53544541897975,31.977569386608337],[130.51818777369934,32.051669215032575],[130.59515027605676,32.104355318536506]]]}},{"type":"Feature","properties":{"h3":"854b75b7fffffff","countries":["JPN"],"common_intervals":0,"left_observed_intervals":3,"right_observed_intervals":4,"full_window_comparable":false,"expected_intervals":26,"downloaders_all_delta_pp":null,"downloaders_all_observed_common_delta_pp":null,"downloaders_all_left_share":null,"downloaders_all_right_share":null,"downloaders_without-hosting_delta_pp":null,"downloaders_without-hosting_observed_common_delta_pp":null,"downloaders_without-hosting_left_share":null,"downloaders_without-hosting_right_share":null,"uploaders_all_delta_pp":null,"uploaders_all_observed_common_delta_pp":null,"uploaders_all_left_share":null,"uploaders_all_right_share":null,"uploaders_without-hosting_delta_pp":null,"uploaders_without-hosting_observed_common_delta_pp":null,"uploaders_without-hosting_left_share":null,"uploaders_without-hosting_right_share":null},"geometry":{"type":"Polygon","coordinates":[[[130.71468998153486,32.35706448786872],[130.80903166328588,32.33572660725159],[130.82627993809425,32.261935295585175],[130.7491966050477,32.209488612662426],[130.65489849118808,32.230853910258766],[130.6376402248649,32.30463840214351],[130.71468998153486,32.35706448786872]]]}},{"type":"Feature","properties":{"h3":"854ba873fffffff","countries":["JPN"],"common_intervals":1,"left_observed_intervals":4,"right_observed_intervals":3,"full_window_comparable":false,"expected_intervals":26,"downloaders_all_delta_pp":null,"downloaders_all_observed_common_delta_pp":7.967532909454331e-06,"downloaders_all_left_share":null,"downloaders_all_right_share":null,"downloaders_without-hosting_delta_pp":null,"downloaders_without-hosting_observed_common_delta_pp":8.016343847221975e-06,"downloaders_without-hosting_left_share":null,"downloaders_without-hosting_right_share":null,"uploaders_all_delta_pp":null,"uploaders_all_observed_common_delta_pp":0.0,"uploaders_all_left_share":null,"uploaders_all_right_share":null,"uploaders_without-hosting_delta_pp":null,"uploaders_without-hosting_observed_common_delta_pp":0.0,"uploaders_without-hosting_left_share":null,"uploaders_without-hosting_right_share":null},"geometry":{"type":"Polygon","coordinates":[[[124.10311134432573,24.374549073563497],[124.19263295821025,24.35318957663215],[124.20983112336252,24.27189106967789],[124.13750528926906,24.211983092789563],[124.04804356900776,24.23339547738448],[124.03084785994767,24.314662887407607],[124.10311134432573,24.374549073563497]]]}}]}
