h3,countries,common_intervals,left_observed_intervals,right_observed_intervals,full_window_comparable,expected_intervals,downloaders_all_delta_pp,downloaders_all_observed_common_delta_pp,downloaders_all_left_share,downloaders_all_right_share,downloaders_without-hosting_delta_pp,downloaders_without-hosting_observed_common_delta_pp,downloaders_without-hosting_left_share,downloaders_without-hosting_right_share,uploaders_all_delta_pp,uploaders_all_observed_common_delta_pp,uploaders_all_left_share,uploaders_all_right_share,uploaders_without-hosting_delta_pp,uploaders_without-hosting_observed_common_delta_pp,uploaders_without-hosting_left_share,uploaders_without-hosting_right_share
85149633fffffff,CHN,26,26,26,True,26,0.004457141102433362,0.004457141102433362,0.032902814577109016,0.02844567347467565,0.005950776459727585,0.005950776459727585,0.03917775974521683,0.033226983285489245,0.02498476021215954,0.02498476021215954,0.042961587868335045,0.0179768276561755,0.040243866451282466,0.040243866451282466,0.06236148600416465,0.022117619552882165
85149c63fffffff,CHN,9,14,16,False,26,,4.6280450117722064e-05,,,,5.874023005253087e-05,,,,4.2534801974975926e-05,,,,5.2555926074834386e-05,,
8514aec3fffffff,CHN,1,7,5,False,26,,2.2158024647281205e-05,,,,2.950096694150767e-05,,,,0.0,,,,0.0,,
8514b273fffffff,CHN,19,22,23,False,26,,0.0008011355162772293,,,,0.0009616556760946549,,,,0.0008197513396636349,,,,0.0010238584169714432,,
8514b627fffffff,CHN,2,6,11,False,26,,1.0444198732569121e-05,,,,1.4064554862504338e-05,,,,0.0,,,,0.0,,
8520905bfffffff,AFG,26,26,26,True,26,-0.0019318372017694463,-0.0019318372017694463,0.0036235576837217237,0.00555539488549117,-0.0020239109252309204,-0.0020239109252309204,0.004177009514607173,0.006200920439838092,0.004147125630389385,0.004147125630389385,0.01534727877052594,0.011200153140136556,0.007947197093547676,0.007947197093547676,0.020748383437113403,0.012801186343565724
852090c7fffffff,AFG,0,1,10,False,26,,,,,,,,,,,,,,,,
852093c7fffffff,AFG,1,3,7,False,26,,0.00029174378298862664,,,,0.0003789175066122552,,,,0.0008052640152082576,,,,0.0009954513121820906,,
85209a03fffffff,PAK,2,4,10,False,26,,0.0002899491504443276,,,,0.00035849607477858077,,,,0.0004493629849394952,,,,0.0005996561059971783,,
85209a0bfffffff,PAK,26,26,26,True,26,-0.00087604888987084,-0.00087604888987084,0.0009496187734625381,0.0018256676633333778,-0.0009863354333295112,-0.0009863354333295112,0.0011288342556823332,0.002115169689011844,-0.0034001256808996985,-0.0034001256808996985,0.004283534622857442,0.00768366030375714,-0.0033991154785004167,-0.0033991154785004167,0.005990488590976251,0.009389604069476667
85209a43fffffff,PAK,0,1,2,False,26,,,,,,,,,,,,,,,,
85209a4bfffffff,PAK,26,26,26,True,26,-0.024224974853130007,-0.024224974853130007,0.021733601400500083,0.04595857625363009,-0.027547285403771424,-0.027547285403771424,0.025092929772026134,0.05264021517579756,-0.05276952508733086,-0.05276952508733086,0.08441498263110846,0.13718450771843932,-0.052680574709154666,-0.052680574709154666,0.11232752799114384,0.1650081027002985
85209a53fffffff,PAK,2,2,5,False,26,,5.991122994744565e-05,,,,7.472017932346137e-05,,,,0.00023491663066858794,,,,0.000292485434763147,,
85209a67fffffff,PAK,26,26,26,True,26,-0.0034727538372841807,-0.0034727538372841807,0.00508279021711232,0.008555544054396501,-0.003862017610386567,-0.003862017610386567,0.006046848444743327,0.009908866055129896,-0.00034991604413375934,-0.00034991604413375934,0.020604408368922304,0.020954324413056065,0.0025233730634697,0.0025233730634697,0.027751430206453178,0.02522805714298348
85209a6ffffffff,PAK,3,4,5,False,26,,5.692144005263268e-05,,,,7.81274252099388e-05,,,,0.00018525198500434504,,,,0.00024141634776585726,,
85209a7bfffffff,PAK,0,0,1,False,26,,,,,,,,,,,,,,,,
85209a87fffffff,PAK,0,0,1,False,26,,,,,,,,,,,,,,,,
85209acbfffffff,PAK,0,0,1,False,26,,,,,,,,,,,,,,,,
85209e1bfffffff,PAK,0,0,6,False,26,,,,,,,,,,,,,,,,
85209e33fffffff,PAK,0,0,1,False,26,,,,,,,,,,,,,,,,
85209e47fffffff,PAK,2,2,15,False,26,,-1.8921353113506348e-05,,,,-8.233073690127988e-06,,,,0.00016608748060820312,,,,0.00022079172559392023,,
85209e77fffffff,PAK,11,11,26,False,26,,-0.00032962980929069225,,,,-0.00036770322323166784,,,,-0.0012958636190174846,,,,-0.0014834636489137831,,
85209e8ffffffff,PAK,0,0,1,False,26,,,,,,,,,,,,,,,,
8520b2b3fffffff,AFG,7,14,10,False,26,,7.66000212182649e-05,,,,0.00011370563142724556,,,,0.0003778328600421922,,,,0.0005067351520918406,,
8520b2cffffffff,AFG,0,1,0,False,26,,,,,,,,,,,,,,,,
8520b33bfffffff,AFG,0,2,3,False,26,,,,,,,,,,,,,,,,
8520b61bfffffff,AFG,0,0,1,False,26,,,,,,,,,,,,,,,,
852405a7fffffff,MNG,0,0,1,False,26,,,,,,,,,,,,,,,,
852489b7fffffff,CHN,22,23,25,False,26,,0.00012279450213802744,,,,0.00016355200609491168,,,,0.00020420770302556127,,,,0.0002861120635531882,,
85248b07fffffff,CHN,26,26,26,True,26,2.2116836413175994e-05,2.2116836413175994e-05,0.001764064595447493,0.0017419477590343172,4.403133805622387e-05,4.403133805622387e-05,0.0020510418934349076,0.0020070105553786836,1.301291377196711e-06,1.301291377196711e-06,0.0011038166764803692,0.0011025153851031725,0.00016169055172086269,0.00016169055172086269,0.001471741340441605,0.001310050788720742
8524ab43fffffff,CHN,0,0,1,False,26,,,,,,,,,,,,,,,,
8524ae0bfffffff,CHN,0,1,0,False,26,,,,,,,,,,,,,,,,
8524aecffffffff,CHN,0,2,1,False,26,,,,,,,,,,,,,,,,
8524c013fffffff,CHN,0,1,2,False,26,,,,,,,,,,,,,,,,
8524c01bfffffff,CHN,0,2,6,False,26,,,,,,,,,,,,,,,,
8524c04ffffffff,CHN,26,26,26,True,26,0.00013233788918885905,0.00013233788918885905,0.0007367969805282842,0.0006044590913394251,0.00016268372890318374,0.00016268372890318374,0.0008603119445874906,0.0006976282156843067,0.00014451709418492205,0.00014451709418492205,0.00029084737607508075,0.0001463302818901587,0.00021344555663270015,0.00021344555663270015,0.00038438376417672274,0.00017093820754402259
8524c207fffffff,CHN,26,26,26,True,26,0.00039293765837438306,0.00039293765837438306,0.003731807361291012,0.0033388697029166285,0.0006794976617148792,0.0006794976617148792,0.00402638089688588,0.003346883235171002,-0.0015753688828951508,-0.0015753688828951508,0.002183268299892383,0.0037586371827875334,0.0001476086512681301,0.0001476086512681301,0.00215872243660807,0.00201111378533994
8524d2abfffffff,CHN,26,26,26,True,26,0.0009693453934986166,0.0009693453934986166,0.010487129421902903,0.009517784028404285,0.001387552574500057,0.001387552574500057,0.012476185661012868,0.011088633086512811,0.0032418337183374914,0.0032418337183374914,0.010088265089314449,0.006846431370976957,0.005521158411456907,0.005521158411456907,0.013794226170656761,0.00827306775919985
8524da13fffffff,CHN,0,1,2,False,26,,,,,,,,,,,,,,,,
8524de2bfffffff,CHN,4,6,8,False,26,,8.884366978859983e-05,,,,0.00011107651099758958,,,,-0.00010891511771550557,,,,-0.00011737995447545321,,
8524e95bfffffff,CHN,0,1,4,False,26,,,,,,,,,,,,,,,,
8524eecffffffff,CHN,0,0,1,False,26,,,,,,,,,,,,,,,,
8524f2cbfffffff,CHN,0,0,1,False,26,,,,,,,,,,,,,,,,
85255a3bfffffff,MNG,26,26,26,True,26,0.00015338729850797344,0.00015338729850797344,0.026400360949618316,0.026246973651110343,0.0012204666892635945,0.0012204666892635945,0.028764362920853475,0.027543896231589877,-0.002076145097812727,-0.002076145097812727,0.023660003289741185,0.02573614838755391,0.0028086563579977864,0.0028086563579977864,0.026335870637313588,0.023527214279315794
85258e0bfffffff,CHN,5,6,13,False,26,,4.8959444120078804e-05,,,,6.23273312859015e-05,,,,0.0001306833448918787,,,,0.00016606359567564172,,
8525b023fffffff,CHN,26,26,26,True,26,0.0006914462373853465,0.0006914462373853465,0.008928973229870006,0.00823752699248466,0.0009744699168023608,0.0009744699168023608,0.010233870426835545,0.009259400510033185,0.0005335552246286049,0.0005335552246286049,0.0074970059978844384,0.006963450773255835,0.0016546543088277995,0.0016546543088277995,0.00998285361145253,0.00832819930262473
8525b0a7fffffff,CHN,26,26,26,True,26,0.0002068439394572891,0.0002068439394572891,0.0026546441490465046,0.002447800209589215,0.00030126188162927093,0.00030126188162927093,0.0031628769428327036,0.002861615061203433,0.000582753641339688,0.000582753641339688,0.0010102389933625085,0.00042748535202282036,0.0008590972001140217,0.0008590972001140217,0.001356761509484036,0.0004976643093700142
8525b0abfffffff,CHN,4,5,10,False,26,,9.044938996489577e-05,,,,0.0001124970222379927,,,,-3.637584008666311e-05,,,,-3.70583156201429e-05,,
8525b463fffffff,CHN,0,2,2,False,26,,,,,,,,,,,,,,,,
852c194ffffffff,IRN,0,1,1,False,26,,,,,,,,,,,,,,,,
852c1c1bfffffff,IRN,0,1,0,False,26,,,,,,,,,,,,,,,,
852c1c63fffffff,IRN,15,19,22,False,26,,0.00027527851649928583,,,,0.0003370285478852745,,,,0.0012003957693266136,,,,0.001617292080071236,,
852c88affffffff,IRN,0,1,0,False,26,,,,,,,,,,,,,,,,
852c8b6ffffffff,IRN,13,14,19,False,26,,6.547421970904969e-05,,,,8.362426842503872e-05,,,,-9.819893065037066e-05,,,,-0.00011470683737281316,,
852c8d43fffffff,IRN,1,1,3,False,26,,8.54048015264841e-05,,,,0.00010551266345928443,,,,0.00022979951608943392,,,,0.0002763378982725233,,
852c8d7bfffffff,IRN,0,0,1,False,26,,,,,,,,,,,,,,,,
852c9c53fffffff,IRN,9,11,10,False,26,,5.206198022731853e-05,,,,8.630557117277055e-05,,,,0.0,,,,0.0,,
852c9ddbfffffff,IRN,3,9,9,False,26,,0.00022628592279851548,,,,2.854239276581449e-05,,,,-5.8638473288709456e-05,,,,-6.696600470771013e-05,,
852ca8abfffffff,IRN,0,2,1,False,26,,,,,,,,,,,,,,,,
852caa87fffffff,IRN,0,3,2,False,26,,,,,,,,,,,,,,,,
852cab3bfffffff,IRN,0,0,2,False,26,,,,,,,,,,,,,,,,
852cac6ffffffff,IRN,9,13,13,False,26,,2.4417604877108996e-05,,,,2.5784987696861266e-05,,,,0.0,,,,0.0,,
852cc04ffffffff,IRN,0,1,0,False,26,,,,,,,,,,,,,,,,
852cc607fffffff,IRN,3,7,3,False,26,,0.00023243864740239578,,,,0.0002818944781615461,,,,0.000275565389216712,,,,0.0003442405889672077,,
852cd527fffffff,IRN,0,3,0,False,26,,,,,,,,,,,,,,,,
852cf013fffffff,IRN,3,3,7,False,26,,0.00010945690385486666,,,,0.00013353924653227833,,,,0.00025956059618577906,,,,0.0003136171044187033,,
852cf26bfffffff,IRN,3,8,5,False,26,,0.00021010942890044084,,,,0.0002579618793754779,,,,0.0003753556880598362,,,,0.00046477345490947194,,
852cf303fffffff,IRN,26,26,26,True,26,0.006127599519465088,0.006127599519465088,0.02424213992003948,0.018114540400574388,0.007293367787813572,0.007293367787813572,0.025228987245107845,0.01793561945729428,0.03348173821267633,0.03348173821267633,0.06375804783908944,0.030276309626413096,0.050412126184206395,0.050412126184206395,0.08641242270177124,0.03600029651756484
852cf31bfffffff,IRN,8,15,9,False,26,,0.00011681566591414289,,,,6.642358928564876e-05,,,,0.00012596391838599994,,,,0.000121049456318041,,
852cf347fffffff,IRN,4,5,6,False,26,,0.0001385171946457325,,,,0.0,,,,0.0,,,,0.0,,
852cf38bfffffff,IRN,0,1,3,False,26,,,,,,,,,,,,,,,,
852cf3cffffffff,IRN,0,2,1,False,26,,,,,,,,,,,,,,,,
852cf48bfffffff,IRN,1,5,6,False,26,,0.0009822671286749552,,,,0.001176563816862371,,,,0.0014357641211113427,,,,0.0017129775300891413,,
852cf513fffffff,IRN,17,21,20,False,26,,7.187790465455568e-05,,,,9.68261717284087e-05,,,,0.0003782421678189863,,,,0.00047137629212484745,,
852e0167fffffff,JPN,0,0,1,False,26,,,,,,,,,,,,,,,,
852e0803fffffff,JPN,26,26,26,True,26,0.0002704119387262054,0.0002704119387262054,0.0017022840277535938,0.0014318720890273882,0.0003596511235356419,0.0003596511235356419,0.0020268835412048866,0.0016672324176692445,0.0003299220478767286,0.0003299220478767286,0.0005648186418044266,0.00023489659392769807,0.000481771311228488,0.000481771311228488,0.0007798335316871135,0.0002980622204586254
852e083bfffffff,JPN,0,1,0,False,26,,,,,,,,,,,,,,,,
852e084bfffffff,JPN,10,14,17,False,26,,2.451664474346591e-05,,,,3.317534599794828e-05,,,,6.042715471679784e-05,,,,7.315073420865579e-05,,
852e086bfffffff,JPN,5,10,10,False,26,,3.0317108969902693e-05,,,,4.082590224904018e-05,,,,0.00015963093328225144,,,,0.00022227655649158682,,
852e0893fffffff,JPN,2,9,8,False,26,,8.41336774545056e-05,,,,0.00010262844434886405,,,,0.00017939640220399468,,,,0.00024339908109588504,,
852e089bfffffff,JPN,5,9,11,False,26,,2.18166707310263e-05,,,,3.000315471716675e-05,,,,0.0,,,,0.0,,
852e08bbfffffff,JPN,2,9,4,False,26,,-5.994700391404904e-05,,,,-6.791132770656313e-05,,,,0.0,,,,0.0,,
852e08c3fffffff,JPN,0,1,0,False,26,,,,,,,,,,,,,,,,
852e0a03fffffff,JPN,3,9,8,False,26,,0.0001147870969170577,,,,0.00014191958461006254,,,,0.0,,,,0.0,,
852e0a13fffffff,JPN,0,0,1,False,26,,,,,,,,,,,,,,,,
852e0a17fffffff,JPN,26,26,26,True,26,8.617432051217746e-05,8.617432051217746e-05,0.0005653486848084235,0.000479174364296246,0.00011352825003775949,0.00011352825003775949,0.0006726726027053415,0.0005591443526675821,9.739053373860254e-05,9.739053373860254e-05,0.0001341454501282069,3.675491638960437e-05,0.0001304773148471823,0.0001304773148471823,0.00017185108750657067,4.137377265938837e-05
852e0a1bfffffff,JPN,26,26,26,True,26,7.634210698419687e-05,7.634210698419687e-05,0.0013051190495242616,0.001228776942540065,0.00011858615072922862,0.00011858615072922862,0.0015522326995411663,0.0014336465488119375,3.846614163097415e-05,3.846614163097415e-05,0.00024227006831828603,0.0002038039266873118,6.849283366755176e-05,6.849283366755176e-05,0.0003319929320767734,0.0002635000984092216
852e0a37fffffff,JPN,0,0,1,False,26,,,,,,,,,,,,,,,,
852e0a8ffffffff,JPN,0,0,1,False,26,,,,,,,,,,,,,,,,
852e0c03fffffff,JPN,3,7,7,False,26,,5.036754795071766e-05,,,,6.20629200311072e-05,,,,0.0,,,,0.0,,
852e0c0bfffffff,JPN,22,24,23,False,26,,5.515058072370642e-05,,,,7.093192366786065e-05,,,,0.0007197967345954556,,,,0.0010679345856184526,,
852e0c2ffffffff,JPN,0,1,0,False,26,,,,,,,,,,,,,,,,
852e0c47fffffff,JPN,6,13,11,False,26,,5.904429711064862e-05,,,,7.463601547593716e-05,,,,4.7829360148385804e-05,,,,5.839388779497672e-05,,
852e0c7bfffffff,JPN,4,11,14,False,26,,5.425805718111632e-05,,,,6.987223416534332e-05,,,,0.0,,,,0.0,,
852e0c87fffffff,JPN,0,1,0,False,26,,,,,,,,,,,,,,,,
852e0c8ffffffff,JPN,8,8,12,False,26,,-2.0490643606851328e-05,,,,-2.0635310226281575e-05,,,,0.0,,,,0.0,,
852e0c97fffffff,JPN,26,26,26,True,26,0.00010083399877838416,0.00010083399877838416,0.0006286736665737441,0.0005278396677953598,0.00013174664091190395,0.00013174664091190395,0.0007473125116678289,0.0006155658707559248,-2.0294571916505188e-05,-2.0294571916505188e-05,1.1758666078106233e-05,3.2053237994611424e-05,-2.6208324558209122e-05,-2.6208324558209122e-05,1.4535454152997284e-05,4.0743778711206404e-05
852e0cb3fffffff,JPN,22,24,24,False,26,,2.9983700343939638e-05,,,,4.082826249567374e-05,,,,-3.143227484518999e-05,,,,-3.940284919490499e-05,,
852e0cbbfffffff,JPN,0,1,0,False,26,,,,,,,,,,,,,,,,
852e0cc3fffffff,JPN,0,0,1,False,26,,,,,,,,,,,,,,,,
852e0d03fffffff,JPN,13,20,17,False,26,,2.3049064257046287e-05,,,,3.278544364577277e-05,,,,-1.179062166878092e-05,,,,-1.335859711219191e-05,,
852e0d73fffffff,JPN,6,10,12,False,26,,8.656916299993537e-06,,,,1.3151905250001245e-05,,,,5.0954219671793675e-05,,,,6.298696799632156e-05,,
852e0d97fffffff,JPN,1,4,4,False,26,,1.9287740691107305e-05,,,,2.5404879639209023e-05,,,,0.0,,,,0.0,,
852e0d9bfffffff,JPN,10,17,12,False,26,,6.690661883916478e-05,,,,8.556171320168313e-05,,,,-3.053766539941811e-05,,,,-3.4585202021699684e-05,,
852e0db7fffffff,JPN,0,0,1,False,26,,,,,,,,,,,,,,,,
852e0dc3fffffff,JPN,0,1,2,False,26,,,,,,,,,,,,,,,,
852e0dcffffffff,JPN,0,1,2,False,26,,,,,,,,,,,,,,,,
852e0dd3fffffff,JPN,0,2,0,False,26,,,,,,,,,,,,,,,,
852e0e4ffffffff,JPN,26,26,26,True,26,3.3536440845145916e-05,3.3536440845145916e-05,0.0009074460321419764,0.0008739095912968305,6.0968046405204565e-05,6.0968046405204565e-05,0.0010798395761340471,0.0010188715297288426,0.00014004576375155646,0.00014004576375155646,0.00017344581917111098,3.3400055419554524e-05,0.0001990800855593918,0.0001990800855593918,0.00023702119851408076,3.7941112954688986e-05
852e0e6bfffffff,JPN,13,19,18,False,26,,3.153195198107593e-05,,,,4.153506321589376e-05,,,,7.882916616084618e-05,,,,0.00011695947471160717,,
852e0e73fffffff,JPN,4,6,6,False,26,,3.797479599926427e-05,,,,5.600987391390513e-05,,,,0.0,,,,0.0,,
852e0e77fffffff,JPN,0,1,1,False,26,,,,,,,,,,,,,,,,
852e0ea3fffffff,JPN,26,26,26,True,26,0.00027906968345536165,0.00027906968345536165,0.0018852669264435187,0.0016061972429881571,0.0003693784992156087,0.0003693784992156087,0.0022440499310318685,0.0018746714318162601,0.00033509928888241983,0.00033509928888241983,0.0005789753665082644,0.00024387607762584458,0.0005087137327607097,0.0005087137327607097,0.0008206039721440585,0.00031189023938334854
852e0eabfffffff,JPN,0,1,0,False,26,,,,,,,,,,,,,,,,
852e0eb7fffffff,JPN,17,19,20,False,26,,-1.3761465580027818e-05,,,,-8.738941870886533e-06,,,,0.0,,,,0.0,,
852e132bfffffff,JPN,26,26,26,True,26,0.00019417629591988815,0.00019417629591988815,0.0016001879302213616,0.0014060116343014735,0.0002632434273695563,0.0002632434273695563,0.0019042602372874781,0.001641016809917922,0.00040422908187541664,0.00040422908187541664,0.0007160337878294905,0.0003118047059540737,0.0006271720816029415,0.0006271720816029415,0.0010074275469416085,0.00038025546533866704
852e1917fffffff,JPN,26,26,26,True,26,0.00021932347576693163,0.00021932347576693163,0.001988338527455511,0.0017690150516885793,0.0003021667557551004,0.0003021667557551004,0.002366061600597467,0.002063894844842367,7.895636948052118e-05,7.895636948052118e-05,0.0001781929829655179,9.92366134849967e-05,0.000110018699959207,0.000110018699959207,0.00022838681380399649,0.00011836811384478949
852e194ffffffff,JPN,22,23,25,False,26,,7.757359364994791e-05,,,,9.777135866483325e-05,,,,3.590078492331271e-05,,,,4.381367359823216e-05,,
852e1a0ffffffff,JPN,1,2,3,False,26,,0.00013957005149225202,,,,0.00016979050832150705,,,,0.0,,,,0.0,,
852e1a27fffffff,JPN,0,1,1,False,26,,,,,,,,,,,,,,,,
852e1a6bfffffff,JPN,26,26,26,True,26,0.000258473217640589,0.000258473217640589,0.0011964597594217225,0.0009379865417811334,0.00032908476813302165,0.00032908476813302165,0.0014234228458322987,0.001094338077699277,0.0005643807616570859,0.0005643807616570859,0.0006043985506201937,4.0017788963107844e-05,0.000831088758708071,0.000831088758708071,0.0008794947820615304,4.840602335345954e-05
852e1b47fffffff,JPN,0,3,4,False,26,,,,,,,,,,,,,,,,
852e1b53fffffff,JPN,25,26,25,False,26,,0.00013788045996742784,,,,0.0001717386747299385,,,,4.1556418750173256e-05,,,,5.948753490657809e-05,,
852e1b57fffffff,JPN,26,26,26,True,26,0.003059103889025108,0.003059103889025108,0.01668880819910394,0.013629704310078828,0.003948605302403671,0.003948605302403671,0.019846745634435316,0.015898140332031647,0.0034822554007324256,0.0034822554007324256,0.005082483434476874,0.0016002280337444473,0.004966160659990109,0.004966160659990109,0.006969383120877966,0.0020032224608878568
852e1b73fffffff,JPN,26,26,26,True,26,7.164576396101737e-05,7.164576396101737e-05,0.0005067203004586544,0.00043507453649763704,9.48637691213219e-05,9.48637691213219e-05,0.0006027128041532966,0.0005078490350319747,5.151907935734784e-06,5.151907935734784e-06,6.667116683791548e-05,6.151925890218069e-05,5.863364441065495e-06,5.863364441065495e-06,8.032594277044765e-05,7.446257832938215e-05
852e1b87fffffff,JPN,22,23,25,False,26,,0.00024467614326079926,,,,0.00030503114833295924,,,,8.163648957884433e-05,,,,0.0001252454362638651,,
852e1b9bfffffff,JPN,24,25,25,False,26,,0.00010307702552590256,,,,0.00012907985010807176,,,,0.00014523619256432972,,,,0.00019823808170672317,,
852e1bb7fffffff,JPN,0,0,1,False,26,,,,,,,,,,,,,,,,
852e1bc3fffffff,JPN,24,25,25,False,26,,4.6346266087671834e-05,,,,6.513707479255032e-05,,,,0.0001188300463960005,,,,0.00017355320305502647,,
852e1bc7fffffff,JPN,3,14,7,False,26,,4.235514003665109e-05,,,,5.224827828821658e-05,,,,-5.109269389805066e-05,,,,-5.788725415283161e-05,,
852e1bcffffffff,JPN,4,8,11,False,26,,4.216171416288598e-05,,,,5.620990208685933e-05,,,,0.0,,,,0.0,,
852e1d2bfffffff,JPN,0,7,2,False,26,,,,,,,,,,,,,,,,
852e1da7fffffff,JPN,1,3,6,False,26,,8.278337467704439e-05,,,,9.629093234447998e-05,,,,0.0,,,,0.0,,
852e1e0ffffffff,JPN,0,0,1,False,26,,,,,,,,,,,,,,,,
852e1e6bfffffff,JPN,0,0,2,False,26,,,,,,,,,,,,,,,,
852e1e6ffffffff,JPN,26,26,26,True,26,0.0002238591813239759,0.0002238591813239759,0.000745771827108527,0.000521912645784551,0.00027780474058531967,0.00027780474058531967,0.000887293233391495,0.0006094884928061755,1.975476104824523e-05,1.975476104824523e-05,9.319643429641622e-05,7.344167324817099e-05,1.4962534473465865e-05,1.4962534473465865e-05,0.00011272607811228096,9.77635436388151e-05
852e2923fffffff,JPN,25,25,26,False,26,,0.00012926331789210732,,,,0.00016587073856598334,,,,0.00018599032250191444,,,,0.0002753638893824785,,
852e2937fffffff,JPN,2,6,9,False,26,,2.765439017739219e-05,,,,3.501887879463335e-05,,,,0.0,,,,0.0,,
852e293bfffffff,JPN,0,4,9,False,26,,,,,,,,,,,,,,,,
852e2947fffffff,JPN,0,1,1,False,26,,,,,,,,,,,,,,,,
852e2953fffffff,JPN,26,26,26,True,26,0.00019413405347267862,0.00019413405347267862,0.0010055370218777224,0.0008114029684050439,0.00025033967213312995,0.00025033967213312995,0.0011966852284851037,0.0009463455563519736,0.00014434461598204787,0.00014434461598204787,0.00018990796858043996,4.556335259839209e-05,0.00020746195160148228,0.00020746195160148228,0.00026255641673714165,5.5094465135659364e-05
852e2977fffffff,JPN,3,8,7,False,26,,0.00014389424749303988,,,,0.00017556209202762604,,,,7.659983869647798e-05,,,,9.211263275750777e-05,,
852e297bfffffff,JPN,26,26,26,True,26,0.0001381964538329542,0.0001381964538329542,0.0006027076758797013,0.0004645112220467471,0.0001767359026082811,0.0001767359026082811,0.0007172065665516161,0.000540470663943335,0.00015784566203432584,0.00015784566203432584,0.00018653700802448282,2.8691345990156996e-05,0.0002246904265078641,0.0002246904265078641,0.00026051399970440235,3.582357319653822e-05
852e2987fffffff,JPN,12,16,16,False,26,,4.5663848322943135e-06,,,,9.42773955201887e-06,,,,-0.00021164969326831315,,,,-0.0002528322945419238,,
852e298bfffffff,JPN,26,26,26,True,26,2.764451645239789e-05,2.764451645239789e-05,0.000741234836952377,0.0007135903204999792,4.833669883895563e-05,4.833669883895563e-05,0.0008816609770688524,0.0008333242782298967,3.747041962443465e-05,3.747041962443465e-05,7.558682522527774e-05,3.811640560084309e-05,5.2320886402214914e-05,5.2320886402214914e-05,0.00010070291558496181,4.838202918274691e-05
852e298ffffffff,JPN,0,1,0,False,26,,,,,,,,,,,,,,,,
852e2997fffffff,JPN,26,26,26,True,26,0.00014339260479904824,0.00014339260479904824,0.0005878219898075601,0.0004444293850085118,0.00018071636245705876,0.00018071636245705876,0.0007007523466615535,0.0005200359842044947,6.075576295386358e-05,6.075576295386358e-05,8.285845182358947e-05,2.2102688869725883e-05,9.074616521829703e-05,9.074616521829703e-05,0.00011578613969077793,2.5039974472480903e-05
852e29a3fffffff,JPN,0,1,1,False,26,,,,,,,,,,,,,,,,
852e29a7fffffff,JPN,16,16,23,False,26,,4.888735713715437e-05,,,,6.211655408742718e-05,,,,6.0820739385564565e-05,,,,8.927678660705359e-05,,
852e29affffffff,JPN,0,2,4,False,26,,,,,,,,,,,,,,,,
852e29b3fffffff,JPN,5,11,15,False,26,,-1.8546231165324955e-06,,,,2.4948182206626854e-06,,,,0.00014181178739576834,,,,0.0001920897443285503,,
852e29b7fffffff,JPN,26,26,26,True,26,0.00014243712016678086,0.00014243712016678086,0.0006356660380712614,0.0004932289179044806,0.00018209494806392887,0.00018209494806392887,0.0007572203644462968,0.000575125416382368,0.00022863271982444375,0.00022863271982444375,0.00024427868423405506,1.5645964409611303e-05,0.0003116864383836932,0.0003116864383836932,0.0003292061642292638,1.7519725845570534e-05
852e29c7fffffff,JPN,10,13,17,False,26,,-2.2083906158398302e-05,,,,-2.147568725466807e-05,,,,0.0,,,,0.0,,
852e2b03fffffff,JPN,0,1,0,False,26,,,,,,,,,,,,,,,,
852e2b0bfffffff,JPN,25,25,26,False,26,,0.0001026379801694302,,,,0.0001322546823554671,,,,-2.21880079059481e-06,,,,-4.34861677617868e-08,,
852e2b0ffffffff,JPN,0,1,2,False,26,,,,,,,,,,,,,,,,
852e2b27fffffff,JPN,26,26,26,True,26,0.0001296174507845444,0.0001296174507845444,0.0007986834366512372,0.0006690659858666928,0.00016899932394539595,0.00016899932394539595,0.0009501657774673705,0.0007811664535219746,9.620772134404708e-05,9.620772134404708e-05,0.00010149593004003036,5.2882086959832624e-06,0.00013061417111363065,0.00013061417111363065,0.00013655629694717721,5.942125833546556e-06
852e2b2bfffffff,JPN,0,0,1,False,26,,,,,,,,,,,,,,,,
852e2b2ffffffff,JPN,0,4,4,False,26,,,,,,,,,,,,,,,,
852e2b33fffffff,JPN,1,5,6,False,26,,0.00010608365069985021,,,,0.00013535399612958317,,,,0.0,,,,0.0,,
852e2b43fffffff,JPN,26,26,26,True,26,7.553444424473622e-05,7.553444424473622e-05,0.00031236149942356396,0.00023682705517882776,9.539134146586112e-05,9.539134146586112e-05,0.00037159567905555924,0.0002762043375896981,-1.2634293592904841e-05,-1.2634293592904841e-05,6.006043643897127e-05,7.269473003187612e-05,-1.0258523303410527e-05,-1.0258523303410527e-05,8.438740796851984e-05,9.464593127193037e-05
852e2b47fffffff,JPN,26,26,26,True,26,0.001435459452538885,0.001435459452538885,0.009655009468145164,0.008219550015606278,0.0019001431892256176,0.0019001431892256176,0.011488860831293744,0.009588717642068126,0.0011739705195158033,0.0011739705195158033,0.0027209466942235898,0.001546976174707787,0.0018672883776901848,0.0018672883776901848,0.0037897556548359434,0.0019224672771457588
852e2b4bfffffff,JPN,2,5,8,False,26,,-5.682975971664106e-05,,,,-6.174689923011898e-05,,,,-0.0006270142833853756,,,,-0.0008330209504769045,,
852e2b4ffffffff,JPN,12,17,17,False,26,,-2.024850312597295e-06,,,,1.246113102094719e-06,,,,-2.291557101592747e-05,,,,-2.574921194536841e-05,,
852e2b67fffffff,JPN,26,26,26,True,26,0.00022502982346052185,0.00022502982346052185,0.0011113944611825448,0.0008863646377220228,0.000287018922240205,0.000287018922240205,0.001320630128123385,0.00103361120588318,0.0001946322041358233,0.0001946322041358233,0.0002753881810672995,8.07559769314762e-05,0.0002916854539648409,0.0002916854539648409,0.0003884075617767268,9.672210781188599e-05
852e2b6ffffffff,JPN,13,18,18,False,26,,7.966840715439315e-05,,,,9.922862760192837e-05,,,,2.5936736547326558e-05,,,,4.499542395981825e-05,,
852e2b83fffffff,JPN,0,1,0,False,26,,,,,,,,,,,,,,,,
852e2ba3fffffff,JPN,11,16,17,False,26,,1.8329495775963276e-05,,,,2.5052448053818836e-05,,,,0.00017693306003073328,,,,0.00025971428831142863,,
852e2ba7fffffff,JPN,0,0,1,False,26,,,,,,,,,,,,,,,,
852e2babfffffff,JPN,26,26,26,True,26,0.000142818533987554,0.000142818533987554,0.0009436290754833859,0.000800810541495832,0.00018772863380799363,0.00018772863380799363,0.0011232250794747868,0.0009354964456667934,3.588109376622887e-05,3.588109376622887e-05,0.0001618855492251275,0.0001260044554588986,6.113059580742706e-05,6.113059580742706e-05,0.0002174470637664436,0.00015631646795901652
852e2bb3fffffff,JPN,0,3,1,False,26,,,,,,,,,,,,,,,,
852e2bb7fffffff,JPN,26,26,26,True,26,0.0004966657051670427,0.0004966657051670427,0.003454422367074228,0.002957756661907185,0.0006570564592248046,0.0006570564592248046,0.004110460535464943,0.0034534040762401385,0.0011386061978782456,0.0011386061978782456,0.0013672677242613331,0.00022866152638308757,0.0015537012712371395,0.0015537012712371395,0.001835904873674497,0.00028220360243735767
852e2da7fffffff,JPN,1,2,5,False,26,,2.557915073865999e-05,,,,3.702444904632042e-05,,,,0.0,,,,0.0,,
852e4483fffffff,JPN,5,13,14,False,26,,4.6431264226888324e-05,,,,5.366987523290014e-05,,,,-9.513661618083568e-05,,,,-0.00011835580120959628,,
852e449bfffffff,JPN,26,26,26,True,26,0.0002508625331860062,0.0002508625331860062,0.0011646451949910808,0.000913782661805075,0.00031698653577171595,0.00031698653577171595,0.0013846483178338077,0.0010676617820620916,-1.9014493879580017e-06,-1.9014493879580017e-06,6.094298330192881e-05,6.284443268988682e-05,-4.1583365710959505e-06,-4.1583365710959505e-06,7.679145529508691e-05,8.094979186618287e-05
852e44d3fffffff,JPN,26,26,26,True,26,0.0005580834234682166,0.0005580834234682166,0.0035271510843199708,0.002969067660851754,0.0007269971789164957,0.0007269971789164957,0.004192054112958745,0.0034650569340422504,-4.3592491223163944e-05,-4.3592491223163944e-05,0.0003777489282962793,0.00042134141951944326,-2.2349819544890023e-05,-2.2349819544890023e-05,0.0005016389518028289,0.000523988771347719
852e44dbfffffff,JPN,4,7,12,False,26,,2.2552321574306175e-05,,,,3.151208341034939e-05,,,,0.0,,,,0.0,,
852e6007fffffff,JPN,26,26,26,True,26,0.0010294380201218332,0.0010294380201218332,0.007022386653805724,0.005992948633683891,0.0013572625477835454,0.0013572625477835454,0.008355121696475539,0.0069978591486919905,0.0013066773461744253,0.0013066773461744253,0.001954849800673801,0.0006481724544993757,0.001901324573386755,0.001901324573386755,0.0027070108197489212,0.0008056862463621656
852e600bfffffff,JPN,26,26,26,True,26,0.00027085109367937373,0.00027085109367937373,0.001682253649680101,0.0014114025560007272,0.0003558662430923432,0.0003558662430923432,0.0020035185994520532,0.0016476523563597099,8.474637381544619e-06,8.474637381544619e-06,0.00021203329385002174,0.00020355865646847708,3.6246811743956054e-05,3.6246811743956054e-05,0.0002953773566410811,0.00025913054489712503
852e600ffffffff,JPN,26,26,26,True,26,5.7972610439003314e-05,5.7972610439003314e-05,0.0007968187054144492,0.0007388460949754457,8.590823599236282e-05,8.590823599236282e-05,0.0009489465163048078,0.0008630382803124449,0.0003808080731408913,0.0003808080731408913,0.0005117017548930279,0.00013089368175213652,0.0005523258577589441,0.0005523258577589441,0.0007103923920107927,0.00015806653425184865
852e6013fffffff,JPN,26,26,26,True,26,9.242178945782785e-05,9.242178945782785e-05,0.0006372596537802314,0.0005448378643224036,0.00012306827916001072,0.00012306827916001072,0.0007582368164101768,0.000635168537250166,0.00013790504679392707,0.00013790504679392707,0.0002262432235121014,8.833817671817433e-05,0.0002220717254849859,0.0002220717254849859,0.00033153266641544496,0.00010946094093045902
852e601bfffffff,JPN,26,26,26,True,26,0.00031391074173608345,0.00031391074173608345,0.0017802175018125101,0.0014663067600764264,0.00040659821185663915,0.00040659821185663915,0.0021175419418675433,0.0017109437300109039,-0.00014403325386931122,-0.00014403325386931122,0.000340926573959647,0.0004849598278289582,-0.00013691854082315352,-0.00013691854082315352,0.0004567901811356461,0.0005937087219587997
852e6027fffffff,JPN,25,25,26,False,26,,0.0001652101746498746,,,,0.00020515771978932182,,,,1.3974201143199216e-05,,,,2.604060272646702e-05,,
852e602ffffffff,JPN,25,26,25,False,26,,7.373857417295916e-05,,,,9.567991464664341e-05,,,,2.4887772608590922e-05,,,,3.4974576462065915e-05,,
852e6033fffffff,JPN,5,13,11,False,26,,2.672467097814805e-05,,,,3.412287225595643e-05,,,,0.0,,,,0.0,,
852e6043fffffff,JPN,26,26,26,True,26,0.000657659493084834,0.000657659493084834,0.0040043728794950375,0.0033467133864102027,0.0008589449460238313,0.0008589449460238313,0.004764439219908444,0.003905494273884614,0.0007438377685397365,0.0007438377685397365,0.0011068566121904373,0.0003630188436507008,0.0011172062447877668,0.0011172062447877668,0.0015605203483375074,0.0004433141035497407
852e6047fffffff,JPN,26,26,26,True,26,0.0010786894075981155,0.0010786894075981155,0.00721507006632755,0.006136380658729434,0.0014205562053091726,0.0014205562053091726,0.008581049506756215,0.007160493301447043,0.0008381728367824735,0.0008381728367824735,0.001563180039255884,0.0007250072024734109,0.001285225625293584,0.001285225625293584,0.0021805692330688015,0.0008953436077752179
852e604bfffffff,JPN,26,26,26,True,26,3.333307682495298e-05,3.333307682495298e-05,0.001016880413230194,0.0009835473364052407,6.320012077718921e-05,6.320012077718921e-05,0.0012099336113959391,0.0011467334906187497,-0.0002279877299076662,-0.0002279877299076662,0.0001601633924088681,0.00038815112231653433,-0.0002708806474134949,-0.0002708806474134949,0.00021322956453176663,0.00048411021194526163
852e604ffffffff,JPN,26,26,26,True,26,0.0008668694420762903,0.0008668694420762903,0.004922431206658113,0.004055561764581823,0.0011211854746021334,0.0011211854746021334,0.005855970166464205,0.004734784691862072,0.0016590418850617344,0.0016590418850617344,0.0022816755857289527,0.0006226337006672181,0.0024436080514584897,0.0024436080514584897,0.0032239939671225453,0.0007803859156640549
852e6053fffffff,JPN,26,26,26,True,26,0.000351086085732318,0.000351086085732318,0.002128552646394078,0.00177746656066176,0.0004187149988358239,0.0004187149988358239,0.002457991248097258,0.0020392762492614344,0.00021634225657899542,0.00021634225657899542,0.0003511203888246724,0.00013477813224567703,0.0001651531896952172,0.0001651531896952172,0.0003355247875101205,0.00017037159781490327
852e6057fffffff,JPN,26,26,26,True,26,0.008510204350431642,0.008510204350431642,0.05866879026104092,0.05015858591060929,0.011276282459782513,0.011276282459782513,0.06978136854264344,0.05850508608286094,0.0056767982384646415,0.0056767982384646415,0.017522931908998746,0.011846133670534106,0.009556469519781013,0.009556469519781013,0.024290578560381613,0.014734109040600595
852e605bfffffff,JPN,26,26,26,True,26,0.0006367932911034302,0.0006367932911034302,0.003357507008980944,0.0027207137178775135,0.0007366317620885281,0.0007366317620885281,0.003824522759173092,0.003087890997084564,0.002063216577572207,0.002063216577572207,0.0026660904390394583,0.000602873861467251,0.0025589811969207597,0.0025589811969207597,0.0033081506253716123,0.0007491694284508523
852e6063fffffff,JPN,5,9,10,False,26,,7.799211880488646e-05,,,,9.66943215646705e-05,,,,0.00015963093328225144,,,,0.00022227655649158682,,
852e6067fffffff,JPN,3,8,6,False,26,,8.799321342363302e-05,,,,0.00011019012232412633,,,,0.0,,,,0.0,,
852e606bfffffff,JPN,17,24,18,False,26,,1.206709514023397e-06,,,,7.0952605109739165e-06,,,,4.715161791346547e-05,,,,6.7162414838058e-05,,
852e6073fffffff,JPN,11,16,14,False,26,,5.14436205449928e-05,,,,6.499953947297671e-05,,,,0.00013707727894940997,,,,0.00016999970353862004,,
852e607bfffffff,JPN,26,26,26,True,26,0.00029473533219154154,0.00029473533219154154,0.0016050139147404286,0.0013102785825488867,0.0003307496207853102,0.0003307496207853102,0.0017113746071605817,0.0013806249863752716,9.01502797973894e-05,9.01502797973894e-05,0.0002612512751808081,0.00017110099538341866,5.817114252786887e-05,5.817114252786887e-05,0.00027471504475520836,0.00021654390222733955
852e608bfffffff,JPN,2,8,4,False,26,,4.26924839319926e-05,,,,5.696589785617001e-05,,,,0.0,,,,0.0,,
852e6097fffffff,JPN,0,2,1,False,26,,,,,,,,,,,,,,,,
852e60a3fffffff,JPN,26,26,26,True,26,0.00012084077241506324,0.00012084077241506324,0.0006949684739871109,0.0005741277015720476,0.00015746263729291912,0.00015746263729291912,0.000827167799843595,0.0006697051625506759,-2.788113276798269e-05,-2.788113276798269e-05,6.22502959366e-05,9.013142870458269e-05,-3.447395284742896e-05,-3.447395284742896e-05,7.723407059650717e-05,0.00011170802344393613
852e60abfffffff,JPN,26,26,26,True,26,0.0005075398035107855,0.0005075398035107855,0.0036863450051526706,0.0031788052016418853,0.0006723574706719913,0.0006723574706719913,0.004371169964011474,0.0036988124933394822,0.0006072228548110349,0.0006072228548110349,0.0008907581457837764,0.0002835352909727413,0.000910564297373374,0.000910564297373374,0.0012626230011810525,0.00035205870380767824
852e60b3fffffff,JPN,12,16,16,False,26,,-2.421694744349961e-06,,,,1.1894754014275867e-06,,,,0.0,,,,0.0,,
852e60b7fffffff,JPN,0,0,1,False,26,,,,,,,,,,,,,,,,
852e60c3fffffff,JPN,26,26,26,True,26,0.0011681615267790872,0.0011681615267790872,0.006574616294683531,0.005406454767904443,0.0015159143271510499,0.0015159143271510499,0.007825457462971974,0.006309543135820926,0.0003421708068377897,0.0003421708068377897,0.001325566623220115,0.0009833958163823256,0.0007291701122477337,0.0007291701122477337,0.0019219490330133098,0.001192778920765576
852e60c7fffffff,JPN,26,26,26,True,26,0.0005782354541349363,0.0005782354541349363,0.0034989052702203587,0.002920669816085422,0.000759415759916751,0.000759415759916751,0.004163649427588727,0.0034042336676719754,-3.3712601830123414e-05,-3.3712601830123414e-05,0.0005724488519727797,0.000606161453802903,4.169329015733666e-05,4.169329015733666e-05,0.0007559758202738234,0.0007142825301164866
852e60cbfffffff,JPN,26,26,26,True,26,0.0010107140684677944,0.0010107140684677944,0.005573781739373475,0.0045630676709056805,0.0012547319525226196,0.0012547319525226196,0.00635986161879452,0.0051051296662719,0.00044760461483257504,0.00044760461483257504,0.0008017751076689936,0.00035417049283641844,0.0006436947811779353,0.0006436947811779353,0.0010956328981058608,0.00045193811692792544
852e60cffffffff,JPN,26,26,26,True,26,0.0002884539178388978,0.0002884539178388978,0.0012112112455148069,0.0009227573276759093,0.0003642696299889127,0.0003642696299889127,0.0014413561677056367,0.0010770865377167241,0.00042327558047671165,0.00042327558047671165,0.0004931899303397702,6.991434986305859e-05,0.0006265801342777463,0.0006265801342777463,0.0007158324219591343,8.925228768138779e-05
852e60d3fffffff,JPN,23,25,24,False,26,,8.512543167734161e-05,,,,0.00010902729516747397,,,,8.907653480320674e-05,,,,0.00012350686408056682,,
852e60d7fffffff,JPN,14,17,21,False,26,,4.335133320504779e-05,,,,5.576203608648169e-05,,,,8.14223507609733e-05,,,,0.00012219411757517993,,
852e6103fffffff,JPN,26,26,26,True,26,0.0005877504643002671,0.0005877504643002671,0.0038073812840574064,0.0032196308197571383,0.0007708318543595029,0.0007708318543595029,0.004529446558909544,0.003758614704550041,0.00032052416115963765,0.00032052416115963765,0.0005930936902189318,0.00027256952905929416,0.00048432698871662017,0.00048432698871662017,0.0008227374020835,0.0003384104133668797
852e6107fffffff,JPN,26,26,26,True,26,0.022808082714774764,0.022808082714774764,0.14021642774335483,0.11740834502858008,0.023362026790734236,0.023362026790734236,0.14436448540636795,0.12100245861563373,0.03180552342072213,0.03180552342072213,0.0703838773173222,0.03857835389660006,0.023629894651661078,0.023629894651661078,0.06039905891249857,0.0367691642608375
852e610bfffffff,JPN,26,26,26,True,26,0.0008239822864777668,0.0008239822864777668,0.005387297086026865,0.004563314799549098,0.0010760349069363364,0.0010760349069363364,0.006404702285400311,0.005328667378463974,0.0004589835049682306,0.0004589835049682306,0.0011896329350439302,0.0007306494300756995,0.0007398440025529287,0.0007398440025529287,0.0016415251548522716,0.0009016811522993429
852e610ffffffff,JPN,26,26,26,True,26,0.0014738668761823464,0.0014738668761823464,0.0079512272208278,0.006477360344645453,0.0019085479343530917,0.0019085479343530917,0.009465568532227148,0.007557020597874057,0.0009791508010443379,0.0009791508010443379,0.0017024818665392074,0.0007233310654948695,0.0014457244752074582,0.0014457244752074582,0.0023619227653492564,0.0009161982901417978
852e6113fffffff,JPN,26,26,26,True,26,0.0005576445942556235,0.0005576445942556235,0.003030434163018331,0.0024727895687627075,0.0007195573896727433,0.0007195573896727433,0.0036048595280460095,0.0028853021383732657,0.0005195001676527023,0.0005195001676527023,0.001107963037878081,0.0005884628702253789,0.0008398538799140841,0.0008398538799140841,0.001581292210764159,0.0007414383308500751
852e6117fffffff,JPN,26,26,26,True,26,0.0006309859679849304,0.0006309859679849304,0.00353428282215654,0.002903296854171609,0.0008167087342224275,0.0008167087342224275,0.00420819752581983,0.0033914887915974016,0.0007312783035692122,0.0007312783035692122,0.0010087906870239857,0.00027751238345477384,0.0010289360646413342,0.0010289360646413342,0.0013751147356817364,0.0003461786710404019
852e611bfffffff,JPN,26,26,26,True,26,0.0006090920945007646,0.0006090920945007646,0.005183123651317839,0.0045740315568170735,0.0008017627078117917,0.0008017627078117917,0.006081881920236426,0.005280119212424633,0.0002111115129180046,0.0002111115129180046,0.0006954140057842105,0.0004843024928662059,0.00036364340572240974,0.00036364340572240974,0.000965965680486995,0.0006023222747645854
852e6123fffffff,JPN,26,26,26,True,26,0.0037935523718953586,0.0037935523718953586,0.025026615244994024,0.021233062873098667,0.004991407555777433,0.004991407555777433,0.02977233194138715,0.024780924385609714,0.003052690811948246,0.003052690811948246,0.00630503301952391,0.0032523422075756633,0.0048391807918257744,0.0048391807918257744,0.00890870665487654,0.004069525863050768
852e6127fffffff,JPN,26,26,26,True,26,0.00020645576565171334,0.00020645576565171334,0.001488125448006872,0.0012816696823551585,0.00027658624713496977,0.00027658624713496977,0.0017730652380042906,0.0014964789908693211,0.00020700216832288544,0.00020700216832288544,0.0002953129573177805,8.831078899489503e-05,0.00030952772282631164,0.00030952772282631164,0.0004161411459179908,0.00010661342309167921
852e612bfffffff,JPN,20,23,22,False,26,,0.0002721391191283302,,,,0.00033712601426528105,,,,0.00014163785795986967,,,,0.00019287803879718238,,
852e613bfffffff,JPN,26,26,26,True,26,0.001217762354237523,0.001217762354237523,0.007935672062788172,0.006717909708550649,0.001607114197969909,0.001607114197969909,0.009445634511452581,0.007838520313482674,0.00047620257536340395,0.00047620257536340395,0.001930819605624308,0.001454617030260904,0.0009042268931056071,0.0009042268931056071,0.002732066560501976,0.0018278396673963686
852e6143fffffff,JPN,26,26,26,True,26,0.0007467159066133574,0.0007467159066133574,0.004564640916858751,0.003817925010245393,0.0009730434607573506,0.0009730434607573506,0.005430875108060907,0.004457831647303557,0.0006924526782349869,0.0006924526782349869,0.001326787437855691,0.0006343347596207041,0.0010571657512662065,0.0010571657512662065,0.0018590475933322461,0.0008018818420660395
852e6147fffffff,JPN,26,26,26,True,26,0.002734255181481316,0.002734255181481316,0.017847511010337793,0.015113255828856476,0.0036034163491374988,0.0036034163491374988,0.021235221507964683,0.017631805158827184,0.003047802812367935,0.003047802812367935,0.005647471205473536,0.0025996683931056004,0.004705029259832423,0.004705029259832423,0.007895291202140308,0.0031902619423078843
852e6157fffffff,JPN,26,26,26,True,26,0.0002899429228302205,0.0002899429228302205,0.002296897007706002,0.0020069540848757813,0.0003897897932724392,0.0003897897932724392,0.002733565580476378,0.0023437757872039394,0.0001987422785486805,0.0001987422785486805,0.00033463442312661165,0.0001358921445779312,0.0002756871240816194,0.0002756871240816194,0.0004465580337930137,0.00017087090971139432
852e615bfffffff,JPN,26,26,26,True,26,0.000479663814215704,0.000479663814215704,0.002028298680149584,0.00154863486593388,0.0006062982357373924,0.0006062982357373924,0.002413174433354583,0.0018068761976171909,0.00012581590390772218,0.00012581590390772218,0.0002080012972240261,8.218539331630391e-05,0.00019382507128539895,0.00019382507128539895,0.00029022448206604665,9.63994107806477e-05
852e616bfffffff,JPN,0,0,4,False,26,,,,,,,,,,,,,,,,
852e6173fffffff,JPN,16,20,21,False,26,,-6.198408677254207e-06,,,,-2.1238397143398776e-06,,,,-3.919650304478436e-05,,,,-5.1724708686440676e-05,,
852e6177fffffff,JPN,26,26,26,True,26,0.00025628844935991155,0.00025628844935991155,0.001302658156494453,0.0010463697071345411,0.0003257405404478063,0.0003257405404478063,0.0015475477194878129,0.0012218071790400069,0.00041745253447156956,0.00041745253447156956,0.0004619399442405554,4.4487409768985856e-05,0.0005708002220711583,0.0005708002220711583,0.0006242045913782337,5.340436930707532e-05
852e6183fffffff,JPN,0,2,3,False,26,,,,,,,,,,,,,,,,
852e6187fffffff,JPN,5,12,12,False,26,,6.538636702659037e-05,,,,8.209647084913898e-05,,,,0.0,,,,0.0,,
852e618bfffffff,JPN,25,25,26,False,26,,6.936921210295095e-05,,,,9.21333042793799e-05,,,,9.262564697476794e-05,,,,0.00013432581820511886,,
852e618ffffffff,JPN,18,22,20,False,26,,2.5322542644650733e-05,,,,3.6360559558620946e-05,,,,6.650890753798657e-05,,,,0.00010096053856389691,,
852e61a7fffffff,JPN,4,7,9,False,26,,-2.61369459515436e-05,,,,-2.718224388222801e-05,,,,0.0,,,,0.0,,
852e61abfffffff,JPN,26,26,26,True,26,0.0001322757563173657,0.0001322757563173657,0.0011231133594754171,0.0009908376031580516,0.00018097517499813403,0.00018097517499813403,0.0013367465728040104,0.0011557713978058767,-7.5745263430086664e-06,-7.5745263430086664e-06,0.00023357429926907814,0.0002411488256120868,2.7048280095935147e-05,2.7048280095935147e-05,0.0003299313263562499,0.00030288304626031475
852e61affffffff,JPN,26,26,26,True,26,0.00026902942667737356,0.00026902942667737356,0.0016362940242572526,0.0013672645975798788,0.0003366293905414076,0.0003366293905414076,0.0017884150728869725,0.0014517856823455647,6.116108891803809e-05,6.116108891803809e-05,0.00023527103436273385,0.00017410994544469574,7.604139672016868e-05,7.604139672016868e-05,0.00017342629489435586,9.73848981741872e-05
852e61b7fffffff,JPN,0,0,3,False,26,,,,,,,,,,,,,,,,
852e61bbfffffff,JPN,21,23,22,False,26,,4.3044559543195465e-05,,,,5.787079028029891e-05,,,,0.0,,,,0.0,,
852e61c3fffffff,JPN,26,26,26,True,26,2.245810188592177e-05,2.245810188592177e-05,0.00025601801143228096,0.0002335599095463592,3.234368417624487e-05,3.234368417624487e-05,0.0003047153934256714,0.00027237170924942654,8.83844292651669e-06,8.83844292651669e-06,1.148254727450832e-05,2.6441043479916312e-06,1.0628380702789357e-05,1.0628380702789357e-05,1.3599443619562635e-05,2.971062916773278e-06
852e61cbfffffff,JPN,26,26,26,True,26,5.9551841346759744e-05,5.9551841346759744e-05,0.0005518606495628256,0.0004923088082160657,8.172086652950811e-05,8.172086652950811e-05,0.0006569160268759006,0.0005751951603463923,9.730733121646529e-05,9.730733121646529e-05,0.00014342061154418116,4.611328032771587e-05,0.00014089187259356512,0.00014089187259356512,0.00019520504387673382,5.4313171283168726e-05
852e61d3fffffff,JPN,16,21,21,False,26,,1.2035996484072804e-05,,,,2.1373419504168487e-05,,,,-4.271736591416673e-05,,,,-5.358258854434785e-05,,
852e6223fffffff,JPN,8,12,16,False,26,,1.3082218059938605e-05,,,,2.05766948512921e-05,,,,0.0,,,,0.0,,
852e6257fffffff,JPN,0,0,1,False,26,,,,,,,,,,,,,,,,
852e626ffffffff,JPN,20,24,22,False,26,,1.1310529442672851e-05,,,,1.8587241142106998e-05,,,,1.4348808044515741e-05,,,,1.7518166338493015e-05,,
852e628bfffffff,JPN,26,26,26,True,26,0.00012749750358497574,0.00012749750358497574,0.0010304093942825553,0.0009029118906975793,0.00017204876064698258,0.00017204876064698258,0.0012256732521649652,0.0010536244915179825,9.981483033720061e-05,9.981483033720061e-05,0.00012906137133780648,2.924654100060587e-05,0.00014946625835383332,0.00014946625835383332,0.0001828760416056075,3.3409783251774194e-05
852e62b3fffffff,JPN,0,1,1,False,26,,,,,,,,,,,,,,,,
852e62b7fffffff,JPN,2,4,9,False,26,,3.4700811531926515e-05,,,,4.560295860036682e-05,,,,0.0,,,,0.0,,
852e62bbfffffff,JPN,0,3,2,False,26,,,,,,,,,,,,,,,,
852e62cffffffff,JPN,15,20,21,False,26,,3.479714419542221e-05,,,,4.3325506749301934e-05,,,,-2.543461396614653e-05,,,,-3.09088436383418e-05,,
852e6343fffffff,JPN,0,0,1,False,26,,,,,,,,,,,,,,,,
852e6353fffffff,JPN,24,26,24,False,26,,6.495474789146454e-05,,,,8.553855321538085e-05,,,,0.0002598174997163867,,,,0.0003654100766693243,,
852e635bfffffff,JPN,26,26,26,True,26,0.0004383355357781361,0.0004383355357781361,0.0022573951222462406,0.0018190595864681046,0.0005610273884214409,0.0005610273884214409,0.0026859255654509465,0.0021248981770295053,0.0017618485800585003,0.0017618485800585003,0.0018657916793895462,0.0001039430993310459,0.0025746847896576386,0.0025746847896576386,0.002707165642135831,0.00013248085247819297
852e638ffffffff,JPN,0,3,1,False,26,,,,,,,,,,,,,,,,
852e6393fffffff,JPN,25,26,25,False,26,,0.00013078789592840194,,,,0.00016530588442662173,,,,7.630887349542229e-05,,,,9.973345607557863e-05,,
852e639bfffffff,JPN,16,22,19,False,26,,5.529281718343278e-05,,,,7.27973713470117e-05,,,,-5.2193103237020664e-05,,,,-6.869175323000248e-05,,
852e63c7fffffff,JPN,25,25,26,False,26,,9.270039984664049e-05,,,,0.00011888000879797996,,,,0.00010870446567665726,,,,0.0001567867750547037,,
852e644bfffffff,JPN,26,26,26,True,26,0.00015131649301193732,0.00015131649301193732,0.001311865689933792,0.0011605491969218546,0.00020769919585205183,0.00020769919585205183,0.0015614101385247098,0.0013537109426726584,0.000668898256019961,0.000668898256019961,0.0011051514137054785,0.0004362531576855176,0.0010210306161298171,0.0010210306161298171,0.0015436524048400675,0.0005226217887102507
852e644ffffffff,JPN,26,26,26,True,26,0.0017093540967825888,0.0017093540967825888,0.010053421404689927,0.008344067307907339,0.002170728150161882,0.002170728150161882,0.011706407527688416,0.009535679377526534,0.0020146561499413394,0.0020146561499413394,0.0037219443447522645,0.0017072881948109252,0.0031568559626237464,0.0031568559626237464,0.005226885824435673,0.0020700298618119258
852e646bfffffff,JPN,26,26,26,True,26,0.00025389460357027563,0.00025389460357027563,0.0030053485316558306,0.0027514539280855555,0.0003595398005531225,0.0003595398005531225,0.0035687363656869207,0.0032091965651337984,0.00010107648741732351,0.00010107648741732351,0.0005544295796014057,0.0004533530921840822,0.00022793497204691367,0.00022793497204691367,0.0007816326098284666,0.000553697637781553
852e646ffffffff,JPN,0,2,2,False,26,,,,,,,,,,,,,,,,
852e647bfffffff,JPN,1,5,3,False,26,,-7.853732033346689e-05,,,,-8.815656383969541e-05,,,,0.0,,,,0.0,,
852e6533fffffff,JPN,11,21,14,False,26,,6.606333959196542e-05,,,,8.4549839479019e-05,,,,0.0,,,,0.0,,
852e6537fffffff,JPN,0,7,3,False,26,,,,,,,,,,,,,,,,
852e653bfffffff,JPN,18,20,21,False,26,,7.594888945668146e-05,,,,9.784256761829654e-05,,,,2.293670327345275e-05,,,,3.982257620632362e-05,,
852e654bfffffff,JPN,26,26,26,True,26,0.00017987346015551373,0.00017987346015551373,0.000655500030749072,0.00047562657059355834,0.00022625788799553225,0.00022625788799553225,0.000780151828526358,0.0005538939405308258,8.705191653525578e-05,8.705191653525578e-05,0.00010972382670817287,2.2671910172917093e-05,0.00011885994422599098,0.00011885994422599098,0.0001447255340450837,2.5865589819092734e-05
852e655bfffffff,JPN,1,6,6,False,26,,2.7002797046705963e-06,,,,8.667507654191325e-06,,,,0.00028697616089031484,,,,0.0003503633267698603,,
852e6573fffffff,JPN,0,3,6,False,26,,,,,,,,,,,,,,,,
852e657bfffffff,JPN,3,7,11,False,26,,4.236280117015406e-05,,,,5.2955685674584226e-05,,,,0.0,,,,0.0,,
852e662bfffffff,JPN,10,16,17,False,26,,3.486395955214723e-05,,,,4.5276649384314725e-05,,,,8.754156781345349e-05,,,,0.00011160073482385187,,
852e662ffffffff,JPN,0,1,6,False,26,,,,,,,,,,,,,,,,
852e6673fffffff,JPN,8,12,17,False,26,,6.514250166633159e-06,,,,1.0913967352908045e-05,,,,4.465003304102445e-05,,,,5.595169354586025e-05,,
852e668bfffffff,JPN,0,2,2,False,26,,,,,,,,,,,,,,,,
852e6693fffffff,JPN,24,24,26,False,26,,0.0002285652353973773,,,,0.0002812578433823344,,,,0.000458831243035506,,,,0.0006478328290494534,,
852e6697fffffff,JPN,24,26,24,False,26,,1.0761571988877541e-05,,,,1.982246511045463e-05,,,,-2.864446376990934e-06,,,,-3.2186514931710514e-06,,
852e6803fffffff,JPN,0,3,5,False,26,,,,,,,,,,,,,,,,
852e682bfffffff,JPN,0,0,2,False,26,,,,,,,,,,,,,,,,
852e6833fffffff,JPN,12,19,15,False,26,,6.993948096825128e-06,,,,1.1368791772551428e-05,,,,2.487885242810136e-05,,,,2.9465461175719046e-05,,
852e6843fffffff,JPN,3,7,12,False,26,,3.696749951227625e-05,,,,4.8233701171941185e-05,,,,0.0,,,,0.0,,
852e6847fffffff,JPN,5,8,10,False,26,,-1.569725230535607e-05,,,,-1.691178880120047e-05,,,,-4.453982167414204e-07,,,,1.0323440187640522e-05,,
852e6867fffffff,JPN,25,26,25,False,26,,0.00016380862273141248,,,,0.0002037004764223444,,,,0.00012017234414720832,,,,0.00016731078792643877,,
852e686bfffffff,JPN,0,1,1,False,26,,,,,,,,,,,,,,,,
852e6887fffffff,JPN,0,4,2,False,26,,,,,,,,,,,,,,,,
852e6897fffffff,JPN,26,26,26,True,26,0.0005526458353203279,0.0005526458353203279,0.0037878141104524202,0.003235168275132092,0.0007269742489502597,0.0007269742489502597,0.004503938931666436,0.003776964682716176,-0.000319286480951069,-0.000319286480951069,0.0005379729509563925,0.0008572594319074615,-0.00036163628830455794,-0.00036163628830455794,0.0007025929251871425,0.0010642292134917005
852e689bfffffff,JPN,0,0,1,False,26,,,,,,,,,,,,,,,,
852e68b3fffffff,JPN,0,4,4,False,26,,,,,,,,,,,,,,,,
852e68b7fffffff,JPN,1,4,3,False,26,,9.646071284554902e-05,,,,0.00011835613215619697,,,,0.0,,,,0.0,,
852e68bbfffffff,JPN,10,14,14,False,26,,-8.089886341340172e-06,,,,-4.767629765452898e-06,,,,0.0,,,,0.0,,
852e68c7fffffff,JPN,22,23,25,False,26,,-1.1819927696288637e-05,,,,7.1888076053921255e-06,,,,0.00016109820163311592,,,,0.00024270255908186722,,
852e6917fffffff,JPN,4,7,8,False,26,,8.103231377843122e-05,,,,0.000100372344706729,,,,0.0,,,,0.0,,
852e691bfffffff,JPN,15,19,19,False,26,,6.137714554852692e-05,,,,7.662669049900385e-05,,,,3.826348811870864e-05,,,,4.671511023598138e-05,,
852e6947fffffff,JPN,0,0,1,False,26,,,,,,,,,,,,,,,,
852e694bfffffff,JPN,0,1,0,False,26,,,,,,,,,,,,,,,,
852e695bfffffff,JPN,1,4,7,False,26,,1.9184363053995e-05,,,,2.7768336784740323e-05,,,,0.0,,,,0.0,,
852e6987fffffff,JPN,22,22,24,False,26,,-2.736369392562189e-05,,,,-2.542692668408655e-05,,,,0.0001823270794025999,,,,0.0002620506073506478,,
852e6997fffffff,JPN,0,0,3,False,26,,,,,,,,,,,,,,,,
852e699bfffffff,JPN,13,17,18,False,26,,3.896462051875062e-05,,,,5.290932634423152e-05,,,,0.00012694308095485693,,,,0.00018587785696794348,,
852e69a3fffffff,JPN,26,26,26,True,26,0.00141166193077458,0.00141166193077458,0.007860978430180713,0.006449316499406134,0.001821742664854329,0.001821742664854329,0.009347954293978944,0.007526211629124615,0.0007918963441210127,0.0007918963441210127,0.0017055642313496553,0.0009136678872286425,0.001243095016524543,0.001243095016524543,0.0023569515409254485,0.0011138565244009056
852e69a7fffffff,JPN,4,7,11,False,26,,2.6572564499383607e-05,,,,2.9981772298298985e-05,,,,0.00017726473424471042,,,,0.00024011218041068786,,
852e69b7fffffff,JPN,0,0,1,False,26,,,,,,,,,,,,,,,,
852e69d3fffffff,JPN,1,1,3,False,26,,5.2821737023181175e-05,,,,6.840191711796847e-05,,,,0.0,,,,0.0,,
852e69d7fffffff,JPN,1,2,6,False,26,,6.535866086990453e-05,,,,8.313049387153931e-05,,,,0.0,,,,0.0,,
852e6b83fffffff,JPN,26,26,26,True,26,0.0001591633726936578,0.0001591633726936578,0.0011535999969798857,0.0009944366242862278,0.0002128059938470138,0.0002128059938470138,0.0013724728843496714,0.0011596668905026577,0.0011886766801304312,0.0011886766801304312,0.0016076895986099691,0.00041901291847953767,0.0017019031152796808,0.0017019031152796808,0.002226121399348515,0.0005242182840688343
852e6b9bfffffff,JPN,15,20,20,False,26,,6.21634592444235e-06,,,,1.1471818588189894e-05,,,,0.0,,,,0.0,,
852e6bb3fffffff,JPN,26,26,26,True,26,9.007362982807572e-05,9.007362982807572e-05,0.0006164674237218443,0.0005263937938937685,0.00012016998923573752,0.00012016998923573752,0.0007339051738400697,0.0006137351846043323,4.891343861881207e-05,4.891343861881207e-05,0.00013463331933872901,8.571988071991694e-05,6.901895588124594e-05,6.901895588124594e-05,0.00017136351937822031,0.00010234456349697438
852e6c17fffffff,JPN,1,2,4,False,26,,6.73131992793527e-05,,,,8.400025968889976e-05,,,,0.0,,,,0.0,,
852e6c23fffffff,JPN,14,16,20,False,26,,6.883116080399656e-05,,,,8.763916702747346e-05,,,,0.0002130003884203415,,,,0.00032702983992623485,,
852e6c27fffffff,JPN,26,26,26,True,26,0.0005729963049468584,0.0005729963049468584,0.0035551885776961387,0.002982192272749279,0.000748901675130752,0.000748901675130752,0.004227315619489916,0.003478413944359163,0.0006050071401311249,0.0006050071401311249,0.0008474808315075944,0.00024247369137646955,0.000882065202704029,0.000882065202704029,0.0011833152671112432,0.00030125006440721413
852e6c3bfffffff,JPN,1,3,1,False,26,,1.458345132200572e-05,,,,2.2286708414368436e-05,,,,-0.0003815192094921979,,,,-0.000463632654575127,,
852e6c43fffffff,JPN,26,26,26,True,26,0.0003604831528093086,0.0003604831528093086,0.0017018917039659002,0.0013414085511565914,0.00045954225470712866,0.00045954225470712866,0.0020249573603292456,0.0015654151056221166,0.0003626916875884475,0.0003626916875884475,0.0003992467843134585,3.655509672501097e-05,0.0004960558390653954,0.0004960558390653954,0.0005405470196221507,4.449118055675548e-05
852e6c4bfffffff,JPN,0,1,1,False,26,,,,,,,,,,,,,,,,
852e6c4ffffffff,JPN,26,26,26,True,26,0.0004380908060788723,0.0004380908060788723,0.0028197145828454833,0.002381623776766611,0.0005763561718718888,0.0005763561718718888,0.0033549434099078494,0.00277858723803596,0.0001287119569327867,0.0001287119569327867,0.0003860622693953704,0.0002573503124625837,0.00020749831265445625,0.00020749831265445625,0.0005333804611543893,0.00032588214849993305
852e6c5bfffffff,JPN,17,17,24,False,26,,2.6670738497578876e-05,,,,3.623475234689559e-05,,,,0.0,,,,0.0,,
852e6c63fffffff,JPN,0,5,4,False,26,,,,,,,,,,,,,,,,
852e6c7bfffffff,JPN,0,2,4,False,26,,,,,,,,,,,,,,,,
852e6c87fffffff,JPN,1,4,4,False,26,,0.00011387306870197878,,,,0.0001406835512790459,,,,0.00031032591761025966,,,,0.00037588302949073237,,
852e6cabfffffff,JPN,2,7,8,False,26,,2.1049690181150697e-05,,,,2.885527874011646e-05,,,,0.0,,,,0.0,,
852e6caffffffff,JPN,0,0,1,False,26,,,,,,,,,,,,,,,,
852e6cbbfffffff,JPN,26,26,26,True,26,0.0004285761300346173,0.0004285761300346173,0.0029431163305458684,0.0025145402005112513,0.0005666702283170275,0.0005666702283170275,0.003502879312712246,0.0029362090843952178,0.0009556600061819454,0.0009556600061819454,0.0011647912707809873,0.00020913126459904207,0.0013988733668868932,0.0013988733668868932,0.0016652376358996107,0.00026636426901271727
852e6cc7fffffff,JPN,2,4,7,False,26,,-4.231734281456704e-08,,,,3.4645813849291444e-06,,,,0.0,,,,0.0,,
852e6cd3fffffff,JPN,26,26,26,True,26,0.000616625355138882,0.000616625355138882,0.0022753326212687883,0.0016587072661299056,0.0007732822968486349,0.0007732822968486349,0.0027099489290486434,0.0019366666322000081,0.0006345621189192377,0.0006345621189192377,0.000773365391094682,0.0001388032721754444,0.0009278773131003858,0.0009278773131003858,0.0011051559526759202,0.00017727863957553436
852e6d03fffffff,JPN,17,19,22,False,26,,8.667577377927245e-05,,,,0.00011142067506697037,,,,-1.8435814468334893e-05,,,,-2.0905487399725933e-05,,
852e6d1bfffffff,JPN,0,2,1,False,26,,,,,,,,,,,,,,,,
852e6d27fffffff,JPN,24,25,25,False,26,,3.2305103507520836e-05,,,,4.748180664551809e-05,,,,2.442949379318069e-05,,,,3.02582913525364e-05,,
852e6d33fffffff,JPN,25,26,25,False,26,,0.00014782323849296864,,,,0.00019098614263113412,,,,-7.472388243285786e-05,,,,-9.721319388416916e-05,,
852e6d4bfffffff,JPN,26,26,26,True,26,0.0002398596173376855,0.0002398596173376855,0.002347424496677759,0.0021075648793400736,0.00030475018903149945,0.00030475018903149945,0.002545400613376938,0.0022406504243454384,0.00046675843978348746,0.00046675843978348746,0.0005467697373910788,8.001129760759118e-05,0.0006189751534930332,0.0006189751534930332,0.0007077344565190202,8.8759303025987e-05
852e6d53fffffff,JPN,26,26,26,True,26,6.187102254206554e-05,6.187102254206554e-05,0.00044553415355441753,0.000383663131012352,8.274901955356216e-05,8.274901955356216e-05,0.0005303597302928297,0.0004476107107392676,3.535921008752345e-05,3.535921008752345e-05,4.033848832321779e-05,4.979278235694335e-06,5.419042142609946e-05,5.419042142609946e-05,5.976557550663279e-05,5.575154080533324e-06
852e6d57fffffff,JPN,23,24,25,False,26,,7.475956503544623e-05,,,,9.546241791004391e-05,,,,-1.4548242649459348e-05,,,,-9.519736101120167e-06,,
852e6d5bfffffff,JPN,24,24,26,False,26,,4.9095629979347744e-05,,,,6.395019713208898e-05,,,,3.788880347327021e-05,,,,1.6787703406079284e-06,,
852e6d63fffffff,JPN,26,26,26,True,26,0.0003037215313801792,0.0003037215313801792,0.0020615695780518187,0.0017578480466716394,0.00040263657529472776,0.00040263657529472776,0.0024534739288993948,0.002050837353604667,0.0006272123792805455,0.0006272123792805455,0.0008952339974454935,0.00026802161816494806,0.0009277997495224221,0.0009277997495224221,0.0012640497676500869,0.0003362500181276647
852e6d67fffffff,JPN,3,8,8,False,26,,1.0598628568691789e-05,,,,1.540152918830332e-05,,,,0.0,,,,0.0,,
852e6d6ffffffff,JPN,0,0,1,False,26,,,,,,,,,,,,,,,,
852e6d7bfffffff,JPN,23,23,26,False,26,,6.755014194991554e-05,,,,8.561519612872365e-05,,,,2.7304904724053546e-05,,,,4.1897399382186335e-05,,
852e6daffffffff,JPN,23,24,25,False,26,,5.1401234743730305e-05,,,,6.970253732366328e-05,,,,-1.8968956224699498e-05,,,,-2.8605318795596046e-05,,
852e6dcffffffff,JPN,1,4,4,False,26,,-1.3932533497832555e-05,,,,-8.970694679652632e-06,,,,0.0,,,,0.0,,
852e6ddbfffffff,JPN,8,14,14,False,26,,3.4556232524793385e-05,,,,4.844113541464634e-05,,,,0.0,,,,0.0,,
852e6e0bfffffff,JPN,20,23,21,False,26,,5.232744364006036e-05,,,,6.903892190516297e-05,,,,0.0002480389158998752,,,,0.0003116289055334846,,
852e6e17fffffff,JPN,0,3,3,False,26,,,,,,,,,,,,,,,,
852e6e27fffffff,JPN,0,2,2,False,26,,,,,,,,,,,,,,,,
852e6e2ffffffff,JPN,26,26,26,True,26,0.00022829912782093968,0.00022829912782093968,0.0010725522028126456,0.0008442530749917058,0.0002901156476423388,0.0002901156476423388,0.0012755054545369922,0.0009853898068946535,0.0005500245078198928,0.0005500245078198928,0.0005981310727793793,4.81065649594865e-05,0.0008228441765754979,0.0008228441765754979,0.0008794499168360511,5.6605740260553164e-05
852e6e53fffffff,JPN,0,1,0,False,26,,,,,,,,,,,,,,,,
852e6e83fffffff,JPN,0,4,1,False,26,,,,,,,,,,,,,,,,
852e6e8bfffffff,JPN,1,3,3,False,26,,4.524151139030232e-05,,,,5.381528919032396e-05,,,,0.0,,,,0.0,,
852e6e97fffffff,JPN,22,26,22,False,26,,6.692664053502171e-05,,,,8.418913492993138e-05,,,,0.0010973639028422843,,,,0.0016506959752215986,,
852e6e9bfffffff,JPN,6,9,9,False,26,,6.727785073389879e-05,,,,8.900722730063046e-05,,,,-7.012494863347513e-05,,,,-8.635757563196474e-05,,
852e6eb3fffffff,JPN,0,2,0,False,26,,,,,,,,,,,,,,,,
852e6eb7fffffff,JPN,1,3,2,False,26,,0.00010897877990750522,,,,0.00013657461344745119,,,,0.0,,,,0.0,,
852e6ec7fffffff,JPN,0,9,3,False,26,,,,,,,,,,,,,,,,
852e6ecbfffffff,JPN,4,7,9,False,26,,-5.178709255630352e-06,,,,-4.759120687654186e-06,,,,0.0,,,,0.0,,
852e6ed3fffffff,JPN,1,7,5,False,26,,7.967532909454331e-06,,,,8.016343847221975e-06,,,,0.0,,,,0.0,,
852e6edbfffffff,JPN,2,4,12,False,26,,-4.7456573145391296e-05,,,,-5.6208397591388226e-05,,,,1.5939834828198078e-05,,,,0.00014299141241056032,,
852e701bfffffff,JPN,11,17,18,False,26,,4.089684747076252e-05,,,,5.434810332060474e-05,,,,4.912074041245867e-05,,,,6.167387775904576e-05,,
852e70abfffffff,JPN,26,26,26,True,26,6.972166337699749e-05,6.972166337699749e-05,0.0004891737151935609,0.0004194520518165635,9.278703682221184e-05,9.278703682221184e-05,0.000582342665788396,0.0004895556289661841,0.0002182023291980594,0.0002182023291980594,0.0002320177113522663,1.3815382154206874e-05,0.00032100001509713887,0.00032100001509713887,0.00033645359180583086,1.5453576708691997e-05
852e70c3fffffff,JPN,0,2,0,False,26,,,,,,,,,,,,,,,,
852e70cbfffffff,JPN,26,26,26,True,26,0.00026638476246454917,0.00026638476246454917,0.0021285107902535598,0.0018621260277890104,0.0003577377663668116,0.0003577377663668116,0.002532481737800492,0.0021747439714336803,0.0003043828431452397,0.0003043828431452397,0.00039099917246458894,8.661632931934931e-05,0.0004527320233657256,0.0004527320233657256,0.0005623018818598852,0.00010956985849415961
852e70cffffffff,JPN,0,2,0,False,26,,,,,,,,,,,,,,,,
852e70d3fffffff,JPN,0,0,1,False,26,,,,,,,,,,,,,,,,
852e70d7fffffff,JPN,0,0,1,False,26,,,,,,,,,,,,,,,,
852e7123fffffff,JPN,0,4,3,False,26,,,,,,,,,,,,,,,,
852e7137fffffff,JPN,24,25,25,False,26,,3.80977955407031e-06,,,,1.2889763961678234e-05,,,,-2.4039617289292755e-05,,,,-3.092834520981789e-05,,
852e7177fffffff,JPN,0,0,1,False,26,,,,,,,,,,,,,,,,
852e7187fffffff,JPN,26,26,26,True,26,0.0003808615921470917,0.0003808615921470917,0.003938418985322254,0.0035575573931751624,0.000531118477176868,0.000531118477176868,0.004684853900236108,0.00415373542305924,4.52153803418429e-06,4.52153803418429e-06,0.0006861897380055394,0.0006816681999713551,0.0001312195893723066,0.0001312195893723066,0.0009837294213277997,0.000852509831955493
852e718bfffffff,JPN,9,14,14,False,26,,2.6209338262407335e-05,,,,1.1766912900679247e-05,,,,0.00011653341071151806,,,,0.0,,
852e718ffffffff,JPN,1,4,3,False,26,,8.130223444092436e-05,,,,0.00010046550502889665,,,,0.0,,,,0.0,,
852e71a3fffffff,JPN,26,26,26,True,26,0.00010408618404687414,0.00010408618404687414,0.0009131277731967558,0.0008090415891498816,0.00014097140511451278,0.00014097140511451278,0.0010849624305219823,0.0009439910254074695,-1.3761212368154667e-05,-1.3761212368154667e-05,0.00015115164915007942,0.0001649128615182341,9.984479105798103e-06,9.984479105798103e-06,0.00022133179041704243,0.00021134731131124436
852e71a7fffffff,JPN,13,17,18,False,26,,3.056304663243405e-05,,,,3.969774414197735e-05,,,,3.2755456117269775e-05,,,,3.8344969753487857e-05,,
852e71abfffffff,JPN,4,10,7,False,26,,1.5822529290117105e-05,,,,2.213503711027446e-05,,,,0.0,,,,0.0,,
852e71b7fffffff,JPN,25,25,26,False,26,,7.701946866618122e-05,,,,9.692166178837166e-05,,,,3.206310018115652e-05,,,,4.5670442089879436e-05,,
852e71bbfffffff,JPN,23,25,24,False,26,,8.069408294010964e-05,,,,0.00010163997190949063,,,,5.671747815028652e-05,,,,7.432228349876023e-05,,
852e71dbfffffff,JPN,1,3,4,False,26,,7.082151475630001e-05,,,,8.808479526479322e-05,,,,0.0,,,,0.0,,
852e7293fffffff,JPN,26,26,26,True,26,0.0010670918563162152,0.0010670918563162152,0.0054195115425260355,0.00435241968620982,0.001374008875457915,0.001374008875457915,0.0064511348734623275,0.005077125998004413,0.0012322399069357613,0.0012322399069357613,0.001946229769668884,0.0007139898627331223,0.0018214876875290746,0.0018214876875290746,0.0027107315580339832,0.0008892438705049083
852e72a3fffffff,JPN,0,3,0,False,26,,,,,,,,,,,,,,,,
852e7423fffffff,JPN,0,1,0,False,26,,,,,,,,,,,,,,,,
852e7433fffffff,JPN,8,14,17,False,26,,-3.4722810085676877e-06,,,,-1.9121901385648436e-07,,,,5.345421112275225e-05,,,,6.723321858864027e-05,,
852e743bfffffff,JPN,2,8,6,False,26,,3.6461671973171675e-05,,,,4.791059919210403e-05,,,,0.0,,,,0.0,,
852e746ffffffff,JPN,4,9,13,False,26,,3.588697640047165e-05,,,,4.598868423828499e-05,,,,0.0,,,,0.0,,
852e7483fffffff,JPN,26,26,26,True,26,0.00023139069620595947,0.00023139069620595947,0.0028348029769715848,0.002603412280765625,0.00033164031058687075,0.00033164031058687075,0.0033731011714185698,0.0030414608608316986,0.00048261113055649604,0.00048261113055649604,0.0009857116652211505,0.0005031005346646546,0.0007960819189755002,0.0007960819189755002,0.0014184859331388628,0.0006224040141633628
852e7487fffffff,JPN,20,22,23,False,26,,5.445960923882664e-05,,,,7.031318463556748e-05,,,,1.1616124575835501e-05,,,,3.3321191493836814e-05,,
852e748bfffffff,JPN,26,26,26,True,26,0.00015681352296148014,0.00015681352296148014,0.0008680547819082851,0.000711241258946805,0.00020365063846168832,0.00020365063846168832,0.0010324299391148472,0.0008287793006531588,0.00018090802858883694,0.00018090802858883694,0.00024848463483887216,6.75766062500352e-05,0.0002672857244391082,0.0002672857244391082,0.0003543544731453989,8.706874870629073e-05
852e748ffffffff,JPN,26,26,26,True,26,0.00015983191275129458,0.00015983191275129458,0.0015082394131911716,0.0013484075004398773,0.00022020742687864706,0.00022020742687864706,0.001794214521648213,0.001574007094769566,0.0007090075554095238,0.0007090075554095238,0.0012422185077291448,0.0005332109523196207,0.0010857324341976486,0.0010857324341976486,0.001745691648069949,0.0006599592138723005
852e7493fffffff,JPN,26,26,26,True,26,1.936458545741216e-05,1.936458545741216e-05,0.0005315346724842484,0.0005121700870268362,3.456538315439617e-05,3.456538315439617e-05,0.0006331334550614708,0.0005985680719070745,-0.00019326983910932527,-0.00019326983910932527,2.0464858936284287e-05,0.00021373469804560958,-0.00023564623414899064,-0.00023564623414899064,2.4992157758762448e-05,0.0002606383919077531
852e7497fffffff,JPN,26,26,26,True,26,0.0001919843497590616,0.0001919843497590616,0.00198563469801167,0.0017936503482526085,0.00027054011259011664,0.00027054011259011664,0.002362408774539808,0.002091868661949691,-0.00012071539921990031,-0.00012071539921990031,0.0010513987892941843,0.001172114188514085,2.4620790198962075e-05,2.4620790198962075e-05,0.0014866773787579738,0.0014620565885590116
852e749bfffffff,JPN,26,26,26,True,26,8.853428205354521e-05,8.853428205354521e-05,0.000547803591271944,0.00045926930921839877,0.00011549549158237647,0.00011549549158237647,0.000651744475379261,0.0005362489837968845,-5.7537329889672316e-05,-5.7537329889672316e-05,3.340988300875636e-05,9.094721289842869e-05,-7.3278115882544e-05,-7.3278115882544e-05,4.040159176435314e-05,0.00011367970764689711
852e74a3fffffff,JPN,26,26,26,True,26,0.0005657073643507338,0.0005657073643507338,0.002705725205895569,0.002140017841544835,0.0007224898549014077,0.0007224898549014077,0.0032189131138847986,0.0024964232589833905,0.0004832755943295544,0.0004832755943295544,0.0007120115034824597,0.00022873590915290537,0.00074362376982435,0.00074362376982435,0.0010223631614654732,0.0002787393916411233
852e74a7fffffff,JPN,2,6,3,False,26,,-1.0579782256580145e-05,,,,-6.403504343553167e-06,,,,0.0,,,,0.0,,
852e74abfffffff,JPN,26,26,26,True,26,0.0004962876895860202,0.0004962876895860202,0.002499046094676183,0.0020027584050901627,0.0006384055654262809,0.0006384055654262809,0.002972911953792581,0.0023345063883663,0.0017499273910319918,0.0017499273910319918,0.002830393753866077,0.0010804663628340848,0.0027162502803452,0.0027162502803452,0.004028657912743809,0.0013124076323986092
852e74affffffff,JPN,5,7,8,False,26,,4.754625711748011e-05,,,,5.98494866089152e-05,,,,-3.987611888067151e-05,,,,-5.903104035355647e-05,,
852e74b3fffffff,JPN,11,16,16,False,26,,6.989468927809278e-05,,,,8.78493827518815e-05,,,,0.0,,,,0.0,,
852e74bbfffffff,JPN,26,26,26,True,26,0.0001387156664726527,0.0001387156664726527,0.0016721287489183576,0.0015334130824457047,0.00020144727026809507,0.00020144727026809507,0.0019895554289261516,0.0017881081586580564,-5.767611053412577e-06,-5.767611053412577e-06,0.00040513866938384445,0.000410906280437257,5.8986143975226795e-05,5.8986143975226795e-05,0.0005724395430511442,0.0005134533990759175
852e74c3fffffff,JPN,26,26,26,True,26,0.00026263565077666915,0.00026263565077666915,0.001376726269391232,0.0011140906186145627,0.0003387220886708249,0.0003387220886708249,0.0016385917853981918,0.0012998696967273667,0.00038769905018799783,0.00038769905018799783,0.0008843259628059282,0.0004966269126179305,0.0006470411687562705,0.0006470411687562705,0.0012753775910149792,0.000628336422258709
852e74cbfffffff,JPN,10,17,16,False,26,,6.357842017103435e-05,,,,8.005968442917478e-05,,,,0.0,,,,0.0,,
852e74d3fffffff,JPN,25,25,26,False,26,,6.109162857604766e-05,,,,8.086224084356949e-05,,,,5.3237301383132554e-05,,,,9.160126017991092e-05,,
852e74d7fffffff,JPN,26,26,26,True,26,0.0002543929564616231,0.0002543929564616231,0.0015876245536677394,0.0013332315972061162,0.0003331378626497088,0.0003331378626497088,0.0018875890880898846,0.0015544512254401762,-4.186814091861976e-05,-4.186814091861976e-05,0.00013440088574791207,0.00017626902666653183,-3.178894127897434e-05,-3.178894127897434e-05,0.00018437261421679212,0.00021616155549576655
852e74dbfffffff,JPN,26,26,26,True,26,0.0012339465546131283,0.0012339465546131283,0.006482435249575156,0.005248488694962027,0.0015689251554919079,0.0015689251554919079,0.007568003437521718,0.005999078282029809,0.00046347396206107165,0.00046347396206107165,0.001137257895356985,0.0006737839332959133,0.0006729042489315347,0.0006729042489315347,0.0015118424080859546,0.0008389381591544199
852e7507fffffff,JPN,26,26,26,True,26,0.000318645374097092,0.000318645374097092,0.0020073430708584363,0.0016886976967613444,0.0004158675791593649,0.0004158675791593649,0.002388387867065008,0.001972520287905643,0.000345121597107081,0.000345121597107081,0.00046479375921513674,0.00011967216210805582,0.0005132603678702007,0.0005132603678702007,0.0006551821656199641,0.00014192179774976337
852e751bfffffff,JPN,26,26,26,True,26,0.00012546954394662525,0.00012546954394662525,0.0009076957033994178,0.0007822261594527925,0.00016939002843676298,0.00016939002843676298,0.0010803231609470365,0.0009109331325102733,-0.00010688989314641444,-0.00010688989314641444,0.0004665117566000637,0.0005734016497464782,-7.781573042859312e-05,-7.781573042859312e-05,0.0006241556969036049,0.0007019714273321979
852e753bfffffff,JPN,21,23,24,False,26,,4.490256347347267e-05,,,,5.950220670645106e-05,,,,-3.290754137128503e-05,,,,-3.820857077358458e-05,,
852e7543fffffff,JPN,4,9,13,False,26,,-4.2705018242376595e-06,,,,2.320886565065747e-06,,,,0.0,,,,0.0,,
852e7547fffffff,JPN,26,26,26,True,26,0.0005699378417159507,0.0005699378417159507,0.0033399477307285157,0.002770009889012565,0.0007014665458033473,0.0007014665458033473,0.00384399213979414,0.003142525593990792,0.0006438763564206838,0.0006438763564206838,0.0007766004887284593,0.00013272413230777555,0.0009039015002213619,0.0009039015002213619,0.001058290494939843,0.00015438899471848126
852e754bfffffff,JPN,0,2,3,False,26,,,,,,,,,,,,,,,,
852e756bfffffff,JPN,0,1,0,False,26,,,,,,,,,,,,,,,,
852e7573fffffff,JPN,10,12,16,False,26,,1.4388556555463452e-05,,,,2.098354023850094e-05,,,,0.0,,,,0.0,,
852e758ffffffff,JPN,25,26,25,False,26,,4.841870739225307e-05,,,,6.373251928026829e-05,,,,0.00024472076253736146,,,,0.000343429628662445,,
852e7593fffffff,JPN,16,19,23,False,26,,2.429984707953734e-05,,,,3.330120675272232e-05,,,,2.661380809528169e-05,,,,3.1155287924708885e-05,,
852e75abfffffff,JPN,0,4,5,False,26,,,,,,,,,,,,,,,,
852e75b3fffffff,JPN,26,26,26,True,26,6.789430380122033e-05,6.789430380122033e-05,0.0006140045679446279,0.0005461102641434075,9.258748174905178e-05,9.258748174905178e-05,0.000730313019662282,0.0006377255379132302,2.9534915763478617e-05,2.9534915763478617e-05,0.00010913918660155712,7.96042708380785e-05,4.626366901639438e-05,4.626366901639438e-05,0.00014513024313210615,9.886657411571177e-05
852e75bbfffffff,JPN,7,12,20,False,26,,3.1313129498657806e-05,,,,4.330315287163728e-05,,,,-0.00019110551846270537,,,,-0.00024901190893349454,,
852e75c3fffffff,JPN,0,0,1,False,26,,,,,,,,,,,,,,,,
852e75cffffffff,JPN,1,2,4,False,26,,6.048026405423791e-05,,,,7.364107186257532e-05,,,,0.0011399129106536262,,,,0.001710717646052519,,
852e75d7fffffff,JPN,25,25,26,False,26,,0.0001016339113205451,,,,0.0001326338043961375,,,,4.7432468929938e-05,,,,7.560988731745435e-05,,
852e75dbfffffff,JPN,0,1,3,False,26,,,,,,,,,,,,,,,,
852e7623fffffff,JPN,0,3,0,False,26,,,,,,,,,,,,,,,,
852e7627fffffff,JPN,26,26,26,True,26,2.648555250170653e-05,2.648555250170653e-05,0.00042330650016241444,0.0003968209476607078,3.923524265458145e-05,3.923524265458145e-05,0.000502349430865252,0.0004631141882106706,0.0002647677495197417,0.0002647677495197417,0.000270055958215725,5.2882086959832624e-06,0.00038998549790576206,0.00038998549790576206,0.0003959276237393086,5.942125833546556e-06
852e763bfffffff,JPN,25,25,26,False,26,,7.822246016760615e-05,,,,0.00010114610367142759,,,,7.06126591406054e-05,,,,0.00011170556127399365,,
852e765bfffffff,JPN,0,1,1,False,26,,,,,,,,,,,,,,,,
852e7663fffffff,JPN,22,22,26,False,26,,0.00011550768093740757,,,,0.00014366849428811202,,,,5.5097173533004695e-05,,,,6.86799295592856e-05,,
852e768bfffffff,JPN,1,3,4,False,26,,2.6030702262570436e-05,,,,3.557225524214436e-05,,,,0.0,,,,0.0,,
852e76c3fffffff,JPN,1,3,3,False,26,,1.084559787579997e-05,,,,1.602697839032206e-05,,,,0.0,,,,0.0,,
852e76c7fffffff,JPN,0,1,0,False,26,,,,,,,,,,,,,,,,
852e76d7fffffff,JPN,26,26,26,True,26,9.825182645281584e-05,9.825182645281584e-05,0.0005530427058040752,0.0004547908793512594,0.00012820267811400348,0.00012820267811400348,0.0006585897728017902,0.0005303870946877868,8.472677567126488e-05,8.472677567126488e-05,0.00013476611029977753,5.003933462851265e-05,0.00011112586605572571,0.00011112586605572571,0.00017653985705653232,6.541399100080662e-05
852ea93bfffffff,JPN,0,2,4,False,26,,,,,,,,,,,,,,,,
852ea9b7fffffff,JPN,0,5,3,False,26,,,,,,,,,,,,,,,,
852ead0bfffffff,JPN,25,25,26,False,26,,3.7700927947280385e-05,,,,5.6567778694211755e-05,,,,0.0,,,,0.0,,
852ead47fffffff,JPN,24,24,26,False,26,,5.35455916312243e-05,,,,7.071708342164993e-05,,,,3.2723638338497524e-05,,,,6.21535066584799e-05,,
852ee6c3fffffff,JPN,1,4,3,False,26,,1.0500504885578926e-05,,,,9.980902428201105e-06,,,,0.0,,,,0.0,,
852ef493fffffff,JPN,2,5,5,False,26,,-2.6378901906738215e-06,,,,-2.849777189140043e-06,,,,0.0,,,,0.0,,
852f580bfffffff,JPN,0,2,2,False,26,,,,,,,,,,,,,,,,
852f5837fffffff,JPN,15,18,20,False,26,,6.80638914465453e-05,,,,8.339378831407033e-05,,,,0.0,,,,0.0,,
852f5843fffffff,JPN,0,1,0,False,26,,,,,,,,,,,,,,,,
852f5857fffffff,JPN,0,1,2,False,26,,,,,,,,,,,,,,,,
852f5863fffffff,JPN,2,6,3,False,26,,1.696822357447136e-05,,,,2.2022286495534395e-05,,,,0.0,,,,0.0,,
852f586bfffffff,JPN,26,26,26,True,26,0.0004001860213091217,0.0004001860213091217,0.0019377527201386577,0.0015375666988295357,0.0005141784401996258,0.0005141784401996258,0.002306999241665233,0.001792820801465607,0.0007174671977207727,0.0007174671977207727,0.001006227712002091,0.00028876051428131815,0.0010636436010334675,0.0010636436010334675,0.001414878846992718,0.00035123524595925067
852f586ffffffff,JPN,26,26,26,True,26,0.0006749296913025529,0.0006749296913025529,0.004749786879626501,0.004074857188323947,0.0008946054826061318,0.0008946054826061318,0.005653946130310789,0.004759340647704658,0.0011055455774056856,0.0011055455774056856,0.0013105918467106283,0.00020504626930494265,0.0015983944224244088,0.0015983944224244088,0.0018525640131902602,0.0002541695907658515
852f5923fffffff,JPN,0,1,3,False,26,,,,,,,,,,,,,,,,
852f592bfffffff,JPN,0,4,2,False,26,,,,,,,,,,,,,,,,
852f592ffffffff,JPN,3,13,9,False,26,,-2.6369009303607297e-05,,,,-2.8236055925853824e-05,,,,0.0006097135342275007,,,,0.0008907715397720601,,
852f594bfffffff,JPN,1,1,2,False,26,,2.4633183683885504e-05,,,,3.232270311570546e-05,,,,0.0,,,,0.0,,
852f5957fffffff,JPN,9,11,16,False,26,,4.879362137713565e-05,,,,6.277610657765916e-05,,,,0.0002538609070704071,,,,0.00037945839902706866,,
852f595bfffffff,JPN,0,2,3,False,26,,,,,,,,,,,,,,,,
852f5967fffffff,JPN,26,26,26,True,26,0.0002538535011954982,0.0002538535011954982,0.0021892553883575026,0.0019354018871620045,0.0003447768686176152,0.0003447768686176152,0.002604291878346529,0.0022595150097289144,0.0008916630598680789,0.0008916630598680789,0.0013584589500654637,0.0004667958901973847,0.0013278953908725276,0.0013278953908725276,0.0019107595728177923,0.0005828641819452648
852f596ffffffff,JPN,26,26,26,True,26,0.0013310633200589621,0.0013310633200589621,0.0067397840647290975,0.005408720744670137,0.0017089161326157521,0.0017089161326157521,0.008019890828631982,0.0063109746960162295,0.0012845154648495,0.0012845154648495,0.002123522761069712,0.0008390072962202118,0.0019253362343739382,0.0019253362343739382,0.002961875085511702,0.0010365388511377636
852f5a03fffffff,JPN,26,26,26,True,26,0.0022553836126951434,0.0022553836126951434,0.015977433334024252,0.01372204972132911,0.00014696302583772558,0.00014696302583772558,0.0011327128479510019,0.0009857498221132763,0.00020895719112200593,0.00020895719112200593,0.0015885056291952944,0.0013795484380732883,-6.349433275466082e-05,-6.349433275466082e-05,0.00019978364455919753,0.0002632779773138584
852f5a07fffffff,JPN,26,26,26,True,26,0.002135511778460569,0.002135511778460569,0.01348044835772781,0.011344936579267242,0.0028037937325698795,0.0028037937325698795,0.016039409912285883,0.013235616179716,0.002172124491127978,0.002172124491127978,0.00339371254304448,0.0012215880519165024,0.003128410319774314,0.003128410319774314,0.004628538754992737,0.0015001284352184232
852f5a0bfffffff,JPN,26,26,26,True,26,0.00033023623246778306,0.00033023623246778306,0.0012826410182175169,0.0009524047857497335,0.00041544347514233,0.00041544347514233,0.0015273466077584256,0.0011119031326160959,7.241830090464653e-05,7.241830090464653e-05,0.0001381074643809799,6.568916347633336e-05,0.00010430302279455058,0.00010430302279455058,0.00018880025282097204,8.449723002642147e-05
852f5a0ffffffff,JPN,26,26,26,True,26,0.0006868855097015301,0.0006868855097015301,0.0027978005272057123,0.0021109150175041814,0.0008677061216354153,0.0008677061216354153,0.0033311744979043355,0.00246346837626892,0.00048087146085586834,0.00048087146085586834,0.000649439584555468,0.0001685681236995998,0.0006847569948023388,0.0006847569948023388,0.000892721814049927,0.00020796481924758816
852f5a13fffffff,JPN,26,26,26,True,26,-0.00011255685882017909,-0.00011255685882017909,0.0019937628095757194,0.0021063196683958987,0.00033328844568919367,0.00033328844568919367,0.0019456173959428423,0.0016123289502536489,-0.0008957177996974971,-0.0008957177996974971,0.0013908057252676206,0.002286523524965118,0.00038113341386189514,0.00038113341386189514,0.0008182129195252793,0.0004370795056633841
852f5a17fffffff,JPN,26,26,26,True,26,0.0012714605305089058,0.0012714605305089058,0.006759431583569022,0.005487971053060116,0.0016387718154001576,0.0016387718154001576,0.008040127379217537,0.006401355563817379,0.0009361194402888395,0.0009361194402888395,0.001481061554698907,0.0005449421144100675,0.001376328630633543,0.001376328630633543,0.002046676287443957,0.000670347656810414
852f5a23fffffff,JPN,26,26,26,True,26,0.005843271699238164,0.005843271699238164,0.03673801017482737,0.03089473847558921,0.007656790795087567,0.007656790795087567,0.0437086077099866,0.03605181691489903,0.004648756938919452,0.004648756938919452,0.009124788395468802,0.0044760314565493505,0.007026046668409993,0.007026046668409993,0.012567080617929756,0.005541033949519764
852f5a27fffffff,JPN,26,26,26,True,26,0.001349319853760647,0.001349319853760647,0.010852530748140828,0.009503210894380179,0.0018197263966445855,0.0018197263966445855,0.012912553320750171,0.011092826924105586,0.0014639459795963777,0.0014639459795963777,0.0029432768937148707,0.0014793309141184932,0.0022479479408454113,0.0022479479408454113,0.004074534434237559,0.0018265864933921482
852f5a2bfffffff,JPN,26,26,26,True,26,0.0005145086639841268,0.0005145086639841268,0.0031022616903767166,0.0025877530263925894,0.0006709960477743818,0.0006709960477743818,0.0036918799667433884,0.0030208839189690066,0.0003533116557595739,0.0003533116557595739,0.0005615000149476065,0.00020818835918803253,0.0005213188185945948,0.0005213188185945948,0.0007783811947237771,0.0002570623761291822
852f5a2ffffffff,JPN,26,26,26,True,26,0.0003039631053133297,0.0003039631053133297,0.002496856633752224,0.0021928935284388942,0.00041270928190291836,0.00041270928190291836,0.002970897572839277,0.0025581882909363595,0.00015668573580859805,0.00015668573580859805,0.0003922394920947825,0.00023555375628618458,0.0002661155269908778,0.0002661155269908778,0.0005597855217934979,0.00029366999480262015
852f5a33fffffff,JPN,26,26,26,True,26,0.003919023898354321,0.003919023898354321,0.02278200800679013,0.018862984108435808,0.005090174403109724,0.005090174403109724,0.027102446309184677,0.022012271906074958,0.003169988617789355,0.003169988617789355,0.006587046455603165,0.0034170578378138095,0.00495751382047028,0.00495751382047028,0.00920107308077128,0.004243559260301002
852f5a37fffffff,JPN,26,26,26,True,26,0.07047417489751219,0.07047417489751219,0.39417226657021676,0.32369809167270464,0.06149727722930594,0.06149727722930594,0.35540998159232046,0.2939127043630144,0.14875037936526608,0.14875037936526608,0.2579336370247028,0.10918325765943669,0.10353394882039792,0.10353394882039792,0.18089965474797134,0.0773657059275734
852f5a3bfffffff,JPN,26,26,26,True,26,0.0008579406520593442,0.0008579406520593442,0.006000211687449738,0.005142271035390394,0.0011425069866120138,0.0011425069866120138,0.007140576393553449,0.0059980694069414345,0.000270458982903145,0.000270458982903145,0.0010993796859473106,0.0008289207030441656,0.0004629816688293261,0.0004629816688293261,0.001497763430702064,0.001034781761872738
852f5a43fffffff,JPN,0,6,3,False,26,,,,,,,,,,,,,,,,
852f5a47fffffff,JPN,18,20,24,False,26,,0.00010677256325865804,,,,0.00013117854676115916,,,,3.5596329718071384e-05,,,,5.9178428588685356e-05,,
852f5a4bfffffff,JPN,26,26,26,True,26,0.0005531153852390429,0.0005531153852390429,0.0032464120405986184,0.0026932966553595747,0.0007173507461319245,0.0007173507461319245,0.0038620915145153446,0.0031447407683834203,0.0005767073822842464,0.0005767073822842464,0.0013562015326352961,0.0007794941503510497,0.0009261871763437828,0.0009261871763437828,0.001892966972434454,0.0009667797960906711
852f5a53fffffff,JPN,0,1,0,False,26,,,,,,,,,,,,,,,,
852f5a57fffffff,JPN,1,6,11,False,26,,-9.002262972840613e-06,,,,-6.337383896748026e-06,,,,0.0,,,,0.0,,
852f5a5bfffffff,JPN,1,1,3,False,26,,1.3259451474938058e-05,,,,1.959431743133877e-05,,,,0.0,,,,0.0,,
852f5a63fffffff,JPN,1,5,7,False,26,,-0.00010330242485704437,,,,-0.00012556336881576548,,,,0.0,,,,0.0,,
852f5a67fffffff,JPN,26,26,26,True,26,0.00015280825547533004,0.00015280825547533004,0.0007517294591740637,0.0005989212036987336,0.0001961411206951949,0.0001961411206951949,0.0008942833989318415,0.0006981422782366465,0.00011733384232927386,0.00011733384232927386,0.00024351144846238056,0.00012617760613310673,0.00016477394159668694,0.00016477394159668694,0.0003233393756643572,0.0001585654340676703
852f5a6bfffffff,JPN,23,25,24,False,26,,3.621341206867264e-05,,,,5.0488174904306616e-05,,,,8.420399359682267e-06,,,,1.3223439696884409e-05,,
852f5a6ffffffff,JPN,25,25,26,False,26,,0.00012610730470295504,,,,0.00016491335260660462,,,,2.487004049424297e-05,,,,4.838428604858133e-05,,
852f5a73fffffff,JPN,26,26,26,True,26,9.633545108574114e-05,9.633545108574114e-05,0.0010538855436679512,0.0009575500925822101,0.00013545096391814155,0.00013545096391814155,0.0012527578127348206,0.001117306848816679,0.00012939457582604596,0.00012939457582604596,0.0003093780416559845,0.00017998346582993855,0.0001992374689929905,0.0001992374689929905,0.00042080885865269615,0.00022157138965970565
852f5a77fffffff,JPN,10,16,18,False,26,,8.72099950202196e-05,,,,0.00010708675483100393,,,,0.0,,,,0.0,,
852f5a7bfffffff,JPN,11,12,14,False,26,,-2.819676076600111e-05,,,,-2.643753045647883e-05,,,,0.0,,,,0.0,,
852f5a83fffffff,JPN,26,26,26,True,26,0.00010910721222604495,0.00010910721222604495,0.0006876372502684108,0.0005785300380423656,0.00014371932332340147,0.00014371932332340147,0.0008186904414894253,0.0006749711181660239,-7.230385336486438e-05,-7.230385336486438e-05,3.383375537736122e-05,0.0001061376087422256,-8.444440646710683e-05,-8.444440646710683e-05,4.148647928914039e-05,0.0001259308857562472
852f5a8bfffffff,JPN,26,26,26,True,26,0.00013075108534429012,0.00013075108534429012,0.0008216569839718066,0.0006909058986275166,0.00017023010418070364,0.00017023010418070364,0.0009778259163530172,0.0008075958121723134,0.0008156126792401902,0.0008156126792401902,0.0008524265337921574,3.6813854551967276e-05,0.0011828494685021855,0.0011828494685021855,0.001228861749638856,4.601228113667059e-05
852f5a93fffffff,JPN,13,18,18,False,26,,3.310406516341538e-05,,,,4.5268346425127274e-05,,,,-2.977271651717666e-06,,,,-4.765485962645575e-06,,
852f5aa7fffffff,JPN,26,26,26,True,26,0.020011659262990512,0.020011659262990512,0.12519757118107475,0.10518591191808424,0.02560258205758661,0.02560258205758661,0.14738035353192305,0.12177777147433644,0.021822232033179366,0.021822232033179366,0.03829435752110665,0.016472125487927293,0.031514271956083265,0.031514271956083265,0.05113993123754522,0.01962565928146194
852f5aabfffffff,JPN,26,26,26,True,26,0.0009651248626908701,0.0009651248626908701,0.007698536376567178,0.0067334115138763095,0.0013063282034056311,0.0013063282034056311,0.0091599721784123,0.007853643975006668,0.0010675282699867813,0.0010675282699867813,0.002429698596760482,0.0013621703267737008,0.001684646154835144,0.001684646154835144,0.003388222714858313,0.0017035765600231694
852f5aaffffffff,JPN,26,26,26,True,26,0.009434276054229692,0.009434276054229692,0.05786323652928612,0.04842896047505642,0.002555480457341664,0.002555480457341664,0.014190240504324322,0.011634760046982655,0.07328823789003983,0.07328823789003983,0.1369187038780252,0.06363046598798539,0.0017559374289957339,0.0017559374289957339,0.004250892926556423,0.0024949554975606894
852f5ab3fffffff,JPN,26,26,26,True,26,0.00023030013510979777,0.00023030013510979777,0.0009269784864396926,0.0006966783513298948,0.0002895452803726209,0.0002895452803726209,0.0011027651338597895,0.0008132198534871688,0.00011666510858735479,0.00011666510858735479,0.0002079637100182478,9.129860143089298e-05,0.00019745915354678041,0.00019745915354678041,0.00031139497704019955,0.00011393582349341914
852f5ab7fffffff,JPN,11,16,16,False,26,,3.768509389061596e-05,,,,4.9599345722710263e-05,,,,-3.491320228779232e-05,,,,-4.1387405150414244e-05,,
852f5abbfffffff,JPN,26,26,26,True,26,0.0034581573036789603,0.0034581573036789603,0.01969511653705526,0.016236959233376293,0.0044833903027407425,0.0044833903027407425,0.023435285858561507,0.01895189555582076,0.003253745203459699,0.003253745203459699,0.0059218101801109795,0.0026680649766512793,0.004951240202420334,0.004951240202420334,0.008232117831527669,0.003280877629107335
852f5ac7fffffff,JPN,4,11,9,False,26,,3.659705233998001e-05,,,,4.6708937728291434e-05,,,,0.0,,,,0.0,,
852f5acbfffffff,JPN,26,26,26,True,26,0.0002049489404105288,0.0002049489404105288,0.0013716027861906594,0.0011666538457801307,0.0002679981095321573,0.0002679981095321573,0.0016330147345665139,0.0013650166250343569,0.00020817555816719316,0.00020817555816719316,0.00025079222128247125,4.2616663115278074e-05,0.00029943081578772594,0.00029943081578772594,0.00035422830891201044,5.4797493124284554e-05
852f5acffffffff,JPN,6,11,10,False,26,,9.399229638280712e-05,,,,0.00011905979842533755,,,,-3.303325920669967e-05,,,,-3.7728559614142476e-05,,
852f5ad3fffffff,JPN,12,16,20,False,26,,2.8580263347612872e-05,,,,3.8459283480066846e-05,,,,-1.4943725417560435e-05,,,,-2.4768086485008995e-05,,
852f5ad7fffffff,JPN,0,3,1,False,26,,,,,,,,,,,,,,,,
852f5b03fffffff,JPN,20,23,21,False,26,,4.332866328690597e-05,,,,5.660637327050324e-05,,,,4.7824555030524194e-05,,,,5.9930550356684966e-05,,
852f5b1bfffffff,JPN,0,1,1,False,26,,,,,,,,,,,,,,,,
852f5b23fffffff,JPN,7,10,16,False,26,,1.7804523950278615e-05,,,,2.3845324518980447e-05,,,,0.0,,,,0.0,,
852f5b2bfffffff,JPN,26,26,26,True,26,0.0003542087954582221,0.0003542087954582221,0.0018834819184665476,0.0015292731230083254,0.00045666760843188296,0.00045666760843188296,0.0022408824750337884,0.0017842148666019056,0.0002805018516494822,0.0002805018516494822,0.0005091896510069052,0.00022868779935742296,0.00043239062514266436,0.00043239062514266436,0.0007187103497288256,0.0002863197245861611
852f5b2ffffffff,JPN,6,8,9,False,26,,-3.2747396216811257e-06,,,,-2.8692836590390545e-06,,,,0.0,,,,0.0,,
852f5b33fffffff,JPN,0,9,5,False,26,,,,,,,,,,,,,,,,
852f5b3bfffffff,JPN,15,19,21,False,26,,2.423620391041355e-05,,,,3.376173045704727e-05,,,,-1.633188648072396e-05,,,,-1.9520738520304003e-05,,
852f5b4ffffffff,JPN,24,25,25,False,26,,8.06060210163963e-05,,,,0.00010567755042826774,,,,0.00012028393421649361,,,,0.00016977222591685703,,
852f5b53fffffff,JPN,26,26,26,True,26,0.000429021405437504,0.000429021405437504,0.003246986459744423,0.0028179650543069183,0.000472997562785941,0.000472997562785941,0.0034107556687218853,0.0029377581059359436,0.0002786929414972554,0.0002786929414972554,0.00043396486374991464,0.0001552719222526592,0.0003292691202215724,0.0003292691202215724,0.0005205271529299152,0.00019125803270834268
852f5b57fffffff,JPN,26,26,26,True,26,0.00016365098743365046,0.00016365098743365046,0.0009963595286612765,0.000832708541227626,0.0002128420515739007,0.0002128420515739007,0.0011863670800680898,0.0009735250284941891,2.9033551006930612e-05,2.9033551006930612e-05,6.81023113108132e-05,3.9068760303882575e-05,4.1016881216354934e-05,4.1016881216354934e-05,9.104674094884404e-05,5.002985973248912e-05
852f5b5bfffffff,JPN,26,26,26,True,26,0.0005253168204356162,0.0005253168204356162,0.00260666596204587,0.002081349141610253,0.0006734711167167323,0.0006734711167167323,0.0031020440556846,0.002428572938967868,0.0006727206807567155,0.0006727206807567155,0.0009534737430695101,0.0002807530623127947,0.0010186254005870707,0.0010186254005870707,0.0013585236338099895,0.00033989823322291894
852f5b77fffffff,JPN,1,1,2,False,26,,7.967532909454331e-06,,,,8.016343847221975e-06,,,,0.0,,,,0.0,,
852f5b83fffffff,JPN,26,26,26,True,26,0.00020373321005419607,0.00020373321005419607,0.000721872347855816,0.0005181391378016199,0.0002547644759769298,0.0002547644759769298,0.0008597678989626998,0.0006050034229857701,0.0002713549296850661,0.0002713549296850661,0.0002766431383810494,5.2882086959832624e-06,0.0004028218827434313,0.0004028218827434313,0.0004087640085769778,5.942125833546556e-06
852f5b87fffffff,JPN,25,25,26,False,26,,9.642417695744015e-05,,,,0.0001258996352141274,,,,1.30214879388527e-05,,,,1.639042275753509e-05,,
852f5b8bfffffff,JPN,26,26,26,True,26,0.00018381406655419287,0.00018381406655419287,0.001429992272170777,0.0012461782056165838,0.0002469234542589491,0.0002469234542589491,0.00170082786403782,0.0014539044097788708,4.79602646505581e-06,4.79602646505581e-06,0.00014917967415816898,0.00014438364769311316,2.6578706816799353e-05,2.6578706816799353e-05,0.0002084035344541467,0.00018182482763734738
852f5b8ffffffff,JPN,17,22,20,False,26,,5.011382454423582e-06,,,,1.3323231099528654e-05,,,,-3.282526389870912e-05,,,,-4.200180607766134e-05,,
852f5ba3fffffff,JPN,26,26,26,True,26,0.00041659978512859156,0.00041659978512859156,0.0024630093945429846,0.0020464096094143925,0.0005431781126167905,0.0005431781126167905,0.0029330799128830893,0.0023899018002662984,7.223715116562716e-06,7.223715116562716e-06,0.0003647510277713694,0.00035752731265480673,3.3936037422150185e-05,3.3936037422150185e-05,0.0004756943181935796,0.0004417582807714295
852f5ba7fffffff,JPN,24,24,26,False,26,,8.026284697773748e-05,,,,0.00010231930717156132,,,,0.00012927795517057243,,,,0.00018502433219250744,,
852f5babfffffff,JPN,3,11,8,False,26,,0.00030775623694122436,,,,0.00036324127182706345,,,,-0.00033313770325589656,,,,-0.0004296802642588433,,
852f5bb3fffffff,JPN,26,26,26,True,26,0.00045754966005200987,0.00045754966005200987,0.002547167996355192,0.002089618336303182,0.0005914825548823629,0.0005914825548823629,0.0030296926159012385,0.002438210061018876,1.0033457778821181e-05,1.0033457778821181e-05,0.00030536460054435456,0.00029533114276553336,4.8074845125149544e-05,4.8074845125149544e-05,0.0004194227446817613,0.0003713478995566117
852f5bbbfffffff,JPN,19,20,24,False,26,,2.2060334618150004e-05,,,,3.094910003746225e-05,,,,4.64578864961764e-05,,,,5.645310341268636e-05,,
852f5bc3fffffff,JPN,26,26,26,True,26,0.0013302058599146717,0.0013302058599146717,0.008695981081447781,0.00736577522153311,0.0017499026825187132,0.0017499026825187132,0.010346925581711724,0.00859702289919301,0.0023640167713463818,0.0023640167713463818,0.0033143196331761843,0.0009503028618298026,0.003471168696937839,0.003471168696937839,0.004653553056721811,0.0011823843597839716
852f5bc7fffffff,JPN,24,24,26,False,26,,9.359250598839129e-05,,,,0.00010718784427783393,,,,-6.224867208054774e-06,,,,-0.0001318469939546316,,
852f5bcbfffffff,JPN,26,26,26,True,26,0.002392098749920666,0.002392098749920666,0.015839088610217242,0.013446989860296573,0.003156507266160066,0.003156507266160066,0.01884499636431524,0.015688489098155175,0.0014399601548181196,0.0014399601548181196,0.002623645649189716,0.0011836854943715965,0.002152283743107995,0.002152283743107995,0.0036191764288234676,0.0014668926857154727
852f5bcffffffff,JPN,26,26,26,True,26,0.0011926993229524308,0.0011926993229524308,0.006936293292072562,0.005743593969120132,0.0015530572043669854,0.0015530572043669854,0.008252554202348035,0.006699496997981049,0.0012808099978906023,0.0012808099978906023,0.002055148806321842,0.0007743388084312397,0.001952231185888892,0.001952231185888892,0.002927752526916977,0.000975521341028085
852f5bd7fffffff,JPN,26,26,26,True,26,0.001185962127777039,0.001185962127777039,0.0082074010039625,0.0070214388761854615,0.0015779248196745265,0.0015779248196745265,0.009769302039529849,0.008191377219855321,0.0013049761881825947,0.0013049761881825947,0.002328559546647115,0.0010235833584645204,0.002041279682293034,0.002041279682293034,0.0033189828059801514,0.0012777031236871168
852f5bdbfffffff,JPN,26,26,26,True,26,3.885495759835158e-05,3.885495759835158e-05,0.0006591096314863803,0.0006202546738880286,6.035448840508828e-05,6.035448840508828e-05,0.0007846381788539227,0.0007242836904488345,0.0001384368945930938,0.0001384368945930938,0.00014870405875801613,1.0267164164922325e-05,0.0002068676161914918,0.0002068676161914918,0.0002185452697884518,1.1677653596960003e-05
852f5e2ffffffff,JPN,1,5,5,False,26,,7.870285674663828e-05,,,,9.9812566391666e-05,,,,0.0,,,,0.0,,
85300623fffffff,CHN,26,26,26,True,26,0.00020013447679163705,0.00020013447679163705,0.0023209446852432833,0.0021208102084516465,0.0002891875466185805,0.0002891875466185805,0.0027610715755861286,0.002471884028967548,0.000794635221830425,0.000794635221830425,0.0022748415391546034,0.0014802063173241786,0.0013611767745928167,0.0013611767745928167,0.003164609169255307,0.0018034323946624897
8530062bfffffff,CHN,24,25,25,False,26,,9.64152427756218e-05,,,,0.00012294792553263286,,,,0.0005441746710746426,,,,0.0007685594256633118,,
85301127fffffff,CHN,0,0,18,False,26,,,,,,,,,,,,,,,,
853020abfffffff,CHN,10,15,17,False,26,,2.091681031981878e-05,,,,2.7842656041819602e-05,,,,-2.4440043607745644e-07,,,,1.5832300992426397e-06,,
853020b3fffffff,CHN,4,8,14,False,26,,4.1781752350110785e-05,,,,5.260092271031204e-05,,,,0.0001995386666028143,,,,0.00027784569561448353,,
853022a3fffffff,CHN,4,9,14,False,26,,3.320314293568366e-05,,,,4.0251342920264075e-05,,,,0.00012204051237273669,,,,0.00016343975980759982,,
85302577fffffff,CHN,26,26,26,True,26,0.0005063614200026064,0.0005063614200026064,0.0030629965217845467,0.0025566351017819403,0.0006556338531953722,0.0006556338531953722,0.0036409261350907277,0.0029852922818953556,0.003984982868458228,0.003984982868458228,0.009593912719317187,0.005608929850858959,0.006935115256822454,0.006935115256822454,0.013976894639659372,0.007041779382836921
85302597fffffff,CHN,26,26,26,True,26,0.0004840375077588771,0.0004840375077588771,0.005860010785899561,0.005375973278140684,0.0006882546532998878,0.0006882546532998878,0.006972155356952615,0.0062839007036527275,0.00012264613127995066,0.00012264613127995066,0.00034312580505617743,0.00022047967377622678,0.0001849588456877029,0.0001849588456877029,0.0004476650654119844,0.0002627062197242815
853025c3fffffff,CHN,26,26,26,True,26,0.030628168782980972,0.030628168782980972,0.18789018701510923,0.1572620182321283,0.03983273960049459,0.03983273960049459,0.223465183589174,0.18363244398867945,0.11236182864420438,0.11236182864420438,0.20118625713249444,0.08882442848829004,0.1665570516782774,0.1665570516782774,0.272425828631795,0.10586877695351754
85302627fffffff,CHN,0,1,0,False,26,,,,,,,,,,,,,,,,
85302eb3fffffff,CHN,15,19,22,False,26,,5.015763033979517e-06,,,,1.0954882501258582e-05,,,,-3.234879723066804e-05,,,,-3.584016308379448e-05,,
85303053fffffff,CHN,0,4,3,False,26,,,,,,,,,,,,,,,,
8530820ffffffff,CHN,0,1,3,False,26,,,,,,,,,,,,,,,,
8530826bfffffff,CHN,26,26,26,True,26,0.001076129807752196,0.001076129807752196,0.007176451788147683,0.006100321980395488,0.001425214748889783,0.001425214748889783,0.00854611172216666,0.007120896973276877,0.0004160777599009432,0.0004160777599009432,0.0017028156262009222,0.0012867378662999788,0.0007183843334279029,0.0007183843334279029,0.002314827824531819,0.001596443491103916
8530830bfffffff,CHN,0,0,2,False,26,,,,,,,,,,,,,,,,
85308393fffffff,CHN,24,24,26,False,26,,4.640520876695702e-05,,,,6.235847280324457e-05,,,,5.059213171952335e-05,,,,7.993764774332881e-05,,
853083bbfffffff,CHN,0,1,1,False,26,,,,,,,,,,,,,,,,
853084abfffffff,CHN,4,10,12,False,26,,4.562484108631618e-05,,,,6.071529794693598e-05,,,,-4.397885496653209e-05,,,,-5.02245035307826e-05,,
85308623fffffff,CHN,20,21,25,False,26,,-1.4670143624824275e-05,,,,-7.4525559160129445e-06,,,,-7.910656075890728e-05,,,,-0.00010568603742394616,,
853086d7fffffff,CHN,26,26,26,True,26,0.0004499101462337616,0.0004499101462337616,0.0035424325518004806,0.003092522405566719,0.0006020311418941849,0.0006020311418941849,0.004198950110661056,0.0035969189687668707,0.00020391319549244229,0.00020391319549244229,0.0008354529571608273,0.0006315397616683848,0.0003691883058147064,0.0003691883058147064,0.0011508086087685956,0.0007816203029538891
853090a7fffffff,CHN,0,3,5,False,26,,,,,,,,,,,,,,,,
8530911bfffffff,CHN,26,26,26,True,26,0.09023233613427079,0.09023233613427079,0.8058540645675601,0.7156217284332894,0.12256964493942002,0.12256964493942002,0.9565606782968542,0.8339910333574342,0.1872317795820136,0.1872317795820136,0.409131619937803,0.22189984035578944,0.31805123411690894,0.31805123411690894,0.5986646742830485,0.2806134401661395
853091cbfffffff,CHN,0,4,9,False,26,,,,,,,,,,,,,,,,
85309277fffffff,CHN,0,3,3,False,26,,,,,,,,,,,,,,,,
853092b7fffffff,CHN,23,25,23,False,26,,3.540357343275874e-05,,,,5.055324196189288e-05,,,,0.0001036023040100873,,,,0.00013957899194414026,,
85309313fffffff,CHN,0,1,2,False,26,,,,,,,,,,,,,,,,
85309377fffffff,CHN,0,2,0,False,26,,,,,,,,,,,,,,,,
85309447fffffff,CHN,26,26,26,True,26,0.0006828690690712254,0.0006828690690712254,0.004220524716328235,0.00353765564725701,0.0009016875706793885,0.0009016875706793885,0.005023050170022317,0.0041213625993429285,0.0005129678849745145,0.0005129678849745145,0.002244482795387211,0.0017315149104126966,0.0009240214820490344,0.0009240214820490344,0.002989750794599969,0.002065729312550935
853094abfffffff,CHN,4,11,13,False,26,,0.00013550280085032382,,,,0.0001661354574936445,,,,0.0,,,,0.0,,
85309627fffffff,CHN,26,26,26,True,26,0.0036914627650069254,0.0036914627650069254,0.06898044667434276,0.06528898390933582,0.005881525516849854,0.005881525516849854,0.08209327133195829,0.07621174581510844,-0.0531781296928769,-0.0531781296928769,0.026730286027865067,0.07990841572074195,-0.0629970025469894,-0.0629970025469894,0.03670588573081306,0.09970288827780246
85309807fffffff,CHN,2,5,11,False,26,,5.19685908723842e-05,,,,6.278912933016959e-05,,,,0.00014348808044515742,,,,0.00017518166338493016,,
8530981bfffffff,CHN,26,26,26,True,26,0.005709546301044746,0.005709546301044746,0.05032929988455248,0.04461975358350774,0.007754544073371416,0.007754544073371416,0.059897643753955856,0.052143099680584434,0.0029963623472365774,0.0029963623472365774,0.007128609068156986,0.0041322467209204084,0.005017812691034804,0.005017812691034804,0.01018847400599145,0.005170661314956646
85309887fffffff,CHN,25,25,26,False,26,,5.39405005891738e-05,,,,7.27564598965827e-05,,,,-1.633792026507278e-05,,,,-1.9311765609126832e-05,,
853098d3fffffff,CHN,26,26,26,True,26,0.0012493209263584476,0.0012493209263584476,0.005930131322973787,0.00468081039661534,0.0016109270366942584,0.0016109270366942584,0.007061346061575645,0.005450419024881387,0.00032337000772214797,0.00032337000772214797,0.0010544240264506914,0.0007310540187285435,0.0005635255040977814,0.0005635255040977814,0.0014593155877794136,0.0008957900836816321
8530995bfffffff,CHN,26,26,26,True,26,0.11324204789686837,0.11324204789686837,0.9039580118154962,0.7907159639186282,0.12974348915756054,0.12974348915756054,0.8873134637892917,0.7575699746317311,0.18072175544310143,0.18072175544310143,0.5037960423103872,0.3230742868672857,0.25481531285689407,0.25481531285689407,0.5887081422700897,0.33389282941319565
85309a0bfffffff,CHN,5,17,9,False,26,,3.959791338236467e-05,,,,5.040386614314626e-05,,,,0.0006087930920256476,,,,0.0008492913293804497,,
85309a1bfffffff,CHN,26,26,26,True,26,0.0006792432259641985,0.0006792432259641985,0.001908935781872789,0.0012296925559085905,0.0008425635030751104,0.0008425635030751104,0.002270514654277248,0.0014279511512021378,0.002477994753441311,0.002477994753441311,0.003364123493022105,0.0008861287395807941,0.0035688503559094626,0.0035688503559094626,0.004602971677948732,0.0010341213220392681
85309a33fffffff,CHN,2,7,7,False,26,,1.2858802301049223e-06,,,,3.6389351537723593e-06,,,,5.631649850449011e-05,,,,6.8678660579706e-05,,
85309a47fffffff,CHN,1,6,8,False,26,,3.1973938423325023e-05,,,,4.628056130790052e-05,,,,0.0,,,,0.0,,
85309a57fffffff,CHN,26,26,26,True,26,0.020607652732793722,0.020607652732793722,0.17602642714811848,0.15541877441532476,0.02472304089006537,0.02472304089006537,0.19379820322781827,0.16907516233775288,0.03418278194293298,0.03418278194293298,0.0887870634944386,0.054604281551505617,0.05030974783987417,0.05030974783987417,0.11360992531074691,0.06330017747087273
85309a6ffffffff,CHN,26,26,26,True,26,0.005618816339295918,0.005618816339295918,0.04424892672899075,0.038630110389694834,0.0072046512264953965,0.0072046512264953965,0.05142064822273539,0.04421599699624001,0.008792412223561051,0.008792412223561051,0.027579090158665807,0.01878667793510476,0.01461952847040187,0.01461952847040187,0.037148716678588004,0.022529188208186137
85309a9bfffffff,CHN,26,26,26,True,26,0.000521554913097944,0.000521554913097944,0.005435288413829467,0.004913733500731524,0.0007358438308664032,0.0007358438308664032,0.0064694104685954395,0.005733566637729037,0.0007035433921957989,0.0007035433921957989,0.002087889513022494,0.001384346120826695,0.0012479544729322822,0.0012479544729322822,0.0028869373780129495,0.0016389829050806675
85309aa7fffffff,CHN,26,26,26,True,26,0.03536854432990461,0.03536854432990461,0.29826895904757006,0.2629004147176654,0.0461956252200202,0.0461956252200202,0.3369737231354838,0.2907780979154636,0.057376954119669005,0.057376954119669005,0.141665827029426,0.084288872909757,0.09442334503888737,0.09442334503888737,0.19665629173297466,0.10223294669408729
85309ac3fffffff,CHN,0,0,1,False,26,,,,,,,,,,,,,,,,
85309b83fffffff,CHN,19,22,23,False,26,,8.88161746894329e-05,,,,0.00011163285782409097,,,,3.1428338453317243e-05,,,,5.117288748007716e-05,,
85309c03fffffff,CHN,3,7,10,False,26,,5.644605836447122e-05,,,,6.973444396657541e-05,,,,-0.00017591541986612834,,,,-0.0002008980141231304,,
85309c2ffffffff,CHN,9,16,16,False,26,,-9.31173573047193e-06,,,,-6.319926373779812e-06,,,,1.3088542747825937e-06,,,,2.477499486900423e-06,,
85309c4ffffffff,CHN,26,26,26,True,26,3.9695676908282e-05,3.9695676908282e-05,0.0007081159723224358,0.0006684202954141536,7.242482397705618e-05,7.242482397705618e-05,0.0005953584880527599,0.0005229336640757038,7.915298200090911e-05,7.915298200090911e-05,0.0003793894220960762,0.000300236440095167,2.629975315386152e-05,2.629975315386152e-05,0.00018225041830347642,0.00015595066514961493
85309c77fffffff,CHN,17,21,21,False,26,,4.54530966400143e-05,,,,5.8044471478943034e-05,,,,4.6950274494779835e-05,,,,6.537545779164318e-05,,
85309c83fffffff,CHN,4,7,4,False,26,,-4.4514833681108734e-05,,,,-4.730914569848944e-05,,,,0.00035452946848942083,,,,0.0004802243608213757,,
85309cb3fffffff,CHN,0,2,3,False,26,,,,,,,,,,,,,,,,
85309cdbfffffff,CHN,26,26,26,True,26,0.0013620913662994668,0.0013620913662994668,0.0062541197657098495,0.004892028399410383,0.0017930385162776019,0.0017930385162776019,0.007438427571636024,0.0056453890553584225,-0.0003464378298633769,-0.0003464378298633769,0.0005541696875813436,0.0009006075174447204,-0.0003775791984763762,-0.0003775791984763762,0.000760308531830408,0.0011378877303067842
85309d57fffffff,CHN,26,26,26,True,26,0.001497711950844267,0.001497711950844267,0.013266789317815088,0.011769077366970821,0.0020264078411132464,0.0020264078411132464,0.015775520528191974,0.013749112687078726,0.017184465948254755,0.017184465948254755,0.035991776031155436,0.018807310082900684,0.0299031567212853,0.0299031567212853,0.05412090502418472,0.024217748302899425
85309e17fffffff,CHN,2,5,6,False,26,,1.1830457914382241e-05,,,,1.656868595746941e-05,,,,0.0,,,,0.0,,
85309e4bfffffff,CHN,0,0,1,False,26,,,,,,,,,,,,,,,,
8530a273fffffff,CHN,0,0,2,False,26,,,,,,,,,,,,,,,,
8530a3abfffffff,CHN,2,8,8,False,26,,2.761888906829734e-05,,,,3.9116587386871235e-05,,,,7.463655728430408e-05,,,,8.839638352715713e-05,,
8530a43bfffffff,CHN,26,26,26,True,26,0.00014024928759064605,0.00014024928759064605,0.0009650675454010709,0.0008248182578104249,0.0001868057370308726,0.0001868057370308726,0.0011478512243385363,0.0009610454873076637,1.6665168246195676e-05,1.6665168246195676e-05,0.00020760230842525098,0.00019093714017905534,5.792054814364243e-05,5.792054814364243e-05,0.00027991562682173226,0.0002219950786780899
8530a523fffffff,CHN,0,0,1,False,26,,,,,,,,,,,,,,,,
8530a573fffffff,CHN,26,26,26,True,26,0.00014603881209227006,0.00014603881209227006,0.0007785368439763221,0.000632498031884052,0.00019129502163365932,0.00019129502163365932,0.0009235895454818256,0.0007322945238481661,-8.039057371547826e-05,-8.039057371547826e-05,0.00020020826997635183,0.0002805988436918301,-6.148789879339509e-05,-6.148789879339509e-05,0.0002579876628773799,0.00031947556167077494
8530a5cffffffff,CHN,0,0,1,False,26,,,,,,,,,,,,,,,,
8530a6abfffffff,CHN,0,2,2,False,26,,,,,,,,,,,,,,,,
8530ac53fffffff,CHN,26,26,26,True,26,0.08724382948579282,0.08724382948579282,0.4725232284390524,0.3852793989532597,0.11249341788540049,0.11249341788540049,0.5597681225395534,0.44727470465415287,0.056396089408457244,0.056396089408457244,0.11027638904965996,0.053880299641202715,0.09142416781180823,0.09142416781180823,0.15695879317613387,0.06553462536432562
8530b02ffffffff,CHN,26,26,26,True,26,0.00010991655172174327,0.00010991655172174327,0.0009118905600375786,0.0008019740083158353,0.0001487930454161877,0.0001487930454161877,0.0010859673261104355,0.0009371742806942478,0.0002229560421170587,0.0002229560421170587,0.0004717261120444676,0.0002487700699274089,0.00036408354541229347,0.00036408354541229347,0.0006635232750846075,0.0002994397296723139
8530b19bfffffff,CHN,24,24,26,False,26,,6.181650735988019e-05,,,,7.895345753479681e-05,,,,-5.987071008567915e-06,,,,-2.986020944522065e-06,,
8530b2a7fffffff,CHN,0,1,3,False,26,,,,,,,,,,,,,,,,
8530b393fffffff,CHN,1,2,4,False,26,,1.7023338443784868e-05,,,,2.05587924744198e-05,,,,0.0,,,,0.0,,
8530b3cbfffffff,CHN,0,0,2,False,26,,,,,,,,,,,,,,,,
8530b45bfffffff,CHN,0,2,3,False,26,,,,,,,,,,,,,,,,
8530b4cbfffffff,CHN,23,24,24,False,26,,7.011888607479273e-05,,,,9.383184054584101e-05,,,,4.099584595401956e-05,,,,7.245470048705587e-05,,
8530b573fffffff,CHN,9,19,15,False,26,,0.00011444295238580725,,,,0.00014184798028105876,,,,0.00017537936134185046,,,,0.00026030708543176966,,
8530c01bfffffff,KOR,26,26,26,True,26,0.00029486179569857094,0.00029486179569857094,0.0018530903677110961,0.001558228572012525,0.00038511187842873556,0.00038511187842873556,0.0022038172844702575,0.0018187054060415217,0.00011978644653163312,0.00011978644653163312,0.0002221592550966439,0.0001023728085650108,0.00021359267754797372,0.00021359267754797372,0.00033648940127214044,0.00012289672372416667
8530c02bfffffff,KOR,26,26,26,True,26,0.006174741833815626,0.006174741833815626,0.04909620551346093,0.04292146367964532,0.008316838886525155,0.008316838886525155,0.05842630088385132,0.05010946199732616,-0.0007732892781712434,-0.0007732892781712434,0.0037995537455362666,0.00457284302370751,-0.0003005764199971233,-0.0003005764199971233,0.005358867405149294,0.0056594438251464175
8530c04bfffffff,KOR,26,26,26,True,26,0.0003419284198889864,0.0003419284198889864,0.002996662226604201,0.0026547338067152153,0.0004659257977841046,0.0004659257977841046,0.0035626127855647688,0.0030966869877806637,0.00010000206193932671,0.00010000206193932671,0.0003403975699063768,0.00024039550796705014,0.00017406611594239708,0.00017406611594239708,0.00047617008208639204,0.00030210396614399496
8530c04ffffffff,KOR,26,26,26,True,26,0.0033098296530267557,0.0033098296530267557,0.02604676489042917,0.022736935237402413,0.004444386098168512,0.004444386098168512,0.030999086973236063,0.026554700875067554,0.000441277355415974,0.000441277355415974,0.0023950835852884077,0.001953806229872434,0.001027326763609695,0.001027326763609695,0.0034091826812021053,0.0023818559175924105
8530c063fffffff,KOR,14,20,18,False,26,,3.221731385298739e-05,,,,4.127613672523139e-05,,,,0.0,,,,0.0,,
8530c073fffffff,KOR,26,26,26,True,26,0.0002223596916954007,0.0002223596916954007,0.001064446272788126,0.0008420865810927255,0.0002845507455249784,0.0002845507455249784,0.0012660703824361476,0.0009815196369111693,2.288768533327769e-05,2.288768533327769e-05,0.00010196866148516333,7.908097615188565e-05,4.579002438576205e-05,4.579002438576205e-05,0.00014983798556788858,0.0001040479611821265
8530c07bfffffff,KOR,26,26,26,True,26,0.0016369178388563577,0.0016369178388563577,0.012923558783813517,0.011286640944957158,0.002196260272392509,0.002196260272392509,0.015379224109978044,0.013182963837585536,0.000567880149878849,0.000567880149878849,0.0012251052823057244,0.0006572251324268755,0.0009503918766988376,0.0009503918766988376,0.0017678266862994696,0.0008174348096006318
8530c08bfffffff,KOR,26,26,26,True,26,0.0011550012528758632,0.0011550012528758632,0.00837256704349351,0.007217565790617646,0.0015334573896152168,0.0015334573896152168,0.009962153437488326,0.008428696047873111,-2.953522084781224e-05,-2.953522084781224e-05,0.0006874230885472716,0.0007169583093950838,9.377497641775294e-05,9.377497641775294e-05,0.0009840281016240521,0.0008902531252062991
8530c08ffffffff,KOR,26,26,26,True,26,0.00010759304196482621,0.00010759304196482621,0.0014230364458213418,0.0013154434038565156,0.00015575794416688142,0.00015575794416688142,0.001693581768975551,0.0015378238248086697,-2.7164316650927043e-05,-2.7164316650927043e-05,4.958407789316286e-05,7.674839454408991e-05,-1.9644821689605165e-05,-1.9644821689605165e-05,7.259655435026282e-05,9.224137603986799e-05
8530c097fffffff,KOR,26,26,26,True,26,0.00027471276319889957,0.00027471276319889957,0.0012188491594861798,0.0009441363962872799,0.00034794498047294495,0.00034794498047294495,0.0014503219667769357,0.0011023769863039905,2.3401583202669285e-05,2.3401583202669285e-05,4.316942095144774e-05,1.9767837748778455e-05,3.946377317289664e-05,3.946377317289664e-05,6.173928279873736e-05,2.2275509625840734e-05
8530c0d3fffffff,KOR,26,26,26,True,26,0.00019174716793218281,0.00019174716793218281,0.0018298444124157979,0.0016380972444836152,0.00026657725817150793,0.00026657725817150793,0.0021770780459585393,0.001910500787787032,8.725302966106164e-05,8.725302966106164e-05,0.00022530834441868367,0.000138055314757622,0.00016414326981804194,0.00016414326981804194,0.0003373585831541511,0.00017321531333610912
8530c11bfffffff,KOR,26,26,26,True,26,0.0013587980014704906,0.0013587980014704906,0.009450306246821118,0.008091508245350628,0.0017987904025807198,0.0017987904025807198,0.011236612678838777,0.009437822276258053,-2.0458546824861016e-05,-2.0458546824861016e-05,0.0006493129249643762,0.0006697714717892373,0.0001001734385266759,0.0001001734385266759,0.0009232778509965068,0.0008231044124698309
8530c123fffffff,KOR,26,26,26,True,26,0.015203276817620617,0.015203276817620617,0.11532824457609445,0.10012496775847383,0.017561765482660828,0.017561765482660828,0.11660848159842747,0.09904671611576663,0.002563622172563081,0.002563622172563081,0.013579838657687044,0.011016216485123964,0.004413894618312216,0.004413894618312216,0.015647492176981456,0.011233597558669236
8530c143fffffff,KOR,26,26,26,True,26,0.000442537583000673,0.000442537583000673,0.005726865349172096,0.005284327766171423,0.0006430414181194418,0.0006430414181194418,0.006812584660719726,0.006169543242600285,-0.000261649709006211,-0.000261649709006211,0.0006458254256065487,0.0009074751346127598,-0.00018909225493042982,-0.00018909225493042982,0.0009417236187974014,0.0011308158737278313
8530c147fffffff,KOR,26,26,26,True,26,0.015574929819272509,0.015574929819272509,0.12389264798027358,0.1083177181610011,0.021018009343504302,0.021018009343504302,0.14735490726017103,0.1263368979166667,0.00021867252466939796,0.00021867252466939796,0.011795340579577797,0.011576668054908397,0.0024761419133880465,0.0024761419133880465,0.016701959663002718,0.014225817749614674
8530c16bfffffff,KOR,26,26,26,True,26,0.045332585310619525,0.045332585310619525,0.3485167004494424,0.3031841151388228,0.060741772738296076,0.060741772738296076,0.41425743590059627,0.3535156631623001,0.00418957257767875,0.00418957257767875,0.04181128103077835,0.037621708453099596,0.012743320409352301,0.012743320409352301,0.05895565186561386,0.04621233145626155
8530c177fffffff,KOR,26,26,26,True,26,0.0031310301559484316,0.0031310301559484316,0.03054214287995686,0.027411112724008424,0.004338639959406126,0.004338639959406126,0.036331713764028196,0.03199307380462208,-0.00021815114910866918,-0.00021815114910866918,0.002751138067210374,0.002969289216319043,0.00023197277283530765,0.00023197277283530765,0.0039207435564570636,0.003688770783621756
8530c17bfffffff,KOR,26,26,26,True,26,0.005828361856494082,0.005828361856494082,0.05255569791323385,0.046727336056739746,0.007979728934786675,0.007979728934786675,0.062481644183366575,0.054501915248579905,-0.0012259754163501323,-0.0012259754163501323,0.005367647033375288,0.006593622449725421,-0.0005923836845658485,-0.0005923836845658485,0.007574385596056058,0.008166769280621907
8530c183fffffff,KOR,26,26,26,True,26,0.0024407582123227504,0.0024407582123227504,0.019319419523223965,0.016878661310901214,0.003283108040048592,0.003283108040048592,0.022987208492123504,0.019704100452074914,-0.000194894262268047,-0.000194894262268047,0.0015178480446339847,0.0017127423069020315,-9.360516469198829e-06,-9.360516469198829e-06,0.0021311587444746535,0.002140519260943852
8530c193fffffff,KOR,26,26,26,True,26,0.03749286656065968,0.03749286656065968,0.3042346270143421,0.2667417604536825,0.0497608227418083,0.0497608227418083,0.35608907308401744,0.30632825034220906,-0.00037813067239745023,-0.00037813067239745023,0.03098975781423955,0.031367888486637005,0.005815605742669543,0.005815605742669543,0.04312056712360796,0.03730496138093842
8530c1b7fffffff,KOR,26,26,26,True,26,0.0024663208682451764,0.0024663208682451764,0.01908445489622705,0.01661813402798187,0.0033140882381193166,0.0033140882381193166,0.022709018939603802,0.019394930701484483,-0.000522809761808199,-0.000522809761808199,0.001866621445829163,0.0023894312076373618,-0.00034323499913832886,-0.00034323499913832886,0.002632109862141542,0.0029753448612798708
8530c1c3fffffff,KOR,26,26,26,True,26,0.0011454369444184925,0.0011454369444184925,0.007506880412616202,0.00636144346819771,0.0015100881211377588,0.0015100881211377588,0.008938996350477397,0.007428908229339638,0.00023439351515408744,0.00023439351515408744,0.0005822243742537494,0.00034783085909966194,0.00041224423880458644,0.00041224423880458644,0.0008365424343482112,0.0004242981955436248
8530c1d7fffffff,KOR,0,2,2,False,26,,,,,,,,,,,,,,,,
8530c283fffffff,KOR,26,26,26,True,26,7.489318921807354e-05,7.489318921807354e-05,0.000828344424729384,0.0007534512355113104,0.00010560946443122122,0.00010560946443122122,0.0009854866737137357,0.0008798772092825144,7.28800373437476e-05,7.28800373437476e-05,8.964845430623503e-05,1.676841696248743e-05,0.00010865283612961328,0.00010865283612961328,0.00012744444750809178,1.8791611378478507e-05
8530c29bfffffff,KOR,26,26,26,True,26,0.0008811845591642283,0.0008811845591642283,0.005426110443702091,0.004544925884537862,0.0011527227905182116,0.0011527227905182116,0.006460033953759909,0.005307311163241697,-0.00012804014285171828,-0.00012804014285171828,0.00023955302303963006,0.00036759316589134834,-0.0001208830294474541,-0.0001208830294474541,0.0003340511886789316,0.00045493421812638565
8530c2a7fffffff,KOR,26,26,26,True,26,0.004656935613273867,0.004656935613273867,0.035370936802925974,0.030714001189652115,0.0062245829397290725,0.0062245829397290725,0.0420824416586429,0.035857858718913824,0.00022143766933848498,0.00022143766933848498,0.002792666901966878,0.002571229232628393,0.0008148273291452843,0.0008148273291452843,0.003987271500898091,0.003172444171752807
8530c383fffffff,KOR,26,26,26,True,26,0.0004851332788613642,0.0004851332788613642,0.003407414949416731,0.002922281670555367,0.0006421546156825646,0.0006421546156825646,0.004054042114241768,0.0034118874985592036,-0.0001889060470410289,-0.0001889060470410289,0.00029750638399139766,0.0004864124310324266,-0.00017472148689916562,-0.00017472148689916562,0.00042324437322465596,0.0005979658601238216
8530c38ffffffff,KOR,26,26,26,True,26,0.0009972765080938902,0.0009972765080938902,0.007965727266155166,0.006968450758061275,0.0013437448930360184,0.0013437448930360184,0.00947706234380828,0.00813331745077226,-9.509361982045056e-05,-9.509361982045056e-05,0.0006782055659997475,0.0007732991858201981,1.0302468774018979e-06,1.0302468774018979e-06,0.0009725253362164996,0.0009714950893390977
8530c3bbfffffff,KOR,26,26,26,True,26,0.003916680140650484,0.003916680140650484,0.03154103476447266,0.027624354623822178,0.005269972122822302,0.005269972122822302,0.03752462731704685,0.03225465519422455,9.482477720538231e-05,9.482477720538231e-05,0.0033960979187651736,0.0033012731415597916,0.0007649525368871705,0.0007649525368871705,0.004853611520579722,0.004088658983692552
8530c3c3fffffff,KOR,17,18,18,False,26,,0.00011012301395033613,,,,0.00014496367781402126,,,,-8.087848593856755e-06,,,,-9.087957157188851e-06,,
8530c3d3fffffff,KOR,26,26,26,True,26,0.00051310585653364,0.00051310585653364,0.0028828627574861913,0.002369756900952551,0.0006624837489599701,0.0006624837489599701,0.0034304933103829257,0.0027680095614229555,-3.535715771757905e-05,-3.535715771757905e-05,0.0002401439621877451,0.00027550111990532416,-3.218071659397294e-06,-3.218071659397294e-06,0.00033898141008966,0.0003421994817490573
8530c407fffffff,KOR,20,21,24,False,26,,9.582724822987677e-05,,,,0.00011946186801250385,,,,0.0,,,,0.0,,
8530c40bfffffff,KOR,26,26,26,True,26,0.0009107471061389476,0.0009107471061389476,0.008063430814676913,0.0071526837085379635,0.0012465764120672728,0.0012465764120672728,0.009600841643691037,0.008354265231623763,-0.0006226302483726804,-0.0006226302483726804,0.0007387619826281993,0.0013613922310008798,-0.0006250365959696488,-0.0006250365959696488,0.0010756407936894329,0.0017006773896590815
8530c417fffffff,KOR,26,26,26,True,26,0.003626944718152739,0.003626944718152739,0.026692741188191586,0.023065796470038848,0.004849124998721413,0.004849124998721413,0.03172811455803981,0.026878989559318396,0.0004650745901450879,0.0004650745901450879,0.0026326323748946247,0.0021675577847495367,0.001094923337861501,0.001094923337861501,0.003768259050750154,0.0026733357128886524
8530c42ffffffff,KOR,26,26,26,True,26,0.00011183417318205192,0.00011183417318205192,0.0011200750254237066,0.0010082408522416547,0.00015643146306842232,0.00015643146306842232,0.0013327571449780438,0.0011763256819096214,7.100817805486821e-05,7.100817805486821e-05,0.00012894016864663916,5.793199059177093e-05,0.00011316123987518449,0.00011316123987518449,0.0001852967483841848,7.213550850900033e-05
8530c43bfffffff,KOR,26,26,26,True,26,0.010658650911140833,0.010658650911140833,0.08432816267470747,0.07366951176356665,0.014339284072935195,0.014339284072935195,0.10029441921179234,0.08595513513885715,0.002245684654441974,0.002245684654441974,0.010171847207491487,0.007926162553049513,0.004691317609429132,0.004691317609429132,0.014444866192947318,0.009753548583518182
8530c457fffffff,KOR,26,26,26,True,26,0.0005373520961553613,0.0005373520961553613,0.0033879315502903405,0.0028505794541349785,0.0007075931061507263,0.0007075931061507263,0.004033595816383757,0.003326002710233031,5.069301473451865e-05,5.069301473451865e-05,0.0003630433859851285,0.0003123503712506098,0.0001438448031309191,0.0001438448031309191,0.0005377586621756308,0.0003939138590447117
8530c467fffffff,KOR,26,26,26,True,26,0.00037903452616122493,0.00037903452616122493,0.0023638409307630624,0.0019848064046018377,0.0004965625527066222,0.0004965625527066222,0.0028131162472287484,0.0023165536945221263,9.872668584212202e-05,9.872668584212202e-05,0.00024481334533195637,0.00014608665948983432,0.00015613234761617062,0.00015613234761617062,0.00033682258674205167,0.00018069023912588108
8530c47bfffffff,KOR,26,26,26,True,26,0.0011703423449172007,0.0011703423449172007,0.009602908776583676,0.008432566431666476,0.0015788863985405216,0.0015788863985405216,0.011413912091962993,0.009835025693422471,-0.00023833515367156433,-0.00023833515367156433,0.0009856859949364306,0.0012240211486079949,-0.00010552034412741083,-0.00010552034412741083,0.0013985710379816685,0.0015040913821090793
8530c48bfffffff,KOR,26,26,26,True,26,0.004714674232814678,0.004714674232814678,0.03302277337814405,0.028308099145329373,0.0062629719750611915,0.0062629719750611915,0.039304024237123605,0.033041052262062415,-0.0009962640201267036,-0.0009962640201267036,0.0025859764291022653,0.003582240449228969,-0.0007492782348660911,-0.0007492782348660911,0.00369486859845567,0.004444146833321761
8530c4b3fffffff,KOR,26,26,26,True,26,0.0011501602911333484,0.0011501602911333484,0.008261280205297107,0.007111119914163758,0.0015191449559027992,0.0015191449559027992,0.009822430905787799,0.008303285949885,0.0002922015898723898,0.0002922015898723898,0.0009623036068296584,0.0006701020169572688,0.0005419008534765251,0.0005419008534765251,0.0013731685442377821,0.0008312676907612569
8530c503fffffff,KOR,26,26,26,True,26,0.0015542309732569386,0.0015542309732569386,0.010134170207837308,0.008579939234580367,0.0020460077189444464,0.0020460077189444464,0.012060228467052576,0.010014220748108128,-0.00024425696944719113,-0.00024425696944719113,0.0007726370571897281,0.0010168940266369194,-0.00020355229220626452,-0.00020355229220626452,0.0010499675002096105,0.0012535197924158751
8530c507fffffff,KOR,26,26,26,True,26,0.00621830555572186,0.00621830555572186,0.047756538448868784,0.041538232893146926,0.008341362778145742,0.008341362778145742,0.0568048741831304,0.04846351140498463,0.0008121287547906932,0.0008121287547906932,0.004694816830412457,0.0038826880756217637,0.0018542643498023358,0.0018542643498023358,0.006646151729681805,0.004791887379879469
8530c537fffffff,KOR,17,21,21,False,26,,2.825464448485357e-05,,,,3.9866142887280615e-05,,,,7.864592893891932e-06,,,,1.039420966537444e-05,,
8530c53bfffffff,KOR,26,26,26,True,26,0.0013622332922098484,0.0013622332922098484,0.009445526140150186,0.008083292847940337,0.0017999751428578587,0.0017999751428578587,0.011240573129193306,0.00944059798633545,-1.811380358820634e-05,-1.811380358820634e-05,0.0008509839479983681,0.0008690977515865745,0.0001077780177771514,0.0001077780177771514,0.0012016582008118144,0.0010938801830346631
8530c54bfffffff,KOR,26,26,26,True,26,0.0003367678920182623,0.0003367678920182623,0.003201068779904054,0.002864300887885791,0.00046418034386656317,0.00046418034386656317,0.0038107820769237816,0.0033466017330572194,-6.444087878159395e-05,-6.444087878159395e-05,0.00021208374785515298,0.00027652462663674694,-4.0012922493270516e-05,-4.0012922493270516e-05,0.0003023592679982133,0.00034237219049148383
8530c553fffffff,KOR,5,7,18,False,26,,-0.00019531422465310215,,,,0.0,,,,-2.7782795107150305e-05,,,,0.0,,
8530c587fffffff,KOR,26,26,26,True,26,0.0007592316361940271,0.0007592316361940271,0.005237995291673245,0.004478763655479218,0.001005755122749811,0.001005755122749811,0.006231924893494976,0.005226169770745163,3.931297513779622e-05,3.931297513779622e-05,0.000556980317656227,0.0005176673425184308,0.00015391296236759715,0.00015391296236759715,0.0008047516954315102,0.000650838733063913
8530c59bfffffff,KOR,0,0,1,False,26,,,,,,,,,,,,,,,,
8530c5c7fffffff,KOR,26,26,26,True,26,0.0004976979566311327,0.0004976979566311327,0.004466773045055451,0.003969075088424318,0.000675091863486553,0.000675091863486553,0.005302638762364096,0.0046275468988775425,2.880674995882663e-05,2.880674995882663e-05,0.0003413392251857075,0.0003125324752268809,8.845784921696508e-05,8.845784921696508e-05,0.00047698789843988944,0.0003885300492229244
8530c5cffffffff,KOR,26,26,26,True,26,3.7016862909848927e-06,3.7016862909848927e-06,0.0006563550229991907,0.0006526533367082058,1.8933260867636086e-05,1.8933260867636086e-05,0.0007808480095335351,0.0007619147486658991,7.489077515586732e-05,7.489077515586732e-05,0.00018348210298084757,0.00010859132782498023,0.00012978871881447974,0.00012978871881447974,0.0002651626332443308,0.0001353739144298511
8530c5dbfffffff,KOR,26,26,26,True,26,0.0008773937665055049,0.0008773937665055049,0.0053056358447493785,0.004428242078243874,0.0011467507385424561,0.0011467507385424561,0.006314701233370158,0.005167950494827702,-0.0003698632450914996,-0.0003698632450914996,7.667095267277438e-05,0.000446534197764274,-0.0004745020325121482,-0.0004745020325121482,9.340471624418443e-05,0.0005679067487563327
8530c603fffffff,KOR,26,26,26,True,26,0.0007176969419449943,0.0007176969419449943,0.005829880328361092,0.005112183386416098,0.0009701465765120623,0.0009701465765120623,0.006938726784513636,0.005968580208001572,6.678249930573326e-05,6.678249930573326e-05,0.0005643314817566152,0.0004975489824508822,0.0001977516322384834,0.0001977516322384834,0.0008052096570873556,0.0006074580248488722
8530c607fffffff,KOR,26,26,26,True,26,0.0017276398815330005,0.0017276398815330005,0.011423305009493161,0.009695665127960162,0.0022801714851529253,0.0022801714851529253,0.01359337349381264,0.011313202008659715,3.12963669636149e-05,3.12963669636149e-05,0.000864773656662614,0.0008334772896989991,0.00018692449371882352,0.00018692449371882352,0.0012031441735738748,0.0010162196798550514
8530c617fffffff,KOR,23,25,24,False,26,,6.732408069155551e-05,,,,8.759323178883376e-05,,,,-6.91418437567839e-06,,,,-4.014912880474519e-06,,
8530c623fffffff,KOR,26,26,26,True,26,0.0003918821922031374,0.0003918821922031374,0.00267459891903895,0.002282716726835812,0.0005150176166891984,0.0005150176166891984,0.003180452701764328,0.002665435085075129,6.73623613465484e-07,6.73623613465484e-07,0.0002143174067388547,0.0002136437831253892,5.098268690107706e-05,5.098268690107706e-05,0.0003078755878207297,0.0002568929009196527
8530c637fffffff,KOR,0,6,3,False,26,,,,,,,,,,,,,,,,
8530c647fffffff,KOR,26,26,26,True,26,0.003642212462532533,0.003642212462532533,0.029553039964425397,0.02591082750189287,0.004919743110113657,0.004919743110113657,0.03517073921213747,0.030250996102023805,-0.00045185727541524314,-0.00045185727541524314,0.0021802642286054765,0.0026321215040207195,-0.00017771562273569092,-0.00017771562273569092,0.0030627041348639814,0.0032404197575996727
8530c653fffffff,KOR,16,20,19,False,26,,-1.2636086324363652e-07,,,,3.73692413033223e-06,,,,-4.2966695654864005e-06,,,,-4.827977239756577e-06,,
8530c657fffffff,KOR,7,13,15,False,26,,8.019245557586284e-05,,,,9.975701157077647e-05,,,,0.0,,,,0.0,,
8530c66bfffffff,KOR,26,26,26,True,26,0.0015090257209141446,0.0015090257209141446,0.010873305738152131,0.009364280017237984,0.0020075502336677304,0.0020075502336677304,0.012939162482923329,0.010931612249255599,-0.00013360740844838899,-0.00013360740844838899,0.000530176117464945,0.0006637835259133342,-5.1169820112513054e-05,-5.1169820112513054e-05,0.0007763993543015683,0.0008275691744140812
8530c677fffffff,KOR,26,26,26,True,26,0.0007279839859792217,0.0007279839859792217,0.004985674745065425,0.004257690759086203,0.0009602382022442923,0.0009602382022442923,0.005928242255091101,0.004968004052846808,0.0007820475859019284,0.0007820475859019284,0.0011060698104757576,0.00032402222457382935,0.0012424077049675943,0.0012424077049675943,0.0016315200033747263,0.000389112298407132
8530c68ffffffff,KOR,26,26,26,True,26,0.0006852025003789856,0.0006852025003789856,0.0034091793705315256,0.0027239768701525406,0.0008781230518880301,0.0008781230518880301,0.004059619416542043,0.0031814963646540117,-7.211508114208409e-06,-7.211508114208409e-06,0.00028244439178153643,0.0002896558998957449,4.034895322508103e-05,4.034895322508103e-05,0.00040888851891863174,0.0003685395656935507
8530c6a3fffffff,KOR,0,2,5,False,26,,,,,,,,,,,,,,,,
8530c6a7fffffff,KOR,24,25,25,False,26,,-4.118699110114403e-06,,,,3.009781816823401e-06,,,,2.9003693473599728e-05,,,,5.5505681183110296e-05,,
8530c6affffffff,KOR,26,26,26,True,26,0.022230982259013557,0.022230982259013557,0.16656613374912035,0.14433515149010684,0.029724221189318605,0.029724221189318605,0.19820282635696543,0.16847860516764687,0.0017484592253428194,0.0017484592253428194,0.018098859494848338,0.016350400269505523,0.0056281351033086085,0.0056281351033086085,0.02570567600520602,0.020077540901897416
8530c6b3fffffff,KOR,26,26,26,True,26,0.0006864880536825807,0.0006864880536825807,0.004715643092553983,0.004029155038871402,0.0009048787255274156,0.0009048787255274156,0.005610232993449289,0.004705354267921873,0.00025472065193874507,0.00025472065193874507,0.0005273773796325148,0.0002726567276937697,0.0004111005676738993,0.0004111005676738993,0.0007473971542244114,0.0003362965865505121
8530c96ffffffff,JPN,0,0,2,False,26,,,,,,,,,,,,,,,,
8530ca6bfffffff,JPN,20,24,21,False,26,,6.148209941173526e-05,,,,7.769060524699067e-05,,,,-1.1624614390336874e-05,,,,-1.521350671909328e-05,,
8530ca6ffffffff,JPN,1,5,7,False,26,,2.2158024647281205e-05,,,,2.950096694150767e-05,,,,0.0,,,,0.0,,
8530cb1bfffffff,JPN,0,1,1,False,26,,,,,,,,,,,,,,,,
8530cb47fffffff,JPN,26,26,26,True,26,0.00021560623117968157,0.00021560623117968157,0.0015455025943116687,0.001329896363131987,0.00028499188108855423,0.00028499188108855423,0.001838773970151484,0.0015537820890629296,-0.00020149560990757192,-0.00020149560990757192,0.0001231171177043622,0.0003246127276119341,-0.00023991186361316513,-0.00023991186361316513,0.00016939316126998824,0.00040930502488315337
8530cb6bfffffff,JPN,26,26,26,True,26,0.00016804409521743214,0.00016804409521743214,0.000635237152909259,0.0004671930576918269,0.00021191567622730957,0.00021191567622730957,0.0007554648151518623,0.0005435491389245528,0.00015718016806810754,0.00015718016806810754,0.0001817456025111373,2.456543444302981e-05,0.00022390261655392285,0.00022390261655392285,0.0002521074466946999,2.820483014077704e-05
8530d143fffffff,KOR,26,26,26,True,26,0.0018164995812608034,0.0018164995812608034,0.016391090924035803,0.014574591342775,0.002484685104328118,0.002484685104328118,0.019509742272849403,0.017025057168521283,-1.5493659380135765e-06,-1.5493659380135765e-06,0.0015446179875350152,0.0015461673534730286,0.0002900296900838226,0.0002900296900838226,0.0022007364456446523,0.0019107067555608295
8530d1cffffffff,KOR,26,26,26,True,26,0.008251912553292141,0.008251912553292141,0.06099761403891443,0.0527457014856223,0.01102347509692753,0.01102347509692753,0.07258766643454719,0.06156419133761964,0.002297050082255077,0.002297050082255077,0.00780589920144922,0.005508849119194143,0.004437982340611315,0.004437982340611315,0.011264027593456107,0.006826045252844794
8530d903fffffff,JPN,20,21,23,False,26,,3.706032870896416e-05,,,,4.8430411321781115e-05,,,,2.8432521179262194e-05,,,,3.6431577205201954e-05,,
8530d90bfffffff,JPN,15,20,21,False,26,,5.504342143119638e-05,,,,7.058334540463863e-05,,,,0.00046898849306667054,,,,0.000711454688808063,,
8530d90ffffffff,JPN,1,8,9,False,26,,-5.066771505090741e-05,,,,-5.474081368000603e-05,,,,0.0,,,,0.0,,
8530d923fffffff,JPN,23,24,24,False,26,,8.235380751076976e-05,,,,0.00010372216255882356,,,,0.0005918154165572733,,,,0.0008414875653761517,,
8530d927fffffff,JPN,0,2,2,False,26,,,,,,,,,,,,,,,,
8530d92bfffffff,JPN,0,2,5,False,26,,,,,,,,,,,,,,,,
8530d92ffffffff,JPN,26,26,26,True,26,0.00045089210667611135,0.00045089210667611135,0.002218118882822661,0.00176722677614655,0.0005747643560807072,0.0005747643560807072,0.002636258493748205,0.0020614941376674973,0.0006252192960388476,0.0006252192960388476,0.0009306613485239532,0.00030544205248510573,0.0009478576485268501,0.0009478576485268501,0.00132749463897958,0.0003796369904527298
8530d937fffffff,JPN,26,26,26,True,26,0.00018691819415392658,0.00018691819415392658,0.0009410814971036226,0.0007541633029496962,0.00023854384967628416,0.00023854384967628416,0.0011191020661287117,0.0008805582164524277,0.0001651131370162412,0.0001651131370162412,0.0002232303321515716,5.8117195135330386e-05,0.00024155307314130083,0.00024155307314130083,0.0003151727782052619,7.361970506396109e-05
8530d943fffffff,JPN,24,26,24,False,26,,-1.810074165047823e-05,,,,-1.1449368112809874e-05,,,,0.00015017327908805892,,,,0.0002496963551313751,,
8530d94bfffffff,JPN,0,2,0,False,26,,,,,,,,,,,,,,,,
8530d967fffffff,JPN,22,23,25,False,26,,4.3262954640669006e-05,,,,5.753969860132302e-05,,,,-3.306461438499196e-05,,,,-4.2703650964604995e-05,,
8530d973fffffff,JPN,2,9,10,False,26,,6.133278123547943e-05,,,,7.75019308481491e-05,,,,0.0,,,,0.0,,
8530d977fffffff,JPN,26,26,26,True,26,0.0001517270011984935,0.0001517270011984935,0.000805947052898309,0.0006542200516998155,0.00019580459250806553,0.00019580459250806553,0.0009587049516823472,0.000762900359174282,0.00048570456174743036,0.00048570456174743036,0.00057082557386278,8.512101211534962e-05,0.000709466751064706,0.000709466751064706,0.0008135361358501414,0.0001040693847854353
8530d97bfffffff,JPN,1,5,6,False,26,,0.0002694531984612802,,,,0.0003243207961098343,,,,0.0,,,,0.0,,
8530d993fffffff,JPN,3,10,7,False,26,,-1.9720285120647223e-05,,,,-2.1178390816868376e-05,,,,0.0,,,,0.0,,
8530d9a7fffffff,JPN,20,21,23,False,26,,9.354505287183866e-05,,,,0.00011912855317675609,,,,5.08036603113119e-05,,,,6.517548850888902e-05,,
8530d9abfffffff,JPN,4,13,9,False,26,,5.23362750327903e-05,,,,6.538462744276284e-05,,,,0.0,,,,0.0,,
8530d9affffffff,JPN,26,26,26,True,26,0.002939409367599304,0.002939409367599304,0.02012762128856889,0.017188211920969587,0.0038970591616459475,0.0038970591616459475,0.02394976427392209,0.020052705112276144,0.003589541569649845,0.003589541569649845,0.007457276094186594,0.003867734524536748,0.005561159310345457,0.005561159310345457,0.010279167208886887,0.004718007898541431
8530dab7fffffff,JPN,1,2,5,False,26,,7.967532909454331e-06,,,,8.016343847221975e-06,,,,0.0,,,,0.0,,
8530dba3fffffff,JPN,26,26,26,True,26,0.0002823504159957882,0.0002823504159957882,0.0020495385284796806,0.0017671881124838923,0.0003768795436653665,0.0003768795436653665,0.002438039925111243,0.002061160381445877,0.0003448043021540325,0.0003448043021540325,0.0006454517890734934,0.00030064748691946094,0.0005227572145163667,0.0005227572145163667,0.0009029235758101108,0.00038016636129374403
8530dba7fffffff,JPN,10,14,14,False,26,,3.7085726485161886e-05,,,,4.8371220485301364e-05,,,,0.0,,,,0.0,,
8530dbb7fffffff,JPN,1,3,2,False,26,,-6.601920940619013e-05,,,,-7.962730409174999e-05,,,,0.0,,,,0.0,,
8530dd17fffffff,JPN,0,3,3,False,26,,,,,,,,,,,,,,,,
8530e027fffffff,KOR,26,26,26,True,26,0.03626625172267557,0.03626625172267557,0.26470742366659306,0.22844117194391747,0.04828959644563248,0.04828959644563248,0.3143894654457116,0.2660998690000792,0.00458260877361029,0.00458260877361029,0.02438629692511378,0.019803688151503494,0.010355364900024642,0.010355364900024642,0.03475142350916841,0.024396058609143772
8530e02ffffffff,KOR,26,26,26,True,26,0.006717973970546685,0.006717973970546685,0.04691402598565781,0.040196052015111124,0.008891827016348131,0.008891827016348131,0.05580865101754438,0.04691682400119624,0.0002549555910015301,0.0002549555910015301,0.004294210572449805,0.004039254981448275,0.0011266271881002201,0.0011266271881002201,0.006153517474901527,0.005026890286801307
8530e033fffffff,KOR,26,26,26,True,26,0.015964236454162083,0.015964236454162083,0.11966703099104462,0.10370279453688255,0.02131637962950346,0.02131637962950346,0.14218032478031611,0.12086394515081268,0.0005654413293304445,0.0005654413293304445,0.011643768646610644,0.011078327317280201,0.002695337823040787,0.002695337823040787,0.016477513799706925,0.013782175976666138
8530e037fffffff,KOR,26,26,26,True,26,0.021731472694085704,0.021731472694085704,0.15350552517275057,0.13177405247866486,0.02888340355030596,0.02888340355030596,0.18255259742274454,0.15366919387243858,0.003253663913289249,0.003253663913289249,0.015450033217734034,0.01219636930444478,0.006973143590502691,0.006973143590502691,0.02210217204019418,0.015129028449691493
8530e03bfffffff,KOR,26,26,26,True,26,0.02569395835276872,0.02569395835276872,0.189122773610397,0.16342881525762826,0.03411927226832165,0.03411927226832165,0.22429006704642546,0.1901707947781038,0.001421027391972145,0.001421027391972145,0.017123592300361836,0.01570256490838969,0.005077535052782374,0.005077535052782374,0.02446646390478976,0.019388928852007388
8530e06bfffffff,KOR,26,26,26,True,26,0.0030361033414147945,0.0030361033414147945,0.01997507181426454,0.01693896847284975,0.003996869367083618,0.003996869367083618,0.023756273451287464,0.019759404084203847,0.00022671341697475556,0.00022671341697475556,0.001984414839922789,0.0017577014229480333,0.0006619424455213719,0.0006619424455213719,0.00284480933392977,0.002182866888408398
8530e0a7fffffff,KOR,26,26,26,True,26,0.024254645726054822,0.024254645726054822,0.18306413745530525,0.15880949172925046,0.03245424545300134,0.03245424545300134,0.21759399301888882,0.18513974756588747,0.0011893532745762755,0.0011893532745762755,0.017072121622257175,0.0158827683476809,0.004645903728675886,0.004645903728675886,0.02421747704224779,0.019571573313571906
8530e0abfffffff,KOR,26,26,26,True,26,0.11003560808542753,0.11003560808542753,0.8158391135928772,0.7058035055074499,0.13924510320853395,0.13924510320853395,0.9245970293070429,0.7853519260985091,0.0069845051332390225,0.0069845051332390225,0.07512063463953714,0.0681361295062981,0.0214338475293305,0.0214338475293305,0.10109799882387152,0.07966415129454102
8530e0affffffff,KOR,26,26,26,True,26,0.014847184501867412,0.014847184501867412,0.10842858867849407,0.09358140417662666,0.01975490572658567,0.01975490572658567,0.12883909883254605,0.10908419310596036,0.002323261340712281,0.002323261340712281,0.0117771113018216,0.00945384996110932,0.0050480444179160505,0.0050480444179160505,0.016740209330832506,0.011692164912916452
8530e0b3fffffff,KOR,26,26,26,True,26,0.0003048324510677016,0.0003048324510677016,0.0018294259938151957,0.0015245935427474937,0.0003632330421045472,0.0003632330421045472,0.002128682369572584,0.0017654493274680367,6.234077758029276e-06,6.234077758029276e-06,0.00010411604240698646,9.788196464895718e-05,3.909276230539149e-05,3.909276230539149e-05,0.00014966643973837805,0.00011057367743298656
8530e0b7fffffff,KOR,1,1,1,False,26,,0.00010530506951170055,,,,0.0001254068355843953,,,,0.0,,,,0.0,,
8530e10bfffffff,KOR,26,26,26,True,26,0.002415097447522857,0.002415097447522857,0.015968345335667305,0.013553247888144448,0.003187538034984586,0.003187538034984586,0.01900793326979031,0.015820395234805724,0.0007228384145816709,0.0007228384145816709,0.0016898978829085827,0.0009670594683269119,0.0011667848981119847,0.0011667848981119847,0.002364095710890968,0.0011973108127789837
8530e113fffffff,KOR,26,26,26,True,26,0.012182090608324096,0.012182090608324096,0.09261278319912311,0.080430692590799,0.01625572076617405,0.01625572076617405,0.110130030837981,0.09387431007180697,0.0005578182385998546,0.0005578182385998546,0.00820220072665067,0.007644382488050817,0.002192022255999664,0.002192022255999664,0.011686769289206063,0.0094947470332064
8530e117fffffff,KOR,26,26,26,True,26,0.0017331008622525966,0.0017331008622525966,0.012120225513102992,0.010387124650850397,0.002290775142081231,0.002290775142081231,0.014420982653892177,0.012130207511810941,0.0006127458651864261,0.0006127458651864261,0.001170879410573418,0.000558133545386992,0.0009812645102413933,0.0009812645102413933,0.0016872055396854808,0.0007059410294440871
8530e123fffffff,KOR,26,26,26,True,26,0.0011192852574880324,0.0011192852574880324,0.007123333211990076,0.006004047954502044,0.0014669348048354412,0.0014669348048354412,0.008478175287436567,0.007011240482601126,5.009233598445433e-05,5.009233598445433e-05,0.0005086314256140406,0.00045853908962958635,0.00013288889286305007,0.00013288889286305007,0.0007050565122883958,0.0005721676194253456
8530e14bfffffff,KOR,26,26,26,True,26,0.017894653338464274,0.017894653338464274,0.12124290164792417,0.1033482483094599,0.023563643506444316,0.023563643506444316,0.1440038104420885,0.12044016693564416,0.0008083836815854031,0.0008083836815854031,0.012756455197174056,0.011948071515588653,0.003242572390110898,0.003242572390110898,0.018087794974101616,0.014845222583990717
8530e14ffffffff,KOR,26,26,26,True,26,0.004626234793451352,0.004626234793451352,0.03507076375130958,0.030444528957858232,0.006129383093274154,0.006129383093274154,0.041166078881772546,0.03503669578849839,-0.0007652944828118447,-0.0007652944828118447,0.002439599117699606,0.0032048936005114504,-0.0005294422560818191,-0.0005294422560818191,0.0034474115245840637,0.003976853780665883
8530e153fffffff,KOR,26,26,26,True,26,0.026496063566337977,0.026496063566337977,0.18803393943635485,0.16153787587001683,0.03510346463126339,0.03510346463126339,0.22350730364301927,0.1884038390117559,0.004778030018868162,0.004778030018868162,0.018562538342875568,0.013784508324007405,0.009357003287095737,0.009357003287095737,0.026379898207088526,0.017022894919992794
8530e157fffffff,KOR,26,26,26,True,26,0.006971941605751487,0.006971941605751487,0.05255350803602676,0.04558156643027527,0.009283816773483057,0.009283816773483057,0.062223135040283734,0.052939318266800685,0.0005877037471959788,0.0005877037471959788,0.004884348815326303,0.004296645068130323,0.0015063104956840657,0.0015063104956840657,0.006814704754969843,0.005308394259285777
8530e163fffffff,KOR,26,26,26,True,26,0.0035883461803263576,0.0035883461803263576,0.022611610335842934,0.01902326415551658,0.004708634512540096,0.004708634512540096,0.026914982257646238,0.022206347745106145,0.0005328061763910523,0.0005328061763910523,0.0015852579134009864,0.001052451737009934,0.0009438021711448619,0.0009438021711448619,0.0022379135668033337,0.0012941113956584707
8530e183fffffff,KOR,26,26,26,True,26,0.002948275039325497,0.002948275039325497,0.02284385236951886,0.019895577330193367,0.003948482933685599,0.003948482933685599,0.027185032158415886,0.023236549224730285,0.0015892336544986287,0.0015892336544986287,0.0032184882827250845,0.0016292546282264562,0.00261179949618594,0.00261179949618594,0.00467168190587854,0.002059882409692599
8530e193fffffff,KOR,26,26,26,True,26,0.0001929045496644233,0.0001929045496644233,0.0013648663531688463,0.0011719618035044232,0.0002566348516993745,0.0002566348516993745,0.0016231232580788508,0.0013664884063794764,5.405404405343168e-05,5.405404405343168e-05,0.00011844230258928843,6.438825853585674e-05,8.346140791156543e-05,8.346140791156543e-05,0.00016525725555015076,8.179584763858535e-05
8530e19bfffffff,KOR,26,26,26,True,26,0.005650543166040407,0.005650543166040407,0.044629703570118896,0.03897916040407848,0.0076136981844240215,0.0076136981844240215,0.05311946598238253,0.0455057677979585,-0.0009452681906151807,-0.0009452681906151807,0.0032676477741736014,0.004212915964788781,-0.0005283592067903914,-0.0005283592067903914,0.004692181667134449,0.0052205408739248406
8530e1affffffff,KOR,26,26,26,True,26,0.005844994197248648,0.005844994197248648,0.04486339361006759,0.039018399412818934,0.00567306596288566,0.00567306596288566,0.040660269666436606,0.03498720370355095,0.0012015825684670365,0.0012015825684670365,0.004028424908485703,0.002826842340018667,0.0018323766887768955,0.0018323766887768955,0.00471854439187052,0.002886167703093625
8530e1b7fffffff,KOR,26,26,26,True,26,0.00040330905911507793,0.00040330905911507793,0.00202970576471928,0.0016263967056042014,0.0005170894837890754,0.0005170894837890754,0.002415174840501977,0.0018980853567129017,-3.12202866123407e-05,-3.12202866123407e-05,0.00011065070306083404,0.00014187098967317473,-1.6563049824347424e-05,-1.6563049824347424e-05,0.00015879255232008829,0.0001753556021444357
8530e1c3fffffff,KOR,26,26,26,True,26,0.0033674419003951296,0.0033674419003951296,0.024379582643114458,0.021012140742719322,0.004491963452956327,0.004491963452956327,0.02901337388690338,0.024521410433947052,-6.925994147949688e-05,-6.925994147949688e-05,0.0018072628183538769,0.0018765227598333742,0.0002372466404044442,0.0002372466404044442,0.0025503003485801137,0.002313053708175669
8530e1cffffffff,KOR,26,26,26,True,26,0.0033696527620045514,0.0033696527620045514,0.024301603533496367,0.020931950771491816,0.004468604560871692,0.004468604560871692,0.028910836569438866,0.024442232008567173,0.0005229809738640776,0.0005229809738640776,0.001832656621741089,0.001309675647877011,0.0009872937205758542,0.0009872937205758542,0.002611597863849455,0.001624304143273601
8530e1d7fffffff,KOR,26,26,26,True,26,0.00835000889127183,0.00835000889127183,0.06106226681211956,0.05271225792084773,0.011059738698230199,0.011059738698230199,0.0724963161398238,0.061436577441593594,0.002112529648140092,0.002112529648140092,0.00676345108482322,0.004650921436683128,0.003979381208127348,0.003979381208127348,0.009691857233970499,0.005712476025843149
8530e1dbfffffff,KOR,26,26,26,True,26,0.46156941042809635,0.46156941042809635,3.5753736316209785,3.1138042211928814,0.5871373984839215,0.5871373984839215,4.049560033954231,3.4624226354703094,0.050852498469938195,0.050852498469938195,0.38819493717735565,0.3373424387074175,0.11244267697761057,0.11244267697761057,0.502085654647204,0.38964297766959355
8530e227fffffff,KOR,26,26,26,True,26,0.0003757359632503522,0.0003757359632503522,0.0024837557889356133,0.002108019825685261,0.0004933703813390906,0.0004933703813390906,0.002956180933313673,0.002462810551974583,-4.631272901110956e-05,-4.631272901110956e-05,9.235680533631389e-05,0.00013866953434742344,-4.026176954237117e-05,-4.026176954237117e-05,0.00013317264176303573,0.00017343441130540692
8530e22bfffffff,KOR,26,26,26,True,26,0.0016658772793706894,0.0016658772793706894,0.012589760971631715,0.010923883692261025,0.0022274152522921142,0.0022274152522921142,0.014984173035137048,0.012756757782844932,1.142202548320322e-05,1.142202548320322e-05,0.000943003481904211,0.0009315814564210076,0.00016246296154750947,0.00016246296154750947,0.0013253805056728787,0.0011629175441253694
8530e237fffffff,KOR,26,26,26,True,26,0.001513649173752428,0.001513649173752428,0.012704387592999404,0.011190738419246976,0.0020460497483534698,0.0020460497483534698,0.015117311527512776,0.013071261779159305,-4.66980304447733e-05,-4.66980304447733e-05,0.0012782625882093053,0.0013249606186540785,0.00023069340722846695,0.00023069340722846695,0.0018547784011664912,0.0016240849939380244
8530e2b7fffffff,KOR,26,26,26,True,26,0.004340365826732567,0.004340365826732567,0.03308315403568177,0.028742788208949193,0.005803602598328517,0.005803602598328517,0.03935494678458178,0.03355134418625328,-0.00039225977224197675,-0.00039225977224197675,0.0022966362194902445,0.0026888959917322217,-0.00010995355373666734,-0.00010995355373666734,0.0032203158571206696,0.0033302694108573376
8530e30bfffffff,KOR,26,26,26,True,26,0.004721706351654322,0.004721706351654322,0.03298651988623606,0.028264813534581733,0.006207513077759205,0.006207513077759205,0.03909837612869971,0.03289086305094051,-0.000627151214411395,-0.000627151214411395,0.002599412373445428,0.003226563587856823,-0.0003324930979026026,-0.0003324930979026026,0.0036368815140507553,0.003969374611953358
8530e30ffffffff,KOR,26,26,26,True,26,0.015442453418872624,0.015442453418872624,0.12505033064051238,0.1096078772216398,0.02030764278606836,0.02030764278606836,0.14376350263424043,0.12345585984817206,0.0017362813551467687,0.0017362813551467687,0.013824647476905353,0.012088366121758584,0.004118262261043994,0.004118262261043994,0.018608421476630208,0.014490159215586215
8530e313fffffff,KOR,26,26,26,True,26,0.012860753150399064,0.012860753150399064,0.09839294534162459,0.08553219219122553,0.0172025651476845,0.0172025651476845,0.1168004303870563,0.09959786523937178,0.002678887526719504,0.002678887526719504,0.011227777589958703,0.008548890063239197,0.0054239688216816215,0.0054239688216816215,0.01598040318028362,0.010556434358601997
8530e333fffffff,KOR,26,26,26,True,26,0.00029713254576478935,0.00029713254576478935,0.003126905305707672,0.002829772759942883,0.0004155862876127196,0.0004155862876127196,0.0037193287460391294,0.0033037424584264103,-4.821084386149119e-05,-4.821084386149119e-05,0.00019811046324879378,0.00024632130711028493,-3.78297047199234e-05,-3.78297047199234e-05,0.00027923693078474646,0.00031706663550466985
8530e337fffffff,KOR,26,26,26,True,26,0.0005099256522726679,0.0005099256522726679,0.004432885930448629,0.003922960278175961,0.0006900968645066267,0.0006900968645066267,0.005267117838103136,0.004577020973596509,0.0003977709380036314,0.0003977709380036314,0.0008322769041211031,0.0004345059661174718,0.0006120800438199595,0.0006120800438199595,0.0011468156461246525,0.0005347356023046931
8530e347fffffff,KOR,26,26,26,True,26,0.0014139701135751205,0.0014139701135751205,0.009408804226599845,0.007994834113024723,0.0018442305038881535,0.0018442305038881535,0.011160876693217506,0.009316646189329356,-0.0006042146501637316,-0.0006042146501637316,0.0007382880040278356,0.0013425026541915674,-0.0006281577780675984,-0.0006281577780675984,0.0010522351522789708,0.001680392930346569
8530e34bfffffff,KOR,26,26,26,True,26,0.0006381941438107398,0.0006381941438107398,0.006301410224129376,0.005663216080318638,0.000890190128564471,0.000890190128564471,0.00749799236066818,0.006607802232103711,-9.207793766777145e-05,-9.207793766777145e-05,0.0005345971050433094,0.0006266750427110809,-3.277836490816382e-05,-3.277836490816382e-05,0.0007638782329024975,0.0007966565978106613
8530e36ffffffff,KOR,26,26,26,True,26,0.0004554996467465698,0.0004554996467465698,0.005015708457155375,0.004560208810408805,0.0006406888971724448,0.0006406888971724448,0.005968970322770701,0.005328281425598256,4.474018747836021e-05,4.474018747836021e-05,0.0003541014386507228,0.00030936125117236266,0.00011568550694158722,0.00011568550694158722,0.0005038700591328047,0.00038818455219121747
8530e37bfffffff,KOR,26,26,26,True,26,0.025374004198076026,0.025374004198076026,0.1995104361421563,0.17413643194408024,0.03397819927088104,0.03397819927088104,0.23683505097033258,0.20285685169945156,0.004348795722839529,0.004348795722839529,0.02226971570742458,0.017920919984585053,0.009451163212597861,0.009451163212597861,0.031509724555227,0.022058561342629138
8530e383fffffff,KOR,26,26,26,True,26,0.013605145786285112,0.013605145786285112,0.1035045717446731,0.089899425958388,0.018186603489571816,0.018186603489571816,0.12305269791145028,0.10486609442187846,0.00141189285609569,0.00141189285609569,0.009806670903199045,0.008394778047103356,0.0034923225285506026,0.0034923225285506026,0.013885692189291048,0.010393369660740441
8530e387fffffff,KOR,26,26,26,True,26,0.004280800026038908,0.004280800026038908,0.02967312920080117,0.025392329174762265,0.005651386286038036,0.005651386286038036,0.035180908014195385,0.029529521728157346,0.0007501493215451965,0.0007501493215451965,0.0030452397860737555,0.0022950904645285593,0.0015362728696273612,0.0015362728696273612,0.0043650256262698596,0.002828752756642498
8530e3abfffffff,KOR,26,26,26,True,26,0.002235321494411559,0.002235321494411559,0.016059695363397897,0.013824373868986339,0.002974593401352587,0.002974593401352587,0.01907580386799227,0.016101210466639683,-0.0006069353180402731,-0.0006069353180402731,0.0016744383301858735,0.002281373648226146,-0.0005003372143404163,-0.0005003372143404163,0.002316922476751832,0.0028172596910922484
8530e3c3fffffff,KOR,26,26,26,True,26,0.001301769585846012,0.001301769585846012,0.009336328215751161,0.00803455862990515,0.001733171794458178,0.001733171794458178,0.011046082314945038,0.009312910520486857,-0.0003072303590981616,-0.0003072303590981616,0.0007335425326878657,0.0010407728917860273,-0.0002742825234284969,-0.0002742825234284969,0.001035012572959979,0.001309295096388476
8530e3c7fffffff,KOR,26,26,26,True,26,0.005782761039087897,0.005782761039087897,0.04430664383862269,0.03852388279953479,0.00775238177408447,0.00775238177408447,0.05271368975584994,0.044961307981765467,0.0016962749501393403,0.0016962749501393403,0.005219167020630609,0.003522892070491268,0.0030583030581889967,0.0030583030581889967,0.007414188529963206,0.0043558854717742086
8530e52ffffffff,KOR,26,26,26,True,26,0.0005374717151101,0.0005374717151101,0.0034246371318845626,0.002887165416774463,0.000706839581746692,0.000706839581746692,0.004077699157418297,0.003370859575671605,0.00021364056162701724,0.00021364056162701724,0.0003886886830075003,0.00017504812138048303,0.00033519299551662486,0.00033519299551662486,0.0005559013176531884,0.00022070832213656342
8530e57bfffffff,KOR,26,26,26,True,26,0.009237146969900769,0.009237146969900769,0.06556014557418809,0.05632299860428733,0.012277515280671567,0.012277515280671567,0.07801424231725879,0.06573672703658723,-9.511883855641782e-05,-9.511883855641782e-05,0.006200121010333613,0.0062952398488900305,0.0009589241540949188,0.0009589241540949188,0.008812063581983753,0.007853139427888836
8530e813fffffff,KOR,26,26,26,True,26,0.00030821589753870837,0.00030821589753870837,0.0028100796588949465,0.0025018637613562376,0.0004247164004127223,0.0004247164004127223,0.0033433824207839405,0.002918666020371217,-0.0001782042838152174,-0.0001782042838152174,0.0001995997438792562,0.0003778040276944736,-0.00018567088844465327,-0.00018567088844465327,0.0002882963209094868,0.0004739672093541402
8530e853fffffff,KOR,26,26,26,True,26,0.0008142999590904771,0.0008142999590904771,0.00692825802920151,0.006113958070111034,0.0011036113268877215,0.0011036113268877215,0.00824397286043682,0.007140361533549098,0.00011585797974630031,0.00011585797974630031,0.0007339941960702765,0.0006181362163239762,0.00030671804050925154,0.00030671804050925154,0.0010561538231627205,0.0007494357826534688
8530e88bfffffff,KOR,26,26,26,True,26,0.0011952643380941754,0.0011952643380941754,0.008458550711651438,0.007263286373557263,0.0015883478285934835,0.0015883478285934835,0.010068470971347828,0.008480123142754344,0.0002945146019394962,0.0002945146019394962,0.0009837277879572888,0.0006892131860177927,0.0005477151870269494,0.0005477151870269494,0.001386391676481871,0.0008386764894549216
8530e893fffffff,KOR,26,26,26,True,26,0.0034413057241165926,0.0034413057241165926,0.02605427448049367,0.022612968756377083,0.0046072208281495155,0.0046072208281495155,0.03099980981824377,0.026392588990094258,0.00017475746583681318,0.00017475746583681318,0.002719544253725845,0.0025447867878890316,0.0007180502503856433,0.0007180502503856433,0.0038825176917078553,0.0031644674413222125
8530ea07fffffff,KOR,26,26,26,True,26,0.0003129718450482578,0.0003129718450482578,0.002512120363944725,0.0021991485188964668,0.00042112918603648755,0.00042112918603648755,0.0029892844463036156,0.0025681552602671276,0.00010348090414411283,0.00010348090414411283,0.00019028657148116533,8.68056673370525e-05,0.00017159115025131274,0.00017159115025131274,0.0002759154286401414,0.00010432427838882864
8530ea13fffffff,KOR,26,26,26,True,26,0.00019410339254042667,0.00019410339254042667,0.001544771679101303,0.0013506682865608766,0.0002605125786235186,0.0002605125786235186,0.0018361124632240238,0.0015755998846005048,4.924674281652028e-05,4.924674281652028e-05,0.00011371020221452379,6.446345939800351e-05,8.107062722641018e-05,8.107062722641018e-05,0.00015710538149190807,7.603475426549792e-05
8530ea4bfffffff,KOR,26,26,26,True,26,0.0011936919381521803,0.0011936919381521803,0.007862948929329788,0.006669256991177606,0.0015685134092979106,0.0015685134092979106,0.009355486197707904,0.007786972788409992,0.00021023929026982226,0.00021023929026982226,0.0006839157952912915,0.00047367650502146933,0.0003863986376943413,0.0003863986376943413,0.0009683507699239228,0.0005819521322295814
8530ea63fffffff,KOR,26,26,26,True,26,0.006249288773820375,0.006249288773820375,0.04626191066463323,0.040012621890812845,0.008350162336810844,0.008350162336810844,0.05502766535892188,0.046677503022111044,0.0008862000481966324,0.0008862000481966324,0.00394894549472088,0.003062745446524249,0.0018848196451833042,0.0018848196451833042,0.005651482086076249,0.0037666624408929446
8530ead7fffffff,KOR,26,26,26,True,26,0.0025336052970742137,0.0025336052970742137,0.02027859684924572,0.01774499155217151,0.00340581032239325,0.00340581032239325,0.024127505025551086,0.020721694703157836,0.001077576535317903,0.001077576535317903,0.00259397496915273,0.001516398433834827,0.001764217806869284,0.001764217806869284,0.003627265547927428,0.001863047741058144
8530ec9bfffffff,KOR,23,23,26,False,26,,4.368203573833903e-05,,,,5.973329226695648e-05,,,,-6.115262017350875e-05,,,,-7.665178961541358e-05,,
8530ecabfffffff,KOR,26,26,26,True,26,0.0020209815526683814,0.0020209815526683814,0.016292227926429464,0.01427124637376108,0.0027217913208913615,0.0027217913208913615,0.019387571194016125,0.01666577987312476,0.0009303103697920043,0.0009303103697920043,0.0023974613263817936,0.0014671509565897891,0.0016108748337557886,0.0016108748337557886,0.0034238621423418403,0.0018129873085860515
8530ecb3fffffff,KOR,26,26,26,True,26,0.0003450018728164676,0.0003450018728164676,0.002279164345497401,0.0019341624726809327,0.00045362840076003125,0.00045362840076003125,0.002712699710054528,0.002259071309294497,-1.9245258912788395e-05,-1.9245258912788395e-05,7.485629462838716e-05,9.410155354117556e-05,-6.394172619166535e-06,-6.394172619166535e-06,0.0001098791219779121,0.00011627329459707864
8530ecd7fffffff,KOR,26,26,26,True,26,0.00044175546891525027,0.00044175546891525027,0.0030630810039290056,0.0026213255350137554,0.0005834631313354424,0.0005834631313354424,0.0036447830209135313,0.0030613198895780894,5.248645863519577e-05,5.248645863519577e-05,0.0002700341689748153,0.0002175477103396195,0.00011574733220379496,0.00011574733220379496,0.00038640442629593906,0.000270657094092144
8530ee4ffffffff,KOR,26,26,26,True,26,0.00030599543534084,0.00030599543534084,0.004716760404644399,0.004410764969303559,0.0004539882204983534,0.0004539882204983534,0.005553293743075504,0.00509930552257715,-5.374670261302904e-07,-5.374670261302904e-07,0.00040910137998544376,0.000409638847011574,0.00011789049100142,0.00011789049100142,0.0005913066682304538,0.00047341617722903385
8530ee77fffffff,KOR,26,26,26,True,26,0.0017951392685279855,0.0017951392685279855,0.01397493379526368,0.012179794526735692,0.0024089977645310613,0.0024089977645310613,0.016617362960767355,0.014208365196236293,-0.00023883289253328412,-0.00023883289253328412,0.0011230280304527457,0.0013618609229860297,-9.029422082973923e-05,-9.029422082973923e-05,0.001585228686062177,0.001675522906891916
8530ee7bfffffff,KOR,26,26,26,True,26,0.0005609121238962888,0.0005609121238962888,0.003551333264214747,0.0029904211403184583,0.00073371217250133,0.00073371217250133,0.004226204048166959,0.00349249187566563,9.36688966924662e-06,9.36688966924662e-06,0.00031699658819950695,0.0003076296985302604,7.030956104828676e-05,7.030956104828676e-05,0.0004569803136051583,0.0003866707525568715
8530ee9bfffffff,KOR,26,26,26,True,26,0.008259763194740944,0.008259763194740944,0.06344726785093699,0.05518750465619605,0.011061987291851212,0.011061987291851212,0.07547431679545333,0.06441232950360211,-0.00015438536405074842,-0.00015438536405074842,0.005870783254990255,0.0060251686190410025,0.0007388827533349681,0.0007388827533349681,0.00823616076846211,0.007497278015127142
8530eeabfffffff,KOR,26,26,26,True,26,0.0006243593263206532,0.0006243593263206532,0.004577858094428183,0.00395349876810753,0.0008356660102136857,0.0008356660102136857,0.005442059313164273,0.004606393302950589,9.472337555801739e-05,9.472337555801739e-05,0.0005639962643372678,0.0004692728887792504,0.0002269865633196967,0.0002269865633196967,0.0008161776952057925,0.0005891911318860958
8530eeb3fffffff,KOR,26,26,26,True,26,0.0006484975691251627,0.0006484975691251627,0.004243673020144941,0.0035951754510197787,0.0008546556767148767,0.0008546556767148767,0.0050525516479593,0.004197895971244423,0.00010015152069987541,0.00010015152069987541,0.00031125333481318276,0.0002111018141133073,0.00017768502189479226,0.00017768502189479226,0.0004324315032508271,0.0002547464813560348
8530eec3fffffff,KOR,26,26,26,True,26,0.0027303814565361136,0.0027303814565361136,0.024519787279341412,0.021789405822805294,0.0036493311950017747,0.0036493311950017747,0.028816098375002024,0.025166767180000247,5.998667134231372e-05,5.998667134231372e-05,0.002101665468868994,0.002041678797526681,0.000494628913715314,0.000494628913715314,0.0029871976405743523,0.002492568726859039
853109d7fffffff,CHN,11,15,18,False,26,,-2.005600640914791e-06,,,,2.729790359590861e-06,,,,-2.9314636749828297e-05,,,,-2.9784403244630166e-05,,
85310b33fffffff,CHN,3,7,16,False,26,,0.00011050599221626815,,,,0.00013552886147305212,,,,0.0,,,,0.0,,
85310ebbfffffff,CHN,1,5,5,False,26,,-6.601920940619013e-05,,,,-7.962730409174999e-05,,,,0.0,,,,0.0,,
85311923fffffff,CHN,0,1,1,False,26,,,,,,,,,,,,,,,,
853129cffffffff,CHN,11,15,20,False,26,,0.00014202415790108618,,,,5.6764919147833055e-05,,,,0.0,,,,0.0,,
85315003fffffff,CHN,2,3,4,False,26,,2.6408375351305818e-05,,,,3.6511312453188787e-05,,,,0.0,,,,0.0,,
85315b6bfffffff,KOR,26,26,26,True,26,0.0006520031212765668,0.0006520031212765668,0.004524981783506874,0.0038729786622303084,0.0008626844985608342,0.0008626844985608342,0.005383938022671493,0.004521253524110657,0.000247378291521569,0.000247378291521569,0.0004923498243097258,0.0002449715327881568,0.0003877725610741726,0.0003877725610741726,0.0006920243962161821,0.0003042518351420095
853160cbfffffff,CHN,0,6,6,False,26,,,,,,,,,,,,,,,,
8531632ffffffff,CHN,0,3,1,False,26,,,,,,,,,,,,,,,,
8531701bfffffff,CHN,25,26,25,False,26,,0.00013207900849297147,,,,0.00016680982112234175,,,,0.00032981551422957994,,,,0.0004644192981148786,,
85317663fffffff,CHN,26,26,26,True,26,0.0031547751066945007,0.0031547751066945007,0.029541289926911986,0.026386514820217484,0.004329895542193254,0.004329895542193254,0.03421117071141781,0.029881275169224557,0.0011459357681166279,0.0011459357681166279,0.012610359504252896,0.011464423736136266,0.0028688430392525225,0.0028688430392525225,0.01678816076697347,0.01391931772772095
85318387fffffff,CHN,21,24,23,False,26,,0.0002083716484705072,,,,0.0002732585792747714,,,,0.0004761554666998351,,,,0.0006658610565871703,,
853183c3fffffff,CHN,2,5,5,False,26,,2.0943954477816858e-05,,,,2.942104557109669e-05,,,,0.0,,,,0.0,,
85318b4ffffffff,CHN,0,1,0,False,26,,,,,,,,,,,,,,,,
85318b77fffffff,CHN,0,1,3,False,26,,,,,,,,,,,,,,,,
85318c0ffffffff,CHN,26,26,26,True,26,0.007763444535098538,0.007763444535098538,0.055619713319727995,0.047856268784629445,0.010323898277358816,0.010323898277358816,0.06382973392889936,0.053505835651540545,0.00869280565319696,0.00869280565319696,0.025717153367047756,0.0170243477138508,0.013891078126118096,0.013891078126118096,0.03206097901580735,0.01816990088968926
85318cd3fffffff,CHN,26,26,26,True,26,0.0001534879446577218,0.0001534879446577218,0.0010437813549042099,0.0008902934102464883,0.00014726338434389071,0.00014726338434389071,0.0011627204487140975,0.0010154570643702066,0.00026487545770750864,0.00026487545770750864,0.0005447907302024049,0.00027991527249489627,0.00021140706640741068,0.00021140706640741068,0.0005456440710860552,0.00033423700467864455
85318d5bfffffff,CHN,0,1,1,False,26,,,,,,,,,,,,,,,,
85318d83fffffff,CHN,20,21,25,False,26,,2.8953640726998505e-05,,,,4.022428292455467e-05,,,,0.00032474929314687433,,,,0.000462553585634241,,
85318e23fffffff,CHN,1,6,6,False,26,,-6.189971928386814e-05,,,,-6.682425735009783e-05,,,,0.0,,,,0.0,,
85318ed7fffffff,CHN,0,0,2,False,26,,,,,,,,,,,,,,,,
85319087fffffff,CHN,26,26,26,True,26,0.004168248242996944,0.004168248242996944,0.04407684873560211,0.03990860049260517,0.005872590957410429,0.005872590957410429,0.05237864204166279,0.046506051084252355,0.006117196817663178,0.006117196817663178,0.014502221801592854,0.008385024983929675,0.00891728874441989,0.00891728874441989,0.018918800702967444,0.010001511958547557
8531908ffffffff,CHN,24,25,25,False,26,,2.530364597801405e-05,,,,3.655526127363852e-05,,,,0.0003337682219028005,,,,0.0005099087640515666,,
853190abfffffff,CHN,26,26,26,True,26,0.0001710430047592862,0.0001710430047592862,0.0020105643051323333,0.0018395213003730472,0.0002469278576331815,0.0002469278576331815,0.00239109408566669,0.0021441662280335086,0.000352258791017247,0.000352258791017247,0.0006674546436533219,0.00031519585263607486,0.00047696105534682584,0.00047696105534682584,0.0008484800138986947,0.0003715189585518688
853190bbfffffff,CHN,5,7,10,False,26,,0.00019891413594739132,,,,0.00024392575023839637,,,,-2.005549355065466e-05,,,,-2.2376996447651815e-05,,
8531918ffffffff,CHN,25,25,26,False,26,,0.00011358048930470543,,,,0.0001664847126691993,,,,-6.304208781485521e-05,,,,-3.842768987933612e-05,,
85319283fffffff,CHN,0,0,1,False,26,,,,,,,,,,,,,,,,
853195cffffffff,CHN,0,0,1,False,26,,,,,,,,,,,,,,,,
85319903fffffff,CHN,5,14,5,False,26,,5.4189037161284594e-05,,,,6.658736937305263e-05,,,,-8.24968237407497e-06,,,,0.00021730907854996731,,
85319977fffffff,CHN,26,26,26,True,26,0.0022195701161232986,0.0022195701161232986,0.027145815899886204,0.024926245783762905,0.003127818332908605,0.003127818332908605,0.03222133620922878,0.029093517876320182,0.009552902770277772,0.009552902770277772,0.05696721789675407,0.0474143151264763,0.02405888757821793,0.02405888757821793,0.08496534404663515,0.06090645646841722
85319b9bfffffff,CHN,14,20,16,False,26,,1.8341274161257467e-05,,,,2.652646511707251e-05,,,,5.210056809739105e-05,,,,7.386679618727349e-05,,
85319c8ffffffff,CHN,26,26,26,True,26,0.0011681733752393402,0.0011681733752393402,0.008270722289478852,0.00710254891423951,0.0015563237666821263,0.0015563237666821263,0.009831522638354878,0.00827519887167275,0.005812233517638609,0.005812233517638609,0.009739086559338101,0.00392685304169949,0.00887276400724844,0.00887276400724844,0.013619454662260175,0.004746690655011736
85319c93fffffff,CHN,26,26,26,True,26,0.007192660029338206,0.007192660029338206,0.058718876156582125,0.051526216127243916,0.009754650463845002,0.009754650463845002,0.06985089258011215,0.06009624211626712,-0.00024113823482571961,-0.00024113823482571961,0.025967416997709655,0.02620855523253537,0.0037506943547966055,0.0037506943547966055,0.03567894998890255,0.031928255634105944
85319d2bfffffff,CHN,3,11,7,False,26,,6.37919163530176e-05,,,,8.133842074789334e-05,,,,0.00013028410637702846,,,,0.00015847605356964712,,
85319dc7fffffff,CHN,13,16,21,False,26,,1.4614071805472773e-05,,,,2.0847576105013723e-05,,,,-2.088281363324943e-05,,,,-2.6257898979805707e-05,,
85319e4bfffffff,CHN,8,14,15,False,26,,2.0269944635585288e-05,,,,3.290995029468605e-05,,,,-1.6182654266006588e-05,,,,-1.8119250761733302e-05,,
85319e73fffffff,CHN,26,26,26,True,26,7.979305397039177e-05,7.979305397039177e-05,0.0009035885645544214,0.0008237955105840297,0.00011449386279957114,0.00011449386279957114,0.001074636735802001,0.0009601428730024299,0.0001913108610126795,0.0001913108610126795,0.0004668801725044631,0.0002755693114917835,0.00030600451596748637,0.00030600451596748637,0.0006329252921731526,0.0003269207762056663
85319ebbfffffff,CHN,0,2,4,False,26,,,,,,,,,,,,,,,,
8531a357fffffff,CHN,26,26,26,True,26,0.007985112027960385,0.007985112027960385,0.05639122075269763,0.04840610872473724,0.01060243024382651,0.01060243024382651,0.0670815546006391,0.05647912435681257,0.001770359527620006,0.001770359527620006,0.006850876771122249,0.005080517243502243,0.0033626224719713886,0.0033626224719713886,0.009672948348309913,0.006310325876338525
8531a837fffffff,CHN,0,3,6,False,26,,,,,,,,,,,,,,,,
8531aa0bfffffff,CHN,1,2,5,False,26,,0.0003535178909862016,,,,0.0004207148657312041,,,,0.0,,,,0.0,,
8531aa43fffffff,CHN,26,26,26,True,26,0.04705640453223265,0.04705640453223265,0.3172273915377557,0.270170987005523,0.050722191441588634,0.050722191441588634,0.3030856043591986,0.25236341291760994,0.20444565217088626,0.20444565217088626,0.4292611090092314,0.2248154568383452,0.07782289497464684,0.07782289497464684,0.16560688653593897,0.08778399156129213
8531aa53fffffff,CHN,25,26,25,False,26,,0.00014691437736420385,,,,0.00018328601811883565,,,,0.0003386562622195043,,,,0.000534125163033526,,
8531aacffffffff,CHN,0,1,0,False,26,,,,,,,,,,,,,,,,
8531b103fffffff,CHN,19,21,24,False,26,,8.346253700698931e-05,,,,0.00010383921584685378,,,,6.592201001532332e-05,,,,9.595435334336361e-05,,
8531b357fffffff,CHN,11,15,17,False,26,,1.3549593463697027e-05,,,,1.9011751757406395e-05,,,,-8.877483530822422e-05,,,,-0.00010635894662728443,,
8531b36ffffffff,CHN,0,2,0,False,26,,,,,,,,,,,,,,,,
8531b3c7fffffff,CHN,17,18,21,False,26,,7.949584270243123e-05,,,,0.00010248326587951285,,,,7.921232848538112e-05,,,,0.00011139252142628506,,
8531b40ffffffff,CHN,26,26,26,True,26,0.0033791228044645527,0.0033791228044645527,0.016406378811245917,0.013027256006781366,0.0033744288814707047,0.0033744288814707047,0.01717967748810427,0.013805248606633569,0.004892264408404877,0.004892264408404877,0.013433781145898356,0.008541516737493484,0.00651495283440281,0.00651495283440281,0.016211115618845553,0.009696162784442743
853c028bfffffff,NPL,24,24,26,False,26,,-0.00044539749632723397,,,,-0.00044698643955033934,,,,0.0014134775013857038,,,,0.003160479318075303,,
853c029bfffffff,NPL,26,26,26,True,26,-0.00710176702502703,-0.00710176702502703,0.04541737539628209,0.05251914242130913,-0.0071134000083820665,-0.0071134000083820665,0.05199369397293564,0.05910709398131772,0.06344409425200988,0.06344409425200988,0.27786944958084747,0.2144253553288376,0.11923812083694528,0.11923812083694528,0.3733278314733756,0.2540897106364304
853c02d7fffffff,NPL,16,17,25,False,26,,-0.0002159241800252701,,,,-0.00022545965952893552,,,,-6.145853566090191e-05,,,,0.00017412151839523753,,
853c02dbfffffff,NPL,9,9,15,False,26,,-5.319648601059193e-05,,,,-5.03174370931996e-05,,,,3.550787984994763e-05,,,,0.00015076001268274518,,
853c065bfffffff,NPL,25,25,26,False,26,,-0.0012848475103839068,,,,-0.0014233402273067324,,,,0.004352038793947514,,,,0.007381991319793179,,
853c0a23fffffff,BTN,1,1,4,False,26,,0.0001209839182113865,,,,0.00015152248506284185,,,,9.230608999386911e-05,,,,0.00012184262660031283,,
853c0a27fffffff,BTN,26,26,26,True,26,-0.0018797444170154476,-0.0018797444170154476,0.0015510699659660417,0.003430814382981489,-0.0021443974465424846,-0.0021443974465424846,0.0018277364671832588,0.003972133913725744,-0.002373824594697089,-0.002373824594697089,0.008369074165558443,0.01074289876025553,-0.0016683745974716993,-0.0016683745974716993,0.011292398364621039,0.01296077296209274
853c0a53fffffff,IND,0,1,7,False,26,,,,,,,,,,,,,,,,
853c0a5bfffffff,IND,7,8,15,False,26,,3.5478170085389425e-05,,,,5.8990099452637494e-05,,,,0.0006443697033811636,,,,0.0008301321700474655,,
853c0a6bfffffff,BTN,0,0,1,False,26,,,,,,,,,,,,,,,,
853c0ac3fffffff,IND,6,6,9,False,26,,6.824263081424084e-05,,,,8.604275140509297e-05,,,,5.95333773880326e-05,,,,7.4602258061147e-05,,
853c0acffffffff,IND,25,25,26,False,26,,0.00021263892625495698,,,,0.0002911093227191874,,,,0.0004263467061130656,,,,0.0010045243142230563,,
853c0b53fffffff,BTN,0,0,1,False,26,,,,,,,,,,,,,,,,
853c0c23fffffff,CHN,0,1,0,False,26,,,,,,,,,,,,,,,,
853c100bfffffff,IND,0,0,1,False,26,,,,,,,,,,,,,,,,
853c1017fffffff,IND,0,1,2,False,26,,,,,,,,,,,,,,,,
853c103bfffffff,IND,4,8,9,False,26,,0.00010030857096553526,,,,0.0001247908705715787,,,,0.00015265184345982194,,,,0.00020878046380931194,,
853c104bfffffff,IND,0,0,1,False,26,,,,,,,,,,,,,,,,
853c106ffffffff,IND,2,7,6,False,26,,0.00016243578980725546,,,,0.00019773773410865984,,,,0.00035223336092705254,,,,0.00043676850860671407,,
853c10b3fffffff,IND,0,0,1,False,26,,,,,,,,,,,,,,,,
853c112ffffffff,IND,0,5,5,False,26,,,,,,,,,,,,,,,,
853c1147fffffff,IND,21,23,24,False,26,,3.3720647657762506e-05,,,,5.61578922716649e-05,,,,8.636905045756055e-05,,,,0.0002249444609017301,,
853c1167fffffff,IND,21,21,25,False,26,,0.00013992624320147,,,,0.0001823935011034359,,,,1.7509304276304705e-05,,,,0.00011290708128265808,,
853c1183fffffff,NPL,0,2,2,False,26,,,,,,,,,,,,,,,,
853c11b3fffffff,NPL,4,5,12,False,26,,-2.904765169674972e-05,,,,-2.0228095442675217e-05,,,,-7.67961458883342e-05,,,,-2.7507436937330087e-05,,
853c1203fffffff,IND,0,0,3,False,26,,,,,,,,,,,,,,,,
853c1223fffffff,IND,0,1,0,False,26,,,,,,,,,,,,,,,,
853c123bfffffff,IND,0,1,0,False,26,,,,,,,,,,,,,,,,
853c1267fffffff,IND,1,4,4,False,26,,0.00013523048636806582,,,,0.00016501550531501148,,,,0.0,,,,0.0,,
853c12abfffffff,IND,4,18,5,False,26,,9.192976301752688e-07,,,,9.856681046014589e-06,,,,0.0005179164251749302,,,,0.0007686182949880633,,
853c132bfffffff,IND,0,1,12,False,26,,,,,,,,,,,,,,,,
853c1357fffffff,IND,1,2,3,False,26,,8.54048015264841e-05,,,,0.00010551266345928443,,,,8.052640152082575e-05,,,,9.954513121820904e-05,,
853c136bfffffff,IND,0,1,0,False,26,,,,,,,,,,,,,,,,
853c136ffffffff,IND,0,1,2,False,26,,,,,,,,,,,,,,,,
853c1373fffffff,IND,0,1,1,False,26,,,,,,,,,,,,,,,,
853c1383fffffff,IND,0,4,8,False,26,,,,,,,,,,,,,,,,
853c138ffffffff,IND,26,26,26,True,26,-0.02948749663243612,-0.02948749663243612,0.03873804828190414,0.06822554491434027,-0.033269484392948905,-0.033269484392948905,0.04594732535526041,0.07921680974820931,-0.016672153667995224,-0.016672153667995224,0.07720870662935216,0.09388086029734738,-0.009281378547663645,-0.009281378547663645,0.10444586997297546,0.11372724852063908
853c1393fffffff,IND,6,10,13,False,26,,0.00012352120913534088,,,,0.00015567298348224146,,,,0.0003095633742004327,,,,0.0004085998560754067,,
853c13abfffffff,IND,0,0,1,False,26,,,,,,,,,,,,,,,,
853c13bbfffffff,IND,1,4,7,False,26,,-0.0003935425379451785,,,,-0.0004454307047080425,,,,-0.00039639911048039607,,,,-0.0004527427153697097,,
853c13c7fffffff,IND,1,1,2,False,26,,0.00013523048636806582,,,,0.00016501550531501148,,,,0.00022979951608943392,,,,0.0002763378982725233,,
853c1403fffffff,IND,6,6,14,False,26,,-0.00022890579255544502,,,,-0.00025180028278304903,,,,-0.0005884936708275091,,,,-0.000615697574696742,,
853c1423fffffff,IND,0,0,1,False,26,,,,,,,,,,,,,,,,
853c145bfffffff,IND,0,0,1,False,26,,,,,,,,,,,,,,,,
853c1467fffffff,IND,0,2,9,False,26,,,,,,,,,,,,,,,,
853c1487fffffff,IND,0,0,2,False,26,,,,,,,,,,,,,,,,
853c1503fffffff,IND,6,6,21,False,26,,-0.00015494244929895225,,,,-0.00016887487076721418,,,,-0.00020253454433961742,,,,-0.00017753603475189865,,
853c153bfffffff,NPL,26,26,26,True,26,-0.00031612047685458834,-0.00031612047685458834,0.0015601388778170582,0.0018762593546716466,-0.00031639670613625156,-0.00031639670613625156,0.0018562951052191823,0.0021726918113554343,0.0017256378623731752,0.0017256378623731752,0.009190608444666255,0.0074649705822930805,0.003504710607980463,0.003504710607980463,0.012671822554021458,0.009167111946040992
853c1547fffffff,IND,1,3,7,False,26,,0.00014981208704439497,,,,0.00018527788814708384,,,,0.00028697616089031484,,,,0.0003503633267698603,,
853c156ffffffff,IND,1,1,8,False,26,,-0.00010681195746829912,,,,-0.00011347492286440549,,,,1.1779688473043343e-05,,,,2.2297495382103807e-05,,
853c1577fffffff,IND,0,0,1,False,26,,,,,,,,,,,,,,,,
853c162bfffffff,IND,4,7,14,False,26,,0.00010575928809516134,,,,0.00013507543125566805,,,,0.000285175541605754,,,,0.00037692655483421034,,
853c1647fffffff,IND,26,26,26,True,26,-0.0031316023733583697,-0.0031316023733583697,0.005533598243480083,0.008665200616838453,-0.0034934098799558823,-0.0034934098799558823,0.006573592221988439,0.010067002101944323,0.0012333360656482729,0.0012333360656482729,0.01648717541760443,0.015253839351956157,0.004309735244838076,0.004309735244838076,0.02250174825977031,0.018192013014932232
853c167bfffffff,IND,0,0,1,False,26,,,,,,,,,,,,,,,,
853c16affffffff,IND,0,0,2,False,26,,,,,,,,,,,,,,,,
853c16b3fffffff,IND,2,3,19,False,26,,8.652209504968027e-05,,,,0.00010889870313191777,,,,5.889844236521671e-06,,,,1.1148747691051904e-05,,
853c16d7fffffff,IND,0,0,3,False,26,,,,,,,,,,,,,,,,
853c1803fffffff,IND,0,0,1,False,26,,,,,,,,,,,,,,,,
853c1823fffffff,IND,15,15,26,False,26,,-1.777625025583758e-05,,,,3.1495040824574857e-06,,,,0.001130839439491782,,,,0.0016113397239775821,,
853c1847fffffff,IND,6,7,15,False,26,,0.0001857520450397272,,,,0.00022787453312888783,,,,0.00026224175481713645,,,,0.0003284746918817301,,
853c186ffffffff,IND,0,0,4,False,26,,,,,,,,,,,,,,,,
853c1877fffffff,IND,0,1,0,False,26,,,,,,,,,,,,,,,,
853c1883fffffff,NPL,24,24,26,False,26,,-0.0007848692326807558,,,,-0.0008845793371570384,,,,0.0005055001220706898,,,,0.001440726989846583,,
853c1893fffffff,NPL,13,13,26,False,26,,-0.0008665078885990505,,,,-0.0009707923217426085,,,,-0.0016064274632130956,,,,-0.0016004177602476275,,
853c1917fffffff,IND,14,15,22,False,26,,-3.785527176915318e-05,,,,-3.570705040641602e-05,,,,-0.00028408395556570813,,,,-0.00021018311521734808,,
853c191bfffffff,BGD,0,1,1,False,26,,,,,,,,,,,,,,,,
853c192ffffffff,IND,2,2,7,False,26,,-0.00048768719114714623,,,,-0.000568326171748335,,,,-0.007100793569190216,,,,-0.009234128694130705,,
853c1933fffffff,IND,0,0,1,False,26,,,,,,,,,,,,,,,,
853c1937fffffff,IND,1,1,2,False,26,,0.00013523048636806582,,,,0.00016501550531501148,,,,0.00022979951608943392,,,,0.0002763378982725233,,
853c1943fffffff,BGD,9,11,22,False,26,,-0.0003654396438169383,,,,-0.0003776393073067423,,,,0.0016067089692429809,,,,0.0021432099670073233,,
853c194bfffffff,BGD,3,4,5,False,26,,3.00785172896603e-05,,,,4.248743211862426e-05,,,,0.0002963963553445544,,,,0.000365884203649589,,
853c196bfffffff,BGD,1,2,6,False,26,,0.0001209839182113865,,,,0.00015152248506284185,,,,-0.00019446045067030387,,,,-0.0002094454121262119,,
853c1983fffffff,IND,26,26,26,True,26,-0.0032491156772786307,-0.0032491156772786307,0.004840570670265443,0.008089686347544074,-0.0036368863641992252,-0.0036368863641992252,0.005758141644321238,0.009395028008520464,-0.004988746960507847,-0.004988746960507847,0.01780279496558352,0.022791541926091365,-0.003908705724905563,-0.003908705724905563,0.02395559804188173,0.027864303766787293
853c1987fffffff,IND,2,3,7,False,26,,8.410281612968474e-05,,,,0.00010570501244892072,,,,0.00035032473836186997,,,,0.00044865926904232814,,
853c1993fffffff,IND,0,1,6,False,26,,,,,,,,,,,,,,,,
853c19affffffff,IND,3,3,15,False,26,,0.00022276332210112437,,,,0.0002806499855935742,,,,0.0008772909957373695,,,,0.0011218313855686681,,
853c19d3fffffff,NPL,21,21,26,False,26,,-0.0009652886763732551,,,,-0.0010649312854990151,,,,-0.0009302150806229628,,,,-0.0004311701472721802,,
853c1a0bfffffff,IND,0,2,1,False,26,,,,,,,,,,,,,,,,
853c1a8bfffffff,IND,25,25,26,False,26,,-0.0005956530022681717,,,,-0.0006673625828522353,,,,0.00019506534358893618,,,,0.00038899860049850085,,
853c1ab7fffffff,IND,3,7,4,False,26,,3.841198318295767e-05,,,,5.915069101913804e-05,,,,0.00017452254367162365,,,,0.00022773281360417827,,
853c1ac7fffffff,IND,0,1,3,False,26,,,,,,,,,,,,,,,,
853c1acffffffff,IND,1,7,6,False,26,,0.0004341845954175562,,,,0.0005220325564493736,,,,0.0,,,,0.0,,
853c1b2bfffffff,IND,6,8,18,False,26,,-2.2798226307299476e-05,,,,-1.5316816530943185e-05,,,,-0.0004214954070078966,,,,-0.00045489757219550664,,
853c1b43fffffff,IND,26,26,26,True,26,0.00019978265140656722,0.00019978265140656722,0.0016994147888771685,0.0014996321374706007,0.0002835588325628679,0.0002835588325628679,0.00202418494600194,0.0017406261134390718,0.0003465095278723644,0.0003465095278723644,0.0023648811717705506,0.0020183716438981858,0.0007585347673240804,0.0007585347673240804,0.003197151607551778,0.0024386168402276975
853c1b6bfffffff,BGD,12,18,17,False,26,,3.926072247126318e-05,,,,5.670687793616718e-05,,,,0.0008887069743811798,,,,0.0012969695103622377,,
853c1b8bfffffff,IND,12,17,18,False,26,,3.989331145938795e-05,,,,5.1236233475640915e-05,,,,0.0003721452899056973,,,,0.000519227617562931,,
853c1b8ffffffff,IND,26,26,26,True,26,-6.307626793639088e-05,-6.307626793639088e-05,0.0012410699061190034,0.0013041461740553942,-4.894575776518692e-05,-4.894575776518692e-05,0.0014766924043738683,0.0015256381621390552,-0.00018457493702375298,-0.00018457493702375298,0.0007437581566919683,0.0009283330937157213,-0.00012194754324297258,-0.00012194754324297258,0.0010244363486595007,0.0011463838919024733
853c1ba7fffffff,BGD,2,3,8,False,26,,-5.38530853757156e-06,,,,5.147794256917353e-06,,,,-0.00018043360435319916,,,,-0.00017921775483514815,,
853c1babfffffff,BGD,7,8,16,False,26,,-6.036024589666306e-05,,,,-5.610029233161106e-05,,,,0.00016933809185239507,,,,0.0002468335348493326,,
853c1c03fffffff,NPL,0,0,4,False,26,,,,,,,,,,,,,,,,
853c1c27fffffff,NPL,25,25,26,False,26,,-0.001212400881362096,,,,-0.0013494292865192609,,,,-0.000617142477657058,,,,-0.00016143094267809867,,
853c1c2ffffffff,NPL,12,12,19,False,26,,0.0006028596965597824,,,,0.0007324747242869928,,,,0.0050037394413068965,,,,0.0065034028164513424,,
853c1c4bfffffff,IND,0,2,4,False,26,,,,,,,,,,,,,,,,
853c1c4ffffffff,IND,0,0,1,False,26,,,,,,,,,,,,,,,,
853c1c67fffffff,IND,1,2,11,False,26,,0.0001252209070566764,,,,0.0001546211217857828,,,,-0.0005602711712468835,,,,-0.0007116222139990322,,
853c1c73fffffff,NPL,0,0,4,False,26,,,,,,,,,,,,,,,,
853c1ccbfffffff,IND,0,0,1,False,26,,,,,,,,,,,,,,,,
853c1cdbfffffff,NPL,17,17,26,False,26,,-0.000604897527725309,,,,-0.0006744358428767202,,,,-0.0026549278247718065,,,,-0.0030843913693750654,,
853c1d23fffffff,IND,7,8,11,False,26,,2.2993894713242982e-05,,,,3.269133805825477e-05,,,,0.0001395679089161213,,,,0.00018374682633795714,,
853c1d27fffffff,IND,3,7,10,False,26,,0.00014655923848084455,,,,0.00018470817398151136,,,,0.0005178577250114155,,,,0.0006148764016530114,,
853c1d2bfffffff,IND,24,24,26,False,26,,-0.0005559806296131253,,,,-0.0006063157721487513,,,,-0.002439605316035775,,,,-0.002766081354798894,,
853c1d37fffffff,IND,0,1,5,False,26,,,,,,,,,,,,,,,,
853c1d6ffffffff,IND,6,6,14,False,26,,-0.00015282998555777235,,,,-0.00016262060748770536,,,,0.00010593988595931882,,,,0.0002543377477987334,,
853c1e43fffffff,IND,0,1,0,False,26,,,,,,,,,,,,,,,,
853c1e63fffffff,IND,3,14,9,False,26,,-0.00017243569066083267,,,,-0.00019813885939171336,,,,0.0005799912709071808,,,,0.0008650585378677417,,
853c1e6ffffffff,IND,1,1,3,False,26,,0.0004128271777514692,,,,0.0004977006024134081,,,,-0.00013749342609556482,,,,-0.00015449527167221046,,
853c1e73fffffff,IND,0,0,1,False,26,,,,,,,,,,,,,,,,
853c1e83fffffff,IND,0,0,1,False,26,,,,,,,,,,,,,,,,
853c1eabfffffff,IND,0,0,2,False,26,,,,,,,,,,,,,,,,
853c1ec3fffffff,IND,0,1,3,False,26,,,,,,,,,,,,,,,,
853c1ecffffffff,IND,0,0,3,False,26,,,,,,,,,,,,,,,,
853c1ed3fffffff,IND,2,5,4,False,26,,3.726926723149704e-05,,,,4.76071649784244e-05,,,,5.631649850449011e-05,,,,6.8678660579706e-05,,
853c30c3fffffff,NPL,0,0,1,False,26,,,,,,,,,,,,,,,,
853c3143fffffff,NPL,1,2,1,False,26,,-0.00011672143211878021,,,,-0.00013414923871131292,,,,-0.0009485770970893309,,,,-0.0006574345098606486,,
853c3223fffffff,IND,0,0,3,False,26,,,,,,,,,,,,,,,,
853c331bfffffff,NPL,26,26,26,True,26,-0.00045637998299825753,-0.00045637998299825753,0.0028703217003133025,0.0033267016833115606,-0.0004397742633996682,-0.0004397742633996682,0.0034130901857261507,0.003852864449125819,0.0016449354541922907,0.0016449354541922907,0.013220034493927224,0.011575099039734933,0.003829462440417249,0.003829462440417249,0.017932619102653938,0.014103156662236684
853c3333fffffff,NPL,0,0,4,False,26,,,,,,,,,,,,,,,,
853c3357fffffff,NPL,3,9,5,False,26,,0.00010434982157025784,,,,0.00013049401719561883,,,,0.0010260838819950442,,,,0.0012658371200347,,
853c33abfffffff,NPL,0,0,1,False,26,,,,,,,,,,,,,,,,
853c33b7fffffff,NPL,24,25,25,False,26,,0.0002232996159543488,,,,0.00040980464838948094,,,,0.003970897892720317,,,,0.006312826645449839,,
853c344ffffffff,NPL,18,19,23,False,26,,-3.407894177894667e-05,,,,-2.5468548184760742e-05,,,,0.0021850056891729026,,,,0.003413000450354481,,
853c3603fffffff,NPL,21,22,24,False,26,,-5.570356689002759e-05,,,,-4.832723864326917e-05,,,,0.002487466085663371,,,,0.0038703547911278185,,
853c366bfffffff,IND,0,1,1,False,26,,,,,,,,,,,,,,,,
853c368bfffffff,NPL,0,0,1,False,26,,,,,,,,,,,,,,,,
853c3693fffffff,NPL,0,0,4,False,26,,,,,,,,,,,,,,,,
853c581bfffffff,IND,0,0,1,False,26,,,,,,,,,,,,,,,,
853c5a8bfffffff,IND,1,2,7,False,26,,1.487115723884201e-05,,,,2.054440708785263e-05,,,,-0.0001002774677532733,,,,-0.00011188498223825907,,
853c5ac7fffffff,IND,7,8,16,False,26,,-0.00026204837805355604,,,,-0.00028692067835318365,,,,-4.1390575327540364e-05,,,,-3.44596379245661e-05,,
853c5acffffffff,IND,0,1,3,False,26,,,,,,,,,,,,,,,,
853c5e37fffffff,IND,0,1,1,False,26,,,,,,,,,,,,,,,,
853c5e6bfffffff,IND,13,16,20,False,26,,-5.03189930232088e-05,,,,-5.1280170485311595e-05,,,,3.2559153036979536e-06,,,,5.320568082370864e-06,,
853c7277fffffff,CHN,26,26,26,True,26,0.0002326515580386085,0.0002326515580386085,0.0011074565851663155,0.000874805027127707,0.00029947104879936835,0.00029947104879936835,0.001316302429831687,0.0010168313810323185,0.0009092446202109067,0.0009092446202109067,0.001955583562824179,0.0010463389426132721,0.0015118057896539962,0.0015118057896539962,0.0027840156691266043,0.0012722098794726076
853c8057fffffff,IND,0,1,1,False,26,,,,,,,,,,,,,,,,
853c8087fffffff,IND,26,26,26,True,26,-0.008267674742247759,-0.008267674742247759,0.004237935962436343,0.012505610704684101,-0.009495797505886415,-0.009495797505886415,0.00504566799007275,0.014541465495959164,-0.0033229575952035168,-0.0033229575952035168,0.008372946292629711,0.01169590388783323,-0.0024787138603702846,-0.0024787138603702846,0.01163511452552021,0.014113828385890493
853c8097fffffff,IND,0,1,0,False,26,,,,,,,,,,,,,,,,
853c809bfffffff,IND,0,2,9,False,26,,,,,,,,,,,,,,,,
853c80c7fffffff,IND,5,10,14,False,26,,-5.0998816529714755e-05,,,,-5.1023135697006795e-05,,,,-0.00023196296749381347,,,,-0.0002465291780121631,,
853c817bfffffff,IND,0,0,1,False,26,,,,,,,,,,,,,,,,
853c81affffffff,IND,14,15,25,False,26,,-0.0006186591164200822,,,,-0.0007043137103317791,,,,-0.0001219860603860855,,,,-8.356052767321242e-05,,
853c81d7fffffff,IND,0,0,5,False,26,,,,,,,,,,,,,,,,
853c82bbfffffff,IND,0,1,0,False,26,,,,,,,,,,,,,,,,
853c82dbfffffff,IND,2,2,14,False,26,,-0.00012172095112082399,,,,-0.00013224704715976518,,,,0.00019729645312391333,,,,0.00024765041502780664,,
853c830ffffffff,IND,13,13,26,False,26,,-0.0002663477831595675,,,,-0.0002958198626892378,,,,0.00043973873059501353,,,,0.0006621116800694488,,
853c835bfffffff,IND,0,5,1,False,26,,,,,,,,,,,,,,,,
853c83b3fffffff,IND,1,1,2,False,26,,-5.506445537381259e-05,,,,-5.9649105203540647e-05,,,,0.00013734405552039402,,,,0.00018830199900171792,,
853c8427fffffff,IND,0,0,2,False,26,,,,,,,,,,,,,,,,
853c84abfffffff,IND,0,0,3,False,26,,,,,,,,,,,,,,,,
853c8537fffffff,IND,1,4,2,False,26,,4.98008157037177e-05,,,,6.76876891711493e-05,,,,-5.696702457473905e-05,,,,-5.495014045400144e-05,,
853c8553fffffff,IND,2,3,8,False,26,,0.00010957663453790767,,,,0.00013713761708943176,,,,0.0001010385360487911,,,,0.00013697784580726357,,
853c857bfffffff,IND,19,19,24,False,26,,-9.221299274945652e-05,,,,-9.954387993746521e-05,,,,0.0002765999092534334,,,,0.0006750504520372487,,
853c85affffffff,IND,0,1,1,False,26,,,,,,,,,,,,,,,,
853c85c7fffffff,IND,6,6,16,False,26,,-5.3465659245572775e-05,,,,-5.143296132010789e-05,,,,8.766813442291574e-05,,,,0.00011376419513297281,,
853c8627fffffff,IND,0,1,2,False,26,,,,,,,,,,,,,,,,
853c8643fffffff,IND,4,4,13,False,26,,-8.036602724363586e-05,,,,-8.697907042550762e-05,,,,-9.968862268668616e-05,,,,-0.00011253533054034326,,
853c8893fffffff,IND,26,26,26,True,26,0.0002969630324963201,0.0002969630324963201,0.0007979658738795366,0.0005010028413832166,0.0003666116446270901,0.0003666116446270901,0.0009487898796068787,0.0005821782349797885,0.0033662097341045955,0.0033662097341045955,0.004996173635749011,0.0016299639016444155,0.005039891520564527,0.005039891520564527,0.007032084340085048,0.0019921928195205216
853c8997fffffff,IND,1,2,3,False,26,,9.022644400678693e-05,,,,0.00011208416022953418,,,,0.0001590007090879976,,,,0.00022124219068202713,,
853c8c33fffffff,IND,8,11,15,False,26,,-5.908174503667164e-05,,,,-6.195138909867718e-05,,,,0.00026529182114050023,,,,0.00042641710916670357,,
853c8c6ffffffff,IND,0,3,3,False,26,,,,,,,,,,,,,,,,
853c8d23fffffff,IND,1,2,1,False,26,,-5.299582235399926e-07,,,,4.742880304861791e-06,,,,0.0012412183799617705,,,,0.0018736416098328712,,
853c8d27fffffff,IND,0,1,3,False,26,,,,,,,,,,,,,,,,
853c8d2ffffffff,IND,18,21,22,False,26,,2.957228064982973e-05,,,,-1.4976670604469999e-05,,,,0.0007454326603796275,,,,0.0012730531158356981,,
853c8d43fffffff,IND,18,20,20,False,26,,-0.00010399261435184754,,,,-0.00011051225416096644,,,,-0.0004973359006078099,,,,-0.00033420519476528513,,
853c8d63fffffff,IND,5,7,8,False,26,,-4.7640640272004975e-05,,,,-4.5819648543505245e-05,,,,0.00020207903834788344,,,,0.0002688913332100977,,
853c8d7bfffffff,IND,5,8,6,False,26,,6.285707022269316e-05,,,,7.84648057075319e-05,,,,0.0005927370468564949,,,,0.0009158354715831672,,
853c8d83fffffff,IND,19,21,22,False,26,,-1.75031467043041e-05,,,,-3.409625231704382e-06,,,,0.001503165691415477,,,,0.0022355957701619663,,
853c8d8bfffffff,IND,14,17,19,False,26,,-0.0006539887508390551,,,,-0.0007204271064331535,,,,-0.00031352871664953625,,,,-0.00016411055197749263,,
853c8daffffffff,IND,23,23,26,False,26,,-6.772629645715483e-05,,,,-6.576274291922191e-05,,,,-0.0001140532749815544,,,,0.00013119524089695768,,
853c8db7fffffff,IND,0,4,3,False,26,,,,,,,,,,,,,,,,
853c8dbbfffffff,IND,14,14,19,False,26,,-2.2205179283732268e-05,,,,-1.3838954404945015e-05,,,,0.0006744564236949572,,,,0.0011667562046833511,,
853c8e43fffffff,IND,26,26,26,True,26,-0.014100017618116335,-0.014100017618116335,0.01597369694343209,0.030073714561548424,-0.015994942374432927,-0.015994942374432927,0.01878439435184664,0.03477933672627957,0.010309893056110582,0.010309893056110582,0.06767377950324546,0.057363886447134874,0.023403690900019654,0.023403690900019654,0.09256175352382033,0.06915806262380064
853c8e4bfffffff,IND,12,14,22,False,26,,-0.0001286480048019775,,,,-0.0001401413152194433,,,,0.00038945048295119185,,,,0.0006077726864629577,,
853c8e57fffffff,IND,26,26,26,True,26,-0.0006050438174358447,-0.0006050438174358447,0.0011158253093148628,0.0017208691267507072,-0.0006713738255984433,-0.0006713738255984433,0.0013273830883892995,0.0019987569139877422,-0.0007266164754613003,-0.0007266164754613003,0.003230399577852145,0.0039570160533134455,-0.00029832111164341727,-0.00029832111164341727,0.0045384713963635675,0.004836792508006985
853c8e83fffffff,IND,1,1,2,False,26,,6.404738386039706e-05,,,,8.118070942331888e-05,,,,1.1779688473043343e-05,,,,2.2297495382103807e-05,,
853c8ea7fffffff,IND,0,0,6,False,26,,,,,,,,,,,,,,,,
853c8eabfffffff,IND,8,9,9,False,26,,-0.002361475444726805,,,,-0.0026028316979007527,,,,-0.0004901478063152008,,,,-0.00028687028356568986,,
853c8ec3fffffff,IND,11,11,22,False,26,,-0.00015928887844651407,,,,-0.00017043909264966657,,,,0.00012843355791565837,,,,0.0002859741483648397,,
853c90a3fffffff,IND,10,19,12,False,26,,6.954094287476455e-05,,,,8.9111467423984e-05,,,,0.0019327195476905995,,,,0.0027279852194451123,,
853c9153fffffff,IND,0,0,1,False,26,,,,,,,,,,,,,,,,
853c9163fffffff,IND,20,20,26,False,26,,-0.001196424250038575,,,,-0.0013682351371807587,,,,-0.0031955945560046438,,,,-0.0034618351605144966,,
853c916ffffffff,IND,23,23,25,False,26,,-0.0003288976400151527,,,,-0.00035460568029758614,,,,0.0006564109600090275,,,,0.0013544345554593509,,
853c9223fffffff,IND,0,0,2,False,26,,,,,,,,,,,,,,,,
853c923bfffffff,IND,0,0,1,False,26,,,,,,,,,,,,,,,,
853c9247fffffff,IND,11,11,26,False,26,,-0.0007250920810837988,,,,-0.0008118329837811723,,,,-0.0009407115744219998,,,,-0.001044269489291825,,
853c924bfffffff,IND,14,14,26,False,26,,-0.0016215397123522381,,,,-0.001848662322578905,,,,-0.0005535880108895562,,,,-0.000497063376864674,,
853c924ffffffff,IND,0,0,1,False,26,,,,,,,,,,,,,,,,
853c9253fffffff,IND,8,8,24,False,26,,-0.0011008439579666004,,,,-0.0012529288603601867,,,,-8.154976038058426e-05,,,,-6.995370115241045e-05,,
853c925bfffffff,IND,26,26,26,True,26,-0.007952459591963461,-0.007952459591963461,0.005575944102482726,0.013528403694446186,-0.009095642787950779,-0.009095642787950779,0.006630445826889235,0.015726088614840015,-0.016825606881236473,-0.016825606881236473,0.008908029332021429,0.02573363621325791,-0.018934294154627676,-0.018934294154627676,0.012206775315144167,0.031141069469771847
853c9273fffffff,IND,24,24,26,False,26,,-3.806060648477917e-05,,,,-3.307749494601179e-05,,,,8.815725358408083e-05,,,,0.00014504186218372255,,
853c927bfffffff,IND,26,26,26,True,26,-0.0028642965150348287,-0.0028642965150348287,0.0012052178198149496,0.004069514334849778,-0.003282565278954986,-0.003282565278954986,0.001432119474809138,0.004714684753764123,-0.0032104140153929707,-0.0032104140153929707,0.0019479044319797218,0.005158318447372691,-0.003616455470742843,-0.003616455470742843,0.0026003481763992847,0.006216803647142126
853c92b7fffffff,IND,0,0,4,False,26,,,,,,,,,,,,,,,,
853c92cbfffffff,IND,23,23,26,False,26,,-0.0007052985461817111,,,,-0.0008054242866435886,,,,-0.0023670998630704594,,,,-0.0027006014044410544,,
853c9303fffffff,IND,26,26,26,True,26,-0.025957390109952346,-0.025957390109952346,0.009012623585525624,0.03497001369547796,-0.02994420707828112,-0.02994420707828112,0.010719698179543082,0.0406639052578242,-0.05534266749774522,-0.05534266749774522,0.02498572782228671,0.08032839532003193,-0.06310642290350338,-0.06310642290350338,0.034125175471051226,0.09723159837455461
853c9313fffffff,IND,0,0,1,False,26,,,,,,,,,,,,,,,,
853c93a3fffffff,IND,26,26,26,True,26,-0.010768553104093592,-0.010768553104093592,0.003768472758622493,0.014537025862716083,-0.012374599819990312,-0.012374599819990312,0.0044853910022908915,0.016859990822281203,-0.005634892826866186,-0.005634892826866186,0.007087165390143515,0.0127220582170097,-0.005058258389869992,-0.005058258389869992,0.009992826899891791,0.015051085289761783
853c93abfffffff,IND,0,1,1,False,26,,,,,,,,,,,,,,,,
853c93b3fffffff,IND,0,0,2,False,26,,,,,,,,,,,,,,,,
853c93b7fffffff,IND,0,0,1,False,26,,,,,,,,,,,,,,,,
853c93cbfffffff,IND,0,0,2,False,26,,,,,,,,,,,,,,,,
853c93cffffffff,IND,5,5,23,False,26,,-0.00016208926767644774,,,,-0.00014225911480163943,,,,0.0002545861660356562,,,,0.00034842296486427206,,
853c93d7fffffff,IND,0,0,3,False,26,,,,,,,,,,,,,,,,
853c942bfffffff,IND,10,13,17,False,26,,5.3955821735655365e-05,,,,7.034647671308367e-05,,,,0.0001895166757522659,,,,0.00027193209268525434,,
853c9443fffffff,IND,0,0,1,False,26,,,,,,,,,,,,,,,,
853c944bfffffff,IND,22,22,23,False,26,,0.00010314391948407259,,,,0.00013615133038052862,,,,-0.00017874694405605861,,,,-0.000231338881076456,,
853c9493fffffff,IND,0,0,1,False,26,,,,,,,,,,,,,,,,
853c94b3fffffff,IND,0,2,1,False,26,,,,,,,,,,,,,,,,
853c9547fffffff,IND,15,15,22,False,26,,6.17481092075274e-05,,,,8.469626932015501e-05,,,,0.001071710687535663,,,,0.0014943406139802978,,
853c965bfffffff,IND,7,7,25,False,26,,-0.0004955140372998151,,,,-0.0005581694984335388,,,,-0.0002537939202283025,,,,-0.000226751000897835,,
853c96cbfffffff,IND,0,0,2,False,26,,,,,,,,,,,,,,,,
853c9c07fffffff,IND,23,24,25,False,26,,7.475277999687081e-05,,,,0.00010027630353784365,,,,0.0010970707184648036,,,,0.0015563490747990173,,
853c9c43fffffff,IND,0,1,0,False,26,,,,,,,,,,,,,,,,
853c9d17fffffff,IND,25,25,26,False,26,,-9.880303789488831e-06,,,,4.571418312581518e-06,,,,7.14909730064161e-05,,,,0.00014055407739822052,,
853c9d93fffffff,IND,0,2,2,False,26,,,,,,,,,,,,,,,,
853ca053fffffff,IND,0,2,1,False,26,,,,,,,,,,,,,,,,
853ca063fffffff,IND,0,1,0,False,26,,,,,,,,,,,,,,,,
853ca133fffffff,IND,0,1,0,False,26,,,,,,,,,,,,,,,,
853ca1bbfffffff,IND,7,9,13,False,26,,5.9390060461804704e-05,,,,7.502833154517397e-05,,,,0.00038471938600816554,,,,0.000535495831355675,,
853ca22bfffffff,IND,22,24,22,False,26,,-0.00013746861735051407,,,,-0.00015208970284152736,,,,-5.157607225438526e-05,,,,-5.3990714671982336e-05,,
853ca243fffffff,IND,25,26,25,False,26,,5.089913110272493e-05,,,,8.813584414168308e-05,,,,0.0004338633336747628,,,,0.0006434456280059398,,
853ca26ffffffff,IND,0,1,1,False,26,,,,,,,,,,,,,,,,
853ca38bfffffff,IND,5,5,17,False,26,,-0.00021892098169781367,,,,-0.00024621892789988283,,,,-0.0007036263105500476,,,,-0.0008078316638423417,,
853ca49bfffffff,IND,4,6,13,False,26,,0.00014942607750330046,,,,0.00018449848893691267,,,,-0.0001855204574611769,,,,-0.00016162583825927751,,
853ca54ffffffff,IND,8,8,23,False,26,,-9.129030300390016e-05,,,,-9.729898606623716e-05,,,,-0.00024202780297797151,,,,-0.00019390856013713458,,
853ca563fffffff,IND,0,0,2,False,26,,,,,,,,,,,,,,,,
853ca573fffffff,IND,0,0,1,False,26,,,,,,,,,,,,,,,,
853ca653fffffff,IND,1,1,4,False,26,,1.9941355715020188e-05,,,,2.8209590538725248e-05,,,,0.0006123483538554147,,,,0.000772344906888524,,
853ca823fffffff,IND,4,5,11,False,26,,7.856564609301111e-05,,,,9.95407701748194e-05,,,,0.00013124466129878096,,,,0.00016887486686236535,,
853ca833fffffff,IND,23,24,25,False,26,,-0.0005694852203129093,,,,-0.0006178057658740567,,,,-0.0007253917375984577,,,,-0.0006206818033779163,,
853ca853fffffff,IND,26,26,26,True,26,-0.00036741813007879046,-0.00036741813007879046,0.004190391431719734,0.004557809561798523,-0.0003388226387761404,-0.0003388226387761404,0.0049341550192167506,0.005272977657992889,0.002361680317539056,0.002361680317539056,0.02097133625486047,0.018609655937321414,0.005984357592140764,0.005984357592140764,0.02879283235324903,0.022808474761108262
853ca893fffffff,IND,6,9,9,False,26,,-3.170769259144759e-05,,,,-3.100177368660876e-05,,,,0.0001998895483757623,,,,0.0003070793833426728,,
853ca8cbfffffff,IND,11,18,14,False,26,,0.00020785725949521748,,,,0.0002594446216736194,,,,0.0008960014614256633,,,,0.0012396605012645527,,
853ca90bfffffff,IND,3,4,4,False,26,,0.00011305176429321047,,,,0.0001387911677329566,,,,0.0003249213387335061,,,,0.00039416564390644225,,
853ca927fffffff,IND,20,20,25,False,26,,-7.445807811218707e-05,,,,-7.50577561134612e-05,,,,0.00012710858636248633,,,,0.00045368148191962605,,
853ca92bfffffff,IND,0,0,1,False,26,,,,,,,,,,,,,,,,
853ca963fffffff,IND,1,3,13,False,26,,0.00012809476772079412,,,,0.00016236141884663777,,,,-0.00019446045067030387,,,,-0.0002094454121262119,,
853ca96ffffffff,IND,26,26,26,True,26,0.0009336116136490828,0.0009336116136490828,0.012706172188675476,0.011772560575026392,0.0014382778750791228,0.0014382778750791228,0.015104384364752605,0.013666106489673481,0.004492192656285555,0.004492192656285555,0.05220032547061778,0.04770813281433222,0.012000056507075436,0.012000056507075436,0.07033373921017025,0.0583336827030948
853ca973fffffff,IND,26,26,26,True,26,-0.0006366031246627742,-0.0006366031246627742,0.0022971795929923166,0.0029337827176550905,-0.0006710598479775796,-0.0006710598479775796,0.0027311900353532374,0.0034022498833308173,0.0028903969033711725,0.0028903969033711725,0.013913412991045686,0.011023016087674515,0.005668399087174657,0.005668399087174657,0.019018088201699406,0.013349689114524749
853ca997fffffff,IND,0,1,2,False,26,,,,,,,,,,,,,,,,
853ca9a3fffffff,IND,1,1,2,False,26,,0.0001921670207190552,,,,0.0002353572809545344,,,,-0.0002062401391433472,,,,-0.0002317429075083157,,
853ca9cbfffffff,IND,26,26,26,True,26,-0.00019348380442312763,-0.00019348380442312763,0.004923117394004978,0.005116601198428106,-0.00023004651439537176,-0.00023004651439537176,0.00572471180261527,0.00595475831701064,0.000539237635788172,0.000539237635788172,0.0029878365185858134,0.0024485988827976416,-0.00010055049578831283,-0.00010055049578831283,0.0028539864217874134,0.0029545369175757253
853caa47fffffff,IND,0,0,1,False,26,,,,,,,,,,,,,,,,
853caa4ffffffff,IND,0,2,5,False,26,,,,,,,,,,,,,,,,
853cab6ffffffff,IND,16,18,24,False,26,,-0.0001045599269324883,,,,-0.00011067451719711961,,,,-0.00014859878811377677,,,,0.00012377362345967043,,
853cab93fffffff,IND,16,17,24,False,26,,4.718574036462175e-05,,,,6.828678952725364e-05,,,,0.0012971182007195875,,,,0.0019872301930423724,,
853caba7fffffff,IND,6,8,17,False,26,,1.4122681024708221e-05,,,,2.8542046275674958e-05,,,,0.0007596910719619969,,,,0.000989367804320584,,
853cabc3fffffff,IND,26,26,26,True,26,-0.0016488804704990697,-0.0016488804704990697,0.0019051385766133233,0.003554019047112393,-0.0018609452648068446,-0.0018609452648068446,0.0022579935323124157,0.00411893879711926,-0.0006069120526712671,-0.0006069120526712671,0.004107678796480909,0.004714590849152176,-0.00010876164867943238,-0.00010876164867943238,0.005551599090962153,0.0056603607396415855
853cac67fffffff,IND,6,6,8,False,26,,-0.0002746599215467597,,,,-0.00030635063357678066,,,,-0.004341309959804591,,,,-0.004543195853554184,,
853cacabfffffff,IND,0,0,1,False,26,,,,,,,,,,,,,,,,
853cacb3fffffff,IND,17,18,23,False,26,,-0.00013209274143472733,,,,-0.00014116990908141254,,,,0.0008238599247864879,,,,0.0012872227487872564,,
853cad2ffffffff,IND,0,0,4,False,26,,,,,,,,,,,,,,,,
853cad8ffffffff,IND,0,1,2,False,26,,,,,,,,,,,,,,,,
853cad9bfffffff,IND,0,0,5,False,26,,,,,,,,,,,,,,,,
853cadabfffffff,IND,0,0,1,False,26,,,,,,,,,,,,,,,,
853cb017fffffff,IND,0,0,1,False,26,,,,,,,,,,,,,,,,
853cb033fffffff,IND,22,24,23,False,26,,-2.697113183718319e-05,,,,-2.25130248859877e-05,,,,-3.011735572566081e-05,,,,9.77900481797762e-06,,
853cb037fffffff,IND,9,11,15,False,26,,-5.2252035520844215e-05,,,,-2.5304089531138302e-05,,,,0.00043654785983764647,,,,0.0006985494536533228,,
853cb10bfffffff,IND,0,1,1,False,26,,,,,,,,,,,,,,,,
853cb12bfffffff,IND,23,24,24,False,26,,0.00029154459551464755,,,,0.00040379567552148796,,,,-0.00039195768440572146,,,,-0.0004976651477237262,,
853cb173fffffff,IND,25,26,25,False,26,,0.00026352490483310754,,,,0.00037628844889857935,,,,-0.00041768061022722273,,,,-0.0005282905199267942,,
853cb187fffffff,IND,0,0,1,False,26,,,,,,,,,,,,,,,,
853cb1bbfffffff,IND,0,1,1,False,26,,,,,,,,,,,,,,,,
853cb1cbfffffff,IND,26,26,26,True,26,-0.00018123513767283014,-0.00018123513767283014,0.016243308532195785,0.016424543669868615,0.0001810920417213292,0.0001810920417213292,0.019310469628958334,0.019129377587237005,0.001726639131903806,0.001726639131903806,0.015860799268898298,0.01413416013699449,0.004217386546644366,0.004217386546644366,0.021493430362818623,0.017276043816174258
853cb307fffffff,IND,0,1,0,False,26,,,,,,,,,,,,,,,,
853cb383fffffff,IND,0,5,6,False,26,,,,,,,,,,,,,,,,
853cb3c7fffffff,IND,0,2,4,False,26,,,,,,,,,,,,,,,,
853cb403fffffff,IND,0,1,2,False,26,,,,,,,,,,,,,,,,
853cb473fffffff,IND,0,0,5,False,26,,,,,,,,,,,,,,,,
853cb503fffffff,IND,0,0,4,False,26,,,,,,,,,,,,,,,,
853cb523fffffff,IND,0,0,1,False,26,,,,,,,,,,,,,,,,
853cb567fffffff,IND,0,0,3,False,26,,,,,,,,,,,,,,,,
853cb66bfffffff,IND,6,7,8,False,26,,9.052254927256418e-05,,,,0.00011780648252216664,,,,0.00015637776276189683,,,,0.00023161137864828151,,
853cb697fffffff,IND,5,7,13,False,26,,-2.180229991679849e-05,,,,-2.082874423959321e-05,,,,0.00014959651744342437,,,,0.0002962507324842832,,
853cc023fffffff,IND,26,26,26,True,26,-0.00032789030027557123,-0.00032789030027557123,0.0009717728321263069,0.001299663132401878,-0.0003548265252384821,-0.0003548265252384821,0.0011547763683685977,0.0015096028936070797,0.0008804925719149044,0.0008804925719149044,0.0037801764481175852,0.0028996838762026804,0.0015752602402111634,0.0015752602402111634,0.0050878811118955525,0.0035126208716843893
853cc043fffffff,BGD,0,0,1,False,26,,,,,,,,,,,,,,,,
853cc077fffffff,IND,0,0,2,False,26,,,,,,,,,,,,,,,,
853cc0affffffff,IND,26,26,26,True,26,-0.0031301188909849853,-0.0031301188909849853,0.006002135905769633,0.00913225479675462,-0.003534488508519379,-0.003534488508519379,0.00711214285971717,0.010646631368236546,-0.010516643529786167,-0.010516643529786167,0.004699253654416113,0.01521589718420228,-0.012291804340033368,-0.012291804340033368,0.0062965829674611765,0.018588387307494545
853cc10bfffffff,IND,1,4,6,False,26,,0.00021342371023408207,,,,0.000252875925727439,,,,0.000863997388304721,,,,0.0010224415525118373,,
853cc203fffffff,BGD,2,4,22,False,26,,-0.0004555403526064759,,,,-0.0005274443094982985,,,,0.004386473664822045,,,,0.006163640625541903,,
853cc213fffffff,BGD,17,17,25,False,26,,0.00016546356278953662,,,,0.00022615761566115947,,,,0.0012512558016383288,,,,0.0017617311933586803,,
853cc217fffffff,BGD,6,6,26,False,26,,-0.00015149357173345598,,,,-0.00015241172030746396,,,,0.00029153673555762046,,,,0.0006149749493917584,,
853cc21bfffffff,BGD,26,26,26,True,26,0.0013147331497073917,0.0013147331497073917,0.015032564453633617,0.013717831303926224,0.0019144386270090819,0.0019144386270090819,0.01773378667109855,0.015819348044089472,0.04550421766685804,0.04550421766685804,0.08241788217826417,0.036913664511406125,0.06888591159581006,0.06888591159581006,0.11354236521675463,0.0446564536209446
853cc273fffffff,BGD,4,5,8,False,26,,0.0002541161719642046,,,,0.000316276295748638,,,,0.0009283839934738256,,,,0.0012178560344814557,,
853cc277fffffff,BGD,2,3,14,False,26,,3.153013358932788e-05,,,,4.3641003301244035e-05,,,,-0.0004678469625206715,,,,-0.0005686591810615066,,
853cc283fffffff,BGD,2,5,13,False,26,,-3.319789430491021e-05,,,,-1.3377589615257786e-05,,,,0.0011974147037440244,,,,0.0015788321477970299,,
853cc297fffffff,BGD,0,17,0,False,26,,,,,,,,,,,,,,,,
853cc2a3fffffff,BGD,0,0,1,False,26,,,,,,,,,,,,,,,,
853cc2d7fffffff,BGD,2,4,9,False,26,,6.31498297390147e-05,,,,8.123686240039841e-05,,,,5.017333694850914e-05,,,,6.360708821188684e-05,,
853cc357fffffff,IND,4,4,26,False,26,,-0.00010108935476118932,,,,-9.218993292181636e-05,,,,-0.000721255654475874,,,,-0.0007538269183360517,,
853cc3d7fffffff,IND,17,17,26,False,26,,-0.001094634979853024,,,,-0.0012199871519234025,,,,0.00036277283530121316,,,,0.0008025744097479296,,
853cc417fffffff,BGD,8,8,20,False,26,,0.00011503929555390361,,,,0.0001494301039277793,,,,-4.2351933164218804e-05,,,,7.873927257520886e-05,,
853cc427fffffff,IND,0,0,1,False,26,,,,,,,,,,,,,,,,
853cc42ffffffff,IND,1,2,15,False,26,,0.0001209839182113865,,,,0.00015152248506284185,,,,1.1779688473043343e-05,,,,2.2297495382103807e-05,,
853cc433fffffff,BGD,0,1,1,False,26,,,,,,,,,,,,,,,,
853cc447fffffff,IND,26,26,26,True,26,-0.00788200342042362,-0.00788200342042362,0.008790001198756985,0.016672004619180607,-0.008942377753735731,-0.008942377753735731,0.010436257380981365,0.0193786351347171,-0.030822514093345146,-0.030822514093345146,0.011530850588944217,0.042353364682289354,-0.03602689069117024,-0.03602689069117024,0.015263791445290099,0.05129068213646034
853cc453fffffff,BGD,0,15,4,False,26,,,,,,,,,,,,,,,,
853cc457fffffff,BGD,4,7,14,False,26,,-0.00066626136951678,,,,-0.0007435360623413378,,,,0.00020737689139482243,,,,0.00027844452517967566,,
853cc47bfffffff,IND,0,0,1,False,26,,,,,,,,,,,,,,,,
853cc48ffffffff,BGD,2,4,5,False,26,,1.2770865745482453e-06,,,,8.817725439468757e-06,,,,-0.00013131566146771135,,,,-0.000141759102211634,,
853cc4affffffff,BGD,2,2,4,False,26,,6.631413160627625e-05,,,,8.710561956899263e-05,,,,-6.874671304778241e-05,,,,-7.724763583610523e-05,,
853cc4c3fffffff,BGD,2,2,7,False,26,,0.00033530996951265483,,,,0.00041098336427688586,,,,0.00016608748060820312,,,,0.00022079172559392023,,
853cc4cffffffff,BGD,6,6,23,False,26,,-4.775297774801173e-05,,,,-4.459104472144163e-05,,,,0.00022502008943913314,,,,0.0003259424454581683,,
853cc4dbfffffff,BGD,1,4,6,False,26,,-0.00010681195746829912,,,,-0.00011347492286440549,,,,8.052640152082575e-05,,,,9.954513121820904e-05,,
853cc573fffffff,IND,2,2,9,False,26,,-5.3236207368811673e-05,,,,-5.272674606827042e-05,,,,-0.0003418923582490627,,,,-0.00038286835602234157,,
853cc5a3fffffff,IND,23,24,25,False,26,,-0.002468359180651582,,,,-0.0028156296147112754,,,,-0.0003230655418810146,,,,-0.00021839545323693897,,
853cc5cbfffffff,IND,2,2,14,False,26,,-2.617281199106352e-05,,,,-2.5404010362597027e-05,,,,0.00013357697684251386,,,,0.00018266289642825844,,
853cc613fffffff,BGD,1,2,3,False,26,,7.115823336980475e-05,,,,9.201964320711484e-05,,,,-5.696702457473905e-05,,,,-5.495014045400144e-05,,
853cc617fffffff,BGD,1,5,9,False,26,,6.404738386039706e-05,,,,8.118070942331888e-05,,,,0.0001610528030416515,,,,0.00019909026243641808,,
853cc61bfffffff,BGD,7,12,9,False,26,,4.8641202486280886e-05,,,,6.414210416235494e-05,,,,0.00022634331663401667,,,,0.00036803382190818965,,
853cc62bfffffff,BGD,3,6,5,False,26,,0.00013537908672656208,,,,0.00016374862239753357,,,,0.000810064996397623,,,,0.0011246861212055811,,
853cc62ffffffff,IND,24,25,25,False,26,,0.00022978277657325155,,,,0.0002900810568441208,,,,-0.0001874666763703027,,,,-0.00023375428200871822,,
853cc637fffffff,IND,0,0,2,False,26,,,,,,,,,,,,,,,,
853cc63bfffffff,BGD,19,19,26,False,26,,-7.341679359608997e-05,,,,-4.989484218087437e-05,,,,0.002848999520759221,,,,0.00422216997366711,,
853cc657fffffff,BGD,6,7,23,False,26,,-0.00016036095823652929,,,,-0.00016558218157940706,,,,-0.00016430347008920313,,,,-0.000119419503977184,,
853cc65bfffffff,BGD,2,3,6,False,26,,0.0010622713509898802,,,,0.001278855044467825,,,,-0.0001470810388204568,,,,-3.8623817918052615e-05,,
853cc673fffffff,BGD,17,17,24,False,26,,-0.0008270279436201301,,,,-0.0009326881451644294,,,,-0.0015909430772064594,,,,-0.0015124129517013504,,
853cc68ffffffff,BGD,1,3,5,False,26,,0.0006043662672400112,,,,0.0,,,,0.005295955655197981,,,,0.0,,
853cc6a7fffffff,IND,8,8,24,False,26,,-0.00017727830822255756,,,,-0.0001924591196447967,,,,-0.0006148572854165879,,,,-0.0006552211385870808,,
853cc6b7fffffff,IND,0,1,1,False,26,,,,,,,,,,,,,,,,
853cc6bbfffffff,BGD,26,26,26,True,26,-0.0012293550484369126,-0.0012293550484369126,0.0016312554642286987,0.0028606105126656118,-0.0013789788868853144,-0.0013789788868853144,0.0019372277379403825,0.003316206624825696,-0.001914887112931391,-0.001914887112931391,0.006358703489060051,0.008273590601991442,-0.0015081132474909211,-0.0015081132474909211,0.008607899181261461,0.010116012428752383
853cc6cffffffff,BGD,0,0,20,False,26,,,,,,,,,,,,,,,,
853cc6d7fffffff,BGD,7,7,23,False,26,,0.0002481540944719277,,,,0.0003212978712921207,,,,0.0010413418984751256,,,,0.001621726016556017,,
853cca1bfffffff,MMR,1,3,1,False,26,,2.8443398037630673e-05,,,,4.335573513518373e-05,,,,-0.0002062401391433472,,,,-0.0002317429075083157,,
853ccb4bfffffff,MMR,26,26,26,True,26,0.0006732947396589483,0.0006732947396589483,0.0024750517935173,0.0018017570538583518,0.00043772658316331944,0.00043772658316331944,0.0018573548051052113,0.001419628221941892,0.0033497971658836426,0.0033497971658836426,0.008188646317111921,0.00483884915122828,0.0029610133930523734,0.0029610133930523734,0.007549509154344997,0.004588495761292623
853ccb7bfffffff,MMR,5,8,10,False,26,,0.00022823559001935285,,,,0.00030501507435112514,,,,0.001670155169573979,,,,0.002142723902245297,,
853cd1affffffff,BGD,11,15,20,False,26,,-0.00018613299265690406,,,,-0.00019474557683847376,,,,6.670179535095693e-05,,,,0.00020142856272955056,,
853cd587fffffff,BGD,0,0,1,False,26,,,,,,,,,,,,,,,,
853cd58ffffffff,BGD,1,2,4,False,26,,0.000263350123226724,,,,0.000319192076846227,,,,1.1779688473043343e-05,,,,2.2297495382103807e-05,,
853cd59bfffffff,BGD,11,12,14,False,26,,0.0005342935353288774,,,,0.0006480633782903742,,,,0.0030790136099485554,,,,0.003989833158634502,,
853cd9a7fffffff,MMR,0,3,0,False,26,,,,,,,,,,,,,,,,
853cd9abfffffff,MMR,2,2,5,False,26,,-3.707313018974108e-05,,,,-3.98341654664522e-05,,,,-3.1774713736327565e-05,,,,-3.5265952712453235e-05,,
853cdb33fffffff,MMR,0,2,6,False,26,,,,,,,,,,,,,,,,
853ce027fffffff,IND,3,3,9,False,26,,-2.1487824337551188e-05,,,,-2.0645326169087063e-05,,,,-4.4459507273479084e-05,,,,-1.631983289582211e-05,,
853ce08ffffffff,IND,0,0,10,False,26,,,,,,,,,,,,,,,,
853ce093fffffff,IND,0,1,1,False,26,,,,,,,,,,,,,,,,
853ce097fffffff,IND,8,8,26,False,26,,-0.0011627726082659275,,,,-0.0013385554454691615,,,,1.2900911846297378e-05,,,,8.686315597583268e-06,,
853ce0a3fffffff,IND,1,1,9,False,26,,5.225599248175076e-05,,,,6.562364363565009e-05,,,,0.0,,,,0.0,,
853ce0a7fffffff,IND,1,2,2,False,26,,0.0001778955834245119,,,,0.00023004910801778706,,,,-0.0006069407289569982,,,,-0.0006729312271428433,,
853ce0b3fffffff,IND,0,1,5,False,26,,,,,,,,,,,,,,,,
853ce0b7fffffff,IND,0,1,1,False,26,,,,,,,,,,,,,,,,
853ce127fffffff,IND,7,7,21,False,26,,-0.00010361620288334992,,,,-0.00011038086660516303,,,,-0.0001625347843349547,,,,-0.00014193722145177943,,
853ce14ffffffff,IND,17,18,23,False,26,,-3.348398501246744e-05,,,,-2.4264726042195667e-05,,,,-0.0003985600245196188,,,,-0.0003387680959602027,,
853ce153fffffff,IND,26,26,26,True,26,-0.0005604523866374855,-0.0005604523866374855,0.0006015388068907103,0.0011619911935281959,-0.0006301184415285775,-0.0006301184415285775,0.0007160071408388019,0.0013461255823673797,-0.0014544691303374773,-0.0014544691303374773,0.0023139933215931673,0.0037684624519306455,-0.0013897829272412538,-0.0013897829272412538,0.003145371447568621,0.004535154374809874
853ce157fffffff,IND,26,26,26,True,26,-0.01536858085701625,-0.01536858085701625,0.024272932146249888,0.03964151300326614,-0.01710563690764394,-0.01710563690764394,0.02876189987309004,0.04586753678073399,-0.01084959609818732,-0.01084959609818732,0.09712263614087677,0.10797223223906408,0.003047049747893826,0.003047049747893826,0.13537656572826487,0.13232951598037102
853ce1a7fffffff,IND,12,16,18,False,26,,-0.00017391069584722283,,,,-0.00019401173714253883,,,,6.75943258392488e-05,,,,9.347296630596324e-05,,
853ce1b3fffffff,IND,6,7,15,False,26,,1.9156922464043466e-05,,,,3.2624367821542726e-05,,,,-5.3547892565807384e-05,,,,-2.6172048253954234e-05,,
853ce1cbfffffff,IND,0,0,1,False,26,,,,,,,,,,,,,,,,
853ce1cffffffff,IND,25,26,25,False,26,,-0.0005062852671989042,,,,-0.0005649565620645925,,,,-0.0014387144167174611,,,,-0.0013584805279592046,,
853ce1d3fffffff,IND,1,1,13,False,26,,5.3041825349925105e-05,,,,6.767699806479159e-05,,,,0.0,,,,0.0,,
853ce1d7fffffff,IND,0,1,0,False,26,,,,,,,,,,,,,,,,
853ce1dbfffffff,IND,0,0,1,False,26,,,,,,,,,,,,,,,,
853ce20bfffffff,BGD,26,26,26,True,26,0.0003576569716325802,0.0003576569716325802,0.002519810107331798,0.0021621531356992175,0.0004918276417479451,0.0004918276417479451,0.002979038235600825,0.0024872105938528806,0.006146290862195142,0.006146290862195142,0.011341048682709657,0.005194757820514515,0.009636811370718045,0.009636811370718045,0.015768649361740755,0.006131837991022708
853ce23bfffffff,BGD,7,9,11,False,26,,0.0004839053952702752,,,,0.0006596317043923298,,,,0.0012631303710684222,,,,0.0017759526346423013,,
853ce257fffffff,BGD,6,11,10,False,26,,0.0002636654016935752,,,,0.0003358113021986788,,,,0.0007661304105319967,,,,0.0010286100912566835,,
853ce25bfffffff,BGD,2,4,9,False,26,,0.002285631990430203,,,,0.0027557376809666124,,,,0.003089816092805914,,,,0.0038193569251722646,,
853ce26ffffffff,BGD,10,10,26,False,26,,-0.00036225039586815845,,,,-0.0003877464443963015,,,,-3.344004951867417e-05,,,,8.349519045343162e-05,,
853ce273fffffff,BGD,21,22,23,False,26,,0.00014424995152851543,,,,0.0001811575326310443,,,,0.0006707063630004249,,,,0.000944634358524727,,
853ce2c3fffffff,BGD,23,24,25,False,26,,-0.0005908460506660327,,,,-0.0006354378123121617,,,,0.001145985947897559,,,,0.0021572206416175994,,
853ce30bfffffff,BGD,0,1,2,False,26,,,,,,,,,,,,,,,,
853ce337fffffff,IND,12,12,26,False,26,,-0.00020959279298039465,,,,-0.000228375972171924,,,,-0.0006031440037506194,,,,-0.000668248436147832,,
853ce357fffffff,BGD,2,5,11,False,26,,0.00011048741531261286,,,,0.0001392747997510803,,,,0.0003024355163981218,,,,0.00037936836604915934,,
853ce363fffffff,BGD,26,26,26,True,26,-9.216952187910324e-05,-9.216952187910324e-05,0.0023546157397789373,0.00244678526165804,-2.779837813523034e-05,-2.779837813523034e-05,0.0026903924668647316,0.0027181908449999616,0.003926448139627795,0.003926448139627795,0.010855375368185245,0.006928927228557448,0.006561758978209463,0.006561758978209463,0.014656581072155065,0.008094822093945603
853ce37bfffffff,BGD,0,0,2,False,26,,,,,,,,,,,,,,,,
853ce3a3fffffff,IND,26,26,26,True,26,-0.00635822086643778,-0.00635822086643778,0.005491337591257501,0.011849558457695279,-0.00723700306274852,-0.00723700306274852,0.006530759265016819,0.013767762327765339,-0.027305466334773112,-0.027305466334773112,0.027773687473024795,0.055079153807797904,-0.02930343308992657,-0.02930343308992657,0.038113221790573554,0.06741665488050012
853ce3b3fffffff,IND,0,0,2,False,26,,,,,,,,,,,,,,,,
853ce453fffffff,IND,11,15,13,False,26,,-3.7299952348742046e-05,,,,-3.5132673109635184e-05,,,,0.0002837085043290382,,,,0.000451795874927027,,
853ce45bfffffff,IND,16,18,23,False,26,,-0.0003315673885885568,,,,-0.00038216888868080137,,,,-0.003462217372440958,,,,-0.00429403494352817,,
853ce467fffffff,IND,4,6,11,False,26,,3.802401503790125e-05,,,,5.385396522270048e-05,,,,0.0002742879650435943,,,,0.0003687752400957097,,
853ce4d3fffffff,BTN|IND,26,26,26,True,26,-0.0017881682513251316,-0.0017881682513251316,0.001016262067161875,0.002804430318487007,-0.0020247648684608047,-0.0020247648684608047,0.0011749989296367448,0.0031997637980975494,-0.00541757945767693,-0.00541757945767693,0.004616631884006231,0.01003421134168316,-0.005868660425081735,-0.005868660425081735,0.006150487250225847,0.012019147675307583
853ce5abfffffff,BTN,0,0,1,False,26,,,,,,,,,,,,,,,,
853ce60ffffffff,BGD,0,0,2,False,26,,,,,,,,,,,,,,,,
853ce62ffffffff,IND,3,3,14,False,26,,-4.980440490494658e-06,,,,-4.75885799635196e-07,,,,0.0,,,,0.0,,
853ce63bfffffff,IND,0,0,1,False,26,,,,,,,,,,,,,,,,
853ce647fffffff,BGD,9,10,13,False,26,,4.294328196501594e-05,,,,6.924068714218914e-05,,,,0.0003925256409657079,,,,0.0005768692061421492,,
853ce677fffffff,IND,0,0,1,False,26,,,,,,,,,,,,,,,,
853ce68ffffffff,BGD,0,2,2,False,26,,,,,,,,,,,,,,,,
853ce6a7fffffff,IND,9,14,17,False,26,,0.0024537272639382586,,,,0.0029441351749206323,,,,0.00477946786119053,,,,0.0060238824919987815,,
853ce6bbfffffff,BGD,9,9,24,False,26,,0.00037615008790654577,,,,0.000457745309336227,,,,0.0017593191579598538,,,,0.0022484378022311867,,
853ce6c3fffffff,BGD,0,0,1,False,26,,,,,,,,,,,,,,,,
853ce6c7fffffff,BGD,26,26,26,True,26,7.81345552439381e-05,7.81345552439381e-05,0.002614914838581041,0.002536780283337103,0.00016367537178221787,0.00016367537178221787,0.0031059672993999582,0.0029422919276177414,0.008673262855076937,0.008673262855076937,0.01443778687561133,0.005764524020534388,0.013257821080320227,0.013257821080320227,0.02011455888022055,0.006856737799900323
853ce6dbfffffff,BGD,10,12,13,False,26,,-0.00040906130187090735,,,,-0.00046167843458936166,,,,0.0002785671723473949,,,,0.00048190887339246634,,
853ce80bfffffff,IND,26,26,26,True,26,-0.011901875116345507,-0.011901875116345507,0.008026210501113944,0.019928085617459453,-0.013596790267722345,-0.013596790267722345,0.009543390563070263,0.023140180830792608,-0.008616330075718485,-0.008616330075718485,0.017251884031097363,0.02586821410681585,-0.008031939904224721,-0.008031939904224721,0.023156194252439533,0.031188134156664247
853ce8a7fffffff,IND,6,11,15,False,26,,-0.00012946720141795008,,,,-9.640403345108517e-05,,,,0.0001299938480668214,,,,0.0002054422075142465,,
853ce8abfffffff,IND,0,0,1,False,26,,,,,,,,,,,,,,,,
853ce8c3fffffff,IND,21,21,26,False,26,,-0.001736370517371666,,,,-0.0019883654271558365,,,,-0.0004078904022648986,,,,-0.0004213490534210124,,
853ce8cffffffff,IND,4,4,12,False,26,,0.0009565679549641196,,,,0.0011638192807819838,,,,0.00024273911026209682,,,,0.0003000588634431828,,
853ce8dbfffffff,IND,1,2,6,False,26,,2.8025826951758295e-05,,,,3.779463182253911e-05,,,,0.0006020060144148391,,,,0.0007611819681218482,,
853ce9c3fffffff,IND,0,0,1,False,26,,,,,,,,,,,,,,,,
853cea03fffffff,IND,2,3,12,False,26,,-3.218540111308169e-05,,,,-2.1103648211834297e-05,,,,8.157539020767533e-05,,,,0.00012622541655673807,,
853cea07fffffff,IND,26,26,26,True,26,-0.005125428774841596,-0.005125428774841596,0.009989492097226568,0.015114920872068165,-0.005676167101979197,-0.005676167101979197,0.011877598115477617,0.017553765217456812,-0.019234859060285017,-0.019234859060285017,0.03293533461494852,0.05217019367523354,-0.018740944164055987,-0.018740944164055987,0.04498533976795603,0.06372628393201202
853cea0bfffffff,IND,19,19,26,False,26,,-0.0002489909797782594,,,,-0.00026585347365200323,,,,0.0005525807812354702,,,,0.0010910746068529798,,
853cea0ffffffff,IND,0,1,1,False,26,,,,,,,,,,,,,,,,
853cea4ffffffff,IND,5,5,15,False,26,,0.000233235170347159,,,,0.00028933767441822404,,,,0.00025129261847627233,,,,0.00036685825751680905,,
853cea77fffffff,IND,1,2,4,False,26,,-6.6964469885958e-05,,,,-7.782292662806347e-05,,,,0.0,,,,0.0,,
853ceabbfffffff,IND,1,2,5,False,26,,0.000263350123226724,,,,0.000319192076846227,,,,-0.00013749342609556482,,,,-0.00015449527167221046,,
853cec13fffffff,IND,0,0,7,False,26,,,,,,,,,,,,,,,,
853cec23fffffff,IND,0,0,3,False,26,,,,,,,,,,,,,,,,
853ceca7fffffff,IND,6,7,17,False,26,,-5.781821171265723e-05,,,,-5.4674256043638005e-05,,,,0.0001064419859843337,,,,0.00014958267759432258,,
853cecc3fffffff,IND,18,22,20,False,26,,-0.0005365364415072636,,,,-0.0006062337273385185,,,,0.0009456504438932116,,,,0.0013992423697429851,,
853ced07fffffff,IND,4,5,13,False,26,,2.8630388903908225e-06,,,,1.3233863634538586e-05,,,,0.0001356085424126526,,,,0.00018730911742288666,,
853ced0bfffffff,IND,0,0,1,False,26,,,,,,,,,,,,,,,,
853ced37fffffff,IND,4,9,10,False,26,,-4.336216767700861e-05,,,,-4.479399186429478e-05,,,,0.0,,,,0.0,,
853ced57fffffff,IND,16,16,25,False,26,,-0.00010913290141828212,,,,-0.00011144339911522711,,,,5.874913465144313e-05,,,,0.00024187607863016613,,
853ced5bfffffff,IND,1,21,1,False,26,,0.002078407326051889,,,,0.0024938111850037878,,,,0.000895638687411649,,,,0.0010607566023258857,,
853ced9bfffffff,IND,3,3,3,False,26,,0.001154549050050773,,,,0.0013777132961640699,,,,0.0020236279501986945,,,,0.0024058677599177146,,
853cedbbfffffff,IND,0,0,1,False,26,,,,,,,,,,,,,,,,
853cedc3fffffff,IND,0,1,5,False,26,,,,,,,,,,,,,,,,
853cee4bfffffff,IND,0,0,2,False,26,,,,,,,,,,,,,,,,
853cee87fffffff,IND,0,1,1,False,26,,,,,,,,,,,,,,,,
853cf00ffffffff,BGD,13,15,17,False,26,,0.0003014170276457858,,,,0.0004096517993934192,,,,0.0078003418127324115,,,,0.01169671783605346,,
853cf017fffffff,BGD,5,5,19,False,26,,8.163634214645166e-05,,,,0.00011214844225169345,,,,0.00034996503472297714,,,,0.0004634502564067654,,
853cf023fffffff,BGD,3,4,5,False,26,,4.039130552561954e-05,,,,7.165651413938205e-05,,,,8.353549258831223e-05,,,,0.0002310433228684221,,
853cf04ffffffff,IND,16,18,22,False,26,,-0.0007501417554310887,,,,-0.0008386792016273597,,,,-0.003193062107308571,,,,-0.003275916362890122,,
853cf053fffffff,IND,0,0,1,False,26,,,,,,,,,,,,,,,,
853cf05bfffffff,IND,5,5,16,False,26,,-7.497745034088296e-06,,,,-4.156725039470237e-06,,,,3.342219919199843e-05,,,,7.005500790529403e-05,,
853cf063fffffff,BGD,18,18,25,False,26,,-0.00025378683753201654,,,,-0.0002569235655268747,,,,0.0010328582333622737,,,,0.002054099145083677,,
853cf06ffffffff,BGD,15,15,20,False,26,,-2.1094939519537816e-05,,,,-1.571199617673794e-05,,,,0.0006905504886960898,,,,0.0011772449369620657,,
853cf07bfffffff,BGD,1,1,8,False,26,,-7.160587785135647e-06,,,,5.5307608470485685e-06,,,,-0.00033195387676586863,,,,-0.00036394068379842233,,
853cf087fffffff,BGD,0,1,4,False,26,,,,,,,,,,,,,,,,
853cf093fffffff,IND,11,14,14,False,26,,-1.8202847953043996e-05,,,,-1.2328418485756073e-05,,,,0.0005013918171614896,,,,0.0006671201894645183,,
853cf09bfffffff,BGD,9,9,13,False,26,,-0.0007813386685612318,,,,-0.0008809478913825212,,,,0.0006251460187673924,,,,0.0008229811018881498,,
853cf0b7fffffff,BGD,13,15,24,False,26,,-0.0005987437395471123,,,,-0.0006613623706707397,,,,-0.0006513923884441477,,,,-0.0004986969308919818,,
853cf0bbfffffff,BGD,24,24,26,False,26,,-0.001060112228724738,,,,-0.0011921947646752412,,,,-0.0025182540173414015,,,,-0.002625808659675575,,
853cf0c3fffffff,IND,0,1,3,False,26,,,,,,,,,,,,,,,,
853cf0cbfffffff,IND,21,22,25,False,26,,-8.38674397892515e-05,,,,-7.466717399256696e-05,,,,0.00022738499918418346,,,,0.000547446828763345,,
853cf0dbfffffff,IND,11,11,21,False,26,,-0.00045485860052039837,,,,-0.0004903725423832547,,,,-0.0007493351050051282,,,,-0.0003164933830215088,,
853cf103fffffff,BGD,26,26,26,True,26,-3.403931619054352e-05,-3.403931619054352e-05,0.002954733059153368,0.0029887723753439116,6.0297048107619886e-05,6.0297048107619886e-05,0.003511673678323634,0.0034513766302160147,0.001695958786235818,0.001695958786235818,0.01270177991850979,0.01100582113227397,0.003836565937362851,0.003836565937362851,0.017228009899104356,0.013391443961741505
853cf107fffffff,BGD,26,26,26,True,26,0.00016694254100370424,0.00016694254100370424,0.000999666819364455,0.0008327242783607506,0.00022936273812352385,0.00022936273812352385,0.0008816265524111002,0.0006522638142875763,0.004282851271881415,0.004282851271881415,0.00588405803644074,0.0016012067645593253,0.0060597369400300005,0.0060597369400300005,0.006805358575397618,0.0007456216353676176
853cf10bfffffff,BGD,5,5,22,False,26,,-1.587648016232175e-05,,,,-4.206850643008128e-06,,,,0.00013424760163931158,,,,0.00020289997743741848,,
853cf10ffffffff,BGD,26,26,26,True,26,0.014546266482532834,0.014546266482532834,0.04059224326015364,0.026045976777620806,0.018115644519683817,0.018115644519683817,0.04818176642432717,0.030066121904643348,0.08819797842211638,0.08819797842211638,0.17399389533668716,0.08579591691457075,0.13237656436121906,0.13237656436121906,0.23645524803054765,0.10407868366932863
853cf117fffffff,BGD,1,1,3,False,26,,7.294242369736335e-05,,,,9.321648568072504e-05,,,,0.0001298098981646337,,,,0.00017702379385479898,,
853cf11bfffffff,BGD,19,23,21,False,26,,0.00015722703065890138,,,,0.00020163825740331323,,,,0.0025339343096073565,,,,0.0037339787023798745,,
853cf123fffffff,BGD,26,26,26,True,26,5.4831741374839236e-05,5.4831741374839236e-05,0.0010529154542013252,0.0009980837128264859,0.00013069659635917913,0.00013069659635917913,0.0012244834566760494,0.00109378686031687,0.0022493443715530677,0.0022493443715530677,0.004746941509330672,0.002497597137777604,0.003410858071588911,0.003410858071588911,0.006438382175974601,0.003027524104385689
853cf12bfffffff,BGD,22,22,26,False,26,,0.0002407562235937648,,,,0.00032558559253651934,,,,0.0030019315731946573,,,,0.004538282649496308,,
853cf133fffffff,BGD,5,7,16,False,26,,-4.921857099961638e-05,,,,-4.764350219184748e-05,,,,7.522943844703076e-05,,,,0.00014960828455027535,,
853cf13bfffffff,BGD,0,3,7,False,26,,,,,,,,,,,,,,,,
853cf147fffffff,BGD,25,25,26,False,26,,-0.000496510019911731,,,,-0.0005349411305269956,,,,-0.00045748428819645306,,,,-4.2470940306693835e-05,,
853cf14ffffffff,BGD,12,13,23,False,26,,-1.339562863170845e-05,,,,8.67134657617295e-05,,,,0.0006682708932647667,,,,0.001283151524071668,,
853cf153fffffff,BGD,20,20,26,False,26,,-0.00028801156473011447,,,,-0.0003092056411146126,,,,0.0008962237741901059,,,,0.00135710058333071,,
853cf177fffffff,BGD,26,26,26,True,26,-0.020765814070428882,-0.020765814070428882,0.17111989155906848,0.1918857056294974,-0.019635753768158,-0.019635753768158,0.18370847854146227,0.20334423230962026,0.2016036692728881,0.2016036692728881,0.6819903705629303,0.48038670129004235,0.2971409074371059,0.2971409074371059,0.8244424856964605,0.5273015782593545
853cf183fffffff,BGD,11,20,14,False,26,,0.00012875412118846567,,,,0.00017045243175613093,,,,0.000739512374065495,,,,0.0010422147528398353,,
853cf187fffffff,BGD,1,1,1,False,26,,0.00011387306870197878,,,,0.0001406835512790459,,,,0.00031032591761025966,,,,0.00037588302949073237,,
853cf18bfffffff,BGD,3,4,12,False,26,,0.00014952045976040002,,,,0.00018534631043879042,,,,-0.00010797109762090652,,,,-0.00011952304465832051,,
853cf18ffffffff,BGD,12,13,22,False,26,,0.00012307363022552036,,,,0.00018649080583799725,,,,0.0030597303840159836,,,,0.0044264171326895045,,
853cf1abfffffff,BGD,26,26,26,True,26,-0.0004245944144508666,-0.0004245944144508666,0.0026525047425972827,0.00307709915704815,-0.0004159388377488311,-0.0004159388377488311,0.0031524926924961505,0.0035684315302449815,0.004157348293576802,0.004157348293576802,0.012936392114354331,0.008779043820777531,0.006992759046509573,0.006992759046509573,0.017635583584883773,0.010642824538374202
853cf1b7fffffff,BGD,4,8,10,False,26,,5.6583976994344404e-05,,,,7.275168913747737e-05,,,,0.0006259538778216685,,,,0.0008066714279884024,,
853cf203fffffff,IND,3,4,4,False,26,,7.305485177933762e-05,,,,9.322206098391263e-05,,,,0.000595062059896496,,,,0.0007256869598069753,,
853cf243fffffff,IND,0,0,4,False,26,,,,,,,,,,,,,,,,
853cf287fffffff,IND,15,20,16,False,26,,-8.805519518520111e-05,,,,-8.849154120584567e-05,,,,0.0002468935019480192,,,,0.00042477559204439003,,
853cf28bfffffff,IND,26,26,26,True,26,-0.0001214261104577785,-0.0001214261104577785,0.0010350268966995348,0.0011564530071573131,-0.00011080362421852022,-0.00011080362421852022,0.0012308050501686806,0.0013416086743872004,-0.00025743066859490146,-0.00025743066859490146,0.004348019134141824,0.004605449802736726,0.00016925016790531698,0.00016925016790531698,0.00579163147219633,0.0056223813042910135
853cf293fffffff,IND,26,26,26,True,26,-0.004182839774163109,-0.004182839774163109,0.010147334235487472,0.014330174009650585,-0.004544790067575411,-0.004544790067575411,0.012070923927009815,0.016615713994585227,-0.010571019256723343,-0.010571019256723343,0.04401784603502563,0.054588865291748966,-0.006804895000273,-0.006804895000273,0.059398502401871896,0.06620339740214488
853cf297fffffff,IND,8,9,15,False,26,,6.668758202394711e-05,,,,9.407047180262415e-05,,,,0.0007370940497321254,,,,0.0009679869362590099,,
853cf29bfffffff,IND,26,26,26,True,26,-9.050655780593481e-05,-9.050655780593481e-05,0.0012407507318616476,0.0013312572896675826,-6.613689941042985e-05,-6.613689941042985e-05,0.001476620380741826,0.0015427572801522558,0.0008384626362113248,0.0008384626362113248,0.0062723966268755284,0.0054339339906642045,0.0019083553493548858,0.0019083553493548858,0.008437641748784792,0.006529286399429907
853cf2abfffffff,IND,14,15,23,False,26,,-7.051431092265646e-05,,,,-6.128484777463828e-05,,,,-0.0006121471150117452,,,,-0.0005977365693055562,,
853cf2affffffff,BGD,6,6,20,False,26,,6.821643852026303e-05,,,,0.00010391551038938317,,,,0.0002447147557495227,,,,0.00033831781191084355,,
853cf2b3fffffff,IND,0,0,2,False,26,,,,,,,,,,,,,,,,
853cf2bbfffffff,IND,0,2,0,False,26,,,,,,,,,,,,,,,,
853cf2c3fffffff,IND,24,24,26,False,26,,-1.0945676499381576e-05,,,,6.809193081582226e-06,,,,-0.0008624421674939439,,,,-0.000959291488577293,,
853cf2c7fffffff,IND,26,26,26,True,26,-0.06700255013102893,-0.06700255013102893,0.1314202205045586,0.1984227706355875,-0.0739963205432399,-0.0739963205432399,0.1546988883291839,0.22869520887242384,-0.004865495960737779,-0.004865495960737779,0.4893791396085497,0.49424463556928744,0.06263275458794264,0.06263275458794264,0.6602081924219353,0.5975754378339927
853cf2cffffffff,IND,0,0,11,False,26,,,,,,,,,,,,,,,,
853cf2d3fffffff,IND,4,7,6,False,26,,0.00048586848057283964,,,,0.000580592306841928,,,,0.00024349728568222074,,,,0.00029769688244687064,,
853cf2d7fffffff,IND,26,26,26,True,26,4.566233113655912e-05,4.566233113655912e-05,0.0033572244655869967,0.003311562134450437,0.00015341121720020332,0.00015341121720020332,0.0039925525438895045,0.003839141326689301,0.006460308698203724,0.006460308698203724,0.018282238919249166,0.011821930221045442,0.011119754934113298,0.011119754934113298,0.02557313292783398,0.01445337799372068
853cf2dbfffffff,IND,17,19,23,False,26,,0.0002513368367413732,,,,0.0003250002605643024,,,,0.001484640850961018,,,,0.0019465761458328892,,
853cf30bfffffff,BGD,16,18,21,False,26,,-1.939981833246367e-05,,,,-7.92782970063849e-06,,,,0.0020192642876072343,,,,0.0029837567868020057,,
853cf317fffffff,BGD,1,3,9,False,26,,1.9447704307753468e-05,,,,2.5478498131695237e-05,,,,0.002311705490963648,,,,0.0037074181169261585,,
853cf323fffffff,BGD,24,26,24,False,26,,8.74539364881496e-05,,,,0.00013897243257404463,,,,0.003348124842561983,,,,0.004842303347946644,,
853cf327fffffff,BGD,1,1,6,False,26,,9.511081582748329e-05,,,,0.00011057014419746245,,,,-0.0004959468741708388,,,,-0.0005783873980953703,,
853cf34ffffffff,BGD,0,0,5,False,26,,,,,,,,,,,,,,,,
853cf363fffffff,BGD,1,2,18,False,26,,-4.2739704470038075e-05,,,,-4.047906075650885e-05,,,,-0.00027498685219112963,,,,-0.0003089905433444209,,
853cf38bfffffff,BGD,2,4,9,False,26,,0.00029477999568183684,,,,0.0003586615338159486,,,,-0.00010541524554196223,,,,-9.343904005579417e-05,,
853cf39bfffffff,BGD,2,10,7,False,26,,9.866613658025796e-05,,,,0.00012875988182269661,,,,0.00030189683364667796,,,,0.0003878145443081015,,
853cf3a3fffffff,BGD,1,2,9,False,26,,-0.00012816937513438617,,,,-0.00013780687690037106,,,,-0.00034373356523891203,,,,-0.00038623817918052617,,
853cf3a7fffffff,BGD,22,22,26,False,26,,-0.0004886861190066339,,,,-0.0005328131695799252,,,,0.0008933612550726865,,,,0.0015862694792441428,,
853cf3b3fffffff,BGD,14,14,16,False,26,,8.360831774049874e-05,,,,0.00011168918614491346,,,,0.0009785379008951849,,,,0.001357296045685684,,
853cf3b7fffffff,BGD,10,13,14,False,26,,3.0383423953791307e-05,,,,7.709127430203968e-05,,,,0.002409017288173409,,,,0.0031401451470747096,,
853cf3c7fffffff,BGD,26,26,26,True,26,-0.0004828737330025242,-0.0004828737330025242,0.003984996557315762,0.004467870290318286,-0.000676790373666978,-0.000676790373666978,0.0035728449235438295,0.004249635297210807,0.007137330230505284,0.007137330230505284,0.021514721725810346,0.014377391495305064,0.008544499841987114,0.008544499841987114,0.021956357025022646,0.013411857183035532
853cf3cffffffff,BGD,10,11,18,False,26,,-0.00015294934472704944,,,,-0.00014626485391849384,,,,-0.0005598231501503196,,,,-0.0005466116642376571,,
853cf3d3fffffff,BGD,0,0,1,False,26,,,,,,,,,,,,,,,,
853cf3d7fffffff,BGD,0,2,2,False,26,,,,,,,,,,,,,,,,
853cf40ffffffff,IND,26,26,26,True,26,-0.0009319637772797466,-0.0009319637772797466,0.0018153448219269301,0.0027473085992066764,-0.001025751276182202,-0.001025751276182202,0.002120024304427734,0.0031457755806099364,0.00010947932773928349,0.00010947932773928349,0.00578771510498686,0.0056782357772475756,0.001012648409926225,0.001012648409926225,0.007783476815186638,0.006770828405260412
853cf417fffffff,IND,1,6,6,False,26,,1.3259451474938058e-05,,,,1.959431743133877e-05,,,,0.0009116872223199965,,,,0.0015155742079267485,,
853cf423fffffff,IND,0,2,0,False,26,,,,,,,,,,,,,,,,
853cf437fffffff,BGD,26,26,26,True,26,-0.001924132762783614,-0.001924132762783614,0.004367232193467073,0.006291364956250687,-0.0021093731322031216,-0.0021093731322031216,0.005192906613725189,0.007302279745928313,0.0005043446924873558,0.0005043446924873558,0.015726421391392135,0.015222076698904779,0.00285233849329837,0.00285233849329837,0.02128156245502074,0.01842922396172237
853cf447fffffff,IND,0,0,5,False,26,,,,,,,,,,,,,,,,
853cf453fffffff,IND,0,0,1,False,26,,,,,,,,,,,,,,,,
853cf45bfffffff,IND,0,0,1,False,26,,,,,,,,,,,,,,,,
853cf463fffffff,IND,20,21,21,False,26,,0.000504225959473553,,,,0.0006269840351117116,,,,0.0008035048951866925,,,,0.0013179375693433075,,
853cf483fffffff,IND,0,4,0,False,26,,,,,,,,,,,,,,,,
853cf487fffffff,BGD,10,11,12,False,26,,3.4063645181882924e-05,,,,4.8419712715965955e-05,,,,0.0009576126794780005,,,,0.001243149859170117,,
853cf4abfffffff,IND,9,12,20,False,26,,-1.36544677832271e-05,,,,5.252306650263805e-06,,,,0.0006959644550976655,,,,0.0009573998947440732,,
853cf4bbfffffff,BGD,11,12,16,False,26,,-3.7801062174580134e-05,,,,-3.0507787983712475e-05,,,,0.00016009411544841908,,,,0.0002788869698897649,,
853cf4c7fffffff,IND,0,0,1,False,26,,,,,,,,,,,,,,,,
853cf4cffffffff,IND,1,1,4,False,26,,2.1332548528223025e-05,,,,3.251680135138779e-05,,,,-0.0002062401391433472,,,,-0.0002317429075083157,,
853cf527fffffff,BGD,3,5,6,False,26,,0.0001540991879507757,,,,0.00019327830473972205,,,,5.446843622182806e-07,,,,7.04897531159277e-05,,
853cf52bfffffff,BGD,24,25,25,False,26,,-0.0004289585540759049,,,,-0.00046397988582978024,,,,8.892831236332175e-05,,,,0.000469468967644879,,
853cf537fffffff,BGD,7,8,18,False,26,,6.404088161748845e-05,,,,0.00013383065863239402,,,,0.0013739696685236469,,,,0.001772605917922702,,
853cf54bfffffff,BGD,7,8,14,False,26,,0.0003098759079734421,,,,0.00038366657727302345,,,,0.0009695771467808403,,,,0.0012708348436293439,,
853cf553fffffff,BGD,22,22,25,False,26,,-0.0003681129597816671,,,,-0.00040920467634289074,,,,-0.00024075266175996345,,,,0.00014120131783701417,,
853cf56ffffffff,BGD,9,9,12,False,26,,1.8716290224662406e-05,,,,3.5595780307136994e-05,,,,0.000583692782615043,,,,0.00080037255214483,,
853cf587fffffff,BGD,7,11,14,False,26,,-0.00011251628595875287,,,,2.0815390991885447e-05,,,,-0.0004459493805665798,,,,-0.0001249441263207455,,
853cf593fffffff,BGD,4,6,8,False,26,,-6.486450989404719e-05,,,,-6.083116266370774e-05,,,,-6.464009628628053e-05,,,,-6.399428975392178e-05,,
853cf597fffffff,BGD,0,1,0,False,26,,,,,,,,,,,,,,,,
853cf5bbfffffff,BGD,22,22,26,False,26,,-0.00034291040968467825,,,,-0.00038242043721702806,,,,-1.9742178067436635e-05,,,,0.0003066230428939679,,
853cf5d7fffffff,BGD,15,17,21,False,26,,0.0003825642899303807,,,,0.0004648400403267338,,,,0.001904693836061204,,,,0.0029495412814194116,,
853cf603fffffff,IND,25,25,26,False,26,,-0.00474217224632518,,,,-0.005478196369413717,,,,-0.0006991102587460879,,,,-7.298062876452929e-05,,
853cf627fffffff,IND,1,2,1,False,26,,4.2689966194310036e-05,,,,5.684875538735333e-05,,,,-0.00027498685219112963,,,,-0.0003089905433444209,,
853cf62bfffffff,IND,2,2,2,False,26,,-4.026633621066137e-05,,,,-3.665745138380468e-05,,,,0.0001060926267022096,,,,0.0001399370935940647,,
853cf637fffffff,IND,0,0,1,False,26,,,,,,,,,,,,,,,,
853cf63bfffffff,IND,10,10,24,False,26,,-5.897966372450067e-05,,,,-4.810025865460872e-05,,,,0.0006439334602239447,,,,0.0009636702603998529,,
853cf647fffffff,IND,2,3,5,False,26,,3.7082465305102115e-06,,,,8.54153611205194e-06,,,,0.00011263299700898022,,,,0.000137357321159412,,
853cf663fffffff,IND,1,4,4,False,26,,-4.2739704470038075e-05,,,,-4.047906075650885e-05,,,,-0.0001139340491494781,,,,-0.00010990028090800287,,
853cf677fffffff,IND,0,0,1,False,26,,,,,,,,,,,,,,,,
853cf68ffffffff,IND,23,24,25,False,26,,-3.982903378379279e-05,,,,-3.734440513732543e-05,,,,-0.0005038382532174439,,,,-0.0005791870226960439,,
853cf697fffffff,IND,12,13,23,False,26,,-0.0014251770474137425,,,,-0.0016372239360867961,,,,-0.001044550195216708,,,,-0.001014345575821045,,
853cf6a7fffffff,IND,1,1,3,False,26,,9.251565103589176e-05,,,,0.00011635159724308037,,,,0.0002415792045624773,,,,0.00029863539365462713,,
853cf6b7fffffff,IND,0,0,3,False,26,,,,,,,,,,,,,,,,
853cf6c7fffffff,IND,0,1,1,False,26,,,,,,,,,,,,,,,,
853d101bfffffff,IND,24,26,24,False,26,,7.257235284598368e-05,,,,9.308185272054324e-05,,,,-8.588042703017462e-05,,,,-9.850548603328131e-05,,
853d1043fffffff,IND,0,2,2,False,26,,,,,,,,,,,,,,,,
853d104bfffffff,IND,26,26,26,True,26,-2.9142319078006922e-05,-2.9142319078006922e-05,0.00103223336162965,0.0010613756807076572,-7.74775113957677e-06,-7.74775113957677e-06,0.001229740622789549,0.001237488373929126,-0.00038461662894271123,-0.00038461662894271123,0.00022233403915214778,0.000606950668094859,-0.0004380666922868039,-0.0004380666922868039,0.0002867974479733066,0.0007248641402601105
853d1067fffffff,IND,26,26,26,True,26,-0.0007850686557729445,-0.0007850686557729445,0.0048617570970614105,0.005646825752834355,-0.0007465243858257302,-0.0007465243858257302,0.005782114670007128,0.006528639055832859,-0.0003496237954163521,-0.0003496237954163521,0.006321081082132302,0.006670704877548653,0.0002424713824771401,0.0002424713824771401,0.008211801658158303,0.007969330275681162
853d1073fffffff,IND,0,0,2,False,26,,,,,,,,,,,,,,,,
853d1077fffffff,IND,0,1,2,False,26,,,,,,,,,,,,,,,,
853d1093fffffff,IND,26,26,26,True,26,0.0010851393268741356,0.0010851393268741356,0.006051874451353098,0.004966735124478963,0.0014326262684556947,0.0014326262684556947,0.007192605464932399,0.005759979196476704,-0.0006751237999443527,-0.0006751237999443527,0.0081452349323646,0.008820358732308953,0.00020282390281813216,0.00020282390281813216,0.010944093232239107,0.010741269329420973
853d109bfffffff,IND,26,26,26,True,26,0.0001389517359701034,0.0001389517359701034,0.0010880484663857808,0.0009490967304156773,0.0001904602833424272,0.0001904602833424272,0.0012953003392060503,0.001104840055863623,-0.0005955649043919416,-0.0005955649043919416,0.0007279078779887731,0.001323472782380715,-0.0006959126550302587,-0.0006959126550302587,0.0009401252525198261,0.0016360379075500847
853d10d3fffffff,IND,13,13,26,False,26,,-8.495254506366369e-05,,,,-8.722935768938294e-05,,,,-9.817040111247683e-05,,,,8.942806323444009e-08,,
853d10dbfffffff,IND,6,7,13,False,26,,-0.0002575890778506544,,,,-0.0002879310312275623,,,,0.00017757148996632786,,,,0.0002872616943429355,,
853d1143fffffff,IND,3,3,9,False,26,,0.0001829740338310622,,,,0.0002339749783199409,,,,-9.931225866704212e-05,,,,-6.387045682077971e-05,,
853d120bfffffff,IND,0,0,5,False,26,,,,,,,,,,,,,,,,
853d123bfffffff,IND,6,9,16,False,26,,-5.352316694673808e-05,,,,-5.58213275147066e-05,,,,-0.000307637594413622,,,,-0.0003529188655888986,,
853d124ffffffff,IND,0,1,0,False,26,,,,,,,,,,,,,,,,
853d1253fffffff,IND,2,4,8,False,26,,1.5571838871150634e-05,,,,2.601162139468753e-05,,,,-0.00014391790009831752,,,,-0.00014220141902980337,,
853d1257fffffff,IND,6,15,11,False,26,,0.00011384817417897722,,,,0.0001425909908338905,,,,0.0012032706289399858,,,,0.0016639360320559792,,
853d125bfffffff,IND,13,13,25,False,26,,-0.0001149159504421721,,,,-0.00012541984770663139,,,,4.377786697574792e-07,,,,9.449797810257537e-05,,
853d1263fffffff,IND,0,1,1,False,26,,,,,,,,,,,,,,,,
853d1267fffffff,IND,0,0,1,False,26,,,,,,,,,,,,,,,,
853d1273fffffff,IND,0,0,3,False,26,,,,,,,,,,,,,,,,
853d1287fffffff,IND,0,0,1,False,26,,,,,,,,,,,,,,,,
853d128bfffffff,IND,26,26,26,True,26,-1.056632855181018e-05,-1.056632855181018e-05,0.0024800846683985865,0.002490650996950397,4.0307253245718645e-05,4.0307253245718645e-05,0.002955615644497887,0.0029153083912521675,0.0005548787969607445,0.0005548787969607445,0.002245570638510666,0.0016906918415499214,0.0010577456097097399,0.0010577456097097399,0.0030857686469886727,0.002028023037278933
853d1293fffffff,IND,25,25,26,False,26,,-0.00012460264628060466,,,,-0.00013111202882374898,,,,-0.000390629635414441,,,,-0.0004584784319972747,,
853d1297fffffff,IND,12,15,19,False,26,,6.282581366397857e-05,,,,7.996992928414405e-05,,,,0.00010082777620885045,,,,0.00013457243756894016,,
853d129bfffffff,IND,6,8,10,False,26,,3.044523858084799e-05,,,,3.915603239138491e-05,,,,-9.781682698757893e-05,,,,-0.00011570630082993413,,
853d12a3fffffff,IND,20,21,24,False,26,,-2.848718795976889e-05,,,,-4.574700500525104e-05,,,,-0.00017808671318719326,,,,-0.0001815469797506384,,
853d12bbfffffff,IND,0,1,2,False,26,,,,,,,,,,,,,,,,
853d12c7fffffff,IND,0,0,2,False,26,,,,,,,,,,,,,,,,
853d12cffffffff,IND,26,26,26,True,26,-0.0004921788956281112,-0.0004921788956281112,0.0038384406194789437,0.004330619515107054,-0.0004732189411063683,-0.0004732189411063683,0.0045634020472376125,0.005036620988343981,-0.00016363198152200256,-0.00016363198152200256,0.005704356557952428,0.0058679885394744315,0.0005857315656629295,0.0005857315656629295,0.0076640666144562235,0.007078335048793294
853d12dbfffffff,IND,18,18,26,False,26,,-0.0002360636592089392,,,,-0.0002695451634037697,,,,-0.00041092642506204095,,,,-0.00046215531169351644,,
853d1343fffffff,IND,0,2,3,False,26,,,,,,,,,,,,,,,,
853d1347fffffff,IND,0,0,1,False,26,,,,,,,,,,,,,,,,
853d1387fffffff,IND,1,2,5,False,26,,3.818302810972689e-05,,,,4.72755778516504e-05,,,,-8.792193849756639e-05,,,,-8.641264331710614e-05,,
853d138bfffffff,IND,8,13,17,False,26,,-0.00036618020388012765,,,,-0.0004177724257052617,,,,-0.0010456588557739518,,,,-0.001223344091366488,,
853d13abfffffff,IND,2,3,8,False,26,,2.8646618276358438e-05,,,,3.789553714055484e-05,,,,-0.0005523777261010715,,,,-0.0007446245669497474,,
853d13c3fffffff,IND,26,26,26,True,26,0.0003795780120669226,0.0003795780120669226,0.0014088594694320192,0.0010292814573650967,0.00047903171151141656,0.00047903171151141656,0.0016771175342247013,0.0011980858227132846,0.0005690684568071154,0.0005690684568071154,0.0012217113906493673,0.0006526429338422519,0.0009113204663437745,0.0009113204663437745,0.0016995902404651892,0.0007882697741214145
853d13dbfffffff,IND,18,22,20,False,26,,6.240522183515075e-05,,,,8.200201936403234e-05,,,,9.798770922611449e-06,,,,4.357650983412643e-05,,
853d1403fffffff,IND,0,8,6,False,26,,,,,,,,,,,,,,,,
853d1413fffffff,IND,22,24,24,False,26,,4.50053561889444e-05,,,,6.288483962925241e-05,,,,5.750793208406047e-05,,,,9.077440230223227e-05,,
853d142ffffffff,IND,0,4,3,False,26,,,,,,,,,,,,,,,,
853d1433fffffff,IND,16,19,22,False,26,,-8.042096761949397e-06,,,,-3.3334152280192623e-06,,,,-7.586597070997531e-05,,,,-8.093188530713615e-05,,
853d1443fffffff,IND,8,13,14,False,26,,3.6031701585214025e-05,,,,4.7816876747990104e-05,,,,0.0,,,,0.0,,
853d144bfffffff,IND,0,0,1,False,26,,,,,,,,,,,,,,,,
853d144ffffffff,IND,21,24,23,False,26,,-9.193540291599163e-05,,,,-9.352592085518088e-05,,,,0.00014037605078256652,,,,0.00028140329859074425,,
853d1457fffffff,IND,0,1,0,False,26,,,,,,,,,,,,,,,,
853d1463fffffff,IND,5,8,11,False,26,,-0.00044268398718038505,,,,-0.0004995848879495424,,,,8.697430833925217e-05,,,,0.00010529171048319482,,
853d1467fffffff,IND,0,0,1,False,26,,,,,,,,,,,,,,,,
853d146bfffffff,IND,26,26,26,True,26,-0.006213739907071412,-0.006213739907071412,0.01161911961132035,0.01783285951839176,-0.006991729688220913,-0.006991729688220913,0.013616029557180602,0.02060775924540152,-0.008451709935489611,-0.008451709935489611,0.04082759490657662,0.049279304842066246,-0.0050274877022224804,-0.0050274877022224804,0.054499770208054604,0.05952725791027708
853d146ffffffff,IND,1,2,5,False,26,,1.585720669306328e-05,,,,2.326983590004902e-05,,,,-0.00019819955524019803,,,,-0.00022637135768485486,,
853d1473fffffff,IND,25,25,26,False,26,,-9.474839221800532e-05,,,,-9.15688775295771e-05,,,,-0.00034715437394340854,,,,-0.00036647667658275826,,
853d1477fffffff,IND,0,0,1,False,26,,,,,,,,,,,,,,,,
853d147bfffffff,IND,7,9,9,False,26,,8.590447333544303e-05,,,,0.0001215117943404638,,,,0.0005101746409796102,,,,0.0006893693274069827,,
853d148ffffffff,IND,18,20,22,False,26,,-2.4292871139237258e-05,,,,-2.3955906574928802e-05,,,,4.832422557566225e-05,,,,0.00012471749674064785,,
853d149bfffffff,IND,26,26,26,True,26,-2.687644008930083e-05,-2.687644008930083e-05,0.0025606039820974024,0.0025874804221867028,3.108557908261049e-05,3.108557908261049e-05,0.003046646156715985,0.0030155605776333743,-0.0011788483806350627,-0.0011788483806350627,0.001474606067396474,0.002653454448031537,-0.0012305784275201943,-0.0012305784275201943,0.0020049530767582823,0.003235531504278477
853d14a3fffffff,IND,16,18,21,False,26,,-4.0502260697061784e-05,,,,-3.839663029519515e-05,,,,-0.00017477813551396675,,,,-0.00019639777607122812,,
853d14a7fffffff,IND,26,26,26,True,26,5.3868308961592265e-05,5.3868308961592265e-05,0.0012388838063970788,0.0011850154974354867,9.77591678932981e-05,9.77591678932981e-05,0.0014753179066749487,0.001377558738781651,-0.0004162558488221679,-0.0004162558488221679,0.0003813024937194513,0.0007975583425416191,-0.000470264687376282,-0.000470264687376282,0.0004994359992630505,0.0009697006866393325
853d14abfffffff,IND,2,3,5,False,26,,-7.739382069783396e-05,,,,-7.743840811574375e-05,,,,4.582803545684537e-05,,,,0.000103439201676951,,
853d14b3fffffff,IND,24,24,26,False,26,,4.0303046374322436e-05,,,,5.7831455139842714e-05,,,,1.2375304203506287e-06,,,,4.6694354550540684e-05,,
853d14c3fffffff,IND,0,0,1,False,26,,,,,,,,,,,,,,,,
853d14c7fffffff,IND,0,1,0,False,26,,,,,,,,,,,,,,,,
853d14cffffffff,IND,26,26,26,True,26,0.0006562644316973393,0.0006562644316973393,0.004533487233055842,0.0038772228013585026,0.0008710717036983637,0.0008710717036983637,0.005397234939681976,0.0045261632359836134,5.5665927294481486e-05,5.5665927294481486e-05,0.00038832579846678474,0.0003326598711723032,0.00010383086216496008,0.00010383086216496008,0.0005040989578939901,0.00040026809572903
853d14dbfffffff,IND,23,23,26,False,26,,-0.00015017627065561025,,,,-0.00016493640715244603,,,,-0.0005032105365653191,,,,-0.0005498499160818982,,
853d1547fffffff,IND,8,8,26,False,26,,-0.0002562077355416855,,,,-0.0002813257091576224,,,,-0.00036258087188698865,,,,-0.0003334851128086333,,
853d15cffffffff,IND,1,1,2,False,26,,4.580961835137364e-05,,,,6.01018838195014e-05,,,,0.0,,,,0.0,,
853d160bfffffff,IND,0,1,0,False,26,,,,,,,,,,,,,,,,
853d1617fffffff,IND,26,26,26,True,26,-0.00030812075519341133,-0.00030812075519341133,0.005321740233546147,0.005629860988739559,-0.00024271846856760616,-0.00024271846856760616,0.006331200444409542,0.0065739189129771485,0.00022622141021992945,0.00022622141021992945,0.0047653489374320235,0.004539127527212094,0.0010884367814767153,0.0010884367814767153,0.006589409308407479,0.005500972526930764
853d161bfffffff,IND,0,2,3,False,26,,,,,,,,,,,,,,,,
853d1623fffffff,IND,7,11,16,False,26,,-2.2965701491503968e-05,,,,-2.124794740514241e-05,,,,0.0,,,,0.0,,
853d1637fffffff,IND,26,26,26,True,26,0.0007671627724714461,0.0007671627724714461,0.007441709754334782,0.006674546981863336,0.0010747425882436925,0.0010747425882436925,0.008855735967232999,0.007780993378989307,-0.0003738003997520343,-0.0003738003997520343,0.0025231890515669793,0.0028969894513190143,-0.00012940027680574692,-0.00012940027680574692,0.003349296168427933,0.0034786964452336797
853d164bfffffff,IND,6,6,17,False,26,,0.00038884640885563634,,,,0.0004722210002431053,,,,0.0015314703401551801,,,,0.0019383361948789562,,
853d1653fffffff,IND,0,1,0,False,26,,,,,,,,,,,,,,,,
853d165bfffffff,IND,0,1,7,False,26,,,,,,,,,,,,,,,,
853d166bfffffff,IND,0,1,3,False,26,,,,,,,,,,,,,,,,
853d1677fffffff,IND,0,0,3,False,26,,,,,,,,,,,,,,,,
853d167bfffffff,IND,26,26,26,True,26,-4.961409202670789e-05,-4.961409202670789e-05,0.0007699965610495501,0.000819610653076258,-4.1610269048758515e-05,-4.1610269048758515e-05,0.0009162988483094428,0.0009579091173582013,-0.00017135115598446344,-0.00017135115598446344,0.00015993265487423462,0.00033128381085869804,-0.00018886102327713398,-0.00018886102327713398,0.00020948457883163482,0.0003983456021087688
853d168ffffffff,IND,0,2,4,False,26,,,,,,,,,,,,,,,,
853d1693fffffff,IND,26,26,26,True,26,-9.775085948557272e-06,-9.775085948557272e-06,0.0005334995608912839,0.0005432746468398412,6.866339908528018e-07,6.866339908528018e-07,0.0006348092393830957,0.0006341226053922429,-0.0002653630383973206,-0.0002653630383973206,0.00015432005457708005,0.00041968309297440065,-0.0003082309442584067,-0.0003082309442584067,0.00021581048221943198,0.0005240414264778388
853d169bfffffff,IND,26,26,26,True,26,3.0095379397918096e-06,3.0095379397918096e-06,0.00031984487110380596,0.0003168353331640142,1.0391323273587186e-05,1.0391323273587186e-05,0.00038041843503819263,0.0003700271117646055,-0.00020083132512681276,-0.00020083132512681276,1.9226408678944935e-05,0.00022005773380575768,-0.0002514504225079985,-0.0002514504225079985,2.306175500644352e-05,0.000274512177514442
853d16a7fffffff,IND,22,22,26,False,26,,-0.00014079911172788288,,,,-0.00014242291990920769,,,,-0.0006939674031392634,,,,-0.0006882703651635853,,
853d16affffffff,IND,2,4,9,False,26,,-8.472658643022537e-06,,,,-8.492743441941228e-07,,,,8.052640152082575e-05,,,,9.954513121820904e-05,,
853d16b3fffffff,IND,6,9,11,False,26,,8.36796561115572e-05,,,,0.0001068442806217799,,,,0.0,,,,0.0,,
853d16c3fffffff,IND,25,26,25,False,26,,0.0003341343047361248,,,,0.0004225564088802099,,,,-6.028543823760132e-05,,,,-5.911253024957625e-05,,
853d16d7fffffff,IND,26,26,26,True,26,5.796157084557696e-05,5.796157084557696e-05,0.0015565139889436332,0.001498552418098056,0.00010782079615311457,0.00010782079615311457,0.0018523027918602596,0.0017444819957071445,-0.00017447098496336855,-0.00017447098496336855,0.00051307073958636,0.0006875417245497284,-0.0001505694869358215,-0.0001505694869358215,0.0006868618213628371,0.0008374313082986588
853d186bfffffff,CHN,0,0,1,False,26,,,,,,,,,,,,,,,,
853d1ac7fffffff,IND,0,1,2,False,26,,,,,,,,,,,,,,,,
853d1acbfffffff,IND,26,26,26,True,26,0.000537180845310479,0.000537180845310479,0.0036157486369652017,0.003078567791654722,0.0007123650219369805,0.0007123650219369805,0.004302134040931004,0.003589769018994024,-0.00017712843656375601,-0.00017712843656375601,0.0006047513863020159,0.0007818798228657719,-0.00016121386991943383,-0.00016121386991943383,0.0008092828866364273,0.0009704967565558611
853d306bfffffff,IND,4,5,7,False,26,,1.6195368478597183e-05,,,,2.6309214455660748e-05,,,,0.00046645303633757485,,,,0.000583904956926181,,
853d306ffffffff,IND,18,20,22,False,26,,7.989566053560488e-05,,,,9.867428620265656e-05,,,,0.00035110962895335517,,,,0.0004971663685263674,,
853d30c3fffffff,IND,6,6,24,False,26,,0.00011246389252661118,,,,0.000143701519080379,,,,0.0008345493000864978,,,,0.001060841787151404,,
853d321bfffffff,IND,25,26,25,False,26,,0.00024476334834108373,,,,0.000362674016780298,,,,6.519933854379999e-05,,,,0.0004203922909142506,,
853d3223fffffff,IND,1,3,3,False,26,,4.98008157037177e-05,,,,6.76876891711493e-05,,,,-6.874671304778241e-05,,,,-7.724763583610523e-05,,
853d322ffffffff,IND,0,1,4,False,26,,,,,,,,,,,,,,,,
853d323bfffffff,IND,6,10,15,False,26,,1.7878963849262844e-05,,,,2.529150871153101e-05,,,,-0.0002172990078998119,,,,-0.00025181982575816673,,
853d324ffffffff,IND,18,22,21,False,26,,2.328871594085936e-05,,,,3.285051030046208e-05,,,,-7.995355038856006e-05,,,,-8.963984385456328e-05,,
853d3253fffffff,IND,0,0,1,False,26,,,,,,,,,,,,,,,,
853d325bfffffff,IND,0,2,2,False,26,,,,,,,,,,,,,,,,
853d327bfffffff,IND,0,2,3,False,26,,,,,,,,,,,,,,,,
853d3283fffffff,PAK,4,9,7,False,26,,6.318525017246992e-05,,,,8.002758183740738e-05,,,,0.00043891434519416226,,,,0.0005414454058404346,,
853d3293fffffff,PAK,0,0,1,False,26,,,,,,,,,,,,,,,,
853d32a3fffffff,IND,26,26,26,True,26,0.0007168423010379885,0.0007168423010379885,0.00829300035643799,0.007576158055400003,0.0010390616565852987,0.0010390616565852987,0.009868153771575211,0.008829092114989914,0.002400225960788761,0.002400225960788761,0.0077274246469034216,0.005327198686114661,0.004196137982896841,0.004196137982896841,0.010653005736747663,0.006456867753850819
853d32abfffffff,IND,26,26,26,True,26,-1.2164682794148062e-06,-1.2164682794148062e-06,0.0003948263849069908,0.00039604285318640557,8.30258216577693e-06,8.30258216577693e-06,0.00046975064709073625,0.0004614480649249592,3.931229010084032e-05,3.931229010084032e-05,0.00018862783818606203,0.0001493155480852217,5.906906302319284e-05,5.906906302319284e-05,0.0002384228565596003,0.00017935379353640747
853d32b3fffffff,IND,0,0,2,False,26,,,,,,,,,,,,,,,,
853d32d3fffffff,PAK,3,3,13,False,26,,-6.651228570449628e-05,,,,-6.711733907183206e-05,,,,-2.5667296443614417e-05,,,,6.151135917504061e-07,,
853d332bfffffff,IND,0,0,1,False,26,,,,,,,,,,,,,,,,
853d3347fffffff,IND,20,23,23,False,26,,-5.188973450626835e-05,,,,-5.0430862835918094e-05,,,,2.0585187421258574e-05,,,,8.832011950297065e-05,,
853d334bfffffff,IND,0,1,0,False,26,,,,,,,,,,,,,,,,
853d3353fffffff,IND,5,6,8,False,26,,0.00010639636837031115,,,,0.0001294355781286044,,,,-0.00010981569672167892,,,,-0.00011894139081044702,,
853d3357fffffff,IND,0,0,2,False,26,,,,,,,,,,,,,,,,
853d336ffffffff,IND,7,14,12,False,26,,7.985764987315627e-05,,,,0.00010048022780074744,,,,0.00025859455920066235,,,,0.0003219191778476042,,
853d337bfffffff,IND,2,2,5,False,26,,8.52290191078191e-06,,,,1.900145523138479e-05,,,,-0.00013949398307118102,,,,-0.0001398611874227316,,
853d33cffffffff,IND,24,25,25,False,26,,0.00012559771312837707,,,,0.0001607893538354286,,,,0.00013542384784693976,,,,0.00025109869463828564,,
853d33d7fffffff,IND,6,8,12,False,26,,0.00010319787707105823,,,,0.00012480528694842162,,,,0.0002061583868066262,,,,0.00031995782994489693,,
853d33dbfffffff,IND,5,6,15,False,26,,0.0007503278116271831,,,,0.0009163065791261421,,,,-0.00016085319573480664,,,,-0.00017198252415887878,,
853d34a7fffffff,IND,26,26,26,True,26,-0.0005258000151351015,-0.0005258000151351015,0.0013600005982580153,0.001885800613393117,-0.00057212718264369,-0.00057212718264369,0.0015968257792673462,0.002168952961911036,-0.0006639745267924773,-0.0006639745267924773,0.005989455944618271,0.006653430471410749,-0.00012777757578639277,-0.00012777757578639277,0.007970491284148685,0.008098268859935077
853d34cbfffffff,PAK,0,0,1,False,26,,,,,,,,,,,,,,,,
853d360ffffffff,PAK,1,2,5,False,26,,0.00029181839040221864,,,,0.00035436296466598847,,,,1.1779688473043343e-05,,,,2.2297495382103807e-05,,
853d3613fffffff,PAK,26,26,26,True,26,-0.0013685050614511555,-0.0013685050614511555,0.0007224335336656177,0.002090938595116773,-0.0015627262509624932,-0.0015627262509624932,0.0008595024415942924,0.0024222286925567856,-0.0044362313413175165,-0.0044362313413175165,0.0027693458818546196,0.0072055772231721365,-0.004964667720838116,-0.004964667720838116,0.0037551676940651554,0.00871983541490327
853d3633fffffff,PAK,1,1,8,False,26,,-2.138228680395105e-05,,,,-1.614710672054331e-05,,,,-4.518733610169571e-05,,,,-3.265264507189763e-05,,
853d3637fffffff,IND,26,26,26,True,26,-0.0004743148943737023,-0.0004743148943737023,0.0017747620200900599,0.0022490769144637626,-0.0004987469380658505,-0.0004987469380658505,0.002108448126193463,0.0026071950642593137,0.0018896987706382945,0.0018896987706382945,0.008588385965118643,0.006698687194480349,0.003575792972832658,0.003575792972832658,0.011615876508617255,0.008040083535784597
853d363bfffffff,PAK,26,26,26,True,26,-0.0017313161886800014,-0.0017313161886800014,0.0017070128708163482,0.0034383290594963496,-0.00195855803695494,-0.00195855803695494,0.0020284390424066654,0.003986997079361606,-0.007385763242869904,-0.007385763242869904,0.008128456632094914,0.015514219874964819,-0.007812630026172194,-0.007812630026172194,0.010983427051736858,0.018796057077909052
853d3647fffffff,PAK,26,26,26,True,26,-0.003621221359045206,-0.003621221359045206,0.0048327584712654125,0.008453979830310617,-0.0040217595622999295,-0.0040217595622999295,0.0057444131664270365,0.009766172728726968,-0.00833294496905096,-0.00833294496905096,0.019433316347444517,0.027766261316495486,-0.007570462105544803,-0.007570462105544803,0.025891576368162708,0.0334620384737075
853d3667fffffff,PAK,0,0,1,False,26,,,,,,,,,,,,,,,,
853d368bfffffff,PAK,0,0,10,False,26,,,,,,,,,,,,,,,,
853d3693fffffff,PAK,19,19,26,False,26,,-0.0013735266745682516,,,,-0.0015727640731387868,,,,-0.006771740075218313,,,,-0.00806681046132241,,
853d369bfffffff,PAK,14,15,23,False,26,,-0.00018241397714779923,,,,-0.0001977766918403244,,,,-0.0006704116006174467,,,,-0.0007071489805058156,,
853d36c7fffffff,PAK,4,5,8,False,26,,0.00023032359485006094,,,,0.0002956421725476053,,,,-0.00011743220836761525,,,,-0.0001217459442969049,,
853d36d3fffffff,PAK,1,1,4,False,26,,6.404738386039706e-05,,,,8.118070942331888e-05,,,,0.0001610528030416515,,,,0.00019909026243641808,,
853d36d7fffffff,PAK,8,8,16,False,26,,-0.00022771378821497126,,,,-0.00025433454397177094,,,,0.00017654192079544657,,,,0.0003118276141825306,,
853d36dbfffffff,PAK,0,0,8,False,26,,,,,,,,,,,,,,,,
853d80b7fffffff,IND,18,19,20,False,26,,-0.0006442043066211498,,,,-0.0007389451214404922,,,,0.0001304058073625174,,,,0.00030963344461020344,,
853d8183fffffff,IND,0,0,1,False,26,,,,,,,,,,,,,,,,
853d82c3fffffff,IND,3,3,10,False,26,,-0.00015947029566980712,,,,-0.0001710837150845736,,,,-9.518825785120855e-05,,,,-0.00010467108641884966,,
853d8337fffffff,IND,1,2,2,False,26,,0.0007829643893086282,,,,0.0009385524494394628,,,,0.0002985462291372163,,,,0.00035358553410862854,,
853d8383fffffff,IND,21,21,25,False,26,,1.5823227243983085e-05,,,,3.118072527914663e-05,,,,0.00021288099564327777,,,,0.00036079364120335965,,
853d8407fffffff,IND,0,0,2,False,26,,,,,,,,,,,,,,,,
853d851bfffffff,IND,0,0,8,False,26,,,,,,,,,,,,,,,,
853d8547fffffff,IND,0,0,9,False,26,,,,,,,,,,,,,,,,
853d8583fffffff,IND,0,0,2,False,26,,,,,,,,,,,,,,,,
853d8587fffffff,IND,26,26,26,True,26,-0.003139253658335159,-0.003139253658335159,0.008048483678335393,0.011187737336670554,-0.003419750963261859,-0.003419750963261859,0.009555942063624203,0.012975693026886061,0.0009498384069564169,0.0009498384069564169,0.019065005496558343,0.018115167089601928,0.0038668001332419514,0.0038668001332419514,0.025675860164279384,0.021809060031037435
853d85a7fffffff,IND,0,0,4,False,26,,,,,,,,,,,,,,,,
853d85bbfffffff,IND,3,4,3,False,26,,9.884780273360123e-05,,,,0.00012192165142413836,,,,-5.087347430961475e-05,,,,-4.443311647214384e-05,,
853d882ffffffff,IND,0,0,4,False,26,,,,,,,,,,,,,,,,
853d886ffffffff,IND,0,0,1,False,26,,,,,,,,,,,,,,,,
853d88bbfffffff,IND,5,7,12,False,26,,-7.157362976857349e-06,,,,-3.476398350285055e-07,,,,-4.985290253147446e-05,,,,-5.2234495863798835e-05,,
853d891bfffffff,IND,0,3,3,False,26,,,,,,,,,,,,,,,,
853d8933fffffff,IND,0,0,1,False,26,,,,,,,,,,,,,,,,
853d894bfffffff,IND,0,0,1,False,26,,,,,,,,,,,,,,,,
853d8987fffffff,IND,22,23,24,False,26,,6.498283581652719e-05,,,,8.828751335197573e-05,,,,0.0004870964395410328,,,,0.0007267878760784552,,
853d89a7fffffff,IND,0,0,6,False,26,,,,,,,,,,,,,,,,
853d89cbfffffff,IND,5,6,11,False,26,,0.00013276187306109728,,,,0.00016830055861495708,,,,-5.5387489060576965e-05,,,,-5.4213919216857326e-05,,
853d8b13fffffff,IND,26,26,26,True,26,-0.004701871130103728,-0.004701871130103728,0.002523198385618363,0.007225069515722091,-0.00544439299342735,-0.00544439299342735,0.003004951699464645,0.008449344692891995,-0.009559416883238081,-0.009559416883238081,0.002304614376747896,0.011864031259985978,-0.011695074690699435,-0.011695074690699435,0.003225444533129115,0.01492051922382855
853d8b23fffffff,IND,1,1,2,False,26,,-4.7950814789504773e-05,,,,-4.9586740682504245e-05,,,,-0.00038838370238415806,,,,-0.00043486201828159927,,
853d8b27fffffff,IND,0,0,1,False,26,,,,,,,,,,,,,,,,
853d8b57fffffff,IND,0,2,0,False,26,,,,,,,,,,,,,,,,
853d8bbbfffffff,IND,1,5,3,False,26,,-1.3344086160567192e-05,,,,-1.2665154661480483e-05,,,,0.0,,,,0.0,,
853d8c0ffffffff,IND,26,26,26,True,26,-0.00614113096586685,-0.00614113096586685,0.013925606778305715,0.020066737744172565,-0.00669438814694543,-0.00669438814694543,0.016557381331985237,0.02325176947893067,0.003002975061356187,0.003002975061356187,0.041188590821678875,0.038185615760322686,0.009665221984367766,0.009665221984367766,0.05562264538744867,0.04595742340308092
853d8c3bfffffff,IND,0,2,1,False,26,,,,,,,,,,,,,,,,
853d8c57fffffff,IND,0,0,2,False,26,,,,,,,,,,,,,,,,
853d8c5bfffffff,IND,0,0,2,False,26,,,,,,,,,,,,,,,,
853d8cbbfffffff,IND,2,2,9,False,26,,5.400103975933428e-05,,,,9.191518737677897e-05,,,,-2.8483512287369526e-05,,,,-2.747507022700072e-05,,
853d8cc3fffffff,IND,0,0,1,False,26,,,,,,,,,,,,,,,,
853d8cdbfffffff,IND,0,0,3,False,26,,,,,,,,,,,,,,,,
853d8d1bfffffff,IND,0,0,3,False,26,,,,,,,,,,,,,,,,
853d8d53fffffff,IND,0,1,1,False,26,,,,,,,,,,,,,,,,
853d8dcbfffffff,IND,0,1,3,False,26,,,,,,,,,,,,,,,,
853d8dcffffffff,IND,26,26,26,True,26,-0.011210286234198409,-0.011210286234198409,0.030578472971120655,0.04178875920531907,-0.011914963076989964,-0.011914963076989964,0.035976508517570505,0.04789147159456047,-0.0005839929616317422,-0.0005839929616317422,0.08235756895894174,0.08294156192057349,0.012086200935869611,0.012086200935869611,0.11013114353904395,0.09804494260317433
853d8e07fffffff,IND,0,2,2,False,26,,,,,,,,,,,,,,,,
853d8e2bfffffff,IND,0,0,2,False,26,,,,,,,,,,,,,,,,
853d9013fffffff,IND,0,0,3,False,26,,,,,,,,,,,,,,,,
853d9063fffffff,IND,0,0,1,False,26,,,,,,,,,,,,,,,,
853d90bbfffffff,IND,0,0,1,False,26,,,,,,,,,,,,,,,,
853d914ffffffff,IND,26,26,26,True,26,-0.008490723199297954,-0.008490723199297954,0.027415556302529738,0.03590627950182769,-0.009092128189064127,-0.009092128189064127,0.032569011139038595,0.04166113932810272,0.011828377223247562,0.011828377223247562,0.06530398447293845,0.05347560724969088,0.024496405048285454,0.024496405048285454,0.08917019802854667,0.06467379298026121
853d9177fffffff,IND,0,0,1,False,26,,,,,,,,,,,,,,,,
853d9293fffffff,IND,0,2,1,False,26,,,,,,,,,,,,,,,,
853d9303fffffff,IND,0,0,1,False,26,,,,,,,,,,,,,,,,
853d9343fffffff,IND,0,1,0,False,26,,,,,,,,,,,,,,,,
853d940bfffffff,IND,1,1,2,False,26,,3.470760301676058e-05,,,,4.742967365619247e-05,,,,0.0,,,,0.0,,
853d944bfffffff,IND,6,14,11,False,26,,4.763389060081792e-05,,,,6.0395877320932136e-05,,,,0.0,,,,0.0,,
853d944ffffffff,IND,3,4,8,False,26,,0.00018896927054886083,,,,0.00023080509333078477,,,,7.651171202687712e-05,,,,9.978052407167153e-05,,
853d949bfffffff,IND,0,1,5,False,26,,,,,,,,,,,,,,,,
853d952bfffffff,IND,0,0,3,False,26,,,,,,,,,,,,,,,,
853d956bfffffff,IND,0,0,1,False,26,,,,,,,,,,,,,,,,
853d959bfffffff,IND,3,3,8,False,26,,0.00014638323070846962,,,,0.00017995818654896437,,,,0.0005153333981748688,,,,0.0006384497812216705,,
853d9627fffffff,IND,0,0,1,False,26,,,,,,,,,,,,,,,,
853d962bfffffff,IND,26,26,26,True,26,-0.0025619918081361175,-0.0025619918081361175,0.007621633742548982,0.010183625550685102,-0.0020206380602946147,-0.0020206380602946147,0.008696033929330143,0.010716671989624756,0.003864230286269089,0.003864230286269089,0.02994264444347536,0.026078414157206267,0.009516077069542732,0.009516077069542732,0.04099993845380427,0.03148386138426153
853d962ffffffff,IND,0,1,2,False,26,,,,,,,,,,,,,,,,
853d9663fffffff,IND,3,5,7,False,26,,0.0009489174071037934,,,,0.0011181413417310564,,,,0.0018983429771966172,,,,0.0022451335215771667,,
853d9693fffffff,IND,4,6,12,False,26,,5.972848827617386e-05,,,,7.472626628949794e-05,,,,5.738378402015783e-05,,,,7.483539305375365e-05,,
853d96affffffff,IND,3,6,10,False,26,,-0.0004146089905968688,,,,-0.00045225538190448903,,,,-0.00014820726573508977,,,,-0.00015737921938548802,,
853d991bfffffff,IND,0,0,1,False,26,,,,,,,,,,,,,,,,
853d9a53fffffff,IND,0,4,6,False,26,,,,,,,,,,,,,,,,
853d9a67fffffff,IND,0,0,1,False,26,,,,,,,,,,,,,,,,
853d9b0bfffffff,IND,0,0,1,False,26,,,,,,,,,,,,,,,,
853d9b93fffffff,IND,26,26,26,True,26,-0.0004173025022556003,-0.0004173025022556003,0.0030216542453946242,0.0034389567476502242,-0.00039645199508092817,-0.00039645199508092817,0.003592813783396792,0.00398926577847772,0.003440396633127583,0.003440396633127583,0.008964769033585436,0.005524372400457853,0.00587449077982782,0.00587449077982782,0.012536647433764215,0.006662156653936395
853d9c73fffffff,IND,5,8,15,False,26,,-0.0001987228333378064,,,,-0.0002205304687940823,,,,-0.00024769421196245997,,,,-0.00028484111103293294,,
853d9d83fffffff,IND,0,0,1,False,26,,,,,,,,,,,,,,,,
853da003fffffff,IND,9,14,15,False,26,,0.00012242348500044077,,,,0.00014899005297646666,,,,0.00015904136697649415,,,,0.00025290262831370754,,
853da023fffffff,IND,0,0,2,False,26,,,,,,,,,,,,,,,,
853da037fffffff,IND,26,26,26,True,26,-0.00012878954411594255,-0.00012878954411594255,0.004339408786653948,0.00446819833076989,-7.151797066511811e-05,-7.151797066511811e-05,0.005156814284971143,0.005228332255636263,0.0007339564597576057,0.0007339564597576057,0.0014579519146547622,0.0007239954548971568,0.001153041323351946,0.001153041323351946,0.002017008134815942,0.0008639668114639967
853da07bfffffff,IND,0,1,0,False,26,,,,,,,,,,,,,,,,
853da093fffffff,IND,0,0,1,False,26,,,,,,,,,,,,,,,,
853da09bfffffff,IND,16,18,24,False,26,,3.074486899600591e-05,,,,4.208807308505871e-05,,,,-0.00012171017823669924,,,,-0.00013525668120662593,,
853da0a7fffffff,IND,0,2,6,False,26,,,,,,,,,,,,,,,,
853da0abfffffff,IND,1,2,3,False,26,,2.7002797046705963e-06,,,,8.667507654191325e-06,,,,0.0,,,,0.0,,
853da0b7fffffff,IND,23,24,25,False,26,,2.995201250371062e-05,,,,4.922602734141678e-05,,,,-0.0003143952813990801,,,,-0.00032729761476381634,,
853da0c7fffffff,IND,0,2,1,False,26,,,,,,,,,,,,,,,,
853da0d3fffffff,IND,15,19,19,False,26,,8.508258884411093e-05,,,,0.00010745671518371823,,,,0.0002454213264927294,,,,0.0003376302825948633,,
853da103fffffff,IND,26,26,26,True,26,-0.0012197779423500392,-0.0012197779423500392,0.0013008462671303806,0.00252062420948042,-0.0013665761386434405,-0.0013665761386434405,0.0015454504629437912,0.0029120266015872317,0.0011541779683296718,0.0011541779683296718,0.005459588736256835,0.004305410767927163,0.002417409783946316,0.002417409783946316,0.007489020922104874,0.0050716111381585586
853da107fffffff,IND,25,25,26,False,26,,-0.00030562869680270485,,,,-0.0001216881744682689,,,,0.001534299820414506,,,,0.0018832522206925096,,
853da10ffffffff,IND,26,26,26,True,26,-0.001893816503508273,-0.001893816503508273,0.0023857981504799507,0.004279614653988224,-0.002223533152340377,-0.002223533152340377,0.0024565557507487657,0.004680088903089143,-0.002983019670657034,-0.002983019670657034,0.008491805596504377,0.011474825267161409,-0.002504086006115768,-0.002504086006115768,0.01086043906051559,0.013364525066631362
853da113fffffff,IND,26,26,26,True,26,-0.0011049282096097326,-0.0011049282096097326,0.024121066855772772,0.025225995065382503,-0.0007745321899701047,-0.0007745321899701047,0.028521874852576456,0.02929640704254656,-0.0016693106649814744,-0.0016693106649814744,0.021332674874302245,0.023001985539283724,7.700845500361071e-05,7.700845500361071e-05,0.02701736272389033,0.02694035426888672
853da117fffffff,IND,26,26,26,True,26,-0.0816787903111596,-0.0816787903111596,0.16536007506272227,0.2470388653738819,-0.09027948791855948,-0.09027948791855948,0.19386025669485404,0.2841397446134135,-0.07576275387693111,-0.07576275387693111,0.5693720830402841,0.6451348369172152,-0.01486111799710826,-0.01486111799710826,0.7610771886986031,0.7759383066957111
853da11bfffffff,IND,26,26,26,True,26,-0.004621242287328116,-0.004621242287328116,0.007752961782030781,0.012374204069358897,-0.00513443263615397,-0.00513443263615397,0.009197144233228885,0.014331576869382854,-0.007598463185235247,-0.007598463185235247,0.030065661691097603,0.03766412487633285,-0.004786323075974855,-0.004786323075974855,0.04057427997161765,0.04536060304759251
853da123fffffff,IND,0,0,1,False,26,,,,,,,,,,,,,,,,
853da12ffffffff,IND,0,3,1,False,26,,,,,,,,,,,,,,,,
853da133fffffff,IND,26,26,26,True,26,-0.00117277842875539,-0.00117277842875539,0.003879490157421557,0.005052268586176948,-0.001230864596409238,-0.001230864596409238,0.004505141825053586,0.005736006421462825,0.009053422273864097,0.009053422273864097,0.023095159789770905,0.014041737515906809,0.014950480864070857,0.014950480864070857,0.0319243532825148,0.01697387241844394
853da13bfffffff,IND,12,13,21,False,26,,-0.00016836814873014776,,,,-0.00017534231346181842,,,,8.171574562044173e-05,,,,0.0002640072961435192,,
853da143fffffff,IND,0,0,1,False,26,,,,,,,,,,,,,,,,
853da153fffffff,IND,0,0,4,False,26,,,,,,,,,,,,,,,,
853da157fffffff,IND,2,5,4,False,26,,1.5984543697447464e-05,,,,2.538732463517179e-05,,,,0.00011902066414154393,,,,0.00015247722594710148,,
853da163fffffff,IND,1,3,4,False,26,,2.2158024647281205e-05,,,,2.950096694150767e-05,,,,0.0009541540886354543,,,,0.0016627290665482326,,
853da17bfffffff,IND,0,0,6,False,26,,,,,,,,,,,,,,,,
853da183fffffff,IND,0,0,1,False,26,,,,,,,,,,,,,,,,
853da187fffffff,IND,24,24,26,False,26,,-3.769222798985026e-05,,,,-2.4127134623814556e-05,,,,0.0006881828319059475,,,,0.0013348063528876221,,
853da18bfffffff,IND,26,26,26,True,26,-0.001501814194520779,-0.001501814194520779,0.0008794665609392464,0.002381280755460025,-0.0017256856502177074,-0.0017256856502177074,0.001042967062518865,0.002768652712736572,-0.0029660870303854893,-0.0029660870303854893,0.0027438463681576488,0.005709933398543138,-0.0032744617991516743,-0.0032744617991516743,0.003745541865157245,0.007020003664308919
853da18ffffffff,IND,26,26,26,True,26,-6.101895060588328e-05,-6.101895060588328e-05,0.00407573792140885,0.004136756872014733,0.00025566004759044504,0.00025566004759044504,0.004515576654914187,0.004259916607323743,0.006060569101508534,0.006060569101508534,0.017179552522441473,0.011118983420932944,0.00824411585391819,0.00824411585391819,0.019913531246396665,0.011669415392478474
853da197fffffff,IND,26,26,26,True,26,-8.560467423631088e-05,-8.560467423631088e-05,0.004168953163417529,0.00425455783765384,1.3945596164108147e-05,1.3945596164108147e-05,0.004949591206788354,0.004935645610624246,0.0009942030662762143,0.0009942030662762143,0.008358816888336496,0.007364613822060281,0.0023668223885407766,0.0023668223885407766,0.011366928568318122,0.009000106179777343
853da1abfffffff,IND,26,26,26,True,26,-0.0011555244800813646,-0.0011555244800813646,0.009425895684509574,0.01058142016459094,-0.0013722612006528546,-0.0013722612006528546,0.01077783292801295,0.012150094128665804,-0.0019348313537527876,-0.0019348313537527876,0.02308710485675182,0.025021936210504605,0.0008480566004052298,0.0008480566004052298,0.03105268300357342,0.03020462640316818
853da1affffffff,IND,1,2,2,False,26,,0.000997882951424065,,,,0.001204224793736758,,,,0.0007656264355495666,,,,0.0009460066693470189,,
853da1b3fffffff,IND,0,1,2,False,26,,,,,,,,,,,,,,,,
853da1bbfffffff,IND,12,12,21,False,26,,-0.0002470297945754581,,,,-0.0002698879582120536,,,,-0.0008922732102554301,,,,-0.0010151060535546319,,
853da1cffffffff,IND,0,2,3,False,26,,,,,,,,,,,,,,,,
853da1d7fffffff,IND,11,17,17,False,26,,-5.197424671705261e-05,,,,-5.584664399123991e-05,,,,0.00019619420388035586,,,,0.00030726382879413716,,
853da21bfffffff,IND,26,26,26,True,26,-0.014655445801843931,-0.014655445801843931,0.02316836330091831,0.03782380910276223,-0.016330713522089303,-0.016330713522089303,0.027426058346322373,0.043756771868411676,-0.0198699048375062,-0.0198699048375062,0.06676138048253824,0.08663128532004447,-0.014679897841968397,-0.014679897841968397,0.08965685009399917,0.10433674793596753
853da22bfffffff,IND,0,0,1,False,26,,,,,,,,,,,,,,,,
853da2c3fffffff,IND,0,0,2,False,26,,,,,,,,,,,,,,,,
853da327fffffff,IND,8,13,15,False,26,,6.71078316688695e-05,,,,8.71231363082228e-05,,,,0.00044925408312788495,,,,0.000590596860796248,,
853da367fffffff,IND,0,0,1,False,26,,,,,,,,,,,,,,,,
853da373fffffff,IND,0,0,4,False,26,,,,,,,,,,,,,,,,
853da3a7fffffff,IND,1,1,2,False,26,,1.4171960743087296e-05,,,,3.804756219843639e-05,,,,8.052640152082575e-05,,,,9.954513121820904e-05,,
853da3b3fffffff,IND,1,2,9,False,26,,2.6428677821772125e-05,,,,3.878305983341502e-05,,,,0.0003572002643281956,,,,0.000447613548366882,,
853da3d7fffffff,IND,25,25,25,False,26,,-8.914012286731866e-05,,,,-8.988544958841366e-05,,,,-0.0008682517240245058,,,,-0.00103153480346137,,
853da43bfffffff,IND,1,2,3,False,26,,1.9941355715020188e-05,,,,2.8209590538725248e-05,,,,0.0003828132177747833,,,,0.00047300333467350944,,
853da447fffffff,IND,17,19,21,False,26,,5.5454741720700675e-05,,,,7.247409219424446e-05,,,,1.4315209177203988e-05,,,,3.315082718199562e-05,,
853da4cbfffffff,IND,0,0,1,False,26,,,,,,,,,,,,,,,,
853da517fffffff,IND,0,0,2,False,26,,,,,,,,,,,,,,,,
853da51bfffffff,IND,0,1,1,False,26,,,,,,,,,,,,,,,,
853da523fffffff,IND,1,3,2,False,26,,2.5716987588143055e-05,,,,3.3873172852278707e-05,,,,0.0,,,,0.0,,
853da547fffffff,IND,8,12,17,False,26,,0.00030871867588960105,,,,0.00037429977745601496,,,,9.644656924341928e-06,,,,5.8021735913659715e-05,,
853da54bfffffff,IND,0,13,0,False,26,,,,,,,,,,,,,,,,
853da567fffffff,IND,26,26,26,True,26,-0.00038295265270372076,-0.00038295265270372076,0.000625238342749004,0.0010081909954527248,-0.0004294179617162964,-0.0004294179617162964,0.000743039279064005,0.0011724572407803015,-0.0015057306694254138,-0.0015057306694254138,0.001038929978517098,0.002544660647942512,-0.0017122882973307986,-0.0017122882973307986,0.0013515632763873042,0.003063851573718102
853da583fffffff,IND,18,21,23,False,26,,-0.00019327543008503922,,,,-0.00021679586894354953,,,,0.0006942130129819492,,,,0.0009990027677825512,,
853da5a7fffffff,IND,0,0,4,False,26,,,,,,,,,,,,,,,,
853da5abfffffff,IND,25,25,26,False,26,,-0.00019671205876799685,,,,-0.00021326272789285738,,,,-0.0006239959405347058,,,,-0.0006539364712677217,,
853da5bbfffffff,IND,26,26,26,True,26,-0.0004582028594972134,-0.0004582028594972134,0.0010329641365296705,0.0014911669960268837,-0.0005093273013865744,-0.0005093273013865744,0.0012292091687992105,0.001738536470185785,-7.379128933439355e-05,-7.379128933439355e-05,0.001623866586161664,0.0016976578754960574,0.000309082462964031,0.000309082462964031,0.0023746588089683875,0.0020655763460043566
853da5d7fffffff,IND,26,26,26,True,26,6.611901997488556e-05,6.611901997488556e-05,0.0006710680058385784,0.0006049489858636928,9.197082326897124e-05,9.197082326897124e-05,0.0007974058586655897,0.0007054350353966186,0.0005047040642697239,0.0005047040642697239,0.0010309249684164975,0.0005262209041467735,0.0007864269677145921,0.0007864269677145921,0.0014205830092059396,0.0006341560414913473
853da63bfffffff,IND,26,26,26,True,26,-0.0003865895422368104,-0.0003865895422368104,0.0007987808272896256,0.001185370369526436,-0.00042999807445642314,-0.00042999807445642314,0.0009503349298964151,0.0013803330043528383,-0.0004658386756457174,-0.0004658386756457174,0.0007308322258593803,0.0011966709015050977,-0.0004944856115660844,-0.0004944856115660844,0.0009548951331118566,0.0014493807446779407
853da663fffffff,IND,0,0,1,False,26,,,,,,,,,,,,,,,,
853da697fffffff,IND,0,2,4,False,26,,,,,,,,,,,,,,,,
853da6affffffff,IND,0,0,1,False,26,,,,,,,,,,,,,,,,
853da6b3fffffff,IND,0,0,4,False,26,,,,,,,,,,,,,,,,
853da6cffffffff,IND,0,0,4,False,26,,,,,,,,,,,,,,,,
853da6d7fffffff,IND,0,0,2,False,26,,,,,,,,,,,,,,,,
853da817fffffff,IND,21,21,26,False,26,,-0.00011750438535148266,,,,-0.00012995790050962947,,,,-0.00010810609593100932,,,,6.934867274394211e-06,,
853da857fffffff,IND,0,0,5,False,26,,,,,,,,,,,,,,,,
853da88ffffffff,IND,0,0,1,False,26,,,,,,,,,,,,,,,,
853da8a7fffffff,IND,0,1,0,False,26,,,,,,,,,,,,,,,,
853da8cbfffffff,IND,0,0,1,False,26,,,,,,,,,,,,,,,,
853da903fffffff,NPL,17,17,26,False,26,,-0.0002367798682494425,,,,-0.0002336165594226502,,,,0.0029076263105984215,,,,0.004240467541860614,,
853da99bfffffff,NPL,11,12,13,False,26,,4.062630598061694e-05,,,,6.615706656591295e-05,,,,0.0007402319012587287,,,,0.0010398241892259216,,
853daa1bfffffff,IND,3,4,4,False,26,,-6.124810666632811e-05,,,,1.8262166942901654e-05,,,,-8.974694478207372e-05,,,,-8.226567346700023e-06,,
853daa33fffffff,IND,0,0,3,False,26,,,,,,,,,,,,,,,,
853daa3bfffffff,IND,2,2,12,False,26,,-0.00012365638485372298,,,,-0.00012605430744300862,,,,-0.0007506654679154322,,,,-0.0008472498923509933,,
853daadbfffffff,IND,0,0,2,False,26,,,,,,,,,,,,,,,,
853dab3bfffffff,IND,8,8,16,False,26,,-0.0001749951892465392,,,,-0.00019315761196482336,,,,-0.0006644868124259737,,,,-0.0007655836705693674,,
853dab57fffffff,IND,0,0,1,False,26,,,,,,,,,,,,,,,,
853dab9bfffffff,IND,0,0,2,False,26,,,,,,,,,,,,,,,,
853dabaffffffff,IND,0,0,1,False,26,,,,,,,,,,,,,,,,
853dac03fffffff,IND,0,4,3,False,26,,,,,,,,,,,,,,,,
853dac27fffffff,IND,0,1,1,False,26,,,,,,,,,,,,,,,,
853dac2bfffffff,IND,25,25,26,False,26,,-0.00034432920819066256,,,,-0.00036567323523147504,,,,0.0018568350723140142,,,,0.0027927620089994746,,
853dac2ffffffff,IND,0,1,0,False,26,,,,,,,,,,,,,,,,
853dac43fffffff,IND,0,0,2,False,26,,,,,,,,,,,,,,,,
853dac6ffffffff,IND,14,16,19,False,26,,4.972702366299002e-05,,,,6.891317643399726e-05,,,,0.00014764701679632146,,,,0.0002926336523858766,,
853dac93fffffff,IND,2,7,8,False,26,,6.558172434513245e-05,,,,8.284136876220858e-05,,,,0.00025945210698043793,,,,0.00038101542570241636,,
853dac97fffffff,IND,1,1,7,False,26,,2.359200471247939e-05,,,,3.110403338123223e-05,,,,0.0,,,,0.0,,
853daca3fffffff,IND,1,2,3,False,26,,-1.07559408350897e-05,,,,-5.624102331327574e-06,,,,-0.00019819955524019803,,,,-0.00022637135768485486,,
853daca7fffffff,IND,0,0,3,False,26,,,,,,,,,,,,,,,,
853dacb3fffffff,IND,0,2,3,False,26,,,,,,,,,,,,,,,,
853daccbfffffff,IND,3,4,12,False,26,,-4.550941462811676e-05,,,,-4.203673831129054e-05,,,,-0.0002371481493766821,,,,-0.0002336339790022349,,
853daccffffffff,IND,0,0,4,False,26,,,,,,,,,,,,,,,,
853dacd3fffffff,IND,26,26,26,True,26,-0.0007841386639036804,-0.0007841386639036804,0.001673719830269944,0.002457858494173625,-0.0008690869856367648,-0.0008690869856367648,0.001977232841179656,0.002846319826816421,-0.004478838768110233,-0.004478838768110233,0.003899353766593169,0.008378192534703401,-0.005116310058604202,-0.005116310058604202,0.005254227871514885,0.010370537930119085
853dacd7fffffff,IND,3,8,8,False,26,,9.798244480875761e-05,,,,0.00012181472338654963,,,,-0.00011621731242816316,,,,-0.0001399842657685276,,
853dad0bfffffff,IND,26,26,26,True,26,-0.0001734393028405179,-0.0001734393028405179,0.0009524100075277536,0.0011258493103682714,-0.00017443427527407296,-0.00017443427527407296,0.0011343044775396027,0.0013087387528136754,-0.0005964729139708943,-0.0005964729139708943,0.0011065949318152684,0.0017030678457861626,-0.0006001439120073669,-0.0006001439120073669,0.0014609028597109244,0.0020610467717182912
853dad13fffffff,IND,26,26,26,True,26,0.00017967448532472385,0.00017967448532472385,0.0013008698365537693,0.0011211953512290452,0.00023917268437271126,0.00023917268437271126,0.0015475976833105626,0.0013084249989378516,8.048484279914967e-05,8.048484279914967e-05,0.0003548924180727743,0.00027440757527362475,0.00015042427267517933,0.00015042427267517933,0.0004863454608754568,0.00033592118820027745
853dad43fffffff,IND,3,10,15,False,26,,6.549993360514587e-05,,,,8.14554557184288e-05,,,,5.790387287001769e-05,,,,8.137104546494778e-05,,
853dad4bfffffff,IND,0,0,5,False,26,,,,,,,,,,,,,,,,
853dad4ffffffff,IND,6,8,16,False,26,,6.288855793938398e-05,,,,8.13532055083876e-05,,,,0.00025712318165792,,,,0.00035293803919624116,,
853dad6ffffffff,IND,0,0,1,False,26,,,,,,,,,,,,,,,,
853dad7bfffffff,IND,2,4,3,False,26,,0.00010602120978320382,,,,0.00013171815019753376,,,,0.00026381026693440796,,,,0.0003302776580858051,,
853dadbbfffffff,IND,0,0,1,False,26,,,,,,,,,,,,,,,,
853dadcbfffffff,IND,1,2,8,False,26,,9.706846486647612e-05,,,,0.00011313967799249666,,,,-0.0003175429794422675,,,,-0.00037814903609810697,,
853dadd7fffffff,IND,0,2,5,False,26,,,,,,,,,,,,,,,,
853daddbfffffff,IND,7,11,12,False,26,,6.209688935081039e-05,,,,7.68300902329357e-05,,,,0.00013236283741871384,,,,0.00018803496563100328,,
853dae13fffffff,IND,26,26,26,True,26,-0.0004276301810641626,-0.0004276301810641626,0.0008287255107607467,0.0012563556918249092,-0.00046472193287772523,-0.00046472193287772523,0.0009842943594242962,0.0014490162923020216,-0.0011639672773993209,-0.0011639672773993209,0.0034223268310664507,0.004586294108465772,-0.0008526732041755301,-0.0008526732041755301,0.004746681520466909,0.005599354724642438
853dae23fffffff,IND,2,4,2,False,26,,0.0006493478055158746,,,,0.0007770883632275422,,,,0.0014008070722818283,,,,0.0016471705669597143,,
853dae2bfffffff,IND,0,1,1,False,26,,,,,,,,,,,,,,,,
853dae57fffffff,IND,0,0,1,False,26,,,,,,,,,,,,,,,,
853dae93fffffff,IND,0,2,2,False,26,,,,,,,,,,,,,,,,
853db00bfffffff,IND,26,26,26,True,26,3.0234346474428387e-05,3.0234346474428387e-05,0.0008033747463374486,0.0007731403998630202,5.542685708465343e-05,5.542685708465343e-05,0.0009564652066640662,0.0009010383495794128,0.000927469795064814,0.000927469795064814,0.0020547382711956306,0.0011272684761308167,0.001545356882934722,0.001545356882934722,0.0029241850714946194,0.001378828188559897
853db0b3fffffff,IND,0,1,2,False,26,,,,,,,,,,,,,,,,
853db23bfffffff,IND,7,9,12,False,26,,-3.858225666624087e-06,,,,1.677522718925632e-06,,,,-0.00010760643528430262,,,,-0.00011484099878967577,,
853db2b3fffffff,IND,16,17,24,False,26,,-5.278492273204674e-05,,,,-4.4284556928215986e-05,,,,0.000672121602233304,,,,0.0010837696110598113,,
853db303fffffff,IND,3,3,4,False,26,,0.001321709318522034,,,,0.0015714810188983072,,,,0.001444927682129722,,,,0.001757003288574808,,
853db3a3fffffff,IND,21,21,26,False,26,,-0.009029517806477146,,,,-0.01034471213032174,,,,-0.007997162974648666,,,,-0.008347858829180077,,
853db3b3fffffff,IND,0,0,1,False,26,,,,,,,,,,,,,,,,
853db507fffffff,IND,24,24,26,False,26,,3.157395239121746e-05,,,,5.027181233500078e-05,,,,0.00010444552272414044,,,,0.00022290555386710902,,
853db51bfffffff,IND,22,24,24,False,26,,-0.00027483731019884523,,,,-0.00030813074857714715,,,,0.0005287657804456141,,,,0.0010405755857253488,,
853db55bfffffff,IND,2,2,4,False,26,,0.00043261679518984245,,,,0.0005356099285853009,,,,-6.483453254835627e-06,,,,3.935473770033031e-05,,
853db63bfffffff,IND,0,3,6,False,26,,,,,,,,,,,,,,,,
853db66bfffffff,IND,26,26,26,True,26,-0.015595182404904066,-0.015595182404904066,0.011388470941431484,0.026983653346335547,-0.017785113123347875,-0.017785113123347875,0.013557295075447605,0.031342408198795475,-0.014421527760047268,-0.014421527760047268,0.015087601565884377,0.029509129325931655,-0.01479264097941364,-0.01479264097941364,0.02066217956836044,0.03545482054777409
854002d7fffffff,CHN,20,22,24,False,26,,4.1606495651073754e-05,,,,5.4989235574468974e-05,,,,9.791301204155232e-05,,,,0.0001354085463641987,,
85400827fffffff,CHN,15,21,18,False,26,,8.676373546641983e-05,,,,0.00010851092969098432,,,,3.020852478499911e-05,,,,3.988780165536062e-05,,
85400997fffffff,CHN,10,14,17,False,26,,3.046810841460637e-05,,,,3.817010348632193e-05,,,,-1.595100123468408e-05,,,,1.7285159702794956e-06,,
85400c0ffffffff,CHN,26,26,26,True,26,0.0025841014507272057,0.0025841014507272057,0.01773155882589607,0.015147457375168864,0.0034105780219808686,0.0034105780219808686,0.020837775556024615,0.017427197534043745,0.004551100575234869,0.004551100575234869,0.011817535755398798,0.007266435180163927,0.0072942695838907135,0.0072942695838907135,0.015984209075722736,0.00868993949183202
85400dc7fffffff,CHN,0,0,2,False,26,,,,,,,,,,,,,,,,
85400e77fffffff,CHN,7,13,15,False,26,,4.9828823078151714e-05,,,,6.414177234824181e-05,,,,0.00013524669455372126,,,,0.00021018075347550632,,
8540102ffffffff,CHN,7,12,11,False,26,,6.106620448854491e-06,,,,1.1304508669876596e-05,,,,-1.6432053395726955e-05,,,,-2.0031949401979866e-05,,
85401087fffffff,CHN,0,0,1,False,26,,,,,,,,,,,,,,,,
854011b3fffffff,CHN,11,14,19,False,26,,6.871951032573472e-05,,,,8.561917179857762e-05,,,,-3.3894521230391765e-05,,,,-3.710433860050019e-05,,
85401483fffffff,CHN,8,13,15,False,26,,-7.856952190766067e-06,,,,-5.578304920270834e-06,,,,0.0,,,,0.0,,
85401637fffffff,CHN,24,25,25,False,26,,-9.185223246621282e-06,,,,3.463543689975337e-06,,,,0.0001346792531406207,,,,0.0001975993475471621,,
85401973fffffff,CHN,26,26,26,True,26,0.005728860572702834,0.005728860572702834,0.04556067339249959,0.03983181281979676,0.0077489890674513895,0.0077489890674513895,0.05414070430845714,0.04639171524100575,0.010138708092203895,0.010138708092203895,0.029150463612053295,0.019011755519849398,0.01670020168719322,0.01670020168719322,0.039568386377934174,0.022868184690740954
8540214ffffffff,CHN,18,23,21,False,26,,2.1868526468029736e-05,,,,3.0719446645048524e-05,,,,-1.0113983908097553e-05,,,,-5.5739044624768774e-06,,
8540240bfffffff,CHN,4,8,13,False,26,,-9.211185258920831e-06,,,,-7.185945412470742e-06,,,,-4.954988881004951e-05,,,,-5.6592839421213714e-05,,
8540260bfffffff,CHN,0,1,1,False,26,,,,,,,,,,,,,,,,
85402e33fffffff,CHN,0,0,1,False,26,,,,,,,,,,,,,,,,
8540315bfffffff,CHN,0,3,2,False,26,,,,,,,,,,,,,,,,
8540326bfffffff,CHN,0,0,1,False,26,,,,,,,,,,,,,,,,
85403287fffffff,CHN,26,26,26,True,26,0.00011117485225233659,0.00011117485225233659,0.0006467635350282033,0.0005355886827758668,0.00014583251891894474,0.00014583251891894474,0.000769161241454739,0.000623328722535794,0.00025634274688832366,0.00025634274688832366,0.0003827081292084132,0.0001263653823200896,0.0003898946939999634,0.0003898946939999634,0.0005402078681335372,0.00015031317413357375
8540330ffffffff,CHN,11,15,16,False,26,,2.133958438467836e-05,,,,3.286869149465393e-05,,,,0.0001038502674225532,,,,0.00014128940244366808,,
8540347bfffffff,CHN,17,19,23,False,26,,6.527603405857722e-05,,,,8.40878026636811e-05,,,,-1.460464380202264e-05,,,,-1.0392878086095295e-05,,
85403627fffffff,CHN,0,0,1,False,26,,,,,,,,,,,,,,,,
8540402ffffffff,CHN,16,18,21,False,26,,5.711575920595678e-05,,,,7.521058529930298e-05,,,,0.00012560559238337967,,,,0.00017381287123173362,,
85404037fffffff,CHN,23,25,24,False,26,,9.814959849074826e-06,,,,1.916096024049129e-05,,,,-0.0002263982904776709,,,,-0.00026254056038451127,,
85404d83fffffff,MMR,0,0,2,False,26,,,,,,,,,,,,,,,,
854051dbfffffff,CHN,0,1,0,False,26,,,,,,,,,,,,,,,,
8540544ffffffff,CHN,26,26,26,True,26,8.535318504244248e-05,8.535318504244248e-05,0.0008775433945594871,0.0007921902095170445,0.00011950424077849325,0.00011950424077849325,0.001043477649043812,0.0009239734082653189,0.0015614315442146383,0.0015614315442146383,0.0020430442781909012,0.00048161273397626266,0.002361836973913331,0.002361836973913331,0.0029492340583529416,0.0005873970844396104
85406043fffffff,CHN,0,2,1,False,26,,,,,,,,,,,,,,,,
854061b3fffffff,CHN,0,2,8,False,26,,,,,,,,,,,,,,,,
85406487fffffff,VNM,0,0,7,False,26,,,,,,,,,,,,,,,,
85406b0ffffffff,MMR,0,0,1,False,26,,,,,,,,,,,,,,,,
85406c97fffffff,MMR,0,3,3,False,26,,,,,,,,,,,,,,,,
85406d6bfffffff,MMR,0,0,1,False,26,,,,,,,,,,,,,,,,
8540706ffffffff,CHN,0,4,7,False,26,,,,,,,,,,,,,,,,
85407173fffffff,CHN,26,26,26,True,26,0.0025539489160296383,0.0025539489160296383,0.03432985368375892,0.031775904767729284,0.0038100841152946627,0.0038100841152946627,0.04083172965239889,0.03702164553710423,-0.001424067715856367,-0.001424067715856367,0.01995323066217532,0.021377298378031682,0.0005731465326350431,0.0005731465326350431,0.026525541862903654,0.025952395330268614
85407177fffffff,CHN,15,18,23,False,26,,3.6614942529867046e-05,,,,4.967356005638229e-05,,,,0.00021116816431786633,,,,0.0002956329477655722,,
854071b7fffffff,CHN,17,19,22,False,26,,1.7160199348011705e-05,,,,2.5440300738878435e-05,,,,-4.700951292886511e-05,,,,-5.016259831634987e-05,,
8540824bfffffff,CHN,26,26,26,True,26,0.00020562523520279046,0.00020562523520279046,0.0018716678710709025,0.0016660426358681122,0.0002833479674832933,0.0002833479674832933,0.002228596853235785,0.001945248885752492,5.273585163885952e-05,5.273585163885952e-05,0.0003560682937836872,0.0003033324421448277,0.00012461762789051613,0.00012461762789051613,0.0004905648442442553,0.0003659472163537392
8540846ffffffff,CHN,25,25,26,False,26,,0.00010011023613737544,,,,0.00013158622391376844,,,,0.00012287203679272837,,,,0.0001893037047164697,,
8540847bfffffff,CHN,2,5,11,False,26,,3.2986347772264978e-06,,,,7.772217938622382e-06,,,,-7.663904084707599e-05,,,,-8.683088122924742e-05,,
8540852ffffffff,CHN,12,19,16,False,26,,7.337525815664584e-05,,,,0.00010802820705402181,,,,-0.0001301834878180864,,,,-0.0001608860652010818,,
85408607fffffff,CHN,0,2,3,False,26,,,,,,,,,,,,,,,,
85408637fffffff,CHN,26,26,26,True,26,0.00017962573598522815,0.00017962573598522815,0.0009317794938004643,0.0007521537578152361,0.0002295043629746838,0.0002295043629746838,0.0011075483970338798,0.0008780440340591959,-1.575231342630886e-05,-1.575231342630886e-05,3.0698256400432966e-05,4.6450569826741826e-05,-1.4009819657798571e-05,-1.4009819657798571e-05,4.274549163299747e-05,5.675531129079604e-05
8540865bfffffff,CHN,17,21,21,False,26,,5.5137607683885895e-06,,,,1.4339826745673031e-05,,,,-2.8023483427199395e-07,,,,-2.488863679512721e-06,,
8540884ffffffff,CHN,0,0,5,False,26,,,,,,,,,,,,,,,,
8540885bfffffff,CHN,26,26,26,True,26,0.050107103378580035,0.050107103378580035,0.16760466002265137,0.11749755664407134,0.06240383105225132,0.06240383105225132,0.1990694045393156,0.1366655734870643,0.2201168342319358,0.2201168342319358,0.3443947080069947,0.12427787377505896,0.3273269433991022,0.3273269433991022,0.4790531256833901,0.15172618228428789
85408867fffffff,CHN,1,2,2,False,26,,6.404738386039706e-05,,,,8.118070942331888e-05,,,,-6.874671304778241e-05,,,,-7.724763583610523e-05,,
85408ba7fffffff,CHN,0,1,0,False,26,,,,,,,,,,,,,,,,
85409023fffffff,CHN,0,4,4,False,26,,,,,,,,,,,,,,,,
85409087fffffff,CHN,26,26,26,True,26,0.030351687736484285,0.030351687736484285,0.23431561005150536,0.20396392231502108,0.04066054168615096,0.04066054168615096,0.2785805623546361,0.23792002066848508,0.01852080178932914,0.01852080178932914,0.04919361189532369,0.030672810105994548,0.030540670609643304,0.030540670609643304,0.06775025435858326,0.03720958374893994
8540914bfffffff,CHN,26,26,26,True,26,0.00011237010934167304,0.00011237010934167304,0.0020330518810794925,0.0019206817717378195,0.00017751999859776796,0.00017751999859776796,0.0024156219240198664,0.002238101925422098,0.00016653214016835183,0.00016653214016835183,0.0005039385318370104,0.0003374063916686586,0.0002729620067761362,0.0002729620067761362,0.0006866248945616056,0.0004136628877854693
85409253fffffff,CHN,2,5,7,False,26,,0.0001286020143868768,,,,0.00015795643517663534,,,,0.00019140660888739165,,,,0.00023650166733675472,,
8540928bfffffff,CHN,0,1,3,False,26,,,,,,,,,,,,,,,,
8540946bfffffff,CHN,5,13,13,False,26,,4.347165765237947e-05,,,,5.432802251819325e-05,,,,2.2526599401796044e-05,,,,2.7471464231882402e-05,,
8540953bfffffff,CHN,0,0,1,False,26,,,,,,,,,,,,,,,,
8540956ffffffff,CHN,1,4,2,False,26,,0.0003372288551602317,,,,0.00040727169351425585,,,,0.0,,,,0.0,,
85409c33fffffff,CHN,26,26,26,True,26,0.00011319979594640493,0.00011319979594640493,0.0011657523979155349,0.0010525526019691297,0.00015787475318270472,0.00015787475318270472,0.0013848721506896837,0.001226997397506979,7.668223434716844e-05,7.668223434716844e-05,0.00032139935634996835,0.00024471712200279993,0.0001302585796952271,0.0001302585796952271,0.0004306496974951354,0.0003003911177999083
85409cbbfffffff,CHN,3,5,11,False,26,,-1.3707211806645122e-06,,,,1.0095509912395985e-06,,,,0.0,,,,0.0,,
85409dc7fffffff,CHN,0,4,1,False,26,,,,,,,,,,,,,,,,
85409e77fffffff,CHN,26,26,26,True,26,-0.00022591542791219408,-0.00022591542791219408,0.004340617325020608,0.004566532752932803,-0.00017323089888858446,-0.00017323089888858446,0.005157456559142626,0.005330687458031211,0.00012627211463260267,0.00012627211463260267,0.0002369011506036349,0.00011062903597103225,0.00019611827673158243,0.00019611827673158243,0.0003262440580678828,0.00013012578133630035
8540a08bfffffff,CHN,0,0,1,False,26,,,,,,,,,,,,,,,,
8540a137fffffff,CHN,0,1,1,False,26,,,,,,,,,,,,,,,,
8540a31bfffffff,CHN,0,0,1,False,26,,,,,,,,,,,,,,,,
8540a37bfffffff,CHN,0,4,2,False,26,,,,,,,,,,,,,,,,
8540a683fffffff,CHN,26,26,26,True,26,0.012104381556884756,0.012104381556884756,0.09445571549681521,0.08235133393993044,0.01629072792713263,0.01629072792713263,0.11237852793148878,0.09608780000435616,0.02313672951385373,0.02313672951385373,0.05883298248717653,0.03569625297332279,0.03801783455184562,0.03801783455184562,0.08139164371233477,0.043373809160489156
8540a69bfffffff,CHN,0,0,3,False,26,,,,,,,,,,,,,,,,
8540ad8ffffffff,CHN,0,2,2,False,26,,,,,,,,,,,,,,,,
8540b14bfffffff,CHN,0,2,0,False,26,,,,,,,,,,,,,,,,
8540b227fffffff,CHN,1,3,3,False,26,,0.00013523048636806582,,,,4.600982160355742e-05,,,,8.052640152082575e-05,,,,9.954513121820904e-05,,
8540b303fffffff,CHN,0,1,0,False,26,,,,,,,,,,,,,,,,
8540b36ffffffff,CHN,6,13,12,False,26,,9.275790111378704e-05,,,,0.00011589159420760924,,,,1.3421066920137625e-05,,,,1.659085520303484e-05,,
8540b667fffffff,CHN,8,12,13,False,26,,7.72983487216199e-05,,,,9.77594583500412e-05,,,,-1.416977604585182e-05,,,,-1.3340679671119215e-05,,
8540c493fffffff,CHN,26,26,26,True,26,0.0004956942951139323,0.0004956942951139323,0.00291020064139196,0.002414506346278027,0.0006505724001985424,0.0006505724001985424,0.0034603485339040796,0.0028097761337055366,0.0020101067384783646,0.0020101067384783646,0.0036141120452187784,0.001604005306740414,0.0030635161252389473,0.0030635161252389473,0.005005569476412098,0.00194205335117315
8540c497fffffff,CHN,0,1,2,False,26,,,,,,,,,,,,,,,,
8540c4d3fffffff,CHN,26,26,26,True,26,-6.383848513245957e-06,-6.383848513245957e-06,0.001903629044334703,0.0019100128928479494,3.534055724764852e-05,3.534055724764852e-05,0.0022642994610515225,0.0022289589038038743,-0.0017177882636436352,-0.0017177882636436352,0.0021813905858808448,0.00389917884952448,-0.0018256874243063792,-0.0018256874243063792,0.0029997956720701005,0.00482548309637648
8540e097fffffff,CHN,23,26,23,False,26,,7.652555385866011e-05,,,,0.0001020144447203177,,,,7.957441084742667e-05,,,,0.00016049269405126986,,
8540e167fffffff,CHN,0,2,0,False,26,,,,,,,,,,,,,,,,
8540e1c7fffffff,CHN,26,26,26,True,26,0.00020602346359229067,0.00020602346359229067,0.0015742491782139779,0.0013682257146216874,0.0002774420290349182,0.0002774420290349182,0.0018719913502241216,0.0015945493211892033,0.00020392223272195248,0.00020392223272195248,0.0009882723778177518,0.0007843501450957995,0.0004161862922529709,0.0004161862922529709,0.0013713593502452472,0.000955173057992276
8540e3cffffffff,CHN,26,26,26,True,26,0.01176694030768449,0.01176694030768449,0.11556910239100202,0.10380216208331752,0.014959029154357272,0.014959029154357272,0.1322386731615712,0.11727964400721397,0.03359185334969575,0.03359185334969575,0.1445295545376028,0.11093770118790706,0.059905019195654115,0.059905019195654115,0.19405703668776283,0.13415201749210873
8540e417fffffff,CHN,2,7,11,False,26,,8.226384733709256e-05,,,,9.950866404171387e-05,,,,8.052640152082575e-05,,,,9.954513121820904e-05,,
8540e45bfffffff,CHN,0,3,2,False,26,,,,,,,,,,,,,,,,
8540e46ffffffff,CHN,23,25,24,False,26,,4.7374807454922306e-05,,,,6.480207134398307e-05,,,,1.8060818914814423e-06,,,,1.4526286335915545e-05,,
8540e5d7fffffff,CHN,0,0,1,False,26,,,,,,,,,,,,,,,,
8540e60bfffffff,CHN,2,4,4,False,26,,-1.2826771166863347e-06,,,,3.329945326834588e-06,,,,0.0,,,,0.0,,
8540f403fffffff,CHN,0,1,1,False,26,,,,,,,,,,,,,,,,
8540f5bbfffffff,CHN,26,26,26,True,26,0.00011079023086776942,0.00011079023086776942,0.0007417658999987158,0.0006309756691309464,0.0001466358599409197,0.0001466358599409197,0.0008840046209201718,0.000737368760979252,0.0001880081623642848,0.0001880081623642848,0.0003153057840083943,0.00012729762164410952,0.0002863356288242193,0.0002863356288242193,0.0004447730950197295,0.0001584374661955102
8541034bfffffff,HKG,26,26,26,True,26,0.06305785091167479,0.06305785091167479,0.3727736126961455,0.30971576178447074,0.06337386318996037,0.06337386318996037,0.34556884740354465,0.28219498421358424,0.19627892875195707,0.19627892875195707,0.4114421372155416,0.2151632084635845,0.1228401673255575,0.1228401673255575,0.21992090281465332,0.09708073548909578
85410367fffffff,MAC,26,26,26,True,26,0.0019068741855999963,0.0019068741855999963,0.01364053359411459,0.011733659408514598,0.002528870456144137,0.002528870456144137,0.016046796598447058,0.01351792614230292,0.0019277853221946815,0.0019277853221946815,0.009234410163607067,0.007306624841412385,0.0035764727453199,0.0035764727453199,0.01216523726235851,0.008588764517038612
8541036ffffffff,CHN,25,25,26,False,26,,-0.00012862429673630017,,,,-0.00014166160288357963,,,,-0.00031690263744178673,,,,-0.0003856486245741094,,
8541084bfffffff,CHN,0,5,7,False,26,,,,,,,,,,,,,,,,
85410907fffffff,CHN,0,1,0,False,26,,,,,,,,,,,,,,,,
8541095bfffffff,CHN,10,16,17,False,26,,9.817009682771432e-05,,,,0.00014586323308661103,,,,0.0001440143186946437,,,,0.0002974597205494695,,
85411043fffffff,CHN,5,12,9,False,26,,8.662640121899173e-05,,,,0.00011192297590539904,,,,0.0,,,,0.0,,
85411073fffffff,CHN,0,1,0,False,26,,,,,,,,,,,,,,,,
85411077fffffff,CHN,0,0,1,False,26,,,,,,,,,,,,,,,,
85411103fffffff,CHN,19,25,20,False,26,,0.00018805632312647786,,,,0.00022811588293295855,,,,0.0017008875072133858,,,,0.002495326973403763,,
85411127fffffff,CHN,4,7,12,False,26,,0.0003334356406183704,,,,0.0004062949291949566,,,,0.0002636932218817473,,,,0.00035215296329611464,,
854112b3fffffff,CHN,26,26,26,True,26,0.0001462400215589109,0.0001462400215589109,0.0014872089652500343,0.0013409689436911236,0.00020202128994712827,0.00020202128994712827,0.0017686239142151866,0.001566602624268058,7.2794698590602846e-06,7.2794698590602846e-06,6.917317317703887e-05,6.189370331797858e-05,1.2779544334280405e-05,1.2779544334280405e-05,8.894995995182713e-05,7.617041561754671e-05
85411893fffffff,CHN,5,13,11,False,26,,5.3713666002016095e-05,,,,6.77637705564035e-05,,,,2.2425272474012326e-05,,,,2.9902334361175502e-05,,
854118abfffffff,CHN,0,0,3,False,26,,,,,,,,,,,,,,,,
854118b3fffffff,CHN,2,6,6,False,26,,1.870394136071559e-05,,,,2.8048590655191898e-05,,,,0.00022224554382628848,,,,0.00027788632372292713,,
854119c3fffffff,CHN,6,9,12,False,26,,7.941581401729404e-05,,,,9.974080159595683e-05,,,,2.5407872722768346e-05,,,,3.4043340919905756e-05,,
854119c7fffffff,CHN,2,8,5,False,26,,2.6674205259483844e-05,,,,3.484282086142933e-05,,,,0.0003935148748622698,,,,0.0005412192587461032,,
85411a77fffffff,CHN,1,5,5,False,26,,5.86813277699308e-05,,,,7.194449405679979e-05,,,,-0.0001002774677532733,,,,-0.00011188498223825907,,
85411c03fffffff,CHN,6,9,10,False,26,,-1.5090371270911243e-05,,,,-1.3481570819227928e-05,,,,-6.77418078086196e-06,,,,-6.050740216513805e-06,,
85411c17fffffff,HKG,1,1,1,False,26,,0.00011387306870197878,,,,7.034177563952296e-05,,,,-6.874671304778241e-05,,,,-7.724763583610523e-05,,
85411c1bfffffff,CHN,0,1,0,False,26,,,,,,,,,,,,,,,,
85411c2ffffffff,CHN,26,26,26,True,26,0.00025058157034171433,0.00025058157034171433,0.0031748894291394147,0.0029243078587976997,0.0003747894732276404,0.0003747894732276404,0.003759438988758148,0.003384649515530508,0.0016731087139349454,0.0016731087139349454,0.004390577247445156,0.0027174685335102115,0.0029651425682094166,0.0029651425682094166,0.006503424864806942,0.003538282296597525
85411c37fffffff,CHN,0,1,1,False,26,,,,,,,,,,,,,,,,
85411c4ffffffff,CHN,26,26,26,True,26,5.028225151665768e-05,5.028225151665768e-05,0.0005966452298428027,0.000546362978326145,7.306050506490119e-05,7.306050506490119e-05,0.0007091317009236704,0.0006360711958587693,-0.00040892890889214294,-0.00040892890889214294,0.00033779021960591204,0.000746719128498055,-0.0004397113221017845,-0.0004397113221017845,0.0004670965054615188,0.0009068078275633034
85411c67fffffff,CHN,0,1,4,False,26,,,,,,,,,,,,,,,,
85411c7bfffffff,CHN,1,2,5,False,26,,9.02426437302734e-05,,,,0.00011152800240960716,,,,0.0003828132177747833,,,,0.00047300333467350944,,
85411c87fffffff,HKG,26,26,26,True,26,0.003643695292945067,0.003643695292945067,0.02406053662991439,0.020416841336969326,0.00465374309047522,0.00465374309047522,0.026986933181985726,0.022333190091510507,0.007376465497131603,0.007376465497131603,0.014596593041666429,0.007220127544534825,0.007390940694817363,0.007390940694817363,0.013923549079468474,0.006532608384651111
85411ca3fffffff,HKG,26,26,26,True,26,0.004243591301070345,0.004243591301070345,0.025248703462999997,0.021005112161929653,0.005438021552367411,0.005438021552367411,0.029723991656191946,0.024285970103824543,0.005983586411537988,0.005983586411537988,0.012160895284208027,0.006177308872670041,0.009003523950616833,0.009003523950616833,0.01658027277458663,0.0075767488239698024
85411cabfffffff,CHN,26,26,26,True,26,0.04279842215617472,0.04279842215617472,0.329612029025383,0.28681360686920826,0.05356672317349954,0.05356672317349954,0.3753896028141809,0.3218228796406813,0.09307156394757625,0.09307156394757625,0.27387262534086665,0.18080106139329047,0.1353937734788554,0.1353937734788554,0.3458740339160868,0.2104802604372314
85411caffffffff,CHN,26,26,26,True,26,0.0002191711661348619,0.0002191711661348619,0.001151342326695357,0.000932171160560495,0.0002825328043401975,0.0002825328043401975,0.0013684890472071278,0.0010859562428669307,0.0001145681946260797,0.0001145681946260797,0.00023572390380879584,0.00012115570918271615,0.00018543541293899486,0.00018543541293899486,0.0003301850182215432,0.00014474960528254837
85411cb3fffffff,HKG,26,26,26,True,26,0.001942686514464634,0.001942686514464634,0.01471049757848755,0.012767811064022916,0.0022545329609553392,0.0022545329609553392,0.014974403256970832,0.012719870296015493,0.0020384798944989447,0.0020384798944989447,0.007265268656963327,0.005226788762464383,0.0022059709044493824,0.0022059709044493824,0.007072828625832887,0.0048668577213835055
85411cb7fffffff,HKG,26,26,26,True,26,0.008331545755613894,0.008331545755613894,0.050263755086723,0.04193220933110909,0.006639696163820482,0.006639696163820482,0.036491293810731545,0.029851597646911063,0.014635889196016726,0.014635889196016726,0.03937004657776459,0.02473415738174786,0.01331765262743951,0.01331765262743951,0.03262348169458013,0.019305829067140626
85411cbbfffffff,HKG,26,26,26,True,26,0.001399207180423784,0.001399207180423784,0.0073264968962854764,0.005927289715861691,0.0017778716093946152,0.0017778716093946152,0.008657616774162267,0.006879745164767651,0.003067887588217268,0.003067887588217268,0.005056704083465293,0.0019888164952480258,0.004581189442182037,0.004581189442182037,0.0069944117919668435,0.0024132223497848057
85411d03fffffff,CHN,3,7,6,False,26,,6.411764102942116e-05,,,,8.00484821307234e-05,,,,4.118509751902304e-06,,,,8.49077964038431e-06,,
85411d0ffffffff,CHN,3,7,11,False,26,,0.00015754110683922874,,,,0.0001931995833876919,,,,0.00047459620864152293,,,,0.0005799642783729601,,
85411d4bfffffff,CHN,0,1,0,False,26,,,,,,,,,,,,,,,,
85411d4ffffffff,CHN,26,26,26,True,26,0.005501501820028287,0.005501501820028287,0.04000581628791015,0.03450431446788186,0.0049171442423869595,0.0049171442423869595,0.03530113617882111,0.030383991936434148,0.015434833265357297,0.015434833265357297,0.041334542531555184,0.025899709266197894,0.015283406269197747,0.015283406269197747,0.0423730566282163,0.027089650359018554
85411d57fffffff,CHN,0,1,2,False,26,,,,,,,,,,,,,,,,
85411d63fffffff,CHN,0,0,1,False,26,,,,,,,,,,,,,,,,
85411d7bfffffff,CHN,26,26,26,True,26,0.00014713965940243756,0.00014713965940243756,0.001667724025574677,0.0015205843661722392,0.0002080332052904448,0.0002080332052904448,0.001954122980315374,0.0017460897750249291,0.0001832752682656196,0.0001832752682656196,0.0011623784063411091,0.0009791031380754897,0.00031292882674930706,0.00031292882674930706,0.0014640504019468844,0.001151121575197577
85411d83fffffff,CHN,0,0,1,False,26,,,,,,,,,,,,,,,,
85411dc7fffffff,CHN,26,26,26,True,26,7.118145115184675e-05,7.118145115184675e-05,0.000542740919406771,0.0004715594682549243,9.704911980778907e-05,9.704911980778907e-05,0.000646085711113097,0.0005490365913053078,0.0007602527812957738,0.0007602527812957738,0.001262079187613489,0.000501826406317715,0.0011782073620696027,0.0011782073620696027,0.0017981179539194071,0.0006199105918498043
85411e1bfffffff,CHN,16,17,23,False,26,,4.323089357799377e-05,,,,5.520914025387589e-05,,,,0.001982652173791382,,,,0.003315666622184174,,
8541414bfffffff,VNM,26,26,26,True,26,3.486833914810373e-05,3.486833914810373e-05,0.0005510295830624167,0.0005161612439143129,8.186805116911668e-05,8.186805116911668e-05,0.0006467104971153955,0.0005648424459462787,0.0007110813350185539,0.0007110813350185539,0.0013738738832325863,0.0006627925482140323,0.0011543339300798627,0.0011543339300798627,0.0017915946973438776,0.0006372607672640149
85414183fffffff,VNM,0,0,1,False,26,,,,,,,,,,,,,,,,
854141b3fffffff,VNM,0,1,0,False,26,,,,,,,,,,,,,,,,
8541422bfffffff,VNM,26,26,26,True,26,-0.00015505452228356038,-0.00015505452228356038,0.0020743928816884007,0.0022294474039719608,2.917924843850907e-05,2.917924843850907e-05,0.002434037377808741,0.0024048581293702317,0.0031063518637883913,0.0031063518637883913,0.0073128450878917894,0.004206493224103399,0.0058832022560328275,0.0058832022560328275,0.009965251530323006,0.00408204927429018
85414243fffffff,VNM,0,0,2,False,26,,,,,,,,,,,,,,,,
85414247fffffff,VNM,23,24,25,False,26,,8.194035113363231e-05,,,,6.51508127126942e-05,,,,0.0004994839681127327,,,,0.0006772732836212822,,
85414263fffffff,VNM,0,0,1,False,26,,,,,,,,,,,,,,,,
85414277fffffff,VNM,0,0,1,False,26,,,,,,,,,,,,,,,,
8541430bfffffff,VNM,22,23,25,False,26,,-4.085221100086834e-06,,,,1.1641728496136623e-06,,,,-0.0005364700435194087,,,,-0.0006577505365007824,,
85414313fffffff,VNM,19,23,22,False,26,,-5.68576812547612e-05,,,,-5.375272696119893e-05,,,,0.0003711926690375879,,,,0.0006755235194299353,,
8541434ffffffff,VNM,0,4,2,False,26,,,,,,,,,,,,,,,,
85414357fffffff,VNM,0,2,2,False,26,,,,,,,,,,,,,,,,
8541436bfffffff,VNM,24,24,26,False,26,,0.00016027474009999772,,,,0.00020724410906494833,,,,0.0009496463882859714,,,,0.0014975648736754975,,
85414387fffffff,VNM,0,1,1,False,26,,,,,,,,,,,,,,,,
854143cbfffffff,VNM,16,19,21,False,26,,-1.2798745891628097e-05,,,,-6.094317135323051e-06,,,,-2.4682712336085543e-05,,,,-1.3049655900980464e-05,,
854143cffffffff,VNM,23,23,26,False,26,,-5.2155967467510236e-05,,,,-4.5059482864583546e-05,,,,-0.00025781033562229284,,,,-0.00032183887399465943,,
8541452ffffffff,VNM,26,26,26,True,26,1.3728089126203081e-05,1.3728089126203081e-05,0.000511323736290563,0.0004975956471643598,-1.5667773482559948e-05,-1.5667773482559948e-05,0.0005631333456530473,0.0005788011191356071,0.0002633495822257623,0.0002633495822257623,0.0016100635158874212,0.0013467139336616589,0.00038315264284859873,0.00038315264284859873,0.002041297758609143,0.0016581451157605441
85414537fffffff,VNM,0,0,1,False,26,,,,,,,,,,,,,,,,
854145affffffff,VNM,1,3,8,False,26,,7.115823336980475e-05,,,,9.201964320711484e-05,,,,0.0001610528030416515,,,,0.00019909026243641808,,
8541490ffffffff,LAO,2,7,4,False,26,,3.962264983830308e-05,,,,5.108493048069097e-05,,,,-0.0004415882223722551,,,,-0.0005506528480242639,,
85414a47fffffff,VNM,7,8,24,False,26,,-0.0001833438141394343,,,,-0.00020878569052842506,,,,-0.0005339154180056618,,,,-0.0006463837119757575,,
85414d97fffffff,THA,1,4,2,False,26,,8.087066306801418e-06,,,,1.0150217754267108e-05,,,,0.0008015775045289129,,,,0.0011417610522469859,,
854150abfffffff,CHN,0,2,3,False,26,,,,,,,,,,,,,,,,
8541512ffffffff,VNM,2,6,9,False,26,,2.3608589520925113e-05,,,,4.041328815546201e-05,,,,-0.00026347319400609246,,,,-0.0002712360446434459,,
854153cbfffffff,CHN,26,26,26,True,26,0.006137898796447859,0.006137898796447859,0.05649636638013303,0.05035846758368517,0.008535005809030903,0.008535005809030903,0.06720622095851439,0.05867121514948348,0.015062546107492022,0.015062546107492022,0.044949091290616756,0.029886545183124745,0.02552232560598361,0.02552232560598361,0.06146130905565085,0.035938983449667235
85415657fffffff,CHN,0,0,1,False,26,,,,,,,,,,,,,,,,
854158b3fffffff,VNM,4,5,9,False,26,,3.8821358276830654e-05,,,,5.280935190098846e-05,,,,0.00027350006533009515,,,,0.0003352539208022476,,
854158d7fffffff,VNM,2,4,3,False,26,,-2.278229401554608e-05,,,,-1.89321763272384e-05,,,,-0.0004171512114933445,,,,-0.00047500878364319045,,
85415963fffffff,VNM,14,20,16,False,26,,0.0002440704856748939,,,,0.0002975643077692515,,,,0.001606690202743936,,,,0.0022395659029200215,,
85415993fffffff,VNM,0,1,1,False,26,,,,,,,,,,,,,,,,
85415b77fffffff,CHN,8,11,16,False,26,,2.64600411328062e-05,,,,3.605724123420565e-05,,,,-9.355001016155886e-05,,,,-7.954992284055496e-05,,
85415b9bfffffff,VNM,12,18,17,False,26,,4.750301159419102e-05,,,,6.430361588792128e-05,,,,-0.00022820470301804146,,,,-0.00027648952982053276,,
85415c17fffffff,VNM,24,24,26,False,26,,-3.9180981711680936e-05,,,,-3.804043833637869e-05,,,,-0.000505626987679706,,,,-0.0006239209126973532,,
85415c33fffffff,VNM,0,0,1,False,26,,,,,,,,,,,,,,,,
85415c3bfffffff,VNM,25,26,25,False,26,,3.686833827994276e-05,,,,5.8703496068184066e-05,,,,0.0012688326879506135,,,,0.0020390118301321426,,
85415c83fffffff,VNM,2,5,7,False,26,,1.5984543697447464e-05,,,,2.538732463517179e-05,,,,0.00019365722142584803,,,,0.00024087360947425861,,
85415c97fffffff,VNM,26,26,26,True,26,-3.991351484287359e-05,-3.991351484287359e-05,0.00035799790332548536,0.00039791141816835897,-3.684467209595286e-05,-3.684467209595286e-05,0.0004175206746835506,0.0004543653467795035,-0.0002600157209082374,-0.0002600157209082374,0.0009217800707378721,0.0011817957916461096,-0.00026395833506146583,-0.00026395833506146583,0.0012004361058121017,0.0014643944408735676
85415ca3fffffff,VNM,0,1,3,False,26,,,,,,,,,,,,,,,,
85415ca7fffffff,VNM,2,8,5,False,26,,4.892520266693948e-05,,,,6.0972750360323286e-05,,,,9.303357393288e-05,,,,0.00013479273765799814,,
85415caffffffff,VNM,0,1,0,False,26,,,,,,,,,,,,,,,,
85415cb7fffffff,VNM,26,26,26,True,26,0.00572782833118625,0.00572782833118625,0.03945266135415859,0.03372483302297234,0.006778803381778383,0.006778803381778383,0.04206505950229216,0.035286256120513775,0.05090682378378196,0.05090682378378196,0.11007898273271245,0.0591721589489305,0.07229059285147649,0.07229059285147649,0.13832074238702977,0.06603014953555328
85415cbbfffffff,VNM,25,25,26,False,26,,-9.047370149977763e-05,,,,4.147796377852977e-05,,,,-0.00041076860644334454,,,,0.0006524397703235766,,
85415d63fffffff,VNM,10,13,20,False,26,,5.9764947240125834e-05,,,,7.806191761642963e-05,,,,-0.0002117110982357342,,,,-0.00022768784405084887,,
85415d93fffffff,VNM,5,11,12,False,26,,3.645703609210286e-05,,,,4.714324056395395e-05,,,,4.0987817400569864e-05,,,,5.183998955194497e-05,,
85415dc3fffffff,VNM,0,0,1,False,26,,,,,,,,,,,,,,,,
85415dcffffffff,VNM,24,24,26,False,26,,5.612276848435e-05,,,,6.321836376205863e-05,,,,0.0003153985992578426,,,,0.00046896547869515297,,
85415dd3fffffff,VNM,0,0,1,False,26,,,,,,,,,,,,,,,,
85415ddbfffffff,VNM,25,26,25,False,26,,-7.905271469581272e-05,,,,-7.949550716112825e-05,,,,0.00029424193992431865,,,,0.0007332963996578419,,
85415e3bfffffff,VNM,3,5,6,False,26,,2.8835858051164454e-05,,,,3.5222357109214964e-05,,,,4.080107623247016e-05,,,,3.988115428198299e-05,,
854160a3fffffff,VNM,25,25,26,False,26,,0.00023083531681736868,,,,0.00010157795339454821,,,,0.001924457224047094,,,,0.002012837301814111,,
85416153fffffff,VNM,3,6,10,False,26,,0.00014797738946278002,,,,0.00018461832015945843,,,,0.0005474429906681481,,,,0.0007518165080965803,,
85416427fffffff,VNM,0,1,0,False,26,,,,,,,,,,,,,,,,
8541642ffffffff,VNM,26,26,26,True,26,0.0003415634683744407,0.0003415634683744407,0.0029675628620354066,0.002625999393660966,0.0004751117048807079,0.0004751117048807079,0.0035213316130257707,0.003046219908145063,0.004240977942602363,0.004240977942602363,0.008662887977816737,0.004421910035214374,0.006528216913712823,0.006528216913712823,0.011854573230290042,0.005326356316577219
85416437fffffff,VNM,7,11,13,False,26,,2.074895956263513e-05,,,,3.061632297482814e-05,,,,8.854143296098082e-05,,,,0.00015583095352842202,,
854164a3fffffff,VNM,7,13,15,False,26,,3.856775638226902e-05,,,,5.245663057496377e-05,,,,0.00014724700224799021,,,,0.0002629833136793405,,
85416817fffffff,THA,0,1,2,False,26,,,,,,,,,,,,,,,,
85416827fffffff,THA,26,26,26,True,26,7.845878709048305e-05,7.845878709048305e-05,0.0004595285371234038,0.00038106975003292075,0.00010253607503780245,0.00010253607503780245,0.0005464317637464621,0.00044389568870865974,-0.00041625479958435827,-0.00041625479958435827,0.0003388967869157652,0.0007551515865001236,-0.0005078603137310937,-0.0005078603137310937,0.00045779686994178767,0.0009656571836728812
85416863fffffff,THA,0,3,0,False,26,,,,,,,,,,,,,,,,
85416873fffffff,THA,23,26,23,False,26,,4.855547936626024e-05,,,,6.149040822683699e-05,,,,0.000379572108904828,,,,0.0005330177148725872,,
854168affffffff,THA,0,2,1,False,26,,,,,,,,,,,,,,,,
854168bbfffffff,THA,0,1,2,False,26,,,,,,,,,,,,,,,,
8541692ffffffff,THA,0,1,0,False,26,,,,,,,,,,,,,,,,
85416947fffffff,THA,0,3,0,False,26,,,,,,,,,,,,,,,,
8541694ffffffff,THA,0,1,3,False,26,,,,,,,,,,,,,,,,
85416957fffffff,THA,3,9,6,False,26,,4.994393229461872e-05,,,,6.359380274057521e-05,,,,0.0011378930630823348,,,,0.0017050215560601757,,
8541696bfffffff,THA,0,4,6,False,26,,,,,,,,,,,,,,,,
85416997fffffff,THA,0,0,1,False,26,,,,,,,,,,,,,,,,
854169b3fffffff,THA,11,18,15,False,26,,4.5802403820814454e-05,,,,5.890129657333198e-05,,,,0.0004370851263598007,,,,0.0006149077768146014,,
854169b7fffffff,THA,1,1,2,False,26,,1.3259451474938058e-05,,,,1.959431743133877e-05,,,,-0.000439363450233302,,,,-0.0005411841108345059,,
854169cbfffffff,THA,3,3,14,False,26,,-2.968791427305945e-06,,,,5.253949606666696e-07,,,,0.0,,,,0.0,,
854169d7fffffff,THA,0,0,1,False,26,,,,,,,,,,,,,,,,
85416b17fffffff,THA,0,0,1,False,26,,,,,,,,,,,,,,,,
85416b3bfffffff,THA,0,0,3,False,26,,,,,,,,,,,,,,,,
85416b67fffffff,THA,0,1,2,False,26,,,,,,,,,,,,,,,,
85416b87fffffff,THA,0,0,1,False,26,,,,,,,,,,,,,,,,
85416b8ffffffff,THA,0,1,1,False,26,,,,,,,,,,,,,,,,
85416d07fffffff,THA,0,0,2,False,26,,,,,,,,,,,,,,,,
85416d0bfffffff,THA,0,0,1,False,26,,,,,,,,,,,,,,,,
85416d4bfffffff,LAO|THA,22,23,23,False,26,,2.9939980968403858e-05,,,,4.187569268201624e-05,,,,0.0006465813676317003,,,,0.0009301704541249678,,
85416d8bfffffff,THA,0,0,1,False,26,,,,,,,,,,,,,,,,
85416d93fffffff,THA,0,0,1,False,26,,,,,,,,,,,,,,,,
85416dabfffffff,THA,1,1,19,False,26,,2.6030702262570436e-05,,,,3.557225524214436e-05,,,,-0.00017591541986612837,,,,-0.0002008980141231304,,
85416daffffffff,THA,0,3,1,False,26,,,,,,,,,,,,,,,,
85416dbbfffffff,THA,0,1,0,False,26,,,,,,,,,,,,,,,,
85416edbfffffff,VNM,7,15,10,False,26,,0.00013813932186865078,,,,0.00015197761900884765,,,,0.00015192814409861738,,,,0.0002967267472068496,,
854170a3fffffff,CHN,0,2,2,False,26,,,,,,,,,,,,,,,,
8541710bfffffff,CHN,1,1,3,False,26,,2.2158024647281205e-05,,,,2.950096694150767e-05,,,,0.0,,,,0.0,,
8541728bfffffff,CHN,26,26,26,True,26,0.002073698186915047,0.002073698186915047,0.026736357889734202,0.024662659702819154,0.0029974698090999073,0.0029974698090999073,0.031819565860614143,0.028822096051514232,0.044438474312221664,0.044438474312221664,0.10014562526534948,0.05570715095312781,0.07409230135374383,0.07409230135374383,0.14405270589706812,0.06996040454332429
854172a7fffffff,CHN,0,1,0,False,26,,,,,,,,,,,,,,,,
8541746bfffffff,CHN,0,0,2,False,26,,,,,,,,,,,,,,,,
8541750bfffffff,CHN,19,22,23,False,26,,4.307911251501089e-05,,,,5.7135972044562586e-05,,,,-9.196765483026211e-05,,,,-0.00011290421923051649,,
85417637fffffff,CHN,11,11,15,False,26,,-0.006028123399236546,,,,-0.006361108803157262,,,,-0.031016494639213597,,,,-0.022092110640781006,,
854182c3fffffff,CHN,3,13,12,False,26,,-9.868053453836812e-05,,,,-0.00011246070745920524,,,,-0.00021531714159187378,,,,-0.0002668144488791163,,
8541832bfffffff,CHN,0,0,1,False,26,,,,,,,,,,,,,,,,
8541832ffffffff,CHN,26,26,26,True,26,0.004154756633137523,0.004154756633137523,0.0336005313360674,0.02944577470292988,0.00564410675542006,0.00564410675542006,0.03998087316276126,0.03433676640734121,0.004535446481044901,0.004535446481044901,0.017010562562386002,0.012475116081341102,0.008216308345650682,0.008216308345650682,0.023270183862675826,0.015053875517025146
854184d7fffffff,CHN,26,26,26,True,26,0.00011012120629033316,0.00011012120629033316,0.0021539003404191757,0.0020437791341288425,0.00017909694086605142,0.00017909694086605142,0.0025633029293104233,0.0023842059884443723,4.1941767431818965e-06,4.1941767431818965e-06,0.0008822255965047738,0.000878031419761592,0.00012731698852792142,0.00012731698852792142,0.0011858472536013026,0.001058530265073381
85418893fffffff,CHN,5,14,13,False,26,,1.1767578707193278e-05,,,,2.008603260524913e-05,,,,7.656264355495666e-05,,,,9.460066693470189e-05,,
854188b7fffffff,CHN,0,2,2,False,26,,,,,,,,,,,,,,,,
85418903fffffff,CHN,26,26,26,True,26,0.008295143416303467,0.008295143416303467,0.05783626593078798,0.04954112251448452,0.011010927481023268,0.011010927481023268,0.06877859794575202,0.05776767046472874,0.043382537823190785,0.043382537823190785,0.06820370826861948,0.024821170445428684,0.0689972794599594,0.0689972794599594,0.09901277919506071,0.03001549973510131
85418983fffffff,CHN,26,26,26,True,26,7.743366319285277e-05,7.743366319285277e-05,0.0009921171120116207,0.000914683448818768,0.0001119410360065228,0.0001119410360065228,0.0011805159167245247,0.0010685748807180019,0.0002546734743836325,0.0002546734743836325,0.00037274000757963005,0.00011806653319599757,0.00035484446416169854,0.00035484446416169854,0.0004901700748932906,0.00013532561073159214
854189bbfffffff,CHN,13,16,18,False,26,,-1.606202698306789e-05,,,,-1.6388273734087124e-05,,,,-2.399244658620875e-05,,,,-2.6396310816513714e-05,,
85418b77fffffff,CHN,26,26,26,True,26,8.042538870487213e-05,8.042538870487213e-05,0.00040675931914753904,0.00032633393044266686,0.00010387354840603612,0.00010387354840603612,0.0004844345680559545,0.00038056101964991854,-4.524067850574714e-05,-4.524067850574714e-05,9.832216960342451e-05,0.00014356284810917164,-5.227660751002121e-05,-5.227660751002121e-05,0.00011927085385554028,0.0001715474613655615
85418c87fffffff,CHN,21,22,25,False,26,,7.762353851669459e-05,,,,0.00010052681398096035,,,,4.096084220279653e-05,,,,6.070963697386277e-05,,
85418d47fffffff,CHN,16,17,18,False,26,,6.170911792560929e-05,,,,7.854252778440141e-05,,,,4.1861836166568634e-05,,,,5.146041634021061e-05,,
8541947bfffffff,CHN,0,3,4,False,26,,,,,,,,,,,,,,,,
85419543fffffff,CHN,26,26,26,True,26,0.0003688640290515776,0.0003688640290515776,0.00250155889127854,0.0021326948622269622,0.0004860018825216058,0.0004860018825216058,0.0029765947280306045,0.002490592845508998,0.0008906767357112961,0.0008906767357112961,0.00146006858978363,0.0005693918540723339,0.00133181462348182,0.00133181462348182,0.002024324692674964,0.0006925100691931435
85419657fffffff,CHN,0,1,2,False,26,,,,,,,,,,,,,,,,
8541968ffffffff,CHN,16,18,23,False,26,,4.2080360931078546e-05,,,,5.9333773845073154e-05,,,,-3.126716464720943e-05,,,,-3.1780784146704198e-06,,
85419957fffffff,CHN,0,1,1,False,26,,,,,,,,,,,,,,,,
8541995bfffffff,CHN,0,0,1,False,26,,,,,,,,,,,,,,,,
85419973fffffff,CHN,11,17,18,False,26,,5.781192872317752e-05,,,,7.221074707434897e-05,,,,0.00023479072161622778,,,,0.00028967242057563404,,
85419cc3fffffff,CHN,3,10,10,False,26,,-6.259306565485237e-06,,,,-5.788867134170758e-06,,,,0.0,,,,0.0,,
85419d4bfffffff,CHN,26,26,26,True,26,3.2786921795715965e-05,3.2786921795715965e-05,0.00041673023617987717,0.00038394331438416115,4.753250621381447e-05,4.753250621381447e-05,0.0004959227278371959,0.00044839022162338155,4.4020927694779864e-05,4.4020927694779864e-05,0.00018614123975619772,0.00014212031206141786,6.0299035597940584e-05,6.0299035597940584e-05,0.0002339466313384818,0.00017364759574054123
85419e4bfffffff,CHN,0,0,1,False,26,,,,,,,,,,,,,,,,
85419e73fffffff,CHN,0,0,2,False,26,,,,,,,,,,,,,,,,
8541a087fffffff,CHN,0,1,1,False,26,,,,,,,,,,,,,,,,
8541a0c3fffffff,CHN,26,26,26,True,26,0.0015768784936487676,0.0015768784936487676,0.01836963647395038,0.016792757980301613,0.0022291142785126512,0.0022291142785126512,0.02186012941115701,0.019631015132644362,0.0016450493784003104,0.0016450493784003104,0.004986025219159616,0.003340975840759305,0.002824197609129867,0.002824197609129867,0.006855233497545022,0.004031035888415157
8541a0d7fffffff,CHN,0,3,1,False,26,,,,,,,,,,,,,,,,
8541a0dbfffffff,CHN,0,1,2,False,26,,,,,,,,,,,,,,,,
8541a10ffffffff,CHN,26,26,26,True,26,0.00012189020030090222,0.00012189020030090222,0.0007567048100944583,0.0006348146097935559,0.0001595604072407015,0.0001595604072407015,0.0009001101100948478,0.0007405497028541464,1.4852017168620527e-05,1.4852017168620527e-05,0.00025625988512170797,0.0002414078679530874,2.2052016394373572e-05,2.2052016394373572e-05,0.0003199020790544681,0.00029785006266009456
8541a34ffffffff,CHN,26,26,26,True,26,0.00034087611992527635,0.00034087611992527635,0.0024949636460453433,0.002154087526120067,0.00045522081073699793,0.00045522081073699793,0.0029671796676810688,0.0025119588569440703,-0.0007055939861705553,-0.0007055939861705553,0.0005627406548712963,0.0012683346410418518,-0.0008465161150155171,-0.0008465161150155171,0.0007159911408125709,0.001562507255828088
8541a54ffffffff,CHN,26,26,26,True,26,0.00393669419898494,0.00393669419898494,0.04669354870600491,0.042756854507019965,0.00559169567870781,0.00559169567870781,0.05557942278974121,0.049987727111033414,0.01011273648078905,0.01011273648078905,0.0226739670811022,0.012561230600313155,0.01634601235479696,0.01634601235479696,0.03169404165854103,0.015348029303744074
8541a55bfffffff,TWN,0,3,4,False,26,,,,,,,,,,,,,,,,
8541a563fffffff,CHN,26,26,26,True,26,0.0005966874095198715,0.0005966874095198715,0.005058374597487102,0.004461687187967232,0.0008157033598661532,0.0008157033598661532,0.0060181004313555175,0.005202397071489362,-0.00031952725105419453,-0.00031952725105419453,0.001651361900329952,0.0019708891513841465,-0.00020297479620496776,-0.00020297479620496776,0.0022074441542235886,0.0024104189504285567
8541a667fffffff,CHN,26,26,26,True,26,0.0003686593323927833,0.0003686593323927833,0.003952568566887465,0.0035839092344946808,0.0005247969883790453,0.0005247969883790453,0.004703575357208506,0.00417877836882946,0.0002460891767438389,0.0002460891767438389,0.0012110446878659637,0.000964955511122125,0.0004821844745760117,0.0004821844745760117,0.0016356540379797618,0.00115346956340375
8541b1d3fffffff,CHN,26,26,26,True,26,0.0002953046096949922,0.0002953046096949922,0.002747251678314163,0.002451947068619171,0.00040903075133979827,0.00040903075133979827,0.0032689086178891453,0.0028598778665493473,0.0009497536157320099,0.0009497536157320099,0.0017872549356132124,0.0008375013198812025,0.0014691723169927332,0.0014691723169927332,0.00247480159893379,0.0010056292819410567
8541b28bfffffff,CHN,7,8,8,False,26,,0.00011850783896793398,,,,0.00015083479054170995,,,,6.922681975758654e-05,,,,0.00011849740012904024,,
8541b2cffffffff,CHN,26,26,26,True,26,0.0017426848376331703,0.0017426848376331703,0.017343509196239722,0.015600824358606555,0.0024620883561469525,0.0024620883561469525,0.0206237174594272,0.018161629103280248,-0.000132472115605138,-0.000132472115605138,0.0070636639031556835,0.007196136018760822,0.0009317071267853708,0.0009317071267853708,0.009529983798682255,0.008598276671896886
8541b533fffffff,CHN,26,26,26,True,26,0.002568065576271614,0.002568065576271614,0.02313457034283719,0.020566504766565574,0.0035284733749003263,0.0035284733749003263,0.02750152919641358,0.02397305582151326,0.0015693994122288324,0.0015693994122288324,0.011835492699823418,0.010266093287594587,0.0039012808054867667,0.0039012808054867667,0.016517092312544997,0.012615811507058232
85420047fffffff,PAK,0,0,1,False,26,,,,,,,,,,,,,,,,
8542282bfffffff,PAK,6,8,12,False,26,,0.00010041963469264125,,,,0.00013501400126129793,,,,-1.789720360087875e-07,,,,8.86197061595112e-05,,
85424017fffffff,PAK,4,5,13,False,26,,0.00022239433448969554,,,,0.00028402905517258903,,,,-1.8226305773143037e-05,,,,2.7416151134737615e-05,,
85424027fffffff,PAK,0,0,1,False,26,,,,,,,,,,,,,,,,
8542402ffffffff,PAK,1,2,6,False,26,,-0.00027767129879699534,,,,-0.0003081305551521299,,,,8.052640152082575e-05,,,,9.954513121820904e-05,,
85424047fffffff,PAK,0,0,2,False,26,,,,,,,,,,,,,,,,
8542406bfffffff,PAK,0,0,1,False,26,,,,,,,,,,,,,,,,
8542406ffffffff,PAK,0,0,4,False,26,,,,,,,,,,,,,,,,
854240a7fffffff,PAK,0,0,2,False,26,,,,,,,,,,,,,,,,
8542410bfffffff,PAK,0,0,1,False,26,,,,,,,,,,,,,,,,
8542410ffffffff,PAK,7,9,18,False,26,,-4.792879217970703e-05,,,,-4.65402402839947e-05,,,,0.0003496147947648019,,,,0.0005338018478098567,,
85424117fffffff,PAK,0,0,1,False,26,,,,,,,,,,,,,,,,
85424123fffffff,PAK,2,2,10,False,26,,-7.035640557953091e-05,,,,-7.926251700801732e-05,,,,0.00023847471461502408,,,,0.0004219492992637415,,
8542412ffffffff,PAK,0,0,4,False,26,,,,,,,,,,,,,,,,
85424153fffffff,PAK,26,26,26,True,26,-0.0028979131069982763,-0.0028979131069982763,0.004125802667653105,0.007023715774651383,-0.003160766664227763,-0.003160766664227763,0.004786189214755126,0.007946955878982889,-0.004133116416916421,-0.004133116416916421,0.021526753441430155,0.025659869858346576,-0.0018406628335137878,-0.0018406628335137878,0.029187209041007557,0.031027871874521336
854241a3fffffff,PAK,0,0,2,False,26,,,,,,,,,,,,,,,,
85424247fffffff,PAK,0,0,1,False,26,,,,,,,,,,,,,,,,
8542425bfffffff,PAK,20,20,26,False,26,,-0.00025553443290079965,,,,-0.0002818390064653973,,,,-0.001005843872062482,,,,-0.001098637411007733,,
8542428ffffffff,PAK,3,4,14,False,26,,-9.159205935478801e-05,,,,-9.588500572512038e-05,,,,0.0004340034300311612,,,,0.0006791735986858456,,
854242a7fffffff,PAK,0,0,2,False,26,,,,,,,,,,,,,,,,
85424303fffffff,PAK,26,26,26,True,26,-0.0005676599956695071,-0.0005676599956695071,0.0013930208185464513,0.0019606808142159583,-0.0006117800899520001,-0.0006117800899520001,0.0016575932628548344,0.0022693733528068344,0.0006930248004937258,0.0006930248004937258,0.007283951640552688,0.006590926840058962,0.002090570736787634,0.002090570736787634,0.00998253393687409,0.007891963200086456
85424317fffffff,PAK,0,0,1,False,26,,,,,,,,,,,,,,,,
854243abfffffff,PAK,0,1,2,False,26,,,,,,,,,,,,,,,,
854243cbfffffff,PAK,9,9,13,False,26,,-0.0002263970849421153,,,,-0.0002409364830929935,,,,0.00016291548545796421,,,,0.00026419616916537834,,
854243d7fffffff,PAK,0,0,1,False,26,,,,,,,,,,,,,,,,
8542441bfffffff,PAK,0,2,5,False,26,,,,,,,,,,,,,,,,
8542453bfffffff,PAK,1,1,5,False,26,,2.8443398037630673e-05,,,,4.335573513518373e-05,,,,-5.696702457473905e-05,,,,-5.495014045400144e-05,,
85424803fffffff,IND,14,15,24,False,26,,-0.0008243419523567164,,,,-0.0009431830707285622,,,,-0.0009718457384342068,,,,-0.0010129889092271454,,
8542482bfffffff,IND,26,26,26,True,26,3.3069474277515784e-05,3.3069474277515784e-05,0.00045841434466968904,0.0004253448703921732,4.8911075032298727e-05,4.8911075032298727e-05,0.0005451163716084328,0.0004962052965761341,8.80836568406107e-05,8.80836568406107e-05,0.00011699025608240129,2.890659924179059e-05,0.00011813946237508805,0.00011813946237508805,0.00015315289172476243,3.5013429349674396e-05
85424843fffffff,IND,23,24,25,False,26,,-0.0003354256290180422,,,,-0.0003802261726125378,,,,-0.0009622656223864194,,,,-0.0010287890975999878,,
85424873fffffff,IND,9,16,14,False,26,,6.299550012409888e-05,,,,8.404851456688787e-05,,,,0.0006332003271099196,,,,0.0008803071085840577,,
85424883fffffff,PAK,0,1,3,False,26,,,,,,,,,,,,,,,,
854248b3fffffff,PAK,0,0,3,False,26,,,,,,,,,,,,,,,,
854248d3fffffff,PAK,10,11,21,False,26,,-2.0294789654582187e-05,,,,-7.742330561515917e-06,,,,-1.3961594055792067e-05,,,,6.306774493505334e-05,,
85424903fffffff,IND,26,26,26,True,26,-0.00017306957867457926,-0.00017306957867457926,0.0016297748226385726,0.0018028444013131518,-0.0001581154843173351,-0.0001581154843173351,0.0019395001820831659,0.002097615666400501,-0.0006408877053078511,-0.0006408877053078511,0.0011859476670109572,0.0018268353723188081,-0.0007371462311517346,-0.0007371462311517346,0.001517224442356034,0.0022543706735077686
85424927fffffff,IND,26,26,26,True,26,-0.010235677591658833,-0.010235677591658833,0.03499995618224873,0.04523563377390757,-0.010956992083243394,-0.010956992083243394,0.0416154093537748,0.052572401437018204,-0.012154517252047161,-0.012154517252047161,0.05779935976887055,0.06995387702091772,-0.007588386879841226,-0.007588386879841226,0.07701962332578499,0.08460801020562622
8542492bfffffff,IND,0,0,2,False,26,,,,,,,,,,,,,,,,
8542493bfffffff,IND,1,4,4,False,26,,8.278337467704439e-05,,,,9.629093234447998e-05,,,,0.0,,,,0.0,,
85424953fffffff,IND,1,4,2,False,26,,4.722171404798296e-05,,,,5.9887539834999596e-05,,,,0.0003828132177747833,,,,0.00047300333467350944,,
8542496bfffffff,IND,26,26,26,True,26,0.000638696849355022,0.000638696849355022,0.00314797045479052,0.002509273605435498,0.0008247459383615471,0.0008247459383615471,0.003747048169100151,0.0029223022307386043,-0.0001650879722944493,-0.0001650879722944493,6.904241848989025e-05,0.00023413039078433958,-0.00019911582593937357,-0.00019911582593937357,8.769576583504387e-05,0.00028681159177441743
85424977fffffff,IND,1,4,5,False,26,,1.585720669306328e-05,,,,2.326983590004902e-05,,,,0.0,,,,0.0,,
8542498bfffffff,IND,0,1,0,False,26,,,,,,,,,,,,,,,,
854249a3fffffff,IND,1,4,3,False,26,,-2.486913786402668e-08,,,,8.184847315422254e-06,,,,8.052640152082575e-05,,,,9.954513121820904e-05,,
854249a7fffffff,IND,26,26,26,True,26,0.0006970425781355557,0.0006970425781355557,0.007811750534618883,0.007114707956483327,0.0010176612617839897,0.0010176612617839897,0.009294797884623873,0.008277136622839883,0.0005334835258783952,0.0005334835258783952,0.005254077354100431,0.004720593828222037,0.0013670512620212862,0.0013670512620212862,0.0070226671614946395,0.005655615899473354
854249affffffff,IND,25,25,26,False,26,,7.523250707521363e-05,,,,0.00010291135682501193,,,,0.0002627703139236489,,,,0.0004702120495435422,,
854249cbfffffff,IND,3,6,14,False,26,,4.3713108119739046e-05,,,,5.918356760016035e-05,,,,0.0004706195288315892,,,,0.0006132475072152601,,
854249d3fffffff,IND,26,26,26,True,26,5.650670236670109e-05,5.650670236670109e-05,0.0008705709195500819,0.0008140642171833808,8.803073015998493e-05,8.803073015998493e-05,0.001035739796787044,0.0009477090666270594,-0.00022514913891816314,-0.00022514913891816314,0.00040063948471466613,0.0006257886236328294,-0.00021652057041463303,-0.00021652057041463303,0.0005332752028598666,0.0007497957732744997
85424a03fffffff,IND,0,0,2,False,26,,,,,,,,,,,,,,,,
85424aaffffffff,IND,15,17,22,False,26,,-4.1340113327390136e-05,,,,-4.370929092467045e-05,,,,-6.35266809765442e-05,,,,-5.8500101832001414e-05,,
85424b0bfffffff,IND,25,26,25,False,26,,-7.801272459099045e-05,,,,-6.885151295014094e-05,,,,9.255484635538275e-05,,,,0.0003130332032310964,,
85424b23fffffff,IND,1,3,6,False,26,,3.818302810972689e-05,,,,4.72755778516504e-05,,,,0.0,,,,0.0,,
85424b67fffffff,IND,26,26,26,True,26,0.00010496804323612429,0.00010496804323612429,0.001346599481175867,0.0012416314379397424,0.00015327467619125317,0.00015327467619125317,0.001601693554048968,0.0014484188778577148,0.0011141716143610299,0.0011141716143610299,0.0016326831065470089,0.000518511492185979,0.001671228908317657,0.001671228908317657,0.0022968433495290787,0.000625614441211422
85424b6ffffffff,IND,0,1,1,False,26,,,,,,,,,,,,,,,,
85424b77fffffff,IND,1,2,5,False,26,,-0.00012705227018253314,,,,-0.00014759303839951524,,,,-0.00042074969180085076,,,,-0.0005181454537917885,,
85424b97fffffff,IND,11,12,22,False,26,,-8.252077047548882e-05,,,,-8.293317060758253e-05,,,,0.0003046909529737688,,,,0.0006352325454342544,,
85424b9bfffffff,IND,0,1,2,False,26,,,,,,,,,,,,,,,,
85424bb7fffffff,IND,0,0,12,False,26,,,,,,,,,,,,,,,,
85424bcbfffffff,IND,19,20,24,False,26,,0.0001351295137702627,,,,0.00016749347343084697,,,,0.0003910650619650831,,,,0.0005577114719157603,,
85424c07fffffff,PAK,0,10,4,False,26,,,,,,,,,,,,,,,,
85424c2bfffffff,PAK,9,9,25,False,26,,-0.00022137687425434304,,,,-0.00024717471335737747,,,,-0.0006133028686200091,,,,-0.0006466415485252122,,
85424c2ffffffff,PAK,1,1,5,False,26,,4.266509705644605e-05,,,,6.503360270277558e-05,,,,-0.00013749342609556482,,,,-0.00015449527167221046,,
85424c43fffffff,PAK,1,4,2,False,26,,0.0005338359651007196,,,,0.0006058673523410662,,,,0.001504510834159125,,,,0.0018674728017613518,,
85424c73fffffff,PAK,24,24,26,False,26,,-0.00041504142358721755,,,,-0.0004528527860157698,,,,-0.0021948258906306305,,,,-0.002325465090355116,,
85424c8bfffffff,PAK,1,2,5,False,26,,4.2689966194310036e-05,,,,5.684875538735333e-05,,,,8.052640152082575e-05,,,,9.954513121820904e-05,,
85424cb3fffffff,PAK,26,26,26,True,26,-0.003013234784347442,-0.003013234784347442,0.004857064802077698,0.007870299586425138,-0.003310128467218288,-0.003310128467218288,0.005738470621927489,0.009048599089145777,-0.0033101066921167877,-0.0033101066921167877,0.021015391778842228,0.024325498470959016,-0.0007404292785558448,-0.0007404292785558448,0.0282744265619359,0.02901485584049174
85424cbbfffffff,PAK,8,9,12,False,26,,-4.851626890469029e-05,,,,-4.328325271320788e-05,,,,-0.00017529480276292863,,,,-9.658652891568213e-05,,
85424ccbfffffff,PAK,3,3,10,False,26,,3.6209250860361494e-05,,,,5.7786737853657715e-05,,,,-6.0337134432987354e-05,,,,-1.1258964723217284e-05,,
85424cd7fffffff,PAK,0,0,3,False,26,,,,,,,,,,,,,,,,
85424d07fffffff,PAK,26,26,26,True,26,-0.038920011366603065,-0.038920011366603065,0.05241220331043247,0.09133221467703555,-0.042801611652630474,-0.042801611652630474,0.06142382712515873,0.10422543877778921,-0.062384456245388735,-0.062384456245388735,0.24027415929213147,0.3026586155375202,-0.038754024822484474,-0.038754024822484474,0.32146121708425013,0.3602152419067346
85424d0bfffffff,PAK,0,0,2,False,26,,,,,,,,,,,,,,,,
85424d0ffffffff,PAK,1,1,9,False,26,,2.1142942257417716e-05,,,,3.1026447866732006e-05,,,,0.0001590007090879976,,,,0.00022124219068202713,,
85424d17fffffff,PAK,26,26,26,True,26,-0.0015963740609300434,-0.0015963740609300434,0.002135006159830227,0.00373138022076027,-0.0017847383197599302,-0.0017847383197599302,0.002538544478809081,0.004323282798569011,-0.0019341677508702862,-0.0019341677508702862,0.008095707681397585,0.010029875432267871,-0.001562897613217457,-0.001562897613217457,0.010622363984168425,0.012185261597385881
85424d27fffffff,IND,26,26,26,True,26,-0.006731684269096546,-0.006731684269096546,0.006716151393051498,0.013447835662148041,-0.0076304286403542105,-0.0076304286403542105,0.007959165403392376,0.015589594043746586,-0.0004677133529354177,-0.0004677133529354177,0.014212333723165462,0.014680047076100879,0.001908299243811184,0.001908299243811184,0.01932047545946746,0.017412176215656272
85424d4bfffffff,PAK,2,2,20,False,26,,-0.00011755833410550714,,,,-0.00012816550915762472,,,,-0.0008689194744292594,,,,-0.0009573785031281383,,
85424d57fffffff,PAK,5,5,14,False,26,,-5.9380589187275436e-05,,,,-6.300677945854868e-05,,,,-0.00012426159609617472,,,,-0.00011340685491500189,,
85424d5bfffffff,PAK,7,7,16,False,26,,-0.00011998865993899316,,,,-0.00013020691416328831,,,,0.00020526513181561994,,,,0.0003443480026241415,,
85424d63fffffff,PAK,2,4,3,False,26,,0.00010045668895135543,,,,0.00012389409153539376,,,,7.463655728430408e-05,,,,8.839638352715713e-05,,
85424d73fffffff,PAK,3,4,12,False,26,,-2.7425961576498343e-05,,,,-2.6080771369550775e-05,,,,0.00013679699018269694,,,,0.00021053065867962916,,
85424d83fffffff,PAK,14,15,22,False,26,,6.260491938754273e-05,,,,8.64587882820941e-05,,,,-3.546081384349777e-05,,,,1.62618958558206e-05,,
85424d8ffffffff,PAK,1,1,6,False,26,,0.00011424450424516435,,,,0.00014066338415315928,,,,0.00015751492676226213,,,,0.0002054093206759939,,
85424dabfffffff,PAK,0,0,2,False,26,,,,,,,,,,,,,,,,
85424ddbfffffff,PAK,1,1,7,False,26,,0.00024905381679431665,,,,0.00032206875122490195,,,,0.00018461217998773821,,,,0.00024368525320062566,,
85424e03fffffff,PAK,3,3,9,False,26,,6.528088315569572e-06,,,,1.6195353578604336e-05,,,,0.0006430005639650018,,,,0.0008255904842034089,,
85424e33fffffff,PAK,15,15,24,False,26,,-0.00021829321675835645,,,,-0.0002437721904410731,,,,-0.00022210601248181486,,,,-6.94444154706719e-05,,
85424e83fffffff,PAK,5,6,12,False,26,,-4.723655574312008e-05,,,,-4.6455700197399785e-05,,,,0.0002811880765473683,,,,0.00038798282115470075,,
85424e9bfffffff,PAK,4,4,11,False,26,,0.00033835723219462644,,,,0.0004115317899364619,,,,0.0002897725957074937,,,,0.0003852541415545847,,
85424ea3fffffff,PAK,0,1,2,False,26,,,,,,,,,,,,,,,,
85424ecffffffff,PAK,0,0,1,False,26,,,,,,,,,,,,,,,,
85425093fffffff,PAK,16,24,17,False,26,,-0.00015916218514926093,,,,-0.00015815681246072506,,,,0.001256585346688585,,,,0.0020865899901627376,,
854252cbfffffff,PAK,1,1,1,False,26,,4.2689966194310036e-05,,,,5.684875538735333e-05,,,,1.1779688473043343e-05,,,,2.2297495382103807e-05,,
85425337fffffff,IND,0,0,4,False,26,,,,,,,,,,,,,,,,
85425433fffffff,PAK,6,6,15,False,26,,-6.083435585568493e-05,,,,-5.9504486462072466e-05,,,,0.0002212879671709445,,,,0.00035295731295648445,,
85425447fffffff,PAK,0,1,5,False,26,,,,,,,,,,,,,,,,
85425467fffffff,PAK,17,18,25,False,26,,-0.00010714627673878287,,,,-0.00011299825815250475,,,,0.0003107385166174118,,,,0.0005761481349607587,,
8542546ffffffff,PAK,0,1,1,False,26,,,,,,,,,,,,,,,,
854254a3fffffff,PAK,0,0,3,False,26,,,,,,,,,,,,,,,,
85425507fffffff,PAK,0,1,1,False,26,,,,,,,,,,,,,,,,
8542552ffffffff,PAK,2,3,7,False,26,,7.318500088594146e-05,,,,9.406367370014707e-05,,,,0.0005009148759942165,,,,0.0006360500970377153,,
85425543fffffff,PAK,0,1,1,False,26,,,,,,,,,,,,,,,,
85425563fffffff,PAK,0,0,2,False,26,,,,,,,,,,,,,,,,
854255cffffffff,PAK,5,6,14,False,26,,-0.00018766281215489472,,,,-0.00019668979295850222,,,,0.00011053455593741562,,,,0.00021321871023199934,,
85425613fffffff,PAK,0,0,1,False,26,,,,,,,,,,,,,,,,
854259cbfffffff,IND,25,25,26,False,26,,-0.00027513928073372336,,,,-0.00030178130484969664,,,,-0.0002078918871312496,,,,-9.932188074218482e-05,,
85425a6ffffffff,IND,26,26,26,True,26,-0.0046809178197742725,-0.0046809178197742725,0.005223456994125878,0.009904374813900151,-0.005261672947386729,-0.005261672947386729,0.0062043221082189424,0.011465995055605674,-0.004119605293753594,-0.004119605293753594,0.0082864387525409,0.012406044046294492,-0.0036136317114767824,-0.0036136317114767824,0.01113970963488395,0.014753341346360733
85425da7fffffff,IND,2,2,5,False,26,,2.426648291369383e-05,,,,3.578001334647918e-05,,,,0.0004018759189350318,,,,0.000488532275906122,,
85426137fffffff,PAK,0,1,8,False,26,,,,,,,,,,,,,,,,
8542614ffffffff,PAK,0,0,1,False,26,,,,,,,,,,,,,,,,
85426517fffffff,AFG,0,0,1,False,26,,,,,,,,,,,,,,,,
85426863fffffff,PAK,0,0,4,False,26,,,,,,,,,,,,,,,,
8542686ffffffff,PAK,0,0,1,False,26,,,,,,,,,,,,,,,,
854268cbfffffff,PAK,10,10,21,False,26,,-6.850559565324557e-05,,,,-6.857598353907446e-05,,,,-0.00017728750977361827,,,,-9.313323069568081e-05,,
854268cffffffff,PAK,11,11,20,False,26,,8.943321305080646e-05,,,,0.00012452592547343127,,,,0.0005306880330590851,,,,0.0007183473517013532,,
85426907fffffff,PAK,8,9,21,False,26,,-0.0007155708029318565,,,,-0.0008130041849322468,,,,-0.002247296288286964,,,,-0.0025195519539010095,,
85426957fffffff,PAK,8,8,14,False,26,,-9.256065966616449e-05,,,,-9.382213320292972e-05,,,,0.00037244773425206413,,,,0.0005027292719626737,,
85426987fffffff,PAK,26,26,26,True,26,-0.01130528698562149,-0.01130528698562149,0.015928336396306832,0.02723362338192832,-0.012373552600537734,-0.012373552600537734,0.01751126055736999,0.02988481315790773,-0.03360985556677081,-0.03360985556677081,0.06481508431824004,0.09842493988501085,-0.03316822345095104,-0.03316822345095104,0.08345113183614347,0.11661935528709451
85426993fffffff,PAK,0,2,1,False,26,,,,,,,,,,,,,,,,
854269a3fffffff,PAK,1,2,13,False,26,,-4.27645736079021e-05,,,,-3.229421344108662e-05,,,,-0.00010215436067643476,,,,-8.760278552589899e-05,,
854269abfffffff,PAK,0,0,6,False,26,,,,,,,,,,,,,,,,
854269b3fffffff,PAK,9,9,19,False,26,,-0.0001963541290849148,,,,-0.00021841449313643062,,,,-7.621124737301952e-05,,,,-1.0339332382244802e-05,,
85426a37fffffff,PAK,0,0,2,False,26,,,,,,,,,,,,,,,,
85426a67fffffff,PAK,17,18,24,False,26,,-6.009740780024946e-05,,,,-4.823846042498196e-05,,,,0.00016046140001253485,,,,0.0004892566619028436,,
85426b17fffffff,PAK,0,0,1,False,26,,,,,,,,,,,,,,,,
85426b2ffffffff,PAK,0,0,5,False,26,,,,,,,,,,,,,,,,
85426b47fffffff,PAK,0,0,1,False,26,,,,,,,,,,,,,,,,
85426b57fffffff,PAK,1,1,3,False,26,,-6.40971221361251e-05,,,,-6.481101479247441e-05,,,,0.00022979951608943392,,,,0.0002763378982725233,,
85426b9bfffffff,PAK,0,0,2,False,26,,,,,,,,,,,,,,,,
85426bb7fffffff,PAK,0,0,6,False,26,,,,,,,,,,,,,,,,
85426bc7fffffff,PAK,26,26,26,True,26,-0.0007329178210265216,-0.0007329178210265216,0.001037730909200312,0.0017706487302268335,-0.0008138340553697416,-0.0008138340553697416,0.001235118881253681,0.0020489529366234226,-0.0027467532316499013,-0.0027467532316499013,0.0035688388102866693,0.006315592041936572,-0.0029412794049876183,-0.0029412794049876183,0.004745166084258848,0.007686445489246466
85426bcbfffffff,PAK,0,1,1,False,26,,,,,,,,,,,,,,,,
85426bdbfffffff,PAK,1,1,3,False,26,,-2.486913786402668e-08,,,,8.184847315422254e-06,,,,0.0001610528030416515,,,,0.00019909026243641808,,
85426c57fffffff,PAK,13,13,25,False,26,,-0.0004421771967517364,,,,-0.00048056352171461984,,,,-0.0007372282042276563,,,,-0.0005010668596225853,,
85426caffffffff,PAK,0,0,1,False,26,,,,,,,,,,,,,,,,
85426d17fffffff,PAK,1,1,2,False,26,,6.404738386039706e-05,,,,8.118070942331888e-05,,,,1.1779688473043343e-05,,,,2.2297495382103807e-05,,
85426d23fffffff,PAK,26,26,26,True,26,-0.001377494089382249,-0.001377494089382249,0.002101781984911067,0.0034792760742933158,-0.0015289526797455722,-0.0015289526797455722,0.002501274304936996,0.004030226984682569,-0.004233809771683215,-0.004233809771683215,0.0072769441836319365,0.011510753955315152,-0.004086538000744549,-0.004086538000744549,0.009752167708911873,0.013838705709656422
85426d2ffffffff,PAK,15,15,22,False,26,,-8.345754310009296e-05,,,,-7.38335596526546e-05,,,,3.2304681494243254e-05,,,,0.00020236038696287326,,
85426d33fffffff,PAK,0,0,5,False,26,,,,,,,,,,,,,,,,
85426d37fffffff,PAK,0,0,1,False,26,,,,,,,,,,,,,,,,
85426d3bfffffff,PAK,22,23,24,False,26,,-0.0005562214508824208,,,,-0.0006256581799622413,,,,-0.0016180161325109641,,,,-0.0015415338589611271,,
85426d47fffffff,PAK,0,0,1,False,26,,,,,,,,,,,,,,,,
85426d6bfffffff,PAK,1,1,2,False,26,,4.2689966194310036e-05,,,,5.684875538735333e-05,,,,0.0001610528030416515,,,,0.00019909026243641808,,
85426d83fffffff,PAK,0,0,2,False,26,,,,,,,,,,,,,,,,
85426d8bfffffff,PAK,26,26,26,True,26,-0.003436179881231179,-0.003436179881231179,0.007270178098744062,0.01070635797997524,-0.0037325378591120772,-0.0037325378591120772,0.008538794216946307,0.012271332076058386,-0.00426917090234013,-0.00426917090234013,0.031896463268497204,0.03616563417083733,-0.0009415953836097558,-0.0009415953836097558,0.04257057537223397,0.043512170755843724
85426d8ffffffff,PAK,0,0,1,False,26,,,,,,,,,,,,,,,,
85426dabfffffff,PAK,0,0,2,False,26,,,,,,,,,,,,,,,,
85426db3fffffff,PAK,25,25,26,False,26,,-0.0023160945149413655,,,,-0.002632462847999459,,,,-0.007188969965449673,,,,-0.00823918451717902,,
85426dbbfffffff,PAK,1,1,9,False,26,,5.69116652131254e-05,,,,7.852662295494521e-05,,,,-0.00012571373762252147,,,,-0.00013219777629010665,,
85426dcbfffffff,PAK,17,17,26,False,26,,-0.00017103703357227194,,,,-0.00017927066195651262,,,,0.0018352333116161104,,,,0.00346631855386122,,
85426e6bfffffff,PAK,2,3,3,False,26,,-1.6051582801683072e-05,,,,-1.1110606418776516e-05,,,,0.0003330243957741785,,,,0.00040174699604834897,,
85426e73fffffff,PAK,18,19,23,False,26,,-6.835029528347152e-05,,,,-5.070451749558508e-05,,,,0.00018176588297553586,,,,0.00038362599545233765,,
85426ec7fffffff,PAK,0,0,1,False,26,,,,,,,,,,,,,,,,
854271affffffff,PAK,0,0,1,False,26,,,,,,,,,,,,,,,,
85427233fffffff,PAK,1,1,3,False,26,,2.8443398037630673e-05,,,,4.335573513518373e-05,,,,-0.00012571373762252147,,,,-0.00013219777629010665,,
85427543fffffff,PAK,26,26,26,True,26,-0.0015603912955838744,-0.0015603912955838744,0.002294916632327515,0.0038553079279113893,-0.0017347068949156318,-0.0017347068949156318,0.0027299824112665934,0.004464689306182225,-0.0034868450290113226,-0.0034868450290113226,0.010323230248586352,0.013810075277597672,-0.002754234875639604,-0.002754234875639604,0.013844620459715145,0.016598855335354747
8542c00ffffffff,IND,0,0,1,False,26,,,,,,,,,,,,,,,,
8542c027fffffff,IND,24,25,25,False,26,,-5.7816902250562846e-05,,,,-5.387182996379765e-05,,,,0.001273394765215205,,,,0.001982581040257157,,
8542c057fffffff,IND,18,18,26,False,26,,1.3575544779567267e-07,,,,1.0288173963489153e-05,,,,0.0005611196968563594,,,,0.0008173284269316082,,
8542c097fffffff,IND,4,4,10,False,26,,6.754179088279663e-05,,,,8.582829960669701e-05,,,,0.0003659561206124139,,,,0.00045766223484099567,,
8542c0cbfffffff,IND,1,1,2,False,26,,0.0001921670207190552,,,,0.0002353572809545344,,,,0.0,,,,0.0,,
8542c10ffffffff,IND,0,6,4,False,26,,,,,,,,,,,,,,,,
8542c127fffffff,IND,1,1,6,False,26,,6.359340975098897e-05,,,,8.240913581646368e-05,,,,-0.0001294612341280527,,,,-0.00014495400609386641,,
8542c14bfffffff,IND,0,2,3,False,26,,,,,,,,,,,,,,,,
8542c16bfffffff,IND,2,24,2,False,26,,4.9357148775871704e-05,,,,7.007168913194782e-05,,,,0.0022236640658957513,,,,0.0033394032110231854,,
8542c217fffffff,IND,0,1,3,False,26,,,,,,,,,,,,,,,,
8542c223fffffff,IND,0,3,1,False,26,,,,,,,,,,,,,,,,
8542c24bfffffff,IND,0,0,1,False,26,,,,,,,,,,,,,,,,
8542c257fffffff,IND,0,0,2,False,26,,,,,,,,,,,,,,,,
8542c267fffffff,IND,1,1,3,False,26,,5.5867756559249845e-05,,,,6.988223949815143e-05,,,,0.0007513643912957408,,,,0.0008850842313524252,,
8542c277fffffff,IND,10,10,17,False,26,,0.0003146038667316556,,,,0.0004078790863100377,,,,-0.00032177037687205524,,,,-0.0003054847624497289,,
8542c2d3fffffff,IND,8,10,11,False,26,,0.0002237587887582007,,,,0.0002766033166907791,,,,0.00022622044927693349,,,,0.00038128069167732816,,
8542c31bfffffff,IND,0,0,1,False,26,,,,,,,,,,,,,,,,
8542c39bfffffff,IND,26,26,26,True,26,-0.0027261387225666206,-0.0027261387225666206,0.004380595573547599,0.00710673429611422,-0.0030363426603589936,-0.0030363426603589936,0.005192106549547339,0.008228449209906334,0.001172225853630582,0.001172225853630582,0.01150792673442508,0.0103357008807945,0.0032694344197702623,0.0032694344197702623,0.015577649136212353,0.012308214716442094
8542c3cbfffffff,IND,26,26,26,True,26,-0.000225358053842713,-0.000225358053842713,0.000878730630490768,0.001104088684333481,-0.00023945011725561087,-0.00023945011725561087,0.0010452348012533867,0.0012846849185089973,-0.0004283578135412898,-0.0004283578135412898,0.0010866579875615243,0.0015150158011028143,-0.00035862288143549253,-0.00035862288143549253,0.0014906601802189379,0.0018492830616544302
8542c3d3fffffff,IND,1,2,2,False,26,,6.889903204298841e-05,,,,9.09468339648406e-05,,,,0.0003572002643281956,,,,0.000447613548366882,,
8542c423fffffff,IND,4,5,8,False,26,,7.925172666554343e-06,,,,1.9235528039907773e-05,,,,8.063000543249128e-05,,,,0.00014307984862949616,,
8542c46ffffffff,IND,0,0,5,False,26,,,,,,,,,,,,,,,,
8542c47bfffffff,IND,0,1,1,False,26,,,,,,,,,,,,,,,,
8542c54bfffffff,IND,10,10,19,False,26,,-0.00011136631116232584,,,,-0.00011686537087128868,,,,-0.00034773167765089145,,,,-0.0003778419441655653,,
8542c623fffffff,IND,2,4,6,False,26,,-3.002551914959748e-06,,,,1.1916800571153531e-05,,,,0.00011489975804471696,,,,0.00013816894913626165,,
8542c803fffffff,IND,0,0,2,False,26,,,,,,,,,,,,,,,,
8542c857fffffff,IND,0,1,1,False,26,,,,,,,,,,,,,,,,
8542c863fffffff,IND,1,2,6,False,26,,4.2689966194310036e-05,,,,5.684875538735333e-05,,,,9.230608999386911e-05,,,,0.00012184262660031283,,
8542c8c7fffffff,IND,26,26,26,True,26,0.00021437307759624775,0.00021437307759624775,0.0007843603319278654,0.0005699872543316176,0.00027249583249201606,0.00027249583249201606,0.0009346248024213048,0.0006621289699292887,0.00022084711193049168,0.00022084711193049168,0.00044484004546743505,0.00022399293353694337,0.0003464453201497898,0.0003464453201497898,0.0006121291879405844,0.00026568386779079464
8542c9d7fffffff,IND,0,1,0,False,26,,,,,,,,,,,,,,,,
8542ca37fffffff,IND,0,1,2,False,26,,,,,,,,,,,,,,,,
8542ca53fffffff,IND,14,14,26,False,26,,-0.00028180205304843977,,,,-0.00032148564730545543,,,,-0.001589584842946856,,,,-0.0018627910651627486,,
8542ca5bfffffff,IND,7,7,19,False,26,,-5.104788782323332e-05,,,,-4.742795774928656e-05,,,,0.00038639635999415076,,,,0.0005082671659373401,,
8542ca6bfffffff,IND,0,3,2,False,26,,,,,,,,,,,,,,,,
8542ca77fffffff,IND,0,1,0,False,26,,,,,,,,,,,,,,,,
8542ca8ffffffff,IND,26,26,26,True,26,-0.00500307816340074,-0.00500307816340074,0.004570054893873126,0.009573133057273866,-0.005672944571084867,-0.005672944571084867,0.005396518841500489,0.011069463412585355,-0.008319772671686375,-0.008319772671686375,0.016058252526932937,0.02437802519861931,-0.008138457501023743,-0.008138457501023743,0.02150347662680812,0.029641934127831858
8542ca93fffffff,IND,0,1,1,False,26,,,,,,,,,,,,,,,,
8542caa3fffffff,IND,0,0,2,False,26,,,,,,,,,,,,,,,,
8542cab7fffffff,IND,0,0,1,False,26,,,,,,,,,,,,,,,,
8542cb87fffffff,IND,2,2,11,False,26,,-3.528888702845117e-06,,,,3.8465215302748075e-06,,,,9.003922642229459e-05,,,,0.00014641180284071388,,
8542cc03fffffff,IND,10,15,15,False,26,,4.771302286777016e-05,,,,7.794370702573075e-05,,,,0.0010226507587697761,,,,0.001400531942036448,,
8542cc2ffffffff,IND,3,8,8,False,26,,-1.8690460951643892e-05,,,,-1.4034413163643768e-05,,,,-0.000299237412248905,,,,-0.0003336960870911829,,
8542cc3bfffffff,IND,0,1,0,False,26,,,,,,,,,,,,,,,,
8542cc47fffffff,IND,2,2,5,False,26,,0.0005668243197210572,,,,0.0006717678702284757,,,,-6.98898001090842e-05,,,,-6.828234213917957e-05,,
8542cc5bfffffff,IND,0,0,6,False,26,,,,,,,,,,,,,,,,
8542cc63fffffff,IND,24,24,26,False,26,,7.122981391837248e-06,,,,2.048893187948369e-05,,,,0.001230082153087365,,,,0.0019164880475121763,,
8542cc6ffffffff,IND,0,0,1,False,26,,,,,,,,,,,,,,,,
8542cc77fffffff,IND,0,0,1,False,26,,,,,,,,,,,,,,,,
8542cc7bfffffff,IND,7,8,12,False,26,,0.0001404375095145597,,,,0.00019352743232507066,,,,0.00015553624765147543,,,,0.00022406730118135928,,
8542cc83fffffff,IND,0,0,8,False,26,,,,,,,,,,,,,,,,
8542ccabfffffff,IND,3,4,8,False,26,,3.8312108002818266e-05,,,,5.22295600506703e-05,,,,8.07124962750667e-05,,,,0.00011659348981963175,,
8542ccbbfffffff,IND,0,0,1,False,26,,,,,,,,,,,,,,,,
8542cd4bfffffff,IND,2,2,5,False,26,,6.247512337351698e-05,,,,7.947883803289982e-05,,,,0.000577112642342963,,,,0.0007538381669861778,,
8542ce27fffffff,IND,14,15,23,False,26,,-6.489376459647402e-05,,,,-6.32362623619017e-05,,,,-0.0001992915197347829,,,,-0.00016775371498336475,,
8542ce2bfffffff,IND,2,4,6,False,26,,-8.334013129000718e-05,,,,-9.073575649574065e-05,,,,0.0004606241840749555,,,,0.0006135004204855044,,
8542ce2ffffffff,IND,24,26,24,False,26,,-5.196788106558135e-05,,,,-5.21151196067058e-05,,,,-0.00016201307368177959,,,,-0.0001514891566281935,,
8542ce37fffffff,IND,2,6,8,False,26,,-4.237788957405591e-05,,,,-4.729409443394783e-05,,,,-0.000219681725116651,,,,-0.0002705920554172529,,
8542ce63fffffff,IND,3,5,9,False,26,,1.139330823569984e-05,,,,1.9244784114410965e-05,,,,0.00010834560904410505,,,,0.0001329179917345162,,
8542cea7fffffff,IND,26,26,26,True,26,-0.013816635737511785,-0.013816635737511785,0.030642896107675646,0.04445953184518743,-0.01515503706013968,-0.01515503706013968,0.03636374776359855,0.05151878482373822,-0.012079365687318674,-0.012079365687318674,0.0661065054256076,0.07818587111292626,-0.005703462501723285,-0.005703462501723285,0.088688378579357,0.09439184108108029
8542ceb3fffffff,IND,4,8,13,False,26,,-3.6884097781633737e-05,,,,-3.744717909701083e-05,,,,-8.791863996818989e-05,,,,-7.292699655140288e-05,,
8542ceb7fffffff,IND,0,1,0,False,26,,,,,,,,,,,,,,,,
8542d1abfffffff,IND,5,7,5,False,26,,0.0007732319413694172,,,,0.000979088118111061,,,,5.3705092567878725e-05,,,,9.252750283950905e-05,,
8542d913fffffff,IND,0,0,1,False,26,,,,,,,,,,,,,,,,
8542d933fffffff,IND,1,2,6,False,26,,-0.00014952679280047322,,,,-0.00016213883093633657,,,,-0.0001826807621972605,,,,-0.00018714791674410806,,
8542d943fffffff,IND,14,14,22,False,26,,1.2079672988275778e-05,,,,2.1887225805070096e-05,,,,-7.905671113156745e-05,,,,-3.5517163935852874e-05,,
8542d94bfffffff,IND,0,0,1,False,26,,,,,,,,,,,,,,,,
8542d957fffffff,IND,21,23,24,False,26,,-6.451258438226168e-05,,,,-6.707488808570966e-05,,,,-4.648658811803423e-05,,,,-5.154271532747892e-05,,
8542d983fffffff,IND,2,2,26,False,26,,-0.0001951529813728046,,,,-0.00022317488323159051,,,,-0.0024447036648048413,,,,-0.0030145742752881108,,
8542d98ffffffff,IND,2,2,4,False,26,,-2.995296575830716e-05,,,,-2.8900734860367406e-05,,,,-0.0003028834375048886,,,,-0.0003331143338462859,,
8542d997fffffff,IND,0,1,1,False,26,,,,,,,,,,,,,,,,
8542d99bfffffff,IND,3,3,6,False,26,,-5.231149731539042e-05,,,,-5.266327239373864e-05,,,,0.00017028584346436885,,,,0.00021994543290146767,,
8542d9c7fffffff,IND,0,0,1,False,26,,,,,,,,,,,,,,,,
8542d9cffffffff,IND,9,10,18,False,26,,-0.00047003818530119094,,,,-0.0005273658315823619,,,,0.00014564209658889644,,,,0.0002728625749392084,,
8542d9d7fffffff,IND,26,26,26,True,26,-0.0110719531926516,-0.0110719531926516,0.014916370358174051,0.02598832355082565,-0.0124314115819892,-0.0124314115819892,0.01767279258695771,0.03010420416894691,-0.017338041468230193,-0.017338041468230193,0.04572717208528691,0.0630652135535171,-0.015593435227810131,-0.015593435227810131,0.06116032850287442,0.07675376373068456
8542db2ffffffff,IND,19,21,23,False,26,,8.93680384966888e-05,,,,0.00011485383409769733,,,,0.00011230280264094131,,,,0.0001512445337877213,,
8542db4bfffffff,IND,26,26,26,True,26,-0.000881591990308804,-0.000881591990308804,0.0033317262184994695,0.004213318208808273,-0.0009169152306391837,-0.0009169152306391837,0.003961511907405504,0.004878427138044688,0.002627997379014968,0.002627997379014968,0.01567765746851999,0.013049660089505023,0.005837536530061594,0.005837536530061594,0.021565863853782168,0.01572832732372057
8542db57fffffff,IND,21,21,26,False,26,,-0.0005678271649764007,,,,-0.0006344499736713913,,,,-0.001172410158745847,,,,-0.0011603233995300815,,
8542db63fffffff,IND,0,0,1,False,26,,,,,,,,,,,,,,,,
8542db87fffffff,IND,20,20,25,False,26,,-0.00020328793534664293,,,,-0.00020363917791844745,,,,-0.0002441697286737805,,,,-9.108140650753215e-05,,
8542db8bfffffff,IND,0,0,5,False,26,,,,,,,,,,,,,,,,
8542db97fffffff,IND,5,7,9,False,26,,-0.0001798469897504684,,,,-0.00032105654534106745,,,,-8.979354000912185e-05,,,,-0.0004131269319243896,,
8542dbb3fffffff,IND,0,3,2,False,26,,,,,,,,,,,,,,,,
8542dbbbfffffff,IND,4,6,7,False,26,,0.00016333839186366672,,,,0.0002005248608554215,,,,0.00013616750994648646,,,,0.00017229107504646403,,
8542dbc7fffffff,IND,1,3,7,False,26,,0.00031315093893044175,,,,0.00038687976601737634,,,,0.00017283249151469487,,,,0.00022138775781852194,,
8542dc2ffffffff,IND,0,0,1,False,26,,,,,,,,,,,,,,,,
8542dc43fffffff,IND,0,2,0,False,26,,,,,,,,,,,,,,,,
8542dc5bfffffff,IND,5,7,5,False,26,,0.00032666652951960284,,,,0.00041220022937385443,,,,8.014054712178207e-05,,,,0.00011330446091836642,,
8542dcabfffffff,IND,0,0,1,False,26,,,,,,,,,,,,,,,,
8542dcb3fffffff,IND,9,9,22,False,26,,-0.0003619098766808353,,,,-0.0004087793932250401,,,,-0.00044460663713868584,,,,-0.00043295417959043474,,
8542dd8ffffffff,IND,22,23,24,False,26,,-3.442153746044578e-05,,,,-2.6657309191620687e-05,,,,-6.85118808060205e-05,,,,-2.0915345983664952e-06,,
8542e02ffffffff,PAK,0,0,1,False,26,,,,,,,,,,,,,,,,
8542e183fffffff,PAK,16,16,24,False,26,,-0.0005274819056277338,,,,-0.0005991927956747194,,,,-0.001985576632580605,,,,-0.0022326474263007208,,
8542e1affffffff,PAK,26,26,26,True,26,-0.0003084370223794928,-0.0003084370223794928,0.0007137524787868757,0.0010221895011663683,-0.0003336951113159959,-0.0003336951113159959,0.0008489872258591572,0.001182682337175153,-0.0005070554625048566,-0.0005070554625048566,0.003417945897881828,0.003925001360386684,-0.00019770038379600567,-0.00019770038379600567,0.004546213192968738,0.0047439135767647425
8542e42ffffffff,PAK,0,1,1,False,26,,,,,,,,,,,,,,,,
8542e443fffffff,PAK,26,26,26,True,26,-0.028694083831639627,-0.028694083831639627,0.04985347450502504,0.07854755833666467,-0.03199676008800241,-0.03199676008800241,0.05551476863848031,0.08751152872648273,-0.02868278554918703,-0.02868278554918703,0.19773777613537347,0.22642056168456054,-0.00811174649943711,-0.00811174649943711,0.2602516620889783,0.2683634085884154
8542e447fffffff,PAK,0,1,0,False,26,,,,,,,,,,,,,,,,
8542e45bfffffff,PAK,2,3,8,False,26,,-5.048447891761077e-05,,,,-4.9381825779400243e-05,,,,-0.00016239066205233838,,,,-0.00014421946475491235,,
8542e533fffffff,PAK,18,21,22,False,26,,-0.00027791003531740533,,,,-0.00031239818899035415,,,,-0.001054720737213127,,,,-0.001144563329563946,,
8542e53bfffffff,PAK,2,2,7,False,26,,-0.0001550654233048534,,,,-0.00016990321135970283,,,,-0.00023891398091013995,,,,-0.00025741496021354385,,
8542e567fffffff,PAK,0,0,2,False,26,,,,,,,,,,,,,,,,
8542e57bfffffff,PAK,26,26,26,True,26,-0.002568355981347032,-0.002568355981347032,0.002400062753995861,0.004968418735342894,-0.0029047587900817603,-0.0029047587900817603,0.002850103527215475,0.005754862317297235,-0.006107917002368941,-0.006107917002368941,0.008656620870405897,0.014764537872774836,-0.0061807570435536046,-0.0061807570435536046,0.011443694744540588,0.017624451788094193
8542e58ffffffff,PAK,0,0,1,False,26,,,,,,,,,,,,,,,,
8542e5b7fffffff,PAK,8,13,12,False,26,,2.7729576097299922e-05,,,,3.905891185495629e-05,,,,7.216050353972591e-05,,,,0.00016014326354982326,,
8542e963fffffff,IND,0,1,0,False,26,,,,,,,,,,,,,,,,
8542e98bfffffff,IND,0,0,2,False,26,,,,,,,,,,,,,,,,
8542ea23fffffff,IND,0,0,1,False,26,,,,,,,,,,,,,,,,
8542ea63fffffff,IND,0,1,2,False,26,,,,,,,,,,,,,,,,
8542eaaffffffff,IND,0,0,1,False,26,,,,,,,,,,,,,,,,
8542eb4ffffffff,IND,13,18,19,False,26,,3.488922003097916e-05,,,,4.714791243638682e-05,,,,7.779015587069089e-05,,,,9.853872187230787e-05,,
8542eb53fffffff,IND,0,2,7,False,26,,,,,,,,,,,,,,,,
8542eb77fffffff,IND,1,3,8,False,26,,0.00011117724437796609,,,,0.00013900329770525762,,,,0.0,,,,0.0,,
8542ee13fffffff,PAK,0,0,1,False,26,,,,,,,,,,,,,,,,
85430c4ffffffff,IRN,11,16,15,False,26,,-0.0001386115732629024,,,,-0.00020021763900434346,,,,0.00047711436201918275,,,,0.00019319247128196293,,
854314b7fffffff,IRN,0,0,1,False,26,,,,,,,,,,,,,,,,
854314cffffffff,IRN,4,6,4,False,26,,-0.000193991795573131,,,,1.4875710463931758e-05,,,,0.0,,,,0.0,,
85432127fffffff,IRN,0,1,1,False,26,,,,,,,,,,,,,,,,
85432267fffffff,IRN,26,26,26,True,26,0.0005987362214756556,0.0005987362214756556,0.0012979049303406035,0.0006991687088649481,0.0007220450861952376,0.0007220450861952376,0.0015148158725768125,0.0007927707863815755,0.0018913207230246984,0.0018913207230246984,0.0024842099799394866,0.000592889256914788,0.002516403134232507,0.002516403134232507,0.00323301453330404,0.0007166113990715336
85432593fffffff,IRN,1,1,2,False,26,,-2.262526754241709e-05,,,,-2.0459616514156473e-05,,,,2.8053692634209424e-05,,,,6.0455314582127495e-05,,
8543259bfffffff,IRN,3,8,7,False,26,,0.00025351160831828663,,,,0.0003098395175950145,,,,0.00015319967739295596,,,,0.00018422526551501554,,
85432e8ffffffff,IRN,1,2,4,False,26,,0.0003131758080683057,,,,0.00037869491870195403,,,,0.0005401254336996936,,,,0.0006522209277632557,,
85433183fffffff,IRN,4,9,6,False,26,,0.00016431979360236675,,,,9.286118365534602e-05,,,,0.00029388344416512,,,,0.00010428372431510056,,
85433457fffffff,IRN,14,18,18,False,26,,3.828700112536709e-05,,,,3.3190227006921025e-05,,,,8.870970545401985e-05,,,,0.00014405152186090903,,
85434197fffffff,AFG,0,0,2,False,26,,,,,,,,,,,,,,,,
85434253fffffff,AFG,1,3,2,False,26,,0.00011424450424516435,,,,0.00014066338415315928,,,,0.00044449108765257697,,,,0.0005557726474458543,,
8543454bfffffff,AFG,13,13,26,False,26,,-0.00022038341605161484,,,,-0.00024184730363470367,,,,-0.00048006834235502036,,,,-0.0003737114680248591,,
854358c3fffffff,AFG,1,2,3,False,26,,0.0001921670207190552,,,,0.0002353572809545344,,,,0.0004713787206519112,,,,0.0005749732919271505,,
85435b97fffffff,AFG,4,4,9,False,26,,-0.00010283987853488649,,,,-0.0001078603240972075,,,,0.00026180498114649893,,,,0.00038854525763024094,,
8543608ffffffff,IRN,26,26,26,True,26,0.00013909373837101536,0.00013909373837101536,0.0005718169016650369,0.00043272316329402146,5.333689890477439e-05,5.333689890477439e-05,0.00011945367654064287,6.611677763586847e-05,0.000621030273609193,0.000621030273609193,0.001446290770051263,0.0008252604964420699,0.00015414401809823428,0.00015414401809823428,0.00024943118293653017,9.528716483829591e-05
8543696ffffffff,AFG,0,0,1,False,26,,,,,,,,,,,,,,,,
85436b73fffffff,AFG,3,6,9,False,26,,1.4431369104733619e-06,,,,9.802079545731356e-06,,,,0.0009071466535186144,,,,0.0013353940320796002,,
854a2613fffffff,JPN,26,26,26,True,26,0.00019122957516229416,0.00019122957516229416,0.0012596222672082,0.001068392692045906,0.00025338028446219457,0.00025338028446219457,0.0014987400890806718,0.0012453598046184775,0.00029129643378476795,0.00029129643378476795,0.0007722107589337156,0.00048091432514894773,0.0004992819280037016,0.0004992819280037016,0.0010780867317025044,0.0005788048036988029
854a261bfffffff,JPN,26,26,26,True,26,0.0003034538098140834,0.0003034538098140834,0.0015055471578697241,0.0012020933480556407,0.0003889418189362662,0.0003889418189362662,0.0017904206299262948,0.0014014788109900287,0.0004299550248101781,0.0004299550248101781,0.0007191230733521562,0.0002891680485419779,0.0006069824748501923,0.0006069824748501923,0.0009467274701609041,0.0003397449953107119
854a2657fffffff,JPN,10,17,15,False,26,,6.0552693292774426e-05,,,,7.649665145694006e-05,,,,0.00023991233182658967,,,,0.0003460977758980429,,
854a26bbfffffff,JPN,1,6,3,False,26,,1.458345132200572e-05,,,,2.2286708414368436e-05,,,,0.0,,,,0.0,,
854b0b6ffffffff,JPN,2,4,4,False,26,,6.315895721431615e-05,,,,7.849476695619399e-05,,,,0.0,,,,0.0,,
854b3213fffffff,CHN,4,10,9,False,26,,-7.977368008131373e-05,,,,-9.07997739747934e-05,,,,0.0,,,,0.0,,
854b3297fffffff,CHN,26,26,26,True,26,0.00018714384758961006,0.00018714384758961006,0.0007655378014918038,0.0005783939539021937,0.00023658030744335516,0.00023658030744335516,0.0009100549621847433,0.0006734746547413881,0.0004107659715694737,0.0004107659715694737,0.0006952241539748244,0.00028445818240535077,0.0005672281841157717,0.0005672281841157717,0.0009067430107299976,0.0003395148266142259
854b3423fffffff,CHN,4,5,9,False,26,,-7.29709888166848e-06,,,,-5.431572687885157e-06,,,,0.0,,,,0.0,,
854b342bfffffff,CHN,0,1,1,False,26,,,,,,,,,,,,,,,,
854b3437fffffff,CHN,26,26,26,True,26,0.003764376655295329,0.003764376655295329,0.027645647058779848,0.02388127040348452,0.004832439318490729,0.004832439318490729,0.031195756473280174,0.026363317154789442,0.004247350269453229,0.004247350269453229,0.011161009841972007,0.0069136595725187745,0.006836851545450746,0.006836851545450746,0.014997982485350978,0.008161130939900233
854b348bfffffff,CHN,0,3,1,False,26,,,,,,,,,,,,,,,,
854b34b3fffffff,CHN,26,26,26,True,26,4.2612289711123145e-05,4.2612289711123145e-05,0.001072998631889649,0.0010303863421785256,7.492226661486578e-05,7.492226661486578e-05,0.0012762164998877574,0.0012012942332728913,0.0001850501966832141,0.0001850501966832141,0.0007701443803859616,0.0005850941837027474,0.00032785925867703737,0.00032785925867703737,0.0010413044568592044,0.0007134451981821671
854b34bbfffffff,CHN,0,1,1,False,26,,,,,,,,,,,,,,,,
854b350bfffffff,CHN,26,26,26,True,26,-6.9314265652165e-05,-6.9314265652165e-05,0.0021794236765543262,0.0022487379422064914,-2.901903787709421e-05,-2.901903787709421e-05,0.00259392385583696,0.0026229428937140547,2.402629613280487e-05,2.402629613280487e-05,0.0010453144199876739,0.001021288123854869,0.00013923982359238934,0.00013923982359238934,0.0013874384633056334,0.0012481986397132442
854b601bfffffff,JPN,0,5,0,False,26,,,,,,,,,,,,,,,,
854b604bfffffff,JPN,23,25,24,False,26,,4.633563951027378e-05,,,,6.0692610696678e-05,,,,-3.6265788752498536e-05,,,,-4.4398584109337054e-05,,
854b609bfffffff,JPN,26,26,26,True,26,0.0007468588026637631,0.0007468588026637631,0.003483611440094433,0.0027367526374306697,0.0009583306068895206,0.0009583306068895206,0.004148562972994498,0.003190232366104978,0.0003551034357143068,0.0003551034357143068,0.000937518168372337,0.0005824147326580303,0.0005678884246109982,0.0005678884246109982,0.00127355920904062,0.0007056707844296217
854b60c3fffffff,JPN,1,4,4,False,26,,5.3041825349925105e-05,,,,6.767699806479159e-05,,,,0.0,,,,0.0,,
854b6157fffffff,JPN,1,4,4,False,26,,1.9941355715020188e-05,,,,2.8209590538725248e-05,,,,0.0,,,,0.0,,
854b61b3fffffff,JPN,0,1,0,False,26,,,,,,,,,,,,,,,,
854b61b7fffffff,JPN,26,26,26,True,26,0.0005729690127856152,0.0005729690127856152,0.0033416983709235112,0.002768729358137896,0.0007472527093204093,0.0007472527093204093,0.0039781751602500975,0.0032309224509296883,0.00045010499840694176,0.00045010499840694176,0.0010570018789292216,0.0006068968805222798,0.0007260337399206837,0.0007260337399206837,0.001472807938582827,0.0007467741986621432
854b61dbfffffff,JPN,25,25,26,False,26,,0.0001302936681466022,,,,0.00016662169735206473,,,,8.374747015571454e-05,,,,0.00011976179052768199,,
854b6257fffffff,JPN,26,26,26,True,26,0.00039236988459337766,0.00039236988459337766,0.0020535916293805594,0.0016612217447871816,0.0005035375720849623,0.0005035375720849623,0.0024401370197511354,0.001936599447666173,0.00044389327148803296,0.00044389327148803296,0.0007699096312132148,0.000326016359725182,0.0006615504379814151,0.0006615504379814151,0.001080364045998276,0.0004188136080168608
854b625bfffffff,JPN,25,26,25,False,26,,0.0001184064098652284,,,,0.0001487829280916673,,,,7.206181423957892e-05,,,,0.00010193337720563897,,
854b6287fffffff,JPN,4,7,6,False,26,,-1.8666497203620388e-05,,,,-2.036771763363934e-05,,,,0.0,,,,0.0,,
854b628ffffffff,JPN,0,0,1,False,26,,,,,,,,,,,,,,,,
854b62cbfffffff,JPN,0,0,1,False,26,,,,,,,,,,,,,,,,
854b6403fffffff,JPN,10,16,16,False,26,,2.414763651617315e-05,,,,3.503397374897406e-05,,,,0.0,,,,0.0,,
854b642bfffffff,JPN,0,6,4,False,26,,,,,,,,,,,,,,,,
854b6443fffffff,JPN,26,26,26,True,26,0.000252843888034639,0.000252843888034639,0.0010017618733148919,0.0007489179852802528,0.0003171920095142633,0.0003171920095142633,0.0011924439929633516,0.0008752519834490884,1.3718167146965502e-05,1.3718167146965502e-05,0.00011886111368627563,0.00010514294653931011,3.741953293506067e-05,3.741953293506067e-05,0.00017064906080049974,0.00013322952786543906
854b645bfffffff,JPN,0,0,1,False,26,,,,,,,,,,,,,,,,
854b646ffffffff,JPN,23,24,25,False,26,,1.5185365403791795e-05,,,,2.558542541594879e-05,,,,2.7839661910046053e-05,,,,3.840004720898462e-05,,
854b6473fffffff,JPN,5,10,9,False,26,,-1.4716912285005391e-05,,,,-1.0610273978141344e-05,,,,3.86318797059612e-05,,,,4.7380490475524206e-05,,
854b6487fffffff,JPN,26,26,26,True,26,0.00011822798061403258,0.00011822798061403258,0.0005359425487810055,0.00041771456816697285,0.00014988714079126577,0.00014988714079126577,0.0006375465149870245,0.00048765937419575884,9.109157697674036e-05,9.109157697674036e-05,0.0001248994622302325,3.3807885253492144e-05,0.0001234445002199533,0.0001234445002199533,0.0001629889809114444,3.9544480691491073e-05
854b648bfffffff,JPN,2,6,5,False,26,,-2.8387111371250924e-05,,,,-2.0799000325654924e-05,,,,0.0,,,,0.0,,
854b649bfffffff,JPN,26,26,26,True,26,0.0010232389807296937,0.0010232389807296937,0.007238089769698546,0.006214850788968853,0.0013606536799316649,0.0013606536799316649,0.00861300228097281,0.007252348601041148,0.0012055020859407888,0.0012055020859407888,0.002085973922388182,0.000880471836447393,0.0017260399541114046,0.0017260399541114046,0.0028143578809051556,0.0010883179267937512
854b64b7fffffff,JPN,6,14,14,False,26,,4.320719507467812e-05,,,,5.410086106631472e-05,,,,0.00021648114232769184,,,,0.00034402565055250523,,
854b64c3fffffff,JPN,21,26,21,False,26,,6.697749204899277e-05,,,,8.414108021576579e-05,,,,0.00044666253424855773,,,,0.0006501746858627125,,
854b64c7fffffff,JPN,0,1,1,False,26,,,,,,,,,,,,,,,,
854b64d3fffffff,JPN,24,26,24,False,26,,5.4892792626228414e-05,,,,7.245722211084328e-05,,,,3.6792360648262464e-05,,,,6.37539849756684e-05,,
854b6523fffffff,JPN,0,1,5,False,26,,,,,,,,,,,,,,,,
854b652ffffffff,JPN,0,0,1,False,26,,,,,,,,,,,,,,,,
854b6533fffffff,JPN,26,26,26,True,26,0.0006514196716037197,0.0006514196716037197,0.0035682735749203278,0.0029168539033166065,0.0008440862817288801,0.0008440862817288801,0.004247390951018605,0.0034033046692897246,0.000922663117954548,0.000922663117954548,0.0011597888317699426,0.00023712571381539463,0.0013388852444731006,0.0013388852444731006,0.0016280860325104357,0.000289200788037335
854b653bfffffff,JPN,0,0,2,False,26,,,,,,,,,,,,,,,,
854b6563fffffff,JPN,1,5,4,False,26,,3.864779765437313e-05,,,,4.933114028133679e-05,,,,0.0,,,,0.0,,
854b657bfffffff,JPN,5,11,13,False,26,,0.00011943101483480808,,,,0.00014319596453466217,,,,9.799129363066971e-06,,,,1.2981556963211038e-05,,
854b6583fffffff,JPN,20,24,22,False,26,,2.836024114655379e-05,,,,3.884865898361423e-05,,,,0.00013543759540755353,,,,0.0001773388766734354,,
854b65b3fffffff,JPN,26,26,26,True,26,0.00010850973002552323,0.00010850973002552323,0.0004125992968750043,0.00030408956684948105,0.0001356756422298753,0.0001356756422298753,0.0004910621729716463,0.000355386530741771,8.066614264445906e-05,8.066614264445906e-05,8.066614264445906e-05,0.0,0.00011605173336889197,0.00011605173336889197,0.00011605173336889197,0.0
854b65d3fffffff,JPN,14,19,19,False,26,,6.010436996692588e-06,,,,1.2443005744259648e-05,,,,2.1837522716483004e-05,,,,2.6994414855566386e-05,,
854b65d7fffffff,JPN,2,6,9,False,26,,6.173271484889274e-05,,,,5.254228108478449e-05,,,,-8.795770993306418e-05,,,,-0.0001004490070615652,,
854b660bfffffff,JPN,0,0,1,False,26,,,,,,,,,,,,,,,,
854b6613fffffff,JPN,26,26,26,True,26,0.0008492030007182191,0.0008492030007182191,0.004044884526259126,0.0031956815255409065,0.0010825311462051262,0.0010825311462051262,0.004813057447637586,0.0037305263014324607,0.001554014310000815,0.001554014310000815,0.002189251949105002,0.0006352376391041865,0.0022281111694306493,0.0022281111694306493,0.003010560680138534,0.0007824495107078844
854b6617fffffff,JPN,2,6,7,False,26,,-4.34001747017741e-05,,,,-4.87564096188987e-05,,,,0.0,,,,0.0,,
854b6623fffffff,JPN,0,1,0,False,26,,,,,,,,,,,,,,,,
854b6647fffffff,JPN,10,14,17,False,26,,5.137822134092904e-05,,,,6.43021399017996e-05,,,,7.090589369788417e-05,,,,9.604487216427514e-05,,
854b666bfffffff,JPN,0,1,1,False,26,,,,,,,,,,,,,,,,
854b668bfffffff,JPN,26,26,26,True,26,9.627036694733197e-05,9.627036694733197e-05,0.0007050263471779269,0.0006087559802305949,0.00012955706733152272,0.00012955706733152272,0.0008397967233315379,0.0007102396560000151,-2.1308331557639037e-05,-2.1308331557639037e-05,0.0,2.1308331557639037e-05,-2.7398746562142277e-05,-2.7398746562142277e-05,0.0,2.7398746562142277e-05
854b668ffffffff,JPN,26,26,26,True,26,0.0001034914005894213,0.0001034914005894213,0.0005682847895527128,0.0004647933889632914,0.0001355753920188123,0.0001355753920188123,0.0006772986563713493,0.0005417232643525372,8.919777250436509e-05,8.919777250436509e-05,0.0001229783241122644,3.3780551607899316e-05,0.00012577187897220898,0.00012577187897220898,0.00016985961287115158,4.408773389894255e-05
854b6693fffffff,JPN,0,1,0,False,26,,,,,,,,,,,,,,,,
854b6697fffffff,JPN,1,3,3,False,26,,1.4585778230815114e-05,,,,1.910887359877144e-05,,,,0.0,,,,0.0,,
854b669bfffffff,JPN,18,20,24,False,26,,9.592262046635217e-05,,,,0.00011912462953607471,,,,-1.0657391175986295e-05,,,,-1.5907352231317435e-05,,
854b66a3fffffff,JPN,0,0,1,False,26,,,,,,,,,,,,,,,,
854b66abfffffff,JPN,0,1,4,False,26,,,,,,,,,,,,,,,,
854b66dbfffffff,JPN,0,1,0,False,26,,,,,,,,,,,,,,,,
854b6cb7fffffff,JPN,7,14,15,False,26,,4.52050143546075e-06,,,,8.534158064211834e-06,,,,1.6828126390061918e-06,,,,3.185356483157687e-06,,
854b6d13fffffff,JPN,2,6,5,False,26,,7.450592538252476e-05,,,,8.042049491335973e-05,,,,0.0,,,,0.0,,
854b6d27fffffff,JPN,24,25,25,False,26,,2.0023570372806112e-05,,,,3.065290620633226e-05,,,,1.3284905913214361e-05,,,,2.5174008035787462e-05,,
854b6d2bfffffff,JPN,15,19,21,False,26,,7.840693995804675e-05,,,,9.786129529941592e-05,,,,8.594573501481562e-05,,,,0.00012583402754045555,,
854b6d8bfffffff,JPN,12,17,18,False,26,,7.340772612514474e-05,,,,9.359747035287115e-05,,,,0.0,,,,0.0,,
854b6d93fffffff,JPN,0,1,1,False,26,,,,,,,,,,,,,,,,
854b6d97fffffff,JPN,0,9,4,False,26,,,,,,,,,,,,,,,,
854b6d9bfffffff,JPN,0,1,0,False,26,,,,,,,,,,,,,,,,
854b70a3fffffff,JPN,4,6,8,False,26,,-5.4748729942264305e-06,,,,-2.7822969219516743e-06,,,,-0.0003276625861752602,,,,-0.00044061792257461867,,
854b70b7fffffff,JPN,1,4,1,False,26,,5.94834589476722e-05,,,,7.699956228737602e-05,,,,0.0,,,,0.0,,
854b718ffffffff,JPN,0,4,2,False,26,,,,,,,,,,,,,,,,
854b7197fffffff,JPN,0,0,1,False,26,,,,,,,,,,,,,,,,
854b71b3fffffff,JPN,0,2,0,False,26,,,,,,,,,,,,,,,,
854b71c3fffffff,JPN,0,1,0,False,26,,,,,,,,,,,,,,,,
854b71d7fffffff,JPN,21,24,22,False,26,,5.5296981024273136e-05,,,,7.13479039233064e-05,,,,0.00010141602498798907,,,,0.0001531426250448105,,
854b750bfffffff,JPN,0,0,1,False,26,,,,,,,,,,,,,,,,
854b751bfffffff,JPN,0,0,6,False,26,,,,,,,,,,,,,,,,
854b752bfffffff,JPN,1,4,5,False,26,,6.149489898061176e-05,,,,7.400674861544815e-05,,,,0.0,,,,0.0,,
854b7563fffffff,JPN,26,26,26,True,26,0.0005800066317861348,0.0005800066317861348,0.002809475457850023,0.0022294688260638884,0.0007374022017608723,0.0007374022017608723,0.0033320021236796014,0.002594599921918729,0.00036103953606992127,0.00036103953606992127,0.0005356902319845232,0.00017465069591460198,0.0005192960626721875,0.0005192960626721875,0.0007228336234644597,0.00020353756079227213
854b7577fffffff,JPN,0,0,1,False,26,,,,,,,,,,,,,,,,
854b758ffffffff,JPN,1,2,4,False,26,,-7.853732033346689e-05,,,,-8.815656383969541e-05,,,,-0.0006553251723505204,,,,-0.0008812358451492373,,
854b75a7fffffff,JPN,0,6,4,False,26,,,,,,,,,,,,,,,,
854b75abfffffff,JPN,0,5,3,False,26,,,,,,,,,,,,,,,,
854b75b7fffffff,JPN,0,3,4,False,26,,,,,,,,,,,,,,,,
854b8453fffffff,TWN,26,26,26,True,26,1.2597351730453582e-05,1.2597351730453582e-05,0.0007953821966272431,0.0007827848448967895,3.307127428401283e-05,3.307127428401283e-05,0.0009462479629730919,0.000913176688689079,0.00038890057776244056,0.00038890057776244056,0.0006961993682421996,0.00030729879047975897,0.0005764843723459793,0.0005764843723459793,0.0009492510625445764,0.0003727666901985971
854b848bfffffff,TWN,10,14,16,False,26,,3.145312853583239e-05,,,,4.13339306596387e-05,,,,-1.3749342609556482e-05,,,,-1.5449527167221047e-05,,
854b86c3fffffff,TWN,0,2,1,False,26,,,,,,,,,,,,,,,,
854ba003fffffff,TWN,26,26,26,True,26,0.00011304289815359129,0.00011304289815359129,0.0008316880233775904,0.0007186451252239988,0.00015059107841931555,0.00015059107841931555,0.0009892361504205472,0.0008386450720012316,0.0001860983287452116,0.0001860983287452116,0.00043039447514354946,0.00024429614639833786,0.0002932243339028482,0.0002932243339028482,0.0005934345515109285,0.00030021021760808024
854ba013fffffff,TWN,26,26,26,True,26,0.005452148475454283,0.005452148475454283,0.030714486635201352,0.025262338159747065,0.007085302326421416,0.007085302326421416,0.03651814298516913,0.029432840658747714,0.009946771831448858,0.009946771831448858,0.020217799236965532,0.010271027405516671,0.015685940775059613,0.015685940775059613,0.028235797334852483,0.012549856559792866
854ba01bfffffff,TWN,26,26,26,True,26,0.000565261083964614,0.000565261083964614,0.004008650600238863,0.0034433895162742484,0.0007546634487957656,0.0007546634487957656,0.0047708045416681374,0.004016141092872371,-0.0001892608878259719,-0.0001892608878259719,0.0021719695184621766,0.0023612304062881483,3.7264483926083295e-05,3.7264483926083295e-05,0.0029139932594421233,0.0028767287755160397
854ba04bfffffff,TWN,4,7,8,False,26,,4.5684938077297094e-05,,,,5.564994380043439e-05,,,,0.0,,,,0.0,,
854ba0a3fffffff,TWN,26,26,26,True,26,0.00680484366586608,0.00680484366586608,0.0480655549204858,0.04126071125461973,0.009071608973645787,0.009071608973645787,0.0571750074024336,0.048103398428787796,0.011242980254694245,0.011242980254694245,0.0323970258655075,0.021154045610813257,0.018654567549767354,0.018654567549767354,0.04455427643528021,0.025899708885512858
854ba0a7fffffff,TWN,26,26,26,True,26,0.038183797978764145,0.038183797978764145,0.21585080259558279,0.17766700461681864,0.04660357047704966,0.04660357047704966,0.24592765272650668,0.1993240822494571,0.0924301749913355,0.0924301749913355,0.16430666582791337,0.07187649083657788,0.11371495622832009,0.11371495622832009,0.189205413362133,0.07549045713381289
854ba0bbfffffff,TWN,18,21,21,False,26,,8.48424388033392e-05,,,,0.0,,,,-2.094192960606656e-05,,,,0.0,,
854ba0cffffffff,TWN,26,26,26,True,26,0.00032730602009886135,0.00032730602009886135,0.0022771510831935027,0.0019498450630946408,0.0004368567204934403,0.0004368567204934403,0.002709410568463832,0.0022725538479703923,3.4632268189573275e-05,3.4632268189573275e-05,0.0007176192841245754,0.000682987015935002,0.0001133487711054773,0.0001133487711054773,0.000944596768258103,0.0008312479971526257
854ba153fffffff,TWN,26,26,26,True,26,0.0008628041056510092,0.0008628041056510092,0.004186840918663178,0.003324036813012168,0.0011023278846290304,0.0011023278846290304,0.0049779968095444846,0.0038756689249154538,0.0008550361584977277,0.0008550361584977277,0.0014017650437859177,0.00054672888528819,0.0011819685476976186,0.0011819685476976186,0.0018304480640746116,0.0006484795163769927
854ba1d3fffffff,TWN,26,26,26,True,26,0.00026517229230536024,0.00026517229230536024,0.0015667490043195698,0.0013015767120142093,0.0003469414433102247,0.0003469414433102247,0.001864461383876181,0.0015175199405659564,0.00034310869980257056,0.00034310869980257056,0.000605917556517194,0.00026280885671462346,0.0005314717775792375,0.0005314717775792375,0.0008451000922781427,0.00031362831469890527
854ba203fffffff,TWN,0,1,0,False,26,,,,,,,,,,,,,,,,
854ba213fffffff,TWN,25,25,26,False,26,,7.229303550764895e-05,,,,9.558787979943757e-05,,,,4.297008613741016e-05,,,,8.262006495028946e-05,,
854ba21bfffffff,TWN,26,26,26,True,26,0.001174244876862355,0.001174244876862355,0.006288288540967144,0.005114043664104789,0.0015164643860233287,0.0015164643860233287,0.007480456240103023,0.005963991854079696,0.0014978685731612043,0.0014978685731612043,0.0027034361172272067,0.0012055675440660032,0.002150353591046587,0.002150353591046587,0.003617571327587935,0.0014672177365413477
854ba257fffffff,TWN,26,26,26,True,26,0.0013667214225545374,0.0013667214225545374,0.00746955477644432,0.006102833353889782,0.001769433706413442,0.001769433706413442,0.008890731608375108,0.0071212979019616655,0.0015777680015028497,0.0015777680015028497,0.003634304024423712,0.0020565360229208626,0.0023696763627465136,0.0023696763627465136,0.00488518607708354,0.002515509714337026
854ba283fffffff,TWN,26,26,26,True,26,0.0009135185958232566,0.0009135185958232566,0.006167167980389867,0.00525364938456661,0.0012064616043189215,0.0012064616043189215,0.007330680758896983,0.00612421915457806,0.0006679006506391064,0.0006679006506391064,0.0020528252726794245,0.0013849246220403177,0.0011434850551776117,0.0011434850551776117,0.002792851805638397,0.0016493667504607846
854ba28bfffffff,TWN,26,26,26,True,26,0.0004937064583500453,0.0004937064583500453,0.003920543382422475,0.0034268369240724296,0.0006711073559096236,0.0006711073559096236,0.004665003239092698,0.003993895883183075,0.00039863027483461337,0.00039863027483461337,0.0020804361766373226,0.0016818059018027093,0.0008062742284422949,0.0008062742284422949,0.002872593393822966,0.0020663191653806706
854ba28ffffffff,TWN,26,26,26,True,26,0.0004924959498536692,0.0004924959498536692,0.0028272725702852995,0.0023347766204316295,0.0006415507397610036,0.0006415507397610036,0.003362874246273672,0.002721323506512668,0.0005792459991004446,0.0005792459991004446,0.0012793566761671177,0.0007001106770666731,0.0007757055323796922,0.0007757055323796922,0.0016299972928336087,0.0008542917604539164
854ba297fffffff,TWN,26,26,26,True,26,0.01192650964808573,0.01192650964808573,0.07547348349904445,0.06354697385095874,0.015684159420684556,0.015684159420684556,0.08974288906590978,0.07405872964522525,0.021146377817333976,0.021146377817333976,0.044483626322008196,0.023337248504674217,0.032730086477743565,0.032730086477743565,0.06120900526258201,0.02847891878483845
854ba29bfffffff,TWN,1,6,4,False,26,,2.1332548528223025e-05,,,,3.251680135138779e-05,,,,0.00022979951608943392,,,,0.0002763378982725233,,
854ba2a3fffffff,TWN,1,3,5,False,26,,4.7616748370428005e-05,,,,5.451028243244862e-05,,,,0.0,,,,0.0,,
854ba2c7fffffff,TWN,0,1,1,False,26,,,,,,,,,,,,,,,,
854ba2cbfffffff,TWN,0,4,3,False,26,,,,,,,,,,,,,,,,
854ba2d7fffffff,TWN,26,26,26,True,26,0.00011114760126119522,0.00011114760126119522,0.0005523733680075104,0.0004412257667463152,0.00014238545429731255,0.00014238545429731255,0.000656897684569924,0.0005145122302726115,7.021824886571101e-05,7.021824886571101e-05,0.000154726719682084,8.450847081637293e-05,9.738422285232107e-05,9.738422285232107e-05,0.0002014253315101975,0.0001040411086578764
854ba31bfffffff,TWN,26,26,26,True,26,0.0007462123414547406,0.0007462123414547406,0.0037319085233630672,0.002985696181908327,0.0009574030285071007,0.0009574030285071007,0.004441382408070085,0.003483979379562984,0.0035448133776225426,0.0035448133776225426,0.004153730276959007,0.0006089168993364644,0.00514253378346336,0.00514253378346336,0.005864040364121123,0.0007215065806577636
854ba873fffffff,JPN,1,4,3,False,26,,7.967532909454331e-06,,,,8.016343847221975e-06,,,,0.0,,,,0.0,,
854bb10bfffffff,TWN,26,26,26,True,26,0.008034722147354187,0.008034722147354187,0.05448411307223996,0.046449390924885765,0.01067709620890717,0.01067709620890717,0.06482144035190057,0.054144344142993406,0.010279411706399962,0.010279411706399962,0.02501119214023046,0.014731780433830503,0.01596973503430503,0.01596973503430503,0.03383401027593072,0.017864275241625698
854bb10ffffffff,TWN,26,26,26,True,26,0.0001040799135462087,0.0001040799135462087,0.000529742659931807,0.0004256627463855983,0.00013379533133489382,0.00013379533133489382,0.0006306654897470928,0.0004968701584121991,6.2029578556987275e-06,6.2029578556987275e-06,8.142643070789176e-05,7.522347285219302e-05,6.870306081552414e-06,6.870306081552414e-06,9.855972584636767e-05,9.168941976481526e-05
854bb177fffffff,TWN,2,5,10,False,26,,1.1125574163448197e-05,,,,1.5627736379088882e-05,,,,0.00019140660888739165,,,,0.00023650166733675472,,
854bb183fffffff,TWN,26,26,26,True,26,0.006159954485778387,0.006159954485778387,0.03427828364118975,0.028118329155411362,0.008000893778915079,0.008000893778915079,0.04077871880325996,0.03277782502434487,0.00989857007882589,0.00989857007882589,0.017528234632115395,0.007629664553289505,0.01436219486725315,0.01436219486725315,0.023590669761564265,0.009228474894311122
854bb513fffffff,TWN,25,26,25,False,26,,2.4234620529052308e-05,,,,3.599621579893591e-05,,,,0.0001346945063820444,,,,0.00020481251604454958,,
85600163fffffff,IND,0,1,0,False,26,,,,,,,,,,,,,,,,
85600247fffffff,IND,26,26,26,True,26,-0.00022085279493492196,-0.00022085279493492196,0.0028416744170870942,0.0030625272120220156,-0.00017462143714556936,-0.00017462143714556936,0.003380040210505215,0.0035546616476507848,0.0002940384562779302,0.0002940384562779302,0.008015601752741887,0.0077215632964639565,0.0013910601905635501,0.0013910601905635501,0.010670629611178222,0.009279569420614671
85600257fffffff,IND,18,22,21,False,26,,1.2778459975109912e-05,,,,2.0445491024258808e-05,,,,-0.00012116039919250219,,,,-0.00015300720685735336,,
8560027bfffffff,IND,26,26,26,True,26,-3.32317623834673e-05,-3.32317623834673e-05,0.0018997636556195982,0.0019329954180030652,1.691859406927443e-05,1.691859406927443e-05,0.0022585534548955843,0.0022416348608263097,0.003475392061678099,0.003475392061678099,0.008626464400472626,0.005151072338794527,0.005700449415626714,0.005700449415626714,0.01180567452182508,0.006105225106198367
856002c7fffffff,IND,26,26,26,True,26,0.0005306216711134439,0.0005306216711134439,0.004159737295776509,0.003629115624663065,0.0007075605410211672,0.0007075605410211672,0.00494313841544467,0.004235577874423502,0.0011819678929955086,0.0011819678929955086,0.003404223645209527,0.0022222557522140187,0.001938031715326141,0.001938031715326141,0.004653904344568017,0.002715872629241876
856002cbfffffff,IND,0,2,0,False,26,,,,,,,,,,,,,,,,
856002d3fffffff,IND,3,13,6,False,26,,-7.418761532360469e-05,,,,-8.419948694955938e-05,,,,-0.00015673978851333672,,,,-0.0001820650195282924,,
856002d7fffffff,IND,26,26,26,True,26,-4.3190151743015564e-05,-4.3190151743015564e-05,0.0059115046242230376,0.005954694775966056,0.00010003594612685515,0.00010003594612685515,0.0070316185634806405,0.006931582617353786,0.0010197106234821215,0.0010197106234821215,0.007913226150337082,0.00689351552685496,0.002324077836826724,0.002324077836826724,0.010612083765562717,0.008288005928735994
8560045bfffffff,IND,17,19,23,False,26,,8.103084704038793e-05,,,,0.00010795458386366633,,,,0.0005053338039009668,,,,0.0006858124238378144,,
856004cbfffffff,IND,25,25,26,False,26,,2.802930605339208e-05,,,,5.353758593325391e-05,,,,0.001426216187719709,,,,0.0021101948025437083,,
856004d3fffffff,IND,26,26,26,True,26,-0.04505748047653358,-0.04505748047653358,0.1736290874710938,0.21868656794762736,-0.04691572623627592,-0.04691572623627592,0.20641587228610844,0.25333159852238435,0.10405130487319972,0.10405130487319972,0.35032977660028425,0.24627847172708459,0.17677883565573196,0.17677883565573196,0.4719436396023541,0.29516480394662215
856004dbfffffff,IND,20,21,23,False,26,,5.065642781426321e-05,,,,6.890937936619471e-05,,,,-6.7648983189301e-05,,,,-3.0422931422214118e-05,,
85600603fffffff,IND,26,26,26,True,26,-0.0006137990898987811,-0.0006137990898987811,0.0010551279562594407,0.0016689270461582217,-0.0006848154643423301,-0.0006848154643423301,0.0012562962535798991,0.0019411117179222294,-0.0002651091738571251,-0.0002651091738571251,0.0006934880076349142,0.0009585971814920393,-0.00025189823944615075,-0.00025189823944615075,0.0009205142769437507,0.0011724125163899016
8560060ffffffff,IND,26,26,26,True,26,-0.0038105571777045442,-0.0038105571777045442,0.04745889790093087,0.05126945507863541,-0.002971506908695792,-0.002971506908695792,0.056453659797612285,0.05942516670630807,0.036303758410101875,0.036303758410101875,0.09982760350749344,0.06352384509739156,0.05983114319949165,0.05983114319949165,0.135601227961135,0.07577008476164332
85600613fffffff,IND,26,26,26,True,26,0.0015867727210201893,0.0015867727210201893,0.013923705000731175,0.012336932279710984,0.0021867678662939394,0.0021867678662939394,0.01657436786834928,0.01438760000205534,0.0012456413925207176,0.0012456413925207176,0.006400207378468902,0.005154565985948184,0.002254347162674686,0.002254347162674686,0.008407180874884408,0.006152833712209722
85600617fffffff,IND,26,26,26,True,26,0.0009544995569057218,0.0009544995569057218,0.004674760514523224,0.003720260957617504,0.0012439028828692316,0.0012439028828692316,0.00556285364979436,0.004318950766925129,0.0059155364478794365,0.0059155364478794365,0.012536846850134394,0.006621310402254958,0.008959540709135995,0.008959540709135995,0.016775799344733874,0.00781625863559788
8560064ffffffff,IND,26,26,26,True,26,-6.244967775877588e-05,-6.244967775877588e-05,0.0014011676788410516,0.0014636173565998273,-3.104654936333606e-05,-3.104654936333606e-05,0.0016668181651986894,0.0016978647145620255,0.001750314108328006,0.001750314108328006,0.005065147722617103,0.0033148336142890967,0.0027075122536556707,0.0027075122536556707,0.006673906893538303,0.003966394639882633
85600663fffffff,IND,25,25,26,False,26,,9.765768338075627e-05,,,,0.0001307403722927801,,,,-1.1484917829593534e-05,,,,-8.434597357485028e-06,,
8560066ffffffff,IND,20,20,24,False,26,,-7.00181816349786e-06,,,,4.378401759141501e-06,,,,-0.000408377743147487,,,,-0.00047208839037619405,,
85600687fffffff,IND,23,25,24,False,26,,-6.70164300887712e-05,,,,-6.172098669913448e-05,,,,-0.0004128814207837269,,,,-0.0004338253347636988,,
85600697fffffff,IND,24,24,26,False,26,,5.572697633884148e-05,,,,7.690845230867641e-05,,,,0.0017140820199641035,,,,0.002551055913998267,,
8560069bfffffff,IND,23,24,25,False,26,,8.899995885752968e-05,,,,0.00011252378496535076,,,,0.00013354294004293738,,,,0.00019286448094622366,,
856006c7fffffff,IND,0,0,1,False,26,,,,,,,,,,,,,,,,
856006cffffffff,IND,26,26,26,True,26,0.0003557120964530413,0.0003557120964530413,0.0011579497786398144,0.0008022376821867733,0.0004422764521662415,0.0004422764521662415,0.001376774172306102,0.0009344977201398602,0.003065463325676747,0.003065463325676747,0.003750180938311094,0.0006847176126343467,0.004623707412927319,0.004623707412927319,0.005446127461519423,0.0008224200485921034
856006d3fffffff,IND,17,18,24,False,26,,1.4699423961640857e-06,,,,1.0974293797329696e-05,,,,0.00047743328414649245,,,,0.0006873729350439352,,
856006d7fffffff,IND,26,26,26,True,26,0.00019519061122503443,0.00019519061122503443,0.001415681854591261,0.0012204912433662269,0.000262816550684684,0.000262816550684684,0.0016855053657020705,0.0014226888150173868,0.00030447914159968003,0.00030447914159968003,0.0006334940152722417,0.0003290148736725616,0.00047600706734695145,0.00047600706734695145,0.0008716888295513434,0.00039568176220439183
85600c6ffffffff,IND,0,1,0,False,26,,,,,,,,,,,,,,,,
85600e23fffffff,IND,26,26,26,True,26,0.00015336940746404033,0.00015336940746404033,0.001302474143139246,0.0011491047356752058,0.00021252205311299776,0.00021252205311299776,0.0015503987035219513,0.0013378766504089537,0.00027476306583948667,0.00027476306583948667,0.0008848366545834387,0.000610073588743952,0.00047714648064464747,0.00047714648064464747,0.0012098791808836352,0.0007327327002389879
85601007fffffff,IND,0,0,2,False,26,,,,,,,,,,,,,,,,
85601027fffffff,IND,1,3,6,False,26,,7.903257598426184e-05,,,,9.885902963669506e-05,,,,0.0,,,,0.0,,
85601067fffffff,IND,0,0,2,False,26,,,,,,,,,,,,,,,,
856010a3fffffff,IND,20,20,26,False,26,,-8.613555710851443e-05,,,,-8.898737864785155e-05,,,,-0.0004958916726891716,,,,-0.0005268252217753791,,
85601103fffffff,IND,0,1,6,False,26,,,,,,,,,,,,,,,,
85601127fffffff,IND,26,26,26,True,26,-0.0019312140918480675,-0.0019312140918480675,0.0026083657624681334,0.0045395798543162,-0.002173864512209331,-0.002173864512209331,0.003100163211964442,0.005274027724173774,-0.001234775109009358,-0.001234775109009358,0.007559188623946436,0.008793963732955793,-0.0004736660790911519,-0.0004736660790911519,0.010243414645331631,0.010717080724422783
8560112bfffffff,IND,0,0,12,False,26,,,,,,,,,,,,,,,,
8560112ffffffff,IND,0,0,3,False,26,,,,,,,,,,,,,,,,
85601133fffffff,IND,0,0,5,False,26,,,,,,,,,,,,,,,,
85601137fffffff,IND,5,6,12,False,26,,-2.6549206892726366e-05,,,,-2.4942551198928798e-05,,,,-0.00023364655884254432,,,,-0.0002558324832693185,,
85601153fffffff,IND,0,2,1,False,26,,,,,,,,,,,,,,,,
85601167fffffff,IND,2,3,10,False,26,,0.00011257108330517941,,,,0.00014087590026868222,,,,-0.0001797591104187496,,,,-0.00020270233498340527,,
85601187fffffff,IND,11,11,25,False,26,,-0.0002933018151812105,,,,-0.00032804409250986196,,,,-0.00023762870778869656,,,,-0.00021151715473530282,,
856011a7fffffff,IND,2,4,14,False,26,,9.782212098278186e-05,,,,0.0001185240470003181,,,,-6.328242285714815e-05,,,,-6.35406929637184e-05,,
856011abfffffff,IND,2,4,3,False,26,,0.00015636668392228468,,,,0.00019065933135236585,,,,0.0001837512812055703,,,,0.00022495422899403467,,
85601213fffffff,IND,0,0,5,False,26,,,,,,,,,,,,,,,,
856012abfffffff,IND,14,15,25,False,26,,-2.795892303753995e-05,,,,-2.6382909966463152e-05,,,,-0.00040086392968069045,,,,-0.0004713638045095466,,
85601317fffffff,IND,26,26,26,True,26,-0.0002683697718798896,-0.0002683697718798896,0.0014447500630891882,0.0017131198349690777,-0.000274503765043746,-0.000274503765043746,0.001718255623999118,0.0019927593890428637,0.0003359377526666917,0.0003359377526666917,0.0035838037142565055,0.003247865961589815,0.0011043842384021055,0.0011043842384021055,0.005037956691858359,0.003933572453456255
8560132ffffffff,IND,24,26,24,False,26,,0.00013480483725556436,,,,0.00017707591095005642,,,,0.0034218056071038407,,,,0.005317877097771446,,
85601333fffffff,IND,0,2,0,False,26,,,,,,,,,,,,,,,,
8560134bfffffff,IND,0,0,4,False,26,,,,,,,,,,,,,,,,
8560135bfffffff,IND,21,21,26,False,26,,-0.0008114278628789936,,,,-0.0008996660510326401,,,,-0.0005704026637097277,,,,-0.0004505065344249932,,
8560138bfffffff,IND,1,3,9,False,26,,1.9941355715020188e-05,,,,2.8209590538725248e-05,,,,0.0003828132177747833,,,,0.00047300333467350944,,
856013affffffff,IND,1,4,10,False,26,,9.125253348856345e-05,,,,0.00011165296983996137,,,,0.0,,,,0.0,,
85601407fffffff,IND,0,0,1,False,26,,,,,,,,,,,,,,,,
8560140bfffffff,IND,1,1,12,False,26,,2.6428677821772125e-05,,,,3.878305983341502e-05,,,,0.0,,,,0.0,,
85601433fffffff,IND,2,2,2,False,26,,0.00019932074561158464,,,,0.00025251097795532214,,,,-8.182745366132365e-05,,,,-7.20880909667999e-05,,
85601437fffffff,IND,0,0,6,False,26,,,,,,,,,,,,,,,,
8560144bfffffff,IND,21,24,23,False,26,,8.499707770388599e-06,,,,1.931095377869797e-05,,,,2.4917419491914443e-05,,,,4.3289592769764756e-05,,
85601453fffffff,IND,0,1,2,False,26,,,,,,,,,,,,,,,,
85601457fffffff,IND,1,2,1,False,26,,0.00018505617120964757,,,,0.0002245183471707385,,,,0.00022979951608943392,,,,0.0002763378982725233,,
8560145bfffffff,IND,26,26,26,True,26,-0.2904530080190154,-0.2904530080190154,0.2996295640548214,0.5900825720738369,-0.3286679726860201,-0.3286679726860201,0.3553031778656377,0.6839711505516579,-0.19881405798621754,-0.19881405798621754,0.7839373137866267,0.9827513717728441,-0.12352161661417951,-0.12352161661417951,1.0581297005683479,1.1816513171825276
8560147bfffffff,IND,2,3,16,False,26,,8.438500684962281e-05,,,,0.0001073187494661112,,,,0.00014422677564020662,,,,0.00018518295626538837,,
856014c7fffffff,IND,8,8,17,False,26,,-0.00026327255999234335,,,,-0.0002896524367423743,,,,5.709312197092989e-05,,,,0.0001414591101424167,,
856014dbfffffff,IND,26,26,26,True,26,-0.007354234257537616,-0.007354234257537616,0.0025729216201577474,0.00992715587769536,-0.008463795657222925,-0.008463795657222925,0.0030547772397838866,0.01151857289700681,-0.011949033319378768,-0.011949033319378768,0.003564258601950985,0.01551329192132975,-0.014153586685645909,-0.014153586685645909,0.004722341274856518,0.01887592796050243
85601507fffffff,IND,1,2,8,False,26,,3.698232345131667e-05,,,,4.2837635558947454e-05,,,,0.0,,,,0.0,,
85601523fffffff,IND,8,11,11,False,26,,0.0001693466268062657,,,,0.00021096505458424034,,,,0.0006444314298984816,,,,0.0008515691080616118,,
8560152bfffffff,IND,0,0,1,False,26,,,,,,,,,,,,,,,,
85601577fffffff,IND,0,1,3,False,26,,,,,,,,,,,,,,,,
856015a3fffffff,IND,0,3,4,False,26,,,,,,,,,,,,,,,,
856015b3fffffff,IND,1,2,2,False,26,,-2.138228680395105e-05,,,,-1.614710672054331e-05,,,,-6.874671304778241e-05,,,,-7.724763583610523e-05,,
856015d3fffffff,IND,8,9,13,False,26,,5.002982766548765e-05,,,,6.764471358776631e-05,,,,0.00011771900611435893,,,,0.00024789162922330587,,
856015dbfffffff,IND,26,26,26,True,26,-0.020157428140451735,-0.020157428140451735,0.01492287237722756,0.03508030051767929,-0.022965960499266705,-0.022965960499266705,0.017672751998091776,0.040638712497358474,-0.012640041106834013,-0.012640041106834013,0.021174756352921,0.03381479745975501,-0.011605406149834734,-0.011605406149834734,0.028656287668823832,0.04026169381865856
85601607fffffff,IND,4,4,11,False,26,,2.0262217189898014e-05,,,,2.744704737731996e-05,,,,5.5757381170312356e-05,,,,8.225166703839073e-05,,
8560160bfffffff,IND,10,11,25,False,26,,-0.0004396093628155705,,,,-0.0004971458913994295,,,,-0.0011974420563318638,,,,-0.001292582380912914,,
8560162ffffffff,IND,1,1,4,False,26,,-0.00014952679280047322,,,,-0.00016213883093633657,,,,-0.00034373356523891203,,,,-0.00038623817918052617,,
85601643fffffff,IND,0,0,1,False,26,,,,,,,,,,,,,,,,
85601683fffffff,IND,13,14,24,False,26,,-6.887734838381527e-05,,,,-7.272796500390136e-05,,,,0.0006336644976684273,,,,0.000969446001305517,,
85601693fffffff,IND,14,14,22,False,26,,-7.793578549256412e-05,,,,-8.421149796497912e-05,,,,-0.0005689466530044341,,,,-0.0006730632323121187,,
85601697fffffff,IND,26,26,26,True,26,-0.0003561179857213268,-0.0003561179857213268,0.00494813889140228,0.005304256877123605,-0.0011174134092298844,-0.0011174134092298844,0.0012648259511687195,0.002382239360398604,-0.000990281855102333,-0.000990281855102333,0.006311882872610198,0.0073021647277125325,-0.0029214671464843187,-0.0029214671464843187,0.004611841869829358,0.007533309016313676
8560169bfffffff,IND,4,4,8,False,26,,4.1950922333814104e-05,,,,5.556514764607514e-05,,,,0.0002597385961868636,,,,0.0003338936063957252,,
856016a3fffffff,IND,26,26,26,True,26,-0.00012378303759025437,-0.00012378303759025437,0.0005418752087080976,0.0006656582462983518,-0.00013099822167420298,-0.00013099822167420298,0.0006448219311664858,0.000775820152840689,0.0005037669205424753,0.0005037669205424753,0.0010536672192694486,0.0005499002987269731,0.0009026758926917068,0.0009026758926917068,0.0015621723950890562,0.0006594965023973494
856016cbfffffff,IND,2,3,4,False,26,,-0.0001668365009642143,,,,-0.00018857545254414974,,,,0.0,,,,0.0,,
85601a5bfffffff,IND,26,26,26,True,26,5.456190081278766e-05,5.456190081278766e-05,0.0010624837310158016,0.0010079218302030141,8.921809052447328e-05,8.921809052447328e-05,0.0012639859413191186,0.0011747678507946454,-0.0003496302144527179,-0.0003496302144527179,0.0007899339439881004,0.0011395641584408184,-0.0003241789007919409,-0.0003241789007919409,0.00105229842861112,0.001376477329403061
85601e1bfffffff,IND,7,8,13,False,26,,-0.0001412079321827058,,,,-0.00014304737683397607,,,,-5.104443511781524e-06,,,,7.23131963063647e-08,,
85601e57fffffff,IND,0,2,2,False,26,,,,,,,,,,,,,,,,
85601e83fffffff,IND,25,25,26,False,26,,-0.0006772591791944018,,,,-0.0007283253456408547,,,,-3.3555419405881e-05,,,,0.0007859366050383165,,
85601e8bfffffff,IND,0,1,4,False,26,,,,,,,,,,,,,,,,
85602203fffffff,IND,26,26,26,True,26,1.5586355048324555e-05,1.5586355048324555e-05,0.0006242251859472503,0.0006086388308989258,3.247483916075099e-05,3.247483916075099e-05,0.0007427711006209168,0.0007102962614601657,-4.32784297202977e-06,-4.32784297202977e-06,0.00018851802456655215,0.0001928458675385819,1.3729531216483743e-05,1.3729531216483743e-05,0.00024413751187680628,0.0002304079806603225
8560220bfffffff,IND,1,1,5,False,26,,8.54048015264841e-05,,,,0.00010551266345928443,,,,1.1779688473043343e-05,,,,2.2297495382103807e-05,,
85602217fffffff,IND,26,26,26,True,26,0.000107850629010955,0.000107850629010955,0.0018654577632040577,0.0017576071341931024,0.00017738628875618118,0.00017738628875618118,0.002218284290103049,0.0020408980013468677,0.00039123846909747324,0.00039123846909747324,0.002481320710708346,0.002090082241610873,0.0007906990689309135,0.0007906990689309135,0.0032651100197738235,0.0024744109508429103
8560221bfffffff,IND,25,25,26,False,26,,-0.0008206659983959766,,,,-0.0009328145615151539,,,,-0.0002925411512832303,,,,-0.00018114147927391307,,
85602247fffffff,IND,25,25,26,False,26,,-6.452529828060217e-05,,,,-4.501613919032986e-05,,,,0.0008498931821598233,,,,0.0016300522114162882,,
8560224bfffffff,IND,4,9,9,False,26,,0.00013108684336993708,,,,0.00015794232074352245,,,,7.085334864250528e-05,,,,9.522425180588573e-05,,
8560225bfffffff,IND,15,15,26,False,26,,0.0001295540151817006,,,,0.00018372291391487457,,,,0.0005900777034990923,,,,0.0009492099033538825,,
85602263fffffff,IND,6,11,15,False,26,,0.00010577349661241722,,,,0.00013361589204182264,,,,0.0007577399724731228,,,,0.0011615389185897287,,
85602277fffffff,IND,26,26,26,True,26,0.002097578838069718,0.002097578838069718,0.021155626358412012,0.0190580475203423,0.0029293789657624833,0.0029293789657624833,0.025176759514713466,0.02224738054895098,0.0008216029599621313,0.0008216029599621313,0.004937049289641698,0.0041154463296795675,0.0019454516513029816,0.0019454516513029816,0.006885427965458545,0.004939976314155563
8560227bfffffff,IND,17,22,20,False,26,,6.269871063257452e-05,,,,8.569806571205039e-05,,,,0.0013890296012438446,,,,0.0020759093660189225,,
85602287fffffff,IND,26,26,26,True,26,0.0030800022702185095,0.0030800022702185095,0.036600289468726996,0.03352028719850849,0.004520739418340077,0.004520739418340077,0.043568818465298746,0.03904807904695868,0.0039229828666835906,0.0039229828666835906,0.03418942948752632,0.03026644662084273,0.00934510621226678,0.00934510621226678,0.04609338410553542,0.03674827789326865
8560228bfffffff,IND,7,7,12,False,26,,7.321504284987816e-05,,,,1.2298739450354905e-05,,,,-0.00016625372800345949,,,,-0.00015576033628092283,,
8560228ffffffff,IND,2,8,7,False,26,,0.00012137143987813676,,,,0.00015090215626409987,,,,0.00015516295880512983,,,,0.00018794151474536619,,
85602297fffffff,IND,5,7,10,False,26,,0.00016271635682160637,,,,0.00019537763754835018,,,,0.0,,,,0.0,,
8560229bfffffff,IND,1,4,6,False,26,,-2.138228680395105e-05,,,,-1.614710672054331e-05,,,,0.0,,,,0.0,,
856022c7fffffff,IND,26,26,26,True,26,0.00034916766655967345,0.00034916766655967345,0.003462034114066873,0.0031128664475071994,0.0004951536853414447,0.0004951536853414447,0.004120139690063977,0.0036249860047225333,0.0011944300983098722,0.0011944300983098722,0.004017269778483972,0.002822839680174101,0.0019236580979679321,0.0019236580979679321,0.005300077943439839,0.0033764198454719063
8560262ffffffff,IND,26,26,26,True,26,0.0002092267687719739,0.0002092267687719739,0.00221287085813822,0.002003644089366246,0.00029333031211994877,0.00029333031211994877,0.002633597415124666,0.0023402671030047176,0.001981106631992686,0.001981106631992686,0.004631591110797186,0.0026504844788045,0.0032534211024510093,0.0032534211024510093,0.006449065078722912,0.0031956439762719038
85602633fffffff,IND,26,26,26,True,26,0.004153114582308037,0.004153114582308037,0.03496955839332101,0.03081644381101298,0.005817585216725273,0.005817585216725273,0.041517870018067435,0.03570028480134217,0.0290437056588189,0.0290437056588189,0.07567099428315704,0.046627288624338147,0.046531749169059125,0.046531749169059125,0.10252081455133849,0.055989065382279386
8560263bfffffff,IND,26,26,26,True,26,-0.00025449318913633014,-0.00025449318913633014,0.002263387791989685,0.0025178809811260156,-0.0002246283166892475,-0.0002246283166892475,0.0026935561806340747,0.0029181844973233217,0.0015992465725238056,0.0015992465725238056,0.006394444928959936,0.004795198356436131,0.002702559616733327,0.002702559616733327,0.008500305847576047,0.00579774623084272
85602643fffffff,IND,1,4,5,False,26,,0.00018503130207178352,,,,0.00023270319448616075,,,,-0.00013749342609556482,,,,-0.00015449527167221046,,
8560264ffffffff,IND,11,13,22,False,26,,-4.36372530438165e-05,,,,-3.614799505152711e-05,,,,0.0007175539496895893,,,,0.0009698643153371691,,
85602657fffffff,IND,0,0,2,False,26,,,,,,,,,,,,,,,,
8560266ffffffff,IND,20,21,25,False,26,,3.839629431974046e-06,,,,1.1687838815224543e-05,,,,-0.00046479716958501154,,,,-0.0004908592242774002,,
8560267bfffffff,IND,0,0,1,False,26,,,,,,,,,,,,,,,,
85602683fffffff,IND,26,26,26,True,26,0.0004099370671765448,0.0004099370671765448,0.007068819231008111,0.006658882163831568,0.0006651133055130084,0.0006651133055130084,0.008410202911632931,0.007745089606119921,0.0021462157073993677,0.0021462157073993677,0.009383576499020304,0.0072373607916209354,0.004109267375884227,0.004109267375884227,0.012866185980725241,0.008756918604841015
856026abfffffff,IND,26,26,26,True,26,-0.0006816639493799911,-0.0006816639493799911,0.0013323618761455467,0.0020140258255255377,-0.000754085311192622,-0.000754085311192622,0.001585255078081574,0.002339340389274196,-0.002169286083961786,-0.002169286083961786,0.002867840815481217,0.005037126899443003,-0.002206680484905171,-0.002206680484905171,0.003939611725776981,0.006146292210682152
856026bbfffffff,IND,26,26,26,True,26,-0.00010591021999563276,-0.00010591021999563276,0.002693936077500243,0.002799846297495876,-3.703925185244391e-05,-3.703925185244391e-05,0.0032060475760238567,0.0032430868278763006,0.0011261097964460997,0.0011261097964460997,0.0036078210357092166,0.002481711239263117,0.0018137455282106374,0.0018137455282106374,0.0047794561387450715,0.0029657106105344336
856026c7fffffff,IND,0,0,1,False,26,,,,,,,,,,,,,,,,
856026cbfffffff,IND,26,26,26,True,26,0.000692870095568287,0.000692870095568287,0.0051935963505511,0.0045007262549828135,0.0009296899648572338,0.0009296899648572338,0.006178676155453895,0.005248986190596661,0.004969781103872196,0.004969781103872196,0.010612845740094738,0.005643064636222542,0.008033216302139141,0.008033216302139141,0.015007894425688645,0.0069746781235494985
856026d7fffffff,IND,0,2,2,False,26,,,,,,,,,,,,,,,,
8560301bfffffff,IND,0,1,5,False,26,,,,,,,,,,,,,,,,
85603037fffffff,IND,10,11,14,False,26,,-3.606919693590866e-05,,,,1.3226339050658595e-05,,,,0.00016890246483845312,,,,0.00023314204507771542,,
8560303bfffffff,IND,5,7,16,False,26,,4.837111307032754e-05,,,,7.402060498843508e-05,,,,0.0006873093796302467,,,,0.0008690796959711818,,
8560304bfffffff,IND,10,11,15,False,26,,0.0003155068361388741,,,,0.0003961299818252098,,,,0.0009248481705630193,,,,0.0011885873935530602,,
8560304ffffffff,IND,20,21,25,False,26,,9.112592013481329e-06,,,,2.1611784065959033e-05,,,,7.988530356795551e-06,,,,7.319407564676224e-05,,
85603053fffffff,IND,22,22,25,False,26,,-0.00028745424908241884,,,,-0.0003120904713286149,,,,0.00015593791414991699,,,,0.00033508550687337253,,
85603067fffffff,IND,26,26,26,True,26,-0.0029056703158887765,-0.0029056703158887765,0.006550696631439952,0.009456366947328728,-0.003198778859303836,-0.003198778859303836,0.0076673448988347406,0.010866123758138576,-0.0015423157732430898,-0.0015423157732430898,0.012948333075957018,0.01449064884920011,-5.223612223602116e-05,-5.223612223602116e-05,0.017405361861020804,0.01745759798325682
8560306bfffffff,IND,1,4,13,False,26,,-0.0001045017683262633,,,,-0.00011517370128978456,,,,-0.0005893092772639329,,,,-0.0006458375545084015,,
85603077fffffff,IND,0,2,5,False,26,,,,,,,,,,,,,,,,
85603083fffffff,IND,19,22,23,False,26,,-0.00015813198088328735,,,,-0.00017481123897820865,,,,-0.00029270434586241593,,,,-0.0002225834524185601,,
85603097fffffff,IND,0,0,1,False,26,,,,,,,,,,,,,,,,
856030a3fffffff,IND,0,2,2,False,26,,,,,,,,,,,,,,,,
856030affffffff,IND,0,0,1,False,26,,,,,,,,,,,,,,,,
856030b7fffffff,IND,25,25,26,False,26,,-0.00018789923688415747,,,,-0.00015942507846761038,,,,0.00032954420662250505,,,,0.0012662364391659619,,
85603127fffffff,IND,26,26,26,True,26,0.00019754876084805147,0.00019754876084805147,0.0008823710746128294,0.000684822313764778,0.00025473430609911904,0.00025473430609911904,0.0010494196997511548,0.000794685393652036,0.0011664050444530573,0.0011664050444530573,0.002192939797586078,0.0010265347531330207,0.0018791133687588923,0.0018791133687588923,0.0031091212613009755,0.0012300078925420834
8560312ffffffff,IND,26,26,26,True,26,-0.006991117975102768,-0.006991117975102768,0.04413204256543505,0.051123160540537824,-0.006896326411365756,-0.006896326411365756,0.05250316611556893,0.0593994925269347,0.036080038290244996,0.036080038290244996,0.08270308849450612,0.046623050204261135,0.05629202574580501,0.05629202574580501,0.11245197038614181,0.05615994464033683
85603137fffffff,IND,26,26,26,True,26,-0.00010841363432865065,-0.00010841363432865065,0.0017677531789674363,0.0018761668132960868,-7.880458633331743e-05,-7.880458633331743e-05,0.002102097003744704,0.0021809015900780214,0.0007036761378674203,0.0007036761378674203,0.0037543503218711036,0.0030506741840036844,0.0016047081962338053,0.0016047081962338053,0.005257674721594137,0.003652966525360333
85603147fffffff,IND,8,10,16,False,26,,0.00014247002318840889,,,,0.00017728124765685862,,,,0.0001062121627261353,,,,0.00012360505061009909,,
8560314bfffffff,IND,0,1,1,False,26,,,,,,,,,,,,,,,,
85603153fffffff,IND,21,23,23,False,26,,6.369536059498073e-05,,,,9.611952729003529e-05,,,,0.0003071482963627841,,,,0.0006852855899022643,,
8560315bfffffff,IND,0,7,1,False,26,,,,,,,,,,,,,,,,
85603167fffffff,IND,26,26,26,True,26,0.0015263905199184654,0.0015263905199184654,0.01844556283693621,0.01691917231701775,0.0021505957685295676,0.0021505957685295676,0.021966270103492724,0.019815674334963153,0.004158633608260373,0.004158633608260373,0.009061386374884501,0.00490275276662413,0.006637104153740806,0.006637104153740806,0.012530750550498175,0.005893646396757371
85603177fffffff,IND,2,5,6,False,26,,-2.3973771032132098e-05,,,,-2.3150607666746993e-05,,,,0.0,,,,0.0,,
8560317bfffffff,IND,25,25,26,False,26,,-2.170983502557764e-06,,,,2.7245446389908437e-05,,,,0.000326817102333649,,,,0.0005512550361511559,,
85603193fffffff,IND,9,11,13,False,26,,5.229890445332771e-06,,,,1.8954397132775766e-05,,,,0.0003966928391443621,,,,0.0005532369283815332,,
8560319bfffffff,IND,3,5,12,False,26,,0.00012750512302777672,,,,0.00016410835796487155,,,,0.0007637995543266799,,,,0.0009275241892805959,,
856031a3fffffff,IND,11,13,23,False,26,,1.5508106802851635e-05,,,,2.7687877850583513e-05,,,,-0.0002503647707202851,,,,-0.0002827614956010612,,
856031a7fffffff,IND,7,10,8,False,26,,8.370078272484539e-05,,,,0.00011183957989812619,,,,0.00042364186904972605,,,,0.000559953347522537,,
856031affffffff,IND,26,26,26,True,26,0.0021212847970261506,0.0021212847970261506,0.011511646154180925,0.009390361357154776,0.002817045215198882,0.002817045215198882,0.013694184285303538,0.010877139070104654,0.026097364477026937,0.026097364477026937,0.05576073680082917,0.029663372323802242,0.04116149115163575,0.04116149115163575,0.07678047628971497,0.035618985138079214
856031bbfffffff,IND,0,0,3,False,26,,,,,,,,,,,,,,,,
856031c7fffffff,IND,0,0,2,False,26,,,,,,,,,,,,,,,,
85603207fffffff,IND,2,2,7,False,26,,0.00018844059057577104,,,,0.00023615409278722967,,,,0.00013249461046260314,,,,0.00019993255391510958,,
85603213fffffff,IND,0,2,5,False,26,,,,,,,,,,,,,,,,
85603217fffffff,IND,2,8,6,False,26,,3.822556853669558e-05,,,,4.844001815356122e-05,,,,0.0004646275496412637,,,,0.0005924751004331506,,
85603243fffffff,IND,26,26,26,True,26,0.0002637355337404354,0.0002637355337404354,0.0022497592060699246,0.001986023672329489,0.0003677473828239565,0.0003677473828239565,0.0026771021414597673,0.002309354758635811,0.0032775865845597624,0.0032775865845597624,0.004294646142170691,0.0010170595576109288,0.004852987500645407,0.004852987500645407,0.006076173992454687,0.00122318649180928
8560324bfffffff,IND,24,25,25,False,26,,-4.796307930198822e-06,,,,6.281965324613099e-06,,,,-6.676333362396531e-05,,,,-3.741750790428523e-05,,
8560324ffffffff,IND,0,0,1,False,26,,,,,,,,,,,,,,,,
85603273fffffff,IND,0,0,1,False,26,,,,,,,,,,,,,,,,
85603283fffffff,IND,12,12,21,False,26,,6.714093112054855e-05,,,,9.879323560405748e-05,,,,0.00020629468208516514,,,,0.00039609363853176,,
8560328bfffffff,IND,26,26,26,True,26,-0.01653837642631809,-0.01653837642631809,0.035652086128505525,0.05219046255482361,-0.01829027622544013,-0.01829027622544013,0.04234247636249596,0.060632752587936094,0.005560774457349747,0.005560774457349747,0.055814262821353565,0.050253488364003826,0.015554718214204764,0.015554718214204764,0.07667698452860171,0.06112226631439695
8560328ffffffff,IND,0,2,4,False,26,,,,,,,,,,,,,,,,
856032a3fffffff,IND,26,26,26,True,26,-9.887524050241696e-05,-9.887524050241696e-05,0.0006574527934893585,0.0007563280339917754,-9.514462899904039e-05,-9.514462899904039e-05,0.0007816618844001833,0.0008768065133992237,0.0010741988351971336,0.0010741988351971336,0.0025825350771467516,0.0015083362419496182,0.0017417550363012617,0.0017417550363012617,0.003589319158422495,0.0018475641221212327
856032abfffffff,IND,0,2,2,False,26,,,,,,,,,,,,,,,,
856032affffffff,IND,0,1,0,False,26,,,,,,,,,,,,,,,,
856032b3fffffff,IND,25,25,26,False,26,,0.0008437105043539533,,,,0.0010166397497990817,,,,0.00047433186147788174,,,,0.0008837990376133841,,
856032b7fffffff,IND,26,26,26,True,26,-0.0006224836757776525,-0.0006224836757776525,0.0031150997978142475,0.0037375834735918997,-0.0006276058055734118,-0.0006276058055734118,0.003703495078578846,0.004331100884152257,0.0036031505840410302,0.0036031505840410302,0.01196876444544015,0.00836561386139912,0.0062251902188503365,0.0062251902188503365,0.01643768986602889,0.01021249964717855
856032bbfffffff,IND,26,26,26,True,26,0.00019258486927656578,0.00019258486927656578,0.0019383816613504907,0.0017457967920739249,0.0002780712703925568,0.0002780712703925568,0.00230327935464649,0.0020252080842539334,0.0046439317302530495,0.0046439317302530495,0.00954635704295119,0.004902425312698139,0.007607496187412046,0.007607496187412046,0.013737775771895456,0.006130279584483409
856032c7fffffff,IND,0,0,1,False,26,,,,,,,,,,,,,,,,
856032cbfffffff,IND,0,1,2,False,26,,,,,,,,,,,,,,,,
856032d7fffffff,IND,4,4,19,False,26,,-0.00032036836913800756,,,,-0.00036095783733504003,,,,-0.0006621934337814857,,,,-0.0007297315044108247,,
85603307fffffff,IND,24,24,25,False,26,,-0.00018694259472544744,,,,-0.00020184026179468736,,,,-5.137097568928596e-06,,,,6.373441766477832e-05,,
85603313fffffff,IND,1,1,1,False,26,,0.00011387306870197878,,,,0.0001406835512790459,,,,-0.00013749342609556482,,,,-0.00015449527167221046,,
85603317fffffff,IND,2,3,8,False,26,,3.3815507852981295e-05,,,,4.6831252419387366e-05,,,,7.463655728430408e-05,,,,8.839638352715713e-05,,
85603323fffffff,IND,5,8,6,False,26,,0.00026826034708845377,,,,0.0003481712799964094,,,,0.0005499719996894776,,,,0.0007568692517071707,,
85603327fffffff,IND,4,7,6,False,26,,0.00011612883547686323,,,,0.00014469687671161329,,,,0.0005197954111244389,,,,0.0007070428683733214,,
85603333fffffff,IND,26,26,26,True,26,-1.223001890803542e-05,-1.223001890803542e-05,0.001590234058284283,0.001602464077192318,2.0722606606208643e-05,2.0722606606208643e-05,0.0018919211079729088,0.0018711985013667,-0.00016011454605547627,-0.00016011454605547627,0.001378595450317483,0.0015387099963729593,9.831336729038292e-06,9.831336729038292e-06,0.0018850758930095781,0.0018752445562805402
8560337bfffffff,IND,0,3,1,False,26,,,,,,,,,,,,,,,,
85603387fffffff,IND,26,26,26,True,26,-0.03560221168164565,-0.03560221168164565,0.06910403035773303,0.1047062420393787,-0.039595763784613054,-0.039595763784613054,0.08156195704201503,0.12115772082662811,0.013840568572205926,0.013840568572205926,0.17694745554540217,0.16310688697319622,0.04209359625488529,0.04209359625488529,0.24014840193756917,0.1980548056826839
85603393fffffff,IND,3,5,6,False,26,,7.842679999746274e-06,,,,1.695726268251976e-05,,,,0.0003841465867907848,,,,0.00047460342169289944,,
85603397fffffff,IND,18,22,21,False,26,,0.0003517220755084692,,,,0.0004422068055755603,,,,0.0011589952566031382,,,,0.0016790572688034694,,
8560339bfffffff,IND,4,12,10,False,26,,1.8880896229286747e-05,,,,2.7864745413889898e-05,,,,0.0005953682376576059,,,,0.000804426315024596,,
856033cffffffff,IND,5,7,7,False,26,,3.2104055666150335e-05,,,,4.6031609808836586e-05,,,,0.00020787232969812053,,,,0.0002690074882827013,,
856033d3fffffff,IND,3,8,12,False,26,,0.00034807067716565284,,,,0.00042809942234552827,,,,0.00015951926984848565,,,,0.00019976985526548376,,
85603417fffffff,IND,5,7,11,False,26,,5.827555282057065e-05,,,,7.463895098983628e-05,,,,-3.7252830409493476e-05,,,,9.70945071359316e-06,,
8560341bfffffff,IND,26,26,26,True,26,0.00041422407569693584,0.00041422407569693584,0.0018380119927061901,0.001423787917009254,0.0005273926736491497,0.0005273926736491497,0.00218717300848826,0.0016597803348391107,0.0004857195856700901,0.0004857195856700901,0.0007387460981540627,0.00025302651248397263,0.0007085619196755933,0.0007085619196755933,0.001009551331820219,0.00030098941214462544
85603423fffffff,IND,26,26,26,True,26,-0.004871566306607451,-0.004871566306607451,0.014193091083269873,0.019064657389877324,-0.0052092321308595015,-0.0052092321308595015,0.016855973565646127,0.022065205696505625,0.008475298427869572,0.008475298427869572,0.03342131374451073,0.024946015316641153,0.015488322311054003,0.015488322311054003,0.0456737643331117,0.030185442022057696
8560342ffffffff,IND,0,5,4,False,26,,,,,,,,,,,,,,,,
85603443fffffff,IND,19,20,25,False,26,,-8.74073401690851e-05,,,,-9.089038860205646e-05,,,,0.0001677034780178777,,,,0.00031449250793799194,,
85603453fffffff,IND,0,3,0,False,26,,,,,,,,,,,,,,,,
8560345bfffffff,IND,0,0,3,False,26,,,,,,,,,,,,,,,,
85603467fffffff,IND,0,0,2,False,26,,,,,,,,,,,,,,,,
85603487fffffff,IND,14,17,20,False,26,,7.862656791242123e-05,,,,0.00010494776046924215,,,,0.0001665184645750248,,,,0.0003022285581524213,,
856034bbfffffff,IND,24,26,24,False,26,,7.046557914098857e-05,,,,9.505168596998961e-05,,,,0.00021012360903617416,,,,0.0003097502826353421,,
856034c7fffffff,IND,8,12,15,False,26,,5.009574098889675e-05,,,,6.388055065530707e-05,,,,6.9611419663672e-05,,,,9.066529233573471e-05,,
856034cbfffffff,IND,11,16,16,False,26,,6.717135195257597e-05,,,,8.562748367838066e-05,,,,-3.60362827709451e-05,,,,-4.115842866997361e-05,,
85603513fffffff,IND,5,7,11,False,26,,-2.8338886296319165e-05,,,,-2.4278526585785366e-05,,,,-0.00016376787516972049,,,,-0.0001263113333016137,,
85603517fffffff,IND,4,6,11,False,26,,-4.969762845221224e-05,,,,-5.243252628660315e-05,,,,3.5320111812600825e-05,,,,9.461545721096547e-05,,
85603523fffffff,IND,2,4,4,False,26,,-8.58243394330505e-05,,,,-9.25600558535536e-05,,,,1.2067608864375128e-05,,,,2.388491715162837e-05,,
8560353bfffffff,IND,10,10,21,False,26,,0.00030033987126720405,,,,0.00037145950193135036,,,,0.0011602921287973936,,,,0.001506842111613921,,
85603547fffffff,IND,0,0,1,False,26,,,,,,,,,,,,,,,,
8560354bfffffff,IND,3,5,8,False,26,,0.0001512963212065816,,,,0.00018890103093885117,,,,0.000351070240671819,,,,0.00048163401085527766,,
8560354ffffffff,IND,1,3,3,False,26,,6.404738386039706e-05,,,,8.118070942331888e-05,,,,-5.696702457473905e-05,,,,-5.495014045400144e-05,,
85603563fffffff,IND,0,0,4,False,26,,,,,,,,,,,,,,,,
8560357bfffffff,IND,6,12,10,False,26,,0.0001116171839820296,,,,0.00015218000135515952,,,,0.0002546660066495912,,,,0.000386174373252875,,
8560358bfffffff,IND,19,20,23,False,26,,-0.0005167726534107435,,,,-0.0005600374499926893,,,,0.0003244965004047914,,,,0.0010243668189143808,,
85603593fffffff,IND,4,5,11,False,26,,1.8153107893010936e-05,,,,2.935701738448405e-05,,,,7.354500796214256e-05,,,,0.00011102087616436182,,
8560359bfffffff,IND,6,6,17,False,26,,8.302248720883261e-06,,,,3.1958966808121816e-05,,,,2.4226048368363247e-05,,,,0.00012850009503177605,,
856035b3fffffff,IND,0,1,1,False,26,,,,,,,,,,,,,,,,
856035c3fffffff,IND,7,7,19,False,26,,-4.4476847489946275e-06,,,,8.469529240923916e-06,,,,0.00010307820352317981,,,,0.0002068988223455815,,
856035d3fffffff,IND,16,16,26,False,26,,-4.876699434651646e-05,,,,-3.337647848376094e-05,,,,-1.0504018800490834e-05,,,,0.00020571186185217212,,
8560360bfffffff,IND,10,11,21,False,26,,-0.0008660602116307049,,,,-0.0009931627943558952,,,,-0.000331252973544138,,,,-0.0003933428380927319,,
8560360ffffffff,IND,3,3,12,False,26,,0.00021753887286972743,,,,0.00027091992988915277,,,,-5.471191046436168e-05,,,,-5.9533506247008866e-05,,
85603617fffffff,IND,0,0,2,False,26,,,,,,,,,,,,,,,,
85603627fffffff,IND,0,0,2,False,26,,,,,,,,,,,,,,,,
8560362ffffffff,IND,18,22,20,False,26,,1.0762421437073112e-05,,,,1.7949964765003902e-05,,,,0.0006042522407750621,,,,0.0009096716799510258,,
85603633fffffff,IND,0,1,1,False,26,,,,,,,,,,,,,,,,
85603637fffffff,IND,0,0,1,False,26,,,,,,,,,,,,,,,,
8560363bfffffff,IND,26,26,26,True,26,0.00011644017479063797,0.00011644017479063797,0.011022016939288604,0.010905576764497969,0.0003365472497104584,0.0003365472497104584,0.013121239597110989,0.01278469234740053,-0.0010102883289706108,-0.0010102883289706108,0.0009666841288210698,0.001976972457791681,-0.0011216571945699967,-0.0011216571945699967,0.0013001269523156206,0.0024217841468856176
8560364ffffffff,IND,1,3,4,False,26,,0.00022774613740395757,,,,0.0002813671025580918,,,,0.0,,,,0.0,,
8560366bfffffff,IND,7,7,16,False,26,,-0.0002265629445690294,,,,-0.0002382675308695082,,,,-0.00023748361446796647,,,,-0.0002409703915736036,,
8560368ffffffff,IND,1,1,2,False,26,,2.1332548528223025e-05,,,,3.251680135138779e-05,,,,0.0,,,,0.0,,
8560369bfffffff,IND,26,26,26,True,26,-0.0004667194391385383,-0.0004667194391385383,0.0013012249794075938,0.0017679444185461322,-0.000500994380895108,-0.000500994380895108,0.0015460193605423408,0.002047013741437449,0.0021374495594099433,0.0021374495594099433,0.006211429664179416,0.004073980104769474,0.0036897337608798814,0.0036897337608798814,0.00865295784234471,0.004963224081464831
856036a3fffffff,IND,10,10,18,False,26,,-3.286742933505309e-05,,,,-2.627494351090029e-05,,,,0.000160619128815505,,,,0.0002963383953033784,,
856036bbfffffff,IND,26,26,26,True,26,-0.005215769812087912,-0.005215769812087912,0.012838052029705505,0.018053821841793417,-0.00568353501740725,-0.00568353501740725,0.01516606138516786,0.02084959640257511,0.0004411287423678235,0.0004411287423678235,0.034054561563036406,0.03361343282066858,0.0039015428561233172,0.0039015428561233172,0.04392731747197239,0.04002577461584908
856036cbfffffff,IND,0,1,1,False,26,,,,,,,,,,,,,,,,
856036d3fffffff,IND,23,23,26,False,26,,-8.102149049674058e-05,,,,-7.772407984265587e-05,,,,0.001232201029607262,,,,0.0020675792308454217,,
85608007fffffff,IND,1,2,6,False,26,,-0.0006193899814543878,,,,0.0,,,,0.00022979951608943392,,,,0.0,,
8560801bfffffff,IND,19,20,23,False,26,,-5.837760960090223e-05,,,,-6.047931341884342e-05,,,,-0.0005842127477122186,,,,-0.0006414188283236816,,
85608037fffffff,IND,25,25,26,False,26,,-0.0008080947895477899,,,,-0.0009193105207312186,,,,-0.0022106526602482103,,,,-0.002464454588463181,,
8560804ffffffff,IND,5,7,12,False,26,,0.00015086777095637952,,,,0.00018527237146144098,,,,0.0,,,,0.0,,
8560807bfffffff,IND,0,1,7,False,26,,,,,,,,,,,,,,,,
85608133fffffff,IND,0,0,14,False,26,,,,,,,,,,,,,,,,
856081bbfffffff,IND,3,11,8,False,26,,5.74203048286711e-05,,,,7.788197942245385e-05,,,,0.00026154671011346643,,,,0.0003365217983688656,,
8560820bfffffff,IND,0,0,1,False,26,,,,,,,,,,,,,,,,
85608213fffffff,IND,7,9,14,False,26,,0.0001325445542710556,,,,0.0001628832139851659,,,,0.0002562124743342491,,,,0.000300022179611436,,
8560822bfffffff,IND,0,0,2,False,26,,,,,,,,,,,,,,,,
8560823bfffffff,IND,1,3,4,False,26,,9.545469844018551e-05,,,,0.00012040749838049871,,,,0.0,,,,0.0,,
85608313fffffff,IND,0,0,2,False,26,,,,,,,,,,,,,,,,
8560832bfffffff,IND,0,0,1,False,26,,,,,,,,,,,,,,,,
856083dbfffffff,IND,0,1,0,False,26,,,,,,,,,,,,,,,,
85608453fffffff,IND,6,10,11,False,26,,-4.0769130695973015e-05,,,,-3.490547752875025e-05,,,,4.037685206934989e-05,,,,0.00012207387083641383,,
85608477fffffff,IND,0,0,5,False,26,,,,,,,,,,,,,,,,
85608493fffffff,IND,0,0,3,False,26,,,,,,,,,,,,,,,,
856084b7fffffff,IND,0,2,2,False,26,,,,,,,,,,,,,,,,
85608553fffffff,IND,0,4,0,False,26,,,,,,,,,,,,,,,,
8560856ffffffff,IND,25,25,26,False,26,,-0.0014148661639825535,,,,-0.0016159482067527307,,,,-0.0010247730022951164,,,,-0.0009471343745460798,,
85608587fffffff,IND,5,6,10,False,26,,0.00013011250327983625,,,,0.00016431887846452998,,,,0.00032090564562196525,,,,0.0004563816717210103,,
856085dbfffffff,IND,25,25,26,False,26,,-0.0004797065520968689,,,,-0.0005397950520214873,,,,0.0002759374566221513,,,,0.0009001019155319786,,
85608663fffffff,IND,10,13,16,False,26,,-9.878607171280526e-05,,,,-0.00010156498354202603,,,,0.00033592233339407965,,,,0.0004890630901386979,,
8560868ffffffff,IND,0,0,2,False,26,,,,,,,,,,,,,,,,
856086cffffffff,IND,0,0,3,False,26,,,,,,,,,,,,,,,,
8560883bfffffff,IND,2,3,4,False,26,,8.73180676174714e-05,,,,0.00011205860704119172,,,,0.00013030252971854526,,,,0.00017080356423256773,,
85608843fffffff,IND,26,26,26,True,26,-0.0020886107786183363,-0.0020886107786183363,0.0060373250266811595,0.008125935805299496,-0.0022446040132948894,-0.0022446040132948894,0.00717227851893753,0.00941688253223242,-0.002966448636991703,-0.002966448636991703,0.01854714921333452,0.021513597850326218,-0.0012412718101836714,-0.0012412718101836714,0.02483567766433825,0.02607694947452192
8560884bfffffff,IND,8,8,17,False,26,,-4.318741600222246e-05,,,,-4.1060880575385954e-05,,,,-2.685518972546679e-05,,,,2.112094869336728e-05,,
85608853fffffff,IND,26,26,26,True,26,-0.03855929113232877,-0.03855929113232877,0.06559421045380863,0.10415350158613738,-0.042916897916725524,-0.042916897916725524,0.07661806518555041,0.11953496310227596,-0.024184584270058776,-0.024184584270058776,0.22617521344611374,0.25035979771617256,0.0018932578865644039,0.0018932578865644039,0.30353449211811384,0.3016412342315494
8560885bfffffff,IND,1,1,9,False,26,,7.115823336980475e-05,,,,8.118070942331888e-05,,,,-0.00012571373762252147,,,,-5.495014045400144e-05,,
8560886bfffffff,IND,13,13,23,False,26,,-0.00033078154749396785,,,,-0.000376774685093995,,,,-0.0007991523816880565,,,,-0.0009327848676839701,,
85608883fffffff,IND,13,14,16,False,26,,0.00010987214163786975,,,,0.00013568326014662006,,,,4.526457824955539e-05,,,,5.8895693959127566e-05,,
8560889bfffffff,IND,14,16,18,False,26,,9.057731658583048e-05,,,,0.00011552684384592584,,,,-0.00014239532698366288,,,,-0.00012340822497374412,,
856088abfffffff,IND,1,1,4,False,26,,0.0001423413358774735,,,,0.0001758544390988074,,,,2.3559376946086685e-05,,,,4.4594990764207614e-05,,
856088b7fffffff,IND,0,0,2,False,26,,,,,,,,,,,,,,,,
856088c7fffffff,IND,1,3,12,False,26,,-8.545453980221212e-05,,,,-8.914296882843993e-05,,,,2.3559376946086685e-05,,,,4.4594990764207614e-05,,
856088d7fffffff,IND,0,0,6,False,26,,,,,,,,,,,,,,,,
856088dbfffffff,IND,8,19,11,False,26,,0.00021803118838775417,,,,0.0002628052666058861,,,,0.0036845998927204785,,,,0.004973535986802103,,
8560895bfffffff,IND,0,0,2,False,26,,,,,,,,,,,,,,,,
85608a13fffffff,IND,0,1,3,False,26,,,,,,,,,,,,,,,,
85608a23fffffff,IND,0,0,4,False,26,,,,,,,,,,,,,,,,
85608a27fffffff,IND,26,26,26,True,26,-0.0006651869322575251,-0.0006651869322575251,0.0012012922107114108,0.0018664791429689358,-0.0007360132744274962,-0.0007360132744274962,0.0014288231969177977,0.0021648364713452947,-0.0017550800589171166,-0.0017550800589171166,0.004640826245294814,0.0063959063042119315,-0.0015345340896382037,-0.0015345340896382037,0.006151805179516353,0.007686339269154557
85608a2ffffffff,IND,11,11,26,False,26,,-0.00022434346606428995,,,,-0.0002566715758770863,,,,0.0005999028590071875,,,,0.0009605736292921229,,
85608a37fffffff,IND,26,26,26,True,26,-0.0005251149257050784,-0.0005251149257050784,0.000591410121664153,0.0011165250473692313,-0.0005774703096655785,-0.0005774703096655785,0.0006989623949413971,0.0012764327046069753,-0.002128346675138414,-0.002128346675138414,0.0036470460884534535,0.005775392763591867,-0.002058919696807549,-0.002058919696807549,0.004979736111416371,0.007038655808223921
85608a63fffffff,IND,5,6,12,False,26,,7.249403698548782e-05,,,,9.248139231221681e-05,,,,0.00016016063207088246,,,,0.00022921152520849128,,
85608a83fffffff,IND,2,4,8,False,26,,3.071161245427802e-05,,,,5.185661168244088e-05,,,,-0.00013360413883465935,,,,-0.0001287124397316797,,
85608b0bfffffff,IND,26,26,26,True,26,-0.0006506973389759896,-0.0006506973389759896,0.0009059091735208109,0.0015566065124968007,-0.0007253372840921649,-0.0007253372840921649,0.0010774064173457102,0.0018027437014378747,-0.0011809953424176491,-0.0011809953424176491,0.0027486193855314183,0.003929614727949069,-0.0009936100513138085,-0.0009936100513138085,0.003701201509807415,0.0046948115611212225
85608b13fffffff,IND,1,2,6,False,26,,-2.637169000776567e-05,,,,-3.0131447763700737e-05,,,,-0.0008414993836017015,,,,-0.001036290907583577,,
85608b1bfffffff,IND,26,26,26,True,26,-0.08269648677340559,-0.08269648677340559,0.06836533381923159,0.15106182059263715,-0.09381702338187162,-0.09381702338187162,0.08040872541394375,0.17422574879581537,-0.04766584377766825,-0.04766584377766825,0.12433843065384348,0.17200427443151173,-0.039556612587066026,-0.039556612587066026,0.1640128328412436,0.20356944542830963
85608b43fffffff,IND,26,26,26,True,26,0.0007673723057286132,0.0007673723057286132,0.004801669983875631,0.004034297678147019,0.0006111748106392863,0.0006111748106392863,0.004909932729816818,0.004298757919177531,0.007028076988671309,0.007028076988671309,0.020095415725926664,0.013067338737255359,0.010654517238485022,0.010654517238485022,0.024811396609624045,0.01415687937113903
85608b4ffffffff,IND,25,26,25,False,26,,7.49505582474041e-05,,,,0.00010606479609247506,,,,0.0022003360300564146,,,,0.0031972463735865536,,
85608b53fffffff,IND,26,26,26,True,26,-0.00022844267476480448,-0.00022844267476480448,0.00561637460496177,0.0058448172797265765,-8.562448048672608e-05,-8.562448048672608e-05,0.006673613877401877,0.006759238357888603,0.00753637116967193,0.00753637116967193,0.023365449683495285,0.015829078513823352,0.012814544567265405,0.012814544567265405,0.031718643521520415,0.018904098954255013
85608b57fffffff,IND,26,26,26,True,26,-0.08664864586940392,-0.08664864586940392,0.16912309897942904,0.2557717448488329,-0.09550423346694639,-0.09550423346694639,0.18598841858701862,0.281492652053965,0.002780856185423993,0.002780856185423993,0.52306850995824,0.520287653772816,0.06910516022088152,0.06910516022088152,0.6755866666906033,0.6064815064697218
85608b5bfffffff,IND,26,26,26,True,26,-0.0002696476487024119,-0.0002696476487024119,0.0006266186613424321,0.0008962663100448438,-0.00029199907149210036,-0.00029199907149210036,0.0007447485878416942,0.0010367476593337946,-0.0007468855005222248,-0.0007468855005222248,0.0019475974982310978,0.002694482998753323,-0.0006096532622701981,-0.0006096532622701981,0.0027295333118900504,0.003339186574160248
85608b8ffffffff,IND,7,7,10,False,26,,-2.5307321603878785e-05,,,,-2.2202861169064687e-05,,,,0.00013306388259945692,,,,0.00018254466692804386,,
85608b93fffffff,IND,16,18,18,False,26,,4.693546400307708e-05,,,,6.461462050645424e-05,,,,6.522934834737389e-05,,,,0.00011418515500610588,,
85608bcffffffff,IND,26,26,26,True,26,-0.002427589966000673,-0.002427589966000673,0.008066202715878304,0.010493792681878975,-0.0023999786041995425,-0.0023999786041995425,0.009409660130561177,0.011809638734760717,-0.005751032802532993,-0.005751032802532993,0.03786942574693204,0.04362045854946503,-0.00244971609601164,-0.00244971609601164,0.05000300086538616,0.05245271696139779
85608bd3fffffff,IND,9,9,16,False,26,,-6.989276022952652e-05,,,,-6.986481642956395e-05,,,,0.00010290836413214013,,,,0.0002215652209827687,,
85608bd7fffffff,IND,10,11,21,False,26,,4.708766167341431e-06,,,,1.86318981585174e-05,,,,-0.00017863387896231952,,,,-0.00018830637709002867,,
85608c2bfffffff,IND,17,22,20,False,26,,0.00022035128727439037,,,,0.0002697590946111662,,,,0.0005652463909378879,,,,0.0008188423802002144,,
85608c4bfffffff,IND,0,0,3,False,26,,,,,,,,,,,,,,,,
85608c4ffffffff,IND,12,15,14,False,26,,2.1330739931666506e-05,,,,3.0321856722438526e-05,,,,-6.553506067280962e-05,,,,-4.426399443446923e-05,,
85608c83fffffff,IND,1,1,6,False,26,,-2.138228680395105e-05,,,,-1.614710672054331e-05,,,,-0.00013749342609556482,,,,-0.00015449527167221046,,
85608ca3fffffff,IND,26,26,26,True,26,0.0030561580362986392,0.0030561580362986392,0.021277468847773942,0.018221310811475305,0.004043119258763194,0.004043119258763194,0.02533305493335412,0.021289935674590928,0.0011674414142018423,0.0011674414142018423,0.006143119174164872,0.00497567775996303,0.002403944577263804,0.002403944577263804,0.008387879931485199,0.005983935354221394
85608cc3fffffff,IND,3,3,14,False,26,,-0.00011163819070441445,,,,-0.00012342871358470277,,,,-0.00012790091871731999,,,,-4.898927422623302e-05,,
85608d17fffffff,IND,8,9,16,False,26,,1.3936267745002002e-05,,,,2.8866241886335287e-05,,,,7.122546191746917e-05,,,,0.00014928659269047146,,
85608d43fffffff,IND,1,1,2,False,26,,0.0001423413358774735,,,,0.0001758544390988074,,,,0.0001610528030416515,,,,0.00019909026243641808,,
85608d63fffffff,IND,2,3,2,False,26,,1.2933022009990679e-05,,,,2.2183310821367634e-05,,,,-9.105246070729848e-05,,,,-9.198653660252948e-05,,
85608d97fffffff,IND,0,1,0,False,26,,,,,,,,,,,,,,,,
85608e13fffffff,IND,1,2,2,False,26,,-0.00025445033654917495,,,,-0.00029706327317568457,,,,0.0,,,,0.0,,
85608e17fffffff,IND,0,0,2,False,26,,,,,,,,,,,,,,,,
85608e4ffffffff,IND,23,25,23,False,26,,1.9493034408916706e-06,,,,1.5026824626407284e-05,,,,0.0008211143485018952,,,,0.0013828551609744969,,
85608e77fffffff,IND,0,0,4,False,26,,,,,,,,,,,,,,,,
85609007fffffff,IND,26,26,26,True,26,0.0003065903700309885,0.0003065903700309885,0.0007629193711041663,0.00045632900107317773,0.0003768617076733436,0.0003768617076733436,0.0009069232693464368,0.0005300615616730931,0.0003885960800801566,0.0003885960800801566,0.00121737712074324,0.0008287810406630834,0.000583411242353802,0.000583411242353802,0.001576395300650447,0.0009929840582966446
85609067fffffff,IND,0,0,1,False,26,,,,,,,,,,,,,,,,
85609097fffffff,IND,3,6,13,False,26,,-0.0004430337846645721,,,,-0.0004934839079064863,,,,1.8747795457393045e-05,,,,0.00015025299766355843,,
85609157fffffff,IND,21,22,25,False,26,,-0.00020314854411725378,,,,-0.0002261256781227118,,,,-0.0006359563909003876,,,,-0.0007530368438559412,,
85609167fffffff,IND,3,5,7,False,26,,3.1564688048497556e-05,,,,4.0749651866973356e-05,,,,0.0,,,,0.0,,
85609177fffffff,IND,5,9,13,False,26,,4.6429400179099526e-05,,,,5.8333143497629685e-05,,,,5.580095662618212e-05,,,,7.206419422638281e-05,,
85609193fffffff,IND,1,4,6,False,26,,0.00022063528789454995,,,,0.0,,,,0.00014927311456860816,,,,0.0,,
856093b3fffffff,IND,0,0,1,False,26,,,,,,,,,,,,,,,,
85609447fffffff,IND,0,0,4,False,26,,,,,,,,,,,,,,,,
8560946bfffffff,IND,23,23,26,False,26,,-1.0466504686294878e-05,,,,-3.3975471630633248e-06,,,,0.0006252914596934958,,,,0.0010752512588988459,,
856094b7fffffff,IND,2,3,8,False,26,,0.00010346964864082296,,,,0.00012925057142561833,,,,-6.285686881126074e-05,,,,-6.609888814505333e-05,,
856094d7fffffff,IND,0,0,2,False,26,,,,,,,,,,,,,,,,
85609613fffffff,IND,26,26,26,True,26,-0.0014635192929185127,-0.0014635192929185127,0.012240644231001404,0.013704163523919916,-0.0014833200639087986,-0.0014833200639087986,0.014349916559426714,0.015833236623335516,0.006085031326906835,0.006085031326906835,0.039029382653497695,0.032944351326590855,0.012461818716097476,0.012461818716097476,0.05209977755087522,0.03963795883477775
85609663fffffff,IND,14,15,22,False,26,,8.777137323592075e-05,,,,0.00011157310752216703,,,,0.0005986283730684836,,,,0.0009031742325196066,,
85609837fffffff,IND,15,18,20,False,26,,5.330054239233264e-05,,,,4.2288818585005965e-05,,,,0.00032641705611983547,,,,-5.893832824814824e-05,,
85609847fffffff,IND,0,0,1,False,26,,,,,,,,,,,,,,,,
85609877fffffff,IND,9,18,13,False,26,,-3.0163743982655975e-05,,,,-2.3088574663584307e-05,,,,0.0010306241731105176,,,,0.0015432419170713927,,
8560988bfffffff,IND,0,1,1,False,26,,,,,,,,,,,,,,,,
85609957fffffff,IND,0,1,2,False,26,,,,,,,,,,,,,,,,
8560996ffffffff,IND,0,0,2,False,26,,,,,,,,,,,,,,,,
856099a3fffffff,IND,26,26,26,True,26,0.001971178655621287,0.001971178655621287,0.012657768329005985,0.010686589673384699,0.0026840113369836632,0.0026840113369836632,0.01506567745041287,0.012381666113429207,-0.001189626338774464,-0.001189626338774464,0.007482075568031238,0.008671701906805702,-0.0005526557970994637,-0.0005526557970994637,0.00995669948544888,0.010509355282548344
856099bbfffffff,IND,5,6,5,False,26,,7.525806080575269e-05,,,,9.503751427055418e-05,,,,7.243671586617234e-05,,,,8.520701409039707e-05,,
85609a77fffffff,IND,0,1,1,False,26,,,,,,,,,,,,,,,,
85609aabfffffff,IND,0,0,1,False,26,,,,,,,,,,,,,,,,
85609ac3fffffff,IND,0,0,2,False,26,,,,,,,,,,,,,,,,
85609b13fffffff,IND,6,9,13,False,26,,0.00028183890193305463,,,,0.000342035198720487,,,,6.157566462341333e-05,,,,0.00010653955435027599,,
85609bd7fffffff,IND,0,0,1,False,26,,,,,,,,,,,,,,,,
85609c37fffffff,IND,26,26,26,True,26,0.00011501800433003372,0.00011501800433003372,0.002263710435469095,0.0021486924311390613,0.00018731695788140932,0.00018731695788140932,0.0026786093227928283,0.002491292364911419,0.0014620877075165464,0.0014620877075165464,0.005134024650680057,0.0036719369431635106,0.00269337477221009,0.00269337477221009,0.007153772592642856,0.0044603978204327665
85609c5bfffffff,IND,20,22,21,False,26,,-2.4256250020076514e-05,,,,-1.833458326902781e-05,,,,0.00018842217600820282,,,,0.00031394313295683436,,
85609c8ffffffff,IND,0,2,1,False,26,,,,,,,,,,,,,,,,
85609ccbfffffff,IND,0,0,5,False,26,,,,,,,,,,,,,,,,
85609d07fffffff,IND,4,6,10,False,26,,4.5714392775886105e-05,,,,5.7434942273124584e-05,,,,0.0002833060529457163,,,,0.0003615758823928898,,
85609d27fffffff,IND,3,7,8,False,26,,8.621926284614e-05,,,,0.00010349468917175654,,,,-0.00023225769166882945,,,,-0.00024135410560617988,,
85609d2bfffffff,IND,26,26,26,True,26,-0.0004189915381935435,-0.0004189915381935435,0.0008601131372284603,0.0012791046754220038,-0.00046236412605514407,-0.00046236412605514407,0.0010221139566997902,0.0014844780827549346,0.0005593906973867262,0.0005593906973867262,0.006139627743692015,0.0055802370463052895,0.0018488470043154825,0.0018488470043154825,0.00864973825670114,0.006800891252385658
85609d3bfffffff,IND,2,2,5,False,26,,8.194601174423631e-05,,,,0.00010427479914677662,,,,-7.431308412238433e-06,,,,-9.038758433561618e-07,,
85609d67fffffff,IND,0,0,5,False,26,,,,,,,,,,,,,,,,
85609dbbfffffff,IND,2,4,4,False,26,,3.815395823007637e-05,,,,5.2759961626411435e-05,,,,0.00022365745233421955,,,,0.0002886215486074161,,
85609e33fffffff,IND,2,8,8,False,26,,0.0005059354844424147,,,,0.000612720160529213,,,,0.0007406853488326609,,,,0.000891890375623855,,
85609e37fffffff,IND,26,26,26,True,26,0.00019414439529350088,0.00019414439529350088,0.0018651351461440393,0.0016709907508505387,0.00027773252130113154,0.00027773252130113154,0.002221631647324008,0.0019438991260228762,-0.000612535835959201,-0.000612535835959201,0.00023130765336414836,0.0008438434893233495,-0.0007106295500127551,-0.0007106295500127551,0.000289454748002316,0.0010000842980150712
8560a033fffffff,IND,25,25,26,False,26,,0.0009500148147301768,,,,0.001252663659484403,,,,-0.001153879417144343,,,,-0.0011725744013081896,,
8560a04bfffffff,IND,5,7,15,False,26,,-0.0002501925374609866,,,,-0.0002854997661204811,,,,-0.0007108482142414408,,,,-0.0007563732425201325,,
8560a07bfffffff,IND,0,1,8,False,26,,,,,,,,,,,,,,,,
8560a087fffffff,IND,2,2,9,False,26,,-7.087176776845395e-06,,,,-7.803101944224492e-06,,,,-0.000219681725116651,,,,-0.0002705920554172529,,
8560a093fffffff,IND,0,0,1,False,26,,,,,,,,,,,,,,,,
8560a0c3fffffff,IND,0,0,2,False,26,,,,,,,,,,,,,,,,
8560a0c7fffffff,IND,26,26,26,True,26,-0.0069725258622051756,-0.0069725258622051756,0.006806590954946378,0.013779116817151552,-0.00517097077123171,-0.00517097077123171,0.006773907665282514,0.011944878436514223,-0.009635926074062736,-0.009635926074062736,0.009680828170592157,0.019316754244654896,-0.007097974109253507,-0.007097974109253507,0.012334898184148381,0.01943287229340189
8560a0d7fffffff,IND,0,1,1,False,26,,,,,,,,,,,,,,,,
8560a117fffffff,IND,0,0,3,False,26,,,,,,,,,,,,,,,,
8560a133fffffff,IND,2,3,10,False,26,,-2.6019768053982023e-05,,,,-2.316443113163507e-05,,,,-5.667910418340728e-05,,,,-5.336271868447686e-05,,
8560a137fffffff,IND,3,4,11,False,26,,-1.1769553296862986e-05,,,,-5.078257204715537e-06,,,,-7.945668578506714e-05,,,,-6.979059757078873e-05,,
8560a173fffffff,IND,0,0,3,False,26,,,,,,,,,,,,,,,,
8560a183fffffff,IND,17,17,26,False,26,,-2.7332914915992988e-05,,,,-2.5235533053827588e-05,,,,-0.00015347196556923006,,,,-0.00018189146594413264,,
8560a1a3fffffff,IND,1,1,3,False,26,,8.54048015264841e-05,,,,0.00010551266345928443,,,,8.052640152082575e-05,,,,9.954513121820904e-05,,
8560a1cbfffffff,IND,17,18,24,False,26,,-0.0003995795933679845,,,,-0.00045487355965918245,,,,-0.0004821852086247659,,,,-0.0004427153613412583,,
8560a217fffffff,IND,3,3,13,False,26,,-3.2196196299068703e-06,,,,2.489610404627962e-06,,,,0.00015671733152188865,,,,0.0002161667906188064,,
8560a21bfffffff,IND,0,0,7,False,26,,,,,,,,,,,,,,,,
8560a243fffffff,IND,10,11,19,False,26,,-4.272560992134073e-05,,,,-4.3180950001891135e-05,,,,-0.00013226459749490893,,,,-0.00012320786186565717,,
8560a24bfffffff,IND,21,21,26,False,26,,-0.0006278305886683362,,,,-0.0007212401416528908,,,,-0.001067164069541982,,,,-0.00115708679433714,,
8560a24ffffffff,IND,2,2,16,False,26,,4.685650187857743e-06,,,,1.2754924994630676e-05,,,,0.00033398798743482396,,,,0.0004001474219945092,,
8560a253fffffff,IND,0,0,3,False,26,,,,,,,,,,,,,,,,
8560a257fffffff,IND,0,0,2,False,26,,,,,,,,,,,,,,,,
8560a25bfffffff,IND,26,26,26,True,26,-0.7432618760328342,-0.7432618760328342,0.35116724447031233,1.0944291205031467,-0.8351275189848472,-0.8351275189848472,0.4036742417779674,1.2388017607628146,-0.9732914548182511,-0.9732914548182511,0.7024392872227398,1.6757307420409913,-1.035742401183456,-1.035742401183456,0.9342885199593511,1.9700309211428069
8560a263fffffff,IND,4,9,11,False,26,,-0.00015376768972779673,,,,-0.00017060892400128867,,,,0.00017252988227469082,,,,0.0002551838391714541,,
8560a28ffffffff,IND,1,1,13,False,26,,-8.655635397903364e-06,,,,-1.1205512863668226e-05,,,,0.0007090589369788417,,,,0.0009604487216427514,,
8560a293fffffff,IND,0,0,3,False,26,,,,,,,,,,,,,,,,
8560a29bfffffff,IND,8,12,20,False,26,,-2.73482121021558e-06,,,,3.731890454290617e-06,,,,-6.787892208665354e-05,,,,-4.8148968195074515e-05,,
8560a2a3fffffff,IND,0,0,1,False,26,,,,,,,,,,,,,,,,
8560a39bfffffff,IND,6,6,17,False,26,,-1.5306392533812345e-05,,,,3.819010771048236e-06,,,,0.0005027012508227938,,,,0.0006933452361499085,,
8560a3cbfffffff,IND,0,0,1,False,26,,,,,,,,,,,,,,,,
8560a42bfffffff,IND,0,1,8,False,26,,,,,,,,,,,,,,,,
8560a463fffffff,IND,22,22,26,False,26,,-0.00037782721182142413,,,,-0.00042881009082937,,,,-0.00027023951393613646,,,,-0.0002428511119660315,,
8560a4b3fffffff,IND,16,16,25,False,26,,-4.011219126138051e-07,,,,1.227364860556509e-05,,,,0.0013489686641606111,,,,0.002148379102281838,,
8560a517fffffff,IND,26,26,26,True,26,-0.07247094679633612,-0.07247094679633612,0.017943906214124655,0.09041485301046077,-0.08367798419613673,-0.08367798419613673,0.021335647158646595,0.10501363135478331,-0.06049151871428996,-0.06049151871428996,0.020493031378977542,0.0809845500932675,-0.06864093303450068,-0.06864093303450068,0.027810488868734322,0.096451421903235
8560a547fffffff,IND,0,0,2,False,26,,,,,,,,,,,,,,,,
8560a563fffffff,IND,1,2,8,False,26,,8.54048015264841e-05,,,,0.00010551266345928443,,,,8.052640152082575e-05,,,,9.954513121820904e-05,,
8560a5cbfffffff,IND,3,4,12,False,26,,-4.7897754475984894e-05,,,,-4.6245677540689666e-05,,,,8.938970672589071e-05,,,,0.0001586778813903996,,
8560a693fffffff,IND,2,2,14,False,26,,-4.051284854110314e-05,,,,-4.115889823744734e-05,,,,0.00033146279117947884,,,,0.0004127676781724057,,
8560a813fffffff,IND,0,0,3,False,26,,,,,,,,,,,,,,,,
8560a823fffffff,IND,26,26,26,True,26,-0.0015799314466679994,-0.0015799314466679994,0.0018228729965462528,0.003402804443214252,-0.0017869419503412812,-0.0017869419503412812,0.0021682120734316324,0.003955154023772913,-0.0033481922560072387,-0.0033481922560072387,0.003327916952190656,0.006676109208197894,-0.003510405699474197,-0.003510405699474197,0.004566543317215974,0.00807694901669017
8560a863fffffff,IND,0,0,10,False,26,,,,,,,,,,,,,,,,
8560a897fffffff,IND,26,26,26,True,26,-0.0015412132538062005,-0.0015412132538062005,0.004159848651805997,0.0057010619056121975,-0.0016765789470944191,-0.0016765789470944191,0.004951000050132026,0.006627578997226446,-0.00030315213038317984,-0.00030315213038317984,0.008945476378849099,0.009248628509232278,0.0014396322019480598,0.0014396322019480598,0.012529611112129656,0.011089978910181599
8560a8b7fffffff,IND,0,0,1,False,26,,,,,,,,,,,,,,,,
8560a8d7fffffff,IND,0,1,0,False,26,,,,,,,,,,,,,,,,
8560a903fffffff,IND,1,1,14,False,26,,0.0005409468146101273,,,,0.0006518771739446236,,,,0.0006893985482683018,,,,0.00082901369481757,,
8560a907fffffff,IND,18,18,26,False,26,,-1.3926810747505012e-05,,,,1.1381416626922272e-06,,,,-0.00020040817291899809,,,,-0.00018719665734970637,,
8560a90bfffffff,IND,9,9,12,False,26,,7.144772774085763e-05,,,,9.187599079495045e-05,,,,0.0001121680688846535,,,,0.00020299045793476932,,
8560a90ffffffff,IND,26,26,26,True,26,-0.0027579519212593668,-0.0027579519212593668,0.006084721837383471,0.008842673758642837,-0.0030068056930449257,-0.0030068056930449257,0.007230135266363302,0.010236940959408228,-0.008360304098267437,-0.008360304098267437,0.016292632300003797,0.024652936398271232,-0.0078011784031795555,-0.0078011784031795555,0.022238176222936203,0.030039354626115754
8560a917fffffff,IND,26,26,26,True,26,-0.00010823961239007785,-0.00010823961239007785,0.0009799971015806536,0.0010882367139707313,-9.665612120121225e-05,-9.665612120121225e-05,0.00116566791267751,0.0012623240338787223,-0.00046099152210534366,-0.00046099152210534366,0.004169702554991049,0.004630694077096393,-6.888008188810776e-05,-6.888008188810776e-05,0.005576098683891506,0.005644978765779614
8560a96bfffffff,IND,22,22,26,False,26,,-0.0006354782951842959,,,,-0.0007205564231167936,,,,-0.0019597753559369192,,,,-0.002146992687871433,,
8560a977fffffff,IND,0,0,4,False,26,,,,,,,,,,,,,,,,
8560a987fffffff,IND,8,8,12,False,26,,-0.00022148845131854015,,,,-0.00021012773516266366,,,,-0.0005845919079866101,,,,-0.0006636917994628618,,
8560a98bfffffff,IND,10,12,19,False,26,,-0.00020409396635488468,,,,-0.00022202217966473944,,,,-0.000934785191247986,,,,-0.0009585745878734423,,
8560aa17fffffff,IND,0,1,0,False,26,,,,,,,,,,,,,,,,
8560aa27fffffff,IND,26,26,26,True,26,-1.9992000089834476e-05,-1.9992000089834476e-05,0.0006796249195255943,0.0006996169196154289,-6.681101702749497e-06,-6.681101702749497e-06,0.0008089080048221987,0.0008155891065249482,0.0001212041655741843,0.0001212041655741843,0.0010377957949227353,0.000916591629348551,0.0002758271569972682,0.0002758271569972682,0.0013763682910183923,0.001100541134021124
8560aa87fffffff,IND,0,0,12,False,26,,,,,,,,,,,,,,,,
8560aaaffffffff,IND,25,25,26,False,26,,-0.0007996908272315477,,,,-0.0009077374766066655,,,,-0.0006932012133241147,,,,-0.0004727587034823071,,
8560aab3fffffff,IND,0,0,2,False,26,,,,,,,,,,,,,,,,
8560aad3fffffff,IND,13,13,26,False,26,,-0.0004963298469268348,,,,-0.0005670700274467275,,,,-0.0017857179631560328,,,,-0.0021002029979943775,,
8560ab0bfffffff,IND,24,24,26,False,26,,5.9893118201541915e-05,,,,0.0001177987018677538,,,,0.00271230648616499,,,,0.004469006719225979,,
8560ab37fffffff,IND,0,0,3,False,26,,,,,,,,,,,,,,,,
8560ab4bfffffff,IND,1,2,1,False,26,,-0.00022784561395541365,,,,-0.00024862771329640286,,,,0.00022979951608943392,,,,0.0002763378982725233,,
8560ab63fffffff,IND,0,1,6,False,26,,,,,,,,,,,,,,,,
8560ab83fffffff,IND,1,3,5,False,26,,0.0006160968407672069,,,,0.0007415410425026133,,,,0.0010324019468323864,,,,0.0013377114780978182,,
8560ab9bfffffff,IND,0,1,3,False,26,,,,,,,,,,,,,,,,
8560abcffffffff,IND,25,25,26,False,26,,0.0007960903536895867,,,,0.0010397526310789854,,,,0.0008398449766355663,,,,0.001379456015363951,,
8560abd7fffffff,IND,0,0,2,False,26,,,,,,,,,,,,,,,,
8560ac0bfffffff,IND,0,1,0,False,26,,,,,,,,,,,,,,,,
8560ac37fffffff,IND,0,1,1,False,26,,,,,,,,,,,,,,,,
8560ac3bfffffff,IND,0,1,0,False,26,,,,,,,,,,,,,,,,
8560ac53fffffff,IND,0,1,1,False,26,,,,,,,,,,,,,,,,
8560ac73fffffff,IND,0,0,4,False,26,,,,,,,,,,,,,,,,
8560ac83fffffff,IND,0,0,1,False,26,,,,,,,,,,,,,,,,
8560acb3fffffff,IND,2,2,19,False,26,,2.629947427036178e-05,,,,3.6249246187520834e-05,,,,-0.00016234499698669213,,,,-0.00014894484769759222,,
8560ad13fffffff,IND,10,11,19,False,26,,-3.5281031908927286e-05,,,,-2.8213556422663268e-05,,,,0.00020857687082806732,,,,0.0003392002552995202,,
8560ad6bfffffff,IND,22,23,24,False,26,,-2.4439678993211012e-06,,,,5.878386375804319e-06,,,,-0.0001510323667497629,,,,-0.00015383479481478126,,
8560ad73fffffff,IND,2,8,7,False,26,,7.916030570702067e-06,,,,1.0917287306656687e-05,,,,0.0,,,,0.0,,
8560ada7fffffff,IND,1,6,10,False,26,,-1.604167639944411e-05,,,,-1.3380714298010562e-05,,,,0.0003180014181759952,,,,0.00044248438136405426,,
8560adaffffffff,IND,4,4,14,False,26,,-3.1461931163802575e-05,,,,-3.239949993416857e-05,,,,1.2498527513973002e-05,,,,5.6905925476256094e-05,,
8560adc3fffffff,IND,6,7,18,False,26,,-9.197810092435507e-05,,,,-0.00010136579176348743,,,,2.8747406711081636e-06,,,,1.1289866697384183e-05,,
8560ae2bfffffff,IND,18,19,24,False,26,,0.00013162642904939668,,,,0.00016093162304342022,,,,0.00014716948156140634,,,,0.0002497593935521732,,
8560ae3bfffffff,IND,2,4,6,False,26,,-8.408076585038273e-05,,,,-9.27026349735199e-05,,,,-4.3960969248783195e-05,,,,-4.320632165855307e-05,,
8560ae7bfffffff,IND,0,1,0,False,26,,,,,,,,,,,,,,,,
8560ae97fffffff,IND,1,1,3,False,26,,6.483274049669466e-05,,,,7.980538742497871e-05,,,,0.000427633688982018,,,,0.0005378657487091222,,
8560aeaffffffff,IND,0,0,1,False,26,,,,,,,,,,,,,,,,
8560aeb7fffffff,IND,0,0,5,False,26,,,,,,,,,,,,,,,,
8560aed3fffffff,IND,0,0,3,False,26,,,,,,,,,,,,,,,,
8560b00bfffffff,IND,2,2,7,False,26,,1.0644620423498684e-05,,,,1.7379531812524354e-05,,,,-1.5777038714595354e-05,,,,1.2772979167499312e-05,,
8560b013fffffff,IND,0,0,2,False,26,,,,,,,,,,,,,,,,
8560b023fffffff,IND,0,0,3,False,26,,,,,,,,,,,,,,,,
8560b027fffffff,IND,6,6,18,False,26,,-5.1888001871688956e-05,,,,-5.221701253331723e-05,,,,-8.06746423719335e-05,,,,-8.011817359637926e-05,,
8560b03bfffffff,IND,21,21,26,False,26,,-0.0010433633855462992,,,,-0.0010966903448813032,,,,-0.0015841880008397333,,,,-0.001657364916681968,,
8560b047fffffff,IND,21,21,26,False,26,,-0.00019738454395798114,,,,-0.00019133293671485044,,,,0.004621848269332371,,,,0.007288083179217126,,
8560b04ffffffff,IND,2,2,14,False,26,,2.313679901993777e-05,,,,3.46652754014046e-05,,,,-5.742611737463854e-05,,,,-5.056092805221832e-05,,
8560b083fffffff,IND,26,26,26,True,26,-0.0032589203144287346,-0.0032589203144287346,0.0014565272664188494,0.004715447580847584,-0.003735950474741119,-0.003735950474741119,0.0017033746388236107,0.00543932511356473,-0.0037869950710981153,-0.0037869950710981153,0.003233257797217524,0.007020252868315638,-0.0040206039545149525,-0.0040206039545149525,0.00431386312463088,0.00833446707914583
8560b097fffffff,IND,2,2,11,False,26,,2.827526936297646e-05,,,,3.567027434559449e-05,,,,5.4613413621388103e-05,,,,7.920992465959841e-05,,
8560b0c3fffffff,IND,0,0,7,False,26,,,,,,,,,,,,,,,,
8560b103fffffff,IND,0,0,11,False,26,,,,,,,,,,,,,,,,
8560b117fffffff,IND,8,8,26,False,26,,-0.00044962096630815244,,,,0.0,,,,-4.999302897692678e-05,,,,0.0,,
8560b147fffffff,IND,0,0,2,False,26,,,,,,,,,,,,,,,,
8560b183fffffff,IND,7,8,19,False,26,,-0.00022406321880699684,,,,-0.00025263091438718077,,,,-5.1260819976663473e-05,,,,3.1822228489627136e-05,,
8560b187fffffff,IND,4,4,21,False,26,,-0.00017442439501942793,,,,-0.00018920933276666662,,,,-9.717915293128103e-05,,,,-8.449413110722724e-05,,
8560b193fffffff,IND,4,5,13,False,26,,-0.00024051228768237346,,,,-0.0002610311534929085,,,,0.0,,,,0.0,,
8560b197fffffff,IND,26,26,26,True,26,-0.005577693588020432,-0.005577693588020432,0.004446661624513126,0.010024355212533557,-0.006342004375780605,-0.006342004375780605,0.005275610483949532,0.011617614859730136,-0.0076816848608244,-0.0076816848608244,0.015809029175777773,0.023490714036602175,-0.006197837251955724,-0.006197837251955724,0.021826990784752087,0.02802482803670781
8560b1a3fffffff,IND,7,7,24,False,26,,-0.0003038497977349151,,,,-5.5833211168348526e-05,,,,-0.0005798154204003173,,,,-3.1967137782359734e-05,,
8560b1a7fffffff,IND,0,1,3,False,26,,,,,,,,,,,,,,,,
8560b1abfffffff,IND,0,0,1,False,26,,,,,,,,,,,,,,,,
8560b1b3fffffff,IND,1,1,2,False,26,,2.1332548528223025e-05,,,,0.0,,,,-6.874671304778241e-05,,,,0.0,,
8560b1d7fffffff,IND,5,5,22,False,26,,-0.0001935409722352455,,,,-0.00021772866733072937,,,,0.00016864612952225178,,,,0.0002123855117178993,,
8560b1dbfffffff,IND,10,10,26,False,26,,-0.000411843956719791,,,,-0.00046565044689844985,,,,-9.258732369346315e-05,,,,-7.125958079191753e-05,,
8560b24ffffffff,IND,16,19,19,False,26,,1.4949516654845939e-05,,,,2.4658300767200506e-05,,,,5.776759500371038e-05,,,,8.759406325991464e-05,,
8560b26ffffffff,IND,14,15,23,False,26,,1.661517864336265e-05,,,,3.0444110853026416e-05,,,,0.0001748737266427699,,,,0.0002683983637292363,,
8560b2b3fffffff,IND,0,1,5,False,26,,,,,,,,,,,,,,,,
8560b307fffffff,IND,0,1,17,False,26,,,,,,,,,,,,,,,,
8560b313fffffff,IND,0,1,8,False,26,,,,,,,,,,,,,,,,
8560b327fffffff,IND,16,19,21,False,26,,9.961980588483972e-05,,,,0.000128706282951226,,,,-0.0001287283372245451,,,,-9.87442773367987e-05,,
8560b373fffffff,IND,0,0,1,False,26,,,,,,,,,,,,,,,,
8560b383fffffff,IND,1,1,16,False,26,,-5.787802658449356e-05,,,,-6.171135976218903e-05,,,,-0.0003008324032598199,,,,-0.0003356549467147772,,
8560b38ffffffff,IND,6,7,21,False,26,,-0.0004363028140851798,,,,-0.0004910330772628241,,,,0.0002081495927405354,,,,0.00026517021661037055,,
8560b39bfffffff,IND,3,3,11,False,26,,-0.00014942009979532995,,,,-0.00017210451149938342,,,,-0.00021958912605443367,,,,-0.00020178350880748513,,
8560b3a3fffffff,IND,4,5,12,False,26,,-9.915328548510243e-05,,,,-9.710934604939112e-05,,,,-0.0004178326795881484,,,,-0.0004629113297178302,,
8560b3a7fffffff,IND,26,26,26,True,26,-0.0006746950572309783,-0.0006746950572309783,0.0016751765714607175,0.002349871628691696,-0.000734709923021618,-0.000734709923021618,0.0019937813390962307,0.0027284912621178496,-0.00035012870541638547,-0.00035012870541638547,0.002214855569237364,0.0025649842746537487,-5.893255275793744e-05,-5.893255275793744e-05,0.0030145475957288385,0.0030734801484867754
8560b407fffffff,IND,0,0,1,False,26,,,,,,,,,,,,,,,,
8560b413fffffff,IND,6,6,22,False,26,,-0.00018507937173562155,,,,-0.00020330533465225814,,,,-4.6299726104738915e-05,,,,-3.521078171435895e-05,,
8560b46ffffffff,IND,0,0,6,False,26,,,,,,,,,,,,,,,,
8560b477fffffff,IND,0,0,1,False,26,,,,,,,,,,,,,,,,
8560b4b3fffffff,IND,26,26,26,True,26,-0.0009361113065977963,-0.0009361113065977963,0.0014575593963429057,0.002393670702940702,-0.001053860044055243,-0.001053860044055243,0.001734244177545787,0.0027881042216010296,-0.001483550377600309,-0.001483550377600309,0.0014668685013736543,0.0029504188789739637,-0.0015924573387006984,-0.0015924573387006984,0.0019339088501100074,0.0035263661888107057
8560b4bbfffffff,IND,0,0,2,False,26,,,,,,,,,,,,,,,,
8560b4d3fffffff,IND,15,15,24,False,26,,-0.0005040609887097898,,,,-0.000560409328665223,,,,-2.367886554109738e-05,,,,8.97900839926668e-05,,
8560b4d7fffffff,IND,14,14,24,False,26,,-0.0003039036096271916,,,,-0.00033798040178365326,,,,-0.00032630572785254656,,,,-0.00038251282284359215,,
8560b503fffffff,IND,1,1,7,False,26,,-0.00012392745653076786,,,,-0.0001369681131875476,,,,-0.00038838370238415806,,,,-0.00043486201828159927,,
8560b527fffffff,IND,24,24,26,False,26,,-0.003300521003517793,,,,-0.0038068686904882396,,,,-0.0038377873213633687,,,,-0.004529983575983726,,
8560b52bfffffff,IND,18,25,19,False,26,,0.0017695722966651365,,,,0.002115578617610142,,,,0.0008791095286115815,,,,0.0013139745016025784,,
8560b52ffffffff,IND,26,26,26,True,26,-0.009573077482779512,-0.009573077482779512,0.004911631188598212,0.014484708671377725,-0.011004376448197016,-0.011004376448197016,0.005837088458607574,0.01684146490680459,-0.01641671979042466,-0.01641671979042466,0.01611218414777648,0.03252890393820114,-0.0168451244610921,-0.0168451244610921,0.022463425421576946,0.03930854988266905
8560b537fffffff,IND,3,3,11,False,26,,7.252766989008225e-05,,,,9.597139060278945e-05,,,,8.5431461704583e-05,,,,0.00012654732090848164,,
8560b53bfffffff,IND,0,0,1,False,26,,,,,,,,,,,,,,,,
8560b547fffffff,IND,1,1,8,False,26,,6.404738386039706e-05,,,,8.118070942331888e-05,,,,0.0002985462291372163,,,,0.00035358553410862854,,
8560b577fffffff,IND,0,0,1,False,26,,,,,,,,,,,,,,,,
8560b58ffffffff,IND,7,7,21,False,26,,-0.0001164304796019252,,,,-0.00012329719157166318,,,,0.0002063781031620388,,,,0.0002670306867709797,,
8560b623fffffff,IND,0,0,1,False,26,,,,,,,,,,,,,,,,
8560b6c3fffffff,IND,0,1,1,False,26,,,,,,,,,,,,,,,,
8560f6c7fffffff,IND,0,0,1,False,26,,,,,,,,,,,,,,,,
8560f6d3fffffff,IND,5,8,16,False,26,,-4.044551643437346e-06,,,,2.3587514764437444e-06,,,,0.0003168136532614327,,,,0.0006061317178510587,,
8561004bfffffff,LKA,0,0,2,False,26,,,,,,,,,,,,,,,,
8561006bfffffff,LKA,26,26,26,True,26,-0.0012648532119602354,-0.0012648532119602354,0.0018402326436754502,0.0031050858556356856,-0.001406777370544547,-0.001406777370544547,0.0021891476984905876,0.0035959250690351346,-0.0010969828413941926,-0.0010969828413941926,0.013196876380989493,0.014293859222383687,0.0008697977927703351,0.0008697977927703351,0.018192885694081028,0.01732308790131069
8561006ffffffff,LKA,0,0,1,False,26,,,,,,,,,,,,,,,,
8561007bfffffff,LKA,11,12,22,False,26,,-8.661044792671765e-05,,,,-8.58880089822139e-05,,,,-4.5245903312969114e-05,,,,0.00013562194884717826,,
8561022bfffffff,LKA,25,25,26,False,26,,-0.0007150831433354088,,,,-0.0008113815236589767,,,,-0.002041590112896654,,,,-0.0018692742533226064,,
8561025bfffffff,LKA,20,20,26,False,26,,-0.000273640740855036,,,,-0.00030685455609408524,,,,-0.0006154653829424696,,,,-0.0004593428927041414,,
8561027bfffffff,LKA,0,1,1,False,26,,,,,,,,,,,,,,,,
85610343fffffff,LKA,26,26,26,True,26,-0.0025435714864604766,-0.0025435714864604766,0.0028806812694779785,0.005424252755938456,-0.0028595459701917228,-0.0028595459701917228,0.003426746582293264,0.006286292552484987,-0.003650989616706831,-0.003650989616706831,0.020513841531902575,0.0241648311486094,-0.0009396979177618479,-0.0009396979177618479,0.028347786598944845,0.029287484516706694
8561034bfffffff,LKA,10,10,24,False,26,,-0.0001861215853647574,,,,-0.0002041006275066629,,,,4.1262765451788135e-05,,,,0.0002148329544928162,,
856103c3fffffff,LKA,2,4,6,False,26,,1.8700728693175604e-05,,,,3.6536093335192104e-05,,,,-0.00020519115045649765,,,,-0.0002050626221697867,,
856103d3fffffff,LKA,25,25,26,False,26,,-0.0003624991007613274,,,,-0.00040274173590054344,,,,-0.0003689538244083976,,,,0.0002483155525955664,,
8561112bfffffff,LKA,21,21,26,False,26,,-0.00029857607218266755,,,,-0.00033425533517759037,,,,-9.69206707252568e-05,,,,0.00031739202408126416,,
85611147fffffff,LKA,0,1,0,False,26,,,,,,,,,,,,,,,,
856111a7fffffff,LKA,26,26,26,True,26,-0.004316390496459391,-0.004316390496459391,0.0035680034264269547,0.007884393922886345,-0.004900624727649962,-0.004900624727649962,0.004245394985299808,0.009146019712949772,-0.019718652221256256,-0.019718652221256256,0.016758892993694395,0.036477545214950655,-0.022617525676438113,-0.022617525676438113,0.02226522050426147,0.04488274618069959
8561196bfffffff,IND,0,0,6,False,26,,,,,,,,,,,,,,,,
85611a0ffffffff,IND,5,14,11,False,26,,5.314562919428579e-05,,,,6.513745729805708e-05,,,,0.0002463041674754233,,,,0.0003276422329876121,,
85611a2ffffffff,IND,26,26,26,True,26,0.00019934096900402055,0.00019934096900402055,0.001181502805869007,0.0009821618368649862,0.00026257007843920923,0.00026257007843920923,0.0014056686128204239,0.0011430985343812144,0.00033809866099129604,0.00033809866099129604,0.0006748802248878531,0.0003367815638965572,0.00047857179735185,0.00047857179735185,0.0008814609519026369,0.00040288915455078685
85611b07fffffff,IND,26,26,26,True,26,-0.001389135936422734,-0.001389135936422734,0.0017303351048350173,0.0031194710412577507,-0.0015615985322535353,-0.0015615985322535353,0.0020558880292793295,0.003617486561532865,-0.004532219683390833,-0.004532219683390833,0.004897458331186058,0.00942967801457689,-0.005047088549353281,-0.005047088549353281,0.0065419438350620505,0.011589032384415332
85611b47fffffff,IND,0,1,1,False,26,,,,,,,,,,,,,,,,
85611b4ffffffff,IND,4,10,10,False,26,,3.84778189395234e-05,,,,5.050473168627948e-05,,,,0.0,,,,0.0,,
85611ba3fffffff,IND,0,1,16,False,26,,,,,,,,,,,,,,,,
85611c17fffffff,LKA,26,26,26,True,26,-0.0267033542410023,-0.0267033542410023,0.020707243164517945,0.04741059740552024,-0.030359492849563147,-0.030359492849563147,0.02462840132768474,0.05498789417724789,-0.0738448175895259,-0.0738448175895259,0.11805846545983377,0.19190328304935964,-0.07362248364302414,-0.07362248364302414,0.16093481894848266,0.2345573025915068
85611c83fffffff,LKA,0,1,0,False,26,,,,,,,,,,,,,,,,
85611c87fffffff,LKA,18,18,26,False,26,,-0.0003937078080001619,,,,-0.00043353130153746906,,,,-0.0009361160805654177,,,,-0.0008692344035794679,,
85611cb3fffffff,LKA,26,26,26,True,26,-0.10316192162282865,-0.10316192162282865,0.09561736477920149,0.19877928640203016,-0.11722640845540279,-0.11722640845540279,0.11326077709621869,0.23048718555162145,-0.16167748117798508,-0.16167748117798508,0.5126592671996328,0.6743367483776178,-0.12328649542509228,-0.12328649542509228,0.7010904974222758,0.8243769928473681
85611cbbfffffff,LKA,0,0,6,False,26,,,,,,,,,,,,,,,,
85611cc3fffffff,LKA,6,6,26,False,26,,6.053322493394579e-06,,,,2.2135749207815864e-05,,,,0.000726218489885363,,,,0.0010067985938087781,,
85611ccbfffffff,LKA,26,26,26,True,26,-0.0024886068244787682,-0.0024886068244787682,0.0016001292095373988,0.0040887360340161666,-0.002839398516763877,-0.002839398516763877,0.0019030445397443935,0.00474244305650827,-0.012137154627535519,-0.012137154627535519,0.00834663589881132,0.02048379052634684,-0.013941380297899484,-0.013941380297899484,0.01127471427605561,0.025216094573955093
85611e8bfffffff,LKA,12,12,25,False,26,,-0.00015426467074839526,,,,-0.00016175932822705557,,,,-0.0006137789694736703,,,,-0.0005930785490219101,,
85611ea7fffffff,LKA,6,8,20,False,26,,-4.794667131946236e-05,,,,-4.300933196164808e-05,,,,0.0002669671915046409,,,,0.0004313381746922866,,
8561419bfffffff,MDV,0,1,0,False,26,,,,,,,,,,,,,,,,
85614203fffffff,MDV,0,0,1,False,26,,,,,,,,,,,,,,,,
856142abfffffff,MDV,26,26,26,True,26,-0.0007271981361721793,-0.0007271981361721793,0.006956727658221156,0.007683925794393335,-0.0006356027184781785,-0.0006356027184781785,0.008259185696041739,0.008894788414519917,0.005866267028334538,0.005866267028334538,0.03386686683675701,0.028000599808422476,0.012232215906932298,0.012232215906932298,0.04622734604180929,0.033995130134876976
85615127fffffff,MDV,0,1,0,False,26,,,,,,,,,,,,,,,,
85615c1bfffffff,MDV,0,0,1,False,26,,,,,,,,,,,,,,,,
85618807fffffff,IND,24,24,26,False,26,,-0.0010842673036681703,,,,-0.0012333972023458818,,,,-0.000799880361647518,,,,-0.0007051619264409325,,
8561880ffffffff,IND,0,0,1,False,26,,,,,,,,,,,,,,,,
85618843fffffff,IND,26,26,26,True,26,-0.003190767673969074,-0.003190767673969074,0.002946820894186692,0.006137588568155767,-0.003549750651065056,-0.003549750651065056,0.0034368418454554534,0.00698659249652051,-0.005234705103478067,-0.005234705103478067,0.002693969485519966,0.007928674588998031,-0.006009464778413233,-0.006009464778413233,0.003112202845911373,0.009121667624324606
85618847fffffff,IND,5,7,15,False,26,,0.00011508771148485683,,,,0.00014718951121849586,,,,0.0003375582296500612,,,,0.0004387980586362238,,
85618887fffffff,IND,19,19,26,False,26,,-0.0005377326010362978,,,,-0.0006135251765946417,,,,-0.0010298089597981512,,,,-0.0010897131465931072,,
856188a7fffffff,IND,2,3,21,False,26,,5.3848552894352063e-05,,,,7.44464891802031e-05,,,,-0.00013360606542181503,,,,-0.00014178102168324884,,
856188bbfffffff,IND,26,26,26,True,26,-0.0011051780479017993,-0.0011051780479017993,0.0028390219949550504,0.003944200042856849,-0.0011935348220919384,-0.0011935348220919384,0.0033756849880991926,0.004569219810191132,-0.0006498134837751479,-0.0006498134837751479,0.009961345886617734,0.010611159370392882,0.0006520919032730533,0.0006520919032730533,0.01349047532704826,0.012838383423775208
856188c3fffffff,IND,0,0,6,False,26,,,,,,,,,,,,,,,,
856188cffffffff,IND,20,21,25,False,26,,-0.0002043999729503203,,,,-0.00022259472586172528,,,,0.0002539768971133637,,,,0.0004974620434290875,,
856188d7fffffff,IND,2,3,7,False,26,,0.00010197557741247315,,,,0.0001287182579722546,,,,0.00010516814984272972,,,,0.00013828446253650402,,
856188dbfffffff,IND,1,3,13,False,26,,3.5554247547038375e-05,,,,5.4194668918979645e-05,,,,1.1779688473043343e-05,,,,2.2297495382103807e-05,,
85618903fffffff,IND,4,4,12,False,26,,0.0001285121050647516,,,,0.00017273554305073354,,,,0.0001350086890444465,,,,0.00019282902589209678,,
8561891bfffffff,IND,3,3,11,False,26,,-2.2897611572423276e-05,,,,-1.8126704037891255e-05,,,,9.555340883609581e-05,,,,0.00014978276960771092,,
85618927fffffff,IND,0,1,3,False,26,,,,,,,,,,,,,,,,
8561892bfffffff,IND,13,13,25,False,26,,-0.00040090371647428234,,,,-0.0004526792038673371,,,,-0.0004583610904715785,,,,-0.00046376189590836516,,
85618937fffffff,IND,0,1,0,False,26,,,,,,,,,,,,,,,,
8561893bfffffff,IND,0,0,9,False,26,,,,,,,,,,,,,,,,
85618957fffffff,IND,0,0,5,False,26,,,,,,,,,,,,,,,,
8561895bfffffff,IND,0,1,0,False,26,,,,,,,,,,,,,,,,
85618967fffffff,IND,25,25,26,False,26,,-0.00022926305960687453,,,,-0.0002606251373158199,,,,9.0644280414332e-05,,,,0.000974708760037379,,
8561896bfffffff,IND,0,0,2,False,26,,,,,,,,,,,,,,,,
85618973fffffff,IND,0,2,5,False,26,,,,,,,,,,,,,,,,
85618987fffffff,IND,26,26,26,True,26,2.974790387622828e-05,2.974790387622828e-05,0.000591109178199616,0.0005613612743233877,4.928660453686184e-05,4.928660453686184e-05,0.0007044722718169661,0.0006551856672801045,-0.00014438057042461772,-0.00014438057042461772,0.00018402242936154745,0.0003284029997861652,-0.0001507742389409065,-0.0001507742389409065,0.0002586675155297547,0.0004094417544706612
8561899bfffffff,IND,20,21,23,False,26,,-0.0007602075826141924,,,,-0.0008773454431085538,,,,-0.0006387109120677733,,,,-0.0008091213454484778,,
856189a7fffffff,IND,0,0,1,False,26,,,,,,,,,,,,,,,,
856189affffffff,IND,26,26,26,True,26,-0.0009307578167930331,-0.0009307578167930331,0.001993341953288149,0.002924099770081182,-0.0010245533160756096,-0.0010245533160756096,0.0023633791609875853,0.0033879324770631947,0.00025295332336464354,0.00025295332336464354,0.005911210063022611,0.005658256739657968,0.0012909326043941264,0.0012909326043941264,0.008113245816256885,0.006822313211862758
856189d3fffffff,IND,6,12,12,False,26,,1.5196338939361183e-05,,,,2.257435582772834e-05,,,,-9.615846915717102e-05,,,,-0.00012371338083927156,,
85618a87fffffff,IND,0,0,4,False,26,,,,,,,,,,,,,,,,
85618a9bfffffff,IND,0,1,0,False,26,,,,,,,,,,,,,,,,
85618aaffffffff,IND,12,12,26,False,26,,-0.0009065965148948033,,,,-0.0010395327966235162,,,,-0.0021135325979984875,,,,-0.002262329831688127,,
85618adbfffffff,IND,26,26,26,True,26,-0.012039097227474668,-0.012039097227474668,0.0073421396597723,0.019381236887246966,-0.013766402506135148,-0.013766402506135148,0.008734059044039642,0.022500461550174787,-0.022066535204112923,-0.022066535204112923,0.01863631698899331,0.04070285219310622,-0.023286509304702274,-0.023286509304702274,0.025473020602155966,0.048759529906858244
85618b3bfffffff,IND,0,0,2,False,26,,,,,,,,,,,,,,,,
85618b5bfffffff,IND,26,26,26,True,26,-0.0013953360472694731,-0.0013953360472694731,0.001505956610226324,0.0029012926574957967,-0.0015825138790780831,-0.0015825138790780831,0.001789032626676777,0.00337154650575486,-0.002574548200524811,-0.002574548200524811,0.002588793576027323,0.005163341776552134,-0.0027337541056998587,-0.0027337541056998587,0.003528706948128401,0.006262461053828259
85618b63fffffff,IND,0,0,3,False,26,,,,,,,,,,,,,,,,
85618b6ffffffff,IND,2,2,22,False,26,,3.25484221299402e-05,,,,4.617270205778656e-05,,,,-6.473061706402635e-05,,,,-7.247700304693321e-05,,
85618b87fffffff,IND,26,26,26,True,26,-0.0011453335493889615,-0.0011453335493889615,0.0007312325687901678,0.0018765661181791293,-0.001316022103491238,-0.001316022103491238,0.0008693731699962744,0.0021853952734875127,-0.0007885440262366029,-0.0007885440262366029,0.0019831661626327694,0.0027717101888693725,-0.0006124980344113424,-0.0006124980344113424,0.0028213652179162334,0.003433863252327576
85618bc7fffffff,IND,2,4,14,False,26,,0.00012534955045940266,,,,0.00016471903828277435,,,,0.00015286265901538103,,,,0.0001889609039889647,,
85618c07fffffff,IND,3,5,4,False,26,,0.0001257566977354679,,,,0.00016924318418976069,,,,3.926562824347781e-06,,,,7.432498460701269e-06,,
85618c0ffffffff,IND,26,26,26,True,26,-0.0018994941584362314,-0.0018994941584362314,0.003935972616115897,0.005835466774552128,-0.002106878566283805,-0.002106878566283805,0.004682817224178102,0.006789695790461908,-0.002484057538187153,-0.002484057538187153,0.0063993394920352515,0.008883397030222406,-0.0021531888438400377,-0.0021531888438400377,0.008664883500930722,0.010818072344770759
85618c17fffffff,IND,0,6,11,False,26,,,,,,,,,,,,,,,,
85618c1bfffffff,IND,19,19,25,False,26,,-8.266307143013929e-05,,,,-8.247768869402542e-05,,,,0.00017999266008584985,,,,0.00026987463695155684,,
85618c23fffffff,IND,0,1,5,False,26,,,,,,,,,,,,,,,,
85618c2ffffffff,IND,1,2,5,False,26,,-0.00010681195746829912,,,,-0.00011347492286440549,,,,-0.00019446045067030387,,,,-0.0002094454121262119,,
85618c3bfffffff,IND,0,2,5,False,26,,,,,,,,,,,,,,,,
85618c43fffffff,IND,22,23,24,False,26,,-0.00026056044390860466,,,,-0.00036389603383887707,,,,0.0009168012499620446,,,,0.0012287777048504813,,
85618c47fffffff,IND,26,26,26,True,26,-0.00054238652941955,-0.00054238652941955,0.0013553525599127312,0.0018977390893322814,-0.0005865569838763189,-0.0005865569838763189,0.0016117894057851286,0.0021983463896614475,0.0013947704166318302,0.0013947704166318302,0.006057681847333371,0.004662911430701541,0.002771011546250981,0.002771011546250981,0.008411276618844747,0.005640265072593768
85618c4bfffffff,IND,26,26,26,True,26,-0.15157806344925237,-0.15157806344925237,0.4053043693329951,0.5568824327822475,-0.16266858964725622,-0.16266858964725622,0.47512445638619394,0.6377930460334501,0.12626414278328368,0.12626414278328368,0.981721478240668,0.8554573354573842,0.3016624550391648,0.3016624550391648,1.3125049539342026,1.010842498895038
85618c4ffffffff,IND,26,26,26,True,26,-0.0019796576234601846,-0.0019796576234601846,0.004130762606077827,0.006110420229538011,-0.002419522867517873,-0.002419522867517873,0.004644112244183197,0.007063635111701069,0.0016594404977604217,0.0016594404977604217,0.009257372168487805,0.007597931670727383,0.0034300063075639897,0.0034300063075639897,0.012574904608757017,0.009144898301193026
85618c57fffffff,IND,11,11,20,False,26,,-8.59947137310753e-06,,,,2.913547201288532e-07,,,,-7.140747631903564e-05,,,,2.166830301741216e-05,,
85618c67fffffff,IND,12,12,26,False,26,,-1.793063776160983e-05,,,,-1.0451475618428509e-05,,,,0.0003016246607267677,,,,0.000545980535366025,,
85618c6bfffffff,IND,22,22,26,False,26,,4.3568565798562e-05,,,,6.32787048220474e-05,,,,0.001594934176869265,,,,0.0025774387642530207,,
85618c73fffffff,IND,13,13,26,False,26,,-0.0004706048951450923,,,,-0.0005159801824007311,,,,-0.001399769219232277,,,,-0.0015750720796890252,,
85618c7bfffffff,IND,26,26,26,True,26,-0.0007326412079828633,-0.0007326412079828633,0.0036636164216698472,0.004396257629652711,-0.000739346402749494,-0.000739346402749494,0.004337253335952294,0.0050765997387017875,0.0037775871698664458,0.0037775871698664458,0.01824203844592595,0.014464451276059507,0.007516804923016375,0.007516804923016375,0.025177447882463518,0.01766064295944714
85618cb7fffffff,IND,2,6,4,False,26,,4.3003161418651674e-05,,,,5.488670753785091e-05,,,,0.00010645523238112676,,,,0.00012462115169883554,,
85618d03fffffff,IND,15,15,25,False,26,,2.728469626105122e-05,,,,5.1055233462204164e-05,,,,0.0006890144065927718,,,,0.0009901350790561827,,
85618d2ffffffff,IND,5,6,11,False,26,,-4.913156532264881e-05,,,,-4.5100844640395086e-05,,,,0.00040232887754776024,,,,0.0005758634299663961,,
85618d37fffffff,IND,0,0,10,False,26,,,,,,,,,,,,,,,,
85618d3bfffffff,IND,0,1,0,False,26,,,,,,,,,,,,,,,,
85618d47fffffff,IND,0,0,2,False,26,,,,,,,,,,,,,,,,
85618d4bfffffff,IND,14,14,23,False,26,,-0.00031362331634526977,,,,-0.00034711602558519213,,,,-0.00045610662702863183,,,,-0.0004106362170564941,,
85618d6ffffffff,IND,3,11,13,False,26,,6.75051092184053e-05,,,,8.524384815570257e-05,,,,0.0,,,,0.0,,
85618d93fffffff,IND,0,2,3,False,26,,,,,,,,,,,,,,,,
85618db3fffffff,IND,26,26,26,True,26,-0.0009492456912336795,-0.0009492456912336795,0.0016740142328779046,0.0026232599241115843,-0.0010562656174569,-0.0010562656174569,0.001992510396395126,0.0030487760138520263,-0.0018720401272985198,-0.0018720401272985198,0.0029802405840562447,0.004852280711354764,-0.0018390149010583427,-0.0018390149010583427,0.004035050532374819,0.005874065433433161
85618dc3fffffff,IND,1,1,7,False,26,,7.115823336980475e-05,,,,9.201964320711484e-05,,,,8.052640152082575e-05,,,,9.954513121820904e-05,,
85618ddbfffffff,IND,0,0,5,False,26,,,,,,,,,,,,,,,,
85618e2bfffffff,IND,0,0,3,False,26,,,,,,,,,,,,,,,,
85618e2ffffffff,IND,6,6,20,False,26,,-0.00012537756579323567,,,,-0.00013683054788759356,,,,-4.9740070136184724e-05,,,,5.042075782416322e-05,,
85618e33fffffff,IND,11,11,17,False,26,,-4.54698666185029e-05,,,,-4.599637453893372e-05,,,,-0.0002646297127404255,,,,-0.000290371461455696,,
85618e3bfffffff,IND,0,0,2,False,26,,,,,,,,,,,,,,,,
85618ea7fffffff,IND,2,4,5,False,26,,-8.35450110373382e-06,,,,4.7336864837744254e-05,,,,0.00016464234748842437,,,,8.839638352715713e-05,,
85618eabfffffff,IND,12,13,15,False,26,,0.00021353414629666202,,,,0.000271715498250773,,,,0.0006553426518918086,,,,0.0008685355805581092,,
85618eb3fffffff,IND,12,12,21,False,26,,-0.00035634853338689545,,,,-0.00038681250461820854,,,,0.00020822016761970559,,,,0.0003492869578715409,,
85618eb7fffffff,IND,26,26,26,True,26,-0.00024309358944814296,-0.00024309358944814296,0.0030430376879932624,0.0032861312774414056,-0.00020948339020640966,-0.00020948339020640966,0.0036256661587029376,0.003835149548909347,0.00020383507410636802,0.00020383507410636802,0.003551807749689993,0.0033479726755836253,0.0007893650300710222,0.0007893650300710222,0.004862183234163575,0.004072818204092553
85618ebbfffffff,IND,24,24,26,False,26,,-9.318506739980889e-05,,,,-9.294431692525088e-05,,,,0.0008448087747032791,,,,0.0014107501450551813,,
8561980bfffffff,IND,12,13,17,False,26,,-0.00021122489373021623,,,,-0.00023881050679471505,,,,-0.00028050986701250787,,,,-0.00023967057819971292,,
85619823fffffff,IND,26,26,26,True,26,-0.003989094281374532,-0.003989094281374532,0.0016078823601817292,0.005596976641556261,-0.00458871028824829,-0.00458871028824829,0.00191334590975045,0.006502056197998741,-0.006943701778788244,-0.006943701778788244,0.001359967804611146,0.008303669583399391,-0.008186382640692599,-0.008186382640692599,0.0017628402695824082,0.009949222910275005
85619827fffffff,IND,0,1,2,False,26,,,,,,,,,,,,,,,,
85619837fffffff,IND,6,6,17,False,26,,-0.000246399354814433,,,,-0.0002800024187424246,,,,-8.8945492211078e-05,,,,-6.0327607384441584e-05,,
8561983bfffffff,IND,13,13,26,False,26,,-0.0006951457234859685,,,,-0.0007845328752792726,,,,-0.0001946962316193906,,,,-0.00016806382070592003,,
8561984bfffffff,IND,7,7,16,False,26,,-0.00011556281664858872,,,,-0.00012701885702765377,,,,0.0004184459370214486,,,,0.0006148001569677581,,
8561984ffffffff,IND,0,0,1,False,26,,,,,,,,,,,,,,,,
85619853fffffff,IND,13,13,25,False,26,,-0.00433671772133907,,,,-0.004994748444725313,,,,-0.000592376058088444,,,,-0.000628160346162781,,
85619857fffffff,IND,2,2,26,False,26,,-0.0006332459717548939,,,,-0.0007179300269398719,,,,-0.0002946477396052543,,,,-0.00033296964673467543,,
85619863fffffff,IND,25,25,26,False,26,,-0.002569600988451665,,,,-0.002951341532775363,,,,-0.004439764858110918,,,,-0.004875366498734994,,
8561986bfffffff,IND,26,26,26,True,26,-0.005310790106963743,-0.005310790106963743,0.001728348386667813,0.007039138493631554,-0.006121009876593245,-0.006121009876593245,0.0020558040551558144,0.008176813931749061,-0.006225577126176311,-0.006225577126176311,0.005263619744372745,0.011489196870549055,-0.00597179255762505,-0.00597179255762505,0.007701531280653277,0.013673323838278325
8561986ffffffff,IND,26,26,26,True,26,-0.007295649554456148,-0.007295649554456148,0.0033073349258513855,0.01060298448030753,-0.008234638717560017,-0.008234638717560017,0.0036883002824515784,0.011922939000011597,-0.012141446263296494,-0.012141446263296494,0.007012816527271242,0.019154262790567735,-0.013649011381472202,-0.013649011381472202,0.008000448696627837,0.021649460078100043
85619873fffffff,IND,0,0,4,False,26,,,,,,,,,,,,,,,,
85619877fffffff,IND,0,1,4,False,26,,,,,,,,,,,,,,,,
85619907fffffff,IND,7,8,15,False,26,,-0.00016097010009530265,,,,-0.0001693673935547583,,,,-0.00026143424344445194,,,,-0.0002486893590853421,,
8561990bfffffff,IND,0,0,2,False,26,,,,,,,,,,,,,,,,
8561990ffffffff,IND,3,4,8,False,26,,8.216925132902616e-05,,,,0.00015197830673174356,,,,-0.00022957057413259315,,,,-0.00020210089469664696,,
85619943fffffff,IND,2,2,2,False,26,,7.462126280051237e-05,,,,9.294843728602397e-05,,,,-9.438762351675163e-05,,,,-0.00010073623454720717,,
85619973fffffff,IND,4,6,15,False,26,,-0.0014818441177770574,,,,-0.0016793223767075382,,,,-0.00018235497257273667,,,,-0.0002021091504013761,,
85619983fffffff,IND,1,4,10,False,26,,0.0002571688518055443,,,,0.000299488458260025,,,,0.0004937198830871317,,,,0.0006300045990335729,,
85619987fffffff,IND,0,0,14,False,26,,,,,,,,,,,,,,,,
8561999bfffffff,IND,0,0,6,False,26,,,,,,,,,,,,,,,,
856199a7fffffff,IND,9,9,22,False,26,,-0.000283106354263111,,,,-0.0003182856086936983,,,,-0.0007959341106990388,,,,-0.0008340693677269351,,
856199c7fffffff,IND,26,26,26,True,26,-0.0011985076184916471,-0.0011985076184916471,0.0013993524028835986,0.0025978600213752453,-0.0013539681441592333,-0.0013539681441592333,0.0016292222335153941,0.0029831903776746274,0.002368426073773085,0.002368426073773085,0.00900975021981144,0.006641324146038354,0.0046310295965176365,0.0046310295965176365,0.012513043507727799,0.007882013911210163
85619a2bfffffff,IND,0,0,2,False,26,,,,,,,,,,,,,,,,
85619a77fffffff,IND,2,2,10,False,26,,-0.00014085127211051635,,,,-0.0001605184477622826,,,,-1.812668379748021e-05,,,,3.946387880119219e-05,,
85619a83fffffff,IND,16,16,26,False,26,,-0.0010729037494212653,,,,-0.0012293512422376998,,,,-0.0005559666547650704,,,,-0.0005715808639870971,,
85619a8ffffffff,IND,26,26,26,True,26,-0.0017188667776589725,-0.0017188667776589725,0.0006418248247170506,0.002360691602376023,-0.0019847496900238038,-0.0019847496900238038,0.0007624112225850608,0.0027471609126088646,-0.004178959961425222,-0.004178959961425222,0.0015797853139124006,0.00575874527533762,-0.004782686028455252,-0.004782686028455252,0.002230371379301592,0.007013057407756842
85619a93fffffff,IND,0,0,2,False,26,,,,,,,,,,,,,,,,
85619a97fffffff,IND,0,1,1,False,26,,,,,,,,,,,,,,,,
85619aa7fffffff,IND,26,26,26,True,26,-0.05492135883009944,-0.05492135883009944,0.02223046035214723,0.07715181918224667,-0.06293731536510745,-0.06293731536510745,0.026317355193821633,0.08925467055892909,-0.0775200711923642,-0.0775200711923642,0.04659898792212543,0.12411905911448963,-0.08464521282482615,-0.08464521282482615,0.06375343244292771,0.14839864526775384
85619aabfffffff,IND,0,0,8,False,26,,,,,,,,,,,,,,,,
85619ab7fffffff,IND,0,3,10,False,26,,,,,,,,,,,,,,,,
85619ac7fffffff,IND,0,1,2,False,26,,,,,,,,,,,,,,,,
85619ad3fffffff,IND,0,0,9,False,26,,,,,,,,,,,,,,,,
85619ad7fffffff,IND,15,15,26,False,26,,-0.0004001020864635418,,,,-0.000455720351075883,,,,-0.0003376161212712289,,,,-0.0002995442655093602,,
85619b47fffffff,IND,0,0,8,False,26,,,,,,,,,,,,,,,,
85619b53fffffff,IND,0,0,1,False,26,,,,,,,,,,,,,,,,
85619b67fffffff,IND,4,4,12,False,26,,-0.00010397301069241051,,,,-0.000105430608170302,,,,-9.460031170172256e-05,,,,-9.277056222644449e-05,,
85619b6ffffffff,IND,12,14,17,False,26,,-0.0003063022857405794,,,,-0.00033167851716403937,,,,-0.00289272443580388,,,,-0.0033426818193289507,,
85619b87fffffff,IND,15,15,26,False,26,,-0.0005011141636322741,,,,-0.0005652408470599335,,,,-0.00025070149739374163,,,,-0.0002585527988068146,,
85619b8bfffffff,IND,0,0,4,False,26,,,,,,,,,,,,,,,,
85619b97fffffff,IND,0,0,6,False,26,,,,,,,,,,,,,,,,
85619bb7fffffff,IND,0,0,2,False,26,,,,,,,,,,,,,,,,
85619bcffffffff,IND,0,0,3,False,26,,,,,,,,,,,,,,,,
85619bd3fffffff,IND,10,10,26,False,26,,-0.0002601495954031619,,,,-0.0002888219981524825,,,,-0.000637013197351974,,,,-0.0007322364223360316,,
85619bdbfffffff,IND,0,0,2,False,26,,,,,,,,,,,,,,,,
85619d2ffffffff,IND,0,0,1,False,26,,,,,,,,,,,,,,,,
85619e47fffffff,IND,16,16,26,False,26,,-0.0027959064751062537,,,,-0.0031876526851568024,,,,-0.00047384318061390713,,,,-0.0002315510030232536,,
85619e4bfffffff,IND,3,5,9,False,26,,4.096404679944521e-05,,,,5.3609456612102405e-05,,,,3.266376454355657e-05,,,,4.3271856544036795e-05,,
85619e63fffffff,IND,7,8,20,False,26,,-0.001578287684011269,,,,-0.0017920354795667541,,,,-0.00039897335246663515,,,,-0.0004081461726218621,,
85619e67fffffff,IND,26,26,26,True,26,-0.00399530816239314,-0.00399530816239314,0.0019587352119866354,0.0059540433743797755,-0.004578696704284194,-0.004578696704284194,0.0023300306699515364,0.006908727374235729,-0.009431345815323438,-0.009431345815323438,0.00369680070522795,0.013128146520551387,-0.010651183611512394,-0.010651183611512394,0.005062361390574479,0.015713545002086875
85619e6bfffffff,IND,17,17,22,False,26,,-0.0033343626626581267,,,,-0.0038281534874860484,,,,-0.004333090843591024,,,,-0.004877718525842429,,
85619e6ffffffff,IND,4,4,22,False,26,,9.557434855825744e-05,,,,0.00013259432217254462,,,,-1.0520060744560045e-05,,,,7.375299878743124e-05,,
85619e73fffffff,IND,23,23,26,False,26,,-0.0036591158631618594,,,,-0.004208859437898789,,,,-0.008739848822097688,,,,-0.010077914396814592,,
85619e77fffffff,IND,0,0,9,False,26,,,,,,,,,,,,,,,,
8561a93bfffffff,IND,0,2,2,False,26,,,,,,,,,,,,,,,,
8561a943fffffff,IND,26,26,26,True,26,-0.00030503651541216223,-0.00030503651541216223,0.0008832446638445238,0.001188281179256686,-0.0003322421140028248,-0.0003322421140028248,0.001052074948724121,0.0013843170627269462,-0.00022442230173732255,-0.00022442230173732255,0.0010924814602668634,0.0013169037620041862,-6.405540480618352e-05,-6.405540480618352e-05,0.0015474509247597377,0.0016115063295659207
8561a94bfffffff,IND,24,24,26,False,26,,0.00010139572356964307,,,,0.00014592226933573423,,,,0.0016059177266485394,,,,0.00265300632307644,,
8561a94ffffffff,IND,7,11,15,False,26,,9.491849639019439e-05,,,,0.00013315117578680338,,,,0.0004506509699692564,,,,0.0005951575582669085,,
8561a963fffffff,IND,0,0,1,False,26,,,,,,,,,,,,,,,,
8561a97bfffffff,IND,0,1,1,False,26,,,,,,,,,,,,,,,,
8561ab07fffffff,IND,11,13,21,False,26,,-0.00010151277791266315,,,,-0.00010939964813898259,,,,0.0002208407445824243,,,,0.0003430877098729438,,
8561ab17fffffff,IND,19,20,23,False,26,,-5.829878527556527e-05,,,,-3.663894629020345e-05,,,,-0.00016439140517025128,,,,-3.371285982418606e-05,,
8561ab27fffffff,IND,0,1,0,False,26,,,,,,,,,,,,,,,,
8561ab2bfffffff,IND,25,25,26,False,26,,-9.443022492436628e-05,,,,-5.170114010366925e-05,,,,-9.821653225173168e-05,,,,0.0003865907864989377,,
8561ab2ffffffff,IND,1,3,4,False,26,,-2.138228680395105e-05,,,,-1.614710672054331e-05,,,,0.0002985462291372163,,,,0.00035358553410862854,,
8561ab33fffffff,IND,4,4,10,False,26,,0.0001540351198434893,,,,0.00018973849326772057,,,,0.0008086854436230265,,,,0.0010209591340204765,,
8561ab3bfffffff,IND,12,13,16,False,26,,-2.8273530440030504e-05,,,,-2.3484358456082366e-05,,,,6.92631110153515e-05,,,,0.0001253498546633021,,
8561ab6ffffffff,IND,9,12,17,False,26,,-1.9947146266811506e-05,,,,-1.659624794132151e-05,,,,-2.8698789808449097e-06,,,,4.585923664502256e-05,,
8561ab73fffffff,IND,25,25,26,False,26,,-0.0003433908392336247,,,,-0.0003804869246673703,,,,-0.0006313166828652211,,,,-0.0005820966235457663,,
8561ab7bfffffff,IND,26,26,26,True,26,-0.0007484215075234895,-0.0007484215075234895,0.009661375084509732,0.010409796592033223,-0.0005720013779350653,-0.0005720013779350653,0.011487057302805555,0.012059058680740621,0.0035547106928125317,0.0035547106928125317,0.02322650766110878,0.019671796968296247,0.00758906027709519,0.00758906027709519,0.03152998129198939,0.023940921014894204
8561aba3fffffff,IND,3,3,5,False,26,,-1.7450000784667921e-06,,,,1.6281588515500627e-05,,,,0.0003586846698329724,,,,0.00047185557822379586,,
8561aba7fffffff,IND,2,2,4,False,26,,1.2458090186894257e-05,,,,2.2499298383421814e-05,,,,-0.0003364616068124405,,,,-0.00036733039592950654,,
8561abb7fffffff,IND,16,16,20,False,26,,0.00014978735819417644,,,,0.00019639723772086148,,,,-6.0259932561354236e-05,,,,-1.5676795930794977e-05,,
8561ad2bfffffff,LKA,10,11,20,False,26,,-0.00017657587460103577,,,,-0.00020337154274079985,,,,-0.0013693680994833128,,,,-0.0015235716000184317,,
856410dbfffffff,MMR,0,0,1,False,26,,,,,,,,,,,,,,,,
8564225bfffffff,THA,0,1,0,False,26,,,,,,,,,,,,,,,,
856422c3fffffff,THA,26,26,26,True,26,5.618564965519874e-06,5.618564965519874e-06,0.0005035268083548189,0.000497908243389299,2.2691795875621798e-05,2.2691795875621798e-05,0.0005924252436317788,0.000569733447756157,0.00014421943397563373,0.00014421943397563373,0.0014961287467015136,0.0013519093127258796,0.0003950733596956793,0.0003950733596956793,0.0020252533754951136,0.001630180015799434
85642653fffffff,THA,0,3,2,False,26,,,,,,,,,,,,,,,,
8564266ffffffff,THA,26,26,26,True,26,0.0002851501383250506,0.0002851501383250506,0.0034101592731467533,0.0031250091348217026,0.00043034637797037106,0.00043034637797037106,0.004027024714163691,0.00359667833619332,-0.00021284621614270954,-0.00021284621614270954,0.007213334590992016,0.0074261808071347255,0.0008266367930765222,0.0008266367930765222,0.009822595321477825,0.0089959585284013
85643007fffffff,THA,0,0,3,False,26,,,,,,,,,,,,,,,,
8564302ffffffff,THA,0,1,1,False,26,,,,,,,,,,,,,,,,
85643063fffffff,THA,1,1,2,False,26,,1.4700612864594555e-05,,,,2.0354501441521866e-05,,,,0.0,,,,0.0,,
85643077fffffff,THA,0,0,2,False,26,,,,,,,,,,,,,,,,
85643087fffffff,THA,26,26,26,True,26,-2.3313316816666724e-05,-2.3313316816666724e-05,0.0020424178765198102,0.002065731193336477,4.112546166117138e-05,4.112546166117138e-05,0.0024275357822242088,0.0023864103205630373,0.0006365357032787684,0.0006365357032787684,0.005945692364696927,0.00530915666141816,0.0016717436881316082,0.0016717436881316082,0.008169985268561056,0.0064982415804294485
8564309bfffffff,THA,0,1,0,False,26,,,,,,,,,,,,,,,,
856430b3fffffff,THA,0,3,10,False,26,,,,,,,,,,,,,,,,
856430bbfffffff,THA,0,1,3,False,26,,,,,,,,,,,,,,,,
856430d3fffffff,THA,26,26,26,True,26,-0.00023106944897061078,-0.00023106944897061078,0.0015450839921279265,0.0017761534410985372,-0.00023257022823031857,-0.00023257022823031857,0.0018365724340229693,0.002069142662253288,-0.0014874727429502227,-0.0014874727429502227,0.004662986133430367,0.006150458876380589,-0.0010841546976258901,-0.0010841546976258901,0.006549793423564177,0.007633948121190067
856430dbfffffff,THA,0,1,0,False,26,,,,,,,,,,,,,,,,
85643183fffffff,THA,0,0,2,False,26,,,,,,,,,,,,,,,,
85643233fffffff,THA,1,2,2,False,26,,-1.604167639944411e-05,,,,-1.3380714298010562e-05,,,,0.0003572002643281956,,,,0.000447613548366882,,
85643263fffffff,THA,0,1,0,False,26,,,,,,,,,,,,,,,,
85643277fffffff,THA,0,0,1,False,26,,,,,,,,,,,,,,,,
856432affffffff,THA,1,2,2,False,26,,1.585720669306328e-05,,,,2.326983590004902e-05,,,,0.0003572002643281956,,,,0.000447613548366882,,
85643397fffffff,THA,13,17,19,False,26,,5.491588318654569e-06,,,,1.0497371279325057e-05,,,,0.0005023976642942206,,,,0.0008249846831366084,,
856433c7fffffff,THA,0,1,1,False,26,,,,,,,,,,,,,,,,
85643433fffffff,THA,0,0,1,False,26,,,,,,,,,,,,,,,,
85643487fffffff,THA,0,1,1,False,26,,,,,,,,,,,,,,,,
856434a3fffffff,THA,26,26,26,True,26,0.00028262985969258926,0.00028262985969258926,0.0011139130443911542,0.0008312831846985649,0.00035547802470144087,0.00035547802470144087,0.0013230452049574277,0.0009675671802559865,0.001520431527993789,0.001520431527993789,0.0028886765718895845,0.0013682450438957958,0.0023865523719827117,0.0023865523719827117,0.0040459783278028036,0.0016594259558200919
856434a7fffffff,THA,0,0,2,False,26,,,,,,,,,,,,,,,,
856434abfffffff,THA,0,0,1,False,26,,,,,,,,,,,,,,,,
85643507fffffff,THA,0,3,1,False,26,,,,,,,,,,,,,,,,
85643533fffffff,THA,0,2,1,False,26,,,,,,,,,,,,,,,,
85643537fffffff,THA,0,1,0,False,26,,,,,,,,,,,,,,,,
85643553fffffff,THA,0,1,2,False,26,,,,,,,,,,,,,,,,
85643587fffffff,THA,0,2,1,False,26,,,,,,,,,,,,,,,,
85643593fffffff,THA,0,0,1,False,26,,,,,,,,,,,,,,,,
856435b3fffffff,THA,12,14,16,False,26,,1.5940540025580172e-05,,,,2.486290115410532e-05,,,,0.0002111514531315536,,,,0.00038237734254234333,,
856435c3fffffff,THA,0,1,0,False,26,,,,,,,,,,,,,,,,
8564362ffffffff,THA,24,24,26,False,26,,-3.131785665042226e-05,,,,-2.8044955616637634e-05,,,,-8.565278881774464e-05,,,,5.7143703568337405e-05,,
85643637fffffff,THA,0,1,1,False,26,,,,,,,,,,,,,,,,
8564802bfffffff,THA,0,1,0,False,26,,,,,,,,,,,,,,,,
8564821bfffffff,THA,7,15,11,False,26,,5.521978665002848e-05,,,,6.950361923734891e-05,,,,0.0006368994250987189,,,,0.0008817258887247804,,
85648257fffffff,THA,0,0,1,False,26,,,,,,,,,,,,,,,,
8564825bfffffff,THA,0,0,1,False,26,,,,,,,,,,,,,,,,
85648283fffffff,THA,19,20,24,False,26,,5.162065826250936e-05,,,,6.82901419879908e-05,,,,0.0004411334597843038,,,,0.0006616870399735416,,
8564828bfffffff,THA,26,26,26,True,26,0.0004899597612112399,0.0004899597612112399,0.001047205361943222,0.0005572456007319819,0.0005953447118206421,0.0005953447118206421,0.0012436240195589732,0.0006482793077383311,0.0034718838836756507,0.0034718838836756507,0.005815735862974606,0.0023438519792989537,0.005251930701354702,0.005251930701354702,0.008125321852859722,0.002873391151505019
8564828ffffffff,THA,7,12,11,False,26,,7.871381900294427e-05,,,,9.793946738636077e-05,,,,0.0005918971374218927,,,,0.0007570038248794925,,
85648297fffffff,THA,0,1,0,False,26,,,,,,,,,,,,,,,,
856482c7fffffff,THA,26,26,26,True,26,0.00339939947661956,0.00339939947661956,0.016741915345317764,0.013342515868698205,0.004382271996240223,0.004382271996240223,0.019928016556733784,0.015545744560493565,0.014324381418636413,0.014324381418636413,0.02086444137926367,0.006540059960627258,0.02061400972364377,0.02061400972364377,0.028499925855245196,0.00788591613160143
856482d7fffffff,THA,12,16,17,False,26,,6.228410432210268e-05,,,,7.823771724628992e-05,,,,0.00039627140384530714,,,,0.000584136099022492,,
85648353fffffff,THA,0,1,1,False,26,,,,,,,,,,,,,,,,
85648407fffffff,THA,2,8,6,False,26,,1.8342602264979927e-05,,,,2.220158708253775e-05,,,,0.0,,,,0.0,,
8564840ffffffff,THA,0,0,1,False,26,,,,,,,,,,,,,,,,
8564848ffffffff,THA,0,1,1,False,26,,,,,,,,,,,,,,,,
85648493fffffff,THA,25,25,26,False,26,,6.762864909582807e-05,,,,8.826628800251082e-05,,,,0.0003271123277533832,,,,0.0005037325157830012,,
8564849bfffffff,THA,0,0,1,False,26,,,,,,,,,,,,,,,,
856484c3fffffff,THA,0,2,0,False,26,,,,,,,,,,,,,,,,
856484dbfffffff,THA,0,5,2,False,26,,,,,,,,,,,,,,,,
8564852bfffffff,MMR,0,0,1,False,26,,,,,,,,,,,,,,,,
85648553fffffff,THA,0,1,1,False,26,,,,,,,,,,,,,,,,
856485affffffff,MMR,1,3,1,False,26,,0.00018503130207178352,,,,0.00023270319448616075,,,,-4.518733610169571e-05,,,,-3.265264507189763e-05,,
856485c3fffffff,THA,26,26,26,True,26,0.0002636512255896485,0.0002636512255896485,0.00102344231032096,0.0007597910847313113,0.00033061327790986515,0.00033061327790986515,0.0012165144470666978,0.0008859011691568324,0.001788572127834787,0.001788572127834787,0.0029782824639134472,0.0011897103360786595,0.002604519630076222,0.002604519630076222,0.0040854322343737495,0.0014809126042975272
8564860ffffffff,THA,26,26,26,True,26,-2.5549741685258788e-05,-2.5549741685258788e-05,0.0004739643987847373,0.000499514140469996,-1.8818173366965086e-05,-1.8818173366965086e-05,0.0005628213348883912,0.0005816395082553563,-0.0004680079289668708,-0.0004680079289668708,0.0002693116074520865,0.0007373195364189575,-0.0005215543850840175,-0.0005215543850840175,0.00037319811253800657,0.000894752497622024
85648677fffffff,THA,0,0,2,False,26,,,,,,,,,,,,,,,,
856486abfffffff,THA,0,0,1,False,26,,,,,,,,,,,,,,,,
856486b7fffffff,THA,1,2,2,False,26,,6.149489898061176e-05,,,,7.400674861544815e-05,,,,0.0,,,,0.0,,
856486c3fffffff,THA,0,0,1,False,26,,,,,,,,,,,,,,,,
856486cbfffffff,THA,3,8,11,False,26,,1.5737595025272203e-05,,,,2.2042715025910893e-05,,,,-2.7309824600805707e-05,,,,1.7385747431455565e-05,,
85648aa3fffffff,MMR,12,18,12,False,26,,8.754772575226741e-05,,,,0.00011322816659798058,,,,0.0011774620061766894,,,,0.001705769688172598,,
85648c17fffffff,MMR,0,1,1,False,26,,,,,,,,,,,,,,,,
85648c83fffffff,MMR,26,26,26,True,26,0.0020618871590710607,0.0020618871590710607,0.012942980075185613,0.010881092916114554,0.0024672500794269835,0.0024672500794269835,0.014637652596174397,0.012170402516747413,0.019592469774572734,0.019592469774572734,0.06086844885142887,0.041275979076856144,0.03230967965848677,0.03230967965848677,0.08150402071798303,0.04919434105949623
85648ccbfffffff,MMR,1,2,2,False,26,,0.00021352443838514224,,,,0.00025968923499049995,,,,0.00014927311456860816,,,,0.00017679276705431427,,
85648e9bfffffff,MMR,0,1,0,False,26,,,,,,,,,,,,,,,,
85649007fffffff,THA,0,1,7,False,26,,,,,,,,,,,,,,,,
8564901bfffffff,THA,0,1,0,False,26,,,,,,,,,,,,,,,,
85649023fffffff,THA,0,0,1,False,26,,,,,,,,,,,,,,,,
8564902bfffffff,MMR|THA,22,23,25,False,26,,-5.873439053821977e-05,,,,-6.618308677455973e-05,,,,-0.0001493863424684832,,,,-0.00014872107390741135,,
85649087fffffff,THA,0,0,1,False,26,,,,,,,,,,,,,,,,
856490a3fffffff,THA,0,0,1,False,26,,,,,,,,,,,,,,,,
856490a7fffffff,THA,26,26,26,True,26,5.1101990410696e-05,5.1101990410696e-05,0.0005415984936231017,0.0004904965032124057,7.188752728404146e-05,7.188752728404146e-05,0.0006438348632722472,0.0005719473359882056,0.00012093482687633839,0.00012093482687633839,0.0008824713826302358,0.0007615365557538974,0.0003199943700417967,0.0003199943700417967,0.0012712280966420792,0.0009512337266002824
856490affffffff,THA,0,2,3,False,26,,,,,,,,,,,,,,,,
85649113fffffff,THA,0,1,2,False,26,,,,,,,,,,,,,,,,
8564918ffffffff,THA,0,2,5,False,26,,,,,,,,,,,,,,,,
856492abfffffff,MMR,2,4,3,False,26,,0.00010560408534919429,,,,0.00012779420762441457,,,,0.00020048025021896122,,,,0.00024067332814127186,,
856494a3fffffff,THA,0,0,1,False,26,,,,,,,,,,,,,,,,
85649503fffffff,THA,1,5,7,False,26,,9.251565103589176e-05,,,,0.00011635159724308037,,,,0.00031032591761025966,,,,0.00037588302949073237,,
8564952bfffffff,THA,0,1,0,False,26,,,,,,,,,,,,,,,,
85649563fffffff,THA,1,3,5,False,26,,-1.879368393850115e-05,,,,5.354411150838951e-05,,,,0.0,,,,0.0,,
8564956bfffffff,THA,0,0,1,False,26,,,,,,,,,,,,,,,,
856496cbfffffff,LAO,0,0,1,False,26,,,,,,,,,,,,,,,,
8564980bfffffff,MMR,8,12,16,False,26,,0.0001527199494625075,,,,0.0002025456390851506,,,,0.0003453418498803142,,,,0.0004779831295987134,,
8564980ffffffff,MMR,3,7,7,False,26,,0.0007289305528675755,,,,0.0008760005330341017,,,,0.0003050983682469775,,,,0.00039096681779317673,,
85649823fffffff,MMR,0,2,0,False,26,,,,,,,,,,,,,,,,
85649993fffffff,MMR,19,23,21,False,26,,0.0002654926927762835,,,,0.00010280402082177876,,,,0.0012589717818513237,,,,0.0011009915163000047,,
856499cffffffff,MMR,0,0,1,False,26,,,,,,,,,,,,,,,,
85649bb7fffffff,MMR,0,0,3,False,26,,,,,,,,,,,,,,,,
85649db7fffffff,MMR,7,7,16,False,26,,3.709081638775529e-05,,,,5.4823725878374654e-05,,,,9.875875380609451e-05,,,,0.00016216419700670434,,
8564a017fffffff,THA,1,4,4,False,26,,5.335137419884598e-05,,,,6.69217559908869e-05,,,,2.8053692634209424e-05,,,,6.0455314582127495e-05,,
8564a043fffffff,THA,0,0,2,False,26,,,,,,,,,,,,,,,,
8564a053fffffff,THA,0,0,4,False,26,,,,,,,,,,,,,,,,
8564a05bfffffff,THA,0,2,1,False,26,,,,,,,,,,,,,,,,
8564a083fffffff,THA,0,0,1,False,26,,,,,,,,,,,,,,,,
8564a087fffffff,THA,0,2,1,False,26,,,,,,,,,,,,,,,,
8564a08bfffffff,THA,0,0,1,False,26,,,,,,,,,,,,,,,,
8564a093fffffff,THA,25,26,25,False,26,,0.0001877016488075292,,,,0.00022770170728318555,,,,0.001148064380015574,,,,0.0014163478827645354,,
8564a0cffffffff,THA,0,0,1,False,26,,,,,,,,,,,,,,,,
8564a0d3fffffff,THA,0,2,1,False,26,,,,,,,,,,,,,,,,
8564a103fffffff,THA,0,1,0,False,26,,,,,,,,,,,,,,,,
8564a203fffffff,THA,2,5,4,False,26,,4.9357014836148825e-05,,,,6.083335306361383e-05,,,,0.0,,,,0.0,,
8564a223fffffff,THA,0,2,0,False,26,,,,,,,,,,,,,,,,
8564a243fffffff,THA,14,19,19,False,26,,5.43912880010845e-05,,,,6.978803026602629e-05,,,,3.6498512501921424e-05,,,,5.1648261842033615e-05,,
8564a24ffffffff,THA,0,0,1,False,26,,,,,,,,,,,,,,,,
8564a25bfffffff,THA,0,0,1,False,26,,,,,,,,,,,,,,,,
8564a26ffffffff,THA,1,6,4,False,26,,8.130223444092436e-05,,,,0.00010046550502889665,,,,0.0007870297497245396,,,,0.0010824385174922064,,
8564a287fffffff,THA,26,26,26,True,26,9.36659070771466e-06,9.36659070771466e-06,0.00040817550715746526,0.00039880891644975046,2.0678084038050994e-05,2.0678084038050994e-05,0.0004852895127290306,0.00046461142869097955,0.00012959905914034558,0.00012959905914034558,0.0005355677111495428,0.0004059686520091972,0.00020332350389572462,0.00020332350389572462,0.0006987810048532966,0.0004954575009575719
8564a2bbfffffff,THA,0,3,2,False,26,,,,,,,,,,,,,,,,
8564a2cffffffff,THA,0,0,1,False,26,,,,,,,,,,,,,,,,
8564a35bfffffff,THA,0,3,0,False,26,,,,,,,,,,,,,,,,
8564a3d3fffffff,THA,0,0,1,False,26,,,,,,,,,,,,,,,,
8564a403fffffff,THA,23,26,23,False,26,,5.212116319797007e-05,,,,6.968354920418455e-05,,,,0.0010471087823423137,,,,0.0015066796066081204,,
8564a40bfffffff,THA,26,26,26,True,26,0.000417809329962029,0.000417809329962029,0.0021151923391627496,0.0016973830092007207,0.0005376323440194993,0.0005376323440194993,0.0025140456400859555,0.0019764132960664563,0.004897526441362765,0.004897526441362765,0.007376050972750626,0.0024785245313878627,0.007296448902857317,0.007296448902857317,0.010329711593921008,0.00303326269106369
8564a40ffffffff,THA,1,5,3,False,26,,2.6030702262570436e-05,,,,3.557225524214436e-05,,,,0.0,,,,0.0,,
8564a413fffffff,THA,25,25,26,False,26,,6.570818341721466e-05,,,,8.82779087592771e-05,,,,7.887389449676152e-05,,,,0.00016753237029778318,,
8564a417fffffff,THA,26,26,26,True,26,0.0003259659926158786,0.0003259659926158786,0.0021636028463343383,0.0018376368537184598,0.00045189810590827293,0.00045189810590827293,0.0025417201040797235,0.00208982199817145,0.0036449941727048807,0.0036449941727048807,0.006202374016650901,0.002557379843946022,0.005940085916406888,0.005940085916406888,0.008756280660706432,0.002816194744299544
8564a41bfffffff,THA,15,18,19,False,26,,9.950833313180203e-05,,,,0.00012193780151389862,,,,0.00045331402172348387,,,,0.0007349978676612389,,
8564a427fffffff,THA,0,5,2,False,26,,,,,,,,,,,,,,,,
8564a42bfffffff,THA,0,1,0,False,26,,,,,,,,,,,,,,,,
8564a433fffffff,THA,0,0,1,False,26,,,,,,,,,,,,,,,,
8564a437fffffff,THA,0,2,2,False,26,,,,,,,,,,,,,,,,
8564a443fffffff,THA,25,25,26,False,26,,9.41088220873074e-05,,,,0.00011555137701784936,,,,0.001045531328666533,,,,0.0015451952742451549,,
8564a447fffffff,THA,2,8,10,False,26,,1.9088198969590387e-05,,,,2.3719606535968228e-05,,,,0.0006603781567974584,,,,0.0009310909162047131,,
8564a44ffffffff,THA,8,10,16,False,26,,3.012938376632399e-05,,,,3.776952213549477e-05,,,,0.0003943028926615722,,,,0.0006342130850077537,,
8564a457fffffff,THA,1,3,3,False,26,,6.241299499115452e-05,,,,7.721542587505912e-05,,,,0.0,,,,0.0,,
8564a45bfffffff,THA,9,17,13,False,26,,4.050297106576381e-05,,,,5.264014454279177e-05,,,,0.0006174401319342353,,,,0.0009369337831794797,,
8564a463fffffff,THA,3,11,5,False,26,,7.730242369248347e-05,,,,7.60264654073184e-05,,,,0.0004137394599872568,,,,0.0006245472032776237,,
8564a46bfffffff,THA,0,3,2,False,26,,,,,,,,,,,,,,,,
8564a473fffffff,THA,3,11,9,False,26,,6.657706437951682e-05,,,,8.414884405245427e-05,,,,0.000744197829659795,,,,0.0009321646501656067,,
8564a477fffffff,THA,1,3,5,False,26,,6.404738386039706e-05,,,,8.118070942331888e-05,,,,8.052640152082575e-05,,,,9.954513121820904e-05,,
8564a48bfffffff,THA,0,0,1,False,26,,,,,,,,,,,,,,,,
8564a48ffffffff,THA,14,18,21,False,26,,-2.4181962313091878e-05,,,,-3.544291934782524e-05,,,,4.1163652975841114e-05,,,,9.306620140394991e-05,,
8564a497fffffff,THA,26,26,26,True,26,0.00023333191138704302,0.00023333191138704302,0.0018596592001598028,0.00162632728877276,0.0003140976366722775,0.0003140976366722775,0.0022095157387216307,0.0018954181020493532,0.0009278095422953804,0.0009278095422953804,0.004186659033870979,0.0032588494915755982,0.001806379152338302,0.001806379152338302,0.005854781376841272,0.0040484022245029705
8564a4a3fffffff,THA,21,22,25,False,26,,2.5024126499952294e-05,,,,3.3844585261918346e-05,,,,1.5638654547175834e-05,,,,9.558666667097177e-05,,
8564a4a7fffffff,THA,21,22,24,False,26,,3.928469613705931e-05,,,,5.3314731309531254e-05,,,,0.00037873711171224197,,,,0.0006585949741841022,,
8564a4abfffffff,THA,26,26,26,True,26,0.00022128625834435118,0.00022128625834435118,0.0012795174658199854,0.001058231207475634,0.0002875838847965444,0.0002875838847965444,0.001521143858443244,0.0012335599736467,0.00021220206506698014,0.00021220206506698014,0.002004170386989184,0.0017919683219222043,0.0005124009536963423,0.0005124009536963423,0.002745162758067033,0.002232761804370691
8564a4affffffff,THA,0,1,3,False,26,,,,,,,,,,,,,,,,
8564a4b3fffffff,THA,26,26,26,True,26,0.014529702202689138,0.014529702202689138,0.10481477672691072,0.0902850745242216,0.01701654042673506,0.01701654042673506,0.10874352665421123,0.09172698622747619,0.0863485325497232,0.0863485325497232,0.21025517112316228,0.12390663857343907,0.13549738419241616,0.13549738419241616,0.2790116663998518,0.14351428220743562
8564a4b7fffffff,THA,26,26,26,True,26,2.4294388094352145e-05,2.4294388094352145e-05,0.00036469982360068517,0.000340405435506333,3.668205095063784e-05,3.668205095063784e-05,0.00043369417192691144,0.00039701212097627357,0.00040754882879691725,0.00040754882879691725,0.0013286590387468302,0.0009211102099499129,0.0008010822987364089,0.0008010822987364089,0.0019420062248750648,0.0011409239261386559
8564a4bbfffffff,THA,26,26,26,True,26,0.0008029514771491941,0.0008029514771491941,0.0043340648121204,0.0035311133349712055,0.0009417884203576806,0.0009417884203576806,0.004598303088682221,0.0036565146683245403,0.007116864020056632,0.007116864020056632,0.010496795147589635,0.0033799311275330016,0.010412706450739438,0.010412706450739438,0.014442823748211604,0.0040301172974721656
8564a4c3fffffff,THA,0,0,1,False,26,,,,,,,,,,,,,,,,
8564a4cbfffffff,THA,0,1,4,False,26,,,,,,,,,,,,,,,,
8564a4d3fffffff,THA,0,0,1,False,26,,,,,,,,,,,,,,,,
8564a4dbfffffff,THA,11,15,19,False,26,,1.4642736696608493e-05,,,,2.1162907849053446e-05,,,,-0.00012958927803718176,,,,-0.00015894395958377422,,
8564a503fffffff,THA,0,1,0,False,26,,,,,,,,,,,,,,,,
8564a50bfffffff,THA,7,13,10,False,26,,8.195984823493163e-06,,,,1.2018036375065656e-05,,,,-3.905596864956685e-05,,,,1.7878137139863177e-05,,
8564a51bfffffff,THA,1,1,5,False,26,,6.426552294317318e-05,,,,8.135906726667693e-05,,,,0.0006114506360615241,,,,0.0007558436159558588,,
8564a557fffffff,THA,0,1,1,False,26,,,,,,,,,,,,,,,,
8564a55bfffffff,THA,0,1,2,False,26,,,,,,,,,,,,,,,,
8564a577fffffff,THA,0,1,0,False,26,,,,,,,,,,,,,,,,
8564a57bfffffff,THA,0,1,1,False,26,,,,,,,,,,,,,,,,
8564a58ffffffff,THA,0,1,1,False,26,,,,,,,,,,,,,,,,
8564a593fffffff,THA,0,0,1,False,26,,,,,,,,,,,,,,,,
8564a59bfffffff,THA,17,22,20,False,26,,4.1952445580727975e-05,,,,5.48334476872425e-05,,,,0.0002876297194662254,,,,0.00044884362808849667,,
8564a5bbfffffff,THA,0,1,2,False,26,,,,,,,,,,,,,,,,
8564a5c3fffffff,THA,7,17,13,False,26,,4.204590137529336e-05,,,,5.235895541899204e-05,,,,0.00039236952121301627,,,,0.0005747994324707082,,
8564a5cbfffffff,THA,3,9,7,False,26,,4.22490630759201e-05,,,,5.426065572851081e-05,,,,0.00034551961618801454,,,,0.0005142568888776656,,
8564a5cffffffff,THA,1,5,4,False,26,,3.9676321000369844e-05,,,,5.0326574099988095e-05,,,,0.0005884395172442201,,,,0.0007656440214686583,,
8564a5d7fffffff,THA,9,17,13,False,26,,1.1580806905627435e-05,,,,1.9242937366535334e-05,,,,0.00027904037780291356,,,,0.000500149673346633,,
8564a5dbfffffff,THA,26,26,26,True,26,0.00036751428654488633,0.00036751428654488633,0.0022122156139495804,0.0018447013274046945,0.000479510587268619,0.000479510587268619,0.0026291139972205585,0.00214960340995194,0.003963438841456227,0.003963438841456227,0.0075595629798231555,0.003596124138366928,0.006246390621975437,0.006246390621975437,0.010693316626515162,0.004446926004539723
8564a613fffffff,THA,0,2,0,False,26,,,,,,,,,,,,,,,,
8564a623fffffff,THA,0,4,4,False,26,,,,,,,,,,,,,,,,
8564a627fffffff,THA,1,5,3,False,26,,8.130223444092436e-05,,,,0.00010046550502889665,,,,0.0,,,,0.0,,
8564a647fffffff,THA,0,0,2,False,26,,,,,,,,,,,,,,,,
8564a6abfffffff,THA,0,1,0,False,26,,,,,,,,,,,,,,,,
8564a6affffffff,THA,0,1,1,False,26,,,,,,,,,,,,,,,,
8564a6b7fffffff,THA,26,26,26,True,26,0.00023025196456778665,0.00023025196456778665,0.0008129282181399903,0.0005826762535722037,0.0002878257406678566,0.0002878257406678566,0.0009664887734442116,0.000678663032776355,0.0014221826893592278,0.0014221826893592278,0.0020474822223682855,0.0006252995330090576,0.0021811526472199,0.0021811526472199,0.002937684809959515,0.0007565321627396157
8564b013fffffff,THA,0,10,7,False,26,,,,,,,,,,,,,,,,
8564b047fffffff,THA,0,0,2,False,26,,,,,,,,,,,,,,,,
8564b08ffffffff,THA,0,1,0,False,26,,,,,,,,,,,,,,,,
8564b127fffffff,THA,0,1,0,False,26,,,,,,,,,,,,,,,,
8564b14bfffffff,THA,0,0,1,False,26,,,,,,,,,,,,,,,,
8564b167fffffff,THA,2,10,7,False,26,,3.8308254904246426e-05,,,,4.711437895579833e-05,,,,0.0001469538283096283,,,,0.0001888472899288759,,
8564b187fffffff,THA,0,2,0,False,26,,,,,,,,,,,,,,,,
8564b1b3fffffff,THA,26,26,26,True,26,0.00012972732600710255,0.00012972732600710255,0.001550008405107294,0.0014202810791001917,0.00018648620669083538,0.00018648620669083538,0.0018421744168907195,0.001655688210199884,-4.865388750983702e-05,-4.865388750983702e-05,0.0018737080744868724,0.0019223619619967093,0.0001976571201332211,0.0001976571201332211,0.002587853254265237,0.0023901961341320165
8564b1b7fffffff,THA,16,22,20,False,26,,5.077009787098885e-05,,,,6.38929869130787e-05,,,,0.0004596349015590089,,,,0.0007687881294047346,,
8564b1bbfffffff,THA,0,0,1,False,26,,,,,,,,,,,,,,,,
8564b1d7fffffff,THA,0,0,1,False,26,,,,,,,,,,,,,,,,
8564b37bfffffff,THA,0,1,2,False,26,,,,,,,,,,,,,,,,
8564b417fffffff,THA,2,13,9,False,26,,2.646788623765395e-05,,,,3.496044576566343e-05,,,,0.0,,,,0.0,,
8564b433fffffff,THA,0,0,1,False,26,,,,,,,,,,,,,,,,
8564b44ffffffff,THA,0,0,2,False,26,,,,,,,,,,,,,,,,
8564b483fffffff,THA,5,11,11,False,26,,3.6142281793746954e-05,,,,4.792994127507372e-05,,,,0.00015070893234731732,,,,0.00018166002182817446,,
8564b48bfffffff,THA,0,0,2,False,26,,,,,,,,,,,,,,,,
8564b4d7fffffff,THA,26,26,26,True,26,3.908689297796203e-05,3.908689297796203e-05,0.0006777240910496735,0.0006386371980717115,6.09877771468699e-05,6.09877771468699e-05,0.0008055417608308219,0.000744553983683952,0.0009508647290583488,0.0009508647290583488,0.0014305204975442202,0.0004796557684858714,0.0014309472538752007,0.0014309472538752007,0.002012144354701483,0.0005811971008262824
8564b507fffffff,THA,24,24,26,False,26,,-4.202750873895884e-05,,,,-4.5118739760740374e-05,,,,-0.0008324195212202562,,,,-0.001070332864765455,,
8564b537fffffff,THA,0,1,1,False,26,,,,,,,,,,,,,,,,
8564b55bfffffff,THA,0,1,0,False,26,,,,,,,,,,,,,,,,
8564b57bfffffff,THA,4,6,7,False,26,,8.508830445735876e-05,,,,0.00010256580217659081,,,,6.452549381435481e-05,,,,9.157080972676018e-05,,
8564b5a3fffffff,THA,0,0,1,False,26,,,,,,,,,,,,,,,,
8564b5b7fffffff,THA,0,2,4,False,26,,,,,,,,,,,,,,,,
8564b60ffffffff,THA,26,26,26,True,26,1.5289735863182938e-05,1.5289735863182938e-05,0.0006138265202939204,0.0005985367844307375,3.23573294579889e-05,3.23573294579889e-05,0.0007296198584676865,0.0006972625290096975,0.00018900709880532432,0.00018900709880532432,0.0014314485301960267,0.0012424414313907024,0.00047709870718199836,0.00047709870718199836,0.0020290415772069776,0.0015519428700249793
8564b617fffffff,THA,0,0,1,False,26,,,,,,,,,,,,,,,,
8564b633fffffff,THA,0,0,1,False,26,,,,,,,,,,,,,,,,
8564b63bfffffff,THA,0,5,2,False,26,,,,,,,,,,,,,,,,
8564b677fffffff,LAO|THA,26,26,26,True,26,0.0005934813151566157,0.0005934813151566157,0.0037533906144437213,0.0031599092992871053,0.0007587035491123501,0.0007587035491123501,0.004321299437682849,0.0035625958885704997,0.007527429502260928,0.007527429502260928,0.012277091016068347,0.004749661513807419,0.011188817227240046,0.011188817227240046,0.016866478297069547,0.0056776610698294995
8564b687fffffff,THA,26,26,26,True,26,8.119576770154518e-05,8.119576770154518e-05,0.0018612673946195634,0.0017800716269180178,0.00014200422712063127,0.00014200422712063127,0.0022125990418716277,0.0020705948147509965,0.00165741630636891,0.00165741630636891,0.004075179145400155,0.002417762839031245,0.002606463808639446,0.002606463808639446,0.005545083961003545,0.0029386201523640986
8564b68bfffffff,THA,0,1,0,False,26,,,,,,,,,,,,,,,,
8564b6a3fffffff,THA,0,2,2,False,26,,,,,,,,,,,,,,,,
8564b6b7fffffff,THA,0,0,1,False,26,,,,,,,,,,,,,,,,
8564b6c3fffffff,THA,0,0,1,False,26,,,,,,,,,,,,,,,,
8564e49bfffffff,IND,26,26,26,True,26,-0.0007012340742587179,-0.0007012340742587179,0.006082114771216313,0.006783348845475031,-0.000646980075726792,-0.000646980075726792,0.007237591431608676,0.007884571507335469,0.0014935039602828176,0.0014935039602828176,0.01065158916599342,0.009158085205710601,0.0037870436804037875,0.0037870436804037875,0.01483930800834939,0.011052264327945604
8564e68ffffffff,IND,0,1,0,False,26,,,,,,,,,,,,,,,,
85650087fffffff,MYS,2,3,5,False,26,,2.837539808628033e-05,,,,3.570649835084594e-05,,,,-0.0012644601770130364,,,,-0.0016594926594237314,,
85650113fffffff,MYS,0,1,1,False,26,,,,,,,,,,,,,,,,
8565014bfffffff,MYS,4,8,13,False,26,,1.5450632354122295e-05,,,,2.730952441526614e-05,,,,0.0005128389707386073,,,,0.0007793909395158421,,
85650157fffffff,MYS,17,19,21,False,26,,6.571240993340737e-05,,,,8.356407158038635e-05,,,,9.253063970226053e-05,,,,0.0001472138396765072,,
8565015bfffffff,MYS,8,11,20,False,26,,-3.7909350423024656e-06,,,,1.932379341534829e-06,,,,0.000134889104466842,,,,0.00021927040413465175,,
8565016bfffffff,MYS,5,11,11,False,26,,6.060304718298688e-05,,,,7.617082394382724e-05,,,,5.712649304322953e-05,,,,9.579091666270606e-05,,
8565019bfffffff,MYS,0,1,0,False,26,,,,,,,,,,,,,,,,
85650307fffffff,MYS,10,10,11,False,26,,4.0816700645482994e-05,,,,5.733851118340449e-05,,,,6.747410609443898e-05,,,,0.0001839039760823523,,
85650317fffffff,MYS,1,1,6,False,26,,6.426552294317318e-05,,,,8.135906726667693e-05,,,,-0.00017591541986612837,,,,-0.0002008980141231304,,
85650323fffffff,MYS,4,7,7,False,26,,0.00014553649516352497,,,,0.00017734534726507307,,,,0.00017435978304286274,,,,0.0002085963111602577,,
856503a3fffffff,MYS,0,2,0,False,26,,,,,,,,,,,,,,,,
856503b3fffffff,MYS,1,3,2,False,26,,1.585720669306328e-05,,,,2.326983590004902e-05,,,,0.00011980186293579715,,,,0.00021611302367919943,,
856503bbfffffff,MYS,26,26,26,True,26,6.187965051298885e-05,6.187965051298885e-05,0.0015869875229137611,0.001525107872400772,0.00010007961544593029,0.00010007961544593029,0.0018569841389371562,0.001756904523491226,0.0009839069961002796,0.0009839069961002796,0.004935337192978574,0.003951430196878294,0.0019721969741399235,0.0019721969741399235,0.006813047512314764,0.0048408505381748405
8565042bfffffff,MYS,0,2,10,False,26,,,,,,,,,,,,,,,,
85650503fffffff,MYS,26,26,26,True,26,0.0019162521238681761,0.0019162521238681761,0.03214865629537705,0.030232404171508874,0.0030428628704181012,0.0030428628704181012,0.03790129284748176,0.03485842997706366,0.016822994692830724,0.016822994692830724,0.07897458219714865,0.06215158750431792,0.03111010858516934,0.03111010858516934,0.10507255351147789,0.07396244492630853
85650507fffffff,MYS,26,26,26,True,26,0.0007662989611824819,0.0007662989611824819,0.001355351685456935,0.0005890527242744527,0.0009311537658865565,0.0009311537658865565,0.001592401340909514,0.0006612475750229575,0.0034492563134623276,0.0034492563134623276,0.005055695837991333,0.0016064395245290067,0.004936539731074659,0.004936539731074659,0.006868109748923891,0.0019315700178492306
8565050bfffffff,MYS,26,26,26,True,26,0.0025540009967276035,0.0025540009967276035,0.14906771227336327,0.14651371127663565,0.004519510004750006,0.004519510004750006,0.16574700053468008,0.16122749052993007,0.08840218524473129,0.08840218524473129,0.43581910973638804,0.34741692449165684,0.14991575976988025,0.14991575976988025,0.5536058938540006,0.40369013408412047
8565050ffffffff,MYS,26,26,26,True,26,6.546535838122056e-05,6.546535838122056e-05,0.013877971303851124,0.013812505945469901,0.0005739982698974535,0.0005739982698974535,0.016346331736359344,0.015772333466461893,0.006307563208682202,0.006307563208682202,0.04784282792925333,0.041535264720571126,0.013888046457476126,0.013888046457476126,0.06433690721588313,0.050448860758407
85650513fffffff,MYS,4,7,7,False,26,,-9.961662236157313e-05,,,,-0.0001003587423936553,,,,0.00012997703157981643,,,,0.00016262991979282873,,
8565051bfffffff,MYS,26,26,26,True,26,0.00024796531553980707,0.00024796531553980707,0.010554158319796421,0.010306193004256614,0.0004967542372587018,0.0004967542372587018,0.012475047733147402,0.011978293495888699,0.008325749546109632,0.008325749546109632,0.0336793209193058,0.025353571373196163,0.014807191538928653,0.014807191538928653,0.04565511105929627,0.0308479195203676
85650547fffffff,MYS,26,26,26,True,26,-0.00026532013881870804,-0.00026532013881870804,0.007659633899681654,0.007924954038500362,-3.838632620523296e-05,-3.838632620523296e-05,0.008901882095053057,0.008940268421258292,0.008399813228063782,0.008399813228063782,0.032992922081127515,0.02459310885306374,0.015074304275659357,0.015074304275659357,0.04437264824388165,0.029298343968222288
85650557fffffff,MYS,25,25,26,False,26,,-3.544097381022577e-05,,,,-3.256630150850167e-05,,,,-0.00015770126655301946,,,,-0.00011569702601714037,,
85650563fffffff,MYS,0,3,4,False,26,,,,,,,,,,,,,,,,
85650567fffffff,MYS,26,26,26,True,26,0.00042387802011914277,0.00042387802011914277,0.0021512722449222466,0.0017273942248031038,0.0005477912011545954,0.0005477912011545954,0.0025596057179080953,0.0020118145167534996,0.0017463100568454492,0.0017463100568454492,0.005298791057353141,0.0035524810005076917,0.00285084441784942,0.00285084441784942,0.00715597757723313,0.004305133159383711
85650573fffffff,MYS,25,26,25,False,26,,3.8807823170910555e-05,,,,0.00010374358210019496,,,,0.0001955955593412877,,,,0.0006278107485413089,,
8565057bfffffff,MYS,26,26,26,True,26,0.0007082144602929981,0.0007082144602929981,0.0038471677736010017,0.003138953313308004,0.0008848750355637509,0.0008848750355637509,0.00452047661774185,0.0036356015821780996,0.00284885361814139,0.00284885361814139,0.009735079450121916,0.006886225831980525,0.004795100691199807,0.004795100691199807,0.013169063580875882,0.008373962889676075
85650583fffffff,MYS,8,8,13,False,26,,-2.2962587943164126e-05,,,,3.135009597487709e-05,,,,0.000660974994732609,,,,0.0009166454762957805,,
8565058ffffffff,MYS,11,14,15,False,26,,6.574080869222436e-05,,,,4.75475676625135e-05,,,,0.0001907111090591423,,,,0.00027673645300419804,,
856505d3fffffff,MYS,0,1,1,False,26,,,,,,,,,,,,,,,,
856505d7fffffff,MYS,25,26,25,False,26,,0.00017260310296583525,,,,3.3366963472171035e-05,,,,0.002073294277767894,,,,0.0008136421736435497,,
85650653fffffff,MYS,0,0,16,False,26,,,,,,,,,,,,,,,,
85650693fffffff,MYS,25,25,26,False,26,,0.00021374104488144512,,,,0.0002663376457846982,,,,0.0010646975773887465,,,,0.0016775938201328137,,
856506c7fffffff,MYS,6,7,23,False,26,,-4.462957349668707e-05,,,,-4.3558043651456024e-05,,,,-0.0004621618068140094,,,,-0.0005316473218665574,,
8565094bfffffff,IDN,3,7,13,False,26,,0.00012520701527609596,,,,0.00016190775258811044,,,,0.0006102405026762641,,,,0.0007628359660724176,,
85650c37fffffff,IDN,0,0,1,False,26,,,,,,,,,,,,,,,,
85650cb7fffffff,IDN,0,0,2,False,26,,,,,,,,,,,,,,,,
85650d4ffffffff,IDN,26,26,26,True,26,-0.0003950285643883255,-0.0003950285643883255,0.006374497582120207,0.006769526146508533,-0.0002802953816006756,-0.0002802953816006756,0.007469120199088732,0.007749415580689407,0.0011265200189571867,0.0011265200189571867,0.019411623985390633,0.018285103966433448,0.0038606336372681727,0.0038606336372681727,0.02589003057781888,0.022029396940550706
85650d93fffffff,IDN,0,0,1,False,26,,,,,,,,,,,,,,,,
85651133fffffff,MYS,11,17,14,False,26,,7.020194033893939e-05,,,,-0.0001191079336672632,,,,0.0007454205529917109,,,,0.0001500503533503426,,
856511a7fffffff,MYS,1,3,2,False,26,,6.404738386039706e-05,,,,8.118070942331888e-05,,,,1.1779688473043343e-05,,,,2.2297495382103807e-05,,
856511abfffffff,MYS,0,0,1,False,26,,,,,,,,,,,,,,,,
856511affffffff,MYS,25,25,26,False,26,,-0.0007175266673921524,,,,2.6147264862256234e-05,,,,0.000992799525424028,,,,0.000128235087987171,,
856511b3fffffff,MYS,0,1,2,False,26,,,,,,,,,,,,,,,,
85651533fffffff,MYS,3,4,5,False,26,,4.24708812295414e-06,,,,1.2665483855012609e-05,,,,-0.00018989032604326697,,,,-0.00018647779789025937,,
856515abfffffff,MYS,1,1,3,False,26,,8.54048015264841e-05,,,,0.00010551266345928443,,,,8.052640152082575e-05,,,,9.954513121820904e-05,,
8565180ffffffff,THA,26,26,26,True,26,0.00020773570942749078,0.00020773570942749078,0.0023389857829686626,0.0021312500735411717,0.0002986251225961484,0.0002986251225961484,0.0027828046676993063,0.0024841795451031583,0.0017228923136789276,0.0017228923136789276,0.005025132611208106,0.0033022402975291794,0.002952144080749299,0.002952144080749299,0.006990400004476694,0.004038255923727397
85651863fffffff,THA,6,13,6,False,26,,3.645606684728468e-05,,,,4.8314531431809026e-05,,,,0.00031594104264887003,,,,0.0003939673715734965,,
85651867fffffff,THA,0,0,1,False,26,,,,,,,,,,,,,,,,
85651877fffffff,THA,0,0,1,False,26,,,,,,,,,,,,,,,,
8565187bfffffff,THA,26,26,26,True,26,2.1834636177110098e-05,2.1834636177110098e-05,0.00032632661153240663,0.0003044919753552965,3.5139581994596576e-05,3.5139581994596576e-05,0.00038815000660412233,0.00035301042460952577,0.00014783028642660195,0.00014783028642660195,0.0002978839346233483,0.00015005364819674634,0.00023121780069440968,0.00023121780069440968,0.0004122510101825356,0.0001810332094881259
856518abfffffff,THA,0,1,3,False,26,,,,,,,,,,,,,,,,
856518b7fffffff,MYS,0,0,2,False,26,,,,,,,,,,,,,,,,
856518dbfffffff,THA,2,3,4,False,26,,9.535493551909232e-05,,,,0.00011545974952183986,,,,1.2067608864375128e-05,,,,2.388491715162837e-05,,
856519dbfffffff,THA,1,5,4,False,26,,1.4585778230815114e-05,,,,1.910887359877144e-05,,,,0.0,,,,0.0,,
85651b03fffffff,THA,0,2,1,False,26,,,,,,,,,,,,,,,,
85651b07fffffff,THA,3,5,10,False,26,,8.519176431261003e-05,,,,0.00010428499087518894,,,,5.910893573427253e-05,,,,7.908269387881392e-05,,
85651b0ffffffff,THA,0,1,0,False,26,,,,,,,,,,,,,,,,
85651b13fffffff,THA,0,1,1,False,26,,,,,,,,,,,,,,,,
85651b23fffffff,THA,0,0,1,False,26,,,,,,,,,,,,,,,,
85651b37fffffff,THA,0,1,0,False,26,,,,,,,,,,,,,,,,
85651b47fffffff,THA,0,3,5,False,26,,,,,,,,,,,,,,,,
85651b6bfffffff,THA,2,4,9,False,26,,0.0001457282879601314,,,,0.00017633068082607492,,,,0.00033987783167134565,,,,0.00041129616968556113,,
85651b7bfffffff,THA,0,0,1,False,26,,,,,,,,,,,,,,,,
85651baffffffff,THA,0,0,3,False,26,,,,,,,,,,,,,,,,
85651bc7fffffff,THA,0,1,1,False,26,,,,,,,,,,,,,,,,
85651c5bfffffff,THA,11,14,17,False,26,,0.00013069605515849005,,,,0.00017020339503615728,,,,-4.923813223744233e-05,,,,-5.6701912588568995e-05,,
85651c6bfffffff,THA,23,24,25,False,26,,6.8849819907162e-05,,,,8.942413811743612e-05,,,,5.448909533483494e-05,,,,9.680910451804195e-05,,
85651c7bfffffff,THA,0,0,1,False,26,,,,,,,,,,,,,,,,
85651cb7fffffff,MYS,0,0,1,False,26,,,,,,,,,,,,,,,,
85651d13fffffff,MYS,5,5,16,False,26,,5.817311119325416e-05,,,,0.00011015067720566537,,,,0.00035680328609271467,,,,0.0004561483151620618,,
85651d47fffffff,MYS,0,2,0,False,26,,,,,,,,,,,,,,,,
85651d7bfffffff,MYS,20,20,26,False,26,,6.416157151499813e-05,,,,8.519852922687662e-05,,,,0.00047404870056962426,,,,0.0006724968186784118,,
85651d83fffffff,MYS,26,26,26,True,26,-0.0003586057286753802,-0.0003586057286753802,0.004303475502170142,0.004662081230845523,-0.0003195649912883829,-0.0003195649912883829,0.005082800236757061,0.005402365228045444,0.002603647392699115,0.002603647392699115,0.017671397529334058,0.015067750136634942,0.005920173146400908,0.005920173146400908,0.02435066072513511,0.018430487578734205
85651d8bfffffff,MYS,5,13,12,False,26,,6.70379307603949e-05,,,,8.746843447888334e-05,,,,0.00026999887232424824,,,,0.0003367335894130159,,
85651d8ffffffff,MYS,26,26,26,True,26,-0.0006387841238021936,-0.0006387841238021936,0.010870853404027457,0.011509637527829651,-0.0004602024940275549,-0.0004602024940275549,0.012832769937311096,0.013292972431338652,0.0078275610907169,0.0078275610907169,0.03961766389853101,0.03179010280781411,0.015878156772023668,0.015878156772023668,0.05453493273925747,0.03865677596723381
85651d97fffffff,MYS,0,1,0,False,26,,,,,,,,,,,,,,,,
85651dbbfffffff,MYS,26,26,26,True,26,-0.0001552429394592445,-0.0001552429394592445,0.0011632646302714089,0.0013185075697306535,-0.00014710303494871283,-0.00014710303494871283,0.0013830702250498005,0.001530173259998513,0.0006963498794858089,0.0006963498794858089,0.005228080963288095,0.004531731083802287,0.001668727195811253,0.001668727195811253,0.007181213680474039,0.005512486484662785
85652057fffffff,MYS,3,6,13,False,26,,-5.617117850136483e-05,,,,-6.0405256716073226e-05,,,,-0.00034103053825207174,,,,-0.0003904907210300454,,
8565205bfffffff,MYS,7,12,8,False,26,,4.582185067615811e-05,,,,6.474747868058059e-05,,,,2.066874905010103e-05,,,,4.3216731093708435e-05,,
8565206ffffffff,MYS,16,18,23,False,26,,4.629926479179114e-05,,,,6.179598510459e-05,,,,-0.0003115098243477724,,,,-0.0003789127746219171,,
8565208bfffffff,IDN,0,0,1,False,26,,,,,,,,,,,,,,,,
856520cbfffffff,SGP,26,26,26,True,26,0.004087304763566169,0.004087304763566169,0.026213306663219103,0.022126001899652935,0.0012068481571755442,0.0012068481571755442,0.013767196380402276,0.012560348223226731,0.006662186896170535,0.006662186896170535,0.03538885534129845,0.028726668445127914,0.0036158656755346805,0.0036158656755346805,0.02925734146714207,0.025641475791607395
856520dbfffffff,SGP,26,26,26,True,26,0.03407055630551809,0.03407055630551809,0.2638550836475103,0.22978452734199226,0.009769580646587377,0.009769580646587377,0.0993492248233627,0.08957964417677533,0.28780344127626417,0.28780344127626417,0.6734753474338959,0.3856719061576318,0.06235734440735525,0.06235734440735525,0.21457420197668597,0.15221685756933073
856522a3fffffff,MYS,1,3,1,False,26,,0.00011387306870197878,,,,0.00018934745935097702,,,,1.1779688473043343e-05,,,,9.954513121820904e-05,,
8565230ffffffff,MYS,26,26,26,True,26,0.00013879358149147,0.00013879358149147,0.0012803656820582132,0.001141572100566743,0.00015709517334779667,0.00015709517334779667,0.0014767997879794462,0.0013197046146316493,0.0008275437306073693,0.0008275437306073693,0.003487002106415578,0.002659458375808208,0.0014405947505132949,0.0014405947505132949,0.004658517519418439,0.0032179227689051433
85652313fffffff,MYS,22,22,26,False,26,,-9.65790775742548e-06,,,,5.811451050894752e-07,,,,-0.00020604116537332624,,,,-0.00013693762209810654,,
8565245bfffffff,IDN,1,6,11,False,26,,4.266509705644605e-05,,,,6.503360270277558e-05,,,,-3.340764762865231e-05,,,,-1.0355149689793741e-05,,
85652627fffffff,MYS,26,26,26,True,26,0.0015321340864469552,0.0015321340864469552,0.013319100423563065,0.011786966337116112,0.001370914104534109,0.001370914104534109,0.014062987758638389,0.012692073654104281,0.02571355868685663,0.02571355868685663,0.05676774904977486,0.03105419036291823,0.039476131034943476,0.039476131034943476,0.07581449334056936,0.036338362305625885
8565262bfffffff,MYS,0,2,2,False,26,,,,,,,,,,,,,,,,
85652637fffffff,SGP,26,26,26,True,26,0.0027951521356486303,0.0027951521356486303,0.028925478586542156,0.02613032645089353,0.00407958870260121,0.00407958870260121,0.03370783531314297,0.029628246610541753,0.006302315289323124,0.006302315289323124,0.0531804677821015,0.04687815249277838,0.01517019554088949,0.01517019554088949,0.07018246166394743,0.055012266123057936
856526a3fffffff,IDN,26,26,26,True,26,0.0009902663517954548,0.0009902663517954548,0.004148707795068515,0.003158441443273061,0.0012223222783792813,0.0012223222783792813,0.004696361473603707,0.0034740391952244255,0.01274107216506195,0.01274107216506195,0.020419965472079436,0.007678893307017485,0.018963114695678955,0.018963114695678955,0.028250754288333173,0.009287639592654214
856526affffffff,SGP,26,26,26,True,26,0.005262348545612171,0.005262348545612171,0.03354900765287484,0.028286659107262673,0.004330295185006236,0.004330295185006236,0.023650786506190315,0.01932049132118408,0.025326495794192643,0.025326495794192643,0.058438667367547326,0.03311217157335468,0.03011721551415613,0.03011721551415613,0.062008892117202445,0.03189167660304631
85652a93fffffff,IDN,0,0,1,False,26,,,,,,,,,,,,,,,,
85652c43fffffff,IDN,18,20,24,False,26,,-6.421073201973454e-06,,,,-1.29236845020297e-07,,,,0.00019711237211073547,,,,0.0002661697067303671,,
85652c8ffffffff,IDN,1,1,2,False,26,,-0.0008583683266963108,,,,-0.0009816547140696335,,,,0.0,,,,0.0,,
85652cd7fffffff,IDN,26,26,26,True,26,0.00021612952465379864,0.00021612952465379864,0.0046153325292025505,0.00439920300454875,0.00037224809270623515,0.00037224809270623515,0.005479174249375288,0.005106926156669054,0.006326571211485305,0.006326571211485305,0.01462540889433988,0.008298837682854571,0.009624660628925842,0.009624660628925842,0.019618965140025552,0.00999430451109971
85652d5bfffffff,IDN,0,0,1,False,26,,,,,,,,,,,,,,,,
85652e13fffffff,IDN,2,5,8,False,26,,5.802027911562771e-05,,,,8.240112322978355e-05,,,,0.00012185800405495506,,,,0.00015725576679514162,,
856552bbfffffff,IDN,6,7,9,False,26,,9.675158938120161e-05,,,,0.00011953043482821897,,,,0.0008251031397142396,,,,0.0010548058314083844,,
85655353fffffff,IDN,25,25,26,False,26,,-3.6949647864967e-05,,,,-2.2891681902501904e-05,,,,0.0007962078268203191,,,,0.0014074676085124665,,
85655643fffffff,IDN,7,13,14,False,26,,-3.273171213273426e-05,,,,-3.053579976746737e-05,,,,0.0006573271229482166,,,,0.0009161338146197005,,
85655663fffffff,IDN,0,1,0,False,26,,,,,,,,,,,,,,,,
85657467fffffff,IDN,0,1,0,False,26,,,,,,,,,,,,,,,,
85658107fffffff,KHM,1,3,4,False,26,,5.1530396872497515e-05,,,,0.0,,,,0.0,,,,0.0,,
85658213fffffff,KHM,0,0,1,False,26,,,,,,,,,,,,,,,,
85658363fffffff,KHM,0,0,5,False,26,,,,,,,,,,,,,,,,
85658433fffffff,KHM,0,1,12,False,26,,,,,,,,,,,,,,,,
8565846bfffffff,KHM,26,26,26,True,26,-0.04096310109003405,-0.04096310109003405,0.0509044647734489,0.09186756586348295,-0.04623873098587244,-0.04623873098587244,0.05944136512878913,0.10568009611466156,-0.06464395537145194,-0.06464395537145194,0.1791099894824074,0.24375394485385934,-0.053848507361128256,-0.053848507361128256,0.24203492837144577,0.29588343573257403
8565848bfffffff,VNM,0,1,0,False,26,,,,,,,,,,,,,,,,
85658587fffffff,VNM,2,4,4,False,26,,3.4681562563519994e-05,,,,4.6065974580636936e-05,,,,7.463655728430408e-05,,,,8.839638352715713e-05,,
8565858bfffffff,KHM,0,1,1,False,26,,,,,,,,,,,,,,,,
856585affffffff,KHM,1,1,5,False,26,,5.69116652131254e-05,,,,7.852662295494521e-05,,,,2.3559376946086685e-05,,,,4.4594990764207614e-05,,
85658843fffffff,THA,25,26,25,False,26,,2.6153797586119317e-05,,,,3.97274022108275e-05,,,,-0.0002337682151005452,,,,-0.00026436566065035535,,
8565884ffffffff,THA,26,26,26,True,26,-4.335631372268762e-05,-4.335631372268762e-05,0.001490849157577477,0.0015342054713001646,-1.3588635594406016e-05,-1.3588635594406016e-05,0.0017731927029388272,0.0017867813385332334,-0.0001893231079614992,-0.0001893231079614992,0.0023226374563559858,0.0025119605643174844,0.0001664332043169258,0.0001664332043169258,0.0032373941824243887,0.003070960978107463
85658863fffffff,THA,13,16,19,False,26,,6.24906399376131e-05,,,,8.07591405200666e-05,,,,0.00010949260052696476,,,,0.00017616589073497993,,
8565886bfffffff,THA,18,21,23,False,26,,5.154448885075522e-05,,,,6.728112909419609e-05,,,,0.00035787523227125004,,,,0.0005548081035889183,,
85658907fffffff,THA,0,2,10,False,26,,,,,,,,,,,,,,,,
8565890ffffffff,THA,0,0,1,False,26,,,,,,,,,,,,,,,,
85658973fffffff,THA,0,0,1,False,26,,,,,,,,,,,,,,,,
8565897bfffffff,THA,2,5,6,False,26,,2.9046199708523718e-05,,,,3.952337575024736e-05,,,,-0.0005558451781344427,,,,-0.0006736090532279184,,
856589a7fffffff,THA,0,0,1,False,26,,,,,,,,,,,,,,,,
85658a0ffffffff,THA,0,5,4,False,26,,,,,,,,,,,,,,,,
85658a23fffffff,THA,26,26,26,True,26,0.0003091274420886668,0.0003091274420886668,0.001818717860466237,0.0015095904183775695,0.00040322513142501427,0.00040322513142501427,0.0021627073309873125,0.0017594821995622983,0.0028384052937688764,0.0028384052937688764,0.004830850808051421,0.001992445514282545,0.004330096731402933,0.004330096731402933,0.006799889798655591,0.0024697930672526592
85658a2bfffffff,THA,22,24,24,False,26,,7.886233752887143e-05,,,,9.80065856853032e-05,,,,0.00020684687024734479,,,,0.0003149178524668617,,
85658a33fffffff,THA,10,18,13,False,26,,6.291415276484941e-05,,,,7.866150837767477e-05,,,,0.00012921584863063076,,,,0.0002500775573866743,,
85658a37fffffff,THA,25,26,25,False,26,,3.2660209783409654e-05,,,,4.9629378480938005e-05,,,,0.0009738488051794797,,,,0.0015954394064296817,,
85658a3bfffffff,THA,3,9,10,False,26,,4.032211181551042e-05,,,,4.796275746391114e-05,,,,0.0006695248545070532,,,,0.0010500340571362704,,
85658a63fffffff,THA,1,8,7,False,26,,1.9444601762674303e-05,,,,2.9715611219157924e-05,,,,0.0,,,,0.0,,
85658a67fffffff,THA,26,26,26,True,26,0.00014183913996779188,0.00014183913996779188,0.0005730244124369518,0.00043118527246916,0.00017944485669149,0.00017944485669149,0.0006823681788343002,0.0005029233221428102,0.00034217422427273465,0.00034217422427273465,0.000545758104677718,0.00020358388040498328,0.0005263927159224994,0.0005263927159224994,0.0007703707506358568,0.00024397803471335746
85658a73fffffff,THA,0,0,1,False,26,,,,,,,,,,,,,,,,
85658a77fffffff,THA,0,0,3,False,26,,,,,,,,,,,,,,,,
85658a93fffffff,THA,0,1,0,False,26,,,,,,,,,,,,,,,,
85658a97fffffff,THA,7,12,13,False,26,,8.041994206696237e-05,,,,9.99984654596071e-05,,,,6.193385054661272e-05,,,,0.00011024305436186178,,
85658aa3fffffff,THA,23,24,25,False,26,,5.5267565990355737e-05,,,,7.074723548773508e-05,,,,0.0004573832354105673,,,,0.0006949908386206767,,
85658aaffffffff,THA,16,20,21,False,26,,3.394753623638923e-05,,,,4.602178009449323e-05,,,,0.0005831515176815275,,,,0.0008409482069270402,,
85658ab3fffffff,THA,0,2,0,False,26,,,,,,,,,,,,,,,,
85658ab7fffffff,THA,7,10,15,False,26,,1.6403671278343498e-05,,,,2.1511062552565918e-05,,,,0.00018348573373441887,,,,0.0002819101501707324,,
85658b23fffffff,THA,0,1,1,False,26,,,,,,,,,,,,,,,,
85658b2bfffffff,THA,0,0,1,False,26,,,,,,,,,,,,,,,,
85658b33fffffff,THA,0,4,6,False,26,,,,,,,,,,,,,,,,
85658b3bfffffff,THA,21,22,25,False,26,,3.145015863606925e-05,,,,4.3326463641140174e-05,,,,-0.0002215087363917323,,,,-0.0002534361965334229,,
85658b4bfffffff,THA,26,26,26,True,26,0.0011442684739618684,0.0011442684739618684,0.00303261963594036,0.0018883511619784917,0.001412598005230316,0.001412598005230316,0.0036133444169778738,0.002200746411747558,0.005339810144575035,0.005339810144575035,0.007714384649636396,0.002374574505061361,0.007398135170386384,0.007398135170386384,0.010325702164327684,0.002927566993941299
85658b4ffffffff,THA,2,10,7,False,26,,3.997455720353145e-05,,,,5.0622481423258217e-05,,,,-0.00023342760675117271,,,,-0.00027100983703005996,,
85658b67fffffff,THA,6,10,14,False,26,,2.813255328990537e-05,,,,3.689456950306353e-05,,,,3.81667105744141e-05,,,,6.140130236199394e-05,,
85658b6bfffffff,THA,1,2,4,False,26,,1.0500504885578926e-05,,,,9.980902428201105e-06,,,,0.0010488006964036625,,,,0.0015539049631724524,,
85658b7bfffffff,THA,26,26,26,True,26,0.00010560329698139043,0.00010560329698139043,0.0009302250098042861,0.0008246217128228956,0.00014565137631410396,0.00014565137631410396,0.0011064407926712,0.0009607894163570959,0.0007128195189555075,0.0007128195189555075,0.002115206740484677,0.00140238722152917,0.0013114426627983396,0.0013114426627983396,0.003035885626751014,0.0017244429639526743
85658baffffffff,THA,0,2,1,False,26,,,,,,,,,,,,,,,,
85658bb7fffffff,THA,26,26,26,True,26,3.536863110954383e-05,3.536863110954383e-05,0.0011242454923949276,0.0010888768612853836,6.898041696765075e-05,6.898041696765075e-05,0.0013365040256860796,0.0012675236087184294,-0.0004890227614218977,-0.0004890227614218977,0.001969572129103882,0.0024585948905257796,-0.000365012735072702,-0.000365012735072702,0.0026485247773043305,0.0030135375123770316
85658bd3fffffff,THA,26,26,26,True,26,0.000353770757105586,0.000353770757105586,0.0021233689366145264,0.0017695981795089399,0.0004639577362599951,0.0004639577362599951,0.0025239021256784314,0.0020599443894184365,0.002580629662227728,0.002580629662227728,0.006584372402011792,0.004003742739784064,0.004154227441490571,0.004154227441490571,0.009068403978644984,0.004914176537154411
85658bdbfffffff,THA,26,26,26,True,26,0.0003361019175886131,0.0003361019175886131,0.0022705771211415293,0.0019344752035529158,0.0004451053943316298,0.0004451053943316298,0.002514524070459787,0.0020694186761281565,0.0026247856153151315,0.0026247856153151315,0.004774777180106327,0.0021499915647911947,0.003987995818524702,0.003987995818524702,0.006616448078748745,0.0026284522602240405
85658e03fffffff,THA,2,5,4,False,26,,5.063100410977369e-05,,,,6.439124967966673e-05,,,,-3.4373356523891204e-05,,,,-3.8623817918052615e-05,,
85658e0ffffffff,THA,26,26,26,True,26,1.7116920015221216e-05,1.7116920015221216e-05,0.00033750420045767387,0.0003203872804424526,2.8055343508151806e-05,2.8055343508151806e-05,0.00040157990457794613,0.00037352456106979433,-8.955724565697566e-06,-8.955724565697566e-06,0.0008552008332428143,0.0008641565578085119,0.0001553646719795902,0.0001553646719795902,0.0012259586388008688,0.0010705939668212787
85658e3bfffffff,THA,3,3,7,False,26,,4.703454397326134e-05,,,,5.896208734105652e-05,,,,4.493515357383232e-06,,,,2.2867967979256303e-05,,
85658e63fffffff,THA,0,1,1,False,26,,,,,,,,,,,,,,,,
85658e6ffffffff,THA,0,1,4,False,26,,,,,,,,,,,,,,,,
85658e87fffffff,THA,0,0,1,False,26,,,,,,,,,,,,,,,,
85658e8bfffffff,THA,1,5,8,False,26,,0.000263350123226724,,,,0.000319192076846227,,,,0.0007581452613160842,,,,0.0009062613306536752,,
85658ecffffffff,THA,0,2,2,False,26,,,,,,,,,,,,,,,,
8565916ffffffff,THA,0,0,1,False,26,,,,,,,,,,,,,,,,
8565931bfffffff,THA,0,0,1,False,26,,,,,,,,,,,,,,,,
85659323fffffff,THA,26,26,26,True,26,0.0002396006970605895,0.0002396006970605895,0.0015693433417462294,0.0013297426446856398,0.00031598116714127696,0.00031598116714127696,0.0018660898564772609,0.001550108689335984,0.003126083384657304,0.003126083384657304,0.006482887012000635,0.003356803627343331,0.00508242587920807,0.00508242587920807,0.009259137998111757,0.004176712118903686
85659373fffffff,THA,0,1,0,False,26,,,,,,,,,,,,,,,,
856593a3fffffff,THA,0,1,1,False,26,,,,,,,,,,,,,,,,
856593d3fffffff,LAO,1,7,8,False,26,,5.0585807545922416e-05,,,,5.86565026694523e-05,,,,0.0014181178739576833,,,,0.001920897443285503,,
85659807fffffff,THA,0,2,1,False,26,,,,,,,,,,,,,,,,
85659813fffffff,THA,0,0,2,False,26,,,,,,,,,,,,,,,,
8565981bfffffff,THA,0,0,1,False,26,,,,,,,,,,,,,,,,
85659833fffffff,THA,0,0,1,False,26,,,,,,,,,,,,,,,,
85659843fffffff,THA,0,1,0,False,26,,,,,,,,,,,,,,,,
85659847fffffff,THA,11,16,19,False,26,,2.5862511732318142e-05,,,,3.474868579318875e-05,,,,9.817620839823621e-05,,,,0.00019547905964149067,,
85659873fffffff,THA,0,0,1,False,26,,,,,,,,,,,,,,,,
85659877fffffff,THA,0,0,1,False,26,,,,,,,,,,,,,,,,
856598cbfffffff,THA,24,25,25,False,26,,0.00013857858730242172,,,,0.00017042757743050444,,,,0.001320938593997278,,,,0.0019207931129572543,,
8565992bfffffff,THA,3,10,6,False,26,,4.825135016843393e-05,,,,6.145071161786888e-05,,,,0.0005779786704853113,,,,0.0008637331245273944,,
8565992ffffffff,THA,0,1,0,False,26,,,,,,,,,,,,,,,,
8565994bfffffff,THA,26,26,26,True,26,0.00038695239320562857,0.00038695239320562857,0.0032030950068466795,0.002816142613641051,0.0005268649589681223,0.0005268649589681223,0.003807062426466508,0.003280197467498386,0.0032897854100097513,0.0032897854100097513,0.00596362338457904,0.002673837974569289,0.005045386614785268,0.005045386614785268,0.008271833075332786,0.0032264464605475194
8565994ffffffff,THA,0,0,1,False,26,,,,,,,,,,,,,,,,
85659953fffffff,THA,1,1,2,False,26,,-5.13213560050199e-05,,,,-5.765301243866643e-05,,,,0.0,,,,0.0,,
85659957fffffff,THA,0,1,1,False,26,,,,,,,,,,,,,,,,
8565997bfffffff,THA,1,5,7,False,26,,7.082151475630001e-05,,,,8.808479526479322e-05,,,,0.0,,,,0.0,,
856599a3fffffff,THA,0,1,0,False,26,,,,,,,,,,,,,,,,
856599a7fffffff,THA,0,4,6,False,26,,,,,,,,,,,,,,,,
856599b3fffffff,THA,0,5,4,False,26,,,,,,,,,,,,,,,,
856599b7fffffff,THA,8,12,16,False,26,,5.355858101389837e-05,,,,6.733417997409073e-05,,,,0.00016314919707914206,,,,0.0002385749968092394,,
856599bbfffffff,THA,0,2,4,False,26,,,,,,,,,,,,,,,,
856599cbfffffff,THA,0,0,5,False,26,,,,,,,,,,,,,,,,
85659a27fffffff,THA,0,3,0,False,26,,,,,,,,,,,,,,,,
85659a2ffffffff,THA,0,3,0,False,26,,,,,,,,,,,,,,,,
85659a4bfffffff,THA,0,0,1,False,26,,,,,,,,,,,,,,,,
85659a4ffffffff,THA,0,0,1,False,26,,,,,,,,,,,,,,,,
85659a53fffffff,THA,13,16,20,False,26,,2.45680381415556e-05,,,,3.328541274685129e-05,,,,0.00014328068042611077,,,,0.00018580707953425835,,
85659a57fffffff,THA,0,0,1,False,26,,,,,,,,,,,,,,,,
85659a5bfffffff,THA,0,2,1,False,26,,,,,,,,,,,,,,,,
85659a63fffffff,THA,0,0,2,False,26,,,,,,,,,,,,,,,,
85659a77fffffff,THA,0,0,1,False,26,,,,,,,,,,,,,,,,
85659a7bfffffff,THA,26,26,26,True,26,8.189920264417501e-05,8.189920264417501e-05,0.0004496352984412215,0.0003677360957970465,0.00010648616281721618,0.00010648616281721618,0.0005333665604015405,0.00042688039758432417,0.0003978566439568256,0.0003978566439568256,0.0006075076790455075,0.00020965103508868192,0.0005683123193981444,0.0005683123193981444,0.0008180188474590301,0.0002497065280608857
85659a87fffffff,THA,1,4,4,False,26,,-1.3344086160567192e-05,,,,-1.2665154661480483e-05,,,,0.0,,,,0.0,,
85659a93fffffff,THA,0,0,1,False,26,,,,,,,,,,,,,,,,
85659ad3fffffff,THA,0,1,1,False,26,,,,,,,,,,,,,,,,
85659b4ffffffff,THA,0,1,0,False,26,,,,,,,,,,,,,,,,
85659b5bfffffff,THA,0,0,1,False,26,,,,,,,,,,,,,,,,
85659b73fffffff,THA,1,10,6,False,26,,8.87596008594629e-06,,,,1.4640488960889175e-05,,,,0.0007870297497245396,,,,0.0010824385174922064,,
85659b83fffffff,THA,0,1,2,False,26,,,,,,,,,,,,,,,,
85659b97fffffff,THA,0,0,5,False,26,,,,,,,,,,,,,,,,
85659b9bfffffff,THA,0,1,0,False,26,,,,,,,,,,,,,,,,
85659bbbfffffff,THA,0,0,1,False,26,,,,,,,,,,,,,,,,
85659bc3fffffff,THA,0,1,0,False,26,,,,,,,,,,,,,,,,
85659bd3fffffff,THA,0,2,1,False,26,,,,,,,,,,,,,,,,
85659c87fffffff,KHM,18,19,24,False,26,,-0.0001739023124712583,,,,-0.0001917917656506492,,,,0.00032721376034449654,,,,0.0006166821184549581,,
85659d03fffffff,KHM,8,9,21,False,26,,-3.2839827559851825e-05,,,,-3.17236180319272e-05,,,,0.00028227324337589126,,,,0.000393908684401522,,
85659d0ffffffff,THA,3,5,8,False,26,,1.873090710193974e-05,,,,2.381436011471989e-05,,,,-0.00030505152732211325,,,,-0.0003807933462753781,,
85659d23fffffff,THA,0,2,1,False,26,,,,,,,,,,,,,,,,
85659d2ffffffff,THA,5,9,11,False,26,,-2.2588381476889182e-05,,,,-2.1829967940903648e-05,,,,-0.0006205385792963789,,,,-0.0006187752087079006,,
85659d33fffffff,THA,0,1,1,False,26,,,,,,,,,,,,,,,,
85659d37fffffff,THA,0,0,2,False,26,,,,,,,,,,,,,,,,
85659d4ffffffff,THA,0,1,1,False,26,,,,,,,,,,,,,,,,
85659e07fffffff,THA,0,2,0,False,26,,,,,,,,,,,,,,,,
85659e0bfffffff,THA,0,1,0,False,26,,,,,,,,,,,,,,,,
85659e17fffffff,THA,0,2,0,False,26,,,,,,,,,,,,,,,,
85659e4ffffffff,THA,0,1,0,False,26,,,,,,,,,,,,,,,,
85659e57fffffff,THA,19,22,22,False,26,,4.795639492227037e-05,,,,6.08512376735866e-05,,,,0.0008184554728170299,,,,0.0011902745877105589,,
85659e5bfffffff,THA,0,1,0,False,26,,,,,,,,,,,,,,,,
85659e8ffffffff,THA,0,0,2,False,26,,,,,,,,,,,,,,,,
85659e9bfffffff,THA,0,0,2,False,26,,,,,,,,,,,,,,,,
85659eabfffffff,THA,0,2,1,False,26,,,,,,,,,,,,,,,,
8565a023fffffff,VNM,25,25,25,False,26,,3.113849098116004e-05,,,,4.4855552269574897e-05,,,,0.0002819665388355978,,,,0.0005380340548406143,,
8565a057fffffff,VNM,4,8,7,False,26,,7.552717497472043e-05,,,,9.418284591786676e-05,,,,0.0002445587037429709,,,,0.0002949599769801618,,
8565a20ffffffff,VNM,0,0,4,False,26,,,,,,,,,,,,,,,,
8565a217fffffff,VNM,26,26,26,True,26,0.00015770938630042735,0.00015770938630042735,0.0010437817678412595,0.000886072381540832,0.00013742348441860014,0.00013742348441860014,0.0011303134107527675,0.0009928899263341674,0.0007427114723278825,0.0007427114723278825,0.002965207779958279,0.002222496307630397,0.001244587176816288,0.001244587176816288,0.0038612842733571216,0.002616697096540833
8565a21bfffffff,VNM,4,10,10,False,26,,0.00014586683797800513,,,,0.0001762323790185567,,,,0.00026425267757853135,,,,0.0003231838996931994,,
8565a22bfffffff,VNM,26,26,26,True,26,-0.00012553737322994966,-0.00012553737322994966,0.0003758852352387567,0.0005014226084687064,-0.00013923529031490523,-0.00013923529031490523,0.00044702493792384213,0.0005862602282387474,0.00039109654026446447,0.00039109654026446447,0.0008362203037434577,0.0004451237634789933,0.0005978322832771792,0.0005978322832771792,0.0011432687503770658,0.0005454364670998867
8565a257fffffff,VNM,0,1,0,False,26,,,,,,,,,,,,,,,,
8565a277fffffff,VNM,16,20,20,False,26,,0.00015292065971899376,,,,0.0001897475672213473,,,,0.0001109631335771184,,,,0.00016676395241576456,,
8565a297fffffff,VNM,14,18,15,False,26,,0.000130226668673892,,,,0.00015992486118016237,,,,7.276240400864868e-05,,,,0.00010800820876521686,,
8565a2a7fffffff,VNM,0,7,4,False,26,,,,,,,,,,,,,,,,
8565a2cbfffffff,VNM,26,26,26,True,26,8.695289418746492e-05,8.695289418746492e-05,0.00048556202171368183,0.00039860912752621676,0.00011474104201590091,0.00011474104201590091,0.000577372926629776,0.0004626318846138751,0.0006465957817313228,0.0006465957817313228,0.0012751578627575799,0.000628562081026257,0.0010480027919581505,0.0010480027919581505,0.001788696900944361,0.0007406941089862103
8565a2d7fffffff,VNM,19,20,25,False,26,,-2.8615366045595147e-05,,,,-2.88137528281893e-05,,,,0.000196093952425659,,,,0.0004251591799019565,,
8565a3cffffffff,VNM,26,26,26,True,26,-4.245381340094698e-05,-4.245381340094698e-05,0.0003307718276823407,0.00037322564108328756,-4.1681352981092526e-05,-4.1681352981092526e-05,0.0003926793121365836,0.00043436066511767617,0.00019356990597886302,0.00019356990597886302,0.00043404813251396326,0.00024047822653510025,0.0002814125633587712,0.0002814125633587712,0.0005676375594016327,0.00028622499604286165
8565b023fffffff,VNM,7,13,18,False,26,,4.687560821132432e-05,,,,5.8697286204220395e-05,,,,-8.507880852624177e-06,,,,-5.561162416498261e-06,,
8565b04bfffffff,VNM,0,0,5,False,26,,,,,,,,,,,,,,,,
8565b0c3fffffff,VNM,1,5,4,False,26,,-2.140715594181505e-05,,,,-7.962259405121057e-06,,,,-0.00019446045067030387,,,,-0.0002094454121262119,,
8565b107fffffff,VNM,5,9,15,False,26,,2.508020132500829e-05,,,,3.344714868265281e-05,,,,-3.32932067680646e-05,,,,-1.0192662509779364e-05,,
8565b18ffffffff,VNM,1,4,7,False,26,,1.3259451474938058e-05,,,,1.959431743133877e-05,,,,0.0,,,,0.0,,
8565b1bbfffffff,KHM,1,2,1,False,26,,-2.486913786402668e-08,,,,8.184847315422254e-06,,,,-0.00034373356523891203,,,,-0.00038623817918052617,,
8565b1cbfffffff,VNM,0,1,0,False,26,,,,,,,,,,,,,,,,
8565b1d7fffffff,VNM,17,20,23,False,26,,9.948409024186063e-05,,,,0.00012319977660200484,,,,2.3321079336353855e-05,,,,3.8218100110889196e-05,,
8565b2cffffffff,VNM,23,26,23,False,26,,4.188340204385455e-05,,,,5.986761863436579e-05,,,,0.00021950540526223191,,,,0.00040514542902831546,,
8565b433fffffff,VNM,0,1,0,False,26,,,,,,,,,,,,,,,,
8565b473fffffff,VNM,26,26,26,True,26,0.000158481118987774,0.000158481118987774,0.0005133731344127907,0.0003548920154250167,0.00019831952016067207,0.00019831952016067207,0.0006108533276030352,0.000412533807442363,0.0004748276062301699,0.0004748276062301699,0.001040711729330927,0.000565884123100757,0.0007431240753826612,0.0007431240753826612,0.0014306523110734909,0.0006875282356908295
8565b513fffffff,VNM,25,25,26,False,26,,-2.366881379663092e-05,,,,1.0180679455397027e-05,,,,-0.0003601155754047953,,,,-0.0003983402680029958,,
8565b51bfffffff,VNM,5,8,9,False,26,,5.11475080062911e-05,,,,6.545069318963763e-05,,,,-0.00015101567891984846,,,,-0.00013715170121272841,,
8565b527fffffff,VNM,0,1,2,False,26,,,,,,,,,,,,,,,,
8565b533fffffff,VNM,3,8,7,False,26,,0.00017275551997690463,,,,0.0002097691384893973,,,,-0.00018572608351681344,,,,-0.00021125503914001573,,
8565b563fffffff,VNM,13,19,19,False,26,,4.0672422432245156e-05,,,,4.83501247084974e-05,,,,-3.540836438097682e-05,,,,-3.872463594964902e-05,,
8565b567fffffff,VNM,26,26,26,True,26,0.010793121109328287,0.010793121109328287,0.04683522123718986,0.036042100127861576,0.01247527474574576,0.01247527474574576,0.05035110104789635,0.03787582630215059,0.09242272757579414,0.09242272757579414,0.1761269982579331,0.08370427068213894,0.13113044878651983,0.13113044878651983,0.22698610836996969,0.09585565958344985
8565b56bfffffff,VNM,26,26,26,True,26,0.0004249377501413919,0.0004249377501413919,0.0017887278572769434,0.0013637901071355514,0.0004899739359726881,0.0004899739359726881,0.002037159317288573,0.0015471853813158855,0.005245587766955947,0.005245587766955947,0.007151863792307034,0.0019062760253510857,0.007399825487594066,0.007399825487594066,0.00954418307384004,0.0021443575862459714
8565b56ffffffff,VNM,19,23,22,False,26,,7.178718815393973e-05,,,,9.010013913807329e-05,,,,0.0003227405163336235,,,,0.00033956281065348034,,
8565b573fffffff,VNM,0,1,0,False,26,,,,,,,,,,,,,,,,
8565b577fffffff,VNM,3,9,4,False,26,,-1.1519235499175617e-05,,,,-8.525069641310888e-06,,,,0.0006188055122368477,,,,0.0007929870697969988,,
8565b5cffffffff,VNM,0,0,1,False,26,,,,,,,,,,,,,,,,
8565b60ffffffff,VNM,24,24,26,False,26,,8.620188487411992e-05,,,,0.00010683085027039301,,,,-0.00023844575926147403,,,,-0.0002588275254239487,,
8565b6d3fffffff,VNM,4,6,10,False,26,,-3.7498384944890118e-06,,,,5.123371031254641e-06,,,,-0.0001665820461536946,,,,-0.00016050497719381245,,
8568025bfffffff,MYS,0,1,0,False,26,,,,,,,,,,,,,,,,
8568028ffffffff,MYS,0,0,1,False,26,,,,,,,,,,,,,,,,
85681017fffffff,MYS,0,0,1,False,26,,,,,,,,,,,,,,,,
856810cffffffff,MYS,0,2,2,False,26,,,,,,,,,,,,,,,,
85681153fffffff,MYS,0,1,0,False,26,,,,,,,,,,,,,,,,
856811bbfffffff,MYS,3,7,6,False,26,,0.00012665785102198223,,,,0.00015552541068864718,,,,0.00038642596581510945,,,,0.0004871895845170293,,
8568156ffffffff,MYS,26,26,26,True,26,-7.947771109199873e-05,-7.947771109199873e-05,0.003718135732159701,0.0037976134432517006,-7.512194237186637e-05,-7.512194237186637e-05,0.004202166046449894,0.00427728798882176,0.0020730514199928437,0.0020730514199928437,0.01722246772368117,0.015149416303688323,0.004251256719172707,0.004251256719172707,0.022567474018411644,0.018316217299238942
8568162ffffffff,BRN,26,26,26,True,26,4.256163969462723e-06,4.256163969462723e-06,0.0036163415526389254,0.0036120853886694618,6.422776016521901e-05,6.422776016521901e-05,0.004204828458998297,0.004140600698833078,0.00028857228423878953,0.00028857228423878953,0.015511435292405193,0.015222863008166403,0.0017143603355243985,0.0017143603355243985,0.020122489109016213,0.01840812877349182
8568164ffffffff,BRN,0,1,0,False,26,,,,,,,,,,,,,,,,
85681a8ffffffff,MYS,21,21,26,False,26,,-9.51448431429452e-06,,,,-1.36736569442796e-06,,,,-1.2934114770337821e-05,,,,0.0001054116080335164,,
85682843fffffff,PHL,1,2,7,False,26,,0.0001423413358774735,,,,0.0001758544390988074,,,,9.230608999386911e-05,,,,0.00012184262660031283,,
85684063fffffff,PHL,0,1,1,False,26,,,,,,,,,,,,,,,,
8568406bfffffff,PHL,17,17,26,False,26,,-0.0001189056244346671,,,,-0.0001307371028876541,,,,0.0004713010223345502,,,,0.0007676171274212687,,
85684077fffffff,PHL,0,0,2,False,26,,,,,,,,,,,,,,,,
8568409bfffffff,PHL,21,25,22,False,26,,0.00020275357308840634,,,,0.0002672427986207021,,,,0.007246333722825115,,,,0.010704921215332983,,
856840d7fffffff,PHL,0,0,1,False,26,,,,,,,,,,,,,,,,
85684103fffffff,PHL,0,0,1,False,26,,,,,,,,,,,,,,,,
8568411bfffffff,PHL,25,26,25,False,26,,0.0021385507699617713,,,,0.0025819414606181217,,,,0.0018286743483313076,,,,0.002603239768593743,,
8568414ffffffff,PHL,2,2,9,False,26,,4.6140561056085667e-05,,,,6.186997312397361e-05,,,,0.0005897163343845588,,,,0.000701561340747659,,
856841cffffffff,PHL,1,1,12,False,26,,0.00014945218538688114,,,,0.00018669337288260333,,,,0.0001610528030416515,,,,0.00019909026243641808,,
856841d7fffffff,PHL,24,26,24,False,26,,-1.961921785900036e-05,,,,-1.1593295233432193e-05,,,,0.0005052198834826472,,,,0.0007584806599845863,,
85684203fffffff,PHL,26,26,26,True,26,-0.0037589174732046327,-0.0037589174732046327,0.004804399871878506,0.00856331734508314,-0.004223480900703251,-0.004223480900703251,0.005713904524857947,0.009937385425561194,-0.005566027712604453,-0.005566027712604453,0.02598017258955052,0.03154620030215497,-0.002508706500137038,-0.002508706500137038,0.03587359675319486,0.038382303253331904
85684217fffffff,PHL,0,0,8,False,26,,,,,,,,,,,,,,,,
85684237fffffff,PHL,14,19,18,False,26,,9.908745302907504e-05,,,,0.00014997225565599454,,,,0.0014641053761119418,,,,0.0018697356418820748,,
85684247fffffff,PHL,0,0,1,False,26,,,,,,,,,,,,,,,,
85684273fffffff,PHL,10,10,26,False,26,,-0.00029916076882761786,,,,-0.00033707592325138067,,,,-0.00033857283358602376,,,,-0.0002283276360868008,,
8568427bfffffff,PHL,0,0,1,False,26,,,,,,,,,,,,,,,,
856842a7fffffff,PHL,4,4,14,False,26,,-2.917886262467512e-05,,,,-2.2015272006706755e-05,,,,-0.00025341041927064547,,,,-0.0002515220499653407,,
856842affffffff,PHL,26,26,26,True,26,-0.03602159865349402,-0.03602159865349402,0.03399958289188221,0.07002118154537623,-0.03442211493756457,-0.03442211493756457,0.032520741984827635,0.0669428569223922,-0.08942538839447209,-0.08942538839447209,0.20684796628944008,0.29627335468391214,-0.0787256314691063,-0.0787256314691063,0.2625668770323222,0.34129250850142856
856842bbfffffff,PHL,26,26,26,True,26,-0.002038437251628651,-0.002038437251628651,0.0015984025894695652,0.0036368398410982165,-0.0023301516033235443,-0.0023301516033235443,0.0018985825565265616,0.004228734159850106,-0.009740155382774366,-0.009740155382774366,0.012108019194384341,0.021848174577158704,-0.009881981892830464,-0.009881981892830464,0.017128362181734014,0.027010344074564478
856842c3fffffff,PHL,1,1,7,False,26,,0.00018505617120964757,,,,0.0002245183471707385,,,,0.0004478193437058245,,,,0.0005303783011629429,,
856842cbfffffff,PHL,9,10,16,False,26,,-2.7704860712278872e-05,,,,-2.055904485877998e-05,,,,-6.38483113121993e-05,,,,1.670036153828204e-07,,
856842cffffffff,PHL,0,0,1,False,26,,,,,,,,,,,,,,,,
856842d3fffffff,PHL,20,20,26,False,26,,-0.002131735825668204,,,,-0.0024567780645683773,,,,-0.001595804173234576,,,,-0.0007141350332329815,,
85684327fffffff,PHL,3,4,11,False,26,,4.39411001682422e-05,,,,6.125498930158216e-05,,,,0.0005296255177645526,,,,0.0006558077282930382,,
8568432bfffffff,PHL,7,7,26,False,26,,-0.00020794674451661202,,,,-0.0001757110476272973,,,,-0.00037354809995142634,,,,-0.0003654720397680109,,
85684333fffffff,PHL,0,0,3,False,26,,,,,,,,,,,,,,,,
85684337fffffff,PHL,14,17,21,False,26,,9.21826628461489e-06,,,,1.651403166013775e-05,,,,0.0004553851330981753,,,,0.0006831322589426439,,
85684343fffffff,PHL,19,19,26,False,26,,-0.00027870278529225085,,,,-0.00031319688083969016,,,,0.0005082888331572889,,,,0.0009443793589097237,,
8568434bfffffff,PHL,25,25,26,False,26,,-0.00039294346767126406,,,,-0.00042848864373330064,,,,0.0002670087332169764,,,,0.000605781149865791,,
8568435bfffffff,PHL,1,1,4,False,26,,-1.4271437294543376e-05,,,,-5.308172936747371e-06,,,,-0.0002062401391433472,,,,-0.0002317429075083157,,
85684387fffffff,PHL,3,3,18,False,26,,-5.118570219505978e-05,,,,-4.971251133497819e-05,,,,0.0005117600484665356,,,,0.0006728468120046532,,
8568439bfffffff,PHL,0,0,6,False,26,,,,,,,,,,,,,,,,
856843abfffffff,PHL,0,0,1,False,26,,,,,,,,,,,,,,,,
856843affffffff,PHL,1,1,1,False,26,,6.149489898061176e-05,,,,7.400674861544815e-05,,,,1.2355529255706914e-05,,,,2.5472338921152932e-05,,
856843b3fffffff,PHL,26,26,26,True,26,-0.0014085549596799221,-0.0014085549596799221,0.0013734848549828758,0.0027820398146627978,-0.0015997813781942775,-0.0015997813781942775,0.0016333605234620156,0.003233141901656293,-0.004549987908290327,-0.004549987908290327,0.008762157546068735,0.01331214545435906,-0.004227602338656605,-0.004227602338656605,0.012218005808416017,0.01644560814707263
856843cbfffffff,PHL,26,26,26,True,26,-0.004639174159607555,-0.004639174159607555,0.0026946820389515407,0.007333856198559096,-0.004179909889295728,-0.004179909889295728,0.0010388905057521988,0.005218800395047927,-0.004011887051369675,-0.004011887051369675,0.008632767383463205,0.012644654434832878,-0.007686428073099528,-0.007686428073099528,0.004879461109554046,0.012565889182653573
856843cffffffff,PHL,0,0,3,False,26,,,,,,,,,,,,,,,,
856843d3fffffff,PHL,0,0,4,False,26,,,,,,,,,,,,,,,,
85684403fffffff,PHL,0,4,3,False,26,,,,,,,,,,,,,,,,
85684413fffffff,PHL,26,26,26,True,26,-0.09713820495653168,-0.09713820495653168,0.0813943663575811,0.17853257131411285,-0.1087907268309784,-0.1087907268309784,0.09636091967075879,0.20515164650173717,-0.3111299783309731,-0.3111299783309731,0.49894417045591777,0.8100741487868908,-0.3068024552942975,-0.3068024552942975,0.6821367025830499,0.9889391578773472
85684417fffffff,PHL,26,26,26,True,26,-0.000608533962762256,-0.000608533962762256,0.0008574346119838284,0.0014659685747460845,-0.000683633268505926,-0.000683633268505926,0.001018953891375859,0.0017025871598817847,0.00019145864613755357,0.00019145864613755357,0.006154212059597212,0.0059627534134596575,0.001338951592862507,0.001338951592862507,0.008668980617914422,0.0073300290250519155
8568441bfffffff,PHL,1,1,16,False,26,,7.826908287921242e-05,,,,0.00010285857699091075,,,,1.1779688473043343e-05,,,,2.2297495382103807e-05,,
85684423fffffff,PHL,0,0,8,False,26,,,,,,,,,,,,,,,,
85684447fffffff,PHL,2,2,7,False,26,,4.553826065674076e-05,,,,5.871929926328722e-05,,,,0.0001956434539555018,,,,0.0002682492255542538,,
8568444ffffffff,PHL,0,0,1,False,26,,,,,,,,,,,,,,,,
8568446bfffffff,PHL,0,0,1,False,26,,,,,,,,,,,,,,,,
85684477fffffff,PHL,0,2,3,False,26,,,,,,,,,,,,,,,,
8568447bfffffff,PHL,0,0,3,False,26,,,,,,,,,,,,,,,,
85684487fffffff,PHL,0,0,2,False,26,,,,,,,,,,,,,,,,
856844bbfffffff,PHL,25,25,26,False,26,,-0.0006156949858618974,,,,-0.0007093267977707042,,,,0.0002192911069376945,,,,0.0004885633334988887,,
856844c3fffffff,PHL,9,9,26,False,26,,-7.648185019389234e-05,,,,-7.503349048244541e-05,,,,-0.0002200708983751859,,,,-0.00018069987023844268,,
856844c7fffffff,PHL,0,0,1,False,26,,,,,,,,,,,,,,,,
856844cffffffff,PHL,5,6,15,False,26,,-0.00023078426925215393,,,,3.193420301235841e-05,,,,0.0014801941779010092,,,,0.0009963892038611722,,
856844d7fffffff,PHL,24,24,26,False,26,,-0.000412987091246873,,,,-0.0003151146276662793,,,,0.0034704425806346196,,,,0.0014620295422184202,,
856844dbfffffff,PHL,1,1,3,False,26,,0.00011387306870197878,,,,0.0001406835512790459,,,,1.1779688473043343e-05,,,,2.2297495382103807e-05,,
8568450bfffffff,PHL,0,0,3,False,26,,,,,,,,,,,,,,,,
8568451bfffffff,PHL,0,0,1,False,26,,,,,,,,,,,,,,,,
85684543fffffff,PHL,2,3,10,False,26,,-4.7980431480959765e-05,,,,-4.344373106628388e-05,,,,-1.2683531862751581e-05,,,,-2.49179993316646e-06,,
85684573fffffff,PHL,0,2,6,False,26,,,,,,,,,,,,,,,,
8568458bfffffff,PHL,3,3,13,False,26,,8.642820971166311e-05,,,,0.0001107097073081176,,,,0.000225747820210431,,,,0.00030599461477079365,,
8568458ffffffff,PHL,0,0,1,False,26,,,,,,,,,,,,,,,,
85684597fffffff,PHL,1,2,1,False,26,,6.404738386039706e-05,,,,8.118070942331888e-05,,,,0.00031032591761025966,,,,0.00037588302949073237,,
856845c7fffffff,PHL,0,1,0,False,26,,,,,,,,,,,,,,,,
856845cffffffff,PHL,3,3,10,False,26,,-4.5990573902340635e-06,,,,2.496900761337822e-06,,,,-0.000244317243707493,,,,-0.00025588295200550717,,
8568464bfffffff,PHL,22,22,26,False,26,,-0.0007391954133446837,,,,-0.0008364692384924693,,,,-0.001647391114250432,,,,-0.0017151893782086035,,
8568464ffffffff,PHL,1,1,3,False,26,,-4.2739704470038075e-05,,,,-4.047906075650885e-05,,,,1.1779688473043343e-05,,,,2.2297495382103807e-05,,
85684663fffffff,PHL,0,1,2,False,26,,,,,,,,,,,,,,,,
8568466bfffffff,PHL,1,1,6,False,26,,1.487115723884201e-05,,,,2.054440708785263e-05,,,,-0.0003008324032598199,,,,-0.0003356549467147772,,
8568468bfffffff,PHL,26,26,26,True,26,-0.0029526401544844407,-0.0029526401544844407,0.0025892836897873687,0.005541923844271809,-0.003358002599797336,-0.003358002599797336,0.003078735103147302,0.006436737702944637,-0.006528961355831577,-0.006528961355831577,0.01125050261337583,0.017779463969207408,-0.006845961945052348,-0.006845961945052348,0.01500067863498994,0.021846640580042286
856846b3fffffff,PHL,6,7,10,False,26,,-3.790788973251848e-05,,,,9.059279757085291e-07,,,,0.00011920282898695044,,,,7.101551311726661e-05,,
856846b7fffffff,PHL,26,26,26,True,26,-0.000661745132898292,-0.000661745132898292,0.0007750343398627963,0.0014367794727610885,-0.0007465824277055597,-0.0007465824277055597,0.0009211837684815148,0.0016677661961870746,-0.0020386137244387367,-0.0020386137244387367,0.005134885316943394,0.00717349904138213,-0.001828287062454085,-0.001828287062454085,0.007035406117849679,0.008863693180303766
856846dbfffffff,PHL,26,26,26,True,26,-0.0011484467378696179,-0.0011484467378696179,0.0013265388497499067,0.002474985587619524,-0.0013002111885157268,-0.0013002111885157268,0.0015761858794020307,0.002876397067917757,-0.0015121646646614644,-0.0015121646646614644,0.010791501710691015,0.01230366637535248,-0.00040867345695723645,-0.00040867345695723645,0.01484047690927474,0.01524915036623198
85684e4ffffffff,PHL,26,26,26,True,26,-0.0007613457573378471,-0.0007613457573378471,0.0009652774119990584,0.0017266231693369057,-0.000859776862651347,-0.000859776862651347,0.0011473155302800927,0.00200709239293144,-0.0008771790024007784,-0.0008771790024007784,0.0058507148685122,0.0067278938709129784,-6.12619830837348e-05,-6.12619830837348e-05,0.008185575910592418,0.008246837893676152
85684e53fffffff,PHL,0,0,2,False,26,,,,,,,,,,,,,,,,
85684e9bfffffff,PHL,26,26,26,True,26,-0.004433042973524767,-0.004433042973524767,0.0017537152105268454,0.006186758184051612,-0.005112244492303627,-0.005112244492303627,0.0020839869335793773,0.007196231425883006,-0.0030455612819138608,-0.0030455612819138608,0.011943782349917257,0.014989343631831114,-0.0015995546358642779,-0.0015995546358642779,0.01660725865018921,0.018206813286053485
85685123fffffff,PHL,0,0,1,False,26,,,,,,,,,,,,,,,,
85685127fffffff,PHL,3,3,13,False,26,,2.6888928131037795e-05,,,,4.26088785683308e-05,,,,0.00018117610582448678,,,,0.00023820452662530676,,
85685133fffffff,PHL,26,26,26,True,26,-0.0011965843097054153,-0.0011965843097054153,0.0011488708143438337,0.002345455124049249,-0.0013604595493385582,-0.0013604595493385582,0.0013652896299329645,0.0027257491792715225,-0.004058676790519861,-0.004058676790519861,0.005904646371127734,0.009963323161647596,-0.00420830027058022,-0.00420830027058022,0.008084195231250776,0.012292495501830997
85685137fffffff,PHL,0,0,1,False,26,,,,,,,,,,,,,,,,
856851affffffff,PHL,0,1,2,False,26,,,,,,,,,,,,,,,,
856851b3fffffff,PHL,1,1,2,False,26,,-2.138228680395105e-05,,,,-1.614710672054331e-05,,,,0.00014927311456860816,,,,0.00017679276705431427,,
8568540ffffffff,PHL,2,2,17,False,26,,-5.37287396863956e-06,,,,1.0553705992062397e-06,,,,1.5900594569870328e-05,,,,3.660577219294363e-05,,
85685423fffffff,PHL,1,1,21,False,26,,6.404738386039706e-05,,,,8.118070942331888e-05,,,,0.00031032591761025966,,,,0.00037588302949073237,,
8568550ffffffff,PHL,0,0,3,False,26,,,,,,,,,,,,,,,,
85685527fffffff,PHL,2,2,21,False,26,,1.5972109128515464e-05,,,,2.947974829288292e-05,,,,3.581728512349675e-05,,,,7.798217717505925e-05,,
8568552bfffffff,PHL,0,0,1,False,26,,,,,,,,,,,,,,,,
8568552ffffffff,PHL,1,1,2,False,26,,4.2689966194310036e-05,,,,5.684875538735333e-05,,,,-6.874671304778241e-05,,,,-7.724763583610523e-05,,
85685533fffffff,PHL,11,11,26,False,26,,-0.00020936939529011086,,,,-0.00023898171331726773,,,,-5.9973529803034556e-05,,,,0.0002270816262263074,,
85685547fffffff,PHL,0,0,5,False,26,,,,,,,,,,,,,,,,
85685557fffffff,PHL,0,0,1,False,26,,,,,,,,,,,,,,,,
85685567fffffff,PHL,0,0,2,False,26,,,,,,,,,,,,,,,,
85685577fffffff,PHL,19,19,26,False,26,,-0.0006708716154362865,,,,-0.0007578674362961388,,,,-0.0012782723373301681,,,,-0.0015903177147568585,,
85685587fffffff,PHL,0,0,6,False,26,,,,,,,,,,,,,,,,
8568558bfffffff,PHL,1,2,9,False,26,,9.962650054529945e-05,,,,0.00012719053102687631,,,,0.00010408577846691248,,,,0.0001441401219824167,,
856855abfffffff,PHL,3,3,15,False,26,,-0.00012187651622402728,,,,-0.00013166841929906377,,,,-1.4780353628260788e-05,,,,3.0321321502949645e-06,,
856855affffffff,PHL,0,0,4,False,26,,,,,,,,,,,,,,,,
856855b3fffffff,PHL,1,2,2,False,26,,-8.440713632042857e-06,,,,-6.186763675945138e-06,,,,0.00011263299700898022,,,,0.000137357321159412,,
856855b7fffffff,PHL,0,2,21,False,26,,,,,,,,,,,,,,,,
856855dbfffffff,PHL,0,0,2,False,26,,,,,,,,,,,,,,,,
8568563bfffffff,PHL,0,0,1,False,26,,,,,,,,,,,,,,,,
856856affffffff,PHL,26,26,26,True,26,-0.008636961235569156,-0.008636961235569156,0.008238967702405817,0.016875928937974974,-0.009800709724620361,-0.009800709724620361,0.00979600061369615,0.01959671033831651,-0.0332064728332422,-0.0332064728332422,0.060706550144212335,0.09391302297745453,-0.03189090216786261,-0.03189090216786261,0.0836310057143451,0.11552190788220772
85685897fffffff,PHL,26,26,26,True,26,-0.07186466096958911,-0.07186466096958911,0.0566426075554692,0.1285072685250583,-0.08167215586525173,-0.08167215586525173,0.06699711385321616,0.14866926971846792,-0.27978259045439874,-0.27978259045439874,0.3666124195072925,0.6463950099616912,-0.29027063417129517,-0.29027063417129517,0.5024102023910678,0.792680836562363
8568589bfffffff,PHL,0,0,2,False,26,,,,,,,,,,,,,,,,
856858a3fffffff,PHL,0,0,4,False,26,,,,,,,,,,,,,,,,
856858a7fffffff,PHL,7,9,10,False,26,,-6.233786493937458e-05,,,,-6.0989350396831947e-05,,,,5.699714532394178e-05,,,,0.00016433899505108231,,
856858c3fffffff,PHL,0,0,4,False,26,,,,,,,,,,,,,,,,
856858d3fffffff,PHL,0,1,2,False,26,,,,,,,,,,,,,,,,
856858d7fffffff,PHL,20,20,26,False,26,,-0.0001940054265921165,,,,-0.000215211994929683,,,,-0.00046340001422936404,,,,-0.0003470623419725035,,
85685c0bfffffff,PHL,0,0,7,False,26,,,,,,,,,,,,,,,,
85685c13fffffff,PHL,1,1,15,False,26,,6.404738386039706e-05,,,,8.118070942331888e-05,,,,0.00031032591761025966,,,,0.00037588302949073237,,
85685c27fffffff,PHL,9,9,25,False,26,,-0.000439112401874982,,,,-0.0004895105276038015,,,,-0.000587598589103895,,,,-0.0006117846400175031,,
85685c47fffffff,PHL,0,0,2,False,26,,,,,,,,,,,,,,,,
85685c4ffffffff,PHL,9,11,21,False,26,,-4.474990843313601e-05,,,,-4.9466753633786647e-05,,,,0.000896942603411221,,,,0.0014078482430235583,,
85685c57fffffff,PHL,17,17,26,False,26,,-0.00021934805359902972,,,,-0.0002493608389670136,,,,-3.216873894469134e-05,,,,0.00024608184696433866,,
85685c6bfffffff,PHL,0,0,6,False,26,,,,,,,,,,,,,,,,
85685c73fffffff,PHL,3,3,13,False,26,,-6.298574389499055e-05,,,,-6.135074447913939e-05,,,,8.954129577173192e-05,,,,0.0001529526414255052,,
85685c7bfffffff,PHL,6,6,23,False,26,,-0.00020036837268818685,,,,-4.755987071515937e-05,,,,0.0003783331825324204,,,,-3.5164240666481777e-05,,
85685c83fffffff,PHL,2,2,14,False,26,,3.977065714028611e-05,,,,5.87217347630432e-05,,,,0.0007092291195254587,,,,0.0009149617182959719,,
85685c87fffffff,PHL,6,6,26,False,26,,-7.858739849729182e-05,,,,-7.606742897933765e-05,,,,0.0006129637999491623,,,,0.0008256508384380544,,
85685c8bfffffff,PHL,6,6,20,False,26,,-5.584439081510887e-05,,,,-5.528657377200951e-05,,,,-0.00022153865484404647,,,,-0.00022687336746775321,,
85685c8ffffffff,PHL,10,10,13,False,26,,-7.191168598800148e-05,,,,-7.154598415542559e-05,,,,0.00018010133653130136,,,,0.0003623499838941172,,
85685c9bfffffff,PHL,0,0,6,False,26,,,,,,,,,,,,,,,,
85685cb7fffffff,PHL,6,6,17,False,26,,-0.000194262720132571,,,,-0.00021334245337095237,,,,0.0003017032029083247,,,,0.0004443386476158104,,
85685cbbfffffff,PHL,26,26,26,True,26,-0.00076026410133176,-0.00076026410133176,0.0009461349711159112,0.001706399072447671,-0.0008566541133755383,-0.0008566541133755383,0.0011250059052660749,0.001981660018641613,-0.0011158064265876148,-0.0011158064265876148,0.006089255038779778,0.007205061465367394,-0.00041609137927086336,-0.00041609137927086336,0.008428665546135507,0.00884475692540637
85685ccbfffffff,PHL,0,0,10,False,26,,,,,,,,,,,,,,,,
85685cd7fffffff,PHL,0,0,3,False,26,,,,,,,,,,,,,,,,
85685d03fffffff,PHL,1,1,3,False,26,,0.00039858060959478984,,,,0.00048420758216123855,,,,0.0005970924582744326,,,,0.0007071710682172571,,
85685d13fffffff,PHL,8,12,15,False,26,,-2.574512028694253e-05,,,,-2.1355261876604675e-05,,,,0.0012463435398076682,,,,0.0017352560392772233,,
85685d1bfffffff,PHL,15,16,25,False,26,,-0.000818642253577074,,,,-0.0009293472057049274,,,,-0.0018993243701589336,,,,-0.0019179879202913912,,
85685d23fffffff,PHL,0,0,3,False,26,,,,,,,,,,,,,,,,
85685d2bfffffff,PHL,0,1,0,False,26,,,,,,,,,,,,,,,,
85685d33fffffff,PHL,0,0,1,False,26,,,,,,,,,,,,,,,,
85685d43fffffff,PHL,1,1,15,False,26,,-9.25902584494838e-05,,,,-9.179705529681364e-05,,,,-0.00012571373762252147,,,,-0.00013219777629010665,,
85685d4ffffffff,PHL,4,4,14,False,26,,0.00040374986170712385,,,,0.000492291817416147,,,,0.00017175613560760713,,,,0.0002275288285320599,,
85685d53fffffff,PHL,26,26,26,True,26,-0.0005312454439053082,-0.0005312454439053082,0.0005816417024722095,0.0011128871463775176,-0.0005861495591068934,-0.0005861495591068934,0.0006349477588359084,0.0012210973179428016,-0.0012001516335294502,-0.0012001516335294502,0.003215212587607016,0.004415364221136466,-0.0012315722885755777,-0.0012315722885755777,0.0040400028735021664,0.005271575162077744
85685d83fffffff,PHL,8,8,26,False,26,,-0.0001703792374924702,,,,-0.0001834000499635178,,,,0.0005188959052053341,,,,0.0007159857154137518,,
85685d8ffffffff,PHL,0,1,1,False,26,,,,,,,,,,,,,,,,
85685d97fffffff,PHL,1,2,8,False,26,,7.826908287921242e-05,,,,0.00010285857699091075,,,,-0.00012571373762252147,,,,-0.00013219777629010665,,
85685db7fffffff,PHL,0,1,0,False,26,,,,,,,,,,,,,,,,
85685dcbfffffff,PHL,0,1,2,False,26,,,,,,,,,,,,,,,,
85685e17fffffff,PHL,19,19,26,False,26,,-0.0002553733950400859,,,,-0.00028807514935837066,,,,-0.0005024714682448097,,,,-0.0003012568296651721,,
85685e23fffffff,PHL,1,1,10,False,26,,7.294242369736335e-05,,,,9.321648568072504e-05,,,,0.0008710704323907915,,,,0.0011098912036654567,,
85685e27fffffff,PHL,4,5,15,False,26,,-6.799472117676308e-05,,,,-7.004897769034325e-05,,,,3.4438043257510175e-05,,,,0.00011677864309878934,,
85685e2ffffffff,PHL,26,26,26,True,26,-0.003517885079999059,-0.003517885079999059,0.0026453698104909056,0.006163254890489963,-0.004019092441520809,-0.004019092441520809,0.0031474761821054086,0.007166568623626218,-0.014485196353077446,-0.014485196353077446,0.017366742006354564,0.03185193835943201,-0.01589363406309651,-0.01589363406309651,0.023456197189329342,0.039349831252425846
85685e33fffffff,PHL,21,21,26,False,26,,-0.0003115934053373669,,,,-0.0003542142381340146,,,,-0.00015945623956778996,,,,0.0001205862070947777,,
85685e3bfffffff,PHL,0,0,1,False,26,,,,,,,,,,,,,,,,
85685e83fffffff,PHL,0,0,2,False,26,,,,,,,,,,,,,,,,
85685e87fffffff,PHL,7,7,25,False,26,,-0.00016263702726898805,,,,-0.00017508216324504472,,,,-0.0007157411284726293,,,,-0.0008167675819662131,,
85685e8ffffffff,PHL,4,4,18,False,26,,2.1061641470603e-05,,,,3.137048872306114e-05,,,,0.00011053477616051617,,,,0.00018924153822963722,,
85685eabfffffff,PHL,25,25,26,False,26,,-0.0010780505759106199,,,,-0.0012441300412729458,,,,-0.003742905374480918,,,,-0.004332714779040011,,
85685eb3fffffff,PHL,0,0,3,False,26,,,,,,,,,,,,,,,,
85685eb7fffffff,PHL,0,0,2,False,26,,,,,,,,,,,,,,,,
85686083fffffff,PHL,0,0,1,False,26,,,,,,,,,,,,,,,,
8568608ffffffff,PHL,15,15,26,False,26,,-0.00031027392572761687,,,,-0.00034621943648973914,,,,0.0002819039920620647,,,,0.000616836514737,,
85686113fffffff,PHL,8,8,24,False,26,,-0.00021164710861130336,,,,-0.0002368755433909368,,,,-0.000111546754839674,,,,-6.768002793803684e-05,,
85686147fffffff,PHL,23,23,26,False,26,,-0.0009553695490397922,,,,-0.0010939678580511511,,,,-0.003231466041661006,,,,-0.003456119140075024,,
8568616bfffffff,PHL,4,4,16,False,26,,5.6744538329082006e-05,,,,7.122534677083488e-05,,,,0.0004034856756689234,,,,0.0005848657350499581,,
856861c3fffffff,PHL,0,0,5,False,26,,,,,,,,,,,,,,,,
8568620ffffffff,PHL,0,0,1,False,26,,,,,,,,,,,,,,,,
8568621bfffffff,PHL,16,17,24,False,26,,-0.0002548503040427238,,,,-0.0002839309860040468,,,,0.0006409358502495129,,,,0.0010487572084927504,,
8568623bfffffff,PHL,23,23,26,False,26,,-0.0020540785903694,,,,-0.0023569751031841,,,,-0.004361791944376267,,,,-0.005135952633688413,,
85686243fffffff,PHL,26,26,26,True,26,-0.00751817959093681,-0.00751817959093681,0.006608755239507301,0.01412693483044411,-0.008532400450760006,-0.008532400450760006,0.00785835063371667,0.016390751084476678,-0.027547673508351297,-0.027547673508351297,0.0334342489347035,0.06098192244305481,-0.029049469520560273,-0.029049469520560273,0.045342096392146626,0.07439156591270689
8568624bfffffff,PHL,0,0,4,False,26,,,,,,,,,,,,,,,,
85686257fffffff,PHL,5,5,15,False,26,,-6.675299090139004e-05,,,,-6.793152524676565e-05,,,,7.2553809958519e-05,,,,0.00013058038061430666,,
8568626ffffffff,PHL,5,7,17,False,26,,4.770260160511636e-06,,,,1.6108989226902587e-05,,,,6.266816350642772e-05,,,,0.00011686952080015235,,
856862d3fffffff,PHL,1,1,11,False,26,,7.115823336980475e-05,,,,9.201964320711484e-05,,,,2.3559376946086685e-05,,,,4.4594990764207614e-05,,
856862dbfffffff,PHL,2,2,11,False,26,,4.356236290378074e-05,,,,5.765011459599176e-05,,,,0.00020892477588255144,,,,0.00025422112557869794,,
85686317fffffff,PHL,1,1,5,False,26,,7.115823336980475e-05,,,,9.201964320711484e-05,,,,0.00017283249151469487,,,,0.00022138775781852194,,
85686323fffffff,PHL,1,1,3,False,26,,4.98008157037177e-05,,,,6.76876891711493e-05,,,,0.0001610528030416515,,,,0.00019909026243641808,,
85686353fffffff,PHL,4,4,21,False,26,,-0.00018948331017092811,,,,-0.0002110474520492251,,,,0.00031108764355661526,,,,0.00041739589002900426,,
85686367fffffff,PHL,0,0,17,False,26,,,,,,,,,,,,,,,,
8568636bfffffff,PHL,16,16,26,False,26,,-0.00046035300644581414,,,,-0.0005220577254095125,,,,-0.0005459314561749146,,,,-0.00044576739313431505,,
85686373fffffff,PHL,1,1,4,False,26,,-2.138228680395105e-05,,,,-1.614710672054331e-05,,,,-5.696702457473905e-05,,,,-5.495014045400144e-05,,
85686377fffffff,PHL,23,23,26,False,26,,-0.0003221361377421371,,,,-0.0003645913794208633,,,,-0.0005349410824409976,,,,-0.00039489569016636994,,
856863abfffffff,PHL,19,21,21,False,26,,-0.0001441628683562615,,,,-0.00016060947911595633,,,,0.0014363097508797538,,,,0.002280531828193402,,
856863bbfffffff,PHL,1,2,11,False,26,,0.00013518074809233785,,,,0.00018138519994585593,,,,3.533906541913008e-05,,,,6.689248614631145e-05,,
8568650bfffffff,PHL,22,22,26,False,26,,-0.0007221864952058799,,,,-0.0008146832805855393,,,,-0.0015839130899533093,,,,-0.0010093534153844611,,
8568651bfffffff,PHL,26,26,26,True,26,-0.0010559327516666789,-0.0010559327516666789,0.0010107029012406325,0.0020666356529073114,-0.0011998109529314514,-0.0011998109529314514,0.001202263150633324,0.002402074103564775,-0.004754786691140876,-0.004754786691140876,0.0077105300691679745,0.012465316760308851,-0.004669008022589099,-0.004669008022589099,0.010707583449873383,0.015376591472462483
8568656bfffffff,PHL,0,0,8,False,26,,,,,,,,,,,,,,,,
8568657bfffffff,PHL,0,1,9,False,26,,,,,,,,,,,,,,,,
8568658bfffffff,PHL,0,0,6,False,26,,,,,,,,,,,,,,,,
856865c3fffffff,PHL,26,26,26,True,26,-0.0012481472092559563,-0.0012481472092559563,0.0011246774485246644,0.0023728246577806203,-0.001416729354449838,-0.001416729354449838,0.001337374065029947,0.0027541034194797855,-0.0018583531226644624,-0.0018583531226644624,0.009218580326597545,0.011076933449262008,-0.0008532803963105258,-0.0008532803963105258,0.012678386121835215,0.01353166651814574
856865d3fffffff,PHL,0,0,1,False,26,,,,,,,,,,,,,,,,
8568660bfffffff,PHL,9,9,26,False,26,,-0.00011476754179063217,,,,-0.00012449000536750169,,,,-0.00019541245475354117,,,,-0.00012581398491495435,,
85686657fffffff,PHL,26,26,26,True,26,-0.0010693367958978,-0.0010693367958978,0.0006931030095057316,0.0017624398054035318,-0.0012247390913714272,-0.0012247390913714272,0.000824040209977109,0.002048779301348536,-0.0026689500689554327,-0.0026689500689554327,0.0047424180694851025,0.007411368138440534,-0.002601163685486432,-0.002601163685486432,0.006510104690107258,0.009111268375593692
8568665bfffffff,PHL,0,0,12,False,26,,,,,,,,,,,,,,,,
85686663fffffff,PHL,26,26,26,True,26,-0.0008626607515610428,-0.0008626607515610428,0.0007608390721061371,0.00162349982366718,-0.0009795204993995894,-0.0009795204993995894,0.000904691339905266,0.0018842118393048554,-0.0039898195031204614,-0.0039898195031204614,0.005026310048797227,0.009016129551917688,-0.004148881486962261,-0.004148881486962261,0.006873193356032812,0.011022074842995075
85686667fffffff,PHL,0,1,2,False,26,,,,,,,,,,,,,,,,
8568666bfffffff,PHL,0,0,9,False,26,,,,,,,,,,,,,,,,
85686677fffffff,PHL,26,26,26,True,26,-0.0016433229884338545,-0.0016433229884338545,0.0016557108161869467,0.003299033804620801,-0.001860617652556585,-0.001860617652556585,0.0019685177817594358,0.0038291354343160202,-0.004185904923392592,-0.004185904923392592,0.006064936202579927,0.010250841125972519,-0.00448529240961172,-0.00448529240961172,0.008063881883274457,0.012549174292886177
856866cbfffffff,PHL,2,4,10,False,26,,-0.000369656796733193,,,,-0.0004287764067669293,,,,0.0011595731482886376,,,,0.0019623642630431488,,
856866cffffffff,PHL,2,6,6,False,26,,-5.57144139415296e-05,,,,-5.5295283511734277e-05,,,,0.00013185797843568987,,,,0.00019943680263714516,,
856866dbfffffff,PHL,3,4,22,False,26,,-0.00015556018327552584,,,,-0.0001329333925348397,,,,-7.298934109659117e-05,,,,6.573664920649941e-06,,
85686e0ffffffff,PHL,0,2,5,False,26,,,,,,,,,,,,,,,,
85686e17fffffff,PHL,2,3,15,False,26,,6.57977939700972e-05,,,,8.898259014860996e-05,,,,0.00021132675413541307,,,,0.00027431985254741437,,
85686e47fffffff,PHL,0,0,1,False,26,,,,,,,,,,,,,,,,
85686e53fffffff,PHL,26,26,26,True,26,-0.0011731065976238692,-0.0011731065976238692,0.0007080153541530337,0.0018811219517769029,-0.0013428518359333763,-0.0013428518359333763,0.000842722675193421,0.002185574511126797,-0.004908550163769848,-0.004908550163769848,0.0046419693543611916,0.00955051951813104,-0.005324383819561871,-0.005324383819561871,0.0064497501608039584,0.01177413398036583
85686e5bfffffff,PHL,5,5,15,False,26,,-0.00010033478311353892,,,,-0.00010581204379150982,,,,0.00011880193540379398,,,,0.0001646837336825654,,
85686e6ffffffff,PHL,0,1,0,False,26,,,,,,,,,,,,,,,,
85686e73fffffff,PHL,0,2,3,False,26,,,,,,,,,,,,,,,,
85686ec3fffffff,PHL,0,1,1,False,26,,,,,,,,,,,,,,,,
85686edbfffffff,PHL,0,0,1,False,26,,,,,,,,,,,,,,,,
85687103fffffff,PHL,10,11,25,False,26,,-0.00027269221675104766,,,,-3.325629622837261e-05,,,,-2.5065111536038938e-05,,,,0.0002841228504810647,,
85687117fffffff,PHL,23,23,26,False,26,,1.2424587411677896e-05,,,,-4.695918161389654e-06,,,,0.0006707794126112144,,,,-3.094009626082749e-05,,
85687127fffffff,PHL,26,26,26,True,26,-0.0007185860647007992,-0.0007185860647007992,0.0007747742436906122,0.0014933603083914111,-0.0008097999515436756,-0.0008097999515436756,0.0009213200590968012,0.001731120010640477,-0.002671780328918844,-0.002671780328918844,0.005110934281557873,0.0077827146104767165,-0.002482807168622274,-0.002482807168622274,0.006997009683981666,0.009479816852603939
85687157fffffff,PHL,3,3,11,False,26,,6.362736841562218e-05,,,,8.324938868054989e-05,,,,0.000399016905553642,,,,0.0005164716751118844,,
85687167fffffff,PHL,12,13,24,False,26,,-0.00035738069911263787,,,,-0.0004062863429335363,,,,0.001238925697313093,,,,0.0025269070416361118,,
85687187fffffff,PHL,2,2,16,False,26,,-5.9593223323900846e-05,,,,-5.813763634029642e-05,,,,8.159480329454218e-05,,,,0.00010748320118603711,,
8568718ffffffff,PHL,0,0,1,False,26,,,,,,,,,,,,,,,,
856871a3fffffff,PHL,1,1,1,False,26,,0.00011387306870197878,,,,0.0001406835512790459,,,,8.052640152082575e-05,,,,9.954513121820904e-05,,
856871a7fffffff,PHL,0,0,1,False,26,,,,,,,,,,,,,,,,
856871affffffff,PHL,3,3,26,False,26,,-9.883077947771256e-05,,,,-0.00011171393846970915,,,,-0.0007372964148473862,,,,-0.0008631332404739858,,
856871b3fffffff,PHL,0,0,1,False,26,,,,,,,,,,,,,,,,
856871b7fffffff,PHL,11,11,26,False,26,,-9.65960896511308e-05,,,,-9.78607948248653e-05,,,,-0.000451183140471179,,,,-0.0004425134009297319,,
856873b7fffffff,PHL,19,19,26,False,26,,-0.0006220203595429107,,,,-0.0006948802390840082,,,,0.001203731058988885,,,,0.0020172698844113375,,
8568750ffffffff,PHL,0,0,12,False,26,,,,,,,,,,,,,,,,
85687513fffffff,PHL,9,9,22,False,26,,-0.0002510736152303006,,,,-0.00028352896761210097,,,,0.0010074458963072563,,,,0.0015900466213082495,,
8568751bfffffff,PHL,26,26,26,True,26,-0.001520612326511701,-0.001520612326511701,0.001153470786713094,0.0026740831132247953,-0.0017374141873665373,-0.0017374141873665373,0.0013723373424343723,0.0031097515298009097,-0.003237371638341446,-0.003237371638341446,0.007552838045547094,0.01079020968388854,-0.0028154024939518927,-0.0028154024939518927,0.010416163768760988,0.01323156626271288
85687523fffffff,PHL,26,26,26,True,26,-0.015564788368244218,-0.015564788368244218,0.010007309185503473,0.025572097553747695,-0.01779829202092684,-0.01779829202092684,0.011898445968277965,0.0296967379892048,-0.05021946109194575,-0.05021946109194575,0.0655434332628361,0.11576289435478186,-0.051710681692464545,-0.051710681692464545,0.09040030224818293,0.14211098394064747
85687533fffffff,PHL,0,0,2,False,26,,,,,,,,,,,,,,,,
85687537fffffff,PHL,17,17,26,False,26,,-5.850478404956517e-05,,,,-5.9056041048955235e-05,,,,9.659347082192705e-05,,,,0.0002971086582932884,,
8568753bfffffff,PHL,0,0,3,False,26,,,,,,,,,,,,,,,,
856875affffffff,PHL,1,1,14,False,26,,7.085980371543648e-06,,,,1.9023781099218194e-05,,,,-0.00019446045067030387,,,,-0.0002094454121262119,,
856883abfffffff,IDN,0,1,0,False,26,,,,,,,,,,,,,,,,
85688a53fffffff,IDN,26,26,26,True,26,-0.0007429714060003689,-0.0007429714060003689,0.0015124995796023733,0.0022554709856027425,-0.0008258952243623742,-0.0008258952243623742,0.0017995132926928914,0.0026254085170552654,-0.0017487841843578514,-0.0017487841843578514,0.0051972707113200345,0.006946054895677887,-0.0017544845618130728,-0.0017544845618130728,0.006802270173864279,0.008556754735677352
85688a83fffffff,IDN,2,3,4,False,26,,8.785718471756303e-06,,,,1.4605957371021977e-05,,,,0.00032870077620741526,,,,0.0004025074754217627,,
85688a97fffffff,IDN,26,26,26,True,26,-0.00025008423182774046,-0.00025008423182774046,0.0012433587125592704,0.0014934429443870109,-0.0002540858016095967,-0.0002540858016095967,0.001478784251859037,0.0017328700534686337,-4.568728192808348e-05,-4.568728192808348e-05,0.004150485689693806,0.00419617297162189,0.0004393319045028652,0.0004393319045028652,0.005581998620923674,0.005142666716420808
8568904ffffffff,IDN,3,4,4,False,26,,0.00025409243135559884,,,,0.0003075114315019619,,,,0.0013838414746265959,,,,0.0017109123109123828,,
8568914bfffffff,IDN,9,10,17,False,26,,0.00010721969576095885,,,,0.0001355253418737745,,,,0.0009718831120442683,,,,0.0014060022469023414,,
85689c53fffffff,IDN,1,2,1,False,26,,2.1332548528223025e-05,,,,3.251680135138779e-05,,,,8.052640152082575e-05,,,,9.954513121820904e-05,,
85689e2ffffffff,IDN,2,3,3,False,26,,0.0005340043084294376,,,,0.0006308287086598195,,,,5.889844236521671e-06,,,,1.1148747691051904e-05,,
8568a0d3fffffff,MYS,0,0,1,False,26,,,,,,,,,,,,,,,,
8568a583fffffff,MYS,22,23,25,False,26,,6.264700992932018e-05,,,,7.533494386404485e-05,,,,-1.3944043408318341e-05,,,,4.5514980166994496e-05,,
8568a5b3fffffff,BRN,2,4,4,False,26,,0.00013965830783224038,,,,0.00017123633141554785,,,,0.00046209844140521786,,,,0.0005532359945854736,,
8568a6b7fffffff,MYS,2,3,4,False,26,,9.62567935621884e-05,,,,0.00012176098057203501,,,,0.0001995470656623697,,,,0.00025202235716531053,,
8568a91bfffffff,IDN,7,15,13,False,26,,8.79338575861274e-05,,,,0.00011053966127684588,,,,0.0011947148324217062,,,,0.0016860672288892026,,
8568a987fffffff,IDN,23,25,24,False,26,,-6.918767407157803e-06,,,,-1.74899737377868e-07,,,,-3.0267836725126646e-06,,,,0.0001147297140699862,,
8568b40ffffffff,MYS,1,1,2,False,26,,6.482242719389767e-05,,,,7.994005182583493e-05,,,,0.0,,,,0.0,,
8568c35bfffffff,IDN,4,4,26,False,26,,-0.00013082463498198933,,,,-0.00014571400641567444,,,,-0.0006138140168671463,,,,-0.0006344691800095603,,
8568c367fffffff,IDN,2,3,18,False,26,,8.289766535564476e-05,,,,0.00010261291659541683,,,,-1.4071095299872616e-05,,,,6.388382002275637e-05,,
8568c803fffffff,IDN,1,2,2,False,26,,4.2689966194310036e-05,,,,5.684875538735333e-05,,,,-0.00012571373762252147,,,,-0.00013219777629010665,,
8568c813fffffff,IDN,26,26,26,True,26,-1.3669474405451296e-06,-1.3669474405451296e-06,0.002863136674795435,0.0028645036222359798,7.910571399729743e-05,7.910571399729743e-05,0.0034068599403579724,0.0033277542263606746,-0.0010421436954343964,-0.0010421436954343964,0.007738906352459787,0.008781050047894185,-0.0007336056777760323,-0.0007336056777760323,0.010088683532783136,0.010822289210559166
8568d05bfffffff,IDN,26,26,26,True,26,0.00014867597465705856,0.00014867597465705856,0.0008163567922418363,0.0006676808175847778,0.00019688680281799824,0.00019688680281799824,0.0009713828024737804,0.000774495999655782,0.003353081828674121,0.003353081828674121,0.0051548055025241795,0.0018017236738500587,0.005030264244742204,0.005030264244742204,0.007192409843490664,0.0021621455987484604
856914d7fffffff,VNM,26,26,26,True,26,-0.00013813930558288047,-0.00013813930558288047,0.0015135254291760922,0.0016516647347589726,-0.00016678373334212037,-0.00016678373334212037,0.0017284387055320307,0.0018952224388741512,-4.8620389471702385e-05,-4.8620389471702385e-05,0.004040432288396265,0.0040890526778679685,8.20964088180759e-05,8.20964088180759e-05,0.004984814304662521,0.004902717895844446
8569300bfffffff,VNM,0,0,1,False,26,,,,,,,,,,,,,,,,
85693073fffffff,VNM,23,23,26,False,26,,-3.424764308568219e-06,,,,3.136379357006624e-06,,,,-0.000123849279383604,,,,-0.0001112436020742419,,
856933dbfffffff,VNM,11,13,22,False,26,,7.654752647179459e-06,,,,1.547270558237484e-05,,,,0.0001354275938877648,,,,0.00025662456677588724,,
8569344bfffffff,VNM,2,6,8,False,26,,6.285431467645454e-05,,,,6.969194417539011e-05,,,,0.000371950888405488,,,,0.00045093937684721226,,
856934affffffff,VNM,11,17,18,False,26,,-4.047277408974199e-05,,,,-3.871178470907952e-05,,,,-0.0001377738102367943,,,,-0.00010956796080012653,,
8569368ffffffff,VNM,20,20,25,False,26,,7.496108318765745e-05,,,,9.05608170003178e-05,,,,0.0004275034367011364,,,,0.0006057661962251897,,
85694023fffffff,PHL,20,20,26,False,26,,-0.0017334312037620707,,,,-0.001992672206229393,,,,-0.0008224626989966571,,,,-0.000762458060003411,,
8569402ffffffff,PHL,0,0,3,False,26,,,,,,,,,,,,,,,,
856940affffffff,PHL,4,4,21,False,26,,-0.00025050573158611145,,,,-0.0002880702539302914,,,,-0.0020201485676835085,,,,-0.0021628230945472415,,
85694103fffffff,PHL,10,10,25,False,26,,-0.00021525138673775273,,,,-0.00023749062674582443,,,,-0.00033156114677893636,,,,-0.00027605451104766347,,
85694107fffffff,PHL,0,0,2,False,26,,,,,,,,,,,,,,,,
8569410bfffffff,PHL,26,26,26,True,26,-0.0295973899958566,-0.0295973899958566,0.024147302439749684,0.05374469243560628,-0.033645865195051555,-0.033645865195051555,0.02871183820302711,0.06235770339807866,-0.13462997674131075,-0.13462997674131075,0.14233512311350693,0.27696509985481765,-0.14426845535022503,-0.14426845535022503,0.19484121615008862,0.3391096715003136
8569410ffffffff,PHL,25,25,26,False,26,,-0.0010059635618280631,,,,-0.001131446915752616,,,,-0.0028295568477122945,,,,-0.002729304208331037,,
85694113fffffff,PHL,26,26,26,True,26,-0.007942473015053688,-0.007942473015053688,0.006732445978103686,0.014674918993157371,-0.009032467777088415,-0.009032467777088415,0.008005287869670521,0.017037755646758936,-0.037991807302208094,-0.037991807302208094,0.04132042557129574,0.07931223287350384,-0.04078075752145422,-0.04078075752145422,0.0567211614504333,0.09750191897188752
85694117fffffff,PHL,25,25,26,False,26,,-0.0005058794407724651,,,,-0.0005742186214254823,,,,-0.0021933893081635533,,,,-0.0021349609493816297,,
8569411bfffffff,PHL,26,26,26,True,26,-0.0009522261603377031,-0.0009522261603377031,0.0007709971898730264,0.0017232233502107292,-0.0010852046622863553,-0.0010852046622863553,0.0009158256313960579,0.002001030293682413,-0.001583216412456726,-0.001583216412456726,0.0037870441774590933,0.00537026058991582,-0.0013908477384842735,-0.0013908477384842735,0.005109616629985326,0.0065004643684695995
85694133fffffff,PHL,9,9,20,False,26,,4.455658257918884e-05,,,,0.00011763697279143918,,,,0.0007232617804637699,,,,0.0011403028661726368,,
8569413bfffffff,PHL,26,26,26,True,26,-0.0002612961320682129,-0.0002612961320682129,0.0004018525404488579,0.0006631486725170708,-0.00029096468177481884,-0.00029096468177481884,0.0004781909883172025,0.0007691556700920212,-0.00027949919407525023,-0.00027949919407525023,0.002301827599135868,0.0025813267932111176,4.1672906062534235e-05,4.1672906062534235e-05,0.003197508731314052,0.003155835825251518
85694147fffffff,PHL,8,8,20,False,26,,1.4078210954782915e-05,,,,2.367517351635136e-05,,,,0.0007110564463758339,,,,0.001014953522011929,,
8569414bfffffff,PHL,5,6,22,False,26,,-0.00035629213686098844,,,,-0.0003919405114242927,,,,-0.000778312440452572,,,,-0.0006642448742227435,,
8569414ffffffff,PHL,5,6,20,False,26,,1.9673077009675085e-05,,,,3.118429625944641e-05,,,,0.0002972199074275653,,,,0.00040442332128351943,,
85694163fffffff,PHL,26,26,26,True,26,-0.0041536656050144855,-0.0041536656050144855,0.00197345948441965,0.006127125089434137,-0.004770941621076199,-0.004770941621076199,0.0023483956641520342,0.007119337285228232,-0.013108034608169913,-0.013108034608169913,0.010841399963824978,0.023949434571994888,-0.014572229624912846,-0.014572229624912846,0.014754619032107797,0.029326848657020645
8569416bfffffff,PHL,12,12,26,False,26,,-0.0004042559005813869,,,,-0.00045486403393860017,,,,-0.0014528085158049496,,,,-0.0016113377640548513,,
8569416ffffffff,PHL,22,22,26,False,26,,-0.0011188877029274602,,,,-0.0012761969358347082,,,,-0.003271770256736597,,,,-0.00354107065335509,,
85694173fffffff,PHL,26,26,26,True,26,-0.0016680824446977656,-0.0016680824446977656,0.0015709362815982942,0.003239018726296061,-0.0018852618578227157,-0.0018852618578227157,0.001868417966264467,0.003753679824087183,-0.005661128309407537,-0.005661128309407537,0.008665839799996985,0.014326968109404526,-0.005654980762274182,-0.005654980762274182,0.011629718664588524,0.017284699426862702
85694177fffffff,PHL,1,1,6,False,26,,0.00013523048636806582,,,,0.00016501550531501148,,,,1.1779688473043343e-05,,,,2.2297495382103807e-05,,
8569417bfffffff,PHL,26,26,26,True,26,-0.0018040305032765063,-0.0018040305032765063,0.001724499454101574,0.003528529957378081,-0.002043185446833335,-0.002043185446833335,0.0020497698066622343,0.004092955253495569,-0.005896346257944463,-0.005896346257944463,0.009246792397794051,0.015143138655738516,-0.005855579566747195,-0.005855579566747195,0.012628900493771224,0.018484480060518418
85694183fffffff,PHL,1,1,5,False,26,,0.00039858060959478984,,,,0.00048420758216123855,,,,0.000608872146747476,,,,0.0007294685635993609,,
85694187fffffff,PHL,1,1,5,False,26,,-3.175258450292774e-05,,,,-3.291793443974288e-05,,,,0.00011263299700898022,,,,0.000137357321159412,,
8569418ffffffff,PHL,2,3,10,False,26,,0.0001727821339577968,,,,0.0002120275943751272,,,,0.0004175668932787603,,,,0.00050606276005573,,
85694193fffffff,PHL,3,3,21,False,26,,1.478822045206917e-05,,,,2.744492985252769e-05,,,,0.0001642538410366925,,,,0.00021710410535078924,,
85694197fffffff,PHL,1,2,5,False,26,,4.2689966194310036e-05,,,,5.684875538735333e-05,,,,9.230608999386911e-05,,,,0.00012184262660031283,,
8569419bfffffff,PHL,3,4,16,False,26,,6.473197871498255e-05,,,,8.579115054140912e-05,,,,0.000108186123222594,,,,0.00016080561701051766,,
856941a3fffffff,PHL,13,13,26,False,26,,-0.0001780433404084969,,,,8.949757620407614e-07,,,,9.263683904872586e-05,,,,0.0006325632355861576,,
856941abfffffff,PHL,26,26,26,True,26,-0.0033968032013646423,-0.0033968032013646423,0.0022108022169667098,0.005607605418331353,-0.0037243825595669714,-0.0037243825595669714,0.0026018932415098703,0.006326275801076842,-0.008949233965569545,-0.008949233965569545,0.01309271634186775,0.022041950307437292,-0.007218707118255451,-0.007218707118255451,0.017950199560280263,0.02516890667853571
856941affffffff,PHL,8,8,15,False,26,,-7.3275883640527715e-06,,,,-2.7969626897147172e-06,,,,-0.000482772195305547,,,,-0.0005471771144097173,,
856941b7fffffff,PHL,25,25,26,False,26,,-0.0006221229377108801,,,,-0.0007060066979481821,,,,-0.003131019865441288,,,,-0.0033662605930074073,,
856941bbfffffff,PHL,12,12,24,False,26,,-6.417406724735929e-05,,,,-0.00017506346518774663,,,,-7.520965590003802e-05,,,,5.979941578429067e-05,,
85694323fffffff,PHL,22,22,26,False,26,,-0.0002783632134316906,,,,-0.00031284234304449886,,,,-0.00029131383660760076,,,,-6.189252229093472e-06,,
85694327fffffff,PHL,26,26,26,True,26,-0.006704444747793795,-0.006704444747793795,0.006720097337168935,0.01342454208496273,-0.007582832526312334,-0.007582832526312334,0.007989116537869583,0.015571949064181915,-0.02564333824340755,-0.02564333824340755,0.038299256752599556,0.0639425949960071,-0.02571136179669695,-0.02571136179669695,0.05222957408604572,0.07794093588274267
8569432bfffffff,PHL,4,4,11,False,26,,6.137017107602138e-06,,,,1.3937838155259731e-05,,,,-7.470166397685515e-06,,,,1.8736001657764642e-05,,
8569432ffffffff,PHL,13,13,26,False,26,,-0.00010405772551436912,,,,-0.00010017825640668077,,,,-0.0005357060303790229,,,,-0.0005868680175385988,,
85694337fffffff,PHL,26,26,26,True,26,-0.0007311725323551319,-0.0007311725323551319,0.0005022378068782836,0.0012334103392334156,-0.0008321207148624625,-0.0008321207148624625,0.0005947039682595175,0.0014268246831219797,-0.0008187812557141654,-0.0008187812557141654,0.00287839296418738,0.003697174219901545,-0.0004184358082520906,-0.0004184358082520906,0.004077108663978191,0.004495544472230281
85694387fffffff,PHL,0,0,1,False,26,,,,,,,,,,,,,,,,
85694397fffffff,PHL,26,26,26,True,26,-0.004791692092648634,-0.004791692092648634,0.003266356025657816,0.00805804811830645,-0.005467016980543653,-0.005467016980543653,0.0038841348569245157,0.009351151837468168,-0.019474119807508898,-0.019474119807508898,0.016565607222223017,0.03603972702973192,-0.021806732783637643,-0.021806732783637643,0.022371568187418492,0.044178300971056135
856943a3fffffff,PHL,1,1,4,False,26,,0.00016369875354356055,,,,0.00020018639313477293,,,,2.3559376946086685e-05,,,,4.4594990764207614e-05,,
856943abfffffff,PHL,2,2,10,False,26,,0.00013205512296553232,,,,0.00015917286882997613,,,,0.00010212467117893184,,,,0.00017818995725568665,,
856943b3fffffff,PHL,26,26,26,True,26,-0.0031807179832213667,-0.0031807179832213667,0.0018610262286871623,0.005041744211908529,-0.0036356655946147456,-0.0036356655946147456,0.0022118383094171354,0.005847503904031881,-0.012730581757061439,-0.012730581757061439,0.011045849771623253,0.02377643152868469,-0.014055221426501936,-0.014055221426501936,0.015178905232630567,0.029234126659132505
856943bbfffffff,PHL,3,4,12,False,26,,-1.2249938020401498e-05,,,,0.0,,,,0.0001941626989338705,,,,0.0,,
85694523fffffff,PHL,26,26,26,True,26,-0.005305709082577382,-0.005305709082577382,0.00402862807665308,0.009334337159230462,-0.0060496450529085866,-0.0060496450529085866,0.004788841941860529,0.010838486994769116,-0.025665839389661254,-0.025665839389661254,0.026314054602619444,0.051979893992280694,-0.027627495768482797,-0.027627495768482797,0.0361235716416276,0.0637510674101104
8569452bfffffff,PHL,14,14,26,False,26,,-0.00029291670143059633,,,,-0.0003201027947588118,,,,-0.0011404053360007836,,,,-0.0010548880588531495,,
8569452ffffffff,PHL,26,26,26,True,26,-0.0016031473567759216,-0.0016031473567759216,0.0015485315944404289,0.0031516789512163507,-0.0018140668797775189,-0.0018140668797775189,0.001842805866792858,0.0036568727465703774,-0.008049825336071771,-0.008049825336071771,0.009072159416497833,0.017121984752569604,-0.00875191362784416,-0.00875191362784416,0.012173572958099272,0.020925486585943433
8569453bfffffff,PHL,14,14,26,False,26,,-0.0006564415653330614,,,,-0.0007417137215031783,,,,-0.0012200468055759092,,,,-0.001088107790235459,,
8569458ffffffff,PHL,25,25,26,False,26,,-0.0005081818100322912,,,,-0.000572483313522752,,,,-0.002599039630470407,,,,-0.0026366908355267777,,
856945a7fffffff,PHL,13,13,26,False,26,,-0.00022559056495400216,,,,-0.00024922533757741887,,,,0.00026115602670822923,,,,0.0005643553605804344,,
856945affffffff,PHL,0,0,3,False,26,,,,,,,,,,,,,,,,
856945b7fffffff,PHL,26,26,26,True,26,-0.0020163055605667956,-0.0020163055605667956,0.0018402923727046166,0.0038565979332714118,-0.002291870173519772,-0.002291870173519772,0.0021878672036488344,0.004479737377168607,-0.0029707936208810937,-0.0029707936208810937,0.013364961895128051,0.016335755516009146,-0.0016358739587388235,-0.0016358739587388235,0.018375917893441084,0.020011791852179904
8569486ffffffff,PHL,12,13,18,False,26,,-0.00029906989690703763,,,,-6.61680780782949e-05,,,,-0.0003270454046508861,,,,0.00017650022175900808,,
85694a17fffffff,PHL,1,1,14,False,26,,-2.138228680395105e-05,,,,-1.614710672054331e-05,,,,-0.0002632071637180863,,,,-0.00028669304796231714,,
85694ab3fffffff,PHL,1,2,3,False,26,,-3.5272176638421592e-06,,,,1.6428616316598965e-06,,,,0.00030572531803076206,,,,0.0003779218079779294,,
85694ab7fffffff,PHL,0,0,2,False,26,,,,,,,,,,,,,,,,
85694ad3fffffff,PHL,26,26,26,True,26,-0.0036716037536834592,-0.0036716037536834592,0.0030432146764947762,0.006714818430178234,-0.004177579015606241,-0.004177579015606241,0.0036206937724373705,0.007798272788043611,-0.01843239708988584,-0.01843239708988584,0.019569721033148222,0.038002118123034064,-0.019672324214825246,-0.019672324214825246,0.02679467180578892,0.04646699602061417
85694b47fffffff,PHL,3,3,10,False,26,,1.0441527777039496e-05,,,,1.958225436386075e-05,,,,-0.000133387768507557,,,,-0.00014723637042196448,,
85694b4ffffffff,PHL,0,0,1,False,26,,,,,,,,,,,,,,,,
85694b63fffffff,PHL,3,3,16,False,26,,-1.286888286958961e-05,,,,-8.252280209862544e-06,,,,2.680263811522398e-05,,,,6.1436827685769e-05,,
85694b6bfffffff,PHL,13,14,23,False,26,,-0.00012016575607424291,,,,-0.00013083501914686976,,,,-4.8100273749185616e-05,,,,8.313262580912008e-05,,
85694b77fffffff,PHL,3,3,20,False,26,,-0.00016679632034390327,,,,-0.0001746613814480637,,,,-2.4546132095982266e-05,,,,4.503517635392107e-05,,
85694b7bfffffff,PHL,26,26,26,True,26,-0.010014242685439378,-0.010014242685439378,0.008062682433184544,0.018076925118623917,-0.011399403595105504,-0.011399403595105504,0.009586615244571238,0.020986018839676747,-0.039893598420121065,-0.039893598420121065,0.05507153983364341,0.09496513825376447,-0.04096483524356046,-0.04096483524356046,0.0755694003394464,0.11653423558300686
85694bc7fffffff,PHL,26,26,26,True,26,-0.0026554170047618274,-0.0026554170047618274,0.0012055549218408408,0.003860971926602668,-0.003048833397947653,-0.003048833397947653,0.001432825452723295,0.004481658850670948,-0.0064623632695106166,-0.0064623632695106166,0.005974379878599417,0.012436743148110035,-0.006859241740051963,-0.006859241740051963,0.008185578758048052,0.015044820498100017
85694bd7fffffff,PHL,12,14,24,False,26,,-0.0001088987033185918,,,,-0.00011905972613152696,,,,0.00022102667094925626,,,,0.0004426327892661904,,
85694c8bfffffff,PHL,2,2,15,False,26,,-6.687580311256686e-05,,,,-6.227399014540606e-05,,,,-0.0001218221471172716,,,,-0.00010153101943567879,,
85694cd7fffffff,PHL,1,1,12,False,26,,-3.56288549606304e-05,,,,-2.9640126972712883e-05,,,,2.3559376946086685e-05,,,,4.4594990764207614e-05,,
85694cdbfffffff,PHL,1,2,9,False,26,,-1.07559408350897e-05,,,,-5.624102331327574e-06,,,,-0.00019819955524019803,,,,-0.00022637135768485486,,
85694e1bfffffff,PHL,26,26,26,True,26,-0.0021630117545680424,-0.0021630117545680424,0.0014213708942898357,0.003584382648857878,-0.002473596582708475,-0.002473596582708475,0.0016886367875657226,0.004162233370274196,-0.012261872808937035,-0.012261872808937035,0.00660685356589576,0.018868726374832792,-0.014213786615777456,-0.014213786615777456,0.009002570413934867,0.023216357029712323
85694e43fffffff,PHL,26,26,26,True,26,-0.023270254622440853,-0.023270254622440853,0.02162166445879564,0.0448919190812365,-0.02638224853428152,-0.02638224853428152,0.025711691447069265,0.0520939399813508,-0.085114106282218,-0.085114106282218,0.12229104841123209,0.2074051546934501,-0.08725297376987208,-0.08725297376987208,0.16651996723898727,0.25377294100885933
85694e47fffffff,PHL,3,3,23,False,26,,-0.0001224186418535167,,,,-0.00012875278531980378,,,,-0.00023522481743149296,,,,-0.0002336315014794917,,
85694e4bfffffff,PHL,25,25,26,False,26,,-0.0011395310369420846,,,,-0.001306071533556353,,,,-0.0053377565867955635,,,,-0.006127509947171602,,
85694e4ffffffff,PHL,26,26,26,True,26,-0.006048443965773991,-0.006048443965773991,0.004664096112293905,0.010712540078067895,-0.006892436638512469,-0.006892436638512469,0.005545121856341536,0.012437558494854005,-0.030223248646490983,-0.030223248646490983,0.026960437716941992,0.05718368636343297,-0.0330307674932128,-0.0330307674932128,0.03732425264169512,0.07035502013490794
85694e53fffffff,PHL,26,26,26,True,26,-0.0036834726980871308,-0.0036834726980871308,0.004086746097228486,0.007770218795315619,-0.00408765903207702,-0.00408765903207702,0.004856135813230871,0.008943794845307891,-0.010582638726905734,-0.010582638726905734,0.021586205905004145,0.032168844631909874,-0.009461102194341422,-0.009461102194341422,0.02943797466824422,0.038899076862585646
85694e5bfffffff,PHL,25,25,26,False,26,,-0.0011431668450903754,,,,-0.0013034564959465403,,,,-0.003241686232858684,,,,-0.0034529280867264516,,
85694e6bfffffff,PHL,4,4,24,False,26,,-0.000141209664033256,,,,-0.0001383038025086741,,,,0.00022070900304124635,,,,0.00036993181590715943,,
85694e6ffffffff,PHL,3,4,12,False,26,,-0.00032507360415139937,,,,-0.00034966556336434924,,,,-0.0002805563806900133,,,,-0.00016376948912746165,,
85694e73fffffff,PHL,26,26,26,True,26,-0.0014269302148703085,-0.0014269302148703085,0.0009898785615416186,0.0024168087764119264,-0.0016300987387631446,-0.0016300987387631446,0.001178515313497371,0.0028086140522605163,-0.0016279766592734366,-0.0016279766592734366,0.004638051499482933,0.006266028158756368,-0.0015585995684696751,-0.0015585995684696751,0.006046113098423931,0.007604712666893606
85694e7bfffffff,PHL,26,26,26,True,26,-0.0016379371546341548,-0.0016379371546341548,0.0016461557450782951,0.003284092899712449,-0.0018526877193937236,-0.0018526877193937236,0.001957647392527778,0.0038103351119215018,-0.007990976696702156,-0.007990976696702156,0.005770154077377271,0.013761130774079429,-0.009130060888090515,-0.009130060888090515,0.007717512065368716,0.016847572953459226
85694e8bfffffff,PHL,0,0,1,False,26,,,,,,,,,,,,,,,,
85694e9bfffffff,PHL,3,3,6,False,26,,9.815076532979002e-05,,,,0.00012146624901641965,,,,0.00014304527382944922,,,,0.00019359993024848897,,
85694eabfffffff,PHL,0,0,16,False,26,,,,,,,,,,,,,,,,
85694ec3fffffff,PHL,26,26,26,True,26,-0.29222223745390974,-0.29222223745390974,0.326861119683548,0.6190833571374578,-0.32870075997491666,-0.32870075997491666,0.38064851959663415,0.709349279571551,-0.8596083331342583,-0.8596083331342583,1.8175717465993395,2.6771800797335974,-0.780934320661664,-0.780934320661664,2.479857205259475,3.2607915259211384
85694ec7fffffff,PHL,26,26,26,True,26,-0.006591027106949699,-0.006591027106949699,0.010977654187474272,0.01756868129442397,-0.00732289148135944,-0.00732289148135944,0.01305874017588651,0.02038163165724595,-0.01730094408570807,-0.01730094408570807,0.05642736650936705,0.07372831059507512,-0.013050898060584211,-0.013050898060584211,0.07699449736908719,0.09004539542967137
85694ecbfffffff,PHL,26,26,26,True,26,-0.033174566924995645,-0.033174566924995645,0.04115807345294441,0.07433264037794006,-0.036451870261986825,-0.036451870261986825,0.04826679815704075,0.08471866841902759,-0.10928431253440525,-0.10928431253440525,0.22339844292122604,0.33268275545563125,-0.09956212010121715,-0.09956212010121715,0.29920030458207647,0.3987624246832937
85694ecffffffff,PHL,26,26,26,True,26,-0.014381370573516149,-0.014381370573516149,0.016645715096116023,0.031027085669632172,-0.016215819560640866,-0.016215819560640866,0.01977421026986513,0.035990029830506,-0.05199346170709562,-0.05199346170709562,0.0886754960119799,0.1406689577190755,-0.05100748409885288,-0.05100748409885288,0.12101086618360342,0.17201835028245632
85694ed3fffffff,PHL,26,26,26,True,26,-0.0017187037161160619,-0.0017187037161160619,0.0008559337727139179,0.0025746374888299794,-0.0019657337135158747,-0.0019657337135158747,0.001017745322202483,0.0029834790357183578,-0.005987809226372594,-0.005987809226372594,0.003215020449040715,0.009202829675413308,-0.007054481773386071,-0.007054481773386071,0.004385957804688529,0.0114404395780746
85694ed7fffffff,PHL,26,26,26,True,26,-0.0025177479077623543,-0.0025177479077623543,0.002111143570439573,0.004628891478201927,-0.0028585386855423025,-0.0028585386855423025,0.0025108756702746002,0.005369414355816905,-0.012983640310509461,-0.012983640310509461,0.009478139287292209,0.02246177959780167,-0.014925422425562386,-0.014925422425562386,0.012617276775066301,0.027542699200628684
85695823fffffff,PHL,4,4,22,False,26,,0.00021901216872245534,,,,0.0002789018152313265,,,,0.0010609747107461075,,,,0.0013250855494342305,,
856958abfffffff,PHL,9,9,15,False,26,,-0.00016842805987298318,,,,-0.0001842425201720501,,,,0.00010959846933697342,,,,0.00023809540711543418,,
8569592ffffffff,PHL,2,2,21,False,26,,-0.00018357729106671547,,,,-0.0001840508221465392,,,,0.0005413876574902896,,,,0.000697391998536063,,
8569599bfffffff,PHL,0,0,4,False,26,,,,,,,,,,,,,,,,
85695bbbfffffff,PHL,0,0,13,False,26,,,,,,,,,,,,,,,,
85695c27fffffff,PHL,0,0,2,False,26,,,,,,,,,,,,,,,,
85695d0ffffffff,PHL,19,19,26,False,26,,-0.0006603515390663751,,,,-0.0007519848824127515,,,,-0.004164877326140922,,,,-0.004899702037032226,,
85695d77fffffff,PHL,0,1,0,False,26,,,,,,,,,,,,,,,,
85695d83fffffff,PHL,26,26,26,True,26,-0.002597601425737133,-0.002597601425737133,0.0008789292623331038,0.0034765306880702378,-0.0028393526406754253,-0.0028393526406754253,0.0010283233149655665,0.003867675955640992,-0.008109470046997204,-0.008109470046997204,0.004575285207807239,0.012684755254804444,-0.009273026023402974,-0.009273026023402974,0.0060766773820916525,0.015349703405494627
85695d87fffffff,PHL,12,12,26,False,26,,-0.00015416451180677538,,,,-0.000170283570013046,,,,4.957729027693138e-05,,,,9.913043351873394e-05,,
85695d8ffffffff,PHL,26,26,26,True,26,-0.0024127900010341525,-0.0024127900010341525,0.0016852573382488778,0.004098047339283031,-0.0027558633425047298,-0.0027558633425047298,0.0020006454557852443,0.004756508798289974,-0.010311375713008662,-0.010311375713008662,0.009964748647300516,0.020276124360309178,-0.010937127969380865,-0.010937127969380865,0.013739606055873783,0.024676734025254648
85695d93fffffff,PHL,0,0,3,False,26,,,,,,,,,,,,,,,,
85695d97fffffff,PHL,9,9,19,False,26,,-8.275090651082648e-05,,,,-8.745218481180033e-05,,,,-0.0004374773792421685,,,,-0.0004763177126924326,,
85695db3fffffff,PHL,26,26,26,True,26,-0.002777924694154111,-0.002777924694154111,0.0026566059119196785,0.005434530606073791,-0.0031398959715822346,-0.0031398959715822346,0.0031604555273339976,0.006300351498916232,-0.012279418628689294,-0.012279418628689294,0.011609950910146891,0.023889369538836188,-0.013567552653627054,-0.013567552653627054,0.01541244378130562,0.028979996434932674
85695db7fffffff,PHL,7,7,19,False,26,,-0.00010320025457715255,,,,-0.00010925320043594155,,,,6.654776989136686e-06,,,,4.324702880600128e-05,,
85695dbbfffffff,PHL,0,0,2,False,26,,,,,,,,,,,,,,,,
85696803fffffff,PHL,0,1,1,False,26,,,,,,,,,,,,,,,,
85696833fffffff,PHL,0,0,1,False,26,,,,,,,,,,,,,,,,
85696863fffffff,PHL,2,3,13,False,26,,-0.00014083274896606356,,,,-0.00015166399745128966,,,,-0.0003208401543739316,,,,-0.000356297161638697,,
8569686bfffffff,PHL,4,4,21,False,26,,-0.000268508943397409,,,,-0.00014698024070377975,,,,-0.0004757273570152638,,,,-0.00037637186579247647,,
8569686ffffffff,PHL,3,3,25,False,26,,-0.00023226933927017677,,,,-0.0002552703851881309,,,,-0.0005456119943524853,,,,-0.0005847154728617308,,
85696877fffffff,PHL,0,0,1,False,26,,,,,,,,,,,,,,,,
856968abfffffff,PHL,0,0,1,False,26,,,,,,,,,,,,,,,,
856968affffffff,PHL,26,26,26,True,26,-0.0031035094380546147,-0.0031035094380546147,0.001532853369692807,0.004636362807747422,-0.003562642894950992,-0.003562642894950992,0.0018221246504522605,0.0053847675454032524,-0.008203687263670007,-0.008203687263670007,0.006842100565573548,0.015045787829243555,-0.008977884961270112,-0.008977884961270112,0.009522567770937697,0.01850045273220781
856968bbfffffff,PHL,0,0,2,False,26,,,,,,,,,,,,,,,,
85696a03fffffff,PHL,2,2,10,False,26,,8.751566806277057e-05,,,,0.00011185891096446188,,,,-0.00020205916171416564,,,,-0.0002604462636085537,,
85696a0bfffffff,PHL,1,1,15,False,26,,-0.00029902871646308234,,,,0.0,,,,-0.0006639077535317373,,,,0.0,,
85696a17fffffff,PHL,26,26,26,True,26,-0.0008682207463505127,-0.0008682207463505127,0.0008371507952622368,0.0017053715416127495,-0.0009849536125073734,-0.0009849536125073734,0.0009943953914984074,0.001979349004005781,-0.0008305706113160986,-0.0008305706113160986,0.0024654077650380257,0.003295978376354124,-0.0006319272564820656,-0.0006319272564820656,0.0033722956082873788,0.004004222864769444
85696a27fffffff,PHL,0,0,2,False,26,,,,,,,,,,,,,,,,
85696a37fffffff,PHL,2,3,4,False,26,,0.00016966390377852337,,,,0.00020488249339002234,,,,9.259401038520089e-05,,,,0.00012343004836983743,,
85696a43fffffff,PHL,0,0,4,False,26,,,,,,,,,,,,,,,,
85696a4bfffffff,PHL,2,2,19,False,26,,8.034454429064079e-06,,,,2.0277692659498222e-05,,,,0.0002188003089987752,,,,0.000260391051088723,,
85696a87fffffff,PHL,0,0,1,False,26,,,,,,,,,,,,,,,,
85696a93fffffff,PHL,0,0,2,False,26,,,,,,,,,,,,,,,,
85696aa7fffffff,PHL,8,8,26,False,26,,-0.00035179753036479195,,,,-0.00039366498064351296,,,,-0.0004732182150651826,,,,-0.0004581935384682156,,
85696aaffffffff,PHL,6,6,26,False,26,,-0.0001600232587242581,,,,-0.00017820299234013503,,,,6.12956110602727e-05,,,,0.00010795307285590062,,
85696abbfffffff,PHL,1,1,19,False,26,,-6.343850677454987e-05,,,,-7.468461923870273e-05,,,,-0.0007439203112562582,,,,-0.0008675810971430554,,
85696ac3fffffff,PHL,26,26,26,True,26,-0.015750415161275472,-0.015750415161275472,0.01496255956635452,0.030712974727629995,-0.01785955459833464,-0.01785955459833464,0.017790513064009524,0.03565006766234417,-0.06152971672991609,-0.06152971672991609,0.09414981173894003,0.1556795284688561,-0.06170930643767991,-0.06170930643767991,0.12897967266423208,0.19068897910191193
85696adbfffffff,PHL,0,0,2,False,26,,,,,,,,,,,,,,,,
85696b83fffffff,PHL,5,6,23,False,26,,0.00015491878884962195,,,,0.00019533808051915434,,,,-0.0007627540569106509,,,,-0.0009090417449259154,,
85696b93fffffff,PHL,7,8,22,False,26,,3.848673013095913e-06,,,,1.107209475518387e-05,,,,-0.00015109354450260794,,,,-0.00011747905580505855,,
85696b9bfffffff,PHL,8,8,26,False,26,,-0.0006756457272137415,,,,-0.0001873454585859079,,,,-0.0023783140371726086,,,,-0.0006569307151768425,,
85696bc3fffffff,PHL,3,6,8,False,26,,7.512697088919177e-05,,,,9.384303666954117e-05,,,,0.0003160171010113232,,,,0.0004098495930776801,,
85696bd3fffffff,PHL,6,6,14,False,26,,9.567758829467797e-05,,,,0.00012158823720874478,,,,-4.0692516407890614e-05,,,,-8.758379252785575e-06,,
85696bd7fffffff,PHL,26,26,26,True,26,-0.0009340759103473785,-0.0009340759103473785,0.0006677896282661863,0.0016018655386135646,-0.0010678293393600168,-0.0010678293393600168,0.0007918026396089944,0.001859631978969011,-0.0037724708292654276,-0.0037724708292654276,0.004971942334173359,0.008744413163438786,-0.0037652982146895676,-0.0037652982146895676,0.007005092009691945,0.010770390224381513
85696bdbfffffff,PHL,6,6,23,False,26,,-7.682853343244244e-05,,,,-8.260645446211172e-05,,,,-0.00041566324707685624,,,,-0.0004198763067242788,,
85696c1bfffffff,PHL,13,13,26,False,26,,-0.0001993249925587997,,,,-0.0002191073054830602,,,,-0.0002995564973909104,,,,-4.52459787505842e-05,,
85696c57fffffff,PHL,20,20,26,False,26,,-0.0004931150393905296,,,,-0.0005596971734606693,,,,-0.0021206154790556443,,,,-0.0023731963153363544,,
85696ca7fffffff,PHL,0,0,3,False,26,,,,,,,,,,,,,,,,
85696d1bfffffff,PHL,16,16,26,False,26,,-0.00042499786259706174,,,,-0.0004792393123386087,,,,-0.002139387686669607,,,,-0.0023738263646140545,,
85696d33fffffff,PHL,8,9,21,False,26,,4.346888953989443e-05,,,,6.054225004411503e-05,,,,0.00029798529720911253,,,,0.00048540035804666386,,
85696d57fffffff,PHL,0,0,2,False,26,,,,,,,,,,,,,,,,
85696e07fffffff,PHL,0,0,2,False,26,,,,,,,,,,,,,,,,
85696e0ffffffff,PHL,3,4,14,False,26,,2.9087724192709667e-05,,,,4.2446309494215534e-05,,,,6.0497407386637276e-05,,,,0.00017152961730926218,,
85696e73fffffff,PHL,2,2,7,False,26,,1.939050020797005e-05,,,,2.685038807952723e-05,,,,0.0003338557974304227,,,,0.00041164925896575486,,
85696e7bfffffff,PHL,1,1,10,False,26,,0.00013523048636806582,,,,0.00016501550531501148,,,,0.0002415792045624773,,,,0.00029863539365462713,,
85696e87fffffff,PHL,4,4,14,False,26,,-0.00017592046668724263,,,,-0.00019458604334064136,,,,-0.0001980306044141964,,,,-0.00018884398298367344,,
85699b0ffffffff,MYS,0,1,1,False,26,,,,,,,,,,,,,,,,
85699b47fffffff,MYS,3,4,7,False,26,,-0.00015413494284839593,,,,-0.00015462466990573618,,,,0.0017779223473384116,,,,0.003549650244969995,,
8572881bfffffff,IDN,1,6,2,False,26,,0.0001992778702284629,,,,0.0002461962147383304,,,,0.00014927311456860816,,,,0.00017679276705431427,,
85729dbbfffffff,IDN,13,14,22,False,26,,-1.660815198998587e-05,,,,-1.1227916644620984e-05,,,,0.00010141457647390851,,,,0.0001678253327712934,,
8572a06bfffffff,IDN,0,0,2,False,26,,,,,,,,,,,,,,,,
8572f347fffffff,IDN,21,22,25,False,26,,-0.00015484697777891392,,,,-0.00015690302674401324,,,,-0.0004107049386204464,,,,-0.0002536723205724524,,
857390dbfffffff,IDN,7,15,11,False,26,,0.00014878762944366144,,,,0.00018579676480627515,,,,0.0008415425898101198,,,,0.0011348771203649555,,
85739b53fffffff,IDN,18,20,23,False,26,,-9.593868543064649e-05,,,,-9.968853595559509e-05,,,,-6.73794837766398e-05,,,,-3.501973352356145e-05,,
85846c37fffffff,MDV,3,4,10,False,26,,8.44497274228671e-05,,,,0.00010924278090023043,,,,0.0004400777308387258,,,,0.000558161749256071,,
85846d8bfffffff,MDV,0,0,1,False,26,,,,,,,,,,,,,,,,
858c100bfffffff,IDN,6,7,9,False,26,,5.3232696881908e-05,,,,7.218315788087864e-05,,,,0.0003176096335330173,,,,0.0004322791506336217,,
858c100ffffffff,IDN,26,26,26,True,26,0.0020777043616575456,0.0020777043616575456,0.003969133931366296,0.001891429569708751,0.002657075757585193,0.002657075757585193,0.004647155907963597,0.001990080150378404,0.009718677210927158,0.009718677210927158,0.014037680259755039,0.004319003048827882,0.013524294945606344,0.013524294945606344,0.01865431453751075,0.005130019591904408
858c1043fffffff,IDN,26,26,26,True,26,0.00044347831649515167,0.00044347831649515167,0.002586089602601053,0.002142611286105902,0.0005714329987245196,0.0005714329987245196,0.003050774136641928,0.002479341137917408,0.0026970850124104,0.0026970850124104,0.008431311542897302,0.0057342265304869,0.00426408397370591,0.00426408397370591,0.01133468094784032,0.007070596974134409
858c1047fffffff,IDN,25,26,25,False,26,,3.1378029756879845e-05,,,,0.00013018013250213785,,,,-0.0007993230420300506,,,,-0.0003755527928683483,,
858c104ffffffff,IDN,26,26,26,True,26,0.0004582628148339582,0.0004582628148339582,0.0021507506976450787,0.0016924878828111203,0.00048127251189043725,0.00048127251189043725,0.0023453381850991216,0.001864065673208684,0.0045167365388509365,0.0045167365388509365,0.008835100895746682,0.004318364356895746,0.0066434492110613065,0.0066434492110613065,0.011663433560970759,0.00501998434990945
858c105bfffffff,IDN,14,18,16,False,26,,0.00012571889814156395,,,,0.0001083484237408633,,,,0.0007221069787992051,,,,0.0009088275407401188,,
858c1063fffffff,IDN,26,26,26,True,26,0.005349491276857392,0.005349491276857392,0.014663131721803875,0.009313640444946484,0.006586745054348193,0.006586745054348193,0.017432866049539256,0.010846120995191059,0.01441912439045932,0.01441912439045932,0.025796309634912952,0.011377185244453625,0.021189021608387475,0.021189021608387475,0.03508014790451017,0.013891126296122693
858c106bfffffff,IDN,1,2,5,False,26,,0.00011387306870197878,,,,0.00016501550531501148,,,,-6.874671304778241e-05,,,,-7.724763583610523e-05,,
858c106ffffffff,IDN,26,26,26,True,26,0.000771146520869108,0.000771146520869108,0.004695427589225131,0.003924281068356023,0.0010252025699151296,0.0010252025699151296,0.0055832199797086765,0.004558017409793547,0.010014712264854817,0.010014712264854817,0.0177000270015315,0.007685314736676683,0.014769571847050151,0.014769571847050151,0.02412175672182567,0.009352184874775519
858c1073fffffff,IDN,26,26,26,True,26,0.0005938790503307481,0.0005938790503307481,0.002417918037187462,0.0018240389868567142,0.0006390408558038548,0.0006390408558038548,0.0026978847467139574,0.002058843890910103,0.004707918113572303,0.004707918113572303,0.00879599275459491,0.004088074641022606,0.006568102097142919,0.006568102097142919,0.011416081337311717,0.004847979240168796
858c1077fffffff,IDN,0,0,1,False,26,,,,,,,,,,,,,,,,
858c107bfffffff,IDN,26,26,26,True,26,0.020729681495716946,0.020729681495716946,0.1187898544188044,0.09806017292308743,0.0250889763661399,0.0250889763661399,0.12676756635761233,0.10167858999147243,0.1877795500066855,0.1877795500066855,0.40987994999420824,0.2221003999875227,0.26759638761050114,0.26759638761050114,0.5225638803643406,0.25496749275383956
858c108bfffffff,IDN,2,2,8,False,26,,2.0441653907198744e-05,,,,3.123177401384425e-05,,,,0.00024152919426674794,,,,0.00022732581203683248,,
858c10a7fffffff,IDN,18,18,26,False,26,,-1.2262200755336678e-05,,,,3.1769348993663173e-06,,,,0.00015064417895327027,,,,0.00026856228746911554,,
858c1317fffffff,IDN,1,2,2,False,26,,0.00017792045256237587,,,,0.00022186426070236484,,,,-0.00013749342609556482,,,,-0.00015449527167221046,,
858c1387fffffff,IDN,1,1,1,False,26,,6.404738386039706e-05,,,,8.118070942331888e-05,,,,-6.874671304778241e-05,,,,-7.724763583610523e-05,,
858c138ffffffff,IDN,1,1,3,False,26,,0.00013523048636806582,,,,0.00016501550531501148,,,,0.00022979951608943392,,,,0.0002763378982725233,,
858c1397fffffff,IDN,0,0,1,False,26,,,,,,,,,,,,,,,,
858c141bfffffff,IDN,0,0,1,False,26,,,,,,,,,,,,,,,,
858c144bfffffff,IDN,23,25,24,False,26,,0.00010617841508391975,,,,0.000131975261722272,,,,0.0003954400459881269,,,,0.000575488189501051,,
858c144ffffffff,IDN,3,4,5,False,26,,0.00016908637012974924,,,,-1.5060474582662953e-05,,,,0.0,,,,0.0,,
858c1457fffffff,IDN,1,2,1,False,26,,7.115823336980475e-05,,,,9.201964320711484e-05,,,,3.533906541913008e-05,,,,6.689248614631145e-05,,
858c1463fffffff,IDN,26,26,26,True,26,0.000466749995780059,0.000466749995780059,0.0019920413517205376,0.0015252913559404787,0.0005946896640138065,0.0005946896640138065,0.002367280914101595,0.0017725912500877886,0.0031745274529512584,0.0031745274529512584,0.008504936858990685,0.005330409406039427,0.005226536331898175,0.005226536331898175,0.011823272788792187,0.006596736456894013
858c146bfffffff,IDN,12,16,18,False,26,,7.435692682382146e-05,,,,0.00010895681686692815,,,,0.00039391583819194223,,,,0.0005647593771240393,,
858c1477fffffff,IDN,23,23,26,False,26,,0.00016734651483498887,,,,0.00021308368894647241,,,,0.0004738598114025538,,,,0.0007165943821937846,,
858c147bfffffff,IDN,26,26,26,True,26,0.007026834732782191,0.007026834732782191,0.02535829440815892,0.018331459675376725,0.008880322830692722,0.008880322830692722,0.029946450681632656,0.021066127850939937,0.04127894568935675,0.04127894568935675,0.08587004244884976,0.044591096759493014,0.06113317781493539,0.06113317781493539,0.11502486155000542,0.05389168373507003
858c14dbfffffff,IDN,26,26,26,True,26,0.00012564610495967944,0.00012564610495967944,0.000775891669657827,0.0006502455646981477,0.00016762004016311562,0.00016762004016311562,0.0009232472564181984,0.0007556272162550828,0.000268648533657331,0.000268648533657331,0.0035674522078594072,0.0032988036742020773,0.0008258593012571767,0.0008258593012571767,0.004917466357254402,0.0040916070559972265
858c160ffffffff,IDN,0,2,0,False,26,,,,,,,,,,,,,,,,
858c1637fffffff,IDN,2,4,13,False,26,,0.00012848726364189647,,,,0.00015784582559578931,,,,0.0003509209375734169,,,,0.0004790913575176884,,
858c16abfffffff,IDN,2,2,9,False,26,,8.681243126648018e-05,,,,0.00011177453577414202,,,,3.3351628094531558e-06,,,,8.749697944677686e-06,,
858c16c3fffffff,IDN,8,19,12,False,26,,6.883834119718283e-05,,,,7.87807885325493e-05,,,,0.0016165491933076439,,,,0.0023422497581477024,,
858c81abfffffff,IDN,1,3,4,False,26,,0.00027046097273613164,,,,0.00033003101063002296,,,,0.0002415792045624773,,,,0.00029863539365462713,,
858c85dbfffffff,IDN,0,2,0,False,26,,,,,,,,,,,,,,,,
858c89cffffffff,IDN,24,26,24,False,26,,0.0003264357595559534,,,,0.00040172403076056755,,,,0.0005344847520684896,,,,0.0007556643845801986,,
858c903bfffffff,IDN,1,3,1,False,26,,0.0012313955528828638,,,,0.0014740780261410062,,,,0.0010566914904533004,,,,0.0012598468647623037,,
858c9427fffffff,IDN,26,26,26,True,26,0.001080719794184726,0.001080719794184726,0.0029572803176948336,0.0018765605235101072,0.0013382493607530686,0.0013382493607530686,0.003516672818514939,0.0021784234577618706,0.007180462296292188,0.007180462296292188,0.01270661460614847,0.00552615230985628,0.010630534618652966,0.010630534618652966,0.017420009893978485,0.006789475275325516
858c964ffffffff,MYS,26,26,26,True,26,-0.00047049557429735243,-0.00047049557429735243,0.004447652079285792,0.0049181476535831445,-0.00041976948915583147,-0.00041976948915583147,0.00528862845435572,0.005708397943511551,-0.001569267760202635,-0.001569267760202635,0.015044502047706977,0.016613769807909618,-4.503919790093521e-05,-4.503919790093521e-05,0.020209931040152014,0.02025497023805295
858cab63fffffff,IDN,26,26,26,True,26,-0.0017885770197773566,-0.0017885770197773566,0.006573026978746158,0.008361603998523513,-0.002052804747395894,-0.002052804747395894,0.007604181306090663,0.009656986053486557,0.004995253273161639,0.004995253273161639,0.022158347945186965,0.017163094672025328,0.008095725093785838,0.008095725093785838,0.028757224798751715,0.02066149970496587
858cad77fffffff,IDN,0,0,1,False,26,,,,,,,,,,,,,,,,
858cadabfffffff,IDN,0,0,2,False,26,,,,,,,,,,,,,,,,
858cadaffffffff,IDN,0,1,0,False,26,,,,,,,,,,,,,,,,
858cadbbfffffff,IDN,26,26,26,True,26,-0.0005696213678668151,-0.0005696213678668151,0.0010159068319031974,0.0015855281997700123,-0.0006535753456906947,-0.0006535753456906947,0.001183108818406363,0.0018366841640970579,-0.001600193200780312,-0.001600193200780312,0.0025266172298074527,0.004126810430587765,-0.0017747518906752516,-0.0017747518906752516,0.003198616286144763,0.004973368176820014
858cd307fffffff,IDN,1,3,2,False,26,,-0.00017457855102494322,,,,-0.0001952223615242432,,,,0.0,,,,0.0,,
858cd32ffffffff,IDN,0,0,1,False,26,,,,,,,,,,,,,,,,
858cd33bfffffff,IDN,11,11,22,False,26,,-4.894692709955878e-06,,,,7.65013707601941e-06,,,,0.0005334467416879598,,,,0.0007271533856088338,,
858cd373fffffff,IDN,3,4,11,False,26,,0.00024463387425104825,,,,0.00029723061595414777,,,,0.0020316948675610787,,,,0.0025038905966320896,,
858cd3b7fffffff,IDN,25,25,26,False,26,,-6.0595884805292624e-05,,,,-4.951561733622704e-05,,,,0.00033297012439037715,,,,0.000609591733510734,,
858cd46bfffffff,IDN,1,1,5,False,26,,0.00023488185605122927,,,,0.0002840211890264655,,,,0.00031032591761025966,,,,0.00037588302949073237,,
858cdcd7fffffff,IDN,0,0,2,False,26,,,,,,,,,,,,,,,,
858cf023fffffff,IDN,16,22,17,False,26,,0.00014245518676023455,,,,0.00017797443811262215,,,,0.001066696199993113,,,,0.0015181296260966238,,
858d8083fffffff,IDN,26,26,26,True,26,-0.0014028685994882154,-0.0014028685994882154,0.019999070052145167,0.02140193865163339,-0.0013980117577581813,-0.0013980117577581813,0.022980328437076918,0.024378340194835094,0.03572812727612741,0.03572812727612741,0.07205961412644714,0.03633148685031973,0.05270260802957567,0.05270260802957567,0.09564324085337875,0.04294063282380308
858d808ffffffff,IDN,5,6,12,False,26,,0.0002723141844870826,,,,0.00033128282171888794,,,,0.000382748148464107,,,,0.00047248832043233883,,
858d8093fffffff,IDN,2,3,3,False,26,,-6.773666302496045e-07,,,,6.418508711636528e-06,,,,0.00015260827737806132,,,,0.00018554246499899197,,
858d80abfffffff,IDN,1,1,2,False,26,,0.000241967836422773,,,,0.0003030449701256837,,,,0.00022979951608943392,,,,0.0002763378982725233,,
858d80affffffff,IDN,0,0,5,False,26,,,,,,,,,,,,,,,,
858d80bbfffffff,IDN,0,0,1,False,26,,,,,,,,,,,,,,,,
858d8117fffffff,IDN,0,0,1,False,26,,,,,,,,,,,,,,,,
858d816bfffffff,IDN,0,0,1,False,26,,,,,,,,,,,,,,,,
858d8187fffffff,IDN,20,20,26,False,26,,-1.964342312188099e-05,,,,-1.3645874319014966e-05,,,,0.0004922193218288112,,,,0.0008491500062511338,,
858d81b3fffffff,IDN,0,0,1,False,26,,,,,,,,,,,,,,,,
858d81c3fffffff,IDN,0,0,3,False,26,,,,,,,,,,,,,,,,
858d8417fffffff,IDN,0,0,1,False,26,,,,,,,,,,,,,,,,
858d8423fffffff,IDN,2,3,8,False,26,,9.0380290590116e-05,,,,0.00011310157900832885,,,,-0.00011299560268789739,,,,-0.00012204137926418286,,
858d842ffffffff,IDN,26,26,26,True,26,-1.2503566648241342e-05,-1.2503566648241342e-05,0.0013943412195243144,0.0014068447861725554,2.2890451265504984e-05,2.2890451265504984e-05,0.0016586194168785075,0.0016357289656130025,0.0019452127081596529,0.0019452127081596529,0.005848914375258591,0.0039037016670989393,0.003325782919596356,0.003325782919596356,0.008064743790911013,0.004738960871314656
858d8433fffffff,IDN,15,17,22,False,26,,0.00022192798715974188,,,,0.0002778170865543474,,,,0.00040396496675089053,,,,0.0006222721382902395,,
858d848bfffffff,IDN,1,2,6,False,26,,-9.784729500909427e-06,,,,-7.229309535436814e-06,,,,-0.0002391040963817541,,,,-0.0002331383299024537,,
858d850bfffffff,IDN,0,1,1,False,26,,,,,,,,,,,,,,,,
858d8517fffffff,IDN,1,2,6,False,26,,-3.56288549606304e-05,,,,-2.9640126972712883e-05,,,,0.00010408577846691248,,,,0.0001441401219824167,,
858d8537fffffff,IDN,15,21,16,False,26,,3.484330819292639e-05,,,,5.501787026100811e-05,,,,0.0008983466479890368,,,,0.0012974263068831584,,
858d853bfffffff,IDN,26,26,26,True,26,0.00022376122786623264,0.00022376122786623264,0.0011175443194551204,0.0008937830915888878,0.0002904272213115254,0.0002904272213115254,0.0013280263592757471,0.0010375991379642216,0.0028891638992655554,0.0028891638992655554,0.003860997583999184,0.0009718336847336286,0.004242834937489918,0.004242834937489918,0.005400412640929949,0.0011575777034400294
858d854bfffffff,IDN,2,3,7,False,26,,0.00027918933010624534,,,,0.0003333827108123902,,,,0.0004905819536925874,,,,0.0005807110648124742,,
858d855bfffffff,IDN,0,0,1,False,26,,,,,,,,,,,,,,,,
858d8567fffffff,IDN,0,1,2,False,26,,,,,,,,,,,,,,,,
858d857bfffffff,IDN,1,2,5,False,26,,0.0004412705757890999,,,,0.0005410563375485919,,,,0.00045959903217886785,,,,0.0005526757965450466,,
858d85affffffff,IDN,26,26,26,True,26,0.0002119620883873249,0.0002119620883873249,0.0011488357587671654,0.0009368736703798405,0.0002738588031146612,0.0002738588031146612,0.0013676881265259357,0.0010938293234112745,0.0005936597276965347,0.0005936597276965347,0.0006739722533515403,8.03125256550057e-05,0.0008079526045601793,0.0008079526045601793,0.0009017358647656762,9.378326020549703e-05
858d85bbfffffff,IDN,0,1,4,False,26,,,,,,,,,,,,,,,,
858d85c3fffffff,IDN,26,26,26,True,26,0.0020316013995469685,0.0020316013995469685,0.0052437017073668915,0.003212100307819923,0.0024930804102983872,0.0024930804102983872,0.006233456174550636,0.0037403757642522507,0.007474543192862586,0.007474543192862586,0.015099319186511424,0.007624775993648839,0.011289805764163606,0.011289805764163606,0.020617302734264358,0.009327496970100758
858d85cffffffff,IDN,1,2,3,False,26,,8.54048015264841e-05,,,,0.00010551266345928443,,,,8.052640152082575e-05,,,,9.954513121820904e-05,,
858d85d7fffffff,IDN,0,0,5,False,26,,,,,,,,,,,,,,,,
858d8693fffffff,IDN,0,0,1,False,26,,,,,,,,,,,,,,,,
858d8817fffffff,IDN,2,8,4,False,26,,0.0001474311011169127,,,,0.00012295148697455416,,,,5.889844236521671e-06,,,,-3.8623817918052615e-05,,
858d8833fffffff,IDN,2,3,10,False,26,,4.795265320603151e-05,,,,5.774678294374277e-05,,,,0.00011489975804471696,,,,0.00013816894913626165,,
858d88d3fffffff,IDN,0,1,0,False,26,,,,,,,,,,,,,,,,
858d8937fffffff,IDN,1,3,14,False,26,,0.003079572824389814,,,,0.003626721374650116,,,,0.005109851154294085,,,,0.005981815281544106,,
858d8957fffffff,IDN,14,20,19,False,26,,0.00011932774561006673,,,,0.00014988736850092506,,,,0.000661793631381301,,,,0.0009520760893190416,,
858d8963fffffff,IDN,21,26,21,False,26,,-5.5869406225238265e-05,,,,-4.471396473798734e-05,,,,0.0007599729045485861,,,,0.0012355809293370487,,
858d896ffffffff,IDN,0,0,1,False,26,,,,,,,,,,,,,,,,
858d8973fffffff,IDN,1,1,1,False,26,,0.00013523048636806582,,,,0.00016501550531501148,,,,0.00014927311456860816,,,,0.00017679276705431427,,
858d89a3fffffff,IDN,17,20,22,False,26,,8.181603688441238e-05,,,,0.00010031600104795416,,,,0.0014414844663904142,,,,0.0023356180107560573,,
858d89affffffff,IDN,0,1,18,False,26,,,,,,,,,,,,,,,,
858d89cbfffffff,IDN,2,5,2,False,26,,6.234158241756286e-05,,,,8.992818712195822e-05,,,,-6.256894841992895e-05,,,,-6.451146637552876e-05,,
858d8c07fffffff,IDN,0,1,0,False,26,,,,,,,,,,,,,,,,
858d8c0bfffffff,IDN,3,9,4,False,26,,0.00016734736115402355,,,,0.00020829634153313637,,,,0.0002140397677232856,,,,0.0003709100445231054,,
858d8c2ffffffff,IDN,1,2,4,False,26,,6.404738386039706e-05,,,,8.118070942331888e-05,,,,0.0002985462291372163,,,,0.00035358553410862854,,
858d8c33fffffff,IDN,1,2,11,False,26,,4.2689966194310036e-05,,,,5.684875538735333e-05,,,,0.0001610528030416515,,,,0.00019909026243641808,,
858d8c3bfffffff,IDN,9,14,20,False,26,,5.9393150687238e-05,,,,7.649830239683544e-05,,,,0.0009835114106691394,,,,0.0013772877046430109,,
858d8c5bfffffff,IDN,1,1,1,False,26,,0.0003487549247532081,,,,0.0004247047403055115,,,,0.0004713787206519112,,,,0.0005749732919271505,,
858d8c6bfffffff,IDN,26,26,26,True,26,0.0016471942631282248,0.0016471942631282248,0.009476170894584681,0.007828976631456458,0.001988448013390448,0.001988448013390448,0.01091136516618469,0.008922917152794241,0.011695068612166534,0.011695068612166534,0.027557063586359117,0.015861994974192585,0.016387580584129223,0.016387580584129223,0.035199578757319425,0.01881199817319019
858d8c77fffffff,IDN,2,6,4,False,26,,0.00013897162889436244,,,,0.0001704248886439661,,,,0.0001248056982649947,,,,0.00015408832961648561,,
858d8c7bfffffff,IDN,21,25,22,False,26,,0.00014797559684280993,,,,0.00018874122898398631,,,,0.0007173025420131274,,,,0.0011376045791378054,,
858d8c8bfffffff,IDN,1,2,6,False,26,,6.404738386039706e-05,,,,8.118070942331888e-05,,,,1.1779688473043343e-05,,,,2.2297495382103807e-05,,
858d8c8ffffffff,IDN,1,3,1,False,26,,0.00011387306870197878,,,,0.0001406835512790459,,,,8.052640152082575e-05,,,,9.954513121820904e-05,,
858d8ca3fffffff,IDN,5,5,9,False,26,,0.00016062759499408747,,,,0.0001989646995355844,,,,0.00030387157708485857,,,,0.0003850442608938426,,
858d8cb3fffffff,IDN,1,2,1,False,26,,0.0003131758080683057,,,,0.00037869491870195403,,,,0.00014927311456860816,,,,0.00017679276705431427,,
858d8cbbfffffff,IDN,26,26,26,True,26,0.000930118778958256,0.000930118778958256,0.0038448486750664356,0.002914729896108179,0.0011868906623076392,0.0011868906623076392,0.004568641919234211,0.003381751256926572,0.01026379474422147,0.01026379474422147,0.01761130929914346,0.007347514554921991,0.015284379486017944,0.015284379486017944,0.02417845406845811,0.008894074582440166
858d8cc3fffffff,IDN,26,26,26,True,26,-4.178932385136449e-05,-4.178932385136449e-05,0.00125679283830954,0.0012985821621609047,-9.736073929286383e-06,-9.736073929286383e-06,0.0014942175823805608,0.0015039536563098475,0.0023434666456834926,0.0023434666456834926,0.005476167994179672,0.0031327013484961797,0.0036050558423292227,0.0036050558423292227,0.0073171044673932106,0.0037120486250639875
858d8cd7fffffff,IDN,0,0,1,False,26,,,,,,,,,,,,,,,,
858d8cdbfffffff,IDN,0,0,1,False,26,,,,,,,,,,,,,,,,
858d8d0bfffffff,IDN,4,9,6,False,26,,9.730858817011089e-05,,,,0.00012273958233383682,,,,0.0003085966492247712,,,,0.00038768162465955674,,
858d8d23fffffff,IDN,1,4,5,False,26,,0.0005694150817856221,,,,0.00018934745935097702,,,,0.0009761650889324746,,,,9.954513121820904e-05,,
858d8d43fffffff,IDN,1,3,2,False,26,,8.54048015264841e-05,,,,0.00010551266345928443,,,,0.0004478193437058245,,,,0.0005303783011629429,,
858d8d63fffffff,IDN,26,26,26,True,26,0.00012996938974484592,0.00012996938974484592,0.0009155472952424146,0.0007855779054975685,0.00020497043380215578,0.00020497043380215578,0.001028086272687666,0.0008231158388855101,0.0005429015814223764,0.0005429015814223764,0.002884549843330799,0.002341648261908423,0.0010654153262278276,0.0010654153262278276,0.0035913023820517104,0.0025258870558238825
858d8d7bfffffff,IDN,0,0,2,False,26,,,,,,,,,,,,,,,,
858d8ddbfffffff,IDN,0,2,0,False,26,,,,,,,,,,,,,,,,
858d8e07fffffff,IDN,7,8,17,False,26,,8.252609272482756e-05,,,,0.00010145107851533577,,,,0.00038820827148294986,,,,0.0005718215013748964,,
858d8e87fffffff,IDN,26,26,26,True,26,0.00016448364862810348,0.00016448364862810348,0.0006766062018490474,0.0005121225532209439,0.0002106237093507258,0.0002106237093507258,0.0008050890471687077,0.0005944653378179818,0.003926949853569595,0.003926949853569595,0.004775909942160739,0.0008489600885911435,0.005725190336388551,0.005725190336388551,0.006733765494566283,0.0010085751581777303
858d8eb7fffffff,IDN,2,3,4,False,26,,0.00010654099908070293,,,,0.0001311564894966388,,,,-7.929209314736207e-05,,,,-7.926206000453799e-05,,
858d8ebbfffffff,IDN,0,1,0,False,26,,,,,,,,,,,,,,,,
858d920bfffffff,IDN,26,26,26,True,26,-0.00044220946585849175,-0.00044220946585849175,0.0028235938512242856,0.003265803317082777,-0.0004340423389218556,-0.0004340423389218556,0.003358742534006971,0.003792784872928827,0.005333347690106722,0.005333347690106722,0.012565897256832114,0.007232549566725393,0.008353272086659163,0.008353272086659163,0.017055188978102105,0.00870191689144294
858d92cffffffff,IDN,15,20,18,False,26,,0.00023428725616779337,,,,0.0002902756454873131,,,,0.00015152543629913846,,,,0.00024010915722914964,,
858da23bfffffff,IDN,26,26,26,True,26,0.0002797195231907814,0.0002797195231907814,0.0011055515184663787,0.0008258319952755976,0.00035590412975248516,0.00035590412975248516,0.0013119377598674873,0.000956033630115002,0.0025230028423704914,0.0025230028423704914,0.004413307227596627,0.0018903043852261357,0.0037674987234692387,0.0037674987234692387,0.006046749627911052,0.0022792509044418136
858da2c7fffffff,IDN,1,2,1,False,26,,4.98008157037177e-05,,,,9.467372967548851e-05,,,,0.00022979951608943392,,,,9.954513121820904e-05,,
858da2cbfffffff,IDN,6,9,17,False,26,,0.0001427979176619068,,,,0.00017295892983503063,,,,0.000748916180032846,,,,0.0010003224696664493,,
858da2d7fffffff,IDN,0,1,0,False,26,,,,,,,,,,,,,,,,
858da34bfffffff,IDN,1,1,4,False,26,,8.537993238862007e-05,,,,0.00011369751077470666,,,,1.1779688473043343e-05,,,,2.2297495382103807e-05,,
858da36ffffffff,IDN,0,6,0,False,26,,,,,,,,,,,,,,,,
858daa43fffffff,IDN,5,6,12,False,26,,6.887810327618047e-05,,,,7.950378530681802e-05,,,,1.3540540600465742e-05,,,,8.14429123977027e-05,,
858daa73fffffff,IDN,1,2,4,False,26,,0.00018505617120964757,,,,0.0002245183471707385,,,,-6.874671304778241e-05,,,,-7.724763583610523e-05,,
858db513fffffff,IDN,22,22,26,False,26,,-0.00011959331179673716,,,,-0.00012638129932352688,,,,-0.00022377398205790602,,,,5.396054794106412e-05,,
85940493fffffff,IDN,26,26,26,True,26,0.00047580014558526934,0.00047580014558526934,0.001130562660117913,0.0006547625145326435,0.0005836950346207856,0.0005836950346207856,0.0013430352124776054,0.00075934017785682,0.0034629572536816226,0.0034629572536816226,0.005138461168495331,0.0016755039148137077,0.005231748590863088,0.005231748590863088,0.0072579264592483725,0.0020261778683852844
8594268bfffffff,IDN,1,1,4,False,26,,-2.486913786402668e-08,,,,8.184847315422254e-06,,,,-5.696702457473905e-05,,,,-5.495014045400144e-05,,
85942c03fffffff,TLS,20,20,25,False,26,,-6.486645997178394e-05,,,,-6.78253885678668e-05,,,,0.00010499840365238593,,,,0.000181356200859497,,
85950083fffffff,IDN,26,26,26,True,26,0.0002106768263689333,0.0002106768263689333,0.005081246840527049,0.004870570014158116,0.00022596305685191223,0.00022596305685191223,0.005813845922409958,0.005587882865558046,0.006517067011934361,0.006517067011934361,0.017364796293782618,0.010847729281848255,0.009273515107262213,0.009273515107262213,0.02224182291541552,0.012968307808153305
859505bbfffffff,IDN,0,0,1,False,26,,,,,,,,,,,,,,,,
85950d8ffffffff,IDN,0,1,0,False,26,,,,,,,,,,,,,,,,
85951213fffffff,IDN,12,19,18,False,26,,0.00015986011660956793,,,,0.00019595529242960187,,,,0.001308414240868163,,,,0.001857300037846315,,
85951307fffffff,IDN,2,10,6,False,26,,9.391647074837653e-05,,,,0.00011579205969649434,,,,5.889844236521671e-06,,,,1.1148747691051904e-05,,
85951bd7fffffff,IDN,1,6,3,False,26,,0.00020577487982788295,,,,0.0002528627519323686,,,,0.0007981546664112572,,,,0.0011113827824579341,,
85951e2bfffffff,IDN,0,3,0,False,26,,,,,,,,,,,,,,,,
85952163fffffff,IDN,0,0,1,False,26,,,,,,,,,,,,,,,,
85952337fffffff,IDN,0,0,1,False,26,,,,,,,,,,,,,,,,
85952367fffffff,IDN,0,0,4,False,26,,,,,,,,,,,,,,,,
85952bc3fffffff,IDN,0,4,0,False,26,,,,,,,,,,,,,,,,
85952e83fffffff,IDN,11,14,19,False,26,,-7.279766564200244e-05,,,,-8.000863142216397e-05,,,,-0.0004605832702490438,,,,-0.0005527577367188366,,
85954197fffffff,IDN,17,17,26,False,26,,-0.00019909816451209086,,,,-0.00022092678300490536,,,,-0.0006532331717639467,,,,-0.0006527362724498537,,
859576dbfffffff,IDN,6,7,15,False,26,,0.00018047006539053862,,,,0.00022614127044545833,,,,0.00043190818843488483,,,,0.000514690329598511,,
8595a413fffffff,IDN,0,1,0,False,26,,,,,,,,,,,,,,,,
8595a487fffffff,IDN,0,0,3,False,26,,,,,,,,,,,,,,,,
8595a48bfffffff,IDN,0,0,1,False,26,,,,,,,,,,,,,,,,
8595a4c3fffffff,IDN,26,26,26,True,26,-0.004074918136901208,-0.004074918136901208,0.021829484362272108,0.025904402499173314,-0.0040837254148164154,-0.0040837254148164154,0.025932398222241224,0.03001612363705764,0.04391226604364824,0.04391226604364824,0.08329062079697452,0.03937835475332629,0.0660493492893244,0.0660493492893244,0.11315942397864932,0.047110074689324925
8595a4cbfffffff,IDN,4,6,16,False,26,,7.665446725107086e-06,,,,1.3840723480260452e-05,,,,0.0002352715171444167,,,,0.00034530310797417695,,
8595a4d3fffffff,IDN,1,6,4,False,26,,0.00027046097273613164,,,,0.00033003101063002296,,,,8.052640152082575e-05,,,,9.954513121820904e-05,,
8595a4d7fffffff,IDN,16,16,26,False,26,,-0.00013607059626128098,,,,-0.0001498725191232639,,,,-0.0009116817800421342,,,,-0.001034575709225531,,
8595a503fffffff,IDN,0,0,1,False,26,,,,,,,,,,,,,,,,
8595a5dbfffffff,IDN,25,25,26,False,26,,7.683960606144924e-05,,,,0.00011063763509283903,,,,0.0005539909946630131,,,,0.0009475395018275562,,
859cc2abfffffff,IDN,2,6,11,False,26,,9.481728398932402e-05,,,,0.00011723312515680753,,,,0.0010219471421871486,,,,0.0016421004850763164,,
