h3,countries,common_intervals,left_observed_intervals,right_observed_intervals,full_window_comparable,expected_intervals,downloaders_all_delta_pp,downloaders_all_observed_common_delta_pp,downloaders_all_left_share,downloaders_all_right_share,downloaders_without-hosting_delta_pp,downloaders_without-hosting_observed_common_delta_pp,downloaders_without-hosting_left_share,downloaders_without-hosting_right_share,uploaders_all_delta_pp,uploaders_all_observed_common_delta_pp,uploaders_all_left_share,uploaders_all_right_share,uploaders_without-hosting_delta_pp,uploaders_without-hosting_observed_common_delta_pp,uploaders_without-hosting_left_share,uploaders_without-hosting_right_share
85149633fffffff,CHN,20,20,20,True,20,0.004735390687729567,0.004735390687729567,0.03450262828904495,0.02976723760131538,0.0062305948097393996,0.0062305948097393996,0.041087679532795726,0.03485708472305632,0.03053073423924581,0.03053073423924581,0.05042085346608338,0.019890119226837567,0.049642499256379605,0.049642499256379605,0.07442813273256686,0.024785633476187254
85149c63fffffff,CHN,7,11,12,False,20,,6.069373958162695e-05,,,,7.603516458359517e-05,,,,0.0,,,,0.0,,
8514aec3fffffff,CHN,1,6,4,False,20,,2.2158024647281205e-05,,,,2.950096694150767e-05,,,,0.0,,,,0.0,,
8514b273fffffff,CHN,16,18,18,False,20,,0.00046763371148555744,,,,0.0005642568156903479,,,,0.000625933724819737,,,,0.0008075303712040746,,
8514b627fffffff,CHN,1,5,7,False,20,,2.9544032863041607e-05,,,,3.93346225886769e-05,,,,0.0,,,,0.0,,
8520905bfffffff,AFG,20,20,20,True,20,-0.0016672682776218764,-0.0016672682776218764,0.0024212396385511646,0.004088507916173041,-0.0017826635809171266,-0.0017826635809171266,0.0028063177077666426,0.0045889812886837685,0.00511110400629689,0.00511110400629689,0.014603068265526944,0.009491964259230061,0.009350075630926056,0.009350075630926056,0.02056012314366299,0.011210047512736937
852090c7fffffff,AFG,0,1,5,False,20,,,,,,,,,,,,,,,,
852093c7fffffff,AFG,0,1,4,False,20,,,,,,,,,,,,,,,,
85209a03fffffff,PAK,0,2,5,False,20,,,,,,,,,,,,,,,,
85209a0bfffffff,PAK,20,20,20,True,20,-0.0008002485256522023,-0.0008002485256522023,0.0006289066764913788,0.001429155202143581,-0.0009159145951228001,-0.0009159145951228001,0.0007463974604695106,0.0016623120555923105,-0.003224442609114755,-0.003224442609114755,0.004416168169560972,0.007640610778675727,-0.003135717009607482,-0.003135717009607482,0.006367006832476793,0.009502723842084275
85209a43fffffff,PAK,0,0,1,False,20,,,,,,,,,,,,,,,,
85209a4bfffffff,PAK,20,20,20,True,20,-0.02023865747464417,-0.02023865747464417,0.014272945252408926,0.0345116027270531,-0.02331828279058658,-0.02331828279058658,0.016355623358795552,0.03967390614938213,-0.05373067408506364,-0.05373067408506364,0.0772916768747977,0.1310223509598613,-0.05424380679602965,-0.05424380679602965,0.1062182819269295,0.16046208872295914
85209a53fffffff,PAK,1,1,1,False,20,,5.832756091427954e-05,,,,7.54336100314746e-05,,,,0.0003572002643281956,,,,0.000447613548366882,,
85209a67fffffff,PAK,20,20,20,True,20,-0.0027765152337001628,-0.0027765152337001628,0.0037761767508657958,0.0065526919845659585,-0.00313080928610075,-0.00313080928610075,0.004485677051026023,0.007616486337126774,-0.00027717534333008106,-0.00027717534333008106,0.018868770338864308,0.01914594568219439,0.002648023302457308,0.002648023302457308,0.026143343159106207,0.0234953198566489
85209a6ffffffff,PAK,1,2,1,False,20,,2.7002797046705963e-06,,,,8.667507654191325e-06,,,,0.00044449108765257697,,,,0.0005557726474458543,,
85209e1bfffffff,PAK,0,0,3,False,20,,,,,,,,,,,,,,,,
85209e47fffffff,PAK,0,0,10,False,20,,,,,,,,,,,,,,,,
85209e77fffffff,PAK,5,5,20,False,20,,-0.00023957116381694696,,,,-0.0002681686937460592,,,,-0.0016602872757129575,,,,-0.00197078358890218,,
8520b2b3fffffff,AFG,4,9,7,False,20,,-3.086164423312796e-05,,,,-2.5560368330792535e-05,,,,0.00041194496291980224,,,,0.0005591389299096854,,
8520b2cffffffff,AFG,0,1,0,False,20,,,,,,,,,,,,,,,,
8520b33bfffffff,AFG,0,2,1,False,20,,,,,,,,,,,,,,,,
852405a7fffffff,MNG,0,0,1,False,20,,,,,,,,,,,,,,,,
852489b7fffffff,CHN,17,17,20,False,20,,3.02546243028379e-05,,,,4.4204203677096983e-05,,,,9.639302015120992e-05,,,,0.00014261815238217514,,
85248b07fffffff,CHN,20,20,20,True,20,-8.40821440625816e-06,-8.40821440625816e-06,0.0017436837234255057,0.001752091937831764,5.072996964881264e-06,5.072996964881264e-06,0.0020295790622594664,0.002024506065294585,-5.5222503162867865e-05,-5.5222503162867865e-05,0.0008805620292146078,0.0009357845323774757,0.00010886859175676229,0.00010886859175676229,0.0012413833387234286,0.0011325147469666663
8524ae0bfffffff,CHN,0,1,0,False,20,,,,,,,,,,,,,,,,
8524aecffffffff,CHN,0,0,1,False,20,,,,,,,,,,,,,,,,
8524c01bfffffff,CHN,0,2,3,False,20,,,,,,,,,,,,,,,,
8524c04ffffffff,CHN,20,20,20,True,20,0.00010454681080927872,0.00010454681080927872,0.0007204295675601162,0.0006158827567508373,0.000125965645856024,0.000125965645856024,0.0008408850187378248,0.0007149193728818008,8.850993058456792e-05,8.850993058456792e-05,0.00017073803860407033,8.222810801950239e-05,0.0001529438605298555,0.0001529438605298555,0.0002514373046181372,9.84934440882817e-05
8524c207fffffff,CHN,20,20,20,True,20,0.00046414077453886397,0.00046414077453886397,0.003892173318771288,0.003428032544232423,0.0007946137064972833,0.0007946137064972833,0.004091196310249877,0.0032965826037525945,-0.002046386763697168,-0.002046386763697168,0.002209987641776135,0.004256374405473304,0.00014003770226100366,0.00014003770226100366,0.0020335275018895835,0.0018934897996285803
8524d2abfffffff,CHN,20,20,20,True,20,0.0007202574770473702,0.0007202574770473702,0.009979855736835082,0.00925959825978771,0.0010544520456225379,0.0010544520456225379,0.011869027229191479,0.010814575183568938,0.002367970943808504,0.002367970943808504,0.008821025520533434,0.006453054576724927,0.004569274477639376,0.004569274477639376,0.012522154479805103,0.007952880002165725
8524da13fffffff,CHN,0,1,2,False,20,,,,,,,,,,,,,,,,
8524de2bfffffff,CHN,1,3,4,False,20,,0.00011035711369668804,,,,0.00013447522401246085,,,,0.0,,,,0.0,,
8524e95bfffffff,CHN,0,1,3,False,20,,,,,,,,,,,,,,,,
8524f2cbfffffff,CHN,0,0,1,False,20,,,,,,,,,,,,,,,,
85255a3bfffffff,MNG,20,20,20,True,20,0.00026214605712514586,0.00026214605712514586,0.026971439391095003,0.026709293333969857,0.0013203914469836287,0.0013203914469836287,0.029733663638369996,0.02841327219138636,-0.002037276217307398,-0.002037276217307398,0.022552538079367572,0.02458981429667497,0.003464719307116666,0.003464719307116666,0.02605705356526819,0.022592334258151527
85258e0bfffffff,CHN,4,4,10,False,20,,5.408845564069084e-05,,,,6.707023032358095e-05,,,,0.00012309098035443553,,,,0.00015780692898544762,,
8525b023fffffff,CHN,20,20,20,True,20,0.00040459789092879073,0.00040459789092879073,0.008357857830272963,0.007953259939344173,0.000603891387556138,0.000603891387556138,0.00953655376700519,0.008932662379449053,-0.00014970761551407684,-0.00014970761551407684,0.0064982726444443115,0.0066479802599583885,0.0009371809773515958,0.0009371809773515958,0.009050931095843557,0.00811375011849196
8525b0a7fffffff,CHN,20,20,20,True,20,2.1743048453452298e-05,2.1743048453452298e-05,0.0028110123149799994,0.0027892692665265474,8.157236394003113e-05,8.157236394003113e-05,0.0033478683663252288,0.003266296002385197,0.0006247023249160453,0.0006247023249160453,0.0009019952194742389,0.00027729289455819336,0.0009353111028649712,0.0009353111028649712,0.0012628312759832671,0.0003275201731182962
8525b0abfffffff,CHN,2,3,7,False,20,,0.00011043614296658819,,,,0.00013512800667520185,,,,0.0,,,,0.0,,
8525b463fffffff,CHN,0,1,0,False,20,,,,,,,,,,,,,,,,
852c194ffffffff,IRN,0,1,0,False,20,,,,,,,,,,,,,,,,
852c1c63fffffff,IRN,10,14,16,False,20,,8.21194880264469e-05,,,,0.00010616852368953189,,,,0.0007432579300530268,,,,0.001103204345169619,,
852c88affffffff,IRN,0,1,0,False,20,,,,,,,,,,,,,,,,
852c8b6ffffffff,IRN,9,10,13,False,20,,6.0644007610646485e-05,,,,7.744229839044345e-05,,,,-0.00011706596403675051,,,,-0.00013722418795871473,,
852c8d43fffffff,IRN,0,0,2,False,20,,,,,,,,,,,,,,,,
852c9c53fffffff,IRN,7,9,8,False,20,,-3.7309210318191775e-05,,,,-2.0299321540403715e-05,,,,0.0,,,,0.0,,
852c9ddbfffffff,IRN,2,6,6,False,20,,0.0003411924930296943,,,,2.5027461527649563e-05,,,,0.0,,,,0.0,,
852ca8abfffffff,IRN,0,1,0,False,20,,,,,,,,,,,,,,,,
852caa87fffffff,IRN,0,3,1,False,20,,,,,,,,,,,,,,,,
852cac6ffffffff,IRN,6,10,10,False,20,,5.700336024907666e-05,,,,4.124062158030459e-05,,,,0.0,,,,0.0,,
852cc04ffffffff,IRN,0,1,0,False,20,,,,,,,,,,,,,,,,
852cc607fffffff,IRN,1,4,1,False,20,,0.00015735384289186736,,,,0.00019209776031846939,,,,0.0006020060144148391,,,,0.0007611819681218482,,
852cf013fffffff,IRN,1,1,2,False,20,,5.335137419884598e-05,,,,6.69217559908869e-05,,,,0.00028697616089031484,,,,0.0003503633267698603,,
852cf26bfffffff,IRN,2,5,4,False,20,,0.00011233084836749453,,,,0.00013532713743298847,,,,0.00043046424133547225,,,,0.0005255449901547905,,
852cf303fffffff,IRN,20,20,20,True,20,0.0032829108511169937,0.0032829108511169937,0.019302082379668076,0.016019171528551087,0.003848494764820216,0.003848494764820216,0.019094444077942616,0.015245949313122401,0.030078619156902398,0.030078619156902398,0.05836681504998783,0.028288195893085427,0.04798135198085743,0.04798135198085743,0.0821882542173341,0.03420690223647668
852cf31bfffffff,IRN,5,9,6,False,20,,0.00012435366741637635,,,,6.99614095303618e-05,,,,7.144005286563912e-05,,,,8.95227096733764e-05,,
852cf347fffffff,IRN,4,5,6,False,20,,0.0001385171946457325,,,,0.0,,,,0.0,,,,0.0,,
852cf38bfffffff,IRN,0,1,1,False,20,,,,,,,,,,,,,,,,
852cf3cffffffff,IRN,0,0,1,False,20,,,,,,,,,,,,,,,,
852cf48bfffffff,IRN,0,3,5,False,20,,,,,,,,,,,,,,,,
852cf513fffffff,IRN,12,16,14,False,20,,7.936897934956941e-05,,,,9.436617697080288e-05,,,,0.00043373257086759526,,,,0.0005687876056235226,,
852e0167fffffff,JPN,0,0,1,False,20,,,,,,,,,,,,,,,,
852e0803fffffff,JPN,20,20,20,True,20,0.00020826372409157414,0.00020826372409157414,0.0016964996713370408,0.0014882359472454664,0.0002847315379379932,0.0002847315379379932,0.002019344376215935,0.0017346128382779412,0.0002725356984161451,0.0002725356984161451,0.0005131641112314652,0.00024062841281532018,0.00042436157781466504,0.00042436157781466504,0.0007377204810945191,0.0003133589032798541
852e083bfffffff,JPN,0,1,0,False,20,,,,,,,,,,,,,,,,
852e084bfffffff,JPN,6,9,12,False,20,,9.134873967105154e-06,,,,1.5031630987439846e-05,,,,0.0,,,,0.0,,
852e086bfffffff,JPN,5,10,10,False,20,,3.0317108969902693e-05,,,,4.082590224904018e-05,,,,0.00015963093328225144,,,,0.00022227655649158682,,
852e0893fffffff,JPN,0,7,5,False,20,,,,,,,,,,,,,,,,
852e089bfffffff,JPN,4,6,9,False,20,,1.5465409901787133e-05,,,,2.2532058437708537e-05,,,,0.0,,,,0.0,,
852e08bbfffffff,JPN,1,6,3,False,20,,-0.00010301258056401236,,,,-0.000123449128061236,,,,0.0,,,,0.0,,
852e0a03fffffff,JPN,2,7,6,False,20,,6.357824254279446e-05,,,,8.062621923269016e-05,,,,0.0,,,,0.0,,
852e0a13fffffff,JPN,0,0,1,False,20,,,,,,,,,,,,,,,,
852e0a17fffffff,JPN,20,20,20,True,20,0.00011760715010840125,0.00011760715010840125,0.0006196057853443826,0.0005019986352359812,0.0001505055545430647,0.0001505055545430647,0.0007369901192568592,0.0005864845647137946,0.00011641139962564209,0.00011641139962564209,0.00012288446133204472,6.473061706402635e-06,0.00015465911600975359,0.00015465911600975359,0.00016190681631444688,7.2477003046933205e-06
852e0a1bfffffff,JPN,20,20,20,True,20,1.130879335659447e-06,1.130879335659447e-06,0.0013219094333277157,0.0013207785539920565,2.7381417907660125e-05,2.7381417907660125e-05,0.0015708841392313665,0.0015435027213237065,-2.8981717886968884e-05,-2.8981717886968884e-05,0.000199951262951373,0.00022893298083834188,-7.95373567794909e-06,-7.95373567794909e-06,0.00029386630260650945,0.00030182003828445856
852e0a8ffffffff,JPN,0,0,1,False,20,,,,,,,,,,,,,,,,
852e0c03fffffff,JPN,3,6,7,False,20,,5.036754795071766e-05,,,,6.20629200311072e-05,,,,0.0,,,,0.0,,
852e0c0bfffffff,JPN,17,19,17,False,20,,7.164070629978035e-05,,,,9.021397365404881e-05,,,,0.0008410573893817482,,,,0.0012618010817061597,,
852e0c2ffffffff,JPN,0,1,0,False,20,,,,,,,,,,,,,,,,
852e0c47fffffff,JPN,6,10,10,False,20,,5.904429711064862e-05,,,,7.463601547593716e-05,,,,4.7829360148385804e-05,,,,5.839388779497672e-05,,
852e0c7bfffffff,JPN,2,7,10,False,20,,-2.1037871110516263e-05,,,,-2.1860576376683046e-05,,,,0.0,,,,0.0,,
852e0c87fffffff,JPN,0,1,0,False,20,,,,,,,,,,,,,,,,
852e0c8ffffffff,JPN,8,8,12,False,20,,-2.0490643606851328e-05,,,,-2.0635310226281575e-05,,,,0.0,,,,0.0,,
852e0c97fffffff,JPN,20,20,20,True,20,9.923176161109747e-05,9.923176161109747e-05,0.0006335146819023101,0.0005342829202912127,0.00012849728930451645,0.00012849728930451645,0.0007525955764071155,0.0006240982871025993,-3.1357202435827485e-05,-3.1357202435827485e-05,0.0,3.1357202435827485e-05,-4.137976694915254e-05,-4.137976694915254e-05,0.0,4.137976694915254e-05
852e0cb3fffffff,JPN,16,18,18,False,20,,4.237384504004088e-05,,,,5.5150288550734276e-05,,,,-3.462603878116344e-05,,,,-4.45229631634812e-05,,
852e0cc3fffffff,JPN,0,0,1,False,20,,,,,,,,,,,,,,,,
852e0d03fffffff,JPN,9,15,12,False,20,,4.1923082365455505e-05,,,,5.4537329801319483e-05,,,,0.0,,,,0.0,,
852e0d73fffffff,JPN,5,9,10,False,20,,3.4467789566401296e-06,,,,6.296351568763e-06,,,,0.0,,,,0.0,,
852e0d97fffffff,JPN,1,4,3,False,20,,1.9287740691107305e-05,,,,2.5404879639209023e-05,,,,0.0,,,,0.0,,
852e0d9bfffffff,JPN,5,12,6,False,20,,7.797046336643169e-05,,,,9.747625809324015e-05,,,,-2.589224682561054e-05,,,,-2.8990801218773282e-05,,
852e0db7fffffff,JPN,0,0,1,False,20,,,,,,,,,,,,,,,,
852e0dc3fffffff,JPN,0,1,1,False,20,,,,,,,,,,,,,,,,
852e0dcffffffff,JPN,0,1,1,False,20,,,,,,,,,,,,,,,,
852e0dd3fffffff,JPN,0,1,0,False,20,,,,,,,,,,,,,,,,
852e0e4ffffffff,JPN,20,20,20,True,20,2.9378067608245515e-05,2.9378067608245515e-05,0.0008784200844864781,0.0008490420168782327,5.280069043131298e-05,5.280069043131298e-05,0.001044739284562558,0.000991938594131245,0.00016112308667819454,0.00016112308667819454,0.0001807660693387316,1.9642982660537067e-05,0.0002316505780092658,0.0002316505780092658,0.00025433599945931453,2.2685421450048726e-05
852e0e6bfffffff,JPN,12,15,15,False,20,,1.9469239388261075e-05,,,,2.7095574520649717e-05,,,,8.53982633409167e-05,,,,0.0001267060976042411,,
852e0e73fffffff,JPN,2,4,4,False,20,,0.00016719551860165568,,,,0.0002155845217249459,,,,0.0,,,,0.0,,
852e0e77fffffff,JPN,0,1,1,False,20,,,,,,,,,,,,,,,,
852e0ea3fffffff,JPN,20,20,20,True,20,0.0002439501241920584,0.0002439501241920584,0.0018864066516620392,0.0016424565274699807,0.0003241397682419081,0.0003241397682419081,0.0022446142868338863,0.001920474518591978,0.00030123751091747466,0.00030123751091747466,0.0005641958214508063,0.00026295831053333167,0.0004876616828416098,0.0004876616828416098,0.000831172425901458,0.0003435107430598483
852e0eabfffffff,JPN,0,1,0,False,20,,,,,,,,,,,,,,,,
852e0eb7fffffff,JPN,15,17,16,False,20,,-4.170938468581304e-05,,,,-4.179392968907459e-05,,,,0.0,,,,0.0,,
852e132bfffffff,JPN,20,20,20,True,20,0.00018537285895397953,0.00018537285895397953,0.0016599685727010378,0.001474595713747058,0.00025173256576308965,0.00025173256576308965,0.0019746224832190152,0.0017228899174559255,0.00039180061769062693,0.00039180061769062693,0.0007144509168347582,0.00032265029914413124,0.0006350954218049844,0.0006350954218049844,0.0010341065469161553,0.0003990111251111709
852e1917fffffff,JPN,20,20,20,True,20,0.0002837578503100801,0.0002837578503100801,0.002060750091931471,0.0017769922416213907,0.00037395783399401893,0.00037395783399401893,0.0024516535824240107,0.002077695748429992,5.722940046911266e-05,5.722940046911266e-05,0.00013225089092715403,7.50214904580414e-05,8.492621846406504e-05,8.492621846406504e-05,0.00017798922507494212,9.306300661087706e-05
852e194ffffffff,JPN,16,17,19,False,20,,8.429005763041298e-05,,,,0.0001048935635288825,,,,2.6727105561376125e-05,,,,3.3616609294320135e-05,,
852e1a0ffffffff,JPN,1,2,1,False,20,,0.00013957005149225202,,,,0.00016979050832150705,,,,0.0,,,,0.0,,
852e1a27fffffff,JPN,0,1,0,False,20,,,,,,,,,,,,,,,,
852e1a6bfffffff,JPN,20,20,20,True,20,0.0001567366802838524,0.0001567366802838524,0.001139833829847595,0.0009830971495637425,0.00020707683104421236,0.00020707683104421236,0.0013559405146834481,0.0011488636836392355,0.0006400602756722301,0.0006400602756722301,0.0006679617499861328,2.790147431390275e-05,0.0009615913800587585,0.0009615913800587585,0.0009972929152247706,3.570153516601214e-05
852e1b47fffffff,JPN,0,3,3,False,20,,,,,,,,,,,,,,,,
852e1b53fffffff,JPN,19,20,19,False,20,,0.00012675850202996988,,,,0.00015821568373579123,,,,1.8209883234341226e-05,,,,3.1622802459463505e-05,,
852e1b57fffffff,JPN,20,20,20,True,20,0.0030113654940664876,0.0030113654940664876,0.01715495407988394,0.014143588585817452,0.0038691921233471155,0.0038691921233471155,0.02039453154418123,0.01652533942083411,0.0030535457555047854,0.0030535457555047854,0.004751444718846288,0.001697898963341503,0.0045676759670157845,0.0045676759670157845,0.00673544253023398,0.0021677665632181954
852e1b73fffffff,JPN,20,20,20,True,20,6.775795829088279e-05,6.775795829088279e-05,0.0004879334325879175,0.0004201754742970346,8.849333501844291e-05,8.849333501844291e-05,0.0005800722315803881,0.0004915788965619451,-5.884605006041086e-05,-5.884605006041086e-05,0.0,5.884605006041086e-05,-7.306738368964089e-05,-7.306738368964089e-05,0.0,7.306738368964089e-05
852e1b87fffffff,JPN,16,17,19,False,20,,0.0002415078035090856,,,,0.0002970994636233863,,,,0.00012809739501137504,,,,0.00019005914640636166,,
852e1b9bfffffff,JPN,19,20,19,False,20,,0.0001532843192899654,,,,0.0001876757675560732,,,,0.00013530363533819677,,,,0.00019131129076631697,,
852e1bb7fffffff,JPN,0,0,1,False,20,,,,,,,,,,,,,,,,
852e1bc3fffffff,JPN,19,20,19,False,20,,4.1490365929596795e-05,,,,5.815317646428708e-05,,,,0.00011368126715377172,,,,0.0001742046382182404,,
852e1bc7fffffff,JPN,1,11,3,False,20,,3.9676321000369844e-05,,,,5.0326574099988095e-05,,,,0.0,,,,0.0,,
852e1bcffffffff,JPN,3,6,8,False,20,,5.866195308982885e-05,,,,7.610265570166214e-05,,,,0.0,,,,0.0,,
852e1d2bfffffff,JPN,0,6,2,False,20,,,,,,,,,,,,,,,,
852e1da7fffffff,JPN,1,2,5,False,20,,8.278337467704439e-05,,,,9.629093234447998e-05,,,,0.0,,,,0.0,,
852e1e0ffffffff,JPN,0,0,1,False,20,,,,,,,,,,,,,,,,
852e1e6bfffffff,JPN,0,0,2,False,20,,,,,,,,,,,,,,,,
852e1e6ffffffff,JPN,20,20,20,True,20,0.00018363551557892049,0.00018363551557892049,0.0007213199185955265,0.000537684403016606,0.00022906482503396033,0.00022906482503396033,0.0008576475772123431,0.0006285827521783827,-5.2427751089075054e-05,-5.2427751089075054e-05,4.304642413354723e-05,9.547417522262229e-05,-7.45381077149806e-05,-7.45381077149806e-05,5.255449901547905e-05,0.00012709260673045964
852e2923fffffff,JPN,19,19,20,False,20,,0.00013521766951736551,,,,0.0001712571765271341,,,,0.00018202109099509588,,,,0.00027918243567242565,,
852e2937fffffff,JPN,1,5,7,False,20,,8.087066306801418e-06,,,,1.0150217754267108e-05,,,,0.0,,,,0.0,,
852e293bfffffff,JPN,0,3,8,False,20,,,,,,,,,,,,,,,,
852e2947fffffff,JPN,0,1,1,False,20,,,,,,,,,,,,,,,,
852e2953fffffff,JPN,20,20,20,True,20,0.00014154843636142466,0.00014154843636142466,0.000970964310607241,0.0008294158742458166,0.000185795234456042,0.000185795234456042,0.001154938903402064,0.0009691436689460221,0.00015267266429790528,0.00015267266429790528,0.00020001647798337311,4.734381368546782e-05,0.00022795392756236834,0.00022795392756236834,0.00028625771954320203,5.830379198083369e-05
852e2977fffffff,JPN,2,7,4,False,20,,0.00012331328563473605,,,,0.00015108396445606982,,,,0.0,,,,0.0,,
852e297bfffffff,JPN,20,20,20,True,20,0.0001478947427835577,0.0001478947427835577,0.0005748619559336886,0.000426967213150131,0.00018535489055731527,0.00018535489055731527,0.0006837172289084418,0.0004983623383511264,0.0001564737212644306,0.0001564737212644306,0.00018532126201158193,2.8847540747151307e-05,0.00023127219947975745,0.00023127219947975745,0.00026838621373153894,3.7114014251781474e-05
852e2987fffffff,JPN,9,13,12,False,20,,-1.557317230459952e-05,,,,-1.4711516738562906e-05,,,,-0.00018469918830507179,,,,-0.00022218655862525465,,
852e298bfffffff,JPN,20,20,20,True,20,2.6869501305914284e-05,2.6869501305914284e-05,0.0007691802014443119,0.0007423107001383977,4.638199768938196e-05,4.638199768938196e-05,0.0009140700347416248,0.000867688037052243,8.395549025169962e-07,8.395549025169962e-07,4.0078875226445644e-05,3.923932032392865e-05,5.778560050194107e-06,5.778560050194107e-06,5.708805261234929e-05,5.130949256215519e-05
852e298ffffffff,JPN,0,1,0,False,20,,,,,,,,,,,,,,,,
852e2997fffffff,JPN,20,20,20,True,20,0.00017675662736366988,0.00017675662736366988,0.0006658185546583092,0.0004890619272946393,0.00022105775830281318,0.00022105775830281318,0.0007938548949264056,0.0005727971366235926,4.708566777067141e-05,4.708566777067141e-05,5.699564553268131e-05,9.909977762009901e-06,7.421731441838321e-05,7.421731441838321e-05,8.553588230262595e-05,1.1318567884242742e-05
852e29a3fffffff,JPN,0,1,1,False,20,,,,,,,,,,,,,,,,
852e29a7fffffff,JPN,13,13,18,False,20,,3.083047742263308e-05,,,,4.086106749428573e-05,,,,7.485629462838716e-05,,,,0.0001098791219779121,,
852e29affffffff,JPN,0,2,2,False,20,,,,,,,,,,,,,,,,
852e29b3fffffff,JPN,3,7,11,False,20,,2.2503209568088873e-06,,,,8.467317161346967e-06,,,,0.0,,,,0.0,,
852e29b7fffffff,JPN,20,20,20,True,20,9.07908793624138e-05,9.07908793624138e-05,0.0006168555242233242,0.0005260646448609106,0.00012007175174350052,0.00012007175174350052,0.0007343617898804351,0.0006142900381369344,0.00023163073887936996,0.00023163073887936996,0.00023163073887936996,0.0,0.0003239221589213759,0.0003239221589213759,0.0003239221589213759,0.0
852e29c7fffffff,JPN,9,11,13,False,20,,1.4044810625359364e-05,,,,2.178539621769184e-05,,,,0.0,,,,0.0,,
852e2b03fffffff,JPN,0,1,0,False,20,,,,,,,,,,,,,,,,
852e2b0bfffffff,JPN,19,19,20,False,20,,9.676176740429448e-05,,,,0.00012632989393939086,,,,-4.1044062022452294e-05,,,,-4.49030155314745e-05,,
852e2b0ffffffff,JPN,0,0,2,False,20,,,,,,,,,,,,,,,,
852e2b27fffffff,JPN,20,20,20,True,20,0.00020143521447056346,0.00020143521447056346,0.0008870269854745359,0.0006855917710039724,0.00025284708711673435,0.00025284708711673435,0.0010545270359582487,0.0008016799488415145,8.086541276937718e-05,8.086541276937718e-05,8.086541276937718e-05,0.0,0.00011132027304247998,0.00011132027304247998,0.00011132027304247998,0.0
852e2b2bfffffff,JPN,0,0,1,False,20,,,,,,,,,,,,,,,,
852e2b2ffffffff,JPN,0,3,3,False,20,,,,,,,,,,,,,,,,
852e2b33fffffff,JPN,1,5,5,False,20,,0.00010608365069985021,,,,0.00013535399612958317,,,,0.0,,,,0.0,,
852e2b43fffffff,JPN,20,20,20,True,20,8.970202245394513e-05,8.970202245394513e-05,0.0003246592758688691,0.00023495725341492408,0.00011153113990889662,0.00011153113990889662,0.000386146370936072,0.0002746152310271753,-1.298724601838717e-05,-1.298724601838717e-05,7.807856737066265e-05,9.106581338904982e-05,-9.473698502628423e-06,-9.473698502628423e-06,0.00010970363035907579,0.00011917732886170421
852e2b47fffffff,JPN,20,20,20,True,20,0.001340657230549332,0.001340657230549332,0.009717052907098818,0.008376395676549483,0.001768619869492425,0.001768619869492425,0.011557210433541697,0.009788590564049272,0.0010485446554878582,0.0010485446554878582,0.0027307145882924646,0.0016821699328046062,0.0017802673930036295,0.0017802673930036295,0.0039023793183423265,0.0021221119253386966
852e2b4bfffffff,JPN,2,4,6,False,20,,-5.682975971664106e-05,,,,-6.174689923011898e-05,,,,-0.0006270142833853756,,,,-0.0008330209504769045,,
852e2b4ffffffff,JPN,9,13,14,False,20,,1.0829455173962694e-05,,,,1.5501576974684162e-05,,,,0.0,,,,0.0,,
852e2b67fffffff,JPN,20,20,20,True,20,0.0002482992030507083,0.0002482992030507083,0.0011304938309028068,0.0008821946278520986,0.00031243060639356225,0.00031243060639356225,0.0013427772004234318,0.0010303465940298695,0.00020495147962777726,0.00020495147962777726,0.00026582110426234373,6.086962463456647e-05,0.00031422987313991634,0.00031422987313991634,0.0003890209207298408,7.479104758992446e-05
852e2b6ffffffff,JPN,11,15,14,False,20,,9.870176716585756e-05,,,,0.00012204638868834268,,,,3.065250682865866e-05,,,,5.3176410134330666e-05,,
852e2b83fffffff,JPN,0,1,0,False,20,,,,,,,,,,,,,,,,
852e2ba3fffffff,JPN,9,14,13,False,20,,3.457355358278677e-05,,,,4.461666005038634e-05,,,,0.00021625151781534067,,,,0.0003174285746028572,,
852e2babfffffff,JPN,20,20,20,True,20,0.00012770007259311193,0.00012770007259311193,0.0009420052141500929,0.000814305141556981,0.00016776948179269443,0.00016776948179269443,0.0011209959924577066,0.000953226510665012,1.8161102639727797e-05,1.8161102639727797e-05,0.00014437823314585792,0.00012621713050613013,4.396967106123094e-05,4.396967106123094e-05,0.00020471912244031525,0.0001607494513790843
852e2bb3fffffff,JPN,0,2,1,False,20,,,,,,,,,,,,,,,,
852e2bb7fffffff,JPN,20,20,20,True,20,0.0003702333182677804,0.0003702333182677804,0.003492565523997951,0.00312233220573017,0.0005036183204146123,0.0005036183204146123,0.004155382465974621,0.003651764145560009,0.0009738226353351217,0.0009738226353351217,0.0012009813994359208,0.00022715876410079914,0.001372298512789438,0.001372298512789438,0.0016602079355440107,0.0002879094227545728
852e2da7fffffff,JPN,1,1,4,False,20,,2.557915073865999e-05,,,,3.702444904632042e-05,,,,0.0,,,,0.0,,
852e4483fffffff,JPN,4,10,11,False,20,,2.215129973685295e-05,,,,2.5181630712239924e-05,,,,-0.0001189207702260446,,,,-0.00014794475151199535,,
852e449bfffffff,JPN,20,20,20,True,20,0.0002029929260545968,0.0002029929260545968,0.0011861421561971195,0.000983149230142523,0.0002596942491694827,0.0002596942491694827,0.0014097375224814295,0.001150043273311947,-5.273650954334636e-05,-5.273650954334636e-05,1.786001321640978e-05,7.059652275975614e-05,-7.030858209296364e-05,-7.030858209296364e-05,2.23806774183441e-05,9.268925951130773e-05
852e44d3fffffff,JPN,20,20,20,True,20,0.0005884108988756335,0.0005884108988756335,0.003608087979388902,0.0030196770805132685,0.0007553638445362056,0.0007553638445362056,0.004285301758173563,0.0035299379136373584,-0.00022230852653277894,-0.00022230852653277894,0.00023444870185111564,0.0004567572283838946,-0.0002392862134649845,-0.0002392862134649845,0.0003370929861395216,0.000576379199604506
852e44dbfffffff,JPN,3,6,11,False,20,,2.6740382769795194e-05,,,,3.6207940838032245e-05,,,,0.0,,,,0.0,,
852e6007fffffff,JPN,20,20,20,True,20,0.0010217204559394364,0.0010217204559394364,0.007245459972518599,0.006223739516579163,0.001339435195919575,0.001339435195919575,0.00861684006449738,0.007277404868577804,0.0012217999985498378,0.0012217999985498378,0.001941301829465936,0.0007195018309160979,0.0018557925319737587,0.0018557925319737587,0.0027632300377949145,0.0009074375058211565
852e600bfffffff,JPN,20,20,20,True,20,0.0002385913942808316,0.0002385913942808316,0.0016963044476455812,0.0014577130533647495,0.00031518249766944765,0.00031518249766944765,0.0020191970607586858,0.001704014563089238,-6.614828715473717e-05,-6.614828715473717e-05,0.0001815755481741775,0.0002477238353289147,-4.798297537241454e-05,-4.798297537241454e-05,0.00026997347118641157,0.00031795644655882615
852e600ffffffff,JPN,20,20,20,True,20,6.430139979007016e-05,6.430139979007016e-05,0.0008484853593694727,0.0007841839595794023,9.264209640564449e-05,9.264209640564449e-05,0.0010106496304417084,0.0009180075340360638,0.0003748078410519114,0.0003748078410519114,0.0005108786031630536,0.00013607076211114217,0.0005665629454177279,0.0005665629454177279,0.0007336394874201478,0.00016707654200241978
852e6013fffffff,JPN,20,20,20,True,20,9.989607727861579e-05,9.989607727861579e-05,0.000635804003687078,0.0005359079264084623,0.00012961527831450946,0.00012961527831450946,0.0007556116895521966,0.0006259964112376871,0.00016821350948748436,0.00016821350948748436,0.00026536148836107606,9.71479788735917e-05,0.00027480096078474946,0.00027480096078474946,0.00039722859764759565,0.00012242763686284608
852e601bfffffff,JPN,20,20,20,True,20,0.0003735167443608906,0.0003735167443608906,0.0018416492875178308,0.0014681325431569402,0.0004733530604881262,0.0004733530604881262,0.002189474849143541,0.0017161217886554141,-0.0002815048892866738,-0.0002815048892866738,0.00020502672598890457,0.0004865316152755783,-0.00030687561352167326,-0.00030687561352167326,0.0002988107850660887,0.0006056863985877619
852e6027fffffff,JPN,20,20,20,True,20,0.00015662375099784778,0.00015662375099784778,0.0004933633457091087,0.0003367395947112609,0.00019372036242290184,0.00019372036242290184,0.0005868010548128679,0.000393080692389966,3.515940228903395e-05,3.515940228903395e-05,6.651660472486144e-05,3.1357202435827485e-05,5.242233975483443e-05,5.242233975483443e-05,9.380210670398696e-05,4.137976694915254e-05
852e602ffffffff,JPN,19,20,19,False,20,,7.286264109552842e-05,,,,9.366856946538694e-05,,,,-8.114591983541372e-06,,,,-9.577947073056889e-06,,
852e6033fffffff,JPN,4,10,8,False,20,,4.245028963336363e-05,,,,5.1739182734197396e-05,,,,0.0,,,,0.0,,
852e6043fffffff,JPN,20,20,20,True,20,0.0006548798674346013,0.0006548798674346013,0.004145011701829319,0.0034901318343947183,0.0008485292432542657,0.0008485292432542657,0.004929464593911301,0.004080935350657036,0.0006888668513771877,0.0006888668513771877,0.0010803178191973032,0.0003914509678201154,0.0010836403865050086,0.0010836403865050086,0.0015778997808023401,0.0004942593942973313
852e6047fffffff,JPN,20,20,20,True,20,0.0009865953831179276,0.0009865953831179276,0.007420487382502732,0.006433891999384804,0.0013017784162077525,0.0013017784162077525,0.008822492231296195,0.0075207138150884395,0.0008699272273016333,0.0008699272273016333,0.0015941323026388951,0.0007242050753372617,0.001389126862748567,0.001389126862748567,0.002301586508634643,0.0009124596458860759
852e604bfffffff,JPN,20,20,20,True,20,3.1934672552496154e-05,3.1934672552496154e-05,0.0010149467486933184,0.0009830120761408219,5.9402259268508855e-05,5.9402259268508855e-05,0.001206666362254019,0.0011472641029855101,-0.0002971808209720961,-0.0002971808209720961,0.00014821264864627777,0.0004453934696183738,-0.0003557508890557911,-0.0003557508890557911,0.0002045107848834097,0.0005602616739392009
852e604ffffffff,JPN,20,20,20,True,20,0.0010763412092136744,0.0010763412092136744,0.005230654993538409,0.004154313784324735,0.001364011960092636,0.001364011960092636,0.006221638115260975,0.004857626155168339,0.0017007882218843962,0.0017007882218843962,0.0023970711601399813,0.0006962829382555857,0.0025896629611714544,0.0025896629611714544,0.003475618670246111,0.000885955709074656
852e6053fffffff,JPN,20,20,20,True,20,0.0004538781971960377,0.0004538781971960377,0.0022399719958686114,0.0017860937986725744,0.0005453395214649254,0.0005453395214649254,0.002600986308223513,0.002055646786758587,0.00015649480478268951,0.00015649480478268951,0.0003155912635773092,0.00015909645879461976,0.0001216840323853002,0.0001216840323853002,0.0003250273905180315,0.00020334335813273135
852e6057fffffff,JPN,20,20,20,True,20,0.008334294121368513,0.008334294121368513,0.05954304648908665,0.05120875236771816,0.01096214757786492,0.01096214757786492,0.07078762744580559,0.05982547986794069,0.004842172632263712,0.004842172632263712,0.017535177933205217,0.012693005300941501,0.009017226904907086,0.009017226904907086,0.025059688676461817,0.016042461771554734
852e605bfffffff,JPN,20,20,20,True,20,0.0005460310510867891,0.0005460310510867891,0.0033994231663492082,0.0028533921152624187,0.000645063598915124,0.000645063598915124,0.003886370878089085,0.003241307279173962,0.0018820583093576606,0.0018820583093576606,0.0025361474855460824,0.0006540891761884216,0.0023874495551373404,0.0023874495551373404,0.003216791843867704,0.0008293422887303643
852e6063fffffff,JPN,4,7,8,False,20,,5.3419022732394503e-05,,,,6.716567006613256e-05,,,,0.0001995386666028143,,,,0.00027784569561448353,,
852e6067fffffff,JPN,3,7,5,False,20,,8.799321342363302e-05,,,,0.00011019012232412633,,,,0.0,,,,0.0,,
852e606bfffffff,JPN,12,18,13,False,20,,-9.122596903140825e-06,,,,-5.291213947158477e-06,,,,6.679812537740942e-05,,,,9.514675435391549e-05,,
852e6073fffffff,JPN,8,11,11,False,20,,3.821238660997762e-05,,,,4.88777191027416e-05,,,,0.0001698221192343627,,,,0.00021165049648381328,,
852e607bfffffff,JPN,20,20,20,True,20,0.00021038570603626222,0.00021038570603626222,0.0015471277294350737,0.0013367420233988112,0.00023559261588447083,0.00023559261588447083,0.0016344919333141183,0.0013988993174296478,4.7771206596370905e-05,4.7771206596370905e-05,0.0002591012608577184,0.00021133005426134756,-1.4862853183633522e-05,-1.4862853183633522e-05,0.00025409874979717787,0.00026896160298081135
852e608bfffffff,JPN,2,6,4,False,20,,4.26924839319926e-05,,,,5.696589785617001e-05,,,,0.0,,,,0.0,,
852e6097fffffff,JPN,0,1,1,False,20,,,,,,,,,,,,,,,,
852e60a3fffffff,JPN,20,20,20,True,20,0.0001320024614711406,0.0001320024614711406,0.0007364129748696265,0.0006044105133984862,0.00016955267096652136,0.00016955267096652136,0.0008757853343712592,0.0007062326634047378,-5.194689918780445e-05,-5.194689918780445e-05,3.903480219887233e-05,9.098170138667675e-05,-6.570743700662417e-05,-6.570743700662417e-05,4.901839629017166e-05,0.00011472583329679583
852e60abfffffff,JPN,20,20,20,True,20,0.0005791667560962027,0.0005791667560962027,0.0038536885321588028,0.0032745217760626,0.0007532134793828782,0.0007532134793828782,0.004566716006484647,0.0038135025271017696,0.0006477170844055756,0.0006477170844055756,0.0009334394816927414,0.0002857223972871658,0.001000412144075998,0.001000412144075998,0.0013637248346259942,0.0003633126905499963
852e60b3fffffff,JPN,9,12,11,False,20,,-1.8272849078565983e-06,,,,6.918621181949953e-07,,,,0.0,,,,0.0,,
852e60b7fffffff,JPN,0,0,1,False,20,,,,,,,,,,,,,,,,
852e60c3fffffff,JPN,20,20,20,True,20,0.0012091741306556824,0.0012091741306556824,0.0067468168622878254,0.005537642731632144,0.0015559715360977367,0.0015559715360977367,0.008027845049645198,0.00647187351354746,0.0005432627491426821,0.0005432627491426821,0.0015283154761370678,0.0009850527269943858,0.0010466198139056685,0.0010466198139056685,0.0022596637534497213,0.0012130439395440528
852e60c7fffffff,JPN,20,20,20,True,20,0.0004531190336196721,0.0004531190336196721,0.0033899936270119146,0.0029368745933922432,0.0006040466015191946,0.0006040466015191946,0.004032112122761998,0.0034280655212428025,-9.73114345136216e-05,-9.73114345136216e-05,0.0005284155255037636,0.0006257269600173852,-2.420400777260912e-05,-2.420400777260912e-05,0.0007162034581895146,0.0007404074659621239
852e60cbfffffff,JPN,20,20,20,True,20,0.001190273354554119,0.001190273354554119,0.005905421388539502,0.004715148033985382,0.0014840084076637756,0.0014840084076637756,0.006770886993238941,0.005286878585575165,0.00031275167569539867,0.00031275167569539867,0.000677656239469372,0.0003649045637739732,0.0005019858141275958,0.0005019858141275958,0.0009818058085993829,0.00047981999447178696
852e60cffffffff,JPN,20,20,20,True,20,0.0003158887433680936,0.0003158887433680936,0.0012597217694289575,0.0009438330260608639,0.00039530901483982706,0.00039530901483982706,0.001498632896575048,0.0011033238817352213,0.0004628673568474677,0.0004628673568474677,0.0005269843296342625,6.41169727867948e-05,0.0006926779756586226,0.0006926779756586226,0.0007783908154399297,8.571283978130708e-05
852e60d3fffffff,JPN,17,19,18,False,20,,9.163242597076375e-05,,,,0.00011579960835935979,,,,8.329656312003489e-05,,,,0.00012176870273572443,,
852e60d7fffffff,JPN,13,15,16,False,20,,4.6957375579577785e-05,,,,5.992504950608336e-05,,,,8.76856085118174e-05,,,,0.000131593665080963,,
852e6103fffffff,JPN,20,20,20,True,20,0.0006407694860869482,0.0006407694860869482,0.0038900405576303724,0.0032492710715434233,0.0008256601195989583,0.0008256601195989583,0.00462579413501059,0.003800134015411633,0.00026267495433671855,0.00026267495433671855,0.0005236573290416053,0.00026098237470488674,0.000431105171353549,0.000431105171353549,0.00076489155554026,0.00033378638418671107
852e6107fffffff,JPN,20,20,20,True,20,0.02025040601799967,0.02025040601799967,0.1405713029472055,0.1203208969292058,0.02100139926591883,0.02100139926591883,0.14623546159013995,0.12523406232422113,0.029462018937653038,0.029462018937653038,0.0696319912318589,0.040169972294205866,0.021922956862281955,0.021922956862281955,0.0611234840979127,0.03920052723563075
852e610bfffffff,JPN,20,20,20,True,20,0.0005907808039362182,0.0005907808039362182,0.005487396361525239,0.00489661555758902,0.0007983689590592202,0.0007983689590592202,0.006524108381174271,0.005725739422115051,0.0004267806376960703,0.0004267806376960703,0.0012159778747833907,0.0007891972370873206,0.0007482988120159496,0.0007482988120159496,0.001736723337663409,0.0009884245256474595
852e610ffffffff,JPN,20,20,20,True,20,0.0012538157759542528,0.0012538157759542528,0.007855032513264085,0.006601216737309834,0.0016326216826821134,0.0016326216826821134,0.009346087857393649,0.007713466174711534,0.0009857616231934243,0.0009857616231934243,0.0017641686789141946,0.0007784070557207699,0.0015100273411389725,0.0015100273411389725,0.0025165854651596925,0.0010065581240207198
852e6113fffffff,JPN,20,20,20,True,20,0.0005454094065997334,0.0005454094065997334,0.003015292934264554,0.0024698835276648207,0.0006991331720855051,0.0006991331720855051,0.0035859341895273927,0.002886801017441887,0.0004817985778187041,0.0004817985778187041,0.0011480553047277953,0.0006662567269090913,0.0008369532989697668,0.0008369532989697668,0.0016862028110532557,0.0008492495120834888
852e6117fffffff,JPN,20,20,20,True,20,0.0006828014169350909,0.0006828014169350909,0.003645573103492118,0.0029627716865570273,0.0008743449375735913,0.0008743449375735913,0.004340680341413119,0.0034663354038395266,0.0006645077710127047,0.0006645077710127047,0.0009476522260668235,0.0002831444550541187,0.0009740983610027695,0.0009740983610027695,0.0013345935252889573,0.00036049516428618753
852e611bfffffff,JPN,20,20,20,True,20,0.0006974448530844138,0.0006974448530844138,0.005474411497753033,0.004776966644668618,0.0008968587203916454,0.0008968587203916454,0.006419165913006975,0.005522307192615329,0.00018761976179828933,0.00018761976179828933,0.0006788769856126522,0.0004912572238143628,0.0003550507183565577,0.0003550507183565577,0.0009809404273775138,0.0006258897090209561
852e6123fffffff,JPN,20,20,20,True,20,0.003928214790055384,0.003928214790055384,0.025741822966794302,0.021813608176738917,0.005118239522724865,0.005118239522724865,0.03061566771725043,0.02549742819452556,0.0030035216403771535,0.0030035216403771535,0.006453081018790237,0.0034495593784130826,0.005019639444930177,0.005019639444930177,0.00941414148409456,0.004394502039164385
852e6127fffffff,JPN,20,20,20,True,20,0.00013453256385277977,0.00013453256385277977,0.0014533893206514568,0.0013188567567986773,0.0001876244633048065,0.0001876244633048065,0.0017308388769148048,0.0015432144136099987,0.0002423998161481004,0.0002423998161481004,0.00031783386366630677,7.543404751820638e-05,0.0003695708092625062,0.0003695708092625062,0.00046302142923732666,9.345061997482055e-05
852e612bfffffff,JPN,14,17,16,False,20,,0.0002648060142562135,,,,0.00032676168456539635,,,,0.0001698399090427159,,,,0.00023591758577938597,,
852e613bfffffff,JPN,20,20,20,True,20,0.0011334932217018096,0.0011334932217018096,0.008110677393630058,0.006977184171928247,0.0014952478205584277,0.0014952478205584277,0.009650120573018922,0.008154872752460494,0.00039900798527246317,0.00039900798527246317,0.0020587659026980168,0.0016597579174255535,0.0008789569082450505,0.0008789569082450505,0.002991088390390026,0.002112131482144976
852e6143fffffff,JPN,20,20,20,True,20,0.0007294687763373592,0.0007294687763373592,0.0047124414082358925,0.003982972631898533,0.0009467024422928596,0.0009467024422928596,0.005604494205221343,0.004657791762928484,0.0007189337983118903,0.0007189337983118903,0.001443792223399728,0.0007248584250878373,0.0011410113347171602,0.0011410113347171602,0.0020672573837326085,0.0009262460490154481
852e6147fffffff,JPN,20,20,20,True,20,0.002856773685132194,0.002856773685132194,0.018321387888235417,0.01546461420310322,0.0037185290856761566,0.0037185290856761566,0.02179195109228374,0.018073422006607588,0.0031848065707708755,0.0031848065707708755,0.0057734451807317155,0.0025886386099608404,0.005052203517636215,0.005052203517636215,0.008293341349471644,0.0032411378318354276
852e6157fffffff,JPN,20,20,20,True,20,0.0002793574882940726,0.0002793574882940726,0.002345610550450438,0.002066253062156365,0.00037394256353020524,0.00037394256353020524,0.002791111394384699,0.0024171688308544945,6.986090760754158e-05,6.986090760754158e-05,0.00022775747956163198,0.0001578965719540904,0.00011633075373507296,0.00011633075373507296,0.00031741916008075154,0.0002010884063456786
852e615bfffffff,JPN,20,20,20,True,20,0.0003718152769032851,0.0003718152769032851,0.0019974899359672333,0.001625674659063948,0.0004749600036216239,0.0004749600036216239,0.0023752354409252874,0.001900275437303664,0.00011336879038455791,0.00011336879038455791,0.0001810465301946245,6.767773981006662e-05,0.00017935062300555196,0.00017935062300555196,0.00026066081449116984,8.131019148561788e-05
852e616bfffffff,JPN,0,0,2,False,20,,,,,,,,,,,,,,,,
852e6173fffffff,JPN,14,17,16,False,20,,-2.4624733677529723e-05,,,,-2.425233458834791e-05,,,,-4.479600347975355e-05,,,,-5.911395278450363e-05,,
852e6177fffffff,JPN,20,20,20,True,20,0.0002052680099817886,0.0002052680099817886,0.0012954884084125894,0.0010902203984308005,0.0002665317598916896,0.0002665317598916896,0.0015413393705744276,0.0012748076106827376,0.000394561262014069,0.000394561262014069,0.00043520821645180496,4.064695443773602e-05,0.0005520058465324467,0.0005520058465324467,0.0006021196176726184,5.01137711401716e-05
852e6183fffffff,JPN,0,2,3,False,20,,,,,,,,,,,,,,,,
852e6187fffffff,JPN,5,10,8,False,20,,6.538636702659037e-05,,,,8.209647084913898e-05,,,,0.0,,,,0.0,,
852e618bfffffff,JPN,20,20,20,True,20,6.910662142704175e-05,6.910662142704175e-05,0.0004929199797685767,0.0004238133583415349,9.115933063119091e-05,9.115933063119091e-05,0.0005868690660753179,0.0004957097354441269,0.00010513653548034724,0.00010513653548034724,0.00010513653548034724,0.0,0.00015544515758651503,0.00015544515758651503,0.00015544515758651503,0.0
852e618ffffffff,JPN,15,19,15,False,20,,1.5531089653395548e-05,,,,2.3862099022527296e-05,,,,7.981068904558388e-05,,,,0.0001211526462766763,,
852e61a7fffffff,JPN,3,6,8,False,20,,-3.1964049469423676e-05,,,,-3.25078208884146e-05,,,,0.0,,,,0.0,,
852e61abfffffff,JPN,20,20,20,True,20,0.0001576148723118486,0.0001576148723118486,0.001144060300535365,0.000986445428223516,0.0002083226504558733,0.0002083226504558733,0.0013611253952239245,0.0011528027447680511,-6.308005345127953e-05,-6.308005345127953e-05,0.00023051640911403017,0.0002935964625653097,-3.5684306793578985e-05,-3.5684306793578985e-05,0.0003354732827239436,0.00037115758951752263
852e61affffffff,JPN,20,20,20,True,20,0.00024177115542437546,0.00024177115542437546,0.0016919298443472523,0.0014501586889228766,0.0003355394434349535,0.0003355394434349535,0.0019023214543074664,0.0015667820108725128,5.584020516773429e-06,5.584020516773429e-06,0.0001426889071543941,0.00013710488663762067,1.8725046221260968e-05,1.8725046221260968e-05,0.00010305404864111897,8.4329002419858e-05
852e61b7fffffff,JPN,0,0,2,False,20,,,,,,,,,,,,,,,,
852e61bbfffffff,JPN,17,18,18,False,20,,2.9025409104969903e-05,,,,4.175139429709531e-05,,,,0.0,,,,0.0,,
852e61c3fffffff,JPN,20,20,20,True,20,1.549577245287298e-05,1.549577245287298e-05,0.00025579841355723794,0.00024030264110436495,2.3689765574968616e-05,2.3689765574968616e-05,0.0003044269818486715,0.0002807372162737028,0.0,0.0,0.0,0.0,0.0,0.0,0.0,0.0
852e61cbfffffff,JPN,20,20,20,True,20,2.182141880213165e-05,2.182141880213165e-05,0.000539992269376925,0.0005181708505747933,3.6552549982694625e-05,3.6552549982694625e-05,0.0006427472175762758,0.0006061946675935813,0.00011659713818451602,0.00011659713818451602,0.00016087396031246197,4.427682212794597e-05,0.00017078770678608668,0.00017078770678608668,0.00022362516516443898,5.283745837835229e-05
852e61d3fffffff,JPN,12,17,15,False,20,,2.197693098928795e-06,,,,8.823438209161207e-06,,,,-5.695648788555564e-05,,,,-7.14434513924638e-05,,
852e6223fffffff,JPN,6,10,11,False,20,,-2.256470714262942e-06,,,,1.9196113687338926e-06,,,,0.0,,,,0.0,,
852e6257fffffff,JPN,0,0,1,False,20,,,,,,,,,,,,,,,,
852e626ffffffff,JPN,15,18,17,False,20,,-3.738813679263254e-06,,,,9.520374812145192e-07,,,,1.913174405935432e-05,,,,2.335755511799069e-05,,
852e628bfffffff,JPN,20,20,20,True,20,0.00018801085998491985,0.00018801085998491985,0.0010773280334354116,0.0008893171734504913,0.00024183253796610345,0.00024183253796610345,0.0012808386156637984,0.0010390060776976945,0.00011803254940725053,0.00011803254940725053,0.00013120247036138495,1.3169920954134433e-05,0.0001784808122032708,0.0001784808122032708,0.0001939185333486262,1.5437721145355408e-05
852e62b3fffffff,JPN,0,1,1,False,20,,,,,,,,,,,,,,,,
852e62b7fffffff,JPN,2,4,6,False,20,,3.4700811531926515e-05,,,,4.560295860036682e-05,,,,0.0,,,,0.0,,
852e62bbfffffff,JPN,0,0,2,False,20,,,,,,,,,,,,,,,,
852e62cffffffff,JPN,13,16,17,False,20,,3.3818327869071364e-05,,,,4.2394578763518455e-05,,,,-2.934763149939984e-05,,,,-3.5664050351932845e-05,,
852e6343fffffff,JPN,0,0,1,False,20,,,,,,,,,,,,,,,,
852e6353fffffff,JPN,19,20,19,False,20,,8.636444674692246e-05,,,,0.00011070333370908637,,,,0.0002253984816551842,,,,0.00032609813013002094,,
852e635bfffffff,JPN,20,20,20,True,20,0.0004011062850010896,0.0004011062850010896,0.002360375368720661,0.0019592690837195717,0.0005149948042014715,0.0005149948042014715,0.0028070151626819516,0.0022920203584804798,0.0019722785091855185,0.0019722785091855185,0.0020878520895387287,0.00011557358035321018,0.002936962879059123,0.002936962879059123,0.003087185886462325,0.00015022300740320267
852e638ffffffff,JPN,0,2,1,False,20,,,,,,,,,,,,,,,,
852e6393fffffff,JPN,19,20,19,False,20,,0.000167652316392077,,,,0.0002083503268199065,,,,2.0851632380316153e-05,,,,3.611306845669621e-05,,
852e639bfffffff,JPN,13,18,14,False,20,,6.158450997540796e-05,,,,8.043142797445842e-05,,,,-8.775499767869943e-05,,,,-0.00011361460458907455,,
852e63c7fffffff,JPN,19,19,20,False,20,,6.738637583038838e-05,,,,8.892510846324521e-05,,,,0.00013093748030668407,,,,0.0001917542883207931,,
852e644bfffffff,JPN,20,20,20,True,20,0.00018437079192914382,0.00018437079192914382,0.001317758429729168,0.0011333876378000242,0.0002449749006157464,0.0002449749006157464,0.001568525359386164,0.0013235504587704176,0.0007827272079729676,0.0007827272079729676,0.001141100431176214,0.0003583732232032468,0.0011944931857357595,0.0011944931857357595,0.001632487009196797,0.0004379938234610371
852e644ffffffff,JPN,20,20,20,True,20,0.0017080982670035385,0.0017080982670035385,0.01031384459214364,0.008605746325140103,0.002156161774752689,0.002156161774752689,0.011996481819700509,0.00984032004494782,0.0024045044018514736,0.0024045044018514736,0.004152278180942892,0.0017477737790914185,0.0037950720301616046,0.0037950720301616046,0.0059595294920734235,0.0021644574619118185
852e646bfffffff,JPN,20,20,20,True,20,0.00021677214202961404,0.00021677214202961404,0.0030981188662074504,0.002881346724177836,0.00030878766829657626,0.00030878766829657626,0.003675633059354247,0.00336684539105767,0.00016249808405940095,0.00016249808405940095,0.0005894408797956944,0.0004269427957362934,0.00032356732054658556,0.00032356732054658556,0.000857153380073738,0.0005335860595271525
852e646ffffffff,JPN,0,2,1,False,20,,,,,,,,,,,,,,,,
852e647bfffffff,JPN,1,5,2,False,20,,-7.853732033346689e-05,,,,-8.815656383969541e-05,,,,0.0,,,,0.0,,
852e6533fffffff,JPN,9,17,10,False,20,,6.377728278799141e-05,,,,8.166259837302897e-05,,,,0.0,,,,0.0,,
852e6537fffffff,JPN,0,6,2,False,20,,,,,,,,,,,,,,,,
852e653bfffffff,JPN,14,16,16,False,20,,4.3282172102857136e-05,,,,5.86120845181273e-05,,,,2.9490047065867822e-05,,,,5.1200455122416084e-05,,
852e654bfffffff,JPN,20,20,20,True,20,0.0001419172652263242,0.0001419172652263242,0.0006090321239465566,0.0004671148587202325,0.0001786189416494248,0.0001786189416494248,0.0007239885514599376,0.0005453696098105129,9.922773335059407e-05,9.922773335059407e-05,0.00012025000753533352,2.1022274184739437e-05,0.00013745564333935933,0.00013745564333935933,0.00016162427920046166,2.4168635861102337e-05
852e655bfffffff,JPN,1,5,3,False,20,,2.7002797046705963e-06,,,,8.667507654191325e-06,,,,0.00028697616089031484,,,,0.0003503633267698603,,
852e6573fffffff,JPN,0,2,4,False,20,,,,,,,,,,,,,,,,
852e657bfffffff,JPN,3,7,9,False,20,,4.236280117015406e-05,,,,5.2955685674584226e-05,,,,0.0,,,,0.0,,
852e662bfffffff,JPN,7,12,13,False,20,,3.820655690022408e-05,,,,4.877408244587036e-05,,,,0.00012505938259064784,,,,0.00015942962117693126,,
852e662ffffffff,JPN,0,1,3,False,20,,,,,,,,,,,,,,,,
852e6673fffffff,JPN,7,10,13,False,20,,-1.306244583628065e-05,,,,-1.1473016356039524e-05,,,,5.102860918974223e-05,,,,6.394479262384028e-05,,
852e668bfffffff,JPN,0,2,1,False,20,,,,,,,,,,,,,,,,
852e6693fffffff,JPN,18,18,20,False,20,,0.0002852632883914107,,,,0.0003478498431751123,,,,0.0005023400183822171,,,,0.0007248100508437908,,
852e6697fffffff,JPN,20,20,20,True,20,3.184148686884608e-05,3.184148686884608e-05,0.00036967200107074585,0.00033783051420189976,4.482566397343532e-05,4.482566397343532e-05,0.00043978031920881045,0.0003949546552353751,0.0,0.0,0.0,0.0,0.0,0.0,0.0,0.0
852e6803fffffff,JPN,0,3,3,False,20,,,,,,,,,,,,,,,,
852e682bfffffff,JPN,0,0,2,False,20,,,,,,,,,,,,,,,,
852e6833fffffff,JPN,8,15,10,False,20,,-3.307278973741992e-05,,,,-3.684136684764706e-05,,,,0.0,,,,0.0,,
852e6843fffffff,JPN,2,6,9,False,20,,4.879249060985496e-05,,,,6.073421100637789e-05,,,,0.0,,,,0.0,,
852e6847fffffff,JPN,5,8,8,False,20,,-1.569725230535607e-05,,,,-1.691178880120047e-05,,,,-4.453982167414204e-07,,,,1.0323440187640522e-05,,
852e6867fffffff,JPN,19,20,19,False,20,,0.00013855579294263942,,,,0.00017269385605527714,,,,0.00013120273209372307,,,,0.00018841799266603522,,
852e686bfffffff,JPN,0,1,1,False,20,,,,,,,,,,,,,,,,
852e6887fffffff,JPN,0,2,1,False,20,,,,,,,,,,,,,,,,
852e6897fffffff,JPN,20,20,20,True,20,0.0004759201322756701,0.0004759201322756701,0.0038477263762666594,0.0033718062439909886,0.0006326142107485901,0.0006326142107485901,0.004575464299770691,0.003942850089022102,-0.0005767481600573071,-0.0005767481600573071,0.0003895291203516095,0.0009662772804089167,-0.0006806824921339745,-0.0006806824921339745,0.0005327886021298361,0.0012134710942638106
852e68b3fffffff,JPN,0,3,2,False,20,,,,,,,,,,,,,,,,
852e68b7fffffff,JPN,1,2,3,False,20,,9.646071284554902e-05,,,,0.00011835613215619697,,,,0.0,,,,0.0,,
852e68bbfffffff,JPN,9,13,10,False,20,,7.82421709805594e-06,,,,1.3369756529581482e-05,,,,0.0,,,,0.0,,
852e68c7fffffff,JPN,19,19,20,False,20,,-1.1775451269616295e-05,,,,6.159183695234276e-06,,,,0.00018653475978571319,,,,0.0002810240157790042,,
852e6917fffffff,JPN,3,6,5,False,20,,7.171682506873987e-05,,,,8.830492179315492e-05,,,,0.0,,,,0.0,,
852e691bfffffff,JPN,14,16,17,False,20,,7.03179365245903e-05,,,,8.759246846681704e-05,,,,4.099659441290212e-05,,,,5.005190382426576e-05,,
852e6947fffffff,JPN,0,0,1,False,20,,,,,,,,,,,,,,,,
852e694bfffffff,JPN,0,1,0,False,20,,,,,,,,,,,,,,,,
852e695bfffffff,JPN,1,3,5,False,20,,1.9184363053995e-05,,,,2.7768336784740323e-05,,,,0.0,,,,0.0,,
852e6987fffffff,JPN,18,18,18,False,20,,-3.606974869627874e-05,,,,-3.5969092394419603e-05,,,,0.00020475846028255356,,,,0.0002988063187309538,,
852e6997fffffff,JPN,0,0,3,False,20,,,,,,,,,,,,,,,,
852e699bfffffff,JPN,9,13,13,False,20,,1.6316216265617825e-05,,,,2.4921346393317297e-05,,,,0.00014343760977639396,,,,0.0002195134806973864,,
852e69a3fffffff,JPN,20,20,20,True,20,0.001317587479435291,0.001317587479435291,0.008091369900211427,0.006773782420776137,0.001700503996346488,0.001700503996346488,0.009617379358156763,0.007916875361810276,0.0007022184870795164,0.0007022184870795164,0.0016230362505973799,0.0009208177635178635,0.0011890742516951303,0.0011890742516951303,0.0023319415029799334,0.001142867251284803
852e69a7fffffff,JPN,3,6,10,False,20,,1.2947504867657063e-05,,,,1.390613965575318e-05,,,,0.0,,,,0.0,,
852e69d3fffffff,JPN,1,1,2,False,20,,5.2821737023181175e-05,,,,6.840191711796847e-05,,,,0.0,,,,0.0,,
852e69d7fffffff,JPN,1,2,6,False,20,,6.535866086990453e-05,,,,8.313049387153931e-05,,,,0.0,,,,0.0,,
852e6b83fffffff,JPN,20,20,20,True,20,0.00015453428054949597,0.00015453428054949597,0.0011742021138946058,0.0010196678333451096,0.00020563219071886222,0.00020563219071886222,0.001396473058275519,0.001190840867556657,0.0012890580892174846,0.0012890580892174846,0.0017528935665326408,0.000463835477315156,0.0018855113406472314,0.0018855113406472314,0.0024726382646494643,0.0005871269240022337
852e6b9bfffffff,JPN,13,17,16,False,20,,1.565162413637609e-06,,,,5.605638085671734e-06,,,,0.0,,,,0.0,,
852e6bb3fffffff,JPN,20,20,20,True,20,3.4273617229948144e-05,3.4273617229948144e-05,0.0005871199381069915,0.0005528463208770433,5.273161917722931e-05,5.273161917722931e-05,0.0006983403378531916,0.0006456087186759623,-3.405981498332637e-06,-3.405981498332637e-06,6.459372747491944e-05,6.799970897325208e-05,4.017565318704522e-06,4.017565318704522e-06,8.706936907457535e-05,8.305180375587082e-05
852e6c17fffffff,JPN,1,2,3,False,20,,6.73131992793527e-05,,,,8.400025968889976e-05,,,,0.0,,,,0.0,,
852e6c23fffffff,JPN,12,13,16,False,20,,7.953626530721594e-05,,,,0.00010043653136012434,,,,0.00025377398839516075,,,,0.0003868298709942505,,
852e6c27fffffff,JPN,20,20,20,True,20,0.0005802394008153291,0.0005802394008153291,0.0036148995334826088,0.003034660132667279,0.0007497214047822917,0.0007497214047822917,0.004295706395925865,0.003545984991143572,0.0006327714780139454,0.0006327714780139454,0.0008852657005090086,0.0002524942224950633,0.00094772644808818,0.00094772644808818,0.001268680712374901,0.000320954264286721
852e6c3bfffffff,JPN,1,3,1,False,20,,1.458345132200572e-05,,,,2.2286708414368436e-05,,,,-0.0003815192094921979,,,,-0.000463632654575127,,
852e6c43fffffff,JPN,20,20,20,True,20,0.0003654071940762767,0.0003654071940762767,0.0017089940160384515,0.0013435868219621749,0.0004628386383680919,0.0004628386383680919,0.002032999985491258,0.0015701613471231658,0.00038112426382922707,0.00038112426382922707,0.00042177121826696297,4.064695443773602e-05,0.0005349577851044629,0.0005349577851044629,0.0005850715562446345,5.01137711401716e-05
852e6c4bfffffff,JPN,0,1,1,False,20,,,,,,,,,,,,,,,,
852e6c4ffffffff,JPN,20,20,20,True,20,0.00024533352885825214,0.00024533352885825214,0.002794538138086093,0.0025492046092278416,0.0003480308646114386,0.0003480308646114386,0.003326011224292124,0.0029779803596806857,3.304396979374382e-05,3.304396979374382e-05,0.0003163871491566966,0.00028334317936295274,8.351437953436216e-05,8.351437953436216e-05,0.00044986170977424146,0.00036634733023987933
852e6c5bfffffff,JPN,15,15,19,False,20,,1.2810092742668044e-05,,,,1.9627582188357846e-05,,,,0.0,,,,0.0,,
852e6c63fffffff,JPN,0,3,2,False,20,,,,,,,,,,,,,,,,
852e6c7bfffffff,JPN,0,2,3,False,20,,,,,,,,,,,,,,,,
852e6c87fffffff,JPN,0,3,1,False,20,,,,,,,,,,,,,,,,
852e6cabfffffff,JPN,1,5,6,False,20,,2.2158024647281205e-05,,,,2.950096694150767e-05,,,,0.0,,,,0.0,,
852e6cbbfffffff,JPN,20,20,20,True,20,0.00040804897207032885,0.00040804897207032885,0.003026194071645357,0.002618145099575029,0.0005376880349106923,0.0005376880349106923,0.003599546060542492,0.0030618580256317994,0.001020432054205494,0.001020432054205494,0.0012526947558564444,0.00023226270165095046,0.0015331105663013665,0.0015331105663013665,0.0018350050187517987,0.00030189445245043235
852e6cc7fffffff,JPN,2,4,6,False,20,,-4.231734281456704e-08,,,,3.4645813849291444e-06,,,,0.0,,,,0.0,,
852e6cd3fffffff,JPN,20,20,20,True,20,0.0005912989292338746,0.0005912989292338746,0.002351744344327338,0.001760445415093463,0.00074230149562995,0.00074230149562995,0.002800783267915289,0.0020584817722853394,0.0006892968043907667,0.0006892968043907667,0.000850188609441695,0.0001608918050509282,0.0010426122159990535,0.0010426122159990535,0.0012510723466287999,0.0002084601306297465
852e6d03fffffff,JPN,11,13,16,False,20,,4.5906637985800444e-05,,,,6.058141144039879e-05,,,,0.0,,,,0.0,,
852e6d1bfffffff,JPN,0,2,1,False,20,,,,,,,,,,,,,,,,
852e6d27fffffff,JPN,19,20,19,False,20,,0.00010339198599966194,,,,0.00013187076288278952,,,,3.0208016935822613e-05,,,,3.6880350186301085e-05,,
852e6d33fffffff,JPN,19,20,19,False,20,,0.00012053487195701563,,,,0.00015851290684563545,,,,-0.00012122865406254574,,,,-0.00015645813532191697,,
852e6d4bfffffff,JPN,20,20,20,True,20,0.0001354576682087555,0.0001354576682087555,0.002391518809169947,0.0022560611409611912,0.0001943822088170484,0.0001943822088170484,0.0025893054004643623,0.0023949231916473137,0.0004100275345503359,0.0004100275345503359,0.0004677180906278736,5.769055607753764e-05,0.0005523165748711307,0.0005523165748711307,0.0006248430646856867,7.252648981455604e-05
852e6d53fffffff,JPN,20,20,20,True,20,5.499401144488674e-05,5.499401144488674e-05,0.00045628397530729503,0.0004012899638624083,7.39528240136474e-05,7.39528240136474e-05,0.0005429012080399187,0.0004689483840262713,4.5966973113780494e-05,4.5966973113780494e-05,5.244003482018313e-05,6.473061706402635e-06,7.044754785392931e-05,7.044754785392931e-05,7.769524815862262e-05,7.2477003046933205e-06
852e6d57fffffff,JPN,18,19,19,False,20,,6.785963773232305e-05,,,,8.689878993615075e-05,,,,3.0226799297680003e-06,,,,1.3246573203139543e-05,,
852e6d5bfffffff,JPN,19,19,20,False,20,,5.321180049261076e-05,,,,5.8270694511077496e-05,,,,2.0262658171440987e-05,,,,-4.033819532951977e-05,,
852e6d63fffffff,JPN,20,20,20,True,20,0.0003070797755725334,0.0003070797755725334,0.0021041303081837668,0.0017970505326112326,0.00040276351816888756,0.00040276351816888756,0.0025030821957159363,0.0021003186775470487,0.0006815139523739954,0.0006815139523739954,0.0009735901784007699,0.0002920762260267743,0.0010312892641491306,0.0010312892641491306,0.0014049085544683235,0.000373619290319193
852e6d67fffffff,JPN,3,7,6,False,20,,1.0598628568691789e-05,,,,1.540152918830332e-05,,,,0.0,,,,0.0,,
852e6d6ffffffff,JPN,0,0,1,False,20,,,,,,,,,,,,,,,,
852e6d7bfffffff,JPN,18,18,20,False,20,,5.233173845388276e-05,,,,6.730491970251398e-05,,,,2.306124132727656e-05,,,,3.968877124403414e-05,,
852e6daffffffff,JPN,19,20,19,False,20,,5.860110872121805e-05,,,,7.820834408922308e-05,,,,-5.92012909986123e-05,,,,-7.94130249973762e-05,,
852e6dcffffffff,JPN,1,4,2,False,20,,-1.3932533497832555e-05,,,,-8.970694679652632e-06,,,,0.0,,,,0.0,,
852e6ddbfffffff,JPN,6,11,11,False,20,,0.00010943841442558862,,,,0.00013799765332322855,,,,0.0,,,,0.0,,
852e6e0bfffffff,JPN,15,17,16,False,20,,5.4538372826382754e-05,,,,7.032476857502766e-05,,,,0.00023514953233908764,,,,0.00029884097085951716,,
852e6e17fffffff,JPN,0,3,2,False,20,,,,,,,,,,,,,,,,
852e6e27fffffff,JPN,0,1,2,False,20,,,,,,,,,,,,,,,,
852e6e2ffffffff,JPN,20,20,20,True,20,0.00025958304352532394,0.00025958304352532394,0.0011061008327375636,0.0008465177892122394,0.0003250491321840554,0.0003250491321840554,0.0013147651352543696,0.000989716003070314,0.0006740658674158032,0.0006740658674158032,0.000708049475418651,3.3983608002847806e-05,0.0010135303390666458,0.0010135303390666458,0.001053933012365622,4.040267329897606e-05
852e6e53fffffff,JPN,0,1,0,False,20,,,,,,,,,,,,,,,,
852e6e83fffffff,JPN,0,4,0,False,20,,,,,,,,,,,,,,,,
852e6e8bfffffff,JPN,1,3,2,False,20,,4.524151139030232e-05,,,,5.381528919032396e-05,,,,0.0,,,,0.0,,
852e6e97fffffff,JPN,16,20,16,False,20,,6.681490454006705e-05,,,,8.369850845811773e-05,,,,0.0012981779852258282,,,,0.0019930956373505762,,
852e6e9bfffffff,JPN,4,6,6,False,20,,3.9060124431794386e-05,,,,5.3212543101223355e-05,,,,-0.00010518742295021269,,,,-0.00012953636344794711,,
852e6eb3fffffff,JPN,0,2,0,False,20,,,,,,,,,,,,,,,,
852e6eb7fffffff,JPN,0,1,1,False,20,,,,,,,,,,,,,,,,
852e6ec7fffffff,JPN,0,8,3,False,20,,,,,,,,,,,,,,,,
852e6ecbfffffff,JPN,4,7,9,False,20,,-5.178709255630352e-06,,,,-4.759120687654186e-06,,,,0.0,,,,0.0,,
852e6ed3fffffff,JPN,1,5,4,False,20,,7.967532909454331e-06,,,,8.016343847221975e-06,,,,0.0,,,,0.0,,
852e6edbfffffff,JPN,2,3,11,False,20,,-4.7456573145391296e-05,,,,-5.6208397591388226e-05,,,,1.5939834828198078e-05,,,,0.00014299141241056032,,
852e701bfffffff,JPN,9,14,13,False,20,,3.194929556659749e-05,,,,4.349616408455961e-05,,,,1.7501658529140236e-05,,,,2.2823257852888213e-05,,
852e70abfffffff,JPN,20,20,20,True,20,9.550246270845407e-05,9.550246270845407e-05,0.0005050068859828513,0.0004095044232743971,0.00012256239243013718,0.00012256239243013718,0.0006012496558253749,0.0004786872633952376,0.00027056772237859784,0.00027056772237859784,0.00028351384579140316,1.294612341280527e-05,0.00040159251521559424,0.00040159251521559424,0.00041608791582498084,1.4495400609386641e-05
852e70c3fffffff,JPN,0,2,0,False,20,,,,,,,,,,,,,,,,
852e70cbfffffff,JPN,20,20,20,True,20,0.0001833356662685949,0.0001833356662685949,0.0021257351477168168,0.0019423994814482218,0.00025566639861353946,0.00025566639861353946,0.0025282085466205766,0.0022725421480070365,0.0003418028476048172,0.0003418028476048172,0.000444376328944644,0.00010257348133982676,0.0005230521317492994,0.0005230521317492994,0.000654304449567881,0.0001312523178185816
852e70cffffffff,JPN,0,1,0,False,20,,,,,,,,,,,,,,,,
852e70d3fffffff,JPN,0,0,1,False,20,,,,,,,,,,,,,,,,
852e70d7fffffff,JPN,0,0,1,False,20,,,,,,,,,,,,,,,,
852e7123fffffff,JPN,0,3,2,False,20,,,,,,,,,,,,,,,,
852e7137fffffff,JPN,18,19,19,False,20,,-3.2786843861381164e-05,,,,-3.04196040705845e-05,,,,-3.2052823052390345e-05,,,,-4.1237793613090526e-05,,
852e7177fffffff,JPN,0,0,1,False,20,,,,,,,,,,,,,,,,
852e7187fffffff,JPN,20,20,20,True,20,0.0002641089053266448,0.0002641089053266448,0.004075273020459977,0.003811164115133333,0.000390105365892778,0.000390105365892778,0.00484588604007387,0.004455780674181092,-3.056218397762769e-05,-3.056218397762769e-05,0.0007558221601758617,0.0007863843441534895,0.0001170524831249209,0.0001170524831249209,0.0011102793790548561,0.0009932268959299355
852e718bfffffff,JPN,8,11,13,False,20,,4.745310483055281e-05,,,,3.347004016812926e-05,,,,0.0001311000870504578,,,,0.0,,
852e718ffffffff,JPN,1,2,2,False,20,,8.130223444092436e-05,,,,0.00010046550502889665,,,,0.0,,,,0.0,,
852e71a3fffffff,JPN,20,20,20,True,20,8.569439420702868e-05,8.569439420702868e-05,0.0009417177149234615,0.0008560233207164328,0.00011773165314634278,0.00011773165314634278,0.0011179519137067505,0.0010002202605604077,-1.3282185125137255e-05,-1.3282185125137255e-05,0.00016774244169044748,0.00018102462681558474,1.685720478157241e-05,1.685720478157241e-05,0.00025396745884967236,0.0002371102540680999
852e71a7fffffff,JPN,12,16,15,False,20,,2.7985392270085918e-05,,,,3.683866043585478e-05,,,,0.0,,,,0.0,,
852e71abfffffff,JPN,3,8,5,False,20,,1.4449587148482749e-05,,,,2.011018596745753e-05,,,,0.0,,,,0.0,,
852e71b7fffffff,JPN,20,20,20,True,20,5.5137913180342966e-05,5.5137913180342966e-05,0.00032588284523165983,0.0002707449320513169,7.079957918571073e-05,7.079957918571073e-05,0.00038700847535986583,0.00031620889617415513,4.0078875226445644e-05,4.0078875226445644e-05,4.0078875226445644e-05,0.0,5.708805261234929e-05,5.708805261234929e-05,5.708805261234929e-05,0.0
852e71bbfffffff,JPN,17,19,18,False,20,,5.372946460599609e-05,,,,6.91612178996005e-05,,,,4.6950274494779835e-05,,,,6.537545779164318e-05,,
852e71dbfffffff,JPN,1,3,3,False,20,,7.082151475630001e-05,,,,8.808479526479322e-05,,,,0.0,,,,0.0,,
852e7293fffffff,JPN,20,20,20,True,20,0.001030655571674356,0.001030655571674356,0.0054519784317692355,0.004421322860094878,0.00132064210989597,0.00132064210989597,0.006486948117030443,0.005166306007134474,0.001198067749956469,0.001198067749956469,0.001959219151075308,0.0007611514011188389,0.0018407116428571257,0.0018407116428571257,0.00280565125419499,0.0009649396113378637
852e72a3fffffff,JPN,0,2,0,False,20,,,,,,,,,,,,,,,,
852e7423fffffff,JPN,0,1,0,False,20,,,,,,,,,,,,,,,,
852e7433fffffff,JPN,8,14,13,False,20,,-3.4722810085676877e-06,,,,-1.9121901385648436e-07,,,,5.345421112275225e-05,,,,6.723321858864027e-05,,
852e743bfffffff,JPN,1,6,3,False,20,,8.87596008594629e-06,,,,1.4640488960889175e-05,,,,0.0,,,,0.0,,
852e746ffffffff,JPN,2,5,10,False,20,,-6.845155310758684e-05,,,,-7.691563821337109e-05,,,,0.0,,,,0.0,,
852e7483fffffff,JPN,20,20,20,True,20,0.0002472844939226222,0.0002472844939226222,0.0030958676260087067,0.0028485831320860843,0.00035032025990682007,0.00035032025990682007,0.003681724750776251,0.0033314044908694315,0.0006844861217235831,0.0006844861217235831,0.001199348009149795,0.000514861887426212,0.0010976783204117893,0.0010976783204117893,0.0017447399348386335,0.0006470616144268442
852e7487fffffff,JPN,15,16,18,False,20,,4.738424713646767e-05,,,,6.19465615474063e-05,,,,2.7215860758855888e-05,,,,5.782145626665778e-05,,
852e748bfffffff,JPN,20,20,20,True,20,0.00021395821721106696,0.00021395821721106696,0.0008987934224271712,0.0006848352052161043,0.0002687550610343284,0.0002687550610343284,0.0010680510883964221,0.0007992960273620937,0.00021216834669829615,0.00021216834669829615,0.00027898905718433994,6.682071048604382e-05,0.0003187636658835796,0.0003187636658835796,0.0004080008559976393,8.923719011405965e-05
852e748ffffffff,JPN,20,20,20,True,20,0.0001563915323068891,0.0001563915323068891,0.0015556397514897007,0.0013992482191828117,0.00021356473770557926,0.00021356473770557926,0.0018496093806235688,0.0016360446429179898,0.0006687443140803407,0.0006687443140803407,0.0012076763419192342,0.0005389320278388935,0.0010654991053000561,0.0010654991053000561,0.0017453142404118879,0.0006798151351118314
852e7493fffffff,JPN,20,20,20,True,20,2.1765344818253692e-05,2.1765344818253692e-05,0.000576270137173044,0.0005545047923547902,3.806545925872819e-05,3.806545925872819e-05,0.0006864480410668094,0.0006483825818080813,-0.0002213021487632156,-0.0002213021487632156,0.0,0.0002213021487632156,-0.00027283714690145167,-0.00027283714690145167,0.0,0.00027283714690145167
852e7497fffffff,JPN,20,20,20,True,20,0.0001463788052135962,0.0001463788052135962,0.002038727738927822,0.0018923489337142256,0.0002137714217186698,0.0002137714217186698,0.002424317944867297,0.0022105465231486276,-0.00031840670722203915,-0.00031840670722203915,0.0010103432403801027,0.001328749947602142,-0.00018584753915430638,-0.00018584753915430638,0.0014875010882463683,0.0016733486274006747
852e749bfffffff,JPN,20,20,20,True,20,0.00010050411536554777,0.00010050411536554777,0.0005549125899134321,0.00045440847454788423,0.000127883638264449,0.000127883638264449,0.0006596325315257665,0.0005317488932613175,-9.192015451149472e-05,-9.192015451149472e-05,1.786001321640978e-05,0.00010978016772790452,-0.00011594631161890396,-0.00011594631161890396,2.23806774183441e-05,0.00013832698903724805
852e74a3fffffff,JPN,20,20,20,True,20,0.0005042042688513263,0.0005042042688513263,0.0026610178954692754,0.0021568136266179485,0.000646532791123247,0.000646532791123247,0.003165137367282047,0.0025186045761588006,0.0005982994268356162,0.0005982994268356162,0.0008020989423783631,0.0002037995155427469,0.0009237503744559752,0.0009237503744559752,0.0011776621828258674,0.0002539118083698924
852e74a7fffffff,JPN,2,6,2,False,20,,-1.0579782256580145e-05,,,,-6.403504343553167e-06,,,,0.0,,,,0.0,,
852e74abfffffff,JPN,20,20,20,True,20,0.0005301867331655586,0.0005301867331655586,0.0025114896871553855,0.0019813029539898263,0.0006726456039761641,0.0006726456039761641,0.0029865323465305105,0.0023138867425543472,0.0020830771619784285,0.0020830771619784285,0.0031447746100910293,0.001061697448112601,0.0032513052267049737,0.0032513052267049737,0.004564875577357637,0.001313570350652663
852e74affffffff,JPN,3,4,4,False,20,,2.221356341739545e-05,,,,3.093376853366171e-05,,,,-6.646019813445253e-05,,,,-9.838506725592744e-05,,
852e74b3fffffff,JPN,6,11,10,False,20,,5.639596968627759e-05,,,,7.191207247712367e-05,,,,0.0,,,,0.0,,
852e74bbfffffff,JPN,20,20,20,True,20,0.00015021863535363912,0.00015021863535363912,0.0016629961890189248,0.0015127775536652856,0.00020954414749730686,0.00020954414749730686,0.0019770161208785466,0.0017674719733812398,-8.918999423865845e-05,-8.918999423865845e-05,0.0003694531744696553,0.0004586431687083138,-3.1607668200173894e-05,-3.1607668200173894e-05,0.0005474824483960738,0.0005790901165962478
852e74c3fffffff,JPN,20,20,20,True,20,0.00022026321853845583,0.00022026321853845583,0.0014049127292090706,0.001184649510670615,0.00028679403934737913,0.00028679403934737913,0.0016713137979183733,0.0013845197585709945,0.0004111566902753507,0.0004111566902753507,0.0010063663861034301,0.0005952096958280795,0.0007147658502008696,0.0007147658502008696,0.001472751280012229,0.0007579854298113597
852e74cbfffffff,JPN,7,12,13,False,20,,4.5370779974424716e-05,,,,6.000015721202264e-05,,,,0.0,,,,0.0,,
852e74d3fffffff,JPN,20,20,20,True,20,5.80799694724596e-05,5.80799694724596e-05,0.00043664719243595164,0.00037856722296349197,7.765045419686038e-05,7.765045419686038e-05,0.000519676484778591,0.0004420260305817305,9.008767978573666e-05,9.008767978573666e-05,0.00011359864806273717,2.3510968277000507e-05,0.00014209211515271876,0.00014209211515271876,0.0001694018680819626,2.7309752929243857e-05
852e74d7fffffff,JPN,20,20,20,True,20,0.00020810480578881967,0.00020810480578881967,0.0015870280879891692,0.0013789232822003492,0.0002748808343374406,0.0002748808343374406,0.0018855588762958027,0.0016106780419583623,-4.4004672982221214e-05,-4.4004672982221214e-05,0.00012682578837889077,0.00017083046136111198,-3.174740878965553e-05,-3.174740878965553e-05,0.00018227036305567152,0.000214017771845327
852e74dbfffffff,JPN,20,20,20,True,20,0.001124029257371626,0.001124029257371626,0.006608191098660438,0.0054841618412888125,0.0014219496544003068,0.0014219496544003068,0.00770428726907813,0.006282337614677823,0.0004143086796124719,0.0004143086796124719,0.001123888118168252,0.0007095794385557801,0.0006429957833819664,0.0006429957833819664,0.0015450274103875415,0.0009020316270055747
852e7507fffffff,JPN,20,20,20,True,20,0.0003038151193558715,0.0003038151193558715,0.0020879897378672566,0.0017841746185113857,0.00039753624347642997,0.00039753624347642997,0.0024846030806101476,0.0020870668371337176,0.0003692808931340027,0.0003692808931340027,0.0004768614798436421,0.00010758058670963931,0.0005660698221529222,0.0005660698221529222,0.0006955728118919268,0.00012950298973900463
852e751bfffffff,JPN,20,20,20,True,20,0.0001109578123952241,0.0001109578123952241,0.0008576673825182408,0.0007467095701230167,0.0001492263883221285,0.0001492263883221285,0.0010201192084188567,0.000870892820096728,-0.0002519108215697745,-0.0002519108215697745,0.0003149584949702723,0.0005668693165400468,-0.00027423304997815977,-0.00027423304997815977,0.00043070961393574186,0.0007049426639139017
852e753bfffffff,JPN,18,19,19,False,20,,2.8182660872060834e-05,,,,3.9505872128316094e-05,,,,-3.282116116909512e-05,,,,-3.83608335559454e-05,,
852e7543fffffff,JPN,4,7,11,False,20,,-4.2705018242376595e-06,,,,2.320886565065747e-06,,,,0.0,,,,0.0,,
852e7547fffffff,JPN,20,20,20,True,20,0.0006250298027876887,0.0006250298027876887,0.0034430321456191543,0.0028180023428314655,0.0007382694150455124,0.0007382694150455124,0.003954719471954757,0.003216450056909244,0.0006067181185553969,0.0006067181185553969,0.0006795837003714236,7.28655818160268e-05,0.0008845703778782906,0.0008845703778782906,0.0009717809697393318,8.721059186104134e-05
852e754bfffffff,JPN,0,1,2,False,20,,,,,,,,,,,,,,,,
852e7573fffffff,JPN,10,12,13,False,20,,1.4388556555463452e-05,,,,2.098354023850094e-05,,,,0.0,,,,0.0,,
852e758ffffffff,JPN,20,20,20,True,20,4.9687993027178004e-05,4.9687993027178004e-05,0.0003660353976512122,0.0003163474046240342,6.503171242353493e-05,6.503171242353493e-05,0.0004346912209145691,0.0003696595084910342,0.00024048989710706765,0.00024048989710706765,0.00027184061127633643,3.135071416926878e-05,0.0003449291376162281,0.0003449291376162281,0.00038658018514007333,4.165104752384522e-05
852e7593fffffff,JPN,12,15,17,False,20,,4.375097310496234e-06,,,,9.712003788791239e-06,,,,0.0,,,,0.0,,
852e75abfffffff,JPN,0,2,4,False,20,,,,,,,,,,,,,,,,
852e75b3fffffff,JPN,20,20,20,True,20,7.735459391523072e-05,7.735459391523072e-05,0.0006717391819324953,0.0005943845880172646,0.00010358323226204334,0.00010358323226204334,0.0007985524544464504,0.0006949692221844071,-2.0995367960330714e-05,-2.0995367960330714e-05,6.558776604906577e-05,8.658313400939647e-05,-1.60714596419512e-05,-1.60714596419512e-05,9.354182490103769e-05,0.00010961328454298887
852e75bbfffffff,JPN,6,9,16,False,20,,4.08969286909133e-05,,,,5.3673321438527914e-05,,,,-0.0002229564382064896,,,,-0.0002905138937557437,,
852e75c3fffffff,JPN,0,0,1,False,20,,,,,,,,,,,,,,,,
852e75cffffffff,JPN,1,2,2,False,20,,6.048026405423791e-05,,,,7.364107186257532e-05,,,,0.0011399129106536262,,,,0.001710717646052519,,
852e75d7fffffff,JPN,19,19,20,False,20,,0.0001286923910029353,,,,0.00016367684522135625,,,,4.7359866918428176e-05,,,,8.024553820939364e-05,,
852e75dbfffffff,JPN,0,1,1,False,20,,,,,,,,,,,,,,,,
852e7623fffffff,JPN,0,2,0,False,20,,,,,,,,,,,,,,,,
852e7627fffffff,JPN,20,20,20,True,20,2.3492511531266826e-05,2.3492511531266826e-05,0.000439928140130695,0.0004164356285994282,3.548746790421067e-05,3.548746790421067e-05,0.0005221639600589297,0.0004866764921547189,0.00024284857334040626,0.00024284857334040626,0.00024284857334040626,0.0,0.0003744628469332475,0.0003744628469332475,0.0003744628469332475,0.0
852e763bfffffff,JPN,19,19,20,False,20,,6.231655345299717e-05,,,,8.233862464071975e-05,,,,6.427490221181798e-05,,,,0.00010978766364488186,,
852e765bfffffff,JPN,0,1,0,False,20,,,,,,,,,,,,,,,,
852e7663fffffff,JPN,16,16,20,False,20,,8.134958962038375e-05,,,,0.00010275608559454908,,,,-8.091327133003294e-06,,,,-9.059625380866651e-06,,
852e768bfffffff,JPN,0,1,2,False,20,,,,,,,,,,,,,,,,
852e76c3fffffff,JPN,1,3,3,False,20,,1.084559787579997e-05,,,,1.602697839032206e-05,,,,0.0,,,,0.0,,
852e76c7fffffff,JPN,0,1,0,False,20,,,,,,,,,,,,,,,,
852e76d7fffffff,JPN,20,20,20,True,20,6.068015215833079e-05,6.068015215833079e-05,0.0005241250621652258,0.00046344491000689496,8.196227358120813e-05,8.196227358120813e-05,0.0006235951268518205,0.0005416328532706125,2.628448980928501e-05,2.628448980928501e-05,8.789828917396233e-05,6.161379936467732e-05,3.9519587630199734e-05,3.9519587630199734e-05,0.00012069539413944307,8.117580650924334e-05
852ea93bfffffff,JPN,0,2,1,False,20,,,,,,,,,,,,,,,,
852ea9b7fffffff,JPN,0,4,3,False,20,,,,,,,,,,,,,,,,
852ead0bfffffff,JPN,20,20,20,True,20,2.4270184316124744e-05,2.4270184316124744e-05,0.0007290734063240436,0.000704803222007919,4.015005757548045e-05,4.015005757548045e-05,0.0008650833318409856,0.0008249332742655052,0.0,0.0,0.0,0.0,0.0,0.0,0.0,0.0
852ead47fffffff,JPN,18,18,20,False,20,,4.1349808779902195e-05,,,,5.5514362579078494e-05,,,,5.127004145663918e-05,,,,9.145441285976266e-05,,
852ee6c3fffffff,JPN,1,4,3,False,20,,1.0500504885578926e-05,,,,9.980902428201105e-06,,,,0.0,,,,0.0,,
852ef493fffffff,JPN,2,5,5,False,20,,-2.6378901906738215e-06,,,,-2.849777189140043e-06,,,,0.0,,,,0.0,,
852f580bfffffff,JPN,0,2,2,False,20,,,,,,,,,,,,,,,,
852f5837fffffff,JPN,14,16,16,False,20,,5.6942908606665334e-05,,,,7.069260435425011e-05,,,,0.0,,,,0.0,,
852f5843fffffff,JPN,0,1,0,False,20,,,,,,,,,,,,,,,,
852f5857fffffff,JPN,0,1,2,False,20,,,,,,,,,,,,,,,,
852f5863fffffff,JPN,1,5,1,False,20,,-2.902583824836791e-05,,,,-3.580548012226402e-05,,,,0.0,,,,0.0,,
852f586bfffffff,JPN,20,20,20,True,20,0.0003384611929477197,0.0003384611929477197,0.001877613075207548,0.0015391518822598282,0.0004368459973152046,0.0004368459973152046,0.0022345152704747037,0.0017976692731594991,0.0005906415537234465,0.0005906415537234465,0.0009185742245682305,0.0003279326708447839,0.0009435022966835172,0.0009435022966835172,0.0013464290688243665,0.00040292677214084883
852f586ffffffff,JPN,20,20,20,True,20,0.0006413164107953826,0.0006413164107953826,0.004889932826951607,0.004248616416156224,0.0008477646904276671,0.0008477646904276671,0.005817770834850158,0.00497000614442249,0.0011957871137117419,0.0011957871137117419,0.0014132146194785406,0.0002174275057667991,0.001766371791663274,0.001766371791663274,0.002041599559798158,0.00027522776813488454
852f5923fffffff,JPN,0,1,3,False,20,,,,,,,,,,,,,,,,
852f592bfffffff,JPN,0,4,2,False,20,,,,,,,,,,,,,,,,
852f592ffffffff,JPN,3,12,7,False,20,,-2.6369009303607297e-05,,,,-2.8236055925853824e-05,,,,0.0006097135342275007,,,,0.0008907715397720601,,
852f594bfffffff,JPN,1,1,1,False,20,,2.4633183683885504e-05,,,,3.232270311570546e-05,,,,0.0,,,,0.0,,
852f5957fffffff,JPN,9,11,14,False,20,,4.879362137713565e-05,,,,6.277610657765916e-05,,,,0.0002538609070704071,,,,0.00037945839902706866,,
852f595bfffffff,JPN,0,2,1,False,20,,,,,,,,,,,,,,,,
852f5967fffffff,JPN,20,20,20,True,20,0.0001607767794403596,0.0001607767794403596,0.0022078973033702173,0.002047120523929858,0.00023204809511670528,0.00023204809511670528,0.0026253664069504157,0.0023933183118337105,0.0008123030616104752,0.0008123030616104752,0.0013093859580538894,0.0004970828964434141,0.0012846999955468134,0.0012846999955468134,0.0019163886708904745,0.000631688675343661
852f596ffffffff,JPN,20,20,20,True,20,0.001354106844141798,0.001354106844141798,0.006886164689031535,0.005532057844889735,0.0017260611363902102,0.0017260611363902102,0.008191862571811762,0.0064658014354215506,0.0011529572801427636,0.0011529572801427636,0.001964010901564545,0.0008110536214217817,0.0018389112318572317,0.0018389112318572317,0.0028659731525162045,0.001027061920658973
852f5a03fffffff,JPN,20,20,20,True,20,0.0023234859378458337,0.0023234859378458337,0.01648874406822451,0.014165258130378671,0.00012705776506546196,0.00012705776506546196,0.00113936592924507,0.0010123081641796085,0.0001778102500651677,0.0001778102500651677,0.0018403424722348329,0.0016625322221696652,-5.903137731774948e-05,-5.903137731774948e-05,0.00022436018451609395,0.0002833915618338434
852f5a07fffffff,JPN,20,20,20,True,20,0.0020098521658945224,0.0020098521658945224,0.01359092013554459,0.011581067969650067,0.002630637784766337,0.002630637784766337,0.016162766471961146,0.013532128687194809,0.0020220305017651474,0.0020220305017651474,0.0031574611428594017,0.0011354306410942545,0.003018474196501663,0.003018474196501663,0.0044503032922409026,0.0014318290957392392
852f5a0bfffffff,JPN,20,20,20,True,20,0.0003002413091256231,0.0003002413091256231,0.0012966221422004418,0.0009963808330748186,0.0003785722907370809,0.0003785722907370809,0.0015436450789090578,0.0011650727881719768,6.110730075263658e-05,6.110730075263658e-05,0.00014650321327186992,8.539591251923337e-05,9.661289940488506e-05,9.661289940488506e-05,0.00020645929843923294,0.00010984639903434791
852f5a0ffffffff,JPN,20,20,20,True,20,0.0006343004057214809,0.0006343004057214809,0.002797176648453568,0.0021628762427320864,0.000800772651730371,0.000800772651730371,0.0033287218205779365,0.002527949168847565,0.00046346861134512256,0.00046346861134512256,0.0006611336236889247,0.000197665012343802,0.0006889565344670008,0.0006889565344670008,0.0009349885615478712,0.0002460320270808704
852f5a13fffffff,JPN,20,20,20,True,20,-0.00011020175295761389,-0.00011020175295761389,0.001989253237507535,0.0020994549904651493,0.0003528017640337019,0.0003528017640337019,0.002054860558776072,0.0017020587947423707,-0.0013636590451429206,-0.0013636590451429206,0.0012641984786336661,0.0026278575237765867,0.0003462740584438777,0.0003462740584438777,0.0008380352953673723,0.0004917612369234943
852f5a17fffffff,JPN,20,20,20,True,20,0.0011664146043116619,0.0011664146043116619,0.0068111004856571695,0.005644685881345508,0.0015025201727036116,0.0015025201727036116,0.00809777250785949,0.006595252335155876,0.0007706157467285743,0.0007706157467285743,0.0013802464935407377,0.0006096307468121635,0.0012269772429933333,0.0012269772429933333,0.001986838665105836,0.0007598614221125031
852f5a23fffffff,JPN,20,20,20,True,20,0.005244481890062451,0.005244481890062451,0.037142146916093,0.031897665026030544,0.006890245451184859,0.006890245451184859,0.04417436320102088,0.03728411774983603,0.003974097609236662,0.003974097609236662,0.008671998573444719,0.004697900964208057,0.006409672873617681,0.006409672873617681,0.012329712983204698,0.005920040109587016
852f5a27fffffff,JPN,20,20,20,True,20,0.0012229686506794574,0.0012229686506794574,0.011270883041200414,0.010047914390520956,0.0016573816753314452,0.0016573816753314452,0.013403837995424514,0.011746456320093069,0.0014274279692368563,0.0014274279692368563,0.0029433482959317866,0.0015159203266949298,0.002271556568220804,0.002271556568220804,0.004178309827008594,0.0019067532587877909
852f5a2bfffffff,JPN,20,20,20,True,20,0.00040139133518773756,0.00040139133518773756,0.0031484012878303528,0.0027470099526426157,0.0005330326886797585,0.0005330326886797585,0.003745095601771075,0.003212062913091317,0.00027977130617620196,0.00027977130617620196,0.0004889438243447158,0.00020917251816851378,0.00045387610131689333,0.00045387610131689333,0.0007176012053454454,0.00026372510402855197
852f5a2ffffffff,JPN,20,20,20,True,20,0.00022091491718581282,0.00022091491718581282,0.002475912847633978,0.002254997930448164,0.0003080558245094142,0.0003080558245094142,0.002943746290377798,0.0026356904658683834,0.0002165555333068472,0.0002165555333068472,0.00044312044998705497,0.0002265649166802078,0.0003574185031980133,0.0003574185031980133,0.0006473254904885558,0.0002899069872905425
852f5a33fffffff,JPN,20,20,20,True,20,0.004140239207267691,0.004140239207267691,0.02352524211668942,0.019385002909421724,0.005320204469139464,0.005320204469139464,0.027977521668861843,0.022657317199722374,0.0029050964923659807,0.0029050964923659807,0.006576229141021575,0.003671132648655594,0.004824874726657821,0.004824874726657821,0.009463545737631284,0.004638671010973464
852f5a37fffffff,JPN,20,20,20,True,20,0.06567545184731687,0.06567545184731687,0.3927720958339017,0.32709664398658483,0.05836700173326057,0.05836700173326057,0.35885467729955356,0.30048767556629297,0.15453458840834394,0.15453458840834394,0.26391799780790115,0.10938340939955718,0.10621618988411168,0.10621618988411168,0.18382504280930842,0.07760885292519672
852f5a3bfffffff,JPN,20,20,20,True,20,0.0007171421064403466,0.0007171421064403466,0.005909403417462813,0.005192261311022467,0.0009623134959468073,0.0009623134959468073,0.007029545756922394,0.006067232260975586,4.173033734666586e-05,4.173033734666586e-05,0.0008501437089451271,0.0008084133715984614,0.00018403058734147112,0.00018403058734147112,0.0012220146766114763,0.0010379840892700055
852f5a43fffffff,JPN,0,3,2,False,20,,,,,,,,,,,,,,,,
852f5a47fffffff,JPN,14,16,18,False,20,,0.0001185340234635679,,,,0.00014476722039404431,,,,7.319851143507146e-05,,,,0.00010860522651792095,,
852f5a4bfffffff,JPN,20,20,20,True,20,0.0005272056967009182,0.0005272056967009182,0.0033140366897411477,0.0027868309930402296,0.0006844869704492435,0.0006844869704492435,0.003943694927062832,0.003259207956613588,0.000420838891892617,0.000420838891892617,0.0013147500394547478,0.0008939111475621308,0.0007684214437586272,0.0007684214437586272,0.0018870661654946902,0.001118644721736063
852f5a53fffffff,JPN,0,1,0,False,20,,,,,,,,,,,,,,,,
852f5a57fffffff,JPN,1,5,10,False,20,,-9.002262972840613e-06,,,,-6.337383896748026e-06,,,,0.0,,,,0.0,,
852f5a5bfffffff,JPN,1,1,2,False,20,,1.3259451474938058e-05,,,,1.959431743133877e-05,,,,0.0,,,,0.0,,
852f5a63fffffff,JPN,1,3,5,False,20,,-0.00010330242485704437,,,,-0.00012556336881576548,,,,0.0,,,,0.0,,
852f5a67fffffff,JPN,20,20,20,True,20,0.00013011971600420852,0.00013011971600420852,0.0007551489299513426,0.0006250292139471341,0.00016860208649105372,0.00016860208649105372,0.0008980512211179761,0.0007294491346269223,1.7854186229708275e-05,1.7854186229708275e-05,0.00016576996107798664,0.00014791577484827835,4.21481106735619e-05,4.21481106735619e-05,0.0002301434559348903,0.00018799534526132842
852f5a6bfffffff,JPN,17,19,18,False,20,,7.421984812798763e-05,,,,9.42340528944666e-05,,,,2.1334903886691053e-05,,,,2.90159841825121e-05,,
852f5a6ffffffff,JPN,19,19,20,False,20,,9.510267110305035e-05,,,,0.00012758858975697447,,,,-4.96638120815926e-06,,,,1.612887209143204e-05,,
852f5a73fffffff,JPN,20,20,20,True,20,0.00012522096808385876,0.00012522096808385876,0.0010895797422427042,0.0009643587741588455,0.00016929353775195578,0.00016929353775195578,0.0012963943113000675,0.001127100773548112,-8.93820473310726e-06,-8.93820473310726e-06,0.00016717588503531962,0.00017611408976842685,1.9738897750253243e-05,1.9738897750253243e-05,0.00024119970281660146,0.0002214608050663482
852f5a77fffffff,JPN,8,13,13,False,20,,0.00010096879504465447,,,,0.00012348187016711335,,,,0.0,,,,0.0,,
852f5a7bfffffff,JPN,9,10,10,False,20,,-1.1385739962579358e-05,,,,-5.960211260619956e-06,,,,0.0,,,,0.0,,
852f5a83fffffff,JPN,20,20,20,True,20,0.00013532625393596927,0.00013532625393596927,0.0007297967976395161,0.0005944705437035469,0.00017355100046948627,0.00017355100046948627,0.0008682805211695701,0.0006947295207000838,-7.396390089281564e-05,-7.396390089281564e-05,2.8697616089031482e-05,0.00010266151698184711,-8.777102694676455e-05,-8.777102694676455e-05,3.503633267698603e-05,0.00012280735962375057
852f5a8bfffffff,JPN,20,20,20,True,20,7.859386753602309e-05,7.859386753602309e-05,0.0008579618739797991,0.000779368006443776,0.00010811774641976224,0.00010811774641976224,0.0010203357404562584,0.0009122179940364962,0.0009316148353438272,0.0009316148353438272,0.0009694450994860573,3.783026414223012e-05,0.0013720362612439727,0.0013720362612439727,0.0014206637284978185,4.862746725384586e-05
852f5a93fffffff,JPN,9,14,14,False,20,,9.476775812962803e-05,,,,0.00011813945394601857,,,,-4.300503496925518e-06,,,,-6.883479723821385e-06,,
852f5aa7fffffff,JPN,20,20,20,True,20,0.01942589468320425,0.01942589468320425,0.1284934704167481,0.10906757573354382,0.02485025914556894,0.02485025914556894,0.15147087227382083,0.1266206131282519,0.021914394874009514,0.021914394874009514,0.038854527211516623,0.01694013233750711,0.033198518854451575,0.033198518854451575,0.0540932224776534,0.020894703623201817
852f5aabfffffff,JPN,20,20,20,True,20,0.0008776125592737726,0.0008776125592737726,0.007859604496488828,0.006981991937215057,0.0011918012855591078,0.0011918012855591078,0.009346924028073123,0.008155122742514015,0.0010239291788219352,0.0010239291788219352,0.00250612730719389,0.001482198128371955,0.001720693050376428,0.001720693050376428,0.0036075861679284215,0.0018868931175519937
852f5aaffffffff,JPN,20,20,20,True,20,0.008753983809054289,0.008753983809054289,0.05839597146053368,0.04964198765147938,0.002704506718104131,0.002704506718104131,0.014819062784324035,0.012114556066219907,0.08146015476410032,0.08146015476410032,0.1532492831145696,0.0717891283504693,0.0011358656663825594,0.0011358656663825594,0.003994817356994155,0.002858951690611595
852f5ab3fffffff,JPN,20,20,20,True,20,0.0002771801420911661,0.0002771801420911661,0.0009819200055148866,0.0007047398634237202,0.0003434734136769218,0.0003434734136769218,0.0011671244259282194,0.000823651012251298,0.00014054005232678533,0.00014054005232678533,0.00023489987617478003,9.43598238479947e-05,0.00023703854623730053,0.00023703854623730053,0.00035679103407012185,0.0001197524878328213
852f5ab7fffffff,JPN,10,15,14,False,20,,2.4940317327087782e-05,,,,3.378267975907528e-05,,,,0.0,,,,0.0,,
852f5abbfffffff,JPN,20,20,20,True,20,0.0036262811717873654,0.0036262811717873654,0.020458002934840704,0.01683172176305334,0.004658288824243092,0.004658288824243092,0.02433327179136658,0.019674982967123486,0.0031944005871908853,0.0031944005871908853,0.005966225560370475,0.002771824973179588,0.005056878653678492,0.005056878653678492,0.00852170732538457,0.003464828671706078
852f5ac7fffffff,JPN,2,7,6,False,20,,2.8155061618476283e-05,,,,3.5041393123851254e-05,,,,0.0,,,,0.0,,
852f5acbfffffff,JPN,20,20,20,True,20,0.00029163223320030954,0.00029163223320030954,0.0014954832027766003,0.0012038509695762904,0.00037049915391258986,0.00037049915391258986,0.0017802894797005985,0.0014097903257880087,0.00020074835197813178,0.00020074835197813178,0.0002561500140279932,5.54016620498615e-05,0.00029869136730933417,0.00029869136730933417,0.0003699281083709041,7.123674106156992e-05
852f5acffffffff,JPN,4,6,8,False,20,,7.088956671058564e-05,,,,9.168004013444925e-05,,,,-4.954988881004951e-05,,,,-5.6592839421213714e-05,,
852f5ad3fffffff,JPN,9,12,15,False,20,,-2.5899606120519854e-05,,,,-2.7511214969919986e-05,,,,-6.968267207961664e-05,,,,-9.195503766478342e-05,,
852f5ad7fffffff,JPN,0,2,0,False,20,,,,,,,,,,,,,,,,
852f5b03fffffff,JPN,15,18,15,False,20,,4.398700497126059e-05,,,,5.653879315142597e-05,,,,5.381453240279171e-05,,,,6.812121600529234e-05,,
852f5b1bfffffff,JPN,0,0,1,False,20,,,,,,,,,,,,,,,,
852f5b23fffffff,JPN,4,7,11,False,20,,1.912540934524232e-05,,,,2.373264812580437e-05,,,,0.0,,,,0.0,,
852f5b2bfffffff,JPN,20,20,20,True,20,0.00029303700021086866,0.00029303700021086866,0.0018775124720106506,0.001584475471799782,0.0003808029414632744,0.0003808029414632744,0.0022320894278820254,0.001851286486418751,0.0002925104173700747,0.0002925104173700747,0.0005210128656273421,0.00022850244825726738,0.0004664095005377348,0.0004664095005377348,0.000760074339239873,0.00029366483870213824
852f5b2ffffffff,JPN,6,8,8,False,20,,-3.2747396216811257e-06,,,,-2.8692836590390545e-06,,,,0.0,,,,0.0,,
852f5b33fffffff,JPN,0,8,3,False,20,,,,,,,,,,,,,,,,
852f5b3bfffffff,JPN,13,16,17,False,20,,2.252432787427726e-05,,,,3.137307776242483e-05,,,,-3.0018957281071055e-05,,,,-3.636421918882259e-05,,
852f5b4ffffffff,JPN,18,19,19,False,20,,6.636346801209525e-05,,,,8.862657804092624e-05,,,,0.00010812575890767033,,,,0.0001587142873014286,,
852f5b53fffffff,JPN,20,20,20,True,20,0.0003003077325286356,0.0003003077325286356,0.003302769274099542,0.0030024615415709063,0.0003081884546645544,0.0003081884546645544,0.003427099621956945,0.0031189111672923907,0.00026809959947447646,0.00026809959947447646,0.000420038774683572,0.00015193917520909557,0.0003199558636913935,0.0003199558636913935,0.0005112758217540052,0.00019131995806261174
852f5b57fffffff,JPN,20,20,20,True,20,0.00014937406540500717,0.00014937406540500717,0.0010384804967355967,0.0008891064313305893,0.0001958165718215266,0.0001958165718215266,0.0012367022159105183,0.0010408856440889916,3.067852946854959e-05,3.067852946854959e-05,6.614203751876592e-05,3.546350805021633e-05,4.3984425010443e-05,4.3984425010443e-05,9.184184817535011e-05,4.7857423164907106e-05
852f5b5bfffffff,JPN,20,20,20,True,20,0.0004747353115155094,0.0004747353115155094,0.002628754532909075,0.0021540192213935654,0.0006094522653745296,0.0006094522653745296,0.0031264910913356312,0.0025170388259611017,0.000793412702700098,0.000793412702700098,0.0010429625575123825,0.0002495498548122844,0.0012061769519688683,0.0012061769519688683,0.0015146828267800074,0.0003085058748111391
852f5b77fffffff,JPN,1,1,1,False,20,,7.967532909454331e-06,,,,8.016343847221975e-06,,,,0.0,,,,0.0,,
852f5b83fffffff,JPN,20,20,20,True,20,0.00018438759013873166,0.00018438759013873166,0.0007461687996328153,0.0005617812094940839,0.00023124156631866883,0.00023124156631866883,0.0008882962644516333,0.0006570546981329649,0.0003596360798953642,0.0003596360798953642,0.0003596360798953642,0.0,0.0005313932111500712,0.0005313932111500712,0.0005313932111500712,0.0
852f5b87fffffff,JPN,19,19,20,False,20,,9.933020974623964e-05,,,,0.00012764297568656772,,,,-6.813749164634353e-06,,,,-7.629158215466654e-06,,
852f5b8bfffffff,JPN,20,20,20,True,20,0.00024119185530197982,0.00024119185530197982,0.0014779344503869389,0.001236742595084959,0.0003125611928340317,0.0003125611928340317,0.0017573484822285903,0.0014447872893945586,-2.2621189525218384e-05,-2.2621189525218384e-05,0.00014596977452535496,0.00016859096405057332,-4.759419900506523e-07,-4.759419900506523e-07,0.0002142642878569286,0.00021474022984697928
852f5b8ffffffff,JPN,13,16,16,False,20,,2.073707347309794e-05,,,,3.161375957316928e-05,,,,-4.292534509831192e-05,,,,-5.4925438716941756e-05,,
852f5ba3fffffff,JPN,20,20,20,True,20,0.00043318951994422114,0.00043318951994422114,0.0024791224890323028,0.0020459329690880814,0.0005581848794929528,0.0005581848794929528,0.00295205113669892,0.0023938662572059667,-7.915030996009454e-05,-7.915030996009454e-05,0.0002896290805464988,0.00036877939050659333,-7.327793020669186e-05,-7.327793020669186e-05,0.00039195662435344297,0.0004652345545601348
852f5ba7fffffff,JPN,19,19,20,False,20,,6.04357744782406e-05,,,,7.850395519013068e-05,,,,0.00015209265575428865,,,,0.0002205969299590793,,
852f5babfffffff,JPN,2,8,6,False,20,,-6.127411975054799e-05,,,,-6.987688132812224e-05,,,,-0.000556023053388335,,,,-0.000713199056967971,,
852f5bb3fffffff,JPN,20,20,20,True,20,0.0004436086934192271,0.0004436086934192271,0.0026353993355269756,0.0021917906421077484,0.0005722410609868317,0.0005722410609868317,0.003132896429850945,0.0025606553688641135,-0.00011811336930003932,-0.00011811336930003932,0.00023938999621322634,0.0003575033655132657,-0.00010051520745360115,-0.00010051520745360115,0.00035251019756793526,0.0004530254050215365
852f5bbbfffffff,JPN,15,16,18,False,20,,1.5514556943760117e-05,,,,2.3126317713680728e-05,,,,1.913174405935432e-05,,,,2.335755511799069e-05,,
852f5bc3fffffff,JPN,20,20,20,True,20,0.0012107176821186394,0.0012107176821186394,0.00884655484485427,0.007635837162735632,0.0015974519846004977,0.0015974519846004977,0.01052337848308119,0.008925926498480691,0.0022266410152939832,0.0022266410152939832,0.003152009310804205,0.0009253682955102217,0.0033806027011718193,0.0033806027011718193,0.004563376176317069,0.001182773475145249
852f5bc7fffffff,JPN,20,20,20,True,20,0.00010956334274497081,0.00010956334274497081,0.0005423311307729537,0.00043276778802798295,0.0001256041187694072,0.0001256041187694072,0.0006259395368916147,0.0005003354181222076,-1.865084191426822e-06,-1.865084191426822e-06,0.00020404277021067533,0.00020590785440210215,-0.0001526107822276361,-0.0001526107822276361,0.00011606275790998766,0.00026867354013762374
852f5bcbfffffff,JPN,20,20,20,True,20,0.0020889647522201317,0.0020889647522201317,0.016120329174721105,0.01403136442250097,0.002772372849609972,0.002772372849609972,0.01917149670415608,0.016399123854546106,0.0010975247896409762,0.0010975247896409762,0.002318875044971444,0.0012213502553304677,0.0017860275313045734,0.0017860275313045734,0.0033308934735950973,0.0015448659422905241
852f5bcffffffff,JPN,20,20,20,True,20,0.0010518761802768063,0.0010518761802768063,0.007058575648149978,0.0060066994678731715,0.0013749723155942885,0.0013749723155942885,0.008392348938804601,0.007017376623210314,0.0015024550797980232,0.0015024550797980232,0.0023446872637194506,0.0008422321839214273,0.0023260246442525145,0.0023260246442525145,0.003408491811112635,0.00108246716686012
852f5bd7fffffff,JPN,20,20,20,True,20,0.0010806723015504797,0.0010806723015504797,0.008330996160671634,0.007250323859121154,0.001439274525324051,0.001439274525324051,0.009911068950259855,0.008471794424935803,0.001385352905361777,0.001385352905361777,0.002524128966325806,0.001138776060964029,0.002235357055025289,0.002235357055025289,0.0036757646748428337,0.0014404076198175453
852f5bdbfffffff,JPN,20,20,20,True,20,-8.922907466166178e-06,-8.922907466166178e-06,0.0006250516368818234,0.0006339745443479895,2.337729528969625e-06,2.337729528969625e-06,0.0007438971576655073,0.0007415594281365376,0.00015783246392843758,0.00015783246392843758,0.00016774244169044748,9.909977762009901e-06,0.0002426488909654296,0.0002426488909654296,0.00025396745884967236,1.1318567884242742e-05
852f5e2ffffffff,JPN,0,4,3,False,20,,,,,,,,,,,,,,,,
85300623fffffff,CHN,20,20,20,True,20,8.622885780126058e-05,8.622885780126058e-05,0.002210096382841861,0.0021238675250406,0.0001451987065559742,0.0001451987065559742,0.002626791093074837,0.0024815923865188633,0.0007343219502601955,0.0007343219502601955,0.0021921946165689645,0.0014578726663087688,0.0013652815485354968,0.0013652815485354968,0.003177842006935554,0.0018125604584000566
8530062bfffffff,CHN,18,19,19,False,20,,6.88628892537442e-05,,,,8.872951609306048e-05,,,,0.0006509563084297013,,,,0.0009283651572230931,,
85301127fffffff,CHN,0,0,12,False,20,,,,,,,,,,,,,,,,
853020abfffffff,CHN,7,11,12,False,20,,2.5176010556134252e-05,,,,3.1519770284200195e-05,,,,0.0,,,,0.0,,
853020b3fffffff,CHN,4,8,9,False,20,,4.1781752350110785e-05,,,,5.260092271031204e-05,,,,0.0001995386666028143,,,,0.00027784569561448353,,
853022a3fffffff,CHN,3,7,10,False,20,,4.025166190485787e-05,,,,4.7507739717284006e-05,,,,0.00019614650574807335,,,,0.00025521467382288613,,
85302577fffffff,CHN,20,20,20,True,20,0.0006543688195275409,0.0006543688195275409,0.0033402705341290346,0.0026859017146014944,0.000831076481552238,0.000831076481552238,0.003970877529457644,0.0031398010479054043,0.0046427109658616905,0.0046427109658616905,0.011193177660436728,0.0065504666945750386,0.008221566694526467,0.008221566694526467,0.016503748797804415,0.008282182103277951
85302597fffffff,CHN,20,20,20,True,20,0.00046720078679993014,0.00046720078679993014,0.006611166232199084,0.006143965445399153,0.0006720044629131832,0.0006720044629131832,0.007861814928892317,0.007189810465979135,4.336198458560058e-05,4.336198458560058e-05,0.00022283190878375023,0.00017946992419814968,8.780481316214843e-05,8.780481316214843e-05,0.00030655983851640863,0.00021875502535426017
853025c3fffffff,CHN,20,20,20,True,20,0.0350459724037433,0.0350459724037433,0.19852648476854728,0.16348051236480404,0.04496065330178496,0.04496065330178496,0.23609117523398299,0.19113052193219798,0.10967463531911456,0.10967463531911456,0.17493440842071037,0.06525977310159578,0.16212897569092885,0.16212897569092885,0.2405871906133231,0.07845821492239413
85302627fffffff,CHN,0,1,0,False,20,,,,,,,,,,,,,,,,
85302eb3fffffff,CHN,12,14,18,False,20,,9.756116466735173e-06,,,,1.6349265313619353e-05,,,,0.0,,,,0.0,,
85303053fffffff,CHN,0,3,1,False,20,,,,,,,,,,,,,,,,
8530820ffffffff,CHN,0,0,1,False,20,,,,,,,,,,,,,,,,
8530826bfffffff,CHN,20,20,20,True,20,0.0011516198416355063,0.0011516198416355063,0.0073061897352624345,0.00615456989362693,0.0015026097188293335,0.0015026097188293335,0.008697362892396013,0.007194753173566682,0.0003227311284697646,0.0003227311284697646,0.0017317483901399637,0.001409017261670199,0.0006310026385766558,0.0006310026385766558,0.0024018545977142077,0.0017708519591375517
8530830bfffffff,CHN,0,0,2,False,20,,,,,,,,,,,,,,,,
85308393fffffff,CHN,18,18,20,False,20,,6.079233110258189e-05,,,,7.700311644030975e-05,,,,5.100605202733992e-05,,,,8.606031726326868e-05,,
853084abfffffff,CHN,2,6,9,False,20,,6.456336129323742e-05,,,,8.307479429510123e-05,,,,0.0,,,,0.0,,
85308623fffffff,CHN,18,18,20,False,20,,-1.396146920124162e-05,,,,-6.5148969154101656e-06,,,,-0.00010359260917775865,,,,-0.00013749106116189857,,
853086d7fffffff,CHN,20,20,20,True,20,0.0004220610240192928,0.0004220610240192928,0.0036485364085222204,0.003226475384502927,0.0005624731649461909,0.0005624731649461909,0.004322605731286249,0.0037601325663400575,0.00028144721304331134,0.00028144721304331134,0.0008878435033130401,0.000606396290269729,0.0004859103664061723,0.0004859103664061723,0.0012581939478383064,0.0007722835814321341
853090a7fffffff,CHN,0,3,4,False,20,,,,,,,,,,,,,,,,
8530911bfffffff,CHN,20,20,20,True,20,0.0931972014666276,0.0931972014666276,0.865729674527522,0.7725324730608945,0.12579500239492708,0.12579500239492708,1.0273339319965815,0.9015389296016549,0.22765715108989978,0.22765715108989978,0.48460397739911987,0.2569468263092201,0.3913360602977868,0.3913360602977868,0.7200698638366181,0.32873380353883125
853091cbfffffff,CHN,0,4,7,False,20,,,,,,,,,,,,,,,,
85309277fffffff,CHN,0,2,2,False,20,,,,,,,,,,,,,,,,
853092b7fffffff,CHN,17,19,17,False,20,,5.725694636998162e-05,,,,7.571049645156705e-05,,,,7.889395736174555e-05,,,,0.00011297403580475402,,
85309313fffffff,CHN,0,1,1,False,20,,,,,,,,,,,,,,,,
85309377fffffff,CHN,0,2,0,False,20,,,,,,,,,,,,,,,,
85309447fffffff,CHN,20,20,20,True,20,0.0008027383760386205,0.0008027383760386205,0.004200243446050304,0.003397505070011684,0.0010307610332230192,0.0010307610332230192,0.0049988768327557855,0.003968115799532768,0.0005850291589228512,0.0005850291589228512,0.001997034730405535,0.001412005571482684,0.0010254183475393826,0.0010254183475393826,0.0027509715941083203,0.0017255532465689377
853094abfffffff,CHN,3,8,9,False,20,,0.00016492982978443742,,,,0.00020155143004652615,,,,0.0,,,,0.0,,
85309627fffffff,CHN,20,20,20,True,20,0.003355882948281741,0.003355882948281741,0.07074179811351486,0.06738591516523312,0.005365627024955716,0.005365627024955716,0.08416647655472156,0.07880084952976582,-0.0680124483942508,-0.0680124483942508,0.02525005843387591,0.09326250682812671,-0.081258543023319,-0.081258543023319,0.036025165881859736,0.11728370890517872
85309807fffffff,CHN,1,2,8,False,20,,5.335137419884598e-05,,,,6.69217559908869e-05,,,,0.00028697616089031484,,,,0.0003503633267698603,,
8530981bfffffff,CHN,20,20,20,True,20,0.005016942296849873,0.005016942296849873,0.0539861223933659,0.04896918009651603,0.006919684961890829,0.006919684961890829,0.06422145253432256,0.05730176757243173,0.0034435352309406904,0.0034435352309406904,0.00782997806403438,0.00438644283309369,0.005874423556905607,0.005874423556905607,0.011465740490006976,0.005591316933101368
85309887fffffff,CHN,19,19,20,False,20,,5.5880938523740054e-05,,,,7.507902662251234e-05,,,,-4.1467134980071514e-05,,,,-4.9728086786034036e-05,,
853098d3fffffff,CHN,20,20,20,True,20,0.001057076993085407,0.001057076993085407,0.00527541133768595,0.004218334344600543,0.001360106215129642,0.001360106215129642,0.006280885385787398,0.004920779170657756,0.0003055998058142359,0.0003055998058142359,0.0010086971171293893,0.0007030973113151534,0.0005811624946692465,0.0005811624946692465,0.0014629276401598116,0.0008817651454905651
8530995bfffffff,CHN,20,20,20,True,20,0.10948781987607296,0.10948781987607296,0.9214381337194217,0.8119503138433488,0.12320664265392767,0.12320664265392767,0.8953981773110822,0.7721915346571545,0.1869010391345745,0.1869010391345745,0.5058688470773356,0.31896780794276103,0.26774874862442494,0.26774874862442494,0.5894805757453094,0.3217318271208845
85309a0bfffffff,CHN,3,13,6,False,20,,3.3078193344888565e-05,,,,4.113631587873999e-05,,,,0.0007342384359924264,,,,0.0010714250442246222,,
85309a1bfffffff,CHN,20,20,20,True,20,0.0005413611392943206,0.0005413611392943206,0.0015924369493243433,0.0010510758100300227,0.0006668580765238823,0.0006668580765238823,0.0018924948807203627,0.0012256368041964802,0.002044698556101026,0.002044698556101026,0.0027314994284861607,0.0006868008723851344,0.0030741987698943646,0.0030741987698943646,0.0038907792222688505,0.000816580452374487
85309a33fffffff,CHN,1,5,5,False,20,,-5.8923138520401914e-05,,,,-6.672887830790343e-05,,,,0.0,,,,0.0,,
85309a47fffffff,CHN,1,4,6,False,20,,3.1973938423325023e-05,,,,4.628056130790052e-05,,,,0.0,,,,0.0,,
85309a57fffffff,CHN,20,20,20,True,20,0.020774080949462086,0.020774080949462086,0.18507177073933226,0.1642976897898702,0.02445024548167266,0.02445024548167266,0.20426430541875895,0.1798140599370863,0.03634946560317634,0.03634946560317634,0.091413998784903,0.05506453318172668,0.05510750789796599,0.05510750789796599,0.12017520979975702,0.06506770190179104
85309a6ffffffff,CHN,20,20,20,True,20,0.005418528329800916,0.005418528329800916,0.043555724484809266,0.03813719615500836,0.0069626655762327835,0.0069626655762327835,0.05066393147160177,0.043701265895368976,0.008392319607943025,0.008392319607943025,0.025625941342614443,0.01723362173467142,0.014866281513956765,0.014866281513956765,0.03595582057274817,0.021089539058791414
85309a9bfffffff,CHN,20,20,20,True,20,0.000522621247725863,0.000522621247725863,0.005470661000986778,0.004948039753260915,0.0007230761366029259,0.0007230761366029259,0.006509247370149296,0.005786171233546369,0.0007614951379766327,0.0007614951379766327,0.00188624711039133,0.0011247519724146974,0.0013766150987375213,0.0013766150987375213,0.002735995205986934,0.0013593801072494126
85309aa7fffffff,CHN,20,20,20,True,20,0.03596631740135322,0.03596631740135322,0.3174551180465249,0.2814888006451716,0.04615473286005809,0.04615473286005809,0.35432208135031223,0.3081673484902541,0.06308697837291384,0.06308697837291384,0.15099578432489005,0.08790880595197617,0.10634361143798328,0.10634361143798328,0.21450209391638383,0.10815848247840058
85309ac3fffffff,CHN,0,0,1,False,20,,,,,,,,,,,,,,,,
85309b83fffffff,CHN,14,16,18,False,20,,8.825045683505525e-05,,,,0.0001098919570292084,,,,-4.716493773663831e-06,,,,1.038103914019795e-05,,
85309c03fffffff,CHN,2,4,7,False,20,,5.253632607512024e-05,,,,6.392213231652464e-05,,,,0.0,,,,0.0,,
85309c2ffffffff,CHN,5,11,11,False,20,,-5.512912021559221e-05,,,,-6.320798045725535e-05,,,,0.0,,,,0.0,,
85309c4ffffffff,CHN,20,20,20,True,20,9.186377192679325e-05,9.186377192679325e-05,0.0007316146795148055,0.0006397509075880121,0.00016142005885337796,0.00016142005885337796,0.0006187661941505049,0.0004573461352971269,-1.2128616605534868e-05,-1.2128616605534868e-05,0.00033706020279212725,0.0003491888193976621,-0.00011556643718558504,-0.00011556643718558504,3.9898843756837114e-05,0.00015546528094242216
85309c77fffffff,CHN,13,16,16,False,20,,5.2137575936852353e-05,,,,6.517826309851874e-05,,,,6.139651280086593e-05,,,,8.549098326599493e-05,,
85309c83fffffff,CHN,3,6,3,False,20,,-6.770919034127108e-05,,,,-7.237846834775258e-05,,,,0.0,,,,0.0,,
85309cb3fffffff,CHN,0,2,3,False,20,,,,,,,,,,,,,,,,
85309cdbfffffff,CHN,20,20,20,True,20,0.001060339888610382,0.001060339888610382,0.005302982384650141,0.00424264249603976,0.0014189106402946754,0.0014189106402946754,0.006300052372112655,0.004881141731817979,-0.0006097996203319817,-0.0006097996203319817,0.0005064990726756115,0.0011162986930075933,-0.0007017995189148785,-0.0007017995189148785,0.0007160793117088673,0.001417878830623746
85309d57fffffff,CHN,20,20,20,True,20,0.0015242601510380462,0.0015242601510380462,0.014727257185531733,0.013202997034493688,0.002062140458042959,0.002062140458042959,0.01751412744700633,0.01545198698896337,0.02232997057009386,0.02232997057009386,0.04669412220300593,0.024364151632912067,0.038853742197509464,0.038853742197509464,0.07025307342695084,0.031399331229441385
85309e17fffffff,CHN,2,3,5,False,20,,1.1830457914382241e-05,,,,1.656868595746941e-05,,,,0.0,,,,0.0,,
85309e4bfffffff,CHN,0,0,1,False,20,,,,,,,,,,,,,,,,
8530a273fffffff,CHN,0,0,1,False,20,,,,,,,,,,,,,,,,
8530a3abfffffff,CHN,1,5,5,False,20,,-3.0167023389889415e-05,,,,-2.7279488685541965e-05,,,,0.0,,,,0.0,,
8530a43bfffffff,CHN,20,20,20,True,20,0.00012351056762865948,0.00012351056762865948,0.0009184644667723906,0.0007949538991437313,0.00016351139369556934,0.00016351139369556934,0.0010919722997854843,0.000928460906089915,3.943109465343756e-05,3.943109465343756e-05,0.00021134211462131873,0.00017191101996788115,9.15215067506787e-05,9.15215067506787e-05,0.00029401416427221014,0.00020249265752153144
8530a523fffffff,CHN,0,0,1,False,20,,,,,,,,,,,,,,,,
8530a573fffffff,CHN,20,20,20,True,20,0.00011774238417806584,0.00011774238417806584,0.0007281874035843311,0.0006104450194062654,0.00015533555423036894,0.00015533555423036894,0.0008653089279542848,0.0007099733737239159,-8.153968969131493e-05,-8.153968969131493e-05,0.00014318691262665711,0.00022472660231797207,-6.966898203811089e-05,-6.966898203811089e-05,0.0001904652598029859,0.00026013424184109676
8530a5cffffffff,CHN,0,0,1,False,20,,,,,,,,,,,,,,,,
8530a6abfffffff,CHN,0,1,1,False,20,,,,,,,,,,,,,,,,
8530ac53fffffff,CHN,20,20,20,True,20,0.09228456144832863,0.09228456144832863,0.4677183878118779,0.37543382636354916,0.11742285306370912,0.11742285306370912,0.5540799831975967,0.4366571301338874,0.06658632562274211,0.06658632562274211,0.12050092784755832,0.05391460222481622,0.10908725559965715,0.10908725559965715,0.1758818586709795,0.06679460307132237
8530b02ffffffff,CHN,20,20,20,True,20,6.677510660231081e-05,6.677510660231081e-05,0.0009528741154492088,0.0008860990088468982,9.647807566774683e-05,9.647807566774683e-05,0.0011342683714058316,0.0010377902957380847,0.00019405632622162611,0.00019405632622162611,0.00040577893105993345,0.00021172260483830733,0.0003332883724451284,0.0003332883724451284,0.0005955543645281252,0.00026226599208299683
8530b19bfffffff,CHN,19,19,20,False,20,,5.938919733264492e-05,,,,7.52318016394395e-05,,,,1.417064703062843e-05,,,,2.146512717549994e-05,,
8530b2a7fffffff,CHN,0,0,3,False,20,,,,,,,,,,,,,,,,
8530b393fffffff,CHN,1,2,3,False,20,,1.7023338443784868e-05,,,,2.05587924744198e-05,,,,0.0,,,,0.0,,
8530b3cbfffffff,CHN,0,0,2,False,20,,,,,,,,,,,,,,,,
8530b45bfffffff,CHN,0,2,3,False,20,,,,,,,,,,,,,,,,
8530b4cbfffffff,CHN,17,18,18,False,20,,6.850766895546143e-05,,,,9.018305100784325e-05,,,,5.8020787907652035e-05,,,,9.390933186120257e-05,,
8530b573fffffff,CHN,8,17,11,False,20,,0.0001232378844595665,,,,0.0001514956955239608,,,,0.00013991799748942394,,,,0.00021801007805698723,,
8530c01bfffffff,KOR,20,20,20,True,20,0.0004227643749983305,0.0004227643749983305,0.002039785953583828,0.0016170215785854974,0.0005347164118641428,0.0005347164118641428,0.0024246632909831886,0.0018899468791190456,0.0001949857914751066,0.0001949857914751066,0.0002813433758972067,8.635758442210011e-05,0.00032174118817736134,0.00032174118817736134,0.00042859658330106685,0.00010685539512370542
8530c02bfffffff,KOR,20,20,20,True,20,0.006472013340699148,0.006472013340699148,0.051603260989073085,0.04513124764837393,0.008619776113140748,0.008619776113140748,0.061386532625208365,0.052766756512067615,-0.0004354714462403486,-0.0004354714462403486,0.0039944260161750775,0.004429897462415426,0.00019609508300794947,0.00019609508300794947,0.005831004334077147,0.005634909251069197
8530c04bfffffff,KOR,20,20,20,True,20,0.00035401959547433576,0.00035401959547433576,0.0031435298409770358,0.0027895102455026996,0.0004766102154703654,0.0004766102154703654,0.003735030070655796,0.0032584198551854305,0.0001020243278428013,0.0001020243278428013,0.0003385878658059657,0.00023656353796316443,0.00018299445525202018,0.00018299445525202018,0.0004890553972441418,0.0003060609419921217
8530c04ffffffff,KOR,20,20,20,True,20,0.003777787079996376,0.003777787079996376,0.027463550773704593,0.023685763693708208,0.004966790551932371,0.004966790551932371,0.032670718099067464,0.027703927547135097,0.0006855220491790852,0.0006855220491790852,0.002486739756244879,0.0018012177070657943,0.001405697085273994,0.001405697085273994,0.0036650993267221244,0.0022594022414481304
8530c063fffffff,KOR,13,16,15,False,20,,1.8149259856527828e-05,,,,2.522008178964263e-05,,,,0.0,,,,0.0,,
8530c073fffffff,KOR,20,20,20,True,20,0.0001480979298309337,0.0001480979298309337,0.0010429514036775058,0.0008948534738465721,0.00019423933312423652,0.00019423933312423652,0.0012391065619109405,0.001044867228786704,2.916500650960882e-05,2.916500650960882e-05,0.0001250956042022819,9.593059769267309e-05,5.841215693238547e-05,5.841215693238547e-05,0.0001859497428855394,0.00012753758595315394
8530c07bfffffff,KOR,20,20,20,True,20,0.0018549519889540706,0.0018549519889540706,0.013682062372917744,0.011827110383963673,0.002444809293597231,0.002444809293597231,0.016277248485756,0.013832439192158768,0.0007858111986634362,0.0007858111986634362,0.001418740596542804,0.0006329293978793676,0.001267813891890707,0.001267813891890707,0.0020810630523224937,0.0008132491604317868
8530c08bfffffff,KOR,20,20,20,True,20,0.0014594248610300816,0.0014594248610300816,0.009115427306049298,0.007656002445019215,0.0018898855178578523,0.0018898855178578523,0.010842667742270521,0.008952782224412672,6.901805245267009e-05,6.901805245267009e-05,0.0007611187005175487,0.0006921006480648786,0.0002337036181150937,0.0002337036181150937,0.0011181245353129965,0.0008844209171979027
8530c08ffffffff,KOR,20,20,20,True,20,0.00016688476840240557,0.00016688476840240557,0.0015676111812198842,0.001400726412817479,0.00022554754030222368,0.00022554754030222368,0.0018653865168106643,0.0016398389765084405,-1.0264708767858947e-05,-1.0264708767858947e-05,5.699564553268131e-05,6.726035430054024e-05,2.1153968971526165e-06,2.1153968971526165e-06,8.553588230262595e-05,8.342048540547334e-05
8530c097fffffff,KOR,20,20,20,True,20,0.0002889133649401703,0.0002889133649401703,0.0012642430339134202,0.00097532966897325,0.00036247957767624524,0.00036247957767624524,0.0015031099759998424,0.0011406303983235975,4.865659150845165e-05,4.865659150845165e-05,4.865659150845165e-05,0.0,7.142142928564287e-05,7.142142928564287e-05,7.142142928564287e-05,0.0
8530c0d3fffffff,KOR,20,20,20,True,20,0.00010098186393654191,0.00010098186393654191,0.00178688146938498,0.0016858996054484384,0.0001545948942824444,0.0001545948942824444,0.002123641183738347,0.0019690462894559027,0.00012385525422267768,0.00012385525422267768,0.0002779735362874279,0.00015411828206475026,0.00022407686676917775,0.00022407686676917775,0.000420886881394965,0.00019681001462578724
8530c11bfffffff,KOR,20,20,20,True,20,0.0015357941321455233,0.0015357941321455233,0.010030602499789312,0.008494808367643788,0.0020073566153029306,0.0020073566153029306,0.01192599561297721,0.00991863899767428,6.758720514405898e-05,6.758720514405898e-05,0.000692886552978619,0.0006252993478345602,0.00022386481944752912,0.00022386481944752912,0.0010147667894114404,0.0007909019699639108
8530c123fffffff,KOR,20,20,20,True,20,0.016367183479964586,0.016367183479964586,0.12018627745314017,0.10381909397317561,0.018618819748111498,0.018618819748111498,0.12148621218180848,0.10286739243369696,0.003988389719694755,0.003988389719694755,0.013966726838102853,0.0099783371184081,0.006535139318376068,0.006535139318376068,0.01692012198683303,0.01038498266845696
8530c143fffffff,KOR,20,20,20,True,20,0.0005487340767488477,0.0005487340767488477,0.006087062677467796,0.005538328600718947,0.0007609849109817651,0.0007609849109817651,0.007237225799941997,0.006476240888960231,-0.0002129910455219648,-0.0002129910455219648,0.0007646459803464017,0.0009776370258683666,-0.00010438031626703395,-0.00010438031626703395,0.0011338737787233034,0.0012382540949903375
8530c147fffffff,KOR,20,20,20,True,20,0.017544521233181235,0.017544521233181235,0.13049786178216732,0.11295334054898606,0.023183557974524528,0.023183557974524528,0.15515416341088764,0.1319706054363631,0.0014775660467493531,0.0014775660467493531,0.01226477606673676,0.010787210019987404,0.004310813700603168,0.004310813700603168,0.01798430842632868,0.01367349472572551
8530c16bfffffff,KOR,20,20,20,True,20,0.051043441036035954,0.051043441036035954,0.36412714451521366,0.31308370347917763,0.06698180846261469,0.06698180846261469,0.4326536202537562,0.36567181179114155,0.008032735130734776,0.008032735130734776,0.0432090497843161,0.035176314653581314,0.018444576895849222,0.018444576895849222,0.06295952839833006,0.044514951502480846
8530c177fffffff,KOR,20,20,20,True,20,0.0036326802385244225,0.0036326802385244225,0.03224676432325235,0.028614084084727938,0.0048992066562767575,0.0048992066562767575,0.03835002189458981,0.033450815238313066,3.242325594071216e-05,3.242325594071216e-05,0.0028276957955664017,0.0027952725396256893,0.0005851298643640352,0.0005851298643640352,0.004170793257840395,0.0035856633934763607
8530c17bfffffff,KOR,20,20,20,True,20,0.00635893116947361,0.00635893116947361,0.05513608836398548,0.04877715719451185,0.00854179466771324,0.00854179466771324,0.06553586429087536,0.056994069623162134,-0.0007482064937062128,-0.0007482064937062128,0.005658191645541783,0.006406398139247996,6.607914795432073e-05,6.607914795432073e-05,0.008224325637194725,0.008158246489240404
8530c183fffffff,KOR,20,20,20,True,20,0.002518897758883309,0.002518897758883309,0.020191506509172466,0.017672608750289153,0.0033581948827264016,0.0033581948827264016,0.024018644713886532,0.020660449831160128,-4.211569717761784e-05,-4.211569717761784e-05,0.0015556768891918612,0.001597792586369479,0.0001927480875301859,0.0001927480875301859,0.002265780727008288,0.0020730326394781022
8530c193fffffff,KOR,20,20,20,True,20,0.04239406524794289,0.04239406524794289,0.3181594093744168,0.2757653441264739,0.05511114743627532,0.05511114743627532,0.37238962101698314,0.31727847358070776,0.003308091066000082,0.003308091066000082,0.03272629704707309,0.029418205981073003,0.011221609096622804,0.011221609096622804,0.04704055424650524,0.03581894514988244
8530c1b7fffffff,KOR,20,20,20,True,20,0.002466413007151768,0.002466413007151768,0.01978823945993794,0.017321826452786175,0.0032902413629155385,0.0032902413629155385,0.023535628676293684,0.02024538731337814,-0.0005510867922040145,-0.0005510867922040145,0.0019085439157275064,0.0024596307079315207,-0.0003554179501370952,-0.0003554179501370952,0.0027801185953621405,0.003135536545499235
8530c1c3fffffff,KOR,20,20,20,True,20,0.0010490891808127456,0.0010490891808127456,0.00768560464132992,0.006636515460517174,0.00138650381087015,0.00138650381087015,0.009149047616183787,0.007762543805313637,0.00029797088000022,0.00029797088000022,0.0006332829028181434,0.0003353120228179234,0.0005179144188275444,0.0005179144188275444,0.0009380443046189641,0.00042012988579141953
8530c1d7fffffff,KOR,0,2,2,False,20,,,,,,,,,,,,,,,,
8530c283fffffff,KOR,20,20,20,True,20,2.804013775019314e-05,2.804013775019314e-05,0.000834722841299008,0.0008066827035488148,4.916821743478971e-05,4.916821743478971e-05,0.0009924128691635328,0.000943244651728743,7.282008903642065e-05,7.282008903642065e-05,7.929315074282328e-05,6.473061706402635e-06,0.00011347816119955125,0.00011347816119955125,0.00012072586150424459,7.2477003046933205e-06
8530c29bfffffff,KOR,20,20,20,True,20,0.0008112811268309568,0.0008112811268309568,0.0055414278300660435,0.004730146703235087,0.0010629095855710035,0.0010629095855710035,0.006595211043993901,0.005532301458422897,-0.00012470557689642513,-0.00012470557689642513,0.00022764322677763498,0.0003523488036740601,-0.00011946128458136725,-0.00011946128458136725,0.00032836698857354634,0.00044782827315491356
8530c2a7fffffff,KOR,20,20,20,True,20,0.005063333258160644,0.005063333258160644,0.03746283539175328,0.03239950213359265,0.006677962832121333,0.006677962832121333,0.04455617466470375,0.037878211832582415,0.0004961691305965233,0.0004961691305965233,0.003020548423679839,0.0025243792930833156,0.001241792630038946,0.001241792630038946,0.004434561101846682,0.003192768471807736
8530c383fffffff,KOR,20,20,20,True,20,0.0005001594853954845,0.0005001594853954845,0.0035705419774837268,0.0030703824920882417,0.0006567239332560985,0.0006567239332560985,0.004246756531431789,0.003590032598175691,-0.00016343239844260224,-0.00016343239844260224,0.0003179287783842889,0.00048136117682689116,-0.00013894922002745966,-0.00013894922002745966,0.0004639298323740681,0.0006028790524015277
8530c38ffffffff,KOR,20,20,20,True,20,0.0012139094127553113,0.0012139094127553113,0.008412963557643616,0.0071990541448883035,0.0015907993299481525,0.0015907993299481525,0.010006038362844468,0.008415239032896314,-5.770571999903244e-05,-5.770571999903244e-05,0.0007750941088010298,0.0008327998288000622,6.956660991889197e-05,6.956660991889197e-05,0.0011385002080446418,0.0010689335981257499
8530c3bbfffffff,KOR,20,20,20,True,20,0.004565160069420905,0.004565160069420905,0.03340557223316245,0.02884041216374155,0.006008676039681259,0.006008676039681259,0.03972760512648342,0.03371892908680217,0.00044192481865391474,0.00044192481865391474,0.0037306284599130254,0.003288703641259111,0.0012908569114355878,0.0012908569114355878,0.005463718359049372,0.0041728614476137845
8530c3c3fffffff,KOR,12,13,13,False,20,,0.00018242502038010367,,,,0.0002278854662717712,,,,0.0,,,,0.0,,
8530c3d3fffffff,KOR,20,20,20,True,20,0.0006143556956240586,0.0006143556956240586,0.003070262720579142,0.0024559070249550842,0.0007796945226754758,0.0007796945226754758,0.0036525532241539877,0.0028728587014785127,-1.9699351827021973e-05,-1.9699351827021973e-05,0.0002372600779019571,0.00025695942972897904,2.0486927071708707e-05,2.0486927071708707e-05,0.0003503089074032397,0.000329821980331531
8530c407fffffff,KOR,16,17,18,False,20,,0.00010374980506650576,,,,0.00012906170870085026,,,,0.0,,,,0.0,,
8530c40bfffffff,KOR,20,20,20,True,20,0.0008068571797364123,0.0008068571797364123,0.008377100073530468,0.007570242893794056,0.001114792801628375,0.001114792801628375,0.009969033666033073,0.008854240864404696,-0.0006118209129719949,-0.0006118209129719949,0.0009049631198079642,0.001516784032779959,-0.0005902689265468311,-0.0005902689265468311,0.0013328330865100848,0.0019231020130569161
8530c417fffffff,KOR,20,20,20,True,20,0.0041148140206125495,0.0041148140206125495,0.02805121884623967,0.023936404825627124,0.005395528927520813,0.005395528927520813,0.0333258986654757,0.02793036973795489,0.0009238447424708542,0.0009238447424708542,0.002893636521900779,0.0019697917794299245,0.001739121592972318,0.001739121592972318,0.004247966980378127,0.002508845387405809
8530c42ffffffff,KOR,20,20,20,True,20,0.00010850840229667163,0.00010850840229667163,0.0011366181288779815,0.0010281097265813096,0.00015125499519951408,0.00015125499519951408,0.0013524511217277695,0.0012011961265282554,0.0001036101917401184,0.0001036101917401184,0.00016015856351220048,5.654837177208206e-05,0.00015931374976415813,0.00015931374976415813,0.00023204613454672459,7.273238478256643e-05
8530c43bfffffff,KOR,20,20,20,True,20,0.011008060288019015,0.011008060288019015,0.08789379348667112,0.07688573319865209,0.014648313316429826,0.014648313316429826,0.10448761674114038,0.08983930342471055,0.003505111651549964,0.003505111651549964,0.010867775627797928,0.007362663976247961,0.006554935000786468,0.006554935000786468,0.015891401034310835,0.009336466033524365
8530c457fffffff,KOR,20,20,20,True,20,0.0006205580159806837,0.0006205580159806837,0.003432317468885375,0.0028117594529046912,0.0007975594782353397,0.0007975594782353397,0.0040843838482098336,0.0032868243699744936,0.00014073470429942103,0.00014073470429942103,0.000423633645455725,0.00028289894115630395,0.0002700171419932336,0.0002700171419932336,0.0006412091402013929,0.00037119199820815924
8530c467fffffff,KOR,20,20,20,True,20,0.0003511560755353422,0.0003511560755353422,0.0024090329548281724,0.0020578768792928297,0.00046017907763920015,0.00046017907763920015,0.002864856177755411,0.0024046771001162105,9.089655194924972e-05,9.089655194924972e-05,0.00021600805048290752,0.00012511149853365778,0.00015045927610635087,0.00015045927610635087,0.0003125790045780276,0.00016211972847167674
8530c47bfffffff,KOR,20,20,20,True,20,0.0011705584974099619,0.0011705584974099619,0.010197749592550088,0.009027191095140127,0.001573895672252429,0.001573895672252429,0.01212713315073219,0.010553237478479761,-3.1831793831992546e-05,-3.1831793831992546e-05,0.001093592165884941,0.0011254239597169335,0.00015557549494218313,0.00015557549494218313,0.0015836612110079623,0.001428085716065779
8530c48bfffffff,KOR,20,20,20,True,20,0.0048853109411183485,0.0048853109411183485,0.03421739335566634,0.029332082414547996,0.0064205440435688805,0.0064205440435688805,0.04071153006678692,0.034290986023218034,-0.0008199235912410057,-0.0008199235912410057,0.002677586352289175,0.0034975099435301804,-0.000506582570481336,-0.000506582570481336,0.0039533477368805525,0.0044599303073618885
8530c4b3fffffff,KOR,20,20,20,True,20,0.0014680565599540709,0.0014680565599540709,0.009024981803197376,0.0075569252432433065,0.0018911311230034474,0.0018911311230034474,0.010727887889450003,0.008836756766446557,0.00044787330692270036,0.00044787330692270036,0.001080639240378278,0.0006327659334555777,0.0007631902566549568,0.0007631902566549568,0.0015728467581529332,0.0008096565014979762
8530c503fffffff,KOR,20,20,20,True,20,0.0015431386034506535,0.0015431386034506535,0.010358519303664044,0.008815380700213388,0.002016626387369179,0.002016626387369179,0.012321594195909075,0.010304967808539902,-0.0003003066763789262,-0.0003003066763789262,0.0006332321672861083,0.0009335388436650345,-0.00029175911783384505,-0.00029175911783384505,0.0008991981079462727,0.0011909572257801178
8530c507fffffff,KOR,20,20,20,True,20,0.006698050791881581,0.006698050791881581,0.049769539891064335,0.04307148909918275,0.008842664616277748,0.008842664616277748,0.0591695451853627,0.05032688056908495,0.001252396774328244,0.001252396774328244,0.0049006693200237235,0.0036482725456954785,0.0025156179938468576,0.0025156179938468576,0.007160454391000158,0.004644836397153301
8530c537fffffff,KOR,14,16,17,False,20,,2.9788902353268092e-05,,,,4.2184103934321464e-05,,,,2.049829720645106e-05,,,,2.502595191213288e-05,,
8530c53bfffffff,KOR,20,20,20,True,20,0.0016089344639704402,0.0016089344639704402,0.010038015396953419,0.008429080932982981,0.002084382616772536,0.002084382616772536,0.011944550383303897,0.009860167766531366,4.073734420443118e-05,4.073734420443118e-05,0.0009206076233565048,0.0008798702791520735,0.00019702950892186644,0.00019702950892186644,0.001335310325591609,0.0011382808166697427
8530c54bfffffff,KOR,20,20,20,True,20,0.0004474174344737766,0.0004474174344737766,0.00348236132331212,0.0030349438888383432,0.0005933161290845831,0.0005933161290845831,0.004144866524825046,0.003551550395740464,-3.8432237062902336e-05,-3.8432237062902336e-05,0.00023202685855018226,0.00027045909561308464,-3.6742821192744266e-06,-3.6742821192744266e-06,0.000341623902999763,0.00034529818511903735
8530c553fffffff,KOR,4,6,12,False,20,,-0.00019370384171774264,,,,0.0,,,,0.00018516578094872257,,,,0.0,,
8530c587fffffff,KOR,20,20,20,True,20,0.0007256188095497508,0.0007256188095497508,0.005437729576944171,0.004712110767394422,0.0009599127818801376,0.0009599127818801376,0.006465795814832927,0.005505883032952788,1.3093086802435977e-05,1.3093086802435977e-05,0.0006029993020495542,0.0005899062152471182,0.0001453679928327807,0.0001453679928327807,0.0008980118827739685,0.0007526438899411878
8530c59bfffffff,KOR,0,0,1,False,20,,,,,,,,,,,,,,,,
8530c5c7fffffff,KOR,20,20,20,True,20,0.00048744439687377036,0.00048744439687377036,0.00470756577358495,0.004220121376711179,0.0006614201374702181,0.0006614201374702181,0.005586753715756532,0.004925333578286313,-1.8114559646021897e-05,-1.8114559646021897e-05,0.00031448431722009375,0.0003325988768661156,3.9694908563215605e-05,3.9694908563215605e-05,0.00046064568094521583,0.0004209507723820003
8530c5cffffffff,KOR,20,20,20,True,20,2.1381027813551884e-05,2.1381027813551884e-05,0.0007030241461790934,0.0006816431183655415,3.9414277215365354e-05,3.9414277215365354e-05,0.0008362554347364617,0.0007968411575210966,8.590764634144875e-05,8.590764634144875e-05,0.00020831315651670293,0.00012240551017525417,0.00015319374363362978,0.00015319374363362978,0.0003081360561133022,0.00015494231247967244
8530c5dbfffffff,KOR,20,20,20,True,20,0.001034924653063597,0.001034924653063597,0.005553426474033985,0.0045185018209703874,0.0013248072136452095,0.0013248072136452095,0.006607022104440613,0.005282214890795404,-0.000428761022196765,-0.000428761022196765,3.2208821260925524e-05,0.00046096984345769056,-0.0005622591045538278,-0.0005622591045538278,3.9898843756837114e-05,0.0006021579483106649
8530c603fffffff,KOR,20,20,20,True,20,0.0007638318412831915,0.0007638318412831915,0.0060350806776509796,0.005271248836367788,0.0010157317976049029,0.0010157317976049029,0.00717958340713779,0.006163851609532887,0.00011571716899623145,0.00011571716899623145,0.0006051417275260033,0.0004894245585297717,0.000274608436378984,0.000274608436378984,0.000887081438895507,0.000612473002516523
8530c607fffffff,KOR,20,20,20,True,20,0.0016794123639287395,0.0016794123639287395,0.01167476182441954,0.009995349460490802,0.0022028413077879033,0.0022028413077879033,0.01388436619125206,0.011681524883464155,0.00012020407773597833,0.00012020407773597833,0.0008555692218983913,0.0007353651441624129,0.0003045130055697715,0.0003045130055697715,0.001231827093814616,0.0009273140882448445
8530c617fffffff,KOR,18,19,19,False,20,,8.966164681809836e-05,,,,0.00011293271150824965,,,,3.0338575266380523e-06,,,,7.014856853127714e-06,,
8530c623fffffff,KOR,20,20,20,True,20,0.00038426942969713623,0.00038426942969713623,0.002791659589866002,0.0024073901601688657,0.0005024490197599815,0.0005024490197599815,0.0033176211530721285,0.0028151721333121472,5.300755164287095e-05,5.300755164287095e-05,0.00022643547744836804,0.00017342792580549708,0.00012102119073332507,0.00012102119073332507,0.0003376070672052425,0.00021658587647191738
8530c637fffffff,KOR,0,4,2,False,20,,,,,,,,,,,,,,,,
8530c647fffffff,KOR,20,20,20,True,20,0.003998691693368273,0.003998691693368273,0.03070730605844693,0.026708614365078664,0.005298901636157385,0.005298901636157385,0.03653199971686543,0.031233098080708045,-0.00038275055990043125,-0.00038275055990043125,0.0021661559204304926,0.0025489064803309244,-6.242225003864617e-05,-6.242225003864617e-05,0.0031596841227106744,0.00322210637274932
8530c653fffffff,KOR,13,16,15,False,20,,-1.4041931310217956e-05,,,,-1.3259805150859961e-05,,,,0.0,,,,0.0,,
8530c657fffffff,KOR,5,10,10,False,20,,5.269766932552312e-05,,,,6.581588898410586e-05,,,,0.0,,,,0.0,,
8530c66bfffffff,KOR,20,20,20,True,20,0.0017689859855723612,0.0017689859855723612,0.011443154974871136,0.009674168989298772,0.0023031079582695206,0.0023031079582695206,0.013613031110719345,0.011309923152449827,-7.697566665727688e-05,-7.697566665727688e-05,0.000600047095782975,0.000677022762440252,3.5620688090975245e-05,3.5620688090975245e-05,0.0009024045576909001,0.0008667838695999248
8530c677fffffff,KOR,20,20,20,True,20,0.0006692855694222685,0.0006692855694222685,0.005086872451609421,0.004417586882187153,0.0008851068887850316,0.0008851068887850316,0.00604590533433725,0.005160798445552218,0.001053463462317215,0.001053463462317215,0.0013732502494698089,0.00031978678715259405,0.001650502981214499,0.001650502981214499,0.0020418543801502442,0.00039135139893574524
8530c68ffffffff,KOR,20,20,20,True,20,0.0007034145119898525,0.0007034145119898525,0.0035033336079103076,0.0027999190959204553,0.0008960495180247045,0.0008960495180247045,0.0041716890459467726,0.0032756395279220684,-8.346214059505193e-05,-8.346214059505193e-05,0.00026631884723423495,0.00034978098782928685,-3.895635788499594e-05,-3.895635788499594e-05,0.000409829943312123,0.00044878630119711885
8530c6a3fffffff,KOR,0,2,4,False,20,,,,,,,,,,,,,,,,
8530c6a7fffffff,KOR,18,19,19,False,20,,-1.801420131938957e-05,,,,-1.4921426470423126e-05,,,,6.898911627701615e-05,,,,0.0001077890525126706,,
8530c6affffffff,KOR,20,20,20,True,20,0.02512092640441623,0.02512092640441623,0.17503954906198432,0.14991862265756808,0.03293602735840574,0.03293602735840574,0.20821533254968969,0.1752793051912839,0.003998439655389808,0.003998439655389808,0.019063512883211165,0.015065073227821357,0.008898448700249754,0.008898448700249754,0.027979438127302098,0.01908098942705235
8530c6b3fffffff,KOR,20,20,20,True,20,0.0007317269391568006,0.0007317269391568006,0.004926323443384425,0.004194596504227624,0.0009519406671615506,0.0009519406671615506,0.005858449054995366,0.004906508387833816,0.00028141898105694897,0.00028141898105694897,0.0005442979583959572,0.0002628789773390082,0.0004622423072299903,0.0004622423072299903,0.0007961503713906695,0.0003339080641606792
8530c96ffffffff,JPN,0,0,2,False,20,,,,,,,,,,,,,,,,
8530ca6bfffffff,JPN,14,18,15,False,20,,3.608649859704469e-05,,,,4.7091572765416564e-05,,,,-4.910648002900769e-05,,,,-6.135605067243637e-05,,
8530ca6ffffffff,JPN,1,3,5,False,20,,2.2158024647281205e-05,,,,2.950096694150767e-05,,,,0.0,,,,0.0,,
8530cb1bfffffff,JPN,0,0,1,False,20,,,,,,,,,,,,,,,,
8530cb47fffffff,JPN,20,20,20,True,20,0.00029979188625474813,0.00029979188625474813,0.001680706415767845,0.0013809145295130966,0.0003834186803298903,0.0003834186803298903,0.0019989251091688184,0.0016155064288389282,-0.0003145612200878263,-0.0003145612200878263,6.209020464931453e-05,0.00037665142473714084,-0.0003829950950034991,-0.0003829950950034991,9.701014726140353e-05,0.0004800052422649027
8530cb6bfffffff,JPN,20,20,20,True,20,0.00018941097052765286,0.00018941097052765286,0.0006185635586413482,0.00042915258811369536,0.000234880625522059,0.000234880625522059,0.00073522272533278,0.0005003420998107211,7.0301968144281e-05,7.0301968144281e-05,8.347188909841542e-05,1.3169920954134433e-05,0.00010846571355150425,0.00010846571355150425,0.00012390343469685964,1.5437721145355408e-05
8530d143fffffff,KOR,20,20,20,True,20,0.002278176271916321,0.002278176271916321,0.017798140064953404,0.015519963793037083,0.0030250922372316467,0.0030250922372316467,0.021177863325007085,0.01815277108777544,6.806917011294007e-05,6.806917011294007e-05,0.0015714468429139973,0.0015033776728010575,0.00041290676965934455,0.00041290676965934455,0.0023227970696811846,0.0019098903000218403
8530d1cffffffff,KOR,20,20,20,True,20,0.009014408070334944,0.009014408070334944,0.06328754263043353,0.05427313456009858,0.011829826444974692,0.011829826444974692,0.07528140822656776,0.06345158178159307,0.003392599746782375,0.003392599746782375,0.008798706606155653,0.00540610685937328,0.006134795693965111,0.006134795693965111,0.013011674403146137,0.006876878709181024
8530d903fffffff,JPN,17,18,18,False,20,,1.6295386421575984e-05,,,,2.3627265229926657e-05,,,,8.401734944749224e-06,,,,1.3538055135805692e-05,,
8530d90bfffffff,JPN,11,16,15,False,20,,4.176076420344356e-05,,,,5.341617928985722e-05,,,,0.0006292903999082798,,,,0.0009576784555419576,,
8530d90ffffffff,JPN,1,6,9,False,20,,-5.066771505090741e-05,,,,-5.474081368000603e-05,,,,0.0,,,,0.0,,
8530d923fffffff,JPN,19,19,19,False,20,,8.095650292984733e-05,,,,0.00010184437307983235,,,,0.0006428503741069946,,,,0.0009233073757556474,,
8530d927fffffff,JPN,0,2,2,False,20,,,,,,,,,,,,,,,,
8530d92bfffffff,JPN,0,2,4,False,20,,,,,,,,,,,,,,,,
8530d92ffffffff,JPN,20,20,20,True,20,0.0003543688893440102,0.0003543688893440102,0.0022222204933833815,0.0018678516040393708,0.00045887919196746464,0.00045887919196746464,0.002640998202243094,0.00218211901027563,0.0005551647722272418,0.0005551647722272418,0.0008820493625184627,0.00032688459029122085,0.0008943418750352001,0.0008943418750352001,0.0013064344336418828,0.00041209255860668307
8530d937fffffff,JPN,20,20,20,True,20,0.00016980205745949494,0.00016980205745949494,0.0009511690166832742,0.0007813669592237791,0.00021734631683982078,0.00021734631683982078,0.0011309955956158879,0.0009136492787760672,0.0001657065453333862,0.0001657065453333862,0.0002312311522339883,6.552460690060215e-05,0.0002548682575107063,0.0002548682575107063,0.00033938537587002975,8.45171183593235e-05
8530d943fffffff,JPN,19,20,19,False,20,,2.369024250503536e-06,,,,1.1577378612631258e-05,,,,0.00016082540538334513,,,,0.0002795730658880407,,
8530d94bfffffff,JPN,0,2,0,False,20,,,,,,,,,,,,,,,,
8530d967fffffff,JPN,17,18,19,False,20,,2.981059637788713e-05,,,,4.107758511067806e-05,,,,-3.689082639509116e-05,,,,-4.868207876370887e-05,,
8530d973fffffff,JPN,2,7,8,False,20,,6.133278123547943e-05,,,,7.75019308481491e-05,,,,0.0,,,,0.0,,
8530d977fffffff,JPN,20,20,20,True,20,0.000112690827884024,0.000112690827884024,0.0008048955010941699,0.0006922046732101458,0.00014903517126817678,0.00014903517126817678,0.000957081603756118,0.0008080464324879413,0.0005349393995077339,0.0005349393995077339,0.000609302259045269,7.436285953753512e-05,0.0007983424545711136,0.0007983424545711136,0.0008926886997515808,9.434624518046726e-05
8530d97bfffffff,JPN,1,3,5,False,20,,0.0002694531984612802,,,,0.0003243207961098343,,,,0.0,,,,0.0,,
8530d993fffffff,JPN,3,9,7,False,20,,-1.9720285120647223e-05,,,,-2.1178390816868376e-05,,,,0.0,,,,0.0,,
8530d9a7fffffff,JPN,14,15,17,False,20,,2.9878181776608283e-05,,,,4.295526182905416e-05,,,,7.257665758758843e-05,,,,9.310784072698432e-05,,
8530d9abfffffff,JPN,3,9,6,False,20,,4.2450633830115165e-05,,,,5.42876149834846e-05,,,,0.0,,,,0.0,,
8530d9affffffff,JPN,20,20,20,True,20,0.0028204460973708595,0.0028204460973708595,0.02021319423619181,0.01739274813882095,0.00371570767916182,0.00371570767916182,0.024043174980685773,0.020327467301523953,0.0029648065424701746,0.0029648065424701746,0.006795339490405056,0.003830532947934881,0.004937961857782116,0.004937961857782116,0.009701975345753119,0.004764013487971001
8530dab7fffffff,JPN,1,1,4,False,20,,7.967532909454331e-06,,,,8.016343847221975e-06,,,,0.0,,,,0.0,,
8530dba3fffffff,JPN,20,20,20,True,20,0.0002822748674760741,0.0002822748674760741,0.002097511821014184,0.0018152369535381098,0.00037253857730019447,0.00037253857730019447,0.002494505675218597,0.002121967097918403,0.0002453129714578584,0.0002453129714578584,0.0005618872175950382,0.0003165742461371797,0.00042047606806302286,0.00042047606806302286,0.0008311059936506269,0.0004106299255876039
8530dba7fffffff,JPN,6,10,9,False,20,,5.046778698348871e-05,,,,6.386445657476207e-05,,,,0.0,,,,0.0,,
8530dbb7fffffff,JPN,1,2,1,False,20,,-6.601920940619013e-05,,,,-7.962730409174999e-05,,,,0.0,,,,0.0,,
8530dd17fffffff,JPN,0,2,2,False,20,,,,,,,,,,,,,,,,
8530e027fffffff,KOR,20,20,20,True,20,0.040022379902138513,0.040022379902138513,0.2772050116253101,0.23718263172317164,0.05238352477665422,0.05238352477665422,0.3291276602654725,0.2767441354888183,0.007411616010376931,0.007411616010376931,0.026467843646949173,0.01905622763657224,0.01461038352050718,0.01461038352050718,0.03876550529704565,0.02415512177653847
8530e02ffffffff,KOR,20,20,20,True,20,0.006790393778503064,0.006790393778503064,0.04878428621757219,0.041993892439069126,0.008919424803639699,0.008919424803639699,0.058013210899597725,0.049093786095958006,0.0008509494060397634,0.0008509494060397634,0.004895052466166444,0.004044103060126681,0.002003027197617587,0.002003027197617587,0.007173462717806192,0.005170435520188607
8530e033fffffff,KOR,20,20,20,True,20,0.017524880857692517,0.017524880857692517,0.12502719711554955,0.10750231625785703,0.02301081713275956,0.02301081713275956,0.14848920751331782,0.12547839038055825,0.0013276607291193346,0.0013276607291193346,0.012412545648892936,0.011084884919773602,0.00393472912097501,0.00393472912097501,0.018083222899901198,0.014148493778926189
8530e037fffffff,KOR,20,20,20,True,20,0.023320098039513498,0.023320098039513498,0.15906721074195054,0.13574711270243706,0.03055506273411588,0.03055506273411588,0.18909889693547735,0.15854383420136148,0.00488830917698992,0.00488830917698992,0.01690394392750985,0.01201563475051993,0.009541997360632822,0.009541997360632822,0.024865628202088486,0.015323630841455665
8530e03bfffffff,KOR,20,20,20,True,20,0.028774140649902535,0.028774140649902535,0.1981542924643063,0.16938015181440375,0.0375834249993103,0.0375834249993103,0.23493667178358738,0.1973532467842771,0.00336583683758671,0.00336583683758671,0.01892867228301896,0.015562835445432249,0.00801008685450839,0.00801008685450839,0.02774397527901707,0.019733888424508687
8530e06bfffffff,KOR,20,20,20,True,20,0.0030329951795609314,0.0030329951795609314,0.020540094326622967,0.01750709914706203,0.003967433715858024,0.003967433715858024,0.024420660944040898,0.020453227228182873,0.0006023574787108854,0.0006023574787108854,0.0022285750418486083,0.0016262175631377232,0.0011809241512487285,0.0011809241512487285,0.003272894156705651,0.002091970005456922
8530e0a7fffffff,KOR,20,20,20,True,20,0.02655445648327389,0.02655445648327389,0.19072446222244158,0.16417000573916768,0.0349472078926407,0.0349472078926407,0.22660693254931927,0.19165972465667858,0.0033361289040681696,0.0033361289040681696,0.01831337657984036,0.014977247675772193,0.007732108280143186,0.007732108280143186,0.026731798312086517,0.018999690031943336
8530e0abfffffff,KOR,20,20,20,True,20,0.11957470416842626,0.11957470416842626,0.8522479835192422,0.7326732793508159,0.14942924041733313,0.14942924041733313,0.9674296670304848,0.8180004266131519,0.01384280733459933,0.01384280733459933,0.07972155252105802,0.06587874518645868,0.03199740955254169,0.03199740955254169,0.11037749697149231,0.07838008741895061
8530e0affffffff,KOR,20,20,20,True,20,0.016393055159076155,0.016393055159076155,0.11389172214451548,0.09749866698543934,0.021455087579203898,0.021455087579203898,0.13528024356423365,0.11382515598502974,0.0032389663446314157,0.0032389663446314157,0.01262412211939506,0.009385155774763643,0.006552001970907812,0.006552001970907812,0.018456086611535083,0.011904084640627272
8530e0b3fffffff,KOR,20,20,20,True,20,0.0003843847389605122,0.0003843847389605122,0.0019877731983953635,0.0016033884594348514,0.0004569663236625398,0.0004569663236625398,0.002319411430578466,0.0018624451069159259,1.3479027564702124e-05,1.3479027564702124e-05,0.00011295988794379117,9.948086037908904e-05,5.266575864748537e-05,5.266575864748537e-05,0.00016804745660174434,0.00011538169795425896
8530e10bfffffff,KOR,20,20,20,True,20,0.002396381805453545,0.002396381805453545,0.01634224300634859,0.013945861200895046,0.0031440574560256617,0.0031440574560256617,0.01944469831214847,0.01630064085612281,0.0007714435716228583,0.0007714435716228583,0.0017131143248427395,0.0009416707532198807,0.0012683979204612434,0.0012683979204612434,0.0024685317557468197,0.001200133835285577
8530e113fffffff,KOR,20,20,20,True,20,0.013798416733361057,0.013798416733361057,0.09807138608335941,0.08427296934999837,0.018077634427077462,0.018077634427077462,0.1165860798132414,0.09850844538616393,0.0010243627140848655,0.0010243627140848655,0.00869726091390744,0.007672898199822575,0.003007071198785591,0.003007071198785591,0.012776668377940701,0.009769597179155109
8530e117fffffff,KOR,20,20,20,True,20,0.0018888677624050991,0.0018888677624050991,0.012944075276845995,0.011055207514440894,0.002468724624794653,0.002468724624794653,0.015394493935506038,0.012925769310711386,0.0007426776600692098,0.0007426776600692098,0.0013349254278072326,0.0005922477677380226,0.0011994107677401303,0.0011994107677401303,0.0019671331305315906,0.00076772236279146
8530e123fffffff,KOR,20,20,20,True,20,0.0013623342263719225,0.0013623342263719225,0.0075553251735774275,0.006192990947205505,0.0017472871055865251,0.0017472871055865251,0.008990767461777587,0.007243480356191062,-5.835933697965174e-05,-5.835933697965174e-05,0.0004518716359946731,0.000510230972974325,3.943412652687153e-06,3.943412652687153e-06,0.0006514393900259603,0.0006474959773732731
8530e14bfffffff,KOR,20,20,20,True,20,0.0186552627269916,0.0186552627269916,0.1267457119267355,0.1080904491997439,0.0242971027988658,0.0242971027988658,0.15047463575196585,0.12617753295310005,0.0013421828592918132,0.0013421828592918132,0.01353989837893641,0.012197715519644594,0.004259521025639423,0.004259521025639423,0.019763809513531138,0.015504288487891715
8530e14ffffffff,KOR,20,20,20,True,20,0.004768265153253836,0.004768265153253836,0.036183860289920544,0.0314155951366667,0.006220897229571166,0.006220897229571166,0.042460369519323735,0.03623947228975257,-0.0008563972957836751,-0.0008563972957836751,0.002473185843522965,0.0033295831393066406,-0.0005932421655880335,-0.0005932421655880335,0.003630005795053702,0.004223247960641736
8530e153fffffff,KOR,20,20,20,True,20,0.028238061718708324,0.028238061718708324,0.1965315134351979,0.16829345171648957,0.036946532182729065,0.036946532182729065,0.2335504470884305,0.19660391490570145,0.006670193597923571,0.006670193597923571,0.019660235106522317,0.012990041508598749,0.012293979261179793,0.012293979261179793,0.028827491864992165,0.016533512603812375
8530e157fffffff,KOR,20,20,20,True,20,0.006984881286851981,0.006984881286851981,0.054329183571705374,0.047344302284853396,0.009241435917275907,0.009241435917275907,0.06429216211957736,0.055050726202301434,0.0009806929819087605,0.0009806929819087605,0.005110360909787776,0.004129667927879015,0.0020966747243953998,0.0020966747243953998,0.007346626635981826,0.005249951911586427
8530e163fffffff,KOR,20,20,20,True,20,0.004094095892101096,0.004094095892101096,0.023513275452582645,0.019419179560481552,0.005272650662630543,0.005272650662630543,0.02797733723249904,0.022704686569868498,0.0005542723276949435,0.0005542723276949435,0.0015450000591473087,0.0009907277314523653,0.0010241120575450369,0.0010241120575450369,0.002280038012131139,0.001255925954586102
8530e183fffffff,KOR,20,20,20,True,20,0.00328018775853149,0.00328018775853149,0.024201288595087914,0.020921100836556423,0.004321280903890726,0.004321280903890726,0.028789146080234973,0.024467865176344243,0.0020470749216810564,0.0020470749216810564,0.0037551093448814077,0.0017080344232003515,0.0033302768695900493,0.0033302768695900493,0.005542341227997581,0.0022120643584075325
8530e193fffffff,KOR,20,20,20,True,20,0.00024398035397345282,0.00024398035397345282,0.001450443019693539,0.0012064626657200862,0.00031620063099462514,0.00031620063099462514,0.0017247092756261548,0.00140850864463153,4.2287254677013884e-05,4.2287254677013884e-05,0.00010565223704113295,6.336498236411907e-05,7.339835325734956e-05,7.339835325734956e-05,0.00015695731158826883,8.355895833091925e-05
8530e19bfffffff,KOR,20,20,20,True,20,0.006316630755183355,0.006316630755183355,0.046835869136760806,0.04051923838157746,0.00835640593193337,0.00835640593193337,0.05572670085368324,0.047370294921749864,-0.0007410976865135425,-0.0007410976865135425,0.0034864687045566708,0.004227566391070214,-0.00021758970950056786,-0.00021758970950056786,0.005144584134453868,0.005362173843954436
8530e1affffffff,KOR,20,20,20,True,20,0.005869105370892874,0.005869105370892874,0.04624233046124696,0.040373225090354084,0.0057920698149755015,0.0057920698149755015,0.042376580618777,0.0365845108038015,0.0016347997966616738,0.0016347997966616738,0.004459431527427808,0.002824631730766135,0.0024583895786610102,0.0024583895786610102,0.005361001086596349,0.002902611507935338
8530e1b7fffffff,KOR,20,20,20,True,20,0.0004334348566614253,0.0004334348566614253,0.002096540374928802,0.0016631055182673772,0.0005487003086252086,0.0005487003086252086,0.0024929882154000487,0.0019442879067748397,-2.102409099829817e-05,-2.102409099829817e-05,0.00011399129106536262,0.00013501538206366079,-1.299171170202274e-06,-1.299171170202274e-06,0.0001710717646052519,0.00017237093577545417
8530e1c3fffffff,KOR,20,20,20,True,20,0.00312526803320176,0.00312526803320176,0.024863695868297765,0.021738427835096014,0.004165403390283133,0.004165403390283133,0.029575788553694214,0.02541038516341108,0.0002463557789210304,0.0002463557789210304,0.0018922044173350651,0.0016458486384140348,0.000654870528840279,0.000654870528840279,0.0027553694583656854,0.0021004989295254064
8530e1cffffffff,KOR,20,20,20,True,20,0.003790839896675444,0.003790839896675444,0.025541641230744584,0.02175080133406914,0.00494625399455781,0.00494625399455781,0.030380208056281343,0.025433954061723534,0.0006936702033046207,0.0006936702033046207,0.0019725872615311245,0.0012789170582265036,0.00127102615911267,0.00127102615911267,0.0029025458905434327,0.0016315197314307629
8530e1d7fffffff,KOR,20,20,20,True,20,0.00961595521077435,0.00961595521077435,0.06434259525797201,0.05472664004719764,0.012478020426519224,0.012478020426519224,0.07635410294820512,0.06387608252168589,0.003124605503375006,0.003124605503375006,0.007367437535254653,0.0042428320318796476,0.005469760688161247,0.005469760688161247,0.010850902136614625,0.005381141448453377
8530e1dbfffffff,KOR,20,20,20,True,20,0.5120248341986873,0.5120248341986873,3.74360115806311,3.2315763238644224,0.6398936146397152,0.6398936146397152,4.239467710885264,3.5995740962455485,0.08235230833885053,0.08235230833885053,0.4039811295572635,0.32162882121841296,0.1583118381520604,0.1583118381520604,0.5382703793066841,0.3799585411546237
8530e227fffffff,KOR,20,20,20,True,20,0.0004060791847538219,0.0004060791847538219,0.0026357150422086804,0.002229635857454858,0.0005277865670533142,0.0005277865670533142,0.0031360911859058148,0.002608304618852501,-1.4066374120041974e-05,-1.4066374120041974e-05,0.00010513653548034724,0.00011920290960038922,-3.4148462441586555e-07,-3.4148462441586555e-07,0.00015544515758651503,0.0001557866422109309
8530e22bfffffff,KOR,20,20,20,True,20,0.001775802104417711,0.001775802104417711,0.013303162379827862,0.01152736027541015,0.0023441840518840023,0.0023441840518840023,0.015825791118217393,0.01348160706633339,5.716620474617385e-05,5.716620474617385e-05,0.0009235345319917887,0.000866368327245615,0.0002379772671607821,0.0002379772671607821,0.0013564184958595332,0.0011184412286987509
8530e237fffffff,KOR,20,20,20,True,20,0.0016345676666096435,0.0016345676666096435,0.01358942984123145,0.011954862174621805,0.0021815211359625824,0.0021815211359625824,0.016164015847966895,0.013982494712004311,0.00022241953033713818,0.00022241953033713818,0.0014859797624242495,0.0012635602320871116,0.0006125534068910064,0.0006125534068910064,0.0021979245259681813,0.001585371119077175
8530e2b7fffffff,KOR,20,20,20,True,20,0.004936611159787234,0.004936611159787234,0.03504225956735428,0.03010564840756704,0.006477945549164281,0.006477945549164281,0.041671607185521986,0.03519366163635772,-0.00024529682224585375,-0.00024529682224585375,0.0024035407485901313,0.002648837570835985,0.00012329721393579234,0.00012329721393579234,0.0034897371596947376,0.0033664399457589444
8530e30bfffffff,KOR,20,20,20,True,20,0.00508935668085588,0.00508935668085588,0.03397289575274136,0.028883539071885473,0.006587740103529555,0.006587740103529555,0.04025461881181107,0.033666878708281514,-0.0003924224741548491,-0.0003924224741548491,0.0025353407669211907,0.0029277632410760397,-8.309152451439977e-06,-8.309152451439977e-06,0.0037179440869864766,0.0037262532394379162
8530e30ffffffff,KOR,20,20,20,True,20,0.01703487637057979,0.01703487637057979,0.13114348129251896,0.11410860492193915,0.02198364321929972,0.02198364321929972,0.150774630765631,0.12879098754633128,0.0030815799899911863,0.0030815799899911863,0.01463089718826056,0.011549317198269373,0.006090880400374388,0.006090880400374388,0.020394770531420713,0.014303890131046321
8530e313fffffff,KOR,20,20,20,True,20,0.014406722677464578,0.014406722677464578,0.10299972922561743,0.08859300654815287,0.018914520170617913,0.018914520170617913,0.1222401226973385,0.10332560252672059,0.004137912782682819,0.004137912782682819,0.012199155978095278,0.008061243195412461,0.007569534363440299,0.007569534363440299,0.017822332994605172,0.010252798631164874
8530e333fffffff,KOR,20,20,20,True,20,0.0003598072456365717,0.0003598072456365717,0.003324503466728068,0.0029646962210914964,0.0004896723856529192,0.0004896723856529192,0.003953981437204283,0.003464309051551364,-5.502895806328138e-05,-5.502895806328138e-05,0.0002095798003431672,0.00026460875840644853,-4.2125134432053374e-05,-4.2125134432053374e-05,0.00030634770308670826,0.00034847283751876154
8530e337fffffff,KOR,20,20,20,True,20,0.0005899186862397651,0.0005899186862397651,0.004660681390955463,0.004070762704715697,0.0007801177857356259,0.0007801177857356259,0.005534336179604466,0.00475421839386884,0.00044416424469875094,0.00044416424469875094,0.0008651227695493976,0.0004209585248506467,0.0006871904540610917,0.0006871904540610917,0.001218081964213219,0.0005308915101521275
8530e347fffffff,KOR,20,20,20,True,20,0.0014196587824519082,0.0014196587824519082,0.00976624032511155,0.008346581542659642,0.0018351636097386167,0.0018351636097386167,0.011573062717783723,0.009737899108045105,-0.0006017806170823976,-0.0006017806170823976,0.000785806299810733,0.0013875869168931305,-0.000614771126212624,-0.000614771126212624,0.0011598419530725556,0.0017746130792851793
8530e34bfffffff,KOR,20,20,20,True,20,0.000660376452385105,0.000660376452385105,0.006420090132698587,0.005759713680313482,0.000905220372759063,0.000905220372759063,0.007636055317298882,0.006730834944539819,-0.00015309427113779548,-0.00015309427113779548,0.0005692834403643699,0.0007223777115021654,-9.559029053222492e-05,-9.559029053222492e-05,0.000836386649895224,0.0009319769404274491
8530e36ffffffff,KOR,20,20,20,True,20,0.0005363062646659776,0.0005363062646659776,0.005384779916181252,0.004848473651515273,0.0007341430782018545,0.0007341430782018545,0.006406253074195664,0.005672109995993811,3.233322761468201e-05,3.233322761468201e-05,0.00037408674658819663,0.00034175351897351464,0.00011460076885733417,0.00011460076885733417,0.0005510704364718329,0.0004364696676144988
8530e37bfffffff,KOR,20,20,20,True,20,0.02747531317389449,0.02747531317389449,0.20956096460889748,0.18208565143500294,0.036193807471749016,0.036193807471749016,0.24872853734716313,0.21253472987541405,0.006953267978585888,0.006953267978585888,0.023779374426287966,0.01682610644770208,0.013264288731865798,0.013264288731865798,0.03460330040924585,0.02133901167738005
8530e383fffffff,KOR,20,20,20,True,20,0.014381504824119073,0.014381504824119073,0.10843484609817122,0.09405334127405215,0.018998023061254813,0.018998023061254813,0.1288644855207572,0.10986646245950238,0.0021488253505004165,0.0021488253505004165,0.010440490554425974,0.008291665203925557,0.004675240597835284,0.004675240597835284,0.015219175553208739,0.010543934955373454
8530e387fffffff,KOR,20,20,20,True,20,0.004490740287510739,0.004490740287510739,0.03086601420910771,0.02637527392159697,0.005859738138659599,0.005859738138659599,0.0365740224683478,0.03071428432968821,0.0011369303541405558,0.0011369303541405558,0.003405837088162173,0.002268906734021617,0.0021320271021297256,0.0021320271021297256,0.005003072679720094,0.002871045577590369
8530e3abfffffff,KOR,20,20,20,True,20,0.0022553091505442,0.0022553091505442,0.016579645227327515,0.014324336076783312,0.0029777508804687955,0.0029777508804687955,0.01969319666532505,0.016715445784856252,-0.0006392479670090542,-0.0006392479670090542,0.0017060776675062357,0.00234532563451529,-0.0005166521339769325,-0.0005166521339769325,0.0024375691781104583,0.0029542213120873906
8530e3c3fffffff,KOR,20,20,20,True,20,0.0013552816276982183,0.0013552816276982183,0.009619453254916723,0.008264171627218507,0.0017812977930540077,0.0017812977930540077,0.011378223033732449,0.009596925240678442,-0.0002713303619142525,-0.0002713303619142525,0.0007797056258556416,0.001051035987769894,-0.00022029456601260108,-0.00022029456601260108,0.00113669887146517,0.0013569934374777712
8530e3c7fffffff,KOR,20,20,20,True,20,0.006451685555605197,0.006451685555605197,0.04670171294960165,0.04025002739399643,0.008493804770636354,0.008493804770636354,0.055541914861152605,0.04704811009051627,0.002178767954462417,0.002178767954462417,0.005529932021289466,0.003351164066827049,0.0038243558991068543,0.0038243558991068543,0.00809477274925698,0.004270416850150125
8530e52ffffffff,KOR,20,20,20,True,20,0.0004064887853572728,0.0004064887853572728,0.0035234943050067276,0.0031170055196494545,0.0005475293201218486,0.0005475293201218486,0.004192580604064256,0.0036450512839424063,0.00028429674430127514,0.00028429674430127514,0.00044529552642449965,0.00016099878212322443,0.0004383743388514747,0.0004383743388514747,0.000649984063941258,0.00021160972508978316
8530e57bfffffff,KOR,20,20,20,True,20,0.010125264591433637,0.010125264591433637,0.06871631317709029,0.05859104858565668,0.013256197266009975,0.013256197266009975,0.08174135086987559,0.06848515360386562,0.0004181899686724301,0.0004181899686724301,0.0068002231869235385,0.006382033218251109,0.001765619600549459,0.001765619600549459,0.009921456236639769,0.00815583663609031
8530e813fffffff,KOR,20,20,20,True,20,0.00033612664674974123,0.00033612664674974123,0.002934135522088624,0.0025980088753388827,0.00045391170658531075,0.00045391170658531075,0.0034892484027511826,0.003035336696165872,-0.00017137787061705852,-0.00017137787061705852,0.00022926608968463412,0.0004006439603016926,-0.00017602699541829485,-0.00017602699541829485,0.00033820985007800496,0.0005142368454962999
8530e853fffffff,KOR,20,20,20,True,20,0.0008734035311878028,0.0008734035311878028,0.007291000645991817,0.006417597114804016,0.0011692499199872524,0.0011692499199872524,0.0086753880382683,0.007506138118281047,0.00024672684736212774,0.00024672684736212774,0.0008058026460244108,0.0005590757986622831,0.0004943150702564069,0.0004943150702564069,0.0011919498513582557,0.0006976347811018487
8530e88bfffffff,KOR,20,20,20,True,20,0.001289240561715797,0.001289240561715797,0.008841170133654434,0.007551929571938637,0.0016892118585708003,0.0016892118585708003,0.010519208542578675,0.008829996684007874,0.00040959127756968864,0.00040959127756968864,0.001047097081808127,0.0006375058042384387,0.0007240409781014525,0.0007240409781014525,0.001522078120641834,0.0007980371425403814
8530e893fffffff,KOR,20,20,20,True,20,0.003447423094886014,0.003447423094886014,0.02708403568307883,0.023636612588192815,0.004581221441405957,0.004581221441405957,0.032210433199203976,0.027629211757798023,0.00038775670730282536,0.00038775670730282536,0.0029374552833239796,0.0025496985760211544,0.0010666686929576789,0.0010666686929576789,0.004324021326187021,0.003257352633229342
8530ea07fffffff,KOR,20,20,20,True,20,0.0002968800752680957,0.0002968800752680957,0.002628149845077687,0.0023312697698095906,0.0003995080962802501,0.0003995080962802501,0.003125635922669425,0.002726127826389175,0.00017358397100294018,0.00017358397100294018,0.0002324452314686541,5.8861260465713957e-05,0.0002662047600086244,0.0002662047600086244,0.0003410107805267524,7.480602051812797e-05
8530ea13fffffff,KOR,20,20,20,True,20,0.000273429840304458,0.000273429840304458,0.001703077106402293,0.0014296472660978348,0.0003532904048971549,0.0003532904048971549,0.0020238096960761764,0.0016705192911790213,9.487277470741562e-05,9.487277470741562e-05,0.00014035960715045052,4.548683244303492e-05,0.00013959805413919974,0.00013959805413919974,0.00019539735758676476,5.5799303447565055e-05
8530ea4bfffffff,KOR,20,20,20,True,20,0.0011161836327678476,0.0011161836327678476,0.008199135413834453,0.0070829517810666025,0.0014677873953738278,0.0014677873953738278,0.009750136201266744,0.00828234880589292,0.00014968236506463628,0.00014968236506463628,0.0006456183144915936,0.0004959359494269573,0.000337547489516036,0.000337547489516036,0.0009582064029298728,0.0006206589134138369
8530ea63fffffff,KOR,20,20,20,True,20,0.007278883058146236,0.007278883058146236,0.04872129939730997,0.04144241633916374,0.009510388451366399,0.009510388451366399,0.0579264867888156,0.048416098337449205,0.0013953758665862267,0.0013953758665862267,0.004317229728373663,0.0029218538617874377,0.0026473841086116635,0.0026473841086116635,0.006346328001152053,0.00369894389254039
8530ead7fffffff,KOR,20,20,20,True,20,0.0027917728006453743,0.0027917728006453743,0.02136554621216245,0.018573773411517076,0.003690113506276628,0.003690113506276628,0.02540926520703468,0.02171915170075805,0.0011633357191013919,0.0011633357191013919,0.0025424207894307474,0.0013790850703293556,0.0019562687798308333,0.0019562687798308333,0.0037106604526185487,0.0017543916727877154
8530ec9bfffffff,KOR,19,19,20,False,20,,5.833962607016169e-05,,,,7.737693057679054e-05,,,,-6.8749094538812e-05,,,,-8.690032520611858e-05,,
8530ecabfffffff,KOR,20,20,20,True,20,0.0021748996295142715,0.0021748996295142715,0.01718667434165961,0.015011774712145334,0.002886803980578038,0.002886803980578038,0.02044402776746925,0.01755722378689122,0.001115290963411741,0.001115290963411741,0.0025961628421151788,0.001480871878703438,0.0019459542466358736,0.0019459542466358736,0.0038181295486019165,0.0018721753019660427
8530ecb3fffffff,KOR,20,20,20,True,20,0.0002569765195670483,0.0002569765195670483,0.002266364626854351,0.0020093881072873023,0.00034648579762822134,0.00034648579762822134,0.0026967925649880493,0.002350306767359828,3.3002134219535666e-05,3.3002134219535666e-05,9.73131830169033e-05,6.431104879736764e-05,5.787142115459716e-05,5.787142115459716e-05,0.00014284285857128575,8.497143741668857e-05
8530ecd7fffffff,KOR,20,20,20,True,20,0.0003897323587723101,0.0003897323587723101,0.0031748859648279373,0.0027851536060556274,0.0005181462982420087,0.0005181462982420087,0.0037761608516351944,0.0032580145533931855,5.878255385681941e-05,5.878255385681941e-05,0.0002672687164933758,0.0002084861626365564,0.00012816316014245972,0.00012816316014245972,0.000396426197475656,0.0002682630373331963
8530ee4ffffffff,KOR,20,20,20,True,20,0.0003947072597720801,0.0003947072597720801,0.005080745941981647,0.004686038682209566,0.0005472335589442691,0.0005472335589442691,0.005970256383590842,0.0054230228246465745,9.353081388391715e-05,9.353081388391715e-05,0.00048350903765613485,0.0003899782237722177,0.0002567732058828084,0.0002567732058828084,0.0007108215480726629,0.0004540483421898546
8530ee77fffffff,KOR,20,20,20,True,20,0.0019481565615464401,0.0019481565615464401,0.014473861647930556,0.012525705086384115,0.0025822612599381706,0.0025822612599381706,0.017213882957916125,0.014631621697977956,-0.000207981223123521,-0.000207981223123521,0.0011858937540779927,0.0013938749772015137,-2.2323746264259057e-05,-2.2323746264259057e-05,0.001727521913857335,0.0017498456601215938
8530ee7bfffffff,KOR,20,20,20,True,20,0.0006061590372899523,0.0006061590372899523,0.0037662204187005185,0.0031600613814105664,0.0007838271071295871,0.0007838271071295871,0.004479366565215982,0.003695539458086395,5.835406000339969e-05,5.835406000339969e-05,0.0003833408624547033,0.00032498680245130363,0.0001444946674420239,0.0001444946674420239,0.0005603105389942228,0.000415815871552199
8530ee9bfffffff,KOR,20,20,20,True,20,0.009024033682245457,0.009024033682245457,0.0667336975053209,0.05770966382307546,0.01190106622711638,0.01190106622711638,0.0793553816483121,0.06745431542119576,-1.2572922129784007e-05,-1.2572922129784007e-05,0.006008659695830286,0.00602123261796007,0.0010282988814257579,0.0010282988814257579,0.008713787064630076,0.00768548818320432
8530eeabfffffff,KOR,20,20,20,True,20,0.0005852871463481008,0.0005852871463481008,0.004775708349096139,0.004190421202748039,0.0007863567520717017,0.0007863567520717017,0.005675609285901188,0.004889252533829486,0.00017943946317985877,0.00017943946317985877,0.0006937949181956796,0.000514355455015821,0.000356988186446387,0.000356988186446387,0.0010148050199051638,0.0006578168334587769
8530eeb3fffffff,KOR,20,20,20,True,20,0.0007850366368195178,0.0007850366368195178,0.004483813918353274,0.0036987772815337563,0.001011756150394978,0.001011756150394978,0.005336780614809409,0.0043250244644144325,0.00012990843283237948,0.00012990843283237948,0.0003028317628160754,0.00017292332998369587,0.0002209650293873623,0.0002209650293873623,0.0004361383426873637,0.00021517331330000137
8530eec3fffffff,KOR,20,20,20,True,20,0.0032014373166376143,0.0032014373166376143,0.026085774885875372,0.022884337569237766,0.0041626979259812,0.0041626979259812,0.03063437944118159,0.02647168151520039,0.0003953193208081383,0.0003953193208081383,0.00225396507401129,0.0018586457532031517,0.0009671160506397027,0.0009671160506397027,0.0033042471041758886,0.002337131053536186
853109d7fffffff,CHN,7,11,14,False,20,,-2.0561712003490866e-05,,,,-1.9522887482311216e-05,,,,-8.787222595219031e-05,,,,-0.00010152996979116665,,
85310b33fffffff,CHN,1,4,11,False,20,,1.458345132200572e-05,,,,2.2286708414368436e-05,,,,0.0,,,,0.0,,
85310ebbfffffff,CHN,1,3,3,False,20,,-6.601920940619013e-05,,,,-7.962730409174999e-05,,,,0.0,,,,0.0,,
85311923fffffff,CHN,0,1,0,False,20,,,,,,,,,,,,,,,,
853129cffffffff,CHN,7,11,14,False,20,,0.00012987962792272313,,,,5.0328526280111365e-05,,,,0.0,,,,0.0,,
85315003fffffff,CHN,2,2,4,False,20,,2.6408375351305818e-05,,,,3.6511312453188787e-05,,,,0.0,,,,0.0,,
85315b6bfffffff,KOR,20,20,20,True,20,0.0006144826387688412,0.0006144826387688412,0.004645095697221391,0.004030613058452549,0.0008136343086751232,0.0008136343086751232,0.005526005264094407,0.004712370955419285,0.00025133833646776666,0.00025133833646776666,0.0004952687616133929,0.00024393042514562617,0.00041499651090129864,0.00041499651090129864,0.0007257949240841818,0.000310798413182883
853160cbfffffff,CHN,0,5,5,False,20,,,,,,,,,,,,,,,,
8531632ffffffff,CHN,0,2,0,False,20,,,,,,,,,,,,,,,,
8531701bfffffff,CHN,20,20,20,True,20,0.00012897549645047757,0.00012897549645047757,0.0005768962923110257,0.0004479207958605481,0.0001624407249556703,0.0001624407249556703,0.0006867607408362315,0.0005243200158805613,0.00037519441748789606,0.00037519441748789606,0.0004487976549570775,7.360323746918155e-05,0.0005319870750402878,0.0005319870750402878,0.0006180437813265409,8.605670628625309e-05
85317663fffffff,CHN,20,20,20,True,20,0.0028598230461232598,0.0028598230461232598,0.029549067189674406,0.026689244143551144,0.003884243977723996,0.003884243977723996,0.034106335958147285,0.030222091980423298,0.00029308394525531746,0.00029308394525531746,0.011088069719679437,0.010794985774424117,0.001866351467416595,0.001866351467416595,0.015321323511390646,0.013454972043974053
85318387fffffff,CHN,15,18,17,False,20,,0.00021276476845763807,,,,0.0002677126671173942,,,,0.0006986794858264659,,,,0.0009630079054245901,,
853183c3fffffff,CHN,1,4,3,False,20,,1.585720669306328e-05,,,,2.326983590004902e-05,,,,0.0,,,,0.0,,
85318b4ffffffff,CHN,0,1,0,False,20,,,,,,,,,,,,,,,,
85318b77fffffff,CHN,0,1,3,False,20,,,,,,,,,,,,,,,,
85318c0ffffffff,CHN,20,20,20,True,20,0.007817791295863135,0.007817791295863135,0.05642406845032085,0.04860627715445773,0.01035435984703643,0.01035435984703643,0.06423935513307812,0.053884995286041695,0.008379503821462898,0.008379503821462898,0.025320094141786476,0.01694059032032358,0.014029651584979149,0.014029651584979149,0.03178079954532276,0.01775114796034361
85318cd3fffffff,CHN,20,20,20,True,20,0.00012986583004634205,0.00012986583004634205,0.0010486811230564195,0.0009188152930100774,0.0001424779901904418,0.0001424779901904418,0.0012050554393424557,0.0010625774491520139,0.0003206375246895758,0.0003206375246895758,0.0005688215825221046,0.0002481840578325289,0.0002980524999229815,0.0002980524999229815,0.0006046164343957597,0.00030656393447277806
85318d5bfffffff,CHN,0,1,1,False,20,,,,,,,,,,,,,,,,
85318d83fffffff,CHN,16,17,19,False,20,,3.550196904715212e-05,,,,4.8137055438052495e-05,,,,0.0003613146256992314,,,,0.0005155222581111823,,
85318e23fffffff,CHN,0,3,4,False,20,,,,,,,,,,,,,,,,
85318ed7fffffff,CHN,0,0,1,False,20,,,,,,,,,,,,,,,,
85319087fffffff,CHN,20,20,20,True,20,0.0009131617813905923,0.0009131617813905923,0.04257572931277495,0.04166256753138436,0.0019158114083082031,0.0019158114083082031,0.05056201055032006,0.04864619914201186,0.0030055047023403976,0.0030055047023403976,0.010429397979783567,0.0074238932774431665,0.005362247311910899,0.005362247311910899,0.014410633512282087,0.009048386200371187
8531908ffffffff,CHN,19,20,19,False,20,,9.788420189333615e-06,,,,1.850811808969742e-05,,,,0.00040132955162251987,,,,0.0006197700090390179,,
853190abfffffff,CHN,20,20,20,True,20,0.0001517890212569339,0.0001517890212569339,0.002067926982595155,0.0019161379613382209,0.00021934424993914897,0.00021934424993914897,0.0024567669544916185,0.0022374227045524695,0.00029680253192551485,0.00029680253192551485,0.00046782424099954344,0.0001710217090740285,0.0004067416824979587,0.0004067416824979587,0.0006129733722265655,0.00020623168972860683
853190bbfffffff,CHN,4,5,7,False,20,,0.0002710503227060945,,,,0.0003285645113484785,,,,0.0,,,,0.0,,
8531918ffffffff,CHN,20,20,20,True,20,6.79795949405727e-05,6.79795949405727e-05,0.001196762757757881,0.0011287831628173082,0.00010574294459451989,0.00010574294459451989,0.001420899941608173,0.001315156997013653,3.1099706600309334e-06,3.1099706600309334e-06,0.00013355771678467187,0.00013044774612464092,3.724782460006112e-05,3.724782460006112e-05,0.00019990645338098702,0.00016265862878092589
85319283fffffff,CHN,0,0,1,False,20,,,,,,,,,,,,,,,,
85319903fffffff,CHN,5,14,5,False,20,,5.4189037161284594e-05,,,,6.658736937305263e-05,,,,-8.24968237407497e-06,,,,0.00021730907854996731,,
85319977fffffff,CHN,20,20,20,True,20,0.0028298416604061,0.0028298416604061,0.03213694812951124,0.029307106469105143,0.0038987271633006484,0.0038987271633006484,0.03813132170716206,0.03423259454386141,0.012832491606971771,0.012832491606971771,0.07296550899212322,0.06013301738515146,0.03168353974282604,0.03168353974282604,0.1091167714267089,0.07743323168388286
85319b9bfffffff,CHN,11,15,12,False,20,,1.4341411063346855e-05,,,,2.1639901754334497e-05,,,,7.25595151282961e-05,,,,0.00010103479840526674,,
85319c8ffffffff,CHN,20,20,20,True,20,0.000927824388789165,0.000927824388789165,0.00797166975411653,0.007043845365327363,0.0012497127967854606,0.0012497127967854606,0.009475431006754525,0.008225718209969068,0.006905042968990557,0.006905042968990557,0.010989031984918598,0.0040839890159280415,0.010670174716433903,0.010670174716433903,0.015671994193283093,0.00500181947684919
85319c93fffffff,CHN,20,20,20,True,20,0.0070971698763043125,0.0070971698763043125,0.05919629756932563,0.05209912769302133,0.009524425250763972,0.009524425250763972,0.07041302142035052,0.06088859616958653,-0.0018199522485233383,-0.0018199522485233383,0.024178549006943283,0.02599850125546662,0.00234711984458398,0.00234711984458398,0.03459255158822242,0.03224543174363844
85319d2bfffffff,CHN,2,8,5,False,20,,3.164049066912932e-05,,,,4.082692169852113e-05,,,,0.0,,,,0.0,,
85319dc7fffffff,CHN,12,12,18,False,20,,-3.7415768816736057e-06,,,,-1.0835583051072673e-06,,,,-3.506247431673756e-05,,,,-4.317878781598237e-05,,
85319e4bfffffff,CHN,5,10,11,False,20,,3.8479487037262397e-05,,,,5.265775654886514e-05,,,,-2.589224682561054e-05,,,,-2.8990801218773282e-05,,
85319e73fffffff,CHN,20,20,20,True,20,0.00010104559566348424,0.00010104559566348424,0.0009236987018156328,0.0008226531061521485,0.00013655145384708516,0.00013655145384708516,0.0010980876551173943,0.0009615362012703095,0.00018826719015169744,0.00018826719015169744,0.00043398120229693295,0.00024571401214523557,0.0003160882988086715,0.0003160882988086715,0.0006131164859533844,0.000297028187144713
85319ebbfffffff,CHN,0,2,2,False,20,,,,,,,,,,,,,,,,
8531a357fffffff,CHN,20,20,20,True,20,0.007573179716975714,0.007573179716975714,0.057747867979127364,0.05017468826215166,0.010044979654767756,0.010044979654767756,0.06867082843188077,0.058625848777113035,0.0019540725664793424,0.0019540725664793424,0.007395154319933031,0.005441081753453687,0.003841052102828589,0.003841052102828589,0.01072144128130351,0.006880389178474923
8531a837fffffff,CHN,0,3,4,False,20,,,,,,,,,,,,,,,,
8531aa0bfffffff,CHN,1,2,3,False,20,,0.0003535178909862016,,,,0.0004207148657312041,,,,0.0,,,,0.0,,
8531aa43fffffff,CHN,20,20,20,True,20,0.044623080411733185,0.044623080411733185,0.3182437347217759,0.2736206543100427,0.04592562567725804,0.04592562567725804,0.2999078124690814,0.2539821867918233,0.24062473886437302,0.24062473886437302,0.48910777566640223,0.24848303680202927,0.07662114438328967,0.07662114438328967,0.16269677418860296,0.08607562980531329
8531aa53fffffff,CHN,19,20,19,False,20,,0.00016746355306991405,,,,0.0002071264196648101,,,,0.00044417795856026407,,,,0.0006981224040519563,,
8531aacffffffff,CHN,0,1,0,False,20,,,,,,,,,,,,,,,,
8531b103fffffff,CHN,15,16,19,False,20,,7.029541781318893e-05,,,,8.803535502836847e-05,,,,8.350121268607622e-05,,,,0.00012154218090159393,,
8531b357fffffff,CHN,8,9,14,False,20,,1.278739695181763e-06,,,,4.9235211198639325e-06,,,,-0.00011905213440390977,,,,-0.00014257335142723774,,
8531b36ffffffff,CHN,0,2,0,False,20,,,,,,,,,,,,,,,,
8531b3c7fffffff,CHN,14,15,18,False,20,,3.177238350647751e-05,,,,4.3792512533042886e-05,,,,5.363470726531731e-05,,,,8.367337329826182e-05,,
8531b40ffffffff,CHN,20,20,20,True,20,0.003889802977919434,0.003889802977919434,0.015407149510558323,0.011517346532638893,0.003818064781258409,0.003818064781258409,0.01645619390364259,0.012638129122384179,0.004937861997753427,0.004937861997753427,0.011575133379832788,0.006637271382079363,0.0067718479902431645,0.0067718479902431645,0.014641594097689952,0.007869746107446786
853c028bfffffff,NPL,18,18,20,False,20,,-0.0010250106921900267,,,,-0.0011618209015757412,,,,-0.001010742309724893,,,,0.00033997692386605795,,
853c029bfffffff,NPL,20,20,20,True,20,-0.009370700875165824,-0.009370700875165824,0.03315944341732178,0.042530144292487596,-0.010185924475813351,-0.010185924475813351,0.037746715871012394,0.04793264034682574,0.05907501714074639,0.05907501714074639,0.2715467520218977,0.2124717348811513,0.11903429195096096,0.11903429195096096,0.37465692107823856,0.2556226291272776
853c02d7fffffff,NPL,11,11,20,False,20,,-0.00014474054260772072,,,,-0.00014898746249485885,,,,-9.781447922304498e-05,,,,0.00016555680884636773,,
853c02dbfffffff,NPL,5,5,9,False,20,,5.8813272963097533e-05,,,,7.698838257412973e-05,,,,0.00027348753001566633,,,,0.00046825801715657064,,
853c065bfffffff,NPL,19,19,20,False,20,,-0.0011658889054840845,,,,-0.0013144790032277517,,,,0.003697731037620894,,,,0.006741437505372374,,
853c0a23fffffff,BTN,0,0,3,False,20,,,,,,,,,,,,,,,,
853c0a27fffffff,BTN,20,20,20,True,20,-0.0018847043993589479,-0.0018847043993589479,0.0010541112435594924,0.00293881564291844,-0.002179555055583805,-0.002179555055583805,0.0012319114822480998,0.003411466537831905,-0.002652472414607695,-0.002652472414607695,0.007642442410477982,0.010294914825085676,-0.0020313438473248124,-0.0020313438473248124,0.010592543710177187,0.012623887557501998
853c0a53fffffff,IND,0,0,5,False,20,,,,,,,,,,,,,,,,
853c0a5bfffffff,IND,3,3,10,False,20,,-0.00020333089234896907,,,,-0.00022401702546165705,,,,0.0005096778831105154,,,,0.0006965470163131042,,
853c0a6bfffffff,BTN,0,0,1,False,20,,,,,,,,,,,,,,,,
853c0ac3fffffff,IND,4,4,5,False,20,,9.441385357653662e-05,,,,0.00011567433858746692,,,,8.93000660820489e-05,,,,0.0001119033870917205,,
853c0acffffffff,IND,19,19,20,False,20,,-4.742001512080906e-05,,,,-3.008866975176326e-05,,,,6.128117113988355e-05,,,,0.0006550918884232335,,
853c0c23fffffff,CHN,0,1,0,False,20,,,,,,,,,,,,,,,,
853c1017fffffff,IND,0,1,1,False,20,,,,,,,,,,,,,,,,
853c103bfffffff,IND,2,4,7,False,20,,9.731371252074716e-05,,,,0.0001209749879604152,,,,0.00010628798290732828,,,,0.00016767871032950278,,
853c106ffffffff,IND,0,4,3,False,20,,,,,,,,,,,,,,,,
853c112ffffffff,IND,0,5,5,False,20,,,,,,,,,,,,,,,,
853c1147fffffff,IND,15,17,18,False,20,,0.0001393804132671177,,,,0.00017697072422492104,,,,9.13979991843575e-05,,,,0.00024507938530105266,,
853c1167fffffff,IND,16,16,19,False,20,,0.00024483604929292934,,,,0.00030751609235235317,,,,0.00016640183688974733,,,,0.00031446441805108873,,
853c1183fffffff,NPL,0,1,2,False,20,,,,,,,,,,,,,,,,
853c11b3fffffff,NPL,1,2,7,False,20,,-0.00016163623576812962,,,,-0.00017106747404447507,,,,-4.530015622542438e-05,,,,3.641193765251604e-05,,
853c1203fffffff,IND,0,0,1,False,20,,,,,,,,,,,,,,,,
853c1223fffffff,IND,0,1,0,False,20,,,,,,,,,,,,,,,,
853c123bfffffff,IND,0,1,0,False,20,,,,,,,,,,,,,,,,
853c1267fffffff,IND,0,0,2,False,20,,,,,,,,,,,,,,,,
853c12abfffffff,IND,2,13,2,False,20,,0.00012057984176876984,,,,0.0001440807718780306,,,,0.0007101188471542174,,,,0.001107681558785373,,
853c132bfffffff,IND,0,0,9,False,20,,,,,,,,,,,,,,,,
853c136bfffffff,IND,0,1,0,False,20,,,,,,,,,,,,,,,,
853c136ffffffff,IND,0,1,0,False,20,,,,,,,,,,,,,,,,
853c1373fffffff,IND,0,1,0,False,20,,,,,,,,,,,,,,,,
853c1383fffffff,IND,0,4,6,False,20,,,,,,,,,,,,,,,,
853c138ffffffff,IND,20,20,20,True,20,-0.027414308688769123,-0.027414308688769123,0.034437943065677275,0.0618522517544464,-0.031231471022815406,-0.031231471022815406,0.04079848316827801,0.07202995419109345,-0.017130529413971897,-0.017130529413971897,0.07498632331197728,0.09211685272594917,-0.009350788206482833,-0.009350788206482833,0.10404890268122577,0.1133996908877086
853c1393fffffff,IND,2,6,8,False,20,,1.876756228111934e-05,,,,3.04208586184926e-05,,,,-0.00015658726306734815,,,,-0.0001455944479869837,,
853c13bbfffffff,IND,1,2,4,False,20,,-0.0003935425379451785,,,,-0.0004454307047080425,,,,-0.00039639911048039607,,,,-0.0004527427153697097,,
853c1403fffffff,IND,2,2,9,False,20,,-0.0006455225055734224,,,,-0.0007350002409335131,,,,-0.0010284190147501857,,,,-0.001051003739425237,,
853c1467fffffff,IND,0,2,7,False,20,,,,,,,,,,,,,,,,
853c1487fffffff,IND,0,0,1,False,20,,,,,,,,,,,,,,,,
853c1503fffffff,IND,3,3,15,False,20,,-0.0002221693616554918,,,,-0.00024938943916971815,,,,-8.62216395997792e-05,,,,-1.9172229575311115e-05,,
853c153bfffffff,NPL,20,20,20,True,20,-0.0002800230522537792,-0.0002800230522537792,0.0011652901113882465,0.0014453131636420256,-0.0002965032756915726,-0.0002965032756915726,0.001386033233796222,0.0016825365094877947,0.0013584152425991781,0.0013584152425991781,0.009193624824959256,0.007835209582360078,0.003214467829902502,0.003214467829902502,0.012996679035604225,0.009782211205701722
853c1547fffffff,IND,1,1,4,False,20,,0.00014981208704439497,,,,0.00018527788814708384,,,,0.00028697616089031484,,,,0.0003503633267698603,,
853c156ffffffff,IND,0,0,4,False,20,,,,,,,,,,,,,,,,
853c1577fffffff,IND,0,0,1,False,20,,,,,,,,,,,,,,,,
853c162bfffffff,IND,3,4,11,False,20,,-2.031608624687618e-05,,,,-1.6472840199283588e-05,,,,0.00032262322496944034,,,,0.0004287728205061065,,
853c1647fffffff,IND,20,20,20,True,20,-0.00226078098160399,-0.00226078098160399,0.004963047142129591,0.0072238281237335805,-0.002520800874247802,-0.002520800874247802,0.005891731662181797,0.008412532536429599,0.003524837396179265,0.003524837396179265,0.016621841684505735,0.01309700428832647,0.007235279055191427,0.007235279055191427,0.023105889708824018,0.015870610653632596
853c167bfffffff,IND,0,0,1,False,20,,,,,,,,,,,,,,,,
853c16affffffff,IND,0,0,1,False,20,,,,,,,,,,,,,,,,
853c16b3fffffff,IND,1,2,14,False,20,,2.359200471247939e-05,,,,3.110403338123223e-05,,,,0.0,,,,0.0,,
853c16d7fffffff,IND,0,0,1,False,20,,,,,,,,,,,,,,,,
853c1803fffffff,IND,0,0,1,False,20,,,,,,,,,,,,,,,,
853c1823fffffff,IND,9,9,20,False,20,,0.00011999287443673142,,,,0.000153603805400478,,,,0.0016764379629947129,,,,0.0023096913456945502,,
853c1847fffffff,IND,2,2,10,False,20,,0.00021071997616958175,,,,0.0002600228643978331,,,,0.00033136446371537324,,,,0.00041235931131236304,,
853c186ffffffff,IND,0,0,4,False,20,,,,,,,,,,,,,,,,
853c1877fffffff,IND,0,1,0,False,20,,,,,,,,,,,,,,,,
853c1883fffffff,NPL,18,18,20,False,20,,-0.000702918542114335,,,,-0.0008049528898080773,,,,0.00040456758292480764,,,,0.0013227363789534475,,
853c1893fffffff,NPL,8,8,20,False,20,,-0.0005197252396459653,,,,-0.0005784712591599433,,,,-0.0014112541794978385,,,,-0.001406728907675121,,
853c1917fffffff,IND,10,10,17,False,20,,-0.00012963145387601818,,,,-0.0001460242092625832,,,,-0.0006600461068733719,,,,-0.0006568062468328087,,
853c191bfffffff,BGD,0,0,1,False,20,,,,,,,,,,,,,,,,
853c192ffffffff,IND,2,2,7,False,20,,-0.00048768719114714623,,,,-0.000568326171748335,,,,-0.007100793569190216,,,,-0.009234128694130705,,
853c1933fffffff,IND,0,0,1,False,20,,,,,,,,,,,,,,,,
853c1943fffffff,BGD,4,6,16,False,20,,-0.0006309417556499326,,,,-0.0007042518225173897,,,,0.0011976225743506117,,,,0.001638623344600471,,
853c194bfffffff,BGD,1,1,3,False,20,,-1.2383231990274084e-05,,,,-4.972236688579657e-06,,,,2.8053692634209424e-05,,,,6.0455314582127495e-05,,
853c196bfffffff,BGD,0,0,4,False,20,,,,,,,,,,,,,,,,
853c1983fffffff,IND,20,20,20,True,20,-0.0034657473755421503,-0.0034657473755421503,0.0038558646952271706,0.007321612070769321,-0.0039482869244402636,-0.0039482869244402636,0.0045825999329015075,0.008530886857341768,-0.006219717327594898,-0.006219717327594898,0.01661642205964902,0.02283613938724392,-0.0054466971389278964,-0.0054466971389278964,0.022962435780477,0.028409132919404896
853c1987fffffff,IND,0,0,4,False,20,,,,,,,,,,,,,,,,
853c1993fffffff,IND,0,1,4,False,20,,,,,,,,,,,,,,,,
853c19affffffff,IND,0,0,10,False,20,,,,,,,,,,,,,,,,
853c19d3fffffff,NPL,15,15,20,False,20,,-0.0008626847491298719,,,,-0.0009701693031253094,,,,-0.0008389416625736045,,,,-0.00037747348367433243,,
853c1a0bfffffff,IND,0,1,0,False,20,,,,,,,,,,,,,,,,
853c1a8bfffffff,IND,19,19,20,False,20,,-0.0005292132322045849,,,,-0.0006036421491670247,,,,2.8215876427080178e-05,,,,0.00019011919833222043,,
853c1ab7fffffff,IND,1,4,1,False,20,,9.646071284554902e-05,,,,0.00011835613215619697,,,,2.8053692634209424e-05,,,,6.0455314582127495e-05,,
853c1ac7fffffff,IND,0,1,3,False,20,,,,,,,,,,,,,,,,
853c1acffffffff,IND,0,5,4,False,20,,,,,,,,,,,,,,,,
853c1b2bfffffff,IND,5,6,13,False,20,,-7.147498149252376e-05,,,,-7.57597525181599e-05,,,,-0.000492431429358015,,,,-0.0005417350267586905,,
853c1b43fffffff,IND,20,20,20,True,20,0.00042657837507781,0.00042657837507781,0.0016620151776941382,0.0012354368026163283,0.0005411810997823647,0.0005411810997823647,0.0019811568690386826,0.0014399757692563182,0.00042363876615696935,0.00042363876615696935,0.002330059226288769,0.0019064204601318,0.0008608284121628198,0.0008608284121628198,0.0032096972946818202,0.002348868882519
853c1b6bfffffff,BGD,7,12,12,False,20,,-5.702292671626838e-05,,,,-5.878480274563884e-05,,,,0.0010181928285197311,,,,0.0015488786468246594,,
853c1b8bfffffff,IND,10,14,15,False,20,,6.20894600193003e-05,,,,7.745974937461483e-05,,,,0.0003756684541889527,,,,0.000527028268911242,,
853c1b8ffffffff,IND,20,20,20,True,20,-6.317440732957623e-05,-6.317440732957623e-05,0.0013602451327080784,0.001423419540037655,-4.73435530010833e-05,-4.73435530010833e-05,0.0016190004828973378,0.001666344035898421,-0.0002159034647114577,-0.0002159034647114577,0.0007533209712845157,0.0009692244359959733,-0.00016058648919119303,-0.00016058648919119303,0.0010554958865346283,0.0012160823757258216
853c1ba7fffffff,BGD,1,1,5,False,20,,5.335137419884598e-05,,,,6.69217559908869e-05,,,,2.8053692634209424e-05,,,,6.0455314582127495e-05,,
853c1babfffffff,BGD,3,3,12,False,20,,-0.00023961173597579163,,,,-0.00026945654541354273,,,,-0.00025118300120651225,,,,-0.0002535705906468087,,
853c1c03fffffff,NPL,0,0,2,False,20,,,,,,,,,,,,,,,,
853c1c27fffffff,NPL,19,19,20,False,20,,-0.0011638789100405355,,,,-0.001323565835475431,,,,-0.0008768972944948405,,,,-0.0005277322421624662,,
853c1c2ffffffff,NPL,6,6,13,False,20,,0.0003845300710772303,,,,0.0004708479307972181,,,,0.0041834318173864,,,,0.005539115126908291,,
853c1c4bfffffff,IND,0,2,3,False,20,,,,,,,,,,,,,,,,
853c1c67fffffff,IND,1,2,8,False,20,,0.0001252209070566764,,,,0.0001546211217857828,,,,-0.0005602711712468835,,,,-0.0007116222139990322,,
853c1c73fffffff,NPL,0,0,2,False,20,,,,,,,,,,,,,,,,
853c1cdbfffffff,NPL,12,12,20,False,20,,-0.0006019879154257618,,,,-0.0006877096967043531,,,,-0.003748436863500407,,,,-0.0044569357393619185,,
853c1d23fffffff,IND,5,5,7,False,20,,4.899753150383676e-05,,,,6.276825860168951e-05,,,,0.00014948804526644354,,,,0.0001973772424301371,,
853c1d27fffffff,IND,1,3,8,False,20,,-0.00020743497495448853,,,,-0.00023328401548636802,,,,-0.00039639911048039607,,,,-0.0004527427153697097,,
853c1d2bfffffff,IND,18,18,20,False,20,,-0.0003810696274692997,,,,-0.0004085300431514401,,,,-0.0022773483625323897,,,,-0.0025747264461732132,,
853c1d37fffffff,IND,0,1,3,False,20,,,,,,,,,,,,,,,,
853c1d6ffffffff,IND,3,3,9,False,20,,-0.00017924226451760118,,,,-0.00019784800902502653,,,,-0.00011866067028905946,,,,3.829465124036262e-07,,
853c1e63fffffff,IND,2,11,7,False,20,,-0.0002311213083043427,,,,-0.0002673837364857997,,,,0.0009702643741140444,,,,0.0014094727890398716,,
853c1e6ffffffff,IND,0,0,1,False,20,,,,,,,,,,,,,,,,
853c1e83fffffff,IND,0,0,1,False,20,,,,,,,,,,,,,,,,
853c1eabfffffff,IND,0,0,1,False,20,,,,,,,,,,,,,,,,
853c1ec3fffffff,IND,0,1,1,False,20,,,,,,,,,,,,,,,,
853c1ecffffffff,IND,0,0,2,False,20,,,,,,,,,,,,,,,,
853c1ed3fffffff,IND,1,3,1,False,20,,1.585720669306328e-05,,,,2.326983590004902e-05,,,,0.0,,,,0.0,,
853c30c3fffffff,NPL,0,0,1,False,20,,,,,,,,,,,,,,,,
853c3143fffffff,NPL,1,2,1,False,20,,-0.00011672143211878021,,,,-0.00013414923871131292,,,,-0.0009485770970893309,,,,-0.0006574345098606486,,
853c3223fffffff,IND,0,0,3,False,20,,,,,,,,,,,,,,,,
853c331bfffffff,NPL,20,20,20,True,20,-0.0008438402806715612,-0.0008438402806715612,0.0018375952747509117,0.002681435555422472,-0.0009298810810362922,-0.0009298810810362922,0.002185031832530509,0.0031149129135668013,0.001076785985630193,0.001076785985630193,0.012398821278713158,0.011322035293082965,0.00332098015282212,0.00332098015282212,0.017349297501597263,0.014028317348775141
853c3333fffffff,NPL,0,0,2,False,20,,,,,,,,,,,,,,,,
853c3357fffffff,NPL,1,5,1,False,20,,0.00011424450424516435,,,,0.00014066338415315928,,,,0.0013054195703235216,,,,0.0016068626277554354,,
853c33b7fffffff,NPL,18,19,19,False,20,,1.8006501435145088e-05,,,,0.00011404320610220582,,,,0.002567726052343788,,,,0.004746390306600343,,
853c344ffffffff,NPL,12,13,17,False,20,,-4.8023009854587894e-05,,,,-4.37280273549556e-05,,,,0.00260680722479606,,,,0.004151105043383831,,
853c3603fffffff,NPL,15,16,18,False,20,,-4.622304885545149e-05,,,,-4.2295347214639955e-05,,,,0.0028154130305434897,,,,0.004411989270887607,,
853c366bfffffff,IND,0,1,1,False,20,,,,,,,,,,,,,,,,
853c3693fffffff,NPL,0,0,1,False,20,,,,,,,,,,,,,,,,
853c5a8bfffffff,IND,0,1,4,False,20,,,,,,,,,,,,,,,,
853c5ac7fffffff,IND,5,6,11,False,20,,-0.00025527161019953863,,,,-0.00028750354429941445,,,,4.588682674836399e-05,,,,6.229887820485345e-05,,
853c5acffffffff,IND,0,1,2,False,20,,,,,,,,,,,,,,,,
853c5e6bfffffff,IND,10,13,14,False,20,,-2.357288358954205e-05,,,,-2.0052213738263444e-05,,,,-2.6339841908268866e-05,,,,-3.0875442290710816e-05,,
853c7277fffffff,CHN,20,20,20,True,20,0.0002691561737341527,0.0002691561737341527,0.001042517382961699,0.0007733612092275462,0.0003357364430180927,0.0003357364430180927,0.0012382417240085655,0.0009025052809904725,0.0010417891582206844,0.0010417891582206844,0.0020632190215424794,0.001021429863321795,0.0017644756152597133,0.0017644756152597133,0.0030304407496805114,0.0012659651344207978
853c8057fffffff,IND,0,1,1,False,20,,,,,,,,,,,,,,,,
853c8087fffffff,IND,20,20,20,True,20,-0.0072918017415507675,-0.0072918017415507675,0.0033088913833368926,0.010600693124887659,-0.008418755152852323,-0.008418755152852323,0.003935694509688326,0.012354449662540647,-0.0022917837137157032,-0.0022917837137157032,0.008531853119704464,0.010823636833420166,-0.0011027899428236484,-0.0011027899428236484,0.012162565745690817,0.013265355688514465
853c8097fffffff,IND,0,1,0,False,20,,,,,,,,,,,,,,,,
853c809bfffffff,IND,0,1,5,False,20,,,,,,,,,,,,,,,,
853c80c7fffffff,IND,2,5,10,False,20,,-1.428940724326431e-05,,,,-1.1990935001010215e-05,,,,-0.00038994829345577963,,,,-0.0004517011397577579,,
853c817bfffffff,IND,0,0,1,False,20,,,,,,,,,,,,,,,,
853c81affffffff,IND,9,10,19,False,20,,-0.0006880484477673186,,,,-0.0007954647356951593,,,,-0.00022320806087453064,,,,-0.00020827039277997238,,
853c81d7fffffff,IND,0,0,2,False,20,,,,,,,,,,,,,,,,
853c82dbfffffff,IND,0,0,9,False,20,,,,,,,,,,,,,,,,
853c830ffffffff,IND,9,9,20,False,20,,-0.00020603952445719155,,,,-0.00023035114253882986,,,,0.0005351728204095571,,,,0.000788132933550276,,
853c835bfffffff,IND,0,2,1,False,20,,,,,,,,,,,,,,,,
853c83b3fffffff,IND,0,0,1,False,20,,,,,,,,,,,,,,,,
853c8427fffffff,IND,0,0,1,False,20,,,,,,,,,,,,,,,,
853c84abfffffff,IND,0,0,2,False,20,,,,,,,,,,,,,,,,
853c8537fffffff,IND,0,1,1,False,20,,,,,,,,,,,,,,,,
853c8553fffffff,IND,0,1,4,False,20,,,,,,,,,,,,,,,,
853c857bfffffff,IND,15,15,19,False,20,,-9.177155262649414e-05,,,,-0.00010084227853240845,,,,0.0003442372844788325,,,,0.0007889557755547922,,
853c85c7fffffff,IND,2,2,10,False,20,,-8.808173449024033e-05,,,,-9.452591699475818e-05,,,,3.9490875848764245e-05,,,,5.895647570176965e-05,,
853c8627fffffff,IND,0,0,2,False,20,,,,,,,,,,,,,,,,
853c8643fffffff,IND,2,2,7,False,20,,-3.603100233829823e-05,,,,-3.650289539610059e-05,,,,-9.909977762009902e-05,,,,-0.00011318567884242743,,
853c8893fffffff,IND,20,20,20,True,20,0.00031457198480099816,0.00031457198480099816,0.000771695795954753,0.000457123811153755,0.000384154375567248,0.000384154375567248,0.000916971458830689,0.0005328170832634411,0.0037310795554969176,0.0037310795554969176,0.005455235951149067,0.0017241563956521492,0.0056710980829991365,0.0056710980829991365,0.0078060787716084075,0.0021349806886092715
853c8997fffffff,IND,1,2,1,False,20,,9.022644400678693e-05,,,,0.00011208416022953418,,,,0.0001590007090879976,,,,0.00022124219068202713,,
853c8c33fffffff,IND,3,5,10,False,20,,3.805584083322889e-05,,,,4.810956631208565e-05,,,,0.0004320284059433015,,,,0.0006823604294369665,,
853c8c6ffffffff,IND,0,2,1,False,20,,,,,,,,,,,,,,,,
853c8d23fffffff,IND,1,2,1,False,20,,-5.299582235399926e-07,,,,4.742880304861791e-06,,,,0.0012412183799617705,,,,0.0018736416098328712,,
853c8d27fffffff,IND,0,0,1,False,20,,,,,,,,,,,,,,,,
853c8d2ffffffff,IND,12,15,16,False,20,,0.00020286799646603102,,,,0.00014738058881028082,,,,0.0009863528001056142,,,,0.0016519948990283174,,
853c8d43fffffff,IND,12,14,14,False,20,,-0.0001279185573389396,,,,-0.00014243331749911876,,,,-0.000741130619951201,,,,-0.0005620733067782504,,
853c8d63fffffff,IND,1,3,4,False,20,,5.605165390351659e-05,,,,7.558926364507822e-05,,,,0.00015751492676226213,,,,0.0002054093206759939,,
853c8d7bfffffff,IND,3,5,3,False,20,,8.234477862798184e-05,,,,9.821377623838079e-05,,,,0.00082201149745146,,,,0.001313519363916591,,
853c8d83fffffff,IND,13,15,16,False,20,,-2.1377718630435374e-05,,,,-1.3715752450249821e-05,,,,0.0013535654756328685,,,,0.002106083807533559,,
853c8d8bfffffff,IND,9,12,13,False,20,,-0.0006131464325934257,,,,-0.0006886673065604749,,,,0.00016790919935743054,,,,0.0004264579614214293,,
853c8daffffffff,IND,17,17,20,False,20,,-6.656175455709559e-05,,,,-6.962400734075101e-05,,,,-0.0001505678349024103,,,,0.00012416674571705697,,
853c8db7fffffff,IND,0,3,1,False,20,,,,,,,,,,,,,,,,
853c8dbbfffffff,IND,8,8,13,False,20,,-9.393112931143698e-05,,,,-0.0001022827661523616,,,,0.0008779942171840529,,,,0.0015958040506547783,,
853c8e43fffffff,IND,20,20,20,True,20,-0.012077080477906763,-0.012077080477906763,0.01234186170388122,0.024418942181787983,-0.01385141953297005,-0.01385141953297005,0.014457277118791734,0.028308696651761788,0.016091967588230276,0.016091967588230276,0.07070672029466121,0.05461475270643096,0.031720904934851975,0.031720904934851975,0.0987363920601675,0.06701548712531553
853c8e4bfffffff,IND,8,10,16,False,20,,-0.00018380325053335008,,,,-0.0002073866649545095,,,,0.0005239851427277238,,,,0.0008209369463039397,,
853c8e57fffffff,IND,20,20,20,True,20,-0.0005980063692550502,-0.0005980063692550502,0.000924621364680546,0.0015226277339355965,-0.0006742744045284218,-0.0006742744045284218,0.0010996234607085283,0.0017738978652369498,-0.0009178444980484136,-0.0009178444980484136,0.0031315402529157885,0.004049384750964202,-0.00047320459869619957,-0.00047320459869619957,0.004561069331827976,0.005034273930524176
853c8e83fffffff,IND,0,0,1,False,20,,,,,,,,,,,,,,,,
853c8ea7fffffff,IND,0,0,2,False,20,,,,,,,,,,,,,,,,
853c8eabfffffff,IND,4,5,5,False,20,,-0.0010485807930269465,,,,-0.0011182320636058366,,,,0.0011383218162694944,,,,0.0016791339002511258,,
853c8ec3fffffff,IND,6,6,16,False,20,,7.797485001934172e-05,,,,0.00010914982929548266,,,,0.0002713315390362652,,,,0.0004948892248677364,,
853c90a3fffffff,IND,6,13,8,False,20,,7.869274813859086e-05,,,,9.939807961056835e-05,,,,0.0026771037925626523,,,,0.003806202440381559,,
853c9153fffffff,IND,0,0,1,False,20,,,,,,,,,,,,,,,,
853c9163fffffff,IND,14,14,20,False,20,,-0.000950479723149711,,,,-0.001091084391440636,,,,-0.0023648273672745223,,,,-0.0024912253994414622,,
853c916ffffffff,IND,17,17,19,False,20,,-4.7387263242048086e-05,,,,-3.173581174890826e-05,,,,0.0014174313734114843,,,,0.002334771528946317,,
853c9223fffffff,IND,0,0,1,False,20,,,,,,,,,,,,,,,,
853c923bfffffff,IND,0,0,1,False,20,,,,,,,,,,,,,,,,
853c9247fffffff,IND,7,7,20,False,20,,-0.0005772542629543794,,,,-0.000655333423760003,,,,-0.0010707248532223453,,,,-0.0012051403745058618,,
853c924bfffffff,IND,8,8,20,False,20,,-0.0014319851742754853,,,,-0.0016426188016786013,,,,-0.0005814000213570246,,,,-0.0004994971665452262,,
853c924ffffffff,IND,0,0,1,False,20,,,,,,,,,,,,,,,,
853c9253fffffff,IND,5,5,18,False,20,,-0.0008204623377299728,,,,-0.000937935693775733,,,,3.287928519550324e-05,,,,6.493742451059331e-05,,
853c925bfffffff,IND,20,20,20,True,20,-0.007418064124341611,-0.007418064124341611,0.004755610064140579,0.012173674188482189,-0.008532562855678553,-0.008532562855678553,0.005651317005004495,0.014183879860683053,-0.015959911665346393,-0.015959911665346393,0.008824382556070251,0.02478429422141665,-0.018083579691575594,-0.018083579691575594,0.012417482881882524,0.03050106257345812
853c9273fffffff,IND,19,19,20,False,20,,1.4781641404812658e-05,,,,2.9303617413891508e-05,,,,5.4111755658278536e-05,,,,0.00010150198556584411,,
853c927bfffffff,IND,20,20,20,True,20,-0.0024297117105957387,-0.0024297117105957387,0.0008822128046834287,0.0033119245152791682,-0.0028008814912330025,-0.0028008814912330025,0.0010465025368959814,0.0038473840281289832,-0.00315717931936043,-0.00315717931936043,0.001738547751308155,0.004895727070668585,-0.0035991270476157704,-0.0035991270476157704,0.0024045839051909253,0.006003710952806696
853c92b7fffffff,IND,0,0,2,False,20,,,,,,,,,,,,,,,,
853c92cbfffffff,IND,17,17,20,False,20,,-0.0006736019020579558,,,,-0.0007739766175995933,,,,-0.002292858091078317,,,,-0.002639598229477681,,
853c9303fffffff,IND,20,20,20,True,20,-0.02608961567381069,-0.02608961567381069,0.006795971393793445,0.03288558706760414,-0.03028003022768987,-0.03028003022768987,0.008072670579491428,0.03835270080718131,-0.05334677233041105,-0.05334677233041105,0.023660415249249552,0.0770071875796606,-0.06156962059156048,-0.06156962059156048,0.0333835371743449,0.09495315776590538
853c9313fffffff,IND,0,0,1,False,20,,,,,,,,,,,,,,,,
853c93a3fffffff,IND,20,20,20,True,20,-0.009539968297599493,-0.009539968297599493,0.0026121814131901833,0.012152149710789678,-0.011027412445402713,-0.011027412445402713,0.0031089629422432217,0.014136375387645932,-0.0035509700892729,-0.0035509700892729,0.007358042007870154,0.010909012097143051,-0.002507920368201535,-0.002507920368201535,0.010629205186383928,0.013137125554585466
853c93abfffffff,IND,0,0,1,False,20,,,,,,,,,,,,,,,,
853c93b3fffffff,IND,0,0,1,False,20,,,,,,,,,,,,,,,,
853c93cffffffff,IND,2,2,17,False,20,,0.00033586763583452967,,,,0.00041956403827565417,,,,0.0010077177276913989,,,,0.0012747810664293386,,
853c942bfffffff,IND,6,9,12,False,20,,7.889045071091776e-05,,,,9.974473103789186e-05,,,,0.00031569556349153805,,,,0.00043718797530492527,,
853c944bfffffff,IND,19,19,19,False,20,,5.634041706676106e-05,,,,8.089354999015924e-05,,,,-0.0002069701457491205,,,,-0.0002678660728253701,,
853c9493fffffff,IND,0,0,1,False,20,,,,,,,,,,,,,,,,
853c94b3fffffff,IND,0,2,0,False,20,,,,,,,,,,,,,,,,
853c9547fffffff,IND,9,9,16,False,20,,0.00013641774016925854,,,,0.00016899133229810704,,,,0.0018438033093619403,,,,0.0025353786863549707,,
853c965bfffffff,IND,3,3,19,False,20,,-0.000587804897780131,,,,-0.000671259332060682,,,,3.0169452269378732e-05,,,,0.00016245259129616494,,
853c96cbfffffff,IND,0,0,2,False,20,,,,,,,,,,,,,,,,
853c9c07fffffff,IND,17,18,19,False,20,,5.0549031127873784e-05,,,,6.836616586543623e-05,,,,0.0011771335137064573,,,,0.0017036322010731218,,
853c9d17fffffff,IND,20,20,20,True,20,3.778457515758719e-05,3.778457515758719e-05,0.0008701065672778715,0.0008323219921202843,6.15534839284546e-05,6.15534839284546e-05,0.0010350842063617692,0.0009735307224333148,8.294296405497094e-05,8.294296405497094e-05,0.0004477316491652315,0.00036478868511026047,0.0001552115669270763,0.0001552115669270763,0.000607133386990329,0.00045192182006325264
853c9d93fffffff,IND,0,2,2,False,20,,,,,,,,,,,,,,,,
853ca053fffffff,IND,0,2,0,False,20,,,,,,,,,,,,,,,,
853ca133fffffff,IND,0,1,0,False,20,,,,,,,,,,,,,,,,
853ca1bbfffffff,IND,5,6,10,False,20,,7.163385995989619e-05,,,,8.956103166820237e-05,,,,0.0005298298836191921,,,,0.0007376722268332837,,
853ca22bfffffff,IND,16,18,16,False,20,,-0.00010014313452199266,,,,-0.00011120510445120737,,,,-9.700116889526206e-05,,,,-0.00010894392312455605,,
853ca243fffffff,IND,19,20,19,False,20,,-3.1685858767011034e-05,,,,-1.3218042695375743e-05,,,,0.00043243781642121295,,,,0.0006549421701597781,,
853ca26ffffffff,IND,0,1,0,False,20,,,,,,,,,,,,,,,,
853ca38bfffffff,IND,2,2,11,False,20,,-0.00012036079464498024,,,,-0.00013344760114896448,,,,-0.0003094328604276057,,,,-0.00032688954087208455,,
853ca49bfffffff,IND,2,4,7,False,20,,0.00033265326089594236,,,,0.0003921361410016734,,,,0.00018298142670657776,,,,0.00030250833470315413,,
853ca54ffffffff,IND,3,3,17,False,20,,-0.00014881781185046777,,,,-0.00016437130755779517,,,,-0.0004101374514532961,,,,-0.00033596128571045336,,
853ca823fffffff,IND,1,2,7,False,20,,8.056074363834757e-05,,,,0.00010054140967913355,,,,0.0,,,,0.0,,
853ca833fffffff,IND,17,18,19,False,20,,-0.0006318712576709188,,,,-0.0007136882388372416,,,,-0.0009934143542961456,,,,-0.0009380612557629895,,
853ca853fffffff,IND,20,20,20,True,20,-0.0003628183201405704,-0.0003628183201405704,0.0033429364177127705,0.0037057547378533404,-0.00037363592393868157,-0.00037363592393868157,0.003930143549264199,0.00430377947320288,0.002251198501568426,0.002251198501568426,0.02123322770289461,0.018982029201326186,0.006355483927902883,0.006355483927902883,0.03002331822782543,0.023667834299922537
853ca893fffffff,IND,3,6,4,False,20,,1.4199668822948942e-06,,,,5.461989393825953e-06,,,,0.00042203700900214435,,,,0.0005995455655886507,,
853ca8cbfffffff,IND,6,12,9,False,20,,0.000100128977467078,,,,0.0001275792875997864,,,,0.0012004658568048312,,,,0.0016796424835887217,,
853ca90bfffffff,IND,1,1,1,False,20,,-2.262526754241709e-05,,,,-2.0459616514156473e-05,,,,0.00015751492676226213,,,,0.0002054093206759939,,
853ca927fffffff,IND,15,15,19,False,20,,-0.00012904974377511258,,,,-0.0001416203263737575,,,,0.00029214607703376393,,,,0.0007258567424851468,,
853ca963fffffff,IND,0,2,10,False,20,,,,,,,,,,,,,,,,
853ca96ffffffff,IND,20,20,20,True,20,-0.00035506771954857435,-0.00035506771954857435,0.00987333604585729,0.010228403765405864,-0.0001893624566292602,-0.0001893624566292602,0.011730333202950449,0.01191969565957971,0.0001693496838757722,0.0001693496838757722,0.051071576391310235,0.05090222670743445,0.007315583594330441,0.007315583594330441,0.07040511577558094,0.06308953218125049
853ca973fffffff,IND,20,20,20,True,20,-0.0007262118552767368,-0.0007262118552767368,0.0016517302419965713,0.0023779420972733084,-0.0008064136529924131,-0.0008064136529924131,0.001961114333142222,0.0027675279861346354,0.002490395720056826,0.002490395720056826,0.013413918389152813,0.010923522669095987,0.005462606251066923,0.005462606251066923,0.01888604208498789,0.013423435833920966
853ca997fffffff,IND,0,0,1,False,20,,,,,,,,,,,,,,,,
853ca9a3fffffff,IND,0,0,1,False,20,,,,,,,,,,,,,,,,
853ca9cbfffffff,IND,20,20,20,True,20,-0.0002653292739118676,-0.0002653292739118676,0.0051714749400901755,0.005436804214002043,-0.000305627343487996,-0.000305627343487996,0.006035729341289551,0.0063413566847775465,0.00010326479334428925,0.00010326479334428925,0.0024783043994042048,0.002375039606059915,-0.0008569245141836493,-0.0008569245141836493,0.002053728142797607,0.002910652656981256
853caa4ffffffff,IND,0,2,2,False,20,,,,,,,,,,,,,,,,
853cab6ffffffff,IND,11,13,18,False,20,,-9.747737900119356e-05,,,,-0.00010676219721437492,,,,-0.000140100348950525,,,,0.000190148894979024,,
853cab93fffffff,IND,12,13,18,False,20,,-3.584245436842813e-05,,,,-3.1431577743744736e-05,,,,0.0014671727356936985,,,,0.002310523385522592,,
853caba7fffffff,IND,2,3,12,False,20,,-2.393441845209633e-05,,,,-2.292621150413909e-05,,,,0.0010404693362962637,,,,0.0013514064830803848,,
853cabc3fffffff,IND,20,20,20,True,20,-0.0015015269499762973,-0.0015015269499762973,0.0015769130587963253,0.0030784400087726224,-0.0017109996679727422,-0.0017109996679727422,0.0018660441641456596,0.0035770438321184013,-0.00027864007879387423,-0.00027864007879387423,0.004077448791007538,0.0043560888698014125,0.0003360025099255964,0.0003360025099255964,0.0056642336005606675,0.00532823109063507
853cac67fffffff,IND,6,6,8,False,20,,-0.0002746599215467597,,,,-0.00030635063357678066,,,,-0.004341309959804591,,,,-0.004543195853554184,,
853cacb3fffffff,IND,11,12,17,False,20,,1.4191470329020094e-06,,,,1.0520390572136633e-05,,,,0.0014050864920933713,,,,0.0020817851136371813,,
853cad2ffffffff,IND,0,0,3,False,20,,,,,,,,,,,,,,,,
853cad8ffffffff,IND,0,1,1,False,20,,,,,,,,,,,,,,,,
853cad9bfffffff,IND,0,0,4,False,20,,,,,,,,,,,,,,,,
853cb017fffffff,IND,0,0,1,False,20,,,,,,,,,,,,,,,,
853cb033fffffff,IND,16,18,17,False,20,,-2.2497370364265062e-05,,,,-1.922577165281249e-05,,,,3.0917825160877956e-05,,,,9.180056060218931e-05,,
853cb037fffffff,IND,5,7,10,False,20,,-9.881637878683004e-05,,,,-9.86936982131534e-05,,,,0.0007430964811864727,,,,0.0012024915337362518,,
853cb10bfffffff,IND,0,1,1,False,20,,,,,,,,,,,,,,,,
853cb12bfffffff,IND,19,19,19,False,20,,0.00022177160975625618,,,,0.0003244382342120258,,,,-0.0004352220435791603,,,,-0.0005571314239865621,,
853cb173fffffff,IND,19,20,19,False,20,,0.0004193855878570567,,,,0.0005655768235306773,,,,-0.0005974666527803822,,,,-0.0007611893086771645,,
853cb1bbfffffff,IND,0,1,1,False,20,,,,,,,,,,,,,,,,
853cb1cbfffffff,IND,20,20,20,True,20,0.0005373163357680428,0.0005373163357680428,0.016896204699906433,0.016358888364138395,0.0009802563632117733,0.0009802563632117733,0.020074052764885966,0.019093796401674194,0.001256306279218506,0.001256306279218506,0.015482513868562586,0.014226207589344082,0.0038072529895936654,0.0038072529895936654,0.02151279772497931,0.01770554473538565
853cb307fffffff,IND,0,1,0,False,20,,,,,,,,,,,,,,,,
853cb383fffffff,IND,0,4,6,False,20,,,,,,,,,,,,,,,,
853cb3c7fffffff,IND,0,1,2,False,20,,,,,,,,,,,,,,,,
853cb403fffffff,IND,0,0,2,False,20,,,,,,,,,,,,,,,,
853cb473fffffff,IND,0,0,1,False,20,,,,,,,,,,,,,,,,
853cb503fffffff,IND,0,0,2,False,20,,,,,,,,,,,,,,,,
853cb66bfffffff,IND,2,3,4,False,20,,-1.6308884338470705e-05,,,,-8.004551737320043e-06,,,,-0.00029960709673404126,,,,-0.00031087004919659383,,
853cb697fffffff,IND,2,4,8,False,20,,-7.57932355164621e-05,,,,-8.520137115874095e-05,,,,0.00040959328157465555,,,,0.0007045348812322502,,
853cc023fffffff,IND,20,20,20,True,20,-0.00036249912994369747,-0.00036249912994369747,0.0007382743828386314,0.0011007735127823285,-0.00040766742307731885,-0.00040766742307731885,0.000876903296810771,0.0012845707198880895,0.000591354167262684,0.000591354167262684,0.0033552185637714545,0.0027638643965087703,0.001267473023012312,0.001267473023012312,0.004683757501047038,0.003416284478034726
853cc0affffffff,IND,20,20,20,True,20,-0.003605092437182469,-0.003605092437182469,0.006919803680897086,0.010524896118079555,-0.004090243068940688,-0.004090243068940688,0.008195403648498656,0.012285646717439343,-0.012346850498489891,-0.012346850498489891,0.003868329463968698,0.016215179962458588,-0.014658299921242946,-0.014658299921242946,0.005366936158234435,0.020025236079477378
853cc10bfffffff,IND,0,1,5,False,20,,,,,,,,,,,,,,,,
853cc203fffffff,BGD,1,2,18,False,20,,-0.0006773194137686856,,,,-0.0007738961678688181,,,,-0.0006667377853637721,,,,-0.0007710040786115758,,
853cc213fffffff,BGD,11,11,19,False,20,,8.960412590831034e-05,,,,0.0001223595615704634,,,,0.0009046379369947351,,,,0.0013421811905002426,,
853cc217fffffff,BGD,3,3,20,False,20,,-0.0003379695548578721,,,,-0.00038678874324966006,,,,8.14986111647534e-05,,,,0.0004986396856790381,,
853cc21bfffffff,BGD,20,20,20,True,20,8.294420351674818e-05,8.294420351674818e-05,0.011196733631095857,0.011113789427579108,0.00028208710904260956,0.00028208710904260956,0.013158438972328268,0.012876351863285663,0.04780952151895045,0.04780952151895045,0.08505136380498055,0.0372418422860301,0.07401468598784579,0.07401468598784579,0.11984822010314052,0.04583353411529473
853cc273fffffff,BGD,2,2,4,False,20,,9.633399696259215e-05,,,,0.00011652327293636026,,,,0.0004367006188721944,,,,0.0005582346437078956,,
853cc277fffffff,BGD,1,2,12,False,20,,1.3259451474938058e-05,,,,1.959431743133877e-05,,,,-0.000878726900466604,,,,-0.0010823682216690117,,
853cc283fffffff,BGD,1,3,8,False,20,,2.6244208115391323e-05,,,,4.8672181435453505e-05,,,,0.002025605047512572,,,,0.0026702937891928086,,
853cc297fffffff,BGD,0,15,0,False,20,,,,,,,,,,,,,,,,
853cc2a3fffffff,BGD,0,0,1,False,20,,,,,,,,,,,,,,,,
853cc2d7fffffff,BGD,1,3,4,False,20,,-1.604167639944411e-05,,,,-1.3380714298010562e-05,,,,-0.00019819955524019803,,,,-0.00022637135768485486,,
853cc357fffffff,IND,1,1,20,False,20,,-6.033404677977883e-05,,,,-5.455897737108393e-05,,,,-0.0017844035851585283,,,,-0.0019689007707320025,,
853cc3d7fffffff,IND,11,11,20,False,20,,-0.0012630190659605937,,,,-0.0014348043717822172,,,,0.0004417640897758126,,,,0.0009906512216477708,,
853cc417fffffff,BGD,2,2,14,False,20,,8.048157601737494e-05,,,,0.0001095423576222533,,,,0.0005671746433874878,,,,0.0008574394759954172,,
853cc427fffffff,IND,0,0,1,False,20,,,,,,,,,,,,,,,,
853cc42ffffffff,IND,0,1,10,False,20,,,,,,,,,,,,,,,,
853cc447fffffff,IND,20,20,20,True,20,-0.007957727724389047,-0.007957727724389047,0.00824762552489812,0.01620535324928717,-0.009097398093464205,-0.009097398093464205,0.00978065565694253,0.018878053750406732,-0.033858339724875126,-0.033858339724875126,0.009647469500806343,0.04350580922568149,-0.04004922812807006,-0.04004922812807006,0.013268568811257053,0.05331779693932711
853cc453fffffff,BGD,0,13,1,False,20,,,,,,,,,,,,,,,,
853cc457fffffff,BGD,2,5,9,False,20,,-0.0009392381464671041,,,,-0.001063416177450687,,,,9.426441167182967e-05,,,,0.00017324867358906937,,
853cc48ffffffff,BGD,0,2,3,False,20,,,,,,,,,,,,,,,,
853cc4affffffff,BGD,0,0,2,False,20,,,,,,,,,,,,,,,,
853cc4c3fffffff,BGD,0,0,3,False,20,,,,,,,,,,,,,,,,
853cc4cffffffff,BGD,2,2,17,False,20,,-7.288438688875653e-05,,,,-7.412108097899596e-05,,,,4.125855740330539e-05,,,,0.00013520282920991298,,
853cc4dbfffffff,BGD,0,1,3,False,20,,,,,,,,,,,,,,,,
853cc573fffffff,IND,0,0,3,False,20,,,,,,,,,,,,,,,,
853cc5a3fffffff,IND,17,18,19,False,20,,-0.001917250175379515,,,,-0.002190210673020769,,,,-0.00029218422894562946,,,,-0.00016615974415524668,,
853cc5cbfffffff,IND,0,0,9,False,20,,,,,,,,,,,,,,,,
853cc613fffffff,BGD,0,1,1,False,20,,,,,,,,,,,,,,,,
853cc617fffffff,BGD,0,3,6,False,20,,,,,,,,,,,,,,,,
853cc61bfffffff,BGD,4,7,6,False,20,,-2.608055231457709e-06,,,,2.517146873819706e-06,,,,0.00023985873832954815,,,,0.00045035579537253546,,
853cc62bfffffff,BGD,0,3,1,False,20,,,,,,,,,,,,,,,,
853cc62ffffffff,IND,18,19,19,False,20,,0.00029238287996473703,,,,0.0003623498886012315,,,,-0.00023436957213006235,,,,-0.0002933498900769817,,
853cc637fffffff,IND,0,0,1,False,20,,,,,,,,,,,,,,,,
853cc63bfffffff,BGD,13,13,20,False,20,,6.526105259557698e-05,,,,9.620214578266664e-05,,,,0.0033174304279977246,,,,0.004897523486542603,,
853cc657fffffff,BGD,4,5,17,False,20,,-6.520759944365037e-06,,,,-6.491785184406171e-07,,,,0.00013780725553599752,,,,0.00022294904652613587,,
853cc65bfffffff,BGD,0,1,2,False,20,,,,,,,,,,,,,,,,
853cc673fffffff,BGD,11,11,18,False,20,,-0.0010187136247730131,,,,-0.001169847721404907,,,,-0.0024040435569933926,,,,-0.002510159219454433,,
853cc68ffffffff,BGD,1,1,4,False,20,,0.0006043662672400112,,,,0.0,,,,0.005295955655197981,,,,0.0,,
853cc6a7fffffff,IND,3,3,18,False,20,,-0.0003338493373955423,,,,-0.0003768108035775713,,,,-0.0013327295777219306,,,,-0.0014972001846742693,,
853cc6b7fffffff,IND,0,1,0,False,20,,,,,,,,,,,,,,,,
853cc6bbfffffff,BGD,20,20,20,True,20,-0.001318151439709386,-0.001318151439709386,0.0011556139064875267,0.002473765346196913,-0.0015117679266887037,-0.0015117679266887037,0.0013690161898939823,0.002880784116582686,-0.0026892409218756312,-0.0026892409218756312,0.006276645551990508,0.008965886473866137,-0.0023749666203449985,-0.0023749666203449985,0.008733740618646152,0.011108707238991152
853cc6cffffffff,BGD,0,0,17,False,20,,,,,,,,,,,,,,,,
853cc6d7fffffff,BGD,4,4,17,False,20,,6.948330002114311e-05,,,,9.2388479425874e-05,,,,0.0018333829512548667,,,,0.0027900451952121027,,
853cca1bfffffff,MMR,0,2,0,False,20,,,,,,,,,,,,,,,,
853ccb4bfffffff,MMR,20,20,20,True,20,0.00021859769808348474,0.00021859769808348474,0.0014517690415514885,0.0012331713434680042,0.00011484236172901058,0.00011484236172901058,0.0012611549450847596,0.0011463125833557491,0.0023711660829559894,0.0023711660829559894,0.00675556779510061,0.004384401712144621,0.002792693703019386,0.002792693703019386,0.007346118308196541,0.004553424605177156
853ccb7bfffffff,MMR,2,4,6,False,20,,0.00015526314597520197,,,,0.0002039166526968248,,,,0.002353397158992834,,,,0.002943248635097411,,
853cd1affffffff,BGD,7,11,15,False,20,,-0.0001694553341952311,,,,-0.00018657916032799158,,,,-0.00021409455387129948,,,,-0.00010546248740604269,,
853cd587fffffff,BGD,0,0,1,False,20,,,,,,,,,,,,,,,,
853cd58ffffffff,BGD,0,0,3,False,20,,,,,,,,,,,,,,,,
853cd59bfffffff,BGD,5,6,8,False,20,,0.0005819449251265626,,,,0.0006952762229486073,,,,0.00402657784827001,,,,0.005157468836058865,,
853cd9a7fffffff,MMR,0,3,0,False,20,,,,,,,,,,,,,,,,
853cd9abfffffff,MMR,2,2,5,False,20,,-3.707313018974108e-05,,,,-3.98341654664522e-05,,,,-3.1774713736327565e-05,,,,-3.5265952712453235e-05,,
853cdb33fffffff,MMR,0,2,4,False,20,,,,,,,,,,,,,,,,
853ce027fffffff,IND,2,2,5,False,20,,-8.916827085731617e-05,,,,-0.00010130976489315355,,,,-3.231590438632743e-05,,,,1.414406857431946e-05,,
853ce08ffffffff,IND,0,0,7,False,20,,,,,,,,,,,,,,,,
853ce093fffffff,IND,0,0,1,False,20,,,,,,,,,,,,,,,,
853ce097fffffff,IND,6,6,20,False,20,,-0.0012500469432349564,,,,-0.0014452147855191168,,,,-2.2295218368766767e-05,,,,-3.8530607893526334e-05,,
853ce0a3fffffff,IND,1,1,5,False,20,,5.225599248175076e-05,,,,6.562364363565009e-05,,,,0.0,,,,0.0,,
853ce0a7fffffff,IND,0,1,0,False,20,,,,,,,,,,,,,,,,
853ce0b3fffffff,IND,0,0,2,False,20,,,,,,,,,,,,,,,,
853ce127fffffff,IND,2,2,15,False,20,,-0.00019806430883616188,,,,-0.0002214248376058542,,,,-0.00024044905642901045,,,,-0.0002107299723600107,,
853ce14ffffffff,IND,11,12,17,False,20,,8.48367084342096e-05,,,,0.00011074814029406687,,,,-0.00031592193969661836,,,,-0.00020467230440137383,,
853ce153fffffff,IND,20,20,20,True,20,-0.0005058131462726427,-0.0005058131462726427,0.00043587803715707224,0.0009416911834297149,-0.0005760618775671784,-0.0005760618775671784,0.0005184877753877377,0.001094549652954916,-0.0013217799421532308,-0.0013217799421532308,0.002357176330704689,0.0036789562728579196,-0.0012101681785209426,-0.0012101681785209426,0.0032750013181995032,0.004485169496720445
853ce157fffffff,IND,20,20,20,True,20,-0.015476730083993275,-0.015476730083993275,0.019085529073586783,0.03456225915758006,-0.017514947481771896,-0.017514947481771896,0.02262953004052396,0.04014447752229586,-0.012501112367811562,-0.012501112367811562,0.10192091318814642,0.114422025555958,0.0036642917084554944,0.0036642917084554944,0.1457842735408239,0.14211998183236843
853ce1a7fffffff,IND,9,13,12,False,20,,-0.00017456873493963568,,,,-0.0001985599885559199,,,,1.1386918804961123e-05,,,,2.2413610205803906e-05,,
853ce1b3fffffff,IND,3,4,10,False,20,,6.24905646503509e-05,,,,8.089678538128332e-05,,,,2.1485143292577563e-05,,,,7.674033482082006e-05,,
853ce1cbfffffff,IND,0,0,1,False,20,,,,,,,,,,,,,,,,
853ce1cffffffff,IND,19,20,19,False,20,,-0.0005225880696293455,,,,-0.0005940427941449036,,,,-0.001431471809574238,,,,-0.001315013758266849,,
853ce1d3fffffff,IND,1,1,7,False,20,,5.3041825349925105e-05,,,,6.767699806479159e-05,,,,0.0,,,,0.0,,
853ce20bfffffff,BGD,20,20,20,True,20,-6.16331349773762e-05,-6.16331349773762e-05,0.0016540896355699223,0.0017157227705472979,-2.4787278127535324e-05,-2.4787278127535324e-05,0.0019523134656505563,0.001977100743778092,0.006800325815760519,0.006800325815760519,0.0113677612542921,0.0045674354385315825,0.010771023495462375,0.010771023495462375,0.01624953093669925,0.005478507441236879
853ce23bfffffff,BGD,3,5,7,False,20,,-0.000369551012668713,,,,-0.00035334713169736244,,,,0.001511801317273643,,,,0.0021918053994834223,,
853ce257fffffff,BGD,3,7,7,False,20,,0.0001313415753094059,,,,0.00016131900868713634,,,,0.0005659196028682513,,,,0.0008313243235867512,,
853ce25bfffffff,BGD,1,3,4,False,20,,-0.0003329110747292346,,,,-0.0003768744832256796,,,,0.0020903596498941914,,,,0.002753821662967525,,
853ce26ffffffff,BGD,6,6,20,False,20,,-0.0005904538330110282,,,,-0.0006695200437748091,,,,-3.55375488651341e-05,,,,6.778476150002633e-05,,
853ce273fffffff,BGD,15,16,17,False,20,,2.76306179234038e-05,,,,4.143497299529448e-05,,,,0.00033532278703742865,,,,0.0005786193468741133,,
853ce2c3fffffff,BGD,18,19,19,False,20,,-0.0006189403315203136,,,,-0.0006805578749924818,,,,0.0012808610035868978,,,,0.0024310120357118464,,
853ce30bfffffff,BGD,0,0,1,False,20,,,,,,,,,,,,,,,,
853ce337fffffff,IND,6,6,20,False,20,,-0.0003367455718958792,,,,-0.00038119223513239736,,,,-0.0010210950941654852,,,,-0.0011683844060552016,,
853ce357fffffff,BGD,0,3,6,False,20,,,,,,,,,,,,,,,,
853ce363fffffff,BGD,20,20,20,True,20,-0.00010056441600640262,-0.00010056441600640262,0.001807465088393333,0.0019080295043997352,-5.462083326142782e-05,-5.462083326142782e-05,0.0020842362395811194,0.002138857072842547,0.004199817482059366,0.004199817482059366,0.010718909565062152,0.006519092083002785,0.007234954953385023,0.007234954953385023,0.015041592140656998,0.0078066371872719765
853ce37bfffffff,BGD,0,0,1,False,20,,,,,,,,,,,,,,,,
853ce3a3fffffff,IND,20,20,20,True,20,-0.007200921288032157,-0.007200921288032157,0.003717807695253785,0.010918728983285943,-0.00830861164989493,-0.00830861164989493,0.0044180252837106955,0.012726636933605628,-0.03226915138257906,-0.03226915138257906,0.026813805790133243,0.059082957172712294,-0.03510963378699496,-0.03510963378699496,0.03809340705376989,0.07320304084076484
853ce3b3fffffff,IND,0,0,1,False,20,,,,,,,,,,,,,,,,
853ce453fffffff,IND,7,10,8,False,20,,-9.25140873600787e-05,,,,-0.00010179780005426618,,,,0.00023197030707018302,,,,0.0004079058774763912,,
853ce45bfffffff,IND,12,14,17,False,20,,-0.0004362719178709913,,,,-0.0005060591175514623,,,,-0.004563467253419615,,,,-0.005688362864025006,,
853ce467fffffff,IND,1,3,7,False,20,,-4.265482392759709e-05,,,,-4.227465252938713e-05,,,,0.0006752016825041908,,,,0.0008900979297309362,,
853ce4d3fffffff,BTN,20,20,20,True,20,-0.0016434643234164346,-0.0016434643234164346,0.0007122062727489568,0.002355670596165391,-0.0018766797539645594,-0.0018766797539645594,0.0008278004778262069,0.0027044802317907663,-0.0058107566140500454,-0.0058107566140500454,0.00435757495955124,0.010168331573601284,-0.006398283712193314,-0.006398283712193314,0.006011230919762441,0.012409514631955755
853ce60ffffffff,BGD,0,0,1,False,20,,,,,,,,,,,,,,,,
853ce62ffffffff,IND,3,3,10,False,20,,-4.980440490494658e-06,,,,-4.75885799635196e-07,,,,0.0,,,,0.0,,
853ce63bfffffff,IND,0,0,1,False,20,,,,,,,,,,,,,,,,
853ce647fffffff,BGD,5,6,7,False,20,,5.698793799431318e-05,,,,8.502015774636095e-05,,,,0.00026608139514563257,,,,0.00047877998145106634,,
853ce677fffffff,IND,0,0,1,False,20,,,,,,,,,,,,,,,,
853ce68ffffffff,BGD,0,2,0,False,20,,,,,,,,,,,,,,,,
853ce6a7fffffff,IND,5,10,13,False,20,,0.002576462166706115,,,,0.0030726866631685884,,,,0.006120775724178752,,,,0.007752529008193907,,
853ce6bbfffffff,BGD,5,5,18,False,20,,0.00021412704147494364,,,,0.00026133203954398134,,,,0.0012102030801469411,,,,0.001606540819728822,,
853ce6c3fffffff,BGD,0,0,1,False,20,,,,,,,,,,,,,,,,
853ce6c7fffffff,BGD,20,20,20,True,20,0.00017403857668377439,0.00017403857668377439,0.0020741810976810425,0.0019001425209972688,0.00024905544319608344,0.00024905544319608344,0.0024615520187896396,0.0022124965755935555,0.009618657500705775,0.009618657500705775,0.014618254215080543,0.004999596714374763,0.01493176700921477,0.01493176700921477,0.020974654597422718,0.006042887588207948
853ce6dbfffffff,BGD,6,7,8,False,20,,-0.00031444027309860014,,,,-0.0003544852627167304,,,,0.0007307736206328717,,,,0.0010881437087144157,,
853ce80bfffffff,IND,20,20,20,True,20,-0.011873108083851728,-0.011873108083851728,0.0056097861531897485,0.017482894237041476,-0.013692373990733328,-0.013692373990733328,0.006659578979429502,0.020351952970162828,-0.010511103988726907,-0.010511103988726907,0.01495135912926603,0.025462463117992933,-0.010353392150524967,-0.010353392150524967,0.020752170197369607,0.031105562347894567
853ce8a7fffffff,IND,2,6,10,False,20,,0.00023430624549019668,,,,0.0003046484586658811,,,,7.875746338113107e-05,,,,0.00010270466033799695,,
853ce8c3fffffff,IND,15,15,20,False,20,,-0.001675924103987778,,,,-0.001934138015410157,,,,-0.0004973472611802748,,,,-0.0005237454324539371,,
853ce8cffffffff,IND,1,1,7,False,20,,1.0801118818682385e-05,,,,3.46700306167653e-05,,,,-0.0002589224682561054,,,,-0.00028990801218773283,,
853ce8dbfffffff,IND,1,1,3,False,20,,2.8025826951758295e-05,,,,3.779463182253911e-05,,,,0.0006020060144148391,,,,0.0007611819681218482,,
853ce9c3fffffff,IND,0,0,1,False,20,,,,,,,,,,,,,,,,
853cea03fffffff,IND,0,0,7,False,20,,,,,,,,,,,,,,,,
853cea07fffffff,IND,20,20,20,True,20,-0.005571353371848886,-0.005571353371848886,0.007994795645425587,0.013566149017274473,-0.006302504917424288,-0.006302504917424288,0.009498672110039198,0.015801177027463486,-0.022761480916529398,-0.022761480916529398,0.031152773304924792,0.0539142542214542,-0.022804858752626247,-0.022804858752626247,0.043994691799827484,0.06679955055245373
853cea0bfffffff,IND,13,13,20,False,20,,-0.0005522785247048082,,,,-0.000630936030404567,,,,-0.0001798985313303673,,,,0.00025221970468145433,,
853cea0ffffffff,IND,0,0,1,False,20,,,,,,,,,,,,,,,,
853cea4ffffffff,IND,3,3,9,False,20,,0.0001376048554471586,,,,0.00017608925738352006,,,,-0.0003417298285971903,,,,-0.0003157472390042717,,
853cea77fffffff,IND,1,2,3,False,20,,-6.6964469885958e-05,,,,-7.782292662806347e-05,,,,0.0,,,,0.0,,
853ceabbfffffff,IND,0,1,3,False,20,,,,,,,,,,,,,,,,
853cec13fffffff,IND,0,0,5,False,20,,,,,,,,,,,,,,,,
853cec23fffffff,IND,0,0,1,False,20,,,,,,,,,,,,,,,,
853ceca7fffffff,IND,3,4,13,False,20,,-0.00016880779192911328,,,,-0.0001880378955006057,,,,-0.0003047480156642023,,,,-0.0003441862465817251,,
853cecc3fffffff,IND,12,16,14,False,20,,-0.0004517922050996694,,,,-0.0005107123500650267,,,,0.0013024934760749115,,,,0.0019241814230216547,,
853ced07fffffff,IND,2,3,9,False,20,,-3.691895911150822e-05,,,,-3.761424385729182e-05,,,,9.70953486535862e-05,,,,0.00014004295084900256,,
853ced37fffffff,IND,4,7,9,False,20,,-4.336216767700861e-05,,,,-4.479399186429478e-05,,,,0.0,,,,0.0,,
853ced57fffffff,IND,10,10,19,False,20,,-9.733926136281562e-05,,,,-0.00010184864818355919,,,,0.00014746613347153183,,,,0.000373413569173212,,
853ced5bfffffff,IND,0,15,0,False,20,,,,,,,,,,,,,,,,
853ced9bfffffff,IND,1,1,1,False,20,,0.0004877041236370863,,,,0.0006091156760893677,,,,0.0009170358679393635,,,,0.0011720006094738363,,
853cedc3fffffff,IND,0,1,2,False,20,,,,,,,,,,,,,,,,
853cf00ffffffff,BGD,8,10,11,False,20,,0.0005714427471016975,,,,0.0007214687615813783,,,,0.012598989692963115,,,,0.01880079214287717,,
853cf017fffffff,BGD,1,1,13,False,20,,0.00016759587844401036,,,,0.00020758514014404617,,,,0.0001855686193964716,,,,0.0002658646352581214,,
853cf023fffffff,BGD,1,1,2,False,20,,9.646071284554902e-05,,,,0.00011835613215619697,,,,0.00044449108765257697,,,,0.0005557726474458543,,
853cf04ffffffff,IND,10,12,16,False,20,,-0.000659999572445424,,,,-0.000745176196464485,,,,-0.0026426041300851503,,,,-0.002542662394781296,,
853cf05bfffffff,IND,4,4,11,False,20,,5.101767429261252e-05,,,,6.31787115291429e-05,,,,0.00011080808517709959,,,,0.00015874632709973535,,
853cf063fffffff,BGD,12,12,19,False,20,,-0.000485884955543404,,,,-0.0005413802974162917,,,,0.0013091613920024024,,,,0.002645412635210658,,
853cf06ffffffff,BGD,9,9,14,False,20,,-0.00010028247394057564,,,,-0.00011075597240992891,,,,0.0004847481836743561,,,,0.001029050701048345,,
853cf07bfffffff,BGD,0,0,5,False,20,,,,,,,,,,,,,,,,
853cf087fffffff,BGD,0,0,2,False,20,,,,,,,,,,,,,,,,
853cf093fffffff,IND,6,9,9,False,20,,7.047237636619023e-05,,,,8.835047743190187e-05,,,,0.0005384382985756589,,,,0.0007255653076811778,,
853cf09bfffffff,BGD,5,5,8,False,20,,-0.0009582921187563478,,,,-0.0010904055914918679,,,,5.7436836633347735e-05,,,,0.0001508316243570465,,
853cf0b7fffffff,BGD,9,11,18,False,20,,-0.0002913294484990282,,,,-0.00031383813707999713,,,,-0.0005845540926674716,,,,-0.00045104482736013787,,
853cf0bbfffffff,BGD,18,18,20,False,20,,-0.0013211312610048886,,,,-0.0015199584996543653,,,,-0.003912039050306978,,,,-0.004419513041690698,,
853cf0c3fffffff,IND,0,1,3,False,20,,,,,,,,,,,,,,,,
853cf0cbfffffff,IND,16,17,19,False,20,,-0.0001632391741790976,,,,-0.00018050054455856035,,,,4.132763619627735e-05,,,,0.0003477628920538027,,
853cf0dbfffffff,IND,6,6,15,False,20,,-0.0004323905807201845,,,,-0.00047536819461533306,,,,-0.00023727463138128405,,,,0.0002968159380018825,,
853cf103fffffff,BGD,20,20,20,True,20,-0.00048009071823086554,-0.00048009071823086554,0.0019162696658574416,0.002396360384088307,-0.0005172951867825906,-0.0005172951867825906,0.0022712605209428004,0.0027885557077253907,0.0011156864454505183,0.0011156864454505183,0.012093449880997888,0.010977763435547372,0.003361628203978359,0.003361628203978359,0.016946929638919188,0.013585301434940827
853cf107fffffff,BGD,20,20,20,True,20,9.244956122687424e-05,9.244956122687424e-05,0.0008222979381972649,0.0007298483769703908,0.00013777655414290197,0.00013777655414290197,0.0005974972477980455,0.0004597206936551437,0.004245158521213473,0.004245158521213473,0.005966776891562497,0.0017216183703490223,0.006281355341496267,0.006281355341496267,0.006844771348455686,0.0005634160069594198
853cf10bfffffff,BGD,1,1,17,False,20,,0.00024304010963274996,,,,0.0002819206864332522,,,,-0.00025020042816912647,,,,-0.00023757649810948246,,
853cf10ffffffff,BGD,20,20,20,True,20,0.006621896104731073,0.006621896104731073,0.02561297997363295,0.018991083868901876,0.008313676193463833,0.008313676193463833,0.030387581163859582,0.022073904970395745,0.0762960531251277,0.0762960531251277,0.15958224537100735,0.08328619224587963,0.12145014168691384,0.12145014168691384,0.2245684286780858,0.10311828699117198
853cf117fffffff,BGD,0,0,1,False,20,,,,,,,,,,,,,,,,
853cf11bfffffff,BGD,13,17,15,False,20,,0.00018929651467720289,,,,0.00023207068019383208,,,,0.00321272263180055,,,,0.004704003398458192,,
853cf123fffffff,BGD,20,20,20,True,20,-7.082376073020208e-05,-7.082376073020208e-05,0.0006974608713468213,0.0007682846320770235,-3.4777750585221807e-05,-3.4777750585221807e-05,0.0008166224675809009,0.0008514002181661224,0.002188885529764518,0.002188885529764518,0.004775007775651596,0.0025861222458870782,0.003484945046223919,0.003484945046223919,0.006720990104837003,0.003236045058613084
853cf12bfffffff,BGD,16,16,20,False,20,,-9.599333389768912e-05,,,,-8.489186683929487e-05,,,,0.00318083934130504,,,,0.004914322205478208,,
853cf133fffffff,BGD,3,5,10,False,20,,-4.527318545612878e-05,,,,-4.475842802899649e-05,,,,8.022667654597373e-05,,,,0.00017848574234576625,,
853cf13bfffffff,BGD,0,3,5,False,20,,,,,,,,,,,,,,,,
853cf147fffffff,BGD,19,19,20,False,20,,-0.0005840517009164006,,,,-0.0006592080190397906,,,,-0.000616380193793788,,,,-0.00023457511775728593,,
853cf14ffffffff,BGD,7,8,17,False,20,,5.908953471477103e-07,,,,0.00012292755773171283,,,,0.0010908194391544463,,,,0.002067330372181343,,
853cf153fffffff,BGD,14,14,20,False,20,,-0.0002277112563183936,,,,-0.00024965163847547446,,,,0.0010120974404221814,,,,0.001508301157901954,,
853cf177fffffff,BGD,20,20,20,True,20,-0.038761315998262345,-0.038761315998262345,0.12452553148306007,0.1632868474813224,-0.04065802101910621,-0.04065802101910621,0.13356831111711542,0.17422633213622168,0.16545048219002625,0.16545048219002625,0.6397595889099941,0.47430910671996784,0.263556738036309,0.263556738036309,0.7924812963028588,0.5289245582665497
853cf183fffffff,BGD,5,14,8,False,20,,0.00021431076781075362,,,,0.00026472539677809145,,,,0.0007662502481813342,,,,0.001059800137089399,,
853cf18bfffffff,BGD,2,2,8,False,20,,-1.060116641062925e-05,,,,-6.001723368279907e-06,,,,-9.909977762009902e-05,,,,-0.00011318567884242743,,
853cf18ffffffff,BGD,7,8,16,False,20,,-5.82570919487367e-05,,,,-3.935024304436125e-05,,,,0.004507537636802722,,,,0.006450722278879133,,
853cf1abfffffff,BGD,20,20,20,True,20,-0.0008605026690656304,-0.0008605026690656304,0.0018227042208991927,0.002683206889964823,-0.00095570560136265,-0.00095570560136265,0.002167877984874444,0.0031235835862370945,0.0029604387612661006,0.0029604387612661006,0.012036707636957956,0.009076268875691856,0.0058025581581626195,0.0058025581581626195,0.016946645105636645,0.011144086947474026
853cf1b7fffffff,BGD,2,3,7,False,20,,9.609886119070305e-05,,,,0.00011646722556408505,,,,0.0008995805337186951,,,,0.0011662490892323865,,
853cf203fffffff,IND,1,1,2,False,20,,9.646071284554902e-05,,,,0.00011835613215619697,,,,0.0007314672485428917,,,,0.0009061359742157146,,
853cf243fffffff,IND,0,0,1,False,20,,,,,,,,,,,,,,,,
853cf287fffffff,IND,10,14,11,False,20,,-5.414539787400445e-05,,,,-5.49121413761059e-05,,,,0.00046265315036547695,,,,0.0006982808898569154,,
853cf28bfffffff,IND,20,20,20,True,20,-0.00018009894614016397,-0.00018009894614016397,0.0007754880588932216,0.0009555870050333857,-0.00019280902849579595,-0.00019280902849579595,0.0009209214094943354,0.0011137304379901316,-0.0005625682927561015,-0.0005625682927561015,0.003791759692463442,0.004354327985219544,-0.0001904737546636284,-0.0001904737546636284,0.005245638259250959,0.005436112013914586
853cf293fffffff,IND,20,20,20,True,20,-0.004401574259397379,-0.004401574259397379,0.0071052791386698125,0.011506853398067191,-0.004940801043783475,-0.004940801043783475,0.008447550984255548,0.013388352028039027,-0.014339453054659395,-0.014339453054659395,0.038113473820993046,0.052452926875652436,-0.01127322054596303,-0.01127322054596303,0.05346074787046558,0.06473396841642862
853cf297fffffff,IND,4,5,10,False,20,,0.0001215695387064845,,,,0.00015343000491136193,,,,0.000824577053326805,,,,0.0010959056118231634,,
853cf29bfffffff,IND,20,20,20,True,20,-0.00022301436558802316,-0.00022301436558802316,0.000827859001387633,0.001050873366975656,-0.0002375712793218052,-0.0002375712793218052,0.0009838912647421435,0.0012214625440639488,0.0006094015537326711,0.0006094015537326711,0.0057048761978265375,0.005095474644093867,0.0017322623449359871,0.0017322623449359871,0.007930963450542752,0.006198701105606765
853cf2abfffffff,IND,9,10,17,False,20,,-3.275326409121916e-05,,,,-2.787353452715316e-05,,,,-0.0004960774804734728,,,,-0.0004941735956587,,
853cf2affffffff,BGD,3,3,14,False,20,,3.0532913659385146e-06,,,,1.5603994862361142e-05,,,,-0.00021955707894062487,,,,-0.00021841627269959007,,
853cf2c3fffffff,IND,18,18,20,False,20,,-0.0002158790756507882,,,,-0.00024022001831916682,,,,-0.0015010691646337618,,,,-0.0017743551295305126,,
853cf2c7fffffff,IND,20,20,20,True,20,-0.06325147496888815,-0.06325147496888815,0.1018819164719584,0.16513339144084654,-0.07127668860153659,-0.07127668860153659,0.11946585220359192,0.1907425408051285,-0.027435371673253876,-0.027435371673253876,0.45430378143403793,0.48173915310729176,0.03890418206380829,0.03890418206380829,0.6310671928950642,0.592163010831256
853cf2cffffffff,IND,0,0,6,False,20,,,,,,,,,,,,,,,,
853cf2d3fffffff,IND,2,5,2,False,20,,2.3388177760717957e-05,,,,3.537315034328857e-05,,,,0.0,,,,0.0,,
853cf2d7fffffff,IND,20,20,20,True,20,0.0001632959870353193,0.0001632959870353193,0.0026823021131767515,0.0025190061261414327,0.00025341936419681383,0.00025341936419681383,0.0031873498692160177,0.0029339305050192035,0.007221006365076532,0.007221006365076532,0.01886314869545022,0.011642142330373684,0.01260985827708828,0.01260985827708828,0.027114528795768988,0.014504670518680703
853cf2dbfffffff,IND,12,14,17,False,20,,7.67290771001841e-05,,,,0.00010556846455111915,,,,0.000629256411016919,,,,0.000921322975517916,,
853cf30bfffffff,BGD,11,13,15,False,20,,-3.681765560088672e-05,,,,-3.333528644702697e-05,,,,0.00230886979701366,,,,0.003514660856743469,,
853cf317fffffff,BGD,1,3,7,False,20,,1.9447704307753468e-05,,,,2.5478498131695237e-05,,,,0.002311705490963648,,,,0.0037074181169261585,,
853cf323fffffff,BGD,18,20,18,False,20,,8.747437541181514e-05,,,,0.0001237705171846449,,,,0.003514309251860013,,,,0.005148363605646281,,
853cf327fffffff,BGD,1,1,2,False,20,,9.511081582748329e-05,,,,0.00011057014419746245,,,,-0.0004959468741708388,,,,-0.0005783873980953703,,
853cf34ffffffff,BGD,0,0,3,False,20,,,,,,,,,,,,,,,,
853cf363fffffff,BGD,0,1,12,False,20,,,,,,,,,,,,,,,,
853cf38bfffffff,BGD,2,3,6,False,20,,0.00029477999568183684,,,,0.0003586615338159486,,,,-0.00010541524554196223,,,,-9.343904005579417e-05,,
853cf39bfffffff,BGD,1,9,3,False,20,,-1.920727930082973e-06,,,,3.1387015916406013e-06,,,,-1.6858167927163406e-05,,,,2.3863029634738292e-05,,
853cf3a3fffffff,BGD,0,0,6,False,20,,,,,,,,,,,,,,,,
853cf3a7fffffff,BGD,16,16,20,False,20,,-0.0009770859594493394,,,,-0.001118775814237248,,,,-0.0011398815317250851,,,,-0.000915251580582158,,
853cf3b3fffffff,BGD,8,8,10,False,20,,3.763574848620574e-05,,,,5.774318134467925e-05,,,,0.001206057992756601,,,,0.001702884232045062,,
853cf3b7fffffff,BGD,6,9,9,False,20,,0.0001284957917356923,,,,0.00018078100995451606,,,,0.002303677896495013,,,,0.003087093448819475,,
853cf3c7fffffff,BGD,20,20,20,True,20,-0.0009384818597818355,-0.0009384818597818355,0.0028397502565305557,0.0037782321163123906,-0.0011298117273588443,-0.0011298117273588443,0.0024819829882324765,0.0036117947155913216,0.00615556139075369,0.00615556139075369,0.020839890550845258,0.014684329160091566,0.007687197051221932,0.007687197051221932,0.021477602626619692,0.01379040557539776
853cf3cffffffff,BGD,4,5,12,False,20,,-0.0003461793416320927,,,,-0.0003858663905654422,,,,-0.0009205597072286212,,,,-0.0010023696188656746,,
853cf3d3fffffff,BGD,0,0,1,False,20,,,,,,,,,,,,,,,,
853cf3d7fffffff,BGD,0,2,1,False,20,,,,,,,,,,,,,,,,
853cf40ffffffff,IND,20,20,20,True,20,-0.0005849067836288462,-0.0005849067836288462,0.0014680197013539503,0.002052926484982796,-0.0006450436504827574,-0.0006450436504827574,0.001708491327821025,0.0023535349783037826,0.0007030745812025566,0.0007030745812025566,0.0056904122507832125,0.004987337669580656,0.00174244541372503,0.00174244541372503,0.007803635030952412,0.006061189617227384
853cf417fffffff,IND,1,4,3,False,20,,1.3259451474938058e-05,,,,1.959431743133877e-05,,,,0.0009116872223199965,,,,0.0015155742079267485,,
853cf423fffffff,IND,0,1,0,False,20,,,,,,,,,,,,,,,,
853cf437fffffff,BGD,20,20,20,True,20,-0.002558711628395327,-0.002558711628395327,0.003190723591456218,0.005749435219851546,-0.0029083338587475764,-0.0029083338587475764,0.00378869795809093,0.006697031816838508,-0.0014887054805624393,-0.0014887054805624393,0.013996824638989921,0.015485530119552362,0.000617590813459976,0.000617590813459976,0.019653782922028885,0.019036192108568915
853cf447fffffff,IND,0,0,2,False,20,,,,,,,,,,,,,,,,
853cf463fffffff,IND,14,15,15,False,20,,0.0003699767905221482,,,,0.00045859204571625973,,,,0.0004387486358469402,,,,0.0009167527945200205,,
853cf483fffffff,IND,0,3,0,False,20,,,,,,,,,,,,,,,,
853cf487fffffff,BGD,6,6,7,False,20,,9.992640259014174e-05,,,,0.00012413617517364656,,,,0.00127428349680222,,,,0.0016528523074497451,,
853cf4abfffffff,IND,5,6,16,False,20,,-8.901002029820356e-05,,,,-8.820301184844159e-05,,,,0.0008856362019161849,,,,0.0012290836262991937,,
853cf4bbfffffff,BGD,6,7,10,False,20,,-0.0001784353476988074,,,,-0.0001966267229369821,,,,6.158677587520855e-06,,,,0.00011032880166553986,,
853cf4cffffffff,IND,0,0,2,False,20,,,,,,,,,,,,,,,,
853cf527fffffff,BGD,2,4,3,False,20,,-9.982901905352535e-05,,,,-0.00010768994873643854,,,,-0.00014845608802528074,,,,-7.105813738042272e-05,,
853cf52bfffffff,BGD,18,19,19,False,20,,-0.00032783510774763667,,,,-0.0003593132369797323,,,,-0.00016683452426544283,,,,0.00011378609592849323,,
853cf537fffffff,BGD,3,4,13,False,20,,7.089888174839306e-05,,,,0.00012517655046628457,,,,0.002792343976440735,,,,0.003493373733764346,,
853cf54bfffffff,BGD,4,5,9,False,20,,-9.222662115149113e-05,,,,-9.860081959697832e-05,,,,0.000637599893662993,,,,0.0008948022092355409,,
853cf553fffffff,BGD,16,16,19,False,20,,-0.0005176302133213556,,,,-0.0005931196333924095,,,,-0.0005546448788283176,,,,-0.00023370960863991296,,
853cf56ffffffff,BGD,5,5,7,False,20,,3.887328864618824e-05,,,,5.50986234834137e-05,,,,0.001122455895623846,,,,0.0014886804788250946,,
853cf587fffffff,BGD,3,7,9,False,20,,-0.0005002533481069577,,,,-0.00031881548278390624,,,,-0.0013853801834114194,,,,-0.0011132670608938323,,
853cf593fffffff,BGD,2,4,5,False,20,,-5.8661612404384636e-05,,,,-5.6240650147672884e-05,,,,-0.00042128605140300673,,,,-0.00048415388605112486,,
853cf5bbfffffff,BGD,16,16,20,False,20,,-0.0004686371574767664,,,,-0.0005357635888396467,,,,-0.000510509886746828,,,,-0.0003321332416605779,,
853cf5d7fffffff,BGD,12,14,17,False,20,,0.0004016689916500702,,,,0.000484957895952724,,,,0.0024692999721451013,,,,0.003779637951378905,,
853cf603fffffff,IND,19,19,20,False,20,,-0.00507873405186169,,,,-0.005898784650569629,,,,-0.0005914621239376366,,,,0.00012884921918377283,,
853cf627fffffff,IND,0,1,0,False,20,,,,,,,,,,,,,,,,
853cf63bfffffff,IND,5,5,18,False,20,,-4.2473529144245034e-05,,,,-3.575854621292034e-05,,,,0.0006885570411979605,,,,0.0010338146761879729,,
853cf647fffffff,IND,1,1,3,False,20,,1.585720669306328e-05,,,,2.326983590004902e-05,,,,0.0,,,,0.0,,
853cf663fffffff,IND,0,1,3,False,20,,,,,,,,,,,,,,,,
853cf68ffffffff,IND,17,18,19,False,20,,-5.3968834261583144e-05,,,,-5.713955283422727e-05,,,,-0.0005811164516642207,,,,-0.0006978986073665337,,
853cf697fffffff,IND,8,9,17,False,20,,-0.0016733831560808946,,,,-0.0019366169074867016,,,,-0.0008904389838283418,,,,-0.0007714865454460984,,
853cf6a7fffffff,IND,0,0,1,False,20,,,,,,,,,,,,,,,,
853cf6b7fffffff,IND,0,0,1,False,20,,,,,,,,,,,,,,,,
853cf6c7fffffff,IND,0,0,1,False,20,,,,,,,,,,,,,,,,
853d101bfffffff,IND,18,20,18,False,20,,2.690423796168532e-05,,,,3.8666679194849876e-05,,,,-0.00018848535546595507,,,,-0.000221319367394361,,
853d1043fffffff,IND,0,1,0,False,20,,,,,,,,,,,,,,,,
853d104bfffffff,IND,20,20,20,True,20,-6.610525202135163e-06,-6.610525202135163e-06,0.0011005307427410977,0.001107141267943233,1.772610122880629e-05,1.772610122880629e-05,0.0013109130016713806,0.0012931869004425744,-0.0004479831174069658,-0.0004479831174069658,0.00015384123358864874,0.0006018243509956146,-0.0005218734933651867,-0.0005218734933651867,0.00020661622690509133,0.000728489720270278
853d1067fffffff,IND,20,20,20,True,20,-0.0006065294929939527,-0.0006065294929939527,0.004266590788979839,0.004873120281973791,-0.0005701793007551312,-0.0005701793007551312,0.00506975610830198,0.0056399354090571115,-0.0011037045927778366,-0.0011037045927778366,0.0052111656787799275,0.006314870271557763,-0.0007560667845983543,-0.0007560667845983543,0.006913493759369891,0.007669560543968244
853d1073fffffff,IND,0,0,2,False,20,,,,,,,,,,,,,,,,
853d1093fffffff,IND,20,20,20,True,20,0.0005389155858343205,0.0005389155858343205,0.00458326768843992,0.004044352102605598,0.000736833078707588,0.000736833078707588,0.005443633022416757,0.0047067999437091675,-0.0013996135644096558,-0.0013996135644096558,0.006881035173071172,0.008280648737480828,-0.000853982280741999,-0.000853982280741999,0.009442743284639083,0.010296725565381082
853d109bfffffff,IND,20,20,20,True,20,5.823359285781554e-05,5.823359285781554e-05,0.0009333144688026699,0.0008750808759448543,8.881784681665133e-05,8.881784681665133e-05,0.0011101690961068489,0.0010213512492901976,-0.0007518929441162018,-0.0007518929441162018,0.0006438595156700817,0.0013957524597862834,-0.0009036641874757906,-0.0009036641874757906,0.0008528109431207218,0.0017564751305965125
853d10d3fffffff,IND,9,9,20,False,20,,-8.056676274638745e-05,,,,-8.581267323856181e-05,,,,-0.00011444564795138926,,,,4.603939742007147e-06,,
853d10dbfffffff,IND,2,3,7,False,20,,-0.00037935188033262125,,,,-0.0004328791394652676,,,,0.0001258436246509488,,,,0.0002164231108159694,,
853d1143fffffff,IND,0,0,3,False,20,,,,,,,,,,,,,,,,
853d120bfffffff,IND,0,0,2,False,20,,,,,,,,,,,,,,,,
853d123bfffffff,IND,4,6,11,False,20,,-1.4065198948012824e-05,,,,-1.0622419993089387e-05,,,,-0.00022387585745229426,,,,-0.00026656923807400515,,
853d1253fffffff,IND,1,3,5,False,20,,2.7002797046705963e-06,,,,8.667507654191325e-06,,,,-0.000230868775621896,,,,-0.00022945269760560533,,
853d1257fffffff,IND,4,12,7,False,20,,6.736732043569483e-05,,,,8.962463504771311e-05,,,,0.0005674954250116375,,,,0.0007895339073039154,,
853d125bfffffff,IND,9,9,19,False,20,,-0.00011960362211317453,,,,-0.00013421410872769917,,,,-0.00019796676415100186,,,,-0.0001667348096653331,,
853d1263fffffff,IND,0,0,1,False,20,,,,,,,,,,,,,,,,
853d1273fffffff,IND,0,0,2,False,20,,,,,,,,,,,,,,,,
853d128bfffffff,IND,20,20,20,True,20,3.829704144598201e-05,3.829704144598201e-05,0.002742987323202188,0.002704690281756206,9.597646337660495e-05,9.597646337660495e-05,0.0032693490028959825,0.0031733725395193778,0.0004831973071766976,0.0004831973071766976,0.002190210785852268,0.0017070134786755704,0.0010179409394799755,0.0010179409394799755,0.003096977746360534,0.002079036806880558
853d1293fffffff,IND,19,19,20,False,20,,-0.00016599503425916812,,,,-0.0001810192806398194,,,,-0.0004541140044080526,,,,-0.0005415196394146386,,
853d1297fffffff,IND,12,14,15,False,20,,6.282581366397857e-05,,,,7.996992928414405e-05,,,,0.00010082777620885045,,,,0.00013457243756894016,,
853d129bfffffff,IND,6,8,7,False,20,,3.044523858084799e-05,,,,3.915603239138491e-05,,,,-9.781682698757893e-05,,,,-0.00011570630082993413,,
853d12a3fffffff,IND,15,16,18,False,20,,-4.786859493059312e-05,,,,-3.44407604849173e-05,,,,-5.3185633289254025e-05,,,,1.2030580047509704e-06,,
853d12c7fffffff,IND,0,0,1,False,20,,,,,,,,,,,,,,,,
853d12cffffffff,IND,20,20,20,True,20,-0.00035855694414144656,-0.00035855694414144656,0.003588526512579205,0.003947083456720651,-0.0003349878061869042,-0.0003349878061869042,0.004270631982101614,0.0046056197882885196,2.472570735344235e-05,2.472570735344235e-05,0.005623256013025962,0.005598530305672521,0.0008441035728892158,0.0008441035728892158,0.007705772585647841,0.006861669012758624
853d12dbfffffff,IND,15,15,20,False,20,,-0.00025720763019907274,,,,-0.00029596407895136705,,,,-0.0005453339989947085,,,,-0.0006328929522624353,,
853d1343fffffff,IND,0,2,0,False,20,,,,,,,,,,,,,,,,
853d1347fffffff,IND,0,0,1,False,20,,,,,,,,,,,,,,,,
853d1387fffffff,IND,0,0,1,False,20,,,,,,,,,,,,,,,,
853d138bfffffff,IND,4,9,12,False,20,,-0.0007214135879773828,,,,-0.0008316167103827579,,,,-0.002166764568651214,,,,-0.0025410358772661895,,
853d13abfffffff,IND,1,2,6,False,20,,-2.811156497376722e-05,,,,-2.972158917817475e-05,,,,-0.0012540285667707511,,,,-0.001666041900953809,,
853d13c3fffffff,IND,20,20,20,True,20,0.0003523643582378973,0.0003523643582378973,0.0012910869598124208,0.0009387226015745232,0.0004399075434201951,0.0004399075434201951,0.0015363534647300065,0.0010964459213098107,0.0006500335451112833,0.0006500335451112833,0.0012681311544413358,0.0006180976093300525,0.0010448096848267856,0.0010448096848267856,0.0018078548269053602,0.0007630451420785748
853d13dbfffffff,IND,12,16,14,False,20,,2.0470666346020986e-05,,,,3.1588166434826726e-05,,,,0.00011753684413087454,,,,0.00017092173240895863,,
853d1403fffffff,IND,0,5,5,False,20,,,,,,,,,,,,,,,,
853d1413fffffff,IND,16,18,18,False,20,,5.583407051848858e-05,,,,7.3781949924244e-05,,,,2.5007504386775157e-05,,,,5.9710336215267266e-05,,
853d142ffffffff,IND,0,3,1,False,20,,,,,,,,,,,,,,,,
853d1433fffffff,IND,13,15,17,False,20,,-3.4985604460796145e-05,,,,-3.5508502020928686e-05,,,,-0.0001708161211100634,,,,-0.00019845513865563919,,
853d1443fffffff,IND,7,10,13,False,20,,7.177663202686864e-05,,,,8.890408086094676e-05,,,,0.0,,,,0.0,,
853d144bfffffff,IND,0,0,1,False,20,,,,,,,,,,,,,,,,
853d144ffffffff,IND,15,18,17,False,20,,-5.420128805392526e-05,,,,-5.2520972293469734e-05,,,,7.938618580496144e-05,,,,0.00021812578057352623,,
853d1457fffffff,IND,0,1,0,False,20,,,,,,,,,,,,,,,,
853d1463fffffff,IND,2,4,6,False,20,,-0.0006568414333422802,,,,-0.000751306301758506,,,,-6.688676545526796e-05,,,,-8.389106351096407e-05,,
853d1467fffffff,IND,0,0,1,False,20,,,,,,,,,,,,,,,,
853d146bfffffff,IND,20,20,20,True,20,-0.005590504744560342,-0.005590504744560342,0.009012296834278542,0.014602801578838887,-0.006381318590758893,-0.006381318590758893,0.010561316518756289,0.016942635109515183,-0.008781863618655223,-0.008781863618655223,0.03922895534934091,0.04801081896799614,-0.005152850508606614,-0.005152850508606614,0.05379489803919466,0.058947748547801285
853d146ffffffff,IND,1,2,3,False,20,,1.585720669306328e-05,,,,2.326983590004902e-05,,,,-0.00019819955524019803,,,,-0.00022637135768485486,,
853d1473fffffff,IND,19,19,20,False,20,,-8.824538144992104e-05,,,,-8.804141205798626e-05,,,,-0.0005256362680237241,,,,-0.0005903475659417524,,
853d1477fffffff,IND,0,0,1,False,20,,,,,,,,,,,,,,,,
853d147bfffffff,IND,4,5,5,False,20,,0.00011977815497433419,,,,0.00015608930941436987,,,,0.0006141750628348602,,,,0.0008474247214852406,,
853d148ffffffff,IND,16,17,19,False,20,,-1.529481185162645e-05,,,,-1.331709447766661e-05,,,,7.374426921458307e-05,,,,0.00015600160928373004,,
853d149bfffffff,IND,20,20,20,True,20,5.5061772857490896e-05,5.5061772857490896e-05,0.0025439151269927235,0.0024888533541352325,0.00012091991836264393,0.00012091991836264393,0.0030266603041693768,0.002905740385806732,-0.0013991581086456083,-0.0013991581086456083,0.0012856944804096118,0.00268485258905522,-0.001498790538934949,-0.001498790538934949,0.0018246501487610741,0.003323440687696023
853d14a3fffffff,IND,14,16,16,False,20,,-3.248690180564155e-05,,,,-3.174055802366203e-05,,,,-0.00017519404307032543,,,,-0.00019686615985422314,,
853d14a7fffffff,IND,20,20,20,True,20,6.528910752337457e-05,6.528910752337457e-05,0.0011148666132153656,0.0010495775056919908,0.00010279913034225057,0.00010279913034225057,0.00132597830869467,0.0012231791783524192,-0.000443709298654243,-0.000443709298654243,0.00024206926554892023,0.0006857785642031634,-0.0005254464379552428,-0.0005254464379552428,0.00033069804186340384,0.0008561444798186466
853d14abfffffff,IND,1,2,3,False,20,,-4.7950814789504773e-05,,,,-4.9586740682504245e-05,,,,0.0003430835461587337,,,,0.0004712739559341153,,
853d14b3fffffff,IND,19,19,20,False,20,,-1.2101780663014954e-06,,,,7.925601033990743e-06,,,,1.9324536978473554e-05,,,,7.575771429771193e-05,,
853d14c3fffffff,IND,0,0,1,False,20,,,,,,,,,,,,,,,,
853d14c7fffffff,IND,0,1,0,False,20,,,,,,,,,,,,,,,,
853d14cffffffff,IND,20,20,20,True,20,0.0008834840065424602,0.0008834840065424602,0.004740957765364012,0.0038574737588215518,0.0011348809738067002,0.0011348809738067002,0.005642600230975221,0.004507719257168521,2.310193694105205e-05,2.310193694105205e-05,0.0003293965574276235,0.00030629462048657144,6.751646583838785e-05,6.751646583838785e-05,0.0004444534019602354,0.0003769369361218475
853d14dbfffffff,IND,17,17,20,False,20,,-0.00011111334172789796,,,,-0.00012110084012043779,,,,-0.0003996818638281824,,,,-0.0004324187422834529,,
853d1547fffffff,IND,5,5,20,False,20,,-0.00022150494808248104,,,,-0.00024589492822330776,,,,-0.0008105327022874207,,,,-0.0008601330376318512,,
853d15cffffffff,IND,1,1,1,False,20,,4.580961835137364e-05,,,,6.01018838195014e-05,,,,0.0,,,,0.0,,
853d160bfffffff,IND,0,1,0,False,20,,,,,,,,,,,,,,,,
853d1617fffffff,IND,20,20,20,True,20,-0.00015443130205420723,-0.00015443130205420723,0.0059170771141238525,0.0060715084161780605,-6.5306050657656e-05,-6.5306050657656e-05,0.007039421991616264,0.007104728042273921,0.0005988030763810412,0.0005988030763810412,0.004946770609831862,0.004347967533450821,0.0016416755509843822,0.0016416755509843822,0.0070157928388758384,0.005374117287891456
853d161bfffffff,IND,0,2,2,False,20,,,,,,,,,,,,,,,,
853d1623fffffff,IND,7,10,15,False,20,,-2.2965701491503968e-05,,,,-2.124794740514241e-05,,,,0.0,,,,0.0,,
853d1637fffffff,IND,20,20,20,True,20,0.0008972596563278981,0.0008972596563278981,0.007442030060745094,0.006544770404417198,0.0012169335611880898,0.0012169335611880898,0.008859871259275082,0.007642937698086993,-0.0006155590655867375,-0.0006155590655867375,0.002146514877377571,0.0027620739429643085,-0.0004135400819935076,-0.0004135400819935076,0.0029570367823478585,0.003370576864341365
853d164bfffffff,IND,3,3,11,False,20,,0.0006912208717367953,,,,0.000830652431622054,,,,0.002913291543542293,,,,0.00367066668272446,,
853d1653fffffff,IND,0,1,0,False,20,,,,,,,,,,,,,,,,
853d165bfffffff,IND,0,1,4,False,20,,,,,,,,,,,,,,,,
853d166bfffffff,IND,0,1,3,False,20,,,,,,,,,,,,,,,,
853d1677fffffff,IND,0,0,3,False,20,,,,,,,,,,,,,,,,
853d167bfffffff,IND,20,20,20,True,20,-4.6779539993602846e-05,-4.6779539993602846e-05,0.0008327479047093167,0.0008795274447029197,-3.8386370923245916e-05,-3.8386370923245916e-05,0.0009907663480159647,0.0010291527189392107,-0.00019190612191854933,-0.00019190612191854933,0.00012162194626692615,0.0003135280681854755,-0.0002174424746735646,-0.0002174424746735646,0.00016706728421099327,0.00038450975888455784
853d168ffffffff,IND,0,2,3,False,20,,,,,,,,,,,,,,,,
853d1693fffffff,IND,20,20,20,True,20,-4.720324633905669e-05,-4.720324633905669e-05,0.0005271379707713034,0.0005743412171103601,-4.417784312026485e-05,-4.417784312026485e-05,0.000627218836539977,0.0006713966796602418,-0.0002653743671040433,-0.0002653743671040433,0.00019315241522177367,0.00045852678232581704,-0.00030728555480594166,-0.00030728555480594166,0.0002717139885325459,0.0005789995433384876
853d169bfffffff,IND,20,20,20,True,20,7.270202525187594e-06,7.270202525187594e-06,0.0003259418332738143,0.00031867163074862675,1.5130741243960403e-05,1.5130741243960403e-05,0.0003877084097213259,0.00037257766847736555,-0.0002505972593905452,-0.0002505972593905452,1.4348808044515741e-05,0.00026494606743506096,-0.0003156136962917257,-0.0003156136962917257,1.7518166338493015e-05,0.0003331318626302187
853d16a7fffffff,IND,16,16,20,False,20,,-9.072805142983082e-05,,,,-8.530926931706273e-05,,,,-0.0007995066935340656,,,,-0.0007851814218456679,,
853d16affffffff,IND,1,3,5,False,20,,-9.784729500909427e-06,,,,-7.229309535436814e-06,,,,0.0,,,,0.0,,
853d16b3fffffff,IND,6,7,10,False,20,,8.36796561115572e-05,,,,0.0001068442806217799,,,,0.0,,,,0.0,,
853d16c3fffffff,IND,19,20,19,False,20,,0.0002768578496425278,,,,0.00035030527703360485,,,,-8.658575141796511e-05,,,,-8.840125820918516e-05,,
853d16d7fffffff,IND,20,20,20,True,20,0.00011734118881667299,0.00011734118881667299,0.0015022124557015253,0.0013848712668848523,0.00017141747087624578,0.00017141747087624578,0.0017873597696981241,0.0016159422988218785,-0.0002112483270110595,-0.0002112483270110595,0.00045160610326485816,0.0006628544302759176,-0.00020273808624582794,-0.00020273808624582794,0.0006209148554276696,0.0008236529416734976
853d186bfffffff,CHN,0,0,1,False,20,,,,,,,,,,,,,,,,
853d1acbfffffff,IND,20,20,20,True,20,0.00048760153664269984,0.00048760153664269984,0.0035722799623389583,0.003084678425696258,0.0006451831654287305,0.0006451831654287305,0.004248626601746833,0.003603443436318102,-0.00025550310893905767,-0.00025550310893905767,0.0005492268206063701,0.0008047299295454278,-0.00025181100224028484,-0.00025181100224028484,0.0007670603683597176,0.0010188713706000025
853d306bfffffff,IND,2,3,3,False,20,,5.909205734777032e-05,,,,7.33635717079328e-05,,,,0.000506391152363149,,,,0.0006405704090471191,,
853d306ffffffff,IND,14,16,16,False,20,,9.602521990087578e-05,,,,0.00011762631584376522,,,,0.00046955290097798117,,,,0.0006548054512313413,,
853d30c3fffffff,IND,3,3,18,False,20,,7.683350197290073e-05,,,,9.862841651312548e-05,,,,0.000657157937401958,,,,0.0008722037208964412,,
853d321bfffffff,IND,19,20,19,False,20,,0.00032348428880708694,,,,0.00044387915222957324,,,,-8.185149605958691e-05,,,,0.00025536627317608167,,
853d3223fffffff,IND,0,2,1,False,20,,,,,,,,,,,,,,,,
853d322ffffffff,IND,0,1,4,False,20,,,,,,,,,,,,,,,,
853d323bfffffff,IND,3,7,9,False,20,,-2.9685583112423345e-05,,,,-2.8397597576178735e-05,,,,-0.00024835034925496186,,,,-0.00029089850422509754,,
853d324ffffffff,IND,12,16,15,False,20,,-1.093207074192742e-05,,,,-8.442928107465667e-06,,,,-0.00013394282403043646,,,,-0.00015405992974358245,,
853d325bfffffff,IND,0,2,2,False,20,,,,,,,,,,,,,,,,
853d327bfffffff,IND,0,1,3,False,20,,,,,,,,,,,,,,,,
853d3283fffffff,PAK,1,5,4,False,20,,5.3041825349925105e-05,,,,6.767699806479159e-05,,,,0.0007144005286563913,,,,0.000895227096733764,,
853d3293fffffff,PAK,0,0,1,False,20,,,,,,,,,,,,,,,,
853d32a3fffffff,IND,20,20,20,True,20,0.0006053633558611644,0.0006053633558611644,0.008058992804728693,0.007453629448867528,0.0008823709712923704,0.0008823709712923704,0.009587311958036634,0.008704940986744262,0.0017997804593859125,0.0017997804593859125,0.007198531418314669,0.005398750958928756,0.0036297309415873626,0.0036297309415873626,0.010274449847126584,0.006644718905539221
853d32abfffffff,IND,20,20,20,True,20,-6.312682694335111e-06,-6.312682694335111e-06,0.0003825440255609584,0.00038885670825529353,9.362956311151262e-07,9.362956311151262e-07,0.00045515143900280556,0.0004542151433716904,-2.7963339991401467e-05,-2.7963339991401467e-05,0.00011533109265387926,0.00014329443264528074,-2.5058224792425606e-05,-2.5058224792425606e-05,0.00014982113704337338,0.00017487936183579897
853d32b3fffffff,IND,0,0,1,False,20,,,,,,,,,,,,,,,,
853d32d3fffffff,PAK,1,1,9,False,20,,9.91609925502196e-05,,,,0.00012702363981038827,,,,5.610738526841885e-05,,,,0.00012091062916425499,,
853d332bfffffff,IND,0,0,1,False,20,,,,,,,,,,,,,,,,
853d3347fffffff,IND,16,18,18,False,20,,-6.209477255802167e-05,,,,-6.356857670489945e-05,,,,0.00012058155077846719,,,,0.0002050234485035927,,
853d334bfffffff,IND,0,1,0,False,20,,,,,,,,,,,,,,,,
853d3353fffffff,IND,5,6,7,False,20,,0.00010639636837031115,,,,0.0001294355781286044,,,,-0.00010981569672167892,,,,-0.00011894139081044702,,
853d3357fffffff,IND,0,0,1,False,20,,,,,,,,,,,,,,,,
853d336ffffffff,IND,3,9,7,False,20,,3.8158615210833506e-05,,,,4.902136504048582e-05,,,,0.0003558907349559205,,,,0.00044357708419109784,,
853d337bfffffff,IND,0,0,1,False,20,,,,,,,,,,,,,,,,
853d33cffffffff,IND,18,19,19,False,20,,7.502899394173072e-05,,,,0.00010000222632906215,,,,5.4057694061446344e-05,,,,0.00016606498308824325,,
853d33d7fffffff,IND,5,7,8,False,20,,0.00010264080946934967,,,,0.00012346824120051787,,,,0.00033935691318444264,,,,0.0004881464534089732,,
853d33dbfffffff,IND,3,3,12,False,20,,-0.0001412808777542276,,,,-0.00015004796603092753,,,,2.157674414524138e-05,,,,3.11206557442228e-05,,
853d34a7fffffff,IND,20,20,20,True,20,-0.0004249562705644958,-0.0004249562705644958,0.0010564617132165503,0.0014814179837810463,-0.0004789964460297505,-0.0004789964460297505,0.0012290252818788008,0.001708021727908551,-0.0005792251528741003,-0.0005792251528741003,0.006047427515009921,0.006626652667884023,-1.2276338438678945e-05,-1.2276338438678945e-05,0.00819934573926908,0.008211622077707759
853d360ffffffff,PAK,0,1,1,False,20,,,,,,,,,,,,,,,,
853d3613fffffff,PAK,20,20,20,True,20,-0.0011165641878082013,-0.0011165641878082013,0.0005703512396784988,0.0016869154274867,-0.0012841299347758752,-0.0012841299347758752,0.0006781152905887038,0.001962245225364579,-0.0043502160999431255,-0.0043502160999431255,0.002638703610846762,0.006988919710789887,-0.004920278999496245,-0.004920278999496245,0.0036723468839858615,0.008592625883482103
853d3633fffffff,PAK,0,0,4,False,20,,,,,,,,,,,,,,,,
853d3637fffffff,IND,20,20,20,True,20,-0.00056681422516881,-0.00056681422516881,0.0012918560637361996,0.0018586702889050095,-0.0006290481729457822,-0.0006290481729457822,0.0015328081373027973,0.0021618563102485788,0.0018443858430892183,0.0018443858430892183,0.008082511458539821,0.0062381256154506026,0.003641480281295591,0.003641480281295591,0.011235684916539824,0.007594204635244235
853d363bfffffff,PAK,20,20,20,True,20,-0.0016438286531312563,-0.0016438286531312563,0.0011584973126999823,0.002802325965831239,-0.0018858833426486342,-0.0018858833426486342,0.0013750834120730459,0.0032609667547216807,-0.008071363093073837,-0.008071363093073837,0.007369008263169365,0.015440371356243201,-0.008677973876941966,-0.008677973876941966,0.010298861420885482,0.018976835297827448
853d3647fffffff,PAK,20,20,20,True,20,-0.0028468907403113777,-0.0028468907403113777,0.0033683491356314155,0.006215239875942793,-0.0032226930379312723,-0.0032226930379312723,0.003995911575914999,0.007218604613846271,-0.007961654729882393,-0.007961654729882393,0.017931187780519907,0.025892842510402303,-0.007359512255454563,-0.007359512255454563,0.024467670342563714,0.03182718259801828
853d368bfffffff,PAK,0,0,5,False,20,,,,,,,,,,,,,,,,
853d3693fffffff,PAK,13,13,20,False,20,,-0.0012124751701035003,,,,-0.0014013318416859018,,,,-0.007292770907946561,,,,-0.008836010051869946,,
853d369bfffffff,PAK,9,10,17,False,20,,-0.00014360615526953346,,,,-0.00016013210899925616,,,,-0.000779275203731273,,,,-0.0008819112923689696,,
853d36c7fffffff,PAK,1,1,4,False,20,,0.00023388956789966998,,,,0.0002986617836147012,,,,-0.0001294612341280527,,,,-0.00014495400609386641,,
853d36d3fffffff,PAK,0,0,2,False,20,,,,,,,,,,,,,,,,
853d36d7fffffff,PAK,4,4,11,False,20,,-0.00020587883321444733,,,,-0.0002314899683907044,,,,0.00015643509971099954,,,,0.0002867889872252184,,
853d36dbfffffff,PAK,0,0,4,False,20,,,,,,,,,,,,,,,,
853d80b7fffffff,IND,12,13,14,False,20,,-0.0006253116820088449,,,,-0.00071996956190908,,,,-3.137156736533341e-05,,,,0.00014581320885919706,,
853d82c3fffffff,IND,1,1,5,False,20,,-0.0002580969486136786,,,,-0.00028942360620067204,,,,-0.0002589224682561054,,,,-0.00028990801218773283,,
853d8337fffffff,IND,0,0,1,False,20,,,,,,,,,,,,,,,,
853d8383fffffff,IND,18,18,20,False,20,,1.1889996891918884e-05,,,,2.5890581818018325e-05,,,,0.0001981730328803922,,,,0.0003469643914587462,,
853d851bfffffff,IND,0,0,4,False,20,,,,,,,,,,,,,,,,
853d8547fffffff,IND,0,0,5,False,20,,,,,,,,,,,,,,,,
853d8583fffffff,IND,0,0,1,False,20,,,,,,,,,,,,,,,,
853d8587fffffff,IND,20,20,20,True,20,-0.002625875608877964,-0.002625875608877964,0.006904275954683642,0.009530151563561606,-0.0029006458152454444,-0.0029006458152454444,0.00819464467115048,0.011095290486395924,0.0012554218577512301,0.0012554218577512301,0.018915162281725625,0.017659740423974394,0.004409899749404934,0.004409899749404934,0.025996548872510555,0.021586649123105626
853d85a7fffffff,IND,0,0,2,False,20,,,,,,,,,,,,,,,,
853d882ffffffff,IND,0,0,2,False,20,,,,,,,,,,,,,,,,
853d88bbfffffff,IND,3,5,7,False,20,,-9.04715305798531e-06,,,,-4.0634283745441345e-06,,,,-2.188852162010428e-05,,,,-2.7600995792817436e-05,,
853d891bfffffff,IND,0,1,1,False,20,,,,,,,,,,,,,,,,
853d8933fffffff,IND,0,0,1,False,20,,,,,,,,,,,,,,,,
853d8987fffffff,IND,19,19,20,False,20,,3.156035027907123e-05,,,,4.786830223738201e-05,,,,0.000449211812338441,,,,0.000685953126163843,,
853d89a7fffffff,IND,0,0,1,False,20,,,,,,,,,,,,,,,,
853d89cbfffffff,IND,2,3,7,False,20,,7.086199717021242e-05,,,,9.185145025515103e-05,,,,-0.0004444918569091814,,,,-0.0005140027190743839,,
853d8b13fffffff,IND,20,20,20,True,20,-0.0054241704025150645,-0.0054241704025150645,0.0025300593994734147,0.007954229801988478,-0.0062985783767562555,-0.0062985783767562555,0.0030127675161164395,0.009311345892872695,-0.011246138702439786,-0.011246138702439786,0.0024774863960982324,0.013723625098538014,-0.0138626478590995,-0.0138626478590995,0.0035438917545140432,0.01740653961361354
853d8b23fffffff,IND,1,1,1,False,20,,-4.7950814789504773e-05,,,,-4.9586740682504245e-05,,,,-0.00038838370238415806,,,,-0.00043486201828159927,,
853d8b27fffffff,IND,0,0,1,False,20,,,,,,,,,,,,,,,,
853d8b57fffffff,IND,0,1,0,False,20,,,,,,,,,,,,,,,,
853d8bbbfffffff,IND,1,5,2,False,20,,-1.3344086160567192e-05,,,,-1.2665154661480483e-05,,,,0.0,,,,0.0,,
853d8c0ffffffff,IND,20,20,20,True,20,-0.0055021558822018965,-0.0055021558822018965,0.010413368883863922,0.01591552476606582,-0.006137305105737022,-0.006137305105737022,0.012369734291503929,0.018507039397240948,0.0017070354325730394,0.0017070354325730394,0.03787004385545577,0.03616300842288273,0.008371291832807003,0.008371291832807003,0.05261482645036908,0.04424353461756208
853d8c3bfffffff,IND,0,2,0,False,20,,,,,,,,,,,,,,,,
853d8c5bfffffff,IND,0,0,2,False,20,,,,,,,,,,,,,,,,
853d8cbbfffffff,IND,0,0,5,False,20,,,,,,,,,,,,,,,,
853d8cdbfffffff,IND,0,0,2,False,20,,,,,,,,,,,,,,,,
853d8d53fffffff,IND,0,0,1,False,20,,,,,,,,,,,,,,,,
853d8dcbfffffff,IND,0,0,2,False,20,,,,,,,,,,,,,,,,
853d8dcffffffff,IND,20,20,20,True,20,-0.00955308021843631,-0.00955308021843631,0.02477366858224918,0.034326748800685494,-0.01028185087517716,-0.01028185087517716,0.02920199009518516,0.039483840970362324,-0.0015778885479642575,-0.0015778885479642575,0.07718952353167467,0.07876741207963892,0.011870950639595049,0.011870950639595049,0.10637295056052878,0.09450199992093374
853d8e07fffffff,IND,0,1,1,False,20,,,,,,,,,,,,,,,,
853d8e2bfffffff,IND,0,0,1,False,20,,,,,,,,,,,,,,,,
853d9013fffffff,IND,0,0,3,False,20,,,,,,,,,,,,,,,,
853d914ffffffff,IND,20,20,20,True,20,-0.007051239889556887,-0.007051239889556887,0.02400229854007329,0.031053538429630177,-0.007658326412632874,-0.007658326412632874,0.028478546087121255,0.036136872499754114,0.015074516991173476,0.015074516991173476,0.06589960282417212,0.05082508583299864,0.029578045087650613,0.029578045087650613,0.09215769119037331,0.06257964610272271
853d9177fffffff,IND,0,0,1,False,20,,,,,,,,,,,,,,,,
853d9293fffffff,IND,0,1,0,False,20,,,,,,,,,,,,,,,,
853d9343fffffff,IND,0,1,0,False,20,,,,,,,,,,,,,,,,
853d940bfffffff,IND,0,0,1,False,20,,,,,,,,,,,,,,,,
853d944bfffffff,IND,4,10,8,False,20,,7.202559318516406e-05,,,,9.131567909013137e-05,,,,0.0,,,,0.0,,
853d944ffffffff,IND,2,3,5,False,20,,0.00020108154776768167,,,,0.0002446608942257366,,,,0.0,,,,0.0,,
853d949bfffffff,IND,0,1,4,False,20,,,,,,,,,,,,,,,,
853d952bfffffff,IND,0,0,1,False,20,,,,,,,,,,,,,,,,
853d959bfffffff,IND,0,0,4,False,20,,,,,,,,,,,,,,,,
853d9627fffffff,IND,0,0,1,False,20,,,,,,,,,,,,,,,,
853d962bfffffff,IND,20,20,20,True,20,-0.0022239495144094463,-0.0022239495144094463,0.0064238093092765,0.008647758823685948,-0.0015062650193268742,-0.0015062650193268742,0.0071825388560195465,0.008688803875346419,0.0055170994457387585,0.0055170994457387585,0.030381515967508828,0.024864416521770065,0.012059584262006963,0.012059584262006963,0.04264003035270586,0.030580446090698904
853d962ffffffff,IND,0,1,1,False,20,,,,,,,,,,,,,,,,
853d9663fffffff,IND,1,1,5,False,20,,4.580961835137364e-05,,,,6.01018838195014e-05,,,,0.00047254478028678644,,,,0.0006162279620279817,,
853d9693fffffff,IND,3,5,8,False,20,,9.117777135186694e-05,,,,0.00011135045773727173,,,,0.0,,,,0.0,,
853d96affffffff,IND,1,4,6,False,20,,-0.002412909592864904,,,,-0.002767229999535609,,,,-0.0006667377853637721,,,,-0.0007710040786115758,,
853d9a53fffffff,IND,0,4,5,False,20,,,,,,,,,,,,,,,,
853d9b93fffffff,IND,20,20,20,True,20,-2.9387898461647442e-05,-2.9387898461647442e-05,0.0027454874812997718,0.002774875379761419,3.175382949568717e-05,3.175382949568717e-05,0.0032575864383095738,0.003225832608813887,0.00366519983747073,0.00366519983747073,0.009238994834309299,0.005573794996838571,0.0063736213391003705,0.0063736213391003705,0.013186623632832687,0.006813002293732317
853d9c73fffffff,IND,3,6,11,False,20,,-0.00022849618838653948,,,,-0.00025673236485861817,,,,-0.0003811652626764703,,,,-0.0004536463478360221,,
853da003fffffff,IND,6,10,10,False,20,,1.2195701601329911e-05,,,,1.85494125669601e-05,,,,0.0001739443617071203,,,,0.00029347557648111764,,
853da037fffffff,IND,20,20,20,True,20,-0.00018973909521021763,-0.00018973909521021763,0.005241898592317461,0.005431637687527679,-0.00013112570969159705,-0.00013112570969159705,0.00622871236676477,0.006359838076456367,0.000854704382213518,0.000854704382213518,0.0014807675794984466,0.0006260631972849286,0.0013443845431063742,0.0013443845431063742,0.0021079503390992256,0.0007635657959928513
853da09bfffffff,IND,12,14,18,False,20,,1.4160998244125172e-05,,,,2.247366838162666e-05,,,,-0.00016290642052501635,,,,-0.00018655635309413067,,
853da0a7fffffff,IND,0,2,4,False,20,,,,,,,,,,,,,,,,
853da0abfffffff,IND,1,1,2,False,20,,2.7002797046705963e-06,,,,8.667507654191325e-06,,,,0.0,,,,0.0,,
853da0b7fffffff,IND,17,18,19,False,20,,6.470436457652622e-05,,,,9.079087762475673e-05,,,,-0.000252463570201147,,,,-0.0002456409846547757,,
853da0c7fffffff,IND,0,2,0,False,20,,,,,,,,,,,,,,,,
853da0d3fffffff,IND,11,15,14,False,20,,8.038216665550579e-05,,,,9.8734837004942e-05,,,,0.0002620753307943109,,,,0.00036195877197951407,,
853da103fffffff,IND,20,20,20,True,20,-0.0005459032940384348,-0.0005459032940384348,0.0007550762861948931,0.001300979580233328,-0.0006107590389144192,-0.0006107590389144192,0.0008972646371433822,0.0015080236760578016,0.0020627644925065103,0.0020627644925065103,0.005175020806793215,0.003112256314286706,0.0036100157619207763,0.0036100157619207763,0.007359735778171332,0.0037497200162505567
853da107fffffff,IND,19,19,20,False,20,,-0.0003203674615143993,,,,-0.00017277909174258515,,,,0.0013185202503988914,,,,0.0019900754845546564,,
853da10ffffffff,IND,20,20,20,True,20,-0.0017389628078205751,-0.0017389628078205751,0.001784112812184404,0.0035230756200049793,-0.002056045928809276,-0.002056045928809276,0.001778723430313936,0.003834769359123211,-0.00341263717051086,-0.00341263717051086,0.007544665690609233,0.01095730286112009,-0.0028836283005627414,-0.0028836283005627414,0.010042768011765933,0.012926396312328673
853da113fffffff,IND,20,20,20,True,20,-0.0008349768358866053,-0.0008349768358866053,0.02598423815603832,0.02681921499192492,-0.000489177217551454,-0.000489177217551454,0.030779665581914854,0.03126884279946631,-0.0027812733702667104,-0.0027812733702667104,0.019495273497321823,0.02227654686758853,-0.0012658311243015662,-0.0012658311243015662,0.025290673853073275,0.02655650497737484
853da117fffffff,IND,20,20,20,True,20,-0.07539987221715803,-0.07539987221715803,0.12569419616528077,0.2010940683824388,-0.08517310063641036,-0.08517310063641036,0.1469408816994636,0.2321139823358739,-0.0901995145026685,-0.0901995145026685,0.5344987654252673,0.6246982799279359,-0.028919342825032536,-0.028919342825032536,0.7352559715759439,0.7641753144009764
853da11bfffffff,IND,20,20,20,True,20,-0.003727819595534039,-0.003727819595534039,0.005752571550834433,0.009480391146368474,-0.004192775699063051,-0.004192775699063051,0.0068273954636928385,0.011020171162755887,-0.006590004107077151,-0.006590004107077151,0.02786915732484186,0.034459161431919,-0.0034728812516575877,-0.0034728812516575877,0.03881442005189824,0.04228730130355581
853da12ffffffff,IND,0,1,0,False,20,,,,,,,,,,,,,,,,
853da133fffffff,IND,20,20,20,True,20,-0.0007373788206392646,-0.0007373788206392646,0.0030600800322712015,0.0037974588529104654,-0.0007721642575395408,-0.0007721642575395408,0.0035366859500948547,0.004308850207634396,0.010339368816682865,0.010339368816682865,0.02453367132136339,0.01419430250468052,0.017248845616844262,0.017248845616844262,0.034680674556789554,0.01743182893994529
853da13bfffffff,IND,9,10,15,False,20,,-6.082030722760454e-05,,,,-6.007052231808735e-05,,,,0.00025946725514165004,,,,0.0004886513014674974,,
853da143fffffff,IND,0,0,1,False,20,,,,,,,,,,,,,,,,
853da153fffffff,IND,0,0,1,False,20,,,,,,,,,,,,,,,,
853da157fffffff,IND,1,2,2,False,20,,5.335137419884598e-05,,,,6.69217559908869e-05,,,,0.00015751492676226213,,,,0.0002054093206759939,,
853da163fffffff,IND,1,3,2,False,20,,2.2158024647281205e-05,,,,2.950096694150767e-05,,,,0.0009541540886354543,,,,0.0016627290665482326,,
853da17bfffffff,IND,0,0,2,False,20,,,,,,,,,,,,,,,,
853da183fffffff,IND,0,0,1,False,20,,,,,,,,,,,,,,,,
853da187fffffff,IND,18,18,20,False,20,,0.00011387158603950408,,,,0.00014411043283816792,,,,0.000857032905564999,,,,0.0016394048384131249,,
853da18bfffffff,IND,20,20,20,True,20,-0.0014042863655074486,-0.0014042863655074486,0.000756191234500031,0.0021604776000074795,-0.0016287272502501734,-0.0016287272502501734,0.0008950898727119811,0.0025238171229621546,-0.0033713363983268073,-0.0033713363983268073,0.002510661356173249,0.005881997754500056,-0.003831952521784961,-0.003831952521784961,0.003523096818197166,0.007355049339982126
853da18ffffffff,IND,20,20,20,True,20,2.2105796200658446e-05,2.2105796200658446e-05,0.003252985610410747,0.003230879814210088,0.00020270287840699794,0.00020270287840699794,0.0035629741151151006,0.0033602712367081016,0.006506029652012395,0.006506029652012395,0.017039228502051314,0.010533198850038918,0.008360631502090318,0.008360631502090318,0.01989577408601139,0.011535142583921073
853da197fffffff,IND,20,20,20,True,20,-8.380230260267932e-05,-8.380230260267932e-05,0.0034178887066419784,0.003501691009244657,-2.0605227875029322e-05,-2.0605227875029322e-05,0.00405930092235173,0.0040799061502267584,0.0007289072532440509,0.0007289072532440509,0.008428583160622023,0.00769967590737797,0.002214195645047823,0.002214195645047823,0.011763532020287498,0.009549336375239675
853da1abfffffff,IND,20,20,20,True,20,-0.0015548769744912322,-0.0015548769744912322,0.007077403730134322,0.008632280704625555,-0.0016539664942431594,-0.0016539664942431594,0.008262733670850937,0.009916700165094099,-0.003296307214583677,-0.003296307214583677,0.021362056219322956,0.024658363433906632,-0.0005515268881595059,-0.0005515268881595059,0.0296878278246664,0.030239354712825905
853da1b3fffffff,IND,0,1,0,False,20,,,,,,,,,,,,,,,,
853da1bbfffffff,IND,8,8,15,False,20,,-0.00022517438155547582,,,,-0.00025081347024957676,,,,-0.0008925467115996148,,,,-0.0010314167291680149,,
853da1cffffffff,IND,0,2,1,False,20,,,,,,,,,,,,,,,,
853da1d7fffffff,IND,8,13,12,False,20,,-1.0030959989353687e-05,,,,-8.921226326717504e-06,,,,0.00018790871681447798,,,,0.0003145410562289217,,
853da21bfffffff,IND,20,20,20,True,20,-0.012355206115616281,-0.012355206115616281,0.01820460395186625,0.030559810067482523,-0.013895292003065638,-0.013895292003065638,0.021547406300709927,0.03544269830377556,-0.021190776355391718,-0.021190776355391718,0.06202665918370849,0.08321743553910019,-0.01607116531498331,-0.01607116531498331,0.08576012258193527,0.1018312878969186
853da327fffffff,IND,3,7,10,False,20,,-5.776833152720008e-06,,,,8.404345963588448e-07,,,,0.0002591638649924332,,,,0.000399260586581338,,
853da373fffffff,IND,0,0,3,False,20,,,,,,,,,,,,,,,,
853da3b3fffffff,IND,1,2,6,False,20,,2.6428677821772125e-05,,,,3.878305983341502e-05,,,,0.0003572002643281956,,,,0.000447613548366882,,
853da3d7fffffff,IND,19,19,19,False,20,,-7.085555941179849e-05,,,,-7.005814079119358e-05,,,,-0.0010667159518459996,,,,-0.0012810599976872446,,
853da43bfffffff,IND,0,1,1,False,20,,,,,,,,,,,,,,,,
853da447fffffff,IND,15,17,16,False,20,,5.929466660043714e-05,,,,7.603673340697246e-05,,,,-4.347631000920541e-05,,,,-4.0437731673433164e-05,,
853da4cbfffffff,IND,0,0,1,False,20,,,,,,,,,,,,,,,,
853da517fffffff,IND,0,0,2,False,20,,,,,,,,,,,,,,,,
853da51bfffffff,IND,0,1,0,False,20,,,,,,,,,,,,,,,,
853da523fffffff,IND,1,3,2,False,20,,2.5716987588143055e-05,,,,3.3873172852278707e-05,,,,0.0,,,,0.0,,
853da547fffffff,IND,6,9,13,False,20,,5.834002990656073e-05,,,,7.336530127233232e-05,,,,4.235880232586587e-05,,,,0.0001072248101702647,,
853da54bfffffff,IND,0,12,0,False,20,,,,,,,,,,,,,,,,
853da567fffffff,IND,20,20,20,True,20,-0.0003195126013567825,-0.0003195126013567825,0.0005961802380754535,0.0009156928394322361,-0.00036009425957333747,-0.00036009425957333747,0.0007082483711421097,0.0010683426307154472,-0.001578170972455367,-0.001578170972455367,0.0008164723946440595,0.0023946433670994265,-0.001838845717424506,-0.001838845717424506,0.0010948320445885013,0.0029336777620130074
853da583fffffff,IND,15,17,18,False,20,,-0.00014149481622230075,,,,-0.00015836230607733145,,,,0.0007511567006742123,,,,0.0010923924159839022,,
853da5a7fffffff,IND,0,0,2,False,20,,,,,,,,,,,,,,,,
853da5abfffffff,IND,19,19,20,False,20,,-0.0001578883297930799,,,,-0.00016901064719783228,,,,-0.0006559022046440909,,,,-0.0006943904735302098,,
853da5bbfffffff,IND,20,20,20,True,20,-0.0004150381727433708,-0.0004150381727433708,0.0011027270238859004,0.0015177651966292712,-0.00046075907047957496,-0.00046075907047957496,0.0013114195479905215,0.0017721786184700967,0.0002110893205824445,0.0002110893205824445,0.0019661057952301267,0.0017550164746476821,0.0007392663121565293,0.0007392663121565293,0.002905572533354253,0.0021663062211977236
853da5d7fffffff,IND,20,20,20,True,20,1.4540986653604319e-05,1.4540986653604319e-05,0.0006238862022758042,0.0006093452156221999,2.935260920660516e-05,2.935260920660516e-05,0.000741744250310851,0.000712391641104246,0.0005077577745357016,0.0005077577745357016,0.0009924764031831854,0.00048471862864748376,0.0008078570720758451,0.0008078570720758451,0.0014020130414868547,0.0005941559694110095
853da63bfffffff,IND,20,20,20,True,20,-0.0003404698296765322,-0.0003404698296765322,0.0007537044451828695,0.001094174274859402,-0.00038206729150239713,-0.00038206729150239713,0.000895578128273721,0.001277645419776118,-0.0006994122812574161,-0.0006994122812574161,0.0004808507278184915,0.0011802630090759077,-0.0007907622180292598,-0.0007907622180292598,0.0006605905454971469,0.0014513527635264065
853da697fffffff,IND,0,1,1,False,20,,,,,,,,,,,,,,,,
853da6affffffff,IND,0,0,1,False,20,,,,,,,,,,,,,,,,
853da6b3fffffff,IND,0,0,3,False,20,,,,,,,,,,,,,,,,
853da6cffffffff,IND,0,0,1,False,20,,,,,,,,,,,,,,,,
853da6d7fffffff,IND,0,0,1,False,20,,,,,,,,,,,,,,,,
853da817fffffff,IND,15,15,20,False,20,,-6.041793555676161e-05,,,,-6.067390799903268e-05,,,,-9.875088344460662e-05,,,,4.915243300789322e-05,,
853da857fffffff,IND,0,0,2,False,20,,,,,,,,,,,,,,,,
853da88ffffffff,IND,0,0,1,False,20,,,,,,,,,,,,,,,,
853da8a7fffffff,IND,0,1,0,False,20,,,,,,,,,,,,,,,,
853da8cbfffffff,IND,0,0,1,False,20,,,,,,,,,,,,,,,,
853da903fffffff,NPL,11,11,20,False,20,,-0.000354496867891386,,,,-0.0003915093703606884,,,,0.002834704078918158,,,,0.0042972116946803085,,
853da99bfffffff,NPL,7,7,8,False,20,,0.00010048434047726693,,,,0.00013166284396254834,,,,0.000753622482649528,,,,0.0010918073104883327,,
853daa1bfffffff,IND,1,2,2,False,20,,-5.54925706369771e-05,,,,0.0,,,,-0.0001294612341280527,,,,0.0,,
853daa33fffffff,IND,0,0,2,False,20,,,,,,,,,,,,,,,,
853daa3bfffffff,IND,1,1,6,False,20,,-6.926797145575004e-05,,,,-7.116859076076369e-05,,,,-0.0013873968866813862,,,,-0.0015845995037939839,,
853dab3bfffffff,IND,6,6,11,False,20,,5.1305208955769975e-05,,,,6.66436744187567e-05,,,,-0.0003747185557293222,,,,-0.00044357019529329126,,
853dab57fffffff,IND,0,0,1,False,20,,,,,,,,,,,,,,,,
853dab9bfffffff,IND,0,0,1,False,20,,,,,,,,,,,,,,,,
853dac03fffffff,IND,0,2,1,False,20,,,,,,,,,,,,,,,,
853dac27fffffff,IND,0,0,1,False,20,,,,,,,,,,,,,,,,
853dac2bfffffff,IND,19,19,20,False,20,,-0.00020952558841791003,,,,-0.0002165387177902118,,,,0.0017558680992741133,,,,0.002703011258712024,,
853dac2ffffffff,IND,0,1,0,False,20,,,,,,,,,,,,,,,,
853dac43fffffff,IND,0,0,1,False,20,,,,,,,,,,,,,,,,
853dac6ffffffff,IND,9,11,13,False,20,,3.9651791607905776e-05,,,,5.426376359833579e-05,,,,0.00015993740753804126,,,,0.0003151015799612741,,
853dac93fffffff,IND,1,5,4,False,20,,3.864779765437313e-05,,,,4.933114028133679e-05,,,,0.00043837781244005007,,,,0.0006624857201866236,,
853dac97fffffff,IND,1,1,4,False,20,,2.359200471247939e-05,,,,3.110403338123223e-05,,,,0.0,,,,0.0,,
853daca3fffffff,IND,1,1,1,False,20,,-1.07559408350897e-05,,,,-5.624102331327574e-06,,,,-0.00019819955524019803,,,,-0.00022637135768485486,,
853daca7fffffff,IND,0,0,3,False,20,,,,,,,,,,,,,,,,
853dacb3fffffff,IND,0,2,2,False,20,,,,,,,,,,,,,,,,
853daccbfffffff,IND,2,3,8,False,20,,-7.536253688265082e-05,,,,-7.798646490844287e-05,,,,-0.00018974528568208883,,,,-0.00016848062660414123,,
853daccffffffff,IND,0,0,2,False,20,,,,,,,,,,,,,,,,
853dacd3fffffff,IND,20,20,20,True,20,-0.0007562517903300823,-0.0007562517903300823,0.0014695617559029011,0.0022258135462329834,-0.0008579079401741171,-0.0008579079401741171,0.0017325865581148392,0.0025904944982889566,-0.005481733825711609,-0.005481733825711609,0.0035416452079254966,0.009023379033637105,-0.006412858920267238,-0.006412858920267238,0.004928301156062808,0.011341160076330046
853dacd7fffffff,IND,2,7,4,False,20,,0.00011050245536445475,,,,0.00013611384223946192,,,,-0.00017432596864224475,,,,-0.00020997639865279143,,
853dad0bfffffff,IND,20,20,20,True,20,-0.00020164800487708213,-0.00020164800487708213,0.0008163815186748446,0.0010180295235519266,-0.0002148677796585564,-0.0002148677796585564,0.0009718182666750473,0.0011866860463336038,-0.0008234517007896361,-0.0008234517007896361,0.000840116529877705,0.0016635682306673412,-0.0008751497523059512,-0.0008751497523059512,0.0011733136350667284,0.00204846338737268
853dad13fffffff,IND,20,20,20,True,20,0.0001727453319600308,0.0001727453319600308,0.0013082534783229588,0.001135508146362928,0.00022767616604390137,0.00022767616604390137,0.0015554499401307577,0.0013277737740868562,0.00010341854324344597,0.00010341854324344597,0.00036875128481749913,0.00026533274157405315,0.00018858081422668162,0.00018858081422668162,0.000521043505102945,0.00033246269087626343
853dad43fffffff,IND,2,7,12,False,20,,7.915838635285538e-05,,,,9.8545394651818e-05,,,,-1.9599423076100222e-05,,,,-2.5645835014138647e-06,,
853dad4bfffffff,IND,0,0,3,False,20,,,,,,,,,,,,,,,,
853dad4ffffffff,IND,4,5,11,False,20,,6.326173153207609e-05,,,,7.950293156319422e-05,,,,0.0002719351643370374,,,,0.00039072841503630075,,
853dad7bfffffff,IND,0,0,1,False,20,,,,,,,,,,,,,,,,
853dadcbfffffff,IND,0,1,5,False,20,,,,,,,,,,,,,,,,
853dadd7fffffff,IND,0,2,4,False,20,,,,,,,,,,,,,,,,
853daddbfffffff,IND,5,8,8,False,20,,3.5992218177080654e-05,,,,4.5522737263272895e-05,,,,0.000205363465936854,,,,0.00028562594833105644,,
853dae13fffffff,IND,20,20,20,True,20,-0.0004082731323714258,-0.0004082731323714258,0.0005977043644985857,0.0010059774968700116,-0.00045577756837572505,-0.00045577756837572505,0.0007111012999823434,0.0011668788683580685,-0.0011232971464398152,-0.0011232971464398152,0.0034339312527404825,0.004557228399180298,-0.0007516338052291129,-0.0007516338052291129,0.00491839415076458,0.005670027955993692
853dae23fffffff,IND,0,1,0,False,20,,,,,,,,,,,,,,,,
853dae93fffffff,IND,0,1,1,False,20,,,,,,,,,,,,,,,,
853db00bfffffff,IND,20,20,20,True,20,4.208105247926417e-05,4.208105247926417e-05,0.000821371139899197,0.0007792900874199328,6.780197702759228e-05,6.780197702759228e-05,0.0009774694984243568,0.0009096675213967644,0.0012340006185449358,0.0012340006185449358,0.002414240088559565,0.0011802394700146297,0.0020146880259293504,0.0020146880259293504,0.0034787010595706534,0.0014640130336413025
853db0b3fffffff,IND,0,1,2,False,20,,,,,,,,,,,,,,,,
853db23bfffffff,IND,4,5,8,False,20,,-1.615532355629005e-05,,,,-1.5065251586765996e-05,,,,-0.00022009850541195998,,,,-0.0002516618345041657,,
853db2b3fffffff,IND,11,12,18,False,20,,-2.1680819416166016e-05,,,,-1.317987692402696e-05,,,,0.0007198467515506257,,,,0.0011565764804362035,,
853db303fffffff,IND,0,0,1,False,20,,,,,,,,,,,,,,,,
853db3a3fffffff,IND,15,15,20,False,20,,-0.006215944270649984,,,,-0.00713344177104998,,,,-0.005098911410680219,,,,-0.004973984353459986,,
853db507fffffff,IND,18,18,20,False,20,,1.8212196709557813e-05,,,,3.085990501876582e-05,,,,-1.7961772280730352e-05,,,,9.284862010639119e-05,,
853db51bfffffff,IND,16,18,18,False,20,,-0.00025505431392303823,,,,-0.00028842072467556853,,,,0.0007816975816736749,,,,0.0014150789105072444,,
853db55bfffffff,IND,1,1,2,False,20,,0.0013137642305053765,,,,0.0015740060446104561,,,,0.0007314672485428917,,,,0.0009061359742157146,,
853db63bfffffff,IND,0,1,3,False,20,,,,,,,,,,,,,,,,
853db66bfffffff,IND,20,20,20,True,20,-0.012458927990088528,-0.012458927990088528,0.010438533313139256,0.022897461303227788,-0.014252487273044035,-0.014252487273044035,0.012423405506808732,0.026675892779852765,-0.011760754992558409,-0.011760754992558409,0.01480888651048821,0.02656964150304662,-0.011745058979913434,-0.011745058979913434,0.02086151026006312,0.032606569239976554
854002d7fffffff,CHN,15,17,18,False,20,,2.550955061376131e-05,,,,3.5129020341989746e-05,,,,0.00012336613655896235,,,,0.00017048607726567923,,
85400827fffffff,CHN,10,16,12,False,20,,7.039123576641118e-05,,,,8.936442507848412e-05,,,,5.164102946321348e-05,,,,6.618577177941276e-05,,
85400997fffffff,CHN,8,12,13,False,20,,2.7932865305625445e-05,,,,3.57452050883332e-05,,,,-7.404068074195937e-06,,,,1.6146267742631754e-05,,
85400c0ffffffff,CHN,20,20,20,True,20,0.0021817741393771067,0.0021817741393771067,0.017229933661841848,0.015048159522464744,0.0028697399126351346,0.0028697399126351346,0.020228780875162587,0.01735904096252745,0.004190187962082866,0.004190187962082866,0.010541375132828538,0.006351187170745673,0.007152995760520846,0.007152995760520846,0.014917790768537212,0.0077647950080163616
85400dc7fffffff,CHN,0,0,2,False,20,,,,,,,,,,,,,,,,
85400e77fffffff,CHN,6,10,12,False,20,,2.9665359749015633e-05,,,,3.966117991985398e-05,,,,0.00014436674339253716,,,,0.0002286200238517225,,
8540102ffffffff,CHN,6,11,9,False,20,,-9.959000080299085e-06,,,,-8.002386433678888e-06,,,,-7.012494863347513e-05,,,,-8.635757563196474e-05,,
854011b3fffffff,CHN,9,11,14,False,20,,5.669626776442968e-05,,,,7.043875992048475e-05,,,,-4.40443456089329e-05,,,,-5.0304746152189966e-05,,
85401483fffffff,CHN,8,12,13,False,20,,-7.856952190766067e-06,,,,-5.578304920270834e-06,,,,0.0,,,,0.0,,
85401637fffffff,CHN,18,19,19,False,20,,-5.397874297060075e-05,,,,-4.9247935740006745e-05,,,,0.00019114258393194636,,,,0.0002734495251327722,,
85401973fffffff,CHN,20,20,20,True,20,0.0052295118563134005,0.0052295118563134005,0.04491142231372025,0.03968191045740684,0.007043068037327044,0.007043068037327044,0.05337480896580925,0.046331740928482204,0.008689488310805488,0.008689488310805488,0.02576508426646758,0.017075595955662094,0.015530718167544134,0.015530718167544134,0.03656308497979122,0.021032366812247093
8540214ffffffff,CHN,14,18,16,False,20,,1.4545489337044045e-05,,,,2.138095558003868e-05,,,,-1.6159376700974493e-05,,,,-1.475758092578075e-05,,
8540240bfffffff,CHN,2,5,8,False,20,,-3.582862699477276e-05,,,,-3.874888963823042e-05,,,,-9.909977762009902e-05,,,,-0.00011318567884242743,,
8540260bfffffff,CHN,0,1,0,False,20,,,,,,,,,,,,,,,,
8540315bfffffff,CHN,0,1,1,False,20,,,,,,,,,,,,,,,,
85403287fffffff,CHN,20,20,20,True,20,0.00013287204736000746,0.00013287204736000746,0.0006406589672953141,0.0005077869199353065,0.00016958562903658672,0.00016958562903658672,0.0007621418315161977,0.000592556202479611,0.000295146446427865,0.000295146446427865,0.00039211373478864576,9.696728836078071e-05,0.0004545201095757027,0.0004545201095757027,0.0005721620550169502,0.00011764194544124753
8540330ffffffff,CHN,7,11,12,False,20,,-4.860515157944906e-05,,,,-5.0814377799797955e-05,,,,-3.4482178534902905e-05,,,,-1.322598406259414e-05,,
8540347bfffffff,CHN,14,15,18,False,20,,6.127437319590331e-05,,,,7.951966525047025e-05,,,,7.396563935562272e-06,,,,1.6079792913045775e-05,,
85403627fffffff,CHN,0,0,1,False,20,,,,,,,,,,,,,,,,
8540402ffffffff,CHN,11,13,15,False,20,,3.477205403734283e-05,,,,4.6896804074632384e-05,,,,0.00013826242899411974,,,,0.00019755550637933224,,
85404037fffffff,CHN,19,19,20,False,20,,6.831777627439543e-06,,,,1.3983941071027864e-05,,,,-0.0002538132423109785,,,,-0.00029625570230409464,,
85404d83fffffff,MMR,0,0,1,False,20,,,,,,,,,,,,,,,,
854051dbfffffff,CHN,0,1,0,False,20,,,,,,,,,,,,,,,,
8540544ffffffff,CHN,20,20,20,True,20,7.316153458828225e-05,7.316153458828225e-05,0.0008863932667490642,0.0008132317321607821,0.00010270945683968805,0.00010270945683968805,0.0010537097725490602,0.0009510003157093723,0.0019773221559239223,0.0019773221559239223,0.0024887616015174053,0.0005114394455934826,0.0030027896203135675,0.0030027896203135675,0.003636317604127186,0.0006335279838136187
85406043fffffff,CHN,0,2,1,False,20,,,,,,,,,,,,,,,,
854061b3fffffff,CHN,0,2,5,False,20,,,,,,,,,,,,,,,,
85406487fffffff,VNM,0,0,3,False,20,,,,,,,,,,,,,,,,
85406b0ffffffff,MMR,0,0,1,False,20,,,,,,,,,,,,,,,,
85406c97fffffff,MMR,0,1,2,False,20,,,,,,,,,,,,,,,,
8540706ffffffff,CHN,0,4,4,False,20,,,,,,,,,,,,,,,,
85407173fffffff,CHN,20,20,20,True,20,0.002309736673544251,0.002309736673544251,0.03365474103214637,0.03134500435860212,0.0033955704898140046,0.0033955704898140046,0.04001224072206612,0.03661667023225212,-0.0041014527103697945,-0.0041014527103697945,0.016445966952353,0.020547419662722798,-0.002562238496675282,-0.002562238496675282,0.02290782113133038,0.025470059628005658
85407177fffffff,CHN,11,13,18,False,20,,1.3756535912605857e-05,,,,2.0774108235948444e-05,,,,0.0002078236130606371,,,,0.00030359868402178667,,
854071b7fffffff,CHN,13,14,17,False,20,,2.416035447797279e-05,,,,3.3312965287424505e-05,,,,-4.355994425767995e-05,,,,-4.591661667698585e-05,,
8540824bfffffff,CHN,20,20,20,True,20,0.00024882174064589843,0.00024882174064589843,0.0018789466528633305,0.0016301249122174315,0.00032899398090424517,0.00032899398090424517,0.0022372770920942365,0.0019082831111899914,2.983522626225719e-05,2.983522626225719e-05,0.00030665191805898145,0.0002768166917967243,0.00010955050949812252,0.00010955050949812252,0.00045242452677992414,0.0003428740172818016
8540846ffffffff,CHN,20,20,20,True,20,8.219543492830864e-05,8.219543492830864e-05,0.0006697083942783041,0.0005875129593499955,0.0001096686232591152,0.0001096686232591152,0.000796529368082758,0.0006868607448236428,0.0001429445227527978,0.0001429445227527978,0.00016722674012966177,2.4282217376863968e-05,0.00022416751572570357,0.00022416751572570357,0.00025245530484791856,2.8287789122215006e-05
8540847bfffffff,CHN,1,4,8,False,20,,-1.3344086160567192e-05,,,,-1.2665154661480483e-05,,,,0.0,,,,0.0,,
8540852ffffffff,CHN,10,14,14,False,20,,3.047007955486319e-05,,,,6.018546951277577e-05,,,,-0.00014370639569771787,,,,-0.00018016098496619238,,
85408607fffffff,CHN,0,1,2,False,20,,,,,,,,,,,,,,,,
85408637fffffff,CHN,20,20,20,True,20,0.00022813138249359898,0.00022813138249359898,0.0010047092647707,0.0007765778822771007,0.00028613981182728837,0.00028613981182728837,0.0011940330810807666,0.0009078932692534782,-1.2757461959157518e-06,-1.2757461959157518e-06,3.990773332056286e-05,4.118347951647861e-05,4.550307277589687e-06,4.550307277589687e-06,5.5569139122896705e-05,5.101883184530702e-05
8540865bfffffff,CHN,13,16,17,False,20,,3.432795990523422e-05,,,,4.844501733294835e-05,,,,-8.718756490485097e-05,,,,-0.00011124174219605281,,
8540884ffffffff,CHN,0,0,2,False,20,,,,,,,,,,,,,,,,
8540885bfffffff,CHN,20,20,20,True,20,0.038157922048195084,0.038157922048195084,0.1473552117264842,0.10919728967828912,0.04752970127377501,0.04752970127377501,0.17494398312761078,0.12741428185383577,0.22544004812601387,0.22544004812601387,0.3524709116658024,0.12703086353978862,0.34513177761139346,0.34513177761139346,0.5026102393617163,0.1574784617503228
85408867fffffff,CHN,0,1,0,False,20,,,,,,,,,,,,,,,,
85409023fffffff,CHN,0,3,3,False,20,,,,,,,,,,,,,,,,
85409087fffffff,CHN,20,20,20,True,20,0.02893747817056825,0.02893747817056825,0.24254170826995264,0.2136042300993844,0.038628370873500725,0.038628370873500725,0.2882657526909238,0.24963738181742304,0.019236015433473745,0.019236015433473745,0.04760302092030682,0.028367005486833075,0.03265953453518859,0.03265953453518859,0.0678445235052505,0.03518498897006192
8540914bfffffff,CHN,20,20,20,True,20,-8.216881931606091e-05,-8.216881931606091e-05,0.002058544684164069,0.0021407135034801302,-5.4261931449123975e-05,-5.4261931449123975e-05,0.0024429597575830685,0.0024972216890321924,0.00012867864701005715,0.00012867864701005715,0.00043511988898289005,0.0003064412419728329,0.00023189389050895176,0.00023189389050895176,0.0006181439375497388,0.0003862500470407871
85409253fffffff,CHN,1,3,4,False,20,,2.2158024647281205e-05,,,,2.950096694150767e-05,,,,0.0,,,,0.0,,
8540928bfffffff,CHN,0,0,2,False,20,,,,,,,,,,,,,,,,
8540946bfffffff,CHN,4,11,9,False,20,,4.4793815038042614e-05,,,,5.6091133684828956e-05,,,,0.0,,,,0.0,,
8540956ffffffff,CHN,1,4,1,False,20,,0.0003372288551602317,,,,0.00040727169351425585,,,,0.0,,,,0.0,,
85409c33fffffff,CHN,20,20,20,True,20,0.00015876290447155075,0.00015876290447155075,0.001273848881132576,0.001115085976661025,0.00020978303432561755,0.00020978303432561755,0.0015117828184305468,0.0013019997841049295,7.019151907776827e-05,7.019151907776827e-05,0.0002904278195268429,0.0002202363004490746,0.00011935019011726599,0.00011935019011726599,0.0003965817753984766,0.00027723158528121056
85409cbbfffffff,CHN,3,5,9,False,20,,-1.3707211806645122e-06,,,,1.0095509912395985e-06,,,,0.0,,,,0.0,,
85409dc7fffffff,CHN,0,2,1,False,20,,,,,,,,,,,,,,,,
85409e77fffffff,CHN,20,20,20,True,20,-0.0002835840897528048,-0.0002835840897528048,0.004994982393117528,0.005278566482870332,-0.00023652048952364657,-0.00023652048952364657,0.005932108334622784,0.00616862882414643,0.00020933110657401604,0.00020933110657401604,0.00024943060945321774,4.009950287920172e-05,0.0003041630694090366,0.0003041630694090366,0.0003542411248922058,5.0078055483169224e-05
8540a08bfffffff,CHN,0,0,1,False,20,,,,,,,,,,,,,,,,
8540a137fffffff,CHN,0,1,1,False,20,,,,,,,,,,,,,,,,
8540a31bfffffff,CHN,0,0,1,False,20,,,,,,,,,,,,,,,,
8540a37bfffffff,CHN,0,4,2,False,20,,,,,,,,,,,,,,,,
8540a683fffffff,CHN,20,20,20,True,20,0.011806847334784626,0.011806847334784626,0.09581593499482664,0.08400908766004202,0.015722772548517405,0.015722772548517405,0.11396322058654888,0.09824044803803147,0.023169166777595774,0.023169166777595774,0.0578414624443613,0.034672295666765524,0.03984926087765951,0.03984926087765951,0.08281796606663676,0.04296870518897726
8540a69bfffffff,CHN,0,0,3,False,20,,,,,,,,,,,,,,,,
8540ad8ffffffff,CHN,0,0,1,False,20,,,,,,,,,,,,,,,,
8540b14bfffffff,CHN,0,1,0,False,20,,,,,,,,,,,,,,,,
8540b227fffffff,CHN,0,2,2,False,20,,,,,,,,,,,,,,,,
8540b303fffffff,CHN,0,1,0,False,20,,,,,,,,,,,,,,,,
8540b36ffffffff,CHN,4,9,9,False,20,,0.00012886504571609154,,,,0.00015632968707189778,,,,0.0,,,,0.0,,
8540b667fffffff,CHN,4,7,9,False,20,,0.0001381473134966625,,,,0.0001689441683268694,,,,0.0,,,,0.0,,
8540c493fffffff,CHN,20,20,20,True,20,0.0004950035028581103,0.0004950035028581103,0.002773093443445788,0.0022780899405876773,0.0006380152934924606,0.0006380152934924606,0.0032948757612091483,0.002656860467716688,0.0018082906223765374,0.0018082906223765374,0.0033640490522097734,0.0015557584298332358,0.0029162649815235634,0.0029162649815235634,0.004836646407134539,0.001920381425610974
8540c497fffffff,CHN,0,1,0,False,20,,,,,,,,,,,,,,,,
8540c4d3fffffff,CHN,20,20,20,True,20,-5.70326382188443e-05,-5.70326382188443e-05,0.0018990440949495466,0.001956076733168391,-2.9456752328260765e-05,-2.9456752328260765e-05,0.0022580046718550526,0.0022874614241833132,-0.0021674599022617497,-0.0021674599022617497,0.0024167603854582794,0.004584220287720029,-0.0023332157707717394,-0.0023332157707717394,0.003381603767507909,0.005714819538279649
8540e097fffffff,CHN,17,20,17,False,20,,9.552703959448793e-05,,,,0.00012330908123548892,,,,0.00018293975111010458,,,,0.0003012003309189204,,
8540e167fffffff,CHN,0,2,0,False,20,,,,,,,,,,,,,,,,
8540e1c7fffffff,CHN,20,20,20,True,20,0.00018340250000161408,0.00018340250000161408,0.0015279656013893219,0.0013445631013877077,0.0002464012670556712,0.0002464012670556712,0.00181558166277043,0.0015691803957147588,0.0002156807341575871,0.0002156807341575871,0.0009695727131252442,0.0007538919789676573,0.00045851626218960777,0.00045851626218960777,0.001392228221357974,0.0009337119591683663
8540e3cffffffff,CHN,20,20,20,True,20,0.009605442340211795,0.009605442340211795,0.11693377280446837,0.10732833046425656,0.012288368179249758,0.012288368179249758,0.13385266123177653,0.12156429305252678,0.028064967604605213,0.028064967604605213,0.14639680496850438,0.11833183736389916,0.056542565083340976,0.056542565083340976,0.20140103195332,0.14485846686997902
8540e417fffffff,CHN,1,5,6,False,20,,9.336946130438039e-05,,,,0.0001069976848763129,,,,0.0,,,,0.0,,
8540e45bfffffff,CHN,0,3,1,False,20,,,,,,,,,,,,,,,,
8540e46ffffffff,CHN,17,19,18,False,20,,6.095893518297483e-05,,,,7.84760261539868e-05,,,,3.4921514595212064e-05,,,,5.408895540004825e-05,,
8540e5d7fffffff,CHN,0,0,1,False,20,,,,,,,,,,,,,,,,
8540e60bfffffff,CHN,2,4,4,False,20,,-1.2826771166863347e-06,,,,3.329945326834588e-06,,,,0.0,,,,0.0,,
8540f403fffffff,CHN,0,1,1,False,20,,,,,,,,,,,,,,,,
8540f5bbfffffff,CHN,20,20,20,True,20,7.388829995707778e-05,7.388829995707778e-05,0.0007236788715720158,0.0006497905716149382,0.00010104986608339501,0.00010104986608339501,0.0008621978021469568,0.0007611479360635619,0.00020679725710278225,0.00020679725710278225,0.0003420751475525541,0.00013527789044977186,0.0003236697324137197,0.0003236697324137197,0.0004954609224715808,0.00017179119005786094
8541034bfffffff,HKG,20,20,20,True,20,0.05699687657881625,0.05699687657881625,0.3668410924563033,0.3098442158774871,0.05940067834270367,0.05940067834270367,0.3446769104852835,0.2852762321425798,0.20879906717743402,0.20879906717743402,0.43000566040077703,0.22120659322334307,0.11948817969056394,0.11948817969056394,0.2129463734149525,0.09345819372438859
85410367fffffff,MAC,20,20,20,True,20,0.0020638183070904393,0.0020638183070904393,0.013797734869482003,0.011733916562391564,0.0027190671881648118,0.0027190671881648118,0.016248203868561493,0.013529136680396677,0.0010437306007761672,0.0010437306007761672,0.008072660279668577,0.007028929678892409,0.0027795923229160693,0.0027795923229160693,0.011186717357559578,0.00840712503464351
8541036ffffffff,CHN,19,19,20,False,20,,-0.00010957092932996938,,,,-0.00011759819777953057,,,,-0.0004569292740390504,,,,-0.000560290239964183,,
8541084bfffffff,CHN,0,4,4,False,20,,,,,,,,,,,,,,,,
8541095bfffffff,CHN,8,12,13,False,20,,0.0001420478086391144,,,,0.0001901776965804352,,,,0.00021996769180707485,,,,0.0004141331937964955,,
85411043fffffff,CHN,4,11,6,False,20,,7.49671081705987e-05,,,,9.911160363569512e-05,,,,0.0,,,,0.0,,
85411073fffffff,CHN,0,1,0,False,20,,,,,,,,,,,,,,,,
85411077fffffff,CHN,0,0,1,False,20,,,,,,,,,,,,,,,,
85411103fffffff,CHN,14,19,15,False,20,,0.00021059443833464106,,,,0.00025475175373573794,,,,0.0020056132514006536,,,,0.0030011336375518794,,
85411127fffffff,CHN,1,4,7,False,20,,0.00013957005149225202,,,,0.00016979050832150705,,,,0.00031502985352452426,,,,0.0004108186413519878,,
854112b3fffffff,CHN,20,20,20,True,20,0.00010147365281996801,0.00010147365281996801,0.0015765525339214604,0.001475078881101492,0.00014892509878667397,0.00014892509878667397,0.0018742321957691491,0.0017253070969824754,-4.890114885423731e-05,-4.890114885423731e-05,2.4685994154356587e-05,7.35871430085939e-05,-5.979654676752155e-05,-5.979654676752155e-05,3.150022995167865e-05,9.12967767192002e-05
85411893fffffff,CHN,3,9,8,False,20,,5.281849651969038e-05,,,,6.519219328443515e-05,,,,-6.606651841339934e-05,,,,-7.545711922828495e-05,,
854118abfffffff,CHN,0,0,2,False,20,,,,,,,,,,,,,,,,
854118b3fffffff,CHN,1,4,2,False,20,,2.7002797046705963e-06,,,,8.667507654191325e-06,,,,0.00044449108765257697,,,,0.0005557726474458543,,
854119c3fffffff,CHN,2,5,8,False,20,,0.00012153868040459668,,,,0.00014945368048479744,,,,0.0,,,,0.0,,
854119c7fffffff,CHN,2,7,3,False,20,,2.6674205259483844e-05,,,,3.484282086142933e-05,,,,0.0003935148748622698,,,,0.0005412192587461032,,
85411a77fffffff,CHN,0,3,3,False,20,,,,,,,,,,,,,,,,
85411c03fffffff,CHN,4,6,7,False,20,,-3.0346563279312937e-05,,,,-3.117416100236722e-05,,,,0.0,,,,0.0,,
85411c1bfffffff,CHN,0,1,0,False,20,,,,,,,,,,,,,,,,
85411c2ffffffff,CHN,20,20,20,True,20,3.131724265485877e-07,3.131724265485877e-07,0.0030997388527186547,0.0030994256802921055,7.333461845526728e-05,7.333461845526728e-05,0.003668277727356852,0.0035949431089015845,0.0018462719849387777,0.0018462719849387777,0.005041984818314515,0.0031957128333757376,0.0034113903154883913,0.0034113903154883913,0.007624213726713428,0.004212823411225036
85411c37fffffff,CHN,0,0,1,False,20,,,,,,,,,,,,,,,,
85411c4ffffffff,CHN,20,20,20,True,20,9.551019774805437e-06,9.551019774805437e-06,0.0005332706244626886,0.0005237196046878831,2.1619441803515366e-05,2.1619441803515366e-05,0.0006332389386010502,0.000611619496797535,-0.0004971422044787353,-0.0004971422044787353,0.0002907320147572057,0.0007878742192359411,-0.0005393793377368235,-0.0005393793377368235,0.0004293031040851828,0.0009686824418220065
85411c67fffffff,CHN,0,0,2,False,20,,,,,,,,,,,,,,,,
85411c7bfffffff,CHN,0,1,2,False,20,,,,,,,,,,,,,,,,
85411c87fffffff,HKG,20,20,20,True,20,0.0035099447570378388,0.0035099447570378388,0.024104359918051807,0.020594415161013967,0.004447388876125296,0.004447388876125296,0.027006917177233865,0.02255952830110857,0.006416272606230762,0.006416272606230762,0.013448953273819028,0.007032680667588264,0.006078678065865335,0.006078678065865335,0.012318100714170332,0.006239422648304997
85411ca3fffffff,HKG,20,20,20,True,20,0.0037513609431761596,0.0037513609431761596,0.025275027605392165,0.021523666662216005,0.004807293667431305,0.004807293667431305,0.029772112885073955,0.02496481921764265,0.005175853674527286,0.005175853674527286,0.011418348488151358,0.006242494813624074,0.008375277334828067,0.008375277334828067,0.016207894463613672,0.007832617128785607
85411cabfffffff,CHN,20,20,20,True,20,0.041968885331148634,0.041968885331148634,0.3245982596468781,0.28262937431572943,0.05140937500350057,0.05140937500350057,0.3697225537509362,0.3183131787474357,0.08907252765896122,0.08907252765896122,0.2598645899143075,0.17079206225534627,0.1345816756277462,0.1345816756277462,0.3378996785368885,0.20331800290914237
85411caffffffff,CHN,20,20,20,True,20,0.00029361011640581313,0.00029361011640581313,0.0012168642710229966,0.0009232541546171835,0.000369781920062458,0.000369781920062458,0.0014458722151560923,0.0010760902950936347,0.00014886316281168465,0.00014886316281168465,0.0002414680148136927,9.260485200200802e-05,0.0002387920519846569,0.0002387920519846569,0.00035287314795032486,0.00011408109596566798
85411cb3fffffff,HKG,20,20,20,True,20,0.0014614296008968793,0.0014614296008968793,0.014460730985647124,0.012999301384750242,0.0017101335419057238,0.0017101335419057238,0.014829727442513593,0.01311959390060787,0.0014225768704995148,0.0014225768704995148,0.00676584579355622,0.005343268923056707,0.0018314255309213323,0.0018314255309213323,0.006949513498128829,0.005118087967207497
85411cb7fffffff,HKG,20,20,20,True,20,0.00670344167031543,0.00670344167031543,0.04783769631139693,0.04113425464108151,0.005512972809166846,0.005512972809166846,0.03496435131937703,0.029451378510210187,0.011388774789585705,0.011388774789585705,0.036613580705417516,0.02522480591583181,0.010384663743073109,0.010384663743073109,0.030479644487545303,0.02009498074447219
85411cbbfffffff,HKG,20,20,20,True,20,0.0014035929675861067,0.0014035929675861067,0.00731843484807016,0.005914841880484052,0.0017954093135924766,0.0017954093135924766,0.008676094946084695,0.006880685632492218,0.003159229609442719,0.003159229609442719,0.005039337658474522,0.001880108049031803,0.004893259263918111,0.004893259263918111,0.007224760255713085,0.0023315009917949736
85411d03fffffff,CHN,1,4,3,False,20,,-1.604167639944411e-05,,,,-1.3380714298010562e-05,,,,0.0,,,,0.0,,
85411d0ffffffff,CHN,1,5,8,False,20,,-3.0167023389889415e-05,,,,-2.7279488685541965e-05,,,,0.0006020060144148391,,,,0.0007611819681218482,,
85411d4bfffffff,CHN,0,1,0,False,20,,,,,,,,,,,,,,,,
85411d4ffffffff,CHN,20,20,20,True,20,0.004651410088695661,0.004651410088695661,0.03769447319922034,0.033043063110524684,0.004227851187389886,0.004227851187389886,0.03266144108262975,0.028433589895239874,0.01672744923268685,0.01672744923268685,0.04174626942547445,0.025018820192787606,0.016381055955642484,0.016381055955642484,0.042444186553250725,0.02606313059760824
85411d7bfffffff,CHN,20,20,20,True,20,8.150083000804972e-05,8.150083000804972e-05,0.001550288175497979,0.0014687873454899297,0.00013731906722862377,0.00013731906722862377,0.0018332378762266767,0.0016959188089980526,-3.217076977611904e-05,-3.217076977611904e-05,0.0007796354575150993,0.0008118062272912182,0.00010893302869731804,0.00010893302869731804,0.0010944122446362573,0.0009854792159389393
85411dc7fffffff,CHN,20,20,20,True,20,8.783170620801738e-05,8.783170620801738e-05,0.0005432942764890898,0.0004554625702810723,0.00011444798506424081,0.00011444798506424081,0.0006462592826270636,0.0005318112975628228,0.0008324515342726489,0.0008324515342726489,0.0013542896771133216,0.000521838142840673,0.0013291351578675584,0.0013291351578675584,0.001985838467751003,0.0006567033098834448
85411e1bfffffff,CHN,15,15,19,False,20,,3.662353075802845e-05,,,,4.716612033088045e-05,,,,0.002094925903434993,,,,0.003513138694722544,,
8541414bfffffff,VNM,20,20,20,True,20,9.153794387486427e-07,9.153794387486427e-07,0.0004350273323077414,0.0004341119528689928,2.7071839217796966e-05,2.7071839217796966e-05,0.0005083240440937563,0.00048125220487595924,0.0006158077266435288,0.0006158077266435288,0.0011256345582544849,0.0005098268316109562,0.0010096761738770453,0.0010096761738770453,0.0015045743458888977,0.0004948981720118526
85414183fffffff,VNM,0,0,1,False,20,,,,,,,,,,,,,,,,
8541422bfffffff,VNM,20,20,20,True,20,-0.000190319606079514,-0.000190319606079514,0.0018242116480424858,0.0020145312541220003,-3.6331350025624155e-05,-3.6331350025624155e-05,0.00214778033180139,0.0021841116818270136,0.0034218022823163732,0.0034218022823163732,0.007383510418497956,0.003961708136181584,0.006539379856554515,0.006539379856554515,0.010364994682203676,0.0038256148256491608
85414243fffffff,VNM,0,0,2,False,20,,,,,,,,,,,,,,,,
85414247fffffff,VNM,17,18,19,False,20,,2.2058246883699547e-05,,,,1.974162677057118e-05,,,,0.0004088138090632338,,,,0.0006769438932570674,,
85414263fffffff,VNM,0,0,1,False,20,,,,,,,,,,,,,,,,
8541430bfffffff,VNM,16,17,19,False,20,,1.7202986657061993e-06,,,,7.241404573711737e-06,,,,-0.0007578360832268409,,,,-0.0009300485009255462,,
85414313fffffff,VNM,14,18,16,False,20,,3.4792769270716066e-06,,,,1.2370442662264191e-05,,,,0.0006143588558978619,,,,0.001019527220977767,,
8541434ffffffff,VNM,0,1,0,False,20,,,,,,,,,,,,,,,,
85414357fffffff,VNM,0,0,1,False,20,,,,,,,,,,,,,,,,
8541436bfffffff,VNM,18,18,20,False,20,,0.00013881043843896494,,,,0.0001808355881034931,,,,0.0009199407767944932,,,,0.0015434017706240704,,
85414387fffffff,VNM,0,1,1,False,20,,,,,,,,,,,,,,,,
854143cbfffffff,VNM,11,14,15,False,20,,4.02169092334979e-06,,,,1.0196519750346002e-05,,,,-0.00015446573300777859,,,,-0.000172217220207318,,
854143cffffffff,VNM,17,17,20,False,20,,4.851565510749269e-06,,,,2.5375290130592907e-05,,,,-0.0002938373452510256,,,,-0.0002923760822075316,,
8541452ffffffff,VNM,20,20,20,True,20,-4.439017850895552e-05,-4.439017850895552e-05,0.0004425755843643187,0.0004869657628732742,-6.081865124567612e-05,-6.081865124567612e-05,0.0005074400687707224,0.0005682587200163984,8.877350640403773e-05,8.877350640403773e-05,0.0015509432914093241,0.0014621697850052862,0.0002681680182987239,0.0002681680182987239,0.0020935650113753186,0.0018253969930765942
85414537fffffff,VNM,0,0,1,False,20,,,,,,,,,,,,,,,,
854145affffffff,VNM,0,1,7,False,20,,,,,,,,,,,,,,,,
8541490ffffffff,LAO,1,5,3,False,20,,8.087066306801418e-06,,,,1.0150217754267108e-05,,,,-0.0012622490754025523,,,,-0.0015544363613753654,,
85414a47fffffff,VNM,4,5,18,False,20,,-7.798640696719879e-05,,,,-9.037428746243675e-05,,,,-0.0008939926348798057,,,,-0.0010977732394732386,,
85414d97fffffff,THA,1,3,2,False,20,,8.087066306801418e-06,,,,1.0150217754267108e-05,,,,0.0008015775045289129,,,,0.0011417610522469859,,
854150abfffffff,CHN,0,2,0,False,20,,,,,,,,,,,,,,,,
8541512ffffffff,VNM,1,5,6,False,20,,2.58846305136272e-05,,,,4.830977495953623e-05,,,,-0.000619252478006054,,,,-0.0006643147158872046,,
854153cbfffffff,CHN,20,20,20,True,20,0.006180998751846006,0.006180998751846006,0.05500662754284865,0.048825628791002655,0.00837955531976454,0.00837955531976454,0.0654219430997279,0.05704238777996336,0.014453546657954152,0.014453546657954152,0.0416924218464078,0.027238875188453644,0.025872220735515317,0.025872220735515317,0.059340537345644796,0.03346831661012948
85415657fffffff,CHN,0,0,1,False,20,,,,,,,,,,,,,,,,
854158b3fffffff,VNM,1,2,5,False,20,,0.00015735384289186736,,,,0.00019209776031846939,,,,0.00015751492676226213,,,,0.0002054093206759939,,
854158d7fffffff,VNM,0,2,1,False,20,,,,,,,,,,,,,,,,
85415963fffffff,VNM,10,15,11,False,20,,0.00020471926644269247,,,,0.00024811381125932274,,,,0.001737718247702216,,,,0.0024922697702158287,,
85415993fffffff,VNM,0,1,1,False,20,,,,,,,,,,,,,,,,
85415b77fffffff,CHN,5,8,11,False,20,,7.5620868169171245e-06,,,,1.108738106435912e-05,,,,-0.00010517407529004169,,,,-8.095805407060648e-05,,
85415b9bfffffff,VNM,8,13,13,False,20,,6.171177612209136e-05,,,,7.952470437679004e-05,,,,-0.00030285306241752455,,,,-0.00037157242165036114,,
85415c17fffffff,VNM,18,18,20,False,20,,-1.979402067682911e-05,,,,-1.7530437641084406e-05,,,,-0.0006240324728378685,,,,-0.0007849149005963176,,
85415c33fffffff,VNM,0,0,1,False,20,,,,,,,,,,,,,,,,
85415c3bfffffff,VNM,19,20,19,False,20,,0.00010940170822284882,,,,0.0001408835249337125,,,,0.0015669283436700906,,,,0.002504057380461401,,
85415c83fffffff,VNM,1,4,3,False,20,,5.335137419884598e-05,,,,6.69217559908869e-05,,,,0.00015751492676226213,,,,0.0002054093206759939,,
85415c97fffffff,VNM,20,20,20,True,20,-8.061041059815998e-05,-8.061041059815998e-05,0.00031579148839677793,0.0003964018989949379,-8.267121051807745e-05,-8.267121051807745e-05,0.00036994429035928987,0.0004526155008773673,-0.00028479083288610523,-0.00028479083288610523,0.0009999604942909665,0.001284751327177072,-0.00025585009150095743,-0.00025585009150095743,0.0013566460045961889,0.0016124960960971467
85415ca3fffffff,VNM,0,1,1,False,20,,,,,,,,,,,,,,,,
85415ca7fffffff,VNM,1,5,3,False,20,,1.585720669306328e-05,,,,2.326983590004902e-05,,,,-3.9198846152200444e-05,,,,-5.129167002827729e-06,,
85415cb7fffffff,VNM,20,20,20,True,20,0.0032854903661563564,0.0032854903661563564,0.03450411844498347,0.03121862807882711,0.003812267135967875,0.003812267135967875,0.03654537532929221,0.03273310819332435,0.046561150464693446,0.046561150464693446,0.1046869410853855,0.058125790620692064,0.06913324446526622,0.06913324446526622,0.13494672358183774,0.06581347911657148
85415cbbfffffff,VNM,20,20,20,True,20,-7.024429247687953e-05,-7.024429247687953e-05,0.00037915850954221836,0.00044940280201909795,8.529369529303526e-05,8.529369529303526e-05,0.00041760237691869037,0.00033230868162565513,-0.000518872335205163,-0.000518872335205163,0.0016649055951683863,0.002183777930373549,0.0007748865100526243,0.0007748865100526243,0.0022292892513245464,0.0014544027412719217
85415d63fffffff,VNM,7,10,14,False,20,,-9.20424196768512e-06,,,,-3.4726602123473694e-06,,,,-0.0003958011780200243,,,,-0.00043875549226976703,,
85415d93fffffff,VNM,3,9,7,False,20,,1.4173732866896695e-05,,,,1.9616959071136947e-05,,,,0.0,,,,0.0,,
85415dcffffffff,VNM,18,18,20,False,20,,4.133431529604685e-05,,,,4.959356146092595e-05,,,,0.0003281434198196771,,,,0.0005134560633458133,,
85415dd3fffffff,VNM,0,0,1,False,20,,,,,,,,,,,,,,,,
85415ddbfffffff,VNM,19,20,19,False,20,,-5.7845262643017136e-05,,,,-5.6121249170102005e-05,,,,0.0005138267723949038,,,,0.0010764244517348037,,
85415e3bfffffff,VNM,1,2,2,False,20,,-6.601920940619013e-05,,,,-7.962730409174999e-05,,,,-0.0004756830809041784,,,,-0.0005917790060479814,,
854160a3fffffff,VNM,19,19,20,False,20,,0.00014864347321522442,,,,6.624123929154881e-05,,,,0.002015106193236582,,,,0.002368975267095493,,
85416153fffffff,VNM,2,5,6,False,20,,5.471190589590565e-05,,,,7.132162021251676e-05,,,,0.00040771849882028895,,,,0.0006359702788999803,,
8541642ffffffff,VNM,20,20,20,True,20,0.00011936202970130321,0.00011936202970130321,0.002369679500777185,0.0022503174710758822,0.0001881972884902722,0.0001881972884902722,0.002809351413449402,0.00262115412495913,0.004171742491546312,0.004171742491546312,0.008292050175809033,0.00412030768426272,0.006687969971427521,0.006687969971427521,0.011738519462126108,0.005050549490698584
85416437fffffff,VNM,4,8,7,False,20,,-7.510468955285734e-06,,,,-3.777553800745369e-06,,,,-3.282973629655729e-05,,,,2.720308468317569e-05,,
854164a3fffffff,VNM,5,11,10,False,20,,8.006653038775752e-05,,,,0.00010000283172961654,,,,0.0003012541606867215,,,,0.0004747287407152645,,
85416817fffffff,THA,0,0,2,False,20,,,,,,,,,,,,,,,,
85416827fffffff,THA,20,20,20,True,20,5.486374972602391e-05,5.486374972602391e-05,0.000432613640280123,0.0003777498905540991,7.345004533846204e-05,7.345004533846204e-05,0.0005144828998124692,0.00044103285447400723,-0.0005908491784396479,-0.0005908491784396479,0.000308647556797659,0.000899496735237307,-0.0007355852909063158,-0.0007355852909063158,0.0004259874237267343,0.0011615727146330503
85416863fffffff,THA,0,3,0,False,20,,,,,,,,,,,,,,,,
85416873fffffff,THA,18,20,18,False,20,,5.061462757709954e-05,,,,6.344616283658905e-05,,,,0.00030048878246980365,,,,0.000446108453271579,,
854168affffffff,THA,0,2,1,False,20,,,,,,,,,,,,,,,,
854168bbfffffff,THA,0,0,1,False,20,,,,,,,,,,,,,,,,
8541692ffffffff,THA,0,1,0,False,20,,,,,,,,,,,,,,,,
85416947fffffff,THA,0,3,0,False,20,,,,,,,,,,,,,,,,
8541694ffffffff,THA,0,0,2,False,20,,,,,,,,,,,,,,,,
85416957fffffff,THA,3,9,4,False,20,,4.994393229461872e-05,,,,6.359380274057521e-05,,,,0.0011378930630823348,,,,0.0017050215560601757,,
8541696bfffffff,THA,0,3,3,False,20,,,,,,,,,,,,,,,,
85416997fffffff,THA,0,0,1,False,20,,,,,,,,,,,,,,,,
854169b3fffffff,THA,9,14,13,False,20,,4.175075293067058e-05,,,,5.478984415974093e-05,,,,0.0004481785794051612,,,,0.0006342980583047179,,
854169b7fffffff,THA,1,1,2,False,20,,1.3259451474938058e-05,,,,1.959431743133877e-05,,,,-0.000439363450233302,,,,-0.0005411841108345059,,
854169cbfffffff,THA,2,2,12,False,20,,1.363571468039821e-05,,,,1.8959277269503716e-05,,,,0.0,,,,0.0,,
854169d7fffffff,THA,0,0,1,False,20,,,,,,,,,,,,,,,,
85416b3bfffffff,THA,0,0,3,False,20,,,,,,,,,,,,,,,,
85416b67fffffff,THA,0,1,2,False,20,,,,,,,,,,,,,,,,
85416b87fffffff,THA,0,0,1,False,20,,,,,,,,,,,,,,,,
85416b8ffffffff,THA,0,1,0,False,20,,,,,,,,,,,,,,,,
85416d07fffffff,THA,0,0,1,False,20,,,,,,,,,,,,,,,,
85416d4bfffffff,LAO|THA,16,17,17,False,20,,4.522498983598358e-05,,,,5.884035078885836e-05,,,,0.0007254174614145692,,,,0.0010362713937264695,,
85416d93fffffff,THA,0,0,1,False,20,,,,,,,,,,,,,,,,
85416dabfffffff,THA,0,0,15,False,20,,,,,,,,,,,,,,,,
85416daffffffff,THA,0,1,1,False,20,,,,,,,,,,,,,,,,
85416edbfffffff,VNM,3,10,6,False,20,,2.7464636788244473e-05,,,,3.595544766909145e-05,,,,6.780901117019315e-05,,,,0.0003000232179634907,,
854170a3fffffff,CHN,0,2,1,False,20,,,,,,,,,,,,,,,,
8541710bfffffff,CHN,1,1,2,False,20,,2.2158024647281205e-05,,,,2.950096694150767e-05,,,,0.0,,,,0.0,,
8541728bfffffff,CHN,20,20,20,True,20,0.0030303784275303577,0.0030303784275303577,0.02896311897492233,0.025932740547391975,0.0041212180509638905,0.0041212180509638905,0.0344713217622244,0.030350103711260505,0.05061023813363601,0.05061023813363601,0.11109259596772203,0.06048235783408602,0.08510237283373388,0.08510237283373388,0.16200400320319114,0.07690163036945726
854172a7fffffff,CHN,0,1,0,False,20,,,,,,,,,,,,,,,,
8541746bfffffff,CHN,0,0,1,False,20,,,,,,,,,,,,,,,,
8541750bfffffff,CHN,15,18,17,False,20,,1.8030792796321134e-05,,,,2.6977469939642386e-05,,,,-0.00012046785498953877,,,,-0.00014805071375459928,,
85417637fffffff,CHN,11,11,14,False,20,,-0.006028123399236546,,,,-0.006361108803157262,,,,-0.031016494639213597,,,,-0.022092110640781006,,
854182c3fffffff,CHN,2,10,9,False,20,,-0.0001628919590463942,,,,-0.00018923546827666048,,,,-0.0002790147431390275,,,,-0.0003570153516601214,,
8541832bfffffff,CHN,0,0,1,False,20,,,,,,,,,,,,,,,,
8541832ffffffff,CHN,20,20,20,True,20,0.004330332994294032,0.004330332994294032,0.033559410823412655,0.029229077829118634,0.005764240018187818,0.005764240018187818,0.039923531901778775,0.03415929188359095,0.004176827473475425,0.004176827473475425,0.015484692978497023,0.011307865505021598,0.008156164336031776,0.008156164336031776,0.022125887121638783,0.013969722785607005
854184d7fffffff,CHN,20,20,20,True,20,-1.4899853644613536e-05,-1.4899853644613536e-05,0.002035905936115175,0.002050805789759788,2.401457823483775e-05,2.401457823483775e-05,0.002422097580573853,0.002398083002339015,3.4429313873022616e-05,3.4429313873022616e-05,0.000795440687470695,0.0007610113735976725,0.00017284128348183243,0.00017284128348183243,0.001114837849328993,0.0009419965658471608
85418893fffffff,CHN,4,11,9,False,20,,-1.178633038590867e-05,,,,-7.76508816542368e-06,,,,0.0,,,,0.0,,
854188b7fffffff,CHN,0,2,1,False,20,,,,,,,,,,,,,,,,
85418903fffffff,CHN,20,20,20,True,20,0.008283263348526478,0.008283263348526478,0.05842052573288733,0.05013726238436085,0.010871430216215457,0.010871430216215457,0.06946211899228014,0.05859068877606468,0.05351688858104224,0.05351688858104224,0.07659556570364034,0.023078677122598097,0.08536837706148334,0.08536837706148334,0.11385191766530327,0.02848354060381993
85418983fffffff,CHN,20,20,20,True,20,7.561219396061244e-05,7.561219396061244e-05,0.0010709730127819313,0.0009953608188213187,0.00010837660797793358,0.00010837660797793358,0.0012739157384861412,0.001165539130508208,0.00024163046850546183,0.00024163046850546183,0.0003318904127678222,9.025994426236038e-05,0.0003462610199517608,0.0003462610199517608,0.0004509538170724489,0.0001046927971206881
854189bbfffffff,CHN,8,10,13,False,20,,-5.5228538614466864e-05,,,,-6.341369257155414e-05,,,,-6.199335927135485e-05,,,,-7.229842476192129e-05,,
85418b77fffffff,CHN,20,20,20,True,20,5.790240846763765e-05,5.790240846763765e-05,0.0003628183146345117,0.00030491590616687407,7.49314829611709e-05,7.49314829611709e-05,0.0004315504001329613,0.0003566189171717904,-3.7819791505270774e-05,-3.7819791505270774e-05,5.006883447733531e-05,8.788862598260608e-05,-4.6296642336960746e-05,-4.6296642336960746e-05,6.227952117518121e-05,0.00010857616351214196
85418c87fffffff,CHN,17,17,20,False,20,,7.19057306475198e-05,,,,9.469527411561024e-05,,,,1.5776152402260682e-05,,,,3.367820045450644e-05,,
85418d47fffffff,CHN,12,13,12,False,20,,5.5149920912098644e-05,,,,7.09738221928841e-05,,,,2.3914680074192902e-05,,,,2.919694389748836e-05,,
8541947bfffffff,CHN,0,3,2,False,20,,,,,,,,,,,,,,,,
85419543fffffff,CHN,20,20,20,True,20,0.0003904688967425854,0.0003904688967425854,0.0026064427800127827,0.0022159738832701974,0.0005066611796688626,0.0005066611796688626,0.0031006098628809037,0.0025939486832120408,0.0009289189763209674,0.0009289189763209674,0.0014389005988247432,0.0005099816225037758,0.001427991062504455,0.001427991062504455,0.00206688763940695,0.0006388965769024951
85419657fffffff,CHN,0,1,1,False,20,,,,,,,,,,,,,,,,
8541968ffffffff,CHN,11,13,17,False,20,,5.4508017974049814e-05,,,,7.335942319324934e-05,,,,9.631688524299595e-05,,,,0.00010696274369652428,,
85419957fffffff,CHN,0,0,1,False,20,,,,,,,,,,,,,,,,
8541995bfffffff,CHN,0,0,1,False,20,,,,,,,,,,,,,,,,
85419973fffffff,CHN,8,14,12,False,20,,4.9120704960056256e-05,,,,6.161615490339092e-05,,,,0.00024088468652057056,,,,0.0003014467651580136,,
85419cc3fffffff,CHN,3,8,7,False,20,,-6.259306565485237e-06,,,,-5.788867134170758e-06,,,,0.0,,,,0.0,,
85419d4bfffffff,CHN,20,20,20,True,20,5.4918322153382975e-05,5.4918322153382975e-05,0.000434138892290317,0.0003792205701369339,7.236548938224945e-05,7.236548938224945e-05,0.0005165039707191471,0.0004441384813368977,-1.0853019794200114e-05,-1.0853019794200114e-05,8.55924315043136e-05,9.644545129851371e-05,-1.7032825464002344e-05,-1.7032825464002344e-05,0.00010643540638550181,0.00012346823184950415
85419e4bfffffff,CHN,0,0,1,False,20,,,,,,,,,,,,,,,,
85419e73fffffff,CHN,0,0,1,False,20,,,,,,,,,,,,,,,,
8541a087fffffff,CHN,0,1,1,False,20,,,,,,,,,,,,,,,,
8541a0c3fffffff,CHN,20,20,20,True,20,0.0016830641798849673,0.0016830641798849673,0.020105089199088412,0.018422025019203446,0.002351285219196594,0.002351285219196594,0.02392294078792978,0.021571655568733188,0.001585934351703465,0.001585934351703465,0.004414577657333309,0.0028286433056298444,0.0028690222195303762,0.0028690222195303762,0.006378475152139429,0.003509452932609053
8541a0d7fffffff,CHN,0,1,1,False,20,,,,,,,,,,,,,,,,
8541a0dbfffffff,CHN,0,1,0,False,20,,,,,,,,,,,,,,,,
8541a10ffffffff,CHN,20,20,20,True,20,0.00013117390358940398,0.00013117390358940398,0.0007736527904730166,0.0006424788868836126,0.00016912498328985247,0.00016912498328985247,0.0009197852736925922,0.0007506602904027396,3.9595297826553204e-05,3.9595297826553204e-05,0.000277778831836395,0.00023818353400984182,4.962899860594546e-05,4.962899860594546e-05,0.0003496190289919345,0.00029999003038598906
8541a34ffffffff,CHN,20,20,20,True,20,0.0003134685136878895,0.0003134685136878895,0.0024536030535091233,0.002140134539821234,0.00041622893748938743,0.00041622893748938743,0.002916514898822582,0.0025002859613331946,-0.0009888688465075032,-0.0009888688465075032,0.0003638365094905543,0.0013527053559980575,-0.001205507461371284,-0.001205507461371284,0.00048782347066282736,0.0016933309320341116
8541a54ffffffff,CHN,20,20,20,True,20,0.004145516376807106,0.004145516376807106,0.0512309631183821,0.047085446741575,0.005833307451937391,0.005833307451937391,0.06097494813006586,0.055141640678128476,0.010775634516016045,0.010775634516016045,0.023237635162971376,0.012462000646955332,0.017944245000280933,0.017944245000280933,0.03347068307811139,0.015526438077830473
8541a55bfffffff,TWN,0,2,2,False,20,,,,,,,,,,,,,,,,
8541a563fffffff,CHN,20,20,20,True,20,0.0005673343955554355,0.0005673343955554355,0.005125232594969515,0.0045578981994140785,0.0007697840657002249,0.0007697840657002249,0.006095209429330827,0.005325425363630602,-0.00042174337849597044,-0.00042174337849597044,0.0014283853588802759,0.0018501287373762464,-0.00032223605547400673,-0.00032223605547400673,0.0019939478181160196,0.0023161838735900266
8541a667fffffff,CHN,20,20,20,True,20,0.0005150457788322207,0.0005150457788322207,0.003974979553128142,0.003459933774295921,0.000683899419327557,0.000683899419327557,0.004727633697390566,0.004043734278063009,0.00027165769427960507,0.00027165769427960507,0.0011462553288984624,0.0008745976346188572,0.0005477827569248012,0.0005477827569248012,0.0016130102264113623,0.0010652274694865611
8541b1d3fffffff,CHN,20,20,20,True,20,0.000328875422206523,0.000328875422206523,0.0027686329078000474,0.0024397574855935236,0.00044227770830229977,0.00044227770830229977,0.0032941304160766503,0.002851852707774351,0.0009109991763872833,0.0009109991763872833,0.0016419440841899536,0.0007309449078026705,0.0014707005592449244,0.0014707005592449244,0.0023701593636469417,0.0008994588044020174
8541b28bfffffff,CHN,7,8,8,False,20,,0.00011850783896793398,,,,0.00015083479054170995,,,,6.922681975758654e-05,,,,0.00011849740012904024,,
8541b2cffffffff,CHN,20,20,20,True,20,0.001785258536423339,0.001785258536423339,0.01764321442113346,0.015857955884710118,0.002448478671758915,0.002448478671758915,0.020977539508192693,0.018529060836433776,-0.0008401058074744998,-0.0008401058074744998,0.0062743027274996185,0.007114408534974119,0.0001602379192284072,0.0001602379192284072,0.008868738730900546,0.008708500811672137
8541b533fffffff,CHN,20,20,20,True,20,0.0026620195508119974,0.0026620195508119974,0.024005690674338578,0.02134367112352658,0.0036065622715068858,0.0036065622715068858,0.028521877396892853,0.024915315125385973,0.001232389217792328,0.001232389217792328,0.011728432096170527,0.0104960428783782,0.003832019895916261,0.003832019895916261,0.016951755893148075,0.013119735997231813
85420047fffffff,PAK,0,0,1,False,20,,,,,,,,,,,,,,,,
8542282bfffffff,PAK,3,5,7,False,20,,-4.2280262821922654e-05,,,,-4.3495872736695496e-05,,,,3.3158078866778325e-05,,,,0.00013828559226725256,,
85424017fffffff,PAK,2,3,7,False,20,,0.0005476219395696162,,,,0.0006675360413424858,,,,0.00015268524116613438,,,,0.0002409888294686604,,
85424027fffffff,PAK,0,0,1,False,20,,,,,,,,,,,,,,,,
8542402ffffffff,PAK,0,0,3,False,20,,,,,,,,,,,,,,,,
85424047fffffff,PAK,0,0,1,False,20,,,,,,,,,,,,,,,,
8542406bfffffff,PAK,0,0,1,False,20,,,,,,,,,,,,,,,,
8542406ffffffff,PAK,0,0,3,False,20,,,,,,,,,,,,,,,,
8542410ffffffff,PAK,5,7,12,False,20,,-7.004126373532491e-05,,,,-7.604277601460886e-05,,,,0.00046329608659966025,,,,0.0006988546759108228,,
85424117fffffff,PAK,0,0,1,False,20,,,,,,,,,,,,,,,,
85424123fffffff,PAK,2,2,5,False,20,,-7.035640557953091e-05,,,,-7.926251700801732e-05,,,,0.00023847471461502408,,,,0.0004219492992637415,,
8542412ffffffff,PAK,0,0,2,False,20,,,,,,,,,,,,,,,,
85424153fffffff,PAK,20,20,20,True,20,-0.002433543832707735,-0.002433543832707735,0.002828375524093864,0.0052619193568016,-0.0027039120308861983,-0.0027039120308861983,0.003264086815886201,0.005967998846772399,-0.004256765484200643,-0.004256765484200643,0.020241260599531914,0.024498026083732558,-0.0019070311217045167,-0.0019070311217045167,0.028345317030999517,0.030252348152704035
854241a3fffffff,PAK,0,0,1,False,20,,,,,,,,,,,,,,,,
8542425bfffffff,PAK,14,14,20,False,20,,-0.00019775030773716567,,,,-0.00022107245809861162,,,,-0.0009958854468598208,,,,-0.0011151222559338417,,
8542428ffffffff,PAK,1,2,9,False,20,,2.1758559304070672e-05,,,,3.108420238800145e-05,,,,0.0020124373118891293,,,,0.0028273627551710363,,
85424303fffffff,PAK,20,20,20,True,20,-0.00040541582712747063,-0.00040541582712747063,0.0010010806392965542,0.0014064964664240248,-0.0004456652526735127,-0.0004456652526735127,0.0011904173029262297,0.0016360825555997425,0.0013226941038143735,0.0013226941038143735,0.007032034526761387,0.005709340422947015,0.0029661546429457066,0.0029661546429457066,0.009955612608175391,0.006989457965229684
85424317fffffff,PAK,0,0,1,False,20,,,,,,,,,,,,,,,,
854243abfffffff,PAK,0,1,1,False,20,,,,,,,,,,,,,,,,
854243cbfffffff,PAK,5,5,8,False,20,,-0.00021447192007642443,,,,-0.00023504525486754793,,,,-0.00023626399462340188,,,,-0.0001920365198486959,,
8542441bfffffff,PAK,0,2,4,False,20,,,,,,,,,,,,,,,,
8542453bfffffff,PAK,0,0,1,False,20,,,,,,,,,,,,,,,,
85424803fffffff,IND,8,9,18,False,20,,-0.0008803279361382173,,,,-0.001013252839943545,,,,-0.0009666514580599008,,,,-0.0009819636338883949,,
8542482bfffffff,IND,20,20,20,True,20,3.2356906531908595e-05,3.2356906531908595e-05,0.00046911094877660645,0.00043675404224469773,4.7137841623089586e-05,4.7137841623089586e-05,0.0005573688489272997,0.0005102310073042103,3.731941540325147e-06,3.731941540325147e-06,2.9421975862211004e-05,2.5690034321885855e-05,6.083755614379681e-06,6.083755614379681e-06,3.828220107343292e-05,3.2198445459053236e-05
85424843fffffff,IND,17,18,19,False,20,,-0.0003553576746209857,,,,-0.00040434592801594314,,,,-0.0013151617735526094,,,,-0.0014495685886324883,,
85424873fffffff,IND,3,10,8,False,20,,1.0260587131230908e-05,,,,2.0270721360967102e-05,,,,0.0004190877825439772,,,,0.0006078739907603922,,
85424883fffffff,PAK,0,0,1,False,20,,,,,,,,,,,,,,,,
854248d3fffffff,PAK,5,6,15,False,20,,3.604528839553648e-05,,,,4.955387165617934e-05,,,,-0.0001386194852028894,,,,-9.456407301262744e-05,,
85424903fffffff,IND,20,20,20,True,20,-2.7635937963472617e-05,-2.7635937963472617e-05,0.0015617226757354877,0.00158935861369896,3.5035326760926793e-06,3.5035326760926793e-06,0.0018573372177758886,0.0018538336850997955,-0.0009375151455460952,-0.0009375151455460952,0.0008436503226412765,0.0017811654681873716,-0.0011447210698203453,-0.0011447210698203453,0.0011026005140485516,0.002247321583868897
85424927fffffff,IND,20,20,20,True,20,-0.008693899666526153,-0.008693899666526153,0.03200939604480914,0.0407032957113353,-0.009390445392406882,-0.009390445392406882,0.038060271037406154,0.047450716429813036,-0.0171708349712541,-0.0171708349712541,0.05056448523137626,0.06773532020263036,-0.013998316211666037,-0.013998316211666037,0.06929235794041702,0.08329067415208308
8542492bfffffff,IND,0,0,2,False,20,,,,,,,,,,,,,,,,
8542493bfffffff,IND,1,4,2,False,20,,8.278337467704439e-05,,,,9.629093234447998e-05,,,,0.0,,,,0.0,,
85424953fffffff,IND,0,2,1,False,20,,,,,,,,,,,,,,,,
8542496bfffffff,IND,20,20,20,True,20,0.00021333548782213733,0.00021333548782213733,0.002723667112399024,0.002510331624576886,0.0003099707670883386,0.0003099707670883386,0.003239927908934467,0.002929957141846128,-0.00020204785515691906,-0.00020204785515691906,3.903480219887233e-05,0.00024108265735579138,-0.0002524165535353409,-0.0002524165535353409,4.901839629017166e-05,0.00030143494982551257
85424977fffffff,IND,1,4,4,False,20,,1.585720669306328e-05,,,,2.326983590004902e-05,,,,0.0,,,,0.0,,
854249a3fffffff,IND,0,3,2,False,20,,,,,,,,,,,,,,,,
854249a7fffffff,IND,20,20,20,True,20,0.0005173215788853755,0.0005173215788853755,0.007244110436623109,0.006726788857737734,0.0007599447698653477,0.0007599447698653477,0.008616724630402667,0.007856779860537318,0.00046177050484938096,0.00046177050484938096,0.004608136010149826,0.004146365505300445,0.00126350462002719,0.00126350462002719,0.006357565167449108,0.005094060547421918
854249affffffff,IND,19,19,20,False,20,,0.00010171373148249764,,,,0.00013136226996671865,,,,0.0004020987791697601,,,,0.0006644291837059217,,
854249cbfffffff,IND,1,3,10,False,20,,0.000271036419417771,,,,0.0003233121576437111,,,,0.0014882888274734812,,,,0.0018944616352992967,,
854249d3fffffff,IND,20,20,20,True,20,0.00021994567282481573,0.00021994567282481573,0.0009299460383124795,0.0007100003654876637,0.00027726222455781637,0.00027726222455781637,0.0011059500083358573,0.0008286877837780409,-0.00025453000410213805,-0.00025453000410213805,0.00029318446745382585,0.0005477144715559639,-0.00027005682083278907,-0.00027005682083278907,0.00039762971644766485,0.000667686537280454
85424a03fffffff,IND,0,0,1,False,20,,,,,,,,,,,,,,,,
85424aaffffffff,IND,12,14,16,False,20,,-2.725489003042101e-05,,,,-2.6987392963293783e-05,,,,-0.00012198756998644661,,,,-0.0001319038553617004,,
85424b0bfffffff,IND,19,20,19,False,20,,-2.3489035655241673e-05,,,,-1.1027584744786591e-05,,,,0.00025676859857557327,,,,0.0005260453164029941,,
85424b23fffffff,IND,0,2,4,False,20,,,,,,,,,,,,,,,,
85424b67fffffff,IND,20,20,20,True,20,0.0001941423260469756,0.0001941423260469756,0.0014967360200466209,0.0013025936939996452,0.0002571064692151241,0.0002571064692151241,0.0017803551062420164,0.001523248637026892,0.001192942636423951,0.001192942636423951,0.0017671194538420038,0.0005741768174180525,0.001830309536904727,0.001830309536904727,0.0025303246635081707,0.000700015126603444
85424b6ffffffff,IND,0,0,1,False,20,,,,,,,,,,,,,,,,
85424b77fffffff,IND,1,2,4,False,20,,-0.00012705227018253314,,,,-0.00014759303839951524,,,,-0.00042074969180085076,,,,-0.0005181454537917885,,
85424b97fffffff,IND,8,9,16,False,20,,-8.340473650629245e-05,,,,-8.583347212150352e-05,,,,0.0004672541386153774,,,,0.0008422250578567604,,
85424b9bfffffff,IND,0,0,2,False,20,,,,,,,,,,,,,,,,
85424bb7fffffff,IND,0,0,11,False,20,,,,,,,,,,,,,,,,
85424bcbfffffff,IND,16,17,18,False,20,,0.00010832229751040668,,,,0.00013581178129286217,,,,0.000365110694697009,,,,0.0005250258791785554,,
85424c07fffffff,PAK,0,10,2,False,20,,,,,,,,,,,,,,,,
85424c2bfffffff,PAK,5,5,19,False,20,,-0.00016597381737881874,,,,-0.00018708566166020994,,,,-0.0007455531058198272,,,,-0.0007874838279300587,,
85424c2ffffffff,PAK,0,0,3,False,20,,,,,,,,,,,,,,,,
85424c43fffffff,PAK,0,2,1,False,20,,,,,,,,,,,,,,,,
85424c73fffffff,PAK,18,18,20,False,20,,-0.0005200533474941081,,,,-0.0005792485416408799,,,,-0.002713938896433774,,,,-0.0029671494479687815,,
85424c8bfffffff,PAK,0,1,2,False,20,,,,,,,,,,,,,,,,
85424cb3fffffff,PAK,20,20,20,True,20,-0.0023887855713334107,-0.0023887855713334107,0.0030891572858524614,0.005477942857185872,-0.002680796903483712,-0.002680796903483712,0.003645976894933287,0.006326773798417,-0.001918202165420247,-0.001918202165420247,0.01969038306246385,0.021608585227884093,0.0011263938332549462,0.0011263938332549462,0.02736638895092709,0.026239995117672138
85424cbbfffffff,PAK,4,5,7,False,20,,3.8234698773332776e-05,,,,5.16864750683829e-05,,,,0.00018491197312386229,,,,0.0003633046431162074,,
85424ccbfffffff,PAK,1,1,5,False,20,,4.580961835137364e-05,,,,6.01018838195014e-05,,,,-0.00010140754149384323,,,,-8.449869151173895e-05,,
85424cd7fffffff,PAK,0,0,3,False,20,,,,,,,,,,,,,,,,
85424d07fffffff,PAK,20,20,20,True,20,-0.03394228620667455,-0.03394228620667455,0.036117001684915384,0.07005928789158994,-0.037916593645820604,-0.037916593645820604,0.042250726051667555,0.08016731969748815,-0.06441804912982833,-0.06441804912982833,0.2243085075363817,0.28872655666621,-0.039949750075624305,-0.039949750075624305,0.3093650273222793,0.3493147773979036
85424d0bfffffff,PAK,0,0,1,False,20,,,,,,,,,,,,,,,,
85424d0ffffffff,PAK,1,1,4,False,20,,2.1142942257417716e-05,,,,3.1026447866732006e-05,,,,0.0001590007090879976,,,,0.00022124219068202713,,
85424d17fffffff,PAK,20,20,20,True,20,-0.0013738945552003385,-0.0013738945552003385,0.001418903058320102,0.0027927976135204407,-0.00156766405522814,-0.00156766405522814,0.001685007044163107,0.0032526710993912474,-0.003348482047932978,-0.003348482047932978,0.006419989477838821,0.009768471525771798,-0.003326140783405289,-0.003326140783405289,0.008771192836439259,0.012097333619844547
85424d27fffffff,IND,20,20,20,True,20,-0.005031874884354035,-0.005031874884354035,0.005545638913914043,0.010577513798268077,-0.005721458664699303,-0.005721458664699303,0.0065803030323889995,0.012301761697088303,0.0017714633122270541,0.0017714633122270541,0.014529411716337157,0.012757948404110098,0.004803874281658308,0.004803874281658308,0.020160884089284157,0.015357009807625846
85424d4bfffffff,PAK,2,2,15,False,20,,-0.00011755833410550714,,,,-0.00012816550915762472,,,,-0.0008689194744292594,,,,-0.0009573785031281383,,
85424d57fffffff,PAK,2,2,8,False,20,,-4.530281935855093e-05,,,,-4.5930696605945686e-05,,,,-0.00039239140643227707,,,,-0.00044380236682565446,,
85424d5bfffffff,PAK,3,3,10,False,20,,-0.00012491801549119962,,,,-0.0001398998128791899,,,,0.0004221162108689833,,,,0.0006234620588843132,,
85424d63fffffff,PAK,1,3,1,False,20,,1.585720669306328e-05,,,,2.326983590004902e-05,,,,0.0,,,,0.0,,
85424d73fffffff,PAK,1,2,6,False,20,,-2.9964896699261013e-05,,,,-3.551053430615267e-05,,,,0.0002457464460017123,,,,0.0003408108999858878,,
85424d83fffffff,PAK,11,12,16,False,20,,-8.433633412241493e-05,,,,-9.468189847010436e-05,,,,-0.00033310885279328476,,,,-0.00035061115216258144,,
85424d8ffffffff,PAK,1,1,4,False,20,,0.00011424450424516435,,,,0.00014066338415315928,,,,0.00015751492676226213,,,,0.0002054093206759939,,
85424dabfffffff,PAK,0,0,1,False,20,,,,,,,,,,,,,,,,
85424ddbfffffff,PAK,0,0,4,False,20,,,,,,,,,,,,,,,,
85424e03fffffff,PAK,1,1,5,False,20,,8.56316964925519e-05,,,,0.00010512541850195734,,,,0.0005884395172442201,,,,0.0007656440214686583,,
85424e33fffffff,PAK,10,10,18,False,20,,-0.00020438774959088973,,,,-0.00023094131164038775,,,,-0.00038719593143482294,,,,-0.0002702902522617409,,
85424e83fffffff,PAK,3,4,6,False,20,,-5.700572055405756e-05,,,,-5.875184241388841e-05,,,,0.0002757546855062939,,,,0.0003849735582107608,,
85424e9bfffffff,PAK,2,2,6,False,20,,-3.6236137295309436e-06,,,,-9.802758524650912e-07,,,,0.0007269334288726177,,,,0.0009330212978766123,,
85424ea3fffffff,PAK,0,0,1,False,20,,,,,,,,,,,,,,,,
85425093fffffff,PAK,12,19,12,False,20,,-2.7855160141820947e-05,,,,-1.8646507810968332e-05,,,,0.001886482560681217,,,,0.0029630214207812893,,
85425337fffffff,IND,0,0,2,False,20,,,,,,,,,,,,,,,,
85425433fffffff,PAK,4,4,11,False,20,,-3.340764059956856e-05,,,,-3.3779185332058094e-05,,,,0.0003619796003382459,,,,0.0005254283759889785,,
85425447fffffff,PAK,0,0,2,False,20,,,,,,,,,,,,,,,,
85425467fffffff,PAK,13,14,19,False,20,,-9.008837058529786e-05,,,,-9.982762870105033e-05,,,,0.00046745635773758705,,,,0.0007921895848254801,,
85425507fffffff,PAK,0,1,0,False,20,,,,,,,,,,,,,,,,
8542552ffffffff,PAK,1,2,3,False,20,,8.56316964925519e-05,,,,0.00010512541850195734,,,,-0.0005267968381653773,,,,-0.0006175088458142163,,
85425543fffffff,PAK,0,1,0,False,20,,,,,,,,,,,,,,,,
85425563fffffff,PAK,0,0,1,False,20,,,,,,,,,,,,,,,,
854255cffffffff,PAK,2,3,9,False,20,,-0.00015722532709426981,,,,-0.00015039883962213277,,,,0.0004842475096337087,,,,0.0006726741860089285,,
85425613fffffff,PAK,0,0,1,False,20,,,,,,,,,,,,,,,,
854259cbfffffff,IND,20,20,20,True,20,-0.00023530263341152088,-0.00023530263341152088,0.0006245010783939839,0.0008598037118055048,-0.0002609488526208202,-0.0002609488526208202,0.0007431357464037479,0.001004084599024568,-0.00027533205440691825,-0.00027533205440691825,0.0008888935442888598,0.0011642255986957781,-0.0001776970222037165,-0.0001776970222037165,0.0012244432336290586,0.0014021402558327752
85425a6ffffffff,IND,20,20,20,True,20,-0.003314216709946771,-0.003314216709946771,0.004342765677117779,0.0076569823870645485,-0.0037358085421712963,-0.0037358085421712963,0.005152705684401499,0.008888514226572794,-0.003251980631056104,-0.003251980631056104,0.0072808062972078095,0.010532786928263912,-0.0026673445858113273,-0.0026673445858113273,0.010121834902669286,0.012789179488480611
85425da7fffffff,IND,1,1,3,False,20,,-2.262526754241709e-05,,,,-2.0459616514156473e-05,,,,0.0005739523217806297,,,,0.0007007266535397206,,
85426137fffffff,PAK,0,1,5,False,20,,,,,,,,,,,,,,,,
8542614ffffffff,PAK,0,0,1,False,20,,,,,,,,,,,,,,,,
85426863fffffff,PAK,0,0,2,False,20,,,,,,,,,,,,,,,,
854268cbfffffff,PAK,5,5,15,False,20,,-0.00013433221325542664,,,,-0.00015038595282350586,,,,-0.00042740022675004217,,,,-0.0003457650814422325,,
854268cffffffff,PAK,6,6,14,False,20,,-0.00014066009800711593,,,,-0.00015548888013750128,,,,-0.0005778374242712144,,,,-0.0006695706859959218,,
85426907fffffff,PAK,4,5,15,False,20,,-0.00012530534745813684,,,,-0.00014274620359695155,,,,-0.0005694491576745983,,,,-0.0005600477903624732,,
85426957fffffff,PAK,3,3,8,False,20,,-0.00010382747006829929,,,,-0.00010956488605934322,,,,0.0006855296991605574,,,,0.0008987242063847136,,
85426987fffffff,PAK,20,20,20,True,20,-0.010243982938083079,-0.010243982938083079,0.010782700942926018,0.021026683881009093,-0.011523428750733627,-0.011523428750733627,0.011502951436979863,0.023026380187713497,-0.037531267126796296,-0.037531267126796296,0.05771705709868617,0.09524832422548248,-0.03831669101174904,-0.03831669101174904,0.07700337995585607,0.1153200709676051
85426993fffffff,PAK,0,2,0,False,20,,,,,,,,,,,,,,,,
854269a3fffffff,PAK,0,1,7,False,20,,,,,,,,,,,,,,,,
854269abfffffff,PAK,0,0,3,False,20,,,,,,,,,,,,,,,,
854269b3fffffff,PAK,5,5,13,False,20,,-8.941562822257491e-05,,,,-9.917370877526714e-05,,,,8.602462253030892e-05,,,,0.00021166653542295798,,
85426a37fffffff,PAK,0,0,2,False,20,,,,,,,,,,,,,,,,
85426a67fffffff,PAK,12,13,18,False,20,,-1.3067913002906423e-06,,,,1.126422373744059e-05,,,,0.0005524338950216463,,,,0.0009403287260281919,,
85426b2ffffffff,PAK,0,0,2,False,20,,,,,,,,,,,,,,,,
85426b47fffffff,PAK,0,0,1,False,20,,,,,,,,,,,,,,,,
85426b57fffffff,PAK,0,0,1,False,20,,,,,,,,,,,,,,,,
85426bb7fffffff,PAK,0,0,4,False,20,,,,,,,,,,,,,,,,
85426bc7fffffff,PAK,20,20,20,True,20,-0.00065238716688891,-0.00065238716688891,0.0006784845835847219,0.0013308717504736322,-0.0007395307157752832,-0.0007395307157752832,0.0008066339604821807,0.0015461646762574637,-0.0029826858903712213,-0.0029826858903712213,0.003103226433294079,0.0060859123236653,-0.003272995453974699,-0.003272995453974699,0.0042871265199144835,0.007560121973889183
85426bcbfffffff,PAK,0,1,0,False,20,,,,,,,,,,,,,,,,
85426bdbfffffff,PAK,0,0,1,False,20,,,,,,,,,,,,,,,,
85426c57fffffff,PAK,8,8,19,False,20,,-0.0004718069277689668,,,,-0.0005331312365789825,,,,-6.278903996461598e-05,,,,0.0004097976553482279,,
85426d17fffffff,PAK,0,0,1,False,20,,,,,,,,,,,,,,,,
85426d23fffffff,PAK,20,20,20,True,20,-0.0011264299323893363,-0.0011264299323893363,0.0015800706746731982,0.0027065006070625345,-0.0012697660675581677,-0.0012697660675581677,0.001878684215382154,0.003148450282940321,-0.004305520656250284,-0.004305520656250284,0.006305419861108738,0.010610940517359021,-0.004205854821649943,-0.004205854821649943,0.008818744690501847,0.013024599512151788
85426d2ffffffff,PAK,10,10,16,False,20,,1.95974229691595e-05,,,,3.591668137611838e-05,,,,0.00021718103219491646,,,,0.0004327946592647361,,
85426d33fffffff,PAK,0,0,2,False,20,,,,,,,,,,,,,,,,
85426d3bfffffff,PAK,16,17,18,False,20,,-0.0004948831611094348,,,,-0.0005638130114851821,,,,-0.001749463838636291,,,,-0.001716914400583345,,
85426d6bfffffff,PAK,0,0,1,False,20,,,,,,,,,,,,,,,,
85426d83fffffff,PAK,0,0,1,False,20,,,,,,,,,,,,,,,,
85426d8bfffffff,PAK,20,20,20,True,20,-0.0028206898654277173,-0.0028206898654277173,0.004870585428429506,0.007691275293857223,-0.0031517230199533995,-0.0031517230199533995,0.005651590639957306,0.008803313659910706,-0.004037576595546717,-0.004037576595546717,0.028638676294540366,0.03267625289008708,-0.0006469914022354161,-0.0006469914022354161,0.03956710387477541,0.040214095277010836
85426db3fffffff,PAK,19,19,20,False,20,,-0.002487037964912803,,,,-0.002874744680378205,,,,-0.008318197927486145,,,,-0.009786725341169507,,
85426dbbfffffff,PAK,0,0,5,False,20,,,,,,,,,,,,,,,,
85426dcbfffffff,PAK,12,12,20,False,20,,-0.00010161312561119658,,,,-0.00010901581353153267,,,,0.0030261351024773223,,,,0.005329059025611445,,
85426e6bfffffff,PAK,1,2,1,False,20,,5.335137419884598e-05,,,,6.69217559908869e-05,,,,0.00028697616089031484,,,,0.0003503633267698603,,
85426e73fffffff,PAK,12,13,17,False,20,,-0.00012004453966818372,,,,-0.00012947464870844585,,,,8.846724953272505e-06,,,,0.00015194798017230477,,
85427233fffffff,PAK,0,0,1,False,20,,,,,,,,,,,,,,,,
85427543fffffff,PAK,20,20,20,True,20,-0.0014313817669986658,-0.0014313817669986658,0.00147836602981441,0.0029097477968130754,-0.0016279150636296417,-0.0016279150636296417,0.0017572162660868188,0.0033851313297164607,-0.0038140343774097363,-0.0038140343774097363,0.009244112018217796,0.013058146395627532,-0.003137013756730033,-0.003137013756730033,0.012834652707947999,0.015971666464678028
8542c027fffffff,IND,18,19,19,False,20,,5.962932856292899e-05,,,,8.048234649474725e-05,,,,0.00161917855004497,,,,0.002482573146243802,,
8542c057fffffff,IND,12,12,20,False,20,,-7.624237712864988e-06,,,,-1.792637937495164e-05,,,,0.00032716952977266165,,,,0.0005338290415776274,,
8542c097fffffff,IND,3,3,6,False,20,,-4.070470040778963e-05,,,,-4.248615467656623e-05,,,,-1.2968100047275398e-05,,,,2.016015888637735e-05,,
8542c0cbfffffff,IND,0,0,1,False,20,,,,,,,,,,,,,,,,
8542c10ffffffff,IND,0,5,1,False,20,,,,,,,,,,,,,,,,
8542c127fffffff,IND,1,1,2,False,20,,6.359340975098897e-05,,,,8.240913581646368e-05,,,,-0.0001294612341280527,,,,-0.00014495400609386641,,
8542c14bfffffff,IND,0,1,3,False,20,,,,,,,,,,,,,,,,
8542c16bfffffff,IND,1,20,1,False,20,,0.0002126619736673142,,,,0.00025627238759667485,,,,0.004492515467893198,,,,0.006711459067118269,,
8542c217fffffff,IND,0,1,3,False,20,,,,,,,,,,,,,,,,
8542c223fffffff,IND,0,1,0,False,20,,,,,,,,,,,,,,,,
8542c267fffffff,IND,0,0,1,False,20,,,,,,,,,,,,,,,,
8542c277fffffff,IND,5,5,11,False,20,,0.00038031507593827915,,,,0.00047010743322284637,,,,-0.00027171052202724753,,,,-0.0002200473272319049,,
8542c2d3fffffff,IND,4,5,7,False,20,,0.00015724749083902606,,,,0.0001920792505096192,,,,0.0005193539726172263,,,,0.0007893605294508153,,
8542c39bfffffff,IND,20,20,20,True,20,-0.0015097006170871664,-0.0015097006170871664,0.0037360870672724865,0.005245787684359652,-0.0016695796937469102,-0.0016695796937469102,0.0044273356701129115,0.0060969153638598195,0.0023774159793806256,0.0023774159793806256,0.01137309961463972,0.008995683635259093,0.004913309106224669,0.004913309106224669,0.015817556022291224,0.010904246916066555
8542c3cbfffffff,IND,20,20,20,True,20,-0.000167446161237146,-0.000167446161237146,0.0008241400186130476,0.0009915861798501936,-0.00017712596771017852,-0.00017712596771017852,0.0009796640115314853,0.001156789979241664,-0.0004040016657471961,-0.0004040016657471961,0.001107023794783734,0.0015110254605309303,-0.0003268893637424029,-0.0003268893637424029,0.0015541985472276119,0.0018810879109700143
8542c3d3fffffff,IND,1,2,1,False,20,,6.889903204298841e-05,,,,9.09468339648406e-05,,,,0.0003572002643281956,,,,0.000447613548366882,,
8542c423fffffff,IND,1,2,3,False,20,,3.0726106656428904e-05,,,,4.646213947673045e-05,,,,2.8053692634209424e-05,,,,6.0455314582127495e-05,,
8542c46ffffffff,IND,0,0,2,False,20,,,,,,,,,,,,,,,,
8542c54bfffffff,IND,7,7,13,False,20,,-0.00012874579208617054,,,,-0.0001417166946856596,,,,-0.000563542005184166,,,,-0.0006380747054247436,,
8542c623fffffff,IND,0,1,3,False,20,,,,,,,,,,,,,,,,
8542c803fffffff,IND,0,0,1,False,20,,,,,,,,,,,,,,,,
8542c857fffffff,IND,0,1,0,False,20,,,,,,,,,,,,,,,,
8542c863fffffff,IND,0,1,4,False,20,,,,,,,,,,,,,,,,
8542c8c7fffffff,IND,20,20,20,True,20,0.00014043104741674972,0.00014043104741674972,0.0006633833441251914,0.0005229522967084417,0.0001814747807759526,0.0001814747807759526,0.0007902828753348345,0.000608808094558882,0.00017588790791876172,0.00017588790791876172,0.0004115160767090593,0.0002356281687902975,0.0003090626418552669,0.0003090626418552669,0.0005919042612758431,0.00028284161942057607
8542c9d7fffffff,IND,0,1,0,False,20,,,,,,,,,,,,,,,,
8542ca37fffffff,IND,0,1,0,False,20,,,,,,,,,,,,,,,,
8542ca53fffffff,IND,10,10,20,False,20,,-0.00025536064906473376,,,,-0.00029347356391503634,,,,-0.0018663557753560065,,,,-0.0022243323298470827,,
8542ca5bfffffff,IND,3,3,13,False,20,,-0.00026185668429858794,,,,-0.00029801973157835547,,,,0.00038472787904305354,,,,0.0005312320364517464,,
8542ca6bfffffff,IND,0,2,1,False,20,,,,,,,,,,,,,,,,
8542ca8ffffffff,IND,20,20,20,True,20,-0.004471224394562916,-0.004471224394562916,0.003420122779210401,0.007891347173773319,-0.005133496411504712,-0.005133496411504712,0.004028622826374027,0.009162119237878739,-0.009269495295570838,-0.009269495295570838,0.014933531589729099,0.024203026885299937,-0.009345870128655554,-0.009345870128655554,0.0205438276286903,0.029889697757345863
8542ca93fffffff,IND,0,1,0,False,20,,,,,,,,,,,,,,,,
8542caa3fffffff,IND,0,0,1,False,20,,,,,,,,,,,,,,,,
8542cb87fffffff,IND,0,0,6,False,20,,,,,,,,,,,,,,,,
8542cc03fffffff,IND,5,10,9,False,20,,0.0002595146962130414,,,,0.0003225893871703767,,,,0.0011432268519721617,,,,0.0016393569856412815,,
8542cc2ffffffff,IND,1,5,5,False,20,,6.048026405423791e-05,,,,7.364107186257532e-05,,,,0.0,,,,0.0,,
8542cc3bfffffff,IND,0,1,0,False,20,,,,,,,,,,,,,,,,
8542cc47fffffff,IND,0,0,3,False,20,,,,,,,,,,,,,,,,
8542cc5bfffffff,IND,0,0,6,False,20,,,,,,,,,,,,,,,,
8542cc63fffffff,IND,18,18,20,False,20,,-1.3409947405372596e-05,,,,-9.783685431450224e-06,,,,0.0011964286369621506,,,,0.001945276250027102,,
8542cc77fffffff,IND,0,0,1,False,20,,,,,,,,,,,,,,,,
8542cc7bfffffff,IND,5,5,7,False,20,,0.0002800538963328151,,,,0.00035460436571139607,,,,0.0003037808960855076,,,,0.00040952135703848063,,
8542cc83fffffff,IND,0,0,3,False,20,,,,,,,,,,,,,,,,
8542ccabfffffff,IND,1,1,5,False,20,,5.335137419884598e-05,,,,6.69217559908869e-05,,,,0.00015751492676226213,,,,0.0002054093206759939,,
8542cd4bfffffff,IND,0,0,1,False,20,,,,,,,,,,,,,,,,
8542ce27fffffff,IND,9,10,17,False,20,,3.5145888580193617e-06,,,,1.3055126537054807e-05,,,,4.667636248254256e-05,,,,0.0001351990522716886,,
8542ce2bfffffff,IND,1,3,3,False,20,,-0.0001766684005678535,,,,-0.00019889602411878211,,,,0.0002053877605274273,,,,0.0002808643891719302,,
8542ce2ffffffff,IND,18,20,18,False,20,,-1.9938152690468774e-05,,,,-1.6017023754929043e-05,,,,-0.0001023409713411332,,,,-8.049248448272843e-05,,
8542ce37fffffff,IND,2,5,4,False,20,,-4.237788957405591e-05,,,,-4.729409443394783e-05,,,,-0.000219681725116651,,,,-0.0002705920554172529,,
8542ce63fffffff,IND,1,1,6,False,20,,-4.7940559491951526e-05,,,,-5.003126449607014e-05,,,,-0.00019819955524019803,,,,-0.00022637135768485486,,
8542cea7fffffff,IND,20,20,20,True,20,-0.012301234585173975,-0.012301234585173975,0.024940544347395614,0.03724177893256958,-0.013719154374302128,-0.013719154374302128,0.029584148171932077,0.043303302546234206,-0.01353933251892259,-0.01353933251892259,0.06167469323283745,0.07521402575176003,-0.007294589859512252,-0.007294589859512252,0.08505972763078976,0.09235431749030203
8542ceb3fffffff,IND,1,5,7,False,20,,-6.867419635686058e-05,,,,-7.352798424169752e-05,,,,-0.0002222459284545907,,,,-0.00025700135953719193,,
8542ceb7fffffff,IND,0,1,0,False,20,,,,,,,,,,,,,,,,
8542d1abfffffff,IND,1,3,1,False,20,,0.0013106000041621932,,,,0.0016334016324668274,,,,0.00031502985352452426,,,,0.0004108186413519878,,
8542d933fffffff,IND,0,1,3,False,20,,,,,,,,,,,,,,,,
8542d943fffffff,IND,10,10,16,False,20,,3.0948459474931616e-05,,,,4.0873448024219584e-05,,,,-8.257247564588622e-05,,,,-3.9207266480781254e-05,,
8542d957fffffff,IND,17,19,18,False,20,,1.7359298264608288e-05,,,,2.7948175067481024e-05,,,,-2.7138236755079107e-05,,,,-2.883174643762621e-05,,
8542d983fffffff,IND,1,1,20,False,20,,-0.00024766604620389424,,,,-0.0002902030784564668,,,,-0.0038339148104129125,,,,-0.00482376046583744,,
8542d98ffffffff,IND,1,1,1,False,20,,-4.8414761428017304e-06,,,,1.8476354828058338e-06,,,,-0.0005178449365122108,,,,-0.0005798160243754657,,
8542d99bfffffff,IND,1,1,4,False,20,,2.1142942257417716e-05,,,,3.1026447866732006e-05,,,,0.0003572002643281956,,,,0.000447613548366882,,
8542d9cffffffff,IND,6,7,12,False,20,,-0.00025096746804528336,,,,-0.0002799920014379756,,,,7.14272062400736e-05,,,,0.00021209167993050692,,
8542d9d7fffffff,IND,20,20,20,True,20,-0.010426200203868186,-0.010426200203868186,0.01110800362561232,0.021534203829480507,-0.011873659026838753,-0.011873659026838753,0.01315782560023728,0.025031484627076033,-0.020587629572199055,-0.020587629572199055,0.042636966378425,0.06322459595062405,-0.019562596202690453,-0.019562596202690453,0.05866709838409003,0.07822969458678046
8542db2ffffffff,IND,15,17,17,False,20,,5.518974842800495e-05,,,,7.463869296097173e-05,,,,0.00018132290414980568,,,,0.00023766909528979093,,
8542db4bfffffff,IND,20,20,20,True,20,-0.00046875297875682235,-0.00046875297875682235,0.002570367637233232,0.0030391206159900543,-0.0004821607781026341,-0.0004821607781026341,0.0030535407346381047,0.003535701512740739,0.0025100140714297754,0.0025100140714297754,0.015064375006267791,0.012554360934838013,0.005999725968409584,0.005999725968409584,0.02137549995590768,0.015375773987498096
8542db57fffffff,IND,15,15,20,False,20,,-0.000542826635451326,,,,-0.0006180808276669659,,,,-0.001616023010429745,,,,-0.0017129698975911609,,
8542db87fffffff,IND,14,14,19,False,20,,-0.00022313021635915093,,,,-0.00024673280590495176,,,,-0.00036687455213153764,,,,-0.0002411759720250316,,
8542db8bfffffff,IND,0,0,2,False,20,,,,,,,,,,,,,,,,
8542db97fffffff,IND,2,3,6,False,20,,-5.4519022986147854e-05,,,,-0.00015317396694905164,,,,0.0003912653951832718,,,,-5.375427780133856e-05,,
8542dbb3fffffff,IND,0,3,2,False,20,,,,,,,,,,,,,,,,
8542dbbbfffffff,IND,2,4,4,False,20,,8.449822504919498e-05,,,,0.00010652311246591208,,,,-0.0001294612341280527,,,,-0.00014495400609386641,,
8542dbc7fffffff,IND,0,2,3,False,20,,,,,,,,,,,,,,,,
8542dc5bfffffff,IND,1,3,1,False,20,,9.97200758167591e-05,,,,0.00014620629060157684,,,,-0.000230868775621896,,,,-0.00022945269760560533,,
8542dcb3fffffff,IND,6,6,16,False,20,,-0.00047960271772039975,,,,-0.0005488367813415437,,,,-0.0005590752877422426,,,,-0.000554115181935268,,
8542dd8ffffffff,IND,16,17,18,False,20,,3.269107529880038e-05,,,,4.578367700729514e-05,,,,-1.2847890933193019e-05,,,,9.80345552494602e-05,,
8542e183fffffff,PAK,12,12,18,False,20,,-0.0005720192339996314,,,,-0.0006628193286648301,,,,-0.002068124398557432,,,,-0.0023461866163561698,,
8542e1affffffff,PAK,20,20,20,True,20,-0.0003163588828899369,-0.0003163588828899369,0.00042464954325959,0.0007410084261495269,-0.0003572379771315027,-0.0003572379771315027,0.0005046122233872177,0.0008618502005187205,-0.0010315622016638655,-0.0010315622016638655,0.0025876834323587494,0.0036192456340226145,-0.0008632464015284425,-0.0008632464015284425,0.003600941041128775,0.004464187442657218
8542e42ffffffff,PAK,0,1,0,False,20,,,,,,,,,,,,,,,,
8542e443fffffff,PAK,20,20,20,True,20,-0.02590094584777743,-0.02590094584777743,0.03452570108095263,0.06042664692873008,-0.029399594642636407,-0.029399594642636407,0.037396002561638525,0.06679559720427493,-0.03050782383877953,-0.03050782383877953,0.17993030968630558,0.21043813352508517,-0.009332173707959638,-0.009332173707959638,0.24445603460541543,0.2537882083133751
8542e45bfffffff,PAK,1,2,4,False,20,,-2.262526754241709e-05,,,,-2.0459616514156473e-05,,,,-7.33538488596338e-05,,,,-2.4043376929611397e-05,,
8542e533fffffff,PAK,13,16,16,False,20,,-0.00017262906264684956,,,,-0.00019445423987343884,,,,-0.0008919245825288931,,,,-0.0009518138757333307,,
8542e53bfffffff,PAK,0,0,3,False,20,,,,,,,,,,,,,,,,
8542e567fffffff,PAK,0,0,1,False,20,,,,,,,,,,,,,,,,
8542e57bfffffff,PAK,20,20,20,True,20,-0.0023163773339624225,-0.0023163773339624225,0.0015877859300353011,0.003904163263997723,-0.002655067045150545,-0.002655067045150545,0.0018841786561486513,0.004539245701299196,-0.00597567525246714,-0.00597567525246714,0.007198990229996871,0.013174665482464012,-0.0060851234531283365,-0.0060851234531283365,0.009925393549380717,0.016010517002509057
8542e5b7fffffff,PAK,4,8,8,False,20,,-1.0897549742129319e-05,,,,-8.196236092346988e-06,,,,0.00022750041823329842,,,,0.00040453763589424124,,
8542e98bfffffff,IND,0,0,1,False,20,,,,,,,,,,,,,,,,
8542ea23fffffff,IND,0,0,1,False,20,,,,,,,,,,,,,,,,
8542ea63fffffff,IND,0,1,0,False,20,,,,,,,,,,,,,,,,
8542eb4ffffffff,IND,9,14,13,False,20,,-5.405671766833428e-05,,,,-5.992871556330056e-05,,,,-9.165797179863357e-05,,,,-0.00011679234917739684,,
8542eb53fffffff,IND,0,1,3,False,20,,,,,,,,,,,,,,,,
8542eb77fffffff,IND,0,1,5,False,20,,,,,,,,,,,,,,,,
85430c4ffffffff,IRN,10,13,14,False,20,,-0.0001773830860961971,,,,-0.00025080930856418354,,,,0.00046393858354635344,,,,0.00013956486205022315,,
854314cffffffff,IRN,1,2,1,False,20,,-0.00018370242004400717,,,,0.0,,,,0.0,,,,0.0,,
85432127fffffff,IRN,0,1,1,False,20,,,,,,,,,,,,,,,,
85432267fffffff,IRN,20,20,20,True,20,0.00031374311320179923,0.00031374311320179923,0.0009870595801979246,0.0006733164669961253,0.0003799992861513222,0.0003799992861513222,0.0011413602136208885,0.0007613609274695662,0.0011448829238791256,0.0011448829238791256,0.0017302951789317958,0.0005854122550526702,0.0016406601769422065,0.0016406601769422065,0.0023605440479454493,0.000719883871003243
85432593fffffff,IRN,1,1,1,False,20,,-2.262526754241709e-05,,,,-2.0459616514156473e-05,,,,2.8053692634209424e-05,,,,6.0455314582127495e-05,,
8543259bfffffff,IRN,0,4,2,False,20,,,,,,,,,,,,,,,,
85432e8ffffffff,IRN,0,1,2,False,20,,,,,,,,,,,,,,,,
85433183fffffff,IRN,0,5,2,False,20,,,,,,,,,,,,,,,,
85433457fffffff,IRN,9,13,13,False,20,,-7.927648540664518e-06,,,,3.4986222239838767e-06,,,,-3.77820136105623e-05,,,,3.892925852998448e-05,,
85434253fffffff,AFG,1,1,1,False,20,,0.00011424450424516435,,,,0.00014066338415315928,,,,0.00044449108765257697,,,,0.0005557726474458543,,
8543454bfffffff,AFG,8,8,20,False,20,,-0.0004004420129568032,,,,-0.0004701663650987092,,,,-0.0013993359508045553,,,,-0.0013866187249681596,,
854358c3fffffff,AFG,0,0,1,False,20,,,,,,,,,,,,,,,,
85435b97fffffff,AFG,1,1,6,False,20,,7.113516559846134e-05,,,,8.922900798784919e-05,,,,0.00047254478028678644,,,,0.0006162279620279817,,
8543608ffffffff,IRN,20,20,20,True,20,0.00011795602115727693,0.00011795602115727693,0.0005726730672322512,0.0004547170460749743,2.7833749735401077e-05,2.7833749735401077e-05,7.452527961183853e-05,4.6691529876437457e-05,0.0007825316169080794,0.0007825316169080794,0.0017151303608437768,0.0009325987439356975,0.0001809967204137619,0.0001809967204137619,0.00022377991014536355,4.2783189731601646e-05
85436b73fffffff,AFG,2,4,7,False,20,,3.067027624800074e-05,,,,3.759673616522513e-05,,,,0.001371533959855726,,,,0.0019971198752732453,,
854a2613fffffff,JPN,20,20,20,True,20,0.0001765983488614634,0.0001765983488614634,0.0012819536696179368,0.0011053553207564736,0.0002323398019425106,0.0002323398019425106,0.0015244640233539452,0.0012921242214114345,0.0002627694161885598,0.0002627694161885598,0.000735836081677941,0.0004730666654893812,0.0004953287265484651,0.0004953287265484651,0.001074265513130631,0.0005789367865821659
854a261bfffffff,JPN,20,20,20,True,20,0.0002639269923940688,0.0002639269923940688,0.001481180209158216,0.0012172532167641472,0.00034106933961199813,0.00034106933961199813,0.0017625811166198184,0.0014215117770078204,0.00036712239101233156,0.00036712239101233156,0.000557974846435004,0.00019085245542267254,0.0005352571398922527,0.0005352571398922527,0.0007640391155117542,0.00022878197561950164
854a2657fffffff,JPN,8,13,11,False,20,,5.7075370178442504e-05,,,,7.26867522628742e-05,,,,0.00025919748206183285,,,,0.0003842972668029182,,
854a26bbfffffff,JPN,1,5,3,False,20,,1.458345132200572e-05,,,,2.2286708414368436e-05,,,,0.0,,,,0.0,,
854b0b6ffffffff,JPN,2,4,4,False,20,,6.315895721431615e-05,,,,7.849476695619399e-05,,,,0.0,,,,0.0,,
854b3213fffffff,CHN,4,10,7,False,20,,-7.977368008131373e-05,,,,-9.07997739747934e-05,,,,0.0,,,,0.0,,
854b3297fffffff,CHN,20,20,20,True,20,0.00021395014894120748,0.00021395014894120748,0.0007532396606832962,0.0005392895117420887,0.00026532363767923947,0.00026532363767923947,0.000894907322060414,0.0006295836843811745,0.00033619224583658744,0.00033619224583658744,0.0005408188860120478,0.0002046266401754604,0.00047308308125109907,0.00047308308125109907,0.0007241562081860555,0.00025107312693495646
854b3423fffffff,CHN,4,5,8,False,20,,-7.29709888166848e-06,,,,-5.431572687885157e-06,,,,0.0,,,,0.0,,
854b342bfffffff,CHN,0,1,0,False,20,,,,,,,,,,,,,,,,
854b3437fffffff,CHN,20,20,20,True,20,0.004568057426399216,0.004568057426399216,0.028346491012302806,0.023778433585903584,0.0048811283546971096,0.0048811283546971096,0.031817817856030106,0.026936689501332996,0.004277442545757083,0.004277442545757083,0.010065044348123383,0.0057876018023663,0.007088840297961472,0.007088840297961472,0.014131714735617954,0.00704287443765648
854b348bfffffff,CHN,0,2,0,False,20,,,,,,,,,,,,,,,,
854b34b3fffffff,CHN,20,20,20,True,20,9.180567643293931e-07,9.180567643293931e-07,0.001052624339822591,0.0010517062830582614,2.2834759117614606e-05,2.2834759117614606e-05,0.0012515930033901973,0.0012287582442725826,1.5479474473830226e-05,1.5479474473830226e-05,0.0005852207215202738,0.0005697412470464435,0.00011122215554195945,0.00011122215554195945,0.0008204233602806503,0.0007092012047386909
854b34bbfffffff,CHN,0,0,1,False,20,,,,,,,,,,,,,,,,
854b350bfffffff,CHN,20,20,20,True,20,-9.134365939441407e-05,-9.134365939441407e-05,0.002196924070295247,0.0022882677296896608,-6.050236140602703e-05,-6.050236140602703e-05,0.0026130135466427814,0.0026735159080488085,-0.00020486674270795208,-0.00020486674270795208,0.0008437395301693917,0.0010486062728773439,-0.00014783057072378719,-0.00014783057072378719,0.001155403545022453,0.0013032341157462402
854b601bfffffff,JPN,0,4,0,False,20,,,,,,,,,,,,,,,,
854b604bfffffff,JPN,18,20,18,False,20,,6.613753676315109e-05,,,,8.370494611117997e-05,,,,-3.656654008007433e-05,,,,-4.55705233550901e-05,,
854b609bfffffff,JPN,20,20,20,True,20,0.0007051927944207163,0.0007051927944207163,0.0034625859792133578,0.002757393184792641,0.0009014086322198111,0.0009014086322198111,0.004121161849054834,0.003219753216835023,0.0001491586398961229,0.0001491586398961229,0.0007394087768199571,0.0005902501369238341,0.00032731836494222195,0.00032731836494222195,0.001054561129246503,0.000727242764304281
854b60c3fffffff,JPN,1,3,2,False,20,,5.3041825349925105e-05,,,,6.767699806479159e-05,,,,0.0,,,,0.0,,
854b6157fffffff,JPN,0,2,3,False,20,,,,,,,,,,,,,,,,
854b61b7fffffff,JPN,20,20,20,True,20,0.0005551572172430606,0.0005551572172430606,0.0034286914504157175,0.002873534233172656,0.0007207343951911587,0.0007207343951911587,0.004080268701035073,0.0033595343058439144,0.00044214022098745624,0.00044214022098745624,0.0010641605461044268,0.0006220203251169709,0.0007520034370851528,0.0007520034370851528,0.0015309569936656246,0.0007789535565804718
854b61dbfffffff,JPN,19,19,20,False,20,,0.00013716993046178984,,,,0.00017266797285506996,,,,3.816623121492703e-05,,,,5.995973087711432e-05,,
854b6257fffffff,JPN,20,20,20,True,20,0.0003283283663601783,0.0003283283663601783,0.002061007991399595,0.0017326796250394165,0.00042407763200342943,0.00042407763200342943,0.002447209336539289,0.0020231317045358603,0.0003729032973056578,0.0003729032973056578,0.0007393011222235509,0.0003663978249178931,0.0006027421410611681,0.0006027421410611681,0.0010825219083039329,0.0004797797672427645
854b625bfffffff,JPN,19,20,19,False,20,,0.00011510130395827064,,,,0.00014442999123347733,,,,5.8387603818559757e-05,,,,8.915475838119863e-05,,
854b6287fffffff,JPN,4,7,5,False,20,,-1.8666497203620388e-05,,,,-2.036771763363934e-05,,,,0.0,,,,0.0,,
854b628ffffffff,JPN,0,0,1,False,20,,,,,,,,,,,,,,,,
854b62cbfffffff,JPN,0,0,1,False,20,,,,,,,,,,,,,,,,
854b6403fffffff,JPN,8,13,11,False,20,,2.9971229104179823e-05,,,,4.169288451323962e-05,,,,0.0,,,,0.0,,
854b642bfffffff,JPN,0,5,3,False,20,,,,,,,,,,,,,,,,
854b6443fffffff,JPN,20,20,20,True,20,0.0002404853972265202,0.0002404853972265202,0.0010456756017418706,0.0008051902045153505,0.00030204645947977073,0.00030204645947977073,0.0012441629870081276,0.0009421165275283569,7.675756751459467e-06,7.675756751459467e-06,0.0001321284806068671,0.0001244527238554076,3.603376025539351e-05,3.603376025539351e-05,0.00019532486398250254,0.00015929110372710898
854b646ffffffff,JPN,18,19,19,False,20,,-6.549323060872117e-06,,,,-8.024025035772043e-08,,,,0.0,,,,0.0,,
854b6473fffffff,JPN,1,5,5,False,20,,-0.00013025240928506967,,,,-0.00014426229471185912,,,,0.0,,,,0.0,,
854b6487fffffff,JPN,20,20,20,True,20,0.00011547500143048496,0.00011547500143048496,0.0005369249994490203,0.00042144999801853523,0.0001452389450522746,0.0001452389450522746,0.0006385081139011809,0.0004932691688489064,6.847582739897221e-05,6.847582739897221e-05,0.00010555140692373377,3.7075579524761546e-05,9.913744167883075e-05,9.913744167883075e-05,0.00014282050299415863,4.368306131532787e-05
854b648bfffffff,JPN,2,4,3,False,20,,-2.8387111371250924e-05,,,,-2.0799000325654924e-05,,,,0.0,,,,0.0,,
854b649bfffffff,JPN,20,20,20,True,20,0.0008211214116148815,0.0008211214116148815,0.007317876090967295,0.006496754679352415,0.0011102313965369863,0.0011102313965369863,0.008703239559054731,0.007593008162517745,0.0007003283788090012,0.0007003283788090012,0.0015695413823796102,0.0008692130035706092,0.0011226306802195965,0.0011226306802195965,0.002224182565334516,0.0011015518851149194
854b64b7fffffff,JPN,5,11,10,False,20,,3.899552950097911e-05,,,,4.864921982624227e-05,,,,0.0002597773707932302,,,,0.00041283078066300623,,
854b64c3fffffff,JPN,15,20,15,False,20,,7.234311782868453e-05,,,,8.9920282477556e-05,,,,0.0005676519664685746,,,,0.000835382612284238,,
854b64c7fffffff,JPN,0,1,0,False,20,,,,,,,,,,,,,,,,
854b64d3fffffff,JPN,18,20,18,False,20,,3.716068461634789e-05,,,,5.042113157590291e-05,,,,5.4355870772422325e-05,,,,9.063602901783126e-05,,
854b6523fffffff,JPN,0,1,5,False,20,,,,,,,,,,,,,,,,
854b6533fffffff,JPN,20,20,20,True,20,0.0006142214715263311,0.0006142214715263311,0.003622995028727207,0.0030087735572008763,0.0007934426395939283,0.0007934426395939283,0.0043104748639309414,0.003517032224337013,0.0009666612818510464,0.0009666612818510464,0.0011685121036014248,0.00020185082175037827,0.0014441563758824376,0.0014441563758824376,0.0016983480177616785,0.0002541916418792408
854b653bfffffff,JPN,0,0,1,False,20,,,,,,,,,,,,,,,,
854b6563fffffff,JPN,1,3,3,False,20,,3.864779765437313e-05,,,,4.933114028133679e-05,,,,0.0,,,,0.0,,
854b657bfffffff,JPN,3,5,11,False,20,,0.00015785574817927644,,,,0.000187730527120792,,,,0.0,,,,0.0,,
854b6583fffffff,JPN,14,18,16,False,20,,6.832954212742746e-06,,,,1.247492502160177e-05,,,,0.0001155220182419674,,,,0.00015902896148925713,,
854b65b3fffffff,JPN,20,20,20,True,20,0.0001100489792122862,0.0001100489792122862,0.00043802900817453217,0.00032798002896224597,0.00013719026047981296,0.00013719026047981296,0.0005209166871386145,0.0003837264266588015,7.929315074282328e-05,7.929315074282328e-05,7.929315074282328e-05,0.0,0.00012072586150424459,0.00012072586150424459,0.00012072586150424459,0.0
854b65d3fffffff,JPN,13,16,17,False,20,,-8.629051426128116e-06,,,,-5.248635365287374e-06,,,,0.0,,,,0.0,,
854b65d7fffffff,JPN,0,4,7,False,20,,,,,,,,,,,,,,,,
854b660bfffffff,JPN,0,0,1,False,20,,,,,,,,,,,,,,,,
854b6613fffffff,JPN,20,20,20,True,20,0.0007348202269986221,0.0007348202269986221,0.004045139407959703,0.003310319180961081,0.0009411593570452566,0.0009411593570452566,0.00481056855423345,0.0038694091971881936,0.0012882825105014492,0.0012882825105014492,0.0019381980203133672,0.0006499155098119182,0.0019350535214207637,0.0019350535214207637,0.002750741159906971,0.0008156876384862071
854b6617fffffff,JPN,2,6,7,False,20,,-4.34001747017741e-05,,,,-4.87564096188987e-05,,,,0.0,,,,0.0,,
854b6647fffffff,JPN,5,8,12,False,20,,4.9895652284381466e-05,,,,6.30322379611607e-05,,,,0.0,,,,0.0,,
854b666bfffffff,JPN,0,0,1,False,20,,,,,,,,,,,,,,,,
854b668bfffffff,JPN,20,20,20,True,20,0.00016650784614282856,0.00016650784614282856,0.000710050588338401,0.0005435427421955725,0.00020990415183102753,0.00020990415183102753,0.0008456869091135429,0.0006357827572825153,-2.770083102493075e-05,-2.770083102493075e-05,0.0,2.770083102493075e-05,-3.561837053078496e-05,-3.561837053078496e-05,0.0,3.561837053078496e-05
854b668ffffffff,JPN,20,20,20,True,20,0.00010505511806607154,0.00010505511806607154,0.0005618225084360562,0.0004567673903699847,0.0001360825904761331,0.0001360825904761331,0.0006692162094606037,0.0005331336189844705,8.715847344044518e-05,8.715847344044518e-05,0.0001226219814906615,3.546350805021633e-05,0.00012800815331131518,0.00012800815331131518,0.00017586557647622227,4.7857423164907106e-05
854b6693fffffff,JPN,0,1,0,False,20,,,,,,,,,,,,,,,,
854b6697fffffff,JPN,1,3,2,False,20,,1.4585778230815114e-05,,,,1.910887359877144e-05,,,,0.0,,,,0.0,,
854b669bfffffff,JPN,14,16,18,False,20,,0.00010331332490540508,,,,0.00012851219271028377,,,,-3.957261574990107e-05,,,,-5.088338647254994e-05,,
854b66a3fffffff,JPN,0,0,1,False,20,,,,,,,,,,,,,,,,
854b66abfffffff,JPN,0,1,4,False,20,,,,,,,,,,,,,,,,
854b66dbfffffff,JPN,0,1,0,False,20,,,,,,,,,,,,,,,,
854b6cb7fffffff,JPN,6,11,12,False,20,,5.278063197681546e-06,,,,8.59237652234343e-06,,,,0.0,,,,0.0,,
854b6d13fffffff,JPN,2,3,5,False,20,,7.450592538252476e-05,,,,8.042049491335973e-05,,,,0.0,,,,0.0,,
854b6d27fffffff,JPN,19,19,20,False,20,,3.9733419276475125e-05,,,,5.3965573965625864e-05,,,,2.2058695245811474e-05,,,,3.7687430268271485e-05,,
854b6d2bfffffff,JPN,13,16,16,False,20,,7.863360683064809e-05,,,,9.785133664604833e-05,,,,8.76856085118174e-05,,,,0.000131593665080963,,
854b6d8bfffffff,JPN,11,15,14,False,20,,9.486475430782464e-05,,,,0.00011820104947716953,,,,0.0,,,,0.0,,
854b6d93fffffff,JPN,0,0,1,False,20,,,,,,,,,,,,,,,,
854b6d97fffffff,JPN,0,7,1,False,20,,,,,,,,,,,,,,,,
854b6d9bfffffff,JPN,0,1,0,False,20,,,,,,,,,,,,,,,,
854b70a3fffffff,JPN,4,6,8,False,20,,-5.4748729942264305e-06,,,,-2.7822969219516743e-06,,,,-0.0003276625861752602,,,,-0.00044061792257461867,,
854b70b7fffffff,JPN,0,3,0,False,20,,,,,,,,,,,,,,,,
854b718ffffffff,JPN,0,3,2,False,20,,,,,,,,,,,,,,,,
854b7197fffffff,JPN,0,0,1,False,20,,,,,,,,,,,,,,,,
854b71b3fffffff,JPN,0,2,0,False,20,,,,,,,,,,,,,,,,
854b71c3fffffff,JPN,0,1,0,False,20,,,,,,,,,,,,,,,,
854b71d7fffffff,JPN,16,19,17,False,20,,6.674986818361005e-05,,,,8.418969381507171e-05,,,,0.00013310853279673566,,,,0.00020099969537131377,,
854b751bfffffff,JPN,0,0,6,False,20,,,,,,,,,,,,,,,,
854b752bfffffff,JPN,0,1,2,False,20,,,,,,,,,,,,,,,,
854b7563fffffff,JPN,20,20,20,True,20,0.0005506983744731377,0.0005506983744731377,0.002787740647116492,0.0022370422726433544,0.0007032368427656781,0.0007032368427656781,0.003309754803479082,0.0026065179607134047,0.0002601615401402987,0.0002601615401402987,0.00037264481956143444,0.00011248327942113574,0.00040103018864158556,0.00040103018864158556,0.0005366718184648202,0.0001356416298232346
854b7577fffffff,JPN,0,0,1,False,20,,,,,,,,,,,,,,,,
854b758ffffffff,JPN,1,2,3,False,20,,-7.853732033346689e-05,,,,-8.815656383969541e-05,,,,-0.0006553251723505204,,,,-0.0008812358451492373,,
854b75a7fffffff,JPN,0,5,3,False,20,,,,,,,,,,,,,,,,
854b75abfffffff,JPN,0,3,3,False,20,,,,,,,,,,,,,,,,
854b75b7fffffff,JPN,0,3,4,False,20,,,,,,,,,,,,,,,,
854b8453fffffff,TWN,20,20,20,True,20,7.211647541353788e-06,7.211647541353788e-06,0.0007991970026701111,0.0007919853551287574,2.4651639469770222e-05,2.4651639469770222e-05,0.0009505308336468334,0.0009258791941770632,0.0002922910989788131,0.0002922910989788131,0.0005903032402727173,0.00029801214129390426,0.00046502196612899086,0.00046502196612899086,0.0008341826702933337,0.0003691607041643427
854b848bfffffff,TWN,6,9,11,False,20,,2.1798262260493544e-06,,,,6.059090200744461e-06,,,,0.0,,,,0.0,,
854b86c3fffffff,TWN,0,2,1,False,20,,,,,,,,,,,,,,,,
854ba003fffffff,TWN,20,20,20,True,20,9.885029699245408e-05,9.885029699245408e-05,0.0008231470548269516,0.0007242967578344976,0.00013182617604925534,0.00013182617604925534,0.000978832326296069,0.0008470061502468138,0.00014743849104609594,0.00014743849104609594,0.00038956382582580314,0.00024212533477970723,0.00024742132131545845,0.00024742132131545845,0.0005525568248776193,0.0003051355035621608
854ba013fffffff,TWN,20,20,20,True,20,0.005072104565977685,0.005072104565977685,0.030709801307952773,0.02563769674197508,0.006565525494639346,0.006565525494639346,0.03649224400786823,0.029926718513228874,0.009889453843397653,0.009889453843397653,0.020111955527157284,0.010222501683759627,0.016327200287354904,0.016327200287354904,0.02906296144249393,0.01273576115513903
854ba01bfffffff,TWN,20,20,20,True,20,0.0006698775442978485,0.0006698775442978485,0.004056115049217277,0.0033862375049194286,0.0008677207018307459,0.0008677207018307459,0.004825246946697021,0.003957526244866276,-0.0003914134586835799,-0.0003914134586835799,0.0020501813036683256,0.002441594762351906,-0.0001734281775524473,-0.0001734281775524473,0.002841243429713783,0.00301467160726623
854ba04bfffffff,TWN,4,7,5,False,20,,4.5684938077297094e-05,,,,5.564994380043439e-05,,,,0.0,,,,0.0,,
854ba0a3fffffff,TWN,20,20,20,True,20,0.006831884546092548,0.006831884546092548,0.04780395043807213,0.040972065891979575,0.008969903917510565,0.008969903917510565,0.05684493174543096,0.04787502782792038,0.009587837229482352,0.009587837229482352,0.030707424914919908,0.021119587685437556,0.017450824901017875,0.017450824901017875,0.04381895610018756,0.026368131199169687
854ba0a7fffffff,TWN,20,20,20,True,20,0.03490027631433057,0.03490027631433057,0.2122628827039285,0.17736260638959797,0.04281510757226412,0.04281510757226412,0.24285818476961757,0.20004307719735345,0.08765776010377264,0.08765776010377264,0.15388307003476098,0.06622530993098832,0.1127874167345589,0.1127874167345589,0.18353451641944935,0.07074709968489042
854ba0bbfffffff,TWN,15,16,17,False,20,,7.369197947507874e-05,,,,0.0,,,,-5.734087613561018e-05,,,,0.0,,
854ba0cffffffff,TWN,20,20,20,True,20,0.0002870194187900044,0.0002870194187900044,0.002255326211419638,0.001968306792629634,0.00038353248638729363,0.00038353248638729363,0.002681792734918422,0.0022982602485311283,3.8017226314190424e-06,3.8017226314190424e-06,0.0005637023119579399,0.0005599005893265209,6.46432669804614e-05,6.46432669804614e-05,0.0007668062935149874,0.000702163026534526
854ba153fffffff,TWN,20,20,20,True,20,0.0005819771206196985,0.0005819771206196985,0.00399979859437998,0.0034178214737602816,0.0007617905825043124,0.0007617905825043124,0.004755139663112586,0.003993349080608275,0.0005725821701984076,0.0005725821701984076,0.0009743966102157291,0.0004018144400173214,0.0008577786528297327,0.0008577786528297327,0.0013485012372429685,0.0004907225844132358
854ba1d3fffffff,TWN,20,20,20,True,20,0.0002756915646012774,0.0002756915646012774,0.0016285238438342189,0.0013528322792329417,0.00035714351640743307,0.00035714351640743307,0.0019371218211347552,0.0015799783047273225,0.0004059646083395841,0.0004059646083395841,0.000633984282600928,0.00022801967426134385,0.0006355077990469366,0.0006355077990469366,0.0009131421922001698,0.0002776343931532332
854ba203fffffff,TWN,0,1,0,False,20,,,,,,,,,,,,,,,,
854ba213fffffff,TWN,19,19,20,False,20,,8.225525680476433e-05,,,,0.00010576086498484177,,,,5.0953677645755114e-05,,,,0.00010108229962698431,,
854ba21bfffffff,TWN,20,20,20,True,20,0.0010393196071565264,0.0010393196071565264,0.0061857142137618434,0.0051463946066053175,0.0013421507426990957,0.0013421507426990957,0.007356269914193142,0.006014119171494049,0.0012717112560220528,0.0012717112560220528,0.0023265943586457177,0.0010548831026236647,0.0019403746246964431,0.0019403746246964431,0.003263247830514497,0.0013228732058180536
854ba257fffffff,TWN,20,20,20,True,20,0.0013790609970295805,0.0013790609970295805,0.00752706478224789,0.006148003785218308,0.001767234917149899,0.001767234917149899,0.008957048364773769,0.00718981344762387,0.001210505352629966,0.001210505352629966,0.003143831248607897,0.0019333258959779314,0.001992659100544857,0.001992659100544857,0.004417944290630012,0.002425285190085156
854ba283fffffff,TWN,20,20,20,True,20,0.0009668373020317072,0.0009668373020317072,0.006185376170353829,0.005218538868322122,0.0012620769858768257,0.0012620769858768257,0.00735866611790386,0.006096589132027033,0.0008599391685403272,0.0008599391685403272,0.0018697507440953317,0.0010098115755550045,0.0014118608104256038,0.0014118608104256038,0.002649295043602292,0.001237434233176689
854ba28bfffffff,TWN,20,20,20,True,20,0.00045604894101351496,0.00045604894101351496,0.0038223065953519515,0.0033662576543384364,0.000613815905702933,0.000613815905702933,0.004545619472858287,0.003931803567155355,0.00024487316922054524,0.00024487316922054524,0.001987760505318941,0.001742887336098396,0.0006828188278580397,0.0006828188278580397,0.00285892162997889,0.0021761028021208507
854ba28ffffffff,TWN,20,20,20,True,20,0.0003924745467935884,0.0003924745467935884,0.002791663168891007,0.0023991886220974183,0.000517069976302681,0.000517069976302681,0.0033187967930230072,0.002801726816720327,0.0002850868520215051,0.0002850868520215051,0.0009466599160571826,0.0006615730640356773,0.00041728220754210285,0.00041728220754210285,0.0012451155544848376,0.000827833346942735
854ba297fffffff,TWN,20,20,20,True,20,0.010854126678745135,0.010854126678745135,0.07529042805790262,0.06443630137915748,0.014241103661675114,0.014241103661675114,0.08948889723878159,0.07524779357710648,0.01940038621603117,0.01940038621603117,0.04227583519136775,0.022875448975336582,0.03192486707022089,0.03192486707022089,0.060407456754175345,0.02848258968395446
854ba29bfffffff,TWN,0,5,3,False,20,,,,,,,,,,,,,,,,
854ba2a3fffffff,TWN,1,3,5,False,20,,4.7616748370428005e-05,,,,5.451028243244862e-05,,,,0.0,,,,0.0,,
854ba2c7fffffff,TWN,0,0,1,False,20,,,,,,,,,,,,,,,,
854ba2cbfffffff,TWN,0,3,2,False,20,,,,,,,,,,,,,,,,
854ba2d7fffffff,TWN,20,20,20,True,20,0.00012068064311989689,0.00012068064311989689,0.0005673052847884151,0.0004466246416685182,0.00015238393548818764,0.00015238393548818764,0.000674185401332756,0.0005218014658445683,4.719544062881187e-05,4.719544062881187e-05,0.00012296735634804553,7.577191571923365e-05,7.158898643669014e-05,7.158898643669014e-05,0.0001686172569254667,9.702827048877658e-05
854ba31bfffffff,TWN,20,20,20,True,20,0.0008166068193541492,0.0008166068193541492,0.0037374271021766462,0.0029208202828224974,0.00103198837217014,0.00103198837217014,0.004447824721676758,0.003415836349506618,0.0038269711225098466,0.0038269711225098466,0.004301711671074577,0.0004747405485647298,0.005675962482375241,0.005675962482375241,0.006251639224921337,0.0005756767425460958
854ba873fffffff,JPN,1,4,3,False,20,,7.967532909454331e-06,,,,8.016343847221975e-06,,,,0.0,,,,0.0,,
854bb10bfffffff,TWN,20,20,20,True,20,0.007647196045527207,0.007647196045527207,0.05410744387516968,0.04646024782964248,0.01006797904452858,0.01006797904452858,0.06434847275319736,0.054280493708668776,0.00918736114820124,0.00918736114820124,0.022583714746510133,0.013396353598308899,0.01519258210801997,0.01519258210801997,0.03184792605513825,0.016655343947118276
854bb10ffffffff,TWN,20,20,20,True,20,0.00010311402632268741,0.00010311402632268741,0.0005427808391942837,0.00043966681287159617,0.00013186447570508582,0.00013186447570508582,0.0006461611168638744,0.0005142966411587885,-5.950641217864446e-05,-5.950641217864446e-05,2.13816844491009e-05,8.088809662774536e-05,-7.338969645136729e-05,-7.338969645136729e-05,2.6893287435456108e-05,0.0001002829838868234
854bb177fffffff,TWN,1,2,8,False,20,,-2.4970565721086567e-05,,,,-2.8632067076821832e-05,,,,0.0,,,,0.0,,
854bb183fffffff,TWN,20,20,20,True,20,0.005871383875105928,0.005871383875105928,0.03356087617680438,0.027689492301698447,0.007557928458262521,0.007557928458262521,0.03990520282439458,0.032347274366132064,0.008280130320479483,0.008280130320479483,0.014977022373255872,0.006696892052776385,0.012658928786964677,0.012658928786964677,0.02098692043785109,0.008327991650886416
854bb513fffffff,TWN,19,20,19,False,20,,1.9921428158594436e-05,,,,3.0043217019478106e-05,,,,0.00010356383369415136,,,,0.00017217691031621763,,
85600163fffffff,IND,0,1,0,False,20,,,,,,,,,,,,,,,,
85600247fffffff,IND,20,20,20,True,20,-0.0007025694525746829,-0.0007025694525746829,0.001922766976381092,0.0026253364289557752,-0.0007726227267407352,-0.0007726227267407352,0.002284125866940763,0.0030567485936814974,-0.0006378110180629865,-0.0006378110180629865,0.00619173468380299,0.006829545701865976,0.0002162453220046551,0.0002162453220046551,0.008587209634648665,0.00837096431264401
85600257fffffff,IND,15,17,17,False,20,,3.0031588611336136e-05,,,,4.025554443213206e-05,,,,-0.00014237998995755624,,,,-0.00018143180522403086,,
8560027bfffffff,IND,20,20,20,True,20,-3.497934833847225e-05,-3.497934833847225e-05,0.001528777983509702,0.0015637573318481742,-1.6143771327962044e-06,-1.6143771327962044e-06,0.0018167006066180588,0.0018183149837508548,0.004118784700753489,0.004118784700753489,0.00817654615874552,0.0040577614579920315,0.00662284451656789,0.00662284451656789,0.011514863959235636,0.004892019442667745
856002c7fffffff,IND,20,20,20,True,20,0.0003067636855643045,0.0003067636855643045,0.004189844759078218,0.0038830810735139146,0.0004463637718775433,0.0004463637718775433,0.00498317784354168,0.004536814071664137,0.0011877062486387586,0.0011877062486387586,0.003374531304663673,0.0021868250560249146,0.002008234693393789,0.002008234693393789,0.004731647235155985,0.0027234125417621964
856002cbfffffff,IND,0,2,0,False,20,,,,,,,,,,,,,,,,
856002d3fffffff,IND,3,9,5,False,20,,-7.418761532360469e-05,,,,-8.419948694955938e-05,,,,-0.00015673978851333672,,,,-0.0001820650195282924,,
856002d7fffffff,IND,20,20,20,True,20,-2.5869179677245588e-05,-2.5869179677245588e-05,0.005443671225954832,0.005469540405632078,9.107681436130554e-05,9.107681436130554e-05,0.0064739644242209765,0.006382887609859672,0.0014129636166787538,0.0014129636166787538,0.007800246263870861,0.0063872826471921065,0.0028304762237797783,0.0028304762237797783,0.010642882235532886,0.007812406011753106
8560045bfffffff,IND,13,15,18,False,20,,8.894763521075577e-05,,,,0.00011614681483470842,,,,0.0003709970406403952,,,,0.0005332587815301308,,
856004cbfffffff,IND,19,19,20,False,20,,-6.003780578538816e-05,,,,-5.848917730785064e-05,,,,0.0013742588628247265,,,,0.0020977337903309444,,
856004d3fffffff,IND,20,20,20,True,20,-0.03528542776152928,-0.03528542776152928,0.1326862020887592,0.16797162985028846,-0.03772919950316765,-0.03772919950316765,0.15750942908633997,0.19523862858950763,0.09848756694010552,0.09848756694010552,0.32175468174941024,0.22326711480930478,0.17208408445357856,0.17208408445357856,0.44506383498704755,0.27297975053346907
856004dbfffffff,IND,14,15,17,False,20,,2.7449620883407673e-05,,,,3.7985018317732615e-05,,,,-0.00011436035337960597,,,,-8.391377925512635e-05,,
85600603fffffff,IND,20,20,20,True,20,-0.0006271814033590859,-0.0006271814033590859,0.0009202629758472995,0.0015474443792063857,-0.0007089710495667603,-0.0007089710495667603,0.001095616576278055,0.0018045876258448157,-0.0004103028288397458,-0.0004103028288397458,0.0005195114109197549,0.0009298142397595008,-0.0004360624523267168,-0.0004360624523267168,0.0007229582145831949,0.0011590206669099116
8560060ffffffff,IND,20,20,20,True,20,-0.004575468774552509,-0.004575468774552509,0.035616308052529175,0.04019177682708168,-0.004428398464070877,-0.004428398464070877,0.042320411613165,0.04674881007723587,0.03736822280587281,0.03736822280587281,0.0946383499259306,0.05727012712005779,0.06284447114575756,0.06284447114575756,0.13237129665170272,0.06952682550594515
85600613fffffff,IND,20,20,20,True,20,0.001659547818966078,0.001659547818966078,0.013971803769057939,0.012312255950091859,0.0022471981168175454,0.0022471981168175454,0.016630581824343176,0.014383383707525631,0.0005554137767048002,0.0005554137767048002,0.0050176369127721086,0.004462223136067309,0.0014068727915589065,0.0014068727915589065,0.006849821555091539,0.005442948763532632
85600617fffffff,IND,20,20,20,True,20,0.0004549168121311379,0.0004549168121311379,0.0035890304315349696,0.003134113619403832,0.0006124394157890238,0.0006124394157890238,0.004268607907145123,0.0036561684913560986,0.004992662397784488,0.004992662397784488,0.010641086347675511,0.005648423949891024,0.007957954046288445,0.007957954046288445,0.014739531356685223,0.006781577310396776
8560064ffffffff,IND,20,20,20,True,20,-8.235682286155431e-06,-8.235682286155431e-06,0.001161761007745759,0.0011699966900319144,1.9108154197824486e-05,1.9108154197824486e-05,0.0013811605524598608,0.001362052398262036,0.0020728011471590176,0.0020728011471590176,0.00478746836804656,0.0027146672208875427,0.003119833142289704,0.003119833142289704,0.006448822513784156,0.003328989371494453
85600663fffffff,IND,19,19,20,False,20,,5.121839485157507e-05,,,,7.385557018572435e-05,,,,1.7108410674046242e-05,,,,2.5259022417730463e-05,,
8560066ffffffff,IND,16,16,20,False,20,,-5.1688513086114974e-05,,,,-4.8641427710888825e-05,,,,-0.0003288434427494775,,,,-0.0003772785109117995,,
85600687fffffff,IND,17,19,18,False,20,,-0.00010473102782223662,,,,-0.0001108892285296913,,,,-0.000447159749917986,,,,-0.00048342615716687567,,
85600697fffffff,IND,20,20,20,True,20,4.420385968373383e-05,4.420385968373383e-05,0.0004816405575667179,0.000437436697882984,6.127626783427834e-05,6.127626783427834e-05,0.0005725255362582749,0.0005112492684239967,0.0017503171225963302,0.0017503171225963302,0.0021396904905036027,0.0003893733679072726,0.0026488350550305535,0.0026488350550305535,0.0031280190086979964,0.0004791839536674428
8560069bfffffff,IND,17,18,19,False,20,,6.453173151644485e-05,,,,8.264924616984547e-05,,,,9.548694171332435e-05,,,,0.0001524031583603864,,
856006cffffffff,IND,20,20,20,True,20,0.00041397256521055346,0.00041397256521055346,0.0011957896570217337,0.0007818170918111803,0.0005090506987604847,0.0005090506987604847,0.0014217052911781498,0.0009126545924176648,0.0038494380927292966,0.0038494380927292966,0.004472273876625117,0.0006228357838958194,0.00581788162268721,0.00581788162268721,0.0065813697206874066,0.0007634880980001951
856006d3fffffff,IND,12,13,18,False,20,,4.243452548360245e-06,,,,1.1361248120087859e-05,,,,0.0006058761821990933,,,,0.0008752908657822786,,
856006d7fffffff,IND,20,20,20,True,20,0.0002451170467980489,0.0002451170467980489,0.0014145703658194212,0.0011694533190213725,0.00031800799831238326,0.00031800799831238326,0.0016834359900199617,0.001365427991707579,0.00035088653688729494,0.00035088653688729494,0.0006439548539011599,0.0002930683170138649,0.0005447816341741442,0.0005447816341741442,0.000905369022924192,0.00036058738875004783
85600c6ffffffff,IND,0,1,0,False,20,,,,,,,,,,,,,,,,
85600e23fffffff,IND,20,20,20,True,20,0.00017779757223626834,0.00017779757223626834,0.0012081805134987592,0.001030382941262491,0.00023588630681175491,0.00023588630681175491,0.0014384521842163889,0.0012025658774046345,0.0003874119680682196,0.0003874119680682196,0.0009141030804563638,0.0005266911123881443,0.0006354206477676703,0.0006354206477676703,0.001282416621844149,0.0006469959740764788
85601027fffffff,IND,1,2,3,False,20,,7.903257598426184e-05,,,,9.885902963669506e-05,,,,0.0,,,,0.0,,
85601067fffffff,IND,0,0,2,False,20,,,,,,,,,,,,,,,,
856010a3fffffff,IND,14,14,20,False,20,,-0.00013558409460250428,,,,-0.0001513792867248919,,,,-0.0004948657998856944,,,,-0.000528507063311498,,
85601103fffffff,IND,0,0,2,False,20,,,,,,,,,,,,,,,,
85601127fffffff,IND,20,20,20,True,20,-0.002030698004791633,-0.002030698004791633,0.001977132841794478,0.004007830846586111,-0.0023223232713029006,-0.0023223232713029006,0.002348204399624808,0.004670527670927708,-0.0016874316665475043,-0.0016874316665475043,0.007045972317186749,0.008733403983734254,-0.000989863538128627,-0.000989863538128627,0.009830087500976671,0.010819951039105297
8560112bfffffff,IND,0,0,8,False,20,,,,,,,,,,,,,,,,
8560112ffffffff,IND,0,0,2,False,20,,,,,,,,,,,,,,,,
85601133fffffff,IND,0,0,2,False,20,,,,,,,,,,,,,,,,
85601137fffffff,IND,2,2,8,False,20,,-2.1935145749956794e-05,,,,-2.309085305323059e-05,,,,-0.000348186710247372,,,,-0.0003765707774210113,,
85601153fffffff,IND,0,0,1,False,20,,,,,,,,,,,,,,,,
85601167fffffff,IND,0,1,6,False,20,,,,,,,,,,,,,,,,
85601187fffffff,IND,6,6,19,False,20,,-0.00028901658700005177,,,,-0.0003245757411309573,,,,-0.0002796228333404378,,,,-0.0002514232639643798,,
856011a7fffffff,IND,0,2,8,False,20,,,,,,,,,,,,,,,,
856011abfffffff,IND,1,2,1,False,20,,2.8025826951758295e-05,,,,3.779463182253911e-05,,,,0.00028697616089031484,,,,0.0003503633267698603,,
85601213fffffff,IND,0,0,2,False,20,,,,,,,,,,,,,,,,
856012abfffffff,IND,10,11,19,False,20,,-4.9557814421837356e-05,,,,-5.208313136111743e-05,,,,-0.0004979281492036692,,,,-0.0006157360998675151,,
85601317fffffff,IND,20,20,20,True,20,-0.0003441365086237361,-0.0003441365086237361,0.001261615450756802,0.0016057519593805382,-0.00037365161534781124,-0.00037365161534781124,0.0015006015119791178,0.001874253127326929,0.0007112742548062297,0.0007112742548062297,0.0038906979878169544,0.0031794237330107257,0.0016845492823826305,0.0016845492823826305,0.005601307789997063,0.0039167585076144325
8560132ffffffff,IND,18,20,18,False,20,,0.00020753552420887237,,,,0.00025582144587278795,,,,0.004138994243504546,,,,0.00646610760896209,,
85601333fffffff,IND,0,2,0,False,20,,,,,,,,,,,,,,,,
8560134bfffffff,IND,0,0,1,False,20,,,,,,,,,,,,,,,,
8560135bfffffff,IND,15,15,20,False,20,,-0.000745813973114604,,,,-0.0008397111425438095,,,,-0.0006900244796051651,,,,-0.0005812579951013666,,
8560138bfffffff,IND,0,2,6,False,20,,,,,,,,,,,,,,,,
856013affffffff,IND,1,3,8,False,20,,9.125253348856345e-05,,,,0.00011165296983996137,,,,0.0,,,,0.0,,
8560140bfffffff,IND,1,1,6,False,20,,2.6428677821772125e-05,,,,3.878305983341502e-05,,,,0.0,,,,0.0,,
85601437fffffff,IND,0,0,4,False,20,,,,,,,,,,,,,,,,
8560144bfffffff,IND,17,19,18,False,20,,-2.5674436469674044e-05,,,,-1.9904703830970364e-05,,,,-5.600877988924643e-06,,,,7.000012110590782e-06,,
85601453fffffff,IND,0,0,1,False,20,,,,,,,,,,,,,,,,
8560145bfffffff,IND,20,20,20,True,20,-0.26549354786558543,-0.26549354786558543,0.22916015162067352,0.494653699486259,-0.30379575700883565,-0.30379575700883565,0.2713474721773627,0.5751432291861984,-0.18885724510052565,-0.18885724510052565,0.7361047875145896,0.9249620326151152,-0.10940344641331194,-0.10940344641331194,1.022149589565685,1.1315530359789971
8560147bfffffff,IND,1,2,10,False,20,,2.6428677821772125e-05,,,,3.878305983341502e-05,,,,0.0003572002643281956,,,,0.000447613548366882,,
856014c7fffffff,IND,4,4,11,False,20,,-0.00017534737769424032,,,,-0.0001920131007435491,,,,0.00045141882374807933,,,,0.0006375138535465216,,
856014dbfffffff,IND,20,20,20,True,20,-0.006749311873512348,-0.006749311873512348,0.001693157210462789,0.008442469083975137,-0.007815855314668857,-0.007815855314668857,0.002008973877326371,0.00982482919199523,-0.0126639940758212,-0.0126639940758212,0.0033710572517182324,0.016035051327539428,-0.015160870197638015,-0.015160870197638015,0.004576486030184485,0.0197373562278225
85601507fffffff,IND,1,2,4,False,20,,3.698232345131667e-05,,,,4.2837635558947454e-05,,,,0.0,,,,0.0,,
85601523fffffff,IND,5,7,6,False,20,,0.00023422141533618884,,,,0.00028313861421790153,,,,0.0010434865277800264,,,,0.001364034766095603,,
85601577fffffff,IND,0,1,1,False,20,,,,,,,,,,,,,,,,
856015a3fffffff,IND,0,3,3,False,20,,,,,,,,,,,,,,,,
856015d3fffffff,IND,4,4,8,False,20,,3.1329788668717923e-06,,,,9.013581276044893e-06,,,,0.00016641892916569755,,,,0.00038773942563270997,,
856015dbfffffff,IND,20,20,20,True,20,-0.017536221247796642,-0.017536221247796642,0.01285803672702982,0.03039425797482646,-0.020024889051344693,-0.020024889051344693,0.015231077553440147,0.03525596660478485,-0.011559304792684109,-0.011559304792684109,0.020429492364126695,0.0319887971568108,-0.010261032753007354,-0.010261032753007354,0.028240445681126956,0.03850147843413431
85601607fffffff,IND,3,3,6,False,20,,-2.2787732099658925e-05,,,,-2.5000640073503444e-05,,,,-0.00023138214313701228,,,,-0.0002682529185934084,,
8560160bfffffff,IND,6,7,19,False,20,,-0.0002766700223976529,,,,-0.00031331187795011504,,,,-0.0006003085712917711,,,,-0.0006123636864530472,,
8560162ffffffff,IND,0,0,1,False,20,,,,,,,,,,,,,,,,
85601683fffffff,IND,9,10,19,False,20,,-0.00011813644204285563,,,,-0.00013274759537345917,,,,0.0008158134706639854,,,,0.0012599280737039626,,
85601693fffffff,IND,11,11,16,False,20,,-5.0483062480019616e-05,,,,-5.420026997009862e-05,,,,-0.0005969895243015812,,,,-0.0007209848313610782,,
85601697fffffff,IND,20,20,20,True,20,-0.0006673856944999662,-0.0006673856944999662,0.004667998736642585,0.0053353844311425525,-0.0014498182439951618,-0.0014498182439951618,0.0010099762745164726,0.002459794518511635,-0.0018887303824982227,-0.0018887303824982227,0.006604861617484116,0.008493591999982338,-0.00400670539479816,-0.00400670539479816,0.004867357170069872,0.008874062564868033
8560169bfffffff,IND,2,2,4,False,20,,6.9682393814901535e-06,,,,1.320426874584481e-05,,,,0.00010269388026371365,,,,0.0001404321945859651,,
856016a3fffffff,IND,20,20,20,True,20,-8.7533522731667e-05,-8.7533522731667e-05,0.0005690123350106779,0.0006565458577423448,-9.002589034213986e-05,-9.002589034213986e-05,0.0006768241091458457,0.0007668499994879854,0.0007349665076728408,0.0007349665076728408,0.001208308068976567,0.0004733415613037262,0.001246808700371074,0.001246808700371074,0.0018262318388314665,0.0005794231384603928
856016cbfffffff,IND,2,3,4,False,20,,-0.0001668365009642143,,,,-0.00018857545254414974,,,,0.0,,,,0.0,,
85601a5bfffffff,IND,20,20,20,True,20,0.0001273472814787928,0.0001273472814787928,0.0010483996610249314,0.0009210523795461384,0.0001708964619540504,0.0001708964619540504,0.0012471560496209112,0.0010762595876668607,-0.0002553922983833484,-0.0002553922983833484,0.0008106755482036118,0.0010660678465869602,-0.00020963220302198937,-0.00020963220302198937,0.0011002226751944237,0.0013098548782164133
85601e1bfffffff,IND,3,4,8,False,20,,-0.00018206141710576103,,,,-0.0002027959271774018,,,,-0.0003427746991138152,,,,-0.0004093354210950347,,
85601e57fffffff,IND,0,0,2,False,20,,,,,,,,,,,,,,,,
85601e83fffffff,IND,19,19,20,False,20,,-0.0005613658725117883,,,,-0.0006198176311574464,,,,0.00032995947803748335,,,,0.0012364181604161615,,
85601e8bfffffff,IND,0,1,4,False,20,,,,,,,,,,,,,,,,
85602203fffffff,IND,20,20,20,True,20,6.758222737530929e-05,6.758222737530929e-05,0.0006448047552336415,0.0005772225278583321,9.219407914568643e-05,9.219407914568643e-05,0.0007665976168273519,0.0006744035376816655,-7.901874531251614e-06,-7.901874531251614e-06,0.00016696449148472395,0.00017486636601597556,1.1680180125973587e-05,1.1680180125973587e-05,0.00022338936290936198,0.00021170918278338836
8560220bfffffff,IND,0,0,2,False,20,,,,,,,,,,,,,,,,
85602217fffffff,IND,20,20,20,True,20,0.00010038032406893617,0.00010038032406893617,0.0016037476294674731,0.0015033673053985368,0.0001540983487424991,0.0001540983487424991,0.0019060799391324326,0.0017519815903899339,0.0003437759352464487,0.0003437759352464487,0.002098574776082486,0.001754798840836037,0.0007440295131743485,0.0007440295131743485,0.002868102725512923,0.002124073212338574
8560221bfffffff,IND,19,19,20,False,20,,-0.0008408173507856503,,,,-0.0009659979835481625,,,,-0.0003796359188942925,,,,-0.0002743300621206194,,
85602247fffffff,IND,19,19,20,False,20,,-9.5408768536951e-05,,,,-9.364715415082671e-05,,,,0.000908720133348707,,,,0.0017403003014228426,,
8560224bfffffff,IND,1,6,4,False,20,,0.00016988141688486502,,,,0.0002086550965257023,,,,0.0001590007090879976,,,,0.00022124219068202713,,
8560225bfffffff,IND,9,9,20,False,20,,-0.00013717300767221528,,,,-0.00014341734569273313,,,,0.00044192863912478935,,,,0.0008358325364209439,,
85602263fffffff,IND,3,8,10,False,20,,1.1580959993111434e-05,,,,1.870257263810638e-05,,,,0.0015530740674742959,,,,0.002357594701789426,,
85602277fffffff,IND,20,20,20,True,20,0.0035502888566772534,0.0035502888566772534,0.02276474064827617,0.019214451791598912,0.004630036967023691,0.004630036967023691,0.027085639235242598,0.022455602268218917,0.001352541633917606,0.001352541633917606,0.004929489278330378,0.0035769476444127736,0.002704635254738329,0.002704635254738329,0.007091112188653985,0.004386476933915655
8560227bfffffff,IND,11,16,14,False,20,,4.126504039000397e-05,,,,5.445432273590285e-05,,,,0.0018556473244848463,,,,0.0028209694977342627,,
85602287fffffff,IND,20,20,20,True,20,0.0026678698441744697,0.0026678698441744697,0.034302943836860306,0.03163507399268584,0.0038638345568252465,0.0038638345568252465,0.040817257093943335,0.03695342253711809,0.002375766181672638,0.002375766181672638,0.030776172847759055,0.028400406666086408,0.007635449140381745,0.007635449140381745,0.0428878231429333,0.03525237400255155
8560228bfffffff,IND,3,3,8,False,20,,3.075439914754167e-05,,,,-1.5742579709132012e-05,,,,-0.0003065524202109077,,,,-0.00018230312390830826,,
8560228ffffffff,IND,1,7,4,False,20,,6.482242719389767e-05,,,,7.994005182583493e-05,,,,0.0,,,,0.0,,
85602297fffffff,IND,5,7,10,False,20,,0.00016271635682160637,,,,0.00019537763754835018,,,,0.0,,,,0.0,,
8560229bfffffff,IND,0,1,2,False,20,,,,,,,,,,,,,,,,
856022c7fffffff,IND,20,20,20,True,20,0.0002886422997495322,0.0002886422997495322,0.0032669462747309296,0.0029783039749813967,0.0004107170643443579,0.0004107170643443579,0.0038853318361348524,0.003474614771790496,0.0008769611025868809,0.0008769611025868809,0.00350312058457851,0.002626159481991629,0.001548281493508597,0.001548281493508597,0.0047421231390487656,0.0031938416455401684
8560262ffffffff,IND,20,20,20,True,20,3.937033969266052e-05,3.937033969266052e-05,0.0022158449334783335,0.0021764745937856724,8.834755284558219e-05,8.834755284558219e-05,0.0026378944213525796,0.0025495468685069974,0.0023267721837210674,0.0023267721837210674,0.00472937429243867,0.002402602108717604,0.0038378484704090442,0.0038378484704090442,0.006790022403310123,0.0029521739329010778
85602633fffffff,IND,20,20,20,True,20,0.002473803969105606,0.002473803969105606,0.028777606747099577,0.026303802777993972,0.0035857067153768516,0.0035857067153768516,0.03415079969823128,0.030565092982854418,0.027790003370348138,0.027790003370348138,0.0715484809845464,0.04375847761419828,0.04653736580547037,0.04653736580547037,0.10004110551134845,0.053503739705878094
8560263bfffffff,IND,20,20,20,True,20,-0.000293598973669185,-0.000293598973669185,0.0016243942115896606,0.0019179931852588456,-0.00030234490543208246,-0.00030234490543208246,0.0019304822926466281,0.0022328271980787103,0.0011051278192354564,0.0011051278192354564,0.005527404540993285,0.00442227672175783,0.002140966850638879,0.002140966850638879,0.007612513887140458,0.005471547036501579
85602643fffffff,IND,0,2,3,False,20,,,,,,,,,,,,,,,,
8560264ffffffff,IND,7,9,16,False,20,,-2.1470008252162835e-05,,,,-1.5024478017717891e-05,,,,0.0008002046620141206,,,,0.001098070407620597,,
85602657fffffff,IND,0,0,2,False,20,,,,,,,,,,,,,,,,
8560266ffffffff,IND,14,15,19,False,20,,2.169728268285357e-05,,,,3.0222745521772327e-05,,,,-0.0006058941610154131,,,,-0.0006895966570974602,,
85602683fffffff,IND,20,20,20,True,20,0.00035264039768335124,0.00035264039768335124,0.006350508007846657,0.005997867610163307,0.0005590078998001367,0.0005590078998001367,0.007554517226775109,0.00699550932697497,0.0022556552224288606,0.0022556552224288606,0.009361683884026337,0.007106028661597477,0.004366864334389591,0.004366864334389591,0.01310227522412428,0.008735410889734684
856026abfffffff,IND,20,20,20,True,20,-0.000702570944686532,-0.000702570944686532,0.0010111367899461917,0.0017137077346327234,-0.0007947705671645592,-0.0007947705671645592,0.0012019585222648593,0.0019967290894294183,-0.002375246058514788,-0.002375246058514788,0.002801406831366163,0.005176652889880951,-0.0024194288500583453,-0.0024194288500583453,0.003975054995367166,0.006394483845425511
856026bbfffffff,IND,20,20,20,True,20,-0.0002515490675088855,-0.0002515490675088855,0.0019201692029897667,0.002171718270498652,-0.0002462352387642672,-0.0002462352387642672,0.0022808021054867497,0.0025270373442510172,0.0006741526913904784,0.0006741526913904784,0.002992173052307092,0.0023180203609166135,0.0012725137828390187,0.0012725137828390187,0.004095010929938981,0.0028224971470999618
856026c7fffffff,IND,0,0,1,False,20,,,,,,,,,,,,,,,,
856026cbfffffff,IND,20,20,20,True,20,0.0007810035909811928,0.0007810035909811928,0.00523755735411841,0.004456553763137217,0.0010215126755442141,0.0010215126755442141,0.006230516374047717,0.005209003698503503,0.005476534100586005,0.005476534100586005,0.01161395349537293,0.006137419394786925,0.009037347978487925,0.009037347978487925,0.016734648622387827,0.007697300643899901
856026d7fffffff,IND,0,2,1,False,20,,,,,,,,,,,,,,,,
8560301bfffffff,IND,0,0,2,False,20,,,,,,,,,,,,,,,,
85603037fffffff,IND,5,6,9,False,20,,0.0007843980848321445,,,,0.0009395287429135015,,,,0.00031627447703280715,,,,0.0004142622804543256,,
8560303bfffffff,IND,1,3,10,False,20,,-0.0002221631602694338,,,,-0.0002538599835157976,,,,0.0011768790344884401,,,,0.0015312880429373167,,
8560304bfffffff,IND,5,6,9,False,20,,0.00024025629346040804,,,,0.00030004907435138956,,,,0.0008977290772896792,,,,0.0011677609756515477,,
8560304ffffffff,IND,16,17,19,False,20,,4.939601475535674e-05,,,,6.71041565101545e-05,,,,7.864856172361539e-05,,,,0.0001707337924378792,,
85603053fffffff,IND,16,16,19,False,20,,-0.00015705343470058736,,,,-0.00016994308440689403,,,,9.21101572398538e-05,,,,0.00023491773498929573,,
85603067fffffff,IND,20,20,20,True,20,-0.0027663558274366906,-0.0027663558274366906,0.004704464335920849,0.007470820163357539,-0.0031040047889006614,-0.0031040047889006614,0.005586557405178877,0.008690562194079538,-0.0023077981152971267,-0.0023077981152971267,0.011501667217679739,0.013809465332976865,-0.0009613814662442126,-0.0009613814662442126,0.015978244465190174,0.016939625931434384
8560306bfffffff,IND,0,2,10,False,20,,,,,,,,,,,,,,,,
85603077fffffff,IND,0,1,3,False,20,,,,,,,,,,,,,,,,
85603083fffffff,IND,13,16,17,False,20,,-8.114919420357238e-05,,,,-9.053671246734433e-05,,,,-0.00013476450223124972,,,,-1.4145786973182012e-05,,
85603097fffffff,IND,0,0,1,False,20,,,,,,,,,,,,,,,,
856030a3fffffff,IND,0,1,2,False,20,,,,,,,,,,,,,,,,
856030b7fffffff,IND,19,19,20,False,20,,-9.013027230358244e-05,,,,-7.185867964651107e-05,,,,0.0002689278262473116,,,,0.0012607360044432768,,
85603127fffffff,IND,20,20,20,True,20,0.0002987491044927312,0.0002987491044927312,0.0008586554153068582,0.0005599063108141269,0.0003680631518915635,0.0003680631518915635,0.0010208513821544044,0.0006527882302628409,0.0015218447710508996,0.0015218447710508996,0.002337923296955007,0.0008160785259041072,0.0023969416875607033,0.0023969416875607033,0.003401240992439687,0.0010042993048789842
8560312ffffffff,IND,20,20,20,True,20,-0.007052351693204286,-0.007052351693204286,0.03963920075101534,0.04669155244421964,-0.0072670805378850165,-0.0072670805378850165,0.047114974953212915,0.05438205549109794,0.03444912649435826,0.03444912649435826,0.07789962824759249,0.04345050175323424,0.0552415969292913,0.0552415969292913,0.10860791268558283,0.05336631575629151
85603137fffffff,IND,20,20,20,True,20,-0.00010989485991439989,-0.00010989485991439989,0.001562570793682772,0.0016724656535971715,-9.227751632624337e-05,-9.227751632624337e-05,0.0018579858786577613,0.001950263394984005,0.001328559616053019,0.001328559616053019,0.0038793540352339033,0.002550794419180884,0.0024666965325827,0.0024666965325827,0.005588406455747258,0.0031217099231645572
85603147fffffff,IND,5,7,12,False,20,,2.0337064544211944e-05,,,,2.7990678439651505e-05,,,,-0.00025139445535551995,,,,-0.00032925142025498383,,
85603153fffffff,IND,15,17,17,False,20,,0.0001577021516516422,,,,0.0002215067547912656,,,,0.0005636211410279654,,,,0.0012450017033704657,,
8560315bfffffff,IND,0,4,0,False,20,,,,,,,,,,,,,,,,
85603167fffffff,IND,20,20,20,True,20,0.001661100043692624,0.001661100043692624,0.021067712689048498,0.019406612645355877,0.0023274530511163474,0.0023274530511163474,0.025087507922010942,0.022760054870894594,0.004710743793042788,0.004710743793042788,0.009259147057238074,0.004548403264195285,0.0075747634898009324,0.0075747634898009324,0.013142283026528302,0.005567519536727367
85603177fffffff,IND,2,5,5,False,20,,-2.3973771032132098e-05,,,,-2.3150607666746993e-05,,,,0.0,,,,0.0,,
8560317bfffffff,IND,20,20,20,True,20,-3.562720934036478e-05,-3.562720934036478e-05,0.001878249065907902,0.001913876275248267,-9.051107824809674e-06,-9.051107824809674e-06,0.002234459820036774,0.0022435109278615838,0.0004220860334922942,0.0004220860334922942,0.0007541980915200735,0.00033211205802777927,0.0006938190056246212,0.0006938190056246212,0.0011036154486537661,0.00040979644302914476
85603193fffffff,IND,4,6,7,False,20,,-0.00010439141706201669,,,,-0.00011508934452076025,,,,0.0004289443093681052,,,,0.0006427671402373531,,
8560319bfffffff,IND,1,3,6,False,20,,-6.926797145575004e-05,,,,-7.116859076076369e-05,,,,0.0007144005286563913,,,,0.000895227096733764,,
856031a3fffffff,IND,7,8,18,False,20,,2.0810126285724776e-05,,,,2.8654633597839244e-05,,,,-0.00045212832769891183,,,,-0.0005475930412128072,,
856031a7fffffff,IND,3,6,3,False,20,,-4.997944404583406e-05,,,,-4.9229671806318846e-05,,,,0.00018009923927321363,,,,0.0002797100775658039,,
856031affffffff,IND,20,20,20,True,20,0.0006105559224708457,0.0006105559224708457,0.007744404663006532,0.007133848740535689,0.0009033564127603796,0.0009033564127603796,0.009205193551343308,0.008301837138582926,0.027251997788197445,0.027251997788197445,0.05413350021067579,0.02688150242247834,0.04409812803784545,0.04409812803784545,0.07701456838897305,0.032916440351127604
856031bbfffffff,IND,0,0,1,False,20,,,,,,,,,,,,,,,,
85603207fffffff,IND,1,1,3,False,20,,0.0002814352728554505,,,,0.00034187658301993004,,,,0.0003572002643281956,,,,0.000447613548366882,,
85603213fffffff,IND,0,0,2,False,20,,,,,,,,,,,,,,,,
85603217fffffff,IND,1,6,2,False,20,,3.5087133760278134e-06,,,,3.6635506263973916e-06,,,,0.0004937198830871317,,,,0.0006300045990335729,,
85603243fffffff,IND,20,20,20,True,20,0.00020229276418262153,0.00020229276418262153,0.002010557770029287,0.001808265005846665,0.0002813207440087043,0.0002813207440087043,0.002391783592277404,0.0021104628482686997,0.0036973411921057985,0.0036973411921057985,0.0046047082715686815,0.0009073670794628831,0.005538802074058444,0.005538802074058444,0.006658778891669488,0.001119976817611044
8560324bfffffff,IND,18,19,19,False,20,,2.1161093081051282e-05,,,,3.429054113614963e-05,,,,6.632918328299594e-07,,,,4.9760909287412344e-05,,
8560324ffffffff,IND,0,0,1,False,20,,,,,,,,,,,,,,,,
85603283fffffff,IND,7,7,15,False,20,,0.0001415499646790271,,,,0.00018050668010773113,,,,0.00026025091181411424,,,,0.00044475648633869553,,
8560328bfffffff,IND,20,20,20,True,20,-0.017411154666903864,-0.017411154666903864,0.03458904182969437,0.052000196496598226,-0.019503213633716574,-0.019503213633716574,0.041017154097942723,0.060520367731659294,0.0019403268627818126,0.0019403268627818126,0.05626090894377907,0.05432058208099727,0.01191107040290758,0.01191107040290758,0.07881546255609154,0.06690439215318397
8560328ffffffff,IND,0,2,2,False,20,,,,,,,,,,,,,,,,
856032a3fffffff,IND,20,20,20,True,20,-5.0526112544865365e-05,-5.0526112544865365e-05,0.0005504436635696942,0.0006009697761145595,-4.605112912772583e-05,-4.605112912772583e-05,0.0006538073978245648,0.0006998585269522908,0.0010675163608306717,0.0010675163608306717,0.0026433651202516224,0.0015758487594209505,0.0018008727554943353,0.0018008727554943353,0.0037631680183718963,0.0019622952628775615
856032abfffffff,IND,0,1,1,False,20,,,,,,,,,,,,,,,,
856032b3fffffff,IND,19,19,20,False,20,,0.0010018562025277504,,,,0.0011929893678801816,,,,0.0005668282307487099,,,,0.0010307625078866914,,
856032b7fffffff,IND,20,20,20,True,20,-0.000388228671746633,-0.000388228671746633,0.002461123207245974,0.002849351878992607,-0.00039508098887742257,-0.00039508098887742257,0.00292121805401985,0.003316299042897273,0.003838979953435251,0.003838979953435251,0.012116635248512909,0.008277655295077659,0.006738753387973811,0.006738753387973811,0.01703885087538199,0.010300097487408181
856032bbfffffff,IND,20,20,20,True,20,0.00038193052789468017,0.00038193052789468017,0.0018420028442606,0.0014600723163659198,0.0004885396089423399,0.0004885396089423399,0.0021871365989560147,0.0016985969900136743,0.00571202208733275,0.00571202208733275,0.011360991553421369,0.00564896946608862,0.009393021588038914,0.009393021588038914,0.016525196909121048,0.007132175321082135
856032cbfffffff,IND,0,1,0,False,20,,,,,,,,,,,,,,,,
856032d7fffffff,IND,1,1,13,False,20,,-0.00029784588866765626,,,,-0.00033547905411386374,,,,-3.9198846152200444e-05,,,,-5.129167002827729e-06,,
85603307fffffff,IND,18,18,19,False,20,,-0.00021908281553824943,,,,-0.00024539587333573574,,,,-0.00015867961636595063,,,,-0.0001344001389021686,,
85603317fffffff,IND,0,1,4,False,20,,,,,,,,,,,,,,,,
85603323fffffff,IND,1,4,2,False,20,,-0.00018426150331054669,,,,-0.0001915270905586315,,,,0.0002977833899333094,,,,0.0005076858935866315,,
85603327fffffff,IND,2,4,3,False,20,,9.616722244512192e-05,,,,0.00011948446524186556,,,,0.0011379641346453315,,,,0.0015098431491128233,,
85603333fffffff,IND,20,20,20,True,20,-0.00011860572465858494,-0.00011860572465858494,0.0016170328424487985,0.0017356385671073826,-0.000106515344491993,-0.000106515344491993,0.001922988263342524,0.002029503607834517,-0.0003748476482090978,-0.0003748476482090978,0.0012269262074435215,0.0016017738556526194,-0.0002528680769451938,-0.0002528680769451938,0.0017195246103333596,0.0019723926872785534
8560337bfffffff,IND,0,2,0,False,20,,,,,,,,,,,,,,,,
85603387fffffff,IND,20,20,20,True,20,-0.03246238225130545,-0.03246238225130545,0.05703403227040697,0.08949641452171242,-0.03662212275486547,-0.03662212275486547,0.06727240975724838,0.10389453251211385,0.007981723346529686,0.007981723346529686,0.1723982588228529,0.1644165354763232,0.03706741052183957,0.03706741052183957,0.24001437133316514,0.20294696081132563
85603393fffffff,IND,0,2,2,False,20,,,,,,,,,,,,,,,,
85603397fffffff,IND,14,16,17,False,20,,0.0006345405011990985,,,,0.0007681298550408387,,,,0.0013734215627322459,,,,0.0020070460604296905,,
8560339bfffffff,IND,1,7,6,False,20,,1.0500504885578926e-05,,,,9.980902428201105e-06,,,,0.0010488006964036625,,,,0.0015539049631724524,,
856033cffffffff,IND,1,3,3,False,20,,3.698232345131667e-05,,,,4.2837635558947454e-05,,,,-2.2269910837071022e-06,,,,5.1617200938202604e-05,,
856033d3fffffff,IND,1,6,7,False,20,,0.00040262262834124323,,,,0.000479784230902028,,,,0.0,,,,0.0,,
85603417fffffff,IND,3,3,8,False,20,,8.336795328653668e-05,,,,0.00010415612101968942,,,,-3.7837490624713725e-05,,,,4.0887961602750494e-05,,
8560341bfffffff,IND,20,20,20,True,20,0.0005818875070528056,0.0005818875070528056,0.0019102181909241693,0.0013283306838713638,0.0007202126429503944,0.0007202126429503944,0.002273056014825231,0.001552843371874837,0.00044146214068287024,0.00044146214068287024,0.0006575881817606958,0.00021612604107782552,0.0006735780832999522,0.0006735780832999522,0.000936681631772243,0.00026310354847229074
85603423fffffff,IND,20,20,20,True,20,-0.003639414334830085,-0.003639414334830085,0.010883299320482173,0.014522713655312259,-0.0039679466397299894,-0.0039679466397299894,0.012910372481835491,0.016878319121565483,0.008691295859511757,0.008691295859511757,0.032561376272312,0.023870080412800244,0.016232029218375528,0.016232029218375528,0.04569285039419024,0.029460821175814715
8560342ffffffff,IND,0,5,1,False,20,,,,,,,,,,,,,,,,
85603443fffffff,IND,14,14,20,False,20,,-3.554596608848584e-05,,,,-3.45598260794574e-05,,,,0.00030558374043552036,,,,0.00048634152290071654,,
85603453fffffff,IND,0,2,0,False,20,,,,,,,,,,,,,,,,
8560345bfffffff,IND,0,0,1,False,20,,,,,,,,,,,,,,,,
85603467fffffff,IND,0,0,1,False,20,,,,,,,,,,,,,,,,
85603487fffffff,IND,10,13,14,False,20,,2.364214053625608e-05,,,,3.758026332160104e-05,,,,-0.00021984761710526165,,,,-0.00018757866040303023,,
856034bbfffffff,IND,18,20,18,False,20,,0.0001239955590092626,,,,0.00015737119113066355,,,,0.00021903284423061836,,,,0.00033620979846037043,,
856034c7fffffff,IND,5,9,10,False,20,,7.564161970605961e-05,,,,9.245715618120034e-05,,,,8.55267377964036e-05,,,,0.00010757314974182443,,
856034cbfffffff,IND,9,13,12,False,20,,6.753134175727255e-05,,,,8.701326666066728e-05,,,,-4.40443456089329e-05,,,,-5.0304746152189966e-05,,
85603513fffffff,IND,3,4,6,False,20,,-7.065209401513159e-05,,,,-7.433899183469966e-05,,,,-0.00023858894319078958,,,,-0.0001842441019285785,,
85603517fffffff,IND,3,3,7,False,20,,-7.376466613585909e-05,,,,-8.231507400673896e-05,,,,1.9192023595754743e-05,,,,7.51040850857981e-05,,
85603523fffffff,IND,0,1,1,False,20,,,,,,,,,,,,,,,,
8560353bfffffff,IND,5,5,15,False,20,,0.00025825756106376507,,,,0.0003182868989227232,,,,0.0009419455101432189,,,,0.0012420317864876664,,
8560354bfffffff,IND,1,3,4,False,20,,2.6428677821772125e-05,,,,3.878305983341502e-05,,,,-7.839769230440089e-05,,,,-1.0258334005655459e-05,,
8560354ffffffff,IND,0,1,1,False,20,,,,,,,,,,,,,,,,
85603563fffffff,IND,0,0,2,False,20,,,,,,,,,,,,,,,,
8560357bfffffff,IND,2,6,6,False,20,,-8.936648719969556e-05,,,,-9.876393629024e-05,,,,0.0002244784314654528,,,,0.00039407010354737136,,
8560358bfffffff,IND,13,14,17,False,20,,-0.00020932451257242536,,,,-0.00021511159435556244,,,,0.0009358103488245899,,,,0.0018365696230098329,,
85603593fffffff,IND,2,3,7,False,20,,3.645550611814263e-05,,,,4.886015922292152e-05,,,,0.0002581004867080966,,,,0.00033442786952445454,,
8560359bfffffff,IND,3,3,12,False,20,,-0.00037216593739844845,,,,-0.0004204516150054919,,,,-0.000171562369104846,,,,-9.270131994855604e-05,,
856035b3fffffff,IND,0,1,1,False,20,,,,,,,,,,,,,,,,
856035c3fffffff,IND,3,3,14,False,20,,3.9180517967664786e-05,,,,5.538329814727334e-05,,,,0.00023565932018138131,,,,0.0004115117743679714,,
856035d3fffffff,IND,10,10,20,False,20,,-7.04363637022353e-06,,,,3.819385319157258e-06,,,,-0.00024225718422642102,,,,-3.542907809766012e-05,,
8560360bfffffff,IND,8,9,15,False,20,,-0.000886829454733259,,,,-0.0010195944713165483,,,,-0.0003488738855225125,,,,-0.000415458956575069,,
8560360ffffffff,IND,1,1,7,False,20,,-0.0002659470055751489,,,,-0.00029882850391580416,,,,0.0,,,,0.0,,
8560362ffffffff,IND,13,17,14,False,20,,5.311331119435801e-06,,,,1.0398439330668575e-05,,,,0.0006911884562556276,,,,0.001063013400237591,,
85603633fffffff,IND,0,1,1,False,20,,,,,,,,,,,,,,,,
8560363bfffffff,IND,20,20,20,True,20,0.0003887450366784421,0.0003887450366784421,0.013437912432942173,0.01304916739626373,0.0006941855273156759,0.0006941855273156759,0.015997105533754104,0.01530292000643843,-0.0011401431482065602,-0.0011401431482065602,0.0008748023437131752,0.0020149454919197356,-0.001302499500098327,-0.001302499500098327,0.0012152427141538969,0.002517742214252223
8560364ffffffff,IND,0,1,1,False,20,,,,,,,,,,,,,,,,
8560366bfffffff,IND,3,3,11,False,20,,4.7115513898831535e-05,,,,7.332422958299943e-05,,,,-0.0002606040058232292,,,,-0.0002713896884225907,,
8560369bfffffff,IND,20,20,20,True,20,-0.00023412230792661313,-0.00023412230792661313,0.0011000649187187445,0.0013341872266453578,-0.0002462161956167105,-0.0002462161956167105,0.0013058241843414806,0.001552040379958191,0.0027918802726592264,0.0027918802726592264,0.006772700988983804,0.003980820716324577,0.004670206874021194,0.004670206874021194,0.009620368182812093,0.004950161308790899
856036a3fffffff,IND,6,6,12,False,20,,-2.557610814044705e-05,,,,-2.286560647933059e-05,,,,-0.00011027108277786616,,,,-4.5346237746073224e-05,,
856036bbfffffff,IND,20,20,20,True,20,-0.0047263559106718546,-0.0047263559106718546,0.009258268926174904,0.013984624836846756,-0.005298791392272737,-0.005298791392272737,0.01088823530703796,0.0161870266993107,4.7245321423001854e-05,4.7245321423001854e-05,0.03028090315158652,0.03023365783016351,0.003208253217245311,0.003208253217245311,0.039806626184240954,0.03659837296699565
856036cbfffffff,IND,0,0,1,False,20,,,,,,,,,,,,,,,,
856036d3fffffff,IND,17,17,20,False,20,,1.4276591280024012e-05,,,,2.8896992294616707e-05,,,,0.0014431708384745913,,,,0.0024136400035902274,,
85608007fffffff,IND,0,0,4,False,20,,,,,,,,,,,,,,,,
8560801bfffffff,IND,13,14,17,False,20,,-5.580472159595021e-05,,,,-5.8292905046344905e-05,,,,-0.0005665401053260072,,,,-0.0006068877109005564,,
85608037fffffff,IND,19,19,20,False,20,,-0.0007545834996175435,,,,-0.0008653553324086765,,,,-0.002011023992180399,,,,-0.0022565423567676027,,
8560804ffffffff,IND,5,7,11,False,20,,0.00015086777095637952,,,,0.00018527237146144098,,,,0.0,,,,0.0,,
8560807bfffffff,IND,0,1,6,False,20,,,,,,,,,,,,,,,,
85608133fffffff,IND,0,0,11,False,20,,,,,,,,,,,,,,,,
856081bbfffffff,IND,2,9,4,False,20,,7.380902854545602e-07,,,,7.217882016685175e-06,,,,0.0001625205490807657,,,,0.0002284447992807751,,
85608213fffffff,IND,5,7,11,False,20,,0.00012473993725479554,,,,0.00015285284792695373,,,,5.679553354558367e-05,,,,6.17619390547903e-05,,
8560823bfffffff,IND,1,3,4,False,20,,9.545469844018551e-05,,,,0.00012040749838049871,,,,0.0,,,,0.0,,
85608313fffffff,IND,0,0,1,False,20,,,,,,,,,,,,,,,,
8560832bfffffff,IND,0,0,1,False,20,,,,,,,,,,,,,,,,
85608453fffffff,IND,4,8,7,False,20,,1.5492408811664324e-05,,,,2.8454763069095293e-05,,,,-0.00013243447191242265,,,,-6.733886235642082e-05,,
85608477fffffff,IND,0,0,3,False,20,,,,,,,,,,,,,,,,
85608493fffffff,IND,0,0,1,False,20,,,,,,,,,,,,,,,,
856084b7fffffff,IND,0,1,2,False,20,,,,,,,,,,,,,,,,
85608553fffffff,IND,0,1,0,False,20,,,,,,,,,,,,,,,,
8560856ffffffff,IND,19,19,20,False,20,,-0.0013292801594395002,,,,-0.0015313998762248309,,,,-0.0010325872804937397,,,,-0.0010205659452592003,,
85608587fffffff,IND,1,2,4,False,20,,0.0001885549478493405,,,,0.00022590944955621815,,,,0.0004107755210548546,,,,0.0005617287783438604,,
856085dbfffffff,IND,19,19,20,False,20,,-0.0003996974951941578,,,,-0.00045270612682137825,,,,0.0006149469184771051,,,,0.0013923242678170727,,
85608663fffffff,IND,5,8,11,False,20,,-3.114947490559775e-05,,,,-2.6978941188664408e-05,,,,0.0004182821204323504,,,,0.0005711136736063055,,
8560868ffffffff,IND,0,0,1,False,20,,,,,,,,,,,,,,,,
856086cffffffff,IND,0,0,1,False,20,,,,,,,,,,,,,,,,
8560883bfffffff,IND,0,1,1,False,20,,,,,,,,,,,,,,,,
85608843fffffff,IND,20,20,20,True,20,-0.0021539285657222644,-0.0021539285657222644,0.004450823898727531,0.0066047524644497965,-0.00240722312942241,-0.00240722312942241,0.005280607641058705,0.007687830770481116,-0.004115065436466257,-0.004115065436466257,0.017195946056416615,0.021311011492882868,-0.002548055178906914,-0.002548055178906914,0.023702582392498277,0.026250637571405194
8560884bfffffff,IND,5,5,11,False,20,,-3.28211928127495e-05,,,,-3.1513331382445594e-05,,,,-5.1833931707183745e-05,,,,2.996444914556476e-06,,
85608853fffffff,IND,20,20,20,True,20,-0.03434195254697571,-0.03434195254697571,0.048652179922593304,0.08299413246956902,-0.038923186593258316,-0.038923186593258316,0.056588916878139495,0.09551210347139781,-0.03590019421493642,-0.03590019421493642,0.20923077015151453,0.24513096436645104,-0.011539022229545764,-0.011539022229545764,0.28880065389378373,0.30033967612332946
8560885bfffffff,IND,0,0,5,False,20,,,,,,,,,,,,,,,,
8560886bfffffff,IND,8,8,17,False,20,,-0.00024844100658175637,,,,-0.0002890945277729142,,,,-0.0006471187934929831,,,,-0.0007931742175223024,,
85608883fffffff,IND,11,12,13,False,20,,0.00010657901482925554,,,,0.00013171652378592388,,,,5.349450156765637e-05,,,,6.960400195169622e-05,,
8560889bfffffff,IND,12,14,13,False,20,,8.692847314826114e-05,,,,0.00011142532894972809,,,,-0.00019321235746536724,,,,-0.00018607520121838436,,
856088abfffffff,IND,0,0,1,False,20,,,,,,,,,,,,,,,,
856088c7fffffff,IND,0,1,11,False,20,,,,,,,,,,,,,,,,
856088d7fffffff,IND,0,0,3,False,20,,,,,,,,,,,,,,,,
856088dbfffffff,IND,3,13,6,False,20,,0.00011089893134266847,,,,0.00013606608479884019,,,,0.002200153311691156,,,,0.003042319612411406,,
85608a13fffffff,IND,0,1,1,False,20,,,,,,,,,,,,,,,,
85608a27fffffff,IND,20,20,20,True,20,-0.0005818384229624348,-0.0005818384229624348,0.0008477087442445477,0.0014295471672069828,-0.0006600957324517639,-0.0006600957324517639,0.0010066060739808824,0.0016667018064326466,-0.002035737930840361,-0.002035737930840361,0.0037551185529907613,0.005790856483831122,-0.0019434252884783117,-0.0019434252884783117,0.0051487382773130076,0.00709216356579132
85608a2ffffffff,IND,7,7,20,False,20,,-0.00031210114517196593,,,,-0.00036289585032705797,,,,0.0008419958692413764,,,,0.0013599883906804087,,
85608a37fffffff,IND,20,20,20,True,20,-0.00043695089364939566,-0.00043695089364939566,0.0004436926169821276,0.0008806435106315234,-0.0004922445278459232,-0.0004922445278459232,0.0005267578456525053,0.0010190023734984283,-0.0025485788579787663,-0.0025485788579787663,0.0034233235732037395,0.005971902431182507,-0.0026187286726098635,-0.0026187286726098635,0.004794648311656569,0.00741337698426643
85608a63fffffff,IND,2,3,7,False,20,,0.0001595147024649402,,,,0.00018889055877570086,,,,0.0005174933284678888,,,,0.0006872243701840895,,
85608a83fffffff,IND,0,2,3,False,20,,,,,,,,,,,,,,,,
85608b0bfffffff,IND,20,20,20,True,20,-0.0004922385405589095,-0.0004922385405589095,0.0007303677422153766,0.0012226062827742862,-0.000553466530620003,-0.000553466530620003,0.0008677420949710713,0.0014212086255910744,-0.0007607551696248383,-0.0007607551696248383,0.0029189552805934708,0.003679710450218309,-0.00045452037500968816,-0.00045452037500968816,0.0040034381506422485,0.004457958525651936
85608b13fffffff,IND,1,1,2,False,20,,-2.637169000776567e-05,,,,-3.0131447763700737e-05,,,,-0.0008414993836017015,,,,-0.001036290907583577,,
85608b1bfffffff,IND,20,20,20,True,20,-0.06737964493381565,-0.06737964493381565,0.05676250020352008,0.12414214513733572,-0.07683424294153644,-0.07683424294153644,0.06685310208505674,0.1436873450265932,-0.03755855277769663,-0.03755855277769663,0.11114140062256199,0.14869995340025866,-0.028036733663496523,-0.028036733663496523,0.15111041909056233,0.17914715275405885
85608b43fffffff,IND,20,20,20,True,20,0.0013095742401976172,0.0013095742401976172,0.0044029107272294124,0.0030933364870317955,0.0012245430939826106,0.0012245430939826106,0.0044701125015433035,0.003245569407560693,0.009362565409738616,0.009362565409738616,0.021856135715145227,0.01249357030540661,0.013715295139117433,0.013715295139117433,0.0272920802859498,0.01357678514683236
85608b4ffffffff,IND,19,20,19,False,20,,4.321737971502444e-05,,,,6.211336778728077e-05,,,,0.002161299061448883,,,,0.003232794469298782,,
85608b53fffffff,IND,20,20,20,True,20,-0.0001172620947039097,-0.0001172620947039097,0.00437650244814275,0.004493764542846659,-1.5767680436595496e-05,-1.5767680436595496e-05,0.005198954005430965,0.005214721685867561,0.0077659810753716915,0.0077659810753716915,0.02177956831823535,0.014013587242863659,0.013423067515977317,0.013423067515977317,0.03047859657841497,0.017055529062437666
85608b57fffffff,IND,20,20,20,True,20,-0.07829829515812926,-0.07829829515812926,0.1315176896600066,0.20981598481813593,-0.08704285120596404,-0.08704285120596404,0.14257917134434317,0.22962202255030723,-0.008797399076024134,-0.008797399076024134,0.49576208345756445,0.5045594825335886,0.058856898990377104,0.058856898990377104,0.6549105825844999,0.5960536835941227
85608b5bfffffff,IND,20,20,20,True,20,-0.0001765743574137012,-0.0001765743574137012,0.0005509002240353846,0.0007274745814490857,-0.00019045833805430445,-0.00019045833805430445,0.0006539035264744668,0.0008443618645287713,-0.0007530217751092227,-0.0007530217751092227,0.0020607340784180857,0.002813755853527308,-0.0005828639545022597,-0.0005828639545022597,0.002965836411421689,0.0035487003659239484
85608b8ffffffff,IND,4,4,6,False,20,,5.18871106718726e-06,,,,1.1261113849857987e-05,,,,7.768098530760024e-05,,,,0.00011900174248097597,,
85608b93fffffff,IND,10,12,12,False,20,,8.706710283570494e-05,,,,0.00011021089145179402,,,,0.00018288974249943814,,,,0.00024831454568820157,,
85608bcffffffff,IND,20,20,20,True,20,-0.002502825089234774,-0.002502825089234774,0.005899699286044178,0.008402524375278952,-0.002692225748929347,-0.002692225748929347,0.006868036773710092,0.009560262522639437,-0.009796659332118922,-0.009796659332118922,0.033126968446430594,0.04292362777854951,-0.007392616977704681,-0.007392616977704681,0.04518224512823617,0.052574862105940846
85608bd3fffffff,IND,5,5,11,False,20,,8.51213661743381e-05,,,,0.00010510763536441903,,,,1.4903303852612828e-05,,,,0.00011271315000571879,,
85608bd7fffffff,IND,7,7,16,False,20,,5.96744812579004e-05,,,,7.901941394101802e-05,,,,-0.0001229510946404769,,,,-0.00013847141323343625,,
85608c2bfffffff,IND,12,17,14,False,20,,0.00026618960580039754,,,,0.0003230722416542464,,,,0.0006485586447322142,,,,0.0009675139964672,,
85608c4bfffffff,IND,0,0,1,False,20,,,,,,,,,,,,,,,,
85608c4ffffffff,IND,10,13,11,False,20,,-1.2349222525677243e-05,,,,-9.554341860704233e-06,,,,-7.864207280737155e-05,,,,-5.311679332136309e-05,,
85608c83fffffff,IND,0,0,3,False,20,,,,,,,,,,,,,,,,
85608ca3fffffff,IND,20,20,20,True,20,0.003913073512829792,0.003913073512829792,0.023030306176590302,0.01911723266376051,0.005083483928667381,0.005083483928667381,0.02742361669571252,0.02234013276704514,0.001309189238060639,0.001309189238060639,0.006218832056249396,0.004909642818188757,0.0026659888262921204,0.0026659888262921204,0.008630544558732467,0.005964555732440346
85608cc3fffffff,IND,2,2,12,False,20,,-0.00021015968681986372,,,,-0.00023789940210669638,,,,-0.00019185137807597996,,,,-7.348391133934953e-05,,
85608d17fffffff,IND,4,5,10,False,20,,4.896887273349727e-05,,,,6.327116556068152e-05,,,,9.504119794060442e-05,,,,0.0002107340438513162,,
85608d43fffffff,IND,0,0,1,False,20,,,,,,,,,,,,,,,,
85608d97fffffff,IND,0,1,0,False,20,,,,,,,,,,,,,,,,
85608e13fffffff,IND,1,2,2,False,20,,-0.00025445033654917495,,,,-0.00029706327317568457,,,,0.0,,,,0.0,,
85608e17fffffff,IND,0,0,2,False,20,,,,,,,,,,,,,,,,
85608e4ffffffff,IND,17,19,17,False,20,,4.3399316007343234e-05,,,,6.152122325487842e-05,,,,0.0012554329767479036,,,,0.0020081763526363927,,
85608e77fffffff,IND,0,0,2,False,20,,,,,,,,,,,,,,,,
85609007fffffff,IND,20,20,20,True,20,0.0001276645187344153,0.0001276645187344153,0.0005561919899760937,0.00042852747124167833,0.0001602302021645866,0.0001602302021645866,0.0006594007440060932,0.0004991705418415065,0.00012059234971496376,0.00012059234971496376,0.0009524001684944834,0.0008318078187795196,0.00026624034436555636,0.00026624034436555636,0.0012740384150458312,0.0010077980706802749
85609067fffffff,IND,0,0,1,False,20,,,,,,,,,,,,,,,,
85609097fffffff,IND,1,4,7,False,20,,-0.00023330537959364659,,,,-0.0002646879460689148,,,,0.0008767556248801001,,,,0.0013249714403732473,,
85609157fffffff,IND,15,16,19,False,20,,-0.0001251859964247016,,,,-0.00013670192741328555,,,,-0.000669297924749075,,,,-0.0008244126682327412,,
85609167fffffff,IND,3,4,6,False,20,,3.1564688048497556e-05,,,,4.0749651866973356e-05,,,,0.0,,,,0.0,,
85609177fffffff,IND,3,6,9,False,20,,7.113060212830798e-05,,,,8.604600987640302e-05,,,,9.565872029677161e-05,,,,0.00011678777558995345,,
85609193fffffff,IND,0,2,3,False,20,,,,,,,,,,,,,,,,
85609447fffffff,IND,0,0,1,False,20,,,,,,,,,,,,,,,,
8560946bfffffff,IND,17,17,20,False,20,,-2.2153876477362818e-05,,,,-1.8372008132398336e-05,,,,0.000680298997955262,,,,0.0012215523238282944,,
856094b7fffffff,IND,1,2,5,False,20,,0.000271036419417771,,,,0.0003233121576437111,,,,0.0,,,,0.0,,
856094d7fffffff,IND,0,0,2,False,20,,,,,,,,,,,,,,,,
85609613fffffff,IND,20,20,20,True,20,-0.0015344026435119454,-0.0015344026435119454,0.010457799285545457,0.011992201929057403,-0.0015822898839791635,-0.0015822898839791635,0.012327713523048452,0.013910003407027615,0.007123527966770045,0.007123527966770045,0.03808234169350859,0.030958813726738532,0.01452130193332156,0.01452130193332156,0.05241756670277052,0.03789626476944896
85609663fffffff,IND,10,11,18,False,20,,6.977604309658377e-05,,,,8.880687135045219e-05,,,,0.0005223172127592632,,,,0.0008673826536611722,,
85609837fffffff,IND,10,13,14,False,20,,-3.0716853666834476e-05,,,,-1.4459622109574879e-05,,,,0.00011838849088529604,,,,-8.495021338957476e-05,,
85609877fffffff,IND,5,12,9,False,20,,-1.2812401932613821e-05,,,,-7.1021216627368816e-06,,,,0.00117284004356951,,,,0.0018545681725744031,,
8560988bfffffff,IND,0,1,1,False,20,,,,,,,,,,,,,,,,
85609957fffffff,IND,0,1,0,False,20,,,,,,,,,,,,,,,,
8560996ffffffff,IND,0,0,2,False,20,,,,,,,,,,,,,,,,
856099a3fffffff,IND,20,20,20,True,20,0.0016729052908735786,0.0016729052908735786,0.008465751047124704,0.006792845756251125,0.002162273636873606,0.002162273636873606,0.010081505214732774,0.007919231577859169,-0.0016220821521881698,-0.0016220821521881698,0.006769166902705952,0.008391249054894124,-0.0010874481927819642,-0.0010874481927819642,0.009281573945418412,0.010369022138200375
856099bbfffffff,IND,1,2,1,False,20,,8.137720115060427e-05,,,,0.00010471638781342602,,,,0.0,,,,0.0,,
85609ac3fffffff,IND,0,0,1,False,20,,,,,,,,,,,,,,,,
85609b13fffffff,IND,6,9,11,False,20,,0.00028183890193305463,,,,0.000342035198720487,,,,6.157566462341333e-05,,,,0.00010653955435027599,,
85609c37fffffff,IND,20,20,20,True,20,0.00025248602546685574,0.00025248602546685574,0.002309667978888811,0.002057181953421955,0.0003459270771500955,0.0003459270771500955,0.0027445193820870547,0.0023985923049369582,0.0018725783508393456,0.0018725783508393456,0.005394455835012367,0.0035218774841730216,0.0033387544451503716,0.0033387544451503716,0.007707670444404992,0.004368915999254622
85609c5bfffffff,IND,15,16,16,False,20,,2.7051231538885957e-05,,,,3.956586363134333e-05,,,,0.00026549441293564587,,,,0.00042298548225869307,,
85609ccbfffffff,IND,0,0,2,False,20,,,,,,,,,,,,,,,,
85609d07fffffff,IND,2,3,7,False,20,,5.4802577396495506e-05,,,,6.713998700767719e-05,,,,0.0002608867878606706,,,,0.00034522995680785025,,
85609d27fffffff,IND,1,4,4,False,20,,-1.604167639944411e-05,,,,-1.3380714298010562e-05,,,,-7.839769230440089e-05,,,,-1.0258334005655459e-05,,
85609d2bfffffff,IND,20,20,20,True,20,-0.0004361732602237118,-0.0004361732602237118,0.0006826721885767383,0.0011188454488004502,-0.0004911324700168461,-0.0004911324700168461,0.0008112369793087553,0.0013023694493256017,0.0008367077491403087,0.0008367077491403087,0.006430965294471786,0.005594257545331476,0.0023820307867180833,0.0023820307867180833,0.00930067540734961,0.006918644620631529
85609d3bfffffff,IND,0,0,1,False,20,,,,,,,,,,,,,,,,
85609d67fffffff,IND,0,0,2,False,20,,,,,,,,,,,,,,,,
85609dbbfffffff,IND,0,2,1,False,20,,,,,,,,,,,,,,,,
85609e33fffffff,IND,1,7,4,False,20,,0.00020046318153857037,,,,0.00024353213648377944,,,,0.0005739523217806297,,,,0.0007007266535397206,,
85609e37fffffff,IND,20,20,20,True,20,0.0003418851873407705,0.0003418851873407705,0.0017816022316814023,0.001439717044340632,0.00044310566505645105,0.00044310566505645105,0.0021209768709213386,0.0016778712058648875,-0.00047164440850169163,-0.00047164440850169163,0.00022252257013472918,0.0006941669786364209,-0.0005468062269654489,-0.0005468062269654489,0.0002830554983652207,0.0008298617253306696
8560a033fffffff,IND,19,19,20,False,20,,0.0012343396969512505,,,,0.001559213900244885,,,,-0.0008857873174109907,,,,-0.0008774843095159428,,
8560a04bfffffff,IND,3,4,10,False,20,,-0.0003243765257403049,,,,-0.00037349595106760163,,,,-0.0007622780162259453,,,,-0.0007855961544216625,,
8560a07bfffffff,IND,0,0,7,False,20,,,,,,,,,,,,,,,,
8560a087fffffff,IND,2,2,6,False,20,,-7.087176776845395e-06,,,,-7.803101944224492e-06,,,,-0.000219681725116651,,,,-0.0002705920554172529,,
8560a0c3fffffff,IND,0,0,2,False,20,,,,,,,,,,,,,,,,
8560a0c7fffffff,IND,20,20,20,True,20,-0.006711636538748134,-0.006711636538748134,0.00505733531284844,0.011768971851596574,-0.0051249240029112375,-0.0051249240029112375,0.005268369993277134,0.010393293996188373,-0.009027469662549375,-0.009027469662549375,0.0088876112902512,0.01791508095280057,-0.006409820036777182,-0.006409820036777182,0.011914685145363155,0.01832450518214034
8560a117fffffff,IND,0,0,2,False,20,,,,,,,,,,,,,,,,
8560a133fffffff,IND,0,1,4,False,20,,,,,,,,,,,,,,,,
8560a137fffffff,IND,1,2,8,False,20,,5.3041825349925105e-05,,,,6.767699806479159e-05,,,,0.0003572002643281956,,,,0.000447613548366882,,
8560a173fffffff,IND,0,0,1,False,20,,,,,,,,,,,,,,,,
8560a183fffffff,IND,15,15,20,False,20,,-3.1395421817877055e-05,,,,-3.1049880727355114e-05,,,,-0.00016217357979327434,,,,-0.00019441031939179955,,
8560a1a3fffffff,IND,0,0,1,False,20,,,,,,,,,,,,,,,,
8560a1cbfffffff,IND,13,13,19,False,20,,-0.000431650013263411,,,,-0.0004949401338656073,,,,-0.0005219152787785661,,,,-0.00046711022700907567,,
8560a217fffffff,IND,2,2,8,False,20,,3.0362385960769263e-06,,,,8.020263182306102e-06,,,,0.0001701710482005161,,,,0.00023573828900081014,,
8560a21bfffffff,IND,0,0,5,False,20,,,,,,,,,,,,,,,,
8560a243fffffff,IND,6,7,13,False,20,,-8.712545282192677e-05,,,,-9.496990353135854e-05,,,,-0.00013316294345423844,,,,-0.00011395855614527773,,
8560a24bfffffff,IND,16,16,20,False,20,,-0.0005829563479738246,,,,-0.0006749440422302666,,,,-0.0008348758997211228,,,,-0.0008911050566522965,,
8560a24ffffffff,IND,0,0,10,False,20,,,,,,,,,,,,,,,,
8560a253fffffff,IND,0,0,2,False,20,,,,,,,,,,,,,,,,
8560a257fffffff,IND,0,0,2,False,20,,,,,,,,,,,,,,,,
8560a25bfffffff,IND,20,20,20,True,20,-0.7007359414665618,-0.7007359414665618,0.2780510545128908,0.9787869959794527,-0.7926844294800477,-0.7926844294800477,0.31935328230250004,1.1120377117825475,-0.8532639035163726,-0.8532639035163726,0.682958853285393,1.5362227568017657,-0.9033414943531313,-0.9033414943531313,0.9303093985928289,1.83365089294596
8560a263fffffff,IND,2,5,7,False,20,,-1.68894319208254e-05,,,,-1.3817081784248976e-05,,,,0.0005721150070263675,,,,0.0007650260329295442,,
8560a28ffffffff,IND,0,0,8,False,20,,,,,,,,,,,,,,,,
8560a293fffffff,IND,0,0,2,False,20,,,,,,,,,,,,,,,,
8560a29bfffffff,IND,4,8,14,False,20,,-2.804238915743568e-05,,,,-2.5753290976883812e-05,,,,-8.100327334071513e-05,,,,-3.2592156991440155e-05,,
8560a39bfffffff,IND,2,2,12,False,20,,-0.0002761410793845093,,,,-0.0003082115683213126,,,,0.0001480417323947627,,,,0.00033892432476051215,,
8560a3cbfffffff,IND,0,0,1,False,20,,,,,,,,,,,,,,,,
8560a42bfffffff,IND,0,1,6,False,20,,,,,,,,,,,,,,,,
8560a463fffffff,IND,16,16,20,False,20,,-0.0003212715481985542,,,,-0.0003673339302466711,,,,-0.00026706139840545947,,,,-0.000243093030001994,,
8560a4b3fffffff,IND,12,12,20,False,20,,7.785631098696939e-05,,,,0.00010321306739755267,,,,0.0018823254474209879,,,,0.002957624398454945,,
8560a517fffffff,IND,20,20,20,True,20,-0.06774670497092261,-0.06774670497092261,0.01620163035432186,0.08394833532524447,-0.07844194991336083,-0.07844194991336083,0.019238009095275472,0.09767995900863631,-0.052999007760749325,-0.052999007760749325,0.020751178660640354,0.07375018642138967,-0.06057174564388286,-0.06057174564388286,0.02865473027069946,0.08922647591458233
8560a563fffffff,IND,0,1,5,False,20,,,,,,,,,,,,,,,,
8560a5cbfffffff,IND,1,2,6,False,20,,-9.124341963453198e-05,,,,-0.00010176670470790478,,,,0.0003250410981615314,,,,0.0004568895985615502,,
8560a693fffffff,IND,1,1,9,False,20,,-4.7940559491951526e-05,,,,-5.003126449607014e-05,,,,0.0003572002643281956,,,,0.000447613548366882,,
8560a813fffffff,IND,0,0,1,False,20,,,,,,,,,,,,,,,,
8560a823fffffff,IND,20,20,20,True,20,-0.001259460519435394,-0.001259460519435394,0.001677692179866123,0.002937152699301517,-0.0014310860539082254,-0.0014310860539082254,0.0019951358373929327,0.003426221891301158,-0.002610426993720407,-0.002610426993720407,0.003498982980807072,0.00610940997452748,-0.0026357840691162157,-0.0026357840691162157,0.004901405497901924,0.007537189567018139
8560a863fffffff,IND,0,0,5,False,20,,,,,,,,,,,,,,,,
8560a897fffffff,IND,20,20,20,True,20,-0.001030661109929962,-0.001030661109929962,0.004060792321706688,0.005091453431636649,-0.001103135805810731,-0.001103135805810731,0.004832818222012716,0.005935954027823448,0.0007994706354825043,0.0007994706354825043,0.009486160114013492,0.008686689478530987,0.002999260395537325,0.002999260395537325,0.013585577132679435,0.010586316737142113
8560a8d7fffffff,IND,0,1,0,False,20,,,,,,,,,,,,,,,,
8560a903fffffff,IND,0,0,8,False,20,,,,,,,,,,,,,,,,
8560a907fffffff,IND,13,13,20,False,20,,-0.0002200647614760643,,,,-0.0002497350330454653,,,,-0.00025109970331217593,,,,-0.00024728411916994736,,
8560a90bfffffff,IND,5,5,8,False,20,,-1.0518933764889363e-05,,,,-5.945876484408203e-06,,,,-0.00010366679289025557,,,,-4.240788887736155e-05,,
8560a90ffffffff,IND,20,20,20,True,20,-0.002777340621747597,-0.002777340621747597,0.0050041761228846425,0.00778151674463224,-0.00308540838991887,-0.00308540838991887,0.005941979223021953,0.009027387612940823,-0.010777873194448253,-0.010777873194448253,0.015236670303237804,0.026014543497686053,-0.010631397751137696,-0.010631397751137696,0.021476449791332487,0.03210784754247019
8560a917fffffff,IND,20,20,20,True,20,-0.0002127494825308554,-0.0002127494825308554,0.0007437199945291902,0.0009564694770600455,-0.00022907045390834982,-0.00022907045390834982,0.0008853483105758297,0.0011144187644841796,-0.0010514958014314429,-0.0010514958014314429,0.003683397894745684,0.004734893696177126,-0.000794104117086962,-0.000794104117086962,0.0050685688046562885,0.005862672921743251
8560a96bfffffff,IND,17,17,20,False,20,,-0.0005231999907966016,,,,-0.0005999418696893969,,,,-0.0015676078506689972,,,,-0.0016846344709157432,,
8560a977fffffff,IND,0,0,3,False,20,,,,,,,,,,,,,,,,
8560a987fffffff,IND,2,2,6,False,20,,-0.0004967155704178503,,,,-0.0005152832466140838,,,,-0.00036573439352805036,,,,-0.0004112980587363869,,
8560a98bfffffff,IND,6,8,13,False,20,,-0.0001454698053751417,,,,-0.00016033947261350566,,,,-0.0012783011836292233,,,,-0.0013430084347500419,,
8560aa17fffffff,IND,0,1,0,False,20,,,,,,,,,,,,,,,,
8560aa27fffffff,IND,20,20,20,True,20,-3.006470016174085e-05,-3.006470016174085e-05,0.0006374651909627962,0.0006675298911245369,-2.0940645194728592e-05,-2.0940645194728592e-05,0.0007596184062166392,0.0007805590514113678,0.0001201292909756989,0.0001201292909756989,0.0009274641090255973,0.0008073348180498983,0.0002749873778042557,0.0002749873778042557,0.0012635075339554958,0.0009885201561512403
8560aa87fffffff,IND,0,0,7,False,20,,,,,,,,,,,,,,,,
8560aaaffffffff,IND,19,19,20,False,20,,-0.0006648994856431416,,,,-0.0007610117713810583,,,,-0.00044344352923321467,,,,-0.00016526615089794308,,
8560aab3fffffff,IND,0,0,1,False,20,,,,,,,,,,,,,,,,
8560aad3fffffff,IND,8,8,20,False,20,,-0.0004983061811806635,,,,-0.0005730404514237598,,,,-0.0024024293095470557,,,,-0.0028535533764439854,,
8560ab0bfffffff,IND,18,18,20,False,20,,0.00020111972094293497,,,,0.00026883845955453904,,,,0.0029091324632105255,,,,0.004823553649613102,,
8560ab4bfffffff,IND,0,1,0,False,20,,,,,,,,,,,,,,,,
8560ab63fffffff,IND,0,0,2,False,20,,,,,,,,,,,,,,,,
8560ab83fffffff,IND,1,2,3,False,20,,0.0006160968407672069,,,,0.0007415410425026133,,,,0.0010324019468323864,,,,0.0013377114780978182,,
8560ab9bfffffff,IND,0,1,1,False,20,,,,,,,,,,,,,,,,
8560abcffffffff,IND,20,20,20,True,20,0.0011188112174745587,0.0011188112174745587,0.005181985784841375,0.004063174567366817,0.001412269109707692,0.001412269109707692,0.006165293504672735,0.004753024394965044,0.0012901036528927257,0.0012901036528927257,0.0016898113843374668,0.00039970773144474143,0.0019978774083768093,0.0019978774083768093,0.0024862873958308787,0.0004884099874540698
8560ac0bfffffff,IND,0,1,0,False,20,,,,,,,,,,,,,,,,
8560ac53fffffff,IND,0,1,0,False,20,,,,,,,,,,,,,,,,
8560ac73fffffff,IND,0,0,2,False,20,,,,,,,,,,,,,,,,
8560ac83fffffff,IND,0,0,1,False,20,,,,,,,,,,,,,,,,
8560acb3fffffff,IND,2,2,14,False,20,,2.629947427036178e-05,,,,3.6249246187520834e-05,,,,-0.00016234499698669213,,,,-0.00014894484769759222,,
8560ad13fffffff,IND,6,7,13,False,20,,-3.950189341018209e-05,,,,-3.81101171342791e-05,,,,0.0003981182273654885,,,,0.000607591271654153,,
8560ad6bfffffff,IND,16,17,18,False,20,,9.926675145231238e-06,,,,1.9728045960947706e-05,,,,-0.00022762876405612895,,,,-0.00024246883883678725,,
8560ad73fffffff,IND,1,6,4,False,20,,-5.133024932605398e-06,,,,-1.890920289578671e-06,,,,0.0,,,,0.0,,
8560ada7fffffff,IND,1,6,6,False,20,,-1.604167639944411e-05,,,,-1.3380714298010562e-05,,,,0.0003180014181759952,,,,0.00044248438136405426,,
8560adaffffffff,IND,3,3,9,False,20,,-3.040945456810165e-05,,,,-3.148389722761694e-05,,,,1.6664703351964004e-05,,,,7.587456730167479e-05,,
8560adc3fffffff,IND,3,4,13,False,20,,-2.4142818562188765e-05,,,,-2.478953309218934e-05,,,,0.0,,,,0.0,,
8560ae2bfffffff,IND,15,16,18,False,20,,0.000149872484475395,,,,0.0001817809885099629,,,,0.00015674536061298602,,,,0.0002674300413275861,,
8560ae3bfffffff,IND,1,3,3,False,20,,-4.3161463714298245e-05,,,,-4.5562652452105874e-05,,,,0.0,,,,0.0,,
8560ae97fffffff,IND,1,1,1,False,20,,6.483274049669466e-05,,,,7.980538742497871e-05,,,,0.000427633688982018,,,,0.0005378657487091222,,
8560aeaffffffff,IND,0,0,1,False,20,,,,,,,,,,,,,,,,
8560aeb7fffffff,IND,0,0,4,False,20,,,,,,,,,,,,,,,,
8560b00bfffffff,IND,1,1,3,False,20,,5.3041825349925105e-05,,,,6.767699806479159e-05,,,,0.0003572002643281956,,,,0.000447613548366882,,
8560b013fffffff,IND,0,0,2,False,20,,,,,,,,,,,,,,,,
8560b023fffffff,IND,0,0,2,False,20,,,,,,,,,,,,,,,,
8560b027fffffff,IND,3,3,12,False,20,,-9.890909170733006e-05,,,,-0.00010825286495320809,,,,-0.0003005379601351616,,,,-0.0003434273629823238,,
8560b03bfffffff,IND,15,15,20,False,20,,-0.0009931571392287175,,,,-0.0010714304828430934,,,,-0.0015417871701143787,,,,-0.0017353191163132118,,
8560b047fffffff,IND,17,17,20,False,20,,-0.00018382056111820595,,,,-0.00018208681372825042,,,,0.005814874302966442,,,,0.00910717519438928,,
8560b04ffffffff,IND,0,0,8,False,20,,,,,,,,,,,,,,,,
8560b083fffffff,IND,20,20,20,True,20,-0.0026346086077290226,-0.0026346086077290226,0.0010981350413644213,0.003732743649093445,-0.0030443612840058364,-0.0030443612840058364,0.0012824118935400321,0.004326773177545868,-0.002634761689887568,-0.002634761689887568,0.0032364195255386945,0.005871181215426263,-0.0027176501518847767,-0.0027176501518847767,0.0043960388725823385,0.007113689024467115
8560b097fffffff,IND,2,2,6,False,20,,2.827526936297646e-05,,,,3.567027434559449e-05,,,,5.4613413621388103e-05,,,,7.920992465959841e-05,,
8560b0c3fffffff,IND,0,0,3,False,20,,,,,,,,,,,,,,,,
8560b103fffffff,IND,0,0,7,False,20,,,,,,,,,,,,,,,,
8560b117fffffff,IND,3,3,20,False,20,,-0.0008320743906040312,,,,0.0,,,,-0.00018228383084156253,,,,0.0,,
8560b147fffffff,IND,0,0,1,False,20,,,,,,,,,,,,,,,,
8560b183fffffff,IND,3,4,13,False,20,,-2.170540577349336e-05,,,,-1.8503473655445153e-05,,,,0.0002119362110026908,,,,0.00039693145436364333,,
8560b187fffffff,IND,1,1,15,False,20,,-0.0002198298642821517,,,,-0.000244458676570888,,,,0.0001885295926002639,,,,0.00030472741880666846,,
8560b193fffffff,IND,3,4,8,False,20,,-0.00031352246245802895,,,,-0.0003535722988375932,,,,0.0,,,,0.0,,
8560b197fffffff,IND,20,20,20,True,20,-0.005227928039240771,-0.005227928039240771,0.0033554040675530276,0.008583332106793799,-0.005996641440985379,-0.005996641440985379,0.003978214553530095,0.009974855994515473,-0.004221480269246602,-0.004221480269246602,0.015987812484571602,0.020209292753818203,-0.0019400335906029826,-0.0019400335906029826,0.02272907816396999,0.024669111754572974
8560b1a3fffffff,IND,2,2,18,False,20,,-0.00032097348258539504,,,,-3.833334291666906e-05,,,,-0.0007631237955040887,,,,0.0,,
8560b1a7fffffff,IND,0,0,1,False,20,,,,,,,,,,,,,,,,
8560b1abfffffff,IND,0,0,1,False,20,,,,,,,,,,,,,,,,
8560b1d7fffffff,IND,4,4,16,False,20,,-0.00017500499918844255,,,,-0.00019658786000431954,,,,0.00023278814652720632,,,,0.00028708505047665066,,
8560b1dbfffffff,IND,5,5,20,False,20,,-0.00035800018465837174,,,,-0.00040629821637222074,,,,-9.041671700645534e-05,,,,-9.047395480665068e-05,,
8560b24ffffffff,IND,11,14,13,False,20,,9.67781383681893e-06,,,,1.8025999418345057e-05,,,,0.00012535027649400414,,,,0.00016840290027722162,,
8560b26ffffffff,IND,12,13,17,False,20,,3.3482589101751154e-05,,,,4.965585409445468e-05,,,,0.00027097941393045526,,,,0.0003854333258219977,,
8560b2b3fffffff,IND,0,0,5,False,20,,,,,,,,,,,,,,,,
8560b307fffffff,IND,0,1,11,False,20,,,,,,,,,,,,,,,,
8560b313fffffff,IND,0,1,4,False,20,,,,,,,,,,,,,,,,
8560b327fffffff,IND,12,15,15,False,20,,0.00011956858837565632,,,,0.00015191151971586669,,,,-0.00014524573547662688,,,,-0.00011621430386345886,,
8560b373fffffff,IND,0,0,1,False,20,,,,,,,,,,,,,,,,
8560b383fffffff,IND,0,0,10,False,20,,,,,,,,,,,,,,,,
8560b38ffffffff,IND,2,3,15,False,20,,-0.0002526109810241687,,,,-0.000284174963772094,,,,0.00015751492676226213,,,,0.0002054093206759939,,
8560b39bfffffff,IND,2,2,6,False,20,,-0.0002432216637478584,,,,-0.00028179455617490033,,,,-0.0004420166860906307,,,,-0.0004400325843706397,,
8560b3a3fffffff,IND,1,2,7,False,20,,-0.00019686350382577966,,,,-0.00021777079155300196,,,,-0.00019819955524019803,,,,-0.00022637135768485486,,
8560b3a7fffffff,IND,20,20,20,True,20,-0.0005040371136155956,-0.0005040371136155956,0.0014746036995077433,0.001978640813123339,-0.0005499703062727291,-0.0005499703062727291,0.0017532178597880707,0.002303188166060799,-0.0001137852375824947,-0.0001137852375824947,0.002210762266063749,0.002324547503646244,0.00025579282459980014,0.00025579282459980014,0.003088336895773947,0.0028325440711741466
8560b413fffffff,IND,3,3,16,False,20,,-0.00022596138157853122,,,,-0.0002542687873768553,,,,4.227102344260493e-06,,,,3.338373807429967e-05,,
8560b46ffffffff,IND,0,0,4,False,20,,,,,,,,,,,,,,,,
8560b477fffffff,IND,0,0,1,False,20,,,,,,,,,,,,,,,,
8560b4b3fffffff,IND,20,20,20,True,20,-0.0009740132126830588,-0.0009740132126830588,0.0014071153393802381,0.0023811285520632967,-0.00110774417193406,-0.00110774417193406,0.0016738398469373123,0.0027815840188713725,-0.0016443016576468002,-0.0016443016576468002,0.0012278218768271665,0.0028721235344739667,-0.0018261879204131103,-0.0018261879204131103,0.0016541133129202826,0.0034803012333333924
8560b4bbfffffff,IND,0,0,1,False,20,,,,,,,,,,,,,,,,
8560b4d3fffffff,IND,11,11,18,False,20,,-0.0003096677692624863,,,,-0.0003415933246578507,,,,9.567128644648198e-05,,,,0.0002621255958409531,,
8560b4d7fffffff,IND,10,10,18,False,20,,-0.0001829675604683007,,,,-0.0002008355390921166,,,,-0.0003488787421595731,,,,-0.00041690397059536476,,
8560b503fffffff,IND,1,1,3,False,20,,-0.00012392745653076786,,,,-0.0001369681131875476,,,,-0.00038838370238415806,,,,-0.00043486201828159927,,
8560b527fffffff,IND,18,18,20,False,20,,-0.003087743214757518,,,,-0.003579031132184014,,,,-0.004079077507930064,,,,-0.004906204818632135,,
8560b52bfffffff,IND,13,19,14,False,20,,0.0018747534446347733,,,,0.0022386090249716085,,,,0.0010590226299046995,,,,0.0016027693510376345,,
8560b52ffffffff,IND,20,20,20,True,20,-0.009521882594056858,-0.009521882594056858,0.0038784880879534,0.013400370682010257,-0.01101640011220711,-0.01101640011220711,0.004606229004335338,0.015622629116542447,-0.014044073267189408,-0.014044073267189408,0.01683973290833834,0.030883806175527752,-0.013949497181691178,-0.013949497181691178,0.02405605712410793,0.038005554305799105
8560b537fffffff,IND,2,2,7,False,20,,-0.00010116507422638304,,,,-0.00011440510585212898,,,,0.0001625205490807657,,,,0.0002284447992807751,,
8560b53bfffffff,IND,0,0,1,False,20,,,,,,,,,,,,,,,,
8560b547fffffff,IND,0,0,3,False,20,,,,,,,,,,,,,,,,
8560b58ffffffff,IND,4,4,15,False,20,,-0.00019609247373216483,,,,-0.000221439480407534,,,,5.306793942714863e-05,,,,7.5146171022316e-05,,
8560b623fffffff,IND,0,0,1,False,20,,,,,,,,,,,,,,,,
8560b6c3fffffff,IND,0,1,1,False,20,,,,,,,,,,,,,,,,
8560f6c7fffffff,IND,0,0,1,False,20,,,,,,,,,,,,,,,,
8560f6d3fffffff,IND,4,7,10,False,20,,-8.38506888357639e-06,,,,-2.859731030212263e-06,,,,0.0005880396791596486,,,,0.0009852953756411017,,
8561006bfffffff,LKA,20,20,20,True,20,-0.0012425151297154444,-0.0012425151297154444,0.0010279105997440835,0.002270425729459528,-0.0014200052094173329,-0.0014200052094173329,0.0012211031724871984,0.002641108381904531,-0.0011383468376141332,-0.0011383468376141332,0.012386364206823479,0.013524711044437615,0.0010515211079506054,0.0010515211079506054,0.01773480226348164,0.016683281155531034
8561007bfffffff,LKA,6,7,16,False,20,,-0.00013172576792104402,,,,-0.00014572607514147263,,,,6.8805704783373e-05,,,,0.0003195475183669842,,
8561022bfffffff,LKA,19,19,20,False,20,,-0.0006790539396903566,,,,-0.000781318167201369,,,,-0.0020416146137255554,,,,-0.0018337382769059083,,
8561025bfffffff,LKA,15,15,20,False,20,,-0.0003191909740912476,,,,-0.000365526709105152,,,,-0.0010925619666662513,,,,-0.001022903487256137,,
8561027bfffffff,LKA,0,0,1,False,20,,,,,,,,,,,,,,,,
85610343fffffff,LKA,20,20,20,True,20,-0.002678535478777098,-0.002678535478777098,0.0017510874645638073,0.004429622943340905,-0.0030736567230395737,-0.0030736567230395737,0.0020806881462066672,0.005154344869246241,-0.004683665882572878,-0.004683665882572878,0.019728210140573785,0.02441187602314666,-0.0018715496973009803,-0.0018715496973009803,0.028161924310841475,0.030033474008142456
8561034bfffffff,LKA,5,5,18,False,20,,-0.00016619128074465885,,,,-0.00018740453775057195,,,,8.384006572388433e-05,,,,0.0002694232190962122,,
856103c3fffffff,LKA,0,0,4,False,20,,,,,,,,,,,,,,,,
856103d3fffffff,LKA,19,19,20,False,20,,-0.0003993636924148985,,,,-0.00045667081880652,,,,-0.000561230172469754,,,,8.165567894623455e-05,,
8561112bfffffff,LKA,15,15,20,False,20,,-0.00027897711683984164,,,,-0.0003189408344540471,,,,-0.0001908434535910841,,,,0.00023983397170324232,,
856111a7fffffff,LKA,20,20,20,True,20,-0.004621553353908452,-0.004621553353908452,0.0019522588100387942,0.006573812163947246,-0.005336485008785955,-0.005336485008785955,0.0023198781940897382,0.007656363202875693,-0.024127668318681197,-0.024127668318681197,0.013867665881403179,0.03799533420008437,-0.028368782671331427,-0.028368782671331427,0.019134160811837962,0.047502943483169385
8561196bfffffff,IND,0,0,2,False,20,,,,,,,,,,,,,,,,
85611a0ffffffff,IND,4,11,7,False,20,,8.659600248410756e-05,,,,0.00010553341377428757,,,,0.0003078802093442791,,,,0.0004095527912345152,,
85611a2ffffffff,IND,20,20,20,True,20,0.00030299267382297786,0.00030299267382297786,0.001165790975338978,0.0008627983015160002,0.0003787977823905482,0.0003787977823905482,0.0013864764227370105,0.0010076786403464624,0.0003286850612342349,0.0003286850612342349,0.0005631591397354831,0.00023447407850124818,0.00047226352215904495,0.00047226352215904495,0.0007651595867534768,0.00029289606459443186
85611b07fffffff,IND,20,20,20,True,20,-0.001311514764353274,-0.001311514764353274,0.0012630035666595406,0.002574518331012815,-0.0014971194315749215,-0.0014971194315749215,0.0014992986826785997,0.0029964181142535214,-0.005410034465394806,-0.005410034465394806,0.0045519153765789955,0.009961949841973801,-0.006196200277022652,-0.006196200277022652,0.006221613835087446,0.012417814112110096
85611b47fffffff,IND,0,1,0,False,20,,,,,,,,,,,,,,,,
85611b4ffffffff,IND,3,9,8,False,20,,5.375009279201206e-05,,,,6.849576183422234e-05,,,,0.0,,,,0.0,,
85611ba3fffffff,IND,0,0,12,False,20,,,,,,,,,,,,,,,,
85611c17fffffff,LKA,20,20,20,True,20,-0.0267022283717964,-0.0267022283717964,0.01257245824461507,0.039274686616411474,-0.030794051145596378,-0.030794051145596378,0.014941420481246892,0.04573547162684327,-0.08585945237557543,-0.08585945237557543,0.10935750404723213,0.19521695642280754,-0.08802784511462286,-0.08802784511462286,0.15452633533642063,0.24255418045104352
85611c87fffffff,LKA,12,12,20,False,20,,-0.00046724495657413334,,,,-0.0005315561352435078,,,,-0.0012412377629083034,,,,-0.0012507219164959273,,
85611cb3fffffff,LKA,20,20,20,True,20,-0.10729702369894759,-0.10729702369894759,0.060631255257641806,0.16792827895658938,-0.12380760735268115,-0.12380760735268115,0.07171128021007164,0.1955188875627528,-0.20102290512751847,-0.20102290512751847,0.48207535710310295,0.6830982622306215,-0.16724713274259,-0.16724713274259,0.6821574439038816,0.8494045766464717
85611cbbfffffff,LKA,0,0,3,False,20,,,,,,,,,,,,,,,,
85611cc3fffffff,LKA,3,3,20,False,20,,-0.00010253674406742037,,,,-0.0001144275936347316,,,,0.0007939146272480492,,,,0.0011682412017933067,,
85611ccbfffffff,LKA,20,20,20,True,20,-0.0026405910353068905,-0.0026405910353068905,0.0008228507988367537,0.003463441834143644,-0.0030555407014132585,-0.0030555407014132585,0.0009781416876423821,0.00403368238905564,-0.014774613504434982,-0.014774613504434982,0.007046784969305682,0.02182139847374066,-0.017275279619318646,-0.017275279619318646,0.009981431803150679,0.027256711422469326
85611e8bfffffff,LKA,7,7,19,False,20,,-0.00015591540323246452,,,,-0.0001726317327403639,,,,-0.0004638449154291774,,,,-0.00041566914910677713,,
85611ea7fffffff,LKA,3,5,14,False,20,,-3.6669663712846046e-06,,,,4.543592320341719e-06,,,,0.00047399511853187995,,,,0.0007106515594321812,,
856142abfffffff,MDV,20,20,20,True,20,-0.0009218249291745882,-0.0009218249291745882,0.00544419159998811,0.0063660165291626976,-0.0009532654923024589,-0.0009532654923024589,0.0064572741119998806,0.007410539604302338,0.00534913284721201,0.00534913284721201,0.032790393387367986,0.027441260540155964,0.012191642997370857,0.012191642997370857,0.04616083909572845,0.03396919609835758
85618807fffffff,IND,18,18,20,False,20,,-0.0009490311256676798,,,,-0.00108740502632904,,,,-0.0007445923190821634,,,,-0.0006112719940532267,,
8561880ffffffff,IND,0,0,1,False,20,,,,,,,,,,,,,,,,
85618843fffffff,IND,20,20,20,True,20,-0.0028616785743132483,-0.0028616785743132483,0.0025968526043668705,0.005458531178680119,-0.0031894511801806038,-0.0031894511801806038,0.00303339069184141,0.0062228418720220125,-0.005067694943206315,-0.005067694943206315,0.00232179831694061,0.007389493260146924,-0.0058795659428213165,-0.0058795659428213165,0.0026621746049341525,0.008541740547755469
85618847fffffff,IND,2,3,10,False,20,,0.00013356425715556992,,,,0.0001609673916104334,,,,0.00042434657816581013,,,,0.0005646176741693288,,
85618887fffffff,IND,13,13,20,False,20,,-0.00048491938349450096,,,,-0.0005565400977344295,,,,-0.0009375815863948816,,,,-0.0009837195839088792,,
856188a7fffffff,IND,0,0,16,False,20,,,,,,,,,,,,,,,,
856188bbfffffff,IND,20,20,20,True,20,-0.0007531406223072622,-0.0007531406223072622,0.002231906063598519,0.002985046685905781,-0.0008207947739536385,-0.0008207947739536385,0.002649879510363298,0.003470674284316936,-0.0014235784907490167,-0.0014235784907490167,0.009004824685759664,0.010428403176508682,-0.00018482162221702863,-0.00018482162221702863,0.012638127077273359,0.012822948699490388
856188c3fffffff,IND,0,0,4,False,20,,,,,,,,,,,,,,,,
856188cffffffff,IND,16,17,19,False,20,,-0.00015621081949966916,,,,-0.00016516424736406123,,,,0.0004710240102701259,,,,0.0007924769597969625,,
856188d7fffffff,IND,0,1,3,False,20,,,,,,,,,,,,,,,,
856188dbfffffff,IND,0,2,8,False,20,,,,,,,,,,,,,,,,
85618903fffffff,IND,0,0,7,False,20,,,,,,,,,,,,,,,,
8561891bfffffff,IND,0,0,7,False,20,,,,,,,,,,,,,,,,
85618927fffffff,IND,0,0,1,False,20,,,,,,,,,,,,,,,,
8561892bfffffff,IND,9,9,19,False,20,,-0.0002828461046917529,,,,-0.00032209885857932216,,,,-0.00043617450776748035,,,,-0.00042933998219554114,,
8561893bfffffff,IND,0,0,4,False,20,,,,,,,,,,,,,,,,
85618957fffffff,IND,0,0,3,False,20,,,,,,,,,,,,,,,,
8561895bfffffff,IND,0,1,0,False,20,,,,,,,,,,,,,,,,
85618967fffffff,IND,19,19,20,False,20,,-0.00023058443994549557,,,,-0.0002637512700156252,,,,0.00012115802945181334,,,,0.0012065363390399008,,
8561896bfffffff,IND,0,0,1,False,20,,,,,,,,,,,,,,,,
85618973fffffff,IND,0,1,3,False,20,,,,,,,,,,,,,,,,
85618987fffffff,IND,20,20,20,True,20,4.94316907099429e-05,4.94316907099429e-05,0.0006383054258141287,0.0005888737351041858,7.205557368764081e-05,7.205557368764081e-05,0.0007608384461564178,0.0006887828724687772,-0.00020358724172459566,-0.00020358724172459566,0.0001398082346499122,0.0003433954763745079,-0.00022742021152004975,-0.00022742021152004975,0.00021025530938725487,0.00043767552090730465
8561899bfffffff,IND,17,18,18,False,20,,-0.0008239250409435559,,,,-0.0009515419881669745,,,,-0.0006672121634716777,,,,-0.0008533753861824797,,
856189a7fffffff,IND,0,0,1,False,20,,,,,,,,,,,,,,,,
856189affffffff,IND,20,20,20,True,20,-0.0007737180102362726,-0.0007737180102362726,0.0016143023413924145,0.0023880203516286865,-0.000866511803119957,-0.000866511803119957,0.0019098030873615636,0.002776314890481521,0.0006219175164203861,0.0006219175164203861,0.006039426561364877,0.005417509044944492,0.0018900505920405625,0.0018900505920405625,0.008535256147519002,0.0066452055554784405
856189d3fffffff,IND,6,12,10,False,20,,1.5196338939361183e-05,,,,2.257435582772834e-05,,,,-9.615846915717102e-05,,,,-0.00012371338083927156,,
85618a87fffffff,IND,0,0,1,False,20,,,,,,,,,,,,,,,,
85618aaffffffff,IND,8,8,20,False,20,,-0.0008528490612249337,,,,-0.0009854818015355535,,,,-0.001864662758537918,,,,-0.001949089431894637,,
85618adbfffffff,IND,20,20,20,True,20,-0.010846206832798567,-0.010846206832798567,0.005649310250906292,0.016495517083704857,-0.012491558054491207,-0.012491558054491207,0.0067130029429974,0.019204560997488605,-0.018757051504833224,-0.018757051504833224,0.01783281563668341,0.03658986714151663,-0.019592222848436213,-0.019592222848436213,0.0251071543316512,0.044699377180087416
85618b3bfffffff,IND,0,0,1,False,20,,,,,,,,,,,,,,,,
85618b5bfffffff,IND,20,20,20,True,20,-0.0013661792119500566,-0.0013661792119500566,0.0013148228912799873,0.0026810021032300443,-0.001562638949047687,-0.001562638949047687,0.001560112918598136,0.0031227518676458232,-0.0025666454259646487,-0.0025666454259646487,0.0025383936581311376,0.005105039084095786,-0.002769647035574579,-0.002769647035574579,0.0035208084738876932,0.006290455509462273
85618b63fffffff,IND,0,0,2,False,20,,,,,,,,,,,,,,,,
85618b6ffffffff,IND,1,1,17,False,20,,-9.860190928368014e-05,,,,-0.00010784098901919981,,,,-0.0001294612341280527,,,,-0.00014495400609386641,,
85618b87fffffff,IND,20,20,20,True,20,-0.0012676842445875295,-0.0012676842445875295,0.0006115356935853695,0.001879219938172899,-0.001466848714190493,-0.001466848714190493,0.0007265811759847369,0.00219342989017523,-0.0006582242316811774,-0.0006582242316811774,0.0022460086655112137,0.0029042328971923908,-0.0004124205150783324,-0.0004124205150783324,0.0032437732162189288,0.00365619373129726
85618bc7fffffff,IND,1,2,9,False,20,,-4.812502919833233e-05,,,,-4.014214289403163e-05,,,,0.0,,,,0.0,,
85618c07fffffff,IND,0,2,0,False,20,,,,,,,,,,,,,,,,
85618c0ffffffff,IND,20,20,20,True,20,-0.0019423216645514877,-0.0019423216645514877,0.003321348450536152,0.005263670115087641,-0.0021905937024099013,-0.0021905937024099013,0.003949653475197041,0.006140247177606943,-0.0025771156861403234,-0.0025771156861403234,0.006035901827603302,0.008613017513743626,-0.0023093693825732993,-0.0023093693825732993,0.008351590001312165,0.010660959383885466
85618c17fffffff,IND,0,4,7,False,20,,,,,,,,,,,,,,,,
85618c1bfffffff,IND,13,13,19,False,20,,-4.552913889651459e-05,,,,-4.340977889451793e-05,,,,0.0001581711089189333,,,,0.0002439455826878983,,
85618c23fffffff,IND,0,0,3,False,20,,,,,,,,,,,,,,,,
85618c2ffffffff,IND,0,1,1,False,20,,,,,,,,,,,,,,,,
85618c3bfffffff,IND,0,1,3,False,20,,,,,,,,,,,,,,,,
85618c43fffffff,IND,16,17,18,False,20,,-9.212685426806004e-05,,,,-0.00018011500111166803,,,,0.0008520862002379523,,,,0.001199504211602508,,
85618c47fffffff,IND,20,20,20,True,20,-0.0004002941005838148,-0.0004002941005838148,0.0010105117300618627,0.0014108058306456772,-0.0004421064718789332,-0.0004421064718789332,0.001199902603486324,0.0016420090753652573,0.0013920373779806663,0.0013920373779806663,0.005920655081820709,0.004528617703840042,0.0028854889033032268,0.0028854889033032268,0.008465171777634116,0.00557968287433089
85618c4bfffffff,IND,20,20,20,True,20,-0.11502993592277522,-0.11502993592277522,0.33123701376197434,0.44626694968474967,-0.12426296092800271,-0.12426296092800271,0.38828140775236886,0.5125443686803716,0.11045828699967389,0.11045828699967389,0.9267992844901214,0.8163409974904475,0.29367836199852804,0.29367836199852804,1.2745163798779697,0.9808380178794417
85618c4ffffffff,IND,20,20,20,True,20,-0.0016562945287792257,-0.0016562945287792257,0.0034034257283288446,0.005059720257108071,-0.0020475582982493155,-0.0020475582982493155,0.0038349735417196515,0.005882531839968966,0.002073374783089715,0.002073374783089715,0.00915082316811228,0.0070774483850225625,0.004054915723275888,0.004054915723275888,0.012742955482589904,0.008688039759314016
85618c57fffffff,IND,7,7,14,False,20,,5.768049676284935e-08,,,,4.754964542186007e-06,,,,-8.714395111559096e-05,,,,6.20887630762082e-07,,
85618c67fffffff,IND,7,7,20,False,20,,-1.8328039353672225e-05,,,,-1.4975665274084351e-05,,,,0.00036376433004358354,,,,0.0006738291950160994,,
85618c6bfffffff,IND,17,17,20,False,20,,2.6645735380741354e-05,,,,4.164548506521202e-05,,,,0.0017089899329366485,,,,0.00283793985981142,,
85618c73fffffff,IND,8,8,20,False,20,,-0.00045846105002236685,,,,-0.0005097321168768567,,,,-0.00135245945996842,,,,-0.0015374023967692483,,
85618c7bfffffff,IND,20,20,20,True,20,-0.0006963903460070642,-0.0006963903460070642,0.002889539625941819,0.003585929971948883,-0.0007381072697579533,-0.0007381072697579533,0.0034176058905122106,0.004155713160270164,0.003979987174035987,0.003979987174035987,0.01809144103271342,0.01411145385867743,0.008091944214334625,0.008091944214334625,0.025670404630257604,0.01757846041592298
85618cb7fffffff,IND,1,2,2,False,20,,7.113516559846134e-05,,,,8.922900798784919e-05,,,,0.0,,,,0.0,,
85618d03fffffff,IND,9,9,19,False,20,,-2.6620089751188282e-05,,,,-1.3009057123083773e-05,,,,0.0005555048364201611,,,,0.0008829942949076955,,
85618d2ffffffff,IND,3,4,6,False,20,,0.00012909538144281754,,,,0.00015669204903960817,,,,0.0007380312234075518,,,,0.0009783406463902777,,
85618d37fffffff,IND,0,0,7,False,20,,,,,,,,,,,,,,,,
85618d3bfffffff,IND,0,1,0,False,20,,,,,,,,,,,,,,,,
85618d47fffffff,IND,0,0,2,False,20,,,,,,,,,,,,,,,,
85618d4bfffffff,IND,10,10,17,False,20,,-0.0002882535098599052,,,,-0.00032514453108831273,,,,-0.0008408166046542274,,,,-0.0008535358885800235,,
85618d6ffffffff,IND,3,11,9,False,20,,6.75051092184053e-05,,,,8.524384815570257e-05,,,,0.0,,,,0.0,,
85618d93fffffff,IND,0,2,2,False,20,,,,,,,,,,,,,,,,
85618db3fffffff,IND,20,20,20,True,20,-0.0008315009323431476,-0.0008315009323431476,0.001421893343627885,0.002253394275971032,-0.0009340011777165976,-0.0009340011777165976,0.0016921543326193368,0.0026261555103359348,-0.002036361915813453,-0.002036361915813453,0.002642620807923026,0.004678982723736479,-0.0020362921682049026,-0.0020362921682049026,0.0037199857876150147,0.005756277955819917
85618dc3fffffff,IND,0,0,5,False,20,,,,,,,,,,,,,,,,
85618ddbfffffff,IND,0,0,2,False,20,,,,,,,,,,,,,,,,
85618e2bfffffff,IND,0,0,1,False,20,,,,,,,,,,,,,,,,
85618e2ffffffff,IND,3,3,14,False,20,,-8.913737361976749e-05,,,,-9.559323163905314e-05,,,,0.00024974606945060625,,,,0.0004910636328362491,,
85618e33fffffff,IND,9,9,15,False,20,,-2.347582211605982e-06,,,,3.642765271695492e-06,,,,-0.00019700706307355942,,,,-0.0002156697405661557,,
85618ea7fffffff,IND,0,2,1,False,20,,,,,,,,,,,,,,,,
85618eabfffffff,IND,7,8,10,False,20,,0.00022241920284243763,,,,0.00027699623857185666,,,,0.0004145019706266049,,,,0.0006039412574733635,,
85618eb3fffffff,IND,9,9,15,False,20,,-0.0001807428194000646,,,,-0.00019660407890264854,,,,0.00040129500436634764,,,,0.0005767710082454693,,
85618eb7fffffff,IND,20,20,20,True,20,-0.0003449979982060439,-0.0003449979982060439,0.0027603693150575017,0.0031053673132635452,-0.00033484273559886824,-0.00033484273559886824,0.0032896292599370277,0.0036244719955358952,0.0004991396941845374,0.0004991396941845374,0.0036229430485741447,0.0031238033543896067,0.0011818017148437939,0.0011818017148437939,0.005037721641690205,0.00385591992684641
85618ebbfffffff,IND,18,18,20,False,20,,4.147586984536578e-05,,,,5.4509899683838486e-05,,,,0.0007133750890046924,,,,0.0013400867846728919,,
8561980bfffffff,IND,8,9,12,False,20,,-0.00029242548194105626,,,,-0.00033798201027739305,,,,-0.0002769587213944085,,,,-0.0002106613067221684,,
85619823fffffff,IND,20,20,20,True,20,-0.0036732227016339895,-0.0036732227016339895,0.0012501614351792096,0.004923384136813198,-0.004252220328983898,-0.004252220328983898,0.0014858943361027227,0.005738114665086621,-0.00651641533451221,-0.00651641533451221,0.0010305256424642357,0.007546940976976448,-0.007830119914781834,-0.007830119914781834,0.0013940292708447826,0.009224149185626616
85619827fffffff,IND,0,0,1,False,20,,,,,,,,,,,,,,,,
85619837fffffff,IND,3,3,11,False,20,,-0.00038068397465993695,,,,-0.00043634077069769264,,,,-0.000299234240385565,,,,-0.00030210202261982236,,
8561983bfffffff,IND,9,9,20,False,20,,-0.0005831709460511386,,,,-0.0006663761807509819,,,,-4.81738962581312e-05,,,,2.036131378819912e-05,,
8561984bfffffff,IND,5,5,10,False,20,,-5.4947996076828564e-05,,,,-5.955514590570572e-05,,,,0.0006148597026353272,,,,0.0008871135696527858,,
8561984ffffffff,IND,0,0,1,False,20,,,,,,,,,,,,,,,,
85619853fffffff,IND,7,7,19,False,20,,-0.004100344372890943,,,,-0.004718842072849847,,,,-0.0007725086028777432,,,,-0.0008486682432220027,,
85619857fffffff,IND,1,1,20,False,20,,-8.295931432219595e-05,,,,-7.50185938852404e-05,,,,-0.0001294612341280527,,,,-0.00014495400609386641,,
85619863fffffff,IND,19,19,20,False,20,,-0.0023485033347256435,,,,-0.0027136134632769347,,,,-0.003852597359092865,,,,-0.004352411081812005,,
8561986bfffffff,IND,20,20,20,True,20,-0.005037700889502016,-0.005037700889502016,0.001391219876665259,0.006428920766167275,-0.005832814922491284,-0.005832814922491284,0.0016535697218406115,0.007486384644331895,-0.0038816130576030837,-0.0038816130576030837,0.006095755504291911,0.009977368561894994,-0.003032994408498155,-0.003032994408498155,0.00909086928205242,0.012123863690550572
8561986ffffffff,IND,20,20,20,True,20,-0.006343216053785951,-0.006343216053785951,0.0029503588729949443,0.009293574926780897,-0.007184800526233823,-0.007184800526233823,0.0032493072569101944,0.010434107783144016,-0.010515949922246647,-0.010515949922246647,0.0075601898564462994,0.018076139778692945,-0.011911422712754305,-0.011911422712754305,0.008579964760707232,0.020491387473461534
85619873fffffff,IND,0,0,3,False,20,,,,,,,,,,,,,,,,
85619877fffffff,IND,0,1,2,False,20,,,,,,,,,,,,,,,,
85619907fffffff,IND,2,2,10,False,20,,-0.00015613784102276552,,,,-0.00016422289742159139,,,,0.0006300425074923815,,,,0.0008607470308158918,,
8561990ffffffff,IND,0,1,3,False,20,,,,,,,,,,,,,,,,
85619973fffffff,IND,0,2,10,False,20,,,,,,,,,,,,,,,,
85619983fffffff,IND,1,3,7,False,20,,0.0002571688518055443,,,,0.000299488458260025,,,,0.0004937198830871317,,,,0.0006300045990335729,,
85619987fffffff,IND,0,0,9,False,20,,,,,,,,,,,,,,,,
8561999bfffffff,IND,0,0,4,False,20,,,,,,,,,,,,,,,,
856199a7fffffff,IND,7,7,16,False,20,,-0.00022389166573905285,,,,-0.00025538384763033753,,,,-0.000637451103956797,,,,-0.0006606012824365827,,
856199c7fffffff,IND,20,20,20,True,20,-0.0010626347653613089,-0.0010626347653613089,0.0012023499651327627,0.0022649847304940718,-0.0012184159564825512,-0.0012184159564825512,0.0013893239945364923,0.0026077399510190434,0.004003534277750841,0.004003534277750841,0.010172642229008565,0.006169107951257726,0.006885254767038679,0.006885254767038679,0.014317274087751389,0.007432019320712714
85619a2bfffffff,IND,0,0,1,False,20,,,,,,,,,,,,,,,,
85619a77fffffff,IND,1,1,4,False,20,,-0.00013038572692512757,,,,-0.00015303278910380286,,,,0.0004914928920034246,,,,0.0006816217999717755,,
85619a83fffffff,IND,10,10,20,False,20,,-0.0008082043217061923,,,,-0.0009257687425551608,,,,-0.0002912652236027285,,,,-0.00023997679340959695,,
85619a8ffffffff,IND,20,20,20,True,20,-0.001716998780345163,-0.001716998780345163,0.0006273734394955455,0.002344372219840709,-0.0019875976576009835,-0.0019875976576009835,0.0007447477402037435,0.0027323453978047264,-0.004083033555009883,-0.004083033555009883,0.0017709853408300065,0.005854018895839889,-0.004678113633364255,-0.004678113633364255,0.002551099754273084,0.007229213387637337
85619aa7fffffff,IND,20,20,20,True,20,-0.0492338388695706,-0.0492338388695706,0.01774057732495072,0.06697441619452132,-0.056707133295442635,-0.056707133295442635,0.02099990436867912,0.07770703766412176,-0.06742618831590796,-0.06742618831590796,0.04541572842895254,0.11284191674486052,-0.07362628912889238,-0.07362628912889238,0.06391933169032343,0.13754562081921579
85619aabfffffff,IND,0,0,3,False,20,,,,,,,,,,,,,,,,
85619ab7fffffff,IND,0,1,6,False,20,,,,,,,,,,,,,,,,
85619ac7fffffff,IND,0,1,1,False,20,,,,,,,,,,,,,,,,
85619ad3fffffff,IND,0,0,4,False,20,,,,,,,,,,,,,,,,
85619ad7fffffff,IND,9,9,20,False,20,,-0.00030181878683964685,,,,-0.00034385536103996567,,,,-5.111105223989097e-05,,,,7.084793807623714e-05,,
85619b47fffffff,IND,0,0,4,False,20,,,,,,,,,,,,,,,,
85619b53fffffff,IND,0,0,1,False,20,,,,,,,,,,,,,,,,
85619b67fffffff,IND,1,1,7,False,20,,-0.00014925300377785554,,,,-0.0001660952373558954,,,,-0.00038838370238415806,,,,-0.00043486201828159927,,
85619b6ffffffff,IND,7,9,11,False,20,,-0.0003101285573334366,,,,-0.0003396639649565937,,,,-0.0026218880236517565,,,,-0.0030235823542102175,,
85619b87fffffff,IND,10,10,20,False,20,,-0.0004698944028221611,,,,-0.0005363216879913779,,,,-0.00047658075057171117,,,,-0.0005350998815545238,,
85619b8bfffffff,IND,0,0,1,False,20,,,,,,,,,,,,,,,,
85619b97fffffff,IND,0,0,3,False,20,,,,,,,,,,,,,,,,
85619bb7fffffff,IND,0,0,2,False,20,,,,,,,,,,,,,,,,
85619bcffffffff,IND,0,0,2,False,20,,,,,,,,,,,,,,,,
85619bd3fffffff,IND,6,6,20,False,20,,-0.00020205991817600665,,,,-0.0002251570091481285,,,,-0.0007970036893120176,,,,-0.000960246107314342,,
85619bdbfffffff,IND,0,0,1,False,20,,,,,,,,,,,,,,,,
85619e47fffffff,IND,11,11,20,False,20,,-0.0022589610975852176,,,,-0.0025801693581817354,,,,1.2511364901407453e-05,,,,0.000401330344117709,,
85619e4bfffffff,IND,1,3,6,False,20,,3.9676321000369844e-05,,,,5.0326574099988095e-05,,,,0.0,,,,0.0,,
85619e63fffffff,IND,4,5,14,False,20,,-0.0017510204872296167,,,,-0.001996625541360969,,,,-0.00046427558240210137,,,,-0.0004889790671140393,,
85619e67fffffff,IND,20,20,20,True,20,-0.0034816123365293736,-0.0034816123365293736,0.001379101385019468,0.004860713721548842,-0.004017730375924131,-0.004017730375924131,0.0016389321923172123,0.005656662568241344,-0.008164130512215687,-0.008164130512215687,0.0037633355762212287,0.011927466088436917,-0.009231765327847332,-0.009231765327847332,0.005292110911501635,0.014523876239348966
85619e6bfffffff,IND,11,11,16,False,20,,-0.0028742501197038255,,,,-0.003307396964172395,,,,-0.0035916536810901736,,,,-0.003995575710340843,,
85619e6ffffffff,IND,3,3,16,False,20,,0.0001393087497312201,,,,0.00018667247188763043,,,,0.00010055110742022395,,,,0.00022708339144341706,,
85619e73fffffff,IND,17,17,20,False,20,,-0.003112064102377544,,,,-0.0035931315326574796,,,,-0.0076403836644845955,,,,-0.00888247728475303,,
85619e77fffffff,IND,0,0,4,False,20,,,,,,,,,,,,,,,,
8561a93bfffffff,IND,0,1,1,False,20,,,,,,,,,,,,,,,,
8561a943fffffff,IND,20,20,20,True,20,-0.00018786578159676526,-0.00018786578159676526,0.0008924982061525744,0.0010803639877493398,-0.00019723878816642164,-0.00019723878816642164,0.001063261339882483,0.0012605001280489047,-0.000151956882988772,-0.000151956882988772,0.0012142473776600986,0.0013662042606488705,6.18716720320617e-05,6.18716720320617e-05,0.0017557966209803748,0.0016939249489483128
8561a94bfffffff,IND,18,18,20,False,20,,0.00013551948436530152,,,,0.0001769680225448742,,,,0.0021165772367025826,,,,0.003419632087885826,,
8561a94ffffffff,IND,2,5,10,False,20,,0.0005574336447078773,,,,0.0006780376600250812,,,,0.0008934409265750702,,,,0.001169501453723,,
8561ab07fffffff,IND,7,9,15,False,20,,-9.849975754179883e-05,,,,-0.00010803847602376366,,,,0.00031041193084857657,,,,0.00045935861567433133,,
8561ab17fffffff,IND,17,17,18,False,20,,5.645740396183886e-05,,,,9.546889134889885e-05,,,,4.0857445404502965e-05,,,,0.0002222128784889296,,
8561ab27fffffff,IND,0,1,0,False,20,,,,,,,,,,,,,,,,
8561ab2bfffffff,IND,19,19,20,False,20,,-0.0001803957697318582,,,,-0.00018034042734731544,,,,-0.00045575645005937825,,,,-2.5252432418197994e-05,,
8561ab2ffffffff,IND,0,1,1,False,20,,,,,,,,,,,,,,,,
8561ab33fffffff,IND,2,2,5,False,20,,2.4271415706685057e-05,,,,3.4102150248018894e-05,,,,0.00039601107929872144,,,,0.0005199861642815398,,
8561ab3bfffffff,IND,6,7,10,False,20,,-2.9084634104367767e-05,,,,-2.6058200044235124e-05,,,,0.00020148634619635052,,,,0.00029643316643596676,,
8561ab6ffffffff,IND,5,8,11,False,20,,4.221787615084107e-05,,,,5.4045838400238125e-05,,,,0.00019151865317481066,,,,0.0002948566334307932,,
8561ab73fffffff,IND,19,19,20,False,20,,-0.00031233202656068114,,,,-0.0003508694295458233,,,,-0.0006163098977992093,,,,-0.0005539507891874578,,
8561ab7bfffffff,IND,20,20,20,True,20,-0.00046647967618905625,-0.00046647967618905625,0.007643727424344433,0.008110207100533489,-0.00036026814505942564,-0.00036026814505942564,0.009074384555439578,0.009434652700499003,0.0009365976756702322,0.0009365976756702322,0.021044484970786627,0.020107887295116398,0.004574719285233452,0.004574719285233452,0.029448472869481,0.024873753584247545
8561aba3fffffff,IND,1,1,1,False,20,,0.000499257249232267,,,,0.0006005629440417025,,,,0.0008734012377443888,,,,0.0011164692874157912,,
8561abb7fffffff,IND,14,14,18,False,20,,9.844744720511569e-05,,,,0.00013337632600756748,,,,-4.773993406605425e-05,,,,-8.031706195079675e-06,,
8561ad2bfffffff,LKA,8,9,17,False,20,,-0.00021760615519282053,,,,-0.0002524013977898893,,,,-0.0017012589581201086,,,,-0.0018945825765826873,,
8564225bfffffff,THA,0,1,0,False,20,,,,,,,,,,,,,,,,
856422c3fffffff,THA,20,20,20,True,20,-4.015018622536415e-06,-4.015018622536415e-06,0.0004326904341810478,0.00043670545280358414,1.1648399675170409e-05,1.1648399675170409e-05,0.0005120989294486376,0.0005004505297734672,0.00025072167204227434,0.00025072167204227434,0.0015455739261774964,0.001294852254135222,0.0005564645802138503,0.0005564645802138503,0.002151951206004484,0.0015954866257906334
85642653fffffff,THA,0,2,1,False,20,,,,,,,,,,,,,,,,
8564266ffffffff,THA,20,20,20,True,20,0.0002258692054018103,0.0002258692054018103,0.0029393976276982513,0.002713528422296441,0.0003328046751690278,0.0003328046751690278,0.0034722083306278845,0.0031394036554588576,-0.0005255676328401383,-0.0005255676328401383,0.006587030259273945,0.007112597892114084,0.0005385386238379525,0.0005385386238379525,0.00931164893382475,0.008773110309986797
85643007fffffff,THA,0,0,2,False,20,,,,,,,,,,,,,,,,
8564302ffffffff,THA,0,1,1,False,20,,,,,,,,,,,,,,,,
85643063fffffff,THA,1,1,2,False,20,,1.4700612864594555e-05,,,,2.0354501441521866e-05,,,,0.0,,,,0.0,,
85643077fffffff,THA,0,0,1,False,20,,,,,,,,,,,,,,,,
85643087fffffff,THA,20,20,20,True,20,-0.00014152429345790687,-0.00014152429345790687,0.0018125906513333928,0.0019541149447912997,-0.00011718705140348397,-0.00011718705140348397,0.002154546948060717,0.002271733999464201,0.0004870922892257987,0.0004870922892257987,0.00599862322414396,0.005511530934918161,0.0016284550439092577,0.0016284550439092577,0.008471862483456645,0.006843407439547386
856430b3fffffff,THA,0,1,8,False,20,,,,,,,,,,,,,,,,
856430bbfffffff,THA,0,1,1,False,20,,,,,,,,,,,,,,,,
856430d3fffffff,THA,20,20,20,True,20,-0.000290001602029888,-0.000290001602029888,0.001452827094092378,0.0017428286961222658,-0.0003077843365677345,-0.0003077843365677345,0.0017270141652486457,0.00203479850181638,-0.00187506398526876,-0.00187506398526876,0.004996143446995957,0.006871207432264716,-0.0014536867892433942,-0.0014536867892433942,0.007163797239348206,0.0086174840285916
856430dbfffffff,THA,0,1,0,False,20,,,,,,,,,,,,,,,,
85643183fffffff,THA,0,0,1,False,20,,,,,,,,,,,,,,,,
85643233fffffff,THA,1,2,1,False,20,,-1.604167639944411e-05,,,,-1.3380714298010562e-05,,,,0.0003572002643281956,,,,0.000447613548366882,,
85643263fffffff,THA,0,1,0,False,20,,,,,,,,,,,,,,,,
85643277fffffff,THA,0,0,1,False,20,,,,,,,,,,,,,,,,
856432affffffff,THA,1,1,1,False,20,,1.585720669306328e-05,,,,2.326983590004902e-05,,,,0.0003572002643281956,,,,0.000447613548366882,,
85643397fffffff,THA,10,13,14,False,20,,1.150389116236909e-05,,,,1.6605560273337616e-05,,,,0.0006483163580376169,,,,0.0010606257538226904,,
856433c7fffffff,THA,0,1,1,False,20,,,,,,,,,,,,,,,,
85643433fffffff,THA,0,0,1,False,20,,,,,,,,,,,,,,,,
85643487fffffff,THA,0,1,1,False,20,,,,,,,,,,,,,,,,
856434a3fffffff,THA,20,20,20,True,20,0.0002682873885729253,0.0002682873885729253,0.0010312208970713885,0.0007629335084984631,0.00033354463094152804,0.00033354463094152804,0.0012242890468118915,0.0008907444158703634,0.00198374256602397,0.00198374256602397,0.0031760117255391026,0.0011922691595151326,0.003055563910825708,0.003055563910825708,0.004536201018332737,0.0014806371075070303
856434a7fffffff,THA,0,0,1,False,20,,,,,,,,,,,,,,,,
856434abfffffff,THA,0,0,1,False,20,,,,,,,,,,,,,,,,
85643507fffffff,THA,0,0,1,False,20,,,,,,,,,,,,,,,,
85643533fffffff,THA,0,1,1,False,20,,,,,,,,,,,,,,,,
85643537fffffff,THA,0,1,0,False,20,,,,,,,,,,,,,,,,
85643553fffffff,THA,0,1,0,False,20,,,,,,,,,,,,,,,,
85643587fffffff,THA,0,2,0,False,20,,,,,,,,,,,,,,,,
856435b3fffffff,THA,9,11,11,False,20,,2.5497597154307573e-05,,,,3.426102502519638e-05,,,,0.0002242153600847625,,,,0.0004328681162348553,,
856435c3fffffff,THA,0,1,0,False,20,,,,,,,,,,,,,,,,
8564362ffffffff,THA,18,18,20,False,20,,-4.455871643403847e-05,,,,-4.521068316494121e-05,,,,-0.00024642484843835464,,,,-0.00010805724342224623,,
85643637fffffff,THA,0,0,1,False,20,,,,,,,,,,,,,,,,
8564802bfffffff,THA,0,1,0,False,20,,,,,,,,,,,,,,,,
8564821bfffffff,THA,5,12,9,False,20,,5.1905767458498335e-05,,,,6.509891442495812e-05,,,,0.0006466669775942801,,,,0.0009300790162477812,,
85648283fffffff,THA,13,14,18,False,20,,4.166651165633766e-05,,,,5.443614966366104e-05,,,,0.0005736203739850632,,,,0.0008579071034540686,,
8564828bfffffff,THA,20,20,20,True,20,0.0004629212064389057,0.0004629212064389057,0.0009816320575468916,0.000518710851107986,0.0005601618379307935,0.0005601618379307935,0.0011649803566389332,0.0006048185187081393,0.003519785607253687,0.003519785607253687,0.0058690409582493296,0.002349255350995643,0.005445854506176504,0.005445854506176504,0.008374419873999688,0.0029285653678231827
8564828ffffffff,THA,4,7,7,False,20,,6.786407395633904e-05,,,,8.473689448094465e-05,,,,0.0008668813531404478,,,,0.001111791566571592,,
856482c7fffffff,THA,20,20,20,True,20,0.0028308407953982683,0.0028308407953982683,0.016066221480688654,0.013235380685290381,0.003660014447595383,0.003660014447595383,0.019119046351295903,0.015459031903700519,0.014181499069030452,0.014181499069030452,0.019952842674825153,0.005771343605794698,0.020863340869076,0.020863340869076,0.027969647094656786,0.007106306225580785
856482d7fffffff,THA,9,12,12,False,20,,6.297602779443531e-05,,,,7.828023492067817e-05,,,,0.0004178395673180579,,,,0.0006396285263177668,,
85648353fffffff,THA,0,1,1,False,20,,,,,,,,,,,,,,,,
85648407fffffff,THA,2,6,6,False,20,,1.8342602264979927e-05,,,,2.220158708253775e-05,,,,0.0,,,,0.0,,
8564840ffffffff,THA,0,0,1,False,20,,,,,,,,,,,,,,,,
8564848ffffffff,THA,0,0,1,False,20,,,,,,,,,,,,,,,,
85648493fffffff,THA,19,19,20,False,20,,7.745214754945166e-05,,,,9.829462067100415e-05,,,,0.0003066367145581471,,,,0.0005001374000303566,,
8564849bfffffff,THA,0,0,1,False,20,,,,,,,,,,,,,,,,
856484c3fffffff,THA,0,2,0,False,20,,,,,,,,,,,,,,,,
856484dbfffffff,THA,0,4,2,False,20,,,,,,,,,,,,,,,,
8564852bfffffff,MMR,0,0,1,False,20,,,,,,,,,,,,,,,,
85648553fffffff,THA,0,1,1,False,20,,,,,,,,,,,,,,,,
856485affffffff,MMR,0,1,0,False,20,,,,,,,,,,,,,,,,
856485c3fffffff,THA,20,20,20,True,20,0.0003668775702025236,0.0003668775702025236,0.0010637027451737694,0.0006968251749712456,0.0004497574927778216,0.0004497574927778216,0.0012636498678773895,0.0008138923750995676,0.0020524944482240874,0.0020524944482240874,0.0032854129212865845,0.0012329184730624965,0.0030010966472566957,0.0030010966472566957,0.004564673825239181,0.0015635771779824851
8564860ffffffff,THA,20,20,20,True,20,-5.174620320667988e-05,-5.174620320667988e-05,0.0004886155035808651,0.000540361706787545,-4.9989290227635956e-05,-4.9989290227635956e-05,0.0005799530591189962,0.0006299423493466322,-0.0004964950526715848,-0.0004964950526715848,0.00029431867763434004,0.0007908137303059249,-0.0005502054948343574,-0.0005502054948343574,0.0004184407873197656,0.0009686462821541227
85648677fffffff,THA,0,0,1,False,20,,,,,,,,,,,,,,,,
856486abfffffff,THA,0,0,1,False,20,,,,,,,,,,,,,,,,
856486b7fffffff,THA,0,1,0,False,20,,,,,,,,,,,,,,,,
856486cbfffffff,THA,2,5,8,False,20,,1.363571468039821e-05,,,,1.8959277269503716e-05,,,,0.00011231334479294339,,,,0.0001997403836056782,,
85648aa3fffffff,MMR,8,12,8,False,20,,2.6914953464400874e-05,,,,3.658295228080958e-05,,,,0.001649206111428322,,,,0.0023761936403473086,,
85648c83fffffff,MMR,20,20,20,True,20,-0.0002465845384138982,-0.0002465845384138982,0.008844464478508937,0.009091049016922835,-0.00022539761519250798,-0.00022539761519250798,0.009919554797959963,0.01014495241315247,0.016810863135466075,0.016810863135466075,0.057212519152658084,0.040401656017192006,0.030068732208349817,0.030068732208349817,0.07900182992831349,0.04893309771996368
85648e9bfffffff,MMR,0,1,0,False,20,,,,,,,,,,,,,,,,
85649007fffffff,THA,0,0,5,False,20,,,,,,,,,,,,,,,,
8564901bfffffff,THA,0,1,0,False,20,,,,,,,,,,,,,,,,
85649023fffffff,THA,0,0,1,False,20,,,,,,,,,,,,,,,,
8564902bfffffff,MMR|THA,16,17,19,False,20,,-0.00010129784593541284,,,,-0.0001159636484826967,,,,-0.0003683609227253706,,,,-0.0004351963836965649,,
856490a3fffffff,THA,0,0,1,False,20,,,,,,,,,,,,,,,,
856490a7fffffff,THA,20,20,20,True,20,2.8187603447550548e-05,2.8187603447550548e-05,0.0005134948585198239,0.0004853072550722734,4.2672953950522566e-05,4.2672953950522566e-05,0.0006099271975065328,0.0005672542435560103,-6.849858507524836e-05,-6.849858507524836e-05,0.0008112753892967454,0.0008797739743719937,0.00011435687620232814,0.00011435687620232814,0.001222645543674908,0.0011082886674725796
856490affffffff,THA,0,1,2,False,20,,,,,,,,,,,,,,,,
85649113fffffff,THA,0,0,1,False,20,,,,,,,,,,,,,,,,
8564918ffffffff,THA,0,2,4,False,20,,,,,,,,,,,,,,,,
856492abfffffff,MMR,0,2,1,False,20,,,,,,,,,,,,,,,,
85649503fffffff,THA,0,3,4,False,20,,,,,,,,,,,,,,,,
85649563fffffff,THA,1,3,2,False,20,,-1.879368393850115e-05,,,,5.354411150838951e-05,,,,0.0,,,,0.0,,
8564956bfffffff,THA,0,0,1,False,20,,,,,,,,,,,,,,,,
8564980bfffffff,MMR,5,9,10,False,20,,-7.656941178706913e-05,,,,-8.094459186662132e-05,,,,-0.00020648445213864117,,,,-0.00019085656521957076,,
8564980ffffffff,MMR,2,4,4,False,20,,0.0010649399966948005,,,,0.00127473748807368,,,,0.00033685795008922765,,,,0.0004371325298624515,,
85649993fffffff,MMR,13,17,15,False,20,,1.5962121501061396e-05,,,,-2.145991993671793e-05,,,,0.0007269525355154724,,,,0.0008736673103543566,,
85649bb7fffffff,MMR,0,0,1,False,20,,,,,,,,,,,,,,,,
85649db7fffffff,MMR,4,4,10,False,20,,-3.225331243195457e-05,,,,-3.308823320384586e-05,,,,-0.00011968189018355977,,,,-0.0001042377337239761,,
8564a017fffffff,THA,1,3,2,False,20,,5.335137419884598e-05,,,,6.69217559908869e-05,,,,2.8053692634209424e-05,,,,6.0455314582127495e-05,,
8564a043fffffff,THA,0,0,2,False,20,,,,,,,,,,,,,,,,
8564a053fffffff,THA,0,0,2,False,20,,,,,,,,,,,,,,,,
8564a05bfffffff,THA,0,1,0,False,20,,,,,,,,,,,,,,,,
8564a083fffffff,THA,0,0,1,False,20,,,,,,,,,,,,,,,,
8564a087fffffff,THA,0,1,0,False,20,,,,,,,,,,,,,,,,
8564a08bfffffff,THA,0,0,1,False,20,,,,,,,,,,,,,,,,
8564a093fffffff,THA,19,20,19,False,20,,0.00015400851771085432,,,,0.00018203484094889,,,,0.0011327312840627103,,,,0.0013366615188785992,,
8564a0cffffffff,THA,0,0,1,False,20,,,,,,,,,,,,,,,,
8564a0d3fffffff,THA,0,2,1,False,20,,,,,,,,,,,,,,,,
8564a103fffffff,THA,0,1,0,False,20,,,,,,,,,,,,,,,,
8564a203fffffff,THA,1,4,2,False,20,,0.0001666111080140268,,,,0.0002027342345240164,,,,0.0,,,,0.0,,
8564a223fffffff,THA,0,1,0,False,20,,,,,,,,,,,,,,,,
8564a243fffffff,THA,11,15,15,False,20,,5.7572274748048535e-05,,,,7.294433084321464e-05,,,,4.780379925921607e-05,,,,6.58984924977439e-05,,
8564a25bfffffff,THA,0,0,1,False,20,,,,,,,,,,,,,,,,
8564a26ffffffff,THA,1,6,1,False,20,,8.130223444092436e-05,,,,0.00010046550502889665,,,,0.0007870297497245396,,,,0.0010824385174922064,,
8564a287fffffff,THA,20,20,20,True,20,1.7309057777796958e-05,1.7309057777796958e-05,0.00041921922140346704,0.00040191016362567,2.9311751404225744e-05,2.9311751404225744e-05,0.0004982323768077128,0.0004689206254034869,9.04085350536078e-05,9.04085350536078e-05,0.00047485284758584016,0.0003844443125322323,0.00014932217819462026,0.00014932217819462026,0.0006272538882859067,0.0004779317100912864
8564a2bbfffffff,THA,0,2,2,False,20,,,,,,,,,,,,,,,,
8564a2cffffffff,THA,0,0,1,False,20,,,,,,,,,,,,,,,,
8564a35bfffffff,THA,0,3,0,False,20,,,,,,,,,,,,,,,,
8564a3d3fffffff,THA,0,0,1,False,20,,,,,,,,,,,,,,,,
8564a403fffffff,THA,17,20,17,False,20,,3.854319617909841e-05,,,,5.2587685678515834e-05,,,,0.0009739801162781514,,,,0.0014510479183623573,,
8564a40bfffffff,THA,20,20,20,True,20,0.00045867785814109627,0.00045867785814109627,0.0021076036171586475,0.0016489257590175514,0.0005793612952492257,0.0005793612952492257,0.0025040689448131304,0.0019247076495639052,0.005337255912576216,0.005337255912576216,0.007876622346509123,0.002539366433932909,0.008095823325283871,0.008095823325283871,0.011251100610913447,0.003155277285629576
8564a40ffffffff,THA,0,4,1,False,20,,,,,,,,,,,,,,,,
8564a413fffffff,THA,19,19,20,False,20,,4.29441356103827e-05,,,,6.061415440552114e-05,,,,-4.410279602853461e-05,,,,2.0871019898103822e-05,,
8564a417fffffff,THA,20,20,20,True,20,0.00024763839779949994,0.00024763839779949994,0.002136620305793786,0.0018889819079942864,0.00036318529954071425,0.00036318529954071425,0.002507570322408431,0.0021443850228677164,0.003714249549356774,0.003714249549356774,0.006514044589338535,0.002799795039981761,0.00632245620151344,0.00632245620151344,0.009408718433898268,0.003086262232384827
8564a41bfffffff,THA,10,13,13,False,20,,9.183590419852074e-05,,,,0.00011239749110604498,,,,0.0004885610603802272,,,,0.0008471838928228697,,
8564a427fffffff,THA,0,3,2,False,20,,,,,,,,,,,,,,,,
8564a42bfffffff,THA,0,1,0,False,20,,,,,,,,,,,,,,,,
8564a433fffffff,THA,0,0,1,False,20,,,,,,,,,,,,,,,,
8564a437fffffff,THA,0,1,1,False,20,,,,,,,,,,,,,,,,
8564a443fffffff,THA,19,19,20,False,20,,9.588007764495328e-05,,,,0.00011556209146448413,,,,0.00112676100382905,,,,0.001703109147116423,,
8564a447fffffff,THA,1,5,7,False,20,,0.00010607347628090993,,,,0.0001285067414687252,,,,0.000855267377964036,,,,0.0010757314974182443,,
8564a44ffffffff,THA,8,9,12,False,20,,3.012938376632399e-05,,,,3.776952213549477e-05,,,,0.0003943028926615722,,,,0.0006342130850077537,,
8564a457fffffff,THA,1,3,3,False,20,,6.241299499115452e-05,,,,7.721542587505912e-05,,,,0.0,,,,0.0,,
8564a45bfffffff,THA,7,12,11,False,20,,3.694624253913721e-05,,,,4.8847038141903795e-05,,,,0.0006926577868374428,,,,0.001081828727054961,,
8564a463fffffff,THA,2,8,2,False,20,,7.495703621831736e-05,,,,9.040190918515241e-05,,,,0.0006206091899808852,,,,0.0009368208049164356,,
8564a46bfffffff,THA,0,3,2,False,20,,,,,,,,,,,,,,,,
8564a473fffffff,THA,2,9,6,False,20,,4.42769743802922e-05,,,,5.672161722605259e-05,,,,0.0009634340854743114,,,,0.0012092860712594451,,
8564a477fffffff,THA,0,1,4,False,20,,,,,,,,,,,,,,,,
8564a48ffffffff,THA,13,15,17,False,20,,-2.757606369986973e-05,,,,-3.239457971223566e-05,,,,5.612070948891751e-05,,,,0.00011358373708567644,,
8564a497fffffff,THA,20,20,20,True,20,0.00014397928684692718,0.00014397928684692718,0.0017677077340599377,0.0016237284472130104,0.00020307798147308452,0.00020307798147308452,0.0021009239684026335,0.0018978459869295494,0.0008227258492226336,0.0008227258492226336,0.004388273732759612,0.0035655478835369793,0.0018160140165365064,0.0018160140165365064,0.006314476912714538,0.004498462896178031
8564a4a3fffffff,THA,15,16,19,False,20,,8.833225169013236e-06,,,,1.3366534251250116e-05,,,,-1.4751701223416313e-05,,,,7.471717953725012e-05,,
8564a4a7fffffff,THA,16,17,18,False,20,,5.3406533633311174e-05,,,,6.961604591293542e-05,,,,0.00040757445247718973,,,,0.0007366546678707583,,
8564a4abfffffff,THA,20,20,20,True,20,0.0001307707336723213,0.0001307707336723213,0.001222405931000896,0.0010916351973285744,0.00017851975174365203,0.00017851975174365203,0.0014529128304292718,0.0012743930786856198,-0.00011722454184038777,-0.00011722454184038777,0.0019095027019210605,0.0020267272437614484,0.00014599589009343274,0.00014599589009343274,0.002697557395200908,0.002551561505107475
8564a4affffffff,THA,0,1,2,False,20,,,,,,,,,,,,,,,,
8564a4b3fffffff,THA,20,20,20,True,20,0.011869242618885067,0.011869242618885067,0.10103746584779641,0.08916822322891134,0.013415818094868043,0.013415818094868043,0.10304651038065311,0.08963069228578506,0.08836617024986286,0.08836617024986286,0.21376053304864975,0.12539436279878685,0.1432853461548295,0.1432853461548295,0.2903731858366566,0.14708783968182715
8564a4b7fffffff,THA,20,20,20,True,20,2.1107546907402415e-05,2.1107546907402415e-05,0.00037071525486282434,0.000349607707955422,3.231152517577404e-05,3.231152517577404e-05,0.0004408534605205111,0.0004085419353447371,0.0005837915253335725,0.0005837915253335725,0.0015924967002005435,0.0010087051748669709,0.00108524007875082,0.00108524007875082,0.0023511214948306433,0.0012658814160798233
8564a4bbfffffff,THA,20,20,20,True,20,0.0007258987452702136,0.0007258987452702136,0.0041910676520116085,0.0034651689067413958,0.0008628847109952044,0.0008628847109952044,0.004410853828224518,0.0035479691172293137,0.007504931962458628,0.007504931962458628,0.010595610323812937,0.0030906783613543092,0.011244001544025705,0.011244001544025705,0.014999846019843253,0.003755844475817547
8564a4cbfffffff,THA,0,1,4,False,20,,,,,,,,,,,,,,,,
8564a4d3fffffff,THA,0,0,1,False,20,,,,,,,,,,,,,,,,
8564a4dbfffffff,THA,9,13,13,False,20,,9.648830342891118e-06,,,,1.4913267232376711e-05,,,,-0.00016160691766478713,,,,-0.000202661684795557,,
8564a503fffffff,THA,0,1,0,False,20,,,,,,,,,,,,,,,,
8564a50bfffffff,THA,4,9,7,False,20,,-1.253510852667521e-05,,,,-1.3105239138280132e-05,,,,-0.0001356530086079792,,,,-8.867456738358896e-05,,
8564a51bfffffff,THA,0,0,3,False,20,,,,,,,,,,,,,,,,
8564a557fffffff,THA,0,0,1,False,20,,,,,,,,,,,,,,,,
8564a55bfffffff,THA,0,1,1,False,20,,,,,,,,,,,,,,,,
8564a577fffffff,THA,0,1,0,False,20,,,,,,,,,,,,,,,,
8564a57bfffffff,THA,0,1,1,False,20,,,,,,,,,,,,,,,,
8564a58ffffffff,THA,0,1,1,False,20,,,,,,,,,,,,,,,,
8564a59bfffffff,THA,12,17,14,False,20,,5.0327196851043734e-05,,,,6.413988489700356e-05,,,,0.00039902690055979885,,,,0.0006003323087812522,,
8564a5bbfffffff,THA,0,1,2,False,20,,,,,,,,,,,,,,,,
8564a5c3fffffff,THA,5,15,8,False,20,,3.933882261334614e-05,,,,4.91038337294912e-05,,,,0.0002643334207779576,,,,0.0004234021707706252,,
8564a5cbfffffff,THA,2,8,4,False,20,,2.0671193850638103e-05,,,,2.8634651863123996e-05,,,,0.0005123895800455002,,,,0.0007602365856254466,,
8564a5cffffffff,THA,1,5,3,False,20,,3.9676321000369844e-05,,,,5.0326574099988095e-05,,,,0.0005884395172442201,,,,0.0007656440214686583,,
8564a5d7fffffff,THA,8,14,10,False,20,,1.3469309976811132e-05,,,,2.144294683339476e-05,,,,0.0003196836152409646,,,,0.0005656526600485035,,
8564a5dbfffffff,THA,20,20,20,True,20,0.0003424843660130546,0.0003424843660130546,0.00222655574060777,0.0018840713745947152,0.00044551089673917227,0.00044551089673917227,0.002645326470773855,0.002199815574034683,0.004093706525936488,0.004093706525936488,0.008043925713466205,0.003950219187529715,0.006666419989260592,0.006666419989260592,0.011613925318007746,0.004947505328747154
8564a623fffffff,THA,0,4,2,False,20,,,,,,,,,,,,,,,,
8564a627fffffff,THA,1,5,3,False,20,,8.130223444092436e-05,,,,0.00010046550502889665,,,,0.0,,,,0.0,,
8564a647fffffff,THA,0,0,1,False,20,,,,,,,,,,,,,,,,
8564a6abfffffff,THA,0,1,0,False,20,,,,,,,,,,,,,,,,
8564a6affffffff,THA,0,0,1,False,20,,,,,,,,,,,,,,,,
8564a6b7fffffff,THA,20,20,20,True,20,0.00027283420433615787,0.00027283420433615787,0.0008560185604834112,0.0005831843561472531,0.0003358854637528995,0.0003358854637528995,0.0010172090913707216,0.0006813236276178221,0.0018014841783570359,0.0018014841783570359,0.0024318675111116594,0.0006303833327546238,0.002756562781762366,0.002756562781762366,0.0035337396112913727,0.000777176829529007
8564b013fffffff,THA,0,8,5,False,20,,,,,,,,,,,,,,,,
8564b047fffffff,THA,0,0,1,False,20,,,,,,,,,,,,,,,,
8564b08ffffffff,THA,0,1,0,False,20,,,,,,,,,,,,,,,,
8564b127fffffff,THA,0,1,0,False,20,,,,,,,,,,,,,,,,
8564b14bfffffff,THA,0,0,1,False,20,,,,,,,,,,,,,,,,
8564b167fffffff,THA,0,5,5,False,20,,,,,,,,,,,,,,,,
8564b187fffffff,THA,0,2,0,False,20,,,,,,,,,,,,,,,,
8564b1b3fffffff,THA,20,20,20,True,20,9.154154971662364e-05,9.154154971662364e-05,0.0015246046446003997,0.001433063094883776,0.00013882622661814023,0.00013882622661814023,0.0018121347315905767,0.0016733085049724366,-0.00016679249264229054,-0.00016679249264229054,0.0019559659628488315,0.0021227584554911216,9.753282512226522e-05,9.753282512226522e-05,0.002769213710037307,0.002671680884915042
8564b1b7fffffff,THA,13,19,14,False,20,,5.796443144845268e-05,,,,7.216031876909074e-05,,,,0.0005185379080170978,,,,0.0008782012575221582,,
8564b1bbfffffff,THA,0,0,1,False,20,,,,,,,,,,,,,,,,
8564b1d7fffffff,THA,0,0,1,False,20,,,,,,,,,,,,,,,,
8564b37bfffffff,THA,0,0,2,False,20,,,,,,,,,,,,,,,,
8564b417fffffff,THA,2,11,7,False,20,,2.646788623765395e-05,,,,3.496044576566343e-05,,,,0.0,,,,0.0,,
8564b433fffffff,THA,0,0,1,False,20,,,,,,,,,,,,,,,,
8564b44ffffffff,THA,0,0,2,False,20,,,,,,,,,,,,,,,,
8564b483fffffff,THA,2,7,7,False,20,,1.9533955774692454e-07,,,,5.684369650149108e-06,,,,0.0,,,,0.0,,
8564b48bfffffff,THA,0,0,1,False,20,,,,,,,,,,,,,,,,
8564b4d7fffffff,THA,20,20,20,True,20,-7.277544518096448e-06,-7.277544518096448e-06,0.0006853617030969161,0.0006926392476150126,6.124277832232324e-06,6.124277832232324e-06,0.0008145322141519985,0.0008084079363197662,0.0009753063614811499,0.0009753063614811499,0.0015194086728703951,0.0005441023113892453,0.0015229664253533584,0.0015229664253533584,0.0021876116562312797,0.000664645230877921
8564b507fffffff,THA,18,18,20,False,20,,-5.831475082296599e-05,,,,-6.531011008973634e-05,,,,-0.0010738826934933569,,,,-0.0013871958484560126,,
8564b537fffffff,THA,0,1,1,False,20,,,,,,,,,,,,,,,,
8564b55bfffffff,THA,0,1,0,False,20,,,,,,,,,,,,,,,,
8564b57bfffffff,THA,2,4,3,False,20,,0.00011960395216119876,,,,0.00014156878887069003,,,,0.00012287322300085616,,,,0.0001704054499929439,,
8564b5b7fffffff,THA,0,2,4,False,20,,,,,,,,,,,,,,,,
8564b60ffffffff,THA,20,20,20,True,20,1.5722705327352638e-05,1.5722705327352638e-05,0.0006125056835156484,0.0005967829781882959,3.0851039645859776e-05,3.0851039645859776e-05,0.0007276812121378112,0.0006968301724919514,0.00015440566289842594,0.00015440566289842594,0.0015185521514733513,0.0013641464885749254,0.00047545667186696985,0.00047545667186696985,0.0022048812190662704,0.0017294245471993004
8564b617fffffff,THA,0,0,1,False,20,,,,,,,,,,,,,,,,
8564b633fffffff,THA,0,0,1,False,20,,,,,,,,,,,,,,,,
8564b63bfffffff,THA,0,4,1,False,20,,,,,,,,,,,,,,,,
8564b677fffffff,LAO|THA,20,20,20,True,20,0.000584780195796194,0.000584780195796194,0.0034119132890133262,0.002827133093217132,0.0007352015526710854,0.0007352015526710854,0.00396054806274754,0.003225346510076456,0.008154480818202223,0.008154480818202223,0.012401009262958987,0.004246528444756763,0.012188425282386482,0.012188425282386482,0.017411374858414062,0.005222949576027579
8564b687fffffff,THA,20,20,20,True,20,8.037022206449677e-05,8.037022206449677e-05,0.001786438059219003,0.0017060678371545058,0.0001338309433716257,0.0001338309433716257,0.002122804762475985,0.00198897381910436,0.0012982569671610058,0.0012982569671610058,0.003835623704341511,0.0025373667371805055,0.002211766968284596,0.002211766968284596,0.005340574113427237,0.003128807145142641
8564b68bfffffff,THA,0,1,0,False,20,,,,,,,,,,,,,,,,
8564b6a3fffffff,THA,0,1,2,False,20,,,,,,,,,,,,,,,,
8564b6c3fffffff,THA,0,0,1,False,20,,,,,,,,,,,,,,,,
8564e49bfffffff,IND,20,20,20,True,20,-0.0004474330624620106,-0.0004474330624620106,0.005381027815993257,0.005828460878455269,-0.0003906116908671058,-0.0003906116908671058,0.006402078307602606,0.00679268999846971,0.0017272664306412285,0.0017272664306412285,0.010583578088918782,0.008856311658277553,0.004288516353572898,0.004288516353572898,0.015166871223645118,0.010878354870072219
8564e68ffffffff,IND,0,1,0,False,20,,,,,,,,,,,,,,,,
85650087fffffff,MYS,1,2,3,False,20,,6.519150980460351e-05,,,,7.759976037763702e-05,,,,-0.00212781048301298,,,,-0.0028714453898944265,,
85650113fffffff,MYS,0,1,0,False,20,,,,,,,,,,,,,,,,
8565014bfffffff,MYS,3,6,9,False,20,,2.0609132851451078e-05,,,,3.3684416781880755e-05,,,,0.000729616436349998,,,,0.0010906863432451931,,
85650157fffffff,MYS,12,14,16,False,20,,4.247087291349791e-05,,,,5.5317105322456274e-05,,,,7.184550208723377e-06,,,,4.277092774898299e-05,,
8565015bfffffff,MYS,6,8,15,False,20,,-7.612048795720136e-07,,,,3.604646149792098e-06,,,,0.0001490123642565842,,,,0.00024558273483467195,,
8565016bfffffff,MYS,3,5,9,False,20,,8.018871066645457e-05,,,,0.00010095358326015435,,,,-3.5294497440142176e-05,,,,-3.4448367410371413e-05,,
8565019bfffffff,MYS,0,1,0,False,20,,,,,,,,,,,,,,,,
85650307fffffff,MYS,4,4,5,False,20,,-2.819104066320684e-05,,,,-2.2761662922169288e-05,,,,-0.0001359168348201849,,,,-6.174204324769882e-05,,
85650317fffffff,MYS,0,0,3,False,20,,,,,,,,,,,,,,,,
85650323fffffff,MYS,2,4,3,False,20,,6.096534148698661e-05,,,,7.588828868438711e-05,,,,-9.909977762009902e-05,,,,-0.00011318567884242743,,
856503a3fffffff,MYS,0,2,0,False,20,,,,,,,,,,,,,,,,
856503b3fffffff,MYS,1,2,2,False,20,,1.585720669306328e-05,,,,2.326983590004902e-05,,,,0.00011980186293579715,,,,0.00021611302367919943,,
856503bbfffffff,MYS,20,20,20,True,20,-8.969277675326935e-05,-8.969277675326935e-05,0.0013849850955059437,0.0014746778722592132,-8.73634880969564e-05,-8.73634880969564e-05,0.001630684356251015,0.0017180478443479716,0.0006593546643532167,0.0006593546643532167,0.004815559571280616,0.0041562049069274,0.0017079484984627662,0.0017079484984627662,0.006897943308909081,0.005189994810446314
8565042bfffffff,MYS,0,1,7,False,20,,,,,,,,,,,,,,,,
85650503fffffff,MYS,20,20,20,True,20,-0.0003573379466670478,-0.0003573379466670478,0.026051710368232915,0.026409048314899965,0.00013878994182239276,0.00013878994182239276,0.03067200239492971,0.030533212453107313,0.012775782629462381,0.012775782629462381,0.07201535309740006,0.05923957046793767,0.027318984153604987,0.027318984153604987,0.09903500568571849,0.07171602153211351
85650507fffffff,MYS,20,20,20,True,20,0.00064948227124402,0.00064948227124402,0.001204114023569966,0.000554631752325946,0.0007946047086530553,0.0007946047086530553,0.0014177619730322444,0.0006231572643791894,0.0029364274429556575,0.0029364274429556575,0.004648944048005945,0.0017125166050502877,0.004431371611889947,0.004431371611889947,0.006516318507523627,0.0020849468956336834
8565050bfffffff,MYS,20,20,20,True,20,-0.007137524895002521,-0.007137524895002521,0.12509461866213792,0.13223214355714047,-0.006713699476020863,-0.006713699476020863,0.1393823103265977,0.1460960098026186,0.06736572876918626,0.06736572876918626,0.41032198724445373,0.34295625847526745,0.13139462619415893,0.13139462619415893,0.5362538907072814,0.40485926451312243
8565050ffffffff,MYS,20,20,20,True,20,-0.0016644708222126581,-0.0016644708222126581,0.010399444538906273,0.012063915361118931,-0.001670542038644473,-0.001670542038644473,0.012250239515585213,0.013920781554229687,0.0012345650160513542,0.0012345650160513542,0.04353447454213225,0.042299909526080905,0.008577017674377543,0.008577017674377543,0.06086469961452788,0.05228768194015034
85650513fffffff,MYS,1,3,4,False,20,,8.137720115060427e-05,,,,0.00010471638781342602,,,,0.00044449108765257697,,,,0.0005557726474458543,,
8565051bfffffff,MYS,20,20,20,True,20,-0.0003324101088035258,-0.0003324101088035258,0.009035504291114032,0.009367914399917555,-0.0002352451953132252,-0.0002352451953132252,0.010691989912730357,0.010927235108043583,0.007292071849383697,0.007292071849383697,0.032501235208616266,0.02520916335923256,0.014251758660138631,0.014251758660138631,0.04547707745436844,0.031225318794229805
85650547fffffff,MYS,20,20,20,True,20,-0.0004921323942430264,-0.0004921323942430264,0.006104713471170892,0.006596845865413918,-0.00036833028058311354,-0.00036833028058311354,0.007114871422503023,0.007483201703086138,0.007695379727785945,0.007695379727785945,0.03163726529455635,0.023941885566770404,0.014937983464308871,0.014937983464308871,0.04412518380955071,0.02918720034524184
85650557fffffff,MYS,19,19,20,False,20,,-1.1701624325973915e-05,,,,-7.258851530459735e-06,,,,-0.00011601795704430743,,,,-7.844025756742465e-05,,
85650563fffffff,MYS,0,2,3,False,20,,,,,,,,,,,,,,,,
85650567fffffff,MYS,20,20,20,True,20,0.00026815666857204834,0.00026815666857204834,0.0018588494844637335,0.0015906928158916853,0.0003539661710263768,0.0003539661710263768,0.002212190669122098,0.0018582244980957213,0.0011370452365337637,0.0011370452365337637,0.004481158012375528,0.0033441127758417656,0.002189111720582664,0.002189111720582664,0.006327411094860387,0.004138299374277723
85650573fffffff,MYS,19,20,19,False,20,,1.2470044443662505e-05,,,,6.50407161540603e-05,,,,0.00010326728598993083,,,,0.0005900213243768992,,
8565057bfffffff,MYS,20,20,20,True,20,0.00026111390150895114,0.00026111390150895114,0.003212289680596072,0.0029511757790871202,0.00034043535283653683,0.00034043535283653683,0.0037744796809979207,0.0034340443281613833,0.0016904685531326264,0.0016904685531326264,0.008544670274590507,0.006854201721457882,0.0035513749789763036,0.0035513749789763036,0.012043589207482129,0.008492214228505825
85650583fffffff,MYS,3,3,8,False,20,,4.881903559549628e-05,,,,8.629804877771833e-06,,,,0.0012155840438272277,,,,0.0015629311644419681,,
8565058ffffffff,MYS,7,10,10,False,20,,3.851117181566278e-05,,,,-3.3188138885394802e-06,,,,0.00022893149219585992,,,,0.0003458427013080095,,
856505d3fffffff,MYS,0,0,1,False,20,,,,,,,,,,,,,,,,
856505d7fffffff,MYS,19,20,19,False,20,,0.0001110096700406342,,,,-2.7966399977583226e-05,,,,0.002020215889943806,,,,0.0007493835038288987,,
85650653fffffff,MYS,0,0,10,False,20,,,,,,,,,,,,,,,,
85650693fffffff,MYS,19,19,20,False,20,,0.00017138361579920633,,,,0.00021236152900096423,,,,0.0011376859233805329,,,,0.0018366450914992388,,
856506c7fffffff,MYS,4,4,18,False,20,,-0.00013789714976673192,,,,-0.0001536192480397465,,,,-0.000783145063784531,,,,-0.0009108114058316668,,
8565094bfffffff,IDN,1,5,8,False,20,,2.8025826951758295e-05,,,,3.779463182253911e-05,,,,0.0008609284826709445,,,,0.001051089980309581,,
85650cb7fffffff,IDN,0,0,2,False,20,,,,,,,,,,,,,,,,
85650d4ffffffff,IDN,20,20,20,True,20,-0.0010756015381036235,-0.0010756015381036235,0.004613378585273708,0.005688980123377332,-0.0011584267204624648,-0.0011584267204624648,0.00538041111870982,0.006538837839172284,0.00015243546708226444,0.00015243546708226444,0.017363072744999562,0.017210637277917294,0.0029233880395136544,0.0029233880395136544,0.02404855007007286,0.021125162030559207
85650d93fffffff,IDN,0,0,1,False,20,,,,,,,,,,,,,,,,
85651133fffffff,MYS,6,12,8,False,20,,0.00017789343744387476,,,,-0.00012114955826196441,,,,0.001455080725276947,,,,0.000348344269017158,,
856511a7fffffff,MYS,0,2,0,False,20,,,,,,,,,,,,,,,,
856511abfffffff,MYS,0,0,1,False,20,,,,,,,,,,,,,,,,
856511affffffff,MYS,19,19,20,False,20,,-0.001296005166360541,,,,9.351842859410745e-06,,,,0.001264912376494031,,,,6.588414163913513e-05,,
856511b3fffffff,MYS,0,1,1,False,20,,,,,,,,,,,,,,,,
85651533fffffff,MYS,1,2,3,False,20,,-1.604167639944411e-05,,,,-1.3380714298010562e-05,,,,-0.00023739840139239848,,,,-0.00023150052468768256,,
856515abfffffff,MYS,0,0,1,False,20,,,,,,,,,,,,,,,,
8565180ffffffff,THA,20,20,20,True,20,0.00019470378106392936,0.00019470378106392936,0.002311871961142453,0.0021171681800785237,0.0002773610963748811,0.0002773610963748811,0.002750290507931477,0.0024729294115565965,0.0015974961669554702,0.0015974961669554702,0.005199861228752352,0.0036023650617968824,0.002950507755232935,0.002950507755232935,0.007404786207675315,0.004454278452442381
85651863fffffff,THA,4,8,4,False,20,,2.120894470956936e-05,,,,3.0054878291997975e-05,,,,0.0003572002643281956,,,,0.000447613548366882,,
8565187bfffffff,THA,20,20,20,True,20,5.1697777646453996e-05,5.1697777646453996e-05,0.00034114148602641876,0.00028944370837996483,7.033958149104831e-05,7.033958149104831e-05,0.0004056703386754811,0.0003353307571844327,0.00021108116173068132,0.00021108116173068132,0.0003574629308835009,0.00014638176915281962,0.00031929350412302003,0.00031929350412302003,0.0004998140313337372,0.00018052052721071723
856518abfffffff,THA,0,0,2,False,20,,,,,,,,,,,,,,,,
856518dbfffffff,THA,0,1,2,False,20,,,,,,,,,,,,,,,,
856519dbfffffff,THA,1,4,2,False,20,,1.4585778230815114e-05,,,,1.910887359877144e-05,,,,0.0,,,,0.0,,
85651b03fffffff,THA,0,2,1,False,20,,,,,,,,,,,,,,,,
85651b07fffffff,THA,2,3,9,False,20,,7.085111211792568e-05,,,,8.608571067326046e-05,,,,1.4026846317104712e-05,,,,3.0227657291063747e-05,,
85651b13fffffff,THA,0,1,1,False,20,,,,,,,,,,,,,,,,
85651b23fffffff,THA,0,0,1,False,20,,,,,,,,,,,,,,,,
85651b37fffffff,THA,0,1,0,False,20,,,,,,,,,,,,,,,,
85651b47fffffff,THA,0,3,3,False,20,,,,,,,,,,,,,,,,
85651b6bfffffff,THA,0,2,4,False,20,,,,,,,,,,,,,,,,
85651b7bfffffff,THA,0,0,1,False,20,,,,,,,,,,,,,,,,
85651baffffffff,THA,0,0,2,False,20,,,,,,,,,,,,,,,,
85651bc7fffffff,THA,0,0,1,False,20,,,,,,,,,,,,,,,,
85651c5bfffffff,THA,8,10,12,False,20,,-3.786567145082631e-05,,,,-3.1008341101579435e-05,,,,-2.510100418823174e-06,,,,-1.7455387684364715e-06,,
85651c6bfffffff,THA,18,18,20,False,20,,6.624307503059339e-05,,,,8.602417235100372e-05,,,,4.026653217444766e-05,,,,7.518647300533539e-05,,
85651c7bfffffff,THA,0,0,1,False,20,,,,,,,,,,,,,,,,
85651cb7fffffff,MYS,0,0,1,False,20,,,,,,,,,,,,,,,,
85651d13fffffff,MYS,4,4,11,False,20,,1.5457210528309444e-06,,,,2.5429172921712455e-05,,,,0.0003281594274529156,,,,0.00042644207097078965,,
85651d47fffffff,MYS,0,2,0,False,20,,,,,,,,,,,,,,,,
85651d7bfffffff,MYS,14,14,20,False,20,,4.601416351165357e-05,,,,6.072048620302023e-05,,,,0.0003795748062415089,,,,0.0005670315965744311,,
85651d83fffffff,MYS,20,20,20,True,20,-0.0006222075359414557,-0.0006222075359414557,0.003438570368124854,0.00406077790406631,-0.0006673679115184806,-0.0006673679115184806,0.004052244058603936,0.004719611970122417,0.0021578289769433067,0.0021578289769433067,0.01741282743715401,0.015254998460210705,0.005795266526193497,0.005795266526193497,0.024781292677435576,0.01898602615124208
85651d8bfffffff,MYS,3,9,8,False,20,,5.2721861348534834e-05,,,,6.862440410799819e-05,,,,0.00016412130713924737,,,,0.0002104092386472635,,
85651d8ffffffff,MYS,20,20,20,True,20,-0.001334178881234467,-0.001334178881234467,0.009078079783688476,0.010412258664922944,-0.001336588009474551,-0.001336588009474551,0.01074735020196981,0.012083938211444363,0.006079654567367461,0.006079654567367461,0.038295176985280364,0.03221552241791291,0.014559602821510314,0.014559602821510314,0.0544442848601442,0.039884682038633885
85651dbbfffffff,MYS,20,20,20,True,20,-0.0002456800207252223,-0.0002456800207252223,0.0008684656353375403,0.0011141456560627623,-0.00026578176780693303,-0.00026578176780693303,0.0010324604837858155,0.0012982422515927484,0.00041253364898923516,0.00041253364898923516,0.00494406012644535,0.004531526477456116,0.0014291458342778438,0.0014291458342778438,0.007030153238169241,0.005601007403891396
85652057fffffff,MYS,1,4,8,False,20,,-6.536811494283661e-05,,,,-8.038194506777662e-05,,,,-0.0005138006864377171,,,,-0.0006439689091810647,,
8565205bfffffff,MYS,4,9,4,False,20,,9.445552277441812e-06,,,,1.8693658820695324e-05,,,,-0.00016243346287591698,,,,-0.0001706800965156788,,
8565206ffffffff,MYS,11,13,17,False,20,,-1.2095249650702833e-06,,,,5.193496159298036e-06,,,,-0.0007993447288055223,,,,-0.0009847479490373435,,
856520cbfffffff,SGP,20,20,20,True,20,0.0026483052009045106,0.0026483052009045106,0.024334727293911392,0.021686422093006884,0.00044764361007654094,0.00044764361007654094,0.012748808674862949,0.01230116506478641,0.004360292653065792,0.004360292653065792,0.03372830947336021,0.02936801682029442,0.0015105943382771267,0.0015105943382771267,0.028431005686425072,0.026920411348147953
856520dbfffffff,SGP,20,20,20,True,20,0.02287880167592155,0.02287880167592155,0.2406470730466656,0.21776827137074406,0.004412262151130682,0.004412262151130682,0.0883646260815612,0.08395236393043051,0.29735646110879904,0.29735646110879904,0.6875273408494416,0.3901708797406426,0.053751645348027975,0.053751645348027975,0.204443850168245,0.15069220482021708
856522a3fffffff,MYS,0,2,0,False,20,,,,,,,,,,,,,,,,
8565230ffffffff,MYS,20,20,20,True,20,3.3860834765137003e-05,3.3860834765137003e-05,0.0009623410234640747,0.0009284801886989376,1.9209744416579688e-05,1.9209744416579688e-05,0.0010983678689341003,0.0010791581245175202,0.0005208263831284197,0.0005208263831284197,0.0030451720681165108,0.0025243456849880913,0.0011066893080969732,0.0011066893080969732,0.0042211960683880955,0.003114506760291122
85652313fffffff,MYS,17,17,20,False,20,,-6.168851584065179e-05,,,,-6.378042292759858e-05,,,,-0.000451041455995586,,,,-0.00042313272647440266,,
8565245bfffffff,IDN,0,4,7,False,20,,,,,,,,,,,,,,,,
85652627fffffff,MYS,20,20,20,True,20,0.0012395095556342098,0.0012395095556342098,0.01092665434319852,0.00968714478756431,0.0011921292596201592,0.0011921292596201592,0.011708989227227498,0.010516859967607341,0.027676180240275204,0.027676180240275204,0.05646905713245841,0.028792876892183204,0.04328909295709191,0.04328909295709191,0.07770891647601626,0.03441982351892435
8565262bfffffff,MYS,0,1,1,False,20,,,,,,,,,,,,,,,,
85652637fffffff,SGP,20,20,20,True,20,0.0014504579418143089,0.0014504579418143089,0.026385003474078694,0.024934545532264384,0.002330625775844636,0.002330625775844636,0.030717794709099744,0.028387168933255102,0.0020903392263061857,0.0020903392263061857,0.0482769922608368,0.046186653034530616,0.011192361171041207,0.011192361171041207,0.0665155634040768,0.05532320223303559
856526a3fffffff,IDN,20,20,20,True,20,0.0002642419810287614,0.0002642419810287614,0.0032025964780371596,0.0029383544970083978,0.00035589515245495204,0.00035589515245495204,0.003553477757025814,0.0031975826045708617,0.01307693030259181,0.01307693030259181,0.020704783357986797,0.007627853055394989,0.020102062217943355,0.020102062217943355,0.02947435882751595,0.009372296609572593
856526affffffff,SGP,20,20,20,True,20,0.0034594557711882814,0.0034594557711882814,0.030597059504187563,0.027137603732999293,0.002763018484085671,0.002763018484085671,0.021302544005422717,0.01853952552133705,0.024609872823770574,0.024609872823770574,0.05715637490331819,0.032546502079547616,0.02877810887399117,0.02877810887399117,0.06050805476096325,0.031729945886972075
85652c43fffffff,IDN,13,15,18,False,20,,5.047253981873397e-05,,,,6.338772360115131e-05,,,,5.614899975017177e-05,,,,0.00010028018088648531,,
85652c8ffffffff,IDN,1,1,1,False,20,,-0.0008583683266963108,,,,-0.0009816547140696335,,,,0.0,,,,0.0,,
85652cd7fffffff,IDN,20,20,20,True,20,-0.0006574575752494949,-0.0006574575752494949,0.0029435173853646084,0.003600974960614103,-0.0007048610864383194,-0.0007048610864383194,0.003496416384887175,0.004201277471325494,0.005380668333888788,0.005380668333888788,0.012813261118079669,0.007432592784190882,0.008831347606084823,0.008831347606084823,0.01797370321567996,0.00914235560959514
85652d5bfffffff,IDN,0,0,1,False,20,,,,,,,,,,,,,,,,
85652e13fffffff,IDN,0,3,2,False,20,,,,,,,,,,,,,,,,
856552bbfffffff,IDN,3,4,6,False,20,,3.100538236159388e-05,,,,3.8931618096872455e-05,,,,0.0009265627590303908,,,,0.0012140279519880983,,
85655353fffffff,IDN,19,19,20,False,20,,-0.00010631461551440843,,,,-0.00011401142032955942,,,,0.001148686864541198,,,,0.001933119590322816,,
85655643fffffff,IDN,3,9,8,False,20,,2.8858699831982293e-05,,,,4.005896243275691e-05,,,,0.00037493517623865465,,,,0.0006031745237093063,,
85655663fffffff,IDN,0,1,0,False,20,,,,,,,,,,,,,,,,
85658107fffffff,KHM,1,2,3,False,20,,5.1530396872497515e-05,,,,0.0,,,,0.0,,,,0.0,,
85658213fffffff,KHM,0,0,1,False,20,,,,,,,,,,,,,,,,
85658363fffffff,KHM,0,0,2,False,20,,,,,,,,,,,,,,,,
85658433fffffff,KHM,0,0,8,False,20,,,,,,,,,,,,,,,,
8565846bfffffff,KHM,20,20,20,True,20,-0.043559185408943366,-0.043559185408943366,0.039889986188921214,0.08344917159786455,-0.04981031532501464,-0.04981031532501464,0.04628641047782843,0.09609672580284308,-0.08049513039929448,-0.08049513039929448,0.17223425720742186,0.25272938760671637,-0.07233127004332678,-0.07233127004332678,0.2386306243361273,0.31096189437945404
8565848bfffffff,VNM,0,1,0,False,20,,,,,,,,,,,,,,,,
85658587fffffff,VNM,1,3,1,False,20,,-1.604167639944411e-05,,,,-1.3380714298010562e-05,,,,0.0,,,,0.0,,
8565858bfffffff,KHM,0,0,1,False,20,,,,,,,,,,,,,,,,
856585affffffff,KHM,0,0,3,False,20,,,,,,,,,,,,,,,,
85658843fffffff,THA,19,20,19,False,20,,4.9977547764297726e-05,,,,6.568410824008252e-05,,,,-0.0004338653169289701,,,,-0.0005227678774628983,,
8565884ffffffff,THA,20,20,20,True,20,-5.6736938383448345e-05,-5.6736938383448345e-05,0.0014158558694581827,0.0014725928078416313,-3.674966816385716e-05,-3.674966816385716e-05,0.0016832899670835653,0.0017200396352474224,-0.0003585797010725521,-0.0003585797010725521,0.0022194509334826727,0.002578030634555225,-5.9197629828340075e-06,-5.9197629828340075e-06,0.0031939117552275452,0.0031998315182103798
85658863fffffff,THA,9,12,14,False,20,,0.00011676092042844719,,,,0.00014340818992652907,,,,0.0001655762507615835,,,,0.0002516136527237559,,
8565886bfffffff,THA,14,17,17,False,20,,3.291093321863598e-05,,,,4.4135294965870803e-05,,,,0.00045997404270697726,,,,0.0007032380544348403,,
85658907fffffff,THA,0,2,6,False,20,,,,,,,,,,,,,,,,
85658973fffffff,THA,0,0,1,False,20,,,,,,,,,,,,,,,,
8565897bfffffff,THA,2,5,5,False,20,,2.9046199708523718e-05,,,,3.952337575024736e-05,,,,-0.0005558451781344427,,,,-0.0006736090532279184,,
85658a0ffffffff,THA,0,5,3,False,20,,,,,,,,,,,,,,,,
85658a23fffffff,THA,20,20,20,True,20,0.00023769079436301412,0.00023769079436301412,0.0017558547769483876,0.0015181639825853734,0.0003138681536197815,0.0003138681536197815,0.0020868189871709607,0.001772950833551179,0.003207048912480071,0.003207048912480071,0.0052431951694367675,0.002036146256956696,0.0049515694185871505,0.0049515694185871505,0.007522593713461883,0.0025710242948747343
85658a2bfffffff,THA,16,18,18,False,20,,6.719389081111051e-05,,,,8.348859622710523e-05,,,,0.00013666688515203513,,,,0.0002268123128534731,,
85658a33fffffff,THA,8,14,10,False,20,,5.449638557871404e-05,,,,6.861701515636156e-05,,,,0.0001312144488915867,,,,0.0002732993073565665,,
85658a37fffffff,THA,20,20,20,True,20,0.00011305086971960623,0.00011305086971960623,0.00053112562187851,0.0004180747521589036,0.00014168938979771832,0.00014168938979771832,0.0006297597631614383,0.0004880703733637199,0.0013109559063259296,0.0013109559063259296,0.0023112693972822907,0.0010003134909563614,0.002073618453051889,0.002073618453051889,0.003335046107599042,0.0012614276545471529
85658a3bfffffff,THA,2,8,7,False,20,,3.5190263950304424e-05,,,,4.261588486114055e-05,,,,0.0011630587714817136,,,,0.0017641256037534592,,
85658a63fffffff,THA,1,7,6,False,20,,1.9444601762674303e-05,,,,2.9715611219157924e-05,,,,0.0,,,,0.0,,
85658a67fffffff,THA,20,20,20,True,20,0.00017271510584180937,0.00017271510584180937,0.0005779715433132278,0.00040525643747141846,0.00021410523880493982,0.00021410523880493982,0.000688217723391348,0.0004741124845864082,0.0004062395449253857,0.0004062395449253857,0.0006051996722436171,0.00019896012731823132,0.0006335710995536451,0.0006335710995536451,0.0008754658534105054,0.00024189475385686033
85658a73fffffff,THA,0,0,1,False,20,,,,,,,,,,,,,,,,
85658a77fffffff,THA,0,0,1,False,20,,,,,,,,,,,,,,,,
85658a97fffffff,THA,4,8,8,False,20,,7.292742457142861e-05,,,,9.071143267073555e-05,,,,8.521898412398063e-05,,,,0.00016023747763827028,,
85658aa3fffffff,THA,18,19,19,False,20,,4.182961938404983e-05,,,,5.395343367567718e-05,,,,0.0004780016212657795,,,,0.0007400987847417971,,
85658aaffffffff,THA,10,14,15,False,20,,3.901208670283126e-05,,,,5.083162736078128e-05,,,,0.0005444248446959734,,,,0.0008236554988101524,,
85658ab3fffffff,THA,0,1,0,False,20,,,,,,,,,,,,,,,,
85658ab7fffffff,THA,5,8,10,False,20,,1.9871313880669848e-05,,,,2.472156649454095e-05,,,,0.00015199474415661678,,,,0.0002574877575247418,,
85658b23fffffff,THA,0,1,0,False,20,,,,,,,,,,,,,,,,
85658b2bfffffff,THA,0,0,1,False,20,,,,,,,,,,,,,,,,
85658b33fffffff,THA,0,2,4,False,20,,,,,,,,,,,,,,,,
85658b3bfffffff,THA,15,16,19,False,20,,3.190672524602606e-05,,,,4.298904874561506e-05,,,,-0.0003388848902402352,,,,-0.000403254979196718,,
85658b4bfffffff,THA,20,20,20,True,20,0.00046335029485386465,0.00046335029485386465,0.0023448494242943444,0.0018814991294404798,0.0005900375035988744,0.0005900375035988744,0.002787450063467812,0.002197412559868938,0.002758285781637053,0.002758285781637053,0.005297126687729333,0.0025388409060922794,0.004379792590663254,0.004379792590663254,0.007558730518711405,0.0031789379280481533
85658b4ffffffff,THA,1,8,6,False,20,,4.524151139030232e-05,,,,5.381528919032396e-05,,,,-0.00042074969180085076,,,,-0.0005181454537917885,,
85658b67fffffff,THA,5,9,9,False,20,,2.855292349537236e-05,,,,3.715903235524737e-05,,,,4.5800052689296924e-05,,,,7.368156283439273e-05,,
85658b6bfffffff,THA,1,2,4,False,20,,1.0500504885578926e-05,,,,9.980902428201105e-06,,,,0.0010488006964036625,,,,0.0015539049631724524,,
85658b7bfffffff,THA,20,20,20,True,20,0.0001479129187154221,0.0001479129187154221,0.000959312229423541,0.0008113993107081189,0.00019373253304093963,0.00019373253304093963,0.0011408596547780147,0.0009471271217370749,0.0009728923835772535,0.0009728923835772535,0.0024669438199950164,0.0014940514364177625,0.0017283787259746524,0.0017283787259746524,0.0035919231765188554,0.001863544450544203
85658baffffffff,THA,0,1,1,False,20,,,,,,,,,,,,,,,,
85658bb7fffffff,THA,20,20,20,True,20,-1.7298124571981626e-05,-1.7298124571981626e-05,0.001010506499561629,0.0010278046241336107,1.3453461398335522e-06,1.3453461398335522e-06,0.0012008296089201678,0.0011994842627803342,-0.0007415651695650135,-0.0007415651695650135,0.0017820473479425764,0.00252361251750759,-0.0006580413427985734,-0.0006580413427985734,0.0024776920811060013,0.003135733423904574
85658bd3fffffff,THA,20,20,20,True,20,0.00021798112866293793,0.00021798112866293793,0.0018826760561891538,0.0016646949275262158,0.00029377438273698486,0.00029377438273698486,0.0022365005470410416,0.0019427261643040566,0.0026142218879044122,0.0026142218879044122,0.006802711635726879,0.004188489747822469,0.004353358156593597,0.004353358156593597,0.00957198549680131,0.005218627340207714
85658bdbfffffff,THA,20,20,20,True,20,0.0002093919736496321,0.0002093919736496321,0.0020663654656262386,0.0018569734919766066,0.0002966249184350888,0.0002966249184350888,0.0022662346461216555,0.0019696097276865666,0.0026565215747296703,0.0026565215747296703,0.004784472847287309,0.0021279512725576374,0.004176805000245655,0.004176805000245655,0.006841800469707738,0.0026649954694620837
85658e03fffffff,THA,1,2,3,False,20,,1.585720669306328e-05,,,,2.326983590004902e-05,,,,0.0,,,,0.0,,
85658e0ffffffff,THA,20,20,20,True,20,2.1832272774765066e-05,2.1832272774765066e-05,0.00032877034962130785,0.00030693807684654284,3.1945672704575516e-05,3.1945672704575516e-05,0.00039081480330975586,0.00035886913060518037,-1.0662721536134393e-05,-1.0662721536134393e-05,0.000940083637135377,0.0009507463586715115,0.00018550414179413987,0.00018550414179413987,0.0013771549256877086,0.0011916507838935688
85658e3bfffffff,THA,1,1,2,False,20,,1.585720669306328e-05,,,,2.326983590004902e-05,,,,-0.0005945986657205941,,,,-0.0006791140730545645,,
85658e63fffffff,THA,0,1,0,False,20,,,,,,,,,,,,,,,,
85658e6ffffffff,THA,0,1,2,False,20,,,,,,,,,,,,,,,,
85658e8bfffffff,THA,0,3,4,False,20,,,,,,,,,,,,,,,,
85658ecffffffff,THA,0,2,1,False,20,,,,,,,,,,,,,,,,
85659323fffffff,THA,20,20,20,True,20,0.0002984676260409846,0.0002984676260409846,0.0016115577950712944,0.0013130901690303098,0.00038168573474761,0.00038168573474761,0.001915671147515833,0.0015339854127682227,0.00395034291362662,0.00395034291362662,0.0075082038110301135,0.0035578608974034935,0.006349747820746701,0.006349747820746701,0.010851280522923407,0.004501532702176707
85659373fffffff,THA,0,1,0,False,20,,,,,,,,,,,,,,,,
856593a3fffffff,THA,0,1,1,False,20,,,,,,,,,,,,,,,,
856593d3fffffff,LAO,0,4,5,False,20,,,,,,,,,,,,,,,,
85659807fffffff,THA,0,2,1,False,20,,,,,,,,,,,,,,,,
8565981bfffffff,THA,0,0,1,False,20,,,,,,,,,,,,,,,,
85659833fffffff,THA,0,0,1,False,20,,,,,,,,,,,,,,,,
85659843fffffff,THA,0,1,0,False,20,,,,,,,,,,,,,,,,
85659847fffffff,THA,9,13,14,False,20,,2.5904164923505538e-05,,,,3.49731121788143e-05,,,,0.00021903700590252727,,,,0.0003505541060880252,,
85659873fffffff,THA,0,0,1,False,20,,,,,,,,,,,,,,,,
856598cbfffffff,THA,20,20,20,True,20,0.0001713738684269441,0.0001713738684269441,0.0003975494314706384,0.0002261755630436943,0.00020884683550345418,0.00020884683550345418,0.00047306263818113175,0.0002642158026776776,0.001577516698967061,0.001577516698967061,0.001693615313446748,0.00011609861447968708,0.0022860756925508867,0.0022860756925508867,0.0024336280127733325,0.00014755232022244634
8565992bfffffff,THA,3,6,5,False,20,,4.825135016843393e-05,,,,6.145071161786888e-05,,,,0.0005779786704853113,,,,0.0008637331245273944,,
8565992ffffffff,THA,0,1,0,False,20,,,,,,,,,,,,,,,,
8565994bfffffff,THA,20,20,20,True,20,0.0005533575678187336,0.0005533575678187336,0.003227541415780355,0.002674183847961621,0.0007126452627049915,0.0007126452627049915,0.0038347773685678634,0.0031221321058628715,0.004065599633442346,0.004065599633442346,0.006408894868495506,0.0023432952350531584,0.006163820457190991,0.006163820457190991,0.009052368809415874,0.0028885483522248833
8565994ffffffff,THA,0,0,1,False,20,,,,,,,,,,,,,,,,
85659953fffffff,THA,1,1,2,False,20,,-5.13213560050199e-05,,,,-5.765301243866643e-05,,,,0.0,,,,0.0,,
85659957fffffff,THA,0,1,1,False,20,,,,,,,,,,,,,,,,
8565997bfffffff,THA,1,4,5,False,20,,7.082151475630001e-05,,,,8.808479526479322e-05,,,,0.0,,,,0.0,,
856599a3fffffff,THA,0,1,0,False,20,,,,,,,,,,,,,,,,
856599a7fffffff,THA,0,4,4,False,20,,,,,,,,,,,,,,,,
856599b3fffffff,THA,0,3,2,False,20,,,,,,,,,,,,,,,,
856599b7fffffff,THA,6,9,11,False,20,,6.412902528784104e-05,,,,7.952383972101105e-05,,,,0.00022144362669377583,,,,0.00031753965717960184,,
856599bbfffffff,THA,0,2,2,False,20,,,,,,,,,,,,,,,,
856599cbfffffff,THA,0,0,4,False,20,,,,,,,,,,,,,,,,
85659a27fffffff,THA,0,1,0,False,20,,,,,,,,,,,,,,,,
85659a2ffffffff,THA,0,3,0,False,20,,,,,,,,,,,,,,,,
85659a4ffffffff,THA,0,0,1,False,20,,,,,,,,,,,,,,,,
85659a53fffffff,THA,10,13,15,False,20,,-5.459494794683739e-06,,,,-1.6568425957867104e-06,,,,6.408229248305979e-05,,,,9.840371614437126e-05,,
85659a57fffffff,THA,0,0,1,False,20,,,,,,,,,,,,,,,,
85659a5bfffffff,THA,0,2,0,False,20,,,,,,,,,,,,,,,,
85659a63fffffff,THA,0,0,1,False,20,,,,,,,,,,,,,,,,
85659a7bfffffff,THA,20,20,20,True,20,7.489430717614553e-05,7.489430717614553e-05,0.0004334463467471814,0.0003585520395710359,9.67659369025585e-05,9.67659369025585e-05,0.0005133692325706718,0.0004166032956681132,0.0004000852682096109,0.0004000852682096109,0.0005793737096261239,0.00017928844141651296,0.0005854181215608551,0.0005854181215608551,0.0008036712397842116,0.0002182531182233566
85659a87fffffff,THA,1,4,4,False,20,,-1.3344086160567192e-05,,,,-1.2665154661480483e-05,,,,0.0,,,,0.0,,
85659a93fffffff,THA,0,0,1,False,20,,,,,,,,,,,,,,,,
85659ad3fffffff,THA,0,1,1,False,20,,,,,,,,,,,,,,,,
85659b4ffffffff,THA,0,1,0,False,20,,,,,,,,,,,,,,,,
85659b5bfffffff,THA,0,0,1,False,20,,,,,,,,,,,,,,,,
85659b73fffffff,THA,1,9,4,False,20,,8.87596008594629e-06,,,,1.4640488960889175e-05,,,,0.0007870297497245396,,,,0.0010824385174922064,,
85659b83fffffff,THA,0,1,2,False,20,,,,,,,,,,,,,,,,
85659b97fffffff,THA,0,0,2,False,20,,,,,,,,,,,,,,,,
85659b9bfffffff,THA,0,1,0,False,20,,,,,,,,,,,,,,,,
85659bbbfffffff,THA,0,0,1,False,20,,,,,,,,,,,,,,,,
85659bd3fffffff,THA,0,2,1,False,20,,,,,,,,,,,,,,,,
85659c87fffffff,KHM,12,13,18,False,20,,-0.0001390631105488361,,,,-0.00015584166982903004,,,,0.0005834498171399823,,,,0.0009723891060378092,,
85659d03fffffff,KHM,5,6,15,False,20,,-4.082791902227557e-05,,,,-4.0920265140251586e-05,,,,0.00047855312740869335,,,,0.0006502247085351314,,
85659d0ffffffff,THA,3,4,6,False,20,,1.873090710193974e-05,,,,2.381436011471989e-05,,,,-0.00030505152732211325,,,,-0.0003807933462753781,,
85659d23fffffff,THA,0,2,0,False,20,,,,,,,,,,,,,,,,
85659d2ffffffff,THA,4,7,9,False,20,,-4.360920159126441e-05,,,,-4.57891470799916e-05,,,,-0.0007506038571821554,,,,-0.000745497765325311,,
85659d33fffffff,THA,0,1,1,False,20,,,,,,,,,,,,,,,,
85659d37fffffff,THA,0,0,1,False,20,,,,,,,,,,,,,,,,
85659d4ffffffff,THA,0,1,1,False,20,,,,,,,,,,,,,,,,
85659e07fffffff,THA,0,2,0,False,20,,,,,,,,,,,,,,,,
85659e0bfffffff,THA,0,1,0,False,20,,,,,,,,,,,,,,,,
85659e17fffffff,THA,0,2,0,False,20,,,,,,,,,,,,,,,,
85659e4ffffffff,THA,0,1,0,False,20,,,,,,,,,,,,,,,,
85659e57fffffff,THA,15,18,17,False,20,,4.944953798927301e-05,,,,6.226540638495284e-05,,,,0.0009451208370087606,,,,0.001382309133643656,,
85659e5bfffffff,THA,0,1,0,False,20,,,,,,,,,,,,,,,,
85659e8ffffffff,THA,0,0,1,False,20,,,,,,,,,,,,,,,,
85659eabfffffff,THA,0,2,0,False,20,,,,,,,,,,,,,,,,
8565a023fffffff,VNM,19,19,19,False,20,,4.7394374143094816e-05,,,,6.331555057421203e-05,,,,0.00015206369644095948,,,,0.00040225416748504195,,
8565a057fffffff,VNM,0,3,3,False,20,,,,,,,,,,,,,,,,
8565a20ffffffff,VNM,0,0,4,False,20,,,,,,,,,,,,,,,,
8565a217fffffff,VNM,20,20,20,True,20,2.474258507429469e-08,2.474258507429469e-08,0.0008753927215332696,0.0008753679789481952,-2.8842687676153945e-05,-2.8842687676153945e-05,0.0009582472107432891,0.0009870898984194435,0.00040391636857656856,0.00040391636857656856,0.002659574936880388,0.0022556585683038196,0.000947038839321759,0.000947038839321759,0.003645354585990996,0.002698315746669237
8565a21bfffffff,VNM,2,8,7,False,20,,0.00011932803866639586,,,,0.00014628163267368303,,,,0.0003657336242714459,,,,0.0004530679871078573,,
8565a22bfffffff,VNM,20,20,20,True,20,-0.00021523254365794415,-0.00021523254365794415,0.0003385927691399931,0.0005538253127979372,-0.000246363100051323,-0.000246363100051323,0.0004025740740091721,0.0006489371740604951,0.00037843042002322277,0.00037843042002322277,0.0008276805051549718,0.0004492500851317492,0.00060900818934044,0.00060900818934044,0.0011686827319859607,0.0005596745426455207
8565a257fffffff,VNM,0,1,0,False,20,,,,,,,,,,,,,,,,
8565a277fffffff,VNM,13,17,16,False,20,,0.00016164041868390065,,,,0.00020073888229213768,,,,5.750283832936199e-05,,,,0.0001078458326704121,,
8565a297fffffff,VNM,10,13,11,False,20,,0.00013700601899199437,,,,0.00016659225080280294,,,,8.59460906448968e-05,,,,0.00012382282073426166,,
8565a2a7fffffff,VNM,0,5,3,False,20,,,,,,,,,,,,,,,,
8565a2cbfffffff,VNM,20,20,20,True,20,8.907689564751405e-05,8.907689564751405e-05,0.00043022467232234785,0.00034114777667483375,0.00011366324045822451,0.00011366324045822451,0.0005113480371770481,0.00039768479671882355,0.000840011477652534,0.000840011477652534,0.0013328569502165121,0.0004928454725639782,0.001337377326419222,0.001337377326419222,0.0019310321959613605,0.0005936548695421382
8565a2d7fffffff,VNM,15,15,20,False,20,,-3.045521123354518e-05,,,,-3.203332264697306e-05,,,,0.00022838673743460944,,,,0.0005050611133079189,,
8565a3cffffffff,VNM,20,20,20,True,20,-4.137615285235985e-05,-4.137615285235985e-05,0.0003205528537141765,0.00036192900656653647,-4.187484802786915e-05,-4.187484802786915e-05,0.0003805426147886282,0.0004224174628164974,0.00019774336240910214,0.00019774336240910214,0.00034863146778104173,0.00015088810537193962,0.00028438231484480747,0.00028438231484480747,0.00046985626207027476,0.00018547394722546732
8565b023fffffff,VNM,6,10,15,False,20,,2.6219942404383674e-05,,,,3.330927941849565e-05,,,,-9.99467666113438e-05,,,,-0.00011519151077979059,,
8565b04bfffffff,VNM,0,0,4,False,20,,,,,,,,,,,,,,,,
8565b0c3fffffff,VNM,0,2,2,False,20,,,,,,,,,,,,,,,,
8565b107fffffff,VNM,3,7,10,False,20,,-2.8228986578856114e-05,,,,-3.1267113417990424e-05,,,,-6.916343429875123e-05,,,,-4.1942913909001935e-05,,
8565b18ffffffff,VNM,1,3,5,False,20,,1.3259451474938058e-05,,,,1.959431743133877e-05,,,,0.0,,,,0.0,,
8565b1bbfffffff,KHM,0,1,0,False,20,,,,,,,,,,,,,,,,
8565b1cbfffffff,VNM,0,1,0,False,20,,,,,,,,,,,,,,,,
8565b1d7fffffff,VNM,12,14,18,False,20,,8.583839431249608e-05,,,,0.00010583197184691423,,,,-8.54112044588139e-06,,,,3.212122997538519e-06,,
8565b2cffffffff,VNM,17,20,17,False,20,,2.4176562616690714e-05,,,,3.645695447383174e-05,,,,9.49744605627716e-05,,,,0.00025177434023583513,,
8565b473fffffff,VNM,20,20,20,True,20,0.00011192886511285107,0.00011192886511285107,0.00041858275045504687,0.0003066538853421958,0.00013994447994122042,0.00013994447994122042,0.0004978280188596791,0.0003578835389184586,0.0005067121141779771,0.0005067121141779771,0.0010749408579330624,0.0005682287437550855,0.0008196479419466885,0.0008196479419466885,0.001520639851344311,0.0007009919093976227
8565b513fffffff,VNM,19,19,20,False,20,,-3.578509635685407e-05,,,,1.205011928139783e-05,,,,-0.0004524052216023845,,,,-0.0004699832070439216,,
8565b51bfffffff,VNM,1,3,4,False,20,,1.458345132200572e-05,,,,2.2286708414368436e-05,,,,3.51162474268613e-05,,,,0.00018411747330768008,,
8565b527fffffff,VNM,0,0,2,False,20,,,,,,,,,,,,,,,,
8565b533fffffff,VNM,1,3,5,False,20,,0.00012395667122747558,,,,0.00015159986977645652,,,,-0.0003486519372844895,,,,-0.00041995279730558285,,
8565b563fffffff,VNM,10,14,15,False,20,,-1.2882663748247128e-05,,,,-1.1393590336095072e-05,,,,-0.0002478705242624453,,,,-0.00029786219625650093,,
8565b567fffffff,VNM,20,20,20,True,20,0.007404349149353813,0.007404349149353813,0.04003949091520243,0.03263514176584863,0.008389044153054559,0.008389044153054559,0.04237336137862654,0.03398431722557198,0.09255599602500451,0.09255599602500451,0.17415849616538076,0.08160250014037626,0.13605494908967822,0.13605494908967822,0.23095936886544027,0.09490441977576211
8565b56bfffffff,VNM,20,20,20,True,20,0.0003748640043604738,0.0003748640043604738,0.0015299976070445177,0.0011551336026840438,0.0004454519320548087,0.0004454519320548087,0.0017543399896663102,0.0013088880576115015,0.005710456712869356,0.005710456712869356,0.007268490661822351,0.0015580339489529942,0.008188165659311514,0.008188165659311514,0.009933366733140072,0.0017452010738285572
8565b56ffffffff,VNM,14,18,16,False,20,,4.54929784812657e-05,,,,5.485897532888208e-05,,,,0.0002887737813202046,,,,0.0002785417981939448,,
8565b573fffffff,VNM,0,1,0,False,20,,,,,,,,,,,,,,,,
8565b577fffffff,VNM,1,5,1,False,20,,3.5087133760278134e-06,,,,3.6635506263973916e-06,,,,0.0012331862121759756,,,,0.0016008200980530338,,
8565b60ffffffff,VNM,18,18,20,False,20,,3.368101795344749e-05,,,,4.369504615924567e-05,,,,-0.0004528087438605442,,,,-0.0005324469538687982,,
8565b6d3fffffff,VNM,3,4,7,False,20,,-3.9166565867244e-05,,,,-3.555079838873032e-05,,,,-0.0005278347129023549,,,,-0.000591928444236346,,
85681017fffffff,MYS,0,0,1,False,20,,,,,,,,,,,,,,,,
856810cffffffff,MYS,0,1,1,False,20,,,,,,,,,,,,,,,,
85681153fffffff,MYS,0,1,0,False,20,,,,,,,,,,,,,,,,
856811bbfffffff,MYS,1,3,3,False,20,,-7.653819792768704e-05,,,,-8.389599536877496e-05,,,,0.0004107755210548546,,,,0.0005617287783438604,,
8568156ffffffff,MYS,20,20,20,True,20,-0.0004697957128578905,-0.0004697957128578905,0.002743535847583027,0.003213331560440917,-0.0006180334519066147,-0.0006180334519066147,0.0030811577761025825,0.003699191228009197,0.0006874515059517767,0.0006874515059517767,0.01585907588325481,0.015171624377303034,0.0027966270218536034,0.0027966270218536034,0.021513362510827035,0.018716735488973436
8568162ffffffff,BRN,20,20,20,True,20,-0.0007068886553885918,-0.0007068886553885918,0.001988898724700964,0.002695787380089556,-0.0007954276536655836,-0.0007954276536655836,0.0023157443445058377,0.0031111719981714208,-0.002245994327074689,-0.002245994327074689,0.01205191674161187,0.014297911068686562,-0.0012480235522362502,-0.0012480235522362502,0.016462725455343365,0.01771074900757961
85681a8ffffffff,MYS,16,16,20,False,20,,-0.00010155450219634106,,,,-0.00011303185272734991,,,,-0.00023727269399553027,,,,-0.000148564519752442,,
85682843fffffff,PHL,0,0,5,False,20,,,,,,,,,,,,,,,,
85684063fffffff,PHL,0,1,1,False,20,,,,,,,,,,,,,,,,
8568406bfffffff,PHL,11,11,20,False,20,,-0.00011572003221427871,,,,-0.0001306483414320359,,,,0.0005321690425609332,,,,0.0008686333619841229,,
85684077fffffff,PHL,0,0,1,False,20,,,,,,,,,,,,,,,,
8568409bfffffff,PHL,15,19,16,False,20,,0.0004075212282803872,,,,0.0005018000475252552,,,,0.008744944372030055,,,,0.012964356962678891,,
85684103fffffff,PHL,0,0,1,False,20,,,,,,,,,,,,,,,,
8568411bfffffff,PHL,19,20,19,False,20,,0.002195489047534456,,,,0.0026355144422248746,,,,0.0017450755977615729,,,,0.0025321346988178253,,
8568414ffffffff,PHL,0,0,7,False,20,,,,,,,,,,,,,,,,
856841cffffffff,PHL,0,0,8,False,20,,,,,,,,,,,,,,,,
856841d7fffffff,PHL,18,20,18,False,20,,-4.194059033950782e-05,,,,-4.064151545657763e-05,,,,0.0003898667261793618,,,,0.0006349273392155471,,
85684203fffffff,PHL,20,20,20,True,20,-0.003914150487376419,-0.003914150487376419,0.0032792295963501527,0.007193380083726572,-0.0044782578690154866,-0.0044782578690154866,0.003898361422856666,0.008376619291872155,-0.005661722450992215,-0.005661722450992215,0.02541018562532125,0.03107190807631347,-0.00224568842373561,-0.00224568842373561,0.03619308307911064,0.03843877150284626
85684217fffffff,PHL,0,0,6,False,20,,,,,,,,,,,,,,,,
85684237fffffff,PHL,8,13,12,False,20,,-2.052716539616866e-06,,,,2.126751607475812e-05,,,,0.0012885385923873522,,,,0.0016348832952915698,,
85684273fffffff,PHL,6,6,20,False,20,,-0.00028053895050847595,,,,-0.00032103716499917056,,,,-0.0003090096892142864,,,,-0.00014847085842528533,,
856842a7fffffff,PHL,1,1,10,False,20,,-8.835987373153717e-05,,,,-9.235360919362305e-05,,,,-0.0011651511071524743,,,,-0.0013045860548447977,,
856842affffffff,PHL,20,20,20,True,20,-0.03886019588487789,-0.03886019588487789,0.02535355732902623,0.06421375321390413,-0.037559730653623676,-0.037559730653623676,0.02389087280742113,0.061450603461044806,-0.10910352656600493,-0.10910352656600493,0.20458845069817438,0.3136919772641793,-0.10108338125853382,-0.10108338125853382,0.26779285773602457,0.36887623899455824
856842bbfffffff,PHL,20,20,20,True,20,-0.002175414627684588,-0.002175414627684588,0.0011749015415249949,0.003350316169209583,-0.002512235543265717,-0.002512235543265717,0.0013947769220675635,0.003907012465333281,-0.010794549058047805,-0.010794549058047805,0.01259200106543767,0.023386550123485474,-0.010951981660603795,-0.010951981660603795,0.01835087667116519,0.02930285833176898
856842c3fffffff,PHL,0,0,4,False,20,,,,,,,,,,,,,,,,
856842cbfffffff,PHL,5,5,12,False,20,,-5.1147520905612004e-05,,,,-5.325835005606015e-05,,,,-0.00019685555025751372,,,,-0.00016997729582407005,,
856842d3fffffff,PHL,15,15,20,False,20,,-0.0021411237240620195,,,,-0.0024861400919997784,,,,-0.0007335559175357523,,,,0.0005434134811939706,,
85684327fffffff,PHL,1,2,6,False,20,,-1.07559408350897e-05,,,,-5.624102331327574e-06,,,,0.0007144005286563913,,,,0.000895227096733764,,
8568432bfffffff,PHL,5,5,20,False,20,,-0.00025602880698945843,,,,-0.00024386235896603817,,,,-0.0005816612907289393,,,,-0.000606745628614036,,
85684333fffffff,PHL,0,0,1,False,20,,,,,,,,,,,,,,,,
85684337fffffff,PHL,10,12,17,False,20,,-1.5021732663616873e-06,,,,2.932266837138908e-06,,,,0.0003818239349520059,,,,0.0006317892752723633,,
85684343fffffff,PHL,14,14,20,False,20,,-0.0003139909406210734,,,,-0.00035892519509152053,,,,0.000683280408637791,,,,0.0012254599426510975,,
8568434bfffffff,PHL,19,19,20,False,20,,-0.0003702649676449932,,,,-0.00041396248625976675,,,,0.0002482931419298026,,,,0.0005748402072400007,,
8568435bfffffff,PHL,0,0,2,False,20,,,,,,,,,,,,,,,,
85684387fffffff,PHL,2,2,13,False,20,,-0.00013370265307464707,,,,-0.0001490029662997014,,,,0.0006812238269424558,,,,0.000898576339097719,,
8568439bfffffff,PHL,0,0,6,False,20,,,,,,,,,,,,,,,,
856843abfffffff,PHL,0,0,1,False,20,,,,,,,,,,,,,,,,
856843b3fffffff,PHL,20,20,20,True,20,-0.0014706836447870312,-0.0014706836447870312,0.0010066282775773852,0.002477311922364416,-0.0016908696398111457,-0.0016908696398111457,0.0011969351272506411,0.002887804767061787,-0.005629641322970121,-0.005629641322970121,0.008418516327238902,0.014048157650209026,-0.005478298420290345,-0.005478298420290345,0.01213166239372012,0.017609960814010468
856843cbfffffff,PHL,20,20,20,True,20,-0.0051853814266267576,-0.0051853814266267576,0.0022211756228231747,0.007406557049449934,-0.004538655769674471,-0.004538655769674471,0.0007009587085933382,0.005239614478267809,-0.0045442541925943035,-0.0045442541925943035,0.008437658508325287,0.01298191270091959,-0.008384117995356268,-0.008384117995356268,0.004777825087957229,0.013161943083313496
856843cffffffff,PHL,0,0,1,False,20,,,,,,,,,,,,,,,,
856843d3fffffff,PHL,0,0,3,False,20,,,,,,,,,,,,,,,,
85684403fffffff,PHL,0,1,3,False,20,,,,,,,,,,,,,,,,
85684413fffffff,PHL,20,20,20,True,20,-0.10071668876467796,-0.10071668876467796,0.05421143912836064,0.15492812789303861,-0.1143801837794266,-0.1143801837794266,0.06408812800399007,0.17846831178341666,-0.36782483332600513,-0.36782483332600513,0.47112965959488207,0.8389544929208871,-0.37426313699144353,-0.37426313699144353,0.6658374456247526,1.0401005826161962
85684417fffffff,PHL,20,20,20,True,20,-0.0006264066287929835,-0.0006264066287929835,0.0006501473248153028,0.0012765539536082862,-0.0007155080114623697,-0.0007155080114623697,0.0007722136718365314,0.0014877216832989012,0.0002849923581098484,0.0002849923581098484,0.006533683915133243,0.006248691557023395,0.0016295282659234557,0.0016295282659234557,0.009430222545686803,0.00780069427976335
8568441bfffffff,PHL,0,0,11,False,20,,,,,,,,,,,,,,,,
85684423fffffff,PHL,0,0,5,False,20,,,,,,,,,,,,,,,,
85684447fffffff,PHL,1,1,3,False,20,,7.113516559846134e-05,,,,8.922900798784919e-05,,,,0.00031502985352452426,,,,0.0004108186413519878,,
85684477fffffff,PHL,0,2,0,False,20,,,,,,,,,,,,,,,,
8568447bfffffff,PHL,0,0,1,False,20,,,,,,,,,,,,,,,,
85684487fffffff,PHL,0,0,1,False,20,,,,,,,,,,,,,,,,
856844bbfffffff,PHL,19,19,20,False,20,,-0.0006677648374172873,,,,-0.0007735455231196094,,,,0.0002776880538036438,,,,0.0006017891236447668,,
856844c3fffffff,PHL,5,5,20,False,20,,-0.0002106169488920687,,,,-0.00023993516040873055,,,,-0.0005352765302182224,,,,-0.0005517072686002311,,
856844cffffffff,PHL,5,6,9,False,20,,-0.00023078426925215393,,,,3.193420301235841e-05,,,,0.0014801941779010092,,,,0.0009963892038611722,,
856844d7fffffff,PHL,18,18,20,False,20,,-0.000372498910267432,,,,-0.00033414792923142875,,,,0.0035255707047147236,,,,0.0013958533096490805,,
856844dbfffffff,PHL,0,0,2,False,20,,,,,,,,,,,,,,,,
8568451bfffffff,PHL,0,0,1,False,20,,,,,,,,,,,,,,,,
85684543fffffff,PHL,1,1,6,False,20,,-7.455370702010448e-05,,,,-7.892520272744671e-05,,,,-0.00019819955524019803,,,,-0.00022637135768485486,,
85684573fffffff,PHL,0,1,4,False,20,,,,,,,,,,,,,,,,
8568458bfffffff,PHL,0,0,7,False,20,,,,,,,,,,,,,,,,
856845cffffffff,PHL,2,2,5,False,20,,-1.044157627112292e-05,,,,-5.766539407602364e-06,,,,-0.00026924564022608763,,,,-0.0002791017219451548,,
8568464bfffffff,PHL,16,16,20,False,20,,-0.0007974467850450425,,,,-0.0009199704091506957,,,,-0.0023317783130210085,,,,-0.002603996683502213,,
8568464ffffffff,PHL,0,0,2,False,20,,,,,,,,,,,,,,,,
85684663fffffff,PHL,0,1,1,False,20,,,,,,,,,,,,,,,,
8568466bfffffff,PHL,0,0,3,False,20,,,,,,,,,,,,,,,,
8568468bfffffff,PHL,20,20,20,True,20,-0.0031026423965796247,-0.0031026423965796247,0.0018467608445081052,0.004949403241087729,-0.003574634356783326,-0.003574634356783326,0.002192766706298176,0.005767401063081502,-0.00886344003680574,-0.00886344003680574,0.009855618993987916,0.018719059030793656,-0.009823189918734942,-0.009823189918734942,0.01354361616918418,0.02336680608791912
856846b3fffffff,PHL,2,3,6,False,20,,-2.4426340240965095e-05,,,,3.072785587387983e-05,,,,-9.580939451201803e-05,,,,0.00012397886826069466,,
856846b7fffffff,PHL,20,20,20,True,20,-0.0007085832740869276,-0.0007085832740869276,0.0005218941648845157,0.0012304774389714434,-0.0008144807014724718,-0.0008144807014724718,0.0006193676994518546,0.0014338484009243262,-0.0026027366127046275,-0.0026027366127046275,0.004918842612544193,0.00752157922524882,-0.002485826102627815,-0.002485826102627815,0.006962972397096301,0.009448798499724114
856846dbfffffff,PHL,20,20,20,True,20,-0.001109307952817519,-0.001109307952817519,0.0011283351207054051,0.002237643073522924,-0.0012692112326590003,-0.0012692112326590003,0.0013398157500569988,0.0026090269827159997,-0.0026288329729880254,-0.0026288329729880254,0.01057664469090546,0.013205477663893484,-0.001735345710155022,-0.001735345710155022,0.01486056627253724,0.01659591198269226
85684e4ffffffff,PHL,20,20,20,True,20,-0.0008124061101178897,-0.0008124061101178897,0.0007462869839439467,0.0015586930940618365,-0.0009317164698651613,-0.0009317164698651613,0.0008866318408245075,0.0018183483106896689,-0.0007821992035842983,-0.0007821992035842983,0.006050528524958122,0.006832727728542419,0.00018368309832822848,0.00018368309832822848,0.008693978383508874,0.008510295285180644
85684e53fffffff,PHL,0,0,1,False,20,,,,,,,,,,,,,,,,
85684e9bfffffff,PHL,20,20,20,True,20,-0.0042221979575864845,-0.0042221979575864845,0.0012646765832483742,0.00548687454083486,-0.00489772572073855,-0.00489772572073855,0.0015019514537509978,0.006399677174489547,-0.0018714968545905403,-0.0018714968545905403,0.012250362026933323,0.014121858881523864,5.648374344679064e-06,5.648374344679064e-06,0.017468043037910906,0.01746239466356623
85685127fffffff,PHL,1,1,7,False,20,,-8.081811788406481e-05,,,,-8.553373702223753e-05,,,,0.00031502985352452426,,,,0.0004108186413519878,,
85685133fffffff,PHL,20,20,20,True,20,-0.0013832487197639575,-0.0013832487197639575,0.0007455759384005238,0.0021288246581644818,-0.0015964464993390656,-0.0015964464993390656,0.0008847123681087635,0.0024811588674478286,-0.005852049268712701,-0.005852049268712701,0.005063032585940324,0.010915081854653027,-0.006414166186932071,-0.006414166186932071,0.007217951258793778,0.013632117445725853
856851affffffff,PHL,0,1,1,False,20,,,,,,,,,,,,,,,,
856851b3fffffff,PHL,0,0,1,False,20,,,,,,,,,,,,,,,,
8568540ffffffff,PHL,1,1,13,False,20,,5.335137419884598e-05,,,,6.69217559908869e-05,,,,0.00015751492676226213,,,,0.0002054093206759939,,
85685423fffffff,PHL,0,0,16,False,20,,,,,,,,,,,,,,,,
8568550ffffffff,PHL,0,0,1,False,20,,,,,,,,,,,,,,,,
85685527fffffff,PHL,1,1,16,False,20,,5.335137419884598e-05,,,,6.69217559908869e-05,,,,0.0001855686193964716,,,,0.0002658646352581214,,
8568552ffffffff,PHL,0,0,1,False,20,,,,,,,,,,,,,,,,
85685533fffffff,PHL,9,9,20,False,20,,-0.00021731831676260563,,,,-0.0002522245864286869,,,,-8.647201254774429e-05,,,,0.00025276942854541705,,
85685547fffffff,PHL,0,0,4,False,20,,,,,,,,,,,,,,,,
85685567fffffff,PHL,0,0,1,False,20,,,,,,,,,,,,,,,,
85685577fffffff,PHL,13,13,20,False,20,,-0.0009479770854985377,,,,-0.0010829738621928968,,,,-0.001495017975087904,,,,-0.0017867468576391692,,
85685587fffffff,PHL,0,0,2,False,20,,,,,,,,,,,,,,,,
8568558bfffffff,PHL,0,1,5,False,20,,,,,,,,,,,,,,,,
856855abfffffff,PHL,1,1,11,False,20,,-9.860190928368014e-05,,,,-0.00010784098901919981,,,,0.00015751492676226213,,,,0.0002054093206759939,,
856855affffffff,PHL,0,0,1,False,20,,,,,,,,,,,,,,,,
856855b3fffffff,PHL,0,1,0,False,20,,,,,,,,,,,,,,,,
856855b7fffffff,PHL,0,1,16,False,20,,,,,,,,,,,,,,,,
856855dbfffffff,PHL,0,0,1,False,20,,,,,,,,,,,,,,,,
856856affffffff,PHL,20,20,20,True,20,-0.009089525610115948,-0.009089525610115948,0.0055680465912611565,0.014657572201377107,-0.010467421347484743,-0.010467421347484743,0.006616798178301258,0.017084219525786,-0.03923575764047548,-0.03923575764047548,0.05918469446816095,0.09842045210863641,-0.03883617967755515,-0.03883617967755515,0.0840660899193927,0.1229022695969478
85685897fffffff,PHL,20,20,20,True,20,-0.07555638770639664,-0.07555638770639664,0.03941889570942303,0.11497528341581964,-0.08686061444902024,-0.08686061444902024,0.04656615047499967,0.1334267649240199,-0.3246986291177606,-0.3246986291177606,0.3580111368281057,0.6827097659458664,-0.343279036546965,-0.343279036546965,0.5057162364370686,0.8489952729840334
856858a3fffffff,PHL,0,0,1,False,20,,,,,,,,,,,,,,,,
856858a7fffffff,PHL,2,3,5,False,20,,-0.00022983681598855133,,,,-0.00026118921406396067,,,,-0.00042506062681397496,,,,-0.0004468837067464049,,
856858c3fffffff,PHL,0,0,3,False,20,,,,,,,,,,,,,,,,
856858d3fffffff,PHL,0,1,0,False,20,,,,,,,,,,,,,,,,
856858d7fffffff,PHL,14,14,20,False,20,,-0.00022115126532793779,,,,-0.0002501585163955657,,,,-0.00037669191289191616,,,,-0.0001894393522303114,,
85685c0bfffffff,PHL,0,0,4,False,20,,,,,,,,,,,,,,,,
85685c13fffffff,PHL,0,0,11,False,20,,,,,,,,,,,,,,,,
85685c27fffffff,PHL,3,3,19,False,20,,-0.0003723971721578395,,,,-0.0004185197338607339,,,,-0.0011086253974753606,,,,-0.001277250979438974,,
85685c4ffffffff,PHL,6,8,15,False,20,,-1.6956274176533957e-06,,,,1.0999418649206934e-07,,,,0.0012538983975773522,,,,0.0019479585320462383,,
85685c57fffffff,PHL,12,12,20,False,20,,-0.000180030438536259,,,,-0.00020579631725191,,,,9.320729909288673e-05,,,,0.00044196153434364815,,
85685c6bfffffff,PHL,0,0,4,False,20,,,,,,,,,,,,,,,,
85685c73fffffff,PHL,1,1,7,False,20,,-0.00017457855102494322,,,,-0.0001952223615242432,,,,8.416107790262838e-05,,,,0.00018136594374638243,,
85685c7bfffffff,PHL,2,2,17,False,20,,-0.00024117734517967746,,,,-5.0697703730930936e-05,,,,0.0001964467495033119,,,,3.0227657291063747e-05,,
85685c83fffffff,PHL,1,1,8,False,20,,-9.124341963453198e-05,,,,-0.00010176670470790478,,,,0.0011768790344884401,,,,0.0015312880429373167,,
85685c87fffffff,PHL,2,2,20,False,20,,-0.00019681762796713436,,,,-0.00022130985165067903,,,,-5.654460391606294e-05,,,,3.6767769928781424e-05,,
85685c8bfffffff,PHL,3,3,14,False,20,,-5.3589494354629055e-05,,,,-5.761458913547781e-05,,,,-0.0004894654153719435,,,,-0.000540471216926959,,
85685c8ffffffff,PHL,5,5,7,False,20,,-0.00016760246910978057,,,,-0.0001851498646322257,,,,-0.0004499407185712451,,,,-0.00039122356256196463,,
85685c9bfffffff,PHL,0,0,2,False,20,,,,,,,,,,,,,,,,
85685cb7fffffff,PHL,2,2,11,False,20,,-0.0002620219770944137,,,,-0.0002941260550582381,,,,0.00020025926649130298,,,,0.00035644501989194014,,
85685cbbfffffff,PHL,20,20,20,True,20,-0.0007825068464588037,-0.0007825068464588037,0.0006573165997030651,0.0014398234461618687,-0.0008967527568528686,-0.0008967527568528686,0.0007813286241491333,0.0016780813810020018,-0.0013403314147506552,-0.0013403314147506552,0.005953838548194507,0.0072941699629451625,-0.0006109313278024936,-0.0006109313278024936,0.008498144295501997,0.00910907562330449
85685ccbfffffff,PHL,0,0,4,False,20,,,,,,,,,,,,,,,,
85685cd7fffffff,PHL,0,0,2,False,20,,,,,,,,,,,,,,,,
85685d03fffffff,PHL,0,0,1,False,20,,,,,,,,,,,,,,,,
85685d13fffffff,PHL,4,8,9,False,20,,-4.388681016890153e-05,,,,-4.370749764728859e-05,,,,0.0016299482223063396,,,,0.002320358316097806,,
85685d1bfffffff,PHL,9,10,19,False,20,,-0.0008715515546591798,,,,-0.0010017745658440506,,,,-0.0019797117458154106,,,,-0.001981376675155367,,
85685d23fffffff,PHL,0,0,1,False,20,,,,,,,,,,,,,,,,
85685d33fffffff,PHL,0,0,1,False,20,,,,,,,,,,,,,,,,
85685d43fffffff,PHL,0,0,10,False,20,,,,,,,,,,,,,,,,
85685d4ffffffff,PHL,2,2,9,False,20,,-7.269100617807835e-06,,,,-5.154699379944683e-06,,,,-6.473061706402635e-05,,,,-7.247700304693321e-05,,
85685d53fffffff,PHL,20,20,20,True,20,-0.000616977994018228,-0.000616977994018228,0.0003376577735152602,0.0009546357675334882,-0.0006935899878160304,-0.0006935899878160304,0.0003575102725717308,0.0010511002603877612,-0.001378703928073703,-0.001378703928073703,0.0029305113537711255,0.004309215281844829,-0.001513727024949584,-0.001513727024949584,0.0037287005090347438,0.005242427533984328
85685d83fffffff,PHL,4,4,20,False,20,,-0.0002176958534482046,,,,-0.0002428422250893209,,,,0.0005951641683959505,,,,0.0008479512619067441,,
85685d97fffffff,PHL,0,1,5,False,20,,,,,,,,,,,,,,,,
85685dcbfffffff,PHL,0,1,1,False,20,,,,,,,,,,,,,,,,
85685e17fffffff,PHL,14,14,20,False,20,,-0.00030047095974936055,,,,-0.00034481655197540116,,,,-0.0005424834476284257,,,,-0.00029673043323144517,,
85685e23fffffff,PHL,0,0,7,False,20,,,,,,,,,,,,,,,,
85685e27fffffff,PHL,2,3,9,False,20,,-7.514957326926677e-05,,,,-8.354978047562417e-05,,,,0.0002853543644535085,,,,0.00045615417732069026,,
85685e2ffffffff,PHL,20,20,20,True,20,-0.004099838699983467,-0.004099838699983467,0.0016663870784693231,0.00576622577845279,-0.00474342731125043,-0.00474342731125043,0.0019801849313934644,0.006723612242643895,-0.018803571367922507,-0.018803571367922507,0.015362789991367306,0.03416636135928981,-0.021283425659169797,-0.021283425659169797,0.021479214293681263,0.04276263995285106
85685e33fffffff,PHL,15,15,20,False,20,,-0.00027882158387039865,,,,-0.0003200315791286132,,,,-0.00022888041774549875,,,,8.696192579903158e-05,,
85685e83fffffff,PHL,0,0,1,False,20,,,,,,,,,,,,,,,,
85685e87fffffff,PHL,4,4,19,False,20,,-0.00023348679861738135,,,,-0.0002649615360900805,,,,-0.0009942633394991983,,,,-0.0011669747639829423,,
85685e8ffffffff,PHL,2,2,12,False,20,,-5.4390630555918765e-05,,,,-5.999992698208641e-05,,,,-5.879401235745282e-05,,,,2.92993234028679e-05,,
85685eabfffffff,PHL,19,19,20,False,20,,-0.001110075928118993,,,,-0.0012883779033643322,,,,-0.004142472328608765,,,,-0.004864342702627097,,
85685eb3fffffff,PHL,0,0,2,False,20,,,,,,,,,,,,,,,,
85685eb7fffffff,PHL,0,0,1,False,20,,,,,,,,,,,,,,,,
8568608ffffffff,PHL,9,9,20,False,20,,-0.0003093457884171043,,,,-0.00035145989830006073,,,,0.0004318246360063345,,,,0.0008633641892686231,,
85686113fffffff,PHL,4,4,18,False,20,,-0.00017290540957933404,,,,-0.00019739614100503083,,,,-0.00019308206397893748,,,,-0.00016714721740336913,,
85686147fffffff,PHL,18,18,20,False,20,,-0.0009749512359608268,,,,-0.0011252573981025671,,,,-0.003263665081521985,,,,-0.0034555635617007346,,
8568616bfffffff,PHL,2,2,11,False,20,,2.1078255515200473e-05,,,,2.649734545386709e-05,,,,0.0006104767899985877,,,,0.0009240793197776176,,
856861c3fffffff,PHL,0,0,1,False,20,,,,,,,,,,,,,,,,
8568620ffffffff,PHL,0,0,1,False,20,,,,,,,,,,,,,,,,
8568621bfffffff,PHL,11,12,18,False,20,,-0.00020045740555798874,,,,-0.00021852286247865793,,,,0.0006704507651270904,,,,0.0010984580838914718,,
8568623bfffffff,PHL,17,17,20,False,20,,-0.0022047941093457407,,,,-0.0025554563460355455,,,,-0.00504090372749821,,,,-0.0060740450362263875,,
85686243fffffff,PHL,20,20,20,True,20,-0.007666402156024937,-0.007666402156024937,0.004235621294912451,0.011902023450937386,-0.00882576416733125,-0.00882576416733125,0.00503277386200725,0.013858538029338497,-0.031290078288587556,-0.031290078288587556,0.03105726923363098,0.06234734752221856,-0.03362940953774663,-0.03362940953774663,0.04361422854672574,0.07724363808447238
8568624bfffffff,PHL,0,0,2,False,20,,,,,,,,,,,,,,,,
85686257fffffff,PHL,3,3,10,False,20,,-8.351533214439395e-05,,,,-9.1123473642092e-05,,,,0.00017826820535802958,,,,0.0002644906833205294,,
8568626ffffffff,PHL,3,5,11,False,20,,-6.464907833758601e-05,,,,-6.885576848920787e-05,,,,0.00018437932495976966,,,,0.0002642129779564546,,
856862d3fffffff,PHL,0,0,7,False,20,,,,,,,,,,,,,,,,
856862dbfffffff,PHL,0,0,6,False,20,,,,,,,,,,,,,,,,
85686317fffffff,PHL,0,0,2,False,20,,,,,,,,,,,,,,,,
85686323fffffff,PHL,0,0,1,False,20,,,,,,,,,,,,,,,,
85686353fffffff,PHL,2,2,15,False,20,,-0.0002170513969760883,,,,-0.000244598754486503,,,,0.00029257392324383784,,,,0.00039252249887829324,,
85686367fffffff,PHL,0,0,11,False,20,,,,,,,,,,,,,,,,
8568636bfffffff,PHL,10,10,20,False,20,,-0.00043387053347170165,,,,-0.0004950559246114538,,,,-0.0004906414670330282,,,,-0.0003609220721728099,,
85686373fffffff,PHL,0,0,1,False,20,,,,,,,,,,,,,,,,
85686377fffffff,PHL,18,18,20,False,20,,-0.000315285425633627,,,,-0.0003608738122551344,,,,-0.00032752918821947995,,,,-0.00010289003816096123,,
856863abfffffff,PHL,14,16,15,False,20,,-8.551626332478587e-05,,,,-9.509414163635108e-05,,,,0.0019651854209578163,,,,0.0030488371506154455,,
856863bbfffffff,PHL,0,1,6,False,20,,,,,,,,,,,,,,,,
8568650bfffffff,PHL,16,16,20,False,20,,-0.0006693688125828461,,,,-0.000762945065482439,,,,-0.0017021251681567367,,,,-0.0011040555449136201,,
8568651bfffffff,PHL,20,20,20,True,20,-0.0010844529354186176,-0.0010844529354186176,0.0007772159617475419,0.001861668897166159,-0.0012461107091706195,-0.0012461107091706195,0.0009242329802314734,0.0021703436894020926,-0.005601169797761764,-0.005601169797761764,0.007674928810994748,0.013276098608756512,-0.005620872688770184,-0.005620872688770184,0.01098720235664549,0.016608075045415675
8568656bfffffff,PHL,0,0,8,False,20,,,,,,,,,,,,,,,,
8568657bfffffff,PHL,0,1,3,False,20,,,,,,,,,,,,,,,,
8568658bfffffff,PHL,0,0,4,False,20,,,,,,,,,,,,,,,,
856865c3fffffff,PHL,20,20,20,True,20,-0.0012388984301868952,-0.0012388984301868952,0.0007473080870729221,0.001986206517259817,-0.0014245259648113602,-0.0014245259648113602,0.0008876049677165865,0.0023121309325279467,-0.0022586907128796943,-0.0022586907128796943,0.008943544011453568,0.011202234724333262,-0.0011882674921214283,-0.0011882674921214283,0.012720268116963552,0.01390853560908498
8568660bfffffff,PHL,5,5,20,False,20,,-0.0001128153370775957,,,,-0.00012577966289088548,,,,-0.0002806134736069906,,,,-0.00019168764167775917,,
85686657fffffff,PHL,20,20,20,True,20,-0.0011255371653037765,-0.0011255371653037765,0.0005059429664701266,0.0016314801317739032,-0.0013006780687678595,-0.0013006780687678595,0.0006013569217840449,0.001902034990551904,-0.0032343895705869347,-0.0032343895705869347,0.0044681292642165405,0.0077025188348034766,-0.0032895492386949784,-0.0032895492386949784,0.006326883582696981,0.009616432821391959
8568665bfffffff,PHL,0,0,7,False,20,,,,,,,,,,,,,,,,
85686663fffffff,PHL,20,20,20,True,20,-0.0008458796380575884,-0.0008458796380575884,0.000543801483797293,0.0013896811218548815,-0.0009724079674262949,-0.0009724079674262949,0.0006462396548394384,0.0016186476222657335,-0.004592271066953323,-0.004592271066953323,0.004840177467015979,0.009432448533969302,-0.004872656206627487,-0.004872656206627487,0.006823303270849132,0.01169595947747662
85686667fffffff,PHL,0,0,1,False,20,,,,,,,,,,,,,,,,
8568666bfffffff,PHL,0,0,6,False,20,,,,,,,,,,,,,,,,
85686677fffffff,PHL,20,20,20,True,20,-0.0018172190478602979,-0.0018172190478602979,0.0009845964837606994,0.0028018155316209973,-0.0020931276674401073,-0.0020931276674401073,0.00117010438391004,0.003263232051350147,-0.00519546146695477,-0.00519546146695477,0.005224639656156204,0.010420101123110974,-0.005760714961799706,-0.005760714961799706,0.007217770609513114,0.012978485571312818
856866cbfffffff,PHL,2,4,9,False,20,,-0.000369656796733193,,,,-0.0004287764067669293,,,,0.0011595731482886376,,,,0.0019623642630431488,,
856866cffffffff,PHL,0,3,3,False,20,,,,,,,,,,,,,,,,
856866dbfffffff,PHL,1,2,17,False,20,,-0.00020744585411950324,,,,-0.00025347660986093875,,,,-7.33538488596338e-05,,,,-2.4043376929611397e-05,,
85686e0ffffffff,PHL,0,2,1,False,20,,,,,,,,,,,,,,,,
85686e17fffffff,PHL,1,2,10,False,20,,5.335137419884598e-05,,,,6.69217559908869e-05,,,,0.00015751492676226213,,,,0.0002054093206759939,,
85686e47fffffff,PHL,0,0,1,False,20,,,,,,,,,,,,,,,,
85686e53fffffff,PHL,20,20,20,True,20,-0.001125320425153732,-0.001125320425153732,0.000530267657057268,0.001655588082211,-0.0012989243589485028,-0.0012989243589485028,0.0006305144033207973,0.0019294387622693,-0.00523727417003971,-0.00523727417003971,0.0048959003660477285,0.010133174536087438,-0.005688267279399973,-0.005688267279399973,0.006982353816491246,0.012670621095891219
85686e5bfffffff,PHL,1,1,9,False,20,,-0.0001117383256769663,,,,-0.00012333236489218928,,,,0.0003572002643281956,,,,0.000447613548366882,,
85686e73fffffff,PHL,0,2,3,False,20,,,,,,,,,,,,,,,,
85686ec3fffffff,PHL,0,1,0,False,20,,,,,,,,,,,,,,,,
85687103fffffff,PHL,6,7,19,False,20,,-0.00038716500817895846,,,,-2.1402895272455182e-05,,,,-0.00018055541198242416,,,,0.00023450344963540072,,
85687117fffffff,PHL,19,19,20,False,20,,-0.000164955655880093,,,,-4.403903351368236e-06,,,,0.0006750608097242281,,,,-3.745380073679117e-05,,
85687127fffffff,PHL,20,20,20,True,20,-0.0007040956702125696,-0.0007040956702125696,0.0005136423245355763,0.0012177379947481463,-0.0008070460518169934,-0.0008070460518169934,0.0006100541444721265,0.00141710019628912,-0.002861529847228634,-0.002861529847228634,0.004851071970791491,0.007712601818020125,-0.0026920238560404685,-0.0026920238560404685,0.006865282771491515,0.009557306627531983
85687157fffffff,PHL,0,0,6,False,20,,,,,,,,,,,,,,,,
85687167fffffff,PHL,10,11,18,False,20,,-0.00044606438424887353,,,,-0.0005100301510173415,,,,0.001400593484800933,,,,0.0029180468351227284,,
85687187fffffff,PHL,0,0,10,False,20,,,,,,,,,,,,,,,,
856871affffffff,PHL,2,2,20,False,20,,-0.00020873812832226208,,,,-0.00024333215023598464,,,,-0.0011462078230314921,,,,-0.0013444724263200832,,
856871b3fffffff,PHL,0,0,1,False,20,,,,,,,,,,,,,,,,
856871b7fffffff,PHL,7,7,20,False,20,,-0.0001081614243034068,,,,-0.0001153053837467801,,,,-0.0008492202084718492,,,,-0.0008972500418805143,,
856873b7fffffff,PHL,13,13,20,False,20,,-0.0004832882989087884,,,,-0.0005421631166508819,,,,0.0017136493441037382,,,,0.002665455528389443,,
8568750ffffffff,PHL,0,0,12,False,20,,,,,,,,,,,,,,,,
85687513fffffff,PHL,6,6,16,False,20,,-0.00038330192125605376,,,,-0.0004362488213847515,,,,0.0015095384228701724,,,,0.0023686041565882075,,
8568751bfffffff,PHL,20,20,20,True,20,-0.0016635835654131427,-0.0016635835654131427,0.0008507540260182994,0.0025143375914314426,-0.0019205332694716064,-0.0019205332694716064,0.0010122435356706458,0.0029327768051422526,-0.0035216474091136984,-0.0035216474091136984,0.007623790344877044,0.011145437753990742,-0.0030696263480334248,-0.0030696263480334248,0.01080221963821402,0.013871845986247444
85687523fffffff,PHL,20,20,20,True,20,-0.016250586150022485,-0.016250586150022485,0.006707875850298357,0.022958462000320846,-0.01877391146597168,-0.01877391146597168,0.007971151290037351,0.02674506275600903,-0.05952298195984077,-0.05952298195984077,0.06234494162843714,0.12186792358827792,-0.06295267107984157,-0.06295267107984157,0.08878215511911124,0.1517348261989528
85687537fffffff,PHL,11,11,20,False,20,,-9.023226727901648e-05,,,,-9.944760791059361e-05,,,,-5.2434536751050405e-05,,,,0.00012736675998144034,,
8568753bfffffff,PHL,0,0,1,False,20,,,,,,,,,,,,,,,,
856875affffffff,PHL,0,0,8,False,20,,,,,,,,,,,,,,,,
85688a53fffffff,IDN,20,20,20,True,20,-0.001073553291229525,-0.001073553291229525,0.0009795964306928034,0.002053149721922328,-0.0012330974567104378,-0.0012330974567104378,0.0011643744957674515,0.002397471952477889,-0.003133045621998677,-0.003133045621998677,0.003974759041729731,0.00710780466372841,-0.0034944383624597626,-0.0034944383624597626,0.0054047066398654,0.008899145002325162
85688a83fffffff,IDN,1,2,2,False,20,,2.7002797046705963e-06,,,,8.667507654191325e-06,,,,0.00044449108765257697,,,,0.0005557726474458543,,
85688a97fffffff,IDN,20,20,20,True,20,-0.00031635598083959356,-0.00031635598083959356,0.000915989486215528,0.0012323454670551215,-0.0003466363025005486,-0.0003466363025005486,0.0010901737050853883,0.0014368100075859368,-0.00047744320747838227,-0.00047744320747838227,0.003873975799632663,0.004351419007111046,-2.5364056991463638e-05,-2.5364056991463638e-05,0.005403260656497317,0.005428624713488779
8568904ffffffff,IDN,2,3,2,False,20,,0.0003765166396246582,,,,0.00045305719826766486,,,,0.001850496217921933,,,,0.00229165382404975,,
8568914bfffffff,IDN,6,7,11,False,20,,-4.7364067606327535e-05,,,,-4.964088626975181e-05,,,,0.0008789995726210965,,,,0.0013990315356753908,,
85689c53fffffff,IDN,0,1,0,False,20,,,,,,,,,,,,,,,,
85689e2ffffffff,IDN,0,1,0,False,20,,,,,,,,,,,,,,,,
8568a0d3fffffff,MYS,0,0,1,False,20,,,,,,,,,,,,,,,,
8568a583fffffff,MYS,16,17,19,False,20,,6.256339490447386e-05,,,,7.107514775182326e-05,,,,-3.074080547264379e-06,,,,5.740003254578759e-05,,
8568a5b3fffffff,BRN,0,1,2,False,20,,,,,,,,,,,,,,,,
8568a6b7fffffff,MYS,1,1,3,False,20,,0.00011424450424516435,,,,0.00014066338415315928,,,,0.00015751492676226213,,,,0.0002054093206759939,,
8568a91bfffffff,IDN,4,10,9,False,20,,8.631745000382981e-06,,,,1.528329534020235e-05,,,,0.0014169500528133671,,,,0.0021237618757897303,,
8568a987fffffff,IDN,17,19,18,False,20,,-3.923275078041416e-05,,,,-4.109920900205436e-05,,,,-8.569731871463006e-05,,,,3.089186783947717e-05,,
8568b40ffffffff,MYS,1,1,2,False,20,,6.482242719389767e-05,,,,7.994005182583493e-05,,,,0.0,,,,0.0,,
8568c35bfffffff,IDN,3,3,20,False,20,,-0.00013673884777088495,,,,-0.00015354624375548933,,,,-0.0005098578154788162,,,,-0.000503170809718086,,
8568c367fffffff,IDN,1,1,15,False,20,,-2.637169000776567e-05,,,,-3.0131447763700737e-05,,,,-3.9921879072788574e-05,,,,0.00010547014466340894,,
8568c803fffffff,IDN,0,0,1,False,20,,,,,,,,,,,,,,,,
8568c813fffffff,IDN,20,20,20,True,20,-0.0005834087484758237,-0.0005834087484758237,0.001986255792775256,0.0025696645412510797,-0.00063404497685741,-0.00063404497685741,0.0023614770982726225,0.002995522075130033,-0.0039878593521873755,-0.0039878593521873755,0.005369515588443432,0.009357374940630808,-0.004411990310002516,-0.004411990310002516,0.0072879237467434925,0.01169991405674601
8568d05bfffffff,IDN,20,20,20,True,20,3.3128641697097666e-06,3.3128641697097666e-06,0.0005865600492795997,0.0005832471851098898,1.844800872831228e-05,1.844800872831228e-05,0.0006978581406759919,0.0006794101319476796,0.0033620990306255406,0.0033620990306255406,0.005162985646077448,0.001800886615451907,0.005231732569906686,0.005231732569906686,0.00742182936221186,0.0021900967923051727
856914d7fffffff,VNM,20,20,20,True,20,-0.0002262864173097387,-0.0002262864173097387,0.001226273507852415,0.0014525599251621537,-0.00027533925885522067,-0.00027533925885522067,0.0013992589639015454,0.0016745982227567662,-0.00021579780247636942,-0.00021579780247636942,0.0035756113024866245,0.003791409104962995,-0.00019014514877065323,-0.00019014514877065323,0.004440188193869967,0.004630333342640619
8569300bfffffff,VNM,0,0,1,False,20,,,,,,,,,,,,,,,,
85693073fffffff,VNM,18,18,20,False,20,,-1.118976230402049e-05,,,,-7.0520797330903656e-06,,,,-0.0001277733881091043,,,,-0.00010931175006830941,,
856933dbfffffff,VNM,6,8,17,False,20,,4.014768782860952e-05,,,,5.0371569971291616e-05,,,,0.0002517465375453163,,,,0.0003990009610058229,,
8569344bfffffff,VNM,0,4,3,False,20,,,,,,,,,,,,,,,,
856934affffffff,VNM,8,14,13,False,20,,4.000260348081762e-05,,,,5.168535403121349e-05,,,,-6.246896027188252e-05,,,,-1.7960570656217007e-05,,
8569368ffffffff,VNM,15,15,19,False,20,,6.0097874675329647e-05,,,,6.587299241258552e-05,,,,0.0003882783244336127,,,,0.000561822316761965,,
85694023fffffff,PHL,14,14,20,False,20,,-0.0016643350630881927,,,,-0.0019196884594189828,,,,-0.0007159236836438736,,,,-0.0006090933706574643,,
8569402ffffffff,PHL,0,0,1,False,20,,,,,,,,,,,,,,,,
856940affffffff,PHL,2,2,19,False,20,,-0.0001705750302500528,,,,-0.00019243153021024844,,,,-0.0020309141041591258,,,,-0.0021986542988526522,,
85694103fffffff,PHL,6,6,19,False,20,,-0.00021535562328805677,,,,-0.00024438160023624076,,,,-0.00041325776355169235,,,,-0.000351537011322891,,
85694107fffffff,PHL,0,0,2,False,20,,,,,,,,,,,,,,,,
8569410bfffffff,PHL,20,20,20,True,20,-0.029642403693755044,-0.029642403693755044,0.015730364481244506,0.045372768174999537,-0.03415356109285413,-0.03415356109285413,0.01868920820687047,0.052842769299724604,-0.14969389829374719,-0.14969389829374719,0.13544257574597082,0.285136474039718,-0.1627150027746529,-0.1627150027746529,0.19177247924931518,0.35448748202396796
8569410ffffffff,PHL,19,19,20,False,20,,-0.0009606732768826761,,,,-0.0011001039272464138,,,,-0.0028630238133918796,,,,-0.0028067703385913773,,
85694113fffffff,PHL,20,20,20,True,20,-0.008195849057630154,-0.008195849057630154,0.004359832478138051,0.012555681535768207,-0.009447873883740045,-0.009447873883740045,0.00517942917568428,0.014627303059424326,-0.04293468859824114,-0.04293468859824114,0.0398206158346205,0.08275530443286165,-0.046745487509711116,-0.046745487509711116,0.056524285478679256,0.10326977298839038
85694117fffffff,PHL,19,19,20,False,20,,-0.00043086057343405055,,,,-0.0004951495030573936,,,,-0.0022241685900639156,,,,-0.0021325323600212176,,
8569411bfffffff,PHL,20,20,20,True,20,-0.0009477531493157429,-0.0009477531493157429,0.0005541088145950654,0.0015018619639108085,-0.0010918957694232435,-0.0010918957694232435,0.0006576330498842749,0.0017495288193075183,-0.0019528083503413402,-0.0019528083503413402,0.003398402472257219,0.00535121082259856,-0.0018434726493214506,-0.0018434726493214506,0.004731087476600561,0.006574560125922012
85694133fffffff,PHL,4,4,14,False,20,,-0.00019166987642159076,,,,-0.00018675873861224388,,,,-0.0004200129475766701,,,,-0.00019450661901087882,,
8569413bfffffff,PHL,20,20,20,True,20,-0.0002709462248921293,-0.0002709462248921293,0.00029604402352409513,0.0005669902484162243,-0.00030780691145546556,-0.00030780691145546556,0.0003520206285960843,0.0006598275400515498,-0.0002737734652958926,-0.0002737734652958926,0.0023619142558622525,0.002635687721158145,9.014562813631343e-05,9.014562813631343e-05,0.0033636334414084154,0.003273487813272102
85694147fffffff,PHL,5,5,14,False,20,,-3.4598783124273955e-05,,,,-3.686990292599828e-05,,,,0.0007723490467093962,,,,0.0011640915400586561,,
8569414bfffffff,PHL,3,4,16,False,20,,-9.563353415217091e-05,,,,-0.00010498072021780968,,,,-5.716108580216805e-06,,,,0.0002446693665790819,,
8569414ffffffff,PHL,2,2,16,False,20,,3.676294822710553e-05,,,,4.9325878857972596e-05,,,,0.0004092999455484955,,,,0.0005595838289870818,,
85694163fffffff,PHL,20,20,20,True,20,-0.00416369911741081,-0.00416369911741081,0.0014469556470095997,0.005610654764420409,-0.004816202898946204,-0.004816202898946204,0.001721192107585112,0.006537395006531316,-0.014623852683013897,-0.014623852683013897,0.010357797402211613,0.02498165008522551,-0.016481879717138277,-0.016481879717138277,0.01453777997276771,0.03101965968990598
8569416bfffffff,PHL,9,9,20,False,20,,-0.00034535583685518366,,,,-0.00039266789789402446,,,,-0.0015405469546059332,,,,-0.0017300761060816104,,
8569416ffffffff,PHL,16,16,20,False,20,,-0.001067350327003673,,,,-0.0012290125805757431,,,,-0.0032567601982223865,,,,-0.0035666707607293997,,
85694173fffffff,PHL,20,20,20,True,20,-0.0015816291664172096,-0.0015816291664172096,0.0009662462470176371,0.002547875413434846,-0.0018145834574419695,-0.0018145834574419695,0.0011481218823120479,0.002962705339754017,-0.005864052786075153,-0.005864052786075153,0.00759848031652985,0.013462533102605003,-0.005990513070528146,-0.005990513070528146,0.01052786813345227,0.01651838120398041
85694177fffffff,PHL,0,0,4,False,20,,,,,,,,,,,,,,,,
8569417bfffffff,PHL,20,20,20,True,20,-0.0018332495432612686,-0.0018332495432612686,0.0011614184337995024,0.002994667977060771,-0.00210688078596779,-0.00210688078596779,0.0013787602511315506,0.003485641037099341,-0.006486130183065394,-0.006486130183065394,0.008565055839214105,0.015051186022279502,-0.006552632167729074,-0.006552632167729074,0.012129329721895227,0.0186819618896243
85694183fffffff,PHL,0,0,2,False,20,,,,,,,,,,,,,,,,
85694187fffffff,PHL,0,0,3,False,20,,,,,,,,,,,,,,,,
8569418ffffffff,PHL,1,1,6,False,20,,9.646071284554902e-05,,,,0.00011835613215619697,,,,0.00015751492676226213,,,,0.0002054093206759939,,
85694193fffffff,PHL,1,1,15,False,20,,-2.262526754241709e-05,,,,-2.0459616514156473e-05,,,,0.00044449108765257697,,,,0.0005557726474458543,,
85694197fffffff,PHL,0,0,3,False,20,,,,,,,,,,,,,,,,
8569419bfffffff,PHL,0,1,11,False,20,,,,,,,,,,,,,,,,
856941a3fffffff,PHL,8,8,20,False,20,,-0.00023056670154748815,,,,6.308619596440728e-06,,,,3.6836426264734825e-05,,,,0.0007805830350925461,,
856941abfffffff,PHL,20,20,20,True,20,-0.003496813658108828,-0.003496813658108828,0.001565561864453281,0.005062375522562107,-0.0038451729658248016,-0.0038451729658248016,0.0018451233401057029,0.005690296305930505,-0.010303616888887996,-0.010303616888887996,0.012918008616543014,0.02322162550543101,-0.00833276299936422,-0.00833276299936422,0.01827336550016631,0.026606128499530528
856941affffffff,PHL,4,4,9,False,20,,-1.1713601580791002e-05,,,,-1.0670371326606898e-05,,,,-0.0007045656765620621,,,,-0.0008374273383799601,,
856941b7fffffff,PHL,19,19,20,False,20,,-0.0006276521094137442,,,,-0.0007236190834345508,,,,-0.003508374940018655,,,,-0.00382850515627245,,
856941bbfffffff,PHL,8,8,18,False,20,,-6.689663513025497e-05,,,,-0.0001697114354723922,,,,0.00013255029970281622,,,,0.0003153845710645788,,
85694323fffffff,PHL,16,16,20,False,20,,-0.0002878105946604045,,,,-0.0003278263010182798,,,,-0.0002455009586822082,,,,0.00011946275295838903,,
85694327fffffff,PHL,20,20,20,True,20,-0.006421241575022442,-0.006421241575022442,0.004625701803400493,0.011046943378422932,-0.007368500121678043,-0.007368500121678043,0.0054945450402846445,0.012863045161962686,-0.02829020734136791,-0.02829020734136791,0.036128939216067274,0.06441914655743518,-0.02891936590740002,-0.02891936590740002,0.05085869784727291,0.07977806375467293
8569432bfffffff,PHL,1,1,7,False,20,,2.8025826951758295e-05,,,,3.779463182253911e-05,,,,-0.00010140754149384323,,,,-8.449869151173895e-05,,
8569432ffffffff,PHL,8,8,20,False,20,,-0.00013036862820254815,,,,-0.00013993901874860334,,,,-0.0006355766242502085,,,,-0.0007250398953898329,,
85694337fffffff,PHL,20,20,20,True,20,-0.0006855405773044147,-0.0006855405773044147,0.0004088762748136024,0.001094416852118017,-0.0007857484095068513,-0.0007857484095068513,0.0004853888198409757,0.0012711372293478268,-0.0004478693141765227,-0.0004478693141765227,0.003150841508686554,0.0035987108228630765,9.49303924563891e-05,9.49303924563891e-05,0.0045451513790715345,0.004450220986615146
85694397fffffff,PHL,20,20,20,True,20,-0.004951595296954976,-0.004951595296954976,0.002034110072453913,0.006985705369408889,-0.005719391590118463,-0.005719391590118463,0.002416622750384484,0.008136014340502947,-0.021652093168652204,-0.021652093168652204,0.01523072405614304,0.03688281722479524,-0.024617752875845472,-0.024617752875845472,0.021316421670486523,0.045934174546331995
856943a3fffffff,PHL,0,0,2,False,20,,,,,,,,,,,,,,,,
856943abfffffff,PHL,0,0,7,False,20,,,,,,,,,,,,,,,,
856943b3fffffff,PHL,20,20,20,True,20,-0.003020826682393671,-0.003020826682393671,0.0012127802529660772,0.004233606935359747,-0.003488252765004149,-0.003488252765004149,0.001439711761072176,0.0049279645260763266,-0.014303733418865542,-0.014303733418865542,0.010575764029918661,0.024879497448784205,-0.016065069520918504,-0.016065069520918504,0.01500308046051165,0.031068149981430156
856943bbfffffff,PHL,2,3,7,False,20,,-2.1917897216374073e-05,,,,0.0,,,,0.0003256174049246969,,,,0.0,,
85694523fffffff,PHL,20,20,20,True,20,-0.005274909820271936,-0.005274909820271936,0.00269506471028486,0.007969974530556794,-0.0060843167721736525,-0.0060843167721736525,0.0032007408659249976,0.00928505763809865,-0.02819872198274822,-0.02819872198274822,0.02544048385434248,0.053639205837090684,-0.030673862537218155,-0.030673862537218155,0.03609636420861801,0.06677022674583617
8569452bfffffff,PHL,9,9,20,False,20,,-0.00044313708669033234,,,,-0.0005063576901145805,,,,-0.0016209620755289157,,,,-0.0015912302591077115,,
8569452ffffffff,PHL,20,20,20,True,20,-0.001678049154797286,-0.001678049154797286,0.0008898790909121117,0.002567928245709398,-0.0019340393693560317,-0.0019340393693560317,0.0010582893515663125,0.0029923287209223442,-0.009172970171824519,-0.009172970171824519,0.00809481992094915,0.017267790092773662,-0.010189989430403376,-0.010189989430403376,0.011259609908953631,0.02144959933935701
8569453bfffffff,PHL,8,8,20,False,20,,-0.0007114148899150274,,,,-0.0008134350136694071,,,,-0.001259792412263895,,,,-0.001088657352780095,,
8569458ffffffff,PHL,19,19,20,False,20,,-0.0004956240482000425,,,,-0.0005663548256682002,,,,-0.0031442408814887145,,,,-0.003287349708566855,,
856945a7fffffff,PHL,8,8,20,False,20,,-0.00014133476362604872,,,,-0.0001562970192257665,,,,0.0006006362942520726,,,,0.001031549118421482,,
856945affffffff,PHL,0,0,3,False,20,,,,,,,,,,,,,,,,
856945b7fffffff,PHL,20,20,20,True,20,-0.0021789215782069887,-0.0021789215782069887,0.0013490725731871872,0.003527994151394176,-0.00250820845210721,-0.00250820845210721,0.0016021842245463485,0.004110392676653559,-0.004480818410595086,-0.004480818410595086,0.012789302737434222,0.01727012114802931,-0.0033421888480885107,-0.0033421888480885107,0.018105756013593162,0.021447944861681674
8569486ffffffff,PHL,8,9,12,False,20,,-0.0003117225086872562,,,,-5.921116682098873e-05,,,,-0.000252791109403218,,,,0.00021193621975363513,,
85694a17fffffff,PHL,0,0,9,False,20,,,,,,,,,,,,,,,,
85694ab3fffffff,PHL,0,0,1,False,20,,,,,,,,,,,,,,,,
85694ab7fffffff,PHL,0,0,1,False,20,,,,,,,,,,,,,,,,
85694ad3fffffff,PHL,20,20,20,True,20,-0.003819087783929029,-0.003819087783929029,0.0019122282846059959,0.005731316068535024,-0.004405544770378674,-0.004405544770378674,0.002273342466501487,0.006678887236880161,-0.020576290068390575,-0.020576290068390575,0.018821214316920958,0.03939750438531153,-0.02226217503955912,-0.02226217503955912,0.026573562179513094,0.04883573721907221
85694b47fffffff,PHL,0,0,5,False,20,,,,,,,,,,,,,,,,
85694b63fffffff,PHL,1,1,10,False,20,,-3.5297462143471763e-05,,,,-3.5194641325028486e-05,,,,-1.6858167927163406e-05,,,,2.3863029634738292e-05,,
85694b6bfffffff,PHL,7,8,17,False,20,,-0.00014096823609712075,,,,-0.00015705743270691628,,,,-0.00015558569998143953,,,,-2.9671910671058214e-05,,
85694b77fffffff,PHL,1,1,14,False,20,,-4.525053508483418e-05,,,,-4.091923302831295e-05,,,,0.0007875746338113108,,,,0.00102704660337997,,
85694b7bfffffff,PHL,20,20,20,True,20,-0.010085111477362347,-0.010085111477362347,0.005344844496854477,0.015429955974216822,-0.011623217776900254,-0.011623217776900254,0.006350780331842672,0.017973998108742926,-0.045439128437670895,-0.045439128437670895,0.052732604821492425,0.09817173325916331,-0.04752801020525782,-0.04752801020525782,0.07475645457998081,0.12228446478523862
85694bc7fffffff,PHL,20,20,20,True,20,-0.0024177582993593783,-0.0024177582993593783,0.0009096483177327859,0.003327406617092165,-0.0027949116177258507,-0.0027949116177258507,0.0010803321158106259,0.0038752437335364764,-0.006406354542784154,-0.006406354542784154,0.005709356232414368,0.012115710775198523,-0.006824429876221822,-0.006824429876221822,0.008070565492782808,0.01489499536900463
85694bd7fffffff,PHL,7,9,18,False,20,,-9.642991957572375e-05,,,,-0.00010717024358926994,,,,0.0004527962417295183,,,,0.0007899671294137783,,
85694c8bfffffff,PHL,0,0,9,False,20,,,,,,,,,,,,,,,,
85694cd7fffffff,PHL,0,0,7,False,20,,,,,,,,,,,,,,,,
85694cdbfffffff,PHL,1,2,4,False,20,,-1.07559408350897e-05,,,,-5.624102331327574e-06,,,,-0.00019819955524019803,,,,-0.00022637135768485486,,
85694e1bfffffff,PHL,20,20,20,True,20,-0.002045769651687189,-0.002045769651687189,0.0010356651611412076,0.0030814348128283967,-0.0023609976171069837,-0.0023609976171069837,0.0012293674796763365,0.0035903650967833204,-0.013556024001812583,-0.013556024001812583,0.006159304348558535,0.019715328350371118,-0.015939555607887245,-0.015939555607887245,0.00867753914902541,0.024617094756912657
85694e43fffffff,PHL,20,20,20,True,20,-0.024410574268344774,-0.024410574268344774,0.01356996467004742,0.03798053893839219,-0.028108446357418486,-0.028108446357418486,0.016123786294172635,0.04423223265159112,-0.09968979163436752,-0.09968979163436752,0.1130897288977802,0.21277952053214774,-0.10503547693726227,-0.10503547693726227,0.15939091356739182,0.2644263905046541
85694e47fffffff,PHL,1,1,17,False,20,,-7.327636203659246e-05,,,,-7.871386485085204e-05,,,,-0.00010140754149384323,,,,-8.449869151173895e-05,,
85694e4bfffffff,PHL,19,19,20,False,20,,-0.0011590087139893384,,,,-0.0013414407519440046,,,,-0.005951794594197074,,,,-0.006954931752266127,,
85694e4ffffffff,PHL,20,20,20,True,20,-0.006044456763319866,-0.006044456763319866,0.003183085177109586,0.009227541940429452,-0.006972802978156637,-0.006972802978156637,0.003780495542246816,0.010753298520403451,-0.033567871065200164,-0.033567871065200164,0.026064131379512512,0.05963200244471267,-0.037111131618195,-0.037111131618195,0.03736797227905439,0.0744791038972494
85694e53fffffff,PHL,20,20,20,True,20,-0.0038780992718915864,-0.0038780992718915864,0.002619890933233571,0.006497990205125158,-0.004383467872276735,-0.004383467872276735,0.0031097989652073632,0.0074932668374841,-0.012742790576665153,-0.012742790576665153,0.01980688216272996,0.032549672739395116,-0.011960446143354665,-0.011960446143354665,0.02798483429622232,0.03994528043957698
85694e5bfffffff,PHL,19,19,20,False,20,,-0.0011755523289248139,,,,-0.0013556080511152784,,,,-0.003231442387183913,,,,-0.003436849842783513,,
85694e6bfffffff,PHL,2,2,19,False,20,,-0.0007344596570096039,,,,-0.0008418822833844535,,,,0.00015858188427347148,,,,0.00036661423891800547,,
85694e6ffffffff,PHL,1,2,7,False,20,,-0.00017886094390120544,,,,-0.00017419207525024884,,,,-0.00016395416131048234,,,,4.87804983754208e-05,,
85694e73fffffff,PHL,20,20,20,True,20,-0.0015342274770030364,-0.0015342274770030364,0.0006329869032803832,0.002167214380283419,-0.0017757061784269077,-0.0017757061784269077,0.0007523235323710824,0.0025280297107979906,-0.0026923405211594846,-0.0026923405211594846,0.00374118418387936,0.006433524705038843,-0.0029545914255160546,-0.0029545914255160546,0.004981020189760531,0.007935611615276585
85694e7bfffffff,PHL,20,20,20,True,20,-0.001713944081899033,-0.001713944081899033,0.0010687820792895375,0.0027827261611885704,-0.001971810271322879,-0.001971810271322879,0.0012696275942942034,0.0032414378656170834,-0.008969455772631595,-0.008969455772631595,0.005168237804092331,0.014137693576723925,-0.010404443619659642,-0.010404443619659642,0.007189524572679495,0.017593968192339136
85694e8bfffffff,PHL,0,0,1,False,20,,,,,,,,,,,,,,,,
85694e9bfffffff,PHL,1,1,3,False,20,,2.8025826951758295e-05,,,,3.779463182253911e-05,,,,-0.000230868775621896,,,,-0.00022945269760560533,,
85694eabfffffff,PHL,0,0,13,False,20,,,,,,,,,,,,,,,,
85694ec3fffffff,PHL,20,20,20,True,20,-0.30949059497945275,-0.30949059497945275,0.22623269071879354,0.5357232856982462,-0.3537657681490438,-0.3537657681490438,0.26070302284731356,0.6144687909963572,-1.0086250963305503,-1.0086250963305503,1.7395856201681206,2.7482107164986713,-0.9477765993956904,-0.9477765993956904,2.450986635520057,3.398763234915747
85694ec7fffffff,PHL,20,20,20,True,20,-0.007733775552409979,-0.007733775552409979,0.006945450684251023,0.014679226236661,-0.008836018747110801,-0.008836018747110801,0.008254726583630264,0.017090745330741064,-0.02263041532138996,-0.02263041532138996,0.052140408270965874,0.07477082359235585,-0.018932595819299312,-0.018932595819299312,0.07388454482485515,0.09281714064415449
85694ecbfffffff,PHL,20,20,20,True,20,-0.035789971467810815,-0.035789971467810815,0.025987133518724476,0.061777104986535304,-0.040341903354014094,-0.040341903354014094,0.03038406465877901,0.0707259680127931,-0.12870416868010603,-0.12870416868010603,0.20592009651662196,0.334624265196728,-0.1228622665130196,-0.1228622665130196,0.2856269555847944,0.40848922209781396
85694ecffffffff,PHL,20,20,20,True,20,-0.015148690006890689,-0.015148690006890689,0.01094304835037184,0.02609173835726253,-0.017393030653001913,-0.017393030653001913,0.012991002618215602,0.03038403327121752,-0.05988045960180967,-0.05988045960180967,0.08281667277630238,0.14269713237811205,-0.06040943831547048,-0.06040943831547048,0.11697616000915105,0.1773855983246215
85694ed3fffffff,PHL,20,20,20,True,20,-0.0018386581400755973,-0.0018386581400755973,0.0005226720960615158,0.002361330236137113,-0.002128478273638685,-0.002128478273638685,0.000620969620492414,0.002749447894131099,-0.0068974964676248975,-0.0068974964676248975,0.003034242176327183,0.009931738643952082,-0.008255723339501668,-0.008255723339501668,0.004298706044655196,0.012554429384156861
85694ed7fffffff,PHL,20,20,20,True,20,-0.002559131666413303,-0.002559131666413303,0.0012609331315078542,0.0038200647979211564,-0.002949882837749352,-0.002949882837749352,0.0014985914670739462,0.0044484743048232986,-0.01478041289910953,-0.01478041289910953,0.008057690073589164,0.02283810297269869,-0.017317446165102866,-0.017317446165102866,0.011157462131368711,0.02847490829647157
85695823fffffff,PHL,2,2,16,False,20,,0.00010203142962568054,,,,0.00013464674070727846,,,,0.0008941716319780118,,,,0.0011684121124313836,,
856958abfffffff,PHL,5,5,9,False,20,,-0.00016248197096720027,,,,-0.0001798745126517069,,,,0.0001324995392932433,,,,0.000296702841763145,,
8569592ffffffff,PHL,0,0,15,False,20,,,,,,,,,,,,,,,,
8569599bfffffff,PHL,0,0,1,False,20,,,,,,,,,,,,,,,,
85695bbbfffffff,PHL,0,0,7,False,20,,,,,,,,,,,,,,,,
85695d0ffffffff,PHL,14,14,20,False,20,,-0.0007241240000939914,,,,-0.0008356506197649776,,,,-0.004851959402004293,,,,-0.005813625802734251,,
85695d83fffffff,PHL,20,20,20,True,20,-0.0022655788923332826,-0.0022655788923332826,0.000603419536453993,0.002868998428787275,-0.0024944301929170735,-0.0024944301929170735,0.0007010463552127706,0.003195476548129844,-0.008366605308298868,-0.008366605308298868,0.004267636562580984,0.012634241870879854,-0.00973049809156395,-0.00973049809156395,0.005812921472292053,0.015543419563856001
85695d87fffffff,PHL,8,8,20,False,20,,-0.00017552571576115168,,,,-0.00019977594338041992,,,,0.00010364046540737078,,,,0.00016993942111924665,,
85695d8ffffffff,PHL,20,20,20,True,20,-0.0023341573936187733,-0.0023341573936187733,0.0011332457101453242,0.003467403103764098,-0.00269335687423964,-0.00269335687423964,0.001343811956311266,0.004037168830550906,-0.01055365314775059,-0.01055365314775059,0.009786460498967607,0.020340113646718196,-0.011196099850925647,-0.011196099850925647,0.013933691390272927,0.02512979124119858
85695d93fffffff,PHL,0,0,2,False,20,,,,,,,,,,,,,,,,
85695d97fffffff,PHL,6,6,14,False,20,,-5.4075898503710236e-05,,,,-5.762227243684133e-05,,,,-0.0003564249217840139,,,,-0.0003860306376931135,,
85695db3fffffff,PHL,20,20,20,True,20,-0.0029031605221438513,-0.0029031605221438513,0.001462004663592233,0.004365165185736084,-0.00334145124759203,-0.00334145124759203,0.001737922062452875,0.005079373310044904,-0.014013749127326244,-0.014013749127326244,0.009203586284039045,0.023217335411365288,-0.015907563249658023,-0.015907563249658023,0.012739198672172389,0.02864676192183041
85695db7fffffff,PHL,2,2,13,False,20,,-0.00011876070391802384,,,,-0.00013167354056704437,,,,-0.00024937157276558395,,,,-0.0002785267656160444,,
85696803fffffff,PHL,0,0,1,False,20,,,,,,,,,,,,,,,,
85696863fffffff,PHL,0,1,8,False,20,,,,,,,,,,,,,,,,
8569686bfffffff,PHL,2,2,15,False,20,,-0.00041504418829554706,,,,-0.00028368633136486405,,,,-0.0007724563658129658,,,,-0.0006616357205277274,,
8569686ffffffff,PHL,1,1,19,False,20,,-0.00013146921237824018,,,,-0.00014378798535893313,,,,-0.00020281508298768645,,,,-0.0001689973830234779,,
856968abfffffff,PHL,0,0,1,False,20,,,,,,,,,,,,,,,,
856968affffffff,PHL,20,20,20,True,20,-0.0028832837879537677,-0.0028832837879537677,0.00124309107788884,0.004126374865842607,-0.0033297697504733243,-0.0033297697504733243,0.0014768842312838076,0.004806653981757132,-0.008310802939905116,-0.008310802939905116,0.007060211150329114,0.01537101409023423,-0.00913339525147482,-0.00913339525147482,0.010065768451595312,0.01919916370307013
856968bbfffffff,PHL,0,0,2,False,20,,,,,,,,,,,,,,,,
85696a03fffffff,PHL,1,1,9,False,20,,2.557915073865999e-05,,,,3.702444904632042e-05,,,,-0.0005769508149430262,,,,-0.0007422802850356294,,
85696a0bfffffff,PHL,0,0,9,False,20,,,,,,,,,,,,,,,,
85696a17fffffff,PHL,20,20,20,True,20,-0.0009226149849625419,-0.0009226149849625419,0.0006182542407845446,0.0015408692257470864,-0.001061180787495176,-0.001061180787495176,0.0007342468119488808,0.0017954275994440567,-0.0009169007601789571,-0.0009169007601789571,0.0022800326891864063,0.0031969334493653625,-0.000718542166542269,-0.000718542166542269,0.003236988584973096,0.003955530751515365
85696a37fffffff,PHL,0,1,1,False,20,,,,,,,,,,,,,,,,
85696a43fffffff,PHL,0,0,3,False,20,,,,,,,,,,,,,,,,
85696a4bfffffff,PHL,0,0,13,False,20,,,,,,,,,,,,,,,,
85696a87fffffff,PHL,0,0,1,False,20,,,,,,,,,,,,,,,,
85696aa7fffffff,PHL,3,3,20,False,20,,-0.0005038671099858804,,,,-0.000571715078661684,,,,-0.000541362418516762,,,,-0.0005197427714990128,,
85696aaffffffff,PHL,3,3,20,False,20,,-0.00015262612269171768,,,,-0.0001740321700062279,,,,0.00013887198410777709,,,,0.00021578864165317554,,
85696abbfffffff,PHL,1,1,14,False,20,,-6.343850677454987e-05,,,,-7.468461923870273e-05,,,,-0.0007439203112562582,,,,-0.0008675810971430554,,
85696ac3fffffff,PHL,20,20,20,True,20,-0.01645891041738915,-0.01645891041738915,0.00988467170944936,0.026343582126838516,-0.018945151361603137,-0.018945151361603137,0.011738399137858773,0.03068355049946191,-0.0708503477707946,-0.0708503477707946,0.08913985586288944,0.15999020363368405,-0.0727827014591512,-0.0727827014591512,0.12623354297641493,0.19901624443556612
85696b83fffffff,PHL,3,4,17,False,20,,0.00022208130442593677,,,,0.00027079835700960937,,,,-0.0012737458451351207,,,,-0.0015478419104824667,,
85696b93fffffff,PHL,5,6,16,False,20,,-2.0183905541080468e-05,,,,-1.844902091304352e-05,,,,-0.0002724292309833088,,,,-0.00024481404088477044,,
85696b9bfffffff,PHL,4,4,20,False,20,,-0.0008449309803525227,,,,-0.00019016601432554888,,,,-0.003623527218621218,,,,-0.0009981610899062862,,
85696bc3fffffff,PHL,2,3,4,False,20,,0.00013077935815514479,,,,0.00015893573983281548,,,,0.0004740256515169848,,,,0.0006147743896165202,,
85696bd3fffffff,PHL,3,3,9,False,20,,6.663238372934281e-05,,,,8.642237923041097e-05,,,,-8.839436125341132e-06,,,,4.5597325197180576e-05,,
85696bd7fffffff,PHL,20,20,20,True,20,-0.0009540630920633992,-0.0009540630920633992,0.0004537645562160316,0.001407827648279431,-0.0011007622046271938,-0.0011007622046271938,0.0005393951149029308,0.001640157319530125,-0.003928596115625876,-0.003928596115625876,0.005142033940279815,0.009070630055905693,-0.0038922396691004036,-0.0038922396691004036,0.007459704997957698,0.011351944667058102
85696bdbfffffff,PHL,5,5,17,False,20,,-6.0861737829381955e-05,,,,-6.6169161873592e-05,,,,-0.0004944703046611057,,,,-0.0005062400372075965,,
85696c1bfffffff,PHL,8,8,20,False,20,,-0.0001901578673469375,,,,-0.00020352190069095207,,,,-0.0002101474866254808,,,,0.00019309194186347306,,
85696c57fffffff,PHL,14,14,20,False,20,,-0.0004981920846833462,,,,-0.000572951984742986,,,,-0.0029617865255304396,,,,-0.003476960151191308,,
85696ca7fffffff,PHL,0,0,3,False,20,,,,,,,,,,,,,,,,
85696d1bfffffff,PHL,11,11,20,False,20,,-0.0004581340864733587,,,,-0.0005257962073998903,,,,-0.0026321673916922896,,,,-0.002978398894253026,,
85696d33fffffff,PHL,6,7,15,False,20,,-3.672263160219039e-05,,,,-3.630395359839708e-05,,,,0.00021402986419856784,,,,0.0004164679505279558,,
85696e07fffffff,PHL,0,0,2,False,20,,,,,,,,,,,,,,,,
85696e0ffffffff,PHL,1,2,10,False,20,,1.4700612864594555e-05,,,,2.0354501441521866e-05,,,,0.0005025845960525361,,,,0.0008474536155405389,,
85696e73fffffff,PHL,0,0,3,False,20,,,,,,,,,,,,,,,,
85696e7bfffffff,PHL,0,0,5,False,20,,,,,,,,,,,,,,,,
85696e87fffffff,PHL,1,1,10,False,20,,-0.00010991493214107585,,,,-0.000122229338285444,,,,-0.0004444918569091814,,,,-0.0005140027190743839,,
85699b0ffffffff,MYS,0,1,1,False,20,,,,,,,,,,,,,,,,
85699b47fffffff,MYS,3,3,6,False,20,,-0.00015413494284839593,,,,-0.00015462466990573618,,,,0.0017779223473384116,,,,0.003549650244969995,,
8572881bfffffff,IDN,0,3,1,False,20,,,,,,,,,,,,,,,,
85729dbbfffffff,IDN,9,9,17,False,20,,-0.00010693147506500771,,,,-0.00012251744285561188,,,,2.025513571425196e-05,,,,5.4291238466756134e-05,,
8572a06bfffffff,IDN,0,0,1,False,20,,,,,,,,,,,,,,,,
8572f347fffffff,IDN,15,16,19,False,20,,-0.0002696627289115719,,,,-0.0003004638799801162,,,,-0.0007740201015959023,,,,-0.0006893716835865619,,
857390dbfffffff,IDN,4,11,6,False,20,,6.801282207678228e-05,,,,8.640200048670976e-05,,,,0.000964313792113325,,,,0.0013617128341829295,,
85739b53fffffff,IDN,13,14,18,False,20,,-7.976866611494752e-05,,,,-8.565099479078867e-05,,,,-4.783281152431234e-05,,,,-2.5200656791868416e-05,,
85846c37fffffff,MDV,1,2,6,False,20,,0.00014981208704439497,,,,0.00018527788814708384,,,,0.0007595209411771013,,,,0.000966591288797842,,
85846d8bfffffff,MDV,0,0,1,False,20,,,,,,,,,,,,,,,,
858c100bfffffff,IDN,3,4,4,False,20,,-1.0755548962169963e-06,,,,2.257381110408321e-06,,,,0.0003920365902928506,,,,0.0005248651867505281,,
858c100ffffffff,IDN,20,20,20,True,20,0.002387172065494863,0.002387172065494863,0.0038371491909858792,0.0014499771254910165,0.002960607303197477,0.002960607303197477,0.004476454792245036,0.0015158474890475577,0.01206820723506922,0.01206820723506922,0.01484030520586374,0.002772097970794521,0.016552420320907903,0.016552420320907903,0.019963518590593653,0.003411098269685754
858c1043fffffff,IDN,20,20,20,True,20,7.75794228699749e-06,7.75794228699749e-06,0.0018985717398615337,0.0018908137975745358,3.6149338028115185e-05,3.6149338028115185e-05,0.0022354373497448965,0.0021992880117167814,0.002131480199168382,0.002131480199168382,0.007945321138386786,0.005813840939218405,0.0037372480094746896,0.0037372480094746896,0.011041869814346858,0.007304621804872169
858c1047fffffff,IDN,19,20,19,False,20,,-0.0015902172669784048,,,,-0.0018265468997804147,,,,-0.0030618014037754092,,,,-0.003019419991434885,,
858c104ffffffff,IDN,20,20,20,True,20,0.00015405957346420105,0.00015405957346420105,0.0016966678271691997,0.0015426082537049986,0.00020868785665047602,0.00020868785665047602,0.0019184120779689156,0.0017097242213184392,0.004273578328634624,0.004273578328634624,0.00847562447561559,0.004202046146980966,0.006719359783187577,0.006719359783187577,0.011678283601047154,0.0049589238178595774
858c105bfffffff,IDN,8,12,10,False,20,,8.238555374316371e-05,,,,4.576562978715808e-05,,,,0.000617644404221331,,,,0.0008264718548381904,,
858c1063fffffff,IDN,20,20,20,True,20,0.005438336123510168,0.005438336123510168,0.012864078868514626,0.007425742745004462,0.006623988962938312,0.006623988962938312,0.015298614013169936,0.008674625050231621,0.013640683714942873,0.013640683714942873,0.024624524038692287,0.010983840323749414,0.020809612135173385,0.020809612135173385,0.03452545280328785,0.013715840668114465
858c106bfffffff,IDN,0,1,4,False,20,,,,,,,,,,,,,,,,
858c106ffffffff,IDN,20,20,20,True,20,0.00017424198127183836,0.00017424198127183836,0.0035047916479945492,0.0033305496667227113,0.0002795789230432702,0.0002795789230432702,0.004165065518552453,0.003885486595509183,0.008929101023541912,0.008929101023541912,0.01639474510654714,0.0074656440830052255,0.01389374662720487,0.01389374662720487,0.023160623312428078,0.009266876685223208
858c1073fffffff,IDN,20,20,20,True,20,0.00011505496814755503,0.00011505496814755503,0.0016644055658862791,0.001549350597738724,0.00013293664511936326,0.00013293664511936326,0.001896182802026745,0.0017632461569073814,0.003924524648665598,0.003924524648665598,0.007954870715822026,0.004030346067156429,0.0057610943582811856,0.0057610943582811856,0.010654911680075067,0.004893817321793883
858c107bfffffff,IDN,20,20,20,True,20,0.002409654052884377,0.002409654052884377,0.0882552563353031,0.08584560228241872,0.003447013015871369,0.003447013015871369,0.09146230946802396,0.08801529645215259,0.16592062936259366,0.16592062936259366,0.37980187340170746,0.2138812440391138,0.24994215496162417,0.24994215496162417,0.49935922055243803,0.24941706559081375
858c108bfffffff,IDN,1,1,6,False,20,,2.7002797046705963e-06,,,,3.779463182253911e-05,,,,0.00015751492676226213,,,,0.0002054093206759939,,
858c10a7fffffff,IDN,12,12,20,False,20,,-0.0001692564585858478,,,,-0.00018546505629495912,,,,-0.00031768119436789574,,,,-0.00030864780144899213,,
858c1317fffffff,IDN,0,0,1,False,20,,,,,,,,,,,,,,,,
858c141bfffffff,IDN,0,0,1,False,20,,,,,,,,,,,,,,,,
858c144bfffffff,IDN,18,20,18,False,20,,3.6937637225528775e-05,,,,4.8454316685184905e-05,,,,0.00042074618312565727,,,,0.0006172007444196528,,
858c144ffffffff,IDN,3,4,5,False,20,,0.00016908637012974924,,,,-1.5060474582662953e-05,,,,0.0,,,,0.0,,
858c1457fffffff,IDN,0,1,0,False,20,,,,,,,,,,,,,,,,
858c1463fffffff,IDN,20,20,20,True,20,0.00023883912019425908,0.00023883912019425908,0.0016281647109074703,0.001389325590713211,0.0003124252306731149,0.0003124252306731149,0.0019336288188669924,0.0016212035881938767,0.003283337095111703,0.003283337095111703,0.008838342345091937,0.005555005249980231,0.005611167084594614,0.005611167084594614,0.012611186501446358,0.007000019416851746
858c146bfffffff,IDN,7,10,13,False,20,,3.854715257564919e-05,,,,7.594469282285077e-05,,,,0.0003985893441707667,,,,0.0005798262036832963,,
858c1477fffffff,IDN,17,17,20,False,20,,-2.3003805180880764e-05,,,,-1.6948219816612718e-05,,,,9.960257805107204e-05,,,,0.00028683358010116134,,
858c147bfffffff,IDN,20,20,20,True,20,0.0019110466186718577,0.0019110466186718577,0.01745361071489287,0.015542564096221009,0.0026950109522376323,0.0026950109522376323,0.02061765191364657,0.017922640961408935,0.03574148788415461,0.03574148788415461,0.0781345935021844,0.04239310561802978,0.056409037925916464,0.056409037925916464,0.10870315209261847,0.05229411416670201
858c14dbfffffff,IDN,20,20,20,True,20,1.2127569185806303e-06,1.2127569185806303e-06,0.000576521133086389,0.0005753083761678085,1.416570692859698e-05,1.416570692859698e-05,0.0006857776036518047,0.0006716118967232079,-0.00022938731177413071,-0.00022938731177413071,0.0033086789378242954,0.003538066249598427,0.00029406382586441766,0.00029406382586441766,0.004747951800966344,0.004453887975101927
858c160ffffffff,IDN,0,2,0,False,20,,,,,,,,,,,,,,,,
858c1637fffffff,IDN,0,2,7,False,20,,,,,,,,,,,,,,,,
858c16abfffffff,IDN,0,0,4,False,20,,,,,,,,,,,,,,,,
858c16c3fffffff,IDN,6,16,9,False,20,,8.10776792953589e-05,,,,9.01170656130492e-05,,,,0.0020266483512263295,,,,0.002963844031131557,,
858c81abfffffff,IDN,0,1,1,False,20,,,,,,,,,,,,,,,,
858c85dbfffffff,IDN,0,1,0,False,20,,,,,,,,,,,,,,,,
858c89cffffffff,IDN,18,20,18,False,20,,0.0001337992499321039,,,,0.00016829244287820235,,,,0.00021624550677977545,,,,0.0003734186805387474,,
858c903bfffffff,IDN,0,1,0,False,20,,,,,,,,,,,,,,,,
858c9427fffffff,IDN,20,20,20,True,20,0.00047163117576993867,0.00047163117576993867,0.0021404158119212114,0.0016687846361512725,0.000598751635360581,0.000598751635360581,0.002543726042333833,0.0019449744069732523,0.00602443182794177,0.00602443182794177,0.011840682450142293,0.005816250622200524,0.009533170361127904,0.009533170361127904,0.01679879341775436,0.0072656230566264576
858c964ffffffff,MYS,20,20,20,True,20,-0.001004663341153154,-0.001004663341153154,0.003257406100929383,0.004262069442082536,-0.0010947000653845711,-0.0010947000653845711,0.003871092240930514,0.004965792306315085,-0.0035303982150888375,-0.0035303982150888375,0.013326550707853713,0.016856948922942552,-0.002362359731378505,-0.002362359731378505,0.018533958209662672,0.020896317941041177
858cab63fffffff,IDN,20,20,20,True,20,-0.0035557311212582633,-0.0035557311212582633,0.004288104186089878,0.007843835307348144,-0.004147091118899299,-0.004147091118899299,0.004963592523454446,0.009110683642353744,0.0005054613792547741,0.0005054613792547741,0.017942177488214955,0.01743671610896018,0.003000198671684047,0.003000198671684047,0.02430345445020421,0.02130325577852016
858cadabfffffff,IDN,0,0,1,False,20,,,,,,,,,,,,,,,,
858cadbbfffffff,IDN,20,20,20,True,20,-0.0006551676935818613,-0.0006551676935818613,0.0007104628668750324,0.0013656305604568936,-0.000770437585220289,-0.000770437585220289,0.0008170162440364528,0.0015874538292567418,-0.0016057001743553117,-0.0016057001743553117,0.002033974145445777,0.0036396743198010887,-0.001867302329403625,-0.001867302329403625,0.0026213263789155537,0.004488628708319179
858cd307fffffff,IDN,1,2,1,False,20,,-0.00017457855102494322,,,,-0.0001952223615242432,,,,0.0,,,,0.0,,
858cd33bfffffff,IDN,6,6,16,False,20,,-1.614708964120623e-06,,,,4.849663750909422e-06,,,,0.0006990825829874302,,,,0.0009759669931195869,,
858cd373fffffff,IDN,1,2,7,False,20,,0.0005706634379592822,,,,0.0006841342699746079,,,,0.00360122885744604,,,,0.004409769241914318,,
858cd3b7fffffff,IDN,19,19,20,False,20,,-0.0003224865554899623,,,,-0.0003657360184351782,,,,-4.1946434537154246e-05,,,,0.00018492822613960192,,
858cd46bfffffff,IDN,0,0,2,False,20,,,,,,,,,,,,,,,,
858cdcd7fffffff,IDN,0,0,2,False,20,,,,,,,,,,,,,,,,
858cf023fffffff,IDN,11,16,12,False,20,,7.556939699195054e-05,,,,9.325206182535395e-05,,,,0.0012446108293826185,,,,0.001794803673957946,,
858d8083fffffff,IDN,20,20,20,True,20,-0.004447139798942887,-0.004447139798942887,0.015688416788452998,0.020135556587395884,-0.005046760886646087,-0.005046760886646087,0.018007399530201536,0.023054160416847626,0.02944169161057771,0.02944169161057771,0.06634159712718193,0.03689990551660423,0.04632506479337352,0.04632506479337352,0.09071871034482103,0.044393645551447494
858d808ffffffff,IDN,2,3,6,False,20,,0.00016329047744810543,,,,0.00019996222837009766,,,,-3.324467798383683e-05,,,,-2.6407006611569602e-05,,
858d8093fffffff,IDN,0,1,1,False,20,,,,,,,,,,,,,,,,
858d80affffffff,IDN,0,0,3,False,20,,,,,,,,,,,,,,,,
858d80bbfffffff,IDN,0,0,1,False,20,,,,,,,,,,,,,,,,
858d8117fffffff,IDN,0,0,1,False,20,,,,,,,,,,,,,,,,
858d816bfffffff,IDN,0,0,1,False,20,,,,,,,,,,,,,,,,
858d8187fffffff,IDN,15,15,20,False,20,,-3.3834543935992895e-05,,,,-3.4161419836885824e-05,,,,0.0004842443922289896,,,,0.0008852678712802509,,
858d81b3fffffff,IDN,0,0,1,False,20,,,,,,,,,,,,,,,,
858d81c3fffffff,IDN,0,0,2,False,20,,,,,,,,,,,,,,,,
858d8423fffffff,IDN,0,1,6,False,20,,,,,,,,,,,,,,,,
858d842ffffffff,IDN,20,20,20,True,20,-0.00021146967314109675,-0.00021146967314109675,0.0010723542800118698,0.0012838239531529666,-0.00022309135904035536,-0.00022309135904035536,0.0012750065970276946,0.0014980979560680501,0.002022282290722293,0.002022282290722293,0.005887594577067031,0.003865312286344739,0.0035999101969053362,0.0035999101969053362,0.0083711191077431,0.004771208910837764
858d8433fffffff,IDN,10,12,16,False,20,,8.714537713657866e-05,,,,0.00011286860482464969,,,,0.00010924713680947315,,,,0.0003041388266102352,,
858d848bfffffff,IDN,1,2,3,False,20,,-9.784729500909427e-06,,,,-7.229309535436814e-06,,,,-0.0002391040963817541,,,,-0.0002331383299024537,,
858d850bfffffff,IDN,0,1,1,False,20,,,,,,,,,,,,,,,,
858d8517fffffff,IDN,0,1,4,False,20,,,,,,,,,,,,,,,,
858d8537fffffff,IDN,9,15,10,False,20,,2.458895120014415e-05,,,,4.780570630979803e-05,,,,0.001025326583005345,,,,0.001490291516169952,,
858d853bfffffff,IDN,20,20,20,True,20,8.462915048395533e-05,8.462915048395533e-05,0.0008825748515043157,0.0007979457010203602,0.00011997783426408717,0.00011997783426408717,0.0010487715006095321,0.000928793666345445,0.0032267481560036603,0.0032267481560036603,0.004135922274756718,0.000909174118753058,0.004825857660797259,0.004825857660797259,0.005926361633272599,0.0011005039724753386
858d854bfffffff,IDN,0,1,5,False,20,,,,,,,,,,,,,,,,
858d8567fffffff,IDN,0,0,1,False,20,,,,,,,,,,,,,,,,
858d857bfffffff,IDN,0,1,3,False,20,,,,,,,,,,,,,,,,
858d85affffffff,IDN,20,20,20,True,20,8.480269571056901e-05,8.480269571056901e-05,0.0011208932632436113,0.001036090567533042,0.00012140702672307444,0.00012140702672307444,0.0013334983351534543,0.00121209130843038,0.0005070858707500894,0.0005070858707500894,0.0005774011299349614,7.031525918487207e-05,0.0007210913382104196,0.0007210913382104196,0.0008045996239525822,8.350828574216265e-05
858d85bbfffffff,IDN,0,1,3,False,20,,,,,,,,,,,,,,,,
858d85c3fffffff,IDN,20,20,20,True,20,0.0003759073734285088,0.0003759073734285088,0.00338383794956618,0.0030079305761376704,0.0005069952637012276,0.0005069952637012276,0.004023776709812031,0.0035167814461108046,0.006151617722505014,0.006151617722505014,0.013948333496657323,0.00779671577415231,0.010166669155285992,0.010166669155285992,0.019859916409664963,0.009693247254378973
858d85cffffffff,IDN,0,1,1,False,20,,,,,,,,,,,,,,,,
858d85d7fffffff,IDN,0,0,4,False,20,,,,,,,,,,,,,,,,
858d8817fffffff,IDN,1,7,3,False,20,,3.864779765437313e-05,,,,0.000118712442922232,,,,0.0,,,,0.0,,
858d8833fffffff,IDN,1,2,9,False,20,,1.0500504885578926e-05,,,,9.980902428201105e-06,,,,0.0,,,,0.0,,
858d8937fffffff,IDN,0,1,12,False,20,,,,,,,,,,,,,,,,
858d8957fffffff,IDN,9,14,14,False,20,,7.789577606833497e-05,,,,9.749197534171658e-05,,,,0.0009441288594505769,,,,0.0013421569745019125,,
858d8963fffffff,IDN,17,20,17,False,20,,-0.0001718594831544715,,,,-0.00019197914656985456,,,,0.0006772515966712209,,,,0.0011775314438754467,,
858d89a3fffffff,IDN,13,16,17,False,20,,8.135213918567616e-05,,,,9.977950184560917e-05,,,,0.0016088825718236998,,,,0.0026589330203202225,,
858d89affffffff,IDN,0,0,13,False,20,,,,,,,,,,,,,,,,
858d89cbfffffff,IDN,0,3,0,False,20,,,,,,,,,,,,,,,,
858d8c0bfffffff,IDN,1,5,2,False,20,,6.809032869892381e-05,,,,8.500662907410183e-05,,,,0.0010247791600910003,,,,0.0015204731712508933,,
858d8c2ffffffff,IDN,0,1,1,False,20,,,,,,,,,,,,,,,,
858d8c33fffffff,IDN,0,0,9,False,20,,,,,,,,,,,,,,,,
858d8c3bfffffff,IDN,5,9,15,False,20,,4.6531085399825475e-05,,,,5.89896959568281e-05,,,,0.0005859920804867745,,,,0.0008533471881802621,,
858d8c6bfffffff,IDN,20,20,20,True,20,-0.0008169731122562925,-0.0008169731122562925,0.006062778759830042,0.0068797518720863345,-0.000912631332051221,-0.000912631332051221,0.006980298108324967,0.007892929440376187,0.008070285145029025,0.008070285145029025,0.02361363517504126,0.015543350030012231,0.01273709311278028,0.01273709311278028,0.03156641391508056,0.018829320802300282
858d8c77fffffff,IDN,1,4,1,False,20,,0.00011424450424516435,,,,0.00014066338415315928,,,,-0.0001294612341280527,,,,-0.00014495400609386641,,
858d8c7bfffffff,IDN,16,19,17,False,20,,6.546535550107218e-06,,,,1.578394610526011e-05,,,,0.0004320865742054172,,,,0.0008350048440795204,,
858d8c8bfffffff,IDN,0,1,4,False,20,,,,,,,,,,,,,,,,
858d8c8ffffffff,IDN,0,1,0,False,20,,,,,,,,,,,,,,,,
858d8ca3fffffff,IDN,1,1,5,False,20,,-5.54925706369771e-05,,,,-5.6406612853889736e-05,,,,2.8053692634209424e-05,,,,6.0455314582127495e-05,,
858d8cb3fffffff,IDN,0,1,0,False,20,,,,,,,,,,,,,,,,
858d8cbbfffffff,IDN,20,20,20,True,20,2.6220617261543375e-05,2.6220617261543375e-05,0.002514517328633248,0.0024882967113717047,8.502992312436597e-05,8.502992312436597e-05,0.002985133243323987,0.002900103320199621,0.009439820086274354,0.009439820086274354,0.016589721904101344,0.007149901817826992,0.01479293690596096,0.01479293690596096,0.023609318164826143,0.008816381258865181
858d8cc3fffffff,IDN,20,20,20,True,20,-0.00024985660479594067,-0.00024985660479594067,0.0008512739276965595,0.0011011305324924998,-0.00026855843253103216,-0.00026855843253103216,0.0010112509865270651,0.0012798094190580973,0.0017293558213564877,0.0017293558213564877,0.0045845975385764275,0.0028552417172199407,0.00290811142343808,0.00290811142343808,0.0063403772571586445,0.0034322658337205643
858d8cd7fffffff,IDN,0,0,1,False,20,,,,,,,,,,,,,,,,
858d8cdbfffffff,IDN,0,0,1,False,20,,,,,,,,,,,,,,,,
858d8d0bfffffff,IDN,1,4,3,False,20,,-1.604167639944411e-05,,,,-1.3380714298010562e-05,,,,0.0001590007090879976,,,,0.00022124219068202713,,
858d8d23fffffff,IDN,0,3,3,False,20,,,,,,,,,,,,,,,,
858d8d43fffffff,IDN,0,2,1,False,20,,,,,,,,,,,,,,,,
858d8d63fffffff,IDN,20,20,20,True,20,-7.144894954132115e-05,-7.144894954132115e-05,0.0005846413961729796,0.0006560903457143007,-3.713157183312411e-05,-3.713157183312411e-05,0.0006459634977221898,0.000683095069555314,0.00021189249279268793,0.00021189249279268793,0.0023279471147984424,0.0021160546220057542,0.0006494920423343814,0.0006494920423343814,0.0029306467381260554,0.002281154695791674
858d8ddbfffffff,IDN,0,2,0,False,20,,,,,,,,,,,,,,,,
858d8e07fffffff,IDN,6,7,13,False,20,,4.883332955314101e-05,,,,5.974144523495593e-05,,,,0.00048531972517515875,,,,0.0007020326536250811,,
858d8e87fffffff,IDN,20,20,20,True,20,0.00011283221574762289,0.00011283221574762289,0.0005341203066670519,0.00042128809091942896,0.00014447590600239596,0.00014447590600239596,0.0006353525083926535,0.0004908766023902576,0.004293493855623475,0.004293493855623475,0.005025641826053545,0.000732147970430071,0.006386095030316631,0.006386095030316631,0.0072745576345797525,0.00088846260426312
858d8eb7fffffff,IDN,1,1,2,False,20,,2.8025826951758295e-05,,,,3.779463182253911e-05,,,,-0.00038838370238415806,,,,-0.00043486201828159927,,
858d8ebbfffffff,IDN,0,1,0,False,20,,,,,,,,,,,,,,,,
858d920bfffffff,IDN,20,20,20,True,20,-0.0007370238773504688,-0.0007370238773504688,0.0021293197093773366,0.002866343586727805,-0.0008100187573007572,-0.0008100187573007572,0.0025294283166642268,0.0033394470739649836,0.005284212581883663,0.005284212581883663,0.012020817716081166,0.006736605134197504,0.00853780648864577,0.00853780648864577,0.01678566760303059,0.00824786111438482
858d92cffffffff,IDN,10,15,12,False,20,,0.0003426981201715032,,,,0.00041842206560337955,,,,0.00028791973442322436,,,,0.0004169382018832177,,
858da23bfffffff,IDN,20,20,20,True,20,0.00017626733326357892,0.00017626733326357892,0.0008529088961719038,0.0006766415629083248,0.0002241873226148451,0.0002241873226148451,0.0010103629958784514,0.0007861756732636066,0.002550290358825701,0.002550290358825701,0.004269244269646968,0.0017189539108212666,0.003916903927633974,0.003916903927633974,0.006036186415304477,0.0021192824876705035
858da2c7fffffff,IDN,0,1,0,False,20,,,,,,,,,,,,,,,,
858da2cbfffffff,IDN,3,6,12,False,20,,9.061017109992634e-05,,,,0.00011108005958640277,,,,0.0005046706306356554,,,,0.0007465132572486129,,
858da34bfffffff,IDN,0,0,2,False,20,,,,,,,,,,,,,,,,
858da36ffffffff,IDN,0,4,0,False,20,,,,,,,,,,,,,,,,
858daa43fffffff,IDN,3,4,7,False,20,,8.575042093419586e-05,,,,0.00010674217933162782,,,,0.000171640853693296,,,,0.0003034544910465652,,
858daa73fffffff,IDN,0,0,3,False,20,,,,,,,,,,,,,,,,
858db513fffffff,IDN,16,16,20,False,20,,-0.00014890462743182248,,,,-0.00016528687334982494,,,,-0.00013202159643750788,,,,0.00024651619928412735,,
85940493fffffff,IDN,20,20,20,True,20,0.0004665919999731276,0.0004665919999731276,0.0010045102750607616,0.000537918275087634,0.0005664855072640982,0.0005664855072640982,0.0011935403494575327,0.0006270548421934346,0.0037635558430455566,0.0037635558430455566,0.005435785748305841,0.0016722299052602846,0.00581125104302929,0.00581125104302929,0.007865956158286258,0.002054705115256968
8594268bfffffff,IDN,0,0,1,False,20,,,,,,,,,,,,,,,,
85942c03fffffff,TLS,14,14,19,False,20,,-2.6680754759407373e-05,,,,7.30132292437973e-06,,,,0.00023787478379585662,,,,0.0005005938147268785,,
85950083fffffff,IDN,20,20,20,True,20,-0.0002770880321023979,-0.0002770880321023979,0.004059930558486953,0.0043370185905893515,-0.00032685144330402095,-0.00032685144330402095,0.004682837852891038,0.005009689296195058,0.005321233658175054,0.005321233658175054,0.01591319347431292,0.010591959816137867,0.00832848128826887,0.00832848128826887,0.021224413752524922,0.012895932464256054
85950d8ffffffff,IDN,0,1,0,False,20,,,,,,,,,,,,,,,,
85951213fffffff,IDN,8,15,12,False,20,,7.746865625370003e-05,,,,9.608535713236274e-05,,,,0.0012058174092839302,,,,0.0018596323518860177,,
85951307fffffff,IDN,1,6,5,False,20,,1.7023338443784868e-05,,,,2.05587924744198e-05,,,,0.0,,,,0.0,,
85951bd7fffffff,IDN,1,6,1,False,20,,0.00020577487982788295,,,,0.0002528627519323686,,,,0.0007981546664112572,,,,0.0011113827824579341,,
85951e2bfffffff,IDN,0,3,0,False,20,,,,,,,,,,,,,,,,
85952163fffffff,IDN,0,0,1,False,20,,,,,,,,,,,,,,,,
85952367fffffff,IDN,0,0,3,False,20,,,,,,,,,,,,,,,,
85952bc3fffffff,IDN,0,1,0,False,20,,,,,,,,,,,,,,,,
85952e83fffffff,IDN,7,10,14,False,20,,-7.130414435253723e-05,,,,-7.829961336346903e-05,,,,-0.0005209004959775013,,,,-0.0006345035432821864,,
85954197fffffff,IDN,13,13,20,False,20,,-0.00022672269897256305,,,,-0.00025970855200456206,,,,-0.0007314666919576018,,,,-0.0007426598412773133,,
859576dbfffffff,IDN,3,4,10,False,20,,-6.149873829191148e-05,,,,-6.424945148215547e-05,,,,-0.00036092429167116784,,,,-0.00043246746300172953,,
8595a413fffffff,IDN,0,1,0,False,20,,,,,,,,,,,,,,,,
8595a48bfffffff,IDN,0,0,1,False,20,,,,,,,,,,,,,,,,
8595a4c3fffffff,IDN,20,20,20,True,20,-0.005187646987370527,-0.005187646987370527,0.015617085216361718,0.020804732203732242,-0.005614889364152373,-0.005614889364152373,0.018549828427944552,0.024164717792096925,0.04395439189334802,0.04395439189334802,0.07916282361378732,0.035208431720439276,0.0679546776143842,0.0679546776143842,0.11082794668023677,0.042873269065852565
8595a4cbfffffff,IDN,3,4,11,False,20,,-4.0093930979605675e-06,,,,-4.952871554371748e-07,,,,0.00035952649822441055,,,,0.0005119025678563061,,
8595a4d3fffffff,IDN,0,2,3,False,20,,,,,,,,,,,,,,,,
8595a4d7fffffff,IDN,10,10,20,False,20,,-0.00015909677812254167,,,,-0.00017751760107505632,,,,-0.0012687826829145179,,,,-0.0014742166635983054,,
8595a5dbfffffff,IDN,19,19,20,False,20,,1.9220702772905017e-05,,,,3.595265422109424e-05,,,,0.00018774079976171168,,,,0.0005066380304898637,,
859cc2abfffffff,IDN,0,4,7,False,20,,,,,,,,,,,,,,,,
