{"type":"FeatureCollection","metadata":{"file":"h3-films-jpn-jointly-eligible.geojson","region":"JPN","country_codes":["JPN"],"left":"godzilla-minus-one","right":"godzilla-x-kong-the-new-empire","window":"jointly-eligible","geolocation_version":"6:1777968300","geojson_version":"20260701","weeks":[3,6,7,8,9,12,13,14,15,16,17,18,19,20,21,22,23,24,25,26],"resolution":5,"threshold":3,"sign":"left minus right; percentage points","missing_policy":"Null if either side lacks a cell in any selected interval. Observed-common value is diagnostic only.","full_comparable_cells":175,"union_cells":528,"weight_coverage":[{"side":"left","role":"downloaders","mode":"all","world_weight":46074710,"full_mask_weight":643671,"full_mask_share":1.3970158466542708,"outside_full_mask_weight":45431039,"regional_weight":662303,"full_mask_regional_share":97.18678610847302},{"side":"left","role":"downloaders","mode":"without-hosting","world_weight":38788996,"full_mask_weight":563343,"full_mask_share":1.4523268403234773,"outside_full_mask_weight":38225653,"regional_weight":581846,"full_mask_regional_share":96.8199489211922},{"side":"left","role":"uploaders","mode":"all","world_weight":2711723,"full_mask_weight":17957,"full_mask_share":0.6621989045341283,"outside_full_mask_weight":2693766,"regional_weight":18285,"full_mask_regional_share":98.20617992890347},{"side":"left","role":"uploaders","mode":"without-hosting","world_weight":1988869,"full_mask_weight":10115,"full_mask_share":0.5085805047994614,"outside_full_mask_weight":1978754,"regional_weight":10441,"full_mask_regional_share":96.87769370749928},{"side":"right","role":"downloaders","mode":"all","world_weight":55499798,"full_mask_weight":653273,"full_mask_share":1.1770727525891176,"outside_full_mask_weight":54846525,"regional_weight":672146,"full_mask_regional_share":97.19212790078346},{"side":"right","role":"downloaders","mode":"without-hosting","world_weight":47597043,"full_mask_weight":576082,"full_mask_share":1.2103314905507891,"outside_full_mask_weight":47020961,"regional_weight":594798,"full_mask_regional_share":96.85338551911741},{"side":"right","role":"uploaders","mode":"all","world_weight":5435520,"full_mask_weight":16338,"full_mask_share":0.30057841752031084,"outside_full_mask_weight":5419182,"regional_weight":16546,"full_mask_regional_share":98.74289858576091},{"side":"right","role":"uploaders","mode":"without-hosting","world_weight":4505872,"full_mask_weight":10172,"full_mask_share":0.2257498659526946,"outside_full_mask_weight":4495700,"regional_weight":10380,"full_mask_regional_share":97.9961464354528}]},"features":[{"type":"Feature","properties":{"h3":"852e0167fffffff","countries":["JPN"],"common_intervals":0,"left_observed_intervals":0,"right_observed_intervals":1,"full_window_comparable":false,"expected_intervals":20,"downloaders_all_delta_pp":null,"downloaders_all_observed_common_delta_pp":null,"downloaders_all_left_share":null,"downloaders_all_right_share":null,"downloaders_without-hosting_delta_pp":null,"downloaders_without-hosting_observed_common_delta_pp":null,"downloaders_without-hosting_left_share":null,"downloaders_without-hosting_right_share":null,"uploaders_all_delta_pp":null,"uploaders_all_observed_common_delta_pp":null,"uploaders_all_left_share":null,"uploaders_all_right_share":null,"uploaders_without-hosting_delta_pp":null,"uploaders_without-hosting_observed_common_delta_pp":null,"uploaders_without-hosting_left_share":null,"uploaders_without-hosting_right_share":null},"geometry":{"type":"Polygon","coordinates":[[[141.98059662352458,39.5166760841068],[141.87615481031062,39.53974018608094],[141.84878551541038,39.62672990048396],[141.92600824376402,39.69077499172074],[142.03071134648255,39.66774977506033],[142.05792998119594,39.58064058127877],[141.98059662352458,39.5166760841068]]]}},{"type":"Feature","properties":{"h3":"852e0803fffffff","countries":["JPN"],"common_intervals":20,"left_observed_intervals":20,"right_observed_intervals":20,"full_window_comparable":true,"expected_intervals":20,"downloaders_all_delta_pp":0.00020826372409157414,"downloaders_all_observed_common_delta_pp":0.00020826372409157414,"downloaders_all_left_share":0.0016964996713370408,"downloaders_all_right_share":0.0014882359472454664,"downloaders_without-hosting_delta_pp":0.0002847315379379932,"downloaders_without-hosting_observed_common_delta_pp":0.0002847315379379932,"downloaders_without-hosting_left_share":0.002019344376215935,"downloaders_without-hosting_right_share":0.0017346128382779412,"uploaders_all_delta_pp":0.0002725356984161451,"uploaders_all_observed_common_delta_pp":0.0002725356984161451,"uploaders_all_left_share":0.0005131641112314652,"uploaders_all_right_share":0.00024062841281532018,"uploaders_without-hosting_delta_pp":0.00042436157781466504,"uploaders_without-hosting_observed_common_delta_pp":0.00042436157781466504,"uploaders_without-hosting_left_share":0.0007377204810945191,"uploaders_without-hosting_right_share":0.0003133589032798541},"geometry":{"type":"Polygon","coordinates":[[[140.19618746281313,39.65646740285806],[140.09309166942464,39.67763659944317],[140.06408076647043,39.76328739669027],[140.13830197931128,39.82789169043537],[140.24165781936532,39.806770061217684],[140.27053195254297,39.7209965542438],[140.19618746281313,39.65646740285806]]]}},{"type":"Feature","properties":{"h3":"852e083bfffffff","countries":["JPN"],"common_intervals":0,"left_observed_intervals":1,"right_observed_intervals":0,"full_window_comparable":false,"expected_intervals":20,"downloaders_all_delta_pp":null,"downloaders_all_observed_common_delta_pp":null,"downloaders_all_left_share":null,"downloaders_all_right_share":null,"downloaders_without-hosting_delta_pp":null,"downloaders_without-hosting_observed_common_delta_pp":null,"downloaders_without-hosting_left_share":null,"downloaders_without-hosting_right_share":null,"uploaders_all_delta_pp":null,"uploaders_all_observed_common_delta_pp":null,"uploaders_all_left_share":null,"uploaders_all_right_share":null,"uploaders_without-hosting_delta_pp":null,"uploaders_without-hosting_observed_common_delta_pp":null,"uploaders_without-hosting_left_share":null,"uploaders_without-hosting_right_share":null},"geometry":{"type":"Polygon","coordinates":[[[139.88709086454836,39.71962419386019],[139.7841870652289,39.74044294000985],[139.75488329707557,39.82584544518861],[139.82861736185353,39.89055232803018],[139.931781139309,39.86978264811154],[139.9609504267196,39.784256999935714],[139.88709086454836,39.71962419386019]]]}},{"type":"Feature","properties":{"h3":"852e084bfffffff","countries":["JPN"],"common_intervals":6,"left_observed_intervals":9,"right_observed_intervals":12,"full_window_comparable":false,"expected_intervals":20,"downloaders_all_delta_pp":null,"downloaders_all_observed_common_delta_pp":9.134873967105154e-06,"downloaders_all_left_share":null,"downloaders_all_right_share":null,"downloaders_without-hosting_delta_pp":null,"downloaders_without-hosting_observed_common_delta_pp":1.5031630987439846e-05,"downloaders_without-hosting_left_share":null,"downloaders_without-hosting_right_share":null,"uploaders_all_delta_pp":null,"uploaders_all_observed_common_delta_pp":0.0,"uploaders_all_left_share":null,"uploaders_all_right_share":null,"uploaders_without-hosting_delta_pp":null,"uploaders_without-hosting_observed_common_delta_pp":0.0,"uploaders_without-hosting_left_share":null,"uploaders_without-hosting_right_share":null},"geometry":{"type":"Polygon","coordinates":[[[140.5124233369007,40.150979681084635],[140.4083182117239,40.172161333220984],[140.37938058093667,40.25792365788815],[140.45468892793878,40.32262586855863],[140.55905826796615,40.301490619635146],[140.58785458794878,40.215606744950676],[140.5124233369007,40.150979681084635]]]}},{"type":"Feature","properties":{"h3":"852e086bfffffff","countries":["JPN"],"common_intervals":5,"left_observed_intervals":10,"right_observed_intervals":10,"full_window_comparable":false,"expected_intervals":20,"downloaders_all_delta_pp":null,"downloaders_all_observed_common_delta_pp":3.0317108969902693e-05,"downloaders_all_left_share":null,"downloaders_all_right_share":null,"downloaders_without-hosting_delta_pp":null,"downloaders_without-hosting_observed_common_delta_pp":4.082590224904018e-05,"downloaders_without-hosting_left_share":null,"downloaders_without-hosting_right_share":null,"uploaders_all_delta_pp":null,"uploaders_all_observed_common_delta_pp":0.00015963093328225144,"uploaders_all_left_share":null,"uploaders_all_right_share":null,"uploaders_without-hosting_delta_pp":null,"uploaders_without-hosting_observed_common_delta_pp":0.00022227655649158682,"uploaders_without-hosting_left_share":null,"uploaders_without-hosting_right_share":null},"geometry":{"type":"Polygon","coordinates":[[[140.021805353656,40.170225690647854],[139.91811805154703,40.190897555436344],[139.8887426472089,40.27628791266798],[139.9631914156688,40.34112874569196],[140.06714227867283,40.320505618815325],[140.09638035588372,40.23499290474939],[140.021805353656,40.170225690647854]]]}},{"type":"Feature","properties":{"h3":"852e0893fffffff","countries":["JPN"],"common_intervals":0,"left_observed_intervals":7,"right_observed_intervals":5,"full_window_comparable":false,"expected_intervals":20,"downloaders_all_delta_pp":null,"downloaders_all_observed_common_delta_pp":null,"downloaders_all_left_share":null,"downloaders_all_right_share":null,"downloaders_without-hosting_delta_pp":null,"downloaders_without-hosting_observed_common_delta_pp":null,"downloaders_without-hosting_left_share":null,"downloaders_without-hosting_right_share":null,"uploaders_all_delta_pp":null,"uploaders_all_observed_common_delta_pp":null,"uploaders_all_left_share":null,"uploaders_all_right_share":null,"uploaders_without-hosting_delta_pp":null,"uploaders_without-hosting_observed_common_delta_pp":null,"uploaders_without-hosting_left_share":null,"uploaders_without-hosting_right_share":null},"geometry":{"type":"Polygon","coordinates":[[[140.54525016800605,39.183676765646005],[140.442521770677,39.20548820417611],[140.41400534645948,39.2915074017783],[140.4883546610705,39.35583780924137],[140.5913402241779,39.334071925273335],[140.61971886691745,39.24793006405205],[140.54525016800605,39.183676765646005]]]}},{"type":"Feature","properties":{"h3":"852e089bfffffff","countries":["JPN"],"common_intervals":4,"left_observed_intervals":6,"right_observed_intervals":9,"full_window_comparable":false,"expected_intervals":20,"downloaders_all_delta_pp":null,"downloaders_all_observed_common_delta_pp":1.5465409901787133e-05,"downloaders_all_left_share":null,"downloaders_all_right_share":null,"downloaders_without-hosting_delta_pp":null,"downloaders_without-hosting_observed_common_delta_pp":2.2532058437708537e-05,"downloaders_without-hosting_left_share":null,"downloaders_without-hosting_right_share":null,"uploaders_all_delta_pp":null,"uploaders_all_observed_common_delta_pp":0.0,"uploaders_all_left_share":null,"uploaders_all_right_share":null,"uploaders_without-hosting_delta_pp":null,"uploaders_without-hosting_observed_common_delta_pp":0.0,"uploaders_without-hosting_left_share":null,"uploaders_without-hosting_right_share":null},"geometry":{"type":"Polygon","coordinates":[[[140.5913402241779,39.334071925273335],[140.4883546610705,39.35583780924137],[140.4598181548439,39.44185835144724],[140.53440550349495,39.506235402215516],[140.63764938577305,39.4845149722395],[140.66604715728843,39.398372023251135],[140.5913402241779,39.334071925273335]]]}},{"type":"Feature","properties":{"h3":"852e08bbfffffff","countries":["JPN"],"common_intervals":1,"left_observed_intervals":6,"right_observed_intervals":3,"full_window_comparable":false,"expected_intervals":20,"downloaders_all_delta_pp":null,"downloaders_all_observed_common_delta_pp":-0.00010301258056401236,"downloaders_all_left_share":null,"downloaders_all_right_share":null,"downloaders_without-hosting_delta_pp":null,"downloaders_without-hosting_observed_common_delta_pp":-0.000123449128061236,"downloaders_without-hosting_left_share":null,"downloaders_without-hosting_right_share":null,"uploaders_all_delta_pp":null,"uploaders_all_observed_common_delta_pp":0.0,"uploaders_all_left_share":null,"uploaders_all_right_share":null,"uploaders_without-hosting_delta_pp":null,"uploaders_without-hosting_observed_common_delta_pp":0.0,"uploaders_without-hosting_left_share":null,"uploaders_without-hosting_right_share":null},"geometry":{"type":"Polygon","coordinates":[[[140.10589361093253,39.355998926904725],[140.00331439664063,39.377263560600305],[139.97434851848564,39.46291571928246],[140.04809629989245,39.52742644799784],[140.1509332203434,39.50620958144369],[140.1797642118985,39.42043420045226],[140.10589361093253,39.355998926904725]]]}},{"type":"Feature","properties":{"h3":"852e0a03fffffff","countries":["JPN"],"common_intervals":2,"left_observed_intervals":7,"right_observed_intervals":6,"full_window_comparable":false,"expected_intervals":20,"downloaders_all_delta_pp":null,"downloaders_all_observed_common_delta_pp":6.357824254279446e-05,"downloaders_all_left_share":null,"downloaders_all_right_share":null,"downloaders_without-hosting_delta_pp":null,"downloaders_without-hosting_observed_common_delta_pp":8.062621923269016e-05,"downloaders_without-hosting_left_share":null,"downloaders_without-hosting_right_share":null,"uploaders_all_delta_pp":null,"uploaders_all_observed_common_delta_pp":0.0,"uploaders_all_left_share":null,"uploaders_all_right_share":null,"uploaders_without-hosting_delta_pp":null,"uploaders_without-hosting_observed_common_delta_pp":0.0,"uploaders_without-hosting_left_share":null,"uploaders_without-hosting_right_share":null},"geometry":{"type":"Polygon","coordinates":[[[140.51910295861566,40.7093962775228],[140.4141617955197,40.730234964849714],[140.38499827323497,40.81584592570154],[140.46091907538852,40.880739000516705],[140.56612869956382,40.8599470079171],[140.59514859122436,40.774215236154],[140.51910295861566,40.7093962775228]]]}},{"type":"Feature","properties":{"h3":"852e0a13fffffff","countries":["JPN"],"common_intervals":0,"left_observed_intervals":0,"right_observed_intervals":1,"full_window_comparable":false,"expected_intervals":20,"downloaders_all_delta_pp":null,"downloaders_all_observed_common_delta_pp":null,"downloaders_all_left_share":null,"downloaders_all_right_share":null,"downloaders_without-hosting_delta_pp":null,"downloaders_without-hosting_observed_common_delta_pp":null,"downloaders_without-hosting_left_share":null,"downloaders_without-hosting_right_share":null,"uploaders_all_delta_pp":null,"uploaders_all_observed_common_delta_pp":null,"uploaders_all_left_share":null,"uploaders_all_right_share":null,"uploaders_without-hosting_delta_pp":null,"uploaders_without-hosting_observed_common_delta_pp":null,"uploaders_without-hosting_left_share":null,"uploaders_without-hosting_right_share":null},"geometry":{"type":"Polygon","coordinates":[[[140.65300393515176,40.602612354451225],[140.54810255241432,40.6236551908848],[140.51910295861566,40.7093962775228],[140.59514859122436,40.774215236154],[140.7003178161142,40.75321839779298],[140.72917309858664,40.66735659391154],[140.65300393515176,40.602612354451225]]]}},{"type":"Feature","properties":{"h3":"852e0a17fffffff","countries":["JPN"],"common_intervals":20,"left_observed_intervals":20,"right_observed_intervals":20,"full_window_comparable":true,"expected_intervals":20,"downloaders_all_delta_pp":0.00011760715010840125,"downloaders_all_observed_common_delta_pp":0.00011760715010840125,"downloaders_all_left_share":0.0006196057853443826,"downloaders_all_right_share":0.0005019986352359812,"downloaders_without-hosting_delta_pp":0.0001505055545430647,"downloaders_without-hosting_observed_common_delta_pp":0.0001505055545430647,"downloaders_without-hosting_left_share":0.0007369901192568592,"downloaders_without-hosting_right_share":0.0005864845647137946,"uploaders_all_delta_pp":0.00011641139962564209,"uploaders_all_observed_common_delta_pp":0.00011641139962564209,"uploaders_all_left_share":0.00012288446133204472,"uploaders_all_right_share":6.473061706402635e-06,"uploaders_without-hosting_delta_pp":0.00015465911600975359,"uploaders_without-hosting_observed_common_delta_pp":0.00015465911600975359,"uploaders_without-hosting_left_share":0.00016190681631444688,"uploaders_without-hosting_right_share":7.2477003046933205e-06},"geometry":{"type":"Polygon","coordinates":[[[140.47230407327635,40.55887389412261],[140.36763014763923,40.579759417580426],[140.33848792975775,40.665379412316554],[140.4141617955197,40.730234964849714],[140.51910295861566,40.7093962775228],[140.54810255241432,40.6236551908848],[140.47230407327635,40.55887389412261]]]}},{"type":"Feature","properties":{"h3":"852e0a1bfffffff","countries":["JPN"],"common_intervals":20,"left_observed_intervals":20,"right_observed_intervals":20,"full_window_comparable":true,"expected_intervals":20,"downloaders_all_delta_pp":1.130879335659447e-06,"downloaders_all_observed_common_delta_pp":1.130879335659447e-06,"downloaders_all_left_share":0.0013219094333277157,"downloaders_all_right_share":0.0013207785539920565,"downloaders_without-hosting_delta_pp":2.7381417907660125e-05,"downloaders_without-hosting_observed_common_delta_pp":2.7381417907660125e-05,"downloaders_without-hosting_left_share":0.0015708841392313665,"downloaders_without-hosting_right_share":0.0015435027213237065,"uploaders_all_delta_pp":-2.8981717886968884e-05,"uploaders_all_observed_common_delta_pp":-2.8981717886968884e-05,"uploaders_all_left_share":0.000199951262951373,"uploaders_all_right_share":0.00022893298083834188,"uploaders_without-hosting_delta_pp":-7.95373567794909e-06,"uploaders_without-hosting_observed_common_delta_pp":-7.95373567794909e-06,"uploaders_without-hosting_left_share":0.00029386630260650945,"uploaders_without-hosting_right_share":0.00030182003828445856},"geometry":{"type":"Polygon","coordinates":[[[140.7003178161142,40.75321839779298],[140.59514859122436,40.774215236154],[140.56612869956382,40.8599470079171],[140.64242289141404,40.924802366766514],[140.74786118192307,40.90385138018221],[140.77673574410161,40.817999175190515],[140.7003178161142,40.75321839779298]]]}},{"type":"Feature","properties":{"h3":"852e0a8ffffffff","countries":["JPN"],"common_intervals":0,"left_observed_intervals":0,"right_observed_intervals":1,"full_window_comparable":false,"expected_intervals":20,"downloaders_all_delta_pp":null,"downloaders_all_observed_common_delta_pp":null,"downloaders_all_left_share":null,"downloaders_all_right_share":null,"downloaders_without-hosting_delta_pp":null,"downloaders_without-hosting_observed_common_delta_pp":null,"downloaders_without-hosting_left_share":null,"downloaders_without-hosting_right_share":null,"uploaders_all_delta_pp":null,"uploaders_all_observed_common_delta_pp":null,"uploaders_all_left_share":null,"uploaders_all_right_share":null,"uploaders_without-hosting_delta_pp":null,"uploaders_without-hosting_observed_common_delta_pp":null,"uploaders_without-hosting_left_share":null,"uploaders_without-hosting_right_share":null},"geometry":{"type":"Polygon","coordinates":[[[140.60591794556524,40.45203563526453],[140.50128318872584,40.47312461042416],[140.47230407327635,40.55887389412261],[140.54810255241432,40.6236551908848],[140.65300393515176,40.602612354451225],[140.68183974837655,40.516742072684835],[140.60591794556524,40.45203563526453]]]}},{"type":"Feature","properties":{"h3":"852e0c03fffffff","countries":["JPN"],"common_intervals":3,"left_observed_intervals":6,"right_observed_intervals":7,"full_window_comparable":false,"expected_intervals":20,"downloaders_all_delta_pp":null,"downloaders_all_observed_common_delta_pp":5.036754795071766e-05,"downloaders_all_left_share":null,"downloaders_all_right_share":null,"downloaders_without-hosting_delta_pp":null,"downloaders_without-hosting_observed_common_delta_pp":6.20629200311072e-05,"downloaders_without-hosting_left_share":null,"downloaders_without-hosting_right_share":null,"uploaders_all_delta_pp":null,"uploaders_all_observed_common_delta_pp":0.0,"uploaders_all_left_share":null,"uploaders_all_right_share":null,"uploaders_without-hosting_delta_pp":null,"uploaders_without-hosting_observed_common_delta_pp":0.0,"uploaders_without-hosting_left_share":null,"uploaders_without-hosting_right_share":null},"geometry":{"type":"Polygon","coordinates":[[[141.11545136751485,38.89974517551455],[141.01262792737077,38.922301338333284],[140.9847220004356,39.00880124967454],[141.0597803231305,39.07286691299334],[141.16285968970715,39.05035334856423],[141.19062437042678,38.96373151142586],[141.11545136751485,38.89974517551455]]]}},{"type":"Feature","properties":{"h3":"852e0c0bfffffff","countries":["JPN"],"common_intervals":17,"left_observed_intervals":19,"right_observed_intervals":17,"full_window_comparable":false,"expected_intervals":20,"downloaders_all_delta_pp":null,"downloaders_all_observed_common_delta_pp":7.164070629978035e-05,"downloaders_all_left_share":null,"downloaders_all_right_share":null,"downloaders_without-hosting_delta_pp":null,"downloaders_without-hosting_observed_common_delta_pp":9.021397365404881e-05,"downloaders_without-hosting_left_share":null,"downloaders_without-hosting_right_share":null,"uploaders_all_delta_pp":null,"uploaders_all_observed_common_delta_pp":0.0008410573893817482,"uploaders_all_left_share":null,"uploaders_all_right_share":null,"uploaders_without-hosting_delta_pp":null,"uploaders_without-hosting_observed_common_delta_pp":0.0012618010817061597,"uploaders_without-hosting_left_share":null,"uploaders_without-hosting_right_share":null},"geometry":{"type":"Polygon","coordinates":[[[141.16285968970715,39.05035334856423],[141.0597803231305,39.07286691299334],[141.03185760481117,39.15937052154431],[141.10715603013165,39.223482222623964],[141.21049245525572,39.2010111533566],[141.23827295689344,39.11438587783494],[141.16285968970715,39.05035334856423]]]}},{"type":"Feature","properties":{"h3":"852e0c2ffffffff","countries":["JPN"],"common_intervals":0,"left_observed_intervals":1,"right_observed_intervals":0,"full_window_comparable":false,"expected_intervals":20,"downloaders_all_delta_pp":null,"downloaders_all_observed_common_delta_pp":null,"downloaders_all_left_share":null,"downloaders_all_right_share":null,"downloaders_without-hosting_delta_pp":null,"downloaders_without-hosting_observed_common_delta_pp":null,"downloaders_without-hosting_left_share":null,"downloaders_without-hosting_right_share":null,"uploaders_all_delta_pp":null,"uploaders_all_observed_common_delta_pp":null,"uploaders_all_left_share":null,"uploaders_all_right_share":null,"uploaders_without-hosting_delta_pp":null,"uploaders_without-hosting_observed_common_delta_pp":null,"uploaders_without-hosting_left_share":null,"uploaders_without-hosting_right_share":null},"geometry":{"type":"Polygon","coordinates":[[[140.49937772515503,39.033331837046596],[140.39690534690607,39.05518892531576],[140.36840916990474,39.14120565849822],[140.442521770677,39.20548820417611],[140.54525016800605,39.183676765646005],[140.57360950844378,39.097537115502945],[140.49937772515503,39.033331837046596]]]}},{"type":"Feature","properties":{"h3":"852e0c47fffffff","countries":["JPN"],"common_intervals":6,"left_observed_intervals":10,"right_observed_intervals":10,"full_window_comparable":false,"expected_intervals":20,"downloaders_all_delta_pp":null,"downloaders_all_observed_common_delta_pp":5.904429711064862e-05,"downloaders_all_left_share":null,"downloaders_all_right_share":null,"downloaders_without-hosting_delta_pp":null,"downloaders_without-hosting_observed_common_delta_pp":7.463601547593716e-05,"downloaders_without-hosting_left_share":null,"downloaders_without-hosting_right_share":null,"uploaders_all_delta_pp":null,"uploaders_all_observed_common_delta_pp":4.7829360148385804e-05,"uploaders_all_left_share":null,"uploaders_all_right_share":null,"uploaders_without-hosting_delta_pp":null,"uploaders_without-hosting_observed_common_delta_pp":5.839388779497672e-05,"uploaders_without-hosting_left_share":null,"uploaders_without-hosting_right_share":null},"geometry":{"type":"Polygon","coordinates":[[[141.21049245525572,39.2010111533566],[141.10715603013165,39.223482222623964],[141.07921671259962,39.309988396436076],[141.15475657328065,39.374144896552984],[141.25835119549046,39.351716213820616],[141.28614731740439,39.26508863541976],[141.21049245525572,39.2010111533566]]]}},{"type":"Feature","properties":{"h3":"852e0c7bfffffff","countries":["JPN"],"common_intervals":2,"left_observed_intervals":7,"right_observed_intervals":10,"full_window_comparable":false,"expected_intervals":20,"downloaders_all_delta_pp":null,"downloaders_all_observed_common_delta_pp":-2.1037871110516263e-05,"downloaders_all_left_share":null,"downloaders_all_right_share":null,"downloaders_without-hosting_delta_pp":null,"downloaders_without-hosting_observed_common_delta_pp":-2.1860576376683046e-05,"downloaders_without-hosting_left_share":null,"downloaders_without-hosting_right_share":null,"uploaders_all_delta_pp":null,"uploaders_all_observed_common_delta_pp":0.0,"uploaders_all_left_share":null,"uploaders_all_right_share":null,"uploaders_without-hosting_delta_pp":null,"uploaders_without-hosting_observed_common_delta_pp":0.0,"uploaders_without-hosting_left_share":null,"uploaders_without-hosting_right_share":null},"geometry":{"type":"Polygon","coordinates":[[[141.07921671259962,39.309988396436076],[140.97583693019104,39.33226106322412],[140.94773863380874,39.41864713698756],[141.02316225085917,39.482882066509326],[141.12680085208535,39.46065250270041],[141.15475657328065,39.374144896552984],[141.07921671259962,39.309988396436076]]]}},{"type":"Feature","properties":{"h3":"852e0c87fffffff","countries":["JPN"],"common_intervals":0,"left_observed_intervals":1,"right_observed_intervals":0,"full_window_comparable":false,"expected_intervals":20,"downloaders_all_delta_pp":null,"downloaders_all_observed_common_delta_pp":null,"downloaders_all_left_share":null,"downloaders_all_right_share":null,"downloaders_without-hosting_delta_pp":null,"downloaders_without-hosting_observed_common_delta_pp":null,"downloaders_without-hosting_left_share":null,"downloaders_without-hosting_right_share":null,"uploaders_all_delta_pp":null,"uploaders_all_observed_common_delta_pp":null,"uploaders_all_left_share":null,"uploaders_all_right_share":null,"uploaders_without-hosting_delta_pp":null,"uploaders_without-hosting_observed_common_delta_pp":null,"uploaders_without-hosting_left_share":null,"uploaders_without-hosting_right_share":null},"geometry":{"type":"Polygon","coordinates":[[[141.15129101173682,38.489245718982865],[141.04901804160713,38.51208247115286],[141.021301993585,38.59868719112208],[141.0959984210866,38.662577444590674],[141.19852447285467,38.63978275944799],[141.22610058602376,38.553055741680396],[141.15129101173682,38.489245718982865]]]}},{"type":"Feature","properties":{"h3":"852e0c8ffffffff","countries":["JPN"],"common_intervals":8,"left_observed_intervals":8,"right_observed_intervals":12,"full_window_comparable":false,"expected_intervals":20,"downloaders_all_delta_pp":null,"downloaders_all_observed_common_delta_pp":-2.0490643606851328e-05,"downloaders_all_left_share":null,"downloaders_all_right_share":null,"downloaders_without-hosting_delta_pp":null,"downloaders_without-hosting_observed_common_delta_pp":-2.0635310226281575e-05,"downloaders_without-hosting_left_share":null,"downloaders_without-hosting_right_share":null,"uploaders_all_delta_pp":null,"uploaders_all_observed_common_delta_pp":0.0,"uploaders_all_left_share":null,"uploaders_all_right_share":null,"uploaders_without-hosting_delta_pp":null,"uploaders_without-hosting_observed_common_delta_pp":0.0,"uploaders_without-hosting_left_share":null,"uploaders_without-hosting_right_share":null},"geometry":{"type":"Polygon","coordinates":[[[141.19852447285467,38.63978275944799],[141.0959984210866,38.662577444590674],[141.06826597051668,38.749189002751635],[141.1432000300898,38.81312791121341],[141.24598027595033,38.79037520123638],[141.27357183586417,38.7036415964746],[141.19852447285467,38.63978275944799]]]}},{"type":"Feature","properties":{"h3":"852e0c97fffffff","countries":["JPN"],"common_intervals":20,"left_observed_intervals":20,"right_observed_intervals":20,"full_window_comparable":true,"expected_intervals":20,"downloaders_all_delta_pp":9.923176161109747e-05,"downloaders_all_observed_common_delta_pp":9.923176161109747e-05,"downloaders_all_left_share":0.0006335146819023101,"downloaders_all_right_share":0.0005342829202912127,"downloaders_without-hosting_delta_pp":0.00012849728930451645,"downloaders_without-hosting_observed_common_delta_pp":0.00012849728930451645,"downloaders_without-hosting_left_share":0.0007525955764071155,"downloaders_without-hosting_right_share":0.0006240982871025993,"uploaders_all_delta_pp":-3.1357202435827485e-05,"uploaders_all_observed_common_delta_pp":-3.1357202435827485e-05,"uploaders_all_left_share":0.0,"uploaders_all_right_share":3.1357202435827485e-05,"uploaders_without-hosting_delta_pp":-4.137976694915254e-05,"uploaders_without-hosting_observed_common_delta_pp":-4.137976694915254e-05,"uploaders_without-hosting_left_share":0.0,"uploaders_without-hosting_right_share":4.137976694915254e-05},"geometry":{"type":"Polygon","coordinates":[[[141.28108142400828,38.37949500276822],[141.17885148268067,38.402526422574844],[141.15129101173682,38.489245718982865],[141.22610058602376,38.553055741680396],[141.32858300335232,38.53006566463068],[141.35600294251114,38.44322421082443],[141.28108142400828,38.37949500276822]]]}},{"type":"Feature","properties":{"h3":"852e0cb3fffffff","countries":["JPN"],"common_intervals":16,"left_observed_intervals":18,"right_observed_intervals":18,"full_window_comparable":false,"expected_intervals":20,"downloaders_all_delta_pp":null,"downloaders_all_observed_common_delta_pp":4.237384504004088e-05,"downloaders_all_left_share":null,"downloaders_all_right_share":null,"downloaders_without-hosting_delta_pp":null,"downloaders_without-hosting_observed_common_delta_pp":5.5150288550734276e-05,"downloaders_without-hosting_left_share":null,"downloaders_without-hosting_right_share":null,"uploaders_all_delta_pp":null,"uploaders_all_observed_common_delta_pp":-3.462603878116344e-05,"uploaders_all_left_share":null,"uploaders_all_right_share":null,"uploaders_without-hosting_delta_pp":null,"uploaders_without-hosting_observed_common_delta_pp":-4.45229631634812e-05,"uploaders_without-hosting_left_share":null,"uploaders_without-hosting_right_share":null},"geometry":{"type":"Polygon","coordinates":[[[140.9745579444947,38.448242093605515],[140.87249555465576,38.47092661743273],[140.84464112185103,38.55740865673365],[140.91898703547608,38.62132883896153],[141.021301993585,38.59868719112208],[141.04901804160713,38.51208247115286],[140.9745579444947,38.448242093605515]]]}},{"type":"Feature","properties":{"h3":"852e0cc3fffffff","countries":["JPN"],"common_intervals":0,"left_observed_intervals":0,"right_observed_intervals":1,"full_window_comparable":false,"expected_intervals":20,"downloaders_all_delta_pp":null,"downloaders_all_observed_common_delta_pp":null,"downloaders_all_left_share":null,"downloaders_all_right_share":null,"downloaders_without-hosting_delta_pp":null,"downloaders_without-hosting_observed_common_delta_pp":null,"downloaders_without-hosting_left_share":null,"downloaders_without-hosting_right_share":null,"uploaders_all_delta_pp":null,"uploaders_all_observed_common_delta_pp":null,"uploaders_all_left_share":null,"uploaders_all_right_share":null,"uploaders_without-hosting_delta_pp":null,"uploaders_without-hosting_observed_common_delta_pp":null,"uploaders_without-hosting_left_share":null,"uploaders_without-hosting_right_share":null},"geometry":{"type":"Polygon","coordinates":[[[141.6030966392253,38.87218264337183],[141.49989668784033,38.89524638336595],[141.47243330997094,38.98210683357674],[141.54831445555578,39.046024525397684],[141.6517707021667,39.02300100735058],[141.679089070463,38.93601956900653],[141.6030966392253,38.87218264337183]]]}},{"type":"Feature","properties":{"h3":"852e0d03fffffff","countries":["JPN"],"common_intervals":9,"left_observed_intervals":15,"right_observed_intervals":12,"full_window_comparable":false,"expected_intervals":20,"downloaders_all_delta_pp":null,"downloaders_all_observed_common_delta_pp":4.1923082365455505e-05,"downloaders_all_left_share":null,"downloaders_all_right_share":null,"downloaders_without-hosting_delta_pp":null,"downloaders_without-hosting_observed_common_delta_pp":5.4537329801319483e-05,"downloaders_without-hosting_left_share":null,"downloaders_without-hosting_right_share":null,"uploaders_all_delta_pp":null,"uploaders_all_observed_common_delta_pp":0.0,"uploaders_all_left_share":null,"uploaders_all_right_share":null,"uploaders_without-hosting_delta_pp":null,"uploaders_without-hosting_observed_common_delta_pp":0.0,"uploaders_without-hosting_left_share":null,"uploaders_without-hosting_right_share":null},"geometry":{"type":"Polygon","coordinates":[[[139.88386412323217,38.605734208641685],[139.78255617822433,38.627238947712385],[139.75370537627057,38.71287508125358],[139.8262924140004,38.777130895596564],[139.92785233398527,38.75567432914633],[139.9565728146201,38.66991375245069],[139.88386412323217,38.605734208641685]]]}},{"type":"Feature","properties":{"h3":"852e0d73fffffff","countries":["JPN"],"common_intervals":5,"left_observed_intervals":9,"right_observed_intervals":10,"full_window_comparable":false,"expected_intervals":20,"downloaders_all_delta_pp":null,"downloaders_all_observed_common_delta_pp":3.4467789566401296e-06,"downloaders_all_left_share":null,"downloaders_all_right_share":null,"downloaders_without-hosting_delta_pp":null,"downloaders_without-hosting_observed_common_delta_pp":6.296351568763e-06,"downloaders_without-hosting_left_share":null,"downloaders_without-hosting_right_share":null,"uploaders_all_delta_pp":null,"uploaders_all_observed_common_delta_pp":0.0,"uploaders_all_left_share":null,"uploaders_all_right_share":null,"uploaders_without-hosting_delta_pp":null,"uploaders_without-hosting_observed_common_delta_pp":0.0,"uploaders_without-hosting_left_share":null,"uploaders_without-hosting_right_share":null},"geometry":{"type":"Polygon","coordinates":[[[139.79741832090713,38.86277245059759],[139.6958270927271,38.88403363077223],[139.6667992797637,38.969555201400425],[139.7394928280221,39.03393986745314],[139.84133768758616,39.012727492179984],[139.8702349366745,38.92708162281403],[139.79741832090713,38.86277245059759]]]}},{"type":"Feature","properties":{"h3":"852e0d97fffffff","countries":["JPN"],"common_intervals":1,"left_observed_intervals":4,"right_observed_intervals":3,"full_window_comparable":false,"expected_intervals":20,"downloaders_all_delta_pp":null,"downloaders_all_observed_common_delta_pp":1.9287740691107305e-05,"downloaders_all_left_share":null,"downloaders_all_right_share":null,"downloaders_without-hosting_delta_pp":null,"downloaders_without-hosting_observed_common_delta_pp":2.5404879639209023e-05,"downloaders_without-hosting_left_share":null,"downloaders_without-hosting_right_share":null,"uploaders_all_delta_pp":null,"uploaders_all_observed_common_delta_pp":0.0,"uploaders_all_left_share":null,"uploaders_all_right_share":null,"uploaders_without-hosting_delta_pp":null,"uploaders_without-hosting_observed_common_delta_pp":0.0,"uploaders_without-hosting_left_share":null,"uploaders_without-hosting_right_share":null},"geometry":{"type":"Polygon","coordinates":[[[140.0551792737878,38.09066616899644],[139.95443458380998,38.1126528820041],[139.92593336756278,38.198506673634846],[139.9983062454526,38.26249842993712],[140.09929963562365,38.24055859735271],[140.1276710293215,38.15458010451015],[140.0551792737878,38.09066616899644]]]}},{"type":"Feature","properties":{"h3":"852e0d9bfffffff","countries":["JPN"],"common_intervals":5,"left_observed_intervals":12,"right_observed_intervals":6,"full_window_comparable":false,"expected_intervals":20,"downloaders_all_delta_pp":null,"downloaders_all_observed_common_delta_pp":7.797046336643169e-05,"downloaders_all_left_share":null,"downloaders_all_right_share":null,"downloaders_without-hosting_delta_pp":null,"downloaders_without-hosting_observed_common_delta_pp":9.747625809324015e-05,"downloaders_without-hosting_left_share":null,"downloaders_without-hosting_right_share":null,"uploaders_all_delta_pp":null,"uploaders_all_observed_common_delta_pp":-2.589224682561054e-05,"uploaders_all_left_share":null,"uploaders_all_right_share":null,"uploaders_without-hosting_delta_pp":null,"uploaders_without-hosting_observed_common_delta_pp":-2.8990801218773282e-05,"uploaders_without-hosting_left_share":null,"uploaders_without-hosting_right_share":null},"geometry":{"type":"Polygon","coordinates":[[[140.2732283855785,38.282442165133546],[140.17201913372574,38.30452874314893],[140.1436265646821,38.39051639507845],[140.2165750586142,38.454541578359354],[140.31803469505604,38.43250104615178],[140.34629503029794,38.34638926394423],[140.2732283855785,38.282442165133546]]]}},{"type":"Feature","properties":{"h3":"852e0db7fffffff","countries":["JPN"],"common_intervals":0,"left_observed_intervals":0,"right_observed_intervals":1,"full_window_comparable":false,"expected_intervals":20,"downloaders_all_delta_pp":null,"downloaders_all_observed_common_delta_pp":null,"downloaders_all_left_share":null,"downloaders_all_right_share":null,"downloaders_without-hosting_delta_pp":null,"downloaders_without-hosting_observed_common_delta_pp":null,"downloaders_without-hosting_left_share":null,"downloaders_without-hosting_right_share":null,"uploaders_all_delta_pp":null,"uploaders_all_observed_common_delta_pp":null,"uploaders_all_left_share":null,"uploaders_all_right_share":null,"uploaders_without-hosting_delta_pp":null,"uploaders_without-hosting_observed_common_delta_pp":null,"uploaders_without-hosting_left_share":null,"uploaders_without-hosting_right_share":null},"geometry":{"type":"Polygon","coordinates":[[[139.58088997312993,38.11390784251381],[139.48054995320035,38.135414008836435],[139.45164363929916,38.220901797128484],[139.52320309784318,38.28500884287794],[139.62379112193597,38.26355178464126],[139.65257126681638,38.177938544897685],[139.58088997312993,38.11390784251381]]]}},{"type":"Feature","properties":{"h3":"852e0dc3fffffff","countries":["JPN"],"common_intervals":0,"left_observed_intervals":1,"right_observed_intervals":1,"full_window_comparable":false,"expected_intervals":20,"downloaders_all_delta_pp":null,"downloaders_all_observed_common_delta_pp":null,"downloaders_all_left_share":null,"downloaders_all_right_share":null,"downloaders_without-hosting_delta_pp":null,"downloaders_without-hosting_observed_common_delta_pp":null,"downloaders_without-hosting_left_share":null,"downloaders_without-hosting_right_share":null,"uploaders_all_delta_pp":null,"uploaders_all_observed_common_delta_pp":null,"uploaders_all_left_share":null,"uploaders_all_right_share":null,"uploaders_without-hosting_delta_pp":null,"uploaders_without-hosting_observed_common_delta_pp":null,"uploaders_without-hosting_left_share":null,"uploaders_without-hosting_right_share":null},"geometry":{"type":"Polygon","coordinates":[[[140.36305134881783,38.58262176314087],[140.26134021395492,38.60461631821723],[140.23290573926818,38.69061894963301],[140.30631602196752,38.75475066265868],[140.4082797755766,38.73280201080029],[140.4365801993841,38.64667572364806],[140.36305134881783,38.58262176314087]]]}},{"type":"Feature","properties":{"h3":"852e0dcffffffff","countries":["JPN"],"common_intervals":0,"left_observed_intervals":1,"right_observed_intervals":1,"full_window_comparable":false,"expected_intervals":20,"downloaders_all_delta_pp":null,"downloaders_all_observed_common_delta_pp":null,"downloaders_all_left_share":null,"downloaders_all_right_share":null,"downloaders_without-hosting_delta_pp":null,"downloaders_without-hosting_observed_common_delta_pp":null,"downloaders_without-hosting_left_share":null,"downloaders_without-hosting_right_share":null,"uploaders_all_delta_pp":null,"uploaders_all_observed_common_delta_pp":null,"uploaders_all_left_share":null,"uploaders_all_right_share":null,"uploaders_without-hosting_delta_pp":null,"uploaders_without-hosting_observed_common_delta_pp":null,"uploaders_without-hosting_left_share":null,"uploaders_without-hosting_right_share":null},"geometry":{"type":"Polygon","coordinates":[[[140.23290573926818,38.69061894963301],[140.13115957970754,38.71241851495251],[140.10257096474837,38.7983031994516],[140.17586149534364,38.8625120632366],[140.27786082274375,38.84075911161025],[140.30631602196752,38.75475066265868],[140.23290573926818,38.69061894963301]]]}},{"type":"Feature","properties":{"h3":"852e0dd3fffffff","countries":["JPN"],"common_intervals":0,"left_observed_intervals":1,"right_observed_intervals":0,"full_window_comparable":false,"expected_intervals":20,"downloaders_all_delta_pp":null,"downloaders_all_observed_common_delta_pp":null,"downloaders_all_left_share":null,"downloaders_all_right_share":null,"downloaders_without-hosting_delta_pp":null,"downloaders_without-hosting_observed_common_delta_pp":null,"downloaders_without-hosting_left_share":null,"downloaders_without-hosting_right_share":null,"uploaders_all_delta_pp":null,"uploaders_all_observed_common_delta_pp":null,"uploaders_all_left_share":null,"uploaders_all_right_share":null,"uploaders_without-hosting_delta_pp":null,"uploaders_without-hosting_observed_common_delta_pp":null,"uploaders_without-hosting_left_share":null,"uploaders_without-hosting_right_share":null},"geometry":{"type":"Polygon","coordinates":[[[140.49300686486453,38.47431301352256],[140.39133180741973,38.496502169704534],[140.36305134881783,38.58262176314087],[140.4365801993841,38.64667572364806],[140.53850732026578,38.62453175750321],[140.56665310019494,38.53828862256562],[140.49300686486453,38.47431301352256]]]}},{"type":"Feature","properties":{"h3":"852e0e4ffffffff","countries":["JPN"],"common_intervals":20,"left_observed_intervals":20,"right_observed_intervals":20,"full_window_comparable":true,"expected_intervals":20,"downloaders_all_delta_pp":2.9378067608245515e-05,"downloaders_all_observed_common_delta_pp":2.9378067608245515e-05,"downloaders_all_left_share":0.0008784200844864781,"downloaders_all_right_share":0.0008490420168782327,"downloaders_without-hosting_delta_pp":5.280069043131298e-05,"downloaders_without-hosting_observed_common_delta_pp":5.280069043131298e-05,"downloaders_without-hosting_left_share":0.001044739284562558,"downloaders_without-hosting_right_share":0.000991938594131245,"uploaders_all_delta_pp":0.00016112308667819454,"uploaders_all_observed_common_delta_pp":0.00016112308667819454,"uploaders_all_left_share":0.0001807660693387316,"uploaders_all_right_share":1.9642982660537067e-05,"uploaders_without-hosting_delta_pp":0.0002316505780092658,"uploaders_without-hosting_observed_common_delta_pp":0.0002316505780092658,"uploaders_without-hosting_left_share":0.00025433599945931453,"uploaders_without-hosting_right_share":2.2685421450048726e-05},"geometry":{"type":"Polygon","coordinates":[[[141.59982112834726,40.40777370509277],[141.4943867003204,40.42990918334384],[141.46632192325194,40.51639503312049],[141.5438424503334,40.5808645849188],[141.6495444193255,40.558770426308584],[141.67745785365642,40.47216539550612],[141.59982112834726,40.40777370509277]]]}},{"type":"Feature","properties":{"h3":"852e0e6bfffffff","countries":["JPN"],"common_intervals":12,"left_observed_intervals":15,"right_observed_intervals":15,"full_window_comparable":false,"expected_intervals":20,"downloaders_all_delta_pp":null,"downloaders_all_observed_common_delta_pp":1.9469239388261075e-05,"downloaders_all_left_share":null,"downloaders_all_right_share":null,"downloaders_without-hosting_delta_pp":null,"downloaders_without-hosting_observed_common_delta_pp":2.7095574520649717e-05,"downloaders_without-hosting_left_share":null,"downloaders_without-hosting_right_share":null,"uploaders_all_delta_pp":null,"uploaders_all_observed_common_delta_pp":8.53982633409167e-05,"uploaders_all_left_share":null,"uploaders_all_right_share":null,"uploaders_without-hosting_delta_pp":null,"uploaders_without-hosting_observed_common_delta_pp":0.0001267060976042411,"uploaders_without-hosting_left_share":null,"uploaders_without-hosting_right_share":null},"geometry":{"type":"Polygon","coordinates":[[[141.28368825584775,40.47381409988588],[141.17842557071748,40.49558386102177],[141.1500463612871,40.58182303183224],[141.2270783846826,40.64641215579462],[141.3326087617118,40.62468528682356],[141.36083895630787,40.53832639825604],[141.28368825584775,40.47381409988588]]]}},{"type":"Feature","properties":{"h3":"852e0e73fffffff","countries":["JPN"],"common_intervals":2,"left_observed_intervals":4,"right_observed_intervals":4,"full_window_comparable":false,"expected_intervals":20,"downloaders_all_delta_pp":null,"downloaders_all_observed_common_delta_pp":0.00016719551860165568,"downloaders_all_left_share":null,"downloaders_all_right_share":null,"downloaders_without-hosting_delta_pp":null,"downloaders_without-hosting_observed_common_delta_pp":0.0002155845217249459,"downloaders_without-hosting_left_share":null,"downloaders_without-hosting_right_share":null,"uploaders_all_delta_pp":null,"uploaders_all_observed_common_delta_pp":0.0,"uploaders_all_left_share":null,"uploaders_all_right_share":null,"uploaders_without-hosting_delta_pp":null,"uploaders_without-hosting_observed_common_delta_pp":0.0,"uploaders_without-hosting_left_share":null,"uploaders_without-hosting_right_share":null},"geometry":{"type":"Polygon","coordinates":[[[141.3681514548047,40.21458300089688],[141.26320134369465,40.23659888132486],[141.23500288323282,40.322971364485745],[141.31190269098647,40.38744784712302],[141.41711863385788,40.36547429835986],[141.44516847496598,40.278981931599645],[141.3681514548047,40.21458300089688]]]}},{"type":"Feature","properties":{"h3":"852e0e77fffffff","countries":["JPN"],"common_intervals":0,"left_observed_intervals":1,"right_observed_intervals":1,"full_window_comparable":false,"expected_intervals":20,"downloaders_all_delta_pp":null,"downloaders_all_observed_common_delta_pp":null,"downloaders_all_left_share":null,"downloaders_all_right_share":null,"downloaders_without-hosting_delta_pp":null,"downloaders_without-hosting_observed_common_delta_pp":null,"downloaders_without-hosting_left_share":null,"downloaders_without-hosting_right_share":null,"uploaders_all_delta_pp":null,"uploaders_all_observed_common_delta_pp":null,"uploaders_all_left_share":null,"uploaders_all_right_share":null,"uploaders_without-hosting_delta_pp":null,"uploaders_without-hosting_observed_common_delta_pp":null,"uploaders_without-hosting_left_share":null,"uploaders_without-hosting_right_share":null},"geometry":{"type":"Polygon","coordinates":[[[141.18655102250187,40.172159493757505],[141.0818201278211,40.19401548009542],[141.05347471662816,40.28026767535777],[141.1300066899287,40.344784166619085],[141.23500288323282,40.322971364485745],[141.26320134369465,40.23659888132486],[141.18655102250187,40.172159493757505]]]}},{"type":"Feature","properties":{"h3":"852e0ea3fffffff","countries":["JPN"],"common_intervals":20,"left_observed_intervals":20,"right_observed_intervals":20,"full_window_comparable":true,"expected_intervals":20,"downloaders_all_delta_pp":0.0002439501241920584,"downloaders_all_observed_common_delta_pp":0.0002439501241920584,"downloaders_all_left_share":0.0018864066516620392,"downloaders_all_right_share":0.0016424565274699807,"downloaders_without-hosting_delta_pp":0.0003241397682419081,"downloaders_without-hosting_observed_common_delta_pp":0.0003241397682419081,"downloaders_without-hosting_left_share":0.0022446142868338863,"downloaders_without-hosting_right_share":0.001920474518591978,"uploaders_all_delta_pp":0.00030123751091747466,"uploaders_all_observed_common_delta_pp":0.00030123751091747466,"uploaders_all_left_share":0.0005641958214508063,"uploaders_all_right_share":0.00026295831053333167,"uploaders_without-hosting_delta_pp":0.0004876616828416098,"uploaders_without-hosting_observed_common_delta_pp":0.0004876616828416098,"uploaders_without-hosting_left_share":0.000831172425901458,"uploaders_without-hosting_right_share":0.0003435107430598483},"geometry":{"type":"Polygon","coordinates":[[[141.17461156486922,39.61136046146375],[141.07071299259115,39.633547037069],[141.0425805097902,39.71993310924124],[141.11849070385549,39.78425359445079],[141.22265040600576,39.76210988680121],[141.25063833411795,39.675602818164116],[141.17461156486922,39.61136046146375]]]}},{"type":"Feature","properties":{"h3":"852e0eabfffffff","countries":["JPN"],"common_intervals":0,"left_observed_intervals":1,"right_observed_intervals":0,"full_window_comparable":false,"expected_intervals":20,"downloaders_all_delta_pp":null,"downloaders_all_observed_common_delta_pp":null,"downloaders_all_left_share":null,"downloaders_all_right_share":null,"downloaders_without-hosting_delta_pp":null,"downloaders_without-hosting_observed_common_delta_pp":null,"downloaders_without-hosting_left_share":null,"downloaders_without-hosting_right_share":null,"uploaders_all_delta_pp":null,"uploaders_all_observed_common_delta_pp":null,"uploaders_all_left_share":null,"uploaders_all_right_share":null,"uploaders_without-hosting_delta_pp":null,"uploaders_without-hosting_observed_common_delta_pp":null,"uploaders_without-hosting_left_share":null,"uploaders_without-hosting_right_share":null},"geometry":{"type":"Polygon","coordinates":[[[141.22265040600576,39.76210988680121],[141.11849070385549,39.78425359445079],[141.09034142198658,39.87063796846241],[141.16649694667547,39.93499935135382],[141.27091894414175,39.91289838591044],[141.2989226684999,39.82639328856706],[141.22265040600576,39.76210988680121]]]}},{"type":"Feature","properties":{"h3":"852e0eb7fffffff","countries":["JPN"],"common_intervals":15,"left_observed_intervals":17,"right_observed_intervals":16,"full_window_comparable":false,"expected_intervals":20,"downloaders_all_delta_pp":null,"downloaders_all_observed_common_delta_pp":-4.170938468581304e-05,"downloaders_all_left_share":null,"downloaders_all_right_share":null,"downloaders_without-hosting_delta_pp":null,"downloaders_without-hosting_observed_common_delta_pp":-4.179392968907459e-05,"downloaders_without-hosting_left_share":null,"downloaders_without-hosting_right_share":null,"uploaders_all_delta_pp":null,"uploaders_all_observed_common_delta_pp":0.0,"uploaders_all_left_share":null,"uploaders_all_right_share":null,"uploaders_without-hosting_delta_pp":null,"uploaders_without-hosting_observed_common_delta_pp":0.0,"uploaders_without-hosting_left_share":null,"uploaders_without-hosting_right_share":null},"geometry":{"type":"Polygon","coordinates":[[[141.12680085208535,39.46065250270041],[141.02316225085917,39.482882066509326],[140.99504676436698,39.569268705031256],[141.07071299259115,39.633547037069],[141.17461156486922,39.61136046146375],[141.20258349075067,39.524852556783024],[141.12680085208535,39.46065250270041]]]}},{"type":"Feature","properties":{"h3":"852e132bfffffff","countries":["JPN"],"common_intervals":20,"left_observed_intervals":20,"right_observed_intervals":20,"full_window_comparable":true,"expected_intervals":20,"downloaders_all_delta_pp":0.00018537285895397953,"downloaders_all_observed_common_delta_pp":0.00018537285895397953,"downloaders_all_left_share":0.0016599685727010378,"downloaders_all_right_share":0.001474595713747058,"downloaders_without-hosting_delta_pp":0.00025173256576308965,"downloaders_without-hosting_observed_common_delta_pp":0.00025173256576308965,"downloaders_without-hosting_left_share":0.0019746224832190152,"downloaders_without-hosting_right_share":0.0017228899174559255,"uploaders_all_delta_pp":0.00039180061769062693,"uploaders_all_observed_common_delta_pp":0.00039180061769062693,"uploaders_all_left_share":0.0007144509168347582,"uploaders_all_right_share":0.00032265029914413124,"uploaders_without-hosting_delta_pp":0.0006350954218049844,"uploaders_without-hosting_observed_common_delta_pp":0.0006350954218049844,"uploaders_without-hosting_left_share":0.0010341065469161553,"uploaders_without-hosting_right_share":0.0003990111251111709},"geometry":{"type":"Polygon","coordinates":[[[144.39202350204408,42.83081637743663],[144.2806467988189,42.85442078194203],[144.25433627739488,42.94195778432738],[144.33958826396633,43.00599991785821],[144.45125279504455,42.98242370700938],[144.47737699457758,42.8947772056716],[144.39202350204408,42.83081637743663]]]}},{"type":"Feature","properties":{"h3":"852e1917fffffff","countries":["JPN"],"common_intervals":20,"left_observed_intervals":20,"right_observed_intervals":20,"full_window_comparable":true,"expected_intervals":20,"downloaders_all_delta_pp":0.0002837578503100801,"downloaders_all_observed_common_delta_pp":0.0002837578503100801,"downloaders_all_left_share":0.002060750091931471,"downloaders_all_right_share":0.0017769922416213907,"downloaders_without-hosting_delta_pp":0.00037395783399401893,"downloaders_without-hosting_observed_common_delta_pp":0.00037395783399401893,"downloaders_without-hosting_left_share":0.0024516535824240107,"downloaders_without-hosting_right_share":0.002077695748429992,"uploaders_all_delta_pp":5.722940046911266e-05,"uploaders_all_observed_common_delta_pp":5.722940046911266e-05,"uploaders_all_left_share":0.00013225089092715403,"uploaders_all_right_share":7.50214904580414e-05,"uploaders_without-hosting_delta_pp":8.492621846406504e-05,"uploaders_without-hosting_observed_common_delta_pp":8.492621846406504e-05,"uploaders_without-hosting_left_share":0.00017798922507494212,"uploaders_without-hosting_right_share":9.306300661087706e-05},"geometry":{"type":"Polygon","coordinates":[[[140.80471637941983,41.61304240003475],[140.69814583818945,41.63360323875951],[140.66885828240143,41.71913659742702],[140.7462906423052,41.784228173871426],[140.85313714138726,41.76371306187593],[140.88227483365648,41.678060643395106],[140.80471637941983,41.61304240003475]]]}},{"type":"Feature","properties":{"h3":"852e194ffffffff","countries":["JPN"],"common_intervals":16,"left_observed_intervals":17,"right_observed_intervals":19,"full_window_comparable":false,"expected_intervals":20,"downloaders_all_delta_pp":null,"downloaders_all_observed_common_delta_pp":8.429005763041298e-05,"downloaders_all_left_share":null,"downloaders_all_right_share":null,"downloaders_without-hosting_delta_pp":null,"downloaders_without-hosting_observed_common_delta_pp":0.0001048935635288825,"downloaders_without-hosting_left_share":null,"downloaders_without-hosting_right_share":null,"uploaders_all_delta_pp":null,"uploaders_all_observed_common_delta_pp":2.6727105561376125e-05,"uploaders_all_left_share":null,"uploaders_all_right_share":null,"uploaders_without-hosting_delta_pp":null,"uploaders_without-hosting_observed_common_delta_pp":3.3616609294320135e-05,"uploaders_without-hosting_left_share":null,"uploaders_without-hosting_right_share":null},"geometry":{"type":"Polygon","coordinates":[[[140.99983594041097,42.215784892525164],[140.89215388283242,42.236163936606616],[140.86278751214147,42.32162330880011],[140.94125690684152,42.38682147082354],[141.04922007114718,42.36648739246984],[141.07843223125224,42.28091018740105],[140.99983594041097,42.215784892525164]]]}},{"type":"Feature","properties":{"h3":"852e1a0ffffffff","countries":["JPN"],"common_intervals":1,"left_observed_intervals":2,"right_observed_intervals":1,"full_window_comparable":false,"expected_intervals":20,"downloaders_all_delta_pp":null,"downloaders_all_observed_common_delta_pp":0.00013957005149225202,"downloaders_all_left_share":null,"downloaders_all_right_share":null,"downloaders_without-hosting_delta_pp":null,"downloaders_without-hosting_observed_common_delta_pp":0.00016979050832150705,"downloaders_without-hosting_left_share":null,"downloaders_without-hosting_right_share":null,"uploaders_all_delta_pp":null,"uploaders_all_observed_common_delta_pp":0.0,"uploaders_all_left_share":null,"uploaders_all_right_share":null,"uploaders_without-hosting_delta_pp":null,"uploaders_without-hosting_observed_common_delta_pp":0.0,"uploaders_without-hosting_left_share":null,"uploaders_without-hosting_right_share":null},"geometry":{"type":"Polygon","coordinates":[[[142.39429662204859,43.235212691968684],[142.28379539131146,43.25641661663424],[142.25532289686956,43.34244946638938],[142.33752236295643,43.40739197651586],[142.44831460829047,43.38622632329853],[142.47661584418512,43.30007990725511],[142.39429662204859,43.235212691968684]]]}},{"type":"Feature","properties":{"h3":"852e1a27fffffff","countries":["JPN"],"common_intervals":0,"left_observed_intervals":1,"right_observed_intervals":0,"full_window_comparable":false,"expected_intervals":20,"downloaders_all_delta_pp":null,"downloaders_all_observed_common_delta_pp":null,"downloaders_all_left_share":null,"downloaders_all_right_share":null,"downloaders_without-hosting_delta_pp":null,"downloaders_without-hosting_observed_common_delta_pp":null,"downloaders_without-hosting_left_share":null,"downloaders_without-hosting_right_share":null,"uploaders_all_delta_pp":null,"uploaders_all_observed_common_delta_pp":null,"uploaders_all_left_share":null,"uploaders_all_right_share":null,"uploaders_without-hosting_delta_pp":null,"uploaders_without-hosting_observed_common_delta_pp":null,"uploaders_without-hosting_left_share":null,"uploaders_without-hosting_right_share":null},"geometry":{"type":"Polygon","coordinates":[[[141.81892129350746,43.10330881855359],[141.70911360814344,43.12398303820191],[141.68013877988957,43.20967242141171],[141.76113665439863,43.27480253877498],[141.87123378974238,43.25416942586896],[141.9000430756383,43.16836510147801],[141.81892129350746,43.10330881855359]]]}},{"type":"Feature","properties":{"h3":"852e1a6bfffffff","countries":["JPN"],"common_intervals":20,"left_observed_intervals":20,"right_observed_intervals":20,"full_window_comparable":true,"expected_intervals":20,"downloaders_all_delta_pp":0.0001567366802838524,"downloaders_all_observed_common_delta_pp":0.0001567366802838524,"downloaders_all_left_share":0.001139833829847595,"downloaders_all_right_share":0.0009830971495637425,"downloaders_without-hosting_delta_pp":0.00020707683104421236,"downloaders_without-hosting_observed_common_delta_pp":0.00020707683104421236,"downloaders_without-hosting_left_share":0.0013559405146834481,"downloaders_without-hosting_right_share":0.0011488636836392355,"uploaders_all_delta_pp":0.0006400602756722301,"uploaders_all_observed_common_delta_pp":0.0006400602756722301,"uploaders_all_left_share":0.0006679617499861328,"uploaders_all_right_share":2.790147431390275e-05,"uploaders_without-hosting_delta_pp":0.0009615913800587585,"uploaders_without-hosting_observed_common_delta_pp":0.0009615913800587585,"uploaders_without-hosting_left_share":0.0009972929152247706,"uploaders_without-hosting_right_share":3.570153516601214e-05},"geometry":{"type":"Polygon","coordinates":[[[142.36302584232595,43.644321772635166],[142.25187868856924,43.665230936584685],[142.22320136952894,43.751061023909116],[142.3058437365082,43.816094965537175],[142.41728543937074,43.79522422572954],[142.44578968769991,43.709281140422284],[142.36302584232595,43.644321772635166]]]}},{"type":"Feature","properties":{"h3":"852e1b47fffffff","countries":["JPN"],"common_intervals":0,"left_observed_intervals":3,"right_observed_intervals":3,"full_window_comparable":false,"expected_intervals":20,"downloaders_all_delta_pp":null,"downloaders_all_observed_common_delta_pp":null,"downloaders_all_left_share":null,"downloaders_all_right_share":null,"downloaders_without-hosting_delta_pp":null,"downloaders_without-hosting_observed_common_delta_pp":null,"downloaders_without-hosting_left_share":null,"downloaders_without-hosting_right_share":null,"uploaders_all_delta_pp":null,"uploaders_all_observed_common_delta_pp":null,"uploaders_all_left_share":null,"uploaders_all_right_share":null,"uploaders_without-hosting_delta_pp":null,"uploaders_without-hosting_observed_common_delta_pp":null,"uploaders_without-hosting_left_share":null,"uploaders_without-hosting_right_share":null},"geometry":{"type":"Polygon","coordinates":[[[141.29985333109238,43.11997984674909],[141.1904648783683,43.14009228879194],[141.16098670634406,43.225407444342686],[141.2410574987004,43.290726074488475],[141.35073501541407,43.27065727957967],[141.3800521516033,43.185226215151204],[141.29985333109238,43.11997984674909]]]}},{"type":"Feature","properties":{"h3":"852e1b53fffffff","countries":["JPN"],"common_intervals":19,"left_observed_intervals":20,"right_observed_intervals":19,"full_window_comparable":false,"expected_intervals":20,"downloaders_all_delta_pp":null,"downloaders_all_observed_common_delta_pp":0.00012675850202996988,"downloaders_all_left_share":null,"downloaders_all_right_share":null,"downloaders_without-hosting_delta_pp":null,"downloaders_without-hosting_observed_common_delta_pp":0.00015821568373579123,"downloaders_without-hosting_left_share":null,"downloaders_without-hosting_right_share":null,"uploaders_all_delta_pp":null,"uploaders_all_observed_common_delta_pp":1.8209883234341226e-05,"uploaders_all_left_share":null,"uploaders_all_right_share":null,"uploaders_without-hosting_delta_pp":null,"uploaders_without-hosting_observed_common_delta_pp":3.1622802459463505e-05,"uploaders_without-hosting_left_share":null,"uploaders_without-hosting_right_share":null},"geometry":{"type":"Polygon","coordinates":[[[141.62839023684683,43.05886726148105],[141.51881675769272,43.07936753546549],[141.48967828260467,43.164941537007614],[141.57027640995176,43.23013065683956],[141.68013877988957,43.20967242141171],[141.70911360814344,43.12398303820191],[141.62839023684683,43.05886726148105]]]}},{"type":"Feature","properties":{"h3":"852e1b57fffffff","countries":["JPN"],"common_intervals":20,"left_observed_intervals":20,"right_observed_intervals":20,"full_window_comparable":true,"expected_intervals":20,"downloaders_all_delta_pp":0.0030113654940664876,"downloaders_all_observed_common_delta_pp":0.0030113654940664876,"downloaders_all_left_share":0.01715495407988394,"downloaders_all_right_share":0.014143588585817452,"downloaders_without-hosting_delta_pp":0.0038691921233471155,"downloaders_without-hosting_observed_common_delta_pp":0.0038691921233471155,"downloaders_without-hosting_left_share":0.02039453154418123,"downloaders_without-hosting_right_share":0.01652533942083411,"uploaders_all_delta_pp":0.0030535457555047854,"uploaders_all_observed_common_delta_pp":0.0030535457555047854,"uploaders_all_left_share":0.004751444718846288,"uploaders_all_right_share":0.001697898963341503,"uploaders_without-hosting_delta_pp":0.0045676759670157845,"uploaders_without-hosting_observed_common_delta_pp":0.0045676759670157845,"uploaders_without-hosting_left_share":0.00673544253023398,"uploaders_without-hosting_right_share":0.0021677665632181954},"geometry":{"type":"Polygon","coordinates":[[[141.43849138051937,43.01419401679365],[141.32915356284062,43.03452165854102],[141.29985333109238,43.11997984674909],[141.3800521516033,43.185226215151204],[141.48967828260467,43.164941537007614],[141.51881675769272,43.07936753546549],[141.43849138051937,43.01419401679365]]]}},{"type":"Feature","properties":{"h3":"852e1b73fffffff","countries":["JPN"],"common_intervals":20,"left_observed_intervals":20,"right_observed_intervals":20,"full_window_comparable":true,"expected_intervals":20,"downloaders_all_delta_pp":6.775795829088279e-05,"downloaders_all_observed_common_delta_pp":6.775795829088279e-05,"downloaders_all_left_share":0.0004879334325879175,"downloaders_all_right_share":0.0004201754742970346,"downloaders_without-hosting_delta_pp":8.849333501844291e-05,"downloaders_without-hosting_observed_common_delta_pp":8.849333501844291e-05,"downloaders_without-hosting_left_share":0.0005800722315803881,"downloaders_without-hosting_right_share":0.0004915788965619451,"uploaders_all_delta_pp":-5.884605006041086e-05,"uploaders_all_observed_common_delta_pp":-5.884605006041086e-05,"uploaders_all_left_share":0.0,"uploaders_all_right_share":5.884605006041086e-05,"uploaders_without-hosting_delta_pp":-7.306738368964089e-05,"uploaders_without-hosting_observed_common_delta_pp":-7.306738368964089e-05,"uploaders_without-hosting_left_share":0.0,"uploaders_without-hosting_right_share":7.306738368964089e-05},"geometry":{"type":"Polygon","coordinates":[[[141.11066489586636,43.07479041781603],[141.00151552678864,43.094731945709576],[140.97187821088707,43.179930775223184],[141.05154888536217,43.24530440866169],[141.16098670634406,43.225407444342686],[141.1904648783683,43.14009228879194],[141.11066489586636,43.07479041781603]]]}},{"type":"Feature","properties":{"h3":"852e1b87fffffff","countries":["JPN"],"common_intervals":16,"left_observed_intervals":17,"right_observed_intervals":19,"full_window_comparable":false,"expected_intervals":20,"downloaders_all_delta_pp":null,"downloaders_all_observed_common_delta_pp":0.0002415078035090856,"downloaders_all_left_share":null,"downloaders_all_right_share":null,"downloaders_without-hosting_delta_pp":null,"downloaders_without-hosting_observed_common_delta_pp":0.0002970994636233863,"downloaders_without-hosting_left_share":null,"downloaders_without-hosting_right_share":null,"uploaders_all_delta_pp":null,"uploaders_all_observed_common_delta_pp":0.00012809739501137504,"uploaders_all_left_share":null,"uploaders_all_right_share":null,"uploaders_without-hosting_delta_pp":null,"uploaders_without-hosting_observed_common_delta_pp":0.00019005914640636166,"uploaders_without-hosting_left_share":null,"uploaders_without-hosting_right_share":null},"geometry":{"type":"Polygon","coordinates":[[[141.23627744229128,42.4111344036118],[141.12807958653934,42.431636178077014],[141.09884935293314,42.517191798112115],[141.17797362241885,42.582362755912605],[141.28645449062398,42.56190484444056],[141.31552756906297,42.47623211626019],[141.23627744229128,42.4111344036118]]]}},{"type":"Feature","properties":{"h3":"852e1b9bfffffff","countries":["JPN"],"common_intervals":19,"left_observed_intervals":20,"right_observed_intervals":19,"full_window_comparable":false,"expected_intervals":20,"downloaders_all_delta_pp":null,"downloaders_all_observed_common_delta_pp":0.0001532843192899654,"downloaders_all_left_share":null,"downloaders_all_right_share":null,"downloaders_without-hosting_delta_pp":null,"downloaders_without-hosting_observed_common_delta_pp":0.0001876757675560732,"downloaders_without-hosting_left_share":null,"downloaders_without-hosting_right_share":null,"uploaders_all_delta_pp":null,"uploaders_all_observed_common_delta_pp":0.00013530363533819677,"uploaders_all_left_share":null,"uploaders_all_right_share":null,"uploaders_without-hosting_delta_pp":null,"uploaders_without-hosting_observed_common_delta_pp":0.00019131129076631697,"uploaders_without-hosting_left_share":null,"uploaders_without-hosting_right_share":null},"geometry":{"type":"Polygon","coordinates":[[[141.61226311631452,42.49976526698549],[141.50359996629604,42.52060629379907],[141.47468588155857,42.60639571058565],[141.55459527374964,42.671460368930894],[141.66354258329864,42.650661388954674],[141.69229583037315,42.5647557118163],[141.61226311631452,42.49976526698549]]]}},{"type":"Feature","properties":{"h3":"852e1bb7fffffff","countries":["JPN"],"common_intervals":0,"left_observed_intervals":0,"right_observed_intervals":1,"full_window_comparable":false,"expected_intervals":20,"downloaders_all_delta_pp":null,"downloaders_all_observed_common_delta_pp":null,"downloaders_all_left_share":null,"downloaders_all_right_share":null,"downloaders_without-hosting_delta_pp":null,"downloaders_without-hosting_observed_common_delta_pp":null,"downloaders_without-hosting_left_share":null,"downloaders_without-hosting_right_share":null,"uploaders_all_delta_pp":null,"uploaders_all_observed_common_delta_pp":null,"uploaders_all_left_share":null,"uploaders_all_right_share":null,"uploaders_without-hosting_delta_pp":null,"uploaders_without-hosting_observed_common_delta_pp":null,"uploaders_without-hosting_left_share":null,"uploaders_without-hosting_right_share":null},"geometry":{"type":"Polygon","coordinates":[[[140.86278751214147,42.32162330880011],[140.7550603589859,42.341790978403445],[140.72552130782353,42.427111158124866],[140.80386240043464,42.49238158974472],[140.91187135095112,42.472259571836375],[140.94125690684152,42.38682147082354],[140.86278751214147,42.32162330880011]]]}},{"type":"Feature","properties":{"h3":"852e1bc3fffffff","countries":["JPN"],"common_intervals":19,"left_observed_intervals":20,"right_observed_intervals":19,"full_window_comparable":false,"expected_intervals":20,"downloaders_all_delta_pp":null,"downloaders_all_observed_common_delta_pp":4.1490365929596795e-05,"downloaders_all_left_share":null,"downloaders_all_right_share":null,"downloaders_without-hosting_delta_pp":null,"downloaders_without-hosting_observed_common_delta_pp":5.815317646428708e-05,"downloaders_without-hosting_left_share":null,"downloaders_without-hosting_right_share":null,"uploaders_all_delta_pp":null,"uploaders_all_observed_common_delta_pp":0.00011368126715377172,"uploaders_all_left_share":null,"uploaders_all_right_share":null,"uploaders_without-hosting_delta_pp":null,"uploaders_without-hosting_observed_common_delta_pp":0.0001742046382182404,"uploaders_without-hosting_left_share":null,"uploaders_without-hosting_right_share":null},"geometry":{"type":"Polygon","coordinates":[[[141.71507754556563,42.80155233146566],[141.60584476538799,42.82230949065044],[141.57689979911066,42.908051117089215],[141.65735026379244,42.97315120080668],[141.76686983334503,42.9524356303951],[141.79565163103925,42.866578397799984],[141.71507754556563,42.80155233146566]]]}},{"type":"Feature","properties":{"h3":"852e1bc7fffffff","countries":["JPN"],"common_intervals":1,"left_observed_intervals":11,"right_observed_intervals":3,"full_window_comparable":false,"expected_intervals":20,"downloaders_all_delta_pp":null,"downloaders_all_observed_common_delta_pp":3.9676321000369844e-05,"downloaders_all_left_share":null,"downloaders_all_right_share":null,"downloaders_without-hosting_delta_pp":null,"downloaders_without-hosting_observed_common_delta_pp":5.0326574099988095e-05,"downloaders_without-hosting_left_share":null,"downloaders_without-hosting_right_share":null,"uploaders_all_delta_pp":null,"uploaders_all_observed_common_delta_pp":0.0,"uploaders_all_left_share":null,"uploaders_all_right_share":null,"uploaders_without-hosting_delta_pp":null,"uploaders_without-hosting_observed_common_delta_pp":0.0,"uploaders_without-hosting_left_share":null,"uploaders_without-hosting_right_share":null},"geometry":{"type":"Polygon","coordinates":[[[141.5256656230146,42.757226447888456],[141.4166659261297,42.777811509741035],[141.38755966081263,42.863437095649246],[141.46761387503778,42.92859366854813],[141.57689979911066,42.908051117089215],[141.60584476538799,42.82230949065044],[141.5256656230146,42.757226447888456]]]}},{"type":"Feature","properties":{"h3":"852e1bcffffffff","countries":["JPN"],"common_intervals":3,"left_observed_intervals":6,"right_observed_intervals":8,"full_window_comparable":false,"expected_intervals":20,"downloaders_all_delta_pp":null,"downloaders_all_observed_common_delta_pp":5.866195308982885e-05,"downloaders_all_left_share":null,"downloaders_all_right_share":null,"downloaders_without-hosting_delta_pp":null,"downloaders_without-hosting_observed_common_delta_pp":7.610265570166214e-05,"downloaders_without-hosting_left_share":null,"downloaders_without-hosting_right_share":null,"uploaders_all_delta_pp":null,"uploaders_all_observed_common_delta_pp":0.0,"uploaders_all_left_share":null,"uploaders_all_right_share":null,"uploaders_without-hosting_delta_pp":null,"uploaders_without-hosting_observed_common_delta_pp":0.0,"uploaders_without-hosting_left_share":null,"uploaders_without-hosting_right_share":null},"geometry":{"type":"Polygon","coordinates":[[[141.57689979911066,42.908051117089215],[141.46761387503778,42.92859366854813],[141.43849138051937,43.01419401679365],[141.51881675769272,43.07936753546549],[141.62839023684683,43.05886726148105],[141.65735026379244,42.97315120080668],[141.57689979911066,42.908051117089215]]]}},{"type":"Feature","properties":{"h3":"852e1d2bfffffff","countries":["JPN"],"common_intervals":0,"left_observed_intervals":6,"right_observed_intervals":2,"full_window_comparable":false,"expected_intervals":20,"downloaders_all_delta_pp":null,"downloaders_all_observed_common_delta_pp":null,"downloaders_all_left_share":null,"downloaders_all_right_share":null,"downloaders_without-hosting_delta_pp":null,"downloaders_without-hosting_observed_common_delta_pp":null,"downloaders_without-hosting_left_share":null,"downloaders_without-hosting_right_share":null,"uploaders_all_delta_pp":null,"uploaders_all_observed_common_delta_pp":null,"uploaders_all_left_share":null,"uploaders_all_right_share":null,"uploaders_without-hosting_delta_pp":null,"uploaders_without-hosting_observed_common_delta_pp":null,"uploaders_without-hosting_left_share":null,"uploaders_without-hosting_right_share":null},"geometry":{"type":"Polygon","coordinates":[[[141.34601252713512,41.18524403559456],[141.23962349955931,41.20663619725629],[141.21101093729067,41.292704368474546],[141.28893951487535,41.35749903181111],[141.39560179723412,41.33614981284906],[141.42406176547223,41.24996298782839],[141.34601252713512,41.18524403559456]]]}},{"type":"Feature","properties":{"h3":"852e1da7fffffff","countries":["JPN"],"common_intervals":1,"left_observed_intervals":2,"right_observed_intervals":5,"full_window_comparable":false,"expected_intervals":20,"downloaders_all_delta_pp":null,"downloaders_all_observed_common_delta_pp":8.278337467704439e-05,"downloaders_all_left_share":null,"downloaders_all_right_share":null,"downloaders_without-hosting_delta_pp":null,"downloaders_without-hosting_observed_common_delta_pp":9.629093234447998e-05,"downloaders_without-hosting_left_share":null,"downloaders_without-hosting_right_share":null,"uploaders_all_delta_pp":null,"uploaders_all_observed_common_delta_pp":0.0,"uploaders_all_left_share":null,"uploaders_all_right_share":null,"uploaders_without-hosting_delta_pp":null,"uploaders_without-hosting_observed_common_delta_pp":0.0,"uploaders_without-hosting_left_share":null,"uploaders_without-hosting_right_share":null},"geometry":{"type":"Polygon","coordinates":[[[141.3326087617118,40.62468528682356],[141.2270783846826,40.64641215579462],[141.19868258894004,40.73264311848851],[141.27596676060818,40.79726663759058],[141.38176603651772,40.77558250629969],[141.41001177159427,40.689232115815074],[141.3326087617118,40.62468528682356]]]}},{"type":"Feature","properties":{"h3":"852e1e0ffffffff","countries":["JPN"],"common_intervals":0,"left_observed_intervals":0,"right_observed_intervals":1,"full_window_comparable":false,"expected_intervals":20,"downloaders_all_delta_pp":null,"downloaders_all_observed_common_delta_pp":null,"downloaders_all_left_share":null,"downloaders_all_right_share":null,"downloaders_without-hosting_delta_pp":null,"downloaders_without-hosting_observed_common_delta_pp":null,"downloaders_without-hosting_left_share":null,"downloaders_without-hosting_right_share":null,"uploaders_all_delta_pp":null,"uploaders_all_observed_common_delta_pp":null,"uploaders_all_left_share":null,"uploaders_all_right_share":null,"uploaders_without-hosting_delta_pp":null,"uploaders_without-hosting_observed_common_delta_pp":null,"uploaders_without-hosting_left_share":null,"uploaders_without-hosting_right_share":null},"geometry":{"type":"Polygon","coordinates":[[[143.36024506932546,42.47459315915511],[143.25020453363334,42.497306645580856],[143.22299487826697,42.58431127462],[143.30600098062345,42.64871498620386],[143.41632648639873,42.626034866074406],[143.44336040851235,42.538917692929296],[143.36024506932546,42.47459315915511]]]}},{"type":"Feature","properties":{"h3":"852e1e6bfffffff","countries":["JPN"],"common_intervals":0,"left_observed_intervals":0,"right_observed_intervals":2,"full_window_comparable":false,"expected_intervals":20,"downloaders_all_delta_pp":null,"downloaders_all_observed_common_delta_pp":null,"downloaders_all_left_share":null,"downloaders_all_right_share":null,"downloaders_without-hosting_delta_pp":null,"downloaders_without-hosting_observed_common_delta_pp":null,"downloaders_without-hosting_left_share":null,"downloaders_without-hosting_right_share":null,"uploaders_all_delta_pp":null,"uploaders_all_observed_common_delta_pp":null,"uploaders_all_left_share":null,"uploaders_all_right_share":null,"uploaders_without-hosting_delta_pp":null,"uploaders_without-hosting_observed_common_delta_pp":null,"uploaders_without-hosting_left_share":null,"uploaders_without-hosting_right_share":null},"geometry":{"type":"Polygon","coordinates":[[[143.33485655472413,42.88706662134508],[143.22417358461362,42.90949774034122],[143.19677399445007,42.99631702056656],[143.28023449174182,43.060817213831555],[143.39120587203158,43.03841964456596],[143.418427824306,42.95148835872457],[143.33485655472413,42.88706662134508]]]}},{"type":"Feature","properties":{"h3":"852e1e6ffffffff","countries":["JPN"],"common_intervals":20,"left_observed_intervals":20,"right_observed_intervals":20,"full_window_comparable":true,"expected_intervals":20,"downloaders_all_delta_pp":0.00018363551557892049,"downloaders_all_observed_common_delta_pp":0.00018363551557892049,"downloaders_all_left_share":0.0007213199185955265,"downloaders_all_right_share":0.000537684403016606,"downloaders_without-hosting_delta_pp":0.00022906482503396033,"downloaders_without-hosting_observed_common_delta_pp":0.00022906482503396033,"downloaders_without-hosting_left_share":0.0008576475772123431,"downloaders_without-hosting_right_share":0.0006285827521783827,"uploaders_all_delta_pp":-5.2427751089075054e-05,"uploaders_all_observed_common_delta_pp":-5.2427751089075054e-05,"uploaders_all_left_share":4.304642413354723e-05,"uploaders_all_right_share":9.547417522262229e-05,"uploaders_without-hosting_delta_pp":-7.45381077149806e-05,"uploaders_without-hosting_observed_common_delta_pp":-7.45381077149806e-05,"uploaders_without-hosting_left_share":5.255449901547905e-05,"uploaders_without-hosting_right_share":0.00012709260673045964},"geometry":{"type":"Polygon","coordinates":[[[143.14099646147696,42.84500576959249],[143.03053148822386,42.86725510788078],[143.0029561420066,42.95396187357951],[143.08602100534773,43.018531839839774],[143.19677399445007,42.99631702056656],[143.22417358461362,42.90949774034122],[143.14099646147696,42.84500576959249]]]}},{"type":"Feature","properties":{"h3":"852e2923fffffff","countries":["JPN"],"common_intervals":19,"left_observed_intervals":19,"right_observed_intervals":20,"full_window_comparable":false,"expected_intervals":20,"downloaders_all_delta_pp":null,"downloaders_all_observed_common_delta_pp":0.00013521766951736551,"downloaders_all_left_share":null,"downloaders_all_right_share":null,"downloaders_without-hosting_delta_pp":null,"downloaders_without-hosting_observed_common_delta_pp":0.0001712571765271341,"downloaders_without-hosting_left_share":null,"downloaders_without-hosting_right_share":null,"uploaders_all_delta_pp":null,"uploaders_all_observed_common_delta_pp":0.00018202109099509588,"uploaders_all_left_share":null,"uploaders_all_right_share":null,"uploaders_without-hosting_delta_pp":null,"uploaders_without-hosting_observed_common_delta_pp":0.00027918243567242565,"uploaders_without-hosting_left_share":null,"uploaders_without-hosting_right_share":null},"geometry":{"type":"Polygon","coordinates":[[[140.00623285457638,36.82640853028331],[139.90725837062277,36.84909848243422],[139.87920734164905,36.935071057087065],[139.95025543643442,36.99847961195769],[140.04947007751474,36.97583537446534],[140.07739606967354,36.88973683938247],[140.00623285457638,36.82640853028331]]]}},{"type":"Feature","properties":{"h3":"852e2937fffffff","countries":["JPN"],"common_intervals":1,"left_observed_intervals":5,"right_observed_intervals":7,"full_window_comparable":false,"expected_intervals":20,"downloaders_all_delta_pp":null,"downloaders_all_observed_common_delta_pp":8.087066306801418e-06,"downloaders_all_left_share":null,"downloaders_all_right_share":null,"downloaders_without-hosting_delta_pp":null,"downloaders_without-hosting_observed_common_delta_pp":1.0150217754267108e-05,"downloaders_without-hosting_left_share":null,"downloaders_without-hosting_right_share":null,"uploaders_all_delta_pp":null,"uploaders_all_observed_common_delta_pp":0.0,"uploaders_all_left_share":null,"uploaders_all_right_share":null,"uploaders_without-hosting_delta_pp":null,"uploaders_without-hosting_observed_common_delta_pp":0.0,"uploaders_without-hosting_left_share":null,"uploaders_without-hosting_right_share":null},"geometry":{"type":"Polygon","coordinates":[[[139.96319326193546,36.67706717787881],[139.86445788966577,36.69980286240512],[139.83642853893605,36.78575545040329],[139.90725837062277,36.84909848243422],[140.00623285457638,36.82640853028331],[140.034138000748,36.74032978482572],[139.96319326193546,36.67706717787881]]]}},{"type":"Feature","properties":{"h3":"852e293bfffffff","countries":["JPN"],"common_intervals":0,"left_observed_intervals":3,"right_observed_intervals":8,"full_window_comparable":false,"expected_intervals":20,"downloaders_all_delta_pp":null,"downloaders_all_observed_common_delta_pp":null,"downloaders_all_left_share":null,"downloaders_all_right_share":null,"downloaders_without-hosting_delta_pp":null,"downloaders_without-hosting_observed_common_delta_pp":null,"downloaders_without-hosting_left_share":null,"downloaders_without-hosting_right_share":null,"uploaders_all_delta_pp":null,"uploaders_all_observed_common_delta_pp":null,"uploaders_all_left_share":null,"uploaders_all_right_share":null,"uploaders_without-hosting_delta_pp":null,"uploaders_without-hosting_observed_common_delta_pp":null,"uploaders_without-hosting_left_share":null,"uploaders_without-hosting_right_share":null},"geometry":{"type":"Polygon","coordinates":[[[140.17657885731464,36.866905589951166],[140.07739606967354,36.88973683938247],[140.04947007751474,36.97583537446534],[140.12085294844516,37.03922826689612],[140.22027644458146,37.01644198829443],[140.2480759628873,36.93021782002327],[140.17657885731464,36.866905589951166]]]}},{"type":"Feature","properties":{"h3":"852e2947fffffff","countries":["JPN"],"common_intervals":0,"left_observed_intervals":1,"right_observed_intervals":1,"full_window_comparable":false,"expected_intervals":20,"downloaders_all_delta_pp":null,"downloaders_all_observed_common_delta_pp":null,"downloaders_all_left_share":null,"downloaders_all_right_share":null,"downloaders_without-hosting_delta_pp":null,"downloaders_without-hosting_observed_common_delta_pp":null,"downloaders_without-hosting_left_share":null,"downloaders_without-hosting_right_share":null,"uploaders_all_delta_pp":null,"uploaders_all_observed_common_delta_pp":null,"uploaders_all_left_share":null,"uploaders_all_right_share":null,"uploaders_without-hosting_delta_pp":null,"uploaders_without-hosting_observed_common_delta_pp":null,"uploaders_without-hosting_left_share":null,"uploaders_without-hosting_right_share":null},"geometry":{"type":"Polygon","coordinates":[[[140.56351825980872,37.097172484437245],[140.46367992116384,37.120245957431294],[140.43598931529587,37.20661370217034],[140.50826687523596,37.270032696530734],[140.60834804294393,37.24700265107136],[140.63590841794525,37.16051016153054],[140.56351825980872,37.097172484437245]]]}},{"type":"Feature","properties":{"h3":"852e2953fffffff","countries":["JPN"],"common_intervals":20,"left_observed_intervals":20,"right_observed_intervals":20,"full_window_comparable":true,"expected_intervals":20,"downloaders_all_delta_pp":0.00014154843636142466,"downloaders_all_observed_common_delta_pp":0.00014154843636142466,"downloaders_all_left_share":0.000970964310607241,"downloaders_all_right_share":0.0008294158742458166,"downloaders_without-hosting_delta_pp":0.000185795234456042,"downloaders_without-hosting_observed_common_delta_pp":0.000185795234456042,"downloaders_without-hosting_left_share":0.001154938903402064,"downloaders_without-hosting_right_share":0.0009691436689460221,"uploaders_all_delta_pp":0.00015267266429790528,"uploaders_all_observed_common_delta_pp":0.00015267266429790528,"uploaders_all_left_share":0.00020001647798337311,"uploaders_all_right_share":4.734381368546782e-05,"uploaders_without-hosting_delta_pp":0.00022795392756236834,"uploaders_without-hosting_observed_common_delta_pp":0.00022795392756236834,"uploaders_without-hosting_left_share":0.00028625771954320203,"uploaders_without-hosting_right_share":5.830379198083369e-05},"geometry":{"type":"Polygon","coordinates":[[[140.8633705231592,37.027285759753156],[140.76336412151838,37.05069250901713],[140.73595269703745,37.137291534538754],[140.8086795419491,37.200608036234506],[140.90892874267664,37.17724321714579],[140.93620789579882,37.09051994652974],[140.8633705231592,37.027285759753156]]]}},{"type":"Feature","properties":{"h3":"852e2977fffffff","countries":["JPN"],"common_intervals":2,"left_observed_intervals":7,"right_observed_intervals":4,"full_window_comparable":false,"expected_intervals":20,"downloaders_all_delta_pp":null,"downloaders_all_observed_common_delta_pp":0.00012331328563473605,"downloaders_all_left_share":null,"downloaders_all_right_share":null,"downloaders_without-hosting_delta_pp":null,"downloaders_without-hosting_observed_common_delta_pp":0.00015108396445606982,"downloaders_without-hosting_left_share":null,"downloaders_without-hosting_right_share":null,"uploaders_all_delta_pp":null,"uploaders_all_observed_common_delta_pp":0.0,"uploaders_all_left_share":null,"uploaders_all_right_share":null,"uploaders_without-hosting_delta_pp":null,"uploaders_without-hosting_observed_common_delta_pp":0.0,"uploaders_without-hosting_left_share":null,"uploaders_without-hosting_right_share":null},"geometry":{"type":"Polygon","coordinates":[[[140.22027644458146,37.01644198829443],[140.12085294844516,37.03922826689612],[140.0929062455232,37.12534549148708],[140.1645099604402,37.18880184110872],[140.26417521681662,37.16606050629324],[140.2919945970118,37.0798178525178],[140.22027644458146,37.01644198829443]]]}},{"type":"Feature","properties":{"h3":"852e297bfffffff","countries":["JPN"],"common_intervals":20,"left_observed_intervals":20,"right_observed_intervals":20,"full_window_comparable":true,"expected_intervals":20,"downloaders_all_delta_pp":0.0001478947427835577,"downloaders_all_observed_common_delta_pp":0.0001478947427835577,"downloaders_all_left_share":0.0005748619559336886,"downloaders_all_right_share":0.000426967213150131,"downloaders_without-hosting_delta_pp":0.00018535489055731527,"downloaders_without-hosting_observed_common_delta_pp":0.00018535489055731527,"downloaders_without-hosting_left_share":0.0006837172289084418,"downloaders_without-hosting_right_share":0.0004983623383511264,"uploaders_all_delta_pp":0.0001564737212644306,"uploaders_all_observed_common_delta_pp":0.0001564737212644306,"uploaders_all_left_share":0.00018532126201158193,"uploaders_all_right_share":2.8847540747151307e-05,"uploaders_without-hosting_delta_pp":0.00023127219947975745,"uploaders_without-hosting_observed_common_delta_pp":0.00023127219947975745,"uploaders_without-hosting_left_share":0.00026838621373153894,"uploaders_without-hosting_right_share":3.7114014251781474e-05},"geometry":{"type":"Polygon","coordinates":[[[140.43598931529587,37.20661370217034],[140.33611561169695,37.22949887019697],[140.30827651472066,37.31575890310694],[140.3804403563618,37.37925862495816],[140.48055741830112,37.35641760941017],[140.50826687523596,37.270032696530734],[140.43598931529587,37.20661370217034]]]}},{"type":"Feature","properties":{"h3":"852e2987fffffff","countries":["JPN"],"common_intervals":9,"left_observed_intervals":13,"right_observed_intervals":12,"full_window_comparable":false,"expected_intervals":20,"downloaders_all_delta_pp":null,"downloaders_all_observed_common_delta_pp":-1.557317230459952e-05,"downloaders_all_left_share":null,"downloaders_all_right_share":null,"downloaders_without-hosting_delta_pp":null,"downloaders_without-hosting_observed_common_delta_pp":-1.4711516738562906e-05,"downloaders_without-hosting_left_share":null,"downloaders_without-hosting_right_share":null,"uploaders_all_delta_pp":null,"uploaders_all_observed_common_delta_pp":-0.00018469918830507179,"uploaders_all_left_share":null,"uploaders_all_right_share":null,"uploaders_without-hosting_delta_pp":null,"uploaders_without-hosting_observed_common_delta_pp":-0.00022218655862525465,"uploaders_without-hosting_left_share":null,"uploaders_without-hosting_right_share":null},"geometry":{"type":"Polygon","coordinates":[[[140.51255383306383,36.38884858530978],[140.41371062480104,36.4122810185426],[140.38624247093503,36.49867207426402],[140.45774451214555,36.56175609062109],[140.55682586626943,36.53836647005055],[140.58416664124016,36.451849995651436],[140.51255383306383,36.38884858530978]]]}},{"type":"Feature","properties":{"h3":"852e298bfffffff","countries":["JPN"],"common_intervals":20,"left_observed_intervals":20,"right_observed_intervals":20,"full_window_comparable":true,"expected_intervals":20,"downloaders_all_delta_pp":2.6869501305914284e-05,"downloaders_all_observed_common_delta_pp":2.6869501305914284e-05,"downloaders_all_left_share":0.0007691802014443119,"downloaders_all_right_share":0.0007423107001383977,"downloaders_without-hosting_delta_pp":4.638199768938196e-05,"downloaders_without-hosting_observed_common_delta_pp":4.638199768938196e-05,"downloaders_without-hosting_left_share":0.0009140700347416248,"downloaders_without-hosting_right_share":0.000867688037052243,"uploaders_all_delta_pp":8.395549025169962e-07,"uploaders_all_observed_common_delta_pp":8.395549025169962e-07,"uploaders_all_left_share":4.0078875226445644e-05,"uploaders_all_right_share":3.923932032392865e-05,"uploaders_without-hosting_delta_pp":5.778560050194107e-06,"uploaders_without-hosting_observed_common_delta_pp":5.778560050194107e-06,"uploaders_without-hosting_left_share":5.708805261234929e-05,"uploaders_without-hosting_right_share":5.130949256215519e-05},"geometry":{"type":"Polygon","coordinates":[[[140.7279433532189,36.57790041365389],[140.6286590988251,36.60143317345161],[140.6013004246843,36.68797195051634],[140.67335526453743,36.75110281704049],[140.772879198808,36.72761209250437],[140.80010821748056,36.64094844390325],[140.7279433532189,36.57790041365389]]]}},{"type":"Feature","properties":{"h3":"852e298ffffffff","countries":["JPN"],"common_intervals":0,"left_observed_intervals":1,"right_observed_intervals":0,"full_window_comparable":false,"expected_intervals":20,"downloaders_all_delta_pp":null,"downloaders_all_observed_common_delta_pp":null,"downloaders_all_left_share":null,"downloaders_all_right_share":null,"downloaders_without-hosting_delta_pp":null,"downloaders_without-hosting_observed_common_delta_pp":null,"downloaders_without-hosting_left_share":null,"downloaders_without-hosting_right_share":null,"uploaders_all_delta_pp":null,"uploaders_all_observed_common_delta_pp":null,"uploaders_all_left_share":null,"uploaders_all_right_share":null,"uploaders_without-hosting_delta_pp":null,"uploaders_without-hosting_observed_common_delta_pp":null,"uploaders_without-hosting_left_share":null,"uploaders_without-hosting_right_share":null},"geometry":{"type":"Polygon","coordinates":[[[140.55682586626943,36.53836647005055],[140.45774451214555,36.56175609062109],[140.4302576109901,36.64816964673604],[140.50197989634955,36.71131877926808],[140.6013004246843,36.68797195051634],[140.6286590988251,36.60143317345161],[140.55682586626943,36.53836647005055]]]}},{"type":"Feature","properties":{"h3":"852e2997fffffff","countries":["JPN"],"common_intervals":20,"left_observed_intervals":20,"right_observed_intervals":20,"full_window_comparable":true,"expected_intervals":20,"downloaders_all_delta_pp":0.00017675662736366988,"downloaders_all_observed_common_delta_pp":0.00017675662736366988,"downloaders_all_left_share":0.0006658185546583092,"downloaders_all_right_share":0.0004890619272946393,"downloaders_without-hosting_delta_pp":0.00022105775830281318,"downloaders_without-hosting_observed_common_delta_pp":0.00022105775830281318,"downloaders_without-hosting_left_share":0.0007938548949264056,"downloaders_without-hosting_right_share":0.0005727971366235926,"uploaders_all_delta_pp":4.708566777067141e-05,"uploaders_all_observed_common_delta_pp":4.708566777067141e-05,"uploaders_all_left_share":5.699564553268131e-05,"uploaders_all_right_share":9.909977762009901e-06,"uploaders_without-hosting_delta_pp":7.421731441838321e-05,"uploaders_without-hosting_observed_common_delta_pp":7.421731441838321e-05,"uploaders_without-hosting_left_share":8.553588230262595e-05,"uploaders_without-hosting_right_share":1.1318567884242742e-05},"geometry":{"type":"Polygon","coordinates":[[[140.63868452912817,36.27873861785827],[140.53987655560695,36.3023555191133],[140.51255383306383,36.38884858530978],[140.58416664124016,36.451849995651436],[140.68321224395564,36.42827517533843],[140.71040701849668,36.341656839759814],[140.63868452912817,36.27873861785827]]]}},{"type":"Feature","properties":{"h3":"852e29a3fffffff","countries":["JPN"],"common_intervals":0,"left_observed_intervals":1,"right_observed_intervals":1,"full_window_comparable":false,"expected_intervals":20,"downloaders_all_delta_pp":null,"downloaders_all_observed_common_delta_pp":null,"downloaders_all_left_share":null,"downloaders_all_right_share":null,"downloaders_without-hosting_delta_pp":null,"downloaders_without-hosting_observed_common_delta_pp":null,"downloaders_without-hosting_left_share":null,"downloaders_without-hosting_right_share":null,"uploaders_all_delta_pp":null,"uploaders_all_observed_common_delta_pp":null,"uploaders_all_left_share":null,"uploaders_all_right_share":null,"uploaders_without-hosting_delta_pp":null,"uploaders_without-hosting_observed_common_delta_pp":null,"uploaders_without-hosting_left_share":null,"uploaders_without-hosting_right_share":null},"geometry":{"type":"Polygon","coordinates":[[[140.21619368053513,36.45881959065544],[140.1175210199988,36.48192596936419],[140.0897819313923,36.56808806702102],[140.1608404955284,36.63126965471199],[140.25975128467815,36.6082075615821],[140.28736498905675,36.52191956789695],[140.21619368053513,36.45881959065544]]]}},{"type":"Feature","properties":{"h3":"852e29a7fffffff","countries":["JPN"],"common_intervals":13,"left_observed_intervals":13,"right_observed_intervals":18,"full_window_comparable":false,"expected_intervals":20,"downloaders_all_delta_pp":null,"downloaders_all_observed_common_delta_pp":3.083047742263308e-05,"downloaders_all_left_share":null,"downloaders_all_right_share":null,"downloaders_without-hosting_delta_pp":null,"downloaders_without-hosting_observed_common_delta_pp":4.086106749428573e-05,"downloaders_without-hosting_left_share":null,"downloaders_without-hosting_right_share":null,"uploaders_all_delta_pp":null,"uploaders_all_observed_common_delta_pp":7.485629462838716e-05,"uploaders_all_left_share":null,"uploaders_all_right_share":null,"uploaders_without-hosting_delta_pp":null,"uploaders_without-hosting_observed_common_delta_pp":0.0001098791219779121,"uploaders_without-hosting_left_share":null,"uploaders_without-hosting_right_share":null},"geometry":{"type":"Polygon","coordinates":[[[140.04667996750473,36.41881137509573],[139.9482130546856,36.44177765047696],[139.9203499959189,36.52781352633572],[139.9910774294656,36.59100931968574],[140.0897819313923,36.56808806702102],[140.1175210199988,36.48192596936419],[140.04667996750473,36.41881137509573]]]}},{"type":"Feature","properties":{"h3":"852e29affffffff","countries":["JPN"],"common_intervals":0,"left_observed_intervals":2,"right_observed_intervals":2,"full_window_comparable":false,"expected_intervals":20,"downloaders_all_delta_pp":null,"downloaders_all_observed_common_delta_pp":null,"downloaders_all_left_share":null,"downloaders_all_right_share":null,"downloaders_without-hosting_delta_pp":null,"downloaders_without-hosting_observed_common_delta_pp":null,"downloaders_without-hosting_left_share":null,"downloaders_without-hosting_right_share":null,"uploaders_all_delta_pp":null,"uploaders_all_observed_common_delta_pp":null,"uploaders_all_left_share":null,"uploaders_all_right_share":null,"uploaders_without-hosting_delta_pp":null,"uploaders_without-hosting_observed_common_delta_pp":null,"uploaders_without-hosting_left_share":null,"uploaders_without-hosting_right_share":null},"geometry":{"type":"Polygon","coordinates":[[[140.0897819313923,36.56808806702102],[139.9910774294656,36.59100931968574],[139.96319326193546,36.67706717787881],[140.034138000748,36.74032978482572],[140.13308112564002,36.717453542419456],[140.1608404955284,36.63126965471199],[140.0897819313923,36.56808806702102]]]}},{"type":"Feature","properties":{"h3":"852e29b3fffffff","countries":["JPN"],"common_intervals":3,"left_observed_intervals":7,"right_observed_intervals":11,"full_window_comparable":false,"expected_intervals":20,"downloaders_all_delta_pp":null,"downloaders_all_observed_common_delta_pp":2.2503209568088873e-06,"downloaders_all_left_share":null,"downloaders_all_right_share":null,"downloaders_without-hosting_delta_pp":null,"downloaders_without-hosting_observed_common_delta_pp":8.467317161346967e-06,"downloaders_without-hosting_left_share":null,"downloaders_without-hosting_right_share":null,"uploaders_all_delta_pp":null,"uploaders_all_observed_common_delta_pp":0.0,"uploaders_all_left_share":null,"uploaders_all_right_share":null,"uploaders_without-hosting_delta_pp":null,"uploaders_without-hosting_observed_common_delta_pp":0.0,"uploaders_without-hosting_left_share":null,"uploaders_without-hosting_right_share":null},"geometry":{"type":"Polygon","coordinates":[[[140.3424276519029,36.34926323992315],[140.24378779871617,36.37255429193393],[140.21619368053513,36.45881959065544],[140.28736498905675,36.52191956789695],[140.38624247093503,36.49867207426402],[140.41371062480104,36.4122810185426],[140.3424276519029,36.34926323992315]]]}},{"type":"Feature","properties":{"h3":"852e29b7fffffff","countries":["JPN"],"common_intervals":20,"left_observed_intervals":20,"right_observed_intervals":20,"full_window_comparable":true,"expected_intervals":20,"downloaders_all_delta_pp":9.07908793624138e-05,"downloaders_all_observed_common_delta_pp":9.07908793624138e-05,"downloaders_all_left_share":0.0006168555242233242,"downloaders_all_right_share":0.0005260646448609106,"downloaders_without-hosting_delta_pp":0.00012007175174350052,"downloaders_without-hosting_observed_common_delta_pp":0.00012007175174350052,"downloaders_without-hosting_left_share":0.0007343617898804351,"downloaders_without-hosting_right_share":0.0006142900381369344,"uploaders_all_delta_pp":0.00023163073887936996,"uploaders_all_observed_common_delta_pp":0.00023163073887936996,"uploaders_all_left_share":0.00023163073887936996,"uploaders_all_right_share":0.0,"uploaders_without-hosting_delta_pp":0.0003239221589213759,"uploaders_without-hosting_observed_common_delta_pp":0.0003239221589213759,"uploaders_without-hosting_left_share":0.0003239221589213759,"uploaders_without-hosting_right_share":0.0},"geometry":{"type":"Polygon","coordinates":[[[140.1728342003701,36.309521487504945],[140.07439864021484,36.33267216384312],[140.04667996750473,36.41881137509573],[140.1175210199988,36.48192596936419],[140.21619368053513,36.45881959065544],[140.24378779871617,36.37255429193393],[140.1728342003701,36.309521487504945]]]}},{"type":"Feature","properties":{"h3":"852e29c7fffffff","countries":["JPN"],"common_intervals":9,"left_observed_intervals":11,"right_observed_intervals":13,"full_window_comparable":false,"expected_intervals":20,"downloaders_all_delta_pp":null,"downloaders_all_observed_common_delta_pp":1.4044810625359364e-05,"downloaders_all_left_share":null,"downloaders_all_right_share":null,"downloaders_without-hosting_delta_pp":null,"downloaders_without-hosting_observed_common_delta_pp":2.178539621769184e-05,"downloaders_without-hosting_left_share":null,"downloaders_without-hosting_right_share":null,"uploaders_all_delta_pp":null,"uploaders_all_observed_common_delta_pp":0.0,"uploaders_all_left_share":null,"uploaders_all_right_share":null,"uploaders_without-hosting_delta_pp":null,"uploaders_without-hosting_observed_common_delta_pp":0.0,"uploaders_without-hosting_left_share":null,"uploaders_without-hosting_right_share":null},"geometry":{"type":"Polygon","coordinates":[[[140.772879198808,36.72761209250437],[140.67335526453743,36.75110281704049],[140.6459788472268,36.83766278855561],[140.7182564858246,36.90085668078005],[140.81802113391745,36.87740796138843],[140.84526703116157,36.790723323213776],[140.772879198808,36.72761209250437]]]}},{"type":"Feature","properties":{"h3":"852e2b03fffffff","countries":["JPN"],"common_intervals":0,"left_observed_intervals":1,"right_observed_intervals":0,"full_window_comparable":false,"expected_intervals":20,"downloaders_all_delta_pp":null,"downloaders_all_observed_common_delta_pp":null,"downloaders_all_left_share":null,"downloaders_all_right_share":null,"downloaders_without-hosting_delta_pp":null,"downloaders_without-hosting_observed_common_delta_pp":null,"downloaders_without-hosting_left_share":null,"downloaders_without-hosting_right_share":null,"uploaders_all_delta_pp":null,"uploaders_all_observed_common_delta_pp":null,"uploaders_all_left_share":null,"uploaders_all_right_share":null,"uploaders_without-hosting_delta_pp":null,"uploaders_without-hosting_observed_common_delta_pp":null,"uploaders_without-hosting_left_share":null,"uploaders_without-hosting_right_share":null},"geometry":{"type":"Polygon","coordinates":[[[140.78975162637155,37.84707561954179],[140.6886885040807,37.869932414482875],[140.66090522397855,37.95637485392688],[140.734319332065,38.02008411651224],[140.8356306328304,37.99727049400522],[140.8632792299317,37.9107044188003],[140.78975162637155,37.84707561954179]]]}},{"type":"Feature","properties":{"h3":"852e2b0bfffffff","countries":["JPN"],"common_intervals":19,"left_observed_intervals":19,"right_observed_intervals":20,"full_window_comparable":false,"expected_intervals":20,"downloaders_all_delta_pp":null,"downloaders_all_observed_common_delta_pp":9.676176740429448e-05,"downloaders_all_left_share":null,"downloaders_all_right_share":null,"downloaders_without-hosting_delta_pp":null,"downloaders_without-hosting_observed_common_delta_pp":0.00012632989393939086,"downloaders_without-hosting_left_share":null,"downloaders_without-hosting_right_share":null,"uploaders_all_delta_pp":null,"uploaders_all_observed_common_delta_pp":-4.1044062022452294e-05,"uploaders_all_left_share":null,"uploaders_all_right_share":null,"uploaders_without-hosting_delta_pp":null,"uploaders_without-hosting_observed_common_delta_pp":-4.49030155314745e-05,"uploaders_without-hosting_left_share":null,"uploaders_without-hosting_right_share":null},"geometry":{"type":"Polygon","coordinates":[[[140.8356306328304,37.99727049400522],[140.734319332065,38.02008411651224],[140.70651800594183,38.10653814103656],[140.7801631572757,38.170301928874856],[140.8817237246693,38.147531412488064],[140.9093894542568,38.06095398539233],[140.8356306328304,37.99727049400522]]]}},{"type":"Feature","properties":{"h3":"852e2b0ffffffff","countries":["JPN"],"common_intervals":0,"left_observed_intervals":0,"right_observed_intervals":2,"full_window_comparable":false,"expected_intervals":20,"downloaders_all_delta_pp":null,"downloaders_all_observed_common_delta_pp":null,"downloaders_all_left_share":null,"downloaders_all_right_share":null,"downloaders_without-hosting_delta_pp":null,"downloaders_without-hosting_observed_common_delta_pp":null,"downloaders_without-hosting_left_share":null,"downloaders_without-hosting_right_share":null,"uploaders_all_delta_pp":null,"uploaders_all_observed_common_delta_pp":null,"uploaders_all_left_share":null,"uploaders_all_right_share":null,"uploaders_without-hosting_delta_pp":null,"uploaders_without-hosting_observed_common_delta_pp":null,"uploaders_without-hosting_left_share":null,"uploaders_without-hosting_right_share":null},"geometry":{"type":"Polygon","coordinates":[[[140.66090522397855,37.95637485392688],[140.55980402870082,37.979039724379525],[140.53186862107904,38.06536998121561],[140.60516807170646,38.12915911679301],[140.70651800594183,38.10653814103656],[140.734319332065,38.02008411651224],[140.66090522397855,37.95637485392688]]]}},{"type":"Feature","properties":{"h3":"852e2b27fffffff","countries":["JPN"],"common_intervals":20,"left_observed_intervals":20,"right_observed_intervals":20,"full_window_comparable":true,"expected_intervals":20,"downloaders_all_delta_pp":0.00020143521447056346,"downloaders_all_observed_common_delta_pp":0.00020143521447056346,"downloaders_all_left_share":0.0008870269854745359,"downloaders_all_right_share":0.0006855917710039724,"downloaders_without-hosting_delta_pp":0.00025284708711673435,"downloaders_without-hosting_observed_common_delta_pp":0.00025284708711673435,"downloaders_without-hosting_left_share":0.0010545270359582487,"downloaders_without-hosting_right_share":0.0008016799488415145,"uploaders_all_delta_pp":8.086541276937718e-05,"uploaders_all_observed_common_delta_pp":8.086541276937718e-05,"uploaders_all_left_share":8.086541276937718e-05,"uploaders_all_right_share":0.0,"uploaders_without-hosting_delta_pp":0.00011132027304247998,"uploaders_without-hosting_observed_common_delta_pp":0.00011132027304247998,"uploaders_without-hosting_left_share":0.00011132027304247998,"uploaders_without-hosting_right_share":0.0},"geometry":{"type":"Polygon","coordinates":[[[140.14005741934344,37.832659467356855],[140.03959270260052,37.85488454297769],[140.01126409056047,37.94084138684495],[140.0835293475596,38.00469794606588],[140.18424114595678,37.98251909118913],[140.21244019137416,37.89643743270837],[140.14005741934344,37.832659467356855]]]}},{"type":"Feature","properties":{"h3":"852e2b2bfffffff","countries":["JPN"],"common_intervals":0,"left_observed_intervals":0,"right_observed_intervals":1,"full_window_comparable":false,"expected_intervals":20,"downloaders_all_delta_pp":null,"downloaders_all_observed_common_delta_pp":null,"downloaders_all_left_share":null,"downloaders_all_right_share":null,"downloaders_without-hosting_delta_pp":null,"downloaders_without-hosting_observed_common_delta_pp":null,"downloaders_without-hosting_left_share":null,"downloaders_without-hosting_right_share":null,"uploaders_all_delta_pp":null,"uploaders_all_observed_common_delta_pp":null,"uploaders_all_left_share":null,"uploaders_all_right_share":null,"uploaders_without-hosting_delta_pp":null,"uploaders_without-hosting_observed_common_delta_pp":null,"uploaders_without-hosting_left_share":null,"uploaders_without-hosting_right_share":null},"geometry":{"type":"Polygon","coordinates":[[[140.35777615454685,38.024029458830476],[140.25685062973844,38.046354604085806],[140.22863100396393,38.13244741721459],[140.3014684422458,38.1963393102127],[140.40264270804792,38.17405955926935],[140.43073037604378,38.087842499986905],[140.35777615454685,38.024029458830476]]]}},{"type":"Feature","properties":{"h3":"852e2b2ffffffff","countries":["JPN"],"common_intervals":0,"left_observed_intervals":3,"right_observed_intervals":3,"full_window_comparable":false,"expected_intervals":20,"downloaders_all_delta_pp":null,"downloaders_all_observed_common_delta_pp":null,"downloaders_all_left_share":null,"downloaders_all_right_share":null,"downloaders_without-hosting_delta_pp":null,"downloaders_without-hosting_observed_common_delta_pp":null,"downloaders_without-hosting_left_share":null,"downloaders_without-hosting_right_share":null,"uploaders_all_delta_pp":null,"uploaders_all_observed_common_delta_pp":null,"uploaders_all_left_share":null,"uploaders_all_right_share":null,"uploaders_without-hosting_delta_pp":null,"uploaders_without-hosting_observed_common_delta_pp":null,"uploaders_without-hosting_left_share":null,"uploaders_without-hosting_right_share":null},"geometry":{"type":"Polygon","coordinates":[[[140.18424114595678,37.98251909118913],[140.0835293475596,38.00469794606588],[140.0551792737878,38.09066616899644],[140.1276710293215,38.15458010451015],[140.22863100396393,38.13244741721459],[140.25685062973844,38.046354604085806],[140.18424114595678,37.98251909118913]]]}},{"type":"Feature","properties":{"h3":"852e2b33fffffff","countries":["JPN"],"common_intervals":1,"left_observed_intervals":5,"right_observed_intervals":5,"full_window_comparable":false,"expected_intervals":20,"downloaders_all_delta_pp":null,"downloaders_all_observed_common_delta_pp":0.00010608365069985021,"downloaders_all_left_share":null,"downloaders_all_right_share":null,"downloaders_without-hosting_delta_pp":null,"downloaders_without-hosting_observed_common_delta_pp":0.00013535399612958317,"downloaders_without-hosting_left_share":null,"downloaders_without-hosting_right_share":null,"uploaders_all_delta_pp":null,"uploaders_all_observed_common_delta_pp":0.0,"uploaders_all_left_share":null,"uploaders_all_right_share":null,"uploaders_without-hosting_delta_pp":null,"uploaders_without-hosting_observed_common_delta_pp":0.0,"uploaders_without-hosting_left_share":null,"uploaders_without-hosting_right_share":null},"geometry":{"type":"Polygon","coordinates":[[[140.4418091417375,37.76531081594382],[140.34116620568682,37.78787274525624],[140.31311806994648,37.8740668354067],[140.38584413357015,37.93782332669341],[140.48673417985677,37.91530613123751],[140.51465063785818,37.82898768950458],[140.4418091417375,37.76531081594382]]]}},{"type":"Feature","properties":{"h3":"852e2b43fffffff","countries":["JPN"],"common_intervals":20,"left_observed_intervals":20,"right_observed_intervals":20,"full_window_comparable":true,"expected_intervals":20,"downloaders_all_delta_pp":8.970202245394513e-05,"downloaders_all_observed_common_delta_pp":8.970202245394513e-05,"downloaders_all_left_share":0.0003246592758688691,"downloaders_all_right_share":0.00023495725341492408,"downloaders_without-hosting_delta_pp":0.00011153113990889662,"downloaders_without-hosting_observed_common_delta_pp":0.00011153113990889662,"downloaders_without-hosting_left_share":0.000386146370936072,"downloaders_without-hosting_right_share":0.0002746152310271753,"uploaders_all_delta_pp":-1.298724601838717e-05,"uploaders_all_observed_common_delta_pp":-1.298724601838717e-05,"uploaders_all_left_share":7.807856737066265e-05,"uploaders_all_right_share":9.106581338904982e-05,"uploaders_without-hosting_delta_pp":-9.473698502628423e-06,"uploaders_without-hosting_observed_common_delta_pp":-9.473698502628423e-06,"uploaders_without-hosting_left_share":0.00010970363035907579,"uploaders_without-hosting_right_share":0.00011917732886170421},"geometry":{"type":"Polygon","coordinates":[[[141.05748514744903,38.18834726153076],[140.95571502812393,38.21126840221052],[140.92803234379275,38.29785605514659],[141.0022574026963,38.36164534252824],[141.10427839741047,38.33876643675969],[141.1318230339545,38.252055994651684],[141.05748514744903,38.18834726153076]]]}},{"type":"Feature","properties":{"h3":"852e2b47fffffff","countries":["JPN"],"common_intervals":20,"left_observed_intervals":20,"right_observed_intervals":20,"full_window_comparable":true,"expected_intervals":20,"downloaders_all_delta_pp":0.001340657230549332,"downloaders_all_observed_common_delta_pp":0.001340657230549332,"downloaders_all_left_share":0.009717052907098818,"downloaders_all_right_share":0.008376395676549483,"downloaders_without-hosting_delta_pp":0.001768619869492425,"downloaders_without-hosting_observed_common_delta_pp":0.001768619869492425,"downloaders_without-hosting_left_share":0.011557210433541697,"downloaders_without-hosting_right_share":0.009788590564049272,"uploaders_all_delta_pp":0.0010485446554878582,"uploaders_all_observed_common_delta_pp":0.0010485446554878582,"uploaders_all_left_share":0.0027307145882924646,"uploaders_all_right_share":0.0016821699328046062,"uploaders_without-hosting_delta_pp":0.0017802673930036295,"uploaders_without-hosting_observed_common_delta_pp":0.0017802673930036295,"uploaders_without-hosting_left_share":0.0039023793183423265,"uploaders_without-hosting_right_share":0.0021221119253386966},"geometry":{"type":"Polygon","coordinates":[[[140.8817237246693,38.147531412488064],[140.7801631572757,38.170301928874856],[140.75234395498748,38.25676641616794],[140.82622141544414,38.32058353690362],[140.92803234379275,38.29785605514659],[140.95571502812393,38.21126840221052],[140.8817237246693,38.147531412488064]]]}},{"type":"Feature","properties":{"h3":"852e2b4bfffffff","countries":["JPN"],"common_intervals":2,"left_observed_intervals":4,"right_observed_intervals":6,"full_window_comparable":false,"expected_intervals":20,"downloaders_all_delta_pp":null,"downloaders_all_observed_common_delta_pp":-5.682975971664106e-05,"downloaders_all_left_share":null,"downloaders_all_right_share":null,"downloaders_without-hosting_delta_pp":null,"downloaders_without-hosting_observed_common_delta_pp":-6.174689923011898e-05,"downloaders_without-hosting_left_share":null,"downloaders_without-hosting_right_share":null,"uploaders_all_delta_pp":null,"uploaders_all_observed_common_delta_pp":-0.0006270142833853756,"uploaders_all_left_share":null,"uploaders_all_right_share":null,"uploaders_without-hosting_delta_pp":null,"uploaders_without-hosting_observed_common_delta_pp":-0.0008330209504769045,"uploaders_without-hosting_left_share":null,"uploaders_without-hosting_right_share":null},"geometry":{"type":"Polygon","coordinates":[[[141.10427839741047,38.33876643675969],[141.0022574026963,38.36164534252824],[140.9745579444947,38.448242093605515],[141.04901804160713,38.51208247115286],[141.15129101173682,38.489245718982865],[141.17885148268067,38.402526422574844],[141.10427839741047,38.33876643675969]]]}},{"type":"Feature","properties":{"h3":"852e2b4ffffffff","countries":["JPN"],"common_intervals":9,"left_observed_intervals":13,"right_observed_intervals":14,"full_window_comparable":false,"expected_intervals":20,"downloaders_all_delta_pp":null,"downloaders_all_observed_common_delta_pp":1.0829455173962694e-05,"downloaders_all_left_share":null,"downloaders_all_right_share":null,"downloaders_without-hosting_delta_pp":null,"downloaders_without-hosting_observed_common_delta_pp":1.5501576974684162e-05,"downloaders_without-hosting_left_share":null,"downloaders_without-hosting_right_share":null,"uploaders_all_delta_pp":null,"uploaders_all_observed_common_delta_pp":0.0,"uploaders_all_left_share":null,"uploaders_all_right_share":null,"uploaders_without-hosting_delta_pp":null,"uploaders_without-hosting_observed_common_delta_pp":0.0,"uploaders_without-hosting_left_share":null,"uploaders_without-hosting_right_share":null},"geometry":{"type":"Polygon","coordinates":[[[140.92803234379275,38.29785605514659],[140.82622141544414,38.32058353690362],[140.79838450989706,38.40705736298067],[140.87249555465576,38.47092661743273],[140.9745579444947,38.448242093605515],[141.0022574026963,38.36164534252824],[140.92803234379275,38.29785605514659]]]}},{"type":"Feature","properties":{"h3":"852e2b67fffffff","countries":["JPN"],"common_intervals":20,"left_observed_intervals":20,"right_observed_intervals":20,"full_window_comparable":true,"expected_intervals":20,"downloaders_all_delta_pp":0.0002482992030507083,"downloaders_all_observed_common_delta_pp":0.0002482992030507083,"downloaders_all_left_share":0.0011304938309028068,"downloaders_all_right_share":0.0008821946278520986,"downloaders_without-hosting_delta_pp":0.00031243060639356225,"downloaders_without-hosting_observed_common_delta_pp":0.00031243060639356225,"downloaders_without-hosting_left_share":0.0013427772004234318,"downloaders_without-hosting_right_share":0.0010303465940298695,"uploaders_all_delta_pp":0.00020495147962777726,"uploaders_all_observed_common_delta_pp":0.00020495147962777726,"uploaders_all_left_share":0.00026582110426234373,"uploaders_all_right_share":6.086962463456647e-05,"uploaders_without-hosting_delta_pp":0.00031422987313991634,"uploaders_without-hosting_observed_common_delta_pp":0.00031422987313991634,"uploaders_without-hosting_left_share":0.0003890209207298408,"uploaders_without-hosting_right_share":7.479104758992446e-05},"geometry":{"type":"Polygon","coordinates":[[[140.40264270804792,38.17405955926935],[140.3014684422458,38.1963393102127],[140.2732283855785,38.282442165133546],[140.34629503029794,38.34638926394423],[140.44771913818732,38.32415484442191],[140.4758263379547,38.23792797455722],[140.40264270804792,38.17405955926935]]]}},{"type":"Feature","properties":{"h3":"852e2b6ffffffff","countries":["JPN"],"common_intervals":11,"left_observed_intervals":15,"right_observed_intervals":14,"full_window_comparable":false,"expected_intervals":20,"downloaders_all_delta_pp":null,"downloaders_all_observed_common_delta_pp":9.870176716585756e-05,"downloaders_all_left_share":null,"downloaders_all_right_share":null,"downloaders_without-hosting_delta_pp":null,"downloaders_without-hosting_observed_common_delta_pp":0.00012204638868834268,"downloaders_without-hosting_left_share":null,"downloaders_without-hosting_right_share":null,"uploaders_all_delta_pp":null,"uploaders_all_observed_common_delta_pp":3.065250682865866e-05,"uploaders_all_left_share":null,"uploaders_all_right_share":null,"uploaders_without-hosting_delta_pp":null,"uploaders_without-hosting_observed_common_delta_pp":5.3176410134330666e-05,"uploaders_without-hosting_left_share":null,"uploaders_without-hosting_right_share":null},"geometry":{"type":"Polygon","coordinates":[[[140.44771913818732,38.32415484442191],[140.34629503029794,38.34638926394423],[140.31803469505604,38.43250104615178],[140.39133180741973,38.496502169704534],[140.49300686486453,38.47431301352256],[140.52113343626874,38.388077451263655],[140.44771913818732,38.32415484442191]]]}},{"type":"Feature","properties":{"h3":"852e2b83fffffff","countries":["JPN"],"common_intervals":0,"left_observed_intervals":1,"right_observed_intervals":0,"full_window_comparable":false,"expected_intervals":20,"downloaders_all_delta_pp":null,"downloaders_all_observed_common_delta_pp":null,"downloaders_all_left_share":null,"downloaders_all_right_share":null,"downloaders_without-hosting_delta_pp":null,"downloaders_without-hosting_observed_common_delta_pp":null,"downloaders_without-hosting_left_share":null,"downloaders_without-hosting_right_share":null,"uploaders_all_delta_pp":null,"uploaders_all_observed_common_delta_pp":null,"uploaders_all_left_share":null,"uploaders_all_right_share":null,"uploaders_without-hosting_delta_pp":null,"uploaders_without-hosting_observed_common_delta_pp":null,"uploaders_without-hosting_left_share":null,"uploaders_without-hosting_right_share":null},"geometry":{"type":"Polygon","coordinates":[[[141.0006772354642,37.477387978624286],[140.8999392765293,37.50066907713947],[140.87247658216796,37.587318310467914],[140.9458863898772,37.65081001185579],[141.04687031972443,37.62757069369149],[141.07419805943033,37.540797876836855],[141.0006772354642,37.477387978624286]]]}},{"type":"Feature","properties":{"h3":"852e2ba3fffffff","countries":["JPN"],"common_intervals":9,"left_observed_intervals":14,"right_observed_intervals":13,"full_window_comparable":false,"expected_intervals":20,"downloaders_all_delta_pp":null,"downloaders_all_observed_common_delta_pp":3.457355358278677e-05,"downloaders_all_left_share":null,"downloaders_all_right_share":null,"downloaders_without-hosting_delta_pp":null,"downloaders_without-hosting_observed_common_delta_pp":4.461666005038634e-05,"downloaders_without-hosting_left_share":null,"downloaders_without-hosting_right_share":null,"uploaders_all_delta_pp":null,"uploaders_all_observed_common_delta_pp":0.00021625151781534067,"uploaders_all_left_share":null,"uploaders_all_right_share":null,"uploaders_without-hosting_delta_pp":null,"uploaders_without-hosting_observed_common_delta_pp":0.0003174285746028572,"uploaders_without-hosting_left_share":null,"uploaders_without-hosting_right_share":null},"geometry":{"type":"Polygon","coordinates":[[[140.52533167612864,37.50629795471264],[140.4249701919408,37.52909485922369],[140.39709210764957,37.615386322300786],[140.46970649100058,37.67900530609431],[140.57031346741658,37.65625246615557],[140.59806015789022,37.569836556625845],[140.52533167612864,37.50629795471264]]]}},{"type":"Feature","properties":{"h3":"852e2babfffffff","countries":["JPN"],"common_intervals":20,"left_observed_intervals":20,"right_observed_intervals":20,"full_window_comparable":true,"expected_intervals":20,"downloaders_all_delta_pp":0.00012770007259311193,"downloaders_all_observed_common_delta_pp":0.00012770007259311193,"downloaders_all_left_share":0.0009420052141500929,"downloaders_all_right_share":0.000814305141556981,"downloaders_without-hosting_delta_pp":0.00016776948179269443,"downloaders_without-hosting_observed_common_delta_pp":0.00016776948179269443,"downloaders_without-hosting_left_share":0.0011209959924577066,"downloaders_without-hosting_right_share":0.000953226510665012,"uploaders_all_delta_pp":1.8161102639727797e-05,"uploaders_all_observed_common_delta_pp":1.8161102639727797e-05,"uploaders_all_left_share":0.00014437823314585792,"uploaders_all_right_share":0.00012621713050613013,"uploaders_without-hosting_delta_pp":4.396967106123094e-05,"uploaders_without-hosting_observed_common_delta_pp":4.396967106123094e-05,"uploaders_without-hosting_left_share":0.00020471912244031525,"uploaders_without-hosting_right_share":0.0001607494513790843},"geometry":{"type":"Polygon","coordinates":[[[140.57031346741658,37.65625246615557],[140.46970649100058,37.67900530609431],[140.4418091417375,37.76531081594382],[140.51465063785818,37.82898768950458],[140.61550418258958,37.806278862615926],[140.64326924982095,37.71984912879279],[140.57031346741658,37.65625246615557]]]}},{"type":"Feature","properties":{"h3":"852e2bb3fffffff","countries":["JPN"],"common_intervals":0,"left_observed_intervals":2,"right_observed_intervals":1,"full_window_comparable":false,"expected_intervals":20,"downloaders_all_delta_pp":null,"downloaders_all_observed_common_delta_pp":null,"downloaders_all_left_share":null,"downloaders_all_right_share":null,"downloaders_without-hosting_delta_pp":null,"downloaders_without-hosting_observed_common_delta_pp":null,"downloaders_without-hosting_left_share":null,"downloaders_without-hosting_right_share":null,"uploaders_all_delta_pp":null,"uploaders_all_observed_common_delta_pp":null,"uploaders_all_left_share":null,"uploaders_all_right_share":null,"uploaders_without-hosting_delta_pp":null,"uploaders_without-hosting_observed_common_delta_pp":null,"uploaders_without-hosting_left_share":null,"uploaders_without-hosting_right_share":null},"geometry":{"type":"Polygon","coordinates":[[[140.6533848834676,37.39691032732116],[140.55305982887748,37.41989698618432],[140.52533167612864,37.50629795471264],[140.59806015789022,37.569836556625845],[140.69863016317788,37.54689323841419],[140.72622632700353,37.460367957227874],[140.6533848834676,37.39691032732116]]]}},{"type":"Feature","properties":{"h3":"852e2bb7fffffff","countries":["JPN"],"common_intervals":20,"left_observed_intervals":20,"right_observed_intervals":20,"full_window_comparable":true,"expected_intervals":20,"downloaders_all_delta_pp":0.0003702333182677804,"downloaders_all_observed_common_delta_pp":0.0003702333182677804,"downloaders_all_left_share":0.003492565523997951,"downloaders_all_right_share":0.00312233220573017,"downloaders_without-hosting_delta_pp":0.0005036183204146123,"downloaders_without-hosting_observed_common_delta_pp":0.0005036183204146123,"downloaders_without-hosting_left_share":0.004155382465974621,"downloaders_without-hosting_right_share":0.003651764145560009,"uploaders_all_delta_pp":0.0009738226353351217,"uploaders_all_observed_common_delta_pp":0.0009738226353351217,"uploaders_all_left_share":0.0012009813994359208,"uploaders_all_right_share":0.00022715876410079914,"uploaders_without-hosting_delta_pp":0.001372298512789438,"uploaders_without-hosting_observed_common_delta_pp":0.001372298512789438,"uploaders_without-hosting_left_share":0.0016602079355440107,"uploaders_without-hosting_right_share":0.0002879094227545728},"geometry":{"type":"Polygon","coordinates":[[[140.48055741830112,37.35641760941017],[140.3804403563618,37.37925862495816],[140.35258169043328,37.46553492836121],[140.4249701919408,37.52909485922369],[140.52533167612864,37.50629795471264],[140.55305982887748,37.41989698618432],[140.48055741830112,37.35641760941017]]]}},{"type":"Feature","properties":{"h3":"852e2da7fffffff","countries":["JPN"],"common_intervals":1,"left_observed_intervals":1,"right_observed_intervals":4,"full_window_comparable":false,"expected_intervals":20,"downloaders_all_delta_pp":null,"downloaders_all_observed_common_delta_pp":2.557915073865999e-05,"downloaders_all_left_share":null,"downloaders_all_right_share":null,"downloaders_without-hosting_delta_pp":null,"downloaders_without-hosting_observed_common_delta_pp":3.702444904632042e-05,"downloaders_without-hosting_left_share":null,"downloaders_without-hosting_right_share":null,"uploaders_all_delta_pp":null,"uploaders_all_observed_common_delta_pp":0.0,"uploaders_all_left_share":null,"uploaders_all_right_share":null,"uploaders_without-hosting_delta_pp":null,"uploaders_without-hosting_observed_common_delta_pp":0.0,"uploaders_without-hosting_left_share":null,"uploaders_without-hosting_right_share":null},"geometry":{"type":"Polygon","coordinates":[[[140.92602189653587,35.64782472782194],[140.8277944430691,35.67207187894372],[140.8009397107652,35.7588089894546],[140.87243997557218,35.821424090835905],[140.97090148300856,35.797216835548824],[140.99762828967792,35.71035455991781],[140.92602189653587,35.64782472782194]]]}},{"type":"Feature","properties":{"h3":"852e4483fffffff","countries":["JPN"],"common_intervals":4,"left_observed_intervals":10,"right_observed_intervals":11,"full_window_comparable":false,"expected_intervals":20,"downloaders_all_delta_pp":null,"downloaders_all_observed_common_delta_pp":2.215129973685295e-05,"downloaders_all_left_share":null,"downloaders_all_right_share":null,"downloaders_without-hosting_delta_pp":null,"downloaders_without-hosting_observed_common_delta_pp":2.5181630712239924e-05,"downloaders_without-hosting_left_share":null,"downloaders_without-hosting_right_share":null,"uploaders_all_delta_pp":null,"uploaders_all_observed_common_delta_pp":-0.0001189207702260446,"uploaders_all_left_share":null,"uploaders_all_right_share":null,"uploaders_without-hosting_delta_pp":null,"uploaders_without-hosting_observed_common_delta_pp":-0.00014794475151199535,"uploaders_without-hosting_left_share":null,"uploaders_without-hosting_right_share":null},"geometry":{"type":"Polygon","coordinates":[[[136.33822938579883,36.296363625413086],[136.24357610815207,36.31590207877777],[136.2129175736042,36.39896961796395],[136.2770074946942,36.46262966755197],[136.37188867673075,36.4431523865475],[136.40245166916506,36.35995382373041],[136.33822938579883,36.296363625413086]]]}},{"type":"Feature","properties":{"h3":"852e449bfffffff","countries":["JPN"],"common_intervals":20,"left_observed_intervals":20,"right_observed_intervals":20,"full_window_comparable":true,"expected_intervals":20,"downloaders_all_delta_pp":0.0002029929260545968,"downloaders_all_observed_common_delta_pp":0.0002029929260545968,"downloaders_all_left_share":0.0011861421561971195,"downloaders_all_right_share":0.000983149230142523,"downloaders_without-hosting_delta_pp":0.0002596942491694827,"downloaders_without-hosting_observed_common_delta_pp":0.0002596942491694827,"downloaders_without-hosting_left_share":0.0014097375224814295,"downloaders_without-hosting_right_share":0.001150043273311947,"uploaders_all_delta_pp":-5.273650954334636e-05,"uploaders_all_observed_common_delta_pp":-5.273650954334636e-05,"uploaders_all_left_share":1.786001321640978e-05,"uploaders_all_right_share":7.059652275975614e-05,"uploaders_without-hosting_delta_pp":-7.030858209296364e-05,"uploaders_without-hosting_observed_common_delta_pp":-7.030858209296364e-05,"uploaders_without-hosting_left_share":2.23806774183441e-05,"uploaders_without-hosting_right_share":9.268925951130773e-05},"geometry":{"type":"Polygon","coordinates":[[[136.49733106916918,36.34029557998441],[136.40245166916506,36.35995382373041],[136.37188867673075,36.4431523865475],[136.43630157776448,36.506823501090786],[136.53140964383195,36.487225830035044],[136.56187577663405,36.403896413201025],[136.49733106916918,36.34029557998441]]]}},{"type":"Feature","properties":{"h3":"852e44d3fffffff","countries":["JPN"],"common_intervals":20,"left_observed_intervals":20,"right_observed_intervals":20,"full_window_comparable":true,"expected_intervals":20,"downloaders_all_delta_pp":0.0005884108988756335,"downloaders_all_observed_common_delta_pp":0.0005884108988756335,"downloaders_all_left_share":0.003608087979388902,"downloaders_all_right_share":0.0030196770805132685,"downloaders_without-hosting_delta_pp":0.0007553638445362056,"downloaders_without-hosting_observed_common_delta_pp":0.0007553638445362056,"downloaders_without-hosting_left_share":0.004285301758173563,"downloaders_without-hosting_right_share":0.0035299379136373584,"uploaders_all_delta_pp":-0.00022230852653277894,"uploaders_all_observed_common_delta_pp":-0.00022230852653277894,"uploaders_all_left_share":0.00023444870185111564,"uploaders_all_right_share":0.0004567572283838946,"uploaders_without-hosting_delta_pp":-0.0002392862134649845,"uploaders_without-hosting_observed_common_delta_pp":-0.0002392862134649845,"uploaders_without-hosting_left_share":0.0003370929861395216,"uploaders_without-hosting_right_share":0.000576379199604506},"geometry":{"type":"Polygon","coordinates":[[[136.69148084680722,36.53118775260259],[136.5961463766737,36.55090682700047],[136.56564322436873,36.6342556251542],[136.63057301748202,36.69801581651257],[136.72613794492185,36.67835676192943],[136.7565422512042,36.59487743965532],[136.69148084680722,36.53118775260259]]]}},{"type":"Feature","properties":{"h3":"852e44dbfffffff","countries":["JPN"],"common_intervals":3,"left_observed_intervals":6,"right_observed_intervals":11,"full_window_comparable":false,"expected_intervals":20,"downloaders_all_delta_pp":null,"downloaders_all_observed_common_delta_pp":2.6740382769795194e-05,"downloaders_all_left_share":null,"downloaders_all_right_share":null,"downloaders_without-hosting_delta_pp":null,"downloaders_without-hosting_observed_common_delta_pp":3.6207940838032245e-05,"downloaders_without-hosting_left_share":null,"downloaders_without-hosting_right_share":null,"uploaders_all_delta_pp":null,"uploaders_all_observed_common_delta_pp":0.0,"uploaders_all_left_share":null,"uploaders_all_right_share":null,"uploaders_without-hosting_delta_pp":null,"uploaders_without-hosting_observed_common_delta_pp":0.0,"uploaders_without-hosting_left_share":null,"uploaders_without-hosting_right_share":null},"geometry":{"type":"Polygon","coordinates":[[[136.72613794492185,36.67835676192943],[136.63057301748202,36.69801581651257],[136.60003284614294,36.781382969567694],[136.66515674218837,36.845221378943705],[136.76095316989955,36.82562239337717],[136.79139382799136,36.74212487359949],[136.72613794492185,36.67835676192943]]]}},{"type":"Feature","properties":{"h3":"852e6007fffffff","countries":["JPN"],"common_intervals":20,"left_observed_intervals":20,"right_observed_intervals":20,"full_window_comparable":true,"expected_intervals":20,"downloaders_all_delta_pp":0.0010217204559394364,"downloaders_all_observed_common_delta_pp":0.0010217204559394364,"downloaders_all_left_share":0.007245459972518599,"downloaders_all_right_share":0.006223739516579163,"downloaders_without-hosting_delta_pp":0.001339435195919575,"downloaders_without-hosting_observed_common_delta_pp":0.001339435195919575,"downloaders_without-hosting_left_share":0.00861684006449738,"downloaders_without-hosting_right_share":0.007277404868577804,"uploaders_all_delta_pp":0.0012217999985498378,"uploaders_all_observed_common_delta_pp":0.0012217999985498378,"uploaders_all_left_share":0.001941301829465936,"uploaders_all_right_share":0.0007195018309160979,"uploaders_without-hosting_delta_pp":0.0018557925319737587,"uploaders_without-hosting_observed_common_delta_pp":0.0018557925319737587,"uploaders_without-hosting_left_share":0.0027632300377949145,"uploaders_without-hosting_right_share":0.0009074375058211565},"geometry":{"type":"Polygon","coordinates":[[[136.59942610908405,34.857567446136876],[136.50634432184643,34.87823288771451],[136.47646888308543,34.96154622922328],[136.53976863842334,35.02432586904027],[136.6330702926054,35.00371836710136],[136.66285197913842,34.92027322399559],[136.59942610908405,34.857567446136876]]]}},{"type":"Feature","properties":{"h3":"852e600bfffffff","countries":["JPN"],"common_intervals":20,"left_observed_intervals":20,"right_observed_intervals":20,"full_window_comparable":true,"expected_intervals":20,"downloaders_all_delta_pp":0.0002385913942808316,"downloaders_all_observed_common_delta_pp":0.0002385913942808316,"downloaders_all_left_share":0.0016963044476455812,"downloaders_all_right_share":0.0014577130533647495,"downloaders_without-hosting_delta_pp":0.00031518249766944765,"downloaders_without-hosting_observed_common_delta_pp":0.00031518249766944765,"downloaders_without-hosting_left_share":0.0020191970607586858,"downloaders_without-hosting_right_share":0.001704014563089238,"uploaders_all_delta_pp":-6.614828715473717e-05,"uploaders_all_observed_common_delta_pp":-6.614828715473717e-05,"uploaders_all_left_share":0.0001815755481741775,"uploaders_all_right_share":0.0002477238353289147,"uploaders_without-hosting_delta_pp":-4.798297537241454e-05,"uploaders_without-hosting_observed_common_delta_pp":-4.798297537241454e-05,"uploaders_without-hosting_left_share":0.00026997347118641157,"uploaders_without-hosting_right_share":0.00031795644655882615},"geometry":{"type":"Polygon","coordinates":[[[136.79019983839913,35.045787153657265],[136.69668126346932,35.066512440019245],[136.66686445857405,35.14998772762178],[136.73066150787744,35.21286918292986],[136.8244016305873,35.19220134274641],[136.85412280664565,35.10859454127893],[136.79019983839913,35.045787153657265]]]}},{"type":"Feature","properties":{"h3":"852e600ffffffff","countries":["JPN"],"common_intervals":20,"left_observed_intervals":20,"right_observed_intervals":20,"full_window_comparable":true,"expected_intervals":20,"downloaders_all_delta_pp":6.430139979007016e-05,"downloaders_all_observed_common_delta_pp":6.430139979007016e-05,"downloaders_all_left_share":0.0008484853593694727,"downloaders_all_right_share":0.0007841839595794023,"downloaders_without-hosting_delta_pp":9.264209640564449e-05,"downloaders_without-hosting_observed_common_delta_pp":9.264209640564449e-05,"downloaders_without-hosting_left_share":0.0010106496304417084,"downloaders_without-hosting_right_share":0.0009180075340360638,"uploaders_all_delta_pp":0.0003748078410519114,"uploaders_all_observed_common_delta_pp":0.0003748078410519114,"uploaders_all_left_share":0.0005108786031630536,"uploaders_all_right_share":0.00013607076211114217,"uploaders_without-hosting_delta_pp":0.0005665629454177279,"uploaders_without-hosting_observed_common_delta_pp":0.0005665629454177279,"uploaders_without-hosting_left_share":0.0007336394874201478,"uploaders_without-hosting_right_share":0.00016707654200241978},"geometry":{"type":"Polygon","coordinates":[[[136.6330702926054,35.00371836710136],[136.53976863842334,35.02432586904027],[136.50985746278235,35.107669471866075],[136.57334196436548,35.170537196431646],[136.66686445857405,35.14998772762178],[136.69668126346932,35.066512440019245],[136.6330702926054,35.00371836710136]]]}},{"type":"Feature","properties":{"h3":"852e6013fffffff","countries":["JPN"],"common_intervals":20,"left_observed_intervals":20,"right_observed_intervals":20,"full_window_comparable":true,"expected_intervals":20,"downloaders_all_delta_pp":9.989607727861579e-05,"downloaders_all_observed_common_delta_pp":9.989607727861579e-05,"downloaders_all_left_share":0.000635804003687078,"downloaders_all_right_share":0.0005359079264084623,"downloaders_without-hosting_delta_pp":0.00012961527831450946,"downloaders_without-hosting_observed_common_delta_pp":0.00012961527831450946,"downloaders_without-hosting_left_share":0.0007556116895521966,"downloaders_without-hosting_right_share":0.0006259964112376871,"uploaders_all_delta_pp":0.00016821350948748436,"uploaders_all_observed_common_delta_pp":0.00016821350948748436,"uploaders_all_left_share":0.00026536148836107606,"uploaders_all_right_share":9.71479788735917e-05,"uploaders_without-hosting_delta_pp":0.00027480096078474946,"uploaders_without-hosting_observed_common_delta_pp":0.00027480096078474946,"uploaders_without-hosting_left_share":0.00039722859764759565,"uploaders_without-hosting_right_share":0.00012242763686284608},"geometry":{"type":"Polygon","coordinates":[[[136.87909561230632,34.79498737144015],[136.78580216720889,34.815944836315495],[136.75614998190503,34.899490581032154],[136.8198865230807,34.96221037735728],[136.91340026685668,34.941309589537525],[136.9429568240583,34.857632268605826],[136.87909561230632,34.79498737144015]]]}},{"type":"Feature","properties":{"h3":"852e601bfffffff","countries":["JPN"],"common_intervals":20,"left_observed_intervals":20,"right_observed_intervals":20,"full_window_comparable":true,"expected_intervals":20,"downloaders_all_delta_pp":0.0003735167443608906,"downloaders_all_observed_common_delta_pp":0.0003735167443608906,"downloaders_all_left_share":0.0018416492875178308,"downloaders_all_right_share":0.0014681325431569402,"downloaders_without-hosting_delta_pp":0.0004733530604881262,"downloaders_without-hosting_observed_common_delta_pp":0.0004733530604881262,"downloaders_without-hosting_left_share":0.002189474849143541,"downloaders_without-hosting_right_share":0.0017161217886554141,"uploaders_all_delta_pp":-0.0002815048892866738,"uploaders_all_observed_common_delta_pp":-0.0002815048892866738,"uploaders_all_left_share":0.00020502672598890457,"uploaders_all_right_share":0.0004865316152755783,"uploaders_without-hosting_delta_pp":-0.00030687561352167326,"uploaders_without-hosting_observed_common_delta_pp":-0.00030687561352167326,"uploaders_without-hosting_left_share":0.0002988107850660887,"uploaders_without-hosting_right_share":0.0006056863985877619},"geometry":{"type":"Polygon","coordinates":[[[136.91340026685668,34.941309589537525],[136.8198865230807,34.96221037735728],[136.79019983839913,35.045787153657265],[136.85412280664565,35.10859454127893],[136.94785782119644,35.087750520339895],[136.97744824766863,35.004042285787854],[136.91340026685668,34.941309589537525]]]}},{"type":"Feature","properties":{"h3":"852e6027fffffff","countries":["JPN"],"common_intervals":20,"left_observed_intervals":20,"right_observed_intervals":20,"full_window_comparable":true,"expected_intervals":20,"downloaders_all_delta_pp":0.00015662375099784778,"downloaders_all_observed_common_delta_pp":0.00015662375099784778,"downloaders_all_left_share":0.0004933633457091087,"downloaders_all_right_share":0.0003367395947112609,"downloaders_without-hosting_delta_pp":0.00019372036242290184,"downloaders_without-hosting_observed_common_delta_pp":0.00019372036242290184,"downloaders_without-hosting_left_share":0.0005868010548128679,"downloaders_without-hosting_right_share":0.000393080692389966,"uploaders_all_delta_pp":3.515940228903395e-05,"uploaders_all_observed_common_delta_pp":3.515940228903395e-05,"uploaders_all_left_share":6.651660472486144e-05,"uploaders_all_right_share":3.1357202435827485e-05,"uploaders_without-hosting_delta_pp":5.242233975483443e-05,"uploaders_without-hosting_observed_common_delta_pp":5.242233975483443e-05,"uploaders_without-hosting_left_share":9.380210670398696e-05,"uploaders_without-hosting_right_share":4.137976694915254e-05},"geometry":{"type":"Polygon","coordinates":[[[136.16484912265952,34.87690011238165],[136.07220093614188,34.897159933016155],[136.04201412814706,34.98010752080819],[136.10456580239585,35.042927381772024],[136.19743266727218,35.022727314893636],[136.22752883753517,34.939647568389375],[136.16484912265952,34.87690011238165]]]}},{"type":"Feature","properties":{"h3":"852e602ffffffff","countries":["JPN"],"common_intervals":19,"left_observed_intervals":20,"right_observed_intervals":19,"full_window_comparable":false,"expected_intervals":20,"downloaders_all_delta_pp":null,"downloaders_all_observed_common_delta_pp":7.286264109552842e-05,"downloaders_all_left_share":null,"downloaders_all_right_share":null,"downloaders_without-hosting_delta_pp":null,"downloaders_without-hosting_observed_common_delta_pp":9.366856946538694e-05,"downloaders_without-hosting_left_share":null,"downloaders_without-hosting_right_share":null,"uploaders_all_delta_pp":null,"uploaders_all_observed_common_delta_pp":-8.114591983541372e-06,"uploaders_all_left_share":null,"uploaders_all_right_share":null,"uploaders_without-hosting_delta_pp":null,"uploaders_without-hosting_observed_common_delta_pp":-9.577947073056889e-06,"uploaders_without-hosting_left_share":null,"uploaders_without-hosting_right_share":null},"geometry":{"type":"Polygon","coordinates":[[[136.19743266727218,35.022727314893636],[136.10456580239585,35.042927381772024],[136.07434143549187,35.12590457615951],[136.13707482528977,35.188813684758166],[136.23016133950108,35.16867347261361],[136.2602944702487,35.085564232828126],[136.19743266727218,35.022727314893636]]]}},{"type":"Feature","properties":{"h3":"852e6033fffffff","countries":["JPN"],"common_intervals":4,"left_observed_intervals":10,"right_observed_intervals":8,"full_window_comparable":false,"expected_intervals":20,"downloaders_all_delta_pp":null,"downloaders_all_observed_common_delta_pp":4.245028963336363e-05,"downloaders_all_left_share":null,"downloaders_all_right_share":null,"downloaders_without-hosting_delta_pp":null,"downloaders_without-hosting_observed_common_delta_pp":5.1739182734197396e-05,"downloaders_without-hosting_left_share":null,"downloaders_without-hosting_right_share":null,"uploaders_all_delta_pp":null,"uploaders_all_observed_common_delta_pp":0.0,"uploaders_all_left_share":null,"uploaders_all_right_share":null,"uploaders_without-hosting_delta_pp":null,"uploaders_without-hosting_observed_common_delta_pp":0.0,"uploaders_without-hosting_left_share":null,"uploaders_without-hosting_right_share":null},"geometry":{"type":"Polygon","coordinates":[[[136.44322834296975,34.81554223753153],[136.35036322772834,34.8360914183438],[136.32039527956456,34.919272796332],[136.38338461255032,34.982036894040554],[136.47646888308543,34.96154622922328],[136.50634432184643,34.87823288771451],[136.44322834296975,34.81554223753153]]]}},{"type":"Feature","properties":{"h3":"852e6043fffffff","countries":["JPN"],"common_intervals":20,"left_observed_intervals":20,"right_observed_intervals":20,"full_window_comparable":true,"expected_intervals":20,"downloaders_all_delta_pp":0.0006548798674346013,"downloaders_all_observed_common_delta_pp":0.0006548798674346013,"downloaders_all_left_share":0.004145011701829319,"downloaders_all_right_share":0.0034901318343947183,"downloaders_without-hosting_delta_pp":0.0008485292432542657,"downloaders_without-hosting_observed_common_delta_pp":0.0008485292432542657,"downloaders_without-hosting_left_share":0.004929464593911301,"downloaders_without-hosting_right_share":0.004080935350657036,"uploaders_all_delta_pp":0.0006888668513771877,"uploaders_all_observed_common_delta_pp":0.0006888668513771877,"uploaders_all_left_share":0.0010803178191973032,"uploaders_all_right_share":0.0003914509678201154,"uploaders_without-hosting_delta_pp":0.0010836403865050086,"uploaders_without-hosting_observed_common_delta_pp":0.0010836403865050086,"uploaders_without-hosting_left_share":0.0015778997808023401,"uploaders_without-hosting_right_share":0.0004942593942973313},"geometry":{"type":"Polygon","coordinates":[[[136.98246927475395,35.234308232759986],[136.88851201136455,35.255095401179524],[136.8587563531459,35.33873121805916],[136.9230551391524,35.40171101930379],[137.01723563545605,35.38098078481659],[137.04689375904863,35.297213757309706],[136.98246927475395,35.234308232759986]]]}},{"type":"Feature","properties":{"h3":"852e6047fffffff","countries":["JPN"],"common_intervals":20,"left_observed_intervals":20,"right_observed_intervals":20,"full_window_comparable":true,"expected_intervals":20,"downloaders_all_delta_pp":0.0009865953831179276,"downloaders_all_observed_common_delta_pp":0.0009865953831179276,"downloaders_all_left_share":0.007420487382502732,"downloaders_all_right_share":0.006433891999384804,"downloaders_without-hosting_delta_pp":0.0013017784162077525,"downloaders_without-hosting_observed_common_delta_pp":0.0013017784162077525,"downloaders_without-hosting_left_share":0.008822492231296195,"downloaders_without-hosting_right_share":0.0075207138150884395,"uploaders_all_delta_pp":0.0008699272273016333,"uploaders_all_observed_common_delta_pp":0.0008699272273016333,"uploaders_all_left_share":0.0015941323026388951,"uploaders_all_right_share":0.0007242050753372617,"uploaders_without-hosting_delta_pp":0.001389126862748567,"uploaders_without-hosting_observed_common_delta_pp":0.001389126862748567,"uploaders_without-hosting_left_share":0.002301586508634643,"uploaders_without-hosting_right_share":0.0009124596458860759},"geometry":{"type":"Polygon","coordinates":[[[136.8244016305873,35.19220134274641],[136.73066150787744,35.21286918292986],[136.70080958846987,35.29637360915885],[136.7647937010262,35.35934152668772],[136.8587563531459,35.33873121805916],[136.88851201136455,35.255095401179524],[136.8244016305873,35.19220134274641]]]}},{"type":"Feature","properties":{"h3":"852e604bfffffff","countries":["JPN"],"common_intervals":20,"left_observed_intervals":20,"right_observed_intervals":20,"full_window_comparable":true,"expected_intervals":20,"downloaders_all_delta_pp":3.1934672552496154e-05,"downloaders_all_observed_common_delta_pp":3.1934672552496154e-05,"downloaders_all_left_share":0.0010149467486933184,"downloaders_all_right_share":0.0009830120761408219,"downloaders_without-hosting_delta_pp":5.9402259268508855e-05,"downloaders_without-hosting_observed_common_delta_pp":5.9402259268508855e-05,"downloaders_without-hosting_left_share":0.001206666362254019,"downloaders_without-hosting_right_share":0.0011472641029855101,"uploaders_all_delta_pp":-0.0002971808209720961,"uploaders_all_observed_common_delta_pp":-0.0002971808209720961,"uploaders_all_left_share":0.00014821264864627777,"uploaders_all_right_share":0.0004453934696183738,"uploaders_without-hosting_delta_pp":-0.0003557508890557911,"uploaders_without-hosting_observed_common_delta_pp":-0.0003557508890557911,"uploaders_without-hosting_left_share":0.0002045107848834097,"uploaders_without-hosting_right_share":0.0005602616739392009},"geometry":{"type":"Polygon","coordinates":[[[137.01723563545605,35.38098078481659],[136.9230551391524,35.40171101930379],[136.89326500922658,35.485374838576995],[136.95775320046565,35.54843944715558],[137.05215791981541,35.52776622374833],[137.08184986869338,35.44397132348708],[137.01723563545605,35.38098078481659]]]}},{"type":"Feature","properties":{"h3":"852e604ffffffff","countries":["JPN"],"common_intervals":20,"left_observed_intervals":20,"right_observed_intervals":20,"full_window_comparable":true,"expected_intervals":20,"downloaders_all_delta_pp":0.0010763412092136744,"downloaders_all_observed_common_delta_pp":0.0010763412092136744,"downloaders_all_left_share":0.005230654993538409,"downloaders_all_right_share":0.004154313784324735,"downloaders_without-hosting_delta_pp":0.001364011960092636,"downloaders_without-hosting_observed_common_delta_pp":0.001364011960092636,"downloaders_without-hosting_left_share":0.006221638115260975,"downloaders_without-hosting_right_share":0.004857626155168339,"uploaders_all_delta_pp":0.0017007882218843962,"uploaders_all_observed_common_delta_pp":0.0017007882218843962,"uploaders_all_left_share":0.0023970711601399813,"uploaders_all_right_share":0.0006962829382555857,"uploaders_without-hosting_delta_pp":0.0025896629611714544,"uploaders_without-hosting_observed_common_delta_pp":0.0025896629611714544,"uploaders_without-hosting_left_share":0.003475618670246111,"uploaders_without-hosting_right_share":0.000885955709074656},"geometry":{"type":"Polygon","coordinates":[[[136.8587563531459,35.33873121805916],[136.7647937010262,35.35934152668772],[136.73490667213693,35.44287408239812],[136.79907884000934,35.50592753451441],[136.89326500922658,35.485374838576995],[136.9230551391524,35.40171101930379],[136.8587563531459,35.33873121805916]]]}},{"type":"Feature","properties":{"h3":"852e6053fffffff","countries":["JPN"],"common_intervals":20,"left_observed_intervals":20,"right_observed_intervals":20,"full_window_comparable":true,"expected_intervals":20,"downloaders_all_delta_pp":0.0004538781971960377,"downloaders_all_observed_common_delta_pp":0.0004538781971960377,"downloaders_all_left_share":0.0022399719958686114,"downloaders_all_right_share":0.0017860937986725744,"downloaders_without-hosting_delta_pp":0.0005453395214649254,"downloaders_without-hosting_observed_common_delta_pp":0.0005453395214649254,"downloaders_without-hosting_left_share":0.002600986308223513,"downloaders_without-hosting_right_share":0.002055646786758587,"uploaders_all_delta_pp":0.00015649480478268951,"uploaders_all_observed_common_delta_pp":0.00015649480478268951,"uploaders_all_left_share":0.0003155912635773092,"uploaders_all_right_share":0.00015909645879461976,"uploaders_without-hosting_delta_pp":0.0001216840323853002,"uploaders_without-hosting_observed_common_delta_pp":0.0001216840323853002,"uploaders_without-hosting_left_share":0.0003250273905180315,"uploaders_without-hosting_right_share":0.00020334335813273135},"geometry":{"type":"Polygon","coordinates":[[[137.10604451174453,35.12960638647306],[137.0120935571136,35.1505700949067],[136.98246927475395,35.234308232759986],[137.04689375904863,35.297213757309706],[137.1410676567032,35.27630630102725],[137.17059377379906,35.19243701089471],[137.10604451174453,35.12960638647306]]]}},{"type":"Feature","properties":{"h3":"852e6057fffffff","countries":["JPN"],"common_intervals":20,"left_observed_intervals":20,"right_observed_intervals":20,"full_window_comparable":true,"expected_intervals":20,"downloaders_all_delta_pp":0.008334294121368513,"downloaders_all_observed_common_delta_pp":0.008334294121368513,"downloaders_all_left_share":0.05954304648908665,"downloaders_all_right_share":0.05120875236771816,"downloaders_without-hosting_delta_pp":0.01096214757786492,"downloaders_without-hosting_observed_common_delta_pp":0.01096214757786492,"downloaders_without-hosting_left_share":0.07078762744580559,"downloaders_without-hosting_right_share":0.05982547986794069,"uploaders_all_delta_pp":0.004842172632263712,"uploaders_all_observed_common_delta_pp":0.004842172632263712,"uploaders_all_left_share":0.017535177933205217,"uploaders_all_right_share":0.012693005300941501,"uploaders_without-hosting_delta_pp":0.009017226904907086,"uploaders_without-hosting_observed_common_delta_pp":0.009017226904907086,"uploaders_without-hosting_left_share":0.025059688676461817,"uploaders_without-hosting_right_share":0.016042461771554734},"geometry":{"type":"Polygon","coordinates":[[[136.94785782119644,35.087750520339895],[136.85412280664565,35.10859454127893],[136.8244016305873,35.19220134274641],[136.88851201136455,35.255095401179524],[136.98246927475395,35.234308232759986],[137.0120935571136,35.1505700949067],[136.94785782119644,35.087750520339895]]]}},{"type":"Feature","properties":{"h3":"852e605bfffffff","countries":["JPN"],"common_intervals":20,"left_observed_intervals":20,"right_observed_intervals":20,"full_window_comparable":true,"expected_intervals":20,"downloaders_all_delta_pp":0.0005460310510867891,"downloaders_all_observed_common_delta_pp":0.0005460310510867891,"downloaders_all_left_share":0.0033994231663492082,"downloaders_all_right_share":0.0028533921152624187,"downloaders_without-hosting_delta_pp":0.000645063598915124,"downloaders_without-hosting_observed_common_delta_pp":0.000645063598915124,"downloaders_without-hosting_left_share":0.003886370878089085,"downloaders_without-hosting_right_share":0.003241307279173962,"uploaders_all_delta_pp":0.0018820583093576606,"uploaders_all_observed_common_delta_pp":0.0018820583093576606,"uploaders_all_left_share":0.0025361474855460824,"uploaders_all_right_share":0.0006540891761884216,"uploaders_without-hosting_delta_pp":0.0023874495551373404,"uploaders_without-hosting_observed_common_delta_pp":0.0023874495551373404,"uploaders_without-hosting_left_share":0.003216791843867704,"uploaders_without-hosting_right_share":0.0008293422887303643},"geometry":{"type":"Polygon","coordinates":[[[137.1410676567032,35.27630630102725],[137.04689375904863,35.297213757309706],[137.01723563545605,35.38098078481659],[137.08184986869338,35.44397132348708],[137.1762476958018,35.42312019678088],[137.20580700459297,35.3392221453255],[137.1410676567032,35.27630630102725]]]}},{"type":"Feature","properties":{"h3":"852e6063fffffff","countries":["JPN"],"common_intervals":4,"left_observed_intervals":7,"right_observed_intervals":8,"full_window_comparable":false,"expected_intervals":20,"downloaders_all_delta_pp":null,"downloaders_all_observed_common_delta_pp":5.3419022732394503e-05,"downloaders_all_left_share":null,"downloaders_all_right_share":null,"downloaders_without-hosting_delta_pp":null,"downloaders_without-hosting_observed_common_delta_pp":6.716567006613256e-05,"downloaders_without-hosting_left_share":null,"downloaders_without-hosting_right_share":null,"uploaders_all_delta_pp":null,"uploaders_all_observed_common_delta_pp":0.0001995386666028143,"uploaders_all_left_share":null,"uploaders_all_right_share":null,"uploaders_without-hosting_delta_pp":null,"uploaders_without-hosting_observed_common_delta_pp":0.00027784569561448353,"uploaders_without-hosting_left_share":null,"uploaders_without-hosting_right_share":null},"geometry":{"type":"Polygon","coordinates":[[[136.5433950503992,35.25391005858168],[136.44986955188065,35.27428340342422],[136.41979254387843,35.35755291071557],[136.4833350392515,35.420580620921776],[136.57708262252842,35.40026607172025],[136.60706527513972,35.31686495552459],[136.5433950503992,35.25391005858168]]]}},{"type":"Feature","properties":{"h3":"852e6067fffffff","countries":["JPN"],"common_intervals":3,"left_observed_intervals":7,"right_observed_intervals":5,"full_window_comparable":false,"expected_intervals":20,"downloaders_all_delta_pp":null,"downloaders_all_observed_common_delta_pp":8.799321342363302e-05,"downloaders_all_left_share":null,"downloaders_all_right_share":null,"downloaders_without-hosting_delta_pp":null,"downloaders_without-hosting_observed_common_delta_pp":0.00011019012232412633,"downloaders_without-hosting_left_share":null,"downloaders_without-hosting_right_share":null,"uploaders_all_delta_pp":null,"uploaders_all_observed_common_delta_pp":0.0,"uploaders_all_left_share":null,"uploaders_all_right_share":null,"uploaders_without-hosting_delta_pp":null,"uploaders_without-hosting_observed_common_delta_pp":0.0,"uploaders_without-hosting_left_share":null,"uploaders_without-hosting_right_share":null},"geometry":{"type":"Polygon","coordinates":[[[136.3865124177246,35.211342654487694],[136.29320619164645,35.231598955600944],[136.26303608960936,35.31473669110008],[136.32626495907184,35.37774983484571],[136.41979254387843,35.35755291071557],[136.44986955188065,35.27428340342422],[136.3865124177246,35.211342654487694]]]}},{"type":"Feature","properties":{"h3":"852e606bfffffff","countries":["JPN"],"common_intervals":12,"left_observed_intervals":18,"right_observed_intervals":13,"full_window_comparable":false,"expected_intervals":20,"downloaders_all_delta_pp":null,"downloaders_all_observed_common_delta_pp":-9.122596903140825e-06,"downloaders_all_left_share":null,"downloaders_all_right_share":null,"downloaders_without-hosting_delta_pp":null,"downloaders_without-hosting_observed_common_delta_pp":-5.291213947158477e-06,"downloaders_without-hosting_left_share":null,"downloaders_without-hosting_right_share":null,"uploaders_all_delta_pp":null,"uploaders_all_observed_common_delta_pp":6.679812537740942e-05,"uploaders_all_left_share":null,"uploaders_all_right_share":null,"uploaders_without-hosting_delta_pp":null,"uploaders_without-hosting_observed_common_delta_pp":9.514675435391549e-05,"uploaders_without-hosting_left_share":null,"uploaders_without-hosting_right_share":null},"geometry":{"type":"Polygon","coordinates":[[[136.57708262252842,35.40026607172025],[136.4833350392515,35.420580620921776],[136.45322166750736,35.50387749968595],[136.51695050743393,35.566991251721284],[136.61092116410234,35.546735582971955],[136.64093955453222,35.46330722121938],[136.57708262252842,35.40026607172025]]]}},{"type":"Feature","properties":{"h3":"852e6073fffffff","countries":["JPN"],"common_intervals":8,"left_observed_intervals":11,"right_observed_intervals":11,"full_window_comparable":false,"expected_intervals":20,"downloaders_all_delta_pp":null,"downloaders_all_observed_common_delta_pp":3.821238660997762e-05,"downloaders_all_left_share":null,"downloaders_all_right_share":null,"downloaders_without-hosting_delta_pp":null,"downloaders_without-hosting_observed_common_delta_pp":4.88777191027416e-05,"downloaders_without-hosting_left_share":null,"downloaders_without-hosting_right_share":null,"uploaders_all_delta_pp":null,"uploaders_all_observed_common_delta_pp":0.0001698221192343627,"uploaders_all_left_share":null,"uploaders_all_right_share":null,"uploaders_without-hosting_delta_pp":null,"uploaders_without-hosting_observed_common_delta_pp":0.00021165049648381328,"uploaders_without-hosting_left_share":null,"uploaders_without-hosting_right_share":null},"geometry":{"type":"Polygon","coordinates":[[[136.66686445857405,35.14998772762178],[136.57334196436548,35.170537196431646],[136.5433950503992,35.25391005858168],[136.60706527513972,35.31686495552459],[136.70080958846987,35.29637360915885],[136.73066150787744,35.21286918292986],[136.66686445857405,35.14998772762178]]]}},{"type":"Feature","properties":{"h3":"852e607bfffffff","countries":["JPN"],"common_intervals":20,"left_observed_intervals":20,"right_observed_intervals":20,"full_window_comparable":true,"expected_intervals":20,"downloaders_all_delta_pp":0.00021038570603626222,"downloaders_all_observed_common_delta_pp":0.00021038570603626222,"downloaders_all_left_share":0.0015471277294350737,"downloaders_all_right_share":0.0013367420233988112,"downloaders_without-hosting_delta_pp":0.00023559261588447083,"downloaders_without-hosting_observed_common_delta_pp":0.00023559261588447083,"downloaders_without-hosting_left_share":0.0016344919333141183,"downloaders_without-hosting_right_share":0.0013988993174296478,"uploaders_all_delta_pp":4.7771206596370905e-05,"uploaders_all_observed_common_delta_pp":4.7771206596370905e-05,"uploaders_all_left_share":0.0002591012608577184,"uploaders_all_right_share":0.00021133005426134756,"uploaders_without-hosting_delta_pp":-1.4862853183633522e-05,"uploaders_without-hosting_observed_common_delta_pp":-1.4862853183633522e-05,"uploaders_without-hosting_left_share":0.00025409874979717787,"uploaders_without-hosting_right_share":0.00026896160298081135},"geometry":{"type":"Polygon","coordinates":[[[136.70080958846987,35.29637360915885],[136.60706527513972,35.31686495552459],[136.57708262252842,35.40026607172025],[136.64093955453222,35.46330722121938],[136.73490667213693,35.44287408239812],[136.7647937010262,35.35934152668772],[136.70080958846987,35.29637360915885]]]}},{"type":"Feature","properties":{"h3":"852e608bfffffff","countries":["JPN"],"common_intervals":2,"left_observed_intervals":6,"right_observed_intervals":4,"full_window_comparable":false,"expected_intervals":20,"downloaders_all_delta_pp":null,"downloaders_all_observed_common_delta_pp":4.26924839319926e-05,"downloaders_all_left_share":null,"downloaders_all_right_share":null,"downloaders_without-hosting_delta_pp":null,"downloaders_without-hosting_observed_common_delta_pp":5.696589785617001e-05,"downloaders_without-hosting_left_share":null,"downloaders_without-hosting_right_share":null,"uploaders_all_delta_pp":null,"uploaders_all_observed_common_delta_pp":0.0,"uploaders_all_left_share":null,"uploaders_all_right_share":null,"uploaders_without-hosting_delta_pp":null,"uploaders_without-hosting_observed_common_delta_pp":0.0,"uploaders_without-hosting_left_share":null,"uploaders_without-hosting_right_share":null},"geometry":{"type":"Polygon","coordinates":[[[137.00190627237185,34.69021001301841],[136.90861828810378,34.711341971043495],[136.87909561230632,34.79498737144015],[136.9429568240583,34.857632268605826],[137.0364648279395,34.83655630510938],[137.06589125425458,34.75277939088288],[137.00190627237185,34.69021001301841]]]}},{"type":"Feature","properties":{"h3":"852e6097fffffff","countries":["JPN"],"common_intervals":0,"left_observed_intervals":1,"right_observed_intervals":1,"full_window_comparable":false,"expected_intervals":20,"downloaders_all_delta_pp":null,"downloaders_all_observed_common_delta_pp":null,"downloaders_all_left_share":null,"downloaders_all_right_share":null,"downloaders_without-hosting_delta_pp":null,"downloaders_without-hosting_observed_common_delta_pp":null,"downloaders_without-hosting_left_share":null,"downloaders_without-hosting_right_share":null,"uploaders_all_delta_pp":null,"uploaders_all_observed_common_delta_pp":null,"uploaders_all_left_share":null,"uploaders_all_right_share":null,"uploaders_without-hosting_delta_pp":null,"uploaders_without-hosting_observed_common_delta_pp":null,"uploaders_without-hosting_left_share":null,"uploaders_without-hosting_right_share":null},"geometry":{"type":"Polygon","coordinates":[[[136.93324675548504,34.39788452957764],[136.8403959283125,34.41912818999693],[136.81094104683135,34.50270674257188],[136.87443165001645,34.56517330970303],[136.96750057732677,34.54398545133992],[136.99686045971,34.4602751635408],[136.93324675548504,34.39788452957764]]]}},{"type":"Feature","properties":{"h3":"852e60a3fffffff","countries":["JPN"],"common_intervals":20,"left_observed_intervals":20,"right_observed_intervals":20,"full_window_comparable":true,"expected_intervals":20,"downloaders_all_delta_pp":0.0001320024614711406,"downloaders_all_observed_common_delta_pp":0.0001320024614711406,"downloaders_all_left_share":0.0007364129748696265,"downloaders_all_right_share":0.0006044105133984862,"downloaders_without-hosting_delta_pp":0.00016955267096652136,"downloaders_without-hosting_observed_common_delta_pp":0.00016955267096652136,"downloaders_without-hosting_left_share":0.0008757853343712592,"downloaders_without-hosting_right_share":0.0007062326634047378,"uploaders_all_delta_pp":-5.194689918780445e-05,"uploaders_all_observed_common_delta_pp":-5.194689918780445e-05,"uploaders_all_left_share":3.903480219887233e-05,"uploaders_all_right_share":9.098170138667675e-05,"uploaders_without-hosting_delta_pp":-6.570743700662417e-05,"uploaders_without-hosting_observed_common_delta_pp":-6.570743700662417e-05,"uploaders_without-hosting_left_share":4.901839629017166e-05,"uploaders_without-hosting_right_share":0.00011472583329679583},"geometry":{"type":"Polygon","coordinates":[[[136.53258380477405,34.56562854249251],[136.43993885600722,34.58640956637435],[136.41013488226605,34.66965939278769],[136.4730680474021,34.732260155971886],[136.5659309348092,34.71153687238137],[136.59564237768922,34.628155022404634],[136.53258380477405,34.56562854249251]]]}},{"type":"Feature","properties":{"h3":"852e60abfffffff","countries":["JPN"],"common_intervals":20,"left_observed_intervals":20,"right_observed_intervals":20,"full_window_comparable":true,"expected_intervals":20,"downloaders_all_delta_pp":0.0005791667560962027,"downloaders_all_observed_common_delta_pp":0.0005791667560962027,"downloaders_all_left_share":0.0038536885321588028,"downloaders_all_right_share":0.0032745217760626,"downloaders_without-hosting_delta_pp":0.0007532134793828782,"downloaders_without-hosting_observed_common_delta_pp":0.0007532134793828782,"downloaders_without-hosting_left_share":0.004566716006484647,"downloaders_without-hosting_right_share":0.0038135025271017696,"uploaders_all_delta_pp":0.0006477170844055756,"uploaders_all_observed_common_delta_pp":0.0006477170844055756,"uploaders_all_left_share":0.0009334394816927414,"uploaders_all_right_share":0.0002857223972871658,"uploaders_without-hosting_delta_pp":0.001000412144075998,"uploaders_without-hosting_observed_common_delta_pp":0.001000412144075998,"uploaders_without-hosting_left_share":0.0013637248346259942,"uploaders_without-hosting_right_share":0.0003633126905499963},"geometry":{"type":"Polygon","coordinates":[[[136.5659309348092,34.71153687238137],[136.4730680474021,34.732260155971886],[136.44322834296975,34.81554223753153],[136.50634432184643,34.87823288771451],[136.59942610908405,34.857567446136876],[136.62917267456535,34.77415345004803],[136.5659309348092,34.71153687238137]]]}},{"type":"Feature","properties":{"h3":"852e60b3fffffff","countries":["JPN"],"common_intervals":9,"left_observed_intervals":12,"right_observed_intervals":11,"full_window_comparable":false,"expected_intervals":20,"downloaders_all_delta_pp":null,"downloaders_all_observed_common_delta_pp":-1.8272849078565983e-06,"downloaders_all_left_share":null,"downloaders_all_right_share":null,"downloaders_without-hosting_delta_pp":null,"downloaders_without-hosting_observed_common_delta_pp":6.918621181949953e-07,"downloaders_without-hosting_left_share":null,"downloaders_without-hosting_right_share":null,"uploaders_all_delta_pp":null,"uploaders_all_observed_common_delta_pp":0.0,"uploaders_all_left_share":null,"uploaders_all_right_share":null,"uploaders_without-hosting_delta_pp":null,"uploaders_without-hosting_observed_common_delta_pp":0.0,"uploaders_without-hosting_left_share":null,"uploaders_without-hosting_right_share":null},"geometry":{"type":"Polygon","coordinates":[[[136.65490220513743,34.46132570032929],[136.56226012462324,34.48227983422425],[136.53258380477405,34.56562854249251],[136.59564237768922,34.628155022404634],[136.68850213915033,34.60725795157359],[136.71808530645305,34.52377727553736],[136.65490220513743,34.46132570032929]]]}},{"type":"Feature","properties":{"h3":"852e60b7fffffff","countries":["JPN"],"common_intervals":0,"left_observed_intervals":0,"right_observed_intervals":1,"full_window_comparable":false,"expected_intervals":20,"downloaders_all_delta_pp":null,"downloaders_all_observed_common_delta_pp":null,"downloaders_all_left_share":null,"downloaders_all_right_share":null,"downloaders_without-hosting_delta_pp":null,"downloaders_without-hosting_observed_common_delta_pp":null,"downloaders_without-hosting_left_share":null,"downloaders_without-hosting_right_share":null,"uploaders_all_delta_pp":null,"uploaders_all_observed_common_delta_pp":null,"uploaders_all_left_share":null,"uploaders_all_right_share":null,"uploaders_without-hosting_delta_pp":null,"uploaders_without-hosting_observed_common_delta_pp":null,"uploaders_without-hosting_left_share":null,"uploaders_without-hosting_right_share":null},"geometry":{"type":"Polygon","coordinates":[[[136.49938376208215,34.41984434202532],[136.40695579664484,34.44068300042138],[136.37718754889067,34.523899579999295],[136.43993885600722,34.58640956637435],[136.53258380477405,34.56562854249251],[136.56226012462324,34.48227983422425],[136.49938376208215,34.41984434202532]]]}},{"type":"Feature","properties":{"h3":"852e60c3fffffff","countries":["JPN"],"common_intervals":20,"left_observed_intervals":20,"right_observed_intervals":20,"full_window_comparable":true,"expected_intervals":20,"downloaders_all_delta_pp":0.0012091741306556824,"downloaders_all_observed_common_delta_pp":0.0012091741306556824,"downloaders_all_left_share":0.0067468168622878254,"downloaders_all_right_share":0.005537642731632144,"downloaders_without-hosting_delta_pp":0.0015559715360977367,"downloaders_without-hosting_observed_common_delta_pp":0.0015559715360977367,"downloaders_without-hosting_left_share":0.008027845049645198,"downloaders_without-hosting_right_share":0.00647187351354746,"uploaders_all_delta_pp":0.0005432627491426821,"uploaders_all_observed_common_delta_pp":0.0005432627491426821,"uploaders_all_left_share":0.0015283154761370678,"uploaders_all_right_share":0.0009850527269943858,"uploaders_without-hosting_delta_pp":0.0010466198139056685,"uploaders_without-hosting_observed_common_delta_pp":0.0010466198139056685,"uploaders_without-hosting_left_share":0.0022596637534497213,"uploaders_without-hosting_right_share":0.0012130439395440528},"geometry":{"type":"Polygon","coordinates":[[[137.1943589725958,34.87801828435463],[137.10063691423812,34.89921368871647],[137.0711772396969,34.98302240687908],[137.13553741698115,35.045766875210546],[137.22948114608295,35.02462695630776],[137.25884267683978,34.940687026529574],[137.1943589725958,34.87801828435463]]]}},{"type":"Feature","properties":{"h3":"852e60c7fffffff","countries":["JPN"],"common_intervals":20,"left_observed_intervals":20,"right_observed_intervals":20,"full_window_comparable":true,"expected_intervals":20,"downloaders_all_delta_pp":0.0004531190336196721,"downloaders_all_observed_common_delta_pp":0.0004531190336196721,"downloaders_all_left_share":0.0033899936270119146,"downloaders_all_right_share":0.0029368745933922432,"downloaders_without-hosting_delta_pp":0.0006040466015191946,"downloaders_without-hosting_observed_common_delta_pp":0.0006040466015191946,"downloaders_without-hosting_left_share":0.004032112122761998,"downloaders_without-hosting_right_share":0.0034280655212428025,"uploaders_all_delta_pp":-9.73114345136216e-05,"uploaders_all_observed_common_delta_pp":-9.73114345136216e-05,"uploaders_all_left_share":0.0005284155255037636,"uploaders_all_right_share":0.0006257269600173852,"uploaders_without-hosting_delta_pp":-2.420400777260912e-05,"uploaders_without-hosting_observed_common_delta_pp":-2.420400777260912e-05,"uploaders_without-hosting_left_share":0.0007162034581895146,"uploaders_without-hosting_right_share":0.0007404074659621239},"geometry":{"type":"Polygon","coordinates":[[[137.0364648279395,34.83655630510938],[136.9429568240583,34.857632268605826],[136.91340026685668,34.941309589537525],[136.97744824766863,35.004042285787854],[137.0711772396969,34.98302240687908],[137.10063691423812,34.89921368871647],[137.0364648279395,34.83655630510938]]]}},{"type":"Feature","properties":{"h3":"852e60cbfffffff","countries":["JPN"],"common_intervals":20,"left_observed_intervals":20,"right_observed_intervals":20,"full_window_comparable":true,"expected_intervals":20,"downloaders_all_delta_pp":0.001190273354554119,"downloaders_all_observed_common_delta_pp":0.001190273354554119,"downloaders_all_left_share":0.005905421388539502,"downloaders_all_right_share":0.004715148033985382,"downloaders_without-hosting_delta_pp":0.0014840084076637756,"downloaders_without-hosting_observed_common_delta_pp":0.0014840084076637756,"downloaders_without-hosting_left_share":0.006770886993238941,"downloaders_without-hosting_right_share":0.005286878585575165,"uploaders_all_delta_pp":0.00031275167569539867,"uploaders_all_observed_common_delta_pp":0.00031275167569539867,"uploaders_all_left_share":0.000677656239469372,"uploaders_all_right_share":0.0003649045637739732,"uploaders_without-hosting_delta_pp":0.0005019858141275958,"uploaders_without-hosting_observed_common_delta_pp":0.0005019858141275958,"uploaders_without-hosting_left_share":0.0009818058085993829,"uploaders_without-hosting_right_share":0.00047981999447178696},"geometry":{"type":"Polygon","coordinates":[[[137.22948114608295,35.02462695630776],[137.13553741698115,35.045766875210546],[137.10604451174453,35.12960638647306],[137.17059377379906,35.19243701089471],[137.2647601503694,35.17135265937666],[137.2941542647447,35.08738205960452],[137.22948114608295,35.02462695630776]]]}},{"type":"Feature","properties":{"h3":"852e60cffffffff","countries":["JPN"],"common_intervals":20,"left_observed_intervals":20,"right_observed_intervals":20,"full_window_comparable":true,"expected_intervals":20,"downloaders_all_delta_pp":0.0003158887433680936,"downloaders_all_observed_common_delta_pp":0.0003158887433680936,"downloaders_all_left_share":0.0012597217694289575,"downloaders_all_right_share":0.0009438330260608639,"downloaders_without-hosting_delta_pp":0.00039530901483982706,"downloaders_without-hosting_observed_common_delta_pp":0.00039530901483982706,"downloaders_without-hosting_left_share":0.001498632896575048,"downloaders_without-hosting_right_share":0.0011033238817352213,"uploaders_all_delta_pp":0.0004628673568474677,"uploaders_all_observed_common_delta_pp":0.0004628673568474677,"uploaders_all_left_share":0.0005269843296342625,"uploaders_all_right_share":6.41169727867948e-05,"uploaders_without-hosting_delta_pp":0.0006926779756586226,"uploaders_without-hosting_observed_common_delta_pp":0.0006926779756586226,"uploaders_without-hosting_left_share":0.0007783908154399297,"uploaders_without-hosting_right_share":8.571283978130708e-05},"geometry":{"type":"Polygon","coordinates":[[[137.0711772396969,34.98302240687908],[136.97744824766863,35.004042285787854],[136.94785782119644,35.087750520339895],[137.0120935571136,35.1505700949067],[137.10604451174453,35.12960638647306],[137.13553741698115,35.045766875210546],[137.0711772396969,34.98302240687908]]]}},{"type":"Feature","properties":{"h3":"852e60d3fffffff","countries":["JPN"],"common_intervals":17,"left_observed_intervals":19,"right_observed_intervals":18,"full_window_comparable":false,"expected_intervals":20,"downloaders_all_delta_pp":null,"downloaders_all_observed_common_delta_pp":9.163242597076375e-05,"downloaders_all_left_share":null,"downloaders_all_right_share":null,"downloaders_without-hosting_delta_pp":null,"downloaders_without-hosting_observed_common_delta_pp":0.00011579960835935979,"downloaders_without-hosting_left_share":null,"downloaders_without-hosting_right_share":null,"uploaders_all_delta_pp":null,"uploaders_all_observed_common_delta_pp":8.329656312003489e-05,"uploaders_all_left_share":null,"uploaders_all_right_share":null,"uploaders_without-hosting_delta_pp":null,"uploaders_without-hosting_observed_common_delta_pp":0.00012176870273572443,"uploaders_without-hosting_left_share":null,"uploaders_without-hosting_right_share":null},"geometry":{"type":"Polygon","coordinates":[[[137.31740211353005,34.77273945177395],[137.223687896736,34.79411003933566],[137.1943589725958,34.87801828435463],[137.25884267683978,34.940687026529574],[137.35277826693914,34.91937123647709],[137.3820084297487,34.83533185036547],[137.31740211353005,34.77273945177395]]]}},{"type":"Feature","properties":{"h3":"852e60d7fffffff","countries":["JPN"],"common_intervals":13,"left_observed_intervals":15,"right_observed_intervals":16,"full_window_comparable":false,"expected_intervals":20,"downloaders_all_delta_pp":null,"downloaders_all_observed_common_delta_pp":4.6957375579577785e-05,"downloaders_all_left_share":null,"downloaders_all_right_share":null,"downloaders_without-hosting_delta_pp":null,"downloaders_without-hosting_observed_common_delta_pp":5.992504950608336e-05,"downloaders_without-hosting_left_share":null,"downloaders_without-hosting_right_share":null,"uploaders_all_delta_pp":null,"uploaders_all_observed_common_delta_pp":8.76856085118174e-05,"uploaders_all_left_share":null,"uploaders_all_right_share":null,"uploaders_without-hosting_delta_pp":null,"uploaders_without-hosting_observed_common_delta_pp":0.000131593665080963,"uploaders_without-hosting_left_share":null,"uploaders_without-hosting_right_share":null},"geometry":{"type":"Polygon","coordinates":[[[137.159392612674,34.7315285871841],[137.06589125425458,34.75277939088288],[137.0364648279395,34.83655630510938],[137.10063691423812,34.89921368871647],[137.1943589725958,34.87801828435463],[137.223687896736,34.79411003933566],[137.159392612674,34.7315285871841]]]}},{"type":"Feature","properties":{"h3":"852e6103fffffff","countries":["JPN"],"common_intervals":20,"left_observed_intervals":20,"right_observed_intervals":20,"full_window_comparable":true,"expected_intervals":20,"downloaders_all_delta_pp":0.0006407694860869482,"downloaders_all_observed_common_delta_pp":0.0006407694860869482,"downloaders_all_left_share":0.0038900405576303724,"downloaders_all_right_share":0.0032492710715434233,"downloaders_without-hosting_delta_pp":0.0008256601195989583,"downloaders_without-hosting_observed_common_delta_pp":0.0008256601195989583,"downloaders_without-hosting_left_share":0.00462579413501059,"downloaders_without-hosting_right_share":0.003800134015411633,"uploaders_all_delta_pp":0.00026267495433671855,"uploaders_all_observed_common_delta_pp":0.00026267495433671855,"uploaders_all_left_share":0.0005236573290416053,"uploaders_all_right_share":0.00026098237470488674,"uploaders_without-hosting_delta_pp":0.000431105171353549,"uploaders_without-hosting_observed_common_delta_pp":0.000431105171353549,"uploaders_without-hosting_left_share":0.00076489155554026,"uploaders_without-hosting_right_share":0.00033378638418671107},"geometry":{"type":"Polygon","coordinates":[[[135.67011840101372,34.60395607197422],[135.57834287393652,34.62393795261475],[135.5479307790489,34.706457306690076],[135.60938027665327,34.76912738905267],[135.7013713103021,34.74920680614448],[135.7316970058809,34.666554774003885],[135.67011840101372,34.60395607197422]]]}},{"type":"Feature","properties":{"h3":"852e6107fffffff","countries":["JPN"],"common_intervals":20,"left_observed_intervals":20,"right_observed_intervals":20,"full_window_comparable":true,"expected_intervals":20,"downloaders_all_delta_pp":0.02025040601799967,"downloaders_all_observed_common_delta_pp":0.02025040601799967,"downloaders_all_left_share":0.1405713029472055,"downloaders_all_right_share":0.1203208969292058,"downloaders_without-hosting_delta_pp":0.02100139926591883,"downloaders_without-hosting_observed_common_delta_pp":0.02100139926591883,"downloaders_without-hosting_left_share":0.14623546159013995,"downloaders_without-hosting_right_share":0.12523406232422113,"uploaders_all_delta_pp":0.029462018937653038,"uploaders_all_observed_common_delta_pp":0.029462018937653038,"uploaders_all_left_share":0.0696319912318589,"uploaders_all_right_share":0.040169972294205866,"uploaders_without-hosting_delta_pp":0.021922956862281955,"uploaders_without-hosting_observed_common_delta_pp":0.021922956862281955,"uploaders_without-hosting_left_share":0.0611234840979127,"uploaders_without-hosting_right_share":0.03920052723563075},"geometry":{"type":"Polygon","coordinates":[[[135.51706925435857,34.56136083620021],[135.4255127694004,34.581232035278134],[135.39501547603746,34.66361858696973],[135.45615953417771,34.72626667164662],[135.5479307790489,34.706457306690076],[135.57834287393652,34.62393795261475],[135.51706925435857,34.56136083620021]]]}},{"type":"Feature","properties":{"h3":"852e610bfffffff","countries":["JPN"],"common_intervals":20,"left_observed_intervals":20,"right_observed_intervals":20,"full_window_comparable":true,"expected_intervals":20,"downloaders_all_delta_pp":0.0005907808039362182,"downloaders_all_observed_common_delta_pp":0.0005907808039362182,"downloaders_all_left_share":0.005487396361525239,"downloaders_all_right_share":0.00489661555758902,"downloaders_without-hosting_delta_pp":0.0007983689590592202,"downloaders_without-hosting_observed_common_delta_pp":0.0007983689590592202,"downloaders_without-hosting_left_share":0.006524108381174271,"downloaders_without-hosting_right_share":0.005725739422115051,"uploaders_all_delta_pp":0.0004267806376960703,"uploaders_all_observed_common_delta_pp":0.0004267806376960703,"uploaders_all_left_share":0.0012159778747833907,"uploaders_all_right_share":0.0007891972370873206,"uploaders_without-hosting_delta_pp":0.0007482988120159496,"uploaders_without-hosting_observed_common_delta_pp":0.0007482988120159496,"uploaders_without-hosting_left_share":0.001736723337663409,"uploaders_without-hosting_right_share":0.0009884245256474595},"geometry":{"type":"Polygon","coordinates":[[[135.7013713103021,34.74920680614448],[135.60938027665327,34.76912738905267],[135.5789289094394,34.851677654223685],[135.64055520754954,34.91443984363406],[135.7327627039098,34.894580674878256],[135.76312710328344,34.81189783398706],[135.7013713103021,34.74920680614448]]]}},{"type":"Feature","properties":{"h3":"852e610ffffffff","countries":["JPN"],"common_intervals":20,"left_observed_intervals":20,"right_observed_intervals":20,"full_window_comparable":true,"expected_intervals":20,"downloaders_all_delta_pp":0.0012538157759542528,"downloaders_all_observed_common_delta_pp":0.0012538157759542528,"downloaders_all_left_share":0.007855032513264085,"downloaders_all_right_share":0.006601216737309834,"downloaders_without-hosting_delta_pp":0.0016326216826821134,"downloaders_without-hosting_observed_common_delta_pp":0.0016326216826821134,"downloaders_without-hosting_left_share":0.009346087857393649,"downloaders_without-hosting_right_share":0.007713466174711534,"uploaders_all_delta_pp":0.0009857616231934243,"uploaders_all_observed_common_delta_pp":0.0009857616231934243,"uploaders_all_left_share":0.0017641686789141946,"uploaders_all_right_share":0.0007784070557207699,"uploaders_without-hosting_delta_pp":0.0015100273411389725,"uploaders_without-hosting_observed_common_delta_pp":0.0015100273411389725,"uploaders_without-hosting_left_share":0.0025165854651596925,"uploaders_without-hosting_right_share":0.0010065581240207198},"geometry":{"type":"Polygon","coordinates":[[[135.5479307790489,34.706457306690076],[135.45615953417771,34.72626667164662],[135.4256224081421,34.80868423446184],[135.48694195160996,34.87142506491278],[135.5789289094394,34.851677654223685],[135.60938027665327,34.76912738905267],[135.5479307790489,34.706457306690076]]]}},{"type":"Feature","properties":{"h3":"852e6113fffffff","countries":["JPN"],"common_intervals":20,"left_observed_intervals":20,"right_observed_intervals":20,"full_window_comparable":true,"expected_intervals":20,"downloaders_all_delta_pp":0.0005454094065997334,"downloaders_all_observed_common_delta_pp":0.0005454094065997334,"downloaders_all_left_share":0.003015292934264554,"downloaders_all_right_share":0.0024698835276648207,"downloaders_without-hosting_delta_pp":0.0006991331720855051,"downloaders_without-hosting_observed_common_delta_pp":0.0006991331720855051,"downloaders_without-hosting_left_share":0.0035859341895273927,"downloaders_without-hosting_right_share":0.002886801017441887,"uploaders_all_delta_pp":0.0004817985778187041,"uploaders_all_observed_common_delta_pp":0.0004817985778187041,"uploaders_all_left_share":0.0011480553047277953,"uploaders_all_right_share":0.0006662567269090913,"uploaders_without-hosting_delta_pp":0.0008369532989697668,"uploaders_without-hosting_observed_common_delta_pp":0.0008369532989697668,"uploaders_without-hosting_left_share":0.0016862028110532557,"uploaders_without-hosting_right_share":0.0008492495120834888},"geometry":{"type":"Polygon","coordinates":[[[135.79218434302675,34.50118170587243],[135.70040542049753,34.52133582789266],[135.67011840101372,34.60395607197422],[135.7316970058809,34.666554774003885],[135.8236912230127,34.64646129001379],[135.85389120709425,34.563708397461],[135.79218434302675,34.50118170587243]]]}},{"type":"Feature","properties":{"h3":"852e6117fffffff","countries":["JPN"],"common_intervals":20,"left_observed_intervals":20,"right_observed_intervals":20,"full_window_comparable":true,"expected_intervals":20,"downloaders_all_delta_pp":0.0006828014169350909,"downloaders_all_observed_common_delta_pp":0.0006828014169350909,"downloaders_all_left_share":0.003645573103492118,"downloaders_all_right_share":0.0029627716865570273,"downloaders_without-hosting_delta_pp":0.0008743449375735913,"downloaders_without-hosting_observed_common_delta_pp":0.0008743449375735913,"downloaders_without-hosting_left_share":0.004340680341413119,"downloaders_without-hosting_right_share":0.0034663354038395266,"uploaders_all_delta_pp":0.0006645077710127047,"uploaders_all_observed_common_delta_pp":0.0006645077710127047,"uploaders_all_left_share":0.0009476522260668235,"uploaders_all_right_share":0.0002831444550541187,"uploaders_without-hosting_delta_pp":0.0009740983610027695,"uploaders_without-hosting_observed_common_delta_pp":0.0009740983610027695,"uploaders_without-hosting_left_share":0.0013345935252889573,"uploaders_without-hosting_right_share":0.00036049516428618753},"geometry":{"type":"Polygon","coordinates":[[[135.63900308014354,34.45883031071467],[135.54744210943963,34.47887336868808],[135.51706925435857,34.56136083620021],[135.57834287393652,34.62393795261475],[135.67011840101372,34.60395607197422],[135.70040542049753,34.52133582789266],[135.63900308014354,34.45883031071467]]]}},{"type":"Feature","properties":{"h3":"852e611bfffffff","countries":["JPN"],"common_intervals":20,"left_observed_intervals":20,"right_observed_intervals":20,"full_window_comparable":true,"expected_intervals":20,"downloaders_all_delta_pp":0.0006974448530844138,"downloaders_all_observed_common_delta_pp":0.0006974448530844138,"downloaders_all_left_share":0.005474411497753033,"downloaders_all_right_share":0.004776966644668618,"downloaders_without-hosting_delta_pp":0.0008968587203916454,"downloaders_without-hosting_observed_common_delta_pp":0.0008968587203916454,"downloaders_without-hosting_left_share":0.006419165913006975,"downloaders_without-hosting_right_share":0.005522307192615329,"uploaders_all_delta_pp":0.00018761976179828933,"uploaders_all_observed_common_delta_pp":0.00018761976179828933,"uploaders_all_left_share":0.0006788769856126522,"uploaders_all_right_share":0.0004912572238143628,"uploaders_without-hosting_delta_pp":0.0003550507183565577,"uploaders_without-hosting_observed_common_delta_pp":0.0003550507183565577,"uploaders_without-hosting_left_share":0.0009809404273775138,"uploaders_without-hosting_right_share":0.0006258897090209561},"geometry":{"type":"Polygon","coordinates":[[[135.8236912230127,34.64646129001379],[135.7316970058809,34.666554774003885],[135.7013713103021,34.74920680614448],[135.76312710328344,34.81189783398706],[135.8553375682293,34.791865104698964],[135.8855756565357,34.709080524927465],[135.8236912230127,34.64646129001379]]]}},{"type":"Feature","properties":{"h3":"852e6123fffffff","countries":["JPN"],"common_intervals":20,"left_observed_intervals":20,"right_observed_intervals":20,"full_window_comparable":true,"expected_intervals":20,"downloaders_all_delta_pp":0.003928214790055384,"downloaders_all_observed_common_delta_pp":0.003928214790055384,"downloaders_all_left_share":0.025741822966794302,"downloaders_all_right_share":0.021813608176738917,"downloaders_without-hosting_delta_pp":0.005118239522724865,"downloaders_without-hosting_observed_common_delta_pp":0.005118239522724865,"downloaders_without-hosting_left_share":0.03061566771725043,"downloaders_without-hosting_right_share":0.02549742819452556,"uploaders_all_delta_pp":0.0030035216403771535,"uploaders_all_observed_common_delta_pp":0.0030035216403771535,"uploaders_all_left_share":0.006453081018790237,"uploaders_all_right_share":0.0034495593784130826,"uploaders_without-hosting_delta_pp":0.005019639444930177,"uploaders_without-hosting_observed_common_delta_pp":0.005019639444930177,"uploaders_without-hosting_left_share":0.00941414148409456,"uploaders_without-hosting_right_share":0.004394502039164385},"geometry":{"type":"Polygon","coordinates":[[[135.24262487631293,34.62069261467254],[135.15129421399513,34.64028231525878],[135.1205891684397,34.722434117722905],[135.18129781749812,34.78512908494413],[135.2728426774558,34.76560239888908],[135.30346436051616,34.68331765898322],[135.24262487631293,34.62069261467254]]]}},{"type":"Feature","properties":{"h3":"852e6127fffffff","countries":["JPN"],"common_intervals":20,"left_observed_intervals":20,"right_observed_intervals":20,"full_window_comparable":true,"expected_intervals":20,"downloaders_all_delta_pp":0.00013453256385277977,"downloaders_all_observed_common_delta_pp":0.00013453256385277977,"downloaders_all_left_share":0.0014533893206514568,"downloaders_all_right_share":0.0013188567567986773,"downloaders_without-hosting_delta_pp":0.0001876244633048065,"downloaders_without-hosting_observed_common_delta_pp":0.0001876244633048065,"downloaders_without-hosting_left_share":0.0017308388769148048,"downloaders_without-hosting_right_share":0.0015432144136099987,"uploaders_all_delta_pp":0.0002423998161481004,"uploaders_all_observed_common_delta_pp":0.0002423998161481004,"uploaders_all_left_share":0.00031783386366630677,"uploaders_all_right_share":7.543404751820638e-05,"uploaders_without-hosting_delta_pp":0.0003695708092625062,"uploaders_without-hosting_observed_common_delta_pp":0.0003695708092625062,"uploaders_without-hosting_left_share":0.00046302142923732666,"uploaders_without-hosting_right_share":9.345061997482055e-05},"geometry":{"type":"Polygon","coordinates":[[[135.09075842882237,34.57768134445847],[134.99964852703263,34.59716259156928],[134.96886130620103,34.67918134801954],[135.02926583425,34.741851830130415],[135.1205891684397,34.722434117722905],[135.15129421399513,34.64028231525878],[135.09075842882237,34.57768134445847]]]}},{"type":"Feature","properties":{"h3":"852e612bfffffff","countries":["JPN"],"common_intervals":14,"left_observed_intervals":17,"right_observed_intervals":16,"full_window_comparable":false,"expected_intervals":20,"downloaders_all_delta_pp":null,"downloaders_all_observed_common_delta_pp":0.0002648060142562135,"downloaders_all_left_share":null,"downloaders_all_right_share":null,"downloaders_without-hosting_delta_pp":null,"downloaders_without-hosting_observed_common_delta_pp":0.00032676168456539635,"downloaders_without-hosting_left_share":null,"downloaders_without-hosting_right_share":null,"uploaders_all_delta_pp":null,"uploaders_all_observed_common_delta_pp":0.0001698399090427159,"uploaders_all_left_share":null,"uploaders_all_right_share":null,"uploaders_without-hosting_delta_pp":null,"uploaders_without-hosting_observed_common_delta_pp":0.00023591758577938597,"uploaders_without-hosting_left_share":null,"uploaders_without-hosting_right_share":null},"geometry":{"type":"Polygon","coordinates":[[[135.2728426774558,34.76560239888908],[135.18129781749812,34.78512908494413],[135.15055179703748,34.86731112430584],[135.21143421534754,34.930099244223406],[135.303194225546,34.9106356962731],[135.33385633474091,34.828320818752],[135.2728426774558,34.76560239888908]]]}},{"type":"Feature","properties":{"h3":"852e613bfffffff","countries":["JPN"],"common_intervals":20,"left_observed_intervals":20,"right_observed_intervals":20,"full_window_comparable":true,"expected_intervals":20,"downloaders_all_delta_pp":0.0011334932217018096,"downloaders_all_observed_common_delta_pp":0.0011334932217018096,"downloaders_all_left_share":0.008110677393630058,"downloaders_all_right_share":0.006977184171928247,"downloaders_without-hosting_delta_pp":0.0014952478205584277,"downloaders_without-hosting_observed_common_delta_pp":0.0014952478205584277,"downloaders_without-hosting_left_share":0.009650120573018922,"downloaders_without-hosting_right_share":0.008154872752460494,"uploaders_all_delta_pp":0.00039900798527246317,"uploaders_all_observed_common_delta_pp":0.00039900798527246317,"uploaders_all_left_share":0.0020587659026980168,"uploaders_all_right_share":0.0016597579174255535,"uploaders_without-hosting_delta_pp":0.0008789569082450505,"uploaders_without-hosting_observed_common_delta_pp":0.0008789569082450505,"uploaders_without-hosting_left_share":0.002991088390390026,"uploaders_without-hosting_right_share":0.002112131482144976},"geometry":{"type":"Polygon","coordinates":[[[135.39501547603746,34.66361858696973],[135.30346436051616,34.68331765898322],[135.2728426774558,34.76560239888908],[135.33385633474091,34.828320818752],[135.4256224081421,34.80868423446184],[135.45615953417771,34.72626667164662],[135.39501547603746,34.66361858696973]]]}},{"type":"Feature","properties":{"h3":"852e6143fffffff","countries":["JPN"],"common_intervals":20,"left_observed_intervals":20,"right_observed_intervals":20,"full_window_comparable":true,"expected_intervals":20,"downloaders_all_delta_pp":0.0007294687763373592,"downloaders_all_observed_common_delta_pp":0.0007294687763373592,"downloaders_all_left_share":0.0047124414082358925,"downloaders_all_right_share":0.003982972631898533,"downloaders_without-hosting_delta_pp":0.0009467024422928596,"downloaders_without-hosting_observed_common_delta_pp":0.0009467024422928596,"downloaders_without-hosting_left_share":0.005604494205221343,"downloaders_without-hosting_right_share":0.004657791762928484,"uploaders_all_delta_pp":0.0007189337983118903,"uploaders_all_observed_common_delta_pp":0.0007189337983118903,"uploaders_all_left_share":0.001443792223399728,"uploaders_all_right_share":0.0007248584250878373,"uploaders_without-hosting_delta_pp":0.0011410113347171602,"uploaders_without-hosting_observed_common_delta_pp":0.0011410113347171602,"uploaders_without-hosting_left_share":0.0020672573837326085,"uploaders_without-hosting_right_share":0.0009262460490154481},"geometry":{"type":"Polygon","coordinates":[[[135.88712428730733,34.93739130013675],[135.79469661538724,34.957363162056886],[135.76429348536277,35.04007582898047],[135.82640645256157,35.102948901611946],[135.91905229661074,35.083038015680216],[135.94936666090302,35.000193014343985],[135.88712428730733,34.93739130013675]]]}},{"type":"Feature","properties":{"h3":"852e6147fffffff","countries":["JPN"],"common_intervals":20,"left_observed_intervals":20,"right_observed_intervals":20,"full_window_comparable":true,"expected_intervals":20,"downloaders_all_delta_pp":0.002856773685132194,"downloaders_all_observed_common_delta_pp":0.002856773685132194,"downloaders_all_left_share":0.018321387888235417,"downloaders_all_right_share":0.01546461420310322,"downloaders_without-hosting_delta_pp":0.0037185290856761566,"downloaders_without-hosting_observed_common_delta_pp":0.0037185290856761566,"downloaders_without-hosting_left_share":0.02179195109228374,"downloaders_without-hosting_right_share":0.018073422006607588,"uploaders_all_delta_pp":0.0031848065707708755,"uploaders_all_observed_common_delta_pp":0.0031848065707708755,"uploaders_all_left_share":0.0057734451807317155,"uploaders_all_right_share":0.0025886386099608404,"uploaders_without-hosting_delta_pp":0.005052203517636215,"uploaders_without-hosting_observed_common_delta_pp":0.005052203517636215,"uploaders_without-hosting_left_share":0.008293341349471644,"uploaders_without-hosting_right_share":0.0032411378318354276},"geometry":{"type":"Polygon","coordinates":[[[135.7327627039098,34.894580674878256],[135.64055520754954,34.91443984363406],[135.61006453628337,34.997020041014466],[135.6718685641636,35.05987347118309],[135.76429348536277,35.04007582898047],[135.79469661538724,34.957363162056886],[135.7327627039098,34.894580674878256]]]}},{"type":"Feature","properties":{"h3":"852e6157fffffff","countries":["JPN"],"common_intervals":20,"left_observed_intervals":20,"right_observed_intervals":20,"full_window_comparable":true,"expected_intervals":20,"downloaders_all_delta_pp":0.0002793574882940726,"downloaders_all_observed_common_delta_pp":0.0002793574882940726,"downloaders_all_left_share":0.002345610550450438,"downloaders_all_right_share":0.002066253062156365,"downloaders_without-hosting_delta_pp":0.00037394256353020524,"downloaders_without-hosting_observed_common_delta_pp":0.00037394256353020524,"downloaders_without-hosting_left_share":0.002791111394384699,"downloaders_without-hosting_right_share":0.0024171688308544945,"uploaders_all_delta_pp":6.986090760754158e-05,"uploaders_all_observed_common_delta_pp":6.986090760754158e-05,"uploaders_all_left_share":0.00022775747956163198,"uploaders_all_right_share":0.0001578965719540904,"uploaders_without-hosting_delta_pp":0.00011633075373507296,"uploaders_without-hosting_observed_common_delta_pp":0.00011633075373507296,"uploaders_without-hosting_left_share":0.00031741916008075154,"uploaders_without-hosting_right_share":0.0002010884063456786},"geometry":{"type":"Polygon","coordinates":[[[135.8553375682293,34.791865104698964],[135.76312710328344,34.81189783398706],[135.7327627039098,34.894580674878256],[135.79469661538724,34.957363162056886],[135.88712428730733,34.93739130013675],[135.91740050264895,34.85457601630395],[135.8553375682293,34.791865104698964]]]}},{"type":"Feature","properties":{"h3":"852e615bfffffff","countries":["JPN"],"common_intervals":20,"left_observed_intervals":20,"right_observed_intervals":20,"full_window_comparable":true,"expected_intervals":20,"downloaders_all_delta_pp":0.0003718152769032851,"downloaders_all_observed_common_delta_pp":0.0003718152769032851,"downloaders_all_left_share":0.0019974899359672333,"downloaders_all_right_share":0.001625674659063948,"downloaders_without-hosting_delta_pp":0.0004749600036216239,"downloaders_without-hosting_observed_common_delta_pp":0.0004749600036216239,"downloaders_without-hosting_left_share":0.0023752354409252874,"downloaders_without-hosting_right_share":0.001900275437303664,"uploaders_all_delta_pp":0.00011336879038455791,"uploaders_all_observed_common_delta_pp":0.00011336879038455791,"uploaders_all_left_share":0.0001810465301946245,"uploaders_all_right_share":6.767773981006662e-05,"uploaders_without-hosting_delta_pp":0.00017935062300555196,"uploaders_without-hosting_observed_common_delta_pp":0.00017935062300555196,"uploaders_without-hosting_left_share":0.00026066081449116984,"uploaders_without-hosting_right_share":8.131019148561788e-05},"geometry":{"type":"Polygon","coordinates":[[[136.04201412814706,34.98010752080819],[135.94936666090302,35.000193014343985],[135.91905229661074,35.083038015680216],[135.98147505456313,35.14592965097753],[136.07434143549187,35.12590457615951],[136.10456580239585,35.042927381772024],[136.04201412814706,34.98010752080819]]]}},{"type":"Feature","properties":{"h3":"852e616bfffffff","countries":["JPN"],"common_intervals":0,"left_observed_intervals":0,"right_observed_intervals":2,"full_window_comparable":false,"expected_intervals":20,"downloaders_all_delta_pp":null,"downloaders_all_observed_common_delta_pp":null,"downloaders_all_left_share":null,"downloaders_all_right_share":null,"downloaders_without-hosting_delta_pp":null,"downloaders_without-hosting_observed_common_delta_pp":null,"downloaders_without-hosting_left_share":null,"downloaders_without-hosting_right_share":null,"uploaders_all_delta_pp":null,"uploaders_all_observed_common_delta_pp":null,"uploaders_all_left_share":null,"uploaders_all_right_share":null,"uploaders_without-hosting_delta_pp":null,"uploaders_without-hosting_observed_common_delta_pp":null,"uploaders_without-hosting_left_share":null,"uploaders_without-hosting_right_share":null},"geometry":{"type":"Polygon","coordinates":[[[135.4872440062713,35.099182037801356],[135.3950451435479,35.118693291017216],[135.36430206117078,35.20106551663634],[135.42584374467995,35.264058926636224],[135.51826045092642,35.24461050872091],[135.54891729108274,35.162105776265115],[135.4872440062713,35.099182037801356]]]}},{"type":"Feature","properties":{"h3":"852e6173fffffff","countries":["JPN"],"common_intervals":14,"left_observed_intervals":17,"right_observed_intervals":16,"full_window_comparable":false,"expected_intervals":20,"downloaders_all_delta_pp":null,"downloaders_all_observed_common_delta_pp":-2.4624733677529723e-05,"downloaders_all_left_share":null,"downloaders_all_right_share":null,"downloaders_without-hosting_delta_pp":null,"downloaders_without-hosting_observed_common_delta_pp":-2.425233458834791e-05,"downloaders_without-hosting_left_share":null,"downloaders_without-hosting_right_share":null,"uploaders_all_delta_pp":null,"uploaders_all_observed_common_delta_pp":-4.479600347975355e-05,"uploaders_all_left_share":null,"uploaders_all_right_share":null,"uploaders_without-hosting_delta_pp":null,"uploaders_without-hosting_observed_common_delta_pp":-5.911395278450363e-05,"uploaders_without-hosting_left_share":null,"uploaders_without-hosting_right_share":null},"geometry":{"type":"Polygon","coordinates":[[[135.5789289094394,34.851677654223685],[135.48694195160996,34.87142506491278],[135.45636495637564,34.95387266378935],[135.51786090647096,35.01670538128269],[135.61006453628337,34.997020041014466],[135.64055520754954,34.91443984363406],[135.5789289094394,34.851677654223685]]]}},{"type":"Feature","properties":{"h3":"852e6177fffffff","countries":["JPN"],"common_intervals":20,"left_observed_intervals":20,"right_observed_intervals":20,"full_window_comparable":true,"expected_intervals":20,"downloaders_all_delta_pp":0.0002052680099817886,"downloaders_all_observed_common_delta_pp":0.0002052680099817886,"downloaders_all_left_share":0.0012954884084125894,"downloaders_all_right_share":0.0010902203984308005,"downloaders_without-hosting_delta_pp":0.0002665317598916896,"downloaders_without-hosting_observed_common_delta_pp":0.0002665317598916896,"downloaders_without-hosting_left_share":0.0015413393705744276,"downloaders_without-hosting_right_share":0.0012748076106827376,"uploaders_all_delta_pp":0.000394561262014069,"uploaders_all_observed_common_delta_pp":0.000394561262014069,"uploaders_all_left_share":0.00043520821645180496,"uploaders_all_right_share":4.064695443773602e-05,"uploaders_without-hosting_delta_pp":0.0005520058465324467,"uploaders_without-hosting_observed_common_delta_pp":0.0005520058465324467,"uploaders_without-hosting_left_share":0.0006021196176726184,"uploaders_without-hosting_right_share":5.01137711401716e-05},"geometry":{"type":"Polygon","coordinates":[[[135.4256224081421,34.80868423446184],[135.33385633474091,34.828320818752],[135.303194225546,34.9106356962731],[135.36438296924604,34.97344664047846],[135.45636495637564,34.95387266378935],[135.48694195160996,34.87142506491278],[135.4256224081421,34.80868423446184]]]}},{"type":"Feature","properties":{"h3":"852e6183fffffff","countries":["JPN"],"common_intervals":0,"left_observed_intervals":2,"right_observed_intervals":3,"full_window_comparable":false,"expected_intervals":20,"downloaders_all_delta_pp":null,"downloaders_all_observed_common_delta_pp":null,"downloaders_all_left_share":null,"downloaders_all_right_share":null,"downloaders_without-hosting_delta_pp":null,"downloaders_without-hosting_observed_common_delta_pp":null,"downloaders_without-hosting_left_share":null,"downloaders_without-hosting_right_share":null,"uploaders_all_delta_pp":null,"uploaders_all_observed_common_delta_pp":null,"uploaders_all_left_share":null,"uploaders_all_right_share":null,"uploaders_without-hosting_delta_pp":null,"uploaders_without-hosting_observed_common_delta_pp":null,"uploaders_without-hosting_left_share":null,"uploaders_without-hosting_right_share":null},"geometry":{"type":"Polygon","coordinates":[[[135.88250717591907,34.25295567440828],[135.7909398748511,34.273341608505056],[135.7608160272943,34.35602819110727],[135.82234624657144,34.418461480223705],[135.91412768034976,34.39813540046183],[135.9441644311282,34.3153161088344],[135.88250717591907,34.25295567440828]]]}},{"type":"Feature","properties":{"h3":"852e6187fffffff","countries":["JPN"],"common_intervals":5,"left_observed_intervals":10,"right_observed_intervals":8,"full_window_comparable":false,"expected_intervals":20,"downloaders_all_delta_pp":null,"downloaders_all_observed_common_delta_pp":6.538636702659037e-05,"downloaders_all_left_share":null,"downloaders_all_right_share":null,"downloaders_without-hosting_delta_pp":null,"downloaders_without-hosting_observed_common_delta_pp":8.209647084913898e-05,"downloaders_without-hosting_left_share":null,"downloaders_without-hosting_right_share":null,"uploaders_all_delta_pp":null,"uploaders_all_observed_common_delta_pp":0.0,"uploaders_all_left_share":null,"uploaders_all_right_share":null,"uploaders_without-hosting_delta_pp":null,"uploaders_without-hosting_observed_common_delta_pp":0.0,"uploaders_without-hosting_left_share":null,"uploaders_without-hosting_right_share":null},"geometry":{"type":"Polygon","coordinates":[[[135.7295853824133,34.2110025734908],[135.638234213023,34.23127760573193],[135.6080244593366,34.313831349763475],[135.66925145205948,34.376242830519836],[135.7608160272943,34.35602819110727],[135.7909398748511,34.273341608505056],[135.7295853824133,34.2110025734908]]]}},{"type":"Feature","properties":{"h3":"852e618bfffffff","countries":["JPN"],"common_intervals":20,"left_observed_intervals":20,"right_observed_intervals":20,"full_window_comparable":true,"expected_intervals":20,"downloaders_all_delta_pp":6.910662142704175e-05,"downloaders_all_observed_common_delta_pp":6.910662142704175e-05,"downloaders_all_left_share":0.0004929199797685767,"downloaders_all_right_share":0.0004238133583415349,"downloaders_without-hosting_delta_pp":9.115933063119091e-05,"downloaders_without-hosting_observed_common_delta_pp":9.115933063119091e-05,"downloaders_without-hosting_left_share":0.0005868690660753179,"downloaders_without-hosting_right_share":0.0004957097354441269,"uploaders_all_delta_pp":0.00010513653548034724,"uploaders_all_observed_common_delta_pp":0.00010513653548034724,"uploaders_all_left_share":0.00010513653548034724,"uploaders_all_right_share":0.0,"uploaders_without-hosting_delta_pp":0.00015544515758651503,"uploaders_without-hosting_observed_common_delta_pp":0.00015544515758651503,"uploaders_without-hosting_left_share":0.00015544515758651503,"uploaders_without-hosting_right_share":0.0},"geometry":{"type":"Polygon","coordinates":[[[135.91412768034976,34.39813540046183],[135.82234624657144,34.418461480223705],[135.79218434302675,34.50118170587243],[135.85389120709425,34.563708397461],[135.94588771795813,34.54344229289481],[135.9759619544198,34.460589453684605],[135.91412768034976,34.39813540046183]]]}},{"type":"Feature","properties":{"h3":"852e618ffffffff","countries":["JPN"],"common_intervals":15,"left_observed_intervals":19,"right_observed_intervals":15,"full_window_comparable":false,"expected_intervals":20,"downloaders_all_delta_pp":null,"downloaders_all_observed_common_delta_pp":1.5531089653395548e-05,"downloaders_all_left_share":null,"downloaders_all_right_share":null,"downloaders_without-hosting_delta_pp":null,"downloaders_without-hosting_observed_common_delta_pp":2.3862099022527296e-05,"downloaders_without-hosting_left_share":null,"downloaders_without-hosting_right_share":null,"uploaders_all_delta_pp":null,"uploaders_all_observed_common_delta_pp":7.981068904558388e-05,"uploaders_all_left_share":null,"uploaders_all_right_share":null,"uploaders_without-hosting_delta_pp":null,"uploaders_without-hosting_observed_common_delta_pp":0.0001211526462766763,"uploaders_without-hosting_left_share":null,"uploaders_without-hosting_right_share":null},"geometry":{"type":"Polygon","coordinates":[[[135.7608160272943,34.35602819110727],[135.66925145205948,34.376242830519836],[135.63900308014354,34.45883031071467],[135.70040542049753,34.52133582789266],[135.79218434302675,34.50118170587243],[135.82234624657144,34.418461480223705],[135.7608160272943,34.35602819110727]]]}},{"type":"Feature","properties":{"h3":"852e61a7fffffff","countries":["JPN"],"common_intervals":3,"left_observed_intervals":6,"right_observed_intervals":8,"full_window_comparable":false,"expected_intervals":20,"downloaders_all_delta_pp":null,"downloaders_all_observed_common_delta_pp":-3.1964049469423676e-05,"downloaders_all_left_share":null,"downloaders_all_right_share":null,"downloaders_without-hosting_delta_pp":null,"downloaders_without-hosting_observed_common_delta_pp":-3.25078208884146e-05,"downloaders_without-hosting_left_share":null,"downloaders_without-hosting_right_share":null,"uploaders_all_delta_pp":null,"uploaders_all_observed_common_delta_pp":0.0,"uploaders_all_left_share":null,"uploaders_all_right_share":null,"uploaders_without-hosting_delta_pp":null,"uploaders_without-hosting_observed_common_delta_pp":0.0,"uploaders_without-hosting_left_share":null,"uploaders_without-hosting_right_share":null},"geometry":{"type":"Polygon","coordinates":[[[135.30399963299234,34.229176545474694],[135.21308771549005,34.249062321929166],[135.18258706053234,34.33125083532787],[135.24308091196193,34.39368660435139],[135.33420495543476,34.37386293234921],[135.3646226959906,34.29154131431088],[135.30399963299234,34.229176545474694]]]}},{"type":"Feature","properties":{"h3":"852e61abfffffff","countries":["JPN"],"common_intervals":20,"left_observed_intervals":20,"right_observed_intervals":20,"full_window_comparable":true,"expected_intervals":20,"downloaders_all_delta_pp":0.0001576148723118486,"downloaders_all_observed_common_delta_pp":0.0001576148723118486,"downloaders_all_left_share":0.001144060300535365,"downloaders_all_right_share":0.000986445428223516,"downloaders_without-hosting_delta_pp":0.0002083226504558733,"downloaders_without-hosting_observed_common_delta_pp":0.0002083226504558733,"downloaders_without-hosting_left_share":0.0013611253952239245,"downloaders_without-hosting_right_share":0.0011528027447680511,"uploaders_all_delta_pp":-6.308005345127953e-05,"uploaders_all_observed_common_delta_pp":-6.308005345127953e-05,"uploaders_all_left_share":0.00023051640911403017,"uploaders_all_right_share":0.0002935964625653097,"uploaders_without-hosting_delta_pp":-3.5684306793578985e-05,"uploaders_without-hosting_observed_common_delta_pp":-3.5684306793578985e-05,"uploaders_without-hosting_left_share":0.0003354732827239436,"uploaders_without-hosting_right_share":0.00037115758951752263},"geometry":{"type":"Polygon","coordinates":[[[135.4863434521319,34.41639006970135],[135.39500077997462,34.436322978801485],[135.3645432820145,34.51867754773496],[135.4255127694004,34.581232035278134],[135.51706925435857,34.56136083620021],[135.54744210943963,34.47887336868808],[135.4863434521319,34.41639006970135]]]}},{"type":"Feature","properties":{"h3":"852e61affffffff","countries":["JPN"],"common_intervals":20,"left_observed_intervals":20,"right_observed_intervals":20,"full_window_comparable":true,"expected_intervals":20,"downloaders_all_delta_pp":0.00024177115542437546,"downloaders_all_observed_common_delta_pp":0.00024177115542437546,"downloaders_all_left_share":0.0016919298443472523,"downloaders_all_right_share":0.0014501586889228766,"downloaders_without-hosting_delta_pp":0.0003355394434349535,"downloaders_without-hosting_observed_common_delta_pp":0.0003355394434349535,"downloaders_without-hosting_left_share":0.0019023214543074664,"downloaders_without-hosting_right_share":0.0015667820108725128,"uploaders_all_delta_pp":5.584020516773429e-06,"uploaders_all_observed_common_delta_pp":5.584020516773429e-06,"uploaders_all_left_share":0.0001426889071543941,"uploaders_all_right_share":0.00013710488663762067,"uploaders_without-hosting_delta_pp":1.8725046221260968e-05,"uploaders_without-hosting_observed_common_delta_pp":1.8725046221260968e-05,"uploaders_without-hosting_left_share":0.00010305404864111897,"uploaders_without-hosting_right_share":8.4329002419858e-05},"geometry":{"type":"Polygon","coordinates":[[[135.33420495543476,34.37386293234921],[135.24308091196193,34.39368660435139],[135.21253995670776,34.475908158725105],[135.27320617449467,34.53843898362792],[135.3645432820145,34.51867754773496],[135.39500077997462,34.436322978801485],[135.33420495543476,34.37386293234921]]]}},{"type":"Feature","properties":{"h3":"852e61b7fffffff","countries":["JPN"],"common_intervals":0,"left_observed_intervals":0,"right_observed_intervals":2,"full_window_comparable":false,"expected_intervals":20,"downloaders_all_delta_pp":null,"downloaders_all_observed_common_delta_pp":null,"downloaders_all_left_share":null,"downloaders_all_right_share":null,"downloaders_without-hosting_delta_pp":null,"downloaders_without-hosting_observed_common_delta_pp":null,"downloaders_without-hosting_left_share":null,"downloaders_without-hosting_right_share":null,"uploaders_all_delta_pp":null,"uploaders_all_observed_common_delta_pp":null,"uploaders_all_left_share":null,"uploaders_all_right_share":null,"uploaders_without-hosting_delta_pp":null,"uploaders_without-hosting_observed_common_delta_pp":null,"uploaders_without-hosting_left_share":null,"uploaders_without-hosting_right_share":null},"geometry":{"type":"Polygon","coordinates":[[[135.42529551924306,34.126832901667306],[135.33437765485604,34.14688884290189],[135.30399963299234,34.229176545474694],[135.3646226959906,34.29154131431088],[135.45575249657153,34.27154682320081],[135.48604697269317,34.189126041190605],[135.42529551924306,34.126832901667306]]]}},{"type":"Feature","properties":{"h3":"852e61bbfffffff","countries":["JPN"],"common_intervals":17,"left_observed_intervals":18,"right_observed_intervals":18,"full_window_comparable":false,"expected_intervals":20,"downloaders_all_delta_pp":null,"downloaders_all_observed_common_delta_pp":2.9025409104969903e-05,"downloaders_all_left_share":null,"downloaders_all_right_share":null,"downloaders_without-hosting_delta_pp":null,"downloaders_without-hosting_observed_common_delta_pp":4.175139429709531e-05,"downloaders_without-hosting_left_share":null,"downloaders_without-hosting_right_share":null,"uploaders_all_delta_pp":null,"uploaders_all_observed_common_delta_pp":0.0,"uploaders_all_left_share":null,"uploaders_all_right_share":null,"uploaders_without-hosting_delta_pp":null,"uploaders_without-hosting_observed_common_delta_pp":0.0,"uploaders_without-hosting_left_share":null,"uploaders_without-hosting_right_share":null},"geometry":{"type":"Polygon","coordinates":[[[135.6080244593366,34.313831349763475],[135.51667710070362,34.333935460730515],[135.4863434521319,34.41639006970135],[135.54744210943963,34.47887336868808],[135.63900308014354,34.45883031071467],[135.66925145205948,34.376242830519836],[135.6080244593366,34.313831349763475]]]}},{"type":"Feature","properties":{"h3":"852e61c3fffffff","countries":["JPN"],"common_intervals":20,"left_observed_intervals":20,"right_observed_intervals":20,"full_window_comparable":true,"expected_intervals":20,"downloaders_all_delta_pp":1.549577245287298e-05,"downloaders_all_observed_common_delta_pp":1.549577245287298e-05,"downloaders_all_left_share":0.00025579841355723794,"downloaders_all_right_share":0.00024030264110436495,"downloaders_without-hosting_delta_pp":2.3689765574968616e-05,"downloaders_without-hosting_observed_common_delta_pp":2.3689765574968616e-05,"downloaders_without-hosting_left_share":0.0003044269818486715,"downloaders_without-hosting_right_share":0.0002807372162737028,"uploaders_all_delta_pp":0.0,"uploaders_all_observed_common_delta_pp":0.0,"uploaders_all_left_share":0.0,"uploaders_all_right_share":0.0,"uploaders_without-hosting_delta_pp":0.0,"uploaders_without-hosting_observed_common_delta_pp":0.0,"uploaders_without-hosting_left_share":0.0,"uploaders_without-hosting_right_share":0.0},"geometry":{"type":"Polygon","coordinates":[[[136.10011365531352,34.585610096827374],[136.00789993656107,34.60598910568924],[135.97778819472506,34.68887451246563],[136.03997929030336,34.75151321807159],[136.132409763433,34.73119374875652],[136.16243204919266,34.648175968214076],[136.10011365531352,34.585610096827374]]]}},{"type":"Feature","properties":{"h3":"852e61cbfffffff","countries":["JPN"],"common_intervals":20,"left_observed_intervals":20,"right_observed_intervals":20,"full_window_comparable":true,"expected_intervals":20,"downloaders_all_delta_pp":2.182141880213165e-05,"downloaders_all_observed_common_delta_pp":2.182141880213165e-05,"downloaders_all_left_share":0.000539992269376925,"downloaders_all_right_share":0.0005181708505747933,"downloaders_without-hosting_delta_pp":3.6552549982694625e-05,"downloaders_without-hosting_observed_common_delta_pp":3.6552549982694625e-05,"downloaders_without-hosting_left_share":0.0006427472175762758,"downloaders_without-hosting_right_share":0.0006061946675935813,"uploaders_all_delta_pp":0.00011659713818451602,"uploaders_all_observed_common_delta_pp":0.00011659713818451602,"uploaders_all_left_share":0.00016087396031246197,"uploaders_all_right_share":4.427682212794597e-05,"uploaders_without-hosting_delta_pp":0.00017078770678608668,"uploaders_without-hosting_observed_common_delta_pp":0.00017078770678608668,"uploaders_without-hosting_left_share":0.00022362516516443898,"uploaders_without-hosting_right_share":5.283745837835229e-05},"geometry":{"type":"Polygon","coordinates":[[[136.132409763433,34.73119374875652],[136.03997929030336,34.75151321807159],[136.00983002431337,34.83443020886297],[136.07220093614188,34.897159933016155],[136.16484912265952,34.87690011238165],[136.19490834426014,34.79385085341873],[136.132409763433,34.73119374875652]]]}},{"type":"Feature","properties":{"h3":"852e61d3fffffff","countries":["JPN"],"common_intervals":12,"left_observed_intervals":17,"right_observed_intervals":15,"full_window_comparable":false,"expected_intervals":20,"downloaders_all_delta_pp":null,"downloaders_all_observed_common_delta_pp":2.197693098928795e-06,"downloaders_all_left_share":null,"downloaders_all_right_share":null,"downloaders_without-hosting_delta_pp":null,"downloaders_without-hosting_observed_common_delta_pp":8.823438209161207e-06,"downloaders_without-hosting_left_share":null,"downloaders_without-hosting_right_share":null,"uploaders_all_delta_pp":null,"uploaders_all_observed_common_delta_pp":-5.695648788555564e-05,"uploaders_all_left_share":null,"uploaders_all_right_share":null,"uploaders_without-hosting_delta_pp":null,"uploaders_without-hosting_observed_common_delta_pp":-7.14434513924638e-05,"uploaders_without-hosting_left_share":null,"uploaders_without-hosting_right_share":null},"geometry":{"type":"Polygon","coordinates":[[[136.22231302837142,34.48207307306802],[136.13009901903402,34.50262478213058],[136.10011365531352,34.585610096827374],[136.16243204919266,34.648175968214076],[136.2548625782468,34.627683130132915],[136.28475785667374,34.54456548426735],[136.22231302837142,34.48207307306802]]]}},{"type":"Feature","properties":{"h3":"852e6223fffffff","countries":["JPN"],"common_intervals":6,"left_observed_intervals":10,"right_observed_intervals":11,"full_window_comparable":false,"expected_intervals":20,"downloaders_all_delta_pp":null,"downloaders_all_observed_common_delta_pp":-2.256470714262942e-06,"downloaders_all_left_share":null,"downloaders_all_right_share":null,"downloaders_without-hosting_delta_pp":null,"downloaders_without-hosting_observed_common_delta_pp":1.9196113687338926e-06,"downloaders_without-hosting_left_share":null,"downloaders_without-hosting_right_share":null,"uploaders_all_delta_pp":null,"uploaders_all_observed_common_delta_pp":0.0,"uploaders_all_left_share":null,"uploaders_all_right_share":null,"uploaders_without-hosting_delta_pp":null,"uploaders_without-hosting_observed_common_delta_pp":0.0,"uploaders_without-hosting_left_share":null,"uploaders_without-hosting_right_share":null},"geometry":{"type":"Polygon","coordinates":[[[136.55441286473794,35.94351793874024],[136.4599899240929,35.96347651004372],[136.42963484049926,36.046741650098745],[136.49379857119018,36.11017927604925],[136.58844786211506,36.09028048267855],[136.61870671137373,36.006884226192945],[136.55441286473794,35.94351793874024]]]}},{"type":"Feature","properties":{"h3":"852e6257fffffff","countries":["JPN"],"common_intervals":0,"left_observed_intervals":0,"right_observed_intervals":1,"full_window_comparable":false,"expected_intervals":20,"downloaders_all_delta_pp":null,"downloaders_all_observed_common_delta_pp":null,"downloaders_all_left_share":null,"downloaders_all_right_share":null,"downloaders_without-hosting_delta_pp":null,"downloaders_without-hosting_observed_common_delta_pp":null,"downloaders_without-hosting_left_share":null,"downloaders_without-hosting_right_share":null,"uploaders_all_delta_pp":null,"uploaders_all_observed_common_delta_pp":null,"uploaders_all_left_share":null,"uploaders_all_right_share":null,"uploaders_without-hosting_delta_pp":null,"uploaders_without-hosting_observed_common_delta_pp":null,"uploaders_without-hosting_left_share":null,"uploaders_without-hosting_right_share":null},"geometry":{"type":"Polygon","coordinates":[[[137.19342692960345,36.11599742219629],[137.0981152940404,36.13644191647971],[137.06815300719327,36.22023044365677],[137.1336034850363,36.283704797753664],[137.22914438673723,36.26331763494655],[137.25900517598387,36.17939873273804],[137.19342692960345,36.11599742219629]]]}},{"type":"Feature","properties":{"h3":"852e626ffffffff","countries":["JPN"],"common_intervals":15,"left_observed_intervals":18,"right_observed_intervals":17,"full_window_comparable":false,"expected_intervals":20,"downloaders_all_delta_pp":null,"downloaders_all_observed_common_delta_pp":-3.738813679263254e-06,"downloaders_all_left_share":null,"downloaders_all_right_share":null,"downloaders_without-hosting_delta_pp":null,"downloaders_without-hosting_observed_common_delta_pp":9.520374812145192e-07,"downloaders_without-hosting_left_share":null,"downloaders_without-hosting_right_share":null,"uploaders_all_delta_pp":null,"uploaders_all_observed_common_delta_pp":1.913174405935432e-05,"uploaders_all_left_share":null,"uploaders_all_right_share":null,"uploaders_without-hosting_delta_pp":null,"uploaders_without-hosting_observed_common_delta_pp":2.335755511799069e-05,"uploaders_without-hosting_left_share":null,"uploaders_without-hosting_right_share":null},"geometry":{"type":"Polygon","coordinates":[[[136.6569808258936,36.38411737273475],[136.56187577663405,36.403896413201025],[136.53140964383195,36.487225830035044],[136.5961463766737,36.55090682700047],[136.69148084680722,36.53118775260259],[136.72184879502998,36.447727657962],[136.6569808258936,36.38411737273475]]]}},{"type":"Feature","properties":{"h3":"852e628bfffffff","countries":["JPN"],"common_intervals":20,"left_observed_intervals":20,"right_observed_intervals":20,"full_window_comparable":true,"expected_intervals":20,"downloaders_all_delta_pp":0.00018801085998491985,"downloaders_all_observed_common_delta_pp":0.00018801085998491985,"downloaders_all_left_share":0.0010773280334354116,"downloaders_all_right_share":0.0008893171734504913,"downloaders_without-hosting_delta_pp":0.00024183253796610345,"downloaders_without-hosting_observed_common_delta_pp":0.00024183253796610345,"downloaders_without-hosting_left_share":0.0012808386156637984,"downloaders_without-hosting_right_share":0.0010390060776976945,"uploaders_all_delta_pp":0.00011803254940725053,"uploaders_all_observed_common_delta_pp":0.00011803254940725053,"uploaders_all_left_share":0.00013120247036138495,"uploaders_all_right_share":1.3169920954134433e-05,"uploaders_without-hosting_delta_pp":0.0001784808122032708,"uploaders_without-hosting_observed_common_delta_pp":0.0001784808122032708,"uploaders_without-hosting_left_share":0.0001939185333486262,"uploaders_without-hosting_right_share":1.5437721145355408e-05},"geometry":{"type":"Polygon","coordinates":[[[137.24708258490944,35.717082063050476],[137.15223391534334,35.737820315529476],[137.12247436902229,35.821667897983524],[137.18766392641066,35.884907789129635],[137.28273952122194,35.864226072603806],[137.31239827049617,35.78024787446939],[137.24708258490944,35.717082063050476]]]}},{"type":"Feature","properties":{"h3":"852e62b3fffffff","countries":["JPN"],"common_intervals":0,"left_observed_intervals":1,"right_observed_intervals":1,"full_window_comparable":false,"expected_intervals":20,"downloaders_all_delta_pp":null,"downloaders_all_observed_common_delta_pp":null,"downloaders_all_left_share":null,"downloaders_all_right_share":null,"downloaders_without-hosting_delta_pp":null,"downloaders_without-hosting_observed_common_delta_pp":null,"downloaders_without-hosting_left_share":null,"downloaders_without-hosting_right_share":null,"uploaders_all_delta_pp":null,"uploaders_all_observed_common_delta_pp":null,"uploaders_all_left_share":null,"uploaders_all_right_share":null,"uploaders_without-hosting_delta_pp":null,"uploaders_without-hosting_observed_common_delta_pp":null,"uploaders_without-hosting_left_share":null,"uploaders_without-hosting_right_share":null},"geometry":{"type":"Polygon","coordinates":[[[136.89326500922658,35.485374838576995],[136.79907884000934,35.50592753451441],[136.76915670787093,35.58948720736288],[136.8335179304384,35.652625259006655],[136.92792861054403,35.63213025261746],[136.95775320046565,35.54843944715558],[136.89326500922658,35.485374838576995]]]}},{"type":"Feature","properties":{"h3":"852e62b7fffffff","countries":["JPN"],"common_intervals":2,"left_observed_intervals":4,"right_observed_intervals":6,"full_window_comparable":false,"expected_intervals":20,"downloaders_all_delta_pp":null,"downloaders_all_observed_common_delta_pp":3.4700811531926515e-05,"downloaders_all_left_share":null,"downloaders_all_right_share":null,"downloaders_without-hosting_delta_pp":null,"downloaders_without-hosting_observed_common_delta_pp":4.560295860036682e-05,"downloaders_without-hosting_left_share":null,"downloaders_without-hosting_right_share":null,"uploaders_all_delta_pp":null,"uploaders_all_observed_common_delta_pp":0.0,"uploaders_all_left_share":null,"uploaders_all_right_share":null,"uploaders_without-hosting_delta_pp":null,"uploaders_without-hosting_observed_common_delta_pp":0.0,"uploaders_without-hosting_left_share":null,"uploaders_without-hosting_right_share":null},"geometry":{"type":"Polygon","coordinates":[[[136.73490667213693,35.44287408239812],[136.64093955453222,35.46330722121938],[136.61092116410234,35.546735582971955],[136.67496579473493,35.609862057793045],[136.76915670787093,35.58948720736288],[136.79907884000934,35.50592753451441],[136.73490667213693,35.44287408239812]]]}},{"type":"Feature","properties":{"h3":"852e62bbfffffff","countries":["JPN"],"common_intervals":0,"left_observed_intervals":0,"right_observed_intervals":2,"full_window_comparable":false,"expected_intervals":20,"downloaders_all_delta_pp":null,"downloaders_all_observed_common_delta_pp":null,"downloaders_all_left_share":null,"downloaders_all_right_share":null,"downloaders_without-hosting_delta_pp":null,"downloaders_without-hosting_observed_common_delta_pp":null,"downloaders_without-hosting_left_share":null,"downloaders_without-hosting_right_share":null,"uploaders_all_delta_pp":null,"uploaders_all_observed_common_delta_pp":null,"uploaders_all_left_share":null,"uploaders_all_right_share":null,"uploaders_without-hosting_delta_pp":null,"uploaders_without-hosting_observed_common_delta_pp":null,"uploaders_without-hosting_left_share":null,"uploaders_without-hosting_right_share":null},"geometry":{"type":"Polygon","coordinates":[[[136.92792861054403,35.63213025261746],[136.8335179304384,35.652625259006655],[136.8035607025066,35.7362110335286],[136.8681119865314,35.7994327422521],[136.962748177465,35.77899549794991],[136.9926072143907,35.695278725612944],[136.92792861054403,35.63213025261746]]]}},{"type":"Feature","properties":{"h3":"852e62cffffffff","countries":["JPN"],"common_intervals":13,"left_observed_intervals":16,"right_observed_intervals":17,"full_window_comparable":false,"expected_intervals":20,"downloaders_all_delta_pp":null,"downloaders_all_observed_common_delta_pp":3.3818327869071364e-05,"downloaders_all_left_share":null,"downloaders_all_right_share":null,"downloaders_without-hosting_delta_pp":null,"downloaders_without-hosting_observed_common_delta_pp":4.2394578763518455e-05,"downloaders_without-hosting_left_share":null,"downloaders_without-hosting_right_share":null,"uploaders_all_delta_pp":null,"uploaders_all_observed_common_delta_pp":-2.934763149939984e-05,"uploaders_all_left_share":null,"uploaders_all_right_share":null,"uploaders_without-hosting_delta_pp":null,"uploaders_without-hosting_observed_common_delta_pp":-3.5664050351932845e-05,"uploaders_without-hosting_left_share":null,"uploaders_without-hosting_right_share":null},"geometry":{"type":"Polygon","coordinates":[[[137.31855752446458,36.01147614166995],[137.22325399349424,36.03210126221266],[137.19342692960345,36.11599742219629],[137.25900517598387,36.17939873273804],[137.35453766026143,36.15883026376313],[137.38426257699416,36.0748037795419],[137.31855752446458,36.01147614166995]]]}},{"type":"Feature","properties":{"h3":"852e6343fffffff","countries":["JPN"],"common_intervals":0,"left_observed_intervals":0,"right_observed_intervals":1,"full_window_comparable":false,"expected_intervals":20,"downloaders_all_delta_pp":null,"downloaders_all_observed_common_delta_pp":null,"downloaders_all_left_share":null,"downloaders_all_right_share":null,"downloaders_without-hosting_delta_pp":null,"downloaders_without-hosting_observed_common_delta_pp":null,"downloaders_without-hosting_left_share":null,"downloaders_without-hosting_right_share":null,"uploaders_all_delta_pp":null,"uploaders_all_observed_common_delta_pp":null,"uploaders_all_left_share":null,"uploaders_all_right_share":null,"uploaders_without-hosting_delta_pp":null,"uploaders_without-hosting_observed_common_delta_pp":null,"uploaders_without-hosting_left_share":null,"uploaders_without-hosting_right_share":null},"geometry":{"type":"Polygon","coordinates":[[[136.1136397583852,35.95934369389674],[136.01966427173292,35.97888667436865],[135.98898934966147,36.061780336277764],[136.05238253752177,36.125262423352204],[136.14658312417188,36.10578106264681],[136.1771650658572,36.022755932625394],[136.1136397583852,35.95934369389674]]]}},{"type":"Feature","properties":{"h3":"852e6353fffffff","countries":["JPN"],"common_intervals":19,"left_observed_intervals":20,"right_observed_intervals":19,"full_window_comparable":false,"expected_intervals":20,"downloaders_all_delta_pp":null,"downloaders_all_observed_common_delta_pp":8.636444674692246e-05,"downloaders_all_left_share":null,"downloaders_all_right_share":null,"downloaders_without-hosting_delta_pp":null,"downloaders_without-hosting_observed_common_delta_pp":0.00011070333370908637,"downloaders_without-hosting_left_share":null,"downloaders_without-hosting_right_share":null,"uploaders_all_delta_pp":null,"uploaders_all_observed_common_delta_pp":0.0002253984816551842,"uploaders_all_left_share":null,"uploaders_all_right_share":null,"uploaders_without-hosting_delta_pp":null,"uploaders_without-hosting_observed_common_delta_pp":0.00032609813013002094,"uploaders_without-hosting_left_share":null,"uploaders_without-hosting_right_share":null},"geometry":{"type":"Polygon","coordinates":[[[136.23815910846224,35.85661973214336],[136.1441834242659,35.87634128644818],[136.1136397583852,35.95934369389674],[136.1771650658572,36.022755932625394],[136.27136560098887,36.003095338210564],[136.30181562102217,35.91996148333977],[136.23815910846224,35.85661973214336]]]}},{"type":"Feature","properties":{"h3":"852e635bfffffff","countries":["JPN"],"common_intervals":20,"left_observed_intervals":20,"right_observed_intervals":20,"full_window_comparable":true,"expected_intervals":20,"downloaders_all_delta_pp":0.0004011062850010896,"downloaders_all_observed_common_delta_pp":0.0004011062850010896,"downloaders_all_left_share":0.002360375368720661,"downloaders_all_right_share":0.0019592690837195717,"downloaders_without-hosting_delta_pp":0.0005149948042014715,"downloaders_without-hosting_observed_common_delta_pp":0.0005149948042014715,"downloaders_without-hosting_left_share":0.0028070151626819516,"downloaders_without-hosting_right_share":0.0022920203584804798,"uploaders_all_delta_pp":0.0019722785091855185,"uploaders_all_observed_common_delta_pp":0.0019722785091855185,"uploaders_all_left_share":0.0020878520895387287,"uploaders_all_right_share":0.00011557358035321018,"uploaders_without-hosting_delta_pp":0.002936962879059123,"uploaders_without-hosting_observed_common_delta_pp":0.002936962879059123,"uploaders_without-hosting_left_share":0.003087185886462325,"uploaders_without-hosting_right_share":0.00015022300740320267},"geometry":{"type":"Polygon","coordinates":[[[136.27136560098887,36.003095338210564],[136.1771650658572,36.022755932625394],[136.14658312417188,36.10578106264681],[136.21029563093992,36.16927684696756],[136.30472202842827,36.14967728765984],[136.3352096976449,36.06652084773621],[136.27136560098887,36.003095338210564]]]}},{"type":"Feature","properties":{"h3":"852e638ffffffff","countries":["JPN"],"common_intervals":0,"left_observed_intervals":2,"right_observed_intervals":1,"full_window_comparable":false,"expected_intervals":20,"downloaders_all_delta_pp":null,"downloaders_all_observed_common_delta_pp":null,"downloaders_all_left_share":null,"downloaders_all_right_share":null,"downloaders_without-hosting_delta_pp":null,"downloaders_without-hosting_observed_common_delta_pp":null,"downloaders_without-hosting_left_share":null,"downloaders_without-hosting_right_share":null,"uploaders_all_delta_pp":null,"uploaders_all_observed_common_delta_pp":null,"uploaders_all_left_share":null,"uploaders_all_right_share":null,"uploaders_without-hosting_delta_pp":null,"uploaders_without-hosting_observed_common_delta_pp":null,"uploaders_without-hosting_left_share":null,"uploaders_without-hosting_right_share":null},"geometry":{"type":"Polygon","coordinates":[[[135.98333589049847,35.37468551084808],[135.89025078251638,35.39447413532123],[135.85973130809504,35.47727035101773],[135.92238713519666,35.540409863142806],[136.01569334720466,35.52068251585217],[136.04612228063053,35.437754314265156],[135.98333589049847,35.37468551084808]]]}},{"type":"Feature","properties":{"h3":"852e6393fffffff","countries":["JPN"],"common_intervals":19,"left_observed_intervals":20,"right_observed_intervals":19,"full_window_comparable":false,"expected_intervals":20,"downloaders_all_delta_pp":null,"downloaders_all_observed_common_delta_pp":0.000167652316392077,"downloaders_all_left_share":null,"downloaders_all_right_share":null,"downloaders_without-hosting_delta_pp":null,"downloaders_without-hosting_observed_common_delta_pp":0.0002083503268199065,"downloaders_without-hosting_left_share":null,"downloaders_without-hosting_right_share":null,"uploaders_all_delta_pp":null,"uploaders_all_observed_common_delta_pp":2.0851632380316153e-05,"uploaders_all_left_share":null,"uploaders_all_right_share":null,"uploaders_without-hosting_delta_pp":null,"uploaders_without-hosting_observed_common_delta_pp":3.611306845669621e-05,"uploaders_without-hosting_left_share":null,"uploaders_without-hosting_right_share":null},"geometry":{"type":"Polygon","coordinates":[[[136.23016133950108,35.16867347261361],[136.13707482528977,35.188813684758166],[136.10681288353692,35.27181949201816],[136.1697289490356,35.33481695167047],[136.26303608960936,35.31473669110008],[136.29320619164645,35.231598955600944],[136.23016133950108,35.16867347261361]]]}},{"type":"Feature","properties":{"h3":"852e639bfffffff","countries":["JPN"],"common_intervals":13,"left_observed_intervals":18,"right_observed_intervals":14,"full_window_comparable":false,"expected_intervals":20,"downloaders_all_delta_pp":null,"downloaders_all_observed_common_delta_pp":6.158450997540796e-05,"downloaders_all_left_share":null,"downloaders_all_right_share":null,"downloaders_without-hosting_delta_pp":null,"downloaders_without-hosting_observed_common_delta_pp":8.043142797445842e-05,"downloaders_without-hosting_left_share":null,"downloaders_without-hosting_right_share":null,"uploaders_all_delta_pp":null,"uploaders_all_observed_common_delta_pp":-8.775499767869943e-05,"uploaders_all_left_share":null,"uploaders_all_right_share":null,"uploaders_without-hosting_delta_pp":null,"uploaders_without-hosting_observed_common_delta_pp":-0.00011361460458907455,"uploaders_without-hosting_left_share":null,"uploaders_without-hosting_right_share":null},"geometry":{"type":"Polygon","coordinates":[[[136.26303608960936,35.31473669110008],[136.1697289490356,35.33481695167047],[136.13942941747706,35.41785037483608],[136.2025291259159,35.48093528159063],[136.2960578759771,35.46091506525815],[136.32626495907184,35.37774983484571],[136.26303608960936,35.31473669110008]]]}},{"type":"Feature","properties":{"h3":"852e63c7fffffff","countries":["JPN"],"common_intervals":19,"left_observed_intervals":19,"right_observed_intervals":20,"full_window_comparable":false,"expected_intervals":20,"downloaders_all_delta_pp":null,"downloaders_all_observed_common_delta_pp":6.738637583038838e-05,"downloaders_all_left_share":null,"downloaders_all_right_share":null,"downloaders_without-hosting_delta_pp":null,"downloaders_without-hosting_observed_common_delta_pp":8.892510846324521e-05,"downloaders_without-hosting_left_share":null,"downloaders_without-hosting_right_share":null,"uploaders_all_delta_pp":null,"uploaders_all_observed_common_delta_pp":0.00013093748030668407,"uploaders_all_left_share":null,"uploaders_all_right_share":null,"uploaders_without-hosting_delta_pp":null,"uploaders_without-hosting_observed_common_delta_pp":0.0001917542883207931,"uploaders_without-hosting_left_share":null,"uploaders_without-hosting_right_share":null},"geometry":{"type":"Polygon","coordinates":[[[136.17219199059625,35.56399532052578],[136.07866299928355,35.58383855162387],[136.0481958385459,35.666792491939866],[136.1113497260013,35.73003484920602],[136.20510156435233,35.71025241457168],[136.23547631636785,35.62716676309694],[136.17219199059625,35.56399532052578]]]}},{"type":"Feature","properties":{"h3":"852e644bfffffff","countries":["JPN"],"common_intervals":20,"left_observed_intervals":20,"right_observed_intervals":20,"full_window_comparable":true,"expected_intervals":20,"downloaders_all_delta_pp":0.00018437079192914382,"downloaders_all_observed_common_delta_pp":0.00018437079192914382,"downloaders_all_left_share":0.001317758429729168,"downloaders_all_right_share":0.0011333876378000242,"downloaders_without-hosting_delta_pp":0.0002449749006157464,"downloaders_without-hosting_observed_common_delta_pp":0.0002449749006157464,"downloaders_without-hosting_left_share":0.001568525359386164,"downloaders_without-hosting_right_share":0.0013235504587704176,"uploaders_all_delta_pp":0.0007827272079729676,"uploaders_all_observed_common_delta_pp":0.0007827272079729676,"uploaders_all_left_share":0.001141100431176214,"uploaders_all_right_share":0.0003583732232032468,"uploaders_without-hosting_delta_pp":0.0011944931857357595,"uploaders_without-hosting_observed_common_delta_pp":0.0011944931857357595,"uploaders_without-hosting_left_share":0.001632487009196797,"uploaders_without-hosting_right_share":0.0004379938234610371},"geometry":{"type":"Polygon","coordinates":[[[137.88109792483024,34.642442810371875],[137.7869828719167,34.664406396086044],[137.7581166525041,34.74877255842405],[137.82346764401325,34.81130565039385],[137.91780474652325,34.78939424359227],[137.9465684560522,34.70489751372717],[137.88109792483024,34.642442810371875]]]}},{"type":"Feature","properties":{"h3":"852e644ffffffff","countries":["JPN"],"common_intervals":20,"left_observed_intervals":20,"right_observed_intervals":20,"full_window_comparable":true,"expected_intervals":20,"downloaders_all_delta_pp":0.0017080982670035385,"downloaders_all_observed_common_delta_pp":0.0017080982670035385,"downloaders_all_left_share":0.01031384459214364,"downloaders_all_right_share":0.008605746325140103,"downloaders_without-hosting_delta_pp":0.002156161774752689,"downloaders_without-hosting_observed_common_delta_pp":0.002156161774752689,"downloaders_without-hosting_left_share":0.011996481819700509,"downloaders_without-hosting_right_share":0.00984032004494782,"uploaders_all_delta_pp":0.0024045044018514736,"uploaders_all_observed_common_delta_pp":0.0024045044018514736,"uploaders_all_left_share":0.004152278180942892,"uploaders_all_right_share":0.0017477737790914185,"uploaders_without-hosting_delta_pp":0.0037950720301616046,"uploaders_without-hosting_observed_common_delta_pp":0.0037950720301616046,"uploaders_without-hosting_left_share":0.0059595294920734235,"uploaders_without-hosting_right_share":0.0021644574619118185},"geometry":{"type":"Polygon","coordinates":[[[137.72182354883077,34.601959536910186],[137.62791782301684,34.62380080668491],[137.59895036103637,34.70803618997305],[137.66398951722198,34.77056102897231],[137.7581166525041,34.74877255842405],[137.7869828719167,34.664406396086044],[137.72182354883077,34.601959536910186]]]}},{"type":"Feature","properties":{"h3":"852e646bfffffff","countries":["JPN"],"common_intervals":20,"left_observed_intervals":20,"right_observed_intervals":20,"full_window_comparable":true,"expected_intervals":20,"downloaders_all_delta_pp":0.00021677214202961404,"downloaders_all_observed_common_delta_pp":0.00021677214202961404,"downloaders_all_left_share":0.0030981188662074504,"downloaders_all_right_share":0.002881346724177836,"downloaders_without-hosting_delta_pp":0.00030878766829657626,"downloaders_without-hosting_observed_common_delta_pp":0.00030878766829657626,"downloaders_without-hosting_left_share":0.003675633059354247,"downloaders_without-hosting_right_share":0.00336684539105767,"uploaders_all_delta_pp":0.00016249808405940095,"uploaders_all_observed_common_delta_pp":0.00016249808405940095,"uploaders_all_left_share":0.0005894408797956944,"uploaders_all_right_share":0.0004269427957362934,"uploaders_without-hosting_delta_pp":0.00032356732054658556,"uploaders_without-hosting_observed_common_delta_pp":0.00032356732054658556,"uploaders_without-hosting_left_share":0.000857153380073738,"uploaders_without-hosting_right_share":0.0005335860595271525},"geometry":{"type":"Polygon","coordinates":[[[137.44030576328808,34.66718722512417],[137.34660029265672,34.68873264389161],[137.31740211353005,34.77273945177395],[137.3820084297487,34.83533185036547],[137.47593497070923,34.81384053826195],[137.5050337759756,34.7297026652458],[137.44030576328808,34.66718722512417]]]}},{"type":"Feature","properties":{"h3":"852e646ffffffff","countries":["JPN"],"common_intervals":0,"left_observed_intervals":2,"right_observed_intervals":1,"full_window_comparable":false,"expected_intervals":20,"downloaders_all_delta_pp":null,"downloaders_all_observed_common_delta_pp":null,"downloaders_all_left_share":null,"downloaders_all_right_share":null,"downloaders_without-hosting_delta_pp":null,"downloaders_without-hosting_observed_common_delta_pp":null,"downloaders_without-hosting_left_share":null,"downloaders_without-hosting_right_share":null,"uploaders_all_delta_pp":null,"uploaders_all_observed_common_delta_pp":null,"uploaders_all_left_share":null,"uploaders_all_right_share":null,"uploaders_without-hosting_delta_pp":null,"uploaders_without-hosting_observed_common_delta_pp":null,"uploaders_without-hosting_left_share":null,"uploaders_without-hosting_right_share":null},"geometry":{"type":"Polygon","coordinates":[[[137.28218271914267,34.62622773950194],[137.1886889085389,34.647653038230246],[137.159392612674,34.7315285871841],[137.223687896736,34.79411003933566],[137.31740211353005,34.77273945177395],[137.34660029265672,34.68873264389161],[137.28218271914267,34.62622773950194]]]}},{"type":"Feature","properties":{"h3":"852e647bfffffff","countries":["JPN"],"common_intervals":1,"left_observed_intervals":5,"right_observed_intervals":2,"full_window_comparable":false,"expected_intervals":20,"downloaders_all_delta_pp":null,"downloaders_all_observed_common_delta_pp":-7.853732033346689e-05,"downloaders_all_left_share":null,"downloaders_all_right_share":null,"downloaders_without-hosting_delta_pp":null,"downloaders_without-hosting_observed_common_delta_pp":-8.815656383969541e-05,"downloaders_without-hosting_left_share":null,"downloaders_without-hosting_right_share":null,"uploaders_all_delta_pp":null,"uploaders_all_observed_common_delta_pp":0.0,"uploaders_all_left_share":null,"uploaders_all_right_share":null,"uploaders_without-hosting_delta_pp":null,"uploaders_without-hosting_observed_common_delta_pp":0.0,"uploaders_without-hosting_left_share":null,"uploaders_without-hosting_right_share":null},"geometry":{"type":"Polygon","coordinates":[[[137.56306902983076,34.56136293733298],[137.46937320662857,34.583082825567836],[137.44030576328808,34.66718722512417],[137.5050337759756,34.7297026652458],[137.59895036103637,34.70803618997305],[137.62791782301684,34.62380080668491],[137.56306902983076,34.56136293733298]]]}},{"type":"Feature","properties":{"h3":"852e6533fffffff","countries":["JPN"],"common_intervals":9,"left_observed_intervals":17,"right_observed_intervals":10,"full_window_comparable":false,"expected_intervals":20,"downloaders_all_delta_pp":null,"downloaders_all_observed_common_delta_pp":6.377728278799141e-05,"downloaders_all_left_share":null,"downloaders_all_right_share":null,"downloaders_without-hosting_delta_pp":null,"downloaders_without-hosting_observed_common_delta_pp":8.166259837302897e-05,"downloaders_without-hosting_left_share":null,"downloaders_without-hosting_right_share":null,"uploaders_all_delta_pp":null,"uploaders_all_observed_common_delta_pp":0.0,"uploaders_all_left_share":null,"uploaders_all_right_share":null,"uploaders_without-hosting_delta_pp":null,"uploaders_without-hosting_observed_common_delta_pp":0.0,"uploaders_without-hosting_left_share":null,"uploaders_without-hosting_right_share":null},"geometry":{"type":"Polygon","coordinates":[[[136.2146100246662,33.79701118819266],[136.12325231916645,33.81796691420019],[136.09353852701148,33.90090800748162],[136.15527049324183,33.963025962526466],[136.24684072539196,33.94212795803701],[136.27646613691982,33.859054210010626],[136.2146100246662,33.79701118819266]]]}},{"type":"Feature","properties":{"h3":"852e6537fffffff","countries":["JPN"],"common_intervals":0,"left_observed_intervals":6,"right_observed_intervals":2,"full_window_comparable":false,"expected_intervals":20,"downloaders_all_delta_pp":null,"downloaders_all_observed_common_delta_pp":null,"downloaders_all_left_share":null,"downloaders_all_right_share":null,"downloaders_without-hosting_delta_pp":null,"downloaders_without-hosting_observed_common_delta_pp":null,"downloaders_without-hosting_left_share":null,"downloaders_without-hosting_right_share":null,"uploaders_all_delta_pp":null,"uploaders_all_observed_common_delta_pp":null,"uploaders_all_left_share":null,"uploaders_all_right_share":null,"uploaders_without-hosting_delta_pp":null,"uploaders_without-hosting_observed_common_delta_pp":null,"uploaders_without-hosting_left_share":null,"uploaders_without-hosting_right_share":null},"geometry":{"type":"Polygon","coordinates":[[[136.06169626633343,33.755944702229975],[135.9705507215317,33.776788986943146],[135.94074972790492,33.85959728691968],[136.0021811546261,33.921694027308696],[136.09353852701148,33.90090800748162],[136.12325231916645,33.81796691420019],[136.06169626633343,33.755944702229975]]]}},{"type":"Feature","properties":{"h3":"852e653bfffffff","countries":["JPN"],"common_intervals":14,"left_observed_intervals":16,"right_observed_intervals":16,"full_window_comparable":false,"expected_intervals":20,"downloaders_all_delta_pp":null,"downloaders_all_observed_common_delta_pp":4.3282172102857136e-05,"downloaders_all_left_share":null,"downloaders_all_right_share":null,"downloaders_without-hosting_delta_pp":null,"downloaders_without-hosting_observed_common_delta_pp":5.86120845181273e-05,"downloaders_without-hosting_left_share":null,"downloaders_without-hosting_right_share":null,"uploaders_all_delta_pp":null,"uploaders_all_observed_common_delta_pp":2.9490047065867822e-05,"uploaders_all_left_share":null,"uploaders_all_right_share":null,"uploaders_without-hosting_delta_pp":null,"uploaders_without-hosting_observed_common_delta_pp":5.1200455122416084e-05,"uploaders_without-hosting_left_share":null,"uploaders_without-hosting_right_share":null},"geometry":{"type":"Polygon","coordinates":[[[136.24684072539196,33.94212795803701],[136.15527049324183,33.963025962526466],[136.12552042922076,34.04600431987677],[136.1874292230304,34.108217174056264],[136.2792129114521,34.08737701638784],[136.30887401985657,34.00426609128753],[136.24684072539196,33.94212795803701]]]}},{"type":"Feature","properties":{"h3":"852e654bfffffff","countries":["JPN"],"common_intervals":20,"left_observed_intervals":20,"right_observed_intervals":20,"full_window_comparable":true,"expected_intervals":20,"downloaders_all_delta_pp":0.0001419172652263242,"downloaders_all_observed_common_delta_pp":0.0001419172652263242,"downloaders_all_left_share":0.0006090321239465566,"downloaders_all_right_share":0.0004671148587202325,"downloaders_without-hosting_delta_pp":0.0001786189416494248,"downloaders_without-hosting_observed_common_delta_pp":0.0001786189416494248,"downloaders_without-hosting_left_share":0.0007239885514599376,"downloaders_without-hosting_right_share":0.0005453696098105129,"uploaders_all_delta_pp":9.922773335059407e-05,"uploaders_all_observed_common_delta_pp":9.922773335059407e-05,"uploaders_all_left_share":0.00012025000753533352,"uploaders_all_right_share":2.1022274184739437e-05,"uploaders_without-hosting_delta_pp":0.00013745564333935933,"uploaders_without-hosting_observed_common_delta_pp":0.00013745564333935933,"uploaders_without-hosting_left_share":0.00016162427920046166,"uploaders_without-hosting_right_share":2.4168635861102337e-05},"geometry":{"type":"Polygon","coordinates":[[[136.77708917876507,34.3567521385104],[136.68445085614422,34.37787905433787],[136.65490220513743,34.46132570032929],[136.71808530645305,34.52377727553736],[136.81094104683135,34.50270674257188],[136.8403959283125,34.41912818999693],[136.77708917876507,34.3567521385104]]]}},{"type":"Feature","properties":{"h3":"852e655bfffffff","countries":["JPN"],"common_intervals":1,"left_observed_intervals":5,"right_observed_intervals":3,"full_window_comparable":false,"expected_intervals":20,"downloaders_all_delta_pp":null,"downloaders_all_observed_common_delta_pp":2.7002797046705963e-06,"downloaders_all_left_share":null,"downloaders_all_right_share":null,"downloaders_without-hosting_delta_pp":null,"downloaders_without-hosting_observed_common_delta_pp":8.667507654191325e-06,"downloaders_without-hosting_left_share":null,"downloaders_without-hosting_right_share":null,"uploaders_all_delta_pp":null,"uploaders_all_observed_common_delta_pp":0.00028697616089031484,"uploaders_all_left_share":null,"uploaders_all_right_share":null,"uploaders_without-hosting_delta_pp":null,"uploaders_without-hosting_observed_common_delta_pp":0.0003503633267698603,"uploaders_without-hosting_left_share":null,"uploaders_without-hosting_right_share":null},"geometry":{"type":"Polygon","coordinates":[[[136.8991438277902,34.251909145898125],[136.80651014972838,34.2732085060409],[136.77708917876507,34.3567521385104],[136.8403959283125,34.41912818999693],[136.93324675548504,34.39788452957764],[136.96257334466526,34.31420905710678],[136.8991438277902,34.251909145898125]]]}},{"type":"Feature","properties":{"h3":"852e6573fffffff","countries":["JPN"],"common_intervals":0,"left_observed_intervals":2,"right_observed_intervals":4,"full_window_comparable":false,"expected_intervals":20,"downloaders_all_delta_pp":null,"downloaders_all_observed_common_delta_pp":null,"downloaders_all_left_share":null,"downloaders_all_right_share":null,"downloaders_without-hosting_delta_pp":null,"downloaders_without-hosting_observed_common_delta_pp":null,"downloaders_without-hosting_left_share":null,"downloaders_without-hosting_right_share":null,"uploaders_all_delta_pp":null,"uploaders_all_observed_common_delta_pp":null,"uploaders_all_left_share":null,"uploaders_all_right_share":null,"uploaders_without-hosting_delta_pp":null,"uploaders_without-hosting_observed_common_delta_pp":null,"uploaders_without-hosting_left_share":null,"uploaders_without-hosting_right_share":null},"geometry":{"type":"Polygon","coordinates":[[[136.43342115119924,34.12865581543169],[136.3414243097888,34.14960940950395],[136.31172749572295,34.23275653473777],[136.37411792628217,34.29508232844446],[136.46632985786485,34.27418614532665],[136.49593593474614,34.19090669290442],[136.43342115119924,34.12865581543169]]]}},{"type":"Feature","properties":{"h3":"852e657bfffffff","countries":["JPN"],"common_intervals":3,"left_observed_intervals":7,"right_observed_intervals":9,"full_window_comparable":false,"expected_intervals":20,"downloaders_all_delta_pp":null,"downloaders_all_observed_common_delta_pp":4.236280117015406e-05,"downloaders_all_left_share":null,"downloaders_all_right_share":null,"downloaders_without-hosting_delta_pp":null,"downloaders_without-hosting_observed_common_delta_pp":5.2955685674584226e-05,"downloaders_without-hosting_left_share":null,"downloaders_without-hosting_right_share":null,"uploaders_all_delta_pp":null,"uploaders_all_observed_common_delta_pp":0.0,"uploaders_all_left_share":null,"uploaders_all_right_share":null,"uploaders_without-hosting_delta_pp":null,"uploaders_without-hosting_observed_common_delta_pp":0.0,"uploaders_without-hosting_left_share":null,"uploaders_without-hosting_right_share":null},"geometry":{"type":"Polygon","coordinates":[[[136.46632985786485,34.27418614532665],[136.37411792628217,34.29508232844446],[136.3443853987628,34.378264673078455],[136.40695579664484,34.44068300042138],[136.49938376208215,34.41984434202532],[136.52902495957142,34.336529767489935],[136.46632985786485,34.27418614532665]]]}},{"type":"Feature","properties":{"h3":"852e662bfffffff","countries":["JPN"],"common_intervals":7,"left_observed_intervals":12,"right_observed_intervals":13,"full_window_comparable":false,"expected_intervals":20,"downloaders_all_delta_pp":null,"downloaders_all_observed_common_delta_pp":3.820655690022408e-05,"downloaders_all_left_share":null,"downloaders_all_right_share":null,"downloaders_without-hosting_delta_pp":null,"downloaders_without-hosting_observed_common_delta_pp":4.877408244587036e-05,"downloaders_without-hosting_left_share":null,"downloaders_without-hosting_right_share":null,"uploaders_all_delta_pp":null,"uploaders_all_observed_common_delta_pp":0.00012505938259064784,"uploaders_all_left_share":null,"uploaders_all_right_share":null,"uploaders_without-hosting_delta_pp":null,"uploaders_without-hosting_observed_common_delta_pp":0.00015942962117693126,"uploaders_without-hosting_left_share":null,"uploaders_without-hosting_right_share":null},"geometry":{"type":"Polygon","coordinates":[[[137.45985754229213,35.35996752575235],[137.36525197065743,35.38111844723386],[137.3357927635103,35.46514732924352],[137.40104016384205,35.528155866381525],[137.49587103638555,35.50706004556843],[137.5252288484526,35.42290053317399],[137.45985754229213,35.35996752575235]]]}},{"type":"Feature","properties":{"h3":"852e662ffffffff","countries":["JPN"],"common_intervals":0,"left_observed_intervals":1,"right_observed_intervals":3,"full_window_comparable":false,"expected_intervals":20,"downloaders_all_delta_pp":null,"downloaders_all_observed_common_delta_pp":null,"downloaders_all_left_share":null,"downloaders_all_right_share":null,"downloaders_without-hosting_delta_pp":null,"downloaders_without-hosting_observed_common_delta_pp":null,"downloaders_without-hosting_left_share":null,"downloaders_without-hosting_right_share":null,"uploaders_all_delta_pp":null,"uploaders_all_observed_common_delta_pp":null,"uploaders_all_left_share":null,"uploaders_all_right_share":null,"uploaders_without-hosting_delta_pp":null,"uploaders_without-hosting_observed_common_delta_pp":null,"uploaders_without-hosting_left_share":null,"uploaders_without-hosting_right_share":null},"geometry":{"type":"Polygon","coordinates":[[[137.3001970113182,35.31819343888148],[137.20580700459297,35.3392221453255],[137.1762476958018,35.42312019678088],[137.24117813793842,35.48612031720003],[137.3357927635103,35.46514732924352],[137.36525197065743,35.38111844723386],[137.3001970113182,35.31819343888148]]]}},{"type":"Feature","properties":{"h3":"852e6673fffffff","countries":["JPN"],"common_intervals":7,"left_observed_intervals":10,"right_observed_intervals":13,"full_window_comparable":false,"expected_intervals":20,"downloaders_all_delta_pp":null,"downloaders_all_observed_common_delta_pp":-1.306244583628065e-05,"downloaders_all_left_share":null,"downloaders_all_right_share":null,"downloaders_without-hosting_delta_pp":null,"downloaders_without-hosting_observed_common_delta_pp":-1.1473016356039524e-05,"downloaders_without-hosting_left_share":null,"downloaders_without-hosting_right_share":null,"uploaders_all_delta_pp":null,"uploaders_all_observed_common_delta_pp":5.102860918974223e-05,"uploaders_all_left_share":null,"uploaders_all_right_share":null,"uploaders_without-hosting_delta_pp":null,"uploaders_without-hosting_observed_common_delta_pp":6.394479262384028e-05,"uploaders_without-hosting_left_share":null,"uploaders_without-hosting_right_share":null},"geometry":{"type":"Polygon","coordinates":[[[137.78077278946904,35.44316800554417],[137.6857377972932,35.464566261552136],[137.6564826802592,35.54885619732686],[137.72236619406664,35.611878035589974],[137.81762782854048,35.590533624436866],[137.84677894415043,35.50611347918077],[137.78077278946904,35.44316800554417]]]}},{"type":"Feature","properties":{"h3":"852e668bfffffff","countries":["JPN"],"common_intervals":0,"left_observed_intervals":2,"right_observed_intervals":1,"full_window_comparable":false,"expected_intervals":20,"downloaders_all_delta_pp":null,"downloaders_all_observed_common_delta_pp":null,"downloaders_all_left_share":null,"downloaders_all_right_share":null,"downloaders_without-hosting_delta_pp":null,"downloaders_without-hosting_observed_common_delta_pp":null,"downloaders_without-hosting_left_share":null,"downloaders_without-hosting_right_share":null,"uploaders_all_delta_pp":null,"uploaders_all_observed_common_delta_pp":null,"uploaders_all_left_share":null,"uploaders_all_right_share":null,"uploaders_without-hosting_delta_pp":null,"uploaders_without-hosting_observed_common_delta_pp":null,"uploaders_without-hosting_left_share":null,"uploaders_without-hosting_right_share":null},"geometry":{"type":"Polygon","coordinates":[[[138.11530279260526,34.977105331322676],[138.02053267192568,34.999088994857345],[137.9917102727139,35.08365091302125],[138.05776278743596,35.14635920878599],[138.15275753763197,35.12442723417797],[138.18147478536957,35.03973522542527],[138.11530279260526,34.977105331322676]]]}},{"type":"Feature","properties":{"h3":"852e6693fffffff","countries":["JPN"],"common_intervals":18,"left_observed_intervals":18,"right_observed_intervals":20,"full_window_comparable":false,"expected_intervals":20,"downloaders_all_delta_pp":null,"downloaders_all_observed_common_delta_pp":0.0002852632883914107,"downloaders_all_left_share":null,"downloaders_all_right_share":null,"downloaders_without-hosting_delta_pp":null,"downloaders_without-hosting_observed_common_delta_pp":0.0003478498431751123,"downloaders_without-hosting_left_share":null,"downloaders_without-hosting_right_share":null,"uploaders_all_delta_pp":null,"uploaders_all_observed_common_delta_pp":0.0005023400183822171,"uploaders_all_left_share":null,"uploaders_all_right_share":null,"uploaders_without-hosting_delta_pp":null,"uploaders_without-hosting_observed_common_delta_pp":0.0007248100508437908,"uploaders_without-hosting_left_share":null,"uploaders_without-hosting_right_share":null},"geometry":{"type":"Polygon","coordinates":[[[138.20120655179574,34.72306103934742],[138.10667464651513,34.745272068499325],[138.0780147202144,34.82989914746968],[138.14399140658807,34.89244527164479],[138.2387466185602,34.87028516106679],[138.26730148234054,34.78552795837005],[138.20120655179574,34.72306103934742]]]}},{"type":"Feature","properties":{"h3":"852e6697fffffff","countries":["JPN"],"common_intervals":20,"left_observed_intervals":20,"right_observed_intervals":20,"full_window_comparable":true,"expected_intervals":20,"downloaders_all_delta_pp":3.184148686884608e-05,"downloaders_all_observed_common_delta_pp":3.184148686884608e-05,"downloaders_all_left_share":0.00036967200107074585,"downloaders_all_right_share":0.00033783051420189976,"downloaders_without-hosting_delta_pp":4.482566397343532e-05,"downloaders_without-hosting_observed_common_delta_pp":4.482566397343532e-05,"downloaders_without-hosting_left_share":0.00043978031920881045,"downloaders_without-hosting_right_share":0.0003949546552353751,"uploaders_all_delta_pp":0.0,"uploaders_all_observed_common_delta_pp":0.0,"uploaders_all_left_share":0.0,"uploaders_all_right_share":0.0,"uploaders_without-hosting_delta_pp":0.0,"uploaders_without-hosting_observed_common_delta_pp":0.0,"uploaders_without-hosting_left_share":0.0,"uploaders_without-hosting_right_share":0.0},"geometry":{"type":"Polygon","coordinates":[[[138.0408922417723,34.68281067555915],[137.9465684560522,34.70489751372717],[137.91780474652325,34.78939424359227],[137.98346825243,34.85193443361158],[138.0780147202144,34.82989914746968],[138.10667464651513,34.745272068499325],[138.0408922417723,34.68281067555915]]]}},{"type":"Feature","properties":{"h3":"852e6803fffffff","countries":["JPN"],"common_intervals":0,"left_observed_intervals":3,"right_observed_intervals":3,"full_window_comparable":false,"expected_intervals":20,"downloaders_all_delta_pp":null,"downloaders_all_observed_common_delta_pp":null,"downloaders_all_left_share":null,"downloaders_all_right_share":null,"downloaders_without-hosting_delta_pp":null,"downloaders_without-hosting_observed_common_delta_pp":null,"downloaders_without-hosting_left_share":null,"downloaders_without-hosting_right_share":null,"uploaders_all_delta_pp":null,"uploaders_all_observed_common_delta_pp":null,"uploaders_all_left_share":null,"uploaders_all_right_share":null,"uploaders_without-hosting_delta_pp":null,"uploaders_without-hosting_observed_common_delta_pp":null,"uploaders_without-hosting_left_share":null,"uploaders_without-hosting_right_share":null},"geometry":{"type":"Polygon","coordinates":[[[133.75895250704127,35.00396364531286],[133.66881656913495,35.02199740512938],[133.63699095609897,35.102854107060566],[133.69537450700366,35.16581027397047],[133.78572154875454,35.14784580655507],[133.81747361534605,35.066855798926575],[133.75895250704127,35.00396364531286]]]}},{"type":"Feature","properties":{"h3":"852e682bfffffff","countries":["JPN"],"common_intervals":0,"left_observed_intervals":0,"right_observed_intervals":2,"full_window_comparable":false,"expected_intervals":20,"downloaders_all_delta_pp":null,"downloaders_all_observed_common_delta_pp":null,"downloaders_all_left_share":null,"downloaders_all_right_share":null,"downloaders_without-hosting_delta_pp":null,"downloaders_without-hosting_observed_common_delta_pp":null,"downloaders_without-hosting_left_share":null,"downloaders_without-hosting_right_share":null,"uploaders_all_delta_pp":null,"uploaders_all_observed_common_delta_pp":null,"uploaders_all_left_share":null,"uploaders_all_right_share":null,"uploaders_without-hosting_delta_pp":null,"uploaders_without-hosting_observed_common_delta_pp":null,"uploaders_without-hosting_left_share":null,"uploaders_without-hosting_right_share":null},"geometry":{"type":"Polygon","coordinates":[[[133.36688436583742,35.15616996170146],[133.2770148003919,35.17376088846076],[133.24487841721938,35.25426808769987],[133.30268232867235,35.31731755558445],[133.39276236305344,35.2997976035453],[133.42482769889267,35.21915712598978],[133.36688436583742,35.15616996170146]]]}},{"type":"Feature","properties":{"h3":"852e6833fffffff","countries":["JPN"],"common_intervals":8,"left_observed_intervals":15,"right_observed_intervals":10,"full_window_comparable":false,"expected_intervals":20,"downloaders_all_delta_pp":null,"downloaders_all_observed_common_delta_pp":-3.307278973741992e-05,"downloaders_all_left_share":null,"downloaders_all_right_share":null,"downloaders_without-hosting_delta_pp":null,"downloaders_without-hosting_observed_common_delta_pp":-3.684136684764706e-05,"downloaders_without-hosting_left_share":null,"downloaders_without-hosting_right_share":null,"uploaders_all_delta_pp":null,"uploaders_all_observed_common_delta_pp":0.0,"uploaders_all_left_share":null,"uploaders_all_right_share":null,"uploaders_without-hosting_delta_pp":null,"uploaders_without-hosting_observed_common_delta_pp":0.0,"uploaders_without-hosting_left_share":null,"uploaders_without-hosting_right_share":null},"geometry":{"type":"Polygon","coordinates":[[[133.4627692003729,34.914241118973315],[133.3730894556193,34.932073088531126],[133.34112019442614,35.01266300769299],[133.39890161460426,35.07555429252825],[133.4887907913408,35.05779254607932],[133.52068879990958,34.97706920876385],[133.4627692003729,34.914241118973315]]]}},{"type":"Feature","properties":{"h3":"852e6843fffffff","countries":["JPN"],"common_intervals":2,"left_observed_intervals":6,"right_observed_intervals":9,"full_window_comparable":false,"expected_intervals":20,"downloaders_all_delta_pp":null,"downloaders_all_observed_common_delta_pp":4.879249060985496e-05,"downloaders_all_left_share":null,"downloaders_all_right_share":null,"downloaders_without-hosting_delta_pp":null,"downloaders_without-hosting_observed_common_delta_pp":6.073421100637789e-05,"downloaders_without-hosting_left_share":null,"downloaders_without-hosting_right_share":null,"uploaders_all_delta_pp":null,"uploaders_all_observed_common_delta_pp":0.0,"uploaders_all_left_share":null,"uploaders_all_right_share":null,"uploaders_without-hosting_delta_pp":null,"uploaders_without-hosting_observed_common_delta_pp":0.0,"uploaders_without-hosting_left_share":null,"uploaders_without-hosting_right_share":null},"geometry":{"type":"Polygon","coordinates":[[[133.96224967019594,35.33693149330934],[133.87146104518757,35.35492974629501],[133.83961578789118,35.435969724377294],[133.89863452726976,35.499144407932825],[133.98963699766,35.48121524025979],[134.021406556206,35.4000422249058],[133.96224967019594,35.33693149330934]]]}},{"type":"Feature","properties":{"h3":"852e6847fffffff","countries":["JPN"],"common_intervals":5,"left_observed_intervals":8,"right_observed_intervals":8,"full_window_comparable":false,"expected_intervals":20,"downloaders_all_delta_pp":null,"downloaders_all_observed_common_delta_pp":-1.569725230535607e-05,"downloaders_all_left_share":null,"downloaders_all_right_share":null,"downloaders_without-hosting_delta_pp":null,"downloaders_without-hosting_observed_common_delta_pp":-1.691178880120047e-05,"downloaders_without-hosting_left_share":null,"downloaders_without-hosting_right_share":null,"uploaders_all_delta_pp":null,"uploaders_all_observed_common_delta_pp":-4.453982167414204e-07,"uploaders_all_left_share":null,"uploaders_all_right_share":null,"uploaders_without-hosting_delta_pp":null,"uploaders_without-hosting_observed_common_delta_pp":1.0323440187640522e-05,"uploaders_without-hosting_left_share":null,"uploaders_without-hosting_right_share":null},"geometry":{"type":"Polygon","coordinates":[[[133.81260905032283,35.29184842151924],[133.72204995633035,35.30974345693864],[133.6901301753012,35.39065032931404],[133.74884368713595,35.45379519211607],[133.83961578789118,35.435969724377294],[133.87146104518757,35.35492974629501],[133.81260905032283,35.29184842151924]]]}},{"type":"Feature","properties":{"h3":"852e6867fffffff","countries":["JPN"],"common_intervals":19,"left_observed_intervals":20,"right_observed_intervals":19,"full_window_comparable":false,"expected_intervals":20,"downloaders_all_delta_pp":null,"downloaders_all_observed_common_delta_pp":0.00013855579294263942,"downloaders_all_left_share":null,"downloaders_all_right_share":null,"downloaders_without-hosting_delta_pp":null,"downloaders_without-hosting_observed_common_delta_pp":0.00017269385605527714,"downloaders_without-hosting_left_share":null,"downloaders_without-hosting_right_share":null,"uploaders_all_delta_pp":null,"uploaders_all_observed_common_delta_pp":0.00013120273209372307,"uploaders_all_left_share":null,"uploaders_all_right_share":null,"uploaders_without-hosting_delta_pp":null,"uploaders_without-hosting_observed_common_delta_pp":0.00018841799266603522,"uploaders_without-hosting_left_share":null,"uploaders_without-hosting_right_share":null},"geometry":{"type":"Polygon","coordinates":[[[133.39276236305344,35.2997976035453],[133.30268232867235,35.31731755558445],[133.27049728823266,35.39784871803717],[133.3284634799892,35.4609930248882],[133.4187549314376,35.44354418986372],[133.45086845370128,35.36287984857264],[133.39276236305344,35.2997976035453]]]}},{"type":"Feature","properties":{"h3":"852e686bfffffff","countries":["JPN"],"common_intervals":0,"left_observed_intervals":1,"right_observed_intervals":1,"full_window_comparable":false,"expected_intervals":20,"downloaders_all_delta_pp":null,"downloaders_all_observed_common_delta_pp":null,"downloaders_all_left_share":null,"downloaders_all_right_share":null,"downloaders_without-hosting_delta_pp":null,"downloaders_without-hosting_observed_common_delta_pp":null,"downloaders_without-hosting_left_share":null,"downloaders_without-hosting_right_share":null,"uploaders_all_delta_pp":null,"uploaders_all_observed_common_delta_pp":null,"uploaders_all_left_share":null,"uploaders_all_right_share":null,"uploaders_without-hosting_delta_pp":null,"uploaders_without-hosting_observed_common_delta_pp":null,"uploaders_without-hosting_left_share":null,"uploaders_without-hosting_right_share":null},"geometry":{"type":"Polygon","coordinates":[[[133.56754776869252,35.48917049680011],[133.47702463066412,35.50672071005381],[133.44486282277927,35.587407967483905],[133.5032969879006,35.650677950428964],[133.5940333552445,35.63319852322234],[133.62612200328905,35.552378246157],[133.56754776869252,35.48917049680011]]]}},{"type":"Feature","properties":{"h3":"852e6887fffffff","countries":["JPN"],"common_intervals":0,"left_observed_intervals":2,"right_observed_intervals":1,"full_window_comparable":false,"expected_intervals":20,"downloaders_all_delta_pp":null,"downloaders_all_observed_common_delta_pp":null,"downloaders_all_left_share":null,"downloaders_all_right_share":null,"downloaders_without-hosting_delta_pp":null,"downloaders_without-hosting_observed_common_delta_pp":null,"downloaders_without-hosting_left_share":null,"downloaders_without-hosting_right_share":null,"uploaders_all_delta_pp":null,"uploaders_all_observed_common_delta_pp":null,"uploaders_all_left_share":null,"uploaders_all_right_share":null,"uploaders_without-hosting_delta_pp":null,"uploaders_without-hosting_observed_common_delta_pp":null,"uploaders_without-hosting_left_share":null,"uploaders_without-hosting_right_share":null},"geometry":{"type":"Polygon","coordinates":[[[133.8271133224427,34.61731813922778],[133.73737966782636,34.63565975864287],[133.70576673161568,34.71656769705385],[133.76396038089402,34.77926745448817],[133.85390314895403,34.760994220738496],[133.88544283826735,34.67995276249703],[133.8271133224427,34.61731813922778]]]}},{"type":"Feature","properties":{"h3":"852e6897fffffff","countries":["JPN"],"common_intervals":20,"left_observed_intervals":20,"right_observed_intervals":20,"full_window_comparable":true,"expected_intervals":20,"downloaders_all_delta_pp":0.0004759201322756701,"downloaders_all_observed_common_delta_pp":0.0004759201322756701,"downloaders_all_left_share":0.0038477263762666594,"downloaders_all_right_share":0.0033718062439909886,"downloaders_without-hosting_delta_pp":0.0006326142107485901,"downloaders_without-hosting_observed_common_delta_pp":0.0006326142107485901,"downloaders_without-hosting_left_share":0.004575464299770691,"downloaders_without-hosting_right_share":0.003942850089022102,"uploaders_all_delta_pp":-0.0005767481600573071,"uploaders_all_observed_common_delta_pp":-0.0005767481600573071,"uploaders_all_left_share":0.0003895291203516095,"uploaders_all_right_share":0.0009662772804089167,"uploaders_without-hosting_delta_pp":-0.0006806824921339745,"uploaders_without-hosting_observed_common_delta_pp":-0.0006806824921339745,"uploaders_without-hosting_left_share":0.0005327886021298361,"uploaders_without-hosting_right_share":0.0012134710942638106},"geometry":{"type":"Polygon","coordinates":[[[133.94835718251622,34.51779469375671],[133.85860728868963,34.53630583620777],[133.8271133224427,34.61731813922778],[133.88544283826735,34.67995276249703],[133.97540172818913,34.66150938629654],[134.00682179019574,34.58036353971229],[133.94835718251622,34.51779469375671]]]}},{"type":"Feature","properties":{"h3":"852e68b3fffffff","countries":["JPN"],"common_intervals":0,"left_observed_intervals":3,"right_observed_intervals":2,"full_window_comparable":false,"expected_intervals":20,"downloaders_all_delta_pp":null,"downloaders_all_observed_common_delta_pp":null,"downloaders_all_left_share":null,"downloaders_all_right_share":null,"downloaders_without-hosting_delta_pp":null,"downloaders_without-hosting_observed_common_delta_pp":null,"downloaders_without-hosting_left_share":null,"downloaders_without-hosting_right_share":null,"uploaders_all_delta_pp":null,"uploaders_all_observed_common_delta_pp":null,"uploaders_all_left_share":null,"uploaders_all_right_share":null,"uploaders_without-hosting_delta_pp":null,"uploaders_without-hosting_observed_common_delta_pp":null,"uploaders_without-hosting_left_share":null,"uploaders_without-hosting_right_share":null},"geometry":{"type":"Polygon","coordinates":[[[133.67934847842275,34.57305739114943],[133.58984022216592,34.59129815206856],[133.55815517428775,34.67207251234894],[133.61605018045572,34.73473960743718],[133.70576673161568,34.71656769705385],[133.73737966782636,34.63565975864287],[133.67934847842275,34.57305739114943]]]}},{"type":"Feature","properties":{"h3":"852e68b7fffffff","countries":["JPN"],"common_intervals":1,"left_observed_intervals":2,"right_observed_intervals":3,"full_window_comparable":false,"expected_intervals":20,"downloaders_all_delta_pp":null,"downloaders_all_observed_common_delta_pp":9.646071284554902e-05,"downloaders_all_left_share":null,"downloaders_all_right_share":null,"downloaders_without-hosting_delta_pp":null,"downloaders_without-hosting_observed_common_delta_pp":0.00011835613215619697,"downloaders_without-hosting_left_share":null,"downloaders_without-hosting_right_share":null,"uploaders_all_delta_pp":null,"uploaders_all_observed_common_delta_pp":0.0,"uploaders_all_left_share":null,"uploaders_all_right_share":null,"uploaders_without-hosting_delta_pp":null,"uploaders_without-hosting_observed_common_delta_pp":0.0,"uploaders_without-hosting_left_share":null,"uploaders_without-hosting_right_share":null},"geometry":{"type":"Polygon","coordinates":[[[133.5321063834275,34.52872899380045],[133.4428236737033,34.54686979022276],[133.4110676415728,34.627510519440456],[133.4686649916935,34.690143999898666],[133.55815517428775,34.67207251234894],[133.58984022216592,34.59129815206856],[133.5321063834275,34.52872899380045]]]}},{"type":"Feature","properties":{"h3":"852e68bbfffffff","countries":["JPN"],"common_intervals":9,"left_observed_intervals":13,"right_observed_intervals":10,"full_window_comparable":false,"expected_intervals":20,"downloaders_all_delta_pp":null,"downloaders_all_observed_common_delta_pp":7.82421709805594e-06,"downloaders_all_left_share":null,"downloaders_all_right_share":null,"downloaders_without-hosting_delta_pp":null,"downloaders_without-hosting_observed_common_delta_pp":1.3369756529581482e-05,"downloaders_without-hosting_left_share":null,"downloaders_without-hosting_right_share":null,"uploaders_all_delta_pp":null,"uploaders_all_observed_common_delta_pp":0.0,"uploaders_all_left_share":null,"uploaders_all_right_share":null,"uploaders_without-hosting_delta_pp":null,"uploaders_without-hosting_observed_common_delta_pp":0.0,"uploaders_without-hosting_left_share":null,"uploaders_without-hosting_right_share":null},"geometry":{"type":"Polygon","coordinates":[[[133.70576673161568,34.71656769705385],[133.61605018045572,34.73473960743718],[133.58431836938612,34.81554235553321],[133.64237537927065,34.87830660234017],[133.73230115565502,34.860203693589646],[133.76396038089402,34.77926745448817],[133.70576673161568,34.71656769705385]]]}},{"type":"Feature","properties":{"h3":"852e68c7fffffff","countries":["JPN"],"common_intervals":19,"left_observed_intervals":19,"right_observed_intervals":20,"full_window_comparable":false,"expected_intervals":20,"downloaders_all_delta_pp":null,"downloaders_all_observed_common_delta_pp":-1.1775451269616295e-05,"downloaders_all_left_share":null,"downloaders_all_right_share":null,"downloaders_without-hosting_delta_pp":null,"downloaders_without-hosting_observed_common_delta_pp":6.159183695234276e-06,"downloaders_without-hosting_left_share":null,"downloaders_without-hosting_right_share":null,"uploaders_all_delta_pp":null,"uploaders_all_observed_common_delta_pp":0.00018653475978571319,"uploaders_all_left_share":null,"uploaders_all_right_share":null,"uploaders_without-hosting_delta_pp":null,"uploaders_without-hosting_observed_common_delta_pp":0.0002810240157790042,"uploaders_without-hosting_left_share":null,"uploaders_without-hosting_right_share":null},"geometry":{"type":"Polygon","coordinates":[[[134.02984849111232,34.9493154376693],[133.93946880628397,34.96762284121305],[133.90783741917895,35.04871977564278],[133.96666076818968,35.111642497233994],[134.05725226381298,35.093403292433194],[134.08880827707102,35.012173087955226],[134.02984849111232,34.9493154376693]]]}},{"type":"Feature","properties":{"h3":"852e6917fffffff","countries":["JPN"],"common_intervals":3,"left_observed_intervals":6,"right_observed_intervals":5,"full_window_comparable":false,"expected_intervals":20,"downloaders_all_delta_pp":null,"downloaders_all_observed_common_delta_pp":7.171682506873987e-05,"downloaders_all_left_share":null,"downloaders_all_right_share":null,"downloaders_without-hosting_delta_pp":null,"downloaders_without-hosting_observed_common_delta_pp":8.830492179315492e-05,"downloaders_without-hosting_left_share":null,"downloaders_without-hosting_right_share":null,"uploaders_all_delta_pp":null,"uploaders_all_observed_common_delta_pp":0.0,"uploaders_all_left_share":null,"uploaders_all_right_share":null,"uploaders_without-hosting_delta_pp":null,"uploaders_without-hosting_observed_common_delta_pp":0.0,"uploaders_without-hosting_left_share":null,"uploaders_without-hosting_right_share":null},"geometry":{"type":"Polygon","coordinates":[[[132.70743995633978,34.546214588796765],[132.61910697653622,34.563630105346],[132.5868484197904,34.643525202462335],[132.6429877705491,34.706138383101155],[132.73152503371085,34.68879513457244],[132.76371835993427,34.60876634921986],[132.70743995633978,34.546214588796765]]]}},{"type":"Feature","properties":{"h3":"852e691bfffffff","countries":["JPN"],"common_intervals":14,"left_observed_intervals":16,"right_observed_intervals":17,"full_window_comparable":false,"expected_intervals":20,"downloaders_all_delta_pp":null,"downloaders_all_observed_common_delta_pp":7.03179365245903e-05,"downloaders_all_left_share":null,"downloaders_all_right_share":null,"downloaders_without-hosting_delta_pp":null,"downloaders_without-hosting_observed_common_delta_pp":8.759246846681704e-05,"downloaders_without-hosting_left_share":null,"downloaders_without-hosting_right_share":null,"uploaders_all_delta_pp":null,"uploaders_all_observed_common_delta_pp":4.099659441290212e-05,"uploaders_all_left_share":null,"uploaders_all_right_share":null,"uploaders_without-hosting_delta_pp":null,"uploaders_without-hosting_observed_common_delta_pp":5.005190382426576e-05,"uploaders_without-hosting_left_share":null,"uploaders_without-hosting_right_share":null},"geometry":{"type":"Polygon","coordinates":[[[132.87672445592702,34.734007232324835],[132.78795852597887,34.75144644281848],[132.75571552262778,34.8315022594714],[132.8123049034952,34.89425235856583],[132.90127688260492,34.87688515378339],[132.93345312455008,34.796695757416224],[132.87672445592702,34.734007232324835]]]}},{"type":"Feature","properties":{"h3":"852e6947fffffff","countries":["JPN"],"common_intervals":0,"left_observed_intervals":0,"right_observed_intervals":1,"full_window_comparable":false,"expected_intervals":20,"downloaders_all_delta_pp":null,"downloaders_all_observed_common_delta_pp":null,"downloaders_all_left_share":null,"downloaders_all_right_share":null,"downloaders_without-hosting_delta_pp":null,"downloaders_without-hosting_observed_common_delta_pp":null,"downloaders_without-hosting_left_share":null,"downloaders_without-hosting_right_share":null,"uploaders_all_delta_pp":null,"uploaders_all_observed_common_delta_pp":null,"uploaders_all_left_share":null,"uploaders_all_right_share":null,"uploaders_without-hosting_delta_pp":null,"uploaders_without-hosting_observed_common_delta_pp":null,"uploaders_without-hosting_left_share":null,"uploaders_without-hosting_right_share":null},"geometry":{"type":"Polygon","coordinates":[[[132.7800121079486,34.97433428252876],[132.6910635337874,34.991532497498255],[132.65865430453758,35.07150616720971],[132.71525986672802,35.134414969638975],[132.8044154803994,35.11728951281539],[132.8367581832351,35.037182408653095],[132.7800121079486,34.97433428252876]]]}},{"type":"Feature","properties":{"h3":"852e694bfffffff","countries":["JPN"],"common_intervals":0,"left_observed_intervals":1,"right_observed_intervals":0,"full_window_comparable":false,"expected_intervals":20,"downloaders_all_delta_pp":null,"downloaders_all_observed_common_delta_pp":null,"downloaders_all_left_share":null,"downloaders_all_right_share":null,"downloaders_without-hosting_delta_pp":null,"downloaders_without-hosting_observed_common_delta_pp":null,"downloaders_without-hosting_left_share":null,"downloaders_without-hosting_right_share":null,"uploaders_all_delta_pp":null,"uploaders_all_observed_common_delta_pp":null,"uploaders_all_left_share":null,"uploaders_all_right_share":null,"uploaders_without-hosting_delta_pp":null,"uploaders_without-hosting_observed_common_delta_pp":null,"uploaders_without-hosting_left_share":null,"uploaders_without-hosting_right_share":null},"geometry":{"type":"Polygon","coordinates":[[[132.9507059145495,35.16301217848957],[132.86131906187407,35.180234895333975],[132.82892633663621,35.26036624952937],[132.885988242074,35.32340811101692],[132.975583931173,35.306257868875576],[133.00790856485605,35.225993205209676],[132.9507059145495,35.16301217848957]]]}},{"type":"Feature","properties":{"h3":"852e695bfffffff","countries":["JPN"],"common_intervals":1,"left_observed_intervals":3,"right_observed_intervals":5,"full_window_comparable":false,"expected_intervals":20,"downloaders_all_delta_pp":null,"downloaders_all_observed_common_delta_pp":1.9184363053995e-05,"downloaders_all_left_share":null,"downloaders_all_right_share":null,"downloaders_without-hosting_delta_pp":null,"downloaders_without-hosting_observed_common_delta_pp":2.7768336784740323e-05,"downloaders_without-hosting_left_share":null,"downloaders_without-hosting_right_share":null,"uploaders_all_delta_pp":null,"uploaders_all_observed_common_delta_pp":0.0,"uploaders_all_left_share":null,"uploaders_all_right_share":null,"uploaders_without-hosting_delta_pp":null,"uploaders_without-hosting_observed_common_delta_pp":0.0,"uploaders_without-hosting_left_share":null,"uploaders_without-hosting_right_share":null},"geometry":{"type":"Polygon","coordinates":[[[133.07239022499175,35.06537890866981],[132.98298097303604,35.08277167116257],[132.9507059145495,35.16301217848957],[133.00790856485605,35.225993205209676],[133.0975265770663,35.20867232230167],[133.12973286506252,35.12829844822066],[133.07239022499175,35.06537890866981]]]}},{"type":"Feature","properties":{"h3":"852e6987fffffff","countries":["JPN"],"common_intervals":18,"left_observed_intervals":18,"right_observed_intervals":18,"full_window_comparable":false,"expected_intervals":20,"downloaders_all_delta_pp":null,"downloaders_all_observed_common_delta_pp":-3.606974869627874e-05,"downloaders_all_left_share":null,"downloaders_all_right_share":null,"downloaders_without-hosting_delta_pp":null,"downloaders_without-hosting_observed_common_delta_pp":-3.5969092394419603e-05,"downloaders_without-hosting_left_share":null,"downloaders_without-hosting_right_share":null,"uploaders_all_delta_pp":null,"uploaders_all_observed_common_delta_pp":0.00020475846028255356,"uploaders_all_left_share":null,"uploaders_all_right_share":null,"uploaders_without-hosting_delta_pp":null,"uploaders_without-hosting_observed_common_delta_pp":0.0002988063187309538,"uploaders_without-hosting_left_share":null,"uploaders_without-hosting_right_share":null},"geometry":{"type":"Polygon","coordinates":[[[132.80370719036554,34.30613609922955],[132.71555392849956,34.32379032947453],[132.68345961146312,34.403762293055486],[132.73958372047113,34.46621375555068],[132.82794029766006,34.448631028677184],[132.85996914963363,34.36852524778341],[132.80370719036554,34.30613609922955]]]}},{"type":"Feature","properties":{"h3":"852e6997fffffff","countries":["JPN"],"common_intervals":0,"left_observed_intervals":0,"right_observed_intervals":3,"full_window_comparable":false,"expected_intervals":20,"downloaders_all_delta_pp":null,"downloaders_all_observed_common_delta_pp":null,"downloaders_all_left_share":null,"downloaders_all_right_share":null,"downloaders_without-hosting_delta_pp":null,"downloaders_without-hosting_observed_common_delta_pp":null,"downloaders_without-hosting_left_share":null,"downloaders_without-hosting_right_share":null,"uploaders_all_delta_pp":null,"uploaders_all_observed_common_delta_pp":null,"uploaders_all_left_share":null,"uploaders_all_right_share":null,"uploaders_without-hosting_delta_pp":null,"uploaders_without-hosting_observed_common_delta_pp":null,"uploaders_without-hosting_left_share":null,"uploaders_without-hosting_right_share":null},"geometry":{"type":"Polygon","coordinates":[[[132.92386321893616,34.20823933360067],[132.8356871349816,34.22606003034044],[132.80370719036554,34.30613609922955],[132.85996914963363,34.36852524778341],[132.94834848239572,34.35077545693466],[132.98026230608403,34.27056552395885],[132.92386321893616,34.20823933360067]]]}},{"type":"Feature","properties":{"h3":"852e699bfffffff","countries":["JPN"],"common_intervals":9,"left_observed_intervals":13,"right_observed_intervals":13,"full_window_comparable":false,"expected_intervals":20,"downloaders_all_delta_pp":null,"downloaders_all_observed_common_delta_pp":1.6316216265617825e-05,"downloaders_all_left_share":null,"downloaders_all_right_share":null,"downloaders_without-hosting_delta_pp":null,"downloaders_without-hosting_observed_common_delta_pp":2.4921346393317297e-05,"downloaders_without-hosting_left_share":null,"downloaders_without-hosting_right_share":null,"uploaders_all_delta_pp":null,"uploaders_all_observed_common_delta_pp":0.00014343760977639396,"uploaders_all_left_share":null,"uploaders_all_right_share":null,"uploaders_without-hosting_delta_pp":null,"uploaders_without-hosting_observed_common_delta_pp":0.0002195134806973864,"uploaders_without-hosting_left_share":null,"uploaders_without-hosting_right_share":null},"geometry":{"type":"Polygon","coordinates":[[[133.09350813982167,34.39535621383525],[133.00490281280577,34.41320243709464],[132.97294051396048,34.49344200830592],[133.02965088599143,34.55596902821507],[133.11846120026289,34.53819344986724],[133.15035585001374,34.45782012040131],[133.09350813982167,34.39535621383525]]]}},{"type":"Feature","properties":{"h3":"852e69a3fffffff","countries":["JPN"],"common_intervals":20,"left_observed_intervals":20,"right_observed_intervals":20,"full_window_comparable":true,"expected_intervals":20,"downloaders_all_delta_pp":0.001317587479435291,"downloaders_all_observed_common_delta_pp":0.001317587479435291,"downloaders_all_left_share":0.008091369900211427,"downloaders_all_right_share":0.006773782420776137,"downloaders_without-hosting_delta_pp":0.001700503996346488,"downloaders_without-hosting_observed_common_delta_pp":0.001700503996346488,"downloaders_without-hosting_left_share":0.009617379358156763,"downloaders_without-hosting_right_share":0.007916875361810276,"uploaders_all_delta_pp":0.0007022184870795164,"uploaders_all_observed_common_delta_pp":0.0007022184870795164,"uploaders_all_left_share":0.0016230362505973799,"uploaders_all_right_share":0.0009208177635178635,"uploaders_without-hosting_delta_pp":0.0011890742516951303,"uploaders_without-hosting_observed_common_delta_pp":0.0011890742516951303,"uploaders_without-hosting_left_share":0.0023319415029799334,"uploaders_without-hosting_right_share":0.001142867251284803},"geometry":{"type":"Polygon","coordinates":[[[132.53949749576554,34.35883756927195],[132.45159491808164,34.37623093910313],[132.41932262172523,34.455964222317505],[132.47501633081245,34.51843783063317],[132.56312143804635,34.50111697458047],[132.59533000808804,34.42124990692019],[132.53949749576554,34.35883756927195]]]}},{"type":"Feature","properties":{"h3":"852e69a7fffffff","countries":["JPN"],"common_intervals":3,"left_observed_intervals":6,"right_observed_intervals":10,"full_window_comparable":false,"expected_intervals":20,"downloaders_all_delta_pp":null,"downloaders_all_observed_common_delta_pp":1.2947504867657063e-05,"downloaders_all_left_share":null,"downloaders_all_right_share":null,"downloaders_without-hosting_delta_pp":null,"downloaders_without-hosting_observed_common_delta_pp":1.390613965575318e-05,"downloaders_without-hosting_left_share":null,"downloaders_without-hosting_right_share":null,"uploaders_all_delta_pp":null,"uploaders_all_observed_common_delta_pp":0.0,"uploaders_all_left_share":null,"uploaders_all_right_share":null,"uploaders_without-hosting_delta_pp":null,"uploaders_without-hosting_observed_common_delta_pp":0.0,"uploaders_without-hosting_left_share":null,"uploaders_without-hosting_right_share":null},"geometry":{"type":"Polygon","coordinates":[[[132.39605297164846,34.31385861089027],[132.30837745804203,34.33115860097916],[132.27604250697678,34.41075808580021],[132.33144542787315,34.47319128852952],[132.41932262172523,34.455964222317505],[132.45159491808164,34.37623093910313],[132.39605297164846,34.31385861089027]]]}},{"type":"Feature","properties":{"h3":"852e69d3fffffff","countries":["JPN"],"common_intervals":1,"left_observed_intervals":1,"right_observed_intervals":2,"full_window_comparable":false,"expected_intervals":20,"downloaders_all_delta_pp":null,"downloaders_all_observed_common_delta_pp":5.2821737023181175e-05,"downloaders_all_left_share":null,"downloaders_all_right_share":null,"downloaders_without-hosting_delta_pp":null,"downloaders_without-hosting_observed_common_delta_pp":6.840191711796847e-05,"downloaders_without-hosting_left_share":null,"downloaders_without-hosting_right_share":null,"uploaders_all_delta_pp":null,"uploaders_all_observed_common_delta_pp":0.0,"uploaders_all_left_share":null,"uploaders_all_right_share":null,"uploaders_without-hosting_delta_pp":null,"uploaders_without-hosting_observed_common_delta_pp":0.0,"uploaders_without-hosting_left_share":null,"uploaders_without-hosting_right_share":null},"geometry":{"type":"Polygon","coordinates":[[[133.26450327636627,34.582883557070694],[133.17546622675945,34.6007568830425],[133.14352343768658,34.681158849868844],[133.2006865926924,34.743821045678246],[133.2899303792905,34.72601808698155],[133.32180396437622,34.645482480324745],[133.26450327636627,34.582883557070694]]]}},{"type":"Feature","properties":{"h3":"852e69d7fffffff","countries":["JPN"],"common_intervals":1,"left_observed_intervals":2,"right_observed_intervals":6,"full_window_comparable":false,"expected_intervals":20,"downloaders_all_delta_pp":null,"downloaders_all_observed_common_delta_pp":6.535866086990453e-05,"downloaders_all_left_share":null,"downloaders_all_right_share":null,"downloaders_without-hosting_delta_pp":null,"downloaders_without-hosting_observed_common_delta_pp":8.313049387153931e-05,"downloaders_without-hosting_left_share":null,"downloaders_without-hosting_right_share":null,"uploaders_all_delta_pp":null,"uploaders_all_observed_common_delta_pp":0.0,"uploaders_all_left_share":null,"uploaders_all_right_share":null,"uploaders_without-hosting_delta_pp":null,"uploaders_without-hosting_observed_common_delta_pp":0.0,"uploaders_without-hosting_left_share":null,"uploaders_without-hosting_right_share":null},"geometry":{"type":"Polygon","coordinates":[[[133.11846120026289,34.53819344986724],[133.02965088599143,34.55596902821507],[132.99764000438026,34.63623731610548],[133.05450722224785,34.69886361875072],[133.14352343768658,34.681158849868844],[133.17546622675945,34.6007568830425],[133.11846120026289,34.53819344986724]]]}},{"type":"Feature","properties":{"h3":"852e6b83fffffff","countries":["JPN"],"common_intervals":20,"left_observed_intervals":20,"right_observed_intervals":20,"full_window_comparable":true,"expected_intervals":20,"downloaders_all_delta_pp":0.00015453428054949597,"downloaders_all_observed_common_delta_pp":0.00015453428054949597,"downloaders_all_left_share":0.0011742021138946058,"downloaders_all_right_share":0.0010196678333451096,"downloaders_without-hosting_delta_pp":0.00020563219071886222,"downloaders_without-hosting_observed_common_delta_pp":0.00020563219071886222,"downloaders_without-hosting_left_share":0.001396473058275519,"downloaders_without-hosting_right_share":0.001190840867556657,"uploaders_all_delta_pp":0.0012890580892174846,"uploaders_all_observed_common_delta_pp":0.0012890580892174846,"uploaders_all_left_share":0.0017528935665326408,"uploaders_all_right_share":0.000463835477315156,"uploaders_without-hosting_delta_pp":0.0018855113406472314,"uploaders_without-hosting_observed_common_delta_pp":0.0018855113406472314,"uploaders_without-hosting_left_share":0.0024726382646494643,"uploaders_without-hosting_right_share":0.0005871269240022337},"geometry":{"type":"Polygon","coordinates":[[[133.12277393134838,35.35208598226628],[133.0329462193876,35.36933483641713],[133.00057189925937,35.44962271966527],[133.0580946575568,35.512794836844975],[133.14813301487428,35.49561815677776],[133.1804376505151,35.4151971015798],[133.12277393134838,35.35208598226628]]]}},{"type":"Feature","properties":{"h3":"852e6b9bfffffff","countries":["JPN"],"common_intervals":13,"left_observed_intervals":17,"right_observed_intervals":16,"full_window_comparable":false,"expected_intervals":20,"downloaders_all_delta_pp":null,"downloaders_all_observed_common_delta_pp":1.565162413637609e-06,"downloaders_all_left_share":null,"downloaders_all_right_share":null,"downloaders_without-hosting_delta_pp":null,"downloaders_without-hosting_observed_common_delta_pp":5.605638085671734e-06,"downloaders_without-hosting_left_share":null,"downloaders_without-hosting_right_share":null,"uploaders_all_delta_pp":null,"uploaders_all_observed_common_delta_pp":0.0,"uploaders_all_left_share":null,"uploaders_all_right_share":null,"uploaders_without-hosting_delta_pp":null,"uploaders_without-hosting_observed_common_delta_pp":0.0,"uploaders_without-hosting_left_share":null,"uploaders_without-hosting_right_share":null},"geometry":{"type":"Polygon","coordinates":[[[133.27049728823266,35.39784871803717],[133.1804376505151,35.4151971015798],[133.14813301487428,35.49561815677776],[133.20595853129248,35.55882387204205],[133.29622967899775,35.54154720657777],[133.3284634799892,35.4609930248882],[133.27049728823266,35.39784871803717]]]}},{"type":"Feature","properties":{"h3":"852e6bb3fffffff","countries":["JPN"],"common_intervals":20,"left_observed_intervals":20,"right_observed_intervals":20,"full_window_comparable":true,"expected_intervals":20,"downloaders_all_delta_pp":3.4273617229948144e-05,"downloaders_all_observed_common_delta_pp":3.4273617229948144e-05,"downloaders_all_left_share":0.0005871199381069915,"downloaders_all_right_share":0.0005528463208770433,"downloaders_without-hosting_delta_pp":5.273161917722931e-05,"downloaders_without-hosting_observed_common_delta_pp":5.273161917722931e-05,"downloaders_without-hosting_left_share":0.0006983403378531916,"downloaders_without-hosting_right_share":0.0006456087186759623,"uploaders_all_delta_pp":-3.405981498332637e-06,"uploaders_all_observed_common_delta_pp":-3.405981498332637e-06,"uploaders_all_left_share":6.459372747491944e-05,"uploaders_all_right_share":6.799970897325208e-05,"uploaders_without-hosting_delta_pp":4.017565318704522e-06,"uploaders_without-hosting_observed_common_delta_pp":4.017565318704522e-06,"uploaders_without-hosting_left_share":8.706936907457535e-05,"uploaders_without-hosting_right_share":8.305180375587082e-05},"geometry":{"type":"Polygon","coordinates":[[[132.82892633663621,35.26036624952937],[132.73956275278604,35.27741879228726],[132.70705248090562,35.35744021612785],[132.7639728885517,35.420542258651224],[132.8535453793082,35.403562782088926],[132.885988242074,35.32340811101692],[132.82892633663621,35.26036624952937]]]}},{"type":"Feature","properties":{"h3":"852e6c17fffffff","countries":["JPN"],"common_intervals":1,"left_observed_intervals":2,"right_observed_intervals":3,"full_window_comparable":false,"expected_intervals":20,"downloaders_all_delta_pp":null,"downloaders_all_observed_common_delta_pp":6.73131992793527e-05,"downloaders_all_left_share":null,"downloaders_all_right_share":null,"downloaders_without-hosting_delta_pp":null,"downloaders_without-hosting_observed_common_delta_pp":8.400025968889976e-05,"downloaders_without-hosting_left_share":null,"downloaders_without-hosting_right_share":null,"uploaders_all_delta_pp":null,"uploaders_all_observed_common_delta_pp":0.0,"uploaders_all_left_share":null,"uploaders_all_right_share":null,"uploaders_without-hosting_delta_pp":null,"uploaders_without-hosting_observed_common_delta_pp":0.0,"uploaders_without-hosting_left_share":null,"uploaders_without-hosting_right_share":null},"geometry":{"type":"Polygon","coordinates":[[[134.58131002302773,34.15999112988619],[134.49128350766213,34.17928216922126],[134.46034279708775,34.260837117828316],[134.51950592198097,34.32323445566745],[134.60974168543342,34.30400818429126],[134.64060475817394,34.222319729522525],[134.58131002302773,34.15999112988619]]]}},{"type":"Feature","properties":{"h3":"852e6c23fffffff","countries":["JPN"],"common_intervals":12,"left_observed_intervals":13,"right_observed_intervals":16,"full_window_comparable":false,"expected_intervals":20,"downloaders_all_delta_pp":null,"downloaders_all_observed_common_delta_pp":7.953626530721594e-05,"downloaders_all_left_share":null,"downloaders_all_right_share":null,"downloaders_without-hosting_delta_pp":null,"downloaders_without-hosting_observed_common_delta_pp":0.00010043653136012434,"downloaders_without-hosting_left_share":null,"downloaders_without-hosting_right_share":null,"uploaders_all_delta_pp":null,"uploaders_all_observed_common_delta_pp":0.00025377398839516075,"uploaders_all_left_share":null,"uploaders_all_right_share":null,"uploaders_without-hosting_delta_pp":null,"uploaders_without-hosting_observed_common_delta_pp":0.0003868298709942505,"uploaders_without-hosting_left_share":null,"uploaders_without-hosting_right_share":null},"geometry":{"type":"Polygon","coordinates":[[[134.19053289955303,34.31793026670521],[134.1007531130343,34.33677986188817],[134.06949735778906,34.417998388347385],[134.12809628083758,34.48050081553147],[134.21808481215353,34.46171773754551],[134.24926535973984,34.3803656353978],[134.19053289955303,34.31793026670521]]]}},{"type":"Feature","properties":{"h3":"852e6c27fffffff","countries":["JPN"],"common_intervals":20,"left_observed_intervals":20,"right_observed_intervals":20,"full_window_comparable":true,"expected_intervals":20,"downloaders_all_delta_pp":0.0005802394008153291,"downloaders_all_observed_common_delta_pp":0.0005802394008153291,"downloaders_all_left_share":0.0036148995334826088,"downloaders_all_right_share":0.003034660132667279,"downloaders_without-hosting_delta_pp":0.0007497214047822917,"downloaders_without-hosting_observed_common_delta_pp":0.0007497214047822917,"downloaders_without-hosting_left_share":0.004295706395925865,"downloaders_without-hosting_right_share":0.003545984991143572,"uploaders_all_delta_pp":0.0006327714780139454,"uploaders_all_observed_common_delta_pp":0.0006327714780139454,"uploaders_all_left_share":0.0008852657005090086,"uploaders_all_right_share":0.0002524942224950633,"uploaders_without-hosting_delta_pp":0.00094772644808818,"uploaders_without-hosting_observed_common_delta_pp":0.00094772644808818,"uploaders_without-hosting_left_share":0.001268680712374901,"uploaders_without-hosting_right_share":0.000320954264286721},"geometry":{"type":"Polygon","coordinates":[[[134.0423179842051,34.27437553114482],[133.95276066260982,34.29312299314789],[133.92143083470876,34.374207875365705],[133.9797320872564,34.436678859005454],[134.06949735778906,34.417998388347385],[134.1007531130343,34.33677986188817],[134.0423179842051,34.27437553114482]]]}},{"type":"Feature","properties":{"h3":"852e6c3bfffffff","countries":["JPN"],"common_intervals":1,"left_observed_intervals":3,"right_observed_intervals":1,"full_window_comparable":false,"expected_intervals":20,"downloaders_all_delta_pp":null,"downloaders_all_observed_common_delta_pp":1.458345132200572e-05,"downloaders_all_left_share":null,"downloaders_all_right_share":null,"downloaders_without-hosting_delta_pp":null,"downloaders_without-hosting_observed_common_delta_pp":2.2286708414368436e-05,"downloaders_without-hosting_left_share":null,"downloaders_without-hosting_right_share":null,"uploaders_all_delta_pp":null,"uploaders_all_observed_common_delta_pp":-0.0003815192094921979,"uploaders_all_left_share":null,"uploaders_all_right_share":null,"uploaders_without-hosting_delta_pp":null,"uploaders_without-hosting_observed_common_delta_pp":-0.000463632654575127,"uploaders_without-hosting_left_share":null,"uploaders_without-hosting_right_share":null},"geometry":{"type":"Polygon","coordinates":[[[134.33926741425051,34.361413015863576],[134.24926535973984,34.3803656353978],[134.21808481215353,34.46171773754551],[134.27698235133863,34.52425064302998],[134.36719394258864,34.50536406002221],[134.39829813995675,34.423878456273926],[134.33926741425051,34.361413015863576]]]}},{"type":"Feature","properties":{"h3":"852e6c43fffffff","countries":["JPN"],"common_intervals":20,"left_observed_intervals":20,"right_observed_intervals":20,"full_window_comparable":true,"expected_intervals":20,"downloaders_all_delta_pp":0.0003654071940762767,"downloaders_all_observed_common_delta_pp":0.0003654071940762767,"downloaders_all_left_share":0.0017089940160384515,"downloaders_all_right_share":0.0013435868219621749,"downloaders_without-hosting_delta_pp":0.0004628386383680919,"downloaders_without-hosting_observed_common_delta_pp":0.0004628386383680919,"downloaders_without-hosting_left_share":0.002032999985491258,"downloaders_without-hosting_right_share":0.0015701613471231658,"uploaders_all_delta_pp":0.00038112426382922707,"uploaders_all_observed_common_delta_pp":0.00038112426382922707,"uploaders_all_left_share":0.00042177121826696297,"uploaders_all_right_share":4.064695443773602e-05,"uploaders_without-hosting_delta_pp":0.0005349577851044629,"uploaders_without-hosting_observed_common_delta_pp":0.0005349577851044629,"uploaders_without-hosting_left_share":0.0005850715562446345,"uploaders_without-hosting_right_share":5.01137711401716e-05},"geometry":{"type":"Polygon","coordinates":[[[134.81765849032035,34.63584603359545],[134.72677907883505,34.655048557816755],[134.69578846696683,34.73683144143987],[134.75575728773498,34.79954487877917],[134.84684952922674,34.78040704423825],[134.87775979360467,34.69849100772074],[134.81765849032035,34.63584603359545]]]}},{"type":"Feature","properties":{"h3":"852e6c4bfffffff","countries":["JPN"],"common_intervals":0,"left_observed_intervals":1,"right_observed_intervals":1,"full_window_comparable":false,"expected_intervals":20,"downloaders_all_delta_pp":null,"downloaders_all_observed_common_delta_pp":null,"downloaders_all_left_share":null,"downloaders_all_right_share":null,"downloaders_without-hosting_delta_pp":null,"downloaders_without-hosting_observed_common_delta_pp":null,"downloaders_without-hosting_left_share":null,"downloaders_without-hosting_right_share":null,"uploaders_all_delta_pp":null,"uploaders_all_observed_common_delta_pp":null,"uploaders_all_left_share":null,"uploaders_all_right_share":null,"uploaders_without-hosting_delta_pp":null,"uploaders_without-hosting_observed_common_delta_pp":null,"uploaders_without-hosting_left_share":null,"uploaders_without-hosting_right_share":null},"geometry":{"type":"Polygon","coordinates":[[[134.84684952922674,34.78040704423825],[134.75575728773498,34.79954487877917],[134.72472404421165,34.881357324321066],[134.7848635901524,34.94416491739234],[134.87616961006853,34.92509190311972],[134.90712197704624,34.84314640108597],[134.84684952922674,34.78040704423825]]]}},{"type":"Feature","properties":{"h3":"852e6c4ffffffff","countries":["JPN"],"common_intervals":20,"left_observed_intervals":20,"right_observed_intervals":20,"full_window_comparable":true,"expected_intervals":20,"downloaders_all_delta_pp":0.00024533352885825214,"downloaders_all_observed_common_delta_pp":0.00024533352885825214,"downloaders_all_left_share":0.002794538138086093,"downloaders_all_right_share":0.0025492046092278416,"downloaders_without-hosting_delta_pp":0.0003480308646114386,"downloaders_without-hosting_observed_common_delta_pp":0.0003480308646114386,"downloaders_without-hosting_left_share":0.003326011224292124,"downloaders_without-hosting_right_share":0.0029779803596806857,"uploaders_all_delta_pp":3.304396979374382e-05,"uploaders_all_observed_common_delta_pp":3.304396979374382e-05,"uploaders_all_left_share":0.0003163871491566966,"uploaders_all_right_share":0.00028334317936295274,"uploaders_without-hosting_delta_pp":8.351437953436216e-05,"uploaders_without-hosting_observed_common_delta_pp":8.351437953436216e-05,"uploaders_without-hosting_left_share":0.00044986170977424146,"uploaders_without-hosting_right_share":0.00036634733023987933},"geometry":{"type":"Polygon","coordinates":[[[134.69578846696683,34.73683144143987],[134.60491937278954,34.75586255001959],[134.57380643378724,34.83754184367251],[134.63364195794097,34.90032310510054],[134.72472404421165,34.881357324321066],[134.75575728773498,34.79954487877917],[134.69578846696683,34.73683144143987]]]}},{"type":"Feature","properties":{"h3":"852e6c5bfffffff","countries":["JPN"],"common_intervals":15,"left_observed_intervals":15,"right_observed_intervals":19,"full_window_comparable":false,"expected_intervals":20,"downloaders_all_delta_pp":null,"downloaders_all_observed_common_delta_pp":1.2810092742668044e-05,"downloaders_all_left_share":null,"downloaders_all_right_share":null,"downloaders_without-hosting_delta_pp":null,"downloaders_without-hosting_observed_common_delta_pp":1.9627582188357846e-05,"downloaders_without-hosting_left_share":null,"downloaders_without-hosting_right_share":null,"uploaders_all_delta_pp":null,"uploaders_all_observed_common_delta_pp":0.0,"uploaders_all_left_share":null,"uploaders_all_right_share":null,"uploaders_without-hosting_delta_pp":null,"uploaders_without-hosting_observed_common_delta_pp":0.0,"uploaders_without-hosting_left_share":null,"uploaders_without-hosting_right_share":null},"geometry":{"type":"Polygon","coordinates":[[[134.96886130620103,34.67918134801954],[134.87775979360467,34.69849100772074],[134.84684952922674,34.78040704423825],[134.90712197704624,34.84314640108597],[134.99843709786148,34.82390092051568],[135.02926583425,34.741851830130415],[134.96886130620103,34.67918134801954]]]}},{"type":"Feature","properties":{"h3":"852e6c63fffffff","countries":["JPN"],"common_intervals":0,"left_observed_intervals":3,"right_observed_intervals":2,"full_window_comparable":false,"expected_intervals":20,"downloaders_all_delta_pp":null,"downloaders_all_observed_common_delta_pp":null,"downloaders_all_left_share":null,"downloaders_all_right_share":null,"downloaders_without-hosting_delta_pp":null,"downloaders_without-hosting_observed_common_delta_pp":null,"downloaders_without-hosting_left_share":null,"downloaders_without-hosting_right_share":null,"uploaders_all_delta_pp":null,"uploaders_all_observed_common_delta_pp":null,"uploaders_all_left_share":null,"uploaders_all_right_share":null,"uploaders_without-hosting_delta_pp":null,"uploaders_without-hosting_observed_common_delta_pp":null,"uploaders_without-hosting_left_share":null,"uploaders_without-hosting_right_share":null},"geometry":{"type":"Polygon","coordinates":[[[134.39524324057558,34.649442772867005],[134.30482118086886,34.668263174218495],[134.27355236382365,34.74967590091586],[134.3327826402286,34.812401473987414],[134.42341610603455,34.79364739560552],[134.45460756701186,34.71210134346996],[134.39524324057558,34.649442772867005]]]}},{"type":"Feature","properties":{"h3":"852e6c7bfffffff","countries":["JPN"],"common_intervals":0,"left_observed_intervals":2,"right_observed_intervals":3,"full_window_comparable":false,"expected_intervals":20,"downloaders_all_delta_pp":null,"downloaders_all_observed_common_delta_pp":null,"downloaders_all_left_share":null,"downloaders_all_right_share":null,"downloaders_without-hosting_delta_pp":null,"downloaders_without-hosting_observed_common_delta_pp":null,"downloaders_without-hosting_left_share":null,"downloaders_without-hosting_right_share":null,"uploaders_all_delta_pp":null,"uploaders_all_observed_common_delta_pp":null,"uploaders_all_left_share":null,"uploaders_all_right_share":null,"uploaders_without-hosting_delta_pp":null,"uploaders_without-hosting_observed_common_delta_pp":null,"uploaders_without-hosting_left_share":null,"uploaders_without-hosting_right_share":null},"geometry":{"type":"Polygon","coordinates":[[[134.5452532619648,34.69317604464499],[134.45460756701186,34.71210134346996],[134.42341610603455,34.79364739560552],[134.48294853756806,34.85640131380236],[134.57380643378724,34.83754184367251],[134.60491937278954,34.75586255001959],[134.5452532619648,34.69317604464499]]]}},{"type":"Feature","properties":{"h3":"852e6c87fffffff","countries":["JPN"],"common_intervals":0,"left_observed_intervals":3,"right_observed_intervals":1,"full_window_comparable":false,"expected_intervals":20,"downloaders_all_delta_pp":null,"downloaders_all_observed_common_delta_pp":null,"downloaders_all_left_share":null,"downloaders_all_right_share":null,"downloaders_without-hosting_delta_pp":null,"downloaders_without-hosting_observed_common_delta_pp":null,"downloaders_without-hosting_left_share":null,"downloaders_without-hosting_right_share":null,"uploaders_all_delta_pp":null,"uploaders_all_observed_common_delta_pp":null,"uploaders_all_left_share":null,"uploaders_all_right_share":null,"uploaders_without-hosting_delta_pp":null,"uploaders_without-hosting_observed_common_delta_pp":null,"uploaders_without-hosting_left_share":null,"uploaders_without-hosting_right_share":null},"geometry":{"type":"Polygon","coordinates":[[[134.6736099461371,33.91496105133745],[134.5837806657341,33.93448493009024],[134.55300231751522,34.01610568122363],[134.6121307030259,34.07833605420738],[134.70216815996412,34.058876154514266],[134.7328687394033,33.977121825271134],[134.6736099461371,33.91496105133745]]]}},{"type":"Feature","properties":{"h3":"852e6cabfffffff","countries":["JPN"],"common_intervals":1,"left_observed_intervals":5,"right_observed_intervals":6,"full_window_comparable":false,"expected_intervals":20,"downloaders_all_delta_pp":null,"downloaders_all_observed_common_delta_pp":2.2158024647281205e-05,"downloaders_all_left_share":null,"downloaders_all_right_share":null,"downloaders_without-hosting_delta_pp":null,"downloaders_without-hosting_observed_common_delta_pp":2.950096694150767e-05,"downloaders_without-hosting_left_share":null,"downloaders_without-hosting_right_share":null,"uploaders_all_delta_pp":null,"uploaders_all_observed_common_delta_pp":0.0,"uploaders_all_left_share":null,"uploaders_all_right_share":null,"uploaders_without-hosting_delta_pp":null,"uploaders_without-hosting_observed_common_delta_pp":0.0,"uploaders_without-hosting_left_share":null,"uploaders_without-hosting_right_share":null},"geometry":{"type":"Polygon","coordinates":[[[134.43228631462296,34.116982829484556],[134.34248007094658,34.13617002716401],[134.31146286447338,34.21759138852583],[134.3703280818724,34.27995906079192],[134.46034279708775,34.260837117828316],[134.49128350766213,34.17928216922126],[134.43228631462296,34.116982829484556]]]}},{"type":"Feature","properties":{"h3":"852e6cbbfffffff","countries":["JPN"],"common_intervals":20,"left_observed_intervals":20,"right_observed_intervals":20,"full_window_comparable":true,"expected_intervals":20,"downloaders_all_delta_pp":0.00040804897207032885,"downloaders_all_observed_common_delta_pp":0.00040804897207032885,"downloaders_all_left_share":0.003026194071645357,"downloaders_all_right_share":0.002618145099575029,"downloaders_without-hosting_delta_pp":0.0005376880349106923,"downloaders_without-hosting_observed_common_delta_pp":0.0005376880349106923,"downloaders_without-hosting_left_share":0.003599546060542492,"downloaders_without-hosting_right_share":0.0030618580256317994,"uploaders_all_delta_pp":0.001020432054205494,"uploaders_all_observed_common_delta_pp":0.001020432054205494,"uploaders_all_left_share":0.0012526947558564444,"uploaders_all_right_share":0.00023226270165095046,"uploaders_without-hosting_delta_pp":0.0015331105663013665,"uploaders_without-hosting_observed_common_delta_pp":0.0015331105663013665,"uploaders_without-hosting_left_share":0.0018350050187517987,"uploaders_without-hosting_right_share":0.00030189445245043235},"geometry":{"type":"Polygon","coordinates":[[[134.55300231751522,34.01610568122363],[134.46318412889124,34.035461339077216],[134.43228631462296,34.116982829484556],[134.49128350766213,34.17928216922126],[134.58131002302773,34.15999112988619],[134.6121307030259,34.07833605420738],[134.55300231751522,34.01610568122363]]]}},{"type":"Feature","properties":{"h3":"852e6cc7fffffff","countries":["JPN"],"common_intervals":2,"left_observed_intervals":4,"right_observed_intervals":6,"full_window_comparable":false,"expected_intervals":20,"downloaders_all_delta_pp":null,"downloaders_all_observed_common_delta_pp":-4.231734281456704e-08,"downloaders_all_left_share":null,"downloaders_all_right_share":null,"downloaders_without-hosting_delta_pp":null,"downloaders_without-hosting_observed_common_delta_pp":3.4645813849291444e-06,"downloaders_without-hosting_left_share":null,"downloaders_without-hosting_right_share":null,"uploaders_all_delta_pp":null,"uploaders_all_observed_common_delta_pp":0.0,"uploaders_all_left_share":null,"uploaders_all_right_share":null,"uploaders_without-hosting_delta_pp":null,"uploaders_without-hosting_observed_common_delta_pp":0.0,"uploaders_without-hosting_left_share":null,"uploaders_without-hosting_right_share":null},"geometry":{"type":"Polygon","coordinates":[[[134.88091083071407,34.245779444240505],[134.79044449108102,34.265280840563214],[134.75966020547529,34.347102714745134],[134.8194218815091,34.40955644412919],[134.91009900942748,34.39011882268588],[134.9408033512654,34.30816362156469],[134.88091083071407,34.245779444240505]]]}},{"type":"Feature","properties":{"h3":"852e6cd3fffffff","countries":["JPN"],"common_intervals":20,"left_observed_intervals":20,"right_observed_intervals":20,"full_window_comparable":true,"expected_intervals":20,"downloaders_all_delta_pp":0.0005912989292338746,"downloaders_all_observed_common_delta_pp":0.0005912989292338746,"downloaders_all_left_share":0.002351744344327338,"downloaders_all_right_share":0.001760445415093463,"downloaders_without-hosting_delta_pp":0.00074230149562995,"downloaders_without-hosting_observed_common_delta_pp":0.00074230149562995,"downloaders_without-hosting_left_share":0.002800783267915289,"downloaders_without-hosting_right_share":0.0020584817722853394,"uploaders_all_delta_pp":0.0006892968043907667,"uploaders_all_observed_common_delta_pp":0.0006892968043907667,"uploaders_all_left_share":0.000850188609441695,"uploaders_all_right_share":0.0001608918050509282,"uploaders_without-hosting_delta_pp":0.0010426122159990535,"uploaders_without-hosting_observed_common_delta_pp":0.0010426122159990535,"uploaders_without-hosting_left_share":0.0012510723466287999,"uploaders_without-hosting_right_share":0.0002084601306297465},"geometry":{"type":"Polygon","coordinates":[[[135.1527653369046,34.1867224378433],[135.06207161126818,34.20650040138641],[135.0314892123583,34.28855570237919],[135.0916819594846,34.350966178537995],[135.18258706053234,34.33125083532787],[135.21308771549005,34.249062321929166],[135.1527653369046,34.1867224378433]]]}},{"type":"Feature","properties":{"h3":"852e6d03fffffff","countries":["JPN"],"common_intervals":11,"left_observed_intervals":13,"right_observed_intervals":16,"full_window_comparable":false,"expected_intervals":20,"downloaders_all_delta_pp":null,"downloaders_all_observed_common_delta_pp":4.5906637985800444e-05,"downloaders_all_left_share":null,"downloaders_all_right_share":null,"downloaders_without-hosting_delta_pp":null,"downloaders_without-hosting_observed_common_delta_pp":6.058141144039879e-05,"downloaders_without-hosting_left_share":null,"downloaders_without-hosting_right_share":null,"uploaders_all_delta_pp":null,"uploaders_all_observed_common_delta_pp":0.0,"uploaders_all_left_share":null,"uploaders_all_right_share":null,"uploaders_without-hosting_delta_pp":null,"uploaders_without-hosting_observed_common_delta_pp":0.0,"uploaders_without-hosting_left_share":null,"uploaders_without-hosting_right_share":null},"geometry":{"type":"Polygon","coordinates":[[[133.57482226713043,34.00030741964052],[133.48613800511595,34.01882199717027],[133.4546390869053,34.0994734771508],[133.51189438026313,34.161744184896506],[133.60078327469796,34.143297816330495],[133.63221193792353,34.062512446763165],[133.57482226713043,34.00030741964052]]]}},{"type":"Feature","properties":{"h3":"852e6d1bfffffff","countries":["JPN"],"common_intervals":0,"left_observed_intervals":2,"right_observed_intervals":1,"full_window_comparable":false,"expected_intervals":20,"downloaders_all_delta_pp":null,"downloaders_all_observed_common_delta_pp":null,"downloaders_all_left_share":null,"downloaders_all_right_share":null,"downloaders_without-hosting_delta_pp":null,"downloaders_without-hosting_observed_common_delta_pp":null,"downloaders_without-hosting_left_share":null,"downloaders_without-hosting_right_share":null,"uploaders_all_delta_pp":null,"uploaders_all_observed_common_delta_pp":null,"uploaders_all_left_share":null,"uploaders_all_right_share":null,"uploaders_without-hosting_delta_pp":null,"uploaders_without-hosting_observed_common_delta_pp":null,"uploaders_without-hosting_left_share":null,"uploaders_without-hosting_right_share":null},"geometry":{"type":"Polygon","coordinates":[[[133.7211183634827,34.043898836327195],[133.63221193792353,34.062512446763165],[133.60078327469796,34.143297816330495],[133.65833208912846,34.20560333141004],[133.7474439499499,34.18705747856907],[133.77880125355978,34.106138269744626],[133.7211183634827,34.043898836327195]]]}},{"type":"Feature","properties":{"h3":"852e6d27fffffff","countries":["JPN"],"common_intervals":19,"left_observed_intervals":20,"right_observed_intervals":19,"full_window_comparable":false,"expected_intervals":20,"downloaders_all_delta_pp":null,"downloaders_all_observed_common_delta_pp":0.00010339198599966194,"downloaders_all_left_share":null,"downloaders_all_right_share":null,"downloaders_without-hosting_delta_pp":null,"downloaders_without-hosting_observed_common_delta_pp":0.00013187076288278952,"downloaders_without-hosting_left_share":null,"downloaders_without-hosting_right_share":null,"uploaders_all_delta_pp":null,"uploaders_all_observed_common_delta_pp":3.0208016935822613e-05,"uploaders_all_left_share":null,"uploaders_all_right_share":null,"uploaders_without-hosting_delta_pp":null,"uploaders_without-hosting_observed_common_delta_pp":3.6880350186301085e-05,"uploaders_without-hosting_left_share":null,"uploaders_without-hosting_right_share":null},"geometry":{"type":"Polygon","coordinates":[[[133.01929702552485,33.96763025984208],[132.93130123496047,33.985687394235924],[132.89948403866103,34.0658352995696],[132.95572867510273,34.12805995705777],[133.0439267460332,34.11007295218657],[133.07567760110334,34.02979107266306],[133.01929702552485,33.96763025984208]]]}},{"type":"Feature","properties":{"h3":"852e6d33fffffff","countries":["JPN"],"common_intervals":19,"left_observed_intervals":20,"right_observed_intervals":19,"full_window_comparable":false,"expected_intervals":20,"downloaders_all_delta_pp":null,"downloaders_all_observed_common_delta_pp":0.00012053487195701563,"downloaders_all_left_share":null,"downloaders_all_right_share":null,"downloaders_without-hosting_delta_pp":null,"downloaders_without-hosting_observed_common_delta_pp":0.00015851290684563545,"downloaders_without-hosting_left_share":null,"downloaders_without-hosting_right_share":null,"uploaders_all_delta_pp":null,"uploaders_all_observed_common_delta_pp":-0.00012122865406254574,"uploaders_all_left_share":null,"uploaders_all_right_share":null,"uploaders_without-hosting_delta_pp":null,"uploaders_without-hosting_observed_common_delta_pp":-0.00015645813532191697,"uploaders_without-hosting_left_share":null,"uploaders_without-hosting_right_share":null},"geometry":{"type":"Polygon","coordinates":[[[133.2837725148437,33.912935243671704],[133.19553296993286,33.931254355688935],[133.16389682522845,34.011637926524934],[133.22056799273602,34.07383627362876],[133.309010554652,34.05558625411726],[133.3405786308163,33.97506870878371],[133.2837725148437,33.912935243671704]]]}},{"type":"Feature","properties":{"h3":"852e6d4bfffffff","countries":["JPN"],"common_intervals":20,"left_observed_intervals":20,"right_observed_intervals":20,"full_window_comparable":true,"expected_intervals":20,"downloaders_all_delta_pp":0.0001354576682087555,"downloaders_all_observed_common_delta_pp":0.0001354576682087555,"downloaders_all_left_share":0.002391518809169947,"downloaders_all_right_share":0.0022560611409611912,"downloaders_without-hosting_delta_pp":0.0001943822088170484,"downloaders_without-hosting_observed_common_delta_pp":0.0001943822088170484,"downloaders_without-hosting_left_share":0.0025893054004643623,"downloaders_without-hosting_right_share":0.0023949231916473137,"uploaders_all_delta_pp":0.0004100275345503359,"uploaders_all_observed_common_delta_pp":0.0004100275345503359,"uploaders_all_left_share":0.0004677180906278736,"uploaders_all_right_share":5.769055607753764e-05,"uploaders_without-hosting_delta_pp":0.0005523165748711307,"uploaders_without-hosting_observed_common_delta_pp":0.0005523165748711307,"uploaders_without-hosting_left_share":0.0006248430646856867,"uploaders_without-hosting_right_share":7.252648981455604e-05},"geometry":{"type":"Polygon","coordinates":[[[133.80044068321348,34.47376883974973],[133.71091521369257,34.492178693392724],[133.67934847842275,34.57305739114943],[133.73737966782636,34.63565975864287],[133.8271133224427,34.61731813922778],[133.85860728868963,34.53630583620777],[133.80044068321348,34.47376883974973]]]}},{"type":"Feature","properties":{"h3":"852e6d53fffffff","countries":["JPN"],"common_intervals":20,"left_observed_intervals":20,"right_observed_intervals":20,"full_window_comparable":true,"expected_intervals":20,"downloaders_all_delta_pp":5.499401144488674e-05,"downloaders_all_observed_common_delta_pp":5.499401144488674e-05,"downloaders_all_left_share":0.00045628397530729503,"downloaders_all_right_share":0.0004012899638624083,"downloaders_without-hosting_delta_pp":7.39528240136474e-05,"downloaders_without-hosting_observed_common_delta_pp":7.39528240136474e-05,"downloaders_without-hosting_left_share":0.0005429012080399187,"downloaders_without-hosting_right_share":0.0004689483840262713,"uploaders_all_delta_pp":4.5966973113780494e-05,"uploaders_all_observed_common_delta_pp":4.5966973113780494e-05,"uploaders_all_left_share":5.244003482018313e-05,"uploaders_all_right_share":6.473061706402635e-06,"uploaders_without-hosting_delta_pp":7.044754785392931e-05,"uploaders_without-hosting_observed_common_delta_pp":7.044754785392931e-05,"uploaders_without-hosting_left_share":7.769524815862262e-05,"uploaders_without-hosting_right_share":7.2477003046933205e-06},"geometry":{"type":"Polygon","coordinates":[[[133.89462192339894,34.23075065702527],[133.80528724864465,34.2493968729543],[133.77388447550766,34.33034804785249],[133.83188901064733,34.392786632304436],[133.92143083470876,34.374207875365705],[133.95276066260982,34.29312299314789],[133.89462192339894,34.23075065702527]]]}},{"type":"Feature","properties":{"h3":"852e6d57fffffff","countries":["JPN"],"common_intervals":18,"left_observed_intervals":19,"right_observed_intervals":19,"full_window_comparable":false,"expected_intervals":20,"downloaders_all_delta_pp":null,"downloaders_all_observed_common_delta_pp":6.785963773232305e-05,"downloaders_all_left_share":null,"downloaders_all_right_share":null,"downloaders_without-hosting_delta_pp":null,"downloaders_without-hosting_observed_common_delta_pp":8.689878993615075e-05,"downloaders_without-hosting_left_share":null,"downloaders_without-hosting_right_share":null,"uploaders_all_delta_pp":null,"uploaders_all_observed_common_delta_pp":3.0226799297680003e-06,"uploaders_all_left_share":null,"uploaders_all_right_share":null,"uploaders_without-hosting_delta_pp":null,"uploaders_without-hosting_observed_common_delta_pp":1.3246573203139543e-05,"uploaders_without-hosting_left_share":null,"uploaders_without-hosting_right_share":null},"geometry":{"type":"Polygon","coordinates":[[[133.7474439499499,34.18705747856907],[133.65833208912846,34.20560333141004],[133.6268574905673,34.286420741324626],[133.6845662686341,34.34882598053981],[133.77388447550766,34.33034804785249],[133.80528724864465,34.2493968729543],[133.7474439499499,34.18705747856907]]]}},{"type":"Feature","properties":{"h3":"852e6d5bfffffff","countries":["JPN"],"common_intervals":19,"left_observed_intervals":19,"right_observed_intervals":20,"full_window_comparable":false,"expected_intervals":20,"downloaders_all_delta_pp":null,"downloaders_all_observed_common_delta_pp":5.321180049261076e-05,"downloaders_all_left_share":null,"downloaders_all_right_share":null,"downloaders_without-hosting_delta_pp":null,"downloaders_without-hosting_observed_common_delta_pp":5.8270694511077496e-05,"downloaders_without-hosting_left_share":null,"downloaders_without-hosting_right_share":null,"uploaders_all_delta_pp":null,"uploaders_all_observed_common_delta_pp":2.0262658171440987e-05,"uploaders_all_left_share":null,"uploaders_all_right_share":null,"uploaders_without-hosting_delta_pp":null,"uploaders_without-hosting_observed_common_delta_pp":-4.033819532951977e-05,"uploaders_without-hosting_left_share":null,"uploaders_without-hosting_right_share":null},"geometry":{"type":"Polygon","coordinates":[[[133.92143083470876,34.374207875365705],[133.83188901064733,34.392786632304436],[133.80044068321348,34.47376883974973],[133.85860728868963,34.53630583620777],[133.94835718251622,34.51779469375671],[133.9797320872564,34.436678859005454],[133.92143083470876,34.374207875365705]]]}},{"type":"Feature","properties":{"h3":"852e6d63fffffff","countries":["JPN"],"common_intervals":20,"left_observed_intervals":20,"right_observed_intervals":20,"full_window_comparable":true,"expected_intervals":20,"downloaders_all_delta_pp":0.0003070797755725334,"downloaders_all_observed_common_delta_pp":0.0003070797755725334,"downloaders_all_left_share":0.0021041303081837668,"downloaders_all_right_share":0.0017970505326112326,"downloaders_without-hosting_delta_pp":0.00040276351816888756,"downloaders_without-hosting_observed_common_delta_pp":0.00040276351816888756,"downloaders_without-hosting_left_share":0.0025030821957159363,"downloaders_without-hosting_right_share":0.0021003186775470487,"uploaders_all_delta_pp":0.0006815139523739954,"uploaders_all_observed_common_delta_pp":0.0006815139523739954,"uploaders_all_left_share":0.0009735901784007699,"uploaders_all_right_share":0.0002920762260267743,"uploaders_without-hosting_delta_pp":0.0010312892641491306,"uploaders_without-hosting_observed_common_delta_pp":0.0010312892641491306,"uploaders_without-hosting_left_share":0.0014049085544683235,"uploaders_without-hosting_right_share":0.000373619290319193},"geometry":{"type":"Polygon","coordinates":[[[133.359816687786,34.34128770219528],[133.2709653892384,34.35939902288449],[133.2391870807163,34.439876588392806],[133.29632917316943,34.50237650654026],[133.38538620287662,34.48433478495749],[133.41709510151367,34.4037234612699],[133.359816687786,34.34128770219528]]]}},{"type":"Feature","properties":{"h3":"852e6d67fffffff","countries":["JPN"],"common_intervals":3,"left_observed_intervals":7,"right_observed_intervals":6,"full_window_comparable":false,"expected_intervals":20,"downloaders_all_delta_pp":null,"downloaders_all_observed_common_delta_pp":1.0598628568691789e-05,"downloaders_all_left_share":null,"downloaders_all_right_share":null,"downloaders_without-hosting_delta_pp":null,"downloaders_without-hosting_observed_common_delta_pp":1.540152918830332e-05,"downloaders_without-hosting_left_share":null,"downloaders_without-hosting_right_share":null,"uploaders_all_delta_pp":null,"uploaders_all_observed_common_delta_pp":0.0,"uploaders_all_left_share":null,"uploaders_all_right_share":null,"uploaders_without-hosting_delta_pp":null,"uploaders_without-hosting_observed_common_delta_pp":0.0,"uploaders_without-hosting_left_share":null,"uploaders_without-hosting_right_share":null},"geometry":{"type":"Polygon","coordinates":[[[133.21398107811183,34.29699887381938],[133.1253547540889,34.31501244695189],[133.09350813982167,34.39535621383525],[133.15035585001374,34.45782012040131],[133.2391870807163,34.439876588392806],[133.2709653892384,34.35939902288449],[133.21398107811183,34.29699887381938]]]}},{"type":"Feature","properties":{"h3":"852e6d6ffffffff","countries":["JPN"],"common_intervals":0,"left_observed_intervals":0,"right_observed_intervals":1,"full_window_comparable":false,"expected_intervals":20,"downloaders_all_delta_pp":null,"downloaders_all_observed_common_delta_pp":null,"downloaders_all_left_share":null,"downloaders_all_right_share":null,"downloaders_without-hosting_delta_pp":null,"downloaders_without-hosting_observed_common_delta_pp":null,"downloaders_without-hosting_left_share":null,"downloaders_without-hosting_right_share":null,"uploaders_all_delta_pp":null,"uploaders_all_observed_common_delta_pp":null,"uploaders_all_left_share":null,"uploaders_all_right_share":null,"uploaders_without-hosting_delta_pp":null,"uploaders_without-hosting_observed_common_delta_pp":null,"uploaders_without-hosting_left_share":null,"uploaders_without-hosting_right_share":null},"geometry":{"type":"Polygon","coordinates":[[[133.2391870807163,34.439876588392806],[133.15035585001374,34.45782012040131],[133.11846120026289,34.53819344986724],[133.17546622675945,34.6007568830425],[133.26450327636627,34.582883557070694],[133.29632917316943,34.50237650654026],[133.2391870807163,34.439876588392806]]]}},{"type":"Feature","properties":{"h3":"852e6d7bfffffff","countries":["JPN"],"common_intervals":18,"left_observed_intervals":18,"right_observed_intervals":20,"full_window_comparable":false,"expected_intervals":20,"downloaders_all_delta_pp":null,"downloaders_all_observed_common_delta_pp":5.233173845388276e-05,"downloaders_all_left_share":null,"downloaders_all_right_share":null,"downloaders_without-hosting_delta_pp":null,"downloaders_without-hosting_observed_common_delta_pp":6.730491970251398e-05,"downloaders_without-hosting_left_share":null,"downloaders_without-hosting_right_share":null,"uploaders_all_delta_pp":null,"uploaders_all_observed_common_delta_pp":2.306124132727656e-05,"uploaders_all_left_share":null,"uploaders_all_right_share":null,"uploaders_without-hosting_delta_pp":null,"uploaders_without-hosting_observed_common_delta_pp":3.968877124403414e-05,"uploaders_without-hosting_left_share":null,"uploaders_without-hosting_right_share":null},"geometry":{"type":"Polygon","coordinates":[[[133.50617125875445,34.3855135142141],[133.41709510151367,34.4037234612699],[133.38538620287662,34.48433478495749],[133.4428236737033,34.54686979022276],[133.5321063834275,34.52872899380045],[133.56374476024067,34.447983957602325],[133.50617125875445,34.3855135142141]]]}},{"type":"Feature","properties":{"h3":"852e6daffffffff","countries":["JPN"],"common_intervals":19,"left_observed_intervals":20,"right_observed_intervals":19,"full_window_comparable":false,"expected_intervals":20,"downloaders_all_delta_pp":null,"downloaders_all_observed_common_delta_pp":5.860110872121805e-05,"downloaders_all_left_share":null,"downloaders_all_right_share":null,"downloaders_without-hosting_delta_pp":null,"downloaders_without-hosting_observed_common_delta_pp":7.820834408922308e-05,"downloaders_without-hosting_left_share":null,"downloaders_without-hosting_right_share":null,"uploaders_all_delta_pp":null,"uploaders_all_observed_common_delta_pp":-5.92012909986123e-05,"uploaders_all_left_share":null,"uploaders_all_right_share":null,"uploaders_without-hosting_delta_pp":null,"uploaders_without-hosting_observed_common_delta_pp":-7.94130249973762e-05,"uploaders_without-hosting_left_share":null,"uploaders_without-hosting_right_share":null},"geometry":{"type":"Polygon","coordinates":[[[133.27751050610564,33.791091482908996],[133.25143953303524,33.77447702722138],[133.15613441006556,33.796920785914075],[133.1390171764094,33.86915802733938],[133.19553296993286,33.931254355688935],[133.2837725148437,33.912935243671704],[133.31529384328653,33.83245080016116],[133.27751050610564,33.791091482908996]]]}},{"type":"Feature","properties":{"h3":"852e6dcffffffff","countries":["JPN"],"common_intervals":1,"left_observed_intervals":4,"right_observed_intervals":2,"full_window_comparable":false,"expected_intervals":20,"downloaders_all_delta_pp":null,"downloaders_all_observed_common_delta_pp":-1.3932533497832555e-05,"downloaders_all_left_share":null,"downloaders_all_right_share":null,"downloaders_without-hosting_delta_pp":null,"downloaders_without-hosting_observed_common_delta_pp":-8.970694679652632e-06,"downloaders_without-hosting_left_share":null,"downloaders_without-hosting_right_share":null,"uploaders_all_delta_pp":null,"uploaders_all_observed_common_delta_pp":0.0,"uploaders_all_left_share":null,"uploaders_all_right_share":null,"uploaders_without-hosting_delta_pp":null,"uploaders_without-hosting_observed_common_delta_pp":0.0,"uploaders_without-hosting_left_share":null,"uploaders_without-hosting_right_share":null},"geometry":{"type":"Polygon","coordinates":[[[133.86792969363998,34.08742475401799],[133.77880125355978,34.106138269744626],[133.7474439499499,34.18705747856907],[133.80528724864465,34.2493968729543],[133.89462192339894,34.23075065702527],[133.9259067551841,34.1496976646025],[133.86792969363998,34.08742475401799]]]}},{"type":"Feature","properties":{"h3":"852e6ddbfffffff","countries":["JPN"],"common_intervals":6,"left_observed_intervals":11,"right_observed_intervals":11,"full_window_comparable":false,"expected_intervals":20,"downloaders_all_delta_pp":null,"downloaders_all_observed_common_delta_pp":0.00010943841442558862,"downloaders_all_left_share":null,"downloaders_all_right_share":null,"downloaders_without-hosting_delta_pp":null,"downloaders_without-hosting_observed_common_delta_pp":0.00013799765332322855,"downloaders_without-hosting_left_share":null,"downloaders_without-hosting_right_share":null,"uploaders_all_delta_pp":null,"uploaders_all_observed_common_delta_pp":0.0,"uploaders_all_left_share":null,"uploaders_all_right_share":null,"uploaders_without-hosting_delta_pp":null,"uploaders_without-hosting_observed_common_delta_pp":0.0,"uploaders_without-hosting_left_share":null,"uploaders_without-hosting_right_share":null},"geometry":{"type":"Polygon","coordinates":[[[134.13578890593885,34.0307472323048],[134.0464238483501,34.049729401070884],[134.0152570462656,34.1308833670498],[134.07352922440066,34.19318881617178],[134.16310118828184,34.17427285615858],[134.19419375611608,34.09298515752091],[134.13578890593885,34.0307472323048]]]}},{"type":"Feature","properties":{"h3":"852e6e0bfffffff","countries":["JPN"],"common_intervals":15,"left_observed_intervals":17,"right_observed_intervals":16,"full_window_comparable":false,"expected_intervals":20,"downloaders_all_delta_pp":null,"downloaders_all_observed_common_delta_pp":5.4538372826382754e-05,"downloaders_all_left_share":null,"downloaders_all_right_share":null,"downloaders_without-hosting_delta_pp":null,"downloaders_without-hosting_observed_common_delta_pp":7.032476857502766e-05,"downloaders_without-hosting_left_share":null,"downloaders_without-hosting_right_share":null,"uploaders_all_delta_pp":null,"uploaders_all_observed_common_delta_pp":0.00023514953233908764,"uploaders_all_left_share":null,"uploaders_all_right_share":null,"uploaders_without-hosting_delta_pp":null,"uploaders_without-hosting_observed_common_delta_pp":0.00029884097085951716,"uploaders_without-hosting_left_share":null,"uploaders_without-hosting_right_share":null},"geometry":{"type":"Polygon","coordinates":[[[134.84175510626162,35.46067033237353],[134.74981148193714,35.4793735388061],[134.7184818461404,35.56118666327135],[134.77917786540678,35.62442913308263],[134.87133929728708,35.60579186598782],[134.90258656444877,35.5238461169732],[134.84175510626162,35.46067033237353]]]}},{"type":"Feature","properties":{"h3":"852e6e17fffffff","countries":["JPN"],"common_intervals":0,"left_observed_intervals":3,"right_observed_intervals":2,"full_window_comparable":false,"expected_intervals":20,"downloaders_all_delta_pp":null,"downloaders_all_observed_common_delta_pp":null,"downloaders_all_left_share":null,"downloaders_all_right_share":null,"downloaders_without-hosting_delta_pp":null,"downloaders_without-hosting_observed_common_delta_pp":null,"downloaders_without-hosting_left_share":null,"downloaders_without-hosting_right_share":null,"uploaders_all_delta_pp":null,"uploaders_all_observed_common_delta_pp":null,"uploaders_all_left_share":null,"uploaders_all_right_share":null,"uploaders_without-hosting_delta_pp":null,"uploaders_without-hosting_observed_common_delta_pp":null,"uploaders_without-hosting_left_share":null,"uploaders_without-hosting_right_share":null},"geometry":{"type":"Polygon","coordinates":[[[134.78298014059024,35.17077555263164],[134.6914692114044,35.189610290910515],[134.66022643896346,35.271372785776826],[134.7205755479905,35.33443331514817],[134.8123023401495,35.31566428363266],[134.84346382702986,35.233768942081525],[134.78298014059024,35.17077555263164]]]}},{"type":"Feature","properties":{"h3":"852e6e27fffffff","countries":["JPN"],"common_intervals":0,"left_observed_intervals":1,"right_observed_intervals":2,"full_window_comparable":false,"expected_intervals":20,"downloaders_all_delta_pp":null,"downloaders_all_observed_common_delta_pp":null,"downloaders_all_left_share":null,"downloaders_all_right_share":null,"downloaders_without-hosting_delta_pp":null,"downloaders_without-hosting_observed_common_delta_pp":null,"downloaders_without-hosting_left_share":null,"downloaders_without-hosting_right_share":null,"uploaders_all_delta_pp":null,"uploaders_all_observed_common_delta_pp":null,"uploaders_all_left_share":null,"uploaders_all_right_share":null,"uploaders_without-hosting_delta_pp":null,"uploaders_without-hosting_observed_common_delta_pp":null,"uploaders_without-hosting_left_share":null,"uploaders_without-hosting_right_share":null},"geometry":{"type":"Polygon","coordinates":[[[134.23510415570829,35.28238268137534],[134.1440715741009,35.30065814346732],[134.1124245304273,35.38193982297338],[134.17188729688536,35.44507895487811],[134.263134422681,35.426871468279714],[134.29470390860635,35.34545679706661],[134.23510415570829,35.28238268137534]]]}},{"type":"Feature","properties":{"h3":"852e6e2ffffffff","countries":["JPN"],"common_intervals":20,"left_observed_intervals":20,"right_observed_intervals":20,"full_window_comparable":true,"expected_intervals":20,"downloaders_all_delta_pp":0.00025958304352532394,"downloaders_all_observed_common_delta_pp":0.00025958304352532394,"downloaders_all_left_share":0.0011061008327375636,"downloaders_all_right_share":0.0008465177892122394,"downloaders_without-hosting_delta_pp":0.0003250491321840554,"downloaders_without-hosting_observed_common_delta_pp":0.0003250491321840554,"downloaders_without-hosting_left_share":0.0013147651352543696,"downloaders_without-hosting_right_share":0.000989716003070314,"uploaders_all_delta_pp":0.0006740658674158032,"uploaders_all_observed_common_delta_pp":0.0006740658674158032,"uploaders_all_left_share":0.000708049475418651,"uploaders_all_right_share":3.3983608002847806e-05,"uploaders_without-hosting_delta_pp":0.0010135303390666458,"uploaders_without-hosting_observed_common_delta_pp":0.0010135303390666458,"uploaders_without-hosting_left_share":0.001053933012365622,"uploaders_without-hosting_right_share":4.040267329897606e-05},"geometry":{"type":"Polygon","coordinates":[[[134.263134422681,35.426871468279714],[134.17188729688536,35.44507895487811],[134.140194620175,35.526384933516866],[134.19982681071588,35.589616232572176],[134.29128944721506,35.57147684639353],[134.32290405096475,35.490037984070284],[134.263134422681,35.426871468279714]]]}},{"type":"Feature","properties":{"h3":"852e6e53fffffff","countries":["JPN"],"common_intervals":0,"left_observed_intervals":1,"right_observed_intervals":0,"full_window_comparable":false,"expected_intervals":20,"downloaders_all_delta_pp":null,"downloaders_all_observed_common_delta_pp":null,"downloaders_all_left_share":null,"downloaders_all_right_share":null,"downloaders_without-hosting_delta_pp":null,"downloaders_without-hosting_observed_common_delta_pp":null,"downloaders_without-hosting_left_share":null,"downloaders_without-hosting_right_share":null,"uploaders_all_delta_pp":null,"uploaders_all_observed_common_delta_pp":null,"uploaders_all_left_share":null,"uploaders_all_right_share":null,"uploaders_without-hosting_delta_pp":null,"uploaders_without-hosting_observed_common_delta_pp":null,"uploaders_without-hosting_left_share":null,"uploaders_without-hosting_right_share":null},"geometry":{"type":"Polygon","coordinates":[[[135.14829660819612,35.54930943395025],[135.05589904672271,35.56823219444265],[135.02473537055002,35.650310461628926],[135.08605373480125,35.71359830370478],[135.1786707072089,35.694740423818814],[135.20974956226303,35.61252975079766],[135.14829660819612,35.54930943395025]]]}},{"type":"Feature","properties":{"h3":"852e6e83fffffff","countries":["JPN"],"common_intervals":0,"left_observed_intervals":4,"right_observed_intervals":0,"full_window_comparable":false,"expected_intervals":20,"downloaders_all_delta_pp":null,"downloaders_all_observed_common_delta_pp":null,"downloaders_all_left_share":null,"downloaders_all_right_share":null,"downloaders_without-hosting_delta_pp":null,"downloaders_without-hosting_observed_common_delta_pp":null,"downloaders_without-hosting_left_share":null,"downloaders_without-hosting_right_share":null,"uploaders_all_delta_pp":null,"uploaders_all_observed_common_delta_pp":null,"uploaders_all_left_share":null,"uploaders_all_right_share":null,"uploaders_without-hosting_delta_pp":null,"uploaders_without-hosting_observed_common_delta_pp":null,"uploaders_without-hosting_left_share":null,"uploaders_without-hosting_right_share":null},"geometry":{"type":"Polygon","coordinates":[[[135.0281437793247,34.96874363206854],[134.93661409840865,34.98792480655497],[134.9056195749471,35.06989880754393],[134.96623700640342,35.132824414192186],[135.057982205333,35.11370766877819],[135.0888941218904,35.03160081490148],[135.0281437793247,34.96874363206854]]]}},{"type":"Feature","properties":{"h3":"852e6e8bfffffff","countries":["JPN"],"common_intervals":1,"left_observed_intervals":3,"right_observed_intervals":2,"full_window_comparable":false,"expected_intervals":20,"downloaders_all_delta_pp":null,"downloaders_all_observed_common_delta_pp":4.524151139030232e-05,"downloaders_all_left_share":null,"downloaders_all_right_share":null,"downloaders_without-hosting_delta_pp":null,"downloaders_without-hosting_observed_common_delta_pp":5.381528919032396e-05,"downloaders_without-hosting_left_share":null,"downloaders_without-hosting_right_share":null,"uploaders_all_delta_pp":null,"uploaders_all_observed_common_delta_pp":0.0,"uploaders_all_left_share":null,"uploaders_all_right_share":null,"uploaders_without-hosting_delta_pp":null,"uploaders_without-hosting_observed_common_delta_pp":0.0,"uploaders_without-hosting_left_share":null,"uploaders_without-hosting_right_share":null},"geometry":{"type":"Polygon","coordinates":[[[135.057982205333,35.11370766877819],[134.96623700640342,35.132824414192186],[134.9352002731667,35.214825944321454],[134.99599155700653,35.27784340359985],[135.0879532379409,35.25879120624349],[135.11890681784195,35.17665692936886],[135.057982205333,35.11370766877819]]]}},{"type":"Feature","properties":{"h3":"852e6e97fffffff","countries":["JPN"],"common_intervals":16,"left_observed_intervals":20,"right_observed_intervals":16,"full_window_comparable":false,"expected_intervals":20,"downloaders_all_delta_pp":null,"downloaders_all_observed_common_delta_pp":6.681490454006705e-05,"downloaders_all_left_share":null,"downloaders_all_right_share":null,"downloaders_without-hosting_delta_pp":null,"downloaders_without-hosting_observed_common_delta_pp":8.369850845811773e-05,"downloaders_without-hosting_left_share":null,"downloaders_without-hosting_right_share":null,"uploaders_all_delta_pp":null,"uploaders_all_observed_common_delta_pp":0.0012981779852258282,"uploaders_all_left_share":null,"uploaders_all_right_share":null,"uploaders_without-hosting_delta_pp":null,"uploaders_without-hosting_observed_common_delta_pp":0.0019930956373505762,"uploaders_without-hosting_left_share":null,"uploaders_without-hosting_right_share":null},"geometry":{"type":"Polygon","coordinates":[[[134.99843709786148,34.82390092051568],[134.90712197704624,34.84314640108597],[134.87616961006853,34.92509190311972],[134.93661409840865,34.98792480655497],[135.0281437793247,34.96874363206854],[135.05901408116415,34.886665174769654],[134.99843709786148,34.82390092051568]]]}},{"type":"Feature","properties":{"h3":"852e6e9bfffffff","countries":["JPN"],"common_intervals":4,"left_observed_intervals":6,"right_observed_intervals":6,"full_window_comparable":false,"expected_intervals":20,"downloaders_all_delta_pp":null,"downloaders_all_observed_common_delta_pp":3.9060124431794386e-05,"downloaders_all_left_share":null,"downloaders_all_right_share":null,"downloaders_without-hosting_delta_pp":null,"downloaders_without-hosting_observed_common_delta_pp":5.3212543101223355e-05,"downloaders_without-hosting_left_share":null,"downloaders_without-hosting_right_share":null,"uploaders_all_delta_pp":null,"uploaders_all_observed_common_delta_pp":-0.00010518742295021269,"uploaders_all_left_share":null,"uploaders_all_right_share":null,"uploaders_without-hosting_delta_pp":null,"uploaders_without-hosting_observed_common_delta_pp":-0.00012953636344794711,"uploaders_without-hosting_left_share":null,"uploaders_without-hosting_right_share":null},"geometry":{"type":"Polygon","coordinates":[[[135.18064717472657,35.012310549669714],[135.0888941218904,35.03160081490148],[135.057982205333,35.11370766877819],[135.11890681784195,35.17665692936886],[135.21087616896293,35.15743056866625],[135.2417042743236,35.07519097125338],[135.18064717472657,35.012310549669714]]]}},{"type":"Feature","properties":{"h3":"852e6eb3fffffff","countries":["JPN"],"common_intervals":0,"left_observed_intervals":2,"right_observed_intervals":0,"full_window_comparable":false,"expected_intervals":20,"downloaders_all_delta_pp":null,"downloaders_all_observed_common_delta_pp":null,"downloaders_all_left_share":null,"downloaders_all_right_share":null,"downloaders_without-hosting_delta_pp":null,"downloaders_without-hosting_observed_common_delta_pp":null,"downloaders_without-hosting_left_share":null,"downloaders_without-hosting_right_share":null,"uploaders_all_delta_pp":null,"uploaders_all_observed_common_delta_pp":null,"uploaders_all_left_share":null,"uploaders_all_right_share":null,"uploaders_without-hosting_delta_pp":null,"uploaders_without-hosting_observed_common_delta_pp":null,"uploaders_without-hosting_left_share":null,"uploaders_without-hosting_right_share":null},"geometry":{"type":"Polygon","coordinates":[[[134.72472404421165,34.881357324321066],[134.63364195794097,34.90032310510054],[134.60248580336543,34.982031095866034],[134.6624916272869,35.04490628475515],[134.75378765654324,35.026005962058996],[134.7848635901524,34.94416491739234],[134.72472404421165,34.881357324321066]]]}},{"type":"Feature","properties":{"h3":"852e6eb7fffffff","countries":["JPN"],"common_intervals":0,"left_observed_intervals":1,"right_observed_intervals":1,"full_window_comparable":false,"expected_intervals":20,"downloaders_all_delta_pp":null,"downloaders_all_observed_common_delta_pp":null,"downloaders_all_left_share":null,"downloaders_all_right_share":null,"downloaders_without-hosting_delta_pp":null,"downloaders_without-hosting_observed_common_delta_pp":null,"downloaders_without-hosting_left_share":null,"downloaders_without-hosting_right_share":null,"uploaders_all_delta_pp":null,"uploaders_all_observed_common_delta_pp":null,"uploaders_all_left_share":null,"uploaders_all_right_share":null,"uploaders_without-hosting_delta_pp":null,"uploaders_without-hosting_observed_common_delta_pp":null,"uploaders_without-hosting_left_share":null,"uploaders_without-hosting_right_share":null},"geometry":{"type":"Polygon","coordinates":[[[134.57380643378724,34.83754184367251],[134.48294853756806,34.85640131380236],[134.45171334359472,34.93797615888227],[134.51141475859518,35.00082460341528],[134.60248580336543,34.982031095866034],[134.63364195794097,34.90032310510054],[134.57380643378724,34.83754184367251]]]}},{"type":"Feature","properties":{"h3":"852e6ec7fffffff","countries":["JPN"],"common_intervals":0,"left_observed_intervals":8,"right_observed_intervals":3,"full_window_comparable":false,"expected_intervals":20,"downloaders_all_delta_pp":null,"downloaders_all_observed_common_delta_pp":null,"downloaders_all_left_share":null,"downloaders_all_right_share":null,"downloaders_without-hosting_delta_pp":null,"downloaders_without-hosting_observed_common_delta_pp":null,"downloaders_without-hosting_left_share":null,"downloaders_without-hosting_right_share":null,"uploaders_all_delta_pp":null,"uploaders_all_observed_common_delta_pp":null,"uploaders_all_left_share":null,"uploaders_all_right_share":null,"uploaders_without-hosting_delta_pp":null,"uploaders_without-hosting_observed_common_delta_pp":null,"uploaders_without-hosting_left_share":null,"uploaders_without-hosting_right_share":null},"geometry":{"type":"Polygon","coordinates":[[[135.0879532379409,35.25879120624349],[134.99599155700653,35.27784340359985],[134.96491256131,35.35987148987128],[135.02587861353473,35.42297994402073],[135.1180577465919,35.40399240966516],[135.1490530378065,35.3218316865453],[135.0879532379409,35.25879120624349]]]}},{"type":"Feature","properties":{"h3":"852e6ecbfffffff","countries":["JPN"],"common_intervals":4,"left_observed_intervals":7,"right_observed_intervals":9,"full_window_comparable":false,"expected_intervals":20,"downloaders_all_delta_pp":null,"downloaders_all_observed_common_delta_pp":-5.178709255630352e-06,"downloaders_all_left_share":null,"downloaders_all_right_share":null,"downloaders_without-hosting_delta_pp":null,"downloaders_without-hosting_observed_common_delta_pp":-4.759120687654186e-06,"downloaders_without-hosting_left_share":null,"downloaders_without-hosting_right_share":null,"uploaders_all_delta_pp":null,"uploaders_all_observed_common_delta_pp":0.0,"uploaders_all_left_share":null,"uploaders_all_right_share":null,"uploaders_without-hosting_delta_pp":null,"uploaders_without-hosting_observed_common_delta_pp":0.0,"uploaders_without-hosting_left_share":null,"uploaders_without-hosting_right_share":null},"geometry":{"type":"Polygon","coordinates":[[[135.27173851409052,35.448025034525756],[135.17933365802364,35.46712324443881],[135.14829660819612,35.54930943395025],[135.20974956226303,35.61252975079766],[135.30237363731698,35.5934957789682],[135.33332519739145,35.5111771823451],[135.27173851409052,35.448025034525756]]]}},{"type":"Feature","properties":{"h3":"852e6ed3fffffff","countries":["JPN"],"common_intervals":1,"left_observed_intervals":5,"right_observed_intervals":4,"full_window_comparable":false,"expected_intervals":20,"downloaders_all_delta_pp":null,"downloaders_all_observed_common_delta_pp":7.967532909454331e-06,"downloaders_all_left_share":null,"downloaders_all_right_share":null,"downloaders_without-hosting_delta_pp":null,"downloaders_without-hosting_observed_common_delta_pp":8.016343847221975e-06,"downloaders_without-hosting_left_share":null,"downloaders_without-hosting_right_share":null,"uploaders_all_delta_pp":null,"uploaders_all_observed_common_delta_pp":0.0,"uploaders_all_left_share":null,"uploaders_all_right_share":null,"uploaders_without-hosting_delta_pp":null,"uploaders_without-hosting_observed_common_delta_pp":0.0,"uploaders_without-hosting_left_share":null,"uploaders_without-hosting_right_share":null},"geometry":{"type":"Polygon","coordinates":[[[135.36430206117078,35.20106551663634],[135.27210886861403,35.220402433611355],[135.24123965462485,35.30266934563862],[135.30264887989136,35.3657317883985],[135.39506011672094,35.34645835621885],[135.42584374467995,35.264058926636224],[135.36430206117078,35.20106551663634]]]}},{"type":"Feature","properties":{"h3":"852e6edbfffffff","countries":["JPN"],"common_intervals":2,"left_observed_intervals":3,"right_observed_intervals":11,"full_window_comparable":false,"expected_intervals":20,"downloaders_all_delta_pp":null,"downloaders_all_observed_common_delta_pp":-4.7456573145391296e-05,"downloaders_all_left_share":null,"downloaders_all_right_share":null,"downloaders_without-hosting_delta_pp":null,"downloaders_without-hosting_observed_common_delta_pp":-5.6208397591388226e-05,"downloaders_without-hosting_left_share":null,"downloaders_without-hosting_right_share":null,"uploaders_all_delta_pp":null,"uploaders_all_observed_common_delta_pp":1.5939834828198078e-05,"uploaders_all_left_share":null,"uploaders_all_right_share":null,"uploaders_without-hosting_delta_pp":null,"uploaders_without-hosting_observed_common_delta_pp":0.00014299141241056032,"uploaders_without-hosting_left_share":null,"uploaders_without-hosting_right_share":null},"geometry":{"type":"Polygon","coordinates":[[[135.39506011672094,35.34645835621885],[135.30264887989136,35.3657317883985],[135.27173851409052,35.448025034525756],[135.33332519739145,35.5111771823451],[135.4259554554065,35.4919673423842],[135.4567796672713,35.40954169312125],[135.39506011672094,35.34645835621885]]]}},{"type":"Feature","properties":{"h3":"852e701bfffffff","countries":["JPN"],"common_intervals":9,"left_observed_intervals":14,"right_observed_intervals":13,"full_window_comparable":false,"expected_intervals":20,"downloaders_all_delta_pp":null,"downloaders_all_observed_common_delta_pp":3.194929556659749e-05,"downloaders_all_left_share":null,"downloaders_all_right_share":null,"downloaders_without-hosting_delta_pp":null,"downloaders_without-hosting_observed_common_delta_pp":4.349616408455961e-05,"downloaders_without-hosting_left_share":null,"downloaders_without-hosting_right_share":null,"uploaders_all_delta_pp":null,"uploaders_all_observed_common_delta_pp":1.7501658529140236e-05,"uploaders_all_left_share":null,"uploaders_all_right_share":null,"uploaders_without-hosting_delta_pp":null,"uploaders_without-hosting_observed_common_delta_pp":2.2823257852888213e-05,"uploaders_without-hosting_left_share":null,"uploaders_without-hosting_right_share":null},"geometry":{"type":"Polygon","coordinates":[[[138.56775016469564,37.30406376220678],[138.46948508346128,37.325080291436926],[138.44008594934226,37.40988541517043],[138.5090670412452,37.47380169709348],[138.60757253789663,37.45283800935729],[138.63685613023193,37.367905159131936],[138.56775016469564,37.30406376220678]]]}},{"type":"Feature","properties":{"h3":"852e70abfffffff","countries":["JPN"],"common_intervals":20,"left_observed_intervals":20,"right_observed_intervals":20,"full_window_comparable":true,"expected_intervals":20,"downloaders_all_delta_pp":9.550246270845407e-05,"downloaders_all_observed_common_delta_pp":9.550246270845407e-05,"downloaders_all_left_share":0.0005050068859828513,"downloaders_all_right_share":0.0004095044232743971,"downloaders_without-hosting_delta_pp":0.00012256239243013718,"downloaders_without-hosting_observed_common_delta_pp":0.00012256239243013718,"downloaders_without-hosting_left_share":0.0006012496558253749,"downloaders_without-hosting_right_share":0.0004786872633952376,"uploaders_all_delta_pp":0.00027056772237859784,"uploaders_all_observed_common_delta_pp":0.00027056772237859784,"uploaders_all_left_share":0.00028351384579140316,"uploaders_all_right_share":1.294612341280527e-05,"uploaders_without-hosting_delta_pp":0.00040159251521559424,"uploaders_without-hosting_observed_common_delta_pp":0.00040159251521559424,"uploaders_without-hosting_left_share":0.00041608791582498084,"uploaders_without-hosting_right_share":1.4495400609386641e-05},"geometry":{"type":"Polygon","coordinates":[[[138.19549316972,37.069815521134],[138.09790904495418,37.09061909995597],[138.06831373087516,37.17515221165286],[138.13641407976604,37.23901012804002],[138.23423619825405,37.21826076966717],[138.26371958340272,37.133599231540195],[138.19549316972,37.069815521134]]]}},{"type":"Feature","properties":{"h3":"852e70c3fffffff","countries":["JPN"],"common_intervals":0,"left_observed_intervals":2,"right_observed_intervals":0,"full_window_comparable":false,"expected_intervals":20,"downloaders_all_delta_pp":null,"downloaders_all_observed_common_delta_pp":null,"downloaders_all_left_share":null,"downloaders_all_right_share":null,"downloaders_without-hosting_delta_pp":null,"downloaders_without-hosting_observed_common_delta_pp":null,"downloaders_without-hosting_left_share":null,"downloaders_without-hosting_right_share":null,"uploaders_all_delta_pp":null,"uploaders_all_observed_common_delta_pp":null,"uploaders_all_left_share":null,"uploaders_all_right_share":null,"uploaders_without-hosting_delta_pp":null,"uploaders_without-hosting_observed_common_delta_pp":null,"uploaders_without-hosting_left_share":null,"uploaders_without-hosting_right_share":null},"geometry":{"type":"Polygon","coordinates":[[[138.86294506707227,37.24036880500357],[138.7644806690275,37.261708176996706],[138.73534158135078,37.346753458551945],[138.80478411818513,37.41058670926865],[138.9034891682318,37.38929877762296],[138.93251063166426,37.304126118143685],[138.86294506707227,37.24036880500357]]]}},{"type":"Feature","properties":{"h3":"852e70cbfffffff","countries":["JPN"],"common_intervals":20,"left_observed_intervals":20,"right_observed_intervals":20,"full_window_comparable":true,"expected_intervals":20,"downloaders_all_delta_pp":0.0001833356662685949,"downloaders_all_observed_common_delta_pp":0.0001833356662685949,"downloaders_all_left_share":0.0021257351477168168,"downloaders_all_right_share":0.0019423994814482218,"downloaders_without-hosting_delta_pp":0.00025566639861353946,"downloaders_without-hosting_observed_common_delta_pp":0.00025566639861353946,"downloaders_without-hosting_left_share":0.0025282085466205766,"downloaders_without-hosting_right_share":0.0022725421480070365,"uploaders_all_delta_pp":0.0003418028476048172,"uploaders_all_observed_common_delta_pp":0.0003418028476048172,"uploaders_all_left_share":0.000444376328944644,"uploaders_all_right_share":0.00010257348133982676,"uploaders_without-hosting_delta_pp":0.0005230521317492994,"uploaders_without-hosting_observed_common_delta_pp":0.0005230521317492994,"uploaders_without-hosting_left_share":0.000654304449567881,"uploaders_without-hosting_right_share":0.0001312523178185816},"geometry":{"type":"Polygon","coordinates":[[[138.9034891682318,37.38929877762296],[138.80478411818513,37.41058670926865],[138.77561750447165,37.49564701736624],[138.84527396216384,37.55954653965605],[138.94422074051528,37.53831003679321],[138.97326893239565,37.45312254690897],[138.9034891682318,37.38929877762296]]]}},{"type":"Feature","properties":{"h3":"852e70cffffffff","countries":["JPN"],"common_intervals":0,"left_observed_intervals":1,"right_observed_intervals":0,"full_window_comparable":false,"expected_intervals":20,"downloaders_all_delta_pp":null,"downloaders_all_observed_common_delta_pp":null,"downloaders_all_left_share":null,"downloaders_all_right_share":null,"downloaders_without-hosting_delta_pp":null,"downloaders_without-hosting_observed_common_delta_pp":null,"downloaders_without-hosting_left_share":null,"downloaders_without-hosting_right_share":null,"uploaders_all_delta_pp":null,"uploaders_all_observed_common_delta_pp":null,"uploaders_all_left_share":null,"uploaders_all_right_share":null,"uploaders_without-hosting_delta_pp":null,"uploaders_without-hosting_observed_common_delta_pp":null,"uploaders_without-hosting_left_share":null,"uploaders_without-hosting_right_share":null},"geometry":{"type":"Polygon","coordinates":[[[138.73534158135078,37.346753458551945],[138.63685613023193,37.367905159131936],[138.60757253789663,37.45283800935729],[138.6768909765513,37.51674657935661],[138.77561750447165,37.49564701736624],[138.80478411818513,37.41058670926865],[138.73534158135078,37.346753458551945]]]}},{"type":"Feature","properties":{"h3":"852e70d3fffffff","countries":["JPN"],"common_intervals":0,"left_observed_intervals":0,"right_observed_intervals":1,"full_window_comparable":false,"expected_intervals":20,"downloaders_all_delta_pp":null,"downloaders_all_observed_common_delta_pp":null,"downloaders_all_left_share":null,"downloaders_all_right_share":null,"downloaders_without-hosting_delta_pp":null,"downloaders_without-hosting_observed_common_delta_pp":null,"downloaders_without-hosting_left_share":null,"downloaders_without-hosting_right_share":null,"uploaders_all_delta_pp":null,"uploaders_all_observed_common_delta_pp":null,"uploaders_all_left_share":null,"uploaders_all_right_share":null,"uploaders_without-hosting_delta_pp":null,"uploaders_without-hosting_observed_common_delta_pp":null,"uploaders_without-hosting_left_share":null,"uploaders_without-hosting_right_share":null},"geometry":{"type":"Polygon","coordinates":[[[138.99038205328486,37.13368536550104],[138.8919397112642,37.1552120569125],[138.86294506707227,37.24036880500357],[138.93251063166426,37.304126118143685],[139.03119319477872,37.28265016594126],[139.06006957542277,37.19736612537558],[138.99038205328486,37.13368536550104]]]}},{"type":"Feature","properties":{"h3":"852e70d7fffffff","countries":["JPN"],"common_intervals":0,"left_observed_intervals":0,"right_observed_intervals":1,"full_window_comparable":false,"expected_intervals":20,"downloaders_all_delta_pp":null,"downloaders_all_observed_common_delta_pp":null,"downloaders_all_left_share":null,"downloaders_all_right_share":null,"downloaders_without-hosting_delta_pp":null,"downloaders_without-hosting_observed_common_delta_pp":null,"downloaders_without-hosting_left_share":null,"downloaders_without-hosting_right_share":null,"uploaders_all_delta_pp":null,"uploaders_all_observed_common_delta_pp":null,"uploaders_all_left_share":null,"uploaders_all_right_share":null,"uploaders_without-hosting_delta_pp":null,"uploaders_without-hosting_observed_common_delta_pp":null,"uploaders_without-hosting_left_share":null,"uploaders_without-hosting_right_share":null},"geometry":{"type":"Polygon","coordinates":[[[138.8225871860517,37.09152228870798],[138.72436237015637,37.11291310772154],[138.69525089242782,37.19794228550069],[138.7644806690275,37.261708176996706],[138.86294506707227,37.24036880500357],[138.8919397112642,37.1552120569125],[138.8225871860517,37.09152228870798]]]}},{"type":"Feature","properties":{"h3":"852e7123fffffff","countries":["JPN"],"common_intervals":0,"left_observed_intervals":3,"right_observed_intervals":2,"full_window_comparable":false,"expected_intervals":20,"downloaders_all_delta_pp":null,"downloaders_all_observed_common_delta_pp":null,"downloaders_all_left_share":null,"downloaders_all_right_share":null,"downloaders_without-hosting_delta_pp":null,"downloaders_without-hosting_observed_common_delta_pp":null,"downloaders_without-hosting_left_share":null,"downloaders_without-hosting_right_share":null,"uploaders_all_delta_pp":null,"uploaders_all_observed_common_delta_pp":null,"uploaders_all_left_share":null,"uploaders_all_right_share":null,"uploaders_without-hosting_delta_pp":null,"uploaders_without-hosting_observed_common_delta_pp":null,"uploaders_without-hosting_left_share":null,"uploaders_without-hosting_right_share":null},"geometry":{"type":"Polygon","coordinates":[[[136.79592758053562,36.97298263015049],[136.69989860300535,36.99252150207971],[136.66928440000564,37.07592227597843],[136.73479966132498,37.139914164414755],[136.83106224485525,37.12043544612611],[136.8615755825678,37.03690463136545],[136.79592758053562,36.97298263015049]]]}},{"type":"Feature","properties":{"h3":"852e7137fffffff","countries":["JPN"],"common_intervals":18,"left_observed_intervals":19,"right_observed_intervals":19,"full_window_comparable":false,"expected_intervals":20,"downloaders_all_delta_pp":null,"downloaders_all_observed_common_delta_pp":-3.2786843861381164e-05,"downloaders_all_left_share":null,"downloaders_all_right_share":null,"downloaders_without-hosting_delta_pp":null,"downloaders_without-hosting_observed_common_delta_pp":-3.04196040705845e-05,"downloaders_without-hosting_left_share":null,"downloaders_without-hosting_right_share":null,"uploaders_all_delta_pp":null,"uploaders_all_observed_common_delta_pp":-3.2052823052390345e-05,"uploaders_all_left_share":null,"uploaders_all_right_share":null,"uploaders_without-hosting_delta_pp":null,"uploaders_without-hosting_observed_common_delta_pp":-4.1237793613090526e-05,"uploaders_without-hosting_left_share":null,"uploaders_without-hosting_right_share":null},"geometry":{"type":"Polygon","coordinates":[[[136.76095316989955,36.82562239337717],[136.66515674218837,36.845221378943705],[136.6345795535286,36.92860585803521],[136.69989860300535,36.99252150207971],[136.79592758053562,36.97298263015049],[136.82640458288068,36.88946794542855],[136.76095316989955,36.82562239337717]]]}},{"type":"Feature","properties":{"h3":"852e7177fffffff","countries":["JPN"],"common_intervals":0,"left_observed_intervals":0,"right_observed_intervals":1,"full_window_comparable":false,"expected_intervals":20,"downloaders_all_delta_pp":null,"downloaders_all_observed_common_delta_pp":null,"downloaders_all_left_share":null,"downloaders_all_right_share":null,"downloaders_without-hosting_delta_pp":null,"downloaders_without-hosting_observed_common_delta_pp":null,"downloaders_without-hosting_left_share":null,"downloaders_without-hosting_right_share":null,"uploaders_all_delta_pp":null,"uploaders_all_observed_common_delta_pp":null,"uploaders_all_left_share":null,"uploaders_all_right_share":null,"uploaders_without-hosting_delta_pp":null,"uploaders_without-hosting_observed_common_delta_pp":null,"uploaders_without-hosting_left_share":null,"uploaders_without-hosting_right_share":null},"geometry":{"type":"Polygon","coordinates":[[[136.99339940920646,37.164829264290546],[136.89690790305218,37.18443289835224],[136.8663582402114,37.26797880598351],[136.93240262973592,37.332050704181746],[137.029129566092,37.31250662456038],[137.05957629953008,37.228831040023685],[136.99339940920646,37.164829264290546]]]}},{"type":"Feature","properties":{"h3":"852e7187fffffff","countries":["JPN"],"common_intervals":20,"left_observed_intervals":20,"right_observed_intervals":20,"full_window_comparable":true,"expected_intervals":20,"downloaders_all_delta_pp":0.0002641089053266448,"downloaders_all_observed_common_delta_pp":0.0002641089053266448,"downloaders_all_left_share":0.004075273020459977,"downloaders_all_right_share":0.003811164115133333,"downloaders_without-hosting_delta_pp":0.000390105365892778,"downloaders_without-hosting_observed_common_delta_pp":0.000390105365892778,"downloaders_without-hosting_left_share":0.00484588604007387,"downloaders_without-hosting_right_share":0.004455780674181092,"uploaders_all_delta_pp":-3.056218397762769e-05,"uploaders_all_observed_common_delta_pp":-3.056218397762769e-05,"uploaders_all_left_share":0.0007558221601758617,"uploaders_all_right_share":0.0007863843441534895,"uploaders_without-hosting_delta_pp":0.0001170524831249209,"uploaders_without-hosting_observed_common_delta_pp":0.0001170524831249209,"uploaders_without-hosting_left_share":0.0011102793790548561,"uploaders_without-hosting_right_share":0.0009932268959299355},"geometry":{"type":"Polygon","coordinates":[[[137.30106700445666,36.558258887071375],[137.2050644818204,36.578531239233065],[137.17499911025456,36.66238224314091],[137.2410394424622,36.726090748949765],[137.33727433270053,36.70587586685182],[137.36723614703246,36.62189495717692],[137.30106700445666,36.558258887071375]]]}},{"type":"Feature","properties":{"h3":"852e718bfffffff","countries":["JPN"],"common_intervals":8,"left_observed_intervals":11,"right_observed_intervals":13,"full_window_comparable":false,"expected_intervals":20,"downloaders_all_delta_pp":null,"downloaders_all_observed_common_delta_pp":4.745310483055281e-05,"downloaders_all_left_share":null,"downloaders_all_right_share":null,"downloaders_without-hosting_delta_pp":null,"downloaders_without-hosting_observed_common_delta_pp":3.347004016812926e-05,"downloaders_without-hosting_left_share":null,"downloaders_without-hosting_right_share":null,"uploaders_all_delta_pp":null,"uploaders_all_observed_common_delta_pp":0.0001311000870504578,"uploaders_all_left_share":null,"uploaders_all_right_share":null,"uploaders_without-hosting_delta_pp":null,"uploaders_without-hosting_observed_common_delta_pp":0.0,"uploaders_without-hosting_left_share":null,"uploaders_without-hosting_right_share":null},"geometry":{"type":"Polygon","coordinates":[[[137.50010116400065,36.749246799012106],[137.40364256870933,36.76958819610282],[137.37364713461722,36.85358769316482],[137.4402155413346,36.917375272659385],[137.5369082708111,36.89709073705678],[137.5667980787747,36.812961710917065],[137.50010116400065,36.749246799012106]]]}},{"type":"Feature","properties":{"h3":"852e718ffffffff","countries":["JPN"],"common_intervals":1,"left_observed_intervals":2,"right_observed_intervals":2,"full_window_comparable":false,"expected_intervals":20,"downloaders_all_delta_pp":null,"downloaders_all_observed_common_delta_pp":8.130223444092436e-05,"downloaders_all_left_share":null,"downloaders_all_right_share":null,"downloaders_without-hosting_delta_pp":null,"downloaders_without-hosting_observed_common_delta_pp":0.00010046550502889665,"downloaders_without-hosting_left_share":null,"downloaders_without-hosting_right_share":null,"uploaders_all_delta_pp":null,"uploaders_all_observed_common_delta_pp":0.0,"uploaders_all_left_share":null,"uploaders_all_right_share":null,"uploaders_without-hosting_delta_pp":null,"uploaders_without-hosting_observed_common_delta_pp":0.0,"uploaders_without-hosting_left_share":null,"uploaders_without-hosting_right_share":null},"geometry":{"type":"Polygon","coordinates":[[[137.33727433270053,36.70587586685182],[137.2410394424622,36.726090748949765],[137.21093975260584,36.80996050418581],[137.27717883007114,36.873745068170464],[137.37364713461722,36.85358769316482],[137.40364256870933,36.76958819610282],[137.33727433270053,36.70587586685182]]]}},{"type":"Feature","properties":{"h3":"852e71a3fffffff","countries":["JPN"],"common_intervals":20,"left_observed_intervals":20,"right_observed_intervals":20,"full_window_comparable":true,"expected_intervals":20,"downloaders_all_delta_pp":8.569439420702868e-05,"downloaders_all_observed_common_delta_pp":8.569439420702868e-05,"downloaders_all_left_share":0.0009417177149234615,"downloaders_all_right_share":0.0008560233207164328,"downloaders_without-hosting_delta_pp":0.00011773165314634278,"downloaders_without-hosting_observed_common_delta_pp":0.00011773165314634278,"downloaders_without-hosting_left_share":0.0011179519137067505,"downloaders_without-hosting_right_share":0.0010002202605604077,"uploaders_all_delta_pp":-1.3282185125137255e-05,"uploaders_all_observed_common_delta_pp":-1.3282185125137255e-05,"uploaders_all_left_share":0.00016774244169044748,"uploaders_all_right_share":0.00018102462681558474,"uploaders_without-hosting_delta_pp":1.685720478157241e-05,"uploaders_without-hosting_observed_common_delta_pp":1.685720478157241e-05,"uploaders_without-hosting_left_share":0.00025396745884967236,"uploaders_without-hosting_right_share":0.0002371102540680999},"geometry":{"type":"Polygon","coordinates":[[[137.0132752885568,36.61876818708149],[136.91748952907412,36.63873312051712],[136.88718541033504,36.72234278151996],[136.95276821271707,36.78611760189639],[137.04878592310294,36.76621144586138],[137.07898850545064,36.68247163826837],[137.0132752885568,36.61876818708149]]]}},{"type":"Feature","properties":{"h3":"852e71a7fffffff","countries":["JPN"],"common_intervals":12,"left_observed_intervals":16,"right_observed_intervals":15,"full_window_comparable":false,"expected_intervals":20,"downloaders_all_delta_pp":null,"downloaders_all_observed_common_delta_pp":2.7985392270085918e-05,"downloaders_all_left_share":null,"downloaders_all_right_share":null,"downloaders_without-hosting_delta_pp":null,"downloaders_without-hosting_observed_common_delta_pp":3.683866043585478e-05,"downloaders_without-hosting_left_share":null,"downloaders_without-hosting_right_share":null,"uploaders_all_delta_pp":null,"uploaders_all_observed_common_delta_pp":0.0,"uploaders_all_left_share":null,"uploaders_all_right_share":null,"uploaders_without-hosting_delta_pp":null,"uploaders_without-hosting_observed_common_delta_pp":0.0,"uploaders_without-hosting_left_share":null,"uploaders_without-hosting_right_share":null},"geometry":{"type":"Polygon","coordinates":[[[136.85210262576868,36.575035945479996],[136.7565422512042,36.59487743965532],[136.72613794492185,36.67835676192943],[136.79139382799136,36.74212487359949],[136.88718541033504,36.72234278151996],[136.91748952907412,36.63873312051712],[136.85210262576868,36.575035945479996]]]}},{"type":"Feature","properties":{"h3":"852e71abfffffff","countries":["JPN"],"common_intervals":3,"left_observed_intervals":8,"right_observed_intervals":5,"full_window_comparable":false,"expected_intervals":20,"downloaders_all_delta_pp":null,"downloaders_all_observed_common_delta_pp":1.4449587148482749e-05,"downloaders_all_left_share":null,"downloaders_all_right_share":null,"downloaders_without-hosting_delta_pp":null,"downloaders_without-hosting_observed_common_delta_pp":2.011018596745753e-05,"downloaders_without-hosting_left_share":null,"downloaders_without-hosting_right_share":null,"uploaders_all_delta_pp":null,"uploaders_all_observed_common_delta_pp":0.0,"uploaders_all_left_share":null,"uploaders_all_right_share":null,"uploaders_without-hosting_delta_pp":null,"uploaders_without-hosting_observed_common_delta_pp":0.0,"uploaders_without-hosting_left_share":null,"uploaders_without-hosting_right_share":null},"geometry":{"type":"Polygon","coordinates":[[[137.04878592310294,36.76621144586138],[136.95276821271707,36.78611760189639],[136.92242841868605,36.869745300477],[136.98820817994334,36.93359677406731],[137.08445888953278,36.91374943627173],[137.11469646132232,36.829991753581744],[137.04878592310294,36.76621144586138]]]}},{"type":"Feature","properties":{"h3":"852e71b7fffffff","countries":["JPN"],"common_intervals":20,"left_observed_intervals":20,"right_observed_intervals":20,"full_window_comparable":true,"expected_intervals":20,"downloaders_all_delta_pp":5.5137913180342966e-05,"downloaders_all_observed_common_delta_pp":5.5137913180342966e-05,"downloaders_all_left_share":0.00032588284523165983,"downloaders_all_right_share":0.0002707449320513169,"downloaders_without-hosting_delta_pp":7.079957918571073e-05,"downloaders_without-hosting_observed_common_delta_pp":7.079957918571073e-05,"downloaders_without-hosting_left_share":0.00038700847535986583,"downloaders_without-hosting_right_share":0.00031620889617415513,"uploaders_all_delta_pp":4.0078875226445644e-05,"uploaders_all_observed_common_delta_pp":4.0078875226445644e-05,"uploaders_all_left_share":4.0078875226445644e-05,"uploaders_all_right_share":0.0,"uploaders_without-hosting_delta_pp":5.708805261234929e-05,"uploaders_without-hosting_observed_common_delta_pp":5.708805261234929e-05,"uploaders_without-hosting_left_share":5.708805261234929e-05,"uploaders_without-hosting_right_share":0.0},"geometry":{"type":"Polygon","coordinates":[[[136.97792590745453,36.47142169049916],[136.88237105710513,36.491445355901384],[136.85210262576868,36.575035945479996],[136.91748952907412,36.63873312051712],[137.0132752885568,36.61876818708149],[137.0434428634121,36.535047292153294],[136.97792590745453,36.47142169049916]]]}},{"type":"Feature","properties":{"h3":"852e71bbfffffff","countries":["JPN"],"common_intervals":17,"left_observed_intervals":19,"right_observed_intervals":18,"full_window_comparable":false,"expected_intervals":20,"downloaders_all_delta_pp":null,"downloaders_all_observed_common_delta_pp":5.372946460599609e-05,"downloaders_all_left_share":null,"downloaders_all_right_share":null,"downloaders_without-hosting_delta_pp":null,"downloaders_without-hosting_observed_common_delta_pp":6.91612178996005e-05,"downloaders_without-hosting_left_share":null,"downloaders_without-hosting_right_share":null,"uploaders_all_delta_pp":null,"uploaders_all_observed_common_delta_pp":4.6950274494779835e-05,"uploaders_all_left_share":null,"uploaders_all_right_share":null,"uploaders_without-hosting_delta_pp":null,"uploaders_without-hosting_observed_common_delta_pp":6.537545779164318e-05,"uploaders_without-hosting_left_share":null,"uploaders_without-hosting_right_share":null},"geometry":{"type":"Polygon","coordinates":[[[137.17499911025456,36.66238224314091],[137.07898850545064,36.68247163826837],[137.04878592310294,36.76621144586138],[137.11469646132232,36.829991753581744],[137.21093975260584,36.80996050418581],[137.2410394424622,36.726090748949765],[137.17499911025456,36.66238224314091]]]}},{"type":"Feature","properties":{"h3":"852e71dbfffffff","countries":["JPN"],"common_intervals":1,"left_observed_intervals":3,"right_observed_intervals":3,"full_window_comparable":false,"expected_intervals":20,"downloaders_all_delta_pp":null,"downloaders_all_observed_common_delta_pp":7.082151475630001e-05,"downloaders_all_left_share":null,"downloaders_all_right_share":null,"downloaders_without-hosting_delta_pp":null,"downloaders_without-hosting_observed_common_delta_pp":8.808479526479322e-05,"downloaders_without-hosting_left_share":null,"downloaders_without-hosting_right_share":null,"uploaders_all_delta_pp":null,"uploaders_all_observed_common_delta_pp":0.0,"uploaders_all_left_share":null,"uploaders_all_right_share":null,"uploaders_without-hosting_delta_pp":null,"uploaders_without-hosting_observed_common_delta_pp":0.0,"uploaders_without-hosting_left_share":null,"uploaders_without-hosting_right_share":null},"geometry":{"type":"Polygon","coordinates":[[[137.8650924389795,36.98371522546665],[137.76795270845335,37.004257197639056],[137.73813775201845,37.0885327321986],[137.8055712599295,37.152395155569835],[137.9029475995396,37.13190875234817],[137.93265343512604,37.04750431090739],[137.8650924389795,36.98371522546665]]]}},{"type":"Feature","properties":{"h3":"852e7293fffffff","countries":["JPN"],"common_intervals":20,"left_observed_intervals":20,"right_observed_intervals":20,"full_window_comparable":true,"expected_intervals":20,"downloaders_all_delta_pp":0.001030655571674356,"downloaders_all_observed_common_delta_pp":0.001030655571674356,"downloaders_all_left_share":0.0054519784317692355,"downloaders_all_right_share":0.004421322860094878,"downloaders_without-hosting_delta_pp":0.00132064210989597,"downloaders_without-hosting_observed_common_delta_pp":0.00132064210989597,"downloaders_without-hosting_left_share":0.006486948117030443,"downloaders_without-hosting_right_share":0.005166306007134474,"uploaders_all_delta_pp":0.001198067749956469,"uploaders_all_observed_common_delta_pp":0.001198067749956469,"uploaders_all_left_share":0.001959219151075308,"uploaders_all_right_share":0.0007611514011188389,"uploaders_without-hosting_delta_pp":0.0018407116428571257,"uploaders_without-hosting_observed_common_delta_pp":0.0018407116428571257,"uploaders_without-hosting_left_share":0.00280565125419499,"uploaders_without-hosting_right_share":0.0009649396113378637},"geometry":{"type":"Polygon","coordinates":[[[139.02625135669567,37.83656769019259],[138.9268178668029,37.85770138992577],[138.89756919997308,37.94280029358264],[138.96787447095107,38.00689203516162],[139.06755295720365,37.98580969981698],[139.09668076742352,37.900584225069196],[139.02625135669567,37.83656769019259]]]}},{"type":"Feature","properties":{"h3":"852e72a3fffffff","countries":["JPN"],"common_intervals":0,"left_observed_intervals":2,"right_observed_intervals":0,"full_window_comparable":false,"expected_intervals":20,"downloaders_all_delta_pp":null,"downloaders_all_observed_common_delta_pp":null,"downloaders_all_left_share":null,"downloaders_all_right_share":null,"downloaders_without-hosting_delta_pp":null,"downloaders_without-hosting_observed_common_delta_pp":null,"downloaders_without-hosting_left_share":null,"downloaders_without-hosting_right_share":null,"uploaders_all_delta_pp":null,"uploaders_all_observed_common_delta_pp":null,"uploaders_all_left_share":null,"uploaders_all_right_share":null,"uploaders_without-hosting_delta_pp":null,"uploaders_without-hosting_observed_common_delta_pp":null,"uploaders_without-hosting_left_share":null,"uploaders_without-hosting_right_share":null},"geometry":{"type":"Polygon","coordinates":[[[138.43065425181936,37.961728368705344],[138.3316259802577,37.98220663101035],[138.3018478750974,38.06681843148593],[138.37121421663224,38.13107919355881],[138.470487002334,38.11065511488302],[138.50014852527346,38.025916052424805],[138.43065425181936,37.961728368705344]]]}},{"type":"Feature","properties":{"h3":"852e7423fffffff","countries":["JPN"],"common_intervals":0,"left_observed_intervals":1,"right_observed_intervals":0,"full_window_comparable":false,"expected_intervals":20,"downloaders_all_delta_pp":null,"downloaders_all_observed_common_delta_pp":null,"downloaders_all_left_share":null,"downloaders_all_right_share":null,"downloaders_without-hosting_delta_pp":null,"downloaders_without-hosting_observed_common_delta_pp":null,"downloaders_without-hosting_left_share":null,"downloaders_without-hosting_right_share":null,"uploaders_all_delta_pp":null,"uploaders_all_observed_common_delta_pp":null,"uploaders_all_left_share":null,"uploaders_all_right_share":null,"uploaders_without-hosting_delta_pp":null,"uploaders_without-hosting_observed_common_delta_pp":null,"uploaders_without-hosting_left_share":null,"uploaders_without-hosting_right_share":null},"geometry":{"type":"Polygon","coordinates":[[[138.8289970579834,36.538693035567654],[138.73150501647774,36.560422697805926],[138.7026185142041,36.645505035495944],[138.77133879728967,36.70898570736266],[138.8690668389434,36.68730678031834],[138.89783821108344,36.60209640700246],[138.8289970579834,36.538693035567654]]]}},{"type":"Feature","properties":{"h3":"852e7433fffffff","countries":["JPN"],"common_intervals":8,"left_observed_intervals":14,"right_observed_intervals":13,"full_window_comparable":false,"expected_intervals":20,"downloaders_all_delta_pp":null,"downloaders_all_observed_common_delta_pp":-3.4722810085676877e-06,"downloaders_all_left_share":null,"downloaders_all_right_share":null,"downloaders_without-hosting_delta_pp":null,"downloaders_without-hosting_observed_common_delta_pp":-1.9121901385648436e-07,"downloaders_without-hosting_left_share":null,"downloaders_without-hosting_right_share":null,"uploaders_all_delta_pp":null,"uploaders_all_observed_common_delta_pp":5.345421112275225e-05,"uploaders_all_left_share":null,"uploaders_all_right_share":null,"uploaders_without-hosting_delta_pp":null,"uploaders_without-hosting_observed_common_delta_pp":6.723321858864027e-05,"uploaders_without-hosting_left_share":null,"uploaders_without-hosting_right_share":null},"geometry":{"type":"Polygon","coordinates":[[[138.95521263927688,36.43158996900757],[138.8577419555167,36.45350376782853],[138.8289970579834,36.538693035567654],[138.89783821108344,36.60209640700246],[138.99554447839932,36.58023263769531],[139.02417362372853,36.49491542899014],[138.95521263927688,36.43158996900757]]]}},{"type":"Feature","properties":{"h3":"852e743bfffffff","countries":["JPN"],"common_intervals":1,"left_observed_intervals":6,"right_observed_intervals":3,"full_window_comparable":false,"expected_intervals":20,"downloaders_all_delta_pp":null,"downloaders_all_observed_common_delta_pp":8.87596008594629e-06,"downloaders_all_left_share":null,"downloaders_all_right_share":null,"downloaders_without-hosting_delta_pp":null,"downloaders_without-hosting_observed_common_delta_pp":1.4640488960889175e-05,"downloaders_without-hosting_left_share":null,"downloaders_without-hosting_right_share":null,"uploaders_all_delta_pp":null,"uploaders_all_observed_common_delta_pp":0.0,"uploaders_all_left_share":null,"uploaders_all_right_share":null,"uploaders_without-hosting_delta_pp":null,"uploaders_without-hosting_observed_common_delta_pp":0.0,"uploaders_without-hosting_left_share":null,"uploaders_without-hosting_right_share":null},"geometry":{"type":"Polygon","coordinates":[[[138.99554447839932,36.58023263769531],[138.89783821108344,36.60209640700246],[138.8690668389434,36.68730678031834],[138.9381178743971,36.75078110853221],[139.03606076608204,36.72896737733152],[139.0647156100345,36.64362924214704],[138.99554447839932,36.58023263769531]]]}},{"type":"Feature","properties":{"h3":"852e746ffffffff","countries":["JPN"],"common_intervals":2,"left_observed_intervals":5,"right_observed_intervals":10,"full_window_comparable":false,"expected_intervals":20,"downloaders_all_delta_pp":null,"downloaders_all_observed_common_delta_pp":-6.845155310758684e-05,"downloaders_all_left_share":null,"downloaders_all_right_share":null,"downloaders_without-hosting_delta_pp":null,"downloaders_without-hosting_observed_common_delta_pp":-7.691563821337109e-05,"downloaders_without-hosting_left_share":null,"downloaders_without-hosting_right_share":null,"uploaders_all_delta_pp":null,"uploaders_all_observed_common_delta_pp":0.0,"uploaders_all_left_share":null,"uploaders_all_right_share":null,"uploaders_without-hosting_delta_pp":null,"uploaders_without-hosting_observed_common_delta_pp":0.0,"uploaders_without-hosting_left_share":null,"uploaders_without-hosting_right_share":null},"geometry":{"type":"Polygon","coordinates":[[[138.9497581080174,36.98480509396317],[138.85155492238403,37.00638253080653],[138.8225871860517,37.09152228870798],[138.8919397112642,37.1552120569125],[138.99038205328486,37.13368536550104],[139.01923231957906,37.048418123626725],[138.9497581080174,36.98480509396317]]]}},{"type":"Feature","properties":{"h3":"852e7483fffffff","countries":["JPN"],"common_intervals":20,"left_observed_intervals":20,"right_observed_intervals":20,"full_window_comparable":true,"expected_intervals":20,"downloaders_all_delta_pp":0.0002472844939226222,"downloaders_all_observed_common_delta_pp":0.0002472844939226222,"downloaders_all_left_share":0.0030958676260087067,"downloaders_all_right_share":0.0028485831320860843,"downloaders_without-hosting_delta_pp":0.00035032025990682007,"downloaders_without-hosting_observed_common_delta_pp":0.00035032025990682007,"downloaders_without-hosting_left_share":0.003681724750776251,"downloaders_without-hosting_right_share":0.0033314044908694315,"uploaders_all_delta_pp":0.0006844861217235831,"uploaders_all_observed_common_delta_pp":0.0006844861217235831,"uploaders_all_left_share":0.001199348009149795,"uploaders_all_right_share":0.000514861887426212,"uploaders_without-hosting_delta_pp":0.0010976783204117893,"uploaders_without-hosting_observed_common_delta_pp":0.0010976783204117893,"uploaders_without-hosting_left_share":0.0017447399348386335,"uploaders_without-hosting_right_share":0.0006470616144268442},"geometry":{"type":"Polygon","coordinates":[[[139.4997962815297,36.14903707094942],[139.40218682524795,36.171636289096455],[139.37398393194078,36.25726800099148],[139.4435090769232,36.32042779206185],[139.54135341312627,36.29787576331764],[139.56943734056904,36.21211671954737],[139.4997962815297,36.14903707094942]]]}},{"type":"Feature","properties":{"h3":"852e7487fffffff","countries":["JPN"],"common_intervals":15,"left_observed_intervals":16,"right_observed_intervals":18,"full_window_comparable":false,"expected_intervals":20,"downloaders_all_delta_pp":null,"downloaders_all_observed_common_delta_pp":4.738424713646767e-05,"downloaders_all_left_share":null,"downloaders_all_right_share":null,"downloaders_without-hosting_delta_pp":null,"downloaders_without-hosting_observed_common_delta_pp":6.19465615474063e-05,"downloaders_without-hosting_left_share":null,"downloaders_without-hosting_right_share":null,"uploaders_all_delta_pp":null,"uploaders_all_observed_common_delta_pp":2.7215860758855888e-05,"uploaders_all_left_share":null,"uploaders_all_right_share":null,"uploaders_without-hosting_delta_pp":null,"uploaders_without-hosting_observed_common_delta_pp":5.782145626665778e-05,"uploaders_without-hosting_left_share":null,"uploaders_without-hosting_right_share":null},"geometry":{"type":"Polygon","coordinates":[[[139.33287257590166,36.10854820210341],[139.23547176799747,36.13101206290424],[139.20715129276525,36.21651615091913],[139.2763488249943,36.2796839658878],[139.37398393194078,36.25726800099148],[139.40218682524795,36.171636289096455],[139.33287257590166,36.10854820210341]]]}},{"type":"Feature","properties":{"h3":"852e748bfffffff","countries":["JPN"],"common_intervals":20,"left_observed_intervals":20,"right_observed_intervals":20,"full_window_comparable":true,"expected_intervals":20,"downloaders_all_delta_pp":0.00021395821721106696,"downloaders_all_observed_common_delta_pp":0.00021395821721106696,"downloaders_all_left_share":0.0008987934224271712,"downloaders_all_right_share":0.0006848352052161043,"downloaders_without-hosting_delta_pp":0.0002687550610343284,"downloaders_without-hosting_observed_common_delta_pp":0.0002687550610343284,"downloaders_without-hosting_left_share":0.0010680510883964221,"downloaders_without-hosting_right_share":0.0007992960273620937,"uploaders_all_delta_pp":0.00021216834669829615,"uploaders_all_observed_common_delta_pp":0.00021216834669829615,"uploaders_all_left_share":0.00027898905718433994,"uploaders_all_right_share":6.682071048604382e-05,"uploaders_without-hosting_delta_pp":0.0003187636658835796,"uploaders_without-hosting_observed_common_delta_pp":0.0003187636658835796,"uploaders_without-hosting_left_share":0.0004080008559976393,"uploaders_without-hosting_right_share":8.923719011405965e-05},"geometry":{"type":"Polygon","coordinates":[[[139.54135341312627,36.29787576331764],[139.4435090769232,36.32042779206185],[139.41528254090468,36.40608312539432],[139.48501971348608,36.4693135488935],[139.5830999559881,36.44680871495377],[139.61120673321946,36.36102622895174],[139.54135341312627,36.29787576331764]]]}},{"type":"Feature","properties":{"h3":"852e748ffffffff","countries":["JPN"],"common_intervals":20,"left_observed_intervals":20,"right_observed_intervals":20,"full_window_comparable":true,"expected_intervals":20,"downloaders_all_delta_pp":0.0001563915323068891,"downloaders_all_observed_common_delta_pp":0.0001563915323068891,"downloaders_all_left_share":0.0015556397514897007,"downloaders_all_right_share":0.0013992482191828117,"downloaders_without-hosting_delta_pp":0.00021356473770557926,"downloaders_without-hosting_observed_common_delta_pp":0.00021356473770557926,"downloaders_without-hosting_left_share":0.0018496093806235688,"downloaders_without-hosting_right_share":0.0016360446429179898,"uploaders_all_delta_pp":0.0006687443140803407,"uploaders_all_observed_common_delta_pp":0.0006687443140803407,"uploaders_all_left_share":0.0012076763419192342,"uploaders_all_right_share":0.0005389320278388935,"uploaders_without-hosting_delta_pp":0.0010654991053000561,"uploaders_without-hosting_observed_common_delta_pp":0.0010654991053000561,"uploaders_without-hosting_left_share":0.0017453142404118879,"uploaders_without-hosting_right_share":0.0006798151351118314},"geometry":{"type":"Polygon","coordinates":[[[139.37398393194078,36.25726800099148],[139.2763488249943,36.2796839658878],[139.24800392329706,36.36521185155805],[139.3174121093266,36.42845118465406],[139.41528254090468,36.40608312539432],[139.4435090769232,36.32042779206185],[139.37398393194078,36.25726800099148]]]}},{"type":"Feature","properties":{"h3":"852e7493fffffff","countries":["JPN"],"common_intervals":20,"left_observed_intervals":20,"right_observed_intervals":20,"full_window_comparable":true,"expected_intervals":20,"downloaders_all_delta_pp":2.1765344818253692e-05,"downloaders_all_observed_common_delta_pp":2.1765344818253692e-05,"downloaders_all_left_share":0.000576270137173044,"downloaders_all_right_share":0.0005545047923547902,"downloaders_without-hosting_delta_pp":3.806545925872819e-05,"downloaders_without-hosting_observed_common_delta_pp":3.806545925872819e-05,"downloaders_without-hosting_left_share":0.0006864480410668094,"downloaders_without-hosting_right_share":0.0006483825818080813,"uploaders_all_delta_pp":-0.0002213021487632156,"uploaders_all_observed_common_delta_pp":-0.0002213021487632156,"uploaders_all_left_share":0.0,"uploaders_all_right_share":0.0002213021487632156,"uploaders_without-hosting_delta_pp":-0.00027283714690145167,"uploaders_without-hosting_observed_common_delta_pp":-0.00027283714690145167,"uploaders_without-hosting_left_share":0.0,"uploaders_without-hosting_right_share":0.00027283714690145167},"geometry":{"type":"Polygon","coordinates":[[[139.6254400956999,36.0405205031727],[139.52785724763973,36.0633025511608],[139.4997962815297,36.14903707094942],[139.56943734056904,36.21211671954737],[139.6672546182052,36.18938114209011],[139.69519602443003,36.10351941174491],[139.6254400956999,36.0405205031727]]]}},{"type":"Feature","properties":{"h3":"852e7497fffffff","countries":["JPN"],"common_intervals":20,"left_observed_intervals":20,"right_observed_intervals":20,"full_window_comparable":true,"expected_intervals":20,"downloaders_all_delta_pp":0.0001463788052135962,"downloaders_all_observed_common_delta_pp":0.0001463788052135962,"downloaders_all_left_share":0.002038727738927822,"downloaders_all_right_share":0.0018923489337142256,"downloaders_without-hosting_delta_pp":0.0002137714217186698,"downloaders_without-hosting_observed_common_delta_pp":0.0002137714217186698,"downloaders_without-hosting_left_share":0.002424317944867297,"downloaders_without-hosting_right_share":0.0022105465231486276,"uploaders_all_delta_pp":-0.00031840670722203915,"uploaders_all_observed_common_delta_pp":-0.00031840670722203915,"uploaders_all_left_share":0.0010103432403801027,"uploaders_all_right_share":0.001328749947602142,"uploaders_without-hosting_delta_pp":-0.00018584753915430638,"uploaders_without-hosting_observed_common_delta_pp":-0.00018584753915430638,"uploaders_without-hosting_left_share":0.0014875010882463683,"uploaders_without-hosting_right_share":0.0016733486274006747},"geometry":{"type":"Polygon","coordinates":[[[139.45842731845698,36.0002947919918],[139.36105172165813,36.02294118944946],[139.33287257590166,36.10854820210341],[139.40218682524795,36.171636289096455],[139.4997962815297,36.14903707094942],[139.52785724763973,36.0633025511608],[139.45842731845698,36.0002947919918]]]}},{"type":"Feature","properties":{"h3":"852e749bfffffff","countries":["JPN"],"common_intervals":20,"left_observed_intervals":20,"right_observed_intervals":20,"full_window_comparable":true,"expected_intervals":20,"downloaders_all_delta_pp":0.00010050411536554777,"downloaders_all_observed_common_delta_pp":0.00010050411536554777,"downloaders_all_left_share":0.0005549125899134321,"downloaders_all_right_share":0.00045440847454788423,"downloaders_without-hosting_delta_pp":0.000127883638264449,"downloaders_without-hosting_observed_common_delta_pp":0.000127883638264449,"downloaders_without-hosting_left_share":0.0006596325315257665,"downloaders_without-hosting_right_share":0.0005317488932613175,"uploaders_all_delta_pp":-9.192015451149472e-05,"uploaders_all_observed_common_delta_pp":-9.192015451149472e-05,"uploaders_all_left_share":1.786001321640978e-05,"uploaders_all_right_share":0.00010978016772790452,"uploaders_without-hosting_delta_pp":-0.00011594631161890396,"uploaders_without-hosting_observed_common_delta_pp":-0.00011594631161890396,"uploaders_without-hosting_left_share":2.23806774183441e-05,"uploaders_without-hosting_right_share":0.00013832698903724805},"geometry":{"type":"Polygon","coordinates":[[[139.6672546182052,36.18938114209011],[139.56943734056904,36.21211671954737],[139.54135341312627,36.29787576331764],[139.61120673321946,36.36102622895174],[139.7092594615574,36.33833712779391],[139.73722303378742,36.252451051737275],[139.6672546182052,36.18938114209011]]]}},{"type":"Feature","properties":{"h3":"852e74a3fffffff","countries":["JPN"],"common_intervals":20,"left_observed_intervals":20,"right_observed_intervals":20,"full_window_comparable":true,"expected_intervals":20,"downloaders_all_delta_pp":0.0005042042688513263,"downloaders_all_observed_common_delta_pp":0.0005042042688513263,"downloaders_all_left_share":0.0026610178954692754,"downloaders_all_right_share":0.0021568136266179485,"downloaders_without-hosting_delta_pp":0.000646532791123247,"downloaders_without-hosting_observed_common_delta_pp":0.000646532791123247,"downloaders_without-hosting_left_share":0.003165137367282047,"downloaders_without-hosting_right_share":0.0025186045761588006,"uploaders_all_delta_pp":0.0005982994268356162,"uploaders_all_observed_common_delta_pp":0.0005982994268356162,"uploaders_all_left_share":0.0008020989423783631,"uploaders_all_right_share":0.0002037995155427469,"uploaders_without-hosting_delta_pp":0.0009237503744559752,"uploaders_without-hosting_observed_common_delta_pp":0.0009237503744559752,"uploaders_without-hosting_left_share":0.0011776621828258674,"uploaders_without-hosting_right_share":0.0002539118083698924},"geometry":{"type":"Polygon","coordinates":[[[139.0408557321917,36.175622513422866],[138.94364150772049,36.19776937184361],[138.91506403173253,36.28304150738336],[138.98381599457977,36.34629476107682],[139.08126435049917,36.32419721001823],[139.10972623030324,36.238797059445865],[139.0408557321917,36.175622513422866]]]}},{"type":"Feature","properties":{"h3":"852e74a7fffffff","countries":["JPN"],"common_intervals":2,"left_observed_intervals":6,"right_observed_intervals":2,"full_window_comparable":false,"expected_intervals":20,"downloaders_all_delta_pp":null,"downloaders_all_observed_common_delta_pp":-1.0579782256580145e-05,"downloaders_all_left_share":null,"downloaders_all_right_share":null,"downloaders_without-hosting_delta_pp":null,"downloaders_without-hosting_observed_common_delta_pp":-6.403504343553167e-06,"downloaders_without-hosting_left_share":null,"downloaders_without-hosting_right_share":null,"uploaders_all_delta_pp":null,"uploaders_all_observed_common_delta_pp":0.0,"uploaders_all_left_share":null,"uploaders_all_right_share":null,"uploaders_without-hosting_delta_pp":null,"uploaders_without-hosting_observed_common_delta_pp":0.0,"uploaders_without-hosting_left_share":null,"uploaders_without-hosting_right_share":null},"geometry":{"type":"Polygon","coordinates":[[[138.87509744909718,36.134589378845845],[138.77809483457574,36.15660319208431],[138.74940313856834,36.241747040101316],[138.81782789686693,36.3050053224081],[138.91506403173253,36.28304150738336],[138.94364150772049,36.19776937184361],[138.87509744909718,36.134589378845845]]]}},{"type":"Feature","properties":{"h3":"852e74abfffffff","countries":["JPN"],"common_intervals":20,"left_observed_intervals":20,"right_observed_intervals":20,"full_window_comparable":true,"expected_intervals":20,"downloaders_all_delta_pp":0.0005301867331655586,"downloaders_all_observed_common_delta_pp":0.0005301867331655586,"downloaders_all_left_share":0.0025114896871553855,"downloaders_all_right_share":0.0019813029539898263,"downloaders_without-hosting_delta_pp":0.0006726456039761641,"downloaders_without-hosting_observed_common_delta_pp":0.0006726456039761641,"downloaders_without-hosting_left_share":0.0029865323465305105,"downloaders_without-hosting_right_share":0.0023138867425543472,"uploaders_all_delta_pp":0.0020830771619784285,"uploaders_all_observed_common_delta_pp":0.0020830771619784285,"uploaders_all_left_share":0.0031447746100910293,"uploaders_all_right_share":0.001061697448112601,"uploaders_without-hosting_delta_pp":0.0032513052267049737,"uploaders_without-hosting_observed_common_delta_pp":0.0032513052267049737,"uploaders_without-hosting_left_share":0.004564875577357637,"uploaders_without-hosting_right_share":0.001313570350652663},"geometry":{"type":"Polygon","coordinates":[[[139.08126435049917,36.32419721001823],[138.98381599457977,36.34629476107682],[138.95521263927688,36.43158996900757],[139.02417362372853,36.49491542899014],[139.1218571407839,36.472867198977546],[139.1503441278892,36.38744415025508],[139.08126435049917,36.32419721001823]]]}},{"type":"Feature","properties":{"h3":"852e74affffffff","countries":["JPN"],"common_intervals":3,"left_observed_intervals":4,"right_observed_intervals":4,"full_window_comparable":false,"expected_intervals":20,"downloaders_all_delta_pp":null,"downloaders_all_observed_common_delta_pp":2.221356341739545e-05,"downloaders_all_left_share":null,"downloaders_all_right_share":null,"downloaders_without-hosting_delta_pp":null,"downloaders_without-hosting_observed_common_delta_pp":3.093376853366171e-05,"downloaders_without-hosting_left_share":null,"downloaders_without-hosting_right_share":null,"uploaders_all_delta_pp":null,"uploaders_all_observed_common_delta_pp":-6.646019813445253e-05,"uploaders_all_left_share":null,"uploaders_all_right_share":null,"uploaders_without-hosting_delta_pp":null,"uploaders_without-hosting_observed_common_delta_pp":-9.838506725592744e-05,"uploaders_without-hosting_left_share":null,"uploaders_without-hosting_right_share":null},"geometry":{"type":"Polygon","coordinates":[[[138.91506403173253,36.28304150738336],[138.81782789686693,36.3050053224081],[138.78910955872675,36.390172414148964],[138.8577419555167,36.45350376782853],[138.95521263927688,36.43158996900757],[138.98381599457977,36.34629476107682],[138.91506403173253,36.28304150738336]]]}},{"type":"Feature","properties":{"h3":"852e74b3fffffff","countries":["JPN"],"common_intervals":6,"left_observed_intervals":11,"right_observed_intervals":10,"full_window_comparable":false,"expected_intervals":20,"downloaders_all_delta_pp":null,"downloaders_all_observed_common_delta_pp":5.639596968627759e-05,"downloaders_all_left_share":null,"downloaders_all_right_share":null,"downloaders_without-hosting_delta_pp":null,"downloaders_without-hosting_observed_common_delta_pp":7.191207247712367e-05,"downloaders_without-hosting_left_share":null,"downloaders_without-hosting_right_share":null,"uploaders_all_delta_pp":null,"uploaders_all_observed_common_delta_pp":0.0,"uploaders_all_left_share":null,"uploaders_all_right_share":null,"uploaders_without-hosting_delta_pp":null,"uploaders_without-hosting_observed_common_delta_pp":0.0,"uploaders_without-hosting_left_share":null,"uploaders_without-hosting_right_share":null},"geometry":{"type":"Polygon","coordinates":[[[139.16648376512427,36.06791682945581],[139.0692924109325,36.09024633376446],[139.0408557321917,36.175622513422866],[139.10972623030324,36.238797059445865],[139.20715129276525,36.21651615091913],[139.23547176799747,36.13101206290424],[139.16648376512427,36.06791682945581]]]}},{"type":"Feature","properties":{"h3":"852e74bbfffffff","countries":["JPN"],"common_intervals":20,"left_observed_intervals":20,"right_observed_intervals":20,"full_window_comparable":true,"expected_intervals":20,"downloaders_all_delta_pp":0.00015021863535363912,"downloaders_all_observed_common_delta_pp":0.00015021863535363912,"downloaders_all_left_share":0.0016629961890189248,"downloaders_all_right_share":0.0015127775536652856,"downloaders_without-hosting_delta_pp":0.00020954414749730686,"downloaders_without-hosting_observed_common_delta_pp":0.00020954414749730686,"downloaders_without-hosting_left_share":0.0019770161208785466,"downloaders_without-hosting_right_share":0.0017674719733812398,"uploaders_all_delta_pp":-8.918999423865845e-05,"uploaders_all_observed_common_delta_pp":-8.918999423865845e-05,"uploaders_all_left_share":0.0003694531744696553,"uploaders_all_right_share":0.0004586431687083138,"uploaders_without-hosting_delta_pp":-3.1607668200173894e-05,"uploaders_without-hosting_observed_common_delta_pp":-3.1607668200173894e-05,"uploaders_without-hosting_left_share":0.0005474824483960738,"uploaders_without-hosting_right_share":0.0005790901165962478},"geometry":{"type":"Polygon","coordinates":[[[139.20715129276525,36.21651615091913],[139.10972623030324,36.238797059445865],[139.08126435049917,36.32419721001823],[139.1503441278892,36.38744415025508],[139.24800392329706,36.36521185155805],[139.2763488249943,36.2796839658878],[139.20715129276525,36.21651615091913]]]}},{"type":"Feature","properties":{"h3":"852e74c3fffffff","countries":["JPN"],"common_intervals":20,"left_observed_intervals":20,"right_observed_intervals":20,"full_window_comparable":true,"expected_intervals":20,"downloaders_all_delta_pp":0.00022026321853845583,"downloaders_all_observed_common_delta_pp":0.00022026321853845583,"downloaders_all_left_share":0.0014049127292090706,"downloaders_all_right_share":0.001184649510670615,"downloaders_without-hosting_delta_pp":0.00028679403934737913,"downloaders_without-hosting_observed_common_delta_pp":0.00028679403934737913,"downloaders_without-hosting_left_share":0.0016713137979183733,"downloaders_without-hosting_right_share":0.0013845197585709945,"uploaders_all_delta_pp":0.0004111566902753507,"uploaders_all_observed_common_delta_pp":0.0004111566902753507,"uploaders_all_left_share":0.0010063663861034301,"uploaders_all_right_share":0.0005952096958280795,"uploaders_without-hosting_delta_pp":0.0007147658502008696,"uploaders_without-hosting_observed_common_delta_pp":0.0007147658502008696,"uploaders_without-hosting_left_share":0.001472751280012229,"uploaders_without-hosting_right_share":0.0007579854298113597},"geometry":{"type":"Polygon","coordinates":[[[139.75145588263985,36.48738629389929],[139.65316667656182,36.51002891770025],[139.6250371634066,36.59583376139853],[139.69531843218925,36.65912261385396],[139.79384514899573,36.63652646371861],[139.82185269588547,36.550594956111944],[139.75145588263985,36.48738629389929]]]}},{"type":"Feature","properties":{"h3":"852e74cbfffffff","countries":["JPN"],"common_intervals":7,"left_observed_intervals":12,"right_observed_intervals":13,"full_window_comparable":false,"expected_intervals":20,"downloaders_all_delta_pp":null,"downloaders_all_observed_common_delta_pp":4.5370779974424716e-05,"downloaders_all_left_share":null,"downloaders_all_right_share":null,"downloaders_without-hosting_delta_pp":null,"downloaders_without-hosting_observed_common_delta_pp":6.000015721202264e-05,"downloaders_without-hosting_left_share":null,"downloaders_without-hosting_right_share":null,"uploaders_all_delta_pp":null,"uploaders_all_observed_common_delta_pp":0.0,"uploaders_all_left_share":null,"uploaders_all_right_share":null,"uploaders_without-hosting_delta_pp":null,"uploaders_without-hosting_observed_common_delta_pp":0.0,"uploaders_without-hosting_left_share":null,"uploaders_without-hosting_right_share":null},"geometry":{"type":"Polygon","coordinates":[[[139.79384514899573,36.63652646371861],[139.69531843218925,36.65912261385396],[139.66716629933012,36.744948728016325],[139.7376632724251,36.80830513535002],[139.83642853893605,36.78575545040329],[139.86445788966577,36.69980286240512],[139.79384514899573,36.63652646371861]]]}},{"type":"Feature","properties":{"h3":"852e74d3fffffff","countries":["JPN"],"common_intervals":20,"left_observed_intervals":20,"right_observed_intervals":20,"full_window_comparable":true,"expected_intervals":20,"downloaders_all_delta_pp":5.80799694724596e-05,"downloaders_all_observed_common_delta_pp":5.80799694724596e-05,"downloaders_all_left_share":0.00043664719243595164,"downloaders_all_right_share":0.00037856722296349197,"downloaders_without-hosting_delta_pp":7.765045419686038e-05,"downloaders_without-hosting_observed_common_delta_pp":7.765045419686038e-05,"downloaders_without-hosting_left_share":0.000519676484778591,"downloaders_without-hosting_right_share":0.0004420260305817305,"uploaders_all_delta_pp":9.008767978573666e-05,"uploaders_all_observed_common_delta_pp":9.008767978573666e-05,"uploaders_all_left_share":0.00011359864806273717,"uploaders_all_right_share":2.3510968277000507e-05,"uploaders_without-hosting_delta_pp":0.00014209211515271876,"uploaders_without-hosting_observed_common_delta_pp":0.00014209211515271876,"uploaders_without-hosting_left_share":0.0001694018680819626,"uploaders_without-hosting_right_share":2.7309752929243857e-05},"geometry":{"type":"Polygon","coordinates":[[[139.87770176384188,36.37864977473784],[139.77944150255468,36.40147695783268],[139.75145588263985,36.48738629389929],[139.82185269588547,36.550594956111944],[139.9203499959189,36.52781352633572],[139.9482130546856,36.44177765047696],[139.87770176384188,36.37864977473784]]]}},{"type":"Feature","properties":{"h3":"852e74d7fffffff","countries":["JPN"],"common_intervals":20,"left_observed_intervals":20,"right_observed_intervals":20,"full_window_comparable":true,"expected_intervals":20,"downloaders_all_delta_pp":0.00020810480578881967,"downloaders_all_observed_common_delta_pp":0.00020810480578881967,"downloaders_all_left_share":0.0015870280879891692,"downloaders_all_right_share":0.0013789232822003492,"downloaders_without-hosting_delta_pp":0.0002748808343374406,"downloaders_without-hosting_observed_common_delta_pp":0.0002748808343374406,"downloaders_without-hosting_left_share":0.0018855588762958027,"downloaders_without-hosting_right_share":0.0016106780419583623,"uploaders_all_delta_pp":-4.4004672982221214e-05,"uploaders_all_observed_common_delta_pp":-4.4004672982221214e-05,"uploaders_all_left_share":0.00012682578837889077,"uploaders_all_right_share":0.00017083046136111198,"uploaders_without-hosting_delta_pp":-3.174740878965553e-05,"uploaders_without-hosting_observed_common_delta_pp":-3.174740878965553e-05,"uploaders_without-hosting_left_share":0.00018227036305567152,"uploaders_without-hosting_right_share":0.000214017771845327},"geometry":{"type":"Polygon","coordinates":[[[139.7092594615574,36.33833712779391],[139.61120673321946,36.36102622895174],[139.5830999559881,36.44680871495377],[139.65316667656182,36.51002891770025],[139.75145588263985,36.48738629389929],[139.77944150255468,36.40147695783268],[139.7092594615574,36.33833712779391]]]}},{"type":"Feature","properties":{"h3":"852e74dbfffffff","countries":["JPN"],"common_intervals":20,"left_observed_intervals":20,"right_observed_intervals":20,"full_window_comparable":true,"expected_intervals":20,"downloaders_all_delta_pp":0.001124029257371626,"downloaders_all_observed_common_delta_pp":0.001124029257371626,"downloaders_all_left_share":0.006608191098660438,"downloaders_all_right_share":0.0054841618412888125,"downloaders_without-hosting_delta_pp":0.0014219496544003068,"downloaders_without-hosting_observed_common_delta_pp":0.0014219496544003068,"downloaders_without-hosting_left_share":0.00770428726907813,"downloaders_without-hosting_right_share":0.006282337614677823,"uploaders_all_delta_pp":0.0004143086796124719,"uploaders_all_observed_common_delta_pp":0.0004143086796124719,"uploaders_all_left_share":0.001123888118168252,"uploaders_all_right_share":0.0007095794385557801,"uploaders_without-hosting_delta_pp":0.0006429957833819664,"uploaders_without-hosting_observed_common_delta_pp":0.0006429957833819664,"uploaders_without-hosting_left_share":0.0015450274103875415,"uploaders_without-hosting_right_share":0.0009020316270055747},"geometry":{"type":"Polygon","coordinates":[[[139.9203499959189,36.52781352633572],[139.82185269588547,36.550594956111944],[139.79384514899573,36.63652646371861],[139.86445788966577,36.69980286240512],[139.96319326193546,36.67706717787881],[139.9910774294656,36.59100931968574],[139.9203499959189,36.52781352633572]]]}},{"type":"Feature","properties":{"h3":"852e7507fffffff","countries":["JPN"],"common_intervals":20,"left_observed_intervals":20,"right_observed_intervals":20,"full_window_comparable":true,"expected_intervals":20,"downloaders_all_delta_pp":0.0003038151193558715,"downloaders_all_observed_common_delta_pp":0.0003038151193558715,"downloaders_all_left_share":0.0020879897378672566,"downloaders_all_right_share":0.0017841746185113857,"downloaders_without-hosting_delta_pp":0.00039753624347642997,"downloaders_without-hosting_observed_common_delta_pp":0.00039753624347642997,"downloaders_without-hosting_left_share":0.0024846030806101476,"downloaders_without-hosting_right_share":0.0020870668371337176,"uploaders_all_delta_pp":0.0003692808931340027,"uploaders_all_observed_common_delta_pp":0.0003692808931340027,"uploaders_all_left_share":0.0004768614798436421,"uploaders_all_right_share":0.00010758058670963931,"uploaders_without-hosting_delta_pp":0.0005660698221529222,"uploaders_without-hosting_observed_common_delta_pp":0.0005660698221529222,"uploaders_without-hosting_left_share":0.0006955728118919268,"uploaders_without-hosting_right_share":0.00012950298973900463},"geometry":{"type":"Polygon","coordinates":[[[137.9667192251254,36.18105997879882],[137.8705409512598,36.20218848646808],[137.84113048990562,36.286604676710894],[137.90800543926127,36.350021768362026],[138.00441542121226,36.328947345154695],[138.03371837056457,36.24440169838481],[137.9667192251254,36.18105997879882]]]}},{"type":"Feature","properties":{"h3":"852e751bfffffff","countries":["JPN"],"common_intervals":20,"left_observed_intervals":20,"right_observed_intervals":20,"full_window_comparable":true,"expected_intervals":20,"downloaders_all_delta_pp":0.0001109578123952241,"downloaders_all_observed_common_delta_pp":0.0001109578123952241,"downloaders_all_left_share":0.0008576673825182408,"downloaders_all_right_share":0.0007467095701230167,"downloaders_without-hosting_delta_pp":0.0001492263883221285,"downloaders_without-hosting_observed_common_delta_pp":0.0001492263883221285,"downloaders_without-hosting_left_share":0.0010201192084188567,"downloaders_without-hosting_right_share":0.000870892820096728,"uploaders_all_delta_pp":-0.0002519108215697745,"uploaders_all_observed_common_delta_pp":-0.0002519108215697745,"uploaders_all_left_share":0.0003149584949702723,"uploaders_all_right_share":0.0005668693165400468,"uploaders_without-hosting_delta_pp":-0.00027423304997815977,"uploaders_without-hosting_observed_common_delta_pp":-0.00027423304997815977,"uploaders_without-hosting_left_share":0.00043070961393574186,"uploaders_without-hosting_right_share":0.0007049426639139017},"geometry":{"type":"Polygon","coordinates":[[[138.29405009884053,36.2651007715992],[138.19743822828357,36.286486998326104],[138.16824414860818,36.37116186710877],[138.23577179458894,36.434579444997965],[138.3326167008914,36.41324597822971],[138.36170054680866,36.32844212910207],[138.29405009884053,36.2651007715992]]]}},{"type":"Feature","properties":{"h3":"852e753bfffffff","countries":["JPN"],"common_intervals":18,"left_observed_intervals":19,"right_observed_intervals":19,"full_window_comparable":false,"expected_intervals":20,"downloaders_all_delta_pp":null,"downloaders_all_observed_common_delta_pp":2.8182660872060834e-05,"downloaders_all_left_share":null,"downloaders_all_right_share":null,"downloaders_without-hosting_delta_pp":null,"downloaders_without-hosting_observed_common_delta_pp":3.9505872128316094e-05,"downloaders_without-hosting_left_share":null,"downloaders_without-hosting_right_share":null,"uploaders_all_delta_pp":null,"uploaders_all_observed_common_delta_pp":-3.282116116909512e-05,"uploaders_all_left_share":null,"uploaders_all_right_share":null,"uploaders_without-hosting_delta_pp":null,"uploaders_without-hosting_observed_common_delta_pp":-3.83608335559454e-05,"uploaders_without-hosting_left_share":null,"uploaders_without-hosting_right_share":null},"geometry":{"type":"Polygon","coordinates":[[[137.84113048990562,36.286604676710894],[137.7449389572034,36.30755109814033],[137.71539068842415,36.39185988434501],[137.7821404484494,36.455351725441005],[137.87856404248666,36.43446007905747],[137.90800543926127,36.350021768362026],[137.84113048990562,36.286604676710894]]]}},{"type":"Feature","properties":{"h3":"852e7543fffffff","countries":["JPN"],"common_intervals":4,"left_observed_intervals":7,"right_observed_intervals":11,"full_window_comparable":false,"expected_intervals":20,"downloaders_all_delta_pp":null,"downloaders_all_observed_common_delta_pp":-4.2705018242376595e-06,"downloaders_all_left_share":null,"downloaders_all_right_share":null,"downloaders_without-hosting_delta_pp":null,"downloaders_without-hosting_observed_common_delta_pp":2.320886565065747e-06,"downloaders_without-hosting_left_share":null,"downloaders_without-hosting_right_share":null,"uploaders_all_delta_pp":null,"uploaders_all_observed_common_delta_pp":0.0,"uploaders_all_left_share":null,"uploaders_all_right_share":null,"uploaders_without-hosting_delta_pp":null,"uploaders_without-hosting_observed_common_delta_pp":0.0,"uploaders_without-hosting_left_share":null,"uploaders_without-hosting_right_share":null},"geometry":{"type":"Polygon","coordinates":[[[138.37135913917894,36.56148739038304],[138.27428016191192,36.58276807136694],[138.24502717213895,36.66748546918611],[138.31296449359454,36.731050784118395],[138.4102785833112,36.70982291007995],[138.4394198553312,36.62497687116288],[138.37135913917894,36.56148739038304]]]}},{"type":"Feature","properties":{"h3":"852e7547fffffff","countries":["JPN"],"common_intervals":20,"left_observed_intervals":20,"right_observed_intervals":20,"full_window_comparable":true,"expected_intervals":20,"downloaders_all_delta_pp":0.0006250298027876887,"downloaders_all_observed_common_delta_pp":0.0006250298027876887,"downloaders_all_left_share":0.0034430321456191543,"downloaders_all_right_share":0.0028180023428314655,"downloaders_without-hosting_delta_pp":0.0007382694150455124,"downloaders_without-hosting_observed_common_delta_pp":0.0007382694150455124,"downloaders_without-hosting_left_share":0.003954719471954757,"downloaders_without-hosting_right_share":0.003216450056909244,"uploaders_all_delta_pp":0.0006067181185553969,"uploaders_all_observed_common_delta_pp":0.0006067181185553969,"uploaders_all_left_share":0.0006795837003714236,"uploaders_all_right_share":7.28655818160268e-05,"uploaders_without-hosting_delta_pp":0.0008845703778782906,"uploaders_without-hosting_observed_common_delta_pp":0.0008845703778782906,"uploaders_without-hosting_left_share":0.0009717809697393318,"uploaders_without-hosting_right_share":8.721059186104134e-05},"geometry":{"type":"Polygon","coordinates":[[[138.20654822942436,36.51927610712724],[138.1096870395615,36.54042608903636],[138.08032371466487,36.62501459852909],[138.1479315327146,36.68858196994409],[138.24502717213895,36.66748546918611],[138.27428016191192,36.58276807136694],[138.20654822942436,36.51927610712724]]]}},{"type":"Feature","properties":{"h3":"852e754bfffffff","countries":["JPN"],"common_intervals":0,"left_observed_intervals":1,"right_observed_intervals":2,"full_window_comparable":false,"expected_intervals":20,"downloaders_all_delta_pp":null,"downloaders_all_observed_common_delta_pp":null,"downloaders_all_left_share":null,"downloaders_all_right_share":null,"downloaders_without-hosting_delta_pp":null,"downloaders_without-hosting_observed_common_delta_pp":null,"downloaders_without-hosting_left_share":null,"downloaders_without-hosting_right_share":null,"uploaders_all_delta_pp":null,"uploaders_all_observed_common_delta_pp":null,"uploaders_all_left_share":null,"uploaders_all_right_share":null,"uploaders_without-hosting_delta_pp":null,"uploaders_without-hosting_observed_common_delta_pp":null,"uploaders_without-hosting_left_share":null,"uploaders_without-hosting_right_share":null},"geometry":{"type":"Polygon","coordinates":[[[138.4102785833112,36.70982291007995],[138.31296449359454,36.731050784118395],[138.28368214193515,36.8157878573787],[138.35182596299333,36.87942548010646],[138.44937621295483,36.85825042947283],[138.47854609522398,36.77338489047418],[138.4102785833112,36.70982291007995]]]}},{"type":"Feature","properties":{"h3":"852e7573fffffff","countries":["JPN"],"common_intervals":10,"left_observed_intervals":12,"right_observed_intervals":13,"full_window_comparable":false,"expected_intervals":20,"downloaders_all_delta_pp":null,"downloaders_all_observed_common_delta_pp":1.4388556555463452e-05,"downloaders_all_left_share":null,"downloaders_all_right_share":null,"downloaders_without-hosting_delta_pp":null,"downloaders_without-hosting_observed_common_delta_pp":2.098354023850094e-05,"downloaders_without-hosting_left_share":null,"downloaders_without-hosting_right_share":null,"uploaders_all_delta_pp":null,"uploaders_all_observed_common_delta_pp":0.0,"uploaders_all_left_share":null,"uploaders_all_right_share":null,"uploaders_without-hosting_delta_pp":null,"uploaders_without-hosting_observed_common_delta_pp":0.0,"uploaders_without-hosting_left_share":null,"uploaders_without-hosting_right_share":null},"geometry":{"type":"Polygon","coordinates":[[[138.04228320408714,36.47693290976593],[137.94564048232667,36.49795321417862],[137.91616819847636,36.58241259532587],[137.9834472150784,36.645980754432344],[138.08032371466487,36.62501459852909],[138.1096870395615,36.54042608903636],[138.04228320408714,36.47693290976593]]]}},{"type":"Feature","properties":{"h3":"852e758ffffffff","countries":["JPN"],"common_intervals":20,"left_observed_intervals":20,"right_observed_intervals":20,"full_window_comparable":true,"expected_intervals":20,"downloaders_all_delta_pp":4.9687993027178004e-05,"downloaders_all_observed_common_delta_pp":4.9687993027178004e-05,"downloaders_all_left_share":0.0003660353976512122,"downloaders_all_right_share":0.0003163474046240342,"downloaders_without-hosting_delta_pp":6.503171242353493e-05,"downloaders_without-hosting_observed_common_delta_pp":6.503171242353493e-05,"downloaders_without-hosting_left_share":0.0004346912209145691,"downloaders_without-hosting_right_share":0.0003696595084910342,"uploaders_all_delta_pp":0.00024048989710706765,"uploaders_all_observed_common_delta_pp":0.00024048989710706765,"uploaders_all_left_share":0.00027184061127633643,"uploaders_all_right_share":3.135071416926878e-05,"uploaders_without-hosting_delta_pp":0.0003449291376162281,"uploaders_without-hosting_observed_common_delta_pp":0.0003449291376162281,"uploaders_without-hosting_left_share":0.00038658018514007333,"uploaders_without-hosting_right_share":4.165104752384522e-05},"geometry":{"type":"Polygon","coordinates":[[[138.21743977469086,35.96910731667357],[138.12129089481365,35.990598967369635],[138.09215596154024,36.07522708728549],[138.1592783095653,36.13849281470007],[138.25565817337346,36.11705385846739],[138.28468433161618,36.03229643436981],[138.21743977469086,35.96910731667357]]]}},{"type":"Feature","properties":{"h3":"852e7593fffffff","countries":["JPN"],"common_intervals":12,"left_observed_intervals":15,"right_observed_intervals":17,"full_window_comparable":false,"expected_intervals":20,"downloaders_all_delta_pp":null,"downloaders_all_observed_common_delta_pp":4.375097310496234e-06,"downloaders_all_left_share":null,"downloaders_all_right_share":null,"downloaders_without-hosting_delta_pp":null,"downloaders_without-hosting_observed_common_delta_pp":9.712003788791239e-06,"downloaders_without-hosting_left_share":null,"downloaders_without-hosting_right_share":null,"uploaders_all_delta_pp":null,"uploaders_all_observed_common_delta_pp":0.0,"uploaders_all_left_share":null,"uploaders_all_right_share":null,"uploaders_without-hosting_delta_pp":null,"uploaders_without-hosting_observed_common_delta_pp":0.0,"uploaders_without-hosting_left_share":null,"uploaders_without-hosting_right_share":null},"geometry":{"type":"Polygon","coordinates":[[[138.46754497388926,35.756012485085016],[138.37142929673675,35.777865838353385],[138.34256974822,35.86270199925719],[138.40993552023426,35.92581389229283],[138.50628143396344,35.9040118319673],[138.5350309671175,35.81904654116751],[138.46754497388926,35.756012485085016]]]}},{"type":"Feature","properties":{"h3":"852e75abfffffff","countries":["JPN"],"common_intervals":0,"left_observed_intervals":2,"right_observed_intervals":4,"full_window_comparable":false,"expected_intervals":20,"downloaders_all_delta_pp":null,"downloaders_all_observed_common_delta_pp":null,"downloaders_all_left_share":null,"downloaders_all_right_share":null,"downloaders_without-hosting_delta_pp":null,"downloaders_without-hosting_observed_common_delta_pp":null,"downloaders_without-hosting_left_share":null,"downloaders_without-hosting_right_share":null,"uploaders_all_delta_pp":null,"uploaders_all_observed_common_delta_pp":null,"uploaders_all_left_share":null,"uploaders_all_right_share":null,"uploaders_without-hosting_delta_pp":null,"uploaders_without-hosting_observed_common_delta_pp":null,"uploaders_without-hosting_left_share":null,"uploaders_without-hosting_right_share":null},"geometry":{"type":"Polygon","coordinates":[[[137.92919348463366,36.03327287477801],[137.83324589337715,36.05445542799619],[137.8038664141053,36.13884845049669],[137.8705409512598,36.20218848646808],[137.9667192251254,36.18105997879882],[137.99599190659055,36.09653734143496],[137.92919348463366,36.03327287477801]]]}},{"type":"Feature","properties":{"h3":"852e75b3fffffff","countries":["JPN"],"common_intervals":20,"left_observed_intervals":20,"right_observed_intervals":20,"full_window_comparable":true,"expected_intervals":20,"downloaders_all_delta_pp":7.735459391523072e-05,"downloaders_all_observed_common_delta_pp":7.735459391523072e-05,"downloaders_all_left_share":0.0006717391819324953,"downloaders_all_right_share":0.0005943845880172646,"downloaders_without-hosting_delta_pp":0.00010358323226204334,"downloaders_without-hosting_observed_common_delta_pp":0.00010358323226204334,"downloaders_without-hosting_left_share":0.0007985524544464504,"downloaders_without-hosting_right_share":0.0006949692221844071,"uploaders_all_delta_pp":-2.0995367960330714e-05,"uploaders_all_observed_common_delta_pp":-2.0995367960330714e-05,"uploaders_all_left_share":6.558776604906577e-05,"uploaders_all_right_share":8.658313400939647e-05,"uploaders_without-hosting_delta_pp":-1.60714596419512e-05,"uploaders_without-hosting_observed_common_delta_pp":-1.60714596419512e-05,"uploaders_without-hosting_left_share":9.354182490103769e-05,"uploaders_without-hosting_right_share":0.00010961328454298887},"geometry":{"type":"Polygon","coordinates":[[[138.0167534864567,35.77969769697199],[137.92104907222247,35.80111461066059],[137.89183707816625,35.88558808701768],[137.95843584710295,35.94877429517264],[138.05436957421898,35.927410689360116],[138.08347485011785,35.84280751935442],[138.0167534864567,35.77969769697199]]]}},{"type":"Feature","properties":{"h3":"852e75bbfffffff","countries":["JPN"],"common_intervals":6,"left_observed_intervals":9,"right_observed_intervals":16,"full_window_comparable":false,"expected_intervals":20,"downloaders_all_delta_pp":null,"downloaders_all_observed_common_delta_pp":4.08969286909133e-05,"downloaders_all_left_share":null,"downloaders_all_right_share":null,"downloaders_without-hosting_delta_pp":null,"downloaders_without-hosting_observed_common_delta_pp":5.3673321438527914e-05,"downloaders_without-hosting_left_share":null,"downloaders_without-hosting_right_share":null,"uploaders_all_delta_pp":null,"uploaders_all_observed_common_delta_pp":-0.0002229564382064896,"uploaders_all_left_share":null,"uploaders_all_right_share":null,"uploaders_without-hosting_delta_pp":null,"uploaders_without-hosting_observed_common_delta_pp":-0.0002905138937557437,"uploaders_without-hosting_left_share":null,"uploaders_without-hosting_right_share":null},"geometry":{"type":"Polygon","coordinates":[[[138.05436957421898,35.927410689360116],[137.95843584710295,35.94877429517264],[137.92919348463366,36.03327287477801],[137.99599190659055,36.09653734143496],[138.09215596154024,36.07522708728549],[138.12129089481365,35.990598967369635],[138.05436957421898,35.927410689360116]]]}},{"type":"Feature","properties":{"h3":"852e75c3fffffff","countries":["JPN"],"common_intervals":0,"left_observed_intervals":0,"right_observed_intervals":1,"full_window_comparable":false,"expected_intervals":20,"downloaders_all_delta_pp":null,"downloaders_all_observed_common_delta_pp":null,"downloaders_all_left_share":null,"downloaders_all_right_share":null,"downloaders_without-hosting_delta_pp":null,"downloaders_without-hosting_observed_common_delta_pp":null,"downloaders_without-hosting_left_share":null,"downloaders_without-hosting_right_share":null,"uploaders_all_delta_pp":null,"uploaders_all_observed_common_delta_pp":null,"uploaders_all_left_share":null,"uploaders_all_right_share":null,"uploaders_without-hosting_delta_pp":null,"uploaders_without-hosting_observed_common_delta_pp":null,"uploaders_without-hosting_left_share":null,"uploaders_without-hosting_right_share":null},"geometry":{"type":"Polygon","coordinates":[[[138.58428180539033,36.20031609426846],[138.48747237120554,36.22201546614041],[138.4585281998323,36.30692552891366],[138.52650531301174,36.37026482233967],[138.62354804324568,36.34861683682143],[138.65237998474635,36.26357812925262],[138.58428180539033,36.20031609426846]]]}},{"type":"Feature","properties":{"h3":"852e75cffffffff","countries":["JPN"],"common_intervals":1,"left_observed_intervals":2,"right_observed_intervals":2,"full_window_comparable":false,"expected_intervals":20,"downloaders_all_delta_pp":null,"downloaders_all_observed_common_delta_pp":6.048026405423791e-05,"downloaders_all_left_share":null,"downloaders_all_right_share":null,"downloaders_without-hosting_delta_pp":null,"downloaders_without-hosting_observed_common_delta_pp":7.364107186257532e-05,"downloaders_without-hosting_left_share":null,"downloaders_without-hosting_right_share":null,"uploaders_all_delta_pp":null,"uploaders_all_observed_common_delta_pp":0.0011399129106536262,"uploaders_all_left_share":null,"uploaders_all_right_share":null,"uploaders_without-hosting_delta_pp":null,"uploaders_without-hosting_observed_common_delta_pp":0.001710717646052519,"uploaders_without-hosting_left_share":null,"uploaders_without-hosting_right_share":null},"geometry":{"type":"Polygon","coordinates":[[[138.4585281998323,36.30692552891366],[138.36170054680866,36.32844212910207],[138.3326167008914,36.41324597822971],[138.4004717317791,36.476661915614464],[138.49753307124533,36.45519740293205],[138.52650531301174,36.37026482233967],[138.4585281998323,36.30692552891366]]]}},{"type":"Feature","properties":{"h3":"852e75d7fffffff","countries":["JPN"],"common_intervals":19,"left_observed_intervals":19,"right_observed_intervals":20,"full_window_comparable":false,"expected_intervals":20,"downloaders_all_delta_pp":null,"downloaders_all_observed_common_delta_pp":0.0001286923910029353,"downloaders_all_left_share":null,"downloaders_all_right_share":null,"downloaders_without-hosting_delta_pp":null,"downloaders_without-hosting_observed_common_delta_pp":0.00016367684522135625,"downloaders_without-hosting_left_share":null,"downloaders_without-hosting_right_share":null,"uploaders_all_delta_pp":null,"uploaders_all_observed_common_delta_pp":4.7359866918428176e-05,"uploaders_all_left_share":null,"uploaders_all_right_share":null,"uploaders_without-hosting_delta_pp":null,"uploaders_without-hosting_observed_common_delta_pp":8.024553820939364e-05,"uploaders_without-hosting_left_share":null,"uploaders_without-hosting_right_share":null},"geometry":{"type":"Polygon","coordinates":[[[138.54519332502664,36.0521137287757],[138.44861616097472,36.07386446044927],[138.4197001298586,36.15875094544366],[138.48747237120554,36.22201546614041],[138.58428180539033,36.20031609426846],[138.6130863511177,36.115300798876696],[138.54519332502664,36.0521137287757]]]}},{"type":"Feature","properties":{"h3":"852e75dbfffffff","countries":["JPN"],"common_intervals":0,"left_observed_intervals":1,"right_observed_intervals":1,"full_window_comparable":false,"expected_intervals":20,"downloaders_all_delta_pp":null,"downloaders_all_observed_common_delta_pp":null,"downloaders_all_left_share":null,"downloaders_all_right_share":null,"downloaders_without-hosting_delta_pp":null,"downloaders_without-hosting_observed_common_delta_pp":null,"downloaders_without-hosting_left_share":null,"downloaders_without-hosting_right_share":null,"uploaders_all_delta_pp":null,"uploaders_all_observed_common_delta_pp":null,"uploaders_all_left_share":null,"uploaders_all_right_share":null,"uploaders_without-hosting_delta_pp":null,"uploaders_without-hosting_observed_common_delta_pp":null,"uploaders_without-hosting_left_share":null,"uploaders_without-hosting_right_share":null},"geometry":{"type":"Polygon","coordinates":[[[138.74940313856834,36.241747040101316],[138.65237998474635,36.26357812925262],[138.62354804324568,36.34861683682143],[138.6918524777743,36.41195279865467],[138.78910955872675,36.390172414148964],[138.81782789686693,36.3050053224081],[138.74940313856834,36.241747040101316]]]}},{"type":"Feature","properties":{"h3":"852e7623fffffff","countries":["JPN"],"common_intervals":0,"left_observed_intervals":2,"right_observed_intervals":0,"full_window_comparable":false,"expected_intervals":20,"downloaders_all_delta_pp":null,"downloaders_all_observed_common_delta_pp":null,"downloaders_all_left_share":null,"downloaders_all_right_share":null,"downloaders_without-hosting_delta_pp":null,"downloaders_without-hosting_observed_common_delta_pp":null,"downloaders_without-hosting_left_share":null,"downloaders_without-hosting_right_share":null,"uploaders_all_delta_pp":null,"uploaders_all_observed_common_delta_pp":null,"uploaders_all_left_share":null,"uploaders_all_right_share":null,"uploaders_without-hosting_delta_pp":null,"uploaders_without-hosting_observed_common_delta_pp":null,"uploaders_without-hosting_left_share":null,"uploaders_without-hosting_right_share":null},"geometry":{"type":"Polygon","coordinates":[[[139.1133820980792,37.580824654396544],[139.0142158730737,37.60219916639651],[138.98514104574548,37.68740040361156],[139.05535272422946,37.75135379072051],[139.15476240293245,37.7300299698521],[139.18371654456567,37.644702037217726],[139.1133820980792,37.580824654396544]]]}},{"type":"Feature","properties":{"h3":"852e7627fffffff","countries":["JPN"],"common_intervals":20,"left_observed_intervals":20,"right_observed_intervals":20,"full_window_comparable":true,"expected_intervals":20,"downloaders_all_delta_pp":2.3492511531266826e-05,"downloaders_all_observed_common_delta_pp":2.3492511531266826e-05,"downloaders_all_left_share":0.000439928140130695,"downloaders_all_right_share":0.0004164356285994282,"downloaders_without-hosting_delta_pp":3.548746790421067e-05,"downloaders_without-hosting_observed_common_delta_pp":3.548746790421067e-05,"downloaders_without-hosting_left_share":0.0005221639600589297,"downloaders_without-hosting_right_share":0.0004866764921547189,"uploaders_all_delta_pp":0.00024284857334040626,"uploaders_all_observed_common_delta_pp":0.00024284857334040626,"uploaders_all_left_share":0.00024284857334040626,"uploaders_all_right_share":0.0,"uploaders_without-hosting_delta_pp":0.0003744628469332475,"uploaders_without-hosting_observed_common_delta_pp":0.0003744628469332475,"uploaders_without-hosting_left_share":0.0003744628469332475,"uploaders_without-hosting_right_share":0.0},"geometry":{"type":"Polygon","coordinates":[[[138.94422074051528,37.53831003679321],[138.84527396216384,37.55954653965605],[138.81607990846072,37.64462079495027],[138.8859514562918,37.70858549418294],[138.98514104574548,37.68740040361156],[139.0142158730737,37.60219916639651],[138.94422074051528,37.53831003679321]]]}},{"type":"Feature","properties":{"h3":"852e763bfffffff","countries":["JPN"],"common_intervals":19,"left_observed_intervals":19,"right_observed_intervals":20,"full_window_comparable":false,"expected_intervals":20,"downloaders_all_delta_pp":null,"downloaders_all_observed_common_delta_pp":6.231655345299717e-05,"downloaders_all_left_share":null,"downloaders_all_right_share":null,"downloaders_without-hosting_delta_pp":null,"downloaders_without-hosting_observed_common_delta_pp":8.233862464071975e-05,"downloaders_without-hosting_left_share":null,"downloaders_without-hosting_right_share":null,"uploaders_all_delta_pp":null,"uploaders_all_observed_common_delta_pp":6.427490221181798e-05,"uploaders_all_left_share":null,"uploaders_all_right_share":null,"uploaders_without-hosting_delta_pp":null,"uploaders_without-hosting_observed_common_delta_pp":0.00010978766364488186,"uploaders_without-hosting_left_share":null,"uploaders_without-hosting_right_share":null},"geometry":{"type":"Polygon","coordinates":[[[139.28310138931423,37.623188446301725],[139.18371654456567,37.644702037217726],[139.15476240293245,37.7300299698521],[139.22531485067358,37.79397068096261],[139.32494378125563,37.77250705314431],[139.35377577171215,37.68705271920189],[139.28310138931423,37.623188446301725]]]}},{"type":"Feature","properties":{"h3":"852e765bfffffff","countries":["JPN"],"common_intervals":0,"left_observed_intervals":1,"right_observed_intervals":0,"full_window_comparable":false,"expected_intervals":20,"downloaders_all_delta_pp":null,"downloaders_all_observed_common_delta_pp":null,"downloaders_all_left_share":null,"downloaders_all_right_share":null,"downloaders_without-hosting_delta_pp":null,"downloaders_without-hosting_observed_common_delta_pp":null,"downloaders_without-hosting_left_share":null,"downloaders_without-hosting_right_share":null,"uploaders_all_delta_pp":null,"uploaders_all_observed_common_delta_pp":null,"uploaders_all_left_share":null,"uploaders_all_right_share":null,"uploaders_without-hosting_delta_pp":null,"uploaders_without-hosting_observed_common_delta_pp":null,"uploaders_without-hosting_left_share":null,"uploaders_without-hosting_right_share":null},"geometry":{"type":"Polygon","coordinates":[[[140.01126409056047,37.94084138684495],[139.91076700009236,37.96287503399503],[139.88228798272104,38.04871833065644],[139.95443458380998,38.1126528820041],[140.0551792737878,38.09066616899644],[140.0835293475596,38.00469794606588],[140.01126409056047,37.94084138684495]]]}},{"type":"Feature","properties":{"h3":"852e7663fffffff","countries":["JPN"],"common_intervals":16,"left_observed_intervals":16,"right_observed_intervals":20,"full_window_comparable":false,"expected_intervals":20,"downloaders_all_delta_pp":null,"downloaders_all_observed_common_delta_pp":8.134958962038375e-05,"downloaders_all_left_share":null,"downloaders_all_right_share":null,"downloaders_without-hosting_delta_pp":null,"downloaders_without-hosting_observed_common_delta_pp":0.00010275608559454908,"downloaders_without-hosting_left_share":null,"downloaders_without-hosting_right_share":null,"uploaders_all_delta_pp":null,"uploaders_all_observed_common_delta_pp":-8.091327133003294e-06,"uploaders_all_left_share":null,"uploaders_all_right_share":null,"uploaders_without-hosting_delta_pp":null,"uploaders_without-hosting_observed_common_delta_pp":-9.059625380866651e-06,"uploaders_without-hosting_left_share":null,"uploaders_without-hosting_right_share":null},"geometry":{"type":"Polygon","coordinates":[[[139.3669807418512,37.92190029567643],[139.26710663389272,37.943313990849546],[139.23810115954265,38.02866574439367],[139.3090932024053,38.092729751405656],[139.40921358581704,38.07136595338636],[139.43809523884082,37.98588822100517],[139.3669807418512,37.92190029567643]]]}},{"type":"Feature","properties":{"h3":"852e768bfffffff","countries":["JPN"],"common_intervals":0,"left_observed_intervals":1,"right_observed_intervals":2,"full_window_comparable":false,"expected_intervals":20,"downloaders_all_delta_pp":null,"downloaders_all_observed_common_delta_pp":null,"downloaders_all_left_share":null,"downloaders_all_right_share":null,"downloaders_without-hosting_delta_pp":null,"downloaders_without-hosting_observed_common_delta_pp":null,"downloaders_without-hosting_left_share":null,"downloaders_without-hosting_right_share":null,"uploaders_all_delta_pp":null,"uploaders_all_observed_common_delta_pp":null,"uploaders_all_left_share":null,"uploaders_all_right_share":null,"uploaders_without-hosting_delta_pp":null,"uploaders_without-hosting_observed_common_delta_pp":null,"uploaders_without-hosting_left_share":null,"uploaders_without-hosting_right_share":null},"geometry":{"type":"Polygon","coordinates":[[[139.83762778614505,37.34226395534251],[139.73811021448145,37.36448577438103],[139.70972130850785,37.450276055078156],[139.7809750723359,37.513970278034854],[139.88073590447533,37.491795557164195],[139.90899930761958,37.40587948722147],[139.83762778614505,37.34226395534251]]]}},{"type":"Feature","properties":{"h3":"852e76c3fffffff","countries":["JPN"],"common_intervals":1,"left_observed_intervals":3,"right_observed_intervals":3,"full_window_comparable":false,"expected_intervals":20,"downloaders_all_delta_pp":null,"downloaders_all_observed_common_delta_pp":1.084559787579997e-05,"downloaders_all_left_share":null,"downloaders_all_right_share":null,"downloaders_without-hosting_delta_pp":null,"downloaders_without-hosting_observed_common_delta_pp":1.602697839032206e-05,"downloaders_without-hosting_left_share":null,"downloaders_without-hosting_right_share":null,"uploaders_all_delta_pp":null,"uploaders_all_observed_common_delta_pp":0.0,"uploaders_all_left_share":null,"uploaders_all_right_share":null,"uploaders_without-hosting_delta_pp":null,"uploaders_without-hosting_observed_common_delta_pp":0.0,"uploaders_without-hosting_left_share":null,"uploaders_without-hosting_right_share":null},"geometry":{"type":"Polygon","coordinates":[[[140.05230285091915,37.533155404044074],[139.95232903901154,37.555473060258024],[139.92404376495838,37.64140382571893],[139.99585972048473,37.70514216178705],[140.09607844382967,37.682870817363636],[140.1242358913456,37.59681479966718],[140.05230285091915,37.533155404044074]]]}},{"type":"Feature","properties":{"h3":"852e76c7fffffff","countries":["JPN"],"common_intervals":0,"left_observed_intervals":1,"right_observed_intervals":0,"full_window_comparable":false,"expected_intervals":20,"downloaders_all_delta_pp":null,"downloaders_all_observed_common_delta_pp":null,"downloaders_all_left_share":null,"downloaders_all_right_share":null,"downloaders_without-hosting_delta_pp":null,"downloaders_without-hosting_observed_common_delta_pp":null,"downloaders_without-hosting_left_share":null,"downloaders_without-hosting_right_share":null,"uploaders_all_delta_pp":null,"uploaders_all_observed_common_delta_pp":null,"uploaders_all_left_share":null,"uploaders_all_right_share":null,"uploaders_without-hosting_delta_pp":null,"uploaders_without-hosting_observed_common_delta_pp":null,"uploaders_without-hosting_left_share":null,"uploaders_without-hosting_right_share":null},"geometry":{"type":"Polygon","coordinates":[[[139.88073590447533,37.491795557164195],[139.7809750723359,37.513970278034854],[139.75256344636162,37.59977546436038],[139.8240385970596,37.66353148186872],[139.92404376495838,37.64140382571893],[139.95232903901154,37.555473060258024],[139.88073590447533,37.491795557164195]]]}},{"type":"Feature","properties":{"h3":"852e76d7fffffff","countries":["JPN"],"common_intervals":20,"left_observed_intervals":20,"right_observed_intervals":20,"full_window_comparable":true,"expected_intervals":20,"downloaders_all_delta_pp":6.068015215833079e-05,"downloaders_all_observed_common_delta_pp":6.068015215833079e-05,"downloaders_all_left_share":0.0005241250621652258,"downloaders_all_right_share":0.00046344491000689496,"downloaders_without-hosting_delta_pp":8.196227358120813e-05,"downloaders_without-hosting_observed_common_delta_pp":8.196227358120813e-05,"downloaders_without-hosting_left_share":0.0006235951268518205,"downloaders_without-hosting_right_share":0.0005416328532706125,"uploaders_all_delta_pp":2.628448980928501e-05,"uploaders_all_observed_common_delta_pp":2.628448980928501e-05,"uploaders_all_left_share":8.789828917396233e-05,"uploaders_all_right_share":6.161379936467732e-05,"uploaders_without-hosting_delta_pp":3.9519587630199734e-05,"uploaders_without-hosting_observed_common_delta_pp":3.9519587630199734e-05,"uploaders_without-hosting_left_share":0.00012069539413944307,"uploaders_without-hosting_right_share":8.117580650924334e-05},"geometry":{"type":"Polygon","coordinates":[[[140.008729283794,37.38351548126503],[139.90899930761958,37.40587948722147],[139.88073590447533,37.491795557164195],[139.95232903901154,37.555473060258024],[140.05230285091915,37.533155404044074],[140.08043928639088,37.447113868704804],[140.008729283794,37.38351548126503]]]}},{"type":"Feature","properties":{"h3":"852ea93bfffffff","countries":["JPN"],"common_intervals":0,"left_observed_intervals":2,"right_observed_intervals":1,"full_window_comparable":false,"expected_intervals":20,"downloaders_all_delta_pp":null,"downloaders_all_observed_common_delta_pp":null,"downloaders_all_left_share":null,"downloaders_all_right_share":null,"downloaders_without-hosting_delta_pp":null,"downloaders_without-hosting_observed_common_delta_pp":null,"downloaders_without-hosting_left_share":null,"downloaders_without-hosting_right_share":null,"uploaders_all_delta_pp":null,"uploaders_all_observed_common_delta_pp":null,"uploaders_all_left_share":null,"uploaders_all_right_share":null,"uploaders_without-hosting_delta_pp":null,"uploaders_without-hosting_observed_common_delta_pp":null,"uploaders_without-hosting_left_share":null,"uploaders_without-hosting_right_share":null},"geometry":{"type":"Polygon","coordinates":[[[142.58172046932373,44.24776677946822],[142.46938692200123,44.26852394239365],[142.44066653595354,44.35422020235207],[142.5244573392399,44.41927090691683],[142.6370909264072,44.39855101731814],[142.66563311709862,44.31274317495984],[142.58172046932373,44.24776677946822]]]}},{"type":"Feature","properties":{"h3":"852ea9b7fffffff","countries":["JPN"],"common_intervals":0,"left_observed_intervals":4,"right_observed_intervals":3,"full_window_comparable":false,"expected_intervals":20,"downloaders_all_delta_pp":null,"downloaders_all_observed_common_delta_pp":null,"downloaders_all_left_share":null,"downloaders_all_right_share":null,"downloaders_without-hosting_delta_pp":null,"downloaders_without-hosting_observed_common_delta_pp":null,"downloaders_without-hosting_left_share":null,"downloaders_without-hosting_right_share":null,"uploaders_all_delta_pp":null,"uploaders_all_observed_common_delta_pp":null,"uploaders_all_left_share":null,"uploaders_all_right_share":null,"uploaders_without-hosting_delta_pp":null,"uploaders_without-hosting_observed_common_delta_pp":null,"uploaders_without-hosting_left_share":null,"uploaders_without-hosting_right_share":null},"geometry":{"type":"Polygon","coordinates":[[[142.55716797660065,43.68819122804416],[142.44578968769991,43.709281140422284],[142.41728543937074,43.79522422572954],[142.50033396056392,43.86018994235595],[142.61200729357287,43.83913748719273],[142.6403365216717,43.753081880544585],[142.55716797660065,43.68819122804416]]]}},{"type":"Feature","properties":{"h3":"852ead0bfffffff","countries":["JPN"],"common_intervals":20,"left_observed_intervals":20,"right_observed_intervals":20,"full_window_comparable":true,"expected_intervals":20,"downloaders_all_delta_pp":2.4270184316124744e-05,"downloaders_all_observed_common_delta_pp":2.4270184316124744e-05,"downloaders_all_left_share":0.0007290734063240436,"downloaders_all_right_share":0.000704803222007919,"downloaders_without-hosting_delta_pp":4.015005757548045e-05,"downloaders_without-hosting_observed_common_delta_pp":4.015005757548045e-05,"downloaders_without-hosting_left_share":0.0008650833318409856,"downloaders_without-hosting_right_share":0.0008249332742655052,"uploaders_all_delta_pp":0.0,"uploaders_all_observed_common_delta_pp":0.0,"uploaders_all_left_share":0.0,"uploaders_all_right_share":0.0,"uploaders_without-hosting_delta_pp":0.0,"uploaders_without-hosting_observed_common_delta_pp":0.0,"uploaders_without-hosting_left_share":0.0,"uploaders_without-hosting_right_share":0.0},"geometry":{"type":"Polygon","coordinates":[[[143.95613527082995,43.57599429306489],[143.84385724582205,43.59866811004859],[143.81680863177647,43.68559564350687],[143.90222417931923,43.74995889537035],[144.01479650321062,43.727315511513886],[144.04165844515052,43.640278478335645],[143.95613527082995,43.57599429306489]]]}},{"type":"Feature","properties":{"h3":"852ead47fffffff","countries":["JPN"],"common_intervals":18,"left_observed_intervals":18,"right_observed_intervals":20,"full_window_comparable":false,"expected_intervals":20,"downloaders_all_delta_pp":null,"downloaders_all_observed_common_delta_pp":4.1349808779902195e-05,"downloaders_all_left_share":null,"downloaders_all_right_share":null,"downloaders_without-hosting_delta_pp":null,"downloaders_without-hosting_observed_common_delta_pp":5.5514362579078494e-05,"downloaders_without-hosting_left_share":null,"downloaders_without-hosting_right_share":null,"uploaders_all_delta_pp":null,"uploaders_all_observed_common_delta_pp":5.127004145663918e-05,"uploaders_all_left_share":null,"uploaders_all_right_share":null,"uploaders_without-hosting_delta_pp":null,"uploaders_without-hosting_observed_common_delta_pp":9.145441285976266e-05,"uploaders_without-hosting_left_share":null,"uploaders_without-hosting_right_share":null},"geometry":{"type":"Polygon","coordinates":[[[144.01479650321062,43.727315511513886],[143.90222417931923,43.74995889537035],[143.87517497843254,43.836854766901624],[143.96088557966573,43.90121641952492],[144.07375350957872,43.87860316351579],[144.1006146932507,43.79159816397732],[144.01479650321062,43.727315511513886]]]}},{"type":"Feature","properties":{"h3":"852ee6c3fffffff","countries":["JPN"],"common_intervals":1,"left_observed_intervals":4,"right_observed_intervals":3,"full_window_comparable":false,"expected_intervals":20,"downloaders_all_delta_pp":null,"downloaders_all_observed_common_delta_pp":1.0500504885578926e-05,"downloaders_all_left_share":null,"downloaders_all_right_share":null,"downloaders_without-hosting_delta_pp":null,"downloaders_without-hosting_observed_common_delta_pp":9.980902428201105e-06,"downloaders_without-hosting_left_share":null,"downloaders_without-hosting_right_share":null,"uploaders_all_delta_pp":null,"uploaders_all_observed_common_delta_pp":0.0,"uploaders_all_left_share":null,"uploaders_all_right_share":null,"uploaders_without-hosting_delta_pp":null,"uploaders_without-hosting_observed_common_delta_pp":0.0,"uploaders_without-hosting_left_share":null,"uploaders_without-hosting_right_share":null},"geometry":{"type":"Polygon","coordinates":[[[140.40240532714344,42.48660256155528],[140.2948327845404,42.50618235647846],[140.26479766756964,42.591103064570184],[140.34248478957613,42.65656243894689],[140.45033982419676,42.63703053936262],[140.48022473824847,42.551991366727435],[140.40240532714344,42.48660256155528]]]}},{"type":"Feature","properties":{"h3":"852ef493fffffff","countries":["JPN"],"common_intervals":2,"left_observed_intervals":5,"right_observed_intervals":5,"full_window_comparable":false,"expected_intervals":20,"downloaders_all_delta_pp":null,"downloaders_all_observed_common_delta_pp":-2.6378901906738215e-06,"downloaders_all_left_share":null,"downloaders_all_right_share":null,"downloaders_without-hosting_delta_pp":null,"downloaders_without-hosting_observed_common_delta_pp":-2.849777189140043e-06,"downloaders_without-hosting_left_share":null,"downloaders_without-hosting_right_share":null,"uploaders_all_delta_pp":null,"uploaders_all_observed_common_delta_pp":0.0,"uploaders_all_left_share":null,"uploaders_all_right_share":null,"uploaders_without-hosting_delta_pp":null,"uploaders_without-hosting_observed_common_delta_pp":0.0,"uploaders_without-hosting_left_share":null,"uploaders_without-hosting_right_share":null},"geometry":{"type":"Polygon","coordinates":[[[141.92380920273794,43.40501497956995],[141.81342127547256,43.42560723578441],[141.78441764096902,43.51123993565128],[141.8659693614188,43.576394659991465],[141.97664943036312,43.55584300436988],[142.0054851049523,43.47009603877568],[141.92380920273794,43.40501497956995]]]}},{"type":"Feature","properties":{"h3":"852f580bfffffff","countries":["JPN"],"common_intervals":0,"left_observed_intervals":2,"right_observed_intervals":2,"full_window_comparable":false,"expected_intervals":20,"downloaders_all_delta_pp":null,"downloaders_all_observed_common_delta_pp":null,"downloaders_all_left_share":null,"downloaders_all_right_share":null,"downloaders_without-hosting_delta_pp":null,"downloaders_without-hosting_observed_common_delta_pp":null,"downloaders_without-hosting_left_share":null,"downloaders_without-hosting_right_share":null,"uploaders_all_delta_pp":null,"uploaders_all_observed_common_delta_pp":null,"uploaders_all_left_share":null,"uploaders_all_right_share":null,"uploaders_without-hosting_delta_pp":null,"uploaders_without-hosting_observed_common_delta_pp":null,"uploaders_without-hosting_left_share":null,"uploaders_without-hosting_right_share":null},"geometry":{"type":"Polygon","coordinates":[[[139.91501348908932,34.86053766941678],[139.81869461936623,34.8842641743684],[139.79130360132535,34.97024264844697],[139.86034903864666,35.03262206475408],[139.95689556614755,35.00893902538598],[139.98416863214484,34.92283306978854],[139.91501348908932,34.86053766941678]]]}},{"type":"Feature","properties":{"h3":"852f5837fffffff","countries":["JPN"],"common_intervals":14,"left_observed_intervals":16,"right_observed_intervals":16,"full_window_comparable":false,"expected_intervals":20,"downloaders_all_delta_pp":null,"downloaders_all_observed_common_delta_pp":5.6942908606665334e-05,"downloaders_all_left_share":null,"downloaders_all_right_share":null,"downloaders_without-hosting_delta_pp":null,"downloaders_without-hosting_observed_common_delta_pp":7.069260435425011e-05,"downloaders_without-hosting_left_share":null,"downloaders_without-hosting_right_share":null,"uploaders_all_delta_pp":null,"uploaders_all_observed_common_delta_pp":0.0,"uploaders_all_left_share":null,"uploaders_all_right_share":null,"uploaders_without-hosting_delta_pp":null,"uploaders_without-hosting_observed_common_delta_pp":0.0,"uploaders_without-hosting_left_share":null,"uploaders_without-hosting_right_share":null},"geometry":{"type":"Polygon","coordinates":[[[139.3806796164093,34.596483149324975],[139.2851853265097,34.61985830367134],[139.25747158667562,34.70541753498981],[139.32536503945767,34.767730070691165],[139.4210844176351,34.74440040539401],[139.44868489469025,34.65871267566652],[139.3806796164093,34.596483149324975]]]}},{"type":"Feature","properties":{"h3":"852f5843fffffff","countries":["JPN"],"common_intervals":0,"left_observed_intervals":1,"right_observed_intervals":0,"full_window_comparable":false,"expected_intervals":20,"downloaders_all_delta_pp":null,"downloaders_all_observed_common_delta_pp":null,"downloaders_all_left_share":null,"downloaders_all_right_share":null,"downloaders_without-hosting_delta_pp":null,"downloaders_without-hosting_observed_common_delta_pp":null,"downloaders_without-hosting_left_share":null,"downloaders_without-hosting_right_share":null,"uploaders_all_delta_pp":null,"uploaders_all_observed_common_delta_pp":null,"uploaders_all_left_share":null,"uploaders_all_right_share":null,"uploaders_without-hosting_delta_pp":null,"uploaders_without-hosting_observed_common_delta_pp":null,"uploaders_without-hosting_left_share":null,"uploaders_without-hosting_right_share":null},"geometry":{"type":"Polygon","coordinates":[[[140.12300370391677,35.04749355168721],[140.02625847070166,35.07131145576966],[139.99896531017353,35.157450791175066],[140.06853707100217,35.2198992077259],[140.1655114497606,35.19612409201522],[140.1926845521089,35.10985773936883],[140.12300370391677,35.04749355168721]]]}},{"type":"Feature","properties":{"h3":"852f5857fffffff","countries":["JPN"],"common_intervals":0,"left_observed_intervals":1,"right_observed_intervals":2,"full_window_comparable":false,"expected_intervals":20,"downloaders_all_delta_pp":null,"downloaders_all_observed_common_delta_pp":null,"downloaders_all_left_share":null,"downloaders_all_right_share":null,"downloaders_without-hosting_delta_pp":null,"downloaders_without-hosting_observed_common_delta_pp":null,"downloaders_without-hosting_left_share":null,"downloaders_without-hosting_right_share":null,"uploaders_all_delta_pp":null,"uploaders_all_observed_common_delta_pp":null,"uploaders_all_left_share":null,"uploaders_all_right_share":null,"uploaders_without-hosting_delta_pp":null,"uploaders_without-hosting_observed_common_delta_pp":null,"uploaders_without-hosting_left_share":null,"uploaders_without-hosting_right_share":null},"geometry":{"type":"Polygon","coordinates":[[[140.08068569214515,34.89897240287466],[139.98416863214484,34.92283306978854],[139.95689556614755,35.00893902538598],[140.02625847070166,35.07131145576966],[140.12300370391677,35.04749355168721],[140.15015749168361,34.96126042162348],[140.08068569214515,34.89897240287466]]]}},{"type":"Feature","properties":{"h3":"852f5863fffffff","countries":["JPN"],"common_intervals":1,"left_observed_intervals":5,"right_observed_intervals":1,"full_window_comparable":false,"expected_intervals":20,"downloaders_all_delta_pp":null,"downloaders_all_observed_common_delta_pp":-2.902583824836791e-05,"downloaders_all_left_share":null,"downloaders_all_right_share":null,"downloaders_without-hosting_delta_pp":null,"downloaders_without-hosting_observed_common_delta_pp":-3.580548012226402e-05,"downloaders_without-hosting_left_share":null,"downloaders_without-hosting_right_share":null,"uploaders_all_delta_pp":null,"uploaders_all_observed_common_delta_pp":0.0,"uploaders_all_left_share":null,"uploaders_all_right_share":null,"uploaders_without-hosting_delta_pp":null,"uploaders_without-hosting_observed_common_delta_pp":0.0,"uploaders_without-hosting_left_share":null,"uploaders_without-hosting_right_share":null},"geometry":{"type":"Polygon","coordinates":[[[139.6674273457129,35.079676149044396],[139.5710531712458,35.10304741177425],[139.5433855468599,35.188836636926936],[139.6122085574861,35.25138233622218],[139.70881127708452,35.228055997367356],[139.73636207243874,35.14213899936495],[139.6674273457129,35.079676149044396]]]}},{"type":"Feature","properties":{"h3":"852f586bfffffff","countries":["JPN"],"common_intervals":20,"left_observed_intervals":20,"right_observed_intervals":20,"full_window_comparable":true,"expected_intervals":20,"downloaders_all_delta_pp":0.0003384611929477197,"downloaders_all_observed_common_delta_pp":0.0003384611929477197,"downloaders_all_left_share":0.001877613075207548,"downloaders_all_right_share":0.0015391518822598282,"downloaders_without-hosting_delta_pp":0.0004368459973152046,"downloaders_without-hosting_observed_common_delta_pp":0.0004368459973152046,"downloaders_without-hosting_left_share":0.0022345152704747037,"downloaders_without-hosting_right_share":0.0017976692731594991,"uploaders_all_delta_pp":0.0005906415537234465,"uploaders_all_observed_common_delta_pp":0.0005906415537234465,"uploaders_all_left_share":0.0009185742245682305,"uploaders_all_right_share":0.0003279326708447839,"uploaders_without-hosting_delta_pp":0.0009435022966835172,"uploaders_without-hosting_observed_common_delta_pp":0.0009435022966835172,"uploaders_without-hosting_left_share":0.0013464290688243665,"uploaders_without-hosting_right_share":0.00040292677214084883},"geometry":{"type":"Polygon","coordinates":[[[139.70881127708452,35.228055997367356],[139.6122085574861,35.25138233622218],[139.58451876127745,35.337203268933855],[139.65354890987163,35.399825444213576],[139.7503811567371,35.37654405851031],[139.77795335686497,35.29059550914456],[139.70881127708452,35.228055997367356]]]}},{"type":"Feature","properties":{"h3":"852f586ffffffff","countries":["JPN"],"common_intervals":20,"left_observed_intervals":20,"right_observed_intervals":20,"full_window_comparable":true,"expected_intervals":20,"downloaders_all_delta_pp":0.0006413164107953826,"downloaders_all_observed_common_delta_pp":0.0006413164107953826,"downloaders_all_left_share":0.004889932826951607,"downloaders_all_right_share":0.004248616416156224,"downloaders_without-hosting_delta_pp":0.0008477646904276671,"downloaders_without-hosting_observed_common_delta_pp":0.0008477646904276671,"downloaders_without-hosting_left_share":0.005817770834850158,"downloaders_without-hosting_right_share":0.00497000614442249,"uploaders_all_delta_pp":0.0011957871137117419,"uploaders_all_observed_common_delta_pp":0.0011957871137117419,"uploaders_all_left_share":0.0014132146194785406,"uploaders_all_right_share":0.0002174275057667991,"uploaders_without-hosting_delta_pp":0.001766371791663274,"uploaders_without-hosting_observed_common_delta_pp":0.001766371791663274,"uploaders_without-hosting_left_share":0.002041599559798158,"uploaders_without-hosting_right_share":0.00027522776813488454},"geometry":{"type":"Polygon","coordinates":[[[139.5433855468599,35.188836636926936],[139.4469850927111,35.21202957269399],[139.41917903778682,35.29772259518213],[139.48788932622497,35.360350555339956],[139.58451876127745,35.337203268933855],[139.6122085574861,35.25138233622218],[139.5433855468599,35.188836636926936]]]}},{"type":"Feature","properties":{"h3":"852f5923fffffff","countries":["JPN"],"common_intervals":0,"left_observed_intervals":1,"right_observed_intervals":3,"full_window_comparable":false,"expected_intervals":20,"downloaders_all_delta_pp":null,"downloaders_all_observed_common_delta_pp":null,"downloaders_all_left_share":null,"downloaders_all_right_share":null,"downloaders_without-hosting_delta_pp":null,"downloaders_without-hosting_observed_common_delta_pp":null,"downloaders_without-hosting_left_share":null,"downloaders_without-hosting_right_share":null,"uploaders_all_delta_pp":null,"uploaders_all_observed_common_delta_pp":null,"uploaders_all_left_share":null,"uploaders_all_right_share":null,"uploaders_without-hosting_delta_pp":null,"uploaders_without-hosting_observed_common_delta_pp":null,"uploaders_without-hosting_left_share":null,"uploaders_without-hosting_right_share":null},"geometry":{"type":"Polygon","coordinates":[[[138.28662613362064,34.4688308065087],[138.19233168872987,34.491267319778544],[138.16383299339557,34.57595572843284],[138.2297333595545,34.63833771943246],[138.32424979696245,34.615951347024925],[138.35264352363492,34.53113279348749],[138.28662613362064,34.4688308065087]]]}},{"type":"Feature","properties":{"h3":"852f592bfffffff","countries":["JPN"],"common_intervals":0,"left_observed_intervals":4,"right_observed_intervals":2,"full_window_comparable":false,"expected_intervals":20,"downloaders_all_delta_pp":null,"downloaders_all_observed_common_delta_pp":null,"downloaders_all_left_share":null,"downloaders_all_right_share":null,"downloaders_without-hosting_delta_pp":null,"downloaders_without-hosting_observed_common_delta_pp":null,"downloaders_without-hosting_left_share":null,"downloaders_without-hosting_right_share":null,"uploaders_all_delta_pp":null,"uploaders_all_observed_common_delta_pp":null,"uploaders_all_left_share":null,"uploaders_all_right_share":null,"uploaders_without-hosting_delta_pp":null,"uploaders_without-hosting_observed_common_delta_pp":null,"uploaders_without-hosting_left_share":null,"uploaders_without-hosting_right_share":null},"geometry":{"type":"Polygon","coordinates":[[[138.32424979696245,34.615951347024925],[138.2297333595545,34.63833771943246],[138.20120655179574,34.72306103934742],[138.26730148234054,34.78552795837005],[138.36204087481173,34.763191797789744],[138.3904620272961,34.6783384577503],[138.32424979696245,34.615951347024925]]]}},{"type":"Feature","properties":{"h3":"852f592ffffffff","countries":["JPN"],"common_intervals":3,"left_observed_intervals":12,"right_observed_intervals":7,"full_window_comparable":false,"expected_intervals":20,"downloaders_all_delta_pp":null,"downloaders_all_observed_common_delta_pp":-2.6369009303607297e-05,"downloaders_all_left_share":null,"downloaders_all_right_share":null,"downloaders_without-hosting_delta_pp":null,"downloaders_without-hosting_observed_common_delta_pp":-2.8236055925853824e-05,"downloaders_without-hosting_left_share":null,"downloaders_without-hosting_right_share":null,"uploaders_all_delta_pp":null,"uploaders_all_observed_common_delta_pp":0.0006097135342275007,"uploaders_all_left_share":null,"uploaders_all_right_share":null,"uploaders_without-hosting_delta_pp":null,"uploaders_without-hosting_observed_common_delta_pp":0.0008907715397720601,"uploaders_without-hosting_left_share":null,"uploaders_without-hosting_right_share":null},"geometry":{"type":"Polygon","coordinates":[[[138.16383299339557,34.57595572843284],[138.06952342809922,34.59821760537838],[138.0408922417723,34.68281067555915],[138.10667464651513,34.745272068499325],[138.20120655179574,34.72306103934742],[138.2297333595545,34.63833771943246],[138.16383299339557,34.57595572843284]]]}},{"type":"Feature","properties":{"h3":"852f594bfffffff","countries":["JPN"],"common_intervals":1,"left_observed_intervals":1,"right_observed_intervals":1,"full_window_comparable":false,"expected_intervals":20,"downloaders_all_delta_pp":null,"downloaders_all_observed_common_delta_pp":2.4633183683885504e-05,"downloaders_all_left_share":null,"downloaders_all_right_share":null,"downloaders_without-hosting_delta_pp":null,"downloaders_without-hosting_observed_common_delta_pp":3.232270311570546e-05,"downloaders_without-hosting_left_share":null,"downloaders_without-hosting_right_share":null,"uploaders_all_delta_pp":null,"uploaders_all_observed_common_delta_pp":0.0,"uploaders_all_left_share":null,"uploaders_all_right_share":null,"uploaders_without-hosting_delta_pp":null,"uploaders_without-hosting_observed_common_delta_pp":0.0,"uploaders_without-hosting_left_share":null,"uploaders_without-hosting_right_share":null},"geometry":{"type":"Polygon","coordinates":[[[139.01057754335366,34.922476328781094],[138.91501491420715,34.94532245415346],[138.88689320937877,35.03059775681535],[138.9544453160305,35.093155782497334],[139.05023425099304,35.070357310290575],[139.07824441066506,34.98495311715865],[139.01057754335366,34.922476328781094]]]}},{"type":"Feature","properties":{"h3":"852f5957fffffff","countries":["JPN"],"common_intervals":9,"left_observed_intervals":11,"right_observed_intervals":14,"full_window_comparable":false,"expected_intervals":20,"downloaders_all_delta_pp":null,"downloaders_all_observed_common_delta_pp":4.879362137713565e-05,"downloaders_all_left_share":null,"downloaders_all_right_share":null,"downloaders_without-hosting_delta_pp":null,"downloaders_without-hosting_observed_common_delta_pp":6.277610657765916e-05,"downloaders_without-hosting_left_share":null,"downloaders_without-hosting_right_share":null,"uploaders_all_delta_pp":null,"uploaders_all_observed_common_delta_pp":0.0002538609070704071,"uploaders_all_left_share":null,"uploaders_all_right_share":null,"uploaders_without-hosting_delta_pp":null,"uploaders_without-hosting_observed_common_delta_pp":0.00037945839902706866,"uploaders_without-hosting_left_share":null,"uploaders_without-hosting_right_share":null},"geometry":{"type":"Polygon","coordinates":[[[138.93179266536941,34.62705905343597],[138.83667973361824,34.65000032971378],[138.8086085797658,34.735207886475926],[138.87576009794444,34.79760329033073],[138.9710973945617,34.774709562161895],[138.99905845000944,34.689372838556864],[138.93179266536941,34.62705905343597]]]}},{"type":"Feature","properties":{"h3":"852f595bfffffff","countries":["JPN"],"common_intervals":0,"left_observed_intervals":2,"right_observed_intervals":1,"full_window_comparable":false,"expected_intervals":20,"downloaders_all_delta_pp":null,"downloaders_all_observed_common_delta_pp":null,"downloaders_all_left_share":null,"downloaders_all_right_share":null,"downloaders_without-hosting_delta_pp":null,"downloaders_without-hosting_observed_common_delta_pp":null,"downloaders_without-hosting_left_share":null,"downloaders_without-hosting_right_share":null,"uploaders_all_delta_pp":null,"uploaders_all_observed_common_delta_pp":null,"uploaders_all_left_share":null,"uploaders_all_right_share":null,"uploaders_without-hosting_delta_pp":null,"uploaders_without-hosting_observed_common_delta_pp":null,"uploaders_without-hosting_left_share":null,"uploaders_without-hosting_right_share":null},"geometry":{"type":"Polygon","coordinates":[[[139.1341039503976,34.81408242768554],[139.03856319392258,34.83710534605113],[139.01057754335366,34.922476328781094],[139.07824441066506,34.98495311715865],[139.1740110724037,34.961977133103254],[139.2018845996474,34.876477385074914],[139.1341039503976,34.81408242768554]]]}},{"type":"Feature","properties":{"h3":"852f5967fffffff","countries":["JPN"],"common_intervals":20,"left_observed_intervals":20,"right_observed_intervals":20,"full_window_comparable":true,"expected_intervals":20,"downloaders_all_delta_pp":0.0001607767794403596,"downloaders_all_observed_common_delta_pp":0.0001607767794403596,"downloaders_all_left_share":0.0022078973033702173,"downloaders_all_right_share":0.002047120523929858,"downloaders_without-hosting_delta_pp":0.00023204809511670528,"downloaders_without-hosting_observed_common_delta_pp":0.00023204809511670528,"downloaders_without-hosting_left_share":0.0026253664069504157,"downloaders_without-hosting_right_share":0.0023933183118337105,"uploaders_all_delta_pp":0.0008123030616104752,"uploaders_all_observed_common_delta_pp":0.0008123030616104752,"uploaders_all_left_share":0.0013093859580538894,"uploaders_all_right_share":0.0004970828964434141,"uploaders_without-hosting_delta_pp":0.0012846999955468134,"uploaders_without-hosting_observed_common_delta_pp":0.0012846999955468134,"uploaders_without-hosting_left_share":0.0019163886708904745,"uploaders_without-hosting_right_share":0.000631688675343661},"geometry":{"type":"Polygon","coordinates":[[[138.36204087481173,34.763191797789744],[138.26730148234054,34.78552795837005],[138.2387466185602,34.87028516106679],[138.30503713821017,34.932836046574785],[138.40000045397775,34.91055016455878],[138.42844897008234,34.82566307052916],[138.36204087481173,34.763191797789744]]]}},{"type":"Feature","properties":{"h3":"852f596ffffffff","countries":["JPN"],"common_intervals":20,"left_observed_intervals":20,"right_observed_intervals":20,"full_window_comparable":true,"expected_intervals":20,"downloaders_all_delta_pp":0.001354106844141798,"downloaders_all_observed_common_delta_pp":0.001354106844141798,"downloaders_all_left_share":0.006886164689031535,"downloaders_all_right_share":0.005532057844889735,"downloaders_without-hosting_delta_pp":0.0017260611363902102,"downloaders_without-hosting_observed_common_delta_pp":0.0017260611363902102,"downloaders_without-hosting_left_share":0.008191862571811762,"downloaders_without-hosting_right_share":0.0064658014354215506,"uploaders_all_delta_pp":0.0011529572801427636,"uploaders_all_observed_common_delta_pp":0.0011529572801427636,"uploaders_all_left_share":0.001964010901564545,"uploaders_all_right_share":0.0008110536214217817,"uploaders_without-hosting_delta_pp":0.0018389112318572317,"uploaders_without-hosting_observed_common_delta_pp":0.0018389112318572317,"uploaders_without-hosting_left_share":0.0028659731525162045,"uploaders_without-hosting_right_share":0.001027061920658973},"geometry":{"type":"Polygon","coordinates":[[[138.40000045397775,34.91055016455878],[138.30503713821017,34.932836046574785],[138.2764542764796,35.01762609995639],[138.342941417368,35.08025998257634],[138.43812963039142,35.0580244415934],[138.4666054461972,34.97310462969337],[138.40000045397775,34.91055016455878]]]}},{"type":"Feature","properties":{"h3":"852f5a03fffffff","countries":["JPN"],"common_intervals":20,"left_observed_intervals":20,"right_observed_intervals":20,"full_window_comparable":true,"expected_intervals":20,"downloaders_all_delta_pp":0.0023234859378458337,"downloaders_all_observed_common_delta_pp":0.0023234859378458337,"downloaders_all_left_share":0.01648874406822451,"downloaders_all_right_share":0.014165258130378671,"downloaders_without-hosting_delta_pp":0.00012705776506546196,"downloaders_without-hosting_observed_common_delta_pp":0.00012705776506546196,"downloaders_without-hosting_left_share":0.00113936592924507,"downloaders_without-hosting_right_share":0.0010123081641796085,"uploaders_all_delta_pp":0.0001778102500651677,"uploaders_all_observed_common_delta_pp":0.0001778102500651677,"uploaders_all_left_share":0.0018403424722348329,"uploaders_all_right_share":0.0016625322221696652,"uploaders_without-hosting_delta_pp":-5.903137731774948e-05,"uploaders_without-hosting_observed_common_delta_pp":-5.903137731774948e-05,"uploaders_without-hosting_left_share":0.00022436018451609395,"uploaders_without-hosting_right_share":0.0002833915618338434},"geometry":{"type":"Polygon","coordinates":[[[140.16914547918145,35.752559438865006],[140.07144597239602,35.7760247935683],[140.04393156429828,35.86218836506505],[140.11423896072444,35.9250130475138],[140.21217204029364,35.90159126943032],[140.23956376983287,35.815301202548596],[140.16914547918145,35.752559438865006]]]}},{"type":"Feature","properties":{"h3":"852f5a07fffffff","countries":["JPN"],"common_intervals":20,"left_observed_intervals":20,"right_observed_intervals":20,"full_window_comparable":true,"expected_intervals":20,"downloaders_all_delta_pp":0.0020098521658945224,"downloaders_all_observed_common_delta_pp":0.0020098521658945224,"downloaders_all_left_share":0.01359092013554459,"downloaders_all_right_share":0.011581067969650067,"downloaders_without-hosting_delta_pp":0.002630637784766337,"downloaders_without-hosting_observed_common_delta_pp":0.002630637784766337,"downloaders_without-hosting_left_share":0.016162766471961146,"downloaders_without-hosting_right_share":0.013532128687194809,"uploaders_all_delta_pp":0.0020220305017651474,"uploaders_all_observed_common_delta_pp":0.0020220305017651474,"uploaders_all_left_share":0.0031574611428594017,"uploaders_all_right_share":0.0011354306410942545,"uploaders_without-hosting_delta_pp":0.003018474196501663,"uploaders_without-hosting_observed_common_delta_pp":0.003018474196501663,"uploaders_without-hosting_left_share":0.0044503032922409026,"uploaders_without-hosting_right_share":0.0014318290957392392},"geometry":{"type":"Polygon","coordinates":[[[140.00135169455066,35.71327166080734],[139.9038543695014,35.736599553312075],[139.87621865648555,35.822636311420816],[139.9462011939323,35.885471959072575],[140.04393156429828,35.86218836506505],[140.07144597239602,35.7760247935683],[140.00135169455066,35.71327166080734]]]}},{"type":"Feature","properties":{"h3":"852f5a0bfffffff","countries":["JPN"],"common_intervals":20,"left_observed_intervals":20,"right_observed_intervals":20,"full_window_comparable":true,"expected_intervals":20,"downloaders_all_delta_pp":0.0003002413091256231,"downloaders_all_observed_common_delta_pp":0.0003002413091256231,"downloaders_all_left_share":0.0012966221422004418,"downloaders_all_right_share":0.0009963808330748186,"downloaders_without-hosting_delta_pp":0.0003785722907370809,"downloaders_without-hosting_observed_common_delta_pp":0.0003785722907370809,"downloaders_without-hosting_left_share":0.0015436450789090578,"downloaders_without-hosting_right_share":0.0011650727881719768,"uploaders_all_delta_pp":6.110730075263658e-05,"uploaders_all_observed_common_delta_pp":6.110730075263658e-05,"uploaders_all_left_share":0.00014650321327186992,"uploaders_all_right_share":8.539591251923337e-05,"uploaders_without-hosting_delta_pp":9.661289940488506e-05,"uploaders_without-hosting_observed_common_delta_pp":9.661289940488506e-05,"uploaders_without-hosting_left_share":0.00020645929843923294,"uploaders_without-hosting_right_share":0.00010984639903434791},"geometry":{"type":"Polygon","coordinates":[[[140.21217204029364,35.90159126943032],[140.11423896072444,35.9250130475138],[140.08670442536314,36.011203687131065],[140.15722607593983,36.074098836543456],[140.25539373370816,36.050720637573306],[140.282804779414,35.96440368114892],[140.21217204029364,35.90159126943032]]]}},{"type":"Feature","properties":{"h3":"852f5a0ffffffff","countries":["JPN"],"common_intervals":20,"left_observed_intervals":20,"right_observed_intervals":20,"full_window_comparable":true,"expected_intervals":20,"downloaders_all_delta_pp":0.0006343004057214809,"downloaders_all_observed_common_delta_pp":0.0006343004057214809,"downloaders_all_left_share":0.002797176648453568,"downloaders_all_right_share":0.0021628762427320864,"downloaders_without-hosting_delta_pp":0.000800772651730371,"downloaders_without-hosting_observed_common_delta_pp":0.000800772651730371,"downloaders_without-hosting_left_share":0.0033287218205779365,"downloaders_without-hosting_right_share":0.002527949168847565,"uploaders_all_delta_pp":0.00046346861134512256,"uploaders_all_observed_common_delta_pp":0.00046346861134512256,"uploaders_all_left_share":0.0006611336236889247,"uploaders_all_right_share":0.000197665012343802,"uploaders_without-hosting_delta_pp":0.0006889565344670008,"uploaders_without-hosting_observed_common_delta_pp":0.0006889565344670008,"uploaders_without-hosting_left_share":0.0009349885615478712,"uploaders_without-hosting_right_share":0.0002460320270808704},"geometry":{"type":"Polygon","coordinates":[[[140.04393156429828,35.86218836506505],[139.9462011939323,35.885471959072575],[139.91854455148965,35.97153596077149],[139.98874000452406,36.03444297583341],[140.08670442536314,36.011203687131065],[140.11423896072444,35.9250130475138],[140.04393156429828,35.86218836506505]]]}},{"type":"Feature","properties":{"h3":"852f5a13fffffff","countries":["JPN"],"common_intervals":20,"left_observed_intervals":20,"right_observed_intervals":20,"full_window_comparable":true,"expected_intervals":20,"downloaders_all_delta_pp":-0.00011020175295761389,"downloaders_all_observed_common_delta_pp":-0.00011020175295761389,"downloaders_all_left_share":0.001989253237507535,"downloaders_all_right_share":0.0020994549904651493,"downloaders_without-hosting_delta_pp":0.0003528017640337019,"downloaders_without-hosting_observed_common_delta_pp":0.0003528017640337019,"downloaders_without-hosting_left_share":0.002054860558776072,"downloaders_without-hosting_right_share":0.0017020587947423707,"uploaders_all_delta_pp":-0.0013636590451429206,"uploaders_all_observed_common_delta_pp":-0.0013636590451429206,"uploaders_all_left_share":0.0012641984786336661,"uploaders_all_right_share":0.0026278575237765867,"uploaders_without-hosting_delta_pp":0.0003462740584438777,"uploaders_without-hosting_observed_common_delta_pp":0.0003462740584438777,"uploaders_without-hosting_left_share":0.0008380352953673723,"uploaders_without-hosting_right_share":0.0004917612369234943},"geometry":{"type":"Polygon","coordinates":[[[140.2941854607898,35.64265070919681],[140.1965177567304,35.666297351392465],[140.16914547918145,35.752559438865006],[140.23956376983287,35.815301202548596],[140.33746456361357,35.79169740584789],[140.3647135973694,35.70530897106313],[140.2941854607898,35.64265070919681]]]}},{"type":"Feature","properties":{"h3":"852f5a17fffffff","countries":["JPN"],"common_intervals":20,"left_observed_intervals":20,"right_observed_intervals":20,"full_window_comparable":true,"expected_intervals":20,"downloaders_all_delta_pp":0.0011664146043116619,"downloaders_all_observed_common_delta_pp":0.0011664146043116619,"downloaders_all_left_share":0.0068111004856571695,"downloaders_all_right_share":0.005644685881345508,"downloaders_without-hosting_delta_pp":0.0015025201727036116,"downloaders_without-hosting_observed_common_delta_pp":0.0015025201727036116,"downloaders_without-hosting_left_share":0.00809777250785949,"downloaders_without-hosting_right_share":0.006595252335155876,"uploaders_all_delta_pp":0.0007706157467285743,"uploaders_all_observed_common_delta_pp":0.0007706157467285743,"uploaders_all_left_share":0.0013802464935407377,"uploaders_all_right_share":0.0006096307468121635,"uploaders_without-hosting_delta_pp":0.0012269772429933333,"uploaders_without-hosting_observed_common_delta_pp":0.0012269772429933333,"uploaders_without-hosting_left_share":0.001986838665105836,"uploaders_without-hosting_right_share":0.0007598614221125031},"geometry":{"type":"Polygon","coordinates":[[[140.1263127801081,35.603627319068295],[140.02884584634185,35.627136243258406],[140.00135169455066,35.71327166080734],[140.07144597239602,35.7760247935683],[140.16914547918145,35.752559438865006],[140.1965177567304,35.666297351392465],[140.1263127801081,35.603627319068295]]]}},{"type":"Feature","properties":{"h3":"852f5a23fffffff","countries":["JPN"],"common_intervals":20,"left_observed_intervals":20,"right_observed_intervals":20,"full_window_comparable":true,"expected_intervals":20,"downloaders_all_delta_pp":0.005244481890062451,"downloaders_all_observed_common_delta_pp":0.005244481890062451,"downloaders_all_left_share":0.037142146916093,"downloaders_all_right_share":0.031897665026030544,"downloaders_without-hosting_delta_pp":0.006890245451184859,"downloaders_without-hosting_observed_common_delta_pp":0.006890245451184859,"downloaders_without-hosting_left_share":0.04417436320102088,"downloaders_without-hosting_right_share":0.03728411774983603,"uploaders_all_delta_pp":0.003974097609236662,"uploaders_all_observed_common_delta_pp":0.003974097609236662,"uploaders_all_left_share":0.008671998573444719,"uploaders_all_right_share":0.004697900964208057,"uploaders_without-hosting_delta_pp":0.006409672873617681,"uploaders_without-hosting_observed_common_delta_pp":0.006409672873617681,"uploaders_without-hosting_left_share":0.012329712983204698,"uploaders_without-hosting_right_share":0.005920040109587016},"geometry":{"type":"Polygon","coordinates":[[[139.70903369968423,35.78293739140678],[139.61171137634747,35.805947573648616],[139.58381464771116,35.8917573669839],[139.65335921995353,35.95468420138315],[139.75091450691747,35.931719757421234],[139.7786918787756,35.845782707036875],[139.70903369968423,35.78293739140678]]]}},{"type":"Feature","properties":{"h3":"852f5a27fffffff","countries":["JPN"],"common_intervals":20,"left_observed_intervals":20,"right_observed_intervals":20,"full_window_comparable":true,"expected_intervals":20,"downloaders_all_delta_pp":0.0012229686506794574,"downloaders_all_observed_common_delta_pp":0.0012229686506794574,"downloaders_all_left_share":0.011270883041200414,"downloaders_all_right_share":0.010047914390520956,"downloaders_without-hosting_delta_pp":0.0016573816753314452,"downloaders_without-hosting_observed_common_delta_pp":0.0016573816753314452,"downloaders_without-hosting_left_share":0.013403837995424514,"downloaders_without-hosting_right_share":0.011746456320093069,"uploaders_all_delta_pp":0.0014274279692368563,"uploaders_all_observed_common_delta_pp":0.0014274279692368563,"uploaders_all_left_share":0.0029433482959317866,"uploaders_all_right_share":0.0015159203266949298,"uploaders_without-hosting_delta_pp":0.002271556568220804,"uploaders_without-hosting_observed_common_delta_pp":0.002271556568220804,"uploaders_without-hosting_left_share":0.004178309827008594,"uploaders_without-hosting_right_share":0.0019067532587877909},"geometry":{"type":"Polygon","coordinates":[[[139.54237703835594,35.74309387888515],[139.44526000953354,35.76596883197294],[139.41724529161047,35.85165107013235],[139.48646521397626,35.91458587506068],[139.58381464771116,35.8917573669839],[139.61171137634747,35.805947573648616],[139.54237703835594,35.74309387888515]]]}},{"type":"Feature","properties":{"h3":"852f5a2bfffffff","countries":["JPN"],"common_intervals":20,"left_observed_intervals":20,"right_observed_intervals":20,"full_window_comparable":true,"expected_intervals":20,"downloaders_all_delta_pp":0.00040139133518773756,"downloaders_all_observed_common_delta_pp":0.00040139133518773756,"downloaders_all_left_share":0.0031484012878303528,"downloaders_all_right_share":0.0027470099526426157,"downloaders_without-hosting_delta_pp":0.0005330326886797585,"downloaders_without-hosting_observed_common_delta_pp":0.0005330326886797585,"downloaders_without-hosting_left_share":0.003745095601771075,"downloaders_without-hosting_right_share":0.003212062913091317,"uploaders_all_delta_pp":0.00027977130617620196,"uploaders_all_observed_common_delta_pp":0.00027977130617620196,"uploaders_all_left_share":0.0004889438243447158,"uploaders_all_right_share":0.00020917251816851378,"uploaders_without-hosting_delta_pp":0.00045387610131689333,"uploaders_without-hosting_observed_common_delta_pp":0.00045387610131689333,"uploaders_without-hosting_left_share":0.0007176012053454454,"uploaders_without-hosting_right_share":0.00026372510402855197},"geometry":{"type":"Polygon","coordinates":[[[139.75091450691747,35.931719757421234],[139.65335921995353,35.95468420138315],[139.6254400956999,36.0405205031727],[139.69519602443003,36.10351941174491],[139.79298528504813,36.08060071684449],[139.82078426156494,35.99463733135127],[139.75091450691747,35.931719757421234]]]}},{"type":"Feature","properties":{"h3":"852f5a2ffffffff","countries":["JPN"],"common_intervals":20,"left_observed_intervals":20,"right_observed_intervals":20,"full_window_comparable":true,"expected_intervals":20,"downloaders_all_delta_pp":0.00022091491718581282,"downloaders_all_observed_common_delta_pp":0.00022091491718581282,"downloaders_all_left_share":0.002475912847633978,"downloaders_all_right_share":0.002254997930448164,"downloaders_without-hosting_delta_pp":0.0003080558245094142,"downloaders_without-hosting_observed_common_delta_pp":0.0003080558245094142,"downloaders_without-hosting_left_share":0.002943746290377798,"downloaders_without-hosting_right_share":0.0026356904658683834,"uploaders_all_delta_pp":0.0002165555333068472,"uploaders_all_observed_common_delta_pp":0.0002165555333068472,"uploaders_all_left_share":0.00044312044998705497,"uploaders_all_right_share":0.0002265649166802078,"uploaders_without-hosting_delta_pp":0.0003574185031980133,"uploaders_without-hosting_observed_common_delta_pp":0.0003574185031980133,"uploaders_without-hosting_left_share":0.0006473254904885558,"uploaders_without-hosting_right_share":0.0002899069872905425},"geometry":{"type":"Polygon","coordinates":[[[139.58381464771116,35.8917573669839],[139.48646521397626,35.91458587506068],[139.45842731845698,36.0002947919918],[139.52785724763973,36.0633025511608],[139.6254400956999,36.0405205031727],[139.65335921995353,35.95468420138315],[139.58381464771116,35.8917573669839]]]}},{"type":"Feature","properties":{"h3":"852f5a33fffffff","countries":["JPN"],"common_intervals":20,"left_observed_intervals":20,"right_observed_intervals":20,"full_window_comparable":true,"expected_intervals":20,"downloaders_all_delta_pp":0.004140239207267691,"downloaders_all_observed_common_delta_pp":0.004140239207267691,"downloaders_all_left_share":0.02352524211668942,"downloaders_all_right_share":0.019385002909421724,"downloaders_without-hosting_delta_pp":0.005320204469139464,"downloaders_without-hosting_observed_common_delta_pp":0.005320204469139464,"downloaders_without-hosting_left_share":0.027977521668861843,"downloaders_without-hosting_right_share":0.022657317199722374,"uploaders_all_delta_pp":0.0029050964923659807,"uploaders_all_observed_common_delta_pp":0.0029050964923659807,"uploaders_all_left_share":0.006576229141021575,"uploaders_all_right_share":0.003671132648655594,"uploaders_without-hosting_delta_pp":0.004824874726657821,"uploaders_without-hosting_observed_common_delta_pp":0.004824874726657821,"uploaders_without-hosting_left_share":0.009463545737631284,"uploaders_without-hosting_right_share":0.004638671010973464},"geometry":{"type":"Polygon","coordinates":[[[139.83408361914334,35.67383634746063],[139.73678934888014,35.69702775700282],[139.70903369968423,35.78293739140678],[139.7786918787756,35.845782707036875],[139.87621865648555,35.822636311420816],[139.9038543695014,35.736599553312075],[139.83408361914334,35.67383634746063]]]}},{"type":"Feature","properties":{"h3":"852f5a37fffffff","countries":["JPN"],"common_intervals":20,"left_observed_intervals":20,"right_observed_intervals":20,"full_window_comparable":true,"expected_intervals":20,"downloaders_all_delta_pp":0.06567545184731687,"downloaders_all_observed_common_delta_pp":0.06567545184731687,"downloaders_all_left_share":0.3927720958339017,"downloaders_all_right_share":0.32709664398658483,"downloaders_without-hosting_delta_pp":0.05836700173326057,"downloaders_without-hosting_observed_common_delta_pp":0.05836700173326057,"downloaders_without-hosting_left_share":0.35885467729955356,"downloaders_without-hosting_right_share":0.30048767556629297,"uploaders_all_delta_pp":0.15453458840834394,"uploaders_all_observed_common_delta_pp":0.15453458840834394,"uploaders_all_left_share":0.26391799780790115,"uploaders_all_right_share":0.10938340939955718,"uploaders_without-hosting_delta_pp":0.10621618988411168,"uploaders_without-hosting_observed_common_delta_pp":0.10621618988411168,"uploaders_without-hosting_left_share":0.18382504280930842,"uploaders_without-hosting_right_share":0.07760885292519672},"geometry":{"type":"Polygon","coordinates":[[[139.6673416239767,35.63425576574742],[139.57025126001471,35.65731167086974],[139.54237703835594,35.74309387888515],[139.61171137634747,35.805947573648616],[139.70903369968423,35.78293739140678],[139.73678934888014,35.69702775700282],[139.6673416239767,35.63425576574742]]]}},{"type":"Feature","properties":{"h3":"852f5a3bfffffff","countries":["JPN"],"common_intervals":20,"left_observed_intervals":20,"right_observed_intervals":20,"full_window_comparable":true,"expected_intervals":20,"downloaders_all_delta_pp":0.0007171421064403466,"downloaders_all_observed_common_delta_pp":0.0007171421064403466,"downloaders_all_left_share":0.005909403417462813,"downloaders_all_right_share":0.005192261311022467,"downloaders_without-hosting_delta_pp":0.0009623134959468073,"downloaders_without-hosting_observed_common_delta_pp":0.0009623134959468073,"downloaders_without-hosting_left_share":0.007029545756922394,"downloaders_without-hosting_right_share":0.006067232260975586,"uploaders_all_delta_pp":4.173033734666586e-05,"uploaders_all_observed_common_delta_pp":4.173033734666586e-05,"uploaders_all_left_share":0.0008501437089451271,"uploaders_all_right_share":0.0008084133715984614,"uploaders_without-hosting_delta_pp":0.00018403058734147112,"uploaders_without-hosting_observed_common_delta_pp":0.00018403058734147112,"uploaders_without-hosting_left_share":0.0012220146766114763,"uploaders_without-hosting_right_share":0.0010379840892700055},"geometry":{"type":"Polygon","coordinates":[[[139.87621865648555,35.822636311420816],[139.7786918787756,35.845782707036875],[139.75091450691747,35.931719757421234],[139.82078426156494,35.99463733135127],[139.91854455148965,35.97153596077149],[139.9462011939323,35.885471959072575],[139.87621865648555,35.822636311420816]]]}},{"type":"Feature","properties":{"h3":"852f5a43fffffff","countries":["JPN"],"common_intervals":0,"left_observed_intervals":3,"right_observed_intervals":2,"full_window_comparable":false,"expected_intervals":20,"downloaders_all_delta_pp":null,"downloaders_all_observed_common_delta_pp":null,"downloaders_all_left_share":null,"downloaders_all_right_share":null,"downloaders_without-hosting_delta_pp":null,"downloaders_without-hosting_observed_common_delta_pp":null,"downloaders_without-hosting_left_share":null,"downloaders_without-hosting_right_share":null,"uploaders_all_delta_pp":null,"uploaders_all_observed_common_delta_pp":null,"uploaders_all_left_share":null,"uploaders_all_right_share":null,"uploaders_without-hosting_delta_pp":null,"uploaders_without-hosting_observed_common_delta_pp":null,"uploaders_without-hosting_left_share":null,"uploaders_without-hosting_right_share":null},"geometry":{"type":"Polygon","coordinates":[[[140.42461204249145,36.09008450436111],[140.32624206387553,36.113602606251284],[140.29881184034824,36.199945359294006],[140.36987691234862,36.26289578615514],[140.4684829973482,36.23942052422524],[140.4957875169098,36.15295196899819],[140.42461204249145,36.09008450436111]]]}},{"type":"Feature","properties":{"h3":"852f5a47fffffff","countries":["JPN"],"common_intervals":14,"left_observed_intervals":16,"right_observed_intervals":18,"full_window_comparable":false,"expected_intervals":20,"downloaders_all_delta_pp":null,"downloaders_all_observed_common_delta_pp":0.0001185340234635679,"downloaders_all_left_share":null,"downloaders_all_right_share":null,"downloaders_without-hosting_delta_pp":null,"downloaders_without-hosting_observed_common_delta_pp":0.00014476722039404431,"downloaders_without-hosting_left_share":null,"downloaders_without-hosting_right_share":null,"uploaders_all_delta_pp":null,"uploaders_all_observed_common_delta_pp":7.319851143507146e-05,"uploaders_all_left_share":null,"uploaders_all_right_share":null,"uploaders_without-hosting_delta_pp":null,"uploaders_without-hosting_observed_common_delta_pp":0.00010860522651792095,"uploaders_without-hosting_left_share":null,"uploaders_without-hosting_right_share":null},"geometry":{"type":"Polygon","coordinates":[[[140.25539373370816,36.050720637573306],[140.15722607593983,36.074098836543456],[140.1296715448113,36.160315455380236],[140.20040859328037,36.223279981334784],[140.29881184034824,36.199945359294006],[140.32624206387553,36.113602606251284],[140.25539373370816,36.050720637573306]]]}},{"type":"Feature","properties":{"h3":"852f5a4bfffffff","countries":["JPN"],"common_intervals":20,"left_observed_intervals":20,"right_observed_intervals":20,"full_window_comparable":true,"expected_intervals":20,"downloaders_all_delta_pp":0.0005272056967009182,"downloaders_all_observed_common_delta_pp":0.0005272056967009182,"downloaders_all_left_share":0.0033140366897411477,"downloaders_all_right_share":0.0027868309930402296,"downloaders_without-hosting_delta_pp":0.0006844869704492435,"downloaders_without-hosting_observed_common_delta_pp":0.0006844869704492435,"downloaders_without-hosting_left_share":0.003943694927062832,"downloaders_without-hosting_right_share":0.003259207956613588,"uploaders_all_delta_pp":0.000420838891892617,"uploaders_all_observed_common_delta_pp":0.000420838891892617,"uploaders_all_left_share":0.0013147500394547478,"uploaders_all_right_share":0.0008939111475621308,"uploaders_without-hosting_delta_pp":0.0007684214437586272,"uploaders_without-hosting_observed_common_delta_pp":0.0007684214437586272,"uploaders_without-hosting_left_share":0.0018870661654946902,"uploaders_without-hosting_right_share":0.001118644721736063},"geometry":{"type":"Polygon","coordinates":[[[140.4684829973482,36.23942052422524],[140.36987691234862,36.26289578615514],[140.3424276519029,36.34926323992315],[140.41371062480104,36.4122810185426],[140.51255383306383,36.38884858530978],[140.53987655560695,36.3023555191133],[140.4684829973482,36.23942052422524]]]}},{"type":"Feature","properties":{"h3":"852f5a53fffffff","countries":["JPN"],"common_intervals":0,"left_observed_intervals":1,"right_observed_intervals":0,"full_window_comparable":false,"expected_intervals":20,"downloaders_all_delta_pp":null,"downloaders_all_observed_common_delta_pp":null,"downloaders_all_left_share":null,"downloaders_all_right_share":null,"downloaders_without-hosting_delta_pp":null,"downloaders_without-hosting_observed_common_delta_pp":null,"downloaders_without-hosting_left_share":null,"downloaders_without-hosting_right_share":null,"uploaders_all_delta_pp":null,"uploaders_all_observed_common_delta_pp":null,"uploaders_all_left_share":null,"uploaders_all_right_share":null,"uploaders_without-hosting_delta_pp":null,"uploaders_without-hosting_observed_common_delta_pp":null,"uploaders_without-hosting_left_share":null,"uploaders_without-hosting_right_share":null},"geometry":{"type":"Polygon","coordinates":[[[140.5502339710737,35.97994045471238],[140.45189821118262,36.00364156000879],[140.42461204249145,36.09008450436111],[140.4957875169098,36.15295196899819],[140.59435887803912,36.12929297116439],[140.6215187776978,36.042724375583504],[140.5502339710737,35.97994045471238]]]}},{"type":"Feature","properties":{"h3":"852f5a57fffffff","countries":["JPN"],"common_intervals":1,"left_observed_intervals":5,"right_observed_intervals":10,"full_window_comparable":false,"expected_intervals":20,"downloaders_all_delta_pp":null,"downloaders_all_observed_common_delta_pp":-9.002262972840613e-06,"downloaders_all_left_share":null,"downloaders_all_right_share":null,"downloaders_without-hosting_delta_pp":null,"downloaders_without-hosting_observed_common_delta_pp":-6.337383896748026e-06,"downloaders_without-hosting_left_share":null,"downloaders_without-hosting_right_share":null,"uploaders_all_delta_pp":null,"uploaders_all_observed_common_delta_pp":0.0,"uploaders_all_left_share":null,"uploaders_all_right_share":null,"uploaders_without-hosting_delta_pp":null,"uploaders_without-hosting_observed_common_delta_pp":0.0,"uploaders_without-hosting_left_share":null,"uploaders_without-hosting_right_share":null},"geometry":{"type":"Polygon","coordinates":[[[140.38093966284077,35.9408427327696],[140.282804779414,35.96440368114892],[140.25539373370816,36.050720637573306],[140.32624206387553,36.113602606251284],[140.42461204249145,36.09008450436111],[140.45189821118262,36.00364156000879],[140.38093966284077,35.9408427327696]]]}},{"type":"Feature","properties":{"h3":"852f5a5bfffffff","countries":["JPN"],"common_intervals":1,"left_observed_intervals":1,"right_observed_intervals":2,"full_window_comparable":false,"expected_intervals":20,"downloaders_all_delta_pp":null,"downloaders_all_observed_common_delta_pp":1.3259451474938058e-05,"downloaders_all_left_share":null,"downloaders_all_right_share":null,"downloaders_without-hosting_delta_pp":null,"downloaders_without-hosting_observed_common_delta_pp":1.959431743133877e-05,"downloaders_without-hosting_left_share":null,"downloaders_without-hosting_right_share":null,"uploaders_all_delta_pp":null,"uploaders_all_observed_common_delta_pp":0.0,"uploaders_all_left_share":null,"uploaders_all_right_share":null,"uploaders_without-hosting_delta_pp":null,"uploaders_without-hosting_observed_common_delta_pp":0.0,"uploaders_without-hosting_left_share":null,"uploaders_without-hosting_right_share":null},"geometry":{"type":"Polygon","coordinates":[[[140.59435887803912,36.12929297116439],[140.4957875169098,36.15295196899819],[140.4684829973482,36.23942052422524],[140.53987655560695,36.3023555191133],[140.63868452912817,36.27873861785827],[140.6658619436991,36.19214460031709],[140.59435887803912,36.12929297116439]]]}},{"type":"Feature","properties":{"h3":"852f5a63fffffff","countries":["JPN"],"common_intervals":1,"left_observed_intervals":3,"right_observed_intervals":5,"full_window_comparable":false,"expected_intervals":20,"downloaders_all_delta_pp":null,"downloaders_all_observed_common_delta_pp":-0.00010330242485704437,"downloaders_all_left_share":null,"downloaders_all_right_share":null,"downloaders_without-hosting_delta_pp":null,"downloaders_without-hosting_observed_common_delta_pp":-0.00012556336881576548,"downloaders_without-hosting_left_share":null,"downloaders_without-hosting_right_share":null,"uploaders_all_delta_pp":null,"uploaders_all_observed_common_delta_pp":0.0,"uploaders_all_left_share":null,"uploaders_all_right_share":null,"uploaders_without-hosting_delta_pp":null,"uploaders_without-hosting_observed_common_delta_pp":0.0,"uploaders_without-hosting_left_share":null,"uploaders_without-hosting_right_share":null},"geometry":{"type":"Polygon","coordinates":[[[139.96106255737033,36.120533136239146],[139.86306774471643,36.14358947531059],[139.83524728389753,36.229578112023844],[139.9055435862185,36.29263697362262],[140.0037739378979,36.26962566785533],[140.03147206262625,36.18351043662747],[139.96106255737033,36.120533136239146]]]}},{"type":"Feature","properties":{"h3":"852f5a67fffffff","countries":["JPN"],"common_intervals":20,"left_observed_intervals":20,"right_observed_intervals":20,"full_window_comparable":true,"expected_intervals":20,"downloaders_all_delta_pp":0.00013011971600420852,"downloaders_all_observed_common_delta_pp":0.00013011971600420852,"downloaders_all_left_share":0.0007551489299513426,"downloaders_all_right_share":0.0006250292139471341,"downloaders_without-hosting_delta_pp":0.00016860208649105372,"downloaders_without-hosting_observed_common_delta_pp":0.00016860208649105372,"downloaders_without-hosting_left_share":0.0008980512211179761,"downloaders_without-hosting_right_share":0.0007294491346269223,"uploaders_all_delta_pp":1.7854186229708275e-05,"uploaders_all_observed_common_delta_pp":1.7854186229708275e-05,"uploaders_all_left_share":0.00016576996107798664,"uploaders_all_right_share":0.00014791577484827835,"uploaders_without-hosting_delta_pp":4.21481106735619e-05,"uploaders_without-hosting_observed_common_delta_pp":4.21481106735619e-05,"uploaders_without-hosting_left_share":0.0002301434559348903,"uploaders_without-hosting_right_share":0.00018799534526132842},"geometry":{"type":"Polygon","coordinates":[[[139.79298528504813,36.08060071684449],[139.69519602443003,36.10351941174491],[139.6672546182052,36.18938114209011],[139.73722303378742,36.252451051737275],[139.83524728389753,36.229578112023844],[139.86306774471643,36.14358947531059],[139.79298528504813,36.08060071684449]]]}},{"type":"Feature","properties":{"h3":"852f5a6bfffffff","countries":["JPN"],"common_intervals":17,"left_observed_intervals":19,"right_observed_intervals":18,"full_window_comparable":false,"expected_intervals":20,"downloaders_all_delta_pp":null,"downloaders_all_observed_common_delta_pp":7.421984812798763e-05,"downloaders_all_left_share":null,"downloaders_all_right_share":null,"downloaders_without-hosting_delta_pp":null,"downloaders_without-hosting_observed_common_delta_pp":9.42340528944666e-05,"downloaders_without-hosting_left_share":null,"downloaders_without-hosting_right_share":null,"uploaders_all_delta_pp":null,"uploaders_all_observed_common_delta_pp":2.1334903886691053e-05,"uploaders_all_left_share":null,"uploaders_all_right_share":null,"uploaders_without-hosting_delta_pp":null,"uploaders_without-hosting_observed_common_delta_pp":2.90159841825121e-05,"uploaders_without-hosting_left_share":null,"uploaders_without-hosting_right_share":null},"geometry":{"type":"Polygon","coordinates":[[[140.0037739378979,36.26962566785533],[139.9055435862185,36.29263697362262],[139.87770176384188,36.37864977473784],[139.9482130546856,36.44177765047696],[140.04667996750473,36.41881137509573],[140.07439864021484,36.33267216384312],[140.0037739378979,36.26962566785533]]]}},{"type":"Feature","properties":{"h3":"852f5a6ffffffff","countries":["JPN"],"common_intervals":19,"left_observed_intervals":19,"right_observed_intervals":20,"full_window_comparable":false,"expected_intervals":20,"downloaders_all_delta_pp":null,"downloaders_all_observed_common_delta_pp":9.510267110305035e-05,"downloaders_all_left_share":null,"downloaders_all_right_share":null,"downloaders_without-hosting_delta_pp":null,"downloaders_without-hosting_observed_common_delta_pp":0.00012758858975697447,"downloaders_without-hosting_left_share":null,"downloaders_without-hosting_right_share":null,"uploaders_all_delta_pp":null,"uploaders_all_observed_common_delta_pp":-4.96638120815926e-06,"uploaders_all_left_share":null,"uploaders_all_right_share":null,"uploaders_without-hosting_delta_pp":null,"uploaders_without-hosting_observed_common_delta_pp":1.612887209143204e-05,"uploaders_without-hosting_left_share":null,"uploaders_without-hosting_right_share":null},"geometry":{"type":"Polygon","coordinates":[[[139.83524728389753,36.229578112023844],[139.73722303378742,36.252451051737275],[139.7092594615574,36.33833712779391],[139.77944150255468,36.40147695783268],[139.87770176384188,36.37864977473784],[139.9055435862185,36.29263697362262],[139.83524728389753,36.229578112023844]]]}},{"type":"Feature","properties":{"h3":"852f5a73fffffff","countries":["JPN"],"common_intervals":20,"left_observed_intervals":20,"right_observed_intervals":20,"full_window_comparable":true,"expected_intervals":20,"downloaders_all_delta_pp":0.00012522096808385876,"downloaders_all_observed_common_delta_pp":0.00012522096808385876,"downloaders_all_left_share":0.0010895797422427042,"downloaders_all_right_share":0.0009643587741588455,"downloaders_without-hosting_delta_pp":0.00016929353775195578,"downloaders_without-hosting_observed_common_delta_pp":0.00016929353775195578,"downloaders_without-hosting_left_share":0.0012963943113000675,"downloaders_without-hosting_right_share":0.001127100773548112,"uploaders_all_delta_pp":-8.93820473310726e-06,"uploaders_all_observed_common_delta_pp":-8.93820473310726e-06,"uploaders_all_left_share":0.00016717588503531962,"uploaders_all_right_share":0.00017611408976842685,"uploaders_without-hosting_delta_pp":1.9738897750253243e-05,"uploaders_without-hosting_observed_common_delta_pp":1.9738897750253243e-05,"uploaders_without-hosting_left_share":0.00024119970281660146,"uploaders_without-hosting_right_share":0.0002214608050663482},"geometry":{"type":"Polygon","coordinates":[[[140.08670442536314,36.011203687131065],[139.98874000452406,36.03444297583341],[139.96106255737033,36.120533136239146],[140.03147206262625,36.18351043662747],[140.1296715448113,36.160315455380236],[140.15722607593983,36.074098836543456],[140.08670442536314,36.011203687131065]]]}},{"type":"Feature","properties":{"h3":"852f5a77fffffff","countries":["JPN"],"common_intervals":8,"left_observed_intervals":13,"right_observed_intervals":13,"full_window_comparable":false,"expected_intervals":20,"downloaders_all_delta_pp":null,"downloaders_all_observed_common_delta_pp":0.00010096879504465447,"downloaders_all_left_share":null,"downloaders_all_right_share":null,"downloaders_without-hosting_delta_pp":null,"downloaders_without-hosting_observed_common_delta_pp":0.00012348187016711335,"downloaders_without-hosting_left_share":null,"downloaders_without-hosting_right_share":null,"uploaders_all_delta_pp":null,"uploaders_all_observed_common_delta_pp":0.0,"uploaders_all_left_share":null,"uploaders_all_right_share":null,"uploaders_without-hosting_delta_pp":null,"uploaders_without-hosting_observed_common_delta_pp":0.0,"uploaders_without-hosting_left_share":null,"uploaders_without-hosting_right_share":null},"geometry":{"type":"Polygon","coordinates":[[[139.91854455148965,35.97153596077149],[139.82078426156494,35.99463733135127],[139.79298528504813,36.08060071684449],[139.86306774471643,36.14358947531059],[139.96106255737033,36.120533136239146],[139.98874000452406,36.03444297583341],[139.91854455148965,35.97153596077149]]]}},{"type":"Feature","properties":{"h3":"852f5a7bfffffff","countries":["JPN"],"common_intervals":9,"left_observed_intervals":10,"right_observed_intervals":10,"full_window_comparable":false,"expected_intervals":20,"downloaders_all_delta_pp":null,"downloaders_all_observed_common_delta_pp":-1.1385739962579358e-05,"downloaders_all_left_share":null,"downloaders_all_right_share":null,"downloaders_without-hosting_delta_pp":null,"downloaders_without-hosting_observed_common_delta_pp":-5.960211260619956e-06,"downloaders_without-hosting_left_share":null,"downloaders_without-hosting_right_share":null,"uploaders_all_delta_pp":null,"uploaders_all_observed_common_delta_pp":0.0,"uploaders_all_left_share":null,"uploaders_all_right_share":null,"uploaders_without-hosting_delta_pp":null,"uploaders_without-hosting_observed_common_delta_pp":0.0,"uploaders_without-hosting_left_share":null,"uploaders_without-hosting_right_share":null},"geometry":{"type":"Polygon","coordinates":[[[140.1296715448113,36.160315455380236],[140.03147206262625,36.18351043662747],[140.0037739378979,36.26962566785533],[140.07439864021484,36.33267216384312],[140.1728342003701,36.309521487504945],[140.20040859328037,36.223279981334784],[140.1296715448113,36.160315455380236]]]}},{"type":"Feature","properties":{"h3":"852f5a83fffffff","countries":["JPN"],"common_intervals":20,"left_observed_intervals":20,"right_observed_intervals":20,"full_window_comparable":true,"expected_intervals":20,"downloaders_all_delta_pp":0.00013532625393596927,"downloaders_all_observed_common_delta_pp":0.00013532625393596927,"downloaders_all_left_share":0.0007297967976395161,"downloaders_all_right_share":0.0005944705437035469,"downloaders_without-hosting_delta_pp":0.00017355100046948627,"downloaders_without-hosting_observed_common_delta_pp":0.00017355100046948627,"downloaders_without-hosting_left_share":0.0008682805211695701,"downloaders_without-hosting_right_share":0.0006947295207000838,"uploaders_all_delta_pp":-7.396390089281564e-05,"uploaders_all_observed_common_delta_pp":-7.396390089281564e-05,"uploaders_all_left_share":2.8697616089031482e-05,"uploaders_all_right_share":0.00010266151698184711,"uploaders_without-hosting_delta_pp":-8.777102694676455e-05,"uploaders_without-hosting_observed_common_delta_pp":-8.777102694676455e-05,"uploaders_without-hosting_left_share":3.503633267698603e-05,"uploaders_without-hosting_right_share":0.00012280735962375057},"geometry":{"type":"Polygon","coordinates":[[[140.37571577394962,35.38350570505027],[140.27831241931656,35.40737525529865],[140.25110108100617,35.49370481748135],[140.32141571562371,35.55629116693224],[140.41905068272,35.53246372090846],[140.44613902668132,35.44600779234357],[140.37571577394962,35.38350570505027]]]}},{"type":"Feature","properties":{"h3":"852f5a8bfffffff","countries":["JPN"],"common_intervals":20,"left_observed_intervals":20,"right_observed_intervals":20,"full_window_comparable":true,"expected_intervals":20,"downloaders_all_delta_pp":7.859386753602309e-05,"downloaders_all_observed_common_delta_pp":7.859386753602309e-05,"downloaders_all_left_share":0.0008579618739797991,"downloaders_all_right_share":0.000779368006443776,"downloaders_without-hosting_delta_pp":0.00010811774641976224,"downloaders_without-hosting_observed_common_delta_pp":0.00010811774641976224,"downloaders_without-hosting_left_share":0.0010203357404562584,"downloaders_without-hosting_right_share":0.0009122179940364962,"uploaders_all_delta_pp":0.0009316148353438272,"uploaders_all_observed_common_delta_pp":0.0009316148353438272,"uploaders_all_left_share":0.0009694450994860573,"uploaders_all_right_share":3.783026414223012e-05,"uploaders_without-hosting_delta_pp":0.0013720362612439727,"uploaders_without-hosting_observed_common_delta_pp":0.0013720362612439727,"uploaders_without-hosting_left_share":0.0014206637284978185,"uploaders_without-hosting_right_share":4.862746725384586e-05},"geometry":{"type":"Polygon","coordinates":[[[140.41905068272,35.53246372090846],[140.32141571562371,35.55629116693224],[140.2941854607898,35.64265070919681],[140.3647135973694,35.70530897106313],[140.46258116581163,35.68152363701327],[140.48968761786134,35.59503790104791],[140.41905068272,35.53246372090846]]]}},{"type":"Feature","properties":{"h3":"852f5a93fffffff","countries":["JPN"],"common_intervals":9,"left_observed_intervals":14,"right_observed_intervals":14,"full_window_comparable":false,"expected_intervals":20,"downloaders_all_delta_pp":null,"downloaders_all_observed_common_delta_pp":9.476775812962803e-05,"downloaders_all_left_share":null,"downloaders_all_right_share":null,"downloaders_without-hosting_delta_pp":null,"downloaders_without-hosting_observed_common_delta_pp":0.00011813945394601857,"downloaders_without-hosting_left_share":null,"downloaders_without-hosting_right_share":null,"uploaders_all_delta_pp":null,"uploaders_all_observed_common_delta_pp":-4.300503496925518e-06,"uploaders_all_left_share":null,"uploaders_all_right_share":null,"uploaders_without-hosting_delta_pp":null,"uploaders_without-hosting_observed_common_delta_pp":-6.883479723821385e-06,"uploaders_without-hosting_left_share":null,"uploaders_without-hosting_right_share":null},"geometry":{"type":"Polygon","coordinates":[[[140.5001560445021,35.27303154843798],[140.40278586799022,35.297080672237],[140.37571577394962,35.38350570505027],[140.44613902668132,35.44600779234357],[140.54374032751713,35.422000036604935],[140.5706868764276,35.33544879748403],[140.5001560445021,35.27303154843798]]]}},{"type":"Feature","properties":{"h3":"852f5aa7fffffff","countries":["JPN"],"common_intervals":20,"left_observed_intervals":20,"right_observed_intervals":20,"full_window_comparable":true,"expected_intervals":20,"downloaders_all_delta_pp":0.01942589468320425,"downloaders_all_observed_common_delta_pp":0.01942589468320425,"downloaders_all_left_share":0.1284934704167481,"downloaders_all_right_share":0.10906757573354382,"downloaders_without-hosting_delta_pp":0.02485025914556894,"downloaders_without-hosting_observed_common_delta_pp":0.02485025914556894,"downloaders_without-hosting_left_share":0.15147087227382083,"downloaders_without-hosting_right_share":0.1266206131282519,"uploaders_all_delta_pp":0.021914394874009514,"uploaders_all_observed_common_delta_pp":0.021914394874009514,"uploaders_all_left_share":0.038854527211516623,"uploaders_all_right_share":0.01694013233750711,"uploaders_without-hosting_delta_pp":0.033198518854451575,"uploaders_without-hosting_observed_common_delta_pp":0.033198518854451575,"uploaders_without-hosting_left_share":0.0540932224776534,"uploaders_without-hosting_right_share":0.020894703623201817},"geometry":{"type":"Polygon","coordinates":[[[139.7503811567371,35.37654405851031],[139.65354890987163,35.399825444213576],[139.6258370507689,35.48567701654718],[139.6950754348258,35.548374625090744],[139.79213819669937,35.525138217332454],[139.81973168622352,35.43915918860993],[139.7503811567371,35.37654405851031]]]}},{"type":"Feature","properties":{"h3":"852f5aabfffffff","countries":["JPN"],"common_intervals":20,"left_observed_intervals":20,"right_observed_intervals":20,"full_window_comparable":true,"expected_intervals":20,"downloaders_all_delta_pp":0.0008776125592737726,"downloaders_all_observed_common_delta_pp":0.0008776125592737726,"downloaders_all_left_share":0.007859604496488828,"downloaders_all_right_share":0.006981991937215057,"downloaders_without-hosting_delta_pp":0.0011918012855591078,"downloaders_without-hosting_observed_common_delta_pp":0.0011918012855591078,"downloaders_without-hosting_left_share":0.009346924028073123,"downloaders_without-hosting_right_share":0.008155122742514015,"uploaders_all_delta_pp":0.0010239291788219352,"uploaders_all_observed_common_delta_pp":0.0010239291788219352,"uploaders_all_left_share":0.00250612730719389,"uploaders_all_right_share":0.001482198128371955,"uploaders_without-hosting_delta_pp":0.001720693050376428,"uploaders_without-hosting_observed_common_delta_pp":0.001720693050376428,"uploaders_without-hosting_left_share":0.0036075861679284215,"uploaders_without-hosting_right_share":0.0018868931175519937},"geometry":{"type":"Polygon","coordinates":[[[139.95896355960977,35.56445573516197],[139.86169828040258,35.587827914736195],[139.83408361914334,35.67383634746063],[139.9038543695014,35.736599553312075],[140.00135169455066,35.71327166080734],[140.02884584634185,35.627136243258406],[139.95896355960977,35.56445573516197]]]}},{"type":"Feature","properties":{"h3":"852f5aaffffffff","countries":["JPN"],"common_intervals":20,"left_observed_intervals":20,"right_observed_intervals":20,"full_window_comparable":true,"expected_intervals":20,"downloaders_all_delta_pp":0.008753983809054289,"downloaders_all_observed_common_delta_pp":0.008753983809054289,"downloaders_all_left_share":0.05839597146053368,"downloaders_all_right_share":0.04964198765147938,"downloaders_without-hosting_delta_pp":0.002704506718104131,"downloaders_without-hosting_observed_common_delta_pp":0.002704506718104131,"downloaders_without-hosting_left_share":0.014819062784324035,"downloaders_without-hosting_right_share":0.012114556066219907,"uploaders_all_delta_pp":0.08146015476410032,"uploaders_all_observed_common_delta_pp":0.08146015476410032,"uploaders_all_left_share":0.1532492831145696,"uploaders_all_right_share":0.0717891283504693,"uploaders_without-hosting_delta_pp":0.0011358656663825594,"uploaders_without-hosting_observed_common_delta_pp":0.0011358656663825594,"uploaders_without-hosting_left_share":0.003994817356994155,"uploaders_without-hosting_right_share":0.002858951690611595},"geometry":{"type":"Polygon","coordinates":[[[139.79213819669937,35.525138217332454],[139.6950754348258,35.548374625090744],[139.6673416239767,35.63425576574742],[139.73678934888014,35.69702775700282],[139.83408361914334,35.67383634746063],[139.86169828040258,35.587827914736195],[139.79213819669937,35.525138217332454]]]}},{"type":"Feature","properties":{"h3":"852f5ab3fffffff","countries":["JPN"],"common_intervals":20,"left_observed_intervals":20,"right_observed_intervals":20,"full_window_comparable":true,"expected_intervals":20,"downloaders_all_delta_pp":0.0002771801420911661,"downloaders_all_observed_common_delta_pp":0.0002771801420911661,"downloaders_all_left_share":0.0009819200055148866,"downloaders_all_right_share":0.0007047398634237202,"downloaders_without-hosting_delta_pp":0.0003434734136769218,"downloaders_without-hosting_observed_common_delta_pp":0.0003434734136769218,"downloaders_without-hosting_left_share":0.0011671244259282194,"downloaders_without-hosting_right_share":0.000823651012251298,"uploaders_all_delta_pp":0.00014054005232678533,"uploaders_all_observed_common_delta_pp":0.00014054005232678533,"uploaders_all_left_share":0.00023489987617478003,"uploaders_all_right_share":9.43598238479947e-05,"uploaders_without-hosting_delta_pp":0.00023703854623730053,"uploaders_without-hosting_observed_common_delta_pp":0.00023703854623730053,"uploaders_without-hosting_left_share":0.00035679103407012185,"uploaders_without-hosting_right_share":0.0001197524878328213},"geometry":{"type":"Polygon","coordinates":[[[140.04122393969,35.306070849671855],[139.94421917510275,35.32966687307108],[139.91676591341604,35.41574273797531],[139.9864373284695,35.47834955422667],[140.08367268336406,35.45479707228382],[140.11100565936707,35.36859420055638],[140.04122393969,35.306070849671855]]]}},{"type":"Feature","properties":{"h3":"852f5ab7fffffff","countries":["JPN"],"common_intervals":10,"left_observed_intervals":15,"right_observed_intervals":14,"full_window_comparable":false,"expected_intervals":20,"downloaders_all_delta_pp":null,"downloaders_all_observed_common_delta_pp":2.4940317327087782e-05,"downloaders_all_left_share":null,"downloaders_all_right_share":null,"downloaders_without-hosting_delta_pp":null,"downloaders_without-hosting_observed_common_delta_pp":3.378267975907528e-05,"downloaders_without-hosting_left_share":null,"downloaders_without-hosting_right_share":null,"uploaders_all_delta_pp":null,"uploaders_all_observed_common_delta_pp":0.0,"uploaders_all_left_share":null,"uploaders_all_right_share":null,"uploaders_without-hosting_delta_pp":null,"uploaders_without-hosting_observed_common_delta_pp":0.0,"uploaders_without-hosting_left_share":null,"uploaders_without-hosting_right_share":null},"geometry":{"type":"Polygon","coordinates":[[[139.87475752025765,35.26713480800114],[139.77795335686497,35.29059550914456],[139.7503811567371,35.37654405851031],[139.81973168622352,35.43915918860993],[139.91676591341604,35.41574273797531],[139.94421917510275,35.32966687307108],[139.87475752025765,35.26713480800114]]]}},{"type":"Feature","properties":{"h3":"852f5abbfffffff","countries":["JPN"],"common_intervals":20,"left_observed_intervals":20,"right_observed_intervals":20,"full_window_comparable":true,"expected_intervals":20,"downloaders_all_delta_pp":0.0036262811717873654,"downloaders_all_observed_common_delta_pp":0.0036262811717873654,"downloaders_all_left_share":0.020458002934840704,"downloaders_all_right_share":0.01683172176305334,"downloaders_without-hosting_delta_pp":0.004658288824243092,"downloaders_without-hosting_observed_common_delta_pp":0.004658288824243092,"downloaders_without-hosting_left_share":0.02433327179136658,"downloaders_without-hosting_right_share":0.019674982967123486,"uploaders_all_delta_pp":0.0031944005871908853,"uploaders_all_observed_common_delta_pp":0.0031944005871908853,"uploaders_all_left_share":0.005966225560370475,"uploaders_all_right_share":0.002771824973179588,"uploaders_without-hosting_delta_pp":0.005056878653678492,"uploaders_without-hosting_observed_common_delta_pp":0.005056878653678492,"uploaders_without-hosting_left_share":0.00852170732538457,"uploaders_without-hosting_right_share":0.003464828671706078},"geometry":{"type":"Polygon","coordinates":[[[140.08367268336406,35.45479707228382],[139.9864373284695,35.47834955422667],[139.95896355960977,35.56445573516197],[140.02884584634185,35.627136243258406],[140.1263127801081,35.603627319068295],[140.15366547232833,35.51739429772511],[140.08367268336406,35.45479707228382]]]}},{"type":"Feature","properties":{"h3":"852f5ac7fffffff","countries":["JPN"],"common_intervals":2,"left_observed_intervals":7,"right_observed_intervals":6,"full_window_comparable":false,"expected_intervals":20,"downloaders_all_delta_pp":null,"downloaders_all_observed_common_delta_pp":2.8155061618476283e-05,"downloaders_all_left_share":null,"downloaders_all_right_share":null,"downloaders_without-hosting_delta_pp":null,"downloaders_without-hosting_observed_common_delta_pp":3.5041393123851254e-05,"downloaders_without-hosting_left_share":null,"downloaders_without-hosting_right_share":null,"uploaders_all_delta_pp":null,"uploaders_all_observed_common_delta_pp":0.0,"uploaders_all_left_share":null,"uploaders_all_right_share":null,"uploaders_without-hosting_delta_pp":null,"uploaders_without-hosting_observed_common_delta_pp":0.0,"uploaders_without-hosting_left_share":null,"uploaders_without-hosting_right_share":null},"geometry":{"type":"Polygon","coordinates":[[[140.46258116581163,35.68152363701327],[140.3647135973694,35.70530897106313],[140.33746456361357,35.79169740584789],[140.40820733540008,35.85442649624534],[140.50630849959006,35.83068327731771],[140.5334329153479,35.74416882559502],[140.46258116581163,35.68152363701327]]]}},{"type":"Feature","properties":{"h3":"852f5acbfffffff","countries":["JPN"],"common_intervals":20,"left_observed_intervals":20,"right_observed_intervals":20,"full_window_comparable":true,"expected_intervals":20,"downloaders_all_delta_pp":0.00029163223320030954,"downloaders_all_observed_common_delta_pp":0.00029163223320030954,"downloaders_all_left_share":0.0014954832027766003,"downloaders_all_right_share":0.0012038509695762904,"downloaders_without-hosting_delta_pp":0.00037049915391258986,"downloaders_without-hosting_observed_common_delta_pp":0.00037049915391258986,"downloaders_without-hosting_left_share":0.0017802894797005985,"downloaders_without-hosting_right_share":0.0014097903257880087,"uploaders_all_delta_pp":0.00020074835197813178,"uploaders_all_observed_common_delta_pp":0.00020074835197813178,"uploaders_all_left_share":0.0002561500140279932,"uploaders_all_right_share":5.54016620498615e-05,"uploaders_without-hosting_delta_pp":0.00029869136730933417,"uploaders_without-hosting_observed_common_delta_pp":0.00029869136730933417,"uploaders_without-hosting_left_share":0.0003699281083709041,"uploaders_without-hosting_right_share":7.123674106156992e-05},"geometry":{"type":"Polygon","coordinates":[[[140.67567679959174,35.86951476039953],[140.577376203575,35.893398382079475],[140.5502339710737,35.97994045471238],[140.6215187776978,36.042724375583504],[140.72005446446,36.01888212648364],[140.74706986929593,35.932214559119274],[140.67567679959174,35.86951476039953]]]}},{"type":"Feature","properties":{"h3":"852f5acffffffff","countries":["JPN"],"common_intervals":4,"left_observed_intervals":6,"right_observed_intervals":8,"full_window_comparable":false,"expected_intervals":20,"downloaders_all_delta_pp":null,"downloaders_all_observed_common_delta_pp":7.088956671058564e-05,"downloaders_all_left_share":null,"downloaders_all_right_share":null,"downloaders_without-hosting_delta_pp":null,"downloaders_without-hosting_observed_common_delta_pp":9.168004013444925e-05,"downloaders_without-hosting_left_share":null,"downloaders_without-hosting_right_share":null,"uploaders_all_delta_pp":null,"uploaders_all_observed_common_delta_pp":-4.954988881004951e-05,"uploaders_all_left_share":null,"uploaders_all_right_share":null,"uploaders_without-hosting_delta_pp":null,"uploaders_without-hosting_observed_common_delta_pp":-5.6592839421213714e-05,"uploaders_without-hosting_left_share":null,"uploaders_without-hosting_right_share":null},"geometry":{"type":"Polygon","coordinates":[[[140.50630849959006,35.83068327731771],[140.40820733540008,35.85442649624534],[140.38093966284077,35.9408427327696],[140.45189821118262,36.00364156000879],[140.5502339710737,35.97994045471238],[140.577376203575,35.893398382079475],[140.50630849959006,35.83068327731771]]]}},{"type":"Feature","properties":{"h3":"852f5ad3fffffff","countries":["JPN"],"common_intervals":9,"left_observed_intervals":12,"right_observed_intervals":15,"full_window_comparable":false,"expected_intervals":20,"downloaders_all_delta_pp":null,"downloaders_all_observed_common_delta_pp":-2.5899606120519854e-05,"downloaders_all_left_share":null,"downloaders_all_right_share":null,"downloaders_without-hosting_delta_pp":null,"downloaders_without-hosting_observed_common_delta_pp":-2.7511214969919986e-05,"downloaders_without-hosting_left_share":null,"downloaders_without-hosting_right_share":null,"uploaders_all_delta_pp":null,"uploaders_all_observed_common_delta_pp":-6.968267207961664e-05,"uploaders_all_left_share":null,"uploaders_all_right_share":null,"uploaders_without-hosting_delta_pp":null,"uploaders_without-hosting_observed_common_delta_pp":-9.195503766478342e-05,"uploaders_without-hosting_left_share":null,"uploaders_without-hosting_right_share":null},"geometry":{"type":"Polygon","coordinates":[[[140.7565116111143,35.609525949547844],[140.65848069980737,35.63363223085652],[140.63149942046724,35.72024382551635],[140.70267521861803,35.782874629927754],[140.8009397107652,35.7588089894546],[140.8277944430691,35.67207187894372],[140.7565116111143,35.609525949547844]]]}},{"type":"Feature","properties":{"h3":"852f5ad7fffffff","countries":["JPN"],"common_intervals":0,"left_observed_intervals":2,"right_observed_intervals":0,"full_window_comparable":false,"expected_intervals":20,"downloaders_all_delta_pp":null,"downloaders_all_observed_common_delta_pp":null,"downloaders_all_left_share":null,"downloaders_all_right_share":null,"downloaders_without-hosting_delta_pp":null,"downloaders_without-hosting_observed_common_delta_pp":null,"downloaders_without-hosting_left_share":null,"downloaders_without-hosting_right_share":null,"uploaders_all_delta_pp":null,"uploaders_all_observed_common_delta_pp":null,"uploaders_all_left_share":null,"uploaders_all_right_share":null,"uploaders_without-hosting_delta_pp":null,"uploaders_without-hosting_observed_common_delta_pp":null,"uploaders_without-hosting_left_share":null,"uploaders_without-hosting_right_share":null},"geometry":{"type":"Polygon","coordinates":[[[140.5875210264152,35.57107152140976],[140.48968761786134,35.59503790104791],[140.46258116581163,35.68152363701327],[140.5334329153479,35.74416882559502],[140.63149942046724,35.72024382551635],[140.65848069980737,35.63363223085652],[140.5875210264152,35.57107152140976]]]}},{"type":"Feature","properties":{"h3":"852f5b03fffffff","countries":["JPN"],"common_intervals":15,"left_observed_intervals":18,"right_observed_intervals":15,"full_window_comparable":false,"expected_intervals":20,"downloaders_all_delta_pp":null,"downloaders_all_observed_common_delta_pp":4.398700497126059e-05,"downloaders_all_left_share":null,"downloaders_all_right_share":null,"downloaders_without-hosting_delta_pp":null,"downloaders_without-hosting_observed_common_delta_pp":5.653879315142597e-05,"downloaders_without-hosting_left_share":null,"downloaders_without-hosting_right_share":null,"uploaders_all_delta_pp":null,"uploaders_all_observed_common_delta_pp":5.381453240279171e-05,"uploaders_all_left_share":null,"uploaders_all_right_share":null,"uploaders_without-hosting_delta_pp":null,"uploaders_without-hosting_observed_common_delta_pp":6.812121600529234e-05,"uploaders_without-hosting_left_share":null,"uploaders_without-hosting_right_share":null},"geometry":{"type":"Polygon","coordinates":[[[139.0056405460783,35.47452577206168],[138.90937389737428,35.49704942662793],[138.88103891864097,35.58231905300956],[138.9490833877407,35.64519354600842],[139.04557970549604,35.622718384932604],[139.07380151416214,35.53732019666911],[139.0056405460783,35.47452577206168]]]}},{"type":"Feature","properties":{"h3":"852f5b1bfffffff","countries":["JPN"],"common_intervals":0,"left_observed_intervals":0,"right_observed_intervals":1,"full_window_comparable":false,"expected_intervals":20,"downloaders_all_delta_pp":null,"downloaders_all_observed_common_delta_pp":null,"downloaders_all_left_share":null,"downloaders_all_right_share":null,"downloaders_without-hosting_delta_pp":null,"downloaders_without-hosting_observed_common_delta_pp":null,"downloaders_without-hosting_left_share":null,"downloaders_without-hosting_right_share":null,"uploaders_all_delta_pp":null,"uploaders_all_observed_common_delta_pp":null,"uploaders_all_left_share":null,"uploaders_all_right_share":null,"uploaders_without-hosting_delta_pp":null,"uploaders_without-hosting_observed_common_delta_pp":null,"uploaders_without-hosting_left_share":null,"uploaders_without-hosting_right_share":null},"geometry":{"type":"Polygon","coordinates":[[[139.17027526308476,35.51466494239131],[139.07380151416214,35.53732019666911],[139.04557970549604,35.622718384932604],[139.1139457858861,35.68558956892754],[139.2106497907502,35.66298212531115],[139.23875708684045,35.57745564786289],[139.17027526308476,35.51466494239131]]]}},{"type":"Feature","properties":{"h3":"852f5b23fffffff","countries":["JPN"],"common_intervals":4,"left_observed_intervals":7,"right_observed_intervals":11,"full_window_comparable":false,"expected_intervals":20,"downloaders_all_delta_pp":null,"downloaders_all_observed_common_delta_pp":1.912540934524232e-05,"downloaders_all_left_share":null,"downloaders_all_right_share":null,"downloaders_without-hosting_delta_pp":null,"downloaders_without-hosting_observed_common_delta_pp":2.373264812580437e-05,"downloaders_without-hosting_left_share":null,"downloaders_without-hosting_right_share":null,"uploaders_all_delta_pp":null,"uploaders_all_observed_common_delta_pp":0.0,"uploaders_all_left_share":null,"uploaders_all_right_share":null,"uploaders_without-hosting_delta_pp":null,"uploaders_without-hosting_observed_common_delta_pp":0.0,"uploaders_without-hosting_left_share":null,"uploaders_without-hosting_right_share":null},"geometry":{"type":"Polygon","coordinates":[[[138.55354584119672,35.50112250696068],[138.45767703479768,35.523206693313966],[138.4289827962718,35.60811775885765],[138.49626689405218,35.671073780846356],[138.59236455159524,35.64904014192059],[138.62094889152345,35.56399988911576],[138.55354584119672,35.50112250696068]]]}},{"type":"Feature","properties":{"h3":"852f5b2bfffffff","countries":["JPN"],"common_intervals":20,"left_observed_intervals":20,"right_observed_intervals":20,"full_window_comparable":true,"expected_intervals":20,"downloaders_all_delta_pp":0.00029303700021086866,"downloaders_all_observed_common_delta_pp":0.00029303700021086866,"downloaders_all_left_share":0.0018775124720106506,"downloaders_all_right_share":0.001584475471799782,"downloaders_without-hosting_delta_pp":0.0003808029414632744,"downloaders_without-hosting_observed_common_delta_pp":0.0003808029414632744,"downloaders_without-hosting_left_share":0.0022320894278820254,"downloaders_without-hosting_right_share":0.001851286486418751,"uploaders_all_delta_pp":0.0002925104173700747,"uploaders_all_observed_common_delta_pp":0.0002925104173700747,"uploaders_all_left_share":0.0005210128656273421,"uploaders_all_right_share":0.00022850244825726738,"uploaders_without-hosting_delta_pp":0.0004664095005377348,"uploaders_without-hosting_observed_common_delta_pp":0.0004664095005377348,"uploaders_without-hosting_left_share":0.000760074339239873,"uploaders_without-hosting_right_share":0.00029366483870213824},"geometry":{"type":"Polygon","coordinates":[[[138.59236455159524,35.64904014192059],[138.49626689405218,35.671073780846356],[138.46754497388926,35.756012485085016],[138.5350309671175,35.81904654116751],[138.63135847898883,35.79706349020015],[138.65996977216045,35.711995751452264],[138.59236455159524,35.64904014192059]]]}},{"type":"Feature","properties":{"h3":"852f5b2ffffffff","countries":["JPN"],"common_intervals":6,"left_observed_intervals":8,"right_observed_intervals":8,"full_window_comparable":false,"expected_intervals":20,"downloaders_all_delta_pp":null,"downloaders_all_observed_common_delta_pp":-3.2747396216811257e-06,"downloaders_all_left_share":null,"downloaders_all_right_share":null,"downloaders_without-hosting_delta_pp":null,"downloaders_without-hosting_observed_common_delta_pp":-2.8692836590390545e-06,"downloaders_without-hosting_left_share":null,"downloaders_without-hosting_right_share":null,"uploaders_all_delta_pp":null,"uploaders_all_observed_common_delta_pp":0.0,"uploaders_all_left_share":null,"uploaders_all_right_share":null,"uploaders_without-hosting_delta_pp":null,"uploaders_without-hosting_observed_common_delta_pp":0.0,"uploaders_without-hosting_left_share":null,"uploaders_without-hosting_right_share":null},"geometry":{"type":"Polygon","coordinates":[[[138.4289827962718,35.60811775885765],[138.33309634797254,35.63002236483872],[138.30426513811787,35.71483178531524],[138.37142929673675,35.777865838353385],[138.46754497388926,35.756012485085016],[138.49626689405218,35.671073780846356],[138.4289827962718,35.60811775885765]]]}},{"type":"Feature","properties":{"h3":"852f5b33fffffff","countries":["JPN"],"common_intervals":0,"left_observed_intervals":8,"right_observed_intervals":3,"full_window_comparable":false,"expected_intervals":20,"downloaders_all_delta_pp":null,"downloaders_all_observed_common_delta_pp":null,"downloaders_all_left_share":null,"downloaders_all_right_share":null,"downloaders_without-hosting_delta_pp":null,"downloaders_without-hosting_observed_common_delta_pp":null,"downloaders_without-hosting_left_share":null,"downloaders_without-hosting_right_share":null,"uploaders_all_delta_pp":null,"uploaders_all_observed_common_delta_pp":null,"uploaders_all_left_share":null,"uploaders_all_right_share":null,"uploaders_without-hosting_delta_pp":null,"uploaders_without-hosting_observed_common_delta_pp":null,"uploaders_without-hosting_left_share":null,"uploaders_without-hosting_right_share":null},"geometry":{"type":"Polygon","coordinates":[[[138.67795338494753,35.393847419751964],[138.58210315491513,35.41611079305843],[138.55354584119672,35.50112250696068],[138.62094889152345,35.56399988911576],[138.71702758938466,35.541786355199946],[138.74547440124542,35.456645556039255],[138.67795338494753,35.393847419751964]]]}},{"type":"Feature","properties":{"h3":"852f5b3bfffffff","countries":["JPN"],"common_intervals":13,"left_observed_intervals":16,"right_observed_intervals":17,"full_window_comparable":false,"expected_intervals":20,"downloaders_all_delta_pp":null,"downloaders_all_observed_common_delta_pp":2.252432787427726e-05,"downloaders_all_left_share":null,"downloaders_all_right_share":null,"downloaders_without-hosting_delta_pp":null,"downloaders_without-hosting_observed_common_delta_pp":3.137307776242483e-05,"downloaders_without-hosting_left_share":null,"downloaders_without-hosting_right_share":null,"uploaders_all_delta_pp":null,"uploaders_all_observed_common_delta_pp":-3.0018957281071055e-05,"uploaders_all_left_share":null,"uploaders_all_right_share":null,"uploaders_without-hosting_delta_pp":null,"uploaders_without-hosting_observed_common_delta_pp":-3.636421918882259e-05,"uploaders_without-hosting_left_share":null,"uploaders_without-hosting_right_share":null},"geometry":{"type":"Polygon","coordinates":[[[138.71702758938466,35.541786355199946],[138.62094889152345,35.56399988911576],[138.59236455159524,35.64904014192059],[138.65996977216045,35.711995751452264],[138.7562779364566,35.689832097746866],[138.78475104346902,35.60466291132293],[138.71702758938466,35.541786355199946]]]}},{"type":"Feature","properties":{"h3":"852f5b4ffffffff","countries":["JPN"],"common_intervals":18,"left_observed_intervals":19,"right_observed_intervals":19,"full_window_comparable":false,"expected_intervals":20,"downloaders_all_delta_pp":null,"downloaders_all_observed_common_delta_pp":6.636346801209525e-05,"downloaders_all_left_share":null,"downloaders_all_right_share":null,"downloaders_without-hosting_delta_pp":null,"downloaders_without-hosting_observed_common_delta_pp":8.862657804092624e-05,"downloaders_without-hosting_left_share":null,"downloaders_without-hosting_right_share":null,"uploaders_all_delta_pp":null,"uploaders_all_observed_common_delta_pp":0.00010812575890767033,"uploaders_all_left_share":null,"uploaders_all_right_share":null,"uploaders_without-hosting_delta_pp":null,"uploaders_without-hosting_observed_common_delta_pp":0.0001587142873014286,"uploaders_without-hosting_left_share":null,"uploaders_without-hosting_right_share":null},"geometry":{"type":"Polygon","coordinates":[[[139.12600012586725,35.919416016901685],[139.02904146125775,35.941794098296185],[139.00063007522522,36.02714523711303],[139.0692924109325,36.09024633376446],[139.16648376512427,36.06791682945581],[139.19477971568526,35.982437612959146],[139.12600012586725,35.919416016901685]]]}},{"type":"Feature","properties":{"h3":"852f5b53fffffff","countries":["JPN"],"common_intervals":20,"left_observed_intervals":20,"right_observed_intervals":20,"full_window_comparable":true,"expected_intervals":20,"downloaders_all_delta_pp":0.0003003077325286356,"downloaders_all_observed_common_delta_pp":0.0003003077325286356,"downloaders_all_left_share":0.003302769274099542,"downloaders_all_right_share":0.0030024615415709063,"downloaders_without-hosting_delta_pp":0.0003081884546645544,"downloaders_without-hosting_observed_common_delta_pp":0.0003081884546645544,"downloaders_without-hosting_left_share":0.003427099621956945,"downloaders_without-hosting_right_share":0.0031189111672923907,"uploaders_all_delta_pp":0.00026809959947447646,"uploaders_all_observed_common_delta_pp":0.00026809959947447646,"uploaders_all_left_share":0.000420038774683572,"uploaders_all_right_share":0.00015193917520909557,"uploaders_without-hosting_delta_pp":0.0003199558636913935,"uploaders_without-hosting_observed_common_delta_pp":0.0003199558636913935,"uploaders_without-hosting_left_share":0.0005112758217540052,"uploaders_without-hosting_right_share":0.00019131995806261174},"geometry":{"type":"Polygon","coordinates":[[[139.37624897903183,35.70310803846668],[139.27933806345047,35.72584874569599],[139.25120671847185,35.81140313810592],[139.3201025397573,35.874344632155655],[139.41724529161047,35.85165107013235],[139.44526000953354,35.76596883197294],[139.37624897903183,35.70310803846668]]]}},{"type":"Feature","properties":{"h3":"852f5b57fffffff","countries":["JPN"],"common_intervals":20,"left_observed_intervals":20,"right_observed_intervals":20,"full_window_comparable":true,"expected_intervals":20,"downloaders_all_delta_pp":0.00014937406540500717,"downloaders_all_observed_common_delta_pp":0.00014937406540500717,"downloaders_all_left_share":0.0010384804967355967,"downloaders_all_right_share":0.0008891064313305893,"downloaders_without-hosting_delta_pp":0.0001958165718215266,"downloaders_without-hosting_observed_common_delta_pp":0.0001958165718215266,"downloaders_without-hosting_left_share":0.0012367022159105183,"downloaders_without-hosting_right_share":0.0010408856440889916,"uploaders_all_delta_pp":3.067852946854959e-05,"uploaders_all_observed_common_delta_pp":3.067852946854959e-05,"uploaders_all_left_share":6.614203751876592e-05,"uploaders_all_right_share":3.546350805021633e-05,"uploaders_without-hosting_delta_pp":4.3984425010443e-05,"uploaders_without-hosting_observed_common_delta_pp":4.3984425010443e-05,"uploaders_without-hosting_left_share":9.184184817535011e-05,"uploaders_without-hosting_right_share":4.7857423164907106e-05},"geometry":{"type":"Polygon","coordinates":[[[139.2106497907502,35.66298212531115],[139.1139457858861,35.68558956892754],[139.08569917071168,35.77101583251259],[139.15427145570257,35.83396274287932],[139.25120671847185,35.81140313810592],[139.27933806345047,35.72584874569599],[139.2106497907502,35.66298212531115]]]}},{"type":"Feature","properties":{"h3":"852f5b5bfffffff","countries":["JPN"],"common_intervals":20,"left_observed_intervals":20,"right_observed_intervals":20,"full_window_comparable":true,"expected_intervals":20,"downloaders_all_delta_pp":0.0004747353115155094,"downloaders_all_observed_common_delta_pp":0.0004747353115155094,"downloaders_all_left_share":0.002628754532909075,"downloaders_all_right_share":0.0021540192213935654,"downloaders_without-hosting_delta_pp":0.0006094522653745296,"downloaders_without-hosting_observed_common_delta_pp":0.0006094522653745296,"downloaders_without-hosting_left_share":0.0031264910913356312,"downloaders_without-hosting_right_share":0.0025170388259611017,"uploaders_all_delta_pp":0.000793412702700098,"uploaders_all_observed_common_delta_pp":0.000793412702700098,"uploaders_all_left_share":0.0010429625575123825,"uploaders_all_right_share":0.0002495498548122844,"uploaders_without-hosting_delta_pp":0.0012061769519688683,"uploaders_without-hosting_observed_common_delta_pp":0.0012061769519688683,"uploaders_without-hosting_left_share":0.0015146828267800074,"uploaders_without-hosting_right_share":0.0003085058748111391},"geometry":{"type":"Polygon","coordinates":[[[139.41724529161047,35.85165107013235],[139.3201025397573,35.874344632155655],[139.2919472441723,35.959925870655404],[139.36105172165813,36.02294118944946],[139.45842731845698,36.0002947919918],[139.48646521397626,35.91458587506068],[139.41724529161047,35.85165107013235]]]}},{"type":"Feature","properties":{"h3":"852f5b77fffffff","countries":["JPN"],"common_intervals":1,"left_observed_intervals":1,"right_observed_intervals":1,"full_window_comparable":false,"expected_intervals":20,"downloaders_all_delta_pp":null,"downloaders_all_observed_common_delta_pp":7.967532909454331e-06,"downloaders_all_left_share":null,"downloaders_all_right_share":null,"downloaders_without-hosting_delta_pp":null,"downloaders_without-hosting_observed_common_delta_pp":8.016343847221975e-06,"downloaders_without-hosting_left_share":null,"downloaders_without-hosting_right_share":null,"uploaders_all_delta_pp":null,"uploaders_all_observed_common_delta_pp":0.0,"uploaders_all_left_share":null,"uploaders_all_right_share":null,"uploaders_without-hosting_delta_pp":null,"uploaders_without-hosting_observed_common_delta_pp":0.0,"uploaders_without-hosting_left_share":null,"uploaders_without-hosting_right_share":null},"geometry":{"type":"Polygon","coordinates":[[[138.7562779364566,35.689832097746866],[138.65996977216045,35.711995751452264],[138.63135847898883,35.79706349020015],[138.6991669475686,35.860096311009364],[138.79570558281418,35.83798257384525],[138.82420490578883,35.75278605708603],[138.7562779364566,35.689832097746866]]]}},{"type":"Feature","properties":{"h3":"852f5b83fffffff","countries":["JPN"],"common_intervals":20,"left_observed_intervals":20,"right_observed_intervals":20,"full_window_comparable":true,"expected_intervals":20,"downloaders_all_delta_pp":0.00018438759013873166,"downloaders_all_observed_common_delta_pp":0.00018438759013873166,"downloaders_all_left_share":0.0007461687996328153,"downloaders_all_right_share":0.0005617812094940839,"downloaders_without-hosting_delta_pp":0.00023124156631866883,"downloaders_without-hosting_observed_common_delta_pp":0.00023124156631866883,"downloaders_without-hosting_left_share":0.0008882962644516333,"downloaders_without-hosting_right_share":0.0006570546981329649,"uploaders_all_delta_pp":0.0003596360798953642,"uploaders_all_observed_common_delta_pp":0.0003596360798953642,"uploaders_all_left_share":0.0003596360798953642,"uploaders_all_right_share":0.0,"uploaders_without-hosting_delta_pp":0.0005313932111500712,"uploaders_without-hosting_observed_common_delta_pp":0.0005313932111500712,"uploaders_without-hosting_left_share":0.0005313932111500712,"uploaders_without-hosting_right_share":0.0},"geometry":{"type":"Polygon","coordinates":[[[139.21409678833194,35.109985097428805],[139.11810324705195,35.13291410094249],[139.09006866626322,35.218350452188986],[139.15814085950038,35.280986235008214],[139.2543622602399,35.25810425388764],[139.28228324161998,35.17253942770037],[139.21409678833194,35.109985097428805]]]}},{"type":"Feature","properties":{"h3":"852f5b87fffffff","countries":["JPN"],"common_intervals":19,"left_observed_intervals":19,"right_observed_intervals":20,"full_window_comparable":false,"expected_intervals":20,"downloaders_all_delta_pp":null,"downloaders_all_observed_common_delta_pp":9.933020974623964e-05,"downloaders_all_left_share":null,"downloaders_all_right_share":null,"downloaders_without-hosting_delta_pp":null,"downloaders_without-hosting_observed_common_delta_pp":0.00012764297568656772,"downloaders_without-hosting_left_share":null,"downloaders_without-hosting_right_share":null,"uploaders_all_delta_pp":null,"uploaders_all_observed_common_delta_pp":-6.813749164634353e-06,"uploaders_all_left_share":null,"uploaders_all_right_share":null,"uploaders_without-hosting_delta_pp":null,"uploaders_without-hosting_observed_common_delta_pp":-7.629158215466654e-06,"uploaders_without-hosting_left_share":null,"uploaders_without-hosting_right_share":null},"geometry":{"type":"Polygon","coordinates":[[[139.05023425099304,35.070357310290575],[138.9544453160305,35.093155782497334],[138.92629845756304,35.178463387545705],[138.99405244653735,35.24110122521939],[139.09006866626322,35.218350452188986],[139.11810324705195,35.13291410094249],[139.05023425099304,35.070357310290575]]]}},{"type":"Feature","properties":{"h3":"852f5b8bfffffff","countries":["JPN"],"common_intervals":20,"left_observed_intervals":20,"right_observed_intervals":20,"full_window_comparable":true,"expected_intervals":20,"downloaders_all_delta_pp":0.00024119185530197982,"downloaders_all_observed_common_delta_pp":0.00024119185530197982,"downloaders_all_left_share":0.0014779344503869389,"downloaders_all_right_share":0.001236742595084959,"downloaders_without-hosting_delta_pp":0.0003125611928340317,"downloaders_without-hosting_observed_common_delta_pp":0.0003125611928340317,"downloaders_without-hosting_left_share":0.0017573484822285903,"downloaders_without-hosting_right_share":0.0014447872893945586,"uploaders_all_delta_pp":-2.2621189525218384e-05,"uploaders_all_observed_common_delta_pp":-2.2621189525218384e-05,"uploaders_all_left_share":0.00014596977452535496,"uploaders_all_right_share":0.00016859096405057332,"uploaders_without-hosting_delta_pp":-4.759419900506523e-07,"uploaders_without-hosting_observed_common_delta_pp":-4.759419900506523e-07,"uploaders_without-hosting_left_share":0.0002142642878569286,"uploaders_without-hosting_right_share":0.00021474022984697928},"geometry":{"type":"Polygon","coordinates":[[[139.2543622602399,35.25810425388764],[139.15814085950038,35.280986235008214],[139.13008194757924,35.36645368859897],[139.19835841412598,35.4291674456274],[139.2948086599201,35.406332524331376],[139.32275322505083,35.32073674705754],[139.2543622602399,35.25810425388764]]]}},{"type":"Feature","properties":{"h3":"852f5b8ffffffff","countries":["JPN"],"common_intervals":13,"left_observed_intervals":16,"right_observed_intervals":16,"full_window_comparable":false,"expected_intervals":20,"downloaders_all_delta_pp":null,"downloaders_all_observed_common_delta_pp":2.073707347309794e-05,"downloaders_all_left_share":null,"downloaders_all_right_share":null,"downloaders_without-hosting_delta_pp":null,"downloaders_without-hosting_observed_common_delta_pp":3.161375957316928e-05,"downloaders_without-hosting_left_share":null,"downloaders_without-hosting_right_share":null,"uploaders_all_delta_pp":null,"uploaders_all_observed_common_delta_pp":-4.292534509831192e-05,"uploaders_all_left_share":null,"uploaders_all_right_share":null,"uploaders_without-hosting_delta_pp":null,"uploaders_without-hosting_observed_common_delta_pp":-5.4925438716941756e-05,"uploaders_without-hosting_left_share":null,"uploaders_without-hosting_right_share":null},"geometry":{"type":"Polygon","coordinates":[[[139.09006866626322,35.218350452188986],[138.99405244653735,35.24110122521939],[138.96588051823525,35.32644008092531],[139.03383745844508,35.389156720840454],[139.13008194757924,35.36645368859897],[139.15814085950038,35.280986235008214],[139.09006866626322,35.218350452188986]]]}},{"type":"Feature","properties":{"h3":"852f5ba3fffffff","countries":["JPN"],"common_intervals":20,"left_observed_intervals":20,"right_observed_intervals":20,"full_window_comparable":true,"expected_intervals":20,"downloaders_all_delta_pp":0.00043318951994422114,"downloaders_all_observed_common_delta_pp":0.00043318951994422114,"downloaders_all_left_share":0.0024791224890323028,"downloaders_all_right_share":0.0020459329690880814,"downloaders_without-hosting_delta_pp":0.0005581848794929528,"downloaders_without-hosting_observed_common_delta_pp":0.0005581848794929528,"downloaders_without-hosting_left_share":0.00295205113669892,"downloaders_without-hosting_right_share":0.0023938662572059667,"uploaders_all_delta_pp":-7.915030996009454e-05,"uploaders_all_observed_common_delta_pp":-7.915030996009454e-05,"uploaders_all_left_share":0.0002896290805464988,"uploaders_all_right_share":0.00036877939050659333,"uploaders_without-hosting_delta_pp":-7.327793020669186e-05,"uploaders_without-hosting_observed_common_delta_pp":-7.327793020669186e-05,"uploaders_without-hosting_left_share":0.00039195662435344297,"uploaders_without-hosting_right_share":0.0004652345545601348},"geometry":{"type":"Polygon","coordinates":[[[138.76305180035425,35.13844524755743],[138.66744816787144,35.160936487365184],[138.639054176197,35.24601735406463],[138.7063738243958,35.308736061590906],[138.80220454765984,35.28629390489606],[138.83048816736795,35.20108391392064],[138.76305180035425,35.13844524755743]]]}},{"type":"Feature","properties":{"h3":"852f5ba7fffffff","countries":["JPN"],"common_intervals":19,"left_observed_intervals":19,"right_observed_intervals":20,"full_window_comparable":false,"expected_intervals":20,"downloaders_all_delta_pp":null,"downloaders_all_observed_common_delta_pp":6.04357744782406e-05,"downloaders_all_left_share":null,"downloaders_all_right_share":null,"downloaders_without-hosting_delta_pp":null,"downloaders_without-hosting_observed_common_delta_pp":7.850395519013068e-05,"downloaders_without-hosting_left_share":null,"downloaders_without-hosting_right_share":null,"uploaders_all_delta_pp":null,"uploaders_all_observed_common_delta_pp":0.00015209265575428865,"uploaders_all_left_share":null,"uploaders_all_right_share":null,"uploaders_without-hosting_delta_pp":null,"uploaders_without-hosting_observed_common_delta_pp":0.0002205969299590793,"uploaders_without-hosting_left_share":null,"uploaders_without-hosting_right_share":null},"geometry":{"type":"Polygon","coordinates":[[[138.60032882578986,35.09829820978784],[138.5049325590315,35.12066112165599],[138.4764295091974,35.20561261177774],[138.54343142125583,35.26833052149205],[138.639054176197,35.24601735406463],[138.66744816787144,35.160936487365184],[138.60032882578986,35.09829820978784]]]}},{"type":"Feature","properties":{"h3":"852f5babfffffff","countries":["JPN"],"common_intervals":2,"left_observed_intervals":8,"right_observed_intervals":6,"full_window_comparable":false,"expected_intervals":20,"downloaders_all_delta_pp":null,"downloaders_all_observed_common_delta_pp":-6.127411975054799e-05,"downloaders_all_left_share":null,"downloaders_all_right_share":null,"downloaders_without-hosting_delta_pp":null,"downloaders_without-hosting_observed_common_delta_pp":-6.987688132812224e-05,"downloaders_without-hosting_left_share":null,"downloaders_without-hosting_right_share":null,"uploaders_all_delta_pp":null,"uploaders_all_observed_common_delta_pp":-0.000556023053388335,"uploaders_all_left_share":null,"uploaders_all_right_share":null,"uploaders_without-hosting_delta_pp":null,"uploaders_without-hosting_observed_common_delta_pp":-0.000713199056967971,"uploaders_without-hosting_left_share":null,"uploaders_without-hosting_right_share":null},"geometry":{"type":"Polygon","coordinates":[[[138.80220454765984,35.28629390489606],[138.7063738243958,35.308736061590906],[138.67795338494753,35.393847419751964],[138.74547440124542,35.456645556039255],[138.84153320346852,35.43425252798689],[138.86984254345356,35.349012192076316],[138.80220454765984,35.28629390489606]]]}},{"type":"Feature","properties":{"h3":"852f5bb3fffffff","countries":["JPN"],"common_intervals":20,"left_observed_intervals":20,"right_observed_intervals":20,"full_window_comparable":true,"expected_intervals":20,"downloaders_all_delta_pp":0.0004436086934192271,"downloaders_all_observed_common_delta_pp":0.0004436086934192271,"downloaders_all_left_share":0.0026353993355269756,"downloaders_all_right_share":0.0021917906421077484,"downloaders_without-hosting_delta_pp":0.0005722410609868317,"downloaders_without-hosting_observed_common_delta_pp":0.0005722410609868317,"downloaders_without-hosting_left_share":0.003132896429850945,"downloaders_without-hosting_right_share":0.0025606553688641135,"uploaders_all_delta_pp":-0.00011811336930003932,"uploaders_all_observed_common_delta_pp":-0.00011811336930003932,"uploaders_all_left_share":0.00023938999621322634,"uploaders_all_right_share":0.0003575033655132657,"uploaders_without-hosting_delta_pp":-0.00010051520745360115,"uploaders_without-hosting_observed_common_delta_pp":-0.00010051520745360115,"uploaders_without-hosting_left_share":0.00035251019756793526,"uploaders_without-hosting_right_share":0.0004530254050215365},"geometry":{"type":"Polygon","coordinates":[[[138.88689320937877,35.03059775681535],[138.79130962018942,35.05326665263751],[138.76305180035425,35.13844524755743],[138.83048816736795,35.20108391392064],[138.92629845756304,35.178463387545705],[138.9544453160305,35.093155782497334],[138.88689320937877,35.03059775681535]]]}},{"type":"Feature","properties":{"h3":"852f5bbbfffffff","countries":["JPN"],"common_intervals":15,"left_observed_intervals":16,"right_observed_intervals":18,"full_window_comparable":false,"expected_intervals":20,"downloaders_all_delta_pp":null,"downloaders_all_observed_common_delta_pp":1.5514556943760117e-05,"downloaders_all_left_share":null,"downloaders_all_right_share":null,"downloaders_without-hosting_delta_pp":null,"downloaders_without-hosting_observed_common_delta_pp":2.3126317713680728e-05,"downloaders_without-hosting_left_share":null,"downloaders_without-hosting_right_share":null,"uploaders_all_delta_pp":null,"uploaders_all_observed_common_delta_pp":1.913174405935432e-05,"uploaders_all_left_share":null,"uploaders_all_right_share":null,"uploaders_without-hosting_delta_pp":null,"uploaders_without-hosting_observed_common_delta_pp":2.335755511799069e-05,"uploaders_without-hosting_left_share":null,"uploaders_without-hosting_right_share":null},"geometry":{"type":"Polygon","coordinates":[[[138.92629845756304,35.178463387545705],[138.83048816736795,35.20108391392064],[138.80220454765984,35.28629390489606],[138.86984254345356,35.349012192076316],[138.96588051823525,35.32644008092531],[138.99405244653735,35.24110122521939],[138.92629845756304,35.178463387545705]]]}},{"type":"Feature","properties":{"h3":"852f5bc3fffffff","countries":["JPN"],"common_intervals":20,"left_observed_intervals":20,"right_observed_intervals":20,"full_window_comparable":true,"expected_intervals":20,"downloaders_all_delta_pp":0.0012107176821186394,"downloaders_all_observed_common_delta_pp":0.0012107176821186394,"downloaders_all_left_share":0.00884655484485427,"downloaders_all_right_share":0.007635837162735632,"downloaders_without-hosting_delta_pp":0.0015974519846004977,"downloaders_without-hosting_observed_common_delta_pp":0.0015974519846004977,"downloaders_without-hosting_left_share":0.01052337848308119,"downloaders_without-hosting_right_share":0.008925926498480691,"uploaders_all_delta_pp":0.0022266410152939832,"uploaders_all_observed_common_delta_pp":0.0022266410152939832,"uploaders_all_left_share":0.003152009310804205,"uploaders_all_right_share":0.0009253682955102217,"uploaders_without-hosting_delta_pp":0.0033806027011718193,"uploaders_without-hosting_observed_common_delta_pp":0.0033806027011718193,"uploaders_without-hosting_left_share":0.004563376176317069,"uploaders_without-hosting_right_share":0.001182773475145249},"geometry":{"type":"Polygon","coordinates":[[[139.46006044362537,35.44607437468362],[139.36340521955663,35.46904215420992],[139.33543716899823,35.55466781936349],[139.40424041457243,35.61745355194465],[139.50112604209414,35.59453217352081],[139.52897764766755,35.50877862457114],[139.46006044362537,35.44607437468362]]]}},{"type":"Feature","properties":{"h3":"852f5bc7fffffff","countries":["JPN"],"common_intervals":20,"left_observed_intervals":20,"right_observed_intervals":20,"full_window_comparable":true,"expected_intervals":20,"downloaders_all_delta_pp":0.00010956334274497081,"downloaders_all_observed_common_delta_pp":0.00010956334274497081,"downloaders_all_left_share":0.0005423311307729537,"downloaders_all_right_share":0.00043276778802798295,"downloaders_without-hosting_delta_pp":0.0001256041187694072,"downloaders_without-hosting_observed_common_delta_pp":0.0001256041187694072,"downloaders_without-hosting_left_share":0.0006259395368916147,"downloaders_without-hosting_right_share":0.0005003354181222076,"uploaders_all_delta_pp":-1.865084191426822e-06,"uploaders_all_observed_common_delta_pp":-1.865084191426822e-06,"uploaders_all_left_share":0.00020404277021067533,"uploaders_all_right_share":0.00020590785440210215,"uploaders_without-hosting_delta_pp":-0.0001526107822276361,"uploaders_without-hosting_observed_common_delta_pp":-0.0001526107822276361,"uploaders_without-hosting_left_share":0.00011606275790998766,"uploaders_without-hosting_right_share":0.00026867354013762374},"geometry":{"type":"Polygon","coordinates":[[[139.2948086599201,35.406332524331376],[139.19835841412598,35.4291674456274],[139.17027526308476,35.51466494239131],[139.23875708684045,35.57745564786289],[139.33543716899823,35.55466781936349],[139.36340521955663,35.46904215420992],[139.2948086599201,35.406332524331376]]]}},{"type":"Feature","properties":{"h3":"852f5bcbfffffff","countries":["JPN"],"common_intervals":20,"left_observed_intervals":20,"right_observed_intervals":20,"full_window_comparable":true,"expected_intervals":20,"downloaders_all_delta_pp":0.0020889647522201317,"downloaders_all_observed_common_delta_pp":0.0020889647522201317,"downloaders_all_left_share":0.016120329174721105,"downloaders_all_right_share":0.01403136442250097,"downloaders_without-hosting_delta_pp":0.002772372849609972,"downloaders_without-hosting_observed_common_delta_pp":0.002772372849609972,"downloaders_without-hosting_left_share":0.01917149670415608,"downloaders_without-hosting_right_share":0.016399123854546106,"uploaders_all_delta_pp":0.0010975247896409762,"uploaders_all_observed_common_delta_pp":0.0010975247896409762,"uploaders_all_left_share":0.002318875044971444,"uploaders_all_right_share":0.0012213502553304677,"uploaders_without-hosting_delta_pp":0.0017860275313045734,"uploaders_without-hosting_observed_common_delta_pp":0.0017860275313045734,"uploaders_without-hosting_left_share":0.0033308934735950973,"uploaders_without-hosting_right_share":0.0015448659422905241},"geometry":{"type":"Polygon","coordinates":[[[139.50112604209414,35.59453217352081],[139.40424041457243,35.61745355194465],[139.37624897903183,35.70310803846668],[139.44526000953354,35.76596883197294],[139.54237703835594,35.74309387888515],[139.57025126001471,35.65731167086974],[139.50112604209414,35.59453217352081]]]}},{"type":"Feature","properties":{"h3":"852f5bcffffffff","countries":["JPN"],"common_intervals":20,"left_observed_intervals":20,"right_observed_intervals":20,"full_window_comparable":true,"expected_intervals":20,"downloaders_all_delta_pp":0.0010518761802768063,"downloaders_all_observed_common_delta_pp":0.0010518761802768063,"downloaders_all_left_share":0.007058575648149978,"downloaders_all_right_share":0.0060066994678731715,"downloaders_without-hosting_delta_pp":0.0013749723155942885,"downloaders_without-hosting_observed_common_delta_pp":0.0013749723155942885,"downloaders_without-hosting_left_share":0.008392348938804601,"downloaders_without-hosting_right_share":0.007017376623210314,"uploaders_all_delta_pp":0.0015024550797980232,"uploaders_all_observed_common_delta_pp":0.0015024550797980232,"uploaders_all_left_share":0.0023446872637194506,"uploaders_all_right_share":0.0008422321839214273,"uploaders_without-hosting_delta_pp":0.0023260246442525145,"uploaders_without-hosting_observed_common_delta_pp":0.0023260246442525145,"uploaders_without-hosting_left_share":0.003408491811112635,"uploaders_without-hosting_right_share":0.00108246716686012},"geometry":{"type":"Polygon","coordinates":[[[139.33543716899823,35.55466781936349],[139.23875708684045,35.57745564786289],[139.2106497907502,35.66298212531115],[139.27933806345047,35.72584874569599],[139.37624897903183,35.70310803846668],[139.40424041457243,35.61745355194465],[139.33543716899823,35.55466781936349]]]}},{"type":"Feature","properties":{"h3":"852f5bd7fffffff","countries":["JPN"],"common_intervals":20,"left_observed_intervals":20,"right_observed_intervals":20,"full_window_comparable":true,"expected_intervals":20,"downloaders_all_delta_pp":0.0010806723015504797,"downloaders_all_observed_common_delta_pp":0.0010806723015504797,"downloaders_all_left_share":0.008330996160671634,"downloaders_all_right_share":0.007250323859121154,"downloaders_without-hosting_delta_pp":0.001439274525324051,"downloaders_without-hosting_observed_common_delta_pp":0.001439274525324051,"downloaders_without-hosting_left_share":0.009911068950259855,"downloaders_without-hosting_right_share":0.008471794424935803,"uploaders_all_delta_pp":0.001385352905361777,"uploaders_all_observed_common_delta_pp":0.001385352905361777,"uploaders_all_left_share":0.002524128966325806,"uploaders_all_right_share":0.001138776060964029,"uploaders_without-hosting_delta_pp":0.002235357055025289,"uploaders_without-hosting_observed_common_delta_pp":0.002235357055025289,"uploaders_without-hosting_left_share":0.0036757646748428337,"uploaders_without-hosting_right_share":0.0014404076198175453},"geometry":{"type":"Polygon","coordinates":[[[139.41917903778682,35.29772259518213],[139.32275322505083,35.32073674705754],[139.2948086599201,35.406332524331376],[139.36340521955663,35.46904215420992],[139.46006044362537,35.44607437468362],[139.48788932622497,35.360350555339956],[139.41917903778682,35.29772259518213]]]}},{"type":"Feature","properties":{"h3":"852f5bdbfffffff","countries":["JPN"],"common_intervals":20,"left_observed_intervals":20,"right_observed_intervals":20,"full_window_comparable":true,"expected_intervals":20,"downloaders_all_delta_pp":-8.922907466166178e-06,"downloaders_all_observed_common_delta_pp":-8.922907466166178e-06,"downloaders_all_left_share":0.0006250516368818234,"downloaders_all_right_share":0.0006339745443479895,"downloaders_without-hosting_delta_pp":2.337729528969625e-06,"downloaders_without-hosting_observed_common_delta_pp":2.337729528969625e-06,"downloaders_without-hosting_left_share":0.0007438971576655073,"downloaders_without-hosting_right_share":0.0007415594281365376,"uploaders_all_delta_pp":0.00015783246392843758,"uploaders_all_observed_common_delta_pp":0.00015783246392843758,"uploaders_all_left_share":0.00016774244169044748,"uploaders_all_right_share":9.909977762009901e-06,"uploaders_without-hosting_delta_pp":0.0002426488909654296,"uploaders_without-hosting_observed_common_delta_pp":0.0002426488909654296,"uploaders_without-hosting_left_share":0.00025396745884967236,"uploaders_without-hosting_right_share":1.1318567884242742e-05},"geometry":{"type":"Polygon","coordinates":[[[139.6258370507689,35.48567701654718],[139.52897764766755,35.50877862457114],[139.50112604209414,35.59453217352081],[139.57025126001471,35.65731167086974],[139.6673416239767,35.63425576574742],[139.6950754348258,35.548374625090744],[139.6258370507689,35.48567701654718]]]}},{"type":"Feature","properties":{"h3":"852f5e2ffffffff","countries":["JPN"],"common_intervals":0,"left_observed_intervals":4,"right_observed_intervals":3,"full_window_comparable":false,"expected_intervals":20,"downloaders_all_delta_pp":null,"downloaders_all_observed_common_delta_pp":null,"downloaders_all_left_share":null,"downloaders_all_right_share":null,"downloaders_without-hosting_delta_pp":null,"downloaders_without-hosting_observed_common_delta_pp":null,"downloaders_without-hosting_left_share":null,"downloaders_without-hosting_right_share":null,"uploaders_all_delta_pp":null,"uploaders_all_observed_common_delta_pp":null,"uploaders_all_left_share":null,"uploaders_all_right_share":null,"uploaders_without-hosting_delta_pp":null,"uploaders_without-hosting_observed_common_delta_pp":null,"uploaders_without-hosting_left_share":null,"uploaders_without-hosting_right_share":null},"geometry":{"type":"Polygon","coordinates":[[[140.45676690864275,35.12416822291953],[140.35962687848252,35.14825870219658],[140.3325751736829,35.23465175428624],[140.40278586799022,35.297080672237],[140.5001560445021,35.27303154843798],[140.5270850078628,35.18651212240159],[140.45676690864275,35.12416822291953]]]}},{"type":"Feature","properties":{"h3":"8530c96ffffffff","countries":["JPN"],"common_intervals":0,"left_observed_intervals":0,"right_observed_intervals":2,"full_window_comparable":false,"expected_intervals":20,"downloaders_all_delta_pp":null,"downloaders_all_observed_common_delta_pp":null,"downloaders_all_left_share":null,"downloaders_all_right_share":null,"downloaders_without-hosting_delta_pp":null,"downloaders_without-hosting_observed_common_delta_pp":null,"downloaders_without-hosting_left_share":null,"downloaders_without-hosting_right_share":null,"uploaders_all_delta_pp":null,"uploaders_all_observed_common_delta_pp":null,"uploaders_all_left_share":null,"uploaders_all_right_share":null,"uploaders_without-hosting_delta_pp":null,"uploaders_without-hosting_observed_common_delta_pp":null,"uploaders_without-hosting_left_share":null,"uploaders_without-hosting_right_share":null},"geometry":{"type":"Polygon","coordinates":[[[132.2245363224019,34.933810250172975],[132.13630617497827,34.95055563115336],[132.10358971165405,35.03002004133051],[132.1591656395862,35.092872405644954],[132.24760026586657,35.07620163088364],[132.28025418322088,34.99660379567142],[132.2245363224019,34.933810250172975]]]}},{"type":"Feature","properties":{"h3":"8530ca6bfffffff","countries":["JPN"],"common_intervals":14,"left_observed_intervals":18,"right_observed_intervals":15,"full_window_comparable":false,"expected_intervals":20,"downloaders_all_delta_pp":null,"downloaders_all_observed_common_delta_pp":3.608649859704469e-05,"downloaders_all_left_share":null,"downloaders_all_right_share":null,"downloaders_without-hosting_delta_pp":null,"downloaders_without-hosting_observed_common_delta_pp":4.7091572765416564e-05,"downloaders_without-hosting_left_share":null,"downloaders_without-hosting_right_share":null,"uploaders_all_delta_pp":null,"uploaders_all_observed_common_delta_pp":-4.910648002900769e-05,"uploaders_all_left_share":null,"uploaders_all_right_share":null,"uploaders_without-hosting_delta_pp":null,"uploaders_without-hosting_observed_common_delta_pp":-6.135605067243637e-05,"uploaders_without-hosting_left_share":null,"uploaders_without-hosting_right_share":null},"geometry":{"type":"Polygon","coordinates":[[[130.52321027241254,33.91170601840215],[130.61776006710627,33.891447974736245],[130.63507138676795,33.81991417807694],[130.55784267390348,33.76864439541194],[130.46333730613836,33.788927907877216],[130.44601630734243,33.860455664780794],[130.52321027241254,33.91170601840215]]]}},{"type":"Feature","properties":{"h3":"8530ca6ffffffff","countries":["JPN"],"common_intervals":1,"left_observed_intervals":3,"right_observed_intervals":5,"full_window_comparable":false,"expected_intervals":20,"downloaders_all_delta_pp":null,"downloaders_all_observed_common_delta_pp":2.2158024647281205e-05,"downloaders_all_left_share":null,"downloaders_all_right_share":null,"downloaders_without-hosting_delta_pp":null,"downloaders_without-hosting_observed_common_delta_pp":2.950096694150767e-05,"downloaders_without-hosting_left_share":null,"downloaders_without-hosting_right_share":null,"uploaders_all_delta_pp":null,"uploaders_all_observed_common_delta_pp":0.0,"uploaders_all_left_share":null,"uploaders_all_right_share":null,"uploaders_without-hosting_delta_pp":null,"uploaders_without-hosting_observed_common_delta_pp":0.0,"uploaders_without-hosting_left_share":null,"uploaders_without-hosting_right_share":null},"geometry":{"type":"Polygon","coordinates":[[[130.69503265528812,33.94258414628761],[130.7896505243722,33.92220579876888],[130.8069518304788,33.850666238786324],[130.7296453641743,33.79951072014965],[130.63507138676795,33.81991417807694],[130.61776006710627,33.891447974736245],[130.69503265528812,33.94258414628761]]]}},{"type":"Feature","properties":{"h3":"8530cb1bfffffff","countries":["JPN"],"common_intervals":0,"left_observed_intervals":0,"right_observed_intervals":1,"full_window_comparable":false,"expected_intervals":20,"downloaders_all_delta_pp":null,"downloaders_all_observed_common_delta_pp":null,"downloaders_all_left_share":null,"downloaders_all_right_share":null,"downloaders_without-hosting_delta_pp":null,"downloaders_without-hosting_observed_common_delta_pp":null,"downloaders_without-hosting_left_share":null,"downloaders_without-hosting_right_share":null,"uploaders_all_delta_pp":null,"uploaders_all_observed_common_delta_pp":null,"uploaders_all_left_share":null,"uploaders_all_right_share":null,"uploaders_without-hosting_delta_pp":null,"uploaders_without-hosting_observed_common_delta_pp":null,"uploaders_without-hosting_left_share":null,"uploaders_without-hosting_right_share":null},"geometry":{"type":"Polygon","coordinates":[[[131.45266733093618,34.52021098417163],[131.54764695528783,34.499563064225434],[131.56491506180728,34.42864671327266],[131.48721513526974,34.37838252897001],[131.39227707485384,34.39905333403211],[131.37499746063884,34.46996536922295],[131.45266733093618,34.52021098417163]]]}},{"type":"Feature","properties":{"h3":"8530cb47fffffff","countries":["JPN"],"common_intervals":20,"left_observed_intervals":20,"right_observed_intervals":20,"full_window_comparable":true,"expected_intervals":20,"downloaders_all_delta_pp":0.00029979188625474813,"downloaders_all_observed_common_delta_pp":0.00029979188625474813,"downloaders_all_left_share":0.001680706415767845,"downloaders_all_right_share":0.0013809145295130966,"downloaders_without-hosting_delta_pp":0.0003834186803298903,"downloaders_without-hosting_observed_common_delta_pp":0.0003834186803298903,"downloaders_without-hosting_left_share":0.0019989251091688184,"downloaders_without-hosting_right_share":0.0016155064288389282,"uploaders_all_delta_pp":-0.0003145612200878263,"uploaders_all_observed_common_delta_pp":-0.0003145612200878263,"uploaders_all_left_share":6.209020464931453e-05,"uploaders_all_right_share":0.00037665142473714084,"uploaders_without-hosting_delta_pp":-0.0003829950950034991,"uploaders_without-hosting_observed_common_delta_pp":-0.0003829950950034991,"uploaders_without-hosting_left_share":9.701014726140353e-05,"uploaders_without-hosting_right_share":0.0004800052422649027},"geometry":{"type":"Polygon","coordinates":[[[131.5044835936853,34.30730636377848],[131.59944034089096,34.286490117073114],[131.61669750949724,34.21524985630608],[131.53900961305354,34.164830119456155],[131.444094227597,34.185669486098874],[131.42682546033814,34.25690540021327],[131.5044835936853,34.30730636377848]]]}},{"type":"Feature","properties":{"h3":"8530cb6bfffffff","countries":["JPN"],"common_intervals":20,"left_observed_intervals":20,"right_observed_intervals":20,"full_window_comparable":true,"expected_intervals":20,"downloaders_all_delta_pp":0.00018941097052765286,"downloaders_all_observed_common_delta_pp":0.00018941097052765286,"downloaders_all_left_share":0.0006185635586413482,"downloaders_all_right_share":0.00042915258811369536,"downloaders_without-hosting_delta_pp":0.000234880625522059,"downloaders_without-hosting_observed_common_delta_pp":0.000234880625522059,"downloaders_without-hosting_left_share":0.00073522272533278,"downloaders_without-hosting_right_share":0.0005003420998107211,"uploaders_all_delta_pp":7.0301968144281e-05,"uploaders_all_observed_common_delta_pp":7.0301968144281e-05,"uploaders_all_left_share":8.347188909841542e-05,"uploaders_all_right_share":1.3169920954134433e-05,"uploaders_without-hosting_delta_pp":0.00010846571355150425,"uploaders_without-hosting_observed_common_delta_pp":0.00010846571355150425,"uploaders_without-hosting_left_share":0.00012390343469685964,"uploaders_without-hosting_right_share":1.5437721145355408e-05},"geometry":{"type":"Polygon","coordinates":[[[131.72891796209777,34.122883956080535],[131.8239099030907,34.101777143732996],[131.84114409099408,34.03020882184726],[131.76339844636738,33.97975134232898],[131.66844710789925,34.00088115886412],[131.65120089496992,34.07244538085654],[131.72891796209777,34.122883956080535]]]}},{"type":"Feature","properties":{"h3":"8530d903fffffff","countries":["JPN"],"common_intervals":17,"left_observed_intervals":18,"right_observed_intervals":18,"full_window_comparable":false,"expected_intervals":20,"downloaders_all_delta_pp":null,"downloaders_all_observed_common_delta_pp":1.6295386421575984e-05,"downloaders_all_left_share":null,"downloaders_all_right_share":null,"downloaders_without-hosting_delta_pp":null,"downloaders_without-hosting_observed_common_delta_pp":2.3627265229926657e-05,"downloaders_without-hosting_left_share":null,"downloaders_without-hosting_right_share":null,"uploaders_all_delta_pp":null,"uploaders_all_observed_common_delta_pp":8.401734944749224e-06,"uploaders_all_left_share":null,"uploaders_all_right_share":null,"uploaders_without-hosting_delta_pp":null,"uploaders_without-hosting_observed_common_delta_pp":1.3538055135805692e-05,"uploaders_without-hosting_left_share":null,"uploaders_without-hosting_right_share":null},"geometry":{"type":"Polygon","coordinates":[[[130.00106611185822,33.47940264559987],[130.0953379700416,33.459304702098706],[130.11266654999883,33.3873080843828],[130.0357320064203,33.33541647338138],[129.9415061216262,33.35554152757336],[129.92416888958334,33.427531012375724],[130.00106611185822,33.47940264559987]]]}},{"type":"Feature","properties":{"h3":"8530d90bfffffff","countries":["JPN"],"common_intervals":11,"left_observed_intervals":16,"right_observed_intervals":15,"full_window_comparable":false,"expected_intervals":20,"downloaders_all_delta_pp":null,"downloaders_all_observed_common_delta_pp":4.176076420344356e-05,"downloaders_all_left_share":null,"downloaders_all_right_share":null,"downloaders_without-hosting_delta_pp":null,"downloaders_without-hosting_observed_common_delta_pp":5.341617928985722e-05,"downloaders_without-hosting_left_share":null,"downloaders_without-hosting_right_share":null,"uploaders_all_delta_pp":null,"uploaders_all_observed_common_delta_pp":0.0006292903999082798,"uploaders_all_left_share":null,"uploaders_all_right_share":null,"uploaders_without-hosting_delta_pp":null,"uploaders_without-hosting_observed_common_delta_pp":0.0009576784555419576,"uploaders_without-hosting_left_share":null,"uploaders_without-hosting_right_share":null},"geometry":{"type":"Polygon","coordinates":[[[129.9415061216262,33.35554152757336],[130.0357320064203,33.33541647338138],[130.0530599155377,33.26326170151036],[129.97617055507678,33.21123923301228],[129.88199080476522,33.23139170516823],[129.8646543629003,33.303539158026815],[129.9415061216262,33.35554152757336]]]}},{"type":"Feature","properties":{"h3":"8530d90ffffffff","countries":["JPN"],"common_intervals":1,"left_observed_intervals":6,"right_observed_intervals":9,"full_window_comparable":false,"expected_intervals":20,"downloaders_all_delta_pp":null,"downloaders_all_observed_common_delta_pp":-5.066771505090741e-05,"downloaders_all_left_share":null,"downloaders_all_right_share":null,"downloaders_without-hosting_delta_pp":null,"downloaders_without-hosting_observed_common_delta_pp":-5.474081368000603e-05,"downloaders_without-hosting_left_share":null,"downloaders_without-hosting_right_share":null,"uploaders_all_delta_pp":null,"uploaders_all_observed_common_delta_pp":0.0,"uploaders_all_left_share":null,"uploaders_all_right_share":null,"uploaders_without-hosting_delta_pp":null,"uploaders_without-hosting_observed_common_delta_pp":0.0,"uploaders_without-hosting_left_share":null,"uploaders_without-hosting_right_share":null},"geometry":{"type":"Polygon","coordinates":[[[130.11266654999883,33.3873080843828],[130.20696583396068,33.36706486805121],[130.2242848780355,33.294903063921105],[130.14731358577313,33.242991438471456],[130.0530599155377,33.26326170151036],[130.0357320064203,33.33541647338138],[130.11266654999883,33.3873080843828]]]}},{"type":"Feature","properties":{"h3":"8530d923fffffff","countries":["JPN"],"common_intervals":19,"left_observed_intervals":19,"right_observed_intervals":19,"full_window_comparable":false,"expected_intervals":20,"downloaders_all_delta_pp":null,"downloaders_all_observed_common_delta_pp":8.095650292984733e-05,"downloaders_all_left_share":null,"downloaders_all_right_share":null,"downloaders_without-hosting_delta_pp":null,"downloaders_without-hosting_observed_common_delta_pp":0.00010184437307983235,"downloaders_without-hosting_left_share":null,"downloaders_without-hosting_right_share":null,"uploaders_all_delta_pp":null,"uploaders_all_observed_common_delta_pp":0.0006428503741069946,"uploaders_all_left_share":null,"uploaders_all_right_share":null,"uploaders_without-hosting_delta_pp":null,"uploaders_without-hosting_observed_common_delta_pp":0.0009233073757556474,"uploaders_without-hosting_left_share":null,"uploaders_without-hosting_right_share":null},"geometry":{"type":"Polygon","coordinates":[[[130.45544933344246,33.450151533289414],[130.54989062911503,33.42967094742587],[130.5671909445958,33.35749594007258],[130.49005957802962,33.30580790649773],[130.39566284286707,33.32631480223306],[130.3783529965446,33.3984833516093],[130.45544933344246,33.450151533289414]]]}},{"type":"Feature","properties":{"h3":"8530d927fffffff","countries":["JPN"],"common_intervals":0,"left_observed_intervals":2,"right_observed_intervals":2,"full_window_comparable":false,"expected_intervals":20,"downloaders_all_delta_pp":null,"downloaders_all_observed_common_delta_pp":null,"downloaders_all_left_share":null,"downloaders_all_right_share":null,"downloaders_without-hosting_delta_pp":null,"downloaders_without-hosting_observed_common_delta_pp":null,"downloaders_without-hosting_left_share":null,"downloaders_without-hosting_right_share":null,"uploaders_all_delta_pp":null,"uploaders_all_observed_common_delta_pp":null,"uploaders_all_left_share":null,"uploaders_all_right_share":null,"uploaders_without-hosting_delta_pp":null,"uploaders_without-hosting_observed_common_delta_pp":null,"uploaders_without-hosting_left_share":null,"uploaders_without-hosting_right_share":null},"geometry":{"type":"Polygon","coordinates":[[[130.62706595884626,33.48122647190754],[130.72157585079253,33.46062669280797],[130.73886630199786,33.38844551499929],[130.661656808404,33.33687021661026],[130.5671909445958,33.35749594007258],[130.54989062911503,33.42967094742587],[130.62706595884626,33.48122647190754]]]}},{"type":"Feature","properties":{"h3":"8530d92bfffffff","countries":["JPN"],"common_intervals":0,"left_observed_intervals":2,"right_observed_intervals":4,"full_window_comparable":false,"expected_intervals":20,"downloaders_all_delta_pp":null,"downloaders_all_observed_common_delta_pp":null,"downloaders_all_left_share":null,"downloaders_all_right_share":null,"downloaders_without-hosting_delta_pp":null,"downloaders_without-hosting_observed_common_delta_pp":null,"downloaders_without-hosting_left_share":null,"downloaders_without-hosting_right_share":null,"uploaders_all_delta_pp":null,"uploaders_all_observed_common_delta_pp":null,"uploaders_all_left_share":null,"uploaders_all_right_share":null,"uploaders_without-hosting_delta_pp":null,"uploaders_without-hosting_observed_common_delta_pp":null,"uploaders_without-hosting_left_share":null,"uploaders_without-hosting_right_share":null},"geometry":{"type":"Polygon","coordinates":[[[130.39566284286707,33.32631480223306],[130.49005957802962,33.30580790649773],[130.5073595409412,33.23347432515184],[130.430272262034,33.181654208170734],[130.3359202528626,33.20218771483117],[130.3186108793052,33.274514657352704],[130.39566284286707,33.32631480223306]]]}},{"type":"Feature","properties":{"h3":"8530d92ffffffff","countries":["JPN"],"common_intervals":20,"left_observed_intervals":20,"right_observed_intervals":20,"full_window_comparable":true,"expected_intervals":20,"downloaders_all_delta_pp":0.0003543688893440102,"downloaders_all_observed_common_delta_pp":0.0003543688893440102,"downloaders_all_left_share":0.0022222204933833815,"downloaders_all_right_share":0.0018678516040393708,"downloaders_without-hosting_delta_pp":0.00045887919196746464,"downloaders_without-hosting_observed_common_delta_pp":0.00045887919196746464,"downloaders_without-hosting_left_share":0.002640998202243094,"downloaders_without-hosting_right_share":0.00218211901027563,"uploaders_all_delta_pp":0.0005551647722272418,"uploaders_all_observed_common_delta_pp":0.0005551647722272418,"uploaders_all_left_share":0.0008820493625184627,"uploaders_all_right_share":0.00032688459029122085,"uploaders_without-hosting_delta_pp":0.0008943418750352001,"uploaders_without-hosting_observed_common_delta_pp":0.0008943418750352001,"uploaders_without-hosting_left_share":0.0013064344336418828,"uploaders_without-hosting_right_share":0.00041209255860668307},"geometry":{"type":"Polygon","coordinates":[[[130.5671909445958,33.35749594007258],[130.661656808404,33.33687021661026],[130.67894702756672,33.26453028668841],[130.60178120945884,33.21282235853512],[130.5073595409412,33.23347432515184],[130.49005957802962,33.30580790649773],[130.5671909445958,33.35749594007258]]]}},{"type":"Feature","properties":{"h3":"8530d937fffffff","countries":["JPN"],"common_intervals":20,"left_observed_intervals":20,"right_observed_intervals":20,"full_window_comparable":true,"expected_intervals":20,"downloaders_all_delta_pp":0.00016980205745949494,"downloaders_all_observed_common_delta_pp":0.00016980205745949494,"downloaders_all_left_share":0.0009511690166832742,"downloaders_all_right_share":0.0007813669592237791,"downloaders_without-hosting_delta_pp":0.00021734631683982078,"downloaders_without-hosting_observed_common_delta_pp":0.00021734631683982078,"downloaders_without-hosting_left_share":0.0011309955956158879,"downloaders_without-hosting_right_share":0.0009136492787760672,"uploaders_all_delta_pp":0.0001657065453333862,"uploaders_all_observed_common_delta_pp":0.0001657065453333862,"uploaders_all_left_share":0.0002312311522339883,"uploaders_all_right_share":6.552460690060215e-05,"uploaders_without-hosting_delta_pp":0.0002548682575107063,"uploaders_without-hosting_observed_common_delta_pp":0.0002548682575107063,"uploaders_without-hosting_left_share":0.00033938537587002975,"uploaders_without-hosting_right_share":8.45171183593235e-05},"geometry":{"type":"Polygon","coordinates":[[[130.5152796426573,33.57369735966047],[130.60976533266773,33.5532427830685],[130.62706595884626,33.48122647190754],[130.54989062911503,33.42967094742587],[130.45544933344246,33.450151533289414],[130.43813905603213,33.52216156443721],[130.5152796426573,33.57369735966047]]]}},{"type":"Feature","properties":{"h3":"8530d943fffffff","countries":["JPN"],"common_intervals":19,"left_observed_intervals":20,"right_observed_intervals":19,"full_window_comparable":false,"expected_intervals":20,"downloaders_all_delta_pp":null,"downloaders_all_observed_common_delta_pp":2.369024250503536e-06,"downloaders_all_left_share":null,"downloaders_all_right_share":null,"downloaders_without-hosting_delta_pp":null,"downloaders_without-hosting_observed_common_delta_pp":1.1577378612631258e-05,"downloaders_without-hosting_left_share":null,"downloaders_without-hosting_right_share":null,"uploaders_all_delta_pp":null,"uploaders_all_observed_common_delta_pp":0.00016082540538334513,"uploaders_all_left_share":null,"uploaders_all_right_share":null,"uploaders_without-hosting_delta_pp":null,"uploaders_without-hosting_observed_common_delta_pp":0.0002795730658880407,"uploaders_without-hosting_left_share":null,"uploaders_without-hosting_right_share":null},"geometry":{"type":"Polygon","coordinates":[[[129.71108037881046,33.19929407871411],[129.8051846287041,33.179259037854756],[129.82252023931952,33.10695375070015],[129.74575976443714,33.054691231731105],[129.65170232449918,33.074754373505165],[129.63435863173606,33.147051863457015],[129.71108037881046,33.19929407871411]]]}},{"type":"Feature","properties":{"h3":"8530d94bfffffff","countries":["JPN"],"common_intervals":0,"left_observed_intervals":2,"right_observed_intervals":0,"full_window_comparable":false,"expected_intervals":20,"downloaders_all_delta_pp":null,"downloaders_all_observed_common_delta_pp":null,"downloaders_all_left_share":null,"downloaders_all_right_share":null,"downloaders_without-hosting_delta_pp":null,"downloaders_without-hosting_observed_common_delta_pp":null,"downloaders_without-hosting_left_share":null,"downloaders_without-hosting_right_share":null,"uploaders_all_delta_pp":null,"uploaders_all_observed_common_delta_pp":null,"uploaders_all_left_share":null,"uploaders_all_right_share":null,"uploaders_without-hosting_delta_pp":null,"uploaders_without-hosting_observed_common_delta_pp":null,"uploaders_without-hosting_left_share":null,"uploaders_without-hosting_right_share":null},"geometry":{"type":"Polygon","coordinates":[[[129.65170232449918,33.074754373505165],[129.74575976443714,33.054691231731105],[129.76309450283026,32.982228251213186],[129.6863798470389,32.92983633428236],[129.5923693750301,32.94992788719806],[129.5750266730332,33.02238287590454],[129.65170232449918,33.074754373505165]]]}},{"type":"Feature","properties":{"h3":"8530d967fffffff","countries":["JPN"],"common_intervals":17,"left_observed_intervals":18,"right_observed_intervals":19,"full_window_comparable":false,"expected_intervals":20,"downloaders_all_delta_pp":null,"downloaders_all_observed_common_delta_pp":2.981059637788713e-05,"downloaders_all_left_share":null,"downloaders_all_right_share":null,"downloaders_without-hosting_delta_pp":null,"downloaders_without-hosting_observed_common_delta_pp":4.107758511067806e-05,"downloaders_without-hosting_left_share":null,"downloaders_without-hosting_right_share":null,"uploaders_all_delta_pp":null,"uploaders_all_observed_common_delta_pp":-3.689082639509116e-05,"uploaders_all_left_share":null,"uploaders_all_right_share":null,"uploaders_without-hosting_delta_pp":null,"uploaders_without-hosting_observed_common_delta_pp":-4.868207876370887e-05,"uploaders_without-hosting_left_share":null,"uploaders_without-hosting_right_share":null},"geometry":{"type":"Polygon","coordinates":[[[130.3359202528626,33.20218771483117],[130.430272262034,33.181654208170734],[130.44757183059917,33.10916218216899],[130.37052876324915,33.05721041506799],[130.2762216448581,33.07777083413742],[130.25891278564777,33.15025603757481],[130.3359202528626,33.20218771483117]]]}},{"type":"Feature","properties":{"h3":"8530d973fffffff","countries":["JPN"],"common_intervals":2,"left_observed_intervals":7,"right_observed_intervals":8,"full_window_comparable":false,"expected_intervals":20,"downloaders_all_delta_pp":null,"downloaders_all_observed_common_delta_pp":6.133278123547943e-05,"downloaders_all_left_share":null,"downloaders_all_right_share":null,"downloaders_without-hosting_delta_pp":null,"downloaders_without-hosting_observed_common_delta_pp":7.75019308481491e-05,"downloaders_without-hosting_left_share":null,"downloaders_without-hosting_right_share":null,"uploaders_all_delta_pp":null,"uploaders_all_observed_common_delta_pp":0.0,"uploaders_all_left_share":null,"uploaders_all_right_share":null,"uploaders_without-hosting_delta_pp":null,"uploaders_without-hosting_observed_common_delta_pp":0.0,"uploaders_without-hosting_left_share":null,"uploaders_without-hosting_right_share":null},"geometry":{"type":"Polygon","coordinates":[[[130.0530599155377,33.26326170151036],[130.14731358577313,33.242991438471456],[130.16463203722955,33.17067142476489],[130.0877056464847,33.118628822601735],[129.99349775207702,33.13892643784976],[129.97617055507678,33.21123923301228],[130.0530599155377,33.26326170151036]]]}},{"type":"Feature","properties":{"h3":"8530d977fffffff","countries":["JPN"],"common_intervals":20,"left_observed_intervals":20,"right_observed_intervals":20,"full_window_comparable":true,"expected_intervals":20,"downloaders_all_delta_pp":0.000112690827884024,"downloaders_all_observed_common_delta_pp":0.000112690827884024,"downloaders_all_left_share":0.0008048955010941699,"downloaders_all_right_share":0.0006922046732101458,"downloaders_without-hosting_delta_pp":0.00014903517126817678,"downloaders_without-hosting_observed_common_delta_pp":0.00014903517126817678,"downloaders_without-hosting_left_share":0.000957081603756118,"downloaders_without-hosting_right_share":0.0008080464324879413,"uploaders_all_delta_pp":0.0005349393995077339,"uploaders_all_observed_common_delta_pp":0.0005349393995077339,"uploaders_all_left_share":0.000609302259045269,"uploaders_all_right_share":7.436285953753512e-05,"uploaders_without-hosting_delta_pp":0.0007983424545711136,"uploaders_without-hosting_observed_common_delta_pp":0.0007983424545711136,"uploaders_without-hosting_left_share":0.0008926886997515808,"uploaders_without-hosting_right_share":9.434624518046726e-05},"geometry":{"type":"Polygon","coordinates":[[[130.2242848780355,33.294903063921105],[130.3186108793052,33.274514657352704],[130.3359202528626,33.20218771483117],[130.25891278564777,33.15025603757481],[130.16463203722955,33.17067142476489],[130.14731358577313,33.242991438471456],[130.2242848780355,33.294903063921105]]]}},{"type":"Feature","properties":{"h3":"8530d97bfffffff","countries":["JPN"],"common_intervals":1,"left_observed_intervals":3,"right_observed_intervals":5,"full_window_comparable":false,"expected_intervals":20,"downloaders_all_delta_pp":null,"downloaders_all_observed_common_delta_pp":0.0002694531984612802,"downloaders_all_left_share":null,"downloaders_all_right_share":null,"downloaders_without-hosting_delta_pp":null,"downloaders_without-hosting_observed_common_delta_pp":0.0003243207961098343,"downloaders_without-hosting_left_share":null,"downloaders_without-hosting_right_share":null,"uploaders_all_delta_pp":null,"uploaders_all_observed_common_delta_pp":0.0,"uploaders_all_left_share":null,"uploaders_all_right_share":null,"uploaders_without-hosting_delta_pp":null,"uploaders_without-hosting_observed_common_delta_pp":0.0,"uploaders_without-hosting_left_share":null,"uploaders_without-hosting_right_share":null},"geometry":{"type":"Polygon","coordinates":[[[129.99349775207702,33.13892643784976],[130.0877056464847,33.118628822601735],[130.10502346394006,33.04615073444523],[130.02814209563348,32.99397759910182],[129.93398013845797,33.014302872465805],[129.91665369475444,33.08677355289211],[129.99349775207702,33.13892643784976]]]}},{"type":"Feature","properties":{"h3":"8530d993fffffff","countries":["JPN"],"common_intervals":3,"left_observed_intervals":9,"right_observed_intervals":7,"full_window_comparable":false,"expected_intervals":20,"downloaders_all_delta_pp":null,"downloaders_all_observed_common_delta_pp":-1.9720285120647223e-05,"downloaders_all_left_share":null,"downloaders_all_right_share":null,"downloaders_without-hosting_delta_pp":null,"downloaders_without-hosting_observed_common_delta_pp":-2.1178390816868376e-05,"downloaders_without-hosting_left_share":null,"downloaders_without-hosting_right_share":null,"uploaders_all_delta_pp":null,"uploaders_all_observed_common_delta_pp":0.0,"uploaders_all_left_share":null,"uploaders_all_right_share":null,"uploaders_without-hosting_delta_pp":null,"uploaders_without-hosting_observed_common_delta_pp":0.0,"uploaders_without-hosting_left_share":null,"uploaders_without-hosting_right_share":null},"geometry":{"type":"Polygon","coordinates":[[[129.72584319616675,33.87683913736957],[129.82007542223678,33.85720441147015],[129.8374326646408,33.78586164826126],[129.76056589529864,33.73416077770854],[129.66638055544405,33.75382248189924],[129.64901518129417,33.825158009433636],[129.72584319616675,33.87683913736957]]]}},{"type":"Feature","properties":{"h3":"8530d9a7fffffff","countries":["JPN"],"common_intervals":14,"left_observed_intervals":15,"right_observed_intervals":17,"full_window_comparable":false,"expected_intervals":20,"downloaders_all_delta_pp":null,"downloaders_all_observed_common_delta_pp":2.9878181776608283e-05,"downloaders_all_left_share":null,"downloaders_all_right_share":null,"downloaders_without-hosting_delta_pp":null,"downloaders_without-hosting_observed_common_delta_pp":4.295526182905416e-05,"downloaders_without-hosting_left_share":null,"downloaders_without-hosting_right_share":null,"uploaders_all_delta_pp":null,"uploaders_all_observed_common_delta_pp":7.257665758758843e-05,"uploaders_all_left_share":null,"uploaders_all_right_share":null,"uploaders_without-hosting_delta_pp":null,"uploaders_without-hosting_observed_common_delta_pp":9.310784072698432e-05,"uploaders_without-hosting_left_share":null,"uploaders_without-hosting_right_share":null},"geometry":{"type":"Polygon","coordinates":[[[130.46333730613836,33.788927907877216],[130.55784267390348,33.76864439541194],[130.57515368807796,33.696951747640576],[130.49796897593143,33.645548754592035],[130.40350820166614,33.665858037251326],[130.38618762899586,33.737544473192656],[130.46333730613836,33.788927907877216]]]}},{"type":"Feature","properties":{"h3":"8530d9abfffffff","countries":["JPN"],"common_intervals":3,"left_observed_intervals":9,"right_observed_intervals":6,"full_window_comparable":false,"expected_intervals":20,"downloaders_all_delta_pp":null,"downloaders_all_observed_common_delta_pp":4.2450633830115165e-05,"downloaders_all_left_share":null,"downloaders_all_right_share":null,"downloaders_without-hosting_delta_pp":null,"downloaders_without-hosting_observed_common_delta_pp":5.42876149834846e-05,"downloaders_without-hosting_left_share":null,"downloaders_without-hosting_right_share":null,"uploaders_all_delta_pp":null,"uploaders_all_observed_common_delta_pp":0.0,"uploaders_all_left_share":null,"uploaders_all_right_share":null,"uploaders_without-hosting_delta_pp":null,"uploaders_without-hosting_observed_common_delta_pp":0.0,"uploaders_without-hosting_left_share":null,"uploaders_without-hosting_right_share":null},"geometry":{"type":"Polygon","coordinates":[[[130.23201291404342,33.63453196504854],[130.32640293636715,33.61434192736035],[130.34372304114495,33.54249691919201],[130.2666623110065,33.49084854742861],[130.17231757611643,33.511065022126814],[130.15498836669408,33.58290336193776],[130.23201291404342,33.63453196504854]]]}},{"type":"Feature","properties":{"h3":"8530d9affffffff","countries":["JPN"],"common_intervals":20,"left_observed_intervals":20,"right_observed_intervals":20,"full_window_comparable":true,"expected_intervals":20,"downloaders_all_delta_pp":0.0028204460973708595,"downloaders_all_observed_common_delta_pp":0.0028204460973708595,"downloaders_all_left_share":0.02021319423619181,"downloaders_all_right_share":0.01739274813882095,"downloaders_without-hosting_delta_pp":0.00371570767916182,"downloaders_without-hosting_observed_common_delta_pp":0.00371570767916182,"downloaders_without-hosting_left_share":0.024043174980685773,"downloaders_without-hosting_right_share":0.020327467301523953,"uploaders_all_delta_pp":0.0029648065424701746,"uploaders_all_observed_common_delta_pp":0.0029648065424701746,"uploaders_all_left_share":0.006795339490405056,"uploaders_all_right_share":0.003830532947934881,"uploaders_without-hosting_delta_pp":0.004937961857782116,"uploaders_without-hosting_observed_common_delta_pp":0.004937961857782116,"uploaders_without-hosting_left_share":0.009701975345753119,"uploaders_without-hosting_right_share":0.004764013487971001},"geometry":{"type":"Polygon","coordinates":[[[130.40350820166614,33.665858037251326],[130.49796897593143,33.645548754592035],[130.5152796426573,33.57369735966047],[130.43813905603213,33.52216156443721],[130.34372304114495,33.54249691919201],[130.32640293636715,33.61434192736035],[130.40350820166614,33.665858037251326]]]}},{"type":"Feature","properties":{"h3":"8530dab7fffffff","countries":["JPN"],"common_intervals":1,"left_observed_intervals":1,"right_observed_intervals":4,"full_window_comparable":false,"expected_intervals":20,"downloaders_all_delta_pp":null,"downloaders_all_observed_common_delta_pp":7.967532909454331e-06,"downloaders_all_left_share":null,"downloaders_all_right_share":null,"downloaders_without-hosting_delta_pp":null,"downloaders_without-hosting_observed_common_delta_pp":8.016343847221975e-06,"downloaders_without-hosting_left_share":null,"downloaders_without-hosting_right_share":null,"uploaders_all_delta_pp":null,"uploaders_all_observed_common_delta_pp":0.0,"uploaders_all_left_share":null,"uploaders_all_right_share":null,"uploaders_without-hosting_delta_pp":null,"uploaders_without-hosting_observed_common_delta_pp":0.0,"uploaders_without-hosting_left_share":null,"uploaders_without-hosting_right_share":null},"geometry":{"type":"Polygon","coordinates":[[[128.7412488006438,32.785076429761865],[128.8348533466984,32.765562586639305],[128.85222310222906,32.69298594796174],[128.77599459319885,32.63993274079027],[128.6824396692501,32.6594772285594],[128.66506371349556,32.7320442091985],[128.7412488006438,32.785076429761865]]]}},{"type":"Feature","properties":{"h3":"8530dba3fffffff","countries":["JPN"],"common_intervals":20,"left_observed_intervals":20,"right_observed_intervals":20,"full_window_comparable":true,"expected_intervals":20,"downloaders_all_delta_pp":0.0002822748674760741,"downloaders_all_observed_common_delta_pp":0.0002822748674760741,"downloaders_all_left_share":0.002097511821014184,"downloaders_all_right_share":0.0018152369535381098,"downloaders_without-hosting_delta_pp":0.00037253857730019447,"downloaders_without-hosting_observed_common_delta_pp":0.00037253857730019447,"downloaders_without-hosting_left_share":0.002494505675218597,"downloaders_without-hosting_right_share":0.002121967097918403,"uploaders_all_delta_pp":0.0002453129714578584,"uploaders_all_observed_common_delta_pp":0.0002453129714578584,"uploaders_all_left_share":0.0005618872175950382,"uploaders_all_right_share":0.0003165742461371797,"uploaders_without-hosting_delta_pp":0.00042047606806302286,"uploaders_without-hosting_observed_common_delta_pp":0.00042047606806302286,"uploaders_without-hosting_left_share":0.0008311059936506269,"uploaders_without-hosting_right_share":0.0004106299255876039},"geometry":{"type":"Polygon","coordinates":[[[129.8745071530192,32.88939159922476],[129.96862301225556,32.869038361456155],[129.98593943794856,32.796244558651644],[129.90914847488503,32.74381171805003],[129.81507887359732,32.76419322687029],[129.79775405963386,32.83697923483567],[129.8745071530192,32.88939159922476]]]}},{"type":"Feature","properties":{"h3":"8530dba7fffffff","countries":["JPN"],"common_intervals":6,"left_observed_intervals":10,"right_observed_intervals":9,"full_window_comparable":false,"expected_intervals":20,"downloaders_all_delta_pp":null,"downloaders_all_observed_common_delta_pp":5.046778698348871e-05,"downloaders_all_left_share":null,"downloaders_all_right_share":null,"downloaders_without-hosting_delta_pp":null,"downloaders_without-hosting_observed_common_delta_pp":6.386445657476207e-05,"downloaders_without-hosting_left_share":null,"downloaders_without-hosting_right_share":null,"uploaders_all_delta_pp":null,"uploaders_all_observed_common_delta_pp":0.0,"uploaders_all_left_share":null,"uploaders_all_right_share":null,"uploaders_without-hosting_delta_pp":null,"uploaders_without-hosting_observed_common_delta_pp":0.0,"uploaders_without-hosting_left_share":null,"uploaders_without-hosting_right_share":null},"geometry":{"type":"Polygon","coordinates":[[[130.04545923780196,32.92134157882749],[130.13964899190358,32.90087131887485],[130.1569566980574,32.828070019132056],[130.08008345197499,32.77574640579118],[129.98593943794856,32.796244558651644],[129.96862301225556,32.869038361456155],[130.04545923780196,32.92134157882749]]]}},{"type":"Feature","properties":{"h3":"8530dbb7fffffff","countries":["JPN"],"common_intervals":1,"left_observed_intervals":2,"right_observed_intervals":1,"full_window_comparable":false,"expected_intervals":20,"downloaders_all_delta_pp":null,"downloaders_all_observed_common_delta_pp":-6.601920940619013e-05,"downloaders_all_left_share":null,"downloaders_all_right_share":null,"downloaders_without-hosting_delta_pp":null,"downloaders_without-hosting_observed_common_delta_pp":-7.962730409174999e-05,"downloaders_without-hosting_left_share":null,"downloaders_without-hosting_right_share":null,"uploaders_all_delta_pp":null,"uploaders_all_observed_common_delta_pp":0.0,"uploaders_all_left_share":null,"uploaders_all_right_share":null,"uploaders_without-hosting_delta_pp":null,"uploaders_without-hosting_observed_common_delta_pp":0.0,"uploaders_without-hosting_left_share":null,"uploaders_without-hosting_right_share":null},"geometry":{"type":"Polygon","coordinates":[[[129.93398013845797,33.014302872465805],[130.02814209563348,32.99397759910182],[130.04545923780196,32.92134157882749],[129.96862301225556,32.869038361456155],[129.8745071530192,32.88939159922476],[129.85718150369405,32.962020019673176],[129.93398013845797,33.014302872465805]]]}},{"type":"Feature","properties":{"h3":"8530dd17fffffff","countries":["JPN"],"common_intervals":0,"left_observed_intervals":2,"right_observed_intervals":2,"full_window_comparable":false,"expected_intervals":20,"downloaders_all_delta_pp":null,"downloaders_all_observed_common_delta_pp":null,"downloaders_all_left_share":null,"downloaders_all_right_share":null,"downloaders_without-hosting_delta_pp":null,"downloaders_without-hosting_observed_common_delta_pp":null,"downloaders_without-hosting_left_share":null,"downloaders_without-hosting_right_share":null,"uploaders_all_delta_pp":null,"uploaders_all_observed_common_delta_pp":null,"uploaders_all_left_share":null,"uploaders_all_right_share":null,"uploaders_without-hosting_delta_pp":null,"uploaders_without-hosting_observed_common_delta_pp":null,"uploaders_without-hosting_left_share":null,"uploaders_without-hosting_right_share":null},"geometry":{"type":"Polygon","coordinates":[[[129.2797019176032,34.237640436565684],[129.37381034460677,34.21858827530546],[129.391203069912,34.147906491596],[129.31449472831738,34.0962843801649],[129.22043460254193,34.11536372468395],[129.203034599556,34.18603792934636],[129.2797019176032,34.237640436565684]]]}},{"type":"Feature","properties":{"h3":"854a2613fffffff","countries":["JPN"],"common_intervals":20,"left_observed_intervals":20,"right_observed_intervals":20,"full_window_comparable":true,"expected_intervals":20,"downloaders_all_delta_pp":0.0001765983488614634,"downloaders_all_observed_common_delta_pp":0.0001765983488614634,"downloaders_all_left_share":0.0012819536696179368,"downloaders_all_right_share":0.0011053553207564736,"downloaders_without-hosting_delta_pp":0.0002323398019425106,"downloaders_without-hosting_observed_common_delta_pp":0.0002323398019425106,"downloaders_without-hosting_left_share":0.0015244640233539452,"downloaders_without-hosting_right_share":0.0012921242214114345,"uploaders_all_delta_pp":0.0002627694161885598,"uploaders_all_observed_common_delta_pp":0.0002627694161885598,"uploaders_all_left_share":0.000735836081677941,"uploaders_all_right_share":0.0004730666654893812,"uploaders_without-hosting_delta_pp":0.0004953287265484651,"uploaders_without-hosting_observed_common_delta_pp":0.0004953287265484651,"uploaders_without-hosting_left_share":0.001074265513130631,"uploaders_without-hosting_right_share":0.0005789367865821659},"geometry":{"type":"Polygon","coordinates":[[[127.79159887651059,26.472518443909014],[127.88369480825622,26.44989262971356],[127.9009068348754,26.369473465619517],[127.82602728789254,26.311699195666993],[127.73398252851919,26.3343661590772],[127.71676622133562,26.4147661719012],[127.79159887651059,26.472518443909014]]]}},{"type":"Feature","properties":{"h3":"854a261bfffffff","countries":["JPN"],"common_intervals":20,"left_observed_intervals":20,"right_observed_intervals":20,"full_window_comparable":true,"expected_intervals":20,"downloaders_all_delta_pp":0.0002639269923940688,"downloaders_all_observed_common_delta_pp":0.0002639269923940688,"downloaders_all_left_share":0.001481180209158216,"downloaders_all_right_share":0.0012172532167641472,"downloaders_without-hosting_delta_pp":0.00034106933961199813,"downloaders_without-hosting_observed_common_delta_pp":0.00034106933961199813,"downloaders_without-hosting_left_share":0.0017625811166198184,"downloaders_without-hosting_right_share":0.0014215117770078204,"uploaders_all_delta_pp":0.00036712239101233156,"uploaders_all_observed_common_delta_pp":0.00036712239101233156,"uploaders_all_left_share":0.000557974846435004,"uploaders_all_right_share":0.00019085245542267254,"uploaders_without-hosting_delta_pp":0.0005352571398922527,"uploaders_without-hosting_observed_common_delta_pp":0.0005352571398922527,"uploaders_without-hosting_left_share":0.0007640391155117542,"uploaders_without-hosting_right_share":0.00022878197561950164},"geometry":{"type":"Polygon","coordinates":[[[127.73398252851919,26.3343661590772],[127.82602728789254,26.311699195666993],[127.84323717595008,26.23113879364719],[127.76840655297669,26.173264766694032],[127.67641309924554,26.195973161134877],[127.65919904030201,26.276514080302313],[127.73398252851919,26.3343661590772]]]}},{"type":"Feature","properties":{"h3":"854a2657fffffff","countries":["JPN"],"common_intervals":8,"left_observed_intervals":13,"right_observed_intervals":11,"full_window_comparable":false,"expected_intervals":20,"downloaders_all_delta_pp":null,"downloaders_all_observed_common_delta_pp":5.7075370178442504e-05,"downloaders_all_left_share":null,"downloaders_all_right_share":null,"downloaders_without-hosting_delta_pp":null,"downloaders_without-hosting_observed_common_delta_pp":7.26867522628742e-05,"downloaders_without-hosting_left_share":null,"downloaders_without-hosting_right_share":null,"uploaders_all_delta_pp":null,"uploaders_all_observed_common_delta_pp":0.00025919748206183285,"uploaders_all_left_share":null,"uploaders_all_right_share":null,"uploaders_without-hosting_delta_pp":null,"uploaders_without-hosting_observed_common_delta_pp":0.0003842972668029182,"uploaders_without-hosting_left_share":null,"uploaders_without-hosting_right_share":null},"geometry":{"type":"Polygon","coordinates":[[[127.67641309924554,26.195973161134877],[127.76840655297669,26.173264766694032],[127.78561426546803,26.092563692656885],[127.71083266300685,26.034590759194412],[127.61889064750115,26.057340865423196],[127.60167887356417,26.13802212226476],[127.67641309924554,26.195973161134877]]]}},{"type":"Feature","properties":{"h3":"854a26bbfffffff","countries":["JPN"],"common_intervals":1,"left_observed_intervals":5,"right_observed_intervals":3,"full_window_comparable":false,"expected_intervals":20,"downloaders_all_delta_pp":null,"downloaders_all_observed_common_delta_pp":1.458345132200572e-05,"downloaders_all_left_share":null,"downloaders_all_right_share":null,"downloaders_without-hosting_delta_pp":null,"downloaders_without-hosting_observed_common_delta_pp":2.2286708414368436e-05,"downloaders_without-hosting_left_share":null,"downloaders_without-hosting_right_share":null,"uploaders_all_delta_pp":null,"uploaders_all_observed_common_delta_pp":0.0,"uploaders_all_left_share":null,"uploaders_all_right_share":null,"uploaders_without-hosting_delta_pp":null,"uploaders_without-hosting_observed_common_delta_pp":0.0,"uploaders_without-hosting_left_share":null,"uploaders_without-hosting_right_share":null},"geometry":{"type":"Polygon","coordinates":[[[128.01638615726256,26.645415905438107],[128.10862334707986,26.62273271650243],[128.12583277108058,26.542436957763567],[128.050809787241,26.484842705821265],[127.95862318216477,26.507566300084132],[127.94140905409368,26.587843669296127],[128.01638615726256,26.645415905438107]]]}},{"type":"Feature","properties":{"h3":"854b0b6ffffffff","countries":["JPN"],"common_intervals":2,"left_observed_intervals":4,"right_observed_intervals":4,"full_window_comparable":false,"expected_intervals":20,"downloaders_all_delta_pp":null,"downloaders_all_observed_common_delta_pp":6.315895721431615e-05,"downloaders_all_left_share":null,"downloaders_all_right_share":null,"downloaders_without-hosting_delta_pp":null,"downloaders_without-hosting_observed_common_delta_pp":7.849476695619399e-05,"downloaders_without-hosting_left_share":null,"downloaders_without-hosting_right_share":null,"uploaders_all_delta_pp":null,"uploaders_all_observed_common_delta_pp":0.0,"uploaders_all_left_share":null,"uploaders_all_right_share":null,"uploaders_without-hosting_delta_pp":null,"uploaders_without-hosting_observed_common_delta_pp":0.0,"uploaders_without-hosting_left_share":null,"uploaders_without-hosting_right_share":null},"geometry":{"type":"Polygon","coordinates":[[[128.98495968664344,27.841551289021222],[129.07784734783698,27.818873244639914],[129.09505264591397,27.739688167572353],[129.0193769137912,27.683195702905326],[128.9265372997376,27.705910525662492],[128.90932545001718,27.78508096177786],[128.98495968664344,27.841551289021222]]]}},{"type":"Feature","properties":{"h3":"854b601bfffffff","countries":["JPN"],"common_intervals":0,"left_observed_intervals":4,"right_observed_intervals":0,"full_window_comparable":false,"expected_intervals":20,"downloaders_all_delta_pp":null,"downloaders_all_observed_common_delta_pp":null,"downloaders_all_left_share":null,"downloaders_all_right_share":null,"downloaders_without-hosting_delta_pp":null,"downloaders_without-hosting_observed_common_delta_pp":null,"downloaders_without-hosting_left_share":null,"downloaders_without-hosting_right_share":null,"uploaders_all_delta_pp":null,"uploaders_all_observed_common_delta_pp":null,"uploaders_all_left_share":null,"uploaders_all_right_share":null,"uploaders_without-hosting_delta_pp":null,"uploaders_without-hosting_observed_common_delta_pp":null,"uploaders_without-hosting_left_share":null,"uploaders_without-hosting_right_share":null},"geometry":{"type":"Polygon","coordinates":[[[131.81469288961117,33.0094718649398],[131.90950934046433,32.987644745309325],[131.92670051184137,32.914461274261804],[131.8490874547055,32.86310938636306],[131.75431115580818,32.884960926044826],[131.73710784500398,32.9581398620315],[131.81469288961117,33.0094718649398]]]}},{"type":"Feature","properties":{"h3":"854b604bfffffff","countries":["JPN"],"common_intervals":18,"left_observed_intervals":20,"right_observed_intervals":18,"full_window_comparable":false,"expected_intervals":20,"downloaders_all_delta_pp":null,"downloaders_all_observed_common_delta_pp":6.613753676315109e-05,"downloaders_all_left_share":null,"downloaders_all_right_share":null,"downloaders_without-hosting_delta_pp":null,"downloaders_without-hosting_observed_common_delta_pp":8.370494611117997e-05,"downloaders_without-hosting_left_share":null,"downloaders_without-hosting_right_share":null,"uploaders_all_delta_pp":null,"uploaders_all_observed_common_delta_pp":-3.656654008007433e-05,"uploaders_all_left_share":null,"uploaders_all_right_share":null,"uploaders_without-hosting_delta_pp":null,"uploaders_without-hosting_observed_common_delta_pp":-4.55705233550901e-05,"uploaders_without-hosting_left_share":null,"uploaders_without-hosting_right_share":null},"geometry":{"type":"Polygon","coordinates":[[[131.63367203623682,32.63505711101018],[131.72836749899193,32.61315588983397],[131.7455603585917,32.53949429751231],[131.6680696120804,32.48773890993505],[131.57341483218772,32.50966539336882],[131.55621019866996,32.58332193020788],[131.63367203623682,32.63505711101018]]]}},{"type":"Feature","properties":{"h3":"854b609bfffffff","countries":["JPN"],"common_intervals":20,"left_observed_intervals":20,"right_observed_intervals":20,"full_window_comparable":true,"expected_intervals":20,"downloaders_all_delta_pp":0.0007051927944207163,"downloaders_all_observed_common_delta_pp":0.0007051927944207163,"downloaders_all_left_share":0.0034625859792133578,"downloaders_all_right_share":0.002757393184792641,"downloaders_without-hosting_delta_pp":0.0009014086322198111,"downloaders_without-hosting_observed_common_delta_pp":0.0009014086322198111,"downloaders_without-hosting_left_share":0.004121161849054834,"downloaders_without-hosting_right_share":0.003219753216835023,"uploaders_all_delta_pp":0.0001491586398961229,"uploaders_all_observed_common_delta_pp":0.0001491586398961229,"uploaders_all_left_share":0.0007394087768199571,"uploaders_all_right_share":0.0005902501369238341,"uploaders_without-hosting_delta_pp":0.00032731836494222195,"uploaders_without-hosting_observed_common_delta_pp":0.00032731836494222195,"uploaders_without-hosting_left_share":0.001054561129246503,"uploaders_without-hosting_right_share":0.000727242764304281},"geometry":{"type":"Polygon","coordinates":[[[131.65103653296956,33.322416393487266],[131.74585976981783,33.30090227068174],[131.76307354363615,33.22820653034471],[131.6854760016044,33.17702947810747],[131.59069349647848,33.19856789257891],[131.573467884711,33.27125899660329],[131.65103653296956,33.322416393487266]]]}},{"type":"Feature","properties":{"h3":"854b60c3fffffff","countries":["JPN"],"common_intervals":1,"left_observed_intervals":3,"right_observed_intervals":2,"full_window_comparable":false,"expected_intervals":20,"downloaders_all_delta_pp":null,"downloaders_all_observed_common_delta_pp":5.3041825349925105e-05,"downloaders_all_left_share":null,"downloaders_all_right_share":null,"downloaders_without-hosting_delta_pp":null,"downloaders_without-hosting_observed_common_delta_pp":6.767699806479159e-05,"downloaders_without-hosting_left_share":null,"downloaders_without-hosting_right_share":null,"uploaders_all_delta_pp":null,"uploaders_all_observed_common_delta_pp":0.0,"uploaders_all_left_share":null,"uploaders_all_right_share":null,"uploaders_without-hosting_delta_pp":null,"uploaders_without-hosting_observed_common_delta_pp":0.0,"uploaders_without-hosting_left_share":null,"uploaders_without-hosting_right_share":null},"geometry":{"type":"Polygon","coordinates":[[[131.5303922271968,33.0744249710741],[131.62513382411862,33.052861981137895],[131.64234853606905,32.979847205244766],[131.56483332812596,32.92840032217472],[131.47013281522305,32.94998817183425],[131.45290650916343,33.02299797355608],[131.5303922271968,33.0744249710741]]]}},{"type":"Feature","properties":{"h3":"854b6157fffffff","countries":["JPN"],"common_intervals":0,"left_observed_intervals":2,"right_observed_intervals":3,"full_window_comparable":false,"expected_intervals":20,"downloaders_all_delta_pp":null,"downloaders_all_observed_common_delta_pp":null,"downloaders_all_left_share":null,"downloaders_all_right_share":null,"downloaders_without-hosting_delta_pp":null,"downloaders_without-hosting_observed_common_delta_pp":null,"downloaders_without-hosting_left_share":null,"downloaders_without-hosting_right_share":null,"uploaders_all_delta_pp":null,"uploaders_all_observed_common_delta_pp":null,"uploaders_all_left_share":null,"uploaders_all_right_share":null,"uploaders_without-hosting_delta_pp":null,"uploaders_without-hosting_observed_common_delta_pp":null,"uploaders_without-hosting_left_share":null,"uploaders_without-hosting_right_share":null},"geometry":{"type":"Polygon","coordinates":[[[132.9635281320054,33.08649494973651],[133.0586615398145,33.06380016161409],[133.07575986124291,32.99043290550633],[132.99773920810537,32.939762900888105],[132.9026421599974,32.962479905654746],[132.88552948812458,33.03584462633099],[132.9635281320054,33.08649494973651]]]}},{"type":"Feature","properties":{"h3":"854b61b7fffffff","countries":["JPN"],"common_intervals":20,"left_observed_intervals":20,"right_observed_intervals":20,"full_window_comparable":true,"expected_intervals":20,"downloaders_all_delta_pp":0.0005551572172430606,"downloaders_all_observed_common_delta_pp":0.0005551572172430606,"downloaders_all_left_share":0.0034286914504157175,"downloaders_all_right_share":0.002873534233172656,"downloaders_without-hosting_delta_pp":0.0007207343951911587,"downloaders_without-hosting_observed_common_delta_pp":0.0007207343951911587,"downloaders_without-hosting_left_share":0.004080268701035073,"downloaders_without-hosting_right_share":0.0033595343058439144,"uploaders_all_delta_pp":0.00044214022098745624,"uploaders_all_observed_common_delta_pp":0.00044214022098745624,"uploaders_all_left_share":0.0010641605461044268,"uploaders_all_right_share":0.0006220203251169709,"uploaders_without-hosting_delta_pp":0.0007520034370851528,"uploaders_without-hosting_observed_common_delta_pp":0.0007520034370851528,"uploaders_without-hosting_left_share":0.0015309569936656246,"uploaders_without-hosting_right_share":0.0007789535565804718},"geometry":{"type":"Polygon","coordinates":[[[133.554528374291,33.63404722698393],[133.6428239014419,33.61523135520372],[133.65841871731672,33.574842891271686],[133.66694897262727,33.53846587961395],[133.5886669796206,33.48859442025497],[133.49334231620458,33.511469225332284],[133.47626529943238,33.5841949181238],[133.554528374291,33.63404722698393]]]}},{"type":"Feature","properties":{"h3":"854b61dbfffffff","countries":["JPN"],"common_intervals":19,"left_observed_intervals":19,"right_observed_intervals":20,"full_window_comparable":false,"expected_intervals":20,"downloaders_all_delta_pp":null,"downloaders_all_observed_common_delta_pp":0.00013716993046178984,"downloaders_all_left_share":null,"downloaders_all_right_share":null,"downloaders_without-hosting_delta_pp":null,"downloaders_without-hosting_observed_common_delta_pp":0.00017266797285506996,"downloaders_without-hosting_left_share":null,"downloaders_without-hosting_right_share":null,"uploaders_all_delta_pp":null,"uploaders_all_observed_common_delta_pp":3.816623121492703e-05,"uploaders_all_left_share":null,"uploaders_all_right_share":null,"uploaders_without-hosting_delta_pp":null,"uploaders_without-hosting_observed_common_delta_pp":5.995973087711432e-05,"uploaders_without-hosting_left_share":null,"uploaders_without-hosting_right_share":null},"geometry":{"type":"Polygon","coordinates":[[[132.56603525915392,33.249374159181045],[132.66110131557775,33.22708798414261],[132.678239453625,33.15404974015605],[132.60032521501623,33.103300750617855],[132.50529687102022,33.12560965290538],[132.48814513617762,33.198644745841946],[132.56603525915392,33.249374159181045]]]}},{"type":"Feature","properties":{"h3":"854b6257fffffff","countries":["JPN"],"common_intervals":20,"left_observed_intervals":20,"right_observed_intervals":20,"full_window_comparable":true,"expected_intervals":20,"downloaders_all_delta_pp":0.0003283283663601783,"downloaders_all_observed_common_delta_pp":0.0003283283663601783,"downloaders_all_left_share":0.002061007991399595,"downloaders_all_right_share":0.0017326796250394165,"downloaders_without-hosting_delta_pp":0.00042407763200342943,"downloaders_without-hosting_observed_common_delta_pp":0.00042407763200342943,"downloaders_without-hosting_left_share":0.002447209336539289,"downloaders_without-hosting_right_share":0.0020231317045358603,"uploaders_all_delta_pp":0.0003729032973056578,"uploaders_all_observed_common_delta_pp":0.0003729032973056578,"uploaders_all_left_share":0.0007393011222235509,"uploaders_all_right_share":0.0003663978249178931,"uploaders_without-hosting_delta_pp":0.0006027421410611681,"uploaders_without-hosting_observed_common_delta_pp":0.0006027421410611681,"uploaders_without-hosting_left_share":0.0010825219083039329,"uploaders_without-hosting_right_share":0.0004797797672427645},"geometry":{"type":"Polygon","coordinates":[[[131.33280381795032,32.005180685223316],[131.42729411659926,31.983150334212617],[131.44448893416762,31.908695151322622],[131.36720470353268,31.85627622836469],[131.27275595931826,31.8783332524985],[131.25554997369792,31.95278245400524],[131.33280381795032,32.005180685223316]]]}},{"type":"Feature","properties":{"h3":"854b625bfffffff","countries":["JPN"],"common_intervals":19,"left_observed_intervals":20,"right_observed_intervals":19,"full_window_comparable":false,"expected_intervals":20,"downloaders_all_delta_pp":null,"downloaders_all_observed_common_delta_pp":0.00011510130395827064,"downloaders_all_left_share":null,"downloaders_all_right_share":null,"downloaders_without-hosting_delta_pp":null,"downloaders_without-hosting_observed_common_delta_pp":0.00014442999123347733,"downloaders_without-hosting_left_share":null,"downloaders_without-hosting_right_share":null,"uploaders_all_delta_pp":null,"uploaders_all_observed_common_delta_pp":5.8387603818559757e-05,"uploaders_all_left_share":null,"uploaders_all_right_share":null,"uploaders_without-hosting_delta_pp":null,"uploaders_without-hosting_observed_common_delta_pp":8.915475838119863e-05,"uploaders_without-hosting_left_share":null,"uploaders_without-hosting_right_share":null},"geometry":{"type":"Polygon","coordinates":[[[131.10115744476556,31.84774440268595],[131.19554410574935,31.825803819170606],[131.2127502347071,31.751196653517983],[131.135580501141,31.698536505983522],[131.04123610800164,31.72050442802013],[131.02401926285444,31.795105086589484],[131.10115744476556,31.84774440268595]]]}},{"type":"Feature","properties":{"h3":"854b6287fffffff","countries":["JPN"],"common_intervals":4,"left_observed_intervals":7,"right_observed_intervals":5,"full_window_comparable":false,"expected_intervals":20,"downloaders_all_delta_pp":null,"downloaders_all_observed_common_delta_pp":-1.8666497203620388e-05,"downloaders_all_left_share":null,"downloaders_all_right_share":null,"downloaders_without-hosting_delta_pp":null,"downloaders_without-hosting_observed_common_delta_pp":-2.036771763363934e-05,"downloaders_without-hosting_left_share":null,"downloaders_without-hosting_right_share":null,"uploaders_all_delta_pp":null,"uploaders_all_observed_common_delta_pp":0.0,"uploaders_all_left_share":null,"uploaders_all_right_share":null,"uploaders_without-hosting_delta_pp":null,"uploaders_without-hosting_observed_common_delta_pp":0.0,"uploaders_without-hosting_left_share":null,"uploaders_without-hosting_right_share":null},"geometry":{"type":"Polygon","coordinates":[[[131.57341483218772,32.50966539336882],[131.6680696120804,32.48773890993505],[131.68526294862113,32.41391825163824],[131.60781324034065,32.36202923952938],[131.5131993189541,32.3839812667343],[131.49599433000358,32.45779669024565],[131.57341483218772,32.50966539336882]]]}},{"type":"Feature","properties":{"h3":"854b628ffffffff","countries":["JPN"],"common_intervals":0,"left_observed_intervals":0,"right_observed_intervals":1,"full_window_comparable":false,"expected_intervals":20,"downloaders_all_delta_pp":null,"downloaders_all_observed_common_delta_pp":null,"downloaders_all_left_share":null,"downloaders_all_right_share":null,"downloaders_without-hosting_delta_pp":null,"downloaders_without-hosting_observed_common_delta_pp":null,"downloaders_without-hosting_left_share":null,"downloaders_without-hosting_right_share":null,"uploaders_all_delta_pp":null,"uploaders_all_observed_common_delta_pp":null,"uploaders_all_left_share":null,"uploaders_all_right_share":null,"uploaders_without-hosting_delta_pp":null,"uploaders_without-hosting_observed_common_delta_pp":null,"uploaders_without-hosting_left_share":null,"uploaders_without-hosting_right_share":null},"geometry":{"type":"Polygon","coordinates":[[[131.5131993189541,32.3839812667343],[131.60781324034065,32.36202923952938],[131.62500701106342,32.288049681610204],[131.5475984740635,32.236027495769726],[131.45302558616282,32.258005348611704],[131.43582028437237,32.331979489512555],[131.5131993189541,32.3839812667343]]]}},{"type":"Feature","properties":{"h3":"854b62cbfffffff","countries":["JPN"],"common_intervals":0,"left_observed_intervals":0,"right_observed_intervals":1,"full_window_comparable":false,"expected_intervals":20,"downloaders_all_delta_pp":null,"downloaders_all_observed_common_delta_pp":null,"downloaders_all_left_share":null,"downloaders_all_right_share":null,"downloaders_without-hosting_delta_pp":null,"downloaders_without-hosting_observed_common_delta_pp":null,"downloaders_without-hosting_left_share":null,"downloaders_without-hosting_right_share":null,"uploaders_all_delta_pp":null,"uploaders_all_observed_common_delta_pp":null,"uploaders_all_left_share":null,"uploaders_all_right_share":null,"uploaders_without-hosting_delta_pp":null,"uploaders_without-hosting_observed_common_delta_pp":null,"uploaders_without-hosting_left_share":null,"uploaders_without-hosting_right_share":null},"geometry":{"type":"Polygon","coordinates":[[[131.0494964002808,32.07075076659938],[131.14390445841119,32.04898090557819],[131.16112121558896,31.974695984354273],[131.08394062256858,31.922187293978613],[130.9895750308806,31.943984302719876],[130.9723476481288,32.01826278191087],[131.0494964002808,32.07075076659938]]]}},{"type":"Feature","properties":{"h3":"854b6403fffffff","countries":["JPN"],"common_intervals":8,"left_observed_intervals":13,"right_observed_intervals":11,"full_window_comparable":false,"expected_intervals":20,"downloaders_all_delta_pp":null,"downloaders_all_observed_common_delta_pp":2.9971229104179823e-05,"downloaders_all_left_share":null,"downloaders_all_right_share":null,"downloaders_without-hosting_delta_pp":null,"downloaders_without-hosting_observed_common_delta_pp":4.169288451323962e-05,"downloaders_without-hosting_left_share":null,"downloaders_without-hosting_right_share":null,"uploaders_all_delta_pp":null,"uploaders_all_observed_common_delta_pp":0.0,"uploaders_all_left_share":null,"uploaders_all_right_share":null,"uploaders_without-hosting_delta_pp":null,"uploaders_without-hosting_observed_common_delta_pp":0.0,"uploaders_without-hosting_left_share":null,"uploaders_without-hosting_right_share":null},"geometry":{"type":"Polygon","coordinates":[[[131.20295957707904,33.69616550375247],[131.2977077607815,33.67523076592095],[131.31496644164133,33.60319218513434],[131.23748800986317,33.55209341133824],[131.14278206190698,33.57305271768808],[131.12551239313723,33.645086159114584],[131.20295957707904,33.69616550375247]]]}},{"type":"Feature","properties":{"h3":"854b642bfffffff","countries":["JPN"],"common_intervals":0,"left_observed_intervals":5,"right_observed_intervals":3,"full_window_comparable":false,"expected_intervals":20,"downloaders_all_delta_pp":null,"downloaders_all_observed_common_delta_pp":null,"downloaders_all_left_share":null,"downloaders_all_right_share":null,"downloaders_without-hosting_delta_pp":null,"downloaders_without-hosting_observed_common_delta_pp":null,"downloaders_without-hosting_left_share":null,"downloaders_without-hosting_right_share":null,"uploaders_all_delta_pp":null,"uploaders_all_observed_common_delta_pp":null,"uploaders_all_left_share":null,"uploaders_all_right_share":null,"uploaders_without-hosting_delta_pp":null,"uploaders_without-hosting_observed_common_delta_pp":null,"uploaders_without-hosting_left_share":null,"uploaders_without-hosting_right_share":null},"geometry":{"type":"Polygon","coordinates":[[[131.5993500095284,33.539687252971596],[131.69419650004298,33.51834185803306],[131.71142124607601,33.445969945831486],[131.63381133259597,33.39494795977447],[131.53900577511268,33.41631743359123],[131.52176928122475,33.48868474390893],[131.5993500095284,33.539687252971596]]]}},{"type":"Feature","properties":{"h3":"854b6443fffffff","countries":["JPN"],"common_intervals":20,"left_observed_intervals":20,"right_observed_intervals":20,"full_window_comparable":true,"expected_intervals":20,"downloaders_all_delta_pp":0.0002404853972265202,"downloaders_all_observed_common_delta_pp":0.0002404853972265202,"downloaders_all_left_share":0.0010456756017418706,"downloaders_all_right_share":0.0008051902045153505,"downloaders_without-hosting_delta_pp":0.00030204645947977073,"downloaders_without-hosting_observed_common_delta_pp":0.00030204645947977073,"downloaders_without-hosting_left_share":0.0012441629870081276,"downloaders_without-hosting_right_share":0.0009421165275283569,"uploaders_all_delta_pp":7.675756751459467e-06,"uploaders_all_observed_common_delta_pp":7.675756751459467e-06,"uploaders_all_left_share":0.0001321284806068671,"uploaders_all_right_share":0.0001244527238554076,"uploaders_without-hosting_delta_pp":3.603376025539351e-05,"uploaders_without-hosting_observed_common_delta_pp":3.603376025539351e-05,"uploaders_without-hosting_left_share":0.00019532486398250254,"uploaders_without-hosting_right_share":0.00015929110372710898},"geometry":{"type":"Polygon","coordinates":[[[130.91068601832436,33.419162578643515],[131.00528529200315,33.39829821269119],[131.02255502311044,33.325946457374826],[130.94523597436518,33.27446476491821],[130.8506798232369,33.295354644399055],[130.83339968124716,33.36770063239449],[130.91068601832436,33.419162578643515]]]}},{"type":"Feature","properties":{"h3":"854b646ffffffff","countries":["JPN"],"common_intervals":18,"left_observed_intervals":19,"right_observed_intervals":19,"full_window_comparable":false,"expected_intervals":20,"downloaders_all_delta_pp":null,"downloaders_all_observed_common_delta_pp":-6.549323060872117e-06,"downloaders_all_left_share":null,"downloaders_all_right_share":null,"downloaders_without-hosting_delta_pp":null,"downloaders_without-hosting_observed_common_delta_pp":-8.024025035772043e-08,"downloaders_without-hosting_left_share":null,"downloaders_without-hosting_right_share":null,"uploaders_all_delta_pp":null,"uploaders_all_observed_common_delta_pp":0.0,"uploaders_all_left_share":null,"uploaders_all_right_share":null,"uploaders_without-hosting_delta_pp":null,"uploaders_without-hosting_observed_common_delta_pp":0.0,"uploaders_without-hosting_left_share":null,"uploaders_without-hosting_right_share":null},"geometry":{"type":"Polygon","coordinates":[[[131.47870343649322,33.292652834530045],[131.573467884711,33.27125899660329],[131.59069349647848,33.19856789257891],[131.51316624689613,33.147275489317465],[131.41844308350878,33.16869397707685],[131.40120596788793,33.241380147310615],[131.47870343649322,33.292652834530045]]]}},{"type":"Feature","properties":{"h3":"854b6473fffffff","countries":["JPN"],"common_intervals":1,"left_observed_intervals":5,"right_observed_intervals":5,"full_window_comparable":false,"expected_intervals":20,"downloaders_all_delta_pp":null,"downloaders_all_observed_common_delta_pp":-0.00013025240928506967,"downloaders_all_left_share":null,"downloaders_all_right_share":null,"downloaders_without-hosting_delta_pp":null,"downloaders_without-hosting_observed_common_delta_pp":-0.00014426229471185912,"downloaders_without-hosting_left_share":null,"downloaders_without-hosting_right_share":null,"uploaders_all_delta_pp":null,"uploaders_all_observed_common_delta_pp":0.0,"uploaders_all_left_share":null,"uploaders_all_right_share":null,"uploaders_without-hosting_delta_pp":null,"uploaders_without-hosting_observed_common_delta_pp":0.0,"uploaders_without-hosting_left_share":null,"uploaders_without-hosting_right_share":null},"geometry":{"type":"Polygon","coordinates":[[[131.25474686473015,33.47989544976686],[131.3494730337685,33.45879117366936],[131.3667209410204,33.38642875695113],[131.2892538413111,33.33517573086085],[131.1945697072752,33.35630479897349],[131.17731072100932,33.428662030611676],[131.25474686473015,33.47989544976686]]]}},{"type":"Feature","properties":{"h3":"854b6487fffffff","countries":["JPN"],"common_intervals":20,"left_observed_intervals":20,"right_observed_intervals":20,"full_window_comparable":true,"expected_intervals":20,"downloaders_all_delta_pp":0.00011547500143048496,"downloaders_all_observed_common_delta_pp":0.00011547500143048496,"downloaders_all_left_share":0.0005369249994490203,"downloaders_all_right_share":0.00042144999801853523,"downloaders_without-hosting_delta_pp":0.0001452389450522746,"downloaders_without-hosting_observed_common_delta_pp":0.0001452389450522746,"downloaders_without-hosting_left_share":0.0006385081139011809,"downloaders_without-hosting_right_share":0.0004932691688489064,"uploaders_all_delta_pp":6.847582739897221e-05,"uploaders_all_observed_common_delta_pp":6.847582739897221e-05,"uploaders_all_left_share":0.00010555140692373377,"uploaders_all_right_share":3.7075579524761546e-05,"uploaders_without-hosting_delta_pp":9.913744167883075e-05,"uploaders_without-hosting_observed_common_delta_pp":9.913744167883075e-05,"uploaders_without-hosting_left_share":0.00014282050299415863,"uploaders_without-hosting_right_share":4.368306131532787e-05},"geometry":{"type":"Polygon","coordinates":[[[131.21136058913854,34.0338042699659],[131.3061729050828,34.0130630688163],[131.3234421612214,33.941507879791615],[131.24591020318195,33.890698754852906],[131.15114015068875,33.91146400365228],[131.13385987610198,33.983014260048215],[131.21136058913854,34.0338042699659]]]}},{"type":"Feature","properties":{"h3":"854b648bfffffff","countries":["JPN"],"common_intervals":2,"left_observed_intervals":4,"right_observed_intervals":3,"full_window_comparable":false,"expected_intervals":20,"downloaders_all_delta_pp":null,"downloaders_all_observed_common_delta_pp":-2.8387111371250924e-05,"downloaders_all_left_share":null,"downloaders_all_right_share":null,"downloaders_without-hosting_delta_pp":null,"downloaders_without-hosting_observed_common_delta_pp":-2.0799000325654924e-05,"downloaders_without-hosting_left_share":null,"downloaders_without-hosting_right_share":null,"uploaders_all_delta_pp":null,"uploaders_all_observed_common_delta_pp":0.0,"uploaders_all_left_share":null,"uploaders_all_right_share":null,"uploaders_without-hosting_delta_pp":null,"uploaders_without-hosting_observed_common_delta_pp":0.0,"uploaders_without-hosting_left_share":null,"uploaders_without-hosting_right_share":null},"geometry":{"type":"Polygon","coordinates":[[[130.9789757269581,33.8811831543956],[131.07368205442518,33.8605388209897],[131.09096238735273,33.78882921348185],[131.01354703766322,33.737769243317715],[130.9188836916368,33.758438270993764],[130.90159279704366,33.830142504785684],[130.9789757269581,33.8811831543956]]]}},{"type":"Feature","properties":{"h3":"854b649bfffffff","countries":["JPN"],"common_intervals":20,"left_observed_intervals":20,"right_observed_intervals":20,"full_window_comparable":true,"expected_intervals":20,"downloaders_all_delta_pp":0.0008211214116148815,"downloaders_all_observed_common_delta_pp":0.0008211214116148815,"downloaders_all_left_share":0.007317876090967295,"downloaders_all_right_share":0.006496754679352415,"downloaders_without-hosting_delta_pp":0.0011102313965369863,"downloaders_without-hosting_observed_common_delta_pp":0.0011102313965369863,"downloaders_without-hosting_left_share":0.008703239559054731,"downloaders_without-hosting_right_share":0.007593008162517745,"uploaders_all_delta_pp":0.0007003283788090012,"uploaders_all_observed_common_delta_pp":0.0007003283788090012,"uploaders_all_left_share":0.0015695413823796102,"uploaders_all_right_share":0.0008692130035706092,"uploaders_without-hosting_delta_pp":0.0011226306802195965,"uploaders_without-hosting_observed_common_delta_pp":0.0011226306802195965,"uploaders_without-hosting_left_share":0.002224182565334516,"uploaders_without-hosting_right_share":0.0011015518851149194},"geometry":{"type":"Polygon","coordinates":[[[130.8670004499086,33.97322718097019],[130.96168476912325,33.952728201034375],[130.9789757269581,33.8811831543956],[130.90159279704366,33.830142504785684],[130.8069518304788,33.850666238786324],[130.7896505243722,33.92220579876888],[130.8670004499086,33.97322718097019]]]}},{"type":"Feature","properties":{"h3":"854b64b7fffffff","countries":["JPN"],"common_intervals":5,"left_observed_intervals":11,"right_observed_intervals":10,"full_window_comparable":false,"expected_intervals":20,"downloaders_all_delta_pp":null,"downloaders_all_observed_common_delta_pp":3.899552950097911e-05,"downloaders_all_left_share":null,"downloaders_all_right_share":null,"downloaders_without-hosting_delta_pp":null,"downloaders_without-hosting_observed_common_delta_pp":4.864921982624227e-05,"downloaders_without-hosting_left_share":null,"downloaders_without-hosting_right_share":null,"uploaders_all_delta_pp":null,"uploaders_all_observed_common_delta_pp":0.0002597773707932302,"uploaders_all_left_share":null,"uploaders_all_right_share":null,"uploaders_without-hosting_delta_pp":null,"uploaders_without-hosting_observed_common_delta_pp":0.00041283078066300623,"uploaders_without-hosting_left_share":null,"uploaders_without-hosting_right_share":null},"geometry":{"type":"Polygon","coordinates":[[[131.5562671700324,34.09343002890742],[131.65120089496992,34.07244538085654],[131.66844710789925,34.00088115886412],[131.5907713686712,33.950305892802014],[131.4958788034515,33.971313890664675],[131.47862090114845,34.0428737349629],[131.5562671700324,34.09343002890742]]]}},{"type":"Feature","properties":{"h3":"854b64c3fffffff","countries":["JPN"],"common_intervals":15,"left_observed_intervals":20,"right_observed_intervals":15,"full_window_comparable":false,"expected_intervals":20,"downloaders_all_delta_pp":null,"downloaders_all_observed_common_delta_pp":7.234311782868453e-05,"downloaders_all_left_share":null,"downloaders_all_right_share":null,"downloaders_without-hosting_delta_pp":null,"downloaders_without-hosting_observed_common_delta_pp":8.9920282477556e-05,"downloaders_without-hosting_left_share":null,"downloaders_without-hosting_right_share":null,"uploaders_all_delta_pp":null,"uploaders_all_observed_common_delta_pp":0.0005676519664685746,"uploaders_all_left_share":null,"uploaders_all_right_share":null,"uploaders_without-hosting_delta_pp":null,"uploaders_without-hosting_observed_common_delta_pp":0.000835382612284238,"uploaders_without-hosting_left_share":null,"uploaders_without-hosting_right_share":null},"geometry":{"type":"Polygon","coordinates":[[[130.74694648575905,33.72781213968186],[130.8415439297713,33.707263354815325],[130.85883471878427,33.63540003212122],[130.78153825271764,33.58409124727721],[130.68698450047413,33.60466538034053],[130.66968360556308,33.67652288019503],[130.74694648575905,33.72781213968186]]]}},{"type":"Feature","properties":{"h3":"854b64c7fffffff","countries":["JPN"],"common_intervals":0,"left_observed_intervals":1,"right_observed_intervals":0,"full_window_comparable":false,"expected_intervals":20,"downloaders_all_delta_pp":null,"downloaders_all_observed_common_delta_pp":null,"downloaders_all_left_share":null,"downloaders_all_right_share":null,"downloaders_without-hosting_delta_pp":null,"downloaders_without-hosting_observed_common_delta_pp":null,"downloaders_without-hosting_left_share":null,"downloaders_without-hosting_right_share":null,"uploaders_all_delta_pp":null,"uploaders_all_observed_common_delta_pp":null,"uploaders_all_left_share":null,"uploaders_all_right_share":null,"uploaders_without-hosting_delta_pp":null,"uploaders_without-hosting_observed_common_delta_pp":null,"uploaders_without-hosting_left_share":null,"uploaders_without-hosting_right_share":null},"geometry":{"type":"Polygon","coordinates":[[[130.9188836916368,33.758438270993764],[131.01354703766322,33.737769243317715],[131.03082738641058,33.665900380107395],[130.95345491250464,33.61470601516505],[130.85883471878427,33.63540003212122],[130.8415439297713,33.707263354815325],[130.9188836916368,33.758438270993764]]]}},{"type":"Feature","properties":{"h3":"854b64d3fffffff","countries":["JPN"],"common_intervals":18,"left_observed_intervals":20,"right_observed_intervals":18,"full_window_comparable":false,"expected_intervals":20,"downloaders_all_delta_pp":null,"downloaders_all_observed_common_delta_pp":3.716068461634789e-05,"downloaders_all_left_share":null,"downloaders_all_right_share":null,"downloaders_without-hosting_delta_pp":null,"downloaders_without-hosting_observed_common_delta_pp":5.042113157590291e-05,"downloaders_without-hosting_left_share":null,"downloaders_without-hosting_right_share":null,"uploaders_all_delta_pp":null,"uploaders_all_observed_common_delta_pp":5.4355870772422325e-05,"uploaders_all_left_share":null,"uploaders_all_right_share":null,"uploaders_without-hosting_delta_pp":null,"uploaders_without-hosting_observed_common_delta_pp":9.063602901783126e-05,"uploaders_without-hosting_left_share":null,"uploaders_without-hosting_right_share":null},"geometry":{"type":"Polygon","coordinates":[[[130.63507138676795,33.81991417807694],[130.7296453641743,33.79951072014965],[130.74694648575905,33.72781213968186],[130.66968360556308,33.67652288019503],[130.57515368807796,33.696951747640576],[130.55784267390348,33.76864439541194],[130.63507138676795,33.81991417807694]]]}},{"type":"Feature","properties":{"h3":"854b6523fffffff","countries":["JPN"],"common_intervals":0,"left_observed_intervals":1,"right_observed_intervals":5,"full_window_comparable":false,"expected_intervals":20,"downloaders_all_delta_pp":null,"downloaders_all_observed_common_delta_pp":null,"downloaders_all_left_share":null,"downloaders_all_right_share":null,"downloaders_without-hosting_delta_pp":null,"downloaders_without-hosting_observed_common_delta_pp":null,"downloaders_without-hosting_left_share":null,"downloaders_without-hosting_right_share":null,"uploaders_all_delta_pp":null,"uploaders_all_observed_common_delta_pp":null,"uploaders_all_left_share":null,"uploaders_all_right_share":null,"uploaders_without-hosting_delta_pp":null,"uploaders_without-hosting_observed_common_delta_pp":null,"uploaders_without-hosting_left_share":null,"uploaders_without-hosting_right_share":null},"geometry":{"type":"Polygon","coordinates":[[[132.87032458279853,33.86371772432284],[132.96557641295988,33.84154115388434],[132.98270819489682,33.76930603309024],[132.90460244370195,33.71924982313246],[132.8093873943672,33.74144777877157],[132.79224139859346,33.813680488254654],[132.87032458279853,33.86371772432284]]]}},{"type":"Feature","properties":{"h3":"854b6533fffffff","countries":["JPN"],"common_intervals":20,"left_observed_intervals":20,"right_observed_intervals":20,"full_window_comparable":true,"expected_intervals":20,"downloaders_all_delta_pp":0.0006142214715263311,"downloaders_all_observed_common_delta_pp":0.0006142214715263311,"downloaders_all_left_share":0.003622995028727207,"downloaders_all_right_share":0.0030087735572008763,"downloaders_without-hosting_delta_pp":0.0007934426395939283,"downloaders_without-hosting_observed_common_delta_pp":0.0007934426395939283,"downloaders_without-hosting_left_share":0.0043104748639309414,"downloaders_without-hosting_right_share":0.003517032224337013,"uploaders_all_delta_pp":0.0009666612818510464,"uploaders_all_observed_common_delta_pp":0.0009666612818510464,"uploaders_all_left_share":0.0011685121036014248,"uploaders_all_right_share":0.00020185082175037827,"uploaders_without-hosting_delta_pp":0.0014441563758824376,"uploaders_without-hosting_observed_common_delta_pp":0.0014441563758824376,"uploaders_without-hosting_left_share":0.0016983480177616785,"uploaders_without-hosting_right_share":0.0002541916418792408},"geometry":{"type":"Polygon","coordinates":[[[132.75793788002366,33.95782189726417],[132.8531798665881,33.93578967322402],[132.87032458279853,33.86371772432284],[132.79224139859346,33.813680488254654],[132.6970365837791,33.83573416544677],[132.67987786468677,33.9078035548433],[132.75793788002366,33.95782189726417]]]}},{"type":"Feature","properties":{"h3":"854b653bfffffff","countries":["JPN"],"common_intervals":0,"left_observed_intervals":0,"right_observed_intervals":1,"full_window_comparable":false,"expected_intervals":20,"downloaders_all_delta_pp":null,"downloaders_all_observed_common_delta_pp":null,"downloaders_all_left_share":null,"downloaders_all_right_share":null,"downloaders_without-hosting_delta_pp":null,"downloaders_without-hosting_observed_common_delta_pp":null,"downloaders_without-hosting_left_share":null,"downloaders_without-hosting_right_share":null,"uploaders_all_delta_pp":null,"uploaders_all_observed_common_delta_pp":null,"uploaders_all_left_share":null,"uploaders_all_right_share":null,"uploaders_without-hosting_delta_pp":null,"uploaders_without-hosting_observed_common_delta_pp":null,"uploaders_without-hosting_left_share":null,"uploaders_without-hosting_right_share":null},"geometry":{"type":"Polygon","coordinates":[[[132.6970365837791,33.83573416544677],[132.79224139859346,33.813680488254654],[132.8093873943672,33.74144777877157],[132.731342537774,33.69127137740513],[132.6361750814721,33.71334677700323],[132.61901520647393,33.7855767846968],[132.6970365837791,33.83573416544677]]]}},{"type":"Feature","properties":{"h3":"854b6563fffffff","countries":["JPN"],"common_intervals":1,"left_observed_intervals":3,"right_observed_intervals":3,"full_window_comparable":false,"expected_intervals":20,"downloaders_all_delta_pp":null,"downloaders_all_observed_common_delta_pp":3.864779765437313e-05,"downloaders_all_left_share":null,"downloaders_all_right_share":null,"downloaders_without-hosting_delta_pp":null,"downloaders_without-hosting_observed_common_delta_pp":4.933114028133679e-05,"downloaders_without-hosting_left_share":null,"downloaders_without-hosting_right_share":null,"uploaders_all_delta_pp":null,"uploaders_all_observed_common_delta_pp":0.0,"uploaders_all_left_share":null,"uploaders_all_right_share":null,"uploaders_without-hosting_delta_pp":null,"uploaders_without-hosting_observed_common_delta_pp":0.0,"uploaders_without-hosting_left_share":null,"uploaders_without-hosting_right_share":null},"geometry":{"type":"Polygon","coordinates":[[[132.57535347132244,33.59066017509146],[132.67048338299168,33.56856278324452],[132.68763180591102,33.49600881535567],[132.60966403262125,33.445555162922474],[132.5145718510618,33.467674817431046],[132.49740979581406,33.54022579054857],[132.57535347132244,33.59066017509146]]]}},{"type":"Feature","properties":{"h3":"854b657bfffffff","countries":["JPN"],"common_intervals":3,"left_observed_intervals":5,"right_observed_intervals":11,"full_window_comparable":false,"expected_intervals":20,"downloaders_all_delta_pp":null,"downloaders_all_observed_common_delta_pp":0.00015785574817927644,"downloaders_all_left_share":null,"downloaders_all_right_share":null,"downloaders_without-hosting_delta_pp":null,"downloaders_without-hosting_observed_common_delta_pp":0.000187730527120792,"downloaders_without-hosting_left_share":null,"downloaders_without-hosting_right_share":null,"uploaders_all_delta_pp":null,"uploaders_all_observed_common_delta_pp":0.0,"uploaders_all_left_share":null,"uploaders_all_right_share":null,"uploaders_without-hosting_delta_pp":null,"uploaders_without-hosting_observed_common_delta_pp":0.0,"uploaders_without-hosting_left_share":null,"uploaders_without-hosting_right_share":null},"geometry":{"type":"Polygon","coordinates":[[[132.40232974659645,33.56220120933193],[132.49740979581406,33.54022579054857],[132.5145718510618,33.467674817431046],[132.43666723818464,33.41710248257904],[132.34162549059505,33.43910050864332],[132.32445013740082,33.51164819116846],[132.40232974659645,33.56220120933193]]]}},{"type":"Feature","properties":{"h3":"854b6583fffffff","countries":["JPN"],"common_intervals":14,"left_observed_intervals":18,"right_observed_intervals":16,"full_window_comparable":false,"expected_intervals":20,"downloaders_all_delta_pp":null,"downloaders_all_observed_common_delta_pp":6.832954212742746e-06,"downloaders_all_left_share":null,"downloaders_all_right_share":null,"downloaders_without-hosting_delta_pp":null,"downloaders_without-hosting_observed_common_delta_pp":1.247492502160177e-05,"downloaders_without-hosting_left_share":null,"downloaders_without-hosting_right_share":null,"uploaders_all_delta_pp":null,"uploaders_all_observed_common_delta_pp":0.0001155220182419674,"uploaders_all_left_share":null,"uploaders_all_right_share":null,"uploaders_without-hosting_delta_pp":null,"uploaders_without-hosting_observed_common_delta_pp":0.00015902896148925713,"uploaders_without-hosting_left_share":null,"uploaders_without-hosting_right_share":null},"geometry":{"type":"Polygon","coordinates":[[[132.2476244201373,34.20979970917389],[132.34278097283425,34.18832473214555],[132.3599770711583,34.11674577955984],[132.28202973255725,34.06664499915208],[132.18691209011763,34.088141957039234],[132.16970295949523,34.159717644436384],[132.2476244201373,34.20979970917389]]]}},{"type":"Feature","properties":{"h3":"854b65b3fffffff","countries":["JPN"],"common_intervals":20,"left_observed_intervals":20,"right_observed_intervals":20,"full_window_comparable":true,"expected_intervals":20,"downloaders_all_delta_pp":0.0001100489792122862,"downloaders_all_observed_common_delta_pp":0.0001100489792122862,"downloaders_all_left_share":0.00043802900817453217,"downloaders_all_right_share":0.00032798002896224597,"downloaders_without-hosting_delta_pp":0.00013719026047981296,"downloaders_without-hosting_observed_common_delta_pp":0.00013719026047981296,"downloaders_without-hosting_left_share":0.0005209166871386145,"downloaders_without-hosting_right_share":0.0003837264266588015,"uploaders_all_delta_pp":7.929315074282328e-05,"uploaders_all_observed_common_delta_pp":7.929315074282328e-05,"uploaders_all_left_share":7.929315074282328e-05,"uploaders_all_right_share":0.0,"uploaders_without-hosting_delta_pp":0.00012072586150424459,"uploaders_without-hosting_observed_common_delta_pp":0.00012072586150424459,"uploaders_without-hosting_left_share":0.00012072586150424459,"uploaders_without-hosting_right_share":0.0},"geometry":{"type":"Polygon","coordinates":[[[132.65440002662535,34.13999337885496],[132.62837876061423,34.12336365164491],[132.5331586614633,34.145106697716216],[132.51597593117637,34.21668863683063],[132.57165619771212,34.27899944499119],[132.65958332577546,34.26143990811779],[132.69162831066976,34.18149772845069],[132.65440002662535,34.13999337885496]]]}},{"type":"Feature","properties":{"h3":"854b65d3fffffff","countries":["JPN"],"common_intervals":13,"left_observed_intervals":16,"right_observed_intervals":17,"full_window_comparable":false,"expected_intervals":20,"downloaders_all_delta_pp":null,"downloaders_all_observed_common_delta_pp":-8.629051426128116e-06,"downloaders_all_left_share":null,"downloaders_all_right_share":null,"downloaders_without-hosting_delta_pp":null,"downloaders_without-hosting_observed_common_delta_pp":-5.248635365287374e-06,"downloaders_without-hosting_left_share":null,"downloaders_without-hosting_right_share":null,"uploaders_all_delta_pp":null,"uploaders_all_observed_common_delta_pp":0.0,"uploaders_all_left_share":null,"uploaders_all_right_share":null,"uploaders_without-hosting_delta_pp":null,"uploaders_without-hosting_observed_common_delta_pp":0.0,"uploaders_without-hosting_left_share":null,"uploaders_without-hosting_right_share":null},"geometry":{"type":"Polygon","coordinates":[[[131.84114409099408,34.03020882184726],[131.9361525379344,34.00895690064363],[131.95337503543223,33.937224626735954],[131.8756014072376,33.886748176182195],[131.78063318171496,33.908023040657575],[131.76339844636738,33.97975134232898],[131.84114409099408,34.03020882184726]]]}},{"type":"Feature","properties":{"h3":"854b65d7fffffff","countries":["JPN"],"common_intervals":0,"left_observed_intervals":4,"right_observed_intervals":7,"full_window_comparable":false,"expected_intervals":20,"downloaders_all_delta_pp":null,"downloaders_all_observed_common_delta_pp":null,"downloaders_all_left_share":null,"downloaders_all_right_share":null,"downloaders_without-hosting_delta_pp":null,"downloaders_without-hosting_observed_common_delta_pp":null,"downloaders_without-hosting_left_share":null,"downloaders_without-hosting_right_share":null,"uploaders_all_delta_pp":null,"uploaders_all_observed_common_delta_pp":null,"uploaders_all_left_share":null,"uploaders_all_right_share":null,"uploaders_without-hosting_delta_pp":null,"uploaders_without-hosting_observed_common_delta_pp":null,"uploaders_without-hosting_left_share":null,"uploaders_without-hosting_right_share":null},"geometry":{"type":"Polygon","coordinates":[[[132.01396675536208,34.059296032056864],[132.10903063917792,34.03792172783492],[132.12624056328235,33.96618576265449],[132.04839926037786,33.915827722826485],[131.95337503543223,33.937224626735954],[131.9361525379344,34.00895690064363],[132.01396675536208,34.059296032056864]]]}},{"type":"Feature","properties":{"h3":"854b660bfffffff","countries":["JPN"],"common_intervals":0,"left_observed_intervals":0,"right_observed_intervals":1,"full_window_comparable":false,"expected_intervals":20,"downloaders_all_delta_pp":null,"downloaders_all_observed_common_delta_pp":null,"downloaders_all_left_share":null,"downloaders_all_right_share":null,"downloaders_without-hosting_delta_pp":null,"downloaders_without-hosting_observed_common_delta_pp":null,"downloaders_without-hosting_left_share":null,"downloaders_without-hosting_right_share":null,"uploaders_all_delta_pp":null,"uploaders_all_observed_common_delta_pp":null,"uploaders_all_left_share":null,"uploaders_all_right_share":null,"uploaders_without-hosting_delta_pp":null,"uploaders_without-hosting_observed_common_delta_pp":null,"uploaders_without-hosting_left_share":null,"uploaders_without-hosting_right_share":null},"geometry":{"type":"Polygon","coordinates":[[[130.72273807085506,32.703068578838014],[130.81714356912664,32.68192910825083],[130.83440245403372,32.60861898234747],[130.75726594319488,32.55645481225188],[130.66290404377955,32.577621195034006],[130.6456351388908,32.65092476447401],[130.72273807085506,32.703068578838014]]]}},{"type":"Feature","properties":{"h3":"854b6613fffffff","countries":["JPN"],"common_intervals":20,"left_observed_intervals":20,"right_observed_intervals":20,"full_window_comparable":true,"expected_intervals":20,"downloaders_all_delta_pp":0.0007348202269986221,"downloaders_all_observed_common_delta_pp":0.0007348202269986221,"downloaders_all_left_share":0.004045139407959703,"downloaders_all_right_share":0.003310319180961081,"downloaders_without-hosting_delta_pp":0.0009411593570452566,"downloaders_without-hosting_observed_common_delta_pp":0.0009411593570452566,"downloaders_without-hosting_left_share":0.00481056855423345,"downloaders_without-hosting_right_share":0.0038694091971881936,"uploaders_all_delta_pp":0.0012882825105014492,"uploaders_all_observed_common_delta_pp":0.0012882825105014492,"uploaders_all_left_share":0.0019381980203133672,"uploaders_all_right_share":0.0006499155098119182,"uploaders_without-hosting_delta_pp":0.0019350535214207637,"uploaders_without-hosting_observed_common_delta_pp":0.0019350535214207637,"uploaders_without-hosting_left_share":0.002750741159906971,"uploaders_without-hosting_right_share":0.0008156876384862071},"geometry":{"type":"Polygon","coordinates":[[[130.67092021562942,32.92218121920513],[130.765345983192,32.90121302940556],[130.78261533162788,32.8282261521934],[130.70546892325177,32.77621388066183],[130.6110869532371,32.79720876522193],[130.59380767667693,32.870189155624765],[130.67092021562942,32.92218121920513]]]}},{"type":"Feature","properties":{"h3":"854b6617fffffff","countries":["JPN"],"common_intervals":2,"left_observed_intervals":6,"right_observed_intervals":7,"full_window_comparable":false,"expected_intervals":20,"downloaders_all_delta_pp":null,"downloaders_all_observed_common_delta_pp":-4.34001747017741e-05,"downloaders_all_left_share":null,"downloaders_all_right_share":null,"downloaders_without-hosting_delta_pp":null,"downloaders_without-hosting_observed_common_delta_pp":-4.87564096188987e-05,"downloaders_without-hosting_left_share":null,"downloaders_without-hosting_right_share":null,"uploaders_all_delta_pp":null,"uploaders_all_observed_common_delta_pp":0.0,"uploaders_all_left_share":null,"uploaders_all_right_share":null,"uploaders_without-hosting_delta_pp":null,"uploaders_without-hosting_observed_common_delta_pp":0.0,"uploaders_without-hosting_left_share":null,"uploaders_without-hosting_right_share":null},"geometry":{"type":"Polygon","coordinates":[[[130.84253574204305,32.9530933096219],[130.9370279333287,32.932006780581624],[130.95428702089737,32.859013718573244],[130.87706426075025,32.80711329939755],[130.78261533162788,32.8282261521934],[130.765345983192,32.90121302940556],[130.84253574204305,32.9530933096219]]]}},{"type":"Feature","properties":{"h3":"854b6647fffffff","countries":["JPN"],"common_intervals":5,"left_observed_intervals":8,"right_observed_intervals":12,"full_window_comparable":false,"expected_intervals":20,"downloaders_all_delta_pp":null,"downloaders_all_observed_common_delta_pp":4.9895652284381466e-05,"downloaders_all_left_share":null,"downloaders_all_right_share":null,"downloaders_without-hosting_delta_pp":null,"downloaders_without-hosting_observed_common_delta_pp":6.30322379611607e-05,"downloaders_without-hosting_left_share":null,"downloaders_without-hosting_right_share":null,"uploaders_all_delta_pp":null,"uploaders_all_observed_common_delta_pp":0.0,"uploaders_all_left_share":null,"uploaders_all_right_share":null,"uploaders_without-hosting_delta_pp":null,"uploaders_without-hosting_observed_common_delta_pp":0.0,"uploaders_without-hosting_left_share":null,"uploaders_without-hosting_right_share":null},"geometry":{"type":"Polygon","coordinates":[[[130.66290404377955,32.577621195034006],[130.75726594319488,32.55645481225188],[130.7745246637611,32.48298639291887],[130.6974314671939,32.43069103169678],[130.6031133339579,32.45188462142236],[130.58584471357304,32.52534629406999],[130.66290404377955,32.577621195034006]]]}},{"type":"Feature","properties":{"h3":"854b666bfffffff","countries":["JPN"],"common_intervals":0,"left_observed_intervals":0,"right_observed_intervals":1,"full_window_comparable":false,"expected_intervals":20,"downloaders_all_delta_pp":null,"downloaders_all_observed_common_delta_pp":null,"downloaders_all_left_share":null,"downloaders_all_right_share":null,"downloaders_without-hosting_delta_pp":null,"downloaders_without-hosting_observed_common_delta_pp":null,"downloaders_without-hosting_left_share":null,"downloaders_without-hosting_right_share":null,"uploaders_all_delta_pp":null,"uploaders_all_observed_common_delta_pp":null,"uploaders_all_left_share":null,"uploaders_all_right_share":null,"uploaders_without-hosting_delta_pp":null,"uploaders_without-hosting_observed_common_delta_pp":null,"uploaders_without-hosting_left_share":null,"uploaders_without-hosting_right_share":null},"geometry":{"type":"Polygon","coordinates":[[[130.88615814852184,32.38804246586677],[130.9805657010417,32.36658747619993],[130.9978036525903,32.29278966120287],[130.9206444573339,32.24045326746812],[130.82627993809425,32.261935295585175],[130.80903166328588,32.33572660725159],[130.88615814852184,32.38804246586677]]]}},{"type":"Feature","properties":{"h3":"854b668bfffffff","countries":["JPN"],"common_intervals":20,"left_observed_intervals":20,"right_observed_intervals":20,"full_window_comparable":true,"expected_intervals":20,"downloaders_all_delta_pp":0.00016650784614282856,"downloaders_all_observed_common_delta_pp":0.00016650784614282856,"downloaders_all_left_share":0.000710050588338401,"downloaders_all_right_share":0.0005435427421955725,"downloaders_without-hosting_delta_pp":0.00020990415183102753,"downloaders_without-hosting_observed_common_delta_pp":0.00020990415183102753,"downloaders_without-hosting_left_share":0.0008456869091135429,"downloaders_without-hosting_right_share":0.0006357827572825153,"uploaders_all_delta_pp":-2.770083102493075e-05,"uploaders_all_observed_common_delta_pp":-2.770083102493075e-05,"uploaders_all_left_share":0.0,"uploaders_all_right_share":2.770083102493075e-05,"uploaders_without-hosting_delta_pp":-3.561837053078496e-05,"uploaders_without-hosting_observed_common_delta_pp":-3.561837053078496e-05,"uploaders_without-hosting_left_share":0.0,"uploaders_without-hosting_right_share":3.561837053078496e-05},"geometry":{"type":"Polygon","coordinates":[[[130.55923876662717,33.01582662553951],[130.65364065980083,32.99500321958679],[130.67092021562942,32.92218121920513],[130.59380767667693,32.870189155624765],[130.4994499466159,32.89103933108077],[130.4821606750197,32.96385472988473],[130.55923876662717,33.01582662553951]]]}},{"type":"Feature","properties":{"h3":"854b668ffffffff","countries":["JPN"],"common_intervals":20,"left_observed_intervals":20,"right_observed_intervals":20,"full_window_comparable":true,"expected_intervals":20,"downloaders_all_delta_pp":0.00010505511806607154,"downloaders_all_observed_common_delta_pp":0.00010505511806607154,"downloaders_all_left_share":0.0005618225084360562,"downloaders_all_right_share":0.0004567673903699847,"downloaders_without-hosting_delta_pp":0.0001360825904761331,"downloaders_without-hosting_observed_common_delta_pp":0.0001360825904761331,"downloaders_without-hosting_left_share":0.0006692162094606037,"downloaders_without-hosting_right_share":0.0005331336189844705,"uploaders_all_delta_pp":8.715847344044518e-05,"uploaders_all_observed_common_delta_pp":8.715847344044518e-05,"uploaders_all_left_share":0.0001226219814906615,"uploaders_all_right_share":3.546350805021633e-05,"uploaders_without-hosting_delta_pp":0.00012800815331131518,"uploaders_without-hosting_observed_common_delta_pp":0.00012800815331131518,"uploaders_without-hosting_left_share":0.00017586557647622227,"uploaders_without-hosting_right_share":4.7857423164907106e-05},"geometry":{"type":"Polygon","coordinates":[[[130.73079683736196,33.04686340356043],[130.82526623474874,33.025921612590096],[130.84253574204305,32.9530933096219],[130.765345983192,32.90121302940556],[130.67092021562942,32.92218121920513],[130.65364065980083,32.99500321958679],[130.73079683736196,33.04686340356043]]]}},{"type":"Feature","properties":{"h3":"854b6693fffffff","countries":["JPN"],"common_intervals":0,"left_observed_intervals":1,"right_observed_intervals":0,"full_window_comparable":false,"expected_intervals":20,"downloaders_all_delta_pp":null,"downloaders_all_observed_common_delta_pp":null,"downloaders_all_left_share":null,"downloaders_all_right_share":null,"downloaders_without-hosting_delta_pp":null,"downloaders_without-hosting_observed_common_delta_pp":null,"downloaders_without-hosting_left_share":null,"downloaders_without-hosting_right_share":null,"uploaders_all_delta_pp":null,"uploaders_all_observed_common_delta_pp":null,"uploaders_all_left_share":null,"uploaders_all_right_share":null,"uploaders_without-hosting_delta_pp":null,"uploaders_without-hosting_observed_common_delta_pp":null,"uploaders_without-hosting_left_share":null,"uploaders_without-hosting_right_share":null},"geometry":{"type":"Polygon","coordinates":[[[130.5073595409412,33.23347432515184],[130.60178120945884,33.21282235853512],[130.6190711546102,33.140323802948714],[130.54194913736254,33.08848367316315],[130.44757183059917,33.10916218216899],[130.430272262034,33.181654208170734],[130.5073595409412,33.23347432515184]]]}},{"type":"Feature","properties":{"h3":"854b6697fffffff","countries":["JPN"],"common_intervals":1,"left_observed_intervals":3,"right_observed_intervals":2,"full_window_comparable":false,"expected_intervals":20,"downloaders_all_delta_pp":null,"downloaders_all_observed_common_delta_pp":1.4585778230815114e-05,"downloaders_all_left_share":null,"downloaders_all_right_share":null,"downloaders_without-hosting_delta_pp":null,"downloaders_without-hosting_observed_common_delta_pp":1.910887359877144e-05,"downloaders_without-hosting_left_share":null,"downloaders_without-hosting_right_share":null,"uploaders_all_delta_pp":null,"uploaders_all_observed_common_delta_pp":0.0,"uploaders_all_left_share":null,"uploaders_all_right_share":null,"uploaders_without-hosting_delta_pp":null,"uploaders_without-hosting_observed_common_delta_pp":0.0,"uploaders_without-hosting_left_share":null,"uploaders_without-hosting_right_share":null},"geometry":{"type":"Polygon","coordinates":[[[130.67894702756672,33.26453028668841],[130.77343674602093,33.24375952673944],[130.79071673465694,33.17125473480726],[130.71351704414383,33.1195268686948],[130.6190711546102,33.140323802948714],[130.60178120945884,33.21282235853512],[130.67894702756672,33.26453028668841]]]}},{"type":"Feature","properties":{"h3":"854b669bfffffff","countries":["JPN"],"common_intervals":14,"left_observed_intervals":16,"right_observed_intervals":18,"full_window_comparable":false,"expected_intervals":20,"downloaders_all_delta_pp":null,"downloaders_all_observed_common_delta_pp":0.00010331332490540508,"downloaders_all_left_share":null,"downloaders_all_right_share":null,"downloaders_without-hosting_delta_pp":null,"downloaders_without-hosting_observed_common_delta_pp":0.00012851219271028377,"downloaders_without-hosting_left_share":null,"downloaders_without-hosting_right_share":null,"uploaders_all_delta_pp":null,"uploaders_all_observed_common_delta_pp":-3.957261574990107e-05,"uploaders_all_left_share":null,"uploaders_all_right_share":null,"uploaders_without-hosting_delta_pp":null,"uploaders_without-hosting_observed_common_delta_pp":-5.088338647254994e-05,"uploaders_without-hosting_left_share":null,"uploaders_without-hosting_right_share":null},"geometry":{"type":"Polygon","coordinates":[[[130.44757183059917,33.10916218216899],[130.54194913736254,33.08848367316315],[130.55923876662717,33.01582662553951],[130.4821606750197,32.96385472988473],[130.38782789578516,32.98456008093506],[130.37052876324915,33.05721041506799],[130.44757183059917,33.10916218216899]]]}},{"type":"Feature","properties":{"h3":"854b66a3fffffff","countries":["JPN"],"common_intervals":0,"left_observed_intervals":0,"right_observed_intervals":1,"full_window_comparable":false,"expected_intervals":20,"downloaders_all_delta_pp":null,"downloaders_all_observed_common_delta_pp":null,"downloaders_all_left_share":null,"downloaders_all_right_share":null,"downloaders_without-hosting_delta_pp":null,"downloaders_without-hosting_observed_common_delta_pp":null,"downloaders_without-hosting_left_share":null,"downloaders_without-hosting_right_share":null,"uploaders_all_delta_pp":null,"uploaders_all_observed_common_delta_pp":null,"uploaders_all_left_share":null,"uploaders_all_right_share":null,"uploaders_without-hosting_delta_pp":null,"uploaders_without-hosting_observed_common_delta_pp":null,"uploaders_without-hosting_left_share":null,"uploaders_without-hosting_right_share":null},"geometry":{"type":"Polygon","coordinates":[[[131.07434300150695,33.10824385690404],[131.1689425471176,33.08706433431089],[131.1861909579338,33.01422432418415],[131.1088506208751,32.96256946952462],[131.01429362733379,32.983774655498706],[130.99703450162673,33.05660896180085],[131.07434300150695,33.10824385690404]]]}},{"type":"Feature","properties":{"h3":"854b66abfffffff","countries":["JPN"],"common_intervals":0,"left_observed_intervals":1,"right_observed_intervals":4,"full_window_comparable":false,"expected_intervals":20,"downloaders_all_delta_pp":null,"downloaders_all_observed_common_delta_pp":null,"downloaders_all_left_share":null,"downloaders_all_right_share":null,"downloaders_without-hosting_delta_pp":null,"downloaders_without-hosting_observed_common_delta_pp":null,"downloaders_without-hosting_left_share":null,"downloaders_without-hosting_right_share":null,"uploaders_all_delta_pp":null,"uploaders_all_observed_common_delta_pp":null,"uploaders_all_left_share":null,"uploaders_all_right_share":null,"uploaders_without-hosting_delta_pp":null,"uploaders_without-hosting_observed_common_delta_pp":null,"uploaders_without-hosting_left_share":null,"uploaders_without-hosting_right_share":null},"geometry":{"type":"Polygon","coordinates":[[[131.01429362733379,32.983774655498706],[131.1088506208751,32.96256946952462],[131.12609911457074,32.88957052499517],[131.0488012913682,32.83778257788369],[130.95428702089737,32.859013718573244],[130.9370279333287,32.932006780581624],[131.01429362733379,32.983774655498706]]]}},{"type":"Feature","properties":{"h3":"854b66dbfffffff","countries":["JPN"],"common_intervals":0,"left_observed_intervals":1,"right_observed_intervals":0,"full_window_comparable":false,"expected_intervals":20,"downloaders_all_delta_pp":null,"downloaders_all_observed_common_delta_pp":null,"downloaders_all_left_share":null,"downloaders_all_right_share":null,"downloaders_without-hosting_delta_pp":null,"downloaders_without-hosting_observed_common_delta_pp":null,"downloaders_without-hosting_left_share":null,"downloaders_without-hosting_right_share":null,"uploaders_all_delta_pp":null,"uploaders_all_observed_common_delta_pp":null,"uploaders_all_left_share":null,"uploaders_all_right_share":null,"uploaders_without-hosting_delta_pp":null,"uploaders_without-hosting_observed_common_delta_pp":null,"uploaders_without-hosting_left_share":null,"uploaders_without-hosting_right_share":null},"geometry":{"type":"Polygon","coordinates":[[[130.1569566980574,32.828070019132056],[130.2511735432883,32.80745486918378],[130.26847167909742,32.734488357366864],[130.19156198384792,32.6821443160379],[130.09739051961162,32.70278728520293],[130.08008345197499,32.77574640579118],[130.1569566980574,32.828070019132056]]]}},{"type":"Feature","properties":{"h3":"854b6cb7fffffff","countries":["JPN"],"common_intervals":6,"left_observed_intervals":11,"right_observed_intervals":12,"full_window_comparable":false,"expected_intervals":20,"downloaders_all_delta_pp":null,"downloaders_all_observed_common_delta_pp":5.278063197681546e-06,"downloaders_all_left_share":null,"downloaders_all_right_share":null,"downloaders_without-hosting_delta_pp":null,"downloaders_without-hosting_observed_common_delta_pp":8.59237652234343e-06,"downloaders_without-hosting_left_share":null,"downloaders_without-hosting_right_share":null,"uploaders_all_delta_pp":null,"uploaders_all_observed_common_delta_pp":0.0,"uploaders_all_left_share":null,"uploaders_all_right_share":null,"uploaders_without-hosting_delta_pp":null,"uploaders_without-hosting_observed_common_delta_pp":0.0,"uploaders_without-hosting_left_share":null,"uploaders_without-hosting_right_share":null},"geometry":{"type":"Polygon","coordinates":[[[134.64517586877838,33.77118038673945],[134.5555538516169,33.79076809116995],[134.52481777374456,33.872353575968894],[134.5837806657341,33.93448493009024],[134.6736099461371,33.91496105133745],[134.70426875797767,33.83324191479472],[134.64517586877838,33.77118038673945]]]}},{"type":"Feature","properties":{"h3":"854b6d13fffffff","countries":["JPN"],"common_intervals":2,"left_observed_intervals":3,"right_observed_intervals":5,"full_window_comparable":false,"expected_intervals":20,"downloaders_all_delta_pp":null,"downloaders_all_observed_common_delta_pp":7.450592538252476e-05,"downloaders_all_left_share":null,"downloaders_all_right_share":null,"downloaders_without-hosting_delta_pp":null,"downloaders_without-hosting_observed_common_delta_pp":8.042049491335973e-05,"downloaders_without-hosting_left_share":null,"downloaders_without-hosting_right_share":null,"uploaders_all_delta_pp":null,"uploaders_all_observed_common_delta_pp":0.0,"uploaders_all_left_share":null,"uploaders_all_right_share":null,"uploaders_without-hosting_delta_pp":null,"uploaders_without-hosting_observed_common_delta_pp":0.0,"uploaders_without-hosting_left_share":null,"uploaders_without-hosting_right_share":null},"geometry":{"type":"Polygon","coordinates":[[[135.33471988116918,33.69348496895344],[135.24443227081878,33.71372443112286],[135.21417316584345,33.79590463656004],[135.2742832869042,33.857978628139534],[135.3647800619065,33.837800197603094],[135.39495723242464,33.755486670374204],[135.33471988116918,33.69348496895344]]]}},{"type":"Feature","properties":{"h3":"854b6d27fffffff","countries":["JPN"],"common_intervals":19,"left_observed_intervals":19,"right_observed_intervals":20,"full_window_comparable":false,"expected_intervals":20,"downloaders_all_delta_pp":null,"downloaders_all_observed_common_delta_pp":3.9733419276475125e-05,"downloaders_all_left_share":null,"downloaders_all_right_share":null,"downloaders_without-hosting_delta_pp":null,"downloaders_without-hosting_observed_common_delta_pp":5.3965573965625864e-05,"downloaders_without-hosting_left_share":null,"downloaders_without-hosting_right_share":null,"uploaders_all_delta_pp":null,"uploaders_all_observed_common_delta_pp":2.2058695245811474e-05,"uploaders_all_left_share":null,"uploaders_all_right_share":null,"uploaders_without-hosting_delta_pp":null,"uploaders_without-hosting_observed_common_delta_pp":3.7687430268271485e-05,"uploaders_without-hosting_left_share":null,"uploaders_without-hosting_right_share":null},"geometry":{"type":"Polygon","coordinates":[[[136.029992754152,33.61111620948964],[135.93905811565085,33.632018626303804],[135.90929394164996,33.71478861239319],[135.9705507215317,33.776788986943146],[136.06169626633343,33.755944702229975],[136.0913738011933,33.67304184216082],[136.029992754152,33.61111620948964]]]}},{"type":"Feature","properties":{"h3":"854b6d2bfffffff","countries":["JPN"],"common_intervals":13,"left_observed_intervals":16,"right_observed_intervals":16,"full_window_comparable":false,"expected_intervals":20,"downloaders_all_delta_pp":null,"downloaders_all_observed_common_delta_pp":7.863360683064809e-05,"downloaders_all_left_share":null,"downloaders_all_right_share":null,"downloaders_without-hosting_delta_pp":null,"downloaders_without-hosting_observed_common_delta_pp":9.785133664604833e-05,"downloaders_without-hosting_left_share":null,"downloaders_without-hosting_right_share":null,"uploaders_all_delta_pp":null,"uploaders_all_observed_common_delta_pp":8.76856085118174e-05,"uploaders_all_left_share":null,"uploaders_all_right_share":null,"uploaders_without-hosting_delta_pp":null,"uploaders_without-hosting_observed_common_delta_pp":0.000131593665080963,"uploaders_without-hosting_left_share":null,"uploaders_without-hosting_right_share":null},"geometry":{"type":"Polygon","coordinates":[[[135.84679227673905,33.42557957069214],[135.75627876909724,33.4464304933861],[135.72646646999348,33.529028125895906],[135.78725228328133,33.590907843730974],[135.87797508243787,33.57011544624709],[135.9077024569896,33.48738473532189],[135.84679227673905,33.42557957069214]]]}},{"type":"Feature","properties":{"h3":"854b6d8bfffffff","countries":["JPN"],"common_intervals":11,"left_observed_intervals":15,"right_observed_intervals":14,"full_window_comparable":false,"expected_intervals":20,"downloaders_all_delta_pp":null,"downloaders_all_observed_common_delta_pp":9.486475430782464e-05,"downloaders_all_left_share":null,"downloaders_all_right_share":null,"downloaders_without-hosting_delta_pp":null,"downloaders_without-hosting_observed_common_delta_pp":0.00011820104947716953,"downloaders_without-hosting_left_share":null,"downloaders_without-hosting_right_share":null,"uploaders_all_delta_pp":null,"uploaders_all_observed_common_delta_pp":0.0,"uploaders_all_left_share":null,"uploaders_all_right_share":null,"uploaders_without-hosting_delta_pp":null,"uploaders_without-hosting_observed_common_delta_pp":0.0,"uploaders_without-hosting_left_share":null,"uploaders_without-hosting_right_share":null},"geometry":{"type":"Polygon","coordinates":[[[135.21417316584345,33.79590463656004],[135.12389205589437,33.81597589816583],[135.0935120394512,33.89805953889177],[135.15349412700226,33.96020519571879],[135.2439845835079,33.9401956206764],[135.2742832869042,33.857978628139534],[135.21417316584345,33.79590463656004]]]}},{"type":"Feature","properties":{"h3":"854b6d93fffffff","countries":["JPN"],"common_intervals":0,"left_observed_intervals":0,"right_observed_intervals":1,"full_window_comparable":false,"expected_intervals":20,"downloaders_all_delta_pp":null,"downloaders_all_observed_common_delta_pp":null,"downloaders_all_left_share":null,"downloaders_all_right_share":null,"downloaders_without-hosting_delta_pp":null,"downloaders_without-hosting_observed_common_delta_pp":null,"downloaders_without-hosting_left_share":null,"downloaders_without-hosting_right_share":null,"uploaders_all_delta_pp":null,"uploaders_all_observed_common_delta_pp":null,"uploaders_all_left_share":null,"uploaders_all_right_share":null,"uploaders_without-hosting_delta_pp":null,"uploaders_without-hosting_observed_common_delta_pp":null,"uploaders_without-hosting_left_share":null,"uploaders_without-hosting_right_share":null},"geometry":{"type":"Polygon","coordinates":[[[135.1230739420947,34.04232474861871],[135.03259066283164,34.062165193402286],[135.0020490513379,34.14418640868881],[135.06207161126818,34.20650040138641],[135.1527653369046,34.1867224378433],[135.18322573486293,34.10456792614972],[135.1230739420947,34.04232474861871]]]}},{"type":"Feature","properties":{"h3":"854b6d97fffffff","countries":["JPN"],"common_intervals":0,"left_observed_intervals":7,"right_observed_intervals":1,"full_window_comparable":false,"expected_intervals":20,"downloaders_all_delta_pp":null,"downloaders_all_observed_common_delta_pp":null,"downloaders_all_left_share":null,"downloaders_all_right_share":null,"downloaders_without-hosting_delta_pp":null,"downloaders_without-hosting_observed_common_delta_pp":null,"downloaders_without-hosting_left_share":null,"downloaders_without-hosting_right_share":null,"uploaders_all_delta_pp":null,"uploaders_all_observed_common_delta_pp":null,"uploaders_all_left_share":null,"uploaders_all_right_share":null,"uploaders_without-hosting_delta_pp":null,"uploaders_without-hosting_observed_common_delta_pp":null,"uploaders_without-hosting_left_share":null,"uploaders_without-hosting_right_share":null},"geometry":{"type":"Polygon","coordinates":[[[135.27392645863867,34.08462018074642],[135.18322573486293,34.10456792614972],[135.1527653369046,34.1867224378433],[135.21308771549005,34.249062321929166],[135.30399963299234,34.229176545474694],[135.33437765485604,34.14688884290189],[135.27392645863867,34.08462018074642]]]}},{"type":"Feature","properties":{"h3":"854b6d9bfffffff","countries":["JPN"],"common_intervals":0,"left_observed_intervals":1,"right_observed_intervals":0,"full_window_comparable":false,"expected_intervals":20,"downloaders_all_delta_pp":null,"downloaders_all_observed_common_delta_pp":null,"downloaders_all_left_share":null,"downloaders_all_right_share":null,"downloaders_without-hosting_delta_pp":null,"downloaders_without-hosting_observed_common_delta_pp":null,"downloaders_without-hosting_left_share":null,"downloaders_without-hosting_right_share":null,"uploaders_all_delta_pp":null,"uploaders_all_observed_common_delta_pp":null,"uploaders_all_left_share":null,"uploaders_all_right_share":null,"uploaders_without-hosting_delta_pp":null,"uploaders_without-hosting_observed_common_delta_pp":null,"uploaders_without-hosting_left_share":null,"uploaders_without-hosting_right_share":null},"geometry":{"type":"Polygon","coordinates":[[[135.0935120394512,33.89805953889177],[135.0032382833004,33.91796232204369],[134.97273741080335,33.99994849837361],[135.03259066283164,34.062165193402286],[135.1230739420947,34.04232474861871],[135.15349412700226,33.96020519571879],[135.0935120394512,33.89805953889177]]]}},{"type":"Feature","properties":{"h3":"854b70a3fffffff","countries":["JPN"],"common_intervals":4,"left_observed_intervals":6,"right_observed_intervals":8,"full_window_comparable":false,"expected_intervals":20,"downloaders_all_delta_pp":null,"downloaders_all_observed_common_delta_pp":-5.4748729942264305e-06,"downloaders_all_left_share":null,"downloaders_all_right_share":null,"downloaders_without-hosting_delta_pp":null,"downloaders_without-hosting_observed_common_delta_pp":-2.7822969219516743e-06,"downloaders_without-hosting_left_share":null,"downloaders_without-hosting_right_share":null,"uploaders_all_delta_pp":null,"uploaders_all_observed_common_delta_pp":-0.0003276625861752602,"uploaders_all_left_share":null,"uploaders_all_right_share":null,"uploaders_without-hosting_delta_pp":null,"uploaders_without-hosting_observed_common_delta_pp":-0.00044061792257461867,"uploaders_without-hosting_left_share":null,"uploaders_without-hosting_right_share":null},"geometry":{"type":"Polygon","coordinates":[[[130.2375743690056,31.339354301672095],[130.33156287195396,31.317788856642142],[130.34880862326216,31.24273957538703],[130.27207499083698,31.18926413980706],[130.17813137206574,31.21085935512901],[130.16087658325142,31.285900163365028],[130.2375743690056,31.339354301672095]]]}},{"type":"Feature","properties":{"h3":"854b70b7fffffff","countries":["JPN"],"common_intervals":0,"left_observed_intervals":3,"right_observed_intervals":0,"full_window_comparable":false,"expected_intervals":20,"downloaders_all_delta_pp":null,"downloaders_all_observed_common_delta_pp":null,"downloaders_all_left_share":null,"downloaders_all_right_share":null,"downloaders_without-hosting_delta_pp":null,"downloaders_without-hosting_observed_common_delta_pp":null,"downloaders_without-hosting_left_share":null,"downloaders_without-hosting_right_share":null,"uploaders_all_delta_pp":null,"uploaders_all_observed_common_delta_pp":null,"uploaders_all_left_share":null,"uploaders_all_right_share":null,"uploaders_without-hosting_delta_pp":null,"uploaders_without-hosting_observed_common_delta_pp":null,"uploaders_without-hosting_left_share":null,"uploaders_without-hosting_right_share":null},"geometry":{"type":"Polygon","coordinates":[[[130.29706121060838,31.467566280015106],[130.39109443558883,31.44603031053208],[130.4083406473219,31.37113750702714],[130.33156287195396,31.317788856642142],[130.2375743690056,31.339354301672095],[130.22031900118927,31.4142388492414],[130.29706121060838,31.467566280015106]]]}},{"type":"Feature","properties":{"h3":"854b718ffffffff","countries":["JPN"],"common_intervals":0,"left_observed_intervals":3,"right_observed_intervals":2,"full_window_comparable":false,"expected_intervals":20,"downloaders_all_delta_pp":null,"downloaders_all_observed_common_delta_pp":null,"downloaders_all_left_share":null,"downloaders_all_right_share":null,"downloaders_without-hosting_delta_pp":null,"downloaders_without-hosting_observed_common_delta_pp":null,"downloaders_without-hosting_left_share":null,"downloaders_without-hosting_right_share":null,"uploaders_all_delta_pp":null,"uploaders_all_observed_common_delta_pp":null,"uploaders_all_left_share":null,"uploaders_all_right_share":null,"uploaders_without-hosting_delta_pp":null,"uploaders_without-hosting_observed_common_delta_pp":null,"uploaders_without-hosting_left_share":null,"uploaders_without-hosting_right_share":null},"geometry":{"type":"Polygon","coordinates":[[[131.09286553570578,31.496058754555307],[131.1871885853844,31.47392001183633],[131.2043842053311,31.398833455136387],[131.12726754414606,31.3458923437047],[131.03298673416344,31.36805889306959],[131.01578042777925,31.443138674389605],[131.09286553570578,31.496058754555307]]]}},{"type":"Feature","properties":{"h3":"854b7197fffffff","countries":["JPN"],"common_intervals":0,"left_observed_intervals":0,"right_observed_intervals":1,"full_window_comparable":false,"expected_intervals":20,"downloaders_all_delta_pp":null,"downloaders_all_observed_common_delta_pp":null,"downloaders_all_left_share":null,"downloaders_all_right_share":null,"downloaders_without-hosting_delta_pp":null,"downloaders_without-hosting_observed_common_delta_pp":null,"downloaders_without-hosting_left_share":null,"downloaders_without-hosting_right_share":null,"uploaders_all_delta_pp":null,"uploaders_all_observed_common_delta_pp":null,"uploaders_all_left_share":null,"uploaders_all_right_share":null,"uploaders_without-hosting_delta_pp":null,"uploaders_without-hosting_observed_common_delta_pp":null,"uploaders_without-hosting_left_share":null,"uploaders_without-hosting_right_share":null},"geometry":{"type":"Polygon","coordinates":[[[131.04123610800164,31.72050442802013],[131.135580501141,31.698536505983522],[131.15278673127958,31.623771583768796],[131.07565924645465,31.570981217943224],[130.9813572912081,31.592976764079868],[130.9641404650905,31.66773497936936],[131.04123610800164,31.72050442802013]]]}},{"type":"Feature","properties":{"h3":"854b71b3fffffff","countries":["JPN"],"common_intervals":0,"left_observed_intervals":2,"right_observed_intervals":0,"full_window_comparable":false,"expected_intervals":20,"downloaders_all_delta_pp":null,"downloaders_all_observed_common_delta_pp":null,"downloaders_all_left_share":null,"downloaders_all_right_share":null,"downloaders_without-hosting_delta_pp":null,"downloaders_without-hosting_observed_common_delta_pp":null,"downloaders_without-hosting_left_share":null,"downloaders_without-hosting_right_share":null,"uploaders_all_delta_pp":null,"uploaders_all_observed_common_delta_pp":null,"uploaders_all_left_share":null,"uploaders_all_right_share":null,"uploaders_without-hosting_delta_pp":null,"uploaders_without-hosting_observed_common_delta_pp":null,"uploaders_without-hosting_left_share":null,"uploaders_without-hosting_right_share":null},"geometry":{"type":"Polygon","coordinates":[[[131.32435255541188,31.654341378570273],[131.4187792158895,31.632114187635143],[131.43596356115285,31.557178917056167],[131.3587324655798,31.50447699936594],[131.2643473330129,31.526731328206402],[131.24715185034114,31.601660364006474],[131.32435255541188,31.654341378570273]]]}},{"type":"Feature","properties":{"h3":"854b71c3fffffff","countries":["JPN"],"common_intervals":0,"left_observed_intervals":1,"right_observed_intervals":0,"full_window_comparable":false,"expected_intervals":20,"downloaders_all_delta_pp":null,"downloaders_all_observed_common_delta_pp":null,"downloaders_all_left_share":null,"downloaders_all_right_share":null,"downloaders_without-hosting_delta_pp":null,"downloaders_without-hosting_observed_common_delta_pp":null,"downloaders_without-hosting_left_share":null,"downloaders_without-hosting_right_share":null,"uploaders_all_delta_pp":null,"uploaders_all_observed_common_delta_pp":null,"uploaders_all_left_share":null,"uploaders_all_right_share":null,"uploaders_without-hosting_delta_pp":null,"uploaders_without-hosting_observed_common_delta_pp":null,"uploaders_without-hosting_left_share":null,"uploaders_without-hosting_right_share":null},"geometry":{"type":"Polygon","coordinates":[[[130.69060956807667,31.30584151795703],[130.78476029431218,31.283904455269155],[130.80197681235998,31.208674911507256],[130.7250525926939,31.15539002474067],[130.6309453414749,31.177355962584787],[130.61371891680116,31.252577839305108],[130.69060956807667,31.30584151795703]]]}},{"type":"Feature","properties":{"h3":"854b71d7fffffff","countries":["JPN"],"common_intervals":16,"left_observed_intervals":19,"right_observed_intervals":17,"full_window_comparable":false,"expected_intervals":20,"downloaders_all_delta_pp":null,"downloaders_all_observed_common_delta_pp":6.674986818361005e-05,"downloaders_all_left_share":null,"downloaders_all_right_share":null,"downloaders_without-hosting_delta_pp":null,"downloaders_without-hosting_observed_common_delta_pp":8.418969381507171e-05,"downloaders_without-hosting_left_share":null,"downloaders_without-hosting_right_share":null,"uploaders_all_delta_pp":null,"uploaders_all_observed_common_delta_pp":0.00013310853279673566,"uploaders_all_left_share":null,"uploaders_all_right_share":null,"uploaders_without-hosting_delta_pp":null,"uploaders_without-hosting_observed_common_delta_pp":0.00020099969537131377,"uploaders_without-hosting_left_share":null,"uploaders_without-hosting_right_share":null},"geometry":{"type":"Polygon","coordinates":[[[130.75031686138803,31.434042404048032],[130.8445108962317,31.412133928187785],[130.86172755870945,31.33706126242075],[130.78476029431218,31.283904455269155],[130.69060956807667,31.30584151795703],[130.67338287960544,31.38090672831248],[130.75031686138803,31.434042404048032]]]}},{"type":"Feature","properties":{"h3":"854b751bfffffff","countries":["JPN"],"common_intervals":0,"left_observed_intervals":0,"right_observed_intervals":6,"full_window_comparable":false,"expected_intervals":20,"downloaders_all_delta_pp":null,"downloaders_all_observed_common_delta_pp":null,"downloaders_all_left_share":null,"downloaders_all_right_share":null,"downloaders_without-hosting_delta_pp":null,"downloaders_without-hosting_observed_common_delta_pp":null,"downloaders_without-hosting_left_share":null,"downloaders_without-hosting_right_share":null,"uploaders_all_delta_pp":null,"uploaders_all_observed_common_delta_pp":null,"uploaders_all_left_share":null,"uploaders_all_right_share":null,"uploaders_without-hosting_delta_pp":null,"uploaders_without-hosting_observed_common_delta_pp":null,"uploaders_without-hosting_left_share":null,"uploaders_without-hosting_right_share":null},"geometry":{"type":"Polygon","coordinates":[[[130.19347511049594,31.914326221982094],[130.28754585897443,31.893136159205447],[130.3048124332646,31.818886699537103],[130.2280173127491,31.76583529708036],[130.1339916789258,31.787054433709105],[130.1167161329077,31.861295827166586],[130.19347511049594,31.914326221982094]]]}},{"type":"Feature","properties":{"h3":"854b752bfffffff","countries":["JPN"],"common_intervals":0,"left_observed_intervals":1,"right_observed_intervals":2,"full_window_comparable":false,"expected_intervals":20,"downloaders_all_delta_pp":null,"downloaders_all_observed_common_delta_pp":null,"downloaders_all_left_share":null,"downloaders_all_right_share":null,"downloaders_without-hosting_delta_pp":null,"downloaders_without-hosting_observed_common_delta_pp":null,"downloaders_without-hosting_left_share":null,"downloaders_without-hosting_right_share":null,"uploaders_all_delta_pp":null,"uploaders_all_observed_common_delta_pp":null,"uploaders_all_left_share":null,"uploaders_all_right_share":null,"uploaders_without-hosting_delta_pp":null,"uploaders_without-hosting_observed_common_delta_pp":null,"uploaders_without-hosting_left_share":null,"uploaders_without-hosting_right_share":null},"geometry":{"type":"Polygon","coordinates":[[[130.75837544956204,31.785889578459315],[130.85263308461234,31.764180966106522],[130.86986031495758,31.689587145990657],[130.79284004683868,31.636709035437836],[130.69862575095388,31.65844575663644],[130.68138846615926,31.733032407228727],[130.75837544956204,31.785889578459315]]]}},{"type":"Feature","properties":{"h3":"854b7563fffffff","countries":["JPN"],"common_intervals":20,"left_observed_intervals":20,"right_observed_intervals":20,"full_window_comparable":true,"expected_intervals":20,"downloaders_all_delta_pp":0.0005506983744731377,"downloaders_all_observed_common_delta_pp":0.0005506983744731377,"downloaders_all_left_share":0.002787740647116492,"downloaders_all_right_share":0.0022370422726433544,"downloaders_without-hosting_delta_pp":0.0007032368427656781,"downloaders_without-hosting_observed_common_delta_pp":0.0007032368427656781,"downloaders_without-hosting_left_share":0.003309754803479082,"downloaders_without-hosting_right_share":0.0026065179607134047,"uploaders_all_delta_pp":0.0002601615401402987,"uploaders_all_observed_common_delta_pp":0.0002601615401402987,"uploaders_all_left_share":0.00037264481956143444,"uploaders_all_right_share":0.00011248327942113574,"uploaders_without-hosting_delta_pp":0.00040103018864158556,"uploaders_without-hosting_observed_common_delta_pp":0.00040103018864158556,"uploaders_without-hosting_left_share":0.0005366718184648202,"uploaders_without-hosting_right_share":0.0001356416298232346},"geometry":{"type":"Polygon","coordinates":[[[130.5275352965082,31.627081223043053],[130.62168213449587,31.605459630199558],[130.63891916073138,31.530715831046656],[130.56201903563723,31.477601261014726],[130.46791623211533,31.499251642907534],[130.45066960119604,31.573987733471274],[130.5275352965082,31.627081223043053]]]}},{"type":"Feature","properties":{"h3":"854b7577fffffff","countries":["JPN"],"common_intervals":0,"left_observed_intervals":0,"right_observed_intervals":1,"full_window_comparable":false,"expected_intervals":20,"downloaders_all_delta_pp":null,"downloaders_all_observed_common_delta_pp":null,"downloaders_all_left_share":null,"downloaders_all_right_share":null,"downloaders_without-hosting_delta_pp":null,"downloaders_without-hosting_observed_common_delta_pp":null,"downloaders_without-hosting_left_share":null,"downloaders_without-hosting_right_share":null,"uploaders_all_delta_pp":null,"uploaders_all_observed_common_delta_pp":null,"uploaders_all_left_share":null,"uploaders_all_right_share":null,"uploaders_without-hosting_delta_pp":null,"uploaders_without-hosting_observed_common_delta_pp":null,"uploaders_without-hosting_left_share":null,"uploaders_without-hosting_right_share":null},"geometry":{"type":"Polygon","coordinates":[[[130.58719775887113,31.754625503323577],[130.68138846615926,31.733032407228727],[130.69862575095388,31.65844575663644],[130.62168213449587,31.605459630199558],[130.5275352965082,31.627081223043053],[130.5102882877349,31.701660373349036],[130.58719775887113,31.754625503323577]]]}},{"type":"Feature","properties":{"h3":"854b758ffffffff","countries":["JPN"],"common_intervals":1,"left_observed_intervals":2,"right_observed_intervals":3,"full_window_comparable":false,"expected_intervals":20,"downloaders_all_delta_pp":null,"downloaders_all_observed_common_delta_pp":-7.853732033346689e-05,"downloaders_all_left_share":null,"downloaders_all_right_share":null,"downloaders_without-hosting_delta_pp":null,"downloaders_without-hosting_observed_common_delta_pp":-8.815656383969541e-05,"downloaders_without-hosting_left_share":null,"downloaders_without-hosting_right_share":null,"uploaders_all_delta_pp":null,"uploaders_all_observed_common_delta_pp":-0.0006553251723505204,"uploaders_all_left_share":null,"uploaders_all_right_share":null,"uploaders_without-hosting_delta_pp":null,"uploaders_without-hosting_observed_common_delta_pp":-0.0008812358451492373,"uploaders_without-hosting_left_share":null,"uploaders_without-hosting_right_share":null},"geometry":{"type":"Polygon","coordinates":[[[130.31257392864228,32.16801392787772],[130.4067344190389,32.146881118128064],[130.42400193610717,32.072946197177956],[130.3471182545629,32.02015166804331],[130.25300255366417,32.041312955264075],[130.23572582693274,32.11524022256044],[130.31257392864228,32.16801392787772]]]}},{"type":"Feature","properties":{"h3":"854b75a7fffffff","countries":["JPN"],"common_intervals":0,"left_observed_intervals":5,"right_observed_intervals":3,"full_window_comparable":false,"expected_intervals":20,"downloaders_all_delta_pp":null,"downloaders_all_observed_common_delta_pp":null,"downloaders_all_left_share":null,"downloaders_all_right_share":null,"downloaders_without-hosting_delta_pp":null,"downloaders_without-hosting_observed_common_delta_pp":null,"downloaders_without-hosting_left_share":null,"downloaders_without-hosting_right_share":null,"uploaders_all_delta_pp":null,"uploaders_all_observed_common_delta_pp":null,"uploaders_all_left_share":null,"uploaders_all_right_share":null,"uploaders_without-hosting_delta_pp":null,"uploaders_without-hosting_observed_common_delta_pp":null,"uploaders_without-hosting_left_share":null,"uploaders_without-hosting_right_share":null},"geometry":{"type":"Polygon","coordinates":[[[130.82627993809425,32.261935295585175],[130.9206444573339,32.24045326746812],[130.93788235930793,32.16649729866762],[130.860766027453,32.11402998294527],[130.76644471005508,32.13553934066425],[130.7491966050477,32.209488612662426],[130.82627993809425,32.261935295585175]]]}},{"type":"Feature","properties":{"h3":"854b75abfffffff","countries":["JPN"],"common_intervals":0,"left_observed_intervals":3,"right_observed_intervals":3,"full_window_comparable":false,"expected_intervals":20,"downloaders_all_delta_pp":null,"downloaders_all_observed_common_delta_pp":null,"downloaders_all_left_share":null,"downloaders_all_right_share":null,"downloaders_without-hosting_delta_pp":null,"downloaders_without-hosting_observed_common_delta_pp":null,"downloaders_without-hosting_left_share":null,"downloaders_without-hosting_right_share":null,"uploaders_all_delta_pp":null,"uploaders_all_observed_common_delta_pp":null,"uploaders_all_left_share":null,"uploaders_all_right_share":null,"uploaders_without-hosting_delta_pp":null,"uploaders_without-hosting_observed_common_delta_pp":null,"uploaders_without-hosting_left_share":null,"uploaders_without-hosting_right_share":null},"geometry":{"type":"Polygon","coordinates":[[[130.59515027605676,32.104355318536506],[130.68940465510147,32.0829623105509],[130.70665254851278,32.00885526685719],[130.62965589696734,31.95614837455915],[130.53544541897975,31.977569386608337],[130.51818777369934,32.051669215032575],[130.59515027605676,32.104355318536506]]]}},{"type":"Feature","properties":{"h3":"854b75b7fffffff","countries":["JPN"],"common_intervals":0,"left_observed_intervals":3,"right_observed_intervals":4,"full_window_comparable":false,"expected_intervals":20,"downloaders_all_delta_pp":null,"downloaders_all_observed_common_delta_pp":null,"downloaders_all_left_share":null,"downloaders_all_right_share":null,"downloaders_without-hosting_delta_pp":null,"downloaders_without-hosting_observed_common_delta_pp":null,"downloaders_without-hosting_left_share":null,"downloaders_without-hosting_right_share":null,"uploaders_all_delta_pp":null,"uploaders_all_observed_common_delta_pp":null,"uploaders_all_left_share":null,"uploaders_all_right_share":null,"uploaders_without-hosting_delta_pp":null,"uploaders_without-hosting_observed_common_delta_pp":null,"uploaders_without-hosting_left_share":null,"uploaders_without-hosting_right_share":null},"geometry":{"type":"Polygon","coordinates":[[[130.71468998153486,32.35706448786872],[130.80903166328588,32.33572660725159],[130.82627993809425,32.261935295585175],[130.7491966050477,32.209488612662426],[130.65489849118808,32.230853910258766],[130.6376402248649,32.30463840214351],[130.71468998153486,32.35706448786872]]]}},{"type":"Feature","properties":{"h3":"854ba873fffffff","countries":["JPN"],"common_intervals":1,"left_observed_intervals":4,"right_observed_intervals":3,"full_window_comparable":false,"expected_intervals":20,"downloaders_all_delta_pp":null,"downloaders_all_observed_common_delta_pp":7.967532909454331e-06,"downloaders_all_left_share":null,"downloaders_all_right_share":null,"downloaders_without-hosting_delta_pp":null,"downloaders_without-hosting_observed_common_delta_pp":8.016343847221975e-06,"downloaders_without-hosting_left_share":null,"downloaders_without-hosting_right_share":null,"uploaders_all_delta_pp":null,"uploaders_all_observed_common_delta_pp":0.0,"uploaders_all_left_share":null,"uploaders_all_right_share":null,"uploaders_without-hosting_delta_pp":null,"uploaders_without-hosting_observed_common_delta_pp":0.0,"uploaders_without-hosting_left_share":null,"uploaders_without-hosting_right_share":null},"geometry":{"type":"Polygon","coordinates":[[[124.10311134432573,24.374549073563497],[124.19263295821025,24.35318957663215],[124.20983112336252,24.27189106967789],[124.13750528926906,24.211983092789563],[124.04804356900776,24.23339547738448],[124.03084785994767,24.314662887407607],[124.10311134432573,24.374549073563497]]]}}]}
