pair,window,weeks,key,region,role,mode,numerator,world,share,world_weight_retained_pct
films,full,1|2|3|4|5|6|7|8|9|10|11|12|13|14|15|16|17|18|19|20|21|22|23|24|25|26,godzilla-minus-one,JPN,downloaders,all,845181,59475882,1.4210482830670759,100.0
films,full,1|2|3|4|5|6|7|8|9|10|11|12|13|14|15|16|17|18|19|20|21|22|23|24|25|26,godzilla-minus-one,JPN,downloaders,without-hosting,738329,50049595,1.475194754323187,100.0
films,full,1|2|3|4|5|6|7|8|9|10|11|12|13|14|15|16|17|18|19|20|21|22|23|24|25|26,godzilla-minus-one,JPN,uploaders,all,31057,4720356,0.6579376640236457,100.0
films,full,1|2|3|4|5|6|7|8|9|10|11|12|13|14|15|16|17|18|19|20|21|22|23|24|25|26,godzilla-minus-one,JPN,uploaders,without-hosting,19220,3641550,0.5277972292018509,100.0
films,full,1|2|3|4|5|6|7|8|9|10|11|12|13|14|15|16|17|18|19|20|21|22|23|24|25|26,godzilla-minus-one,USA,downloaders,all,4438835,59475882,7.463252079220952,100.0
films,full,1|2|3|4|5|6|7|8|9|10|11|12|13|14|15|16|17|18|19|20|21|22|23|24|25|26,godzilla-minus-one,USA,downloaders,without-hosting,2294675,50049595,4.584802334564346,100.0
films,full,1|2|3|4|5|6|7|8|9|10|11|12|13|14|15|16|17|18|19|20|21|22|23|24|25|26,godzilla-minus-one,USA,uploaders,all,629640,4720356,13.338824444596975,100.0
films,full,1|2|3|4|5|6|7|8|9|10|11|12|13|14|15|16|17|18|19|20|21|22|23|24|25|26,godzilla-minus-one,USA,uploaders,without-hosting,185556,3641550,5.095522511018659,100.0
films,full,1|2|3|4|5|6|7|8|9|10|11|12|13|14|15|16|17|18|19|20|21|22|23|24|25|26,godzilla-minus-one,CHN,downloaders,all,3123446,59475882,5.251617790216209,100.0
films,full,1|2|3|4|5|6|7|8|9|10|11|12|13|14|15|16|17|18|19|20|21|22|23|24|25|26,godzilla-minus-one,CHN,downloaders,without-hosting,2949389,50049595,5.892932799955724,100.0
films,full,1|2|3|4|5|6|7|8|9|10|11|12|13|14|15|16|17|18|19|20|21|22|23|24|25|26,godzilla-minus-one,CHN,uploaders,all,153968,4720356,3.261787882100418,100.0
films,full,1|2|3|4|5|6|7|8|9|10|11|12|13|14|15|16|17|18|19|20|21|22|23|24|25|26,godzilla-minus-one,CHN,uploaders,without-hosting,140570,3641550,3.860169433345691,100.0
films,full,1|2|3|4|5|6|7|8|9|10|11|12|13|14|15|16|17|18|19|20|21|22|23|24|25|26,godzilla-minus-one,KOR,downloaders,all,5473245,59475882,9.202461259843108,100.0
films,full,1|2|3|4|5|6|7|8|9|10|11|12|13|14|15|16|17|18|19|20|21|22|23|24|25|26,godzilla-minus-one,KOR,downloaders,without-hosting,5320509,50049595,10.630473633203225,100.0
films,full,1|2|3|4|5|6|7|8|9|10|11|12|13|14|15|16|17|18|19|20|21|22|23|24|25|26,godzilla-minus-one,KOR,uploaders,all,42328,4720356,0.8967120276521516,100.0
films,full,1|2|3|4|5|6|7|8|9|10|11|12|13|14|15|16|17|18|19|20|21|22|23|24|25|26,godzilla-minus-one,KOR,uploaders,without-hosting,40542,3641550,1.113317131441282,100.0
films,full,1|2|3|4|5|6|7|8|9|10|11|12|13|14|15|16|17|18|19|20|21|22|23|24|25|26,godzilla-minus-one,asia-28,downloaders,all,13701175,59475882,23.03652260255678,100.0
films,full,1|2|3|4|5|6|7|8|9|10|11|12|13|14|15|16|17|18|19|20|21|22|23|24|25|26,godzilla-minus-one,asia-28,downloaders,without-hosting,12973496,50049595,25.92128068169183,100.0
films,full,1|2|3|4|5|6|7|8|9|10|11|12|13|14|15|16|17|18|19|20|21|22|23|24|25|26,godzilla-minus-one,asia-28,uploaders,all,1264038,4720356,26.77844637141775,100.0
films,full,1|2|3|4|5|6|7|8|9|10|11|12|13|14|15|16|17|18|19|20|21|22|23|24|25|26,godzilla-minus-one,asia-28,uploaders,without-hosting,1183833,3641550,32.50904147958973,100.0
films,full,1|2|3|4|5|6|7|8|9|10|11|12|13|14|15|16|17|18|19|20|21|22|23|24|25|26,godzilla-minus-one,eur-27,downloaders,all,12586634,59475882,21.162584860868478,100.0
films,full,1|2|3|4|5|6|7|8|9|10|11|12|13|14|15|16|17|18|19|20|21|22|23|24|25|26,godzilla-minus-one,eur-27,downloaders,without-hosting,7982224,50049595,15.948628555335961,100.0
films,full,1|2|3|4|5|6|7|8|9|10|11|12|13|14|15|16|17|18|19|20|21|22|23|24|25|26,godzilla-minus-one,eur-27,uploaders,all,789686,4720356,16.729373801467517,100.0
films,full,1|2|3|4|5|6|7|8|9|10|11|12|13|14|15|16|17|18|19|20|21|22|23|24|25|26,godzilla-minus-one,eur-27,uploaders,without-hosting,527755,3641550,14.492592440032404,100.0
films,full,1|2|3|4|5|6|7|8|9|10|11|12|13|14|15|16|17|18|19|20|21|22|23|24|25|26,godzilla-minus-one,usa-can,downloaders,all,6005431,59475882,10.097254211379328,100.0
films,full,1|2|3|4|5|6|7|8|9|10|11|12|13|14|15|16|17|18|19|20|21|22|23|24|25|26,godzilla-minus-one,usa-can,downloaders,without-hosting,3285705,50049595,6.564898277398648,100.0
films,full,1|2|3|4|5|6|7|8|9|10|11|12|13|14|15|16|17|18|19|20|21|22|23|24|25|26,godzilla-minus-one,usa-can,uploaders,all,894642,4720356,18.952850166385755,100.0
films,full,1|2|3|4|5|6|7|8|9|10|11|12|13|14|15|16|17|18|19|20|21|22|23|24|25|26,godzilla-minus-one,usa-can,uploaders,without-hosting,317088,3641550,8.707500926803148,100.0
films,full,1|2|3|4|5|6|7|8|9|10|11|12|13|14|15|16|17|18|19|20|21|22|23|24|25|26,godzilla-x-kong-the-new-empire,JPN,downloaders,all,900103,77062615,1.1680151264007845,100.0
films,full,1|2|3|4|5|6|7|8|9|10|11|12|13|14|15|16|17|18|19|20|21|22|23|24|25|26,godzilla-x-kong-the-new-empire,JPN,downloaders,without-hosting,791655,66274550,1.1945082991887535,100.0
films,full,1|2|3|4|5|6|7|8|9|10|11|12|13|14|15|16|17|18|19|20|21|22|23|24|25|26,godzilla-x-kong-the-new-empire,JPN,uploaders,all,28570,9683536,0.295036854306113,100.0
films,full,1|2|3|4|5|6|7|8|9|10|11|12|13|14|15|16|17|18|19|20|21|22|23|24|25|26,godzilla-x-kong-the-new-empire,JPN,uploaders,without-hosting,18756,8251882,0.22729360405299057,100.0
films,full,1|2|3|4|5|6|7|8|9|10|11|12|13|14|15|16|17|18|19|20|21|22|23|24|25|26,godzilla-x-kong-the-new-empire,USA,downloaders,all,5225342,77062615,6.780644544699139,100.0
films,full,1|2|3|4|5|6|7|8|9|10|11|12|13|14|15|16|17|18|19|20|21|22|23|24|25|26,godzilla-x-kong-the-new-empire,USA,downloaders,without-hosting,2723394,66274550,4.109260643791622,100.0
films,full,1|2|3|4|5|6|7|8|9|10|11|12|13|14|15|16|17|18|19|20|21|22|23|24|25|26,godzilla-x-kong-the-new-empire,USA,uploaders,all,879419,9683536,9.08158961767685,100.0
films,full,1|2|3|4|5|6|7|8|9|10|11|12|13|14|15|16|17|18|19|20|21|22|23|24|25|26,godzilla-x-kong-the-new-empire,USA,uploaders,without-hosting,297239,8251882,3.6020752599225245,100.0
films,full,1|2|3|4|5|6|7|8|9|10|11|12|13|14|15|16|17|18|19|20|21|22|23|24|25|26,godzilla-x-kong-the-new-empire,CHN,downloaders,all,3454173,77062615,4.482294041021058,100.0
films,full,1|2|3|4|5|6|7|8|9|10|11|12|13|14|15|16|17|18|19|20|21|22|23|24|25|26,godzilla-x-kong-the-new-empire,CHN,downloaders,without-hosting,3265692,66274550,4.927520443367778,100.0
films,full,1|2|3|4|5|6|7|8|9|10|11|12|13|14|15|16|17|18|19|20|21|22|23|24|25|26,godzilla-x-kong-the-new-empire,CHN,uploaders,all,194048,9683536,2.003896097458614,100.0
films,full,1|2|3|4|5|6|7|8|9|10|11|12|13|14|15|16|17|18|19|20|21|22|23|24|25|26,godzilla-x-kong-the-new-empire,CHN,uploaders,without-hosting,180393,8251882,2.1860831262492604,100.0
films,full,1|2|3|4|5|6|7|8|9|10|11|12|13|14|15|16|17|18|19|20|21|22|23|24|25|26,godzilla-x-kong-the-new-empire,KOR,downloaders,all,6019855,77062615,7.811641221881713,100.0
films,full,1|2|3|4|5|6|7|8|9|10|11|12|13|14|15|16|17|18|19|20|21|22|23|24|25|26,godzilla-x-kong-the-new-empire,KOR,downloaders,without-hosting,5853298,66274550,8.83189399249033,100.0
films,full,1|2|3|4|5|6|7|8|9|10|11|12|13|14|15|16|17|18|19|20|21|22|23|24|25|26,godzilla-x-kong-the-new-empire,KOR,uploaders,all,92840,9683536,0.9587406914168544,100.0
films,full,1|2|3|4|5|6|7|8|9|10|11|12|13|14|15|16|17|18|19|20|21|22|23|24|25|26,godzilla-x-kong-the-new-empire,KOR,uploaders,without-hosting,90298,8251882,1.0942715855607241,100.0
films,full,1|2|3|4|5|6|7|8|9|10|11|12|13|14|15|16|17|18|19|20|21|22|23|24|25|26,godzilla-x-kong-the-new-empire,asia-28,downloaders,all,18880461,77062615,24.500156139264156,100.0
films,full,1|2|3|4|5|6|7|8|9|10|11|12|13|14|15|16|17|18|19|20|21|22|23|24|25|26,godzilla-x-kong-the-new-empire,asia-28,downloaders,without-hosting,18048806,66274550,27.233388985666444,100.0
films,full,1|2|3|4|5|6|7|8|9|10|11|12|13|14|15|16|17|18|19|20|21|22|23|24|25|26,godzilla-x-kong-the-new-empire,asia-28,uploaders,all,2555177,9683536,26.386817790526106,100.0
films,full,1|2|3|4|5|6|7|8|9|10|11|12|13|14|15|16|17|18|19|20|21|22|23|24|25|26,godzilla-x-kong-the-new-empire,asia-28,uploaders,without-hosting,2463025,8251882,29.848039513895134,100.0
films,full,1|2|3|4|5|6|7|8|9|10|11|12|13|14|15|16|17|18|19|20|21|22|23|24|25|26,godzilla-x-kong-the-new-empire,eur-27,downloaders,all,15093698,77062615,19.58627798965815,100.0
films,full,1|2|3|4|5|6|7|8|9|10|11|12|13|14|15|16|17|18|19|20|21|22|23|24|25|26,godzilla-x-kong-the-new-empire,eur-27,downloaders,without-hosting,10025423,66274550,15.127108369653207,100.0
films,full,1|2|3|4|5|6|7|8|9|10|11|12|13|14|15|16|17|18|19|20|21|22|23|24|25|26,godzilla-x-kong-the-new-empire,eur-27,uploaders,all,1285242,9683536,13.272445106828744,100.0
films,full,1|2|3|4|5|6|7|8|9|10|11|12|13|14|15|16|17|18|19|20|21|22|23|24|25|26,godzilla-x-kong-the-new-empire,eur-27,uploaders,without-hosting,962835,8251882,11.668065539473298,100.0
films,full,1|2|3|4|5|6|7|8|9|10|11|12|13|14|15|16|17|18|19|20|21|22|23|24|25|26,godzilla-x-kong-the-new-empire,usa-can,downloaders,all,6997362,77062615,9.080099345188325,100.0
films,full,1|2|3|4|5|6|7|8|9|10|11|12|13|14|15|16|17|18|19|20|21|22|23|24|25|26,godzilla-x-kong-the-new-empire,usa-can,downloaders,without-hosting,3868428,66274550,5.836973619587006,100.0
films,full,1|2|3|4|5|6|7|8|9|10|11|12|13|14|15|16|17|18|19|20|21|22|23|24|25|26,godzilla-x-kong-the-new-empire,usa-can,uploaders,all,1170397,9683536,12.086463044078114,100.0
films,full,1|2|3|4|5|6|7|8|9|10|11|12|13|14|15|16|17|18|19|20|21|22|23|24|25|26,godzilla-x-kong-the-new-empire,usa-can,uploaders,without-hosting,465431,8251882,5.640301206439937,100.0
films,jointly-eligible,3|6|7|8|9|12|13|14|15|16|17|18|19|20|21|22|23|24|25|26,godzilla-minus-one,JPN,downloaders,all,662303,46074710,1.4374545168054231,77.46788858045014
films,jointly-eligible,3|6|7|8|9|12|13|14|15|16|17|18|19|20|21|22|23|24|25|26,godzilla-minus-one,JPN,downloaders,without-hosting,581846,38788996,1.5000285132412297,77.50111864042057
films,jointly-eligible,3|6|7|8|9|12|13|14|15|16|17|18|19|20|21|22|23|24|25|26,godzilla-minus-one,JPN,uploaders,all,18285,2711723,0.6742945352456722,57.44742557552863
films,jointly-eligible,3|6|7|8|9|12|13|14|15|16|17|18|19|20|21|22|23|24|25|26,godzilla-minus-one,JPN,uploaders,without-hosting,10441,1988869,0.524971730164229,54.61600142796337
films,jointly-eligible,3|6|7|8|9|12|13|14|15|16|17|18|19|20|21|22|23|24|25|26,godzilla-minus-one,USA,downloaders,all,3348036,46074710,7.266537326008129,77.46788858045014
films,jointly-eligible,3|6|7|8|9|12|13|14|15|16|17|18|19|20|21|22|23|24|25|26,godzilla-minus-one,USA,downloaders,without-hosting,1731712,38788996,4.464441410136009,77.50111864042057
films,jointly-eligible,3|6|7|8|9|12|13|14|15|16|17|18|19|20|21|22|23|24|25|26,godzilla-minus-one,USA,uploaders,all,416711,2711723,15.367019419018831,57.44742557552863
films,jointly-eligible,3|6|7|8|9|12|13|14|15|16|17|18|19|20|21|22|23|24|25|26,godzilla-minus-one,USA,uploaders,without-hosting,106360,1988869,5.347762974836452,54.61600142796337
films,jointly-eligible,3|6|7|8|9|12|13|14|15|16|17|18|19|20|21|22|23|24|25|26,godzilla-minus-one,CHN,downloaders,all,2473398,46074710,5.368233462565472,77.46788858045014
films,jointly-eligible,3|6|7|8|9|12|13|14|15|16|17|18|19|20|21|22|23|24|25|26,godzilla-minus-one,CHN,downloaders,without-hosting,2330367,38788996,6.007804378334515,77.50111864042057
films,jointly-eligible,3|6|7|8|9|12|13|14|15|16|17|18|19|20|21|22|23|24|25|26,godzilla-minus-one,CHN,uploaders,all,91619,2711723,3.3786267992711645,57.44742557552863
films,jointly-eligible,3|6|7|8|9|12|13|14|15|16|17|18|19|20|21|22|23|24|25|26,godzilla-minus-one,CHN,uploaders,without-hosting,80329,1988869,4.038928657442999,54.61600142796337
films,jointly-eligible,3|6|7|8|9|12|13|14|15|16|17|18|19|20|21|22|23|24|25|26,godzilla-minus-one,KOR,downloaders,all,4429899,46074710,9.614599853151544,77.46788858045014
films,jointly-eligible,3|6|7|8|9|12|13|14|15|16|17|18|19|20|21|22|23|24|25|26,godzilla-minus-one,KOR,downloaders,without-hosting,4307842,38788996,11.105835273488388,77.50111864042057
films,jointly-eligible,3|6|7|8|9|12|13|14|15|16|17|18|19|20|21|22|23|24|25|26,godzilla-minus-one,KOR,uploaders,all,22901,2711723,0.8445184113569122,57.44742557552863
films,jointly-eligible,3|6|7|8|9|12|13|14|15|16|17|18|19|20|21|22|23|24|25|26,godzilla-minus-one,KOR,uploaders,without-hosting,21787,1988869,1.0954467086570308,54.61600142796337
films,jointly-eligible,3|6|7|8|9|12|13|14|15|16|17|18|19|20|21|22|23|24|25|26,godzilla-minus-one,asia-28,downloaders,all,10304433,46074710,22.36461824719027,77.46788858045014
films,jointly-eligible,3|6|7|8|9|12|13|14|15|16|17|18|19|20|21|22|23|24|25|26,godzilla-minus-one,asia-28,downloaders,without-hosting,9749324,38788996,25.13425199249808,77.50111864042057
films,jointly-eligible,3|6|7|8|9|12|13|14|15|16|17|18|19|20|21|22|23|24|25|26,godzilla-minus-one,asia-28,uploaders,all,691961,2711723,25.517392447532437,57.44742557552863
films,jointly-eligible,3|6|7|8|9|12|13|14|15|16|17|18|19|20|21|22|23|24|25|26,godzilla-minus-one,asia-28,uploaders,without-hosting,638805,1988869,32.1190083409214,54.61600142796337
films,jointly-eligible,3|6|7|8|9|12|13|14|15|16|17|18|19|20|21|22|23|24|25|26,godzilla-minus-one,eur-27,downloaders,all,9901621,46074710,21.49035989591687,77.46788858045014
films,jointly-eligible,3|6|7|8|9|12|13|14|15|16|17|18|19|20|21|22|23|24|25|26,godzilla-minus-one,eur-27,downloaders,without-hosting,6265057,38788996,16.151634860567157,77.50111864042057
films,jointly-eligible,3|6|7|8|9|12|13|14|15|16|17|18|19|20|21|22|23|24|25|26,godzilla-minus-one,eur-27,uploaders,all,467847,2711723,17.252757748486847,57.44742557552863
films,jointly-eligible,3|6|7|8|9|12|13|14|15|16|17|18|19|20|21|22|23|24|25|26,godzilla-minus-one,eur-27,uploaders,without-hosting,299146,1988869,15.041010745302984,54.61600142796337
films,jointly-eligible,3|6|7|8|9|12|13|14|15|16|17|18|19|20|21|22|23|24|25|26,godzilla-minus-one,usa-can,downloaders,all,4555933,46074710,9.888142540669273,77.46788858045014
films,jointly-eligible,3|6|7|8|9|12|13|14|15|16|17|18|19|20|21|22|23|24|25|26,godzilla-minus-one,usa-can,downloaders,without-hosting,2496085,38788996,6.435033791542323,77.50111864042057
films,jointly-eligible,3|6|7|8|9|12|13|14|15|16|17|18|19|20|21|22|23|24|25|26,godzilla-minus-one,usa-can,uploaders,all,599566,2711723,22.110149156090056,57.44742557552863
films,jointly-eligible,3|6|7|8|9|12|13|14|15|16|17|18|19|20|21|22|23|24|25|26,godzilla-minus-one,usa-can,uploaders,without-hosting,192091,1988869,9.658303286943484,54.61600142796337
films,jointly-eligible,3|6|7|8|9|12|13|14|15|16|17|18|19|20|21|22|23|24|25|26,godzilla-x-kong-the-new-empire,JPN,downloaders,all,672146,55499798,1.2110782817623948,72.01909512154499
films,jointly-eligible,3|6|7|8|9|12|13|14|15|16|17|18|19|20|21|22|23|24|25|26,godzilla-x-kong-the-new-empire,JPN,downloaders,without-hosting,594798,47597043,1.249653261022959,71.81797990329622
films,jointly-eligible,3|6|7|8|9|12|13|14|15|16|17|18|19|20|21|22|23|24|25|26,godzilla-x-kong-the-new-empire,JPN,uploaders,all,16546,5435520,0.30440509831626045,56.13156185922167
films,jointly-eligible,3|6|7|8|9|12|13|14|15|16|17|18|19|20|21|22|23|24|25|26,godzilla-x-kong-the-new-empire,JPN,uploaders,without-hosting,10380,4505872,0.23036606454866007,54.6041739326859
films,jointly-eligible,3|6|7|8|9|12|13|14|15|16|17|18|19|20|21|22|23|24|25|26,godzilla-x-kong-the-new-empire,USA,downloaders,all,3730464,55499798,6.72158122089021,72.01909512154499
films,jointly-eligible,3|6|7|8|9|12|13|14|15|16|17|18|19|20|21|22|23|24|25|26,godzilla-x-kong-the-new-empire,USA,downloaders,without-hosting,1929332,47597043,4.053470296463585,71.81797990329622
films,jointly-eligible,3|6|7|8|9|12|13|14|15|16|17|18|19|20|21|22|23|24|25|26,godzilla-x-kong-the-new-empire,USA,uploaders,all,565418,5435520,10.402279818674202,56.13156185922167
films,jointly-eligible,3|6|7|8|9|12|13|14|15|16|17|18|19|20|21|22|23|24|25|26,godzilla-x-kong-the-new-empire,USA,uploaders,without-hosting,167728,4505872,3.722431529346595,54.6041739326859
films,jointly-eligible,3|6|7|8|9|12|13|14|15|16|17|18|19|20|21|22|23|24|25|26,godzilla-x-kong-the-new-empire,CHN,downloaders,all,2582630,55499798,4.653404324102224,72.01909512154499
films,jointly-eligible,3|6|7|8|9|12|13|14|15|16|17|18|19|20|21|22|23|24|25|26,godzilla-x-kong-the-new-empire,CHN,downloaders,without-hosting,2434745,47597043,5.11532827785121,71.81797990329622
films,jointly-eligible,3|6|7|8|9|12|13|14|15|16|17|18|19|20|21|22|23|24|25|26,godzilla-x-kong-the-new-empire,CHN,uploaders,all,110981,5435520,2.0417733721888616,56.13156185922167
films,jointly-eligible,3|6|7|8|9|12|13|14|15|16|17|18|19|20|21|22|23|24|25|26,godzilla-x-kong-the-new-empire,CHN,uploaders,without-hosting,100083,4505872,2.221168288846199,54.6041739326859
films,jointly-eligible,3|6|7|8|9|12|13|14|15|16|17|18|19|20|21|22|23|24|25|26,godzilla-x-kong-the-new-empire,KOR,downloaders,all,4574585,55499798,8.242525495318018,72.01909512154499
films,jointly-eligible,3|6|7|8|9|12|13|14|15|16|17|18|19|20|21|22|23|24|25|26,godzilla-x-kong-the-new-empire,KOR,downloaders,without-hosting,4449325,47597043,9.347902137534048,71.81797990329622
films,jointly-eligible,3|6|7|8|9|12|13|14|15|16|17|18|19|20|21|22|23|24|25|26,godzilla-x-kong-the-new-empire,KOR,uploaders,all,38205,5435520,0.7028766336983399,56.13156185922167
films,jointly-eligible,3|6|7|8|9|12|13|14|15|16|17|18|19|20|21|22|23|24|25|26,godzilla-x-kong-the-new-empire,KOR,uploaders,without-hosting,36818,4505872,0.8171115380108445,54.6041739326859
films,jointly-eligible,3|6|7|8|9|12|13|14|15|16|17|18|19|20|21|22|23|24|25|26,godzilla-x-kong-the-new-empire,asia-28,downloaders,all,13031429,55499798,23.480137711492212,72.01909512154499
films,jointly-eligible,3|6|7|8|9|12|13|14|15|16|17|18|19|20|21|22|23|24|25|26,godzilla-x-kong-the-new-empire,asia-28,downloaders,without-hosting,12432188,47597043,26.11966461866129,71.81797990329622
films,jointly-eligible,3|6|7|8|9|12|13|14|15|16|17|18|19|20|21|22|23|24|25|26,godzilla-x-kong-the-new-empire,asia-28,uploaders,all,1430667,5435520,26.320701607205933,56.13156185922167
films,jointly-eligible,3|6|7|8|9|12|13|14|15|16|17|18|19|20|21|22|23|24|25|26,godzilla-x-kong-the-new-empire,asia-28,uploaders,without-hosting,1373001,4505872,30.471371579130523,54.6041739326859
films,jointly-eligible,3|6|7|8|9|12|13|14|15|16|17|18|19|20|21|22|23|24|25|26,godzilla-x-kong-the-new-empire,eur-27,downloaders,all,11213540,55499798,20.204650114222037,72.01909512154499
films,jointly-eligible,3|6|7|8|9|12|13|14|15|16|17|18|19|20|21|22|23|24|25|26,godzilla-x-kong-the-new-empire,eur-27,downloaders,without-hosting,7415238,47597043,15.579198901074589,71.81797990329622
films,jointly-eligible,3|6|7|8|9|12|13|14|15|16|17|18|19|20|21|22|23|24|25|26,godzilla-x-kong-the-new-empire,eur-27,uploaders,all,720993,5435520,13.264471476510067,56.13156185922167
films,jointly-eligible,3|6|7|8|9|12|13|14|15|16|17|18|19|20|21|22|23|24|25|26,godzilla-x-kong-the-new-empire,eur-27,uploaders,without-hosting,518797,4505872,11.51379799514944,54.6041739326859
films,jointly-eligible,3|6|7|8|9|12|13|14|15|16|17|18|19|20|21|22|23|24|25|26,godzilla-x-kong-the-new-empire,usa-can,downloaders,all,5009254,55499798,9.025715733235641,72.01909512154499
films,jointly-eligible,3|6|7|8|9|12|13|14|15|16|17|18|19|20|21|22|23|24|25|26,godzilla-x-kong-the-new-empire,usa-can,downloaders,without-hosting,2753688,47597043,5.785418224405243,71.81797990329622
films,jointly-eligible,3|6|7|8|9|12|13|14|15|16|17|18|19|20|21|22|23|24|25|26,godzilla-x-kong-the-new-empire,usa-can,uploaders,all,745408,5435520,13.713646532438478,56.13156185922167
films,jointly-eligible,3|6|7|8|9|12|13|14|15|16|17|18|19|20|21|22|23|24|25|26,godzilla-x-kong-the-new-empire,usa-can,uploaders,without-hosting,266449,4505872,5.913372594694212,54.6041739326859
monarch,full,1|2|3|4|5|6|7|8|9|10|11|12|13|14|15|16|17|18|19|20|21|22|23|24,monarch-legacy-of-monsters-201,JPN,downloaders,all,831016,65796816,1.2630033647828796,93.35729563120347
monarch,full,1|2|3|4|5|6|7|8|9|10|11|12|13|14|15|16|17|18|19|20|21|22|23|24,monarch-legacy-of-monsters-201,JPN,downloaders,without-hosting,711501,54525920,1.3048858231094496,93.22836011354364
monarch,full,1|2|3|4|5|6|7|8|9|10|11|12|13|14|15|16|17|18|19|20|21|22|23|24,monarch-legacy-of-monsters-201,JPN,uploaders,all,10494,2901030,0.36173359117279036,97.07122966996123
monarch,full,1|2|3|4|5|6|7|8|9|10|11|12|13|14|15|16|17|18|19|20|21|22|23|24,monarch-legacy-of-monsters-201,JPN,uploaders,without-hosting,4114,1879169,0.21892655743043868,97.07830399462733
monarch,full,1|2|3|4|5|6|7|8|9|10|11|12|13|14|15|16|17|18|19|20|21|22|23|24,monarch-legacy-of-monsters-201,USA,downloaders,all,4594578,65796816,6.982979237171598,93.35729563120347
monarch,full,1|2|3|4|5|6|7|8|9|10|11|12|13|14|15|16|17|18|19|20|21|22|23|24,monarch-legacy-of-monsters-201,USA,downloaders,without-hosting,2240629,54525920,4.109291507598588,93.22836011354364
monarch,full,1|2|3|4|5|6|7|8|9|10|11|12|13|14|15|16|17|18|19|20|21|22|23|24,monarch-legacy-of-monsters-201,USA,uploaders,all,565876,2901030,19.506037510815123,97.07122966996123
monarch,full,1|2|3|4|5|6|7|8|9|10|11|12|13|14|15|16|17|18|19|20|21|22|23|24,monarch-legacy-of-monsters-201,USA,uploaders,without-hosting,118539,1879169,6.308054251639954,97.07830399462733
monarch,full,1|2|3|4|5|6|7|8|9|10|11|12|13|14|15|16|17|18|19|20|21|22|23|24,monarch-legacy-of-monsters-201,CHN,downloaders,all,6621882,65796816,10.064137450055334,93.35729563120347
monarch,full,1|2|3|4|5|6|7|8|9|10|11|12|13|14|15|16|17|18|19|20|21|22|23|24,monarch-legacy-of-monsters-201,CHN,downloaders,without-hosting,6278755,54525920,11.515174801268827,93.22836011354364
monarch,full,1|2|3|4|5|6|7|8|9|10|11|12|13|14|15|16|17|18|19|20|21|22|23|24,monarch-legacy-of-monsters-201,CHN,uploaders,all,345882,2901030,11.922730892131415,97.07122966996123
monarch,full,1|2|3|4|5|6|7|8|9|10|11|12|13|14|15|16|17|18|19|20|21|22|23|24,monarch-legacy-of-monsters-201,CHN,uploaders,without-hosting,343312,1879169,18.269352038055118,97.07830399462733
monarch,full,1|2|3|4|5|6|7|8|9|10|11|12|13|14|15|16|17|18|19|20|21|22|23|24,monarch-legacy-of-monsters-201,KOR,downloaders,all,9230248,65796816,14.028411344403048,93.35729563120347
monarch,full,1|2|3|4|5|6|7|8|9|10|11|12|13|14|15|16|17|18|19|20|21|22|23|24,monarch-legacy-of-monsters-201,KOR,downloaders,without-hosting,9025437,54525920,16.55256252439207,93.22836011354364
monarch,full,1|2|3|4|5|6|7|8|9|10|11|12|13|14|15|16|17|18|19|20|21|22|23|24,monarch-legacy-of-monsters-201,KOR,uploaders,all,13985,2901030,0.4820701612875427,97.07122966996123
monarch,full,1|2|3|4|5|6|7|8|9|10|11|12|13|14|15|16|17|18|19|20|21|22|23|24,monarch-legacy-of-monsters-201,KOR,uploaders,without-hosting,13043,1879169,0.6940833953731677,97.07830399462733
monarch,full,1|2|3|4|5|6|7|8|9|10|11|12|13|14|15|16|17|18|19|20|21|22|23|24,monarch-legacy-of-monsters-201,asia-28,downloaders,all,18833099,65796816,28.623116048655,93.35729563120347
monarch,full,1|2|3|4|5|6|7|8|9|10|11|12|13|14|15|16|17|18|19|20|21|22|23|24,monarch-legacy-of-monsters-201,asia-28,downloaders,without-hosting,17924098,54525920,32.87261911399202,93.22836011354364
monarch,full,1|2|3|4|5|6|7|8|9|10|11|12|13|14|15|16|17|18|19|20|21|22|23|24,monarch-legacy-of-monsters-201,asia-28,uploaders,all,619134,2901030,21.3418682330069,97.07122966996123
monarch,full,1|2|3|4|5|6|7|8|9|10|11|12|13|14|15|16|17|18|19|20|21|22|23|24,monarch-legacy-of-monsters-201,asia-28,uploaders,without-hosting,580278,1879169,30.879500460043776,97.07830399462733
monarch,full,1|2|3|4|5|6|7|8|9|10|11|12|13|14|15|16|17|18|19|20|21|22|23|24,monarch-legacy-of-monsters-201,eur-27,downloaders,all,17998642,65796816,27.35488294752743,93.35729563120347
monarch,full,1|2|3|4|5|6|7|8|9|10|11|12|13|14|15|16|17|18|19|20|21|22|23|24,monarch-legacy-of-monsters-201,eur-27,downloaders,without-hosting,12025241,54525920,22.054173501336614,93.22836011354364
monarch,full,1|2|3|4|5|6|7|8|9|10|11|12|13|14|15|16|17|18|19|20|21|22|23|24,monarch-legacy-of-monsters-201,eur-27,uploaders,all,696386,2901030,24.004784507571447,97.07122966996123
monarch,full,1|2|3|4|5|6|7|8|9|10|11|12|13|14|15|16|17|18|19|20|21|22|23|24,monarch-legacy-of-monsters-201,eur-27,uploaders,without-hosting,385359,1879169,20.50688362781634,97.07830399462733
monarch,full,1|2|3|4|5|6|7|8|9|10|11|12|13|14|15|16|17|18|19|20|21|22|23|24,monarch-legacy-of-monsters-201,usa-can,downloaders,all,6346705,65796816,9.645915085009584,93.35729563120347
monarch,full,1|2|3|4|5|6|7|8|9|10|11|12|13|14|15|16|17|18|19|20|21|22|23|24,monarch-legacy-of-monsters-201,usa-can,downloaders,without-hosting,3404510,54525920,6.243837793108305,93.22836011354364
monarch,full,1|2|3|4|5|6|7|8|9|10|11|12|13|14|15|16|17|18|19|20|21|22|23|24,monarch-legacy-of-monsters-201,usa-can,uploaders,all,707852,2901030,24.400023439950637,97.07122966996123
monarch,full,1|2|3|4|5|6|7|8|9|10|11|12|13|14|15|16|17|18|19|20|21|22|23|24,monarch-legacy-of-monsters-201,usa-can,uploaders,without-hosting,185647,1879169,9.87920724533025,97.07830399462733
monarch,full,1|2|3|4|5|6|7|8|9|10|11|12|13|14|15|16|17|18|19|20|21|22|23|24,monarch-legacy-of-monsters-208,JPN,downloaders,all,853976,68978490,1.2380323199304595,100.0
monarch,full,1|2|3|4|5|6|7|8|9|10|11|12|13|14|15|16|17|18|19|20|21|22|23|24,monarch-legacy-of-monsters-208,JPN,downloaders,without-hosting,736488,57679166,1.2768700573791236,100.0
monarch,full,1|2|3|4|5|6|7|8|9|10|11|12|13|14|15|16|17|18|19|20|21|22|23|24,monarch-legacy-of-monsters-208,JPN,uploaders,all,8669,2277579,0.38062346026197114,100.0
monarch,full,1|2|3|4|5|6|7|8|9|10|11|12|13|14|15|16|17|18|19|20|21|22|23|24,monarch-legacy-of-monsters-208,JPN,uploaders,without-hosting,2915,1460889,0.19953603593428385,100.0
monarch,full,1|2|3|4|5|6|7|8|9|10|11|12|13|14|15|16|17|18|19|20|21|22|23|24,monarch-legacy-of-monsters-208,USA,downloaders,all,4815325,68978490,6.980908106280668,100.0
monarch,full,1|2|3|4|5|6|7|8|9|10|11|12|13|14|15|16|17|18|19|20|21|22|23|24,monarch-legacy-of-monsters-208,USA,downloaders,without-hosting,2492328,57679166,4.321019482147158,100.0
monarch,full,1|2|3|4|5|6|7|8|9|10|11|12|13|14|15|16|17|18|19|20|21|22|23|24,monarch-legacy-of-monsters-208,USA,uploaders,all,490526,2277579,21.537167316699005,100.0
monarch,full,1|2|3|4|5|6|7|8|9|10|11|12|13|14|15|16|17|18|19|20|21|22|23|24,monarch-legacy-of-monsters-208,USA,uploaders,without-hosting,108117,1460889,7.4007676147879815,100.0
monarch,full,1|2|3|4|5|6|7|8|9|10|11|12|13|14|15|16|17|18|19|20|21|22|23|24,monarch-legacy-of-monsters-208,CHN,downloaders,all,6917361,68978490,10.028287079058993,100.0
monarch,full,1|2|3|4|5|6|7|8|9|10|11|12|13|14|15|16|17|18|19|20|21|22|23|24,monarch-legacy-of-monsters-208,CHN,downloaders,without-hosting,6572429,57679166,11.394805881901968,100.0
monarch,full,1|2|3|4|5|6|7|8|9|10|11|12|13|14|15|16|17|18|19|20|21|22|23|24,monarch-legacy-of-monsters-208,CHN,uploaders,all,387573,2277579,17.016885034503744,100.0
monarch,full,1|2|3|4|5|6|7|8|9|10|11|12|13|14|15|16|17|18|19|20|21|22|23|24,monarch-legacy-of-monsters-208,CHN,uploaders,without-hosting,384451,1460889,26.316236209595665,100.0
monarch,full,1|2|3|4|5|6|7|8|9|10|11|12|13|14|15|16|17|18|19|20|21|22|23|24,monarch-legacy-of-monsters-208,KOR,downloaders,all,9036059,68978490,13.09982140809403,100.0
monarch,full,1|2|3|4|5|6|7|8|9|10|11|12|13|14|15|16|17|18|19|20|21|22|23|24,monarch-legacy-of-monsters-208,KOR,downloaders,without-hosting,8834791,57679166,15.317126811438293,100.0
monarch,full,1|2|3|4|5|6|7|8|9|10|11|12|13|14|15|16|17|18|19|20|21|22|23|24,monarch-legacy-of-monsters-208,KOR,uploaders,all,9592,2277579,0.4211489480716146,100.0
monarch,full,1|2|3|4|5|6|7|8|9|10|11|12|13|14|15|16|17|18|19|20|21|22|23|24,monarch-legacy-of-monsters-208,KOR,uploaders,without-hosting,8836,1460889,0.604837191600457,100.0
monarch,full,1|2|3|4|5|6|7|8|9|10|11|12|13|14|15|16|17|18|19|20|21|22|23|24,monarch-legacy-of-monsters-208,asia-28,downloaders,all,18853286,68978490,27.33212339092955,100.0
monarch,full,1|2|3|4|5|6|7|8|9|10|11|12|13|14|15|16|17|18|19|20|21|22|23|24,monarch-legacy-of-monsters-208,asia-28,downloaders,without-hosting,17962300,57679166,31.14174709114206,100.0
monarch,full,1|2|3|4|5|6|7|8|9|10|11|12|13|14|15|16|17|18|19|20|21|22|23|24,monarch-legacy-of-monsters-208,asia-28,uploaders,all,566014,2277579,24.851563875501135,100.0
monarch,full,1|2|3|4|5|6|7|8|9|10|11|12|13|14|15|16|17|18|19|20|21|22|23|24,monarch-legacy-of-monsters-208,asia-28,uploaders,without-hosting,534059,1460889,36.557123778740205,100.0
monarch,full,1|2|3|4|5|6|7|8|9|10|11|12|13|14|15|16|17|18|19|20|21|22|23|24,monarch-legacy-of-monsters-208,eur-27,downloaders,all,20409603,68978490,29.588358631799565,100.0
monarch,full,1|2|3|4|5|6|7|8|9|10|11|12|13|14|15|16|17|18|19|20|21|22|23|24,monarch-legacy-of-monsters-208,eur-27,downloaders,without-hosting,14233932,57679166,24.677770132806707,100.0
monarch,full,1|2|3|4|5|6|7|8|9|10|11|12|13|14|15|16|17|18|19|20|21|22|23|24,monarch-legacy-of-monsters-208,eur-27,uploaders,all,519037,2277579,22.788978999191684,100.0
monarch,full,1|2|3|4|5|6|7|8|9|10|11|12|13|14|15|16|17|18|19|20|21|22|23|24,monarch-legacy-of-monsters-208,eur-27,uploaders,without-hosting,284648,1460889,19.484574118909787,100.0
monarch,full,1|2|3|4|5|6|7|8|9|10|11|12|13|14|15|16|17|18|19|20|21|22|23|24,monarch-legacy-of-monsters-208,usa-can,downloaders,all,6662266,68978490,9.658468893708749,100.0
monarch,full,1|2|3|4|5|6|7|8|9|10|11|12|13|14|15|16|17|18|19|20|21|22|23|24,monarch-legacy-of-monsters-208,usa-can,downloaders,without-hosting,3760917,57679166,6.52040807940947,100.0
monarch,full,1|2|3|4|5|6|7|8|9|10|11|12|13|14|15|16|17|18|19|20|21|22|23|24,monarch-legacy-of-monsters-208,usa-can,uploaders,all,601451,2277579,26.407470388513417,100.0
monarch,full,1|2|3|4|5|6|7|8|9|10|11|12|13|14|15|16|17|18|19|20|21|22|23|24,monarch-legacy-of-monsters-208,usa-can,uploaders,without-hosting,162254,1460889,11.106524862600786,100.0
monarch,jointly-eligible,2|3|4|6|7|8|9|12|14|15|16|18|20|21|22|23,monarch-legacy-of-monsters-201,JPN,downloaders,all,567454,45258549,1.2538051098368177,64.21611250660379
monarch,jointly-eligible,2|3|4|6|7|8|9|12|14|15|16|18|20|21|22|23,monarch-legacy-of-monsters-201,JPN,downloaders,without-hosting,485131,37508235,1.2933986363261294,64.13154037205464
monarch,jointly-eligible,2|3|4|6|7|8|9|12|14|15|16|18|20|21|22|23,monarch-legacy-of-monsters-201,JPN,uploaders,all,7244,2022626,0.3581482686369106,67.67899435112184
monarch,jointly-eligible,2|3|4|6|7|8|9|12|14|15|16|18|20|21|22|23,monarch-legacy-of-monsters-201,JPN,uploaders,without-hosting,2954,1325670,0.222830719560675,68.48441798292629
monarch,jointly-eligible,2|3|4|6|7|8|9|12|14|15|16|18|20|21|22|23,monarch-legacy-of-monsters-201,USA,downloaders,all,3159189,45258549,6.980314371103678,64.21611250660379
monarch,jointly-eligible,2|3|4|6|7|8|9|12|14|15|16|18|20|21|22|23,monarch-legacy-of-monsters-201,USA,downloaders,without-hosting,1549814,37508235,4.1319299615137846,64.13154037205464
monarch,jointly-eligible,2|3|4|6|7|8|9|12|14|15|16|18|20|21|22|23,monarch-legacy-of-monsters-201,USA,uploaders,all,383947,2022626,18.982599847920476,67.67899435112184
monarch,jointly-eligible,2|3|4|6|7|8|9|12|14|15|16|18|20|21|22|23,monarch-legacy-of-monsters-201,USA,uploaders,without-hosting,82732,1325670,6.2407688187859724,68.48441798292629
monarch,jointly-eligible,2|3|4|6|7|8|9|12|14|15|16|18|20|21|22|23,monarch-legacy-of-monsters-201,CHN,downloaders,all,4508109,45258549,9.960789949319851,64.21611250660379
monarch,jointly-eligible,2|3|4|6|7|8|9|12|14|15|16|18|20|21|22|23,monarch-legacy-of-monsters-201,CHN,downloaders,without-hosting,4275066,37508235,11.39767307099361,64.13154037205464
monarch,jointly-eligible,2|3|4|6|7|8|9|12|14|15|16|18|20|21|22|23,monarch-legacy-of-monsters-201,CHN,uploaders,all,243633,2022626,12.045380609168477,67.67899435112184
monarch,jointly-eligible,2|3|4|6|7|8|9|12|14|15|16|18|20|21|22|23,monarch-legacy-of-monsters-201,CHN,uploaders,without-hosting,241748,1325670,18.235910897885596,68.48441798292629
monarch,jointly-eligible,2|3|4|6|7|8|9|12|14|15|16|18|20|21|22|23,monarch-legacy-of-monsters-201,KOR,downloaders,all,6280860,45258549,13.877731696612722,64.21611250660379
monarch,jointly-eligible,2|3|4|6|7|8|9|12|14|15|16|18|20|21|22|23,monarch-legacy-of-monsters-201,KOR,downloaders,without-hosting,6141746,37508235,16.374393516517106,64.13154037205464
monarch,jointly-eligible,2|3|4|6|7|8|9|12|14|15|16|18|20|21|22|23,monarch-legacy-of-monsters-201,KOR,uploaders,all,10966,2022626,0.542166470716781,67.67899435112184
monarch,jointly-eligible,2|3|4|6|7|8|9|12|14|15|16|18|20|21|22|23,monarch-legacy-of-monsters-201,KOR,uploaders,without-hosting,10304,1325670,0.7772673440599848,68.48441798292629
monarch,jointly-eligible,2|3|4|6|7|8|9|12|14|15|16|18|20|21|22|23,monarch-legacy-of-monsters-201,asia-28,downloaders,all,12842853,45258549,28.37663443430323,64.21611250660379
monarch,jointly-eligible,2|3|4|6|7|8|9|12|14|15|16|18|20|21|22|23,monarch-legacy-of-monsters-201,asia-28,downloaders,without-hosting,12222424,37508235,32.58597478660353,64.13154037205464
monarch,jointly-eligible,2|3|4|6|7|8|9|12|14|15|16|18|20|21|22|23,monarch-legacy-of-monsters-201,asia-28,uploaders,all,437464,2022626,21.628516591797002,67.67899435112184
monarch,jointly-eligible,2|3|4|6|7|8|9|12|14|15|16|18|20|21|22|23,monarch-legacy-of-monsters-201,asia-28,uploaders,without-hosting,410512,1325670,30.966379264824578,68.48441798292629
monarch,jointly-eligible,2|3|4|6|7|8|9|12|14|15|16|18|20|21|22|23,monarch-legacy-of-monsters-201,eur-27,downloaders,all,12384361,45258549,27.363583839154895,64.21611250660379
monarch,jointly-eligible,2|3|4|6|7|8|9|12|14|15|16|18|20|21|22|23,monarch-legacy-of-monsters-201,eur-27,downloaders,without-hosting,8274349,37508235,22.060086271721396,64.13154037205464
monarch,jointly-eligible,2|3|4|6|7|8|9|12|14|15|16|18|20|21|22|23,monarch-legacy-of-monsters-201,eur-27,uploaders,all,483790,2022626,23.918905422950164,67.67899435112184
monarch,jointly-eligible,2|3|4|6|7|8|9|12|14|15|16|18|20|21|22|23,monarch-legacy-of-monsters-201,eur-27,uploaders,without-hosting,270986,1325670,20.441437160077545,68.48441798292629
monarch,jointly-eligible,2|3|4|6|7|8|9|12|14|15|16|18|20|21|22|23,monarch-legacy-of-monsters-201,usa-can,downloaders,all,4376994,45258549,9.671087776145894,64.21611250660379
monarch,jointly-eligible,2|3|4|6|7|8|9|12|14|15|16|18|20|21|22|23,monarch-legacy-of-monsters-201,usa-can,downloaders,without-hosting,2359608,37508235,6.2909065169288825,64.13154037205464
monarch,jointly-eligible,2|3|4|6|7|8|9|12|14|15|16|18|20|21|22|23,monarch-legacy-of-monsters-201,usa-can,uploaders,all,483720,2022626,23.915444575517174,67.67899435112184
monarch,jointly-eligible,2|3|4|6|7|8|9|12|14|15|16|18|20|21|22|23,monarch-legacy-of-monsters-201,usa-can,uploaders,without-hosting,130035,1325670,9.809002240376564,68.48441798292629
monarch,jointly-eligible,2|3|4|6|7|8|9|12|14|15|16|18|20|21|22|23,monarch-legacy-of-monsters-208,JPN,downloaders,all,576984,47041359,1.2265461973579461,68.19714232654266
monarch,jointly-eligible,2|3|4|6|7|8|9|12|14|15|16|18|20|21|22|23,monarch-legacy-of-monsters-208,JPN,downloaders,without-hosting,495950,39361885,1.2599752273042817,68.24281231805605
monarch,jointly-eligible,2|3|4|6|7|8|9|12|14|15|16|18|20|21|22|23,monarch-legacy-of-monsters-208,JPN,uploaders,all,6224,1658190,0.3753490251418716,72.80493892857284
monarch,jointly-eligible,2|3|4|6|7|8|9|12|14|15|16|18|20|21|22|23,monarch-legacy-of-monsters-208,JPN,uploaders,without-hosting,2037,1068757,0.19059524288495888,73.15798804700425
monarch,jointly-eligible,2|3|4|6|7|8|9|12|14|15|16|18|20|21|22|23,monarch-legacy-of-monsters-208,USA,downloaders,all,3310308,47041359,7.037016086206183,68.19714232654266
monarch,jointly-eligible,2|3|4|6|7|8|9|12|14|15|16|18|20|21|22|23,monarch-legacy-of-monsters-208,USA,downloaders,without-hosting,1722694,39361885,4.3765536127144316,68.24281231805605
monarch,jointly-eligible,2|3|4|6|7|8|9|12|14|15|16|18|20|21|22|23,monarch-legacy-of-monsters-208,USA,uploaders,all,349594,1658190,21.082867463921506,72.80493892857284
monarch,jointly-eligible,2|3|4|6|7|8|9|12|14|15|16|18|20|21|22|23,monarch-legacy-of-monsters-208,USA,uploaders,without-hosting,78095,1068757,7.307086643643036,73.15798804700425
monarch,jointly-eligible,2|3|4|6|7|8|9|12|14|15|16|18|20|21|22|23,monarch-legacy-of-monsters-208,CHN,downloaders,all,4634074,47041359,9.851063188884488,68.19714232654266
monarch,jointly-eligible,2|3|4|6|7|8|9|12|14|15|16|18|20|21|22|23,monarch-legacy-of-monsters-208,CHN,downloaders,without-hosting,4406307,39361885,11.194349559224616,68.24281231805605
monarch,jointly-eligible,2|3|4|6|7|8|9|12|14|15|16|18|20|21|22|23,monarch-legacy-of-monsters-208,CHN,uploaders,all,280018,1658190,16.886967114745595,72.80493892857284
monarch,jointly-eligible,2|3|4|6|7|8|9|12|14|15|16|18|20|21|22|23,monarch-legacy-of-monsters-208,CHN,uploaders,without-hosting,277970,1068757,26.008718539387345,73.15798804700425
monarch,jointly-eligible,2|3|4|6|7|8|9|12|14|15|16|18|20|21|22|23,monarch-legacy-of-monsters-208,KOR,downloaders,all,5954874,47041359,12.658805201609928,68.19714232654266
monarch,jointly-eligible,2|3|4|6|7|8|9|12|14|15|16|18|20|21|22|23,monarch-legacy-of-monsters-208,KOR,downloaders,without-hosting,5822415,39361885,14.792012628460247,68.24281231805605
monarch,jointly-eligible,2|3|4|6|7|8|9|12|14|15|16|18|20|21|22|23,monarch-legacy-of-monsters-208,KOR,uploaders,all,6567,1658190,0.3960342300942594,72.80493892857284
monarch,jointly-eligible,2|3|4|6|7|8|9|12|14|15|16|18|20|21|22|23,monarch-legacy-of-monsters-208,KOR,uploaders,without-hosting,6034,1068757,0.5645810974805311,73.15798804700425
monarch,jointly-eligible,2|3|4|6|7|8|9|12|14|15|16|18|20|21|22|23,monarch-legacy-of-monsters-208,asia-28,downloaders,all,12557965,47041359,26.695582923103903,68.19714232654266
monarch,jointly-eligible,2|3|4|6|7|8|9|12|14|15|16|18|20|21|22|23,monarch-legacy-of-monsters-208,asia-28,downloaders,without-hosting,11962067,39361885,30.389974971981143,68.24281231805605
monarch,jointly-eligible,2|3|4|6|7|8|9|12|14|15|16|18|20|21|22|23,monarch-legacy-of-monsters-208,asia-28,uploaders,all,412155,1658190,24.855716172453096,72.80493892857284
monarch,jointly-eligible,2|3|4|6|7|8|9|12|14|15|16|18|20|21|22|23,monarch-legacy-of-monsters-208,asia-28,uploaders,without-hosting,389463,1068757,36.44074377992378,73.15798804700425
monarch,jointly-eligible,2|3|4|6|7|8|9|12|14|15|16|18|20|21|22|23,monarch-legacy-of-monsters-208,eur-27,downloaders,all,13974794,47041359,29.707462320550732,68.19714232654266
monarch,jointly-eligible,2|3|4|6|7|8|9|12|14|15|16|18|20|21|22|23,monarch-legacy-of-monsters-208,eur-27,downloaders,without-hosting,9792266,39361885,24.87753317708235,68.24281231805605
monarch,jointly-eligible,2|3|4|6|7|8|9|12|14|15|16|18|20|21|22|23,monarch-legacy-of-monsters-208,eur-27,uploaders,all,381785,1658190,23.024201086727093,72.80493892857284
monarch,jointly-eligible,2|3|4|6|7|8|9|12|14|15|16|18|20|21|22|23,monarch-legacy-of-monsters-208,eur-27,uploaders,without-hosting,208947,1068757,19.55046844137629,73.15798804700425
monarch,jointly-eligible,2|3|4|6|7|8|9|12|14|15|16|18|20|21|22|23,monarch-legacy-of-monsters-208,usa-can,downloaders,all,4574410,47041359,9.724230118436841,68.19714232654266
monarch,jointly-eligible,2|3|4|6|7|8|9|12|14|15|16|18|20|21|22|23,monarch-legacy-of-monsters-208,usa-can,downloaders,without-hosting,2591116,39361885,6.5828046598886205,68.24281231805605
monarch,jointly-eligible,2|3|4|6|7|8|9|12|14|15|16|18|20|21|22|23,monarch-legacy-of-monsters-208,usa-can,uploaders,all,430582,1658190,25.966988101484148,72.80493892857284
monarch,jointly-eligible,2|3|4|6|7|8|9|12|14|15|16|18|20|21|22|23,monarch-legacy-of-monsters-208,usa-can,uploaders,without-hosting,117509,1068757,10.994922138521666,73.15798804700425
historical-film,full,1|2|3|4|5|6|7|8|9|10|11|12|13|14|15|16|17|18|19|20|21|22|23|24|25|26,godzilla-minus-one,JPN,downloaders,all,845181,59475882,1.4210482830670759,100.0
historical-film,full,1|2|3|4|5|6|7|8|9|10|11|12|13|14|15|16|17|18|19|20|21|22|23|24|25|26,godzilla-minus-one,JPN,downloaders,without-hosting,738329,50049595,1.475194754323187,100.0
historical-film,full,1|2|3|4|5|6|7|8|9|10|11|12|13|14|15|16|17|18|19|20|21|22|23|24|25|26,godzilla-minus-one,JPN,uploaders,all,31057,4720356,0.6579376640236457,100.0
historical-film,full,1|2|3|4|5|6|7|8|9|10|11|12|13|14|15|16|17|18|19|20|21|22|23|24|25|26,godzilla-minus-one,JPN,uploaders,without-hosting,19220,3641550,0.5277972292018509,100.0
historical-film,full,1|2|3|4|5|6|7|8|9|10|11|12|13|14|15|16|17|18|19|20|21|22|23|24|25|26,godzilla-minus-one,USA,downloaders,all,4438835,59475882,7.463252079220952,100.0
historical-film,full,1|2|3|4|5|6|7|8|9|10|11|12|13|14|15|16|17|18|19|20|21|22|23|24|25|26,godzilla-minus-one,USA,downloaders,without-hosting,2294675,50049595,4.584802334564346,100.0
historical-film,full,1|2|3|4|5|6|7|8|9|10|11|12|13|14|15|16|17|18|19|20|21|22|23|24|25|26,godzilla-minus-one,USA,uploaders,all,629640,4720356,13.338824444596975,100.0
historical-film,full,1|2|3|4|5|6|7|8|9|10|11|12|13|14|15|16|17|18|19|20|21|22|23|24|25|26,godzilla-minus-one,USA,uploaders,without-hosting,185556,3641550,5.095522511018659,100.0
historical-film,full,1|2|3|4|5|6|7|8|9|10|11|12|13|14|15|16|17|18|19|20|21|22|23|24|25|26,godzilla-minus-one,CHN,downloaders,all,3123446,59475882,5.251617790216209,100.0
historical-film,full,1|2|3|4|5|6|7|8|9|10|11|12|13|14|15|16|17|18|19|20|21|22|23|24|25|26,godzilla-minus-one,CHN,downloaders,without-hosting,2949389,50049595,5.892932799955724,100.0
historical-film,full,1|2|3|4|5|6|7|8|9|10|11|12|13|14|15|16|17|18|19|20|21|22|23|24|25|26,godzilla-minus-one,CHN,uploaders,all,153968,4720356,3.261787882100418,100.0
historical-film,full,1|2|3|4|5|6|7|8|9|10|11|12|13|14|15|16|17|18|19|20|21|22|23|24|25|26,godzilla-minus-one,CHN,uploaders,without-hosting,140570,3641550,3.860169433345691,100.0
historical-film,full,1|2|3|4|5|6|7|8|9|10|11|12|13|14|15|16|17|18|19|20|21|22|23|24|25|26,godzilla-minus-one,KOR,downloaders,all,5473245,59475882,9.202461259843108,100.0
historical-film,full,1|2|3|4|5|6|7|8|9|10|11|12|13|14|15|16|17|18|19|20|21|22|23|24|25|26,godzilla-minus-one,KOR,downloaders,without-hosting,5320509,50049595,10.630473633203225,100.0
historical-film,full,1|2|3|4|5|6|7|8|9|10|11|12|13|14|15|16|17|18|19|20|21|22|23|24|25|26,godzilla-minus-one,KOR,uploaders,all,42328,4720356,0.8967120276521516,100.0
historical-film,full,1|2|3|4|5|6|7|8|9|10|11|12|13|14|15|16|17|18|19|20|21|22|23|24|25|26,godzilla-minus-one,KOR,uploaders,without-hosting,40542,3641550,1.113317131441282,100.0
historical-film,full,1|2|3|4|5|6|7|8|9|10|11|12|13|14|15|16|17|18|19|20|21|22|23|24|25|26,godzilla-minus-one,asia-28,downloaders,all,13701175,59475882,23.03652260255678,100.0
historical-film,full,1|2|3|4|5|6|7|8|9|10|11|12|13|14|15|16|17|18|19|20|21|22|23|24|25|26,godzilla-minus-one,asia-28,downloaders,without-hosting,12973496,50049595,25.92128068169183,100.0
historical-film,full,1|2|3|4|5|6|7|8|9|10|11|12|13|14|15|16|17|18|19|20|21|22|23|24|25|26,godzilla-minus-one,asia-28,uploaders,all,1264038,4720356,26.77844637141775,100.0
historical-film,full,1|2|3|4|5|6|7|8|9|10|11|12|13|14|15|16|17|18|19|20|21|22|23|24|25|26,godzilla-minus-one,asia-28,uploaders,without-hosting,1183833,3641550,32.50904147958973,100.0
historical-film,full,1|2|3|4|5|6|7|8|9|10|11|12|13|14|15|16|17|18|19|20|21|22|23|24|25|26,godzilla-minus-one,eur-27,downloaders,all,12586634,59475882,21.162584860868478,100.0
historical-film,full,1|2|3|4|5|6|7|8|9|10|11|12|13|14|15|16|17|18|19|20|21|22|23|24|25|26,godzilla-minus-one,eur-27,downloaders,without-hosting,7982224,50049595,15.948628555335961,100.0
historical-film,full,1|2|3|4|5|6|7|8|9|10|11|12|13|14|15|16|17|18|19|20|21|22|23|24|25|26,godzilla-minus-one,eur-27,uploaders,all,789686,4720356,16.729373801467517,100.0
historical-film,full,1|2|3|4|5|6|7|8|9|10|11|12|13|14|15|16|17|18|19|20|21|22|23|24|25|26,godzilla-minus-one,eur-27,uploaders,without-hosting,527755,3641550,14.492592440032404,100.0
historical-film,full,1|2|3|4|5|6|7|8|9|10|11|12|13|14|15|16|17|18|19|20|21|22|23|24|25|26,godzilla-minus-one,usa-can,downloaders,all,6005431,59475882,10.097254211379328,100.0
historical-film,full,1|2|3|4|5|6|7|8|9|10|11|12|13|14|15|16|17|18|19|20|21|22|23|24|25|26,godzilla-minus-one,usa-can,downloaders,without-hosting,3285705,50049595,6.564898277398648,100.0
historical-film,full,1|2|3|4|5|6|7|8|9|10|11|12|13|14|15|16|17|18|19|20|21|22|23|24|25|26,godzilla-minus-one,usa-can,uploaders,all,894642,4720356,18.952850166385755,100.0
historical-film,full,1|2|3|4|5|6|7|8|9|10|11|12|13|14|15|16|17|18|19|20|21|22|23|24|25|26,godzilla-minus-one,usa-can,uploaders,without-hosting,317088,3641550,8.707500926803148,100.0
historical-film,full,1|2|3|4|5|6|7|8|9|10|11|12|13|14|15|16|17|18|19|20|21|22|23|24|25|26,godzilla-vs-kong,JPN,downloaders,all,2201935,78582714,2.802060259715642,100.0
historical-film,full,1|2|3|4|5|6|7|8|9|10|11|12|13|14|15|16|17|18|19|20|21|22|23|24|25|26,godzilla-vs-kong,JPN,downloaders,without-hosting,2035987,69449077,2.931625714766519,100.0
historical-film,full,1|2|3|4|5|6|7|8|9|10|11|12|13|14|15|16|17|18|19|20|21|22|23|24|25|26,godzilla-vs-kong,JPN,uploaders,all,61395,15786531,0.3889074806871757,100.0
historical-film,full,1|2|3|4|5|6|7|8|9|10|11|12|13|14|15|16|17|18|19|20|21|22|23|24|25|26,godzilla-vs-kong,JPN,uploaders,without-hosting,51283,14503774,0.35358383273208754,100.0
historical-film,full,1|2|3|4|5|6|7|8|9|10|11|12|13|14|15|16|17|18|19|20|21|22|23|24|25|26,godzilla-vs-kong,USA,downloaders,all,18309698,78582714,23.29990537104636,100.0
historical-film,full,1|2|3|4|5|6|7|8|9|10|11|12|13|14|15|16|17|18|19|20|21|22|23|24|25|26,godzilla-vs-kong,USA,downloaders,without-hosting,14655426,69449077,21.102405723837048,100.0
historical-film,full,1|2|3|4|5|6|7|8|9|10|11|12|13|14|15|16|17|18|19|20|21|22|23|24|25|26,godzilla-vs-kong,USA,uploaders,all,1102991,15786531,6.9869118174220795,100.0
historical-film,full,1|2|3|4|5|6|7|8|9|10|11|12|13|14|15|16|17|18|19|20|21|22|23|24|25|26,godzilla-vs-kong,USA,uploaders,without-hosting,675202,14503774,4.655353841007175,100.0
historical-film,full,1|2|3|4|5|6|7|8|9|10|11|12|13|14|15|16|17|18|19|20|21|22|23|24|25|26,godzilla-vs-kong,CHN,downloaders,all,4595122,78582714,5.8474971989386875,100.0
historical-film,full,1|2|3|4|5|6|7|8|9|10|11|12|13|14|15|16|17|18|19|20|21|22|23|24|25|26,godzilla-vs-kong,CHN,downloaders,without-hosting,4286202,69449077,6.171719172020097,100.0
historical-film,full,1|2|3|4|5|6|7|8|9|10|11|12|13|14|15|16|17|18|19|20|21|22|23|24|25|26,godzilla-vs-kong,CHN,uploaders,all,299508,15786531,1.897237588169307,100.0
historical-film,full,1|2|3|4|5|6|7|8|9|10|11|12|13|14|15|16|17|18|19|20|21|22|23|24|25|26,godzilla-vs-kong,CHN,uploaders,without-hosting,292570,14503774,2.0171991096937942,100.0
historical-film,full,1|2|3|4|5|6|7|8|9|10|11|12|13|14|15|16|17|18|19|20|21|22|23|24|25|26,godzilla-vs-kong,KOR,downloaders,all,1898533,78582714,2.4159677152407846,100.0
historical-film,full,1|2|3|4|5|6|7|8|9|10|11|12|13|14|15|16|17|18|19|20|21|22|23|24|25|26,godzilla-vs-kong,KOR,downloaders,without-hosting,1798291,69449077,2.589366306480934,100.0
historical-film,full,1|2|3|4|5|6|7|8|9|10|11|12|13|14|15|16|17|18|19|20|21|22|23|24|25|26,godzilla-vs-kong,KOR,uploaders,all,345742,15786531,2.1901075036687923,100.0
historical-film,full,1|2|3|4|5|6|7|8|9|10|11|12|13|14|15|16|17|18|19|20|21|22|23|24|25|26,godzilla-vs-kong,KOR,uploaders,without-hosting,340512,14503774,2.347747558669902,100.0
historical-film,full,1|2|3|4|5|6|7|8|9|10|11|12|13|14|15|16|17|18|19|20|21|22|23|24|25|26,godzilla-vs-kong,asia-28,downloaders,all,23513260,78582714,29.92166954172644,100.0
historical-film,full,1|2|3|4|5|6|7|8|9|10|11|12|13|14|15|16|17|18|19|20|21|22|23|24|25|26,godzilla-vs-kong,asia-28,downloaders,without-hosting,22133334,69449077,31.869874958885344,100.0
historical-film,full,1|2|3|4|5|6|7|8|9|10|11|12|13|14|15|16|17|18|19|20|21|22|23|24|25|26,godzilla-vs-kong,asia-28,uploaders,all,5087701,15786531,32.22811268669475,100.0
historical-film,full,1|2|3|4|5|6|7|8|9|10|11|12|13|14|15|16|17|18|19|20|21|22|23|24|25|26,godzilla-vs-kong,asia-28,uploaders,without-hosting,4943144,14503774,34.08177761181331,100.0
historical-film,full,1|2|3|4|5|6|7|8|9|10|11|12|13|14|15|16|17|18|19|20|21|22|23|24|25|26,godzilla-vs-kong,eur-27,downloaders,all,10079781,78582714,12.826969809161847,100.0
historical-film,full,1|2|3|4|5|6|7|8|9|10|11|12|13|14|15|16|17|18|19|20|21|22|23|24|25|26,godzilla-vs-kong,eur-27,downloaders,without-hosting,8106619,69449077,11.672752684675709,100.0
historical-film,full,1|2|3|4|5|6|7|8|9|10|11|12|13|14|15|16|17|18|19|20|21|22|23|24|25|26,godzilla-vs-kong,eur-27,uploaders,all,1613684,15786531,10.221903722863496,100.0
historical-film,full,1|2|3|4|5|6|7|8|9|10|11|12|13|14|15|16|17|18|19|20|21|22|23|24|25|26,godzilla-vs-kong,eur-27,uploaders,without-hosting,1312078,14503774,9.046459218131778,100.0
historical-film,full,1|2|3|4|5|6|7|8|9|10|11|12|13|14|15|16|17|18|19|20|21|22|23|24|25|26,godzilla-vs-kong,usa-can,downloaders,all,20027084,78582714,25.48535546888849,100.0
historical-film,full,1|2|3|4|5|6|7|8|9|10|11|12|13|14|15|16|17|18|19|20|21|22|23|24|25|26,godzilla-vs-kong,usa-can,downloaders,without-hosting,16092585,69449077,23.17177663858657,100.0
historical-film,full,1|2|3|4|5|6|7|8|9|10|11|12|13|14|15|16|17|18|19|20|21|22|23|24|25|26,godzilla-vs-kong,usa-can,uploaders,all,1414005,15786531,8.957034322486681,100.0
historical-film,full,1|2|3|4|5|6|7|8|9|10|11|12|13|14|15|16|17|18|19|20|21|22|23|24|25|26,godzilla-vs-kong,usa-can,uploaders,without-hosting,924825,14503774,6.376443813865274,100.0
historical-film,jointly-eligible,3|6|7|8|9|12|13|14|15|16|18|19|20|21|22|23|24|25|26,godzilla-minus-one,JPN,downloaders,all,631327,43661261,1.44596602466429,73.41002694167696
historical-film,jointly-eligible,3|6|7|8|9|12|13|14|15|16|18|19|20|21|22|23|24|25|26,godzilla-minus-one,JPN,downloaders,without-hosting,554680,36727497,1.5102581044387533,73.38220618968046
historical-film,jointly-eligible,3|6|7|8|9|12|13|14|15|16|18|19|20|21|22|23|24|25|26,godzilla-minus-one,JPN,uploaders,all,17573,2616376,0.6716542270682807,55.42751436544193
historical-film,jointly-eligible,3|6|7|8|9|12|13|14|15|16|18|19|20|21|22|23|24|25|26,godzilla-minus-one,JPN,uploaders,without-hosting,10153,1924515,0.5275614895181383,52.84878691765869
historical-film,jointly-eligible,3|6|7|8|9|12|13|14|15|16|18|19|20|21|22|23|24|25|26,godzilla-minus-one,USA,downloaders,all,3189735,43661261,7.305641034966901,73.41002694167696
historical-film,jointly-eligible,3|6|7|8|9|12|13|14|15|16|18|19|20|21|22|23|24|25|26,godzilla-minus-one,USA,downloaders,without-hosting,1648792,36727497,4.489257735151404,73.38220618968046
historical-film,jointly-eligible,3|6|7|8|9|12|13|14|15|16|18|19|20|21|22|23|24|25|26,godzilla-minus-one,USA,uploaders,all,399646,2616376,15.274792308139197,55.42751436544193
historical-film,jointly-eligible,3|6|7|8|9|12|13|14|15|16|18|19|20|21|22|23|24|25|26,godzilla-minus-one,USA,uploaders,without-hosting,102610,1924515,5.33173293011486,52.84878691765869
historical-film,jointly-eligible,3|6|7|8|9|12|13|14|15|16|18|19|20|21|22|23|24|25|26,godzilla-minus-one,CHN,downloaders,all,2345556,43661261,5.3721673315848575,73.41002694167696
historical-film,jointly-eligible,3|6|7|8|9|12|13|14|15|16|18|19|20|21|22|23|24|25|26,godzilla-minus-one,CHN,downloaders,without-hosting,2210860,36727497,6.019631558338975,73.38220618968046
historical-film,jointly-eligible,3|6|7|8|9|12|13|14|15|16|18|19|20|21|22|23|24|25|26,godzilla-minus-one,CHN,uploaders,all,88158,2616376,3.369469831553263,55.42751436544193
historical-film,jointly-eligible,3|6|7|8|9|12|13|14|15|16|18|19|20|21|22|23|24|25|26,godzilla-minus-one,CHN,uploaders,without-hosting,77469,1924515,4.025377822464361,52.84878691765869
historical-film,jointly-eligible,3|6|7|8|9|12|13|14|15|16|18|19|20|21|22|23|24|25|26,godzilla-minus-one,KOR,downloaders,all,4213038,43661261,9.649373159423865,73.41002694167696
historical-film,jointly-eligible,3|6|7|8|9|12|13|14|15|16|18|19|20|21|22|23|24|25|26,godzilla-minus-one,KOR,downloaders,without-hosting,4096995,36727497,11.155116287940885,73.38220618968046
historical-film,jointly-eligible,3|6|7|8|9|12|13|14|15|16|18|19|20|21|22|23|24|25|26,godzilla-minus-one,KOR,uploaders,all,22634,2616376,0.8650897271645971,55.42751436544193
historical-film,jointly-eligible,3|6|7|8|9|12|13|14|15|16|18|19|20|21|22|23|24|25|26,godzilla-minus-one,KOR,uploaders,without-hosting,21545,1924515,1.1195028357794041,52.84878691765869
historical-film,jointly-eligible,3|6|7|8|9|12|13|14|15|16|18|19|20|21|22|23|24|25|26,godzilla-minus-one,asia-28,downloaders,all,9823776,43661261,22.499982306970015,73.41002694167696
historical-film,jointly-eligible,3|6|7|8|9|12|13|14|15|16|18|19|20|21|22|23|24|25|26,godzilla-minus-one,asia-28,downloaders,without-hosting,9295972,36727497,25.31066029356697,73.38220618968046
historical-film,jointly-eligible,3|6|7|8|9|12|13|14|15|16|18|19|20|21|22|23|24|25|26,godzilla-minus-one,asia-28,uploaders,all,669725,2616376,25.5974294214593,55.42751436544193
historical-film,jointly-eligible,3|6|7|8|9|12|13|14|15|16|18|19|20|21|22|23|24|25|26,godzilla-minus-one,asia-28,uploaders,without-hosting,618974,1924515,32.162596810105406,52.84878691765869
historical-film,jointly-eligible,3|6|7|8|9|12|13|14|15|16|18|19|20|21|22|23|24|25|26,godzilla-minus-one,eur-27,downloaders,all,9332497,43661261,21.374776601161383,73.41002694167696
historical-film,jointly-eligible,3|6|7|8|9|12|13|14|15|16|18|19|20|21|22|23|24|25|26,godzilla-minus-one,eur-27,downloaders,without-hosting,5873091,36727497,15.9909917084739,73.38220618968046
historical-film,jointly-eligible,3|6|7|8|9|12|13|14|15|16|18|19|20|21|22|23|24|25|26,godzilla-minus-one,eur-27,uploaders,all,450667,2616376,17.224856060443912,55.42751436544193
historical-film,jointly-eligible,3|6|7|8|9|12|13|14|15|16|18|19|20|21|22|23|24|25|26,godzilla-minus-one,eur-27,uploaders,without-hosting,288895,1924515,15.011314538987746,52.84878691765869
historical-film,jointly-eligible,3|6|7|8|9|12|13|14|15|16|18|19|20|21|22|23|24|25|26,godzilla-minus-one,usa-can,downloaders,all,4336296,43661261,9.93167833608837,73.41002694167696
historical-film,jointly-eligible,3|6|7|8|9|12|13|14|15|16|18|19|20|21|22|23|24|25|26,godzilla-minus-one,usa-can,downloaders,without-hosting,2374104,36727497,6.46410508181377,73.38220618968046
historical-film,jointly-eligible,3|6|7|8|9|12|13|14|15|16|18|19|20|21|22|23|24|25|26,godzilla-minus-one,usa-can,uploaders,all,574497,2616376,21.957738490186426,55.42751436544193
historical-film,jointly-eligible,3|6|7|8|9|12|13|14|15|16|18|19|20|21|22|23|24|25|26,godzilla-minus-one,usa-can,uploaders,without-hosting,184797,1924515,9.602263427408984,52.84878691765869
historical-film,jointly-eligible,3|6|7|8|9|12|13|14|15|16|18|19|20|21|22|23|24|25|26,godzilla-vs-kong,JPN,downloaders,all,1701069,52181063,3.259935505721683,66.40272439559672
historical-film,jointly-eligible,3|6|7|8|9|12|13|14|15|16|18|19|20|21|22|23|24|25|26,godzilla-vs-kong,JPN,downloaders,without-hosting,1579000,45709186,3.454447865249668,65.8168372777654
historical-film,jointly-eligible,3|6|7|8|9|12|13|14|15|16|18|19|20|21|22|23|24|25|26,godzilla-vs-kong,JPN,uploaders,all,38148,8758582,0.43554995546082687,55.48135939428364
historical-film,jointly-eligible,3|6|7|8|9|12|13|14|15|16|18|19|20|21|22|23|24|25|26,godzilla-vs-kong,JPN,uploaders,without-hosting,32658,7992447,0.4086107796523393,55.10598138112191
historical-film,jointly-eligible,3|6|7|8|9|12|13|14|15|16|18|19|20|21|22|23|24|25|26,godzilla-vs-kong,USA,downloaders,all,13748837,52181063,26.34832678667355,66.40272439559672
historical-film,jointly-eligible,3|6|7|8|9|12|13|14|15|16|18|19|20|21|22|23|24|25|26,godzilla-vs-kong,USA,downloaders,without-hosting,11086520,45709186,24.25446823752232,65.8168372777654
historical-film,jointly-eligible,3|6|7|8|9|12|13|14|15|16|18|19|20|21|22|23|24|25|26,godzilla-vs-kong,USA,uploaders,all,659680,8758582,7.531812798007714,55.48135939428364
historical-film,jointly-eligible,3|6|7|8|9|12|13|14|15|16|18|19|20|21|22|23|24|25|26,godzilla-vs-kong,USA,uploaders,without-hosting,387410,7992447,4.847201363987775,55.10598138112191
historical-film,jointly-eligible,3|6|7|8|9|12|13|14|15|16|18|19|20|21|22|23|24|25|26,godzilla-vs-kong,CHN,downloaders,all,3159730,52181063,6.055319340658124,66.40272439559672
historical-film,jointly-eligible,3|6|7|8|9|12|13|14|15|16|18|19|20|21|22|23|24|25|26,godzilla-vs-kong,CHN,downloaders,without-hosting,2920347,45709186,6.388971792234497,65.8168372777654
historical-film,jointly-eligible,3|6|7|8|9|12|13|14|15|16|18|19|20|21|22|23|24|25|26,godzilla-vs-kong,CHN,uploaders,all,134052,8758582,1.5305217214384703,55.48135939428364
historical-film,jointly-eligible,3|6|7|8|9|12|13|14|15|16|18|19|20|21|22|23|24|25|26,godzilla-vs-kong,CHN,uploaders,without-hosting,129362,7992447,1.618553116461079,55.10598138112191
historical-film,jointly-eligible,3|6|7|8|9|12|13|14|15|16|18|19|20|21|22|23|24|25|26,godzilla-vs-kong,KOR,downloaders,all,1233782,52181063,2.3644248105869363,66.40272439559672
historical-film,jointly-eligible,3|6|7|8|9|12|13|14|15|16|18|19|20|21|22|23|24|25|26,godzilla-vs-kong,KOR,downloaders,without-hosting,1158510,45709186,2.5345233669223513,65.8168372777654
historical-film,jointly-eligible,3|6|7|8|9|12|13|14|15|16|18|19|20|21|22|23|24|25|26,godzilla-vs-kong,KOR,uploaders,all,129162,8758582,1.4746907661536992,55.48135939428364
historical-film,jointly-eligible,3|6|7|8|9|12|13|14|15|16|18|19|20|21|22|23|24|25|26,godzilla-vs-kong,KOR,uploaders,without-hosting,126930,7992447,1.5881243879377618,55.10598138112191
historical-film,jointly-eligible,3|6|7|8|9|12|13|14|15|16|18|19|20|21|22|23|24|25|26,godzilla-vs-kong,asia-28,downloaders,all,14818964,52181063,28.39912249392083,66.40272439559672
historical-film,jointly-eligible,3|6|7|8|9|12|13|14|15|16|18|19|20|21|22|23|24|25|26,godzilla-vs-kong,asia-28,downloaders,without-hosting,13828572,45709186,30.253376203199068,65.8168372777654
historical-film,jointly-eligible,3|6|7|8|9|12|13|14|15|16|18|19|20|21|22|23|24|25|26,godzilla-vs-kong,asia-28,uploaders,all,2807955,8758582,32.059470357187955,55.48135939428364
historical-film,jointly-eligible,3|6|7|8|9|12|13|14|15|16|18|19|20|21|22|23|24|25|26,godzilla-vs-kong,asia-28,uploaders,without-hosting,2723681,7992447,34.07818656789341,55.10598138112191
historical-film,jointly-eligible,3|6|7|8|9|12|13|14|15|16|18|19|20|21|22|23|24|25|26,godzilla-vs-kong,eur-27,downloaders,all,7051516,52181063,13.513553757998375,66.40272439559672
historical-film,jointly-eligible,3|6|7|8|9|12|13|14|15|16|18|19|20|21|22|23|24|25|26,godzilla-vs-kong,eur-27,downloaders,without-hosting,5668130,45709186,12.400417719099176,65.8168372777654
historical-film,jointly-eligible,3|6|7|8|9|12|13|14|15|16|18|19|20|21|22|23|24|25|26,godzilla-vs-kong,eur-27,uploaders,all,898046,8758582,10.25332639461502,55.48135939428364
historical-film,jointly-eligible,3|6|7|8|9|12|13|14|15|16|18|19|20|21|22|23|24|25|26,godzilla-vs-kong,eur-27,uploaders,without-hosting,723378,7992447,9.050770058281275,55.10598138112191
historical-film,jointly-eligible,3|6|7|8|9|12|13|14|15|16|18|19|20|21|22|23|24|25|26,godzilla-vs-kong,usa-can,downloaders,all,14896242,52181063,28.547218365405858,66.40272439559672
historical-film,jointly-eligible,3|6|7|8|9|12|13|14|15|16|18|19|20|21|22|23|24|25|26,godzilla-vs-kong,usa-can,downloaders,without-hosting,12056456,45709186,26.37643995672992,65.8168372777654
historical-film,jointly-eligible,3|6|7|8|9|12|13|14|15|16|18|19|20|21|22|23|24|25|26,godzilla-vs-kong,usa-can,uploaders,all,817143,8758582,9.329626645043684,55.48135939428364
historical-film,jointly-eligible,3|6|7|8|9|12|13|14|15|16|18|19|20|21|22|23|24|25|26,godzilla-vs-kong,usa-can,uploaders,without-hosting,511368,7992447,6.3981406445360225,55.10598138112191
earlier-season,full,1|2|3|4|5|6|7|8|9|10|11|12|13|14|15|16|17|18|19|20|21|22|23|24|25|26,monarch-legacy-of-monsters-201,JPN,downloaders,all,885789,70478494,1.256821690883463,100.0
earlier-season,full,1|2|3|4|5|6|7|8|9|10|11|12|13|14|15|16|17|18|19|20|21|22|23|24|25|26,monarch-legacy-of-monsters-201,JPN,downloaders,without-hosting,759347,58486409,1.2983306942301758,100.0
earlier-season,full,1|2|3|4|5|6|7|8|9|10|11|12|13|14|15|16|17|18|19|20|21|22|23|24|25|26,monarch-legacy-of-monsters-201,JPN,uploaders,all,10822,2988558,0.3621144377990991,100.0
earlier-season,full,1|2|3|4|5|6|7|8|9|10|11|12|13|14|15|16|17|18|19|20|21|22|23|24|25|26,monarch-legacy-of-monsters-201,JPN,uploaders,without-hosting,4234,1935725,0.21872941662684525,100.0
earlier-season,full,1|2|3|4|5|6|7|8|9|10|11|12|13|14|15|16|17|18|19|20|21|22|23|24|25|26,monarch-legacy-of-monsters-201,USA,downloaders,all,4915606,70478494,6.974618385006921,100.0
earlier-season,full,1|2|3|4|5|6|7|8|9|10|11|12|13|14|15|16|17|18|19|20|21|22|23|24|25|26,monarch-legacy-of-monsters-201,USA,downloaders,without-hosting,2402599,58486409,4.107961218819231,100.0
earlier-season,full,1|2|3|4|5|6|7|8|9|10|11|12|13|14|15|16|17|18|19|20|21|22|23|24|25|26,monarch-legacy-of-monsters-201,USA,uploaders,all,589645,2988558,19.730083873225816,100.0
earlier-season,full,1|2|3|4|5|6|7|8|9|10|11|12|13|14|15|16|17|18|19|20|21|22|23|24|25|26,monarch-legacy-of-monsters-201,USA,uploaders,without-hosting,124742,1935725,6.444200493355202,100.0
earlier-season,full,1|2|3|4|5|6|7|8|9|10|11|12|13|14|15|16|17|18|19|20|21|22|23|24|25|26,monarch-legacy-of-monsters-201,CHN,downloaders,all,7053639,70478494,10.008214704474247,100.0
earlier-season,full,1|2|3|4|5|6|7|8|9|10|11|12|13|14|15|16|17|18|19|20|21|22|23|24|25|26,monarch-legacy-of-monsters-201,CHN,downloaders,without-hosting,6688547,58486409,11.436070557862426,100.0
earlier-season,full,1|2|3|4|5|6|7|8|9|10|11|12|13|14|15|16|17|18|19|20|21|22|23|24|25|26,monarch-legacy-of-monsters-201,CHN,uploaders,all,364165,2988558,12.18530809842071,100.0
earlier-season,full,1|2|3|4|5|6|7|8|9|10|11|12|13|14|15|16|17|18|19|20|21|22|23|24|25|26,monarch-legacy-of-monsters-201,CHN,uploaders,without-hosting,361322,1935725,18.66597786359116,100.0
earlier-season,full,1|2|3|4|5|6|7|8|9|10|11|12|13|14|15|16|17|18|19|20|21|22|23|24|25|26,monarch-legacy-of-monsters-201,KOR,downloaders,all,9795538,70478494,13.898619910919209,100.0
earlier-season,full,1|2|3|4|5|6|7|8|9|10|11|12|13|14|15|16|17|18|19|20|21|22|23|24|25|26,monarch-legacy-of-monsters-201,KOR,downloaders,without-hosting,9578129,58486409,16.376674792942065,100.0
earlier-season,full,1|2|3|4|5|6|7|8|9|10|11|12|13|14|15|16|17|18|19|20|21|22|23|24|25|26,monarch-legacy-of-monsters-201,KOR,uploaders,all,14164,2988558,0.47394094409410825,100.0
earlier-season,full,1|2|3|4|5|6|7|8|9|10|11|12|13|14|15|16|17|18|19|20|21|22|23|24|25|26,monarch-legacy-of-monsters-201,KOR,uploaders,without-hosting,13193,1935725,0.6815534231360343,100.0
earlier-season,full,1|2|3|4|5|6|7|8|9|10|11|12|13|14|15|16|17|18|19|20|21|22|23|24|25|26,monarch-legacy-of-monsters-201,asia-28,downloaders,all,20009996,70478494,28.391633907500918,100.0
earlier-season,full,1|2|3|4|5|6|7|8|9|10|11|12|13|14|15|16|17|18|19|20|21|22|23|24|25|26,monarch-legacy-of-monsters-201,asia-28,downloaders,without-hosting,19045559,58486409,32.56407655323821,100.0
earlier-season,full,1|2|3|4|5|6|7|8|9|10|11|12|13|14|15|16|17|18|19|20|21|22|23|24|25|26,monarch-legacy-of-monsters-201,asia-28,uploaders,all,641360,2988558,21.46051707880523,100.0
earlier-season,full,1|2|3|4|5|6|7|8|9|10|11|12|13|14|15|16|17|18|19|20|21|22|23|24|25|26,monarch-legacy-of-monsters-201,asia-28,uploaders,without-hosting,601133,1935725,31.054669439099044,100.0
earlier-season,full,1|2|3|4|5|6|7|8|9|10|11|12|13|14|15|16|17|18|19|20|21|22|23|24|25|26,monarch-legacy-of-monsters-201,eur-27,downloaders,all,19501574,70478494,27.670247891505742,100.0
earlier-season,full,1|2|3|4|5|6|7|8|9|10|11|12|13|14|15|16|17|18|19|20|21|22|23|24|25|26,monarch-legacy-of-monsters-201,eur-27,downloaders,without-hosting,13137517,58486409,22.46251261553774,100.0
earlier-season,full,1|2|3|4|5|6|7|8|9|10|11|12|13|14|15|16|17|18|19|20|21|22|23|24|25|26,monarch-legacy-of-monsters-201,eur-27,uploaders,all,714127,2988558,23.895370275564336,100.0
earlier-season,full,1|2|3|4|5|6|7|8|9|10|11|12|13|14|15|16|17|18|19|20|21|22|23|24|25|26,monarch-legacy-of-monsters-201,eur-27,uploaders,without-hosting,396144,1935725,20.464890415735706,100.0
earlier-season,full,1|2|3|4|5|6|7|8|9|10|11|12|13|14|15|16|17|18|19|20|21|22|23|24|25|26,monarch-legacy-of-monsters-201,usa-can,downloaders,all,6787057,70478494,9.629968824248714,100.0
earlier-season,full,1|2|3|4|5|6|7|8|9|10|11|12|13|14|15|16|17|18|19|20|21|22|23|24|25|26,monarch-legacy-of-monsters-201,usa-can,downloaders,without-hosting,3649902,58486409,6.240598563676563,100.0
earlier-season,full,1|2|3|4|5|6|7|8|9|10|11|12|13|14|15|16|17|18|19|20|21|22|23|24|25|26,monarch-legacy-of-monsters-201,usa-can,uploaders,all,735609,2988558,24.614178476710173,100.0
earlier-season,full,1|2|3|4|5|6|7|8|9|10|11|12|13|14|15|16|17|18|19|20|21|22|23|24|25|26,monarch-legacy-of-monsters-201,usa-can,uploaders,without-hosting,194053,1935725,10.024822740833537,100.0
earlier-season,full,1|2|3|4|5|6|7|8|9|10|11|12|13|14|15|16|17|18|19|20|21|22|23|24|25|26,monarch-legacy-of-monsters-101,JPN,downloaders,all,280478,27551436,1.018015903054926,100.0
earlier-season,full,1|2|3|4|5|6|7|8|9|10|11|12|13|14|15|16|17|18|19|20|21|22|23|24|25|26,monarch-legacy-of-monsters-101,JPN,downloaders,without-hosting,241765,23229068,1.040786483555862,100.0
earlier-season,full,1|2|3|4|5|6|7|8|9|10|11|12|13|14|15|16|17|18|19|20|21|22|23|24|25|26,monarch-legacy-of-monsters-101,JPN,uploaders,all,12110,3103255,0.39023541410551177,100.0
earlier-season,full,1|2|3|4|5|6|7|8|9|10|11|12|13|14|15|16|17|18|19|20|21|22|23|24|25|26,monarch-legacy-of-monsters-101,JPN,uploaders,without-hosting,7023,2350688,0.2987635960195483,100.0
earlier-season,full,1|2|3|4|5|6|7|8|9|10|11|12|13|14|15|16|17|18|19|20|21|22|23|24|25|26,monarch-legacy-of-monsters-101,USA,downloaders,all,2294833,27551436,8.329268209468284,100.0
earlier-season,full,1|2|3|4|5|6|7|8|9|10|11|12|13|14|15|16|17|18|19|20|21|22|23|24|25|26,monarch-legacy-of-monsters-101,USA,downloaders,without-hosting,1112507,23229068,4.789288145353055,100.0
earlier-season,full,1|2|3|4|5|6|7|8|9|10|11|12|13|14|15|16|17|18|19|20|21|22|23|24|25|26,monarch-legacy-of-monsters-101,USA,uploaders,all,438809,3103255,14.140281736434808,100.0
earlier-season,full,1|2|3|4|5|6|7|8|9|10|11|12|13|14|15|16|17|18|19|20|21|22|23|24|25|26,monarch-legacy-of-monsters-101,USA,uploaders,without-hosting,143712,2350688,6.113614397146708,100.0
earlier-season,full,1|2|3|4|5|6|7|8|9|10|11|12|13|14|15|16|17|18|19|20|21|22|23|24|25|26,monarch-legacy-of-monsters-101,CHN,downloaders,all,1261116,27551436,4.577314953746876,100.0
earlier-season,full,1|2|3|4|5|6|7|8|9|10|11|12|13|14|15|16|17|18|19|20|21|22|23|24|25|26,monarch-legacy-of-monsters-101,CHN,downloaders,without-hosting,1193180,23229068,5.136581459058108,100.0
earlier-season,full,1|2|3|4|5|6|7|8|9|10|11|12|13|14|15|16|17|18|19|20|21|22|23|24|25|26,monarch-legacy-of-monsters-101,CHN,uploaders,all,156532,3103255,5.044123025661765,100.0
earlier-season,full,1|2|3|4|5|6|7|8|9|10|11|12|13|14|15|16|17|18|19|20|21|22|23|24|25|26,monarch-legacy-of-monsters-101,CHN,uploaders,without-hosting,148270,2350688,6.3075150764371966,100.0
earlier-season,full,1|2|3|4|5|6|7|8|9|10|11|12|13|14|15|16|17|18|19|20|21|22|23|24|25|26,monarch-legacy-of-monsters-101,KOR,downloaders,all,1687747,27551436,6.125804114166681,100.0
earlier-season,full,1|2|3|4|5|6|7|8|9|10|11|12|13|14|15|16|17|18|19|20|21|22|23|24|25|26,monarch-legacy-of-monsters-101,KOR,downloaders,without-hosting,1636868,23229068,7.046636567597115,100.0
earlier-season,full,1|2|3|4|5|6|7|8|9|10|11|12|13|14|15|16|17|18|19|20|21|22|23|24|25|26,monarch-legacy-of-monsters-101,KOR,uploaders,all,19005,3103255,0.6124214735817713,100.0
earlier-season,full,1|2|3|4|5|6|7|8|9|10|11|12|13|14|15|16|17|18|19|20|21|22|23|24|25|26,monarch-legacy-of-monsters-101,KOR,uploaders,without-hosting,17659,2350688,0.7512268748553615,100.0
earlier-season,full,1|2|3|4|5|6|7|8|9|10|11|12|13|14|15|16|17|18|19|20|21|22|23|24|25|26,monarch-legacy-of-monsters-101,asia-28,downloaders,all,4812708,27551436,17.468084059212014,100.0
earlier-season,full,1|2|3|4|5|6|7|8|9|10|11|12|13|14|15|16|17|18|19|20|21|22|23|24|25|26,monarch-legacy-of-monsters-101,asia-28,downloaders,without-hosting,4517953,23229068,19.449566379503473,100.0
earlier-season,full,1|2|3|4|5|6|7|8|9|10|11|12|13|14|15|16|17|18|19|20|21|22|23|24|25|26,monarch-legacy-of-monsters-101,asia-28,uploaders,all,613865,3103255,19.78132638149298,100.0
earlier-season,full,1|2|3|4|5|6|7|8|9|10|11|12|13|14|15|16|17|18|19|20|21|22|23|24|25|26,monarch-legacy-of-monsters-101,asia-28,uploaders,without-hosting,570093,2350688,24.252176384105418,100.0
earlier-season,full,1|2|3|4|5|6|7|8|9|10|11|12|13|14|15|16|17|18|19|20|21|22|23|24|25|26,monarch-legacy-of-monsters-101,eur-27,downloaders,all,7100597,27551436,25.772148500716987,100.0
earlier-season,full,1|2|3|4|5|6|7|8|9|10|11|12|13|14|15|16|17|18|19|20|21|22|23|24|25|26,monarch-legacy-of-monsters-101,eur-27,downloaders,without-hosting,5331818,23229068,22.953215342087766,100.0
earlier-season,full,1|2|3|4|5|6|7|8|9|10|11|12|13|14|15|16|17|18|19|20|21|22|23|24|25|26,monarch-legacy-of-monsters-101,eur-27,uploaders,all,760915,3103255,24.51989926705991,100.0
earlier-season,full,1|2|3|4|5|6|7|8|9|10|11|12|13|14|15|16|17|18|19|20|21|22|23|24|25|26,monarch-legacy-of-monsters-101,eur-27,uploaders,without-hosting,575175,2350688,24.468368409589022,100.0
earlier-season,full,1|2|3|4|5|6|7|8|9|10|11|12|13|14|15|16|17|18|19|20|21|22|23|24|25|26,monarch-legacy-of-monsters-101,usa-can,downloaders,all,3146909,27551436,11.421941854500796,100.0
earlier-season,full,1|2|3|4|5|6|7|8|9|10|11|12|13|14|15|16|17|18|19|20|21|22|23|24|25|26,monarch-legacy-of-monsters-101,usa-can,downloaders,without-hosting,1628466,23229068,7.010466369119932,100.0
earlier-season,full,1|2|3|4|5|6|7|8|9|10|11|12|13|14|15|16|17|18|19|20|21|22|23|24|25|26,monarch-legacy-of-monsters-101,usa-can,uploaders,all,660255,3103255,21.276208368310048,100.0
earlier-season,full,1|2|3|4|5|6|7|8|9|10|11|12|13|14|15|16|17|18|19|20|21|22|23|24|25|26,monarch-legacy-of-monsters-101,usa-can,uploaders,without-hosting,265421,2350688,11.291204957867654,100.0
earlier-season,jointly-eligible,2|3|4|6|7|8|9|10|14|15|16|17|18|21|22|23|24|25|26,monarch-legacy-of-monsters-201,JPN,downloaders,all,650794,52422194,1.2414474678415788,74.38041170402988
earlier-season,jointly-eligible,2|3|4|6|7|8|9|10|14|15|16|17|18|21|22|23|24|25|26,monarch-legacy-of-monsters-201,JPN,downloaders,without-hosting,557026,43523867,1.2798173471121028,74.41706157750257
earlier-season,jointly-eligible,2|3|4|6|7|8|9|10|14|15|16|17|18|21|22|23|24|25|26,monarch-legacy-of-monsters-201,JPN,uploaders,all,7962,2220915,0.35850088814745273,74.31393334176549
earlier-season,jointly-eligible,2|3|4|6|7|8|9|10|14|15|16|17|18|21|22|23|24|25|26,monarch-legacy-of-monsters-201,JPN,uploaders,without-hosting,3224,1458416,0.22106175467082095,75.34210696250759
earlier-season,jointly-eligible,2|3|4|6|7|8|9|10|14|15|16|17|18|21|22|23|24|25|26,monarch-legacy-of-monsters-201,USA,downloaders,all,3642927,52422194,6.949207429204509,74.38041170402988
earlier-season,jointly-eligible,2|3|4|6|7|8|9|10|14|15|16|17|18|21|22|23|24|25|26,monarch-legacy-of-monsters-201,USA,downloaders,without-hosting,1787371,43523867,4.106645670983233,74.41706157750257
earlier-season,jointly-eligible,2|3|4|6|7|8|9|10|14|15|16|17|18|21|22|23|24|25|26,monarch-legacy-of-monsters-201,USA,uploaders,all,427734,2220915,19.259359318118882,74.31393334176549
earlier-season,jointly-eligible,2|3|4|6|7|8|9|10|14|15|16|17|18|21|22|23|24|25|26,monarch-legacy-of-monsters-201,USA,uploaders,without-hosting,93270,1458416,6.395294621013483,75.34210696250759
earlier-season,jointly-eligible,2|3|4|6|7|8|9|10|14|15|16|17|18|21|22|23|24|25|26,monarch-legacy-of-monsters-201,CHN,downloaders,all,5154728,52422194,9.833102368817299,74.38041170402988
earlier-season,jointly-eligible,2|3|4|6|7|8|9|10|14|15|16|17|18|21|22|23|24|25|26,monarch-legacy-of-monsters-201,CHN,downloaders,without-hosting,4889584,43523867,11.234259124999165,74.41706157750257
earlier-season,jointly-eligible,2|3|4|6|7|8|9|10|14|15|16|17|18|21|22|23|24|25|26,monarch-legacy-of-monsters-201,CHN,uploaders,all,281054,2220915,12.65487422976566,74.31393334176549
earlier-season,jointly-eligible,2|3|4|6|7|8|9|10|14|15|16|17|18|21|22|23|24|25|26,monarch-legacy-of-monsters-201,CHN,uploaders,without-hosting,278828,1458416,19.118550537020987,75.34210696250759
earlier-season,jointly-eligible,2|3|4|6|7|8|9|10|14|15|16|17|18|21|22|23|24|25|26,monarch-legacy-of-monsters-201,KOR,downloaders,all,7112509,52422194,13.567743845288124,74.38041170402988
earlier-season,jointly-eligible,2|3|4|6|7|8|9|10|14|15|16|17|18|21|22|23|24|25|26,monarch-legacy-of-monsters-201,KOR,downloaders,without-hosting,6954745,43523867,15.979152311994705,74.41706157750257
earlier-season,jointly-eligible,2|3|4|6|7|8|9|10|14|15|16|17|18|21|22|23|24|25|26,monarch-legacy-of-monsters-201,KOR,uploaders,all,11407,2220915,0.5136171352798283,74.31393334176549
earlier-season,jointly-eligible,2|3|4|6|7|8|9|10|14|15|16|17|18|21|22|23|24|25|26,monarch-legacy-of-monsters-201,KOR,uploaders,without-hosting,10700,1458416,0.733672696953407,75.34210696250759
earlier-season,jointly-eligible,2|3|4|6|7|8|9|10|14|15|16|17|18|21|22|23|24|25|26,monarch-legacy-of-monsters-201,asia-28,downloaders,all,14605570,52422194,27.861424495128915,74.38041170402988
earlier-season,jointly-eligible,2|3|4|6|7|8|9|10|14|15|16|17|18|21|22|23|24|25|26,monarch-legacy-of-monsters-201,asia-28,downloaders,without-hosting,13899342,43523867,31.93498868103792,74.41706157750257
earlier-season,jointly-eligible,2|3|4|6|7|8|9|10|14|15|16|17|18|21|22|23|24|25|26,monarch-legacy-of-monsters-201,asia-28,uploaders,all,490021,2220915,22.0639241033538,74.31393334176549
earlier-season,jointly-eligible,2|3|4|6|7|8|9|10|14|15|16|17|18|21|22|23|24|25|26,monarch-legacy-of-monsters-201,asia-28,uploaders,without-hosting,460134,1458416,31.550257265416725,75.34210696250759
earlier-season,jointly-eligible,2|3|4|6|7|8|9|10|14|15|16|17|18|21|22|23|24|25|26,monarch-legacy-of-monsters-201,eur-27,downloaders,all,14647343,52422194,27.941110209923682,74.38041170402988
earlier-season,jointly-eligible,2|3|4|6|7|8|9|10|14|15|16|17|18|21|22|23|24|25|26,monarch-legacy-of-monsters-201,eur-27,downloaders,without-hosting,9911528,43523867,22.772627257591793,74.41706157750257
earlier-season,jointly-eligible,2|3|4|6|7|8|9|10|14|15|16|17|18|21|22|23|24|25|26,monarch-legacy-of-monsters-201,eur-27,uploaders,all,525859,2220915,23.67758333839881,74.31393334176549
earlier-season,jointly-eligible,2|3|4|6|7|8|9|10|14|15|16|17|18|21|22|23|24|25|26,monarch-legacy-of-monsters-201,eur-27,uploaders,without-hosting,296620,1458416,20.338504240216782,75.34210696250759
earlier-season,jointly-eligible,2|3|4|6|7|8|9|10|14|15|16|17|18|21|22|23|24|25|26,monarch-legacy-of-monsters-201,usa-can,downloaders,all,5045399,52422194,9.62454757235075,74.38041170402988
earlier-season,jointly-eligible,2|3|4|6|7|8|9|10|14|15|16|17|18|21|22|23|24|25|26,monarch-legacy-of-monsters-201,usa-can,downloaders,without-hosting,2725626,43523867,6.262370942361349,74.41706157750257
earlier-season,jointly-eligible,2|3|4|6|7|8|9|10|14|15|16|17|18|21|22|23|24|25|26,monarch-legacy-of-monsters-201,usa-can,uploaders,all,536310,2220915,24.148155152268323,74.31393334176549
earlier-season,jointly-eligible,2|3|4|6|7|8|9|10|14|15|16|17|18|21|22|23|24|25|26,monarch-legacy-of-monsters-201,usa-can,uploaders,without-hosting,145075,1458416,9.947436122478086,75.34210696250759
earlier-season,jointly-eligible,2|3|4|6|7|8|9|10|14|15|16|17|18|21|22|23|24|25|26,monarch-legacy-of-monsters-101,JPN,downloaders,all,218063,20699436,1.0534731477707895,75.1301529256043
earlier-season,jointly-eligible,2|3|4|6|7|8|9|10|14|15|16|17|18|21|22|23|24|25|26,monarch-legacy-of-monsters-101,JPN,downloaders,without-hosting,188838,17488325,1.0797946630108943,75.28638256171104
earlier-season,jointly-eligible,2|3|4|6|7|8|9|10|14|15|16|17|18|21|22|23|24|25|26,monarch-legacy-of-monsters-101,JPN,uploaders,all,8059,2128453,0.37863180441381605,68.5877570486473
earlier-season,jointly-eligible,2|3|4|6|7|8|9|10|14|15|16|17|18|21|22|23|24|25|26,monarch-legacy-of-monsters-101,JPN,uploaders,without-hosting,4426,1599719,0.27667359079938414,68.05322526851714
earlier-season,jointly-eligible,2|3|4|6|7|8|9|10|14|15|16|17|18|21|22|23|24|25|26,monarch-legacy-of-monsters-101,USA,downloaders,all,1696106,20699436,8.193972048320544,75.1301529256043
earlier-season,jointly-eligible,2|3|4|6|7|8|9|10|14|15|16|17|18|21|22|23|24|25|26,monarch-legacy-of-monsters-101,USA,downloaders,without-hosting,834705,17488325,4.7729270813528455,75.28638256171104
earlier-season,jointly-eligible,2|3|4|6|7|8|9|10|14|15|16|17|18|21|22|23|24|25|26,monarch-legacy-of-monsters-101,USA,uploaders,all,305897,2128453,14.371799612206612,68.5877570486473
earlier-season,jointly-eligible,2|3|4|6|7|8|9|10|14|15|16|17|18|21|22|23|24|25|26,monarch-legacy-of-monsters-101,USA,uploaders,without-hosting,96938,1599719,6.0596892329215315,68.05322526851714
earlier-season,jointly-eligible,2|3|4|6|7|8|9|10|14|15|16|17|18|21|22|23|24|25|26,monarch-legacy-of-monsters-101,CHN,downloaders,all,898768,20699436,4.341992699704475,75.1301529256043
earlier-season,jointly-eligible,2|3|4|6|7|8|9|10|14|15|16|17|18|21|22|23|24|25|26,monarch-legacy-of-monsters-101,CHN,downloaders,without-hosting,846850,17488325,4.842373411976276,75.28638256171104
earlier-season,jointly-eligible,2|3|4|6|7|8|9|10|14|15|16|17|18|21|22|23|24|25|26,monarch-legacy-of-monsters-101,CHN,uploaders,all,89138,2128453,4.187924281156314,68.5877570486473
earlier-season,jointly-eligible,2|3|4|6|7|8|9|10|14|15|16|17|18|21|22|23|24|25|26,monarch-legacy-of-monsters-101,CHN,uploaders,without-hosting,83014,1599719,5.189286368418453,68.05322526851714
earlier-season,jointly-eligible,2|3|4|6|7|8|9|10|14|15|16|17|18|21|22|23|24|25|26,monarch-legacy-of-monsters-101,KOR,downloaders,all,1308393,20699436,6.320911352367282,75.1301529256043
earlier-season,jointly-eligible,2|3|4|6|7|8|9|10|14|15|16|17|18|21|22|23|24|25|26,monarch-legacy-of-monsters-101,KOR,downloaders,without-hosting,1269180,17488325,7.257298797912322,75.28638256171104
earlier-season,jointly-eligible,2|3|4|6|7|8|9|10|14|15|16|17|18|21|22|23|24|25|26,monarch-legacy-of-monsters-101,KOR,uploaders,all,11875,2128453,0.5579169471912229,68.5877570486473
earlier-season,jointly-eligible,2|3|4|6|7|8|9|10|14|15|16|17|18|21|22|23|24|25|26,monarch-legacy-of-monsters-101,KOR,uploaders,without-hosting,10950,1599719,0.6844952144720416,68.05322526851714
earlier-season,jointly-eligible,2|3|4|6|7|8|9|10|14|15|16|17|18|21|22|23|24|25|26,monarch-legacy-of-monsters-101,asia-28,downloaders,all,3556714,20699436,17.18266140198216,75.1301529256043
earlier-season,jointly-eligible,2|3|4|6|7|8|9|10|14|15|16|17|18|21|22|23|24|25|26,monarch-legacy-of-monsters-101,asia-28,downloaders,without-hosting,3336958,17488325,19.081061222272574,75.28638256171104
earlier-season,jointly-eligible,2|3|4|6|7|8|9|10|14|15|16|17|18|21|22|23|24|25|26,monarch-legacy-of-monsters-101,asia-28,uploaders,all,399021,2128453,18.746996057700123,68.5877570486473
earlier-season,jointly-eligible,2|3|4|6|7|8|9|10|14|15|16|17|18|21|22|23|24|25|26,monarch-legacy-of-monsters-101,asia-28,uploaders,without-hosting,368115,1599719,23.011228847066267,68.05322526851714
earlier-season,jointly-eligible,2|3|4|6|7|8|9|10|14|15|16|17|18|21|22|23|24|25|26,monarch-legacy-of-monsters-101,eur-27,downloaders,all,5334331,20699436,25.770417126341027,75.1301529256043
earlier-season,jointly-eligible,2|3|4|6|7|8|9|10|14|15|16|17|18|21|22|23|24|25|26,monarch-legacy-of-monsters-101,eur-27,downloaders,without-hosting,3995602,17488325,22.847253810756605,75.28638256171104
earlier-season,jointly-eligible,2|3|4|6|7|8|9|10|14|15|16|17|18|21|22|23|24|25|26,monarch-legacy-of-monsters-101,eur-27,uploaders,all,531506,2128453,24.971469889163632,68.5877570486473
earlier-season,jointly-eligible,2|3|4|6|7|8|9|10|14|15|16|17|18|21|22|23|24|25|26,monarch-legacy-of-monsters-101,eur-27,uploaders,without-hosting,402726,1599719,25.174796323604333,68.05322526851714
earlier-season,jointly-eligible,2|3|4|6|7|8|9|10|14|15|16|17|18|21|22|23|24|25|26,monarch-legacy-of-monsters-101,usa-can,downloaders,all,2319688,20699436,11.206527559494857,75.1301529256043
earlier-season,jointly-eligible,2|3|4|6|7|8|9|10|14|15|16|17|18|21|22|23|24|25|26,monarch-legacy-of-monsters-101,usa-can,downloaders,without-hosting,1214762,17488325,6.946131204675119,75.28638256171104
earlier-season,jointly-eligible,2|3|4|6|7|8|9|10|14|15|16|17|18|21|22|23|24|25|26,monarch-legacy-of-monsters-101,usa-can,uploaders,all,460741,2128453,21.64675470870158,68.5877570486473
earlier-season,jointly-eligible,2|3|4|6|7|8|9|10|14|15|16|17|18|21|22|23|24|25|26,monarch-legacy-of-monsters-101,usa-can,uploaders,without-hosting,180328,1599719,11.27247972925245,68.05322526851714
single-episode-context,full,1|2|3|4|5|6|7|8|9|10|11|12|13|14|15|16|17|18|19|20|21,monarch-legacy-of-monsters-201,JPN,downloaders,all,736302,57552260,1.2793624438032494,81.65932149458244
single-episode-context,full,1|2|3|4|5|6|7|8|9|10|11|12|13|14|15|16|17|18|19|20|21,monarch-legacy-of-monsters-201,JPN,downloaders,without-hosting,628289,47797603,1.3144780502905136,81.72429085191399
single-episode-context,full,1|2|3|4|5|6|7|8|9|10|11|12|13|14|15|16|17|18|19|20|21,monarch-legacy-of-monsters-201,JPN,uploaders,all,10119,2749161,0.36807593298464514,91.98954813659297
single-episode-context,full,1|2|3|4|5|6|7|8|9|10|11|12|13|14|15|16|17|18|19|20|21,monarch-legacy-of-monsters-201,JPN,uploaders,without-hosting,3994,1786633,0.22354898851638808,92.29787289000245
single-episode-context,full,1|2|3|4|5|6|7|8|9|10|11|12|13|14|15|16|17|18|19|20|21,monarch-legacy-of-monsters-201,USA,downloaders,all,4040890,57552260,7.02125337910275,81.65932149458244
single-episode-context,full,1|2|3|4|5|6|7|8|9|10|11|12|13|14|15|16|17|18|19|20|21,monarch-legacy-of-monsters-201,USA,downloaders,without-hosting,1951156,47797603,4.082121021842873,81.72429085191399
single-episode-context,full,1|2|3|4|5|6|7|8|9|10|11|12|13|14|15|16|17|18|19|20|21,monarch-legacy-of-monsters-201,USA,uploaders,all,523165,2749161,19.0299876944275,91.98954813659297
single-episode-context,full,1|2|3|4|5|6|7|8|9|10|11|12|13|14|15|16|17|18|19|20|21,monarch-legacy-of-monsters-201,USA,uploaders,without-hosting,110489,1786633,6.184202351574162,92.29787289000245
single-episode-context,full,1|2|3|4|5|6|7|8|9|10|11|12|13|14|15|16|17|18|19|20|21,monarch-legacy-of-monsters-201,CHN,downloaders,all,5910451,57552260,10.269711389266034,81.65932149458244
single-episode-context,full,1|2|3|4|5|6|7|8|9|10|11|12|13|14|15|16|17|18|19|20|21,monarch-legacy-of-monsters-201,CHN,downloaders,without-hosting,5604050,47797603,11.724541918974472,81.72429085191399
single-episode-context,full,1|2|3|4|5|6|7|8|9|10|11|12|13|14|15|16|17|18|19|20|21,monarch-legacy-of-monsters-201,CHN,uploaders,all,318068,2749161,11.569638882553622,91.98954813659297
single-episode-context,full,1|2|3|4|5|6|7|8|9|10|11|12|13|14|15|16|17|18|19|20|21,monarch-legacy-of-monsters-201,CHN,uploaders,without-hosting,315833,1786633,17.677553252402703,92.29787289000245
single-episode-context,full,1|2|3|4|5|6|7|8|9|10|11|12|13|14|15|16|17|18|19|20|21,monarch-legacy-of-monsters-201,KOR,downloaders,all,8212073,57552260,14.26889752027114,81.65932149458244
single-episode-context,full,1|2|3|4|5|6|7|8|9|10|11|12|13|14|15|16|17|18|19|20|21,monarch-legacy-of-monsters-201,KOR,downloaders,without-hosting,8030488,47797603,16.801026612150405,81.72429085191399
single-episode-context,full,1|2|3|4|5|6|7|8|9|10|11|12|13|14|15|16|17|18|19|20|21,monarch-legacy-of-monsters-201,KOR,uploaders,all,13583,2749161,0.49407801143694385,91.98954813659297
single-episode-context,full,1|2|3|4|5|6|7|8|9|10|11|12|13|14|15|16|17|18|19|20|21,monarch-legacy-of-monsters-201,KOR,uploaders,without-hosting,12752,1786633,0.7137447925791139,92.29787289000245
single-episode-context,full,1|2|3|4|5|6|7|8|9|10|11|12|13|14|15|16|17|18|19|20|21,monarch-legacy-of-monsters-201,asia-28,downloaders,all,16789342,57552260,29.172341798567075,81.65932149458244
single-episode-context,full,1|2|3|4|5|6|7|8|9|10|11|12|13|14|15|16|17|18|19|20|21,monarch-legacy-of-monsters-201,asia-28,downloaders,without-hosting,15976516,47797603,33.4253498025832,81.72429085191399
single-episode-context,full,1|2|3|4|5|6|7|8|9|10|11|12|13|14|15|16|17|18|19|20|21,monarch-legacy-of-monsters-201,asia-28,uploaders,all,583589,2749161,21.227894619485728,91.98954813659297
single-episode-context,full,1|2|3|4|5|6|7|8|9|10|11|12|13|14|15|16|17|18|19|20|21,monarch-legacy-of-monsters-201,asia-28,uploaders,without-hosting,546985,1786633,30.615408984385713,92.29787289000245
single-episode-context,full,1|2|3|4|5|6|7|8|9|10|11|12|13|14|15|16|17|18|19|20|21,monarch-legacy-of-monsters-201,eur-27,downloaders,all,15180772,57552260,26.377369020782155,81.65932149458244
single-episode-context,full,1|2|3|4|5|6|7|8|9|10|11|12|13|14|15|16|17|18|19|20|21,monarch-legacy-of-monsters-201,eur-27,downloaders,without-hosting,10131340,47797603,21.196334887337343,81.72429085191399
single-episode-context,full,1|2|3|4|5|6|7|8|9|10|11|12|13|14|15|16|17|18|19|20|21,monarch-legacy-of-monsters-201,eur-27,uploaders,all,665563,2749161,24.20967706147439,91.98954813659297
single-episode-context,full,1|2|3|4|5|6|7|8|9|10|11|12|13|14|15|16|17|18|19|20|21,monarch-legacy-of-monsters-201,eur-27,uploaders,without-hosting,366886,1786633,20.535051126896235,92.29787289000245
single-episode-context,full,1|2|3|4|5|6|7|8|9|10|11|12|13|14|15|16|17|18|19|20|21,monarch-legacy-of-monsters-201,usa-can,downloaders,all,5526727,57552260,9.602971282100825,81.65932149458244
single-episode-context,full,1|2|3|4|5|6|7|8|9|10|11|12|13|14|15|16|17|18|19|20|21,monarch-legacy-of-monsters-201,usa-can,downloaders,without-hosting,2923820,47797603,6.1170849927348865,81.72429085191399
single-episode-context,full,1|2|3|4|5|6|7|8|9|10|11|12|13|14|15|16|17|18|19|20|21,monarch-legacy-of-monsters-201,usa-can,uploaders,all,657727,2749161,23.92464464613022,91.98954813659297
single-episode-context,full,1|2|3|4|5|6|7|8|9|10|11|12|13|14|15|16|17|18|19|20|21,monarch-legacy-of-monsters-201,usa-can,uploaders,without-hosting,173916,1786633,9.734287903559377,92.29787289000245
single-episode-context,full,1|2|3|4|5|6|7|8|9|10|11|12|13|14|15|16|17|18|19|20|21,monarch-legacy-of-monsters-110,JPN,downloaders,all,239813,18280709,1.3118364282260606,100.0
single-episode-context,full,1|2|3|4|5|6|7|8|9|10|11|12|13|14|15|16|17|18|19|20|21,monarch-legacy-of-monsters-110,JPN,downloaders,without-hosting,215001,15608163,1.3774907399416574,100.0
single-episode-context,full,1|2|3|4|5|6|7|8|9|10|11|12|13|14|15|16|17|18|19|20|21,monarch-legacy-of-monsters-110,JPN,uploaders,all,2565,843566,0.30406630897878767,100.0
single-episode-context,full,1|2|3|4|5|6|7|8|9|10|11|12|13|14|15|16|17|18|19|20|21,monarch-legacy-of-monsters-110,JPN,uploaders,without-hosting,1638,656466,0.249517872974381,100.0
single-episode-context,full,1|2|3|4|5|6|7|8|9|10|11|12|13|14|15|16|17|18|19|20|21,monarch-legacy-of-monsters-110,USA,downloaders,all,1321447,18280709,7.228641952563218,100.0
single-episode-context,full,1|2|3|4|5|6|7|8|9|10|11|12|13|14|15|16|17|18|19|20|21,monarch-legacy-of-monsters-110,USA,downloaders,without-hosting,711035,15608163,4.555532896472186,100.0
single-episode-context,full,1|2|3|4|5|6|7|8|9|10|11|12|13|14|15|16|17|18|19|20|21,monarch-legacy-of-monsters-110,USA,uploaders,all,92292,843566,10.940696993477689,100.0
single-episode-context,full,1|2|3|4|5|6|7|8|9|10|11|12|13|14|15|16|17|18|19|20|21,monarch-legacy-of-monsters-110,USA,uploaders,without-hosting,36739,656466,5.596481767524899,100.0
single-episode-context,full,1|2|3|4|5|6|7|8|9|10|11|12|13|14|15|16|17|18|19|20|21,monarch-legacy-of-monsters-110,CHN,downloaders,all,866998,18280709,4.742693513692494,100.0
single-episode-context,full,1|2|3|4|5|6|7|8|9|10|11|12|13|14|15|16|17|18|19|20|21,monarch-legacy-of-monsters-110,CHN,downloaders,without-hosting,823417,15608163,5.275553567706846,100.0
single-episode-context,full,1|2|3|4|5|6|7|8|9|10|11|12|13|14|15|16|17|18|19|20|21,monarch-legacy-of-monsters-110,CHN,uploaders,all,25507,843566,3.023711244881847,100.0
single-episode-context,full,1|2|3|4|5|6|7|8|9|10|11|12|13|14|15|16|17|18|19|20|21,monarch-legacy-of-monsters-110,CHN,uploaders,without-hosting,24314,656466,3.703771406287607,100.0
single-episode-context,full,1|2|3|4|5|6|7|8|9|10|11|12|13|14|15|16|17|18|19|20|21,monarch-legacy-of-monsters-110,KOR,downloaders,all,1536913,18280709,8.407294268510045,100.0
single-episode-context,full,1|2|3|4|5|6|7|8|9|10|11|12|13|14|15|16|17|18|19|20|21,monarch-legacy-of-monsters-110,KOR,downloaders,without-hosting,1491859,15608163,9.558197207448435,100.0
single-episode-context,full,1|2|3|4|5|6|7|8|9|10|11|12|13|14|15|16|17|18|19|20|21,monarch-legacy-of-monsters-110,KOR,uploaders,all,6726,843566,0.7973294324332655,100.0
single-episode-context,full,1|2|3|4|5|6|7|8|9|10|11|12|13|14|15|16|17|18|19|20|21,monarch-legacy-of-monsters-110,KOR,uploaders,without-hosting,6394,656466,0.9740032233200197,100.0
single-episode-context,full,1|2|3|4|5|6|7|8|9|10|11|12|13|14|15|16|17|18|19|20|21,monarch-legacy-of-monsters-110,asia-28,downloaders,all,3356213,18280709,18.359315276010356,100.0
single-episode-context,full,1|2|3|4|5|6|7|8|9|10|11|12|13|14|15|16|17|18|19|20|21,monarch-legacy-of-monsters-110,asia-28,downloaders,without-hosting,3178292,15608163,20.36301132939219,100.0
single-episode-context,full,1|2|3|4|5|6|7|8|9|10|11|12|13|14|15|16|17|18|19|20|21,monarch-legacy-of-monsters-110,asia-28,uploaders,all,131418,843566,15.57886401301143,100.0
single-episode-context,full,1|2|3|4|5|6|7|8|9|10|11|12|13|14|15|16|17|18|19|20|21,monarch-legacy-of-monsters-110,asia-28,uploaders,without-hosting,122828,656466,18.710489195175377,100.0
single-episode-context,full,1|2|3|4|5|6|7|8|9|10|11|12|13|14|15|16|17|18|19|20|21,monarch-legacy-of-monsters-110,eur-27,downloaders,all,4559949,18280709,24.944048942521867,100.0
single-episode-context,full,1|2|3|4|5|6|7|8|9|10|11|12|13|14|15|16|17|18|19|20|21,monarch-legacy-of-monsters-110,eur-27,downloaders,without-hosting,3253472,15608163,20.844682362684193,100.0
single-episode-context,full,1|2|3|4|5|6|7|8|9|10|11|12|13|14|15|16|17|18|19|20|21,monarch-legacy-of-monsters-110,eur-27,uploaders,all,197571,843566,23.42092971978482,100.0
single-episode-context,full,1|2|3|4|5|6|7|8|9|10|11|12|13|14|15|16|17|18|19|20|21,monarch-legacy-of-monsters-110,eur-27,uploaders,without-hosting,142860,656466,21.76198005684986,100.0
single-episode-context,full,1|2|3|4|5|6|7|8|9|10|11|12|13|14|15|16|17|18|19|20|21,monarch-legacy-of-monsters-110,usa-can,downloaders,all,1829407,18280709,10.007308797487012,100.0
single-episode-context,full,1|2|3|4|5|6|7|8|9|10|11|12|13|14|15|16|17|18|19|20|21,monarch-legacy-of-monsters-110,usa-can,downloaders,without-hosting,1032714,15608163,6.616499327947818,100.0
single-episode-context,full,1|2|3|4|5|6|7|8|9|10|11|12|13|14|15|16|17|18|19|20|21,monarch-legacy-of-monsters-110,usa-can,uploaders,all,164643,843566,19.517500705339,100.0
single-episode-context,full,1|2|3|4|5|6|7|8|9|10|11|12|13|14|15|16|17|18|19|20|21,monarch-legacy-of-monsters-110,usa-can,uploaders,without-hosting,73766,656466,11.23683480941892,100.0
single-episode-context,jointly-eligible,2|4|6|7|8|9|10|11|14|16|17|18|20|21,monarch-legacy-of-monsters-201,JPN,downloaders,all,505502,39420643,1.2823281446728305,55.93286797530038
single-episode-context,jointly-eligible,2|4|6|7|8|9|10|11|14|16|17|18|20|21,monarch-legacy-of-monsters-201,JPN,downloaders,without-hosting,431729,32756007,1.3180147384875085,56.006185984165995
single-episode-context,jointly-eligible,2|4|6|7|8|9|10|11|14|16|17|18|20|21,monarch-legacy-of-monsters-201,JPN,uploaders,all,6303,1788032,0.35251046961128213,59.8292554469413
single-episode-context,jointly-eligible,2|4|6|7|8|9|10|11|14|16|17|18|20|21,monarch-legacy-of-monsters-201,JPN,uploaders,without-hosting,2456,1161129,0.2115182723022162,59.98419196941715
single-episode-context,jointly-eligible,2|4|6|7|8|9|10|11|14|16|17|18|20|21,monarch-legacy-of-monsters-201,USA,downloaders,all,2727989,39420643,6.920204218891103,55.93286797530038
single-episode-context,jointly-eligible,2|4|6|7|8|9|10|11|14|16|17|18|20|21,monarch-legacy-of-monsters-201,USA,downloaders,without-hosting,1330722,32756007,4.062528134152615,56.006185984165995
single-episode-context,jointly-eligible,2|4|6|7|8|9|10|11|14|16|17|18|20|21,monarch-legacy-of-monsters-201,USA,uploaders,all,339458,1788032,18.985006979740856,59.8292554469413
single-episode-context,jointly-eligible,2|4|6|7|8|9|10|11|14|16|17|18|20|21,monarch-legacy-of-monsters-201,USA,uploaders,without-hosting,69051,1161129,5.946884454698832,59.98419196941715
single-episode-context,jointly-eligible,2|4|6|7|8|9|10|11|14|16|17|18|20|21,monarch-legacy-of-monsters-201,CHN,downloaders,all,4090387,39420643,10.376256419764639,55.93286797530038
single-episode-context,jointly-eligible,2|4|6|7|8|9|10|11|14|16|17|18|20|21,monarch-legacy-of-monsters-201,CHN,downloaders,without-hosting,3877319,32756007,11.836970849346809,56.006185984165995
single-episode-context,jointly-eligible,2|4|6|7|8|9|10|11|14|16|17|18|20|21,monarch-legacy-of-monsters-201,CHN,uploaders,all,228008,1788032,12.751897057770778,59.8292554469413
single-episode-context,jointly-eligible,2|4|6|7|8|9|10|11|14|16|17|18|20|21,monarch-legacy-of-monsters-201,CHN,uploaders,without-hosting,226466,1161129,19.503948312375282,59.98419196941715
single-episode-context,jointly-eligible,2|4|6|7|8|9|10|11|14|16|17|18|20|21,monarch-legacy-of-monsters-201,KOR,downloaders,all,5645218,39420643,14.32046149018929,55.93286797530038
single-episode-context,jointly-eligible,2|4|6|7|8|9|10|11|14|16|17|18|20|21,monarch-legacy-of-monsters-201,KOR,downloaders,without-hosting,5520187,32756007,16.852441752134197,56.006185984165995
single-episode-context,jointly-eligible,2|4|6|7|8|9|10|11|14|16|17|18|20|21,monarch-legacy-of-monsters-201,KOR,uploaders,all,7895,1788032,0.4415469074378982,59.8292554469413
single-episode-context,jointly-eligible,2|4|6|7|8|9|10|11|14|16|17|18|20|21,monarch-legacy-of-monsters-201,KOR,uploaders,without-hosting,7317,1161129,0.6301625400795261,59.98419196941715
single-episode-context,jointly-eligible,2|4|6|7|8|9|10|11|14|16|17|18|20|21,monarch-legacy-of-monsters-201,asia-28,downloaders,all,11524348,39420643,29.234297370542638,55.93286797530038
single-episode-context,jointly-eligible,2|4|6|7|8|9|10|11|14|16|17|18|20|21,monarch-legacy-of-monsters-201,asia-28,downloaders,without-hosting,10966844,32756007,33.48040559400296,56.006185984165995
single-episode-context,jointly-eligible,2|4|6|7|8|9|10|11|14|16|17|18|20|21,monarch-legacy-of-monsters-201,asia-28,uploaders,all,398136,1788032,22.266715584508553,59.8292554469413
single-episode-context,jointly-eligible,2|4|6|7|8|9|10|11|14|16|17|18|20|21,monarch-legacy-of-monsters-201,asia-28,uploaders,without-hosting,374212,1161129,32.22828815747432,59.98419196941715
single-episode-context,jointly-eligible,2|4|6|7|8|9|10|11|14|16|17|18|20|21,monarch-legacy-of-monsters-201,eur-27,downloaders,all,10510086,39420643,26.661376375824208,55.93286797530038
single-episode-context,jointly-eligible,2|4|6|7|8|9|10|11|14|16|17|18|20|21,monarch-legacy-of-monsters-201,eur-27,downloaders,without-hosting,7011590,32756007,21.40550891932585,56.006185984165995
single-episode-context,jointly-eligible,2|4|6|7|8|9|10|11|14|16|17|18|20|21,monarch-legacy-of-monsters-201,eur-27,uploaders,all,432542,1788032,24.19095407688453,59.8292554469413
single-episode-context,jointly-eligible,2|4|6|7|8|9|10|11|14|16|17|18|20|21,monarch-legacy-of-monsters-201,eur-27,uploaders,without-hosting,237237,1161129,20.431579953648562,59.98419196941715
single-episode-context,jointly-eligible,2|4|6|7|8|9|10|11|14|16|17|18|20|21,monarch-legacy-of-monsters-201,usa-can,downloaders,all,3742995,39420643,9.49501254964309,55.93286797530038
single-episode-context,jointly-eligible,2|4|6|7|8|9|10|11|14|16|17|18|20|21,monarch-legacy-of-monsters-201,usa-can,downloaders,without-hosting,2000381,32756007,6.106913458652027,56.006185984165995
single-episode-context,jointly-eligible,2|4|6|7|8|9|10|11|14|16|17|18|20|21,monarch-legacy-of-monsters-201,usa-can,uploaders,all,423417,1788032,23.680616454291645,59.8292554469413
single-episode-context,jointly-eligible,2|4|6|7|8|9|10|11|14|16|17|18|20|21,monarch-legacy-of-monsters-201,usa-can,uploaders,without-hosting,107877,1161129,9.29069896626473,59.98419196941715
single-episode-context,jointly-eligible,2|4|6|7|8|9|10|11|14|16|17|18|20|21,monarch-legacy-of-monsters-110,JPN,downloaders,all,184124,12912235,1.4259653731518982,70.63311931719934
single-episode-context,jointly-eligible,2|4|6|7|8|9|10|11|14|16|17|18|20|21,monarch-legacy-of-monsters-110,JPN,downloaders,without-hosting,165944,11029001,1.5046149692070931,70.66174923980483
single-episode-context,jointly-eligible,2|4|6|7|8|9|10|11|14|16|17|18|20|21,monarch-legacy-of-monsters-110,JPN,uploaders,all,1045,386772,0.2701850185639085,45.84964306290201
single-episode-context,jointly-eligible,2|4|6|7|8|9|10|11|14|16|17|18|20|21,monarch-legacy-of-monsters-110,JPN,uploaders,without-hosting,641,298367,0.21483609112267776,45.45048791559654
single-episode-context,jointly-eligible,2|4|6|7|8|9|10|11|14|16|17|18|20|21,monarch-legacy-of-monsters-110,USA,downloaders,all,908212,12912235,7.033731960423583,70.63311931719934
single-episode-context,jointly-eligible,2|4|6|7|8|9|10|11|14|16|17|18|20|21,monarch-legacy-of-monsters-110,USA,downloaders,without-hosting,506026,11029001,4.588139941233118,70.66174923980483
single-episode-context,jointly-eligible,2|4|6|7|8|9|10|11|14|16|17|18|20|21,monarch-legacy-of-monsters-110,USA,uploaders,all,41888,386772,10.830153165172247,45.84964306290201
single-episode-context,jointly-eligible,2|4|6|7|8|9|10|11|14|16|17|18|20|21,monarch-legacy-of-monsters-110,USA,uploaders,without-hosting,16040,298367,5.37592964369384,45.45048791559654
single-episode-context,jointly-eligible,2|4|6|7|8|9|10|11|14|16|17|18|20|21,monarch-legacy-of-monsters-110,CHN,downloaders,all,654077,12912235,5.0655599127494195,70.63311931719934
single-episode-context,jointly-eligible,2|4|6|7|8|9|10|11|14|16|17|18|20|21,monarch-legacy-of-monsters-110,CHN,downloaders,without-hosting,621243,11029001,5.632812980976246,70.66174923980483
single-episode-context,jointly-eligible,2|4|6|7|8|9|10|11|14|16|17|18|20|21,monarch-legacy-of-monsters-110,CHN,uploaders,all,11166,386772,2.8869721696503365,45.84964306290201
single-episode-context,jointly-eligible,2|4|6|7|8|9|10|11|14|16|17|18|20|21,monarch-legacy-of-monsters-110,CHN,uploaders,without-hosting,10593,298367,3.5503256057137684,45.45048791559654
single-episode-context,jointly-eligible,2|4|6|7|8|9|10|11|14|16|17|18|20|21,monarch-legacy-of-monsters-110,KOR,downloaders,all,1198869,12912235,9.28475202008018,70.63311931719934
single-episode-context,jointly-eligible,2|4|6|7|8|9|10|11|14|16|17|18|20|21,monarch-legacy-of-monsters-110,KOR,downloaders,without-hosting,1163680,11029001,10.551091617454745,70.66174923980483
single-episode-context,jointly-eligible,2|4|6|7|8|9|10|11|14|16|17|18|20|21,monarch-legacy-of-monsters-110,KOR,uploaders,all,2950,386772,0.7627232581469185,45.84964306290201
single-episode-context,jointly-eligible,2|4|6|7|8|9|10|11|14|16|17|18|20|21,monarch-legacy-of-monsters-110,KOR,uploaders,without-hosting,2794,298367,0.9364306374364457,45.45048791559654
single-episode-context,jointly-eligible,2|4|6|7|8|9|10|11|14|16|17|18|20|21,monarch-legacy-of-monsters-110,asia-28,downloaders,all,2494246,12912235,19.31691918556315,70.63311931719934
single-episode-context,jointly-eligible,2|4|6|7|8|9|10|11|14|16|17|18|20|21,monarch-legacy-of-monsters-110,asia-28,downloaders,without-hosting,2364702,11029001,21.440763311201078,70.66174923980483
single-episode-context,jointly-eligible,2|4|6|7|8|9|10|11|14|16|17|18|20|21,monarch-legacy-of-monsters-110,asia-28,uploaders,all,53092,386772,13.726950244588544,45.84964306290201
single-episode-context,jointly-eligible,2|4|6|7|8|9|10|11|14|16|17|18|20|21,monarch-legacy-of-monsters-110,asia-28,uploaders,without-hosting,49386,298367,16.55209858999152,45.45048791559654
single-episode-context,jointly-eligible,2|4|6|7|8|9|10|11|14|16|17|18|20|21,monarch-legacy-of-monsters-110,eur-27,downloaders,all,3125798,12912235,24.20803214935292,70.63311931719934
single-episode-context,jointly-eligible,2|4|6|7|8|9|10|11|14|16|17|18|20|21,monarch-legacy-of-monsters-110,eur-27,downloaders,without-hosting,2167202,11029001,19.650029952848858,70.66174923980483
single-episode-context,jointly-eligible,2|4|6|7|8|9|10|11|14|16|17|18|20|21,monarch-legacy-of-monsters-110,eur-27,uploaders,all,88800,386772,22.959262821507245,45.84964306290201
single-episode-context,jointly-eligible,2|4|6|7|8|9|10|11|14|16|17|18|20|21,monarch-legacy-of-monsters-110,eur-27,uploaders,without-hosting,63650,298367,21.332788143460906,45.45048791559654
single-episode-context,jointly-eligible,2|4|6|7|8|9|10|11|14|16|17|18|20|21,monarch-legacy-of-monsters-110,usa-can,downloaders,all,1259496,12912235,9.75428343737548,70.63311931719934
single-episode-context,jointly-eligible,2|4|6|7|8|9|10|11|14|16|17|18|20|21,monarch-legacy-of-monsters-110,usa-can,downloaders,without-hosting,731886,11029001,6.636013542840372,70.66174923980483
single-episode-context,jointly-eligible,2|4|6|7|8|9|10|11|14|16|17|18|20|21,monarch-legacy-of-monsters-110,usa-can,uploaders,all,80751,386772,20.878191802922654,45.84964306290201
single-episode-context,jointly-eligible,2|4|6|7|8|9|10|11|14|16|17|18|20|21,monarch-legacy-of-monsters-110,usa-can,uploaders,without-hosting,34986,298367,11.725827588171613,45.45048791559654
