key,index,dates,region,role,mode,numerator,world,share,eligible
godzilla-minus-one,1,2024-05-02-to-2024-05-08-partial,JPN,downloaders,all,20755,2006997,1.0341320888870287,False
godzilla-minus-one,1,2024-05-02-to-2024-05-08-partial,JPN,downloaders,without-hosting,15945,1680592,0.9487728133895675,False
godzilla-minus-one,1,2024-05-02-to-2024-05-08-partial,JPN,uploaders,all,5050,669913,0.7538292285714712,False
godzilla-minus-one,1,2024-05-02-to-2024-05-08-partial,JPN,uploaders,without-hosting,3668,565634,0.6484758695552247,False
godzilla-minus-one,1,2024-05-02-to-2024-05-08-partial,USA,downloaders,all,175861,2006997,8.762394761925403,False
godzilla-minus-one,1,2024-05-02-to-2024-05-08-partial,USA,downloaders,without-hosting,76881,1680592,4.57463798471015,False
godzilla-minus-one,1,2024-05-02-to-2024-05-08-partial,USA,uploaders,all,61191,669913,9.134171153567703,False
godzilla-minus-one,1,2024-05-02-to-2024-05-08-partial,USA,uploaders,without-hosting,25584,565634,4.523066152317576,False
godzilla-minus-one,1,2024-05-02-to-2024-05-08-partial,CHN,downloaders,all,80241,2006997,3.9980627773733595,False
godzilla-minus-one,1,2024-05-02-to-2024-05-08-partial,CHN,downloaders,without-hosting,78125,1680592,4.648659519978674,False
godzilla-minus-one,1,2024-05-02-to-2024-05-08-partial,CHN,uploaders,all,20339,669913,3.0360658772109215,False
godzilla-minus-one,1,2024-05-02-to-2024-05-08-partial,CHN,uploaders,without-hosting,20126,565634,3.558131229735129,False
godzilla-minus-one,1,2024-05-02-to-2024-05-08-partial,KOR,downloaders,all,78657,2006997,3.919138892584294,False
godzilla-minus-one,1,2024-05-02-to-2024-05-08-partial,KOR,downloaders,without-hosting,76501,1680592,4.552026904804974,False
godzilla-minus-one,1,2024-05-02-to-2024-05-08-partial,KOR,uploaders,all,10376,669913,1.5488578367638783,False
godzilla-minus-one,1,2024-05-02-to-2024-05-08-partial,KOR,uploaders,without-hosting,10122,565634,1.789496388123769,False
godzilla-minus-one,1,2024-05-02-to-2024-05-08-partial,asia-28,downloaders,all,616045,2006997,30.694864018232213,False
godzilla-minus-one,1,2024-05-02-to-2024-05-08-partial,asia-28,downloaders,without-hosting,587616,1680592,34.964821919894895,False
godzilla-minus-one,1,2024-05-02-to-2024-05-08-partial,asia-28,uploaders,all,201005,669913,30.004642393863083,False
godzilla-minus-one,1,2024-05-02-to-2024-05-08-partial,asia-28,uploaders,without-hosting,192442,565634,34.02235367746635,False
godzilla-minus-one,1,2024-05-02-to-2024-05-08-partial,eur-27,downloaders,all,328463,2006997,16.36589392012046,False
godzilla-minus-one,1,2024-05-02-to-2024-05-08-partial,eur-27,downloaders,without-hosting,218238,1680592,12.985781200910155,False
godzilla-minus-one,1,2024-05-02-to-2024-05-08-partial,eur-27,uploaders,all,103335,669913,15.425137293947124,False
godzilla-minus-one,1,2024-05-02-to-2024-05-08-partial,eur-27,uploaders,without-hosting,75396,565634,13.32946746482708,False
godzilla-minus-one,1,2024-05-02-to-2024-05-08-partial,usa-can,downloaders,all,234354,2006997,11.676848545364043,False
godzilla-minus-one,1,2024-05-02-to-2024-05-08-partial,usa-can,downloaders,without-hosting,110787,1680592,6.59214134067043,False
godzilla-minus-one,1,2024-05-02-to-2024-05-08-partial,usa-can,uploaders,all,86049,669913,12.844802235514164,False
godzilla-minus-one,1,2024-05-02-to-2024-05-08-partial,usa-can,uploaders,without-hosting,40652,565634,7.186979566291984,False
godzilla-minus-one,2,2024-05-09-to-2024-05-15-partial,JPN,downloaders,all,25913,2282575,1.135252948972104,False
godzilla-minus-one,2,2024-05-09-to-2024-05-15-partial,JPN,downloaders,without-hosting,21612,1945522,1.1108586795728859,False
godzilla-minus-one,2,2024-05-09-to-2024-05-15-partial,JPN,uploaders,all,2561,469681,0.5452637002561312,False
godzilla-minus-one,2,2024-05-09-to-2024-05-15-partial,JPN,uploaders,without-hosting,1789,401216,0.4458944807784336,False
godzilla-minus-one,2,2024-05-09-to-2024-05-15-partial,USA,downloaders,all,178159,2282575,7.805176171648248,False
godzilla-minus-one,2,2024-05-09-to-2024-05-15-partial,USA,downloaders,without-hosting,90224,1945522,4.6375214466862875,False
godzilla-minus-one,2,2024-05-09-to-2024-05-15-partial,USA,uploaders,all,40322,469681,8.584975760143587,False
godzilla-minus-one,2,2024-05-09-to-2024-05-15-partial,USA,uploaders,without-hosting,16902,401216,4.212693412027437,False
godzilla-minus-one,2,2024-05-09-to-2024-05-15-partial,CHN,downloaders,all,102795,2282575,4.503466479743272,False
godzilla-minus-one,2,2024-05-09-to-2024-05-15-partial,CHN,downloaders,without-hosting,98817,1945522,5.0792023940104505,False
godzilla-minus-one,2,2024-05-09-to-2024-05-15-partial,CHN,uploaders,all,19378,469681,4.125778986162949,False
godzilla-minus-one,2,2024-05-09-to-2024-05-15-partial,CHN,uploaders,without-hosting,19022,401216,4.741087095230499,False
godzilla-minus-one,2,2024-05-09-to-2024-05-15-partial,KOR,downloaders,all,124807,2282575,5.467815953473599,False
godzilla-minus-one,2,2024-05-09-to-2024-05-15-partial,KOR,downloaders,without-hosting,121170,1945522,6.228148538027327,False
godzilla-minus-one,2,2024-05-09-to-2024-05-15-partial,KOR,uploaders,all,3854,469681,0.8205569311937251,False
godzilla-minus-one,2,2024-05-09-to-2024-05-15-partial,KOR,uploaders,without-hosting,3733,401216,0.9304215185835062,False
godzilla-minus-one,2,2024-05-09-to-2024-05-15-partial,asia-28,downloaders,all,538164,2282575,23.577056613692868,False
godzilla-minus-one,2,2024-05-09-to-2024-05-15-partial,asia-28,downloaders,without-hosting,510168,1945522,26.22267956877383,False
godzilla-minus-one,2,2024-05-09-to-2024-05-15-partial,asia-28,uploaders,all,128164,469681,27.28745680578946,False
godzilla-minus-one,2,2024-05-09-to-2024-05-15-partial,asia-28,uploaders,without-hosting,122504,401216,30.5331791354283,False
godzilla-minus-one,2,2024-05-09-to-2024-05-15-partial,eur-27,downloaders,all,459137,2282575,20.114870267132513,False
godzilla-minus-one,2,2024-05-09-to-2024-05-15-partial,eur-27,downloaders,without-hosting,321346,1945522,16.51721234712329,False
godzilla-minus-one,2,2024-05-09-to-2024-05-15-partial,eur-27,uploaders,all,73637,469681,15.678087893698063,False
godzilla-minus-one,2,2024-05-09-to-2024-05-15-partial,eur-27,uploaders,without-hosting,55164,401216,13.749202424629127,False
godzilla-minus-one,2,2024-05-09-to-2024-05-15-partial,usa-can,downloaders,all,233879,2282575,10.246278873640515,False
godzilla-minus-one,2,2024-05-09-to-2024-05-15-partial,usa-can,downloaders,without-hosting,125213,1945522,6.43595908964278,False
godzilla-minus-one,2,2024-05-09-to-2024-05-15-partial,usa-can,uploaders,all,55438,469681,11.803330345489812,False
godzilla-minus-one,2,2024-05-09-to-2024-05-15-partial,usa-can,uploaders,without-hosting,25863,401216,6.446153692773967,False
godzilla-minus-one,3,2024-05-16-to-2024-05-22,JPN,downloaders,all,31830,2319683,1.372170249124557,True
godzilla-minus-one,3,2024-05-16-to-2024-05-22,JPN,downloaders,without-hosting,27221,1944225,1.4000951535959059,True
godzilla-minus-one,3,2024-05-16-to-2024-05-22,JPN,uploaders,all,1979,348461,0.5679258224019331,True
godzilla-minus-one,3,2024-05-16-to-2024-05-22,JPN,uploaders,without-hosting,1234,285418,0.43234834523400767,True
godzilla-minus-one,3,2024-05-16-to-2024-05-22,USA,downloaders,all,191459,2319683,8.253670867959114,True
godzilla-minus-one,3,2024-05-16-to-2024-05-22,USA,downloaders,without-hosting,90381,1944225,4.6486903521968905,True
godzilla-minus-one,3,2024-05-16-to-2024-05-22,USA,uploaders,all,38380,348461,11.014145054970284,True
godzilla-minus-one,3,2024-05-16-to-2024-05-22,USA,uploaders,without-hosting,12911,285418,4.523540911925667,True
godzilla-minus-one,3,2024-05-16-to-2024-05-22,CHN,downloaders,all,104723,2319683,4.5145392710986805,True
godzilla-minus-one,3,2024-05-16-to-2024-05-22,CHN,downloaders,without-hosting,99924,1944225,5.139528603942445,True
godzilla-minus-one,3,2024-05-16-to-2024-05-22,CHN,uploaders,all,10392,348461,2.9822562639721517,True
godzilla-minus-one,3,2024-05-16-to-2024-05-22,CHN,uploaders,without-hosting,10026,285418,3.5127427141946197,True
godzilla-minus-one,3,2024-05-16-to-2024-05-22,KOR,downloaders,all,171401,2319683,7.3889837533835445,True
godzilla-minus-one,3,2024-05-16-to-2024-05-22,KOR,downloaders,without-hosting,166629,1944225,8.570458666049454,True
godzilla-minus-one,3,2024-05-16-to-2024-05-22,KOR,uploaders,all,2173,348461,0.6235991976146541,True
godzilla-minus-one,3,2024-05-16-to-2024-05-22,KOR,uploaders,without-hosting,2081,285418,0.7291060830080793,True
godzilla-minus-one,3,2024-05-16-to-2024-05-22,asia-28,downloaders,all,542867,2319683,23.40263734311973,True
godzilla-minus-one,3,2024-05-16-to-2024-05-22,asia-28,downloaders,without-hosting,514670,1944225,26.471730381000143,True
godzilla-minus-one,3,2024-05-16-to-2024-05-22,asia-28,uploaders,all,95762,348461,27.48141111917833,True
godzilla-minus-one,3,2024-05-16-to-2024-05-22,asia-28,uploaders,without-hosting,91025,285418,31.89182181922654,True
godzilla-minus-one,3,2024-05-16-to-2024-05-22,eur-27,downloaders,all,485875,2319683,20.94574991496683,True
godzilla-minus-one,3,2024-05-16-to-2024-05-22,eur-27,downloaders,without-hosting,321924,1944225,16.557960112641283,True
godzilla-minus-one,3,2024-05-16-to-2024-05-22,eur-27,uploaders,all,58207,348461,16.704021396942554,True
godzilla-minus-one,3,2024-05-16-to-2024-05-22,eur-27,uploaders,without-hosting,42427,285418,14.864864864864865,True
godzilla-minus-one,3,2024-05-16-to-2024-05-22,usa-can,downloaders,all,251660,2319683,10.848896163829282,True
godzilla-minus-one,3,2024-05-16-to-2024-05-22,usa-can,downloaders,without-hosting,128193,1944225,6.593526983759595,True
godzilla-minus-one,3,2024-05-16-to-2024-05-22,usa-can,uploaders,all,51495,348461,14.777837405046762,True
godzilla-minus-one,3,2024-05-16-to-2024-05-22,usa-can,uploaders,without-hosting,20396,285418,7.146010412798072,True
godzilla-minus-one,4,2024-05-23-to-2024-05-29-partial,JPN,downloaders,all,37623,2324450,1.618576437436813,False
godzilla-minus-one,4,2024-05-23-to-2024-05-29-partial,JPN,downloaders,without-hosting,32878,1936466,1.6978351285279474,False
godzilla-minus-one,4,2024-05-23-to-2024-05-29-partial,JPN,uploaders,all,1558,261224,0.5964229932931124,False
godzilla-minus-one,4,2024-05-23-to-2024-05-29-partial,JPN,uploaders,without-hosting,1025,211415,0.4848284180403472,False
godzilla-minus-one,4,2024-05-23-to-2024-05-29-partial,USA,downloaders,all,188869,2324450,8.125319968164511,False
godzilla-minus-one,4,2024-05-23-to-2024-05-29-partial,USA,downloaders,without-hosting,98969,1936466,5.110804940546336,False
godzilla-minus-one,4,2024-05-23-to-2024-05-29-partial,USA,uploaders,all,30422,261224,11.645943711144458,False
godzilla-minus-one,4,2024-05-23-to-2024-05-29-partial,USA,uploaders,without-hosting,10512,211415,4.972211054087931,False
godzilla-minus-one,4,2024-05-23-to-2024-05-29-partial,CHN,downloaders,all,128729,2324450,5.538041257071566,False
godzilla-minus-one,4,2024-05-23-to-2024-05-29-partial,CHN,downloaders,without-hosting,122294,1936466,6.315318730099056,False
godzilla-minus-one,4,2024-05-23-to-2024-05-29-partial,CHN,uploaders,all,7174,261224,2.7463020243162957,False
godzilla-minus-one,4,2024-05-23-to-2024-05-29-partial,CHN,uploaders,without-hosting,6776,211415,3.2050705957477,False
godzilla-minus-one,4,2024-05-23-to-2024-05-29-partial,KOR,downloaders,all,223969,2324450,9.635354600012906,False
godzilla-minus-one,4,2024-05-23-to-2024-05-29-partial,KOR,downloaders,without-hosting,217083,1936466,11.210266537083532,False
godzilla-minus-one,4,2024-05-23-to-2024-05-29-partial,KOR,uploaders,all,1916,261224,0.7334701252564848,False
godzilla-minus-one,4,2024-05-23-to-2024-05-29-partial,KOR,uploaders,without-hosting,1816,211415,0.8589740557670932,False
godzilla-minus-one,4,2024-05-23-to-2024-05-29-partial,asia-28,downloaders,all,589246,2324450,25.34991073157091,False
godzilla-minus-one,4,2024-05-23-to-2024-05-29-partial,asia-28,downloaders,without-hosting,557547,1936466,28.79198498708472,False
godzilla-minus-one,4,2024-05-23-to-2024-05-29-partial,asia-28,uploaders,all,72926,261224,27.91703671944385,False
godzilla-minus-one,4,2024-05-23-to-2024-05-29-partial,asia-28,uploaders,without-hosting,69060,211415,32.665610292552564,False
godzilla-minus-one,4,2024-05-23-to-2024-05-29-partial,eur-27,downloaders,all,443779,2324450,19.091785153477165,False
godzilla-minus-one,4,2024-05-23-to-2024-05-29-partial,eur-27,downloaders,without-hosting,259654,1936466,13.40865266934715,False
godzilla-minus-one,4,2024-05-23-to-2024-05-29-partial,eur-27,uploaders,all,42703,261224,16.347272838636574,False
godzilla-minus-one,4,2024-05-23-to-2024-05-29-partial,eur-27,uploaders,without-hosting,30237,211415,14.302201830522906,False
godzilla-minus-one,4,2024-05-23-to-2024-05-29-partial,usa-can,downloaders,all,249502,2324450,10.733807997590828,False
godzilla-minus-one,4,2024-05-23-to-2024-05-29-partial,usa-can,downloaders,without-hosting,138155,1936466,7.1343881069949076,False
godzilla-minus-one,4,2024-05-23-to-2024-05-29-partial,usa-can,uploaders,all,40998,261224,15.694576302330567,False
godzilla-minus-one,4,2024-05-23-to-2024-05-29-partial,usa-can,uploaders,without-hosting,16216,211415,7.670222075065629,False
godzilla-minus-one,5,2024-05-30-to-2024-06-05-partial,JPN,downloaders,all,38045,2615417,1.4546437527935316,False
godzilla-minus-one,5,2024-05-30-to-2024-06-05-partial,JPN,downloaders,without-hosting,32899,2184035,1.5063403287950972,False
godzilla-minus-one,5,2024-05-30-to-2024-06-05-partial,JPN,uploaders,all,1599,327091,0.48885478353118855,False
godzilla-minus-one,5,2024-05-30-to-2024-06-05-partial,JPN,uploaders,without-hosting,1032,264605,0.3900153058332231,False
godzilla-minus-one,5,2024-05-30-to-2024-06-05-partial,USA,downloaders,all,218514,2615417,8.354843606201229,False
godzilla-minus-one,5,2024-05-30-to-2024-06-05-partial,USA,downloaders,without-hosting,116240,2184035,5.322259029731667,False
godzilla-minus-one,5,2024-05-30-to-2024-06-05-partial,USA,uploaders,all,40772,327091,12.465032666750231,False
godzilla-minus-one,5,2024-05-30-to-2024-06-05-partial,USA,uploaders,without-hosting,15157,264605,5.728160843521476,False
godzilla-minus-one,5,2024-05-30-to-2024-06-05-partial,CHN,downloaders,all,133547,2615417,5.106145597432455,False
godzilla-minus-one,5,2024-05-30-to-2024-06-05-partial,CHN,downloaders,without-hosting,126577,2184035,5.795557305629259,False
godzilla-minus-one,5,2024-05-30-to-2024-06-05-partial,CHN,uploaders,all,6550,327091,2.0025008331014917,False
godzilla-minus-one,5,2024-05-30-to-2024-06-05-partial,CHN,uploaders,without-hosting,6090,264605,2.30154381058559,False
godzilla-minus-one,5,2024-05-30-to-2024-06-05-partial,KOR,downloaders,all,231057,2615417,8.83442296199803,False
godzilla-minus-one,5,2024-05-30-to-2024-06-05-partial,KOR,downloaders,without-hosting,223653,2184035,10.240357869722784,False
godzilla-minus-one,5,2024-05-30-to-2024-06-05-partial,KOR,uploaders,all,2054,327091,0.6279598032351853,False
godzilla-minus-one,5,2024-05-30-to-2024-06-05-partial,KOR,uploaders,without-hosting,1928,264605,0.7286332457814478,False
godzilla-minus-one,5,2024-05-30-to-2024-06-05-partial,asia-28,downloaders,all,717197,2615417,27.42189868766625,False
godzilla-minus-one,5,2024-05-30-to-2024-06-05-partial,asia-28,downloaders,without-hosting,682292,2184035,31.239975549842377,False
godzilla-minus-one,5,2024-05-30-to-2024-06-05-partial,asia-28,uploaders,all,96778,327091,29.587484828381093,False
godzilla-minus-one,5,2024-05-30-to-2024-06-05-partial,asia-28,uploaders,without-hosting,92367,264605,34.9075036374974,False
godzilla-minus-one,5,2024-05-30-to-2024-06-05-partial,eur-27,downloaders,all,500693,2615417,19.14390707103303,False
godzilla-minus-one,5,2024-05-30-to-2024-06-05-partial,eur-27,downloaders,without-hosting,297381,2184035,13.616127946667522,False
godzilla-minus-one,5,2024-05-30-to-2024-06-05-partial,eur-27,uploaders,all,52463,327091,16.03926735984787,False
godzilla-minus-one,5,2024-05-30-to-2024-06-05-partial,eur-27,uploaders,without-hosting,36726,264605,13.879556319797434,False
godzilla-minus-one,5,2024-05-30-to-2024-06-05-partial,usa-can,downloaders,all,290543,2615417,11.108859505004364,False
godzilla-minus-one,5,2024-05-30-to-2024-06-05-partial,usa-can,downloaders,without-hosting,162103,2184035,7.422179589612804,False
godzilla-minus-one,5,2024-05-30-to-2024-06-05-partial,usa-can,uploaders,all,55355,327091,16.923424979592834,False
godzilla-minus-one,5,2024-05-30-to-2024-06-05-partial,usa-can,uploaders,without-hosting,23194,264605,8.765518414240093,False
godzilla-minus-one,6,2024-06-06-to-2024-06-12,JPN,downloaders,all,40138,2689284,1.49251622364912,True
godzilla-minus-one,6,2024-06-06-to-2024-06-12,JPN,downloaders,without-hosting,34454,2251889,1.5300043652240407,True
godzilla-minus-one,6,2024-06-06-to-2024-06-12,JPN,uploaders,all,1588,279955,0.5672340197531747,True
godzilla-minus-one,6,2024-06-06-to-2024-06-12,JPN,uploaders,without-hosting,965,223407,0.4319470741740411,True
godzilla-minus-one,6,2024-06-06-to-2024-06-12,USA,downloaders,all,222765,2689284,8.283431575095825,True
godzilla-minus-one,6,2024-06-06-to-2024-06-12,USA,downloaders,without-hosting,120542,2251889,5.3529281416623995,True
godzilla-minus-one,6,2024-06-06-to-2024-06-12,USA,uploaders,all,34287,279955,12.247325463020843,True
godzilla-minus-one,6,2024-06-06-to-2024-06-12,USA,uploaders,without-hosting,11094,223407,4.965824705582189,True
godzilla-minus-one,6,2024-06-06-to-2024-06-12,CHN,downloaders,all,132737,2689284,4.935774726655868,True
godzilla-minus-one,6,2024-06-06-to-2024-06-12,CHN,downloaders,without-hosting,125972,2251889,5.594059032216952,True
godzilla-minus-one,6,2024-06-06-to-2024-06-12,CHN,uploaders,all,6134,279955,2.1910664213891518,True
godzilla-minus-one,6,2024-06-06-to-2024-06-12,CHN,uploaders,without-hosting,5675,223407,2.5402068869820553,True
godzilla-minus-one,6,2024-06-06-to-2024-06-12,KOR,downloaders,all,235819,2689284,8.7688395870425,True
godzilla-minus-one,6,2024-06-06-to-2024-06-12,KOR,downloaders,without-hosting,228780,2251889,10.159470560049806,True
godzilla-minus-one,6,2024-06-06-to-2024-06-12,KOR,uploaders,all,1671,279955,0.5968816416924149,True
godzilla-minus-one,6,2024-06-06-to-2024-06-12,KOR,uploaders,without-hosting,1555,223407,0.6960390677105015,True
godzilla-minus-one,6,2024-06-06-to-2024-06-12,asia-28,downloaders,all,705147,2689284,26.220622292030146,True
godzilla-minus-one,6,2024-06-06-to-2024-06-12,asia-28,downloaders,without-hosting,670276,2251889,29.765055027134995,True
godzilla-minus-one,6,2024-06-06-to-2024-06-12,asia-28,uploaders,all,80881,279955,28.89071457912879,True
godzilla-minus-one,6,2024-06-06-to-2024-06-12,asia-28,uploaders,without-hosting,76796,223407,34.374930060383065,True
godzilla-minus-one,6,2024-06-06-to-2024-06-12,eur-27,downloaders,all,511008,2689284,19.00163761060565,True
godzilla-minus-one,6,2024-06-06-to-2024-06-12,eur-27,downloaders,without-hosting,302689,2251889,13.441559508483767,True
godzilla-minus-one,6,2024-06-06-to-2024-06-12,eur-27,uploaders,all,45506,279955,16.25475522851887,True
godzilla-minus-one,6,2024-06-06-to-2024-06-12,eur-27,uploaders,without-hosting,31409,223407,14.059093940655396,True
godzilla-minus-one,6,2024-06-06-to-2024-06-12,usa-can,downloaders,all,295127,2689284,10.97418495034366,True
godzilla-minus-one,6,2024-06-06-to-2024-06-12,usa-can,downloaders,without-hosting,166123,2251889,7.377051000293531,True
godzilla-minus-one,6,2024-06-06-to-2024-06-12,usa-can,uploaders,all,46960,279955,16.774124412852064,True
godzilla-minus-one,6,2024-06-06-to-2024-06-12,usa-can,uploaders,without-hosting,17499,223407,7.832789482872068,True
godzilla-minus-one,7,2024-06-13-to-2024-06-19,JPN,downloaders,all,30029,2424787,1.2384180548642005,True
godzilla-minus-one,7,2024-06-13-to-2024-06-19,JPN,downloaders,without-hosting,25618,2053331,1.2476312878926972,True
godzilla-minus-one,7,2024-06-13-to-2024-06-19,JPN,uploaders,all,1294,233845,0.5533579935427313,True
godzilla-minus-one,7,2024-06-13-to-2024-06-19,JPN,uploaders,without-hosting,801,185920,0.4308304647160069,True
godzilla-minus-one,7,2024-06-13-to-2024-06-19,USA,downloaders,all,184625,2424787,7.614070844160745,True
godzilla-minus-one,7,2024-06-13-to-2024-06-19,USA,downloaders,without-hosting,99006,2053331,4.821726258455164,True
godzilla-minus-one,7,2024-06-13-to-2024-06-19,USA,uploaders,all,27787,233845,11.882657315743334,True
godzilla-minus-one,7,2024-06-13-to-2024-06-19,USA,uploaders,without-hosting,8628,185920,4.6407056798623065,True
godzilla-minus-one,7,2024-06-13-to-2024-06-19,CHN,downloaders,all,95957,2424787,3.957337283645945,True
godzilla-minus-one,7,2024-06-13-to-2024-06-19,CHN,downloaders,without-hosting,90694,2053331,4.416920603643543,True
godzilla-minus-one,7,2024-06-13-to-2024-06-19,CHN,uploaders,all,5088,233845,2.175800209540508,True
godzilla-minus-one,7,2024-06-13-to-2024-06-19,CHN,uploaders,without-hosting,4458,185920,2.3978055077452667,True
godzilla-minus-one,7,2024-06-13-to-2024-06-19,KOR,downloaders,all,172040,2424787,7.0950561843163955,True
godzilla-minus-one,7,2024-06-13-to-2024-06-19,KOR,downloaders,without-hosting,166980,2053331,8.132152098224786,True
godzilla-minus-one,7,2024-06-13-to-2024-06-19,KOR,uploaders,all,1248,233845,0.5336868438495584,True
godzilla-minus-one,7,2024-06-13-to-2024-06-19,KOR,uploaders,without-hosting,1156,185920,0.6217728055077453,True
godzilla-minus-one,7,2024-06-13-to-2024-06-19,asia-28,downloaders,all,526486,2424787,21.712670020088364,True
godzilla-minus-one,7,2024-06-13-to-2024-06-19,asia-28,downloaders,without-hosting,499506,2053331,24.326618552975628,True
godzilla-minus-one,7,2024-06-13-to-2024-06-19,asia-28,uploaders,all,64158,233845,27.436122217708313,True
godzilla-minus-one,7,2024-06-13-to-2024-06-19,asia-28,uploaders,without-hosting,60451,185920,32.514522375215144,True
godzilla-minus-one,7,2024-06-13-to-2024-06-19,eur-27,downloaders,all,531826,2424787,21.93289554917607,True
godzilla-minus-one,7,2024-06-13-to-2024-06-19,eur-27,downloaders,without-hosting,350177,2053331,17.05409405497701,True
godzilla-minus-one,7,2024-06-13-to-2024-06-19,eur-27,uploaders,all,41265,233845,17.646304175842975,True
godzilla-minus-one,7,2024-06-13-to-2024-06-19,eur-27,uploaders,without-hosting,28988,185920,15.591652323580034,True
godzilla-minus-one,7,2024-06-13-to-2024-06-19,usa-can,downloaders,all,244955,2424787,10.102124434022452,True
godzilla-minus-one,7,2024-06-13-to-2024-06-19,usa-can,downloaders,without-hosting,137384,2053331,6.690786823946066,True
godzilla-minus-one,7,2024-06-13-to-2024-06-19,usa-can,uploaders,all,38931,233845,16.648207145758942,True
godzilla-minus-one,7,2024-06-13-to-2024-06-19,usa-can,uploaders,without-hosting,14196,185920,7.635542168674699,True
godzilla-minus-one,8,2024-06-20-to-2024-06-26,JPN,downloaders,all,22310,2183356,1.0218214528459857,True
godzilla-minus-one,8,2024-06-20-to-2024-06-26,JPN,downloaders,without-hosting,18701,1870792,0.9996301031862441,True
godzilla-minus-one,8,2024-06-20-to-2024-06-26,JPN,uploaders,all,1128,202544,0.5569160281222846,True
godzilla-minus-one,8,2024-06-20-to-2024-06-26,JPN,uploaders,without-hosting,642,158729,0.40446295257955384,True
godzilla-minus-one,8,2024-06-20-to-2024-06-26,USA,downloaders,all,143692,2183356,6.581244652727269,True
godzilla-minus-one,8,2024-06-20-to-2024-06-26,USA,downloaders,without-hosting,70583,1870792,3.7728940470132435,True
godzilla-minus-one,8,2024-06-20-to-2024-06-26,USA,uploaders,all,24784,202544,12.236353582431471,True
godzilla-minus-one,8,2024-06-20-to-2024-06-26,USA,uploaders,without-hosting,7279,158729,4.585803476365378,True
godzilla-minus-one,8,2024-06-20-to-2024-06-26,CHN,downloaders,all,70978,2183356,3.250867013899703,True
godzilla-minus-one,8,2024-06-20-to-2024-06-26,CHN,downloaders,without-hosting,67065,1870792,3.58484534892174,True
godzilla-minus-one,8,2024-06-20-to-2024-06-26,CHN,uploaders,all,5008,202544,2.4725491745003554,True
godzilla-minus-one,8,2024-06-20-to-2024-06-26,CHN,uploaders,without-hosting,4473,158729,2.818010571477172,True
godzilla-minus-one,8,2024-06-20-to-2024-06-26,KOR,downloaders,all,122589,2183356,5.614705068710737,True
godzilla-minus-one,8,2024-06-20-to-2024-06-26,KOR,downloaders,without-hosting,118844,1870792,6.35260360317983,True
godzilla-minus-one,8,2024-06-20-to-2024-06-26,KOR,uploaders,all,956,202544,0.4719962082312979,True
godzilla-minus-one,8,2024-06-20-to-2024-06-26,KOR,uploaders,without-hosting,880,158729,0.5544040471495442,True
godzilla-minus-one,8,2024-06-20-to-2024-06-26,asia-28,downloaders,all,393174,2183356,18.007782514624274,True
godzilla-minus-one,8,2024-06-20-to-2024-06-26,asia-28,downloaders,without-hosting,371710,1870792,19.8691249481503,True
godzilla-minus-one,8,2024-06-20-to-2024-06-26,asia-28,uploaders,all,54623,202544,26.968461173868395,True
godzilla-minus-one,8,2024-06-20-to-2024-06-26,asia-28,uploaders,without-hosting,51232,158729,32.27639561768801,True
godzilla-minus-one,8,2024-06-20-to-2024-06-26,eur-27,downloaders,all,359303,2183356,16.456455108557652,True
godzilla-minus-one,8,2024-06-20-to-2024-06-26,eur-27,downloaders,without-hosting,219210,1870792,11.717497188356589,True
godzilla-minus-one,8,2024-06-20-to-2024-06-26,eur-27,uploaders,all,35296,202544,17.4263369934434,True
godzilla-minus-one,8,2024-06-20-to-2024-06-26,eur-27,uploaders,without-hosting,23989,158729,15.113180326216382,True
godzilla-minus-one,8,2024-06-20-to-2024-06-26,usa-can,downloaders,all,192108,2183356,8.798748348872103,True
godzilla-minus-one,8,2024-06-20-to-2024-06-26,usa-can,downloaders,without-hosting,100693,1870792,5.382372813225628,True
godzilla-minus-one,8,2024-06-20-to-2024-06-26,usa-can,uploaders,all,34911,202544,17.236254838454855,True
godzilla-minus-one,8,2024-06-20-to-2024-06-26,usa-can,uploaders,without-hosting,12279,158729,7.735826471533242,True
godzilla-minus-one,9,2024-06-27-to-2024-07-03,JPN,downloaders,all,31609,2176024,1.452603463932383,True
godzilla-minus-one,9,2024-06-27-to-2024-07-03,JPN,downloaders,without-hosting,27476,1824856,1.5056530487885071,True
godzilla-minus-one,9,2024-06-27-to-2024-07-03,JPN,uploaders,all,959,169941,0.564313497037207,True
godzilla-minus-one,9,2024-06-27-to-2024-07-03,JPN,uploaders,without-hosting,562,130609,0.430291940065386,True
godzilla-minus-one,9,2024-06-27-to-2024-07-03,USA,downloaders,all,168618,2176024,7.748903504740756,True
godzilla-minus-one,9,2024-06-27-to-2024-07-03,USA,downloaders,without-hosting,87419,1824856,4.79046017877575,True
godzilla-minus-one,9,2024-06-27-to-2024-07-03,USA,uploaders,all,22560,169941,13.275195509029604,True
godzilla-minus-one,9,2024-06-27-to-2024-07-03,USA,uploaders,without-hosting,6205,130609,4.750821153213026,True
godzilla-minus-one,9,2024-06-27-to-2024-07-03,CHN,downloaders,all,103841,2176024,4.772052146483679,True
godzilla-minus-one,9,2024-06-27-to-2024-07-03,CHN,downloaders,without-hosting,98128,1824856,5.377301003476439,True
godzilla-minus-one,9,2024-06-27-to-2024-07-03,CHN,uploaders,all,3946,169941,2.3219823350456923,True
godzilla-minus-one,9,2024-06-27-to-2024-07-03,CHN,uploaders,without-hosting,3600,130609,2.75631847728717,True
godzilla-minus-one,9,2024-06-27-to-2024-07-03,KOR,downloaders,all,194893,2176024,8.95638099579784,True
godzilla-minus-one,9,2024-06-27-to-2024-07-03,KOR,downloaders,without-hosting,189384,1824856,10.378024348222544,True
godzilla-minus-one,9,2024-06-27-to-2024-07-03,KOR,uploaders,all,707,169941,0.41602673869166357,True
godzilla-minus-one,9,2024-06-27-to-2024-07-03,KOR,uploaders,without-hosting,662,130609,0.5068563422122518,True
godzilla-minus-one,9,2024-06-27-to-2024-07-03,asia-28,downloaders,all,501030,2176024,23.025021782847983,True
godzilla-minus-one,9,2024-06-27-to-2024-07-03,asia-28,downloaders,without-hosting,474889,1824856,26.023368419206776,True
godzilla-minus-one,9,2024-06-27-to-2024-07-03,asia-28,uploaders,all,44815,169941,26.37091696529972,True
godzilla-minus-one,9,2024-06-27-to-2024-07-03,asia-28,uploaders,without-hosting,42020,130609,32.17236178211302,True
godzilla-minus-one,9,2024-06-27-to-2024-07-03,eur-27,downloaders,all,414483,2176024,19.047721900126103,True
godzilla-minus-one,9,2024-06-27-to-2024-07-03,eur-27,downloaders,without-hosting,243187,1824856,13.326366573581696,True
godzilla-minus-one,9,2024-06-27-to-2024-07-03,eur-27,uploaders,all,29664,169941,17.455469839532544,True
godzilla-minus-one,9,2024-06-27-to-2024-07-03,eur-27,uploaders,without-hosting,19652,130609,15.046436309902074,True
godzilla-minus-one,9,2024-06-27-to-2024-07-03,usa-can,downloaders,all,224338,2176024,10.309537027165142,True
godzilla-minus-one,9,2024-06-27-to-2024-07-03,usa-can,downloaders,without-hosting,123331,1824856,6.758396278939269,True
godzilla-minus-one,9,2024-06-27-to-2024-07-03,usa-can,uploaders,all,31554,169941,18.56762052712412,True
godzilla-minus-one,9,2024-06-27-to-2024-07-03,usa-can,uploaders,without-hosting,10573,130609,8.095154238988124,True
godzilla-minus-one,10,2024-07-04-to-2024-07-10,JPN,downloaders,all,33169,2020393,1.641710300916703,False
godzilla-minus-one,10,2024-07-04-to-2024-07-10,JPN,downloaders,without-hosting,29173,1678555,1.7379829674928733,False
godzilla-minus-one,10,2024-07-04-to-2024-07-10,JPN,uploaders,all,988,139692,0.7072702803310139,False
godzilla-minus-one,10,2024-07-04-to-2024-07-10,JPN,uploaders,without-hosting,635,105693,0.6007966468924149,False
godzilla-minus-one,10,2024-07-04-to-2024-07-10,USA,downloaders,all,167498,2020393,8.290367270130119,False
godzilla-minus-one,10,2024-07-04-to-2024-07-10,USA,downloaders,without-hosting,91562,1678555,5.4548108343188035,False
godzilla-minus-one,10,2024-07-04-to-2024-07-10,USA,uploaders,all,19682,139692,14.089568479225726,False
godzilla-minus-one,10,2024-07-04-to-2024-07-10,USA,uploaders,without-hosting,5692,105693,5.385408683640355,False
godzilla-minus-one,10,2024-07-04-to-2024-07-10,CHN,downloaders,all,109229,2020393,5.406324413121606,False
godzilla-minus-one,10,2024-07-04-to-2024-07-10,CHN,downloaders,without-hosting,103296,1678555,6.153864484631126,False
godzilla-minus-one,10,2024-07-04-to-2024-07-10,CHN,uploaders,all,3796,139692,2.7174068665349482,False
godzilla-minus-one,10,2024-07-04-to-2024-07-10,CHN,uploaders,without-hosting,3578,105693,3.385276224537103,False
godzilla-minus-one,10,2024-07-04-to-2024-07-10,KOR,downloaders,all,209021,2020393,10.345561482345266,False
godzilla-minus-one,10,2024-07-04-to-2024-07-10,KOR,downloaders,without-hosting,203343,1678555,12.114169628043168,False
godzilla-minus-one,10,2024-07-04-to-2024-07-10,KOR,uploaders,all,713,139692,0.5104086132348309,False
godzilla-minus-one,10,2024-07-04-to-2024-07-10,KOR,uploaders,without-hosting,686,105693,0.6490496059341678,False
godzilla-minus-one,10,2024-07-04-to-2024-07-10,asia-28,downloaders,all,497556,2020393,24.626693915490698,False
godzilla-minus-one,10,2024-07-04-to-2024-07-10,asia-28,downloaders,without-hosting,471776,1678555,28.10607933609563,False
godzilla-minus-one,10,2024-07-04-to-2024-07-10,asia-28,uploaders,all,35759,139692,25.598459467972397,False
godzilla-minus-one,10,2024-07-04-to-2024-07-10,asia-28,uploaders,without-hosting,33690,105693,31.875337061110955,False
godzilla-minus-one,10,2024-07-04-to-2024-07-10,eur-27,downloaders,all,435706,2020393,21.565408314125023,False
godzilla-minus-one,10,2024-07-04-to-2024-07-10,eur-27,downloaders,without-hosting,261534,1678555,15.580901430099104,False
godzilla-minus-one,10,2024-07-04-to-2024-07-10,eur-27,uploaders,all,24658,139692,17.651690862755203,False
godzilla-minus-one,10,2024-07-04-to-2024-07-10,eur-27,uploaders,without-hosting,15638,105693,14.795681833233989,False
godzilla-minus-one,10,2024-07-04-to-2024-07-10,usa-can,downloaders,all,224823,2020393,11.127686544152548,False
godzilla-minus-one,10,2024-07-04-to-2024-07-10,usa-can,downloaders,without-hosting,128565,1678555,7.659266452395066,False
godzilla-minus-one,10,2024-07-04-to-2024-07-10,usa-can,uploaders,all,27671,139692,19.808578873521746,False
godzilla-minus-one,10,2024-07-04-to-2024-07-10,usa-can,uploaders,without-hosting,9486,105693,8.975050381766058,False
godzilla-minus-one,11,2024-07-11-to-2024-07-17-partial,JPN,downloaders,all,27373,2151340,1.2723697788355164,False
godzilla-minus-one,11,2024-07-11-to-2024-07-17-partial,JPN,downloaders,without-hosting,23976,1835429,1.3062886115453118,False
godzilla-minus-one,11,2024-07-11-to-2024-07-17-partial,JPN,uploaders,all,1016,141032,0.7204038799705031,False
godzilla-minus-one,11,2024-07-11-to-2024-07-17-partial,JPN,uploaders,without-hosting,630,104118,0.6050826946349335,False
godzilla-minus-one,11,2024-07-11-to-2024-07-17-partial,USA,downloaders,all,161898,2151340,7.525449254883003,False
godzilla-minus-one,11,2024-07-11-to-2024-07-17-partial,USA,downloaders,without-hosting,89087,1835429,4.853742640004054,False
godzilla-minus-one,11,2024-07-11-to-2024-07-17-partial,USA,uploaders,all,20540,141032,14.564070565545409,False
godzilla-minus-one,11,2024-07-11-to-2024-07-17-partial,USA,uploaders,without-hosting,5349,104118,5.1374402120670775,False
godzilla-minus-one,11,2024-07-11-to-2024-07-17-partial,CHN,downloaders,all,95507,2151340,4.439419152714122,False
godzilla-minus-one,11,2024-07-11-to-2024-07-17-partial,CHN,downloaders,without-hosting,89913,1835429,4.898745742820888,False
godzilla-minus-one,11,2024-07-11-to-2024-07-17-partial,CHN,uploaders,all,5112,141032,3.6247092858358387,False
godzilla-minus-one,11,2024-07-11-to-2024-07-17-partial,CHN,uploaders,without-hosting,4649,104118,4.465126106917151,False
godzilla-minus-one,11,2024-07-11-to-2024-07-17-partial,KOR,downloaders,all,175835,2151340,8.17327804995956,False
godzilla-minus-one,11,2024-07-11-to-2024-07-17-partial,KOR,downloaders,without-hosting,170917,1835429,9.312100876688774,False
godzilla-minus-one,11,2024-07-11-to-2024-07-17-partial,KOR,uploaders,all,514,141032,0.3644562936071246,False
godzilla-minus-one,11,2024-07-11-to-2024-07-17-partial,KOR,uploaders,without-hosting,470,104118,0.4514108991720932,False
godzilla-minus-one,11,2024-07-11-to-2024-07-17-partial,asia-28,downloaders,all,438534,2151340,20.384225645411696,False
godzilla-minus-one,11,2024-07-11-to-2024-07-17-partial,asia-28,downloaders,without-hosting,414773,1835429,22.598150078265082,False
godzilla-minus-one,11,2024-07-11-to-2024-07-17-partial,asia-28,uploaders,all,37445,141032,26.550711895172725,False
godzilla-minus-one,11,2024-07-11-to-2024-07-17-partial,asia-28,uploaders,without-hosting,34965,104118,33.582089552238806,False
godzilla-minus-one,11,2024-07-11-to-2024-07-17-partial,eur-27,downloaders,all,517235,2151340,24.042457259196595,False
godzilla-minus-one,11,2024-07-11-to-2024-07-17-partial,eur-27,downloaders,without-hosting,359014,1835429,19.56022270542745,False
godzilla-minus-one,11,2024-07-11-to-2024-07-17-partial,eur-27,uploaders,all,25043,141032,17.756962958761132,False
godzilla-minus-one,11,2024-07-11-to-2024-07-17-partial,eur-27,uploaders,without-hosting,15448,104118,14.837011851937225,False
godzilla-minus-one,11,2024-07-11-to-2024-07-17-partial,usa-can,downloaders,all,216397,2151340,10.058707596195859,False
godzilla-minus-one,11,2024-07-11-to-2024-07-17-partial,usa-can,downloaders,without-hosting,124797,1835429,6.799336830789968,False
godzilla-minus-one,11,2024-07-11-to-2024-07-17-partial,usa-can,uploaders,all,29565,141032,20.963327471779454,False
godzilla-minus-one,11,2024-07-11-to-2024-07-17-partial,usa-can,uploaders,without-hosting,9586,104118,9.206861445667416,False
godzilla-minus-one,12,2024-07-18-to-2024-07-24,JPN,downloaders,all,38175,2344422,1.628333124326593,True
godzilla-minus-one,12,2024-07-18-to-2024-07-24,JPN,downloaders,without-hosting,34017,1955632,1.739437685617744,True
godzilla-minus-one,12,2024-07-18-to-2024-07-24,JPN,uploaders,all,837,127060,0.6587439005194397,True
godzilla-minus-one,12,2024-07-18-to-2024-07-24,JPN,uploaders,without-hosting,526,92384,0.5693626602009005,True
godzilla-minus-one,12,2024-07-18-to-2024-07-24,USA,downloaders,all,176170,2344422,7.51443212868673,True
godzilla-minus-one,12,2024-07-18-to-2024-07-24,USA,downloaders,without-hosting,96078,1955632,4.912887496216057,True
godzilla-minus-one,12,2024-07-18-to-2024-07-24,USA,uploaders,all,18569,127060,14.614355422634976,True
godzilla-minus-one,12,2024-07-18-to-2024-07-24,USA,uploaders,without-hosting,4721,92384,5.110192241080707,True
godzilla-minus-one,12,2024-07-18-to-2024-07-24,CHN,downloaders,all,132047,2344422,5.63239041435373,True
godzilla-minus-one,12,2024-07-18-to-2024-07-24,CHN,downloaders,without-hosting,123710,1955632,6.325832262920631,True
godzilla-minus-one,12,2024-07-18-to-2024-07-24,CHN,uploaders,all,4619,127060,3.6352904139776485,True
godzilla-minus-one,12,2024-07-18-to-2024-07-24,CHN,uploaders,without-hosting,4093,92384,4.430420852095601,True
godzilla-minus-one,12,2024-07-18-to-2024-07-24,KOR,downloaders,all,255432,2344422,10.895308097262353,True
godzilla-minus-one,12,2024-07-18-to-2024-07-24,KOR,downloaders,without-hosting,247880,1955632,12.67518633362514,True
godzilla-minus-one,12,2024-07-18-to-2024-07-24,KOR,uploaders,all,501,127060,0.3943019046119943,True
godzilla-minus-one,12,2024-07-18-to-2024-07-24,KOR,uploaders,without-hosting,466,92384,0.5044163491513682,True
godzilla-minus-one,12,2024-07-18-to-2024-07-24,asia-28,downloaders,all,570680,2344422,24.342033985349055,True
godzilla-minus-one,12,2024-07-18-to-2024-07-24,asia-28,downloaders,without-hosting,540435,1955632,27.634800412347516,True
godzilla-minus-one,12,2024-07-18-to-2024-07-24,asia-28,uploaders,all,32426,127060,25.52022666456792,True
godzilla-minus-one,12,2024-07-18-to-2024-07-24,asia-28,uploaders,without-hosting,30140,92384,32.624696917215104,True
godzilla-minus-one,12,2024-07-18-to-2024-07-24,eur-27,downloaders,all,499452,2344422,21.303843761916582,True
godzilla-minus-one,12,2024-07-18-to-2024-07-24,eur-27,downloaders,without-hosting,296782,1955632,15.175759038510312,True
godzilla-minus-one,12,2024-07-18-to-2024-07-24,eur-27,uploaders,all,22397,127060,17.627105304580514,True
godzilla-minus-one,12,2024-07-18-to-2024-07-24,eur-27,uploaders,without-hosting,13556,92384,14.673536543124351,True
godzilla-minus-one,12,2024-07-18-to-2024-07-24,usa-can,downloaders,all,242130,2344422,10.327918779127648,True
godzilla-minus-one,12,2024-07-18-to-2024-07-24,usa-can,downloaders,without-hosting,138179,1955632,7.065695386453075,True
godzilla-minus-one,12,2024-07-18-to-2024-07-24,usa-can,uploaders,all,28195,127060,22.190303793483395,True
godzilla-minus-one,12,2024-07-18-to-2024-07-24,usa-can,uploaders,without-hosting,9051,92384,9.79715102182196,True
godzilla-minus-one,13,2024-07-25-to-2024-07-31,JPN,downloaders,all,45644,2615180,1.745348312544452,True
godzilla-minus-one,13,2024-07-25-to-2024-07-31,JPN,downloaders,without-hosting,40541,2168482,1.8695566760526487,True
godzilla-minus-one,13,2024-07-25-to-2024-07-31,JPN,uploaders,all,749,125289,0.5978178451420316,True
godzilla-minus-one,13,2024-07-25-to-2024-07-31,JPN,uploaders,without-hosting,414,89978,0.46011247193758475,True
godzilla-minus-one,13,2024-07-25-to-2024-07-31,USA,downloaders,all,197336,2615180,7.5457903471271575,True
godzilla-minus-one,13,2024-07-25-to-2024-07-31,USA,downloaders,without-hosting,107698,2168482,4.966515746960316,True
godzilla-minus-one,13,2024-07-25-to-2024-07-31,USA,uploaders,all,18979,125289,15.14817741381925,True
godzilla-minus-one,13,2024-07-25-to-2024-07-31,USA,uploaders,without-hosting,4810,89978,5.345751183622664,True
godzilla-minus-one,13,2024-07-25-to-2024-07-31,CHN,downloaders,all,173094,2615180,6.618817825159263,True
godzilla-minus-one,13,2024-07-25-to-2024-07-31,CHN,downloaders,without-hosting,163465,2168482,7.538222590733979,True
godzilla-minus-one,13,2024-07-25-to-2024-07-31,CHN,uploaders,all,5785,125289,4.617324745189123,True
godzilla-minus-one,13,2024-07-25-to-2024-07-31,CHN,uploaders,without-hosting,5294,89978,5.883660450332304,True
godzilla-minus-one,13,2024-07-25-to-2024-07-31,KOR,downloaders,all,324736,2615180,12.417347945456909,True
godzilla-minus-one,13,2024-07-25-to-2024-07-31,KOR,downloaders,without-hosting,315624,2168482,14.555066631865056,True
godzilla-minus-one,13,2024-07-25-to-2024-07-31,KOR,uploaders,all,503,125289,0.40147179720486237,True
godzilla-minus-one,13,2024-07-25-to-2024-07-31,KOR,uploaders,without-hosting,457,89978,0.5079019315832759,True
godzilla-minus-one,13,2024-07-25-to-2024-07-31,asia-28,downloaders,all,697455,2615180,26.66948355371332,True
godzilla-minus-one,13,2024-07-25-to-2024-07-31,asia-28,downloaders,without-hosting,661189,2168482,30.4908687275246,True
godzilla-minus-one,13,2024-07-25-to-2024-07-31,asia-28,uploaders,all,33058,125289,26.38539696222334,True
godzilla-minus-one,13,2024-07-25-to-2024-07-31,asia-28,uploaders,without-hosting,30407,89978,33.793816266198405,True
godzilla-minus-one,13,2024-07-25-to-2024-07-31,eur-27,downloaders,all,554687,2615180,21.210279980727904,True
godzilla-minus-one,13,2024-07-25-to-2024-07-31,eur-27,downloaders,without-hosting,318052,2168482,14.667034358597396,True
godzilla-minus-one,13,2024-07-25-to-2024-07-31,eur-27,uploaders,all,20166,125289,16.095587002849413,True
godzilla-minus-one,13,2024-07-25-to-2024-07-31,eur-27,uploaders,without-hosting,12402,89978,13.7833692680433,True
godzilla-minus-one,13,2024-07-25-to-2024-07-31,usa-can,downloaders,all,271790,2615180,10.392783670722475,True
godzilla-minus-one,13,2024-07-25-to-2024-07-31,usa-can,downloaders,without-hosting,155803,2168482,7.184887861646995,True
godzilla-minus-one,13,2024-07-25-to-2024-07-31,usa-can,uploaders,all,30564,125289,24.394799224193665,True
godzilla-minus-one,13,2024-07-25-to-2024-07-31,usa-can,uploaders,without-hosting,9972,89978,11.082709106670519,True
godzilla-minus-one,14,2024-08-01-to-2024-08-07,JPN,downloaders,all,40630,2691468,1.5095851037426415,True
godzilla-minus-one,14,2024-08-01-to-2024-08-07,JPN,downloaders,without-hosting,36151,2290160,1.5785359974848918,True
godzilla-minus-one,14,2024-08-01-to-2024-08-07,JPN,uploaders,all,868,124754,0.6957692739310964,True
godzilla-minus-one,14,2024-08-01-to-2024-08-07,JPN,uploaders,without-hosting,431,87584,0.49209901351845087,True
godzilla-minus-one,14,2024-08-01-to-2024-08-07,USA,downloaders,all,208226,2691468,7.736521481957058,True
godzilla-minus-one,14,2024-08-01-to-2024-08-07,USA,downloaders,without-hosting,125204,2290160,5.467041604080064,True
godzilla-minus-one,14,2024-08-01-to-2024-08-07,USA,uploaders,all,20308,124754,16.278435961973162,True
godzilla-minus-one,14,2024-08-01-to-2024-08-07,USA,uploaders,without-hosting,4656,87584,5.316039459261965,True
godzilla-minus-one,14,2024-08-01-to-2024-08-07,CHN,downloaders,all,165077,2691468,6.133344331049078,True
godzilla-minus-one,14,2024-08-01-to-2024-08-07,CHN,downloaders,without-hosting,155572,2290160,6.79306249345024,True
godzilla-minus-one,14,2024-08-01-to-2024-08-07,CHN,uploaders,all,4603,124754,3.689661253346586,True
godzilla-minus-one,14,2024-08-01-to-2024-08-07,CHN,uploaders,without-hosting,4206,87584,4.802246985750822,True
godzilla-minus-one,14,2024-08-01-to-2024-08-07,KOR,downloaders,all,290772,2691468,10.803472305819724,True
godzilla-minus-one,14,2024-08-01-to-2024-08-07,KOR,downloaders,without-hosting,282379,2290160,12.330099207042302,True
godzilla-minus-one,14,2024-08-01-to-2024-08-07,KOR,uploaders,all,528,124754,0.42323292239126603,True
godzilla-minus-one,14,2024-08-01-to-2024-08-07,KOR,uploaders,without-hosting,487,87584,0.5560376324442821,True
godzilla-minus-one,14,2024-08-01-to-2024-08-07,asia-28,downloaders,all,627827,2691468,23.32656379343912,True
godzilla-minus-one,14,2024-08-01-to-2024-08-07,asia-28,downloaders,without-hosting,594510,2290160,25.95932161945017,True
godzilla-minus-one,14,2024-08-01-to-2024-08-07,asia-28,uploaders,all,31050,124754,24.888981515622746,True
godzilla-minus-one,14,2024-08-01-to-2024-08-07,asia-28,uploaders,without-hosting,28422,87584,32.451132626963826,True
godzilla-minus-one,14,2024-08-01-to-2024-08-07,eur-27,downloaders,all,630955,2691468,23.44278289766031,True
godzilla-minus-one,14,2024-08-01-to-2024-08-07,eur-27,downloaders,without-hosting,422419,2290160,18.444955810947707,True
godzilla-minus-one,14,2024-08-01-to-2024-08-07,eur-27,uploaders,all,20381,124754,16.336951119803775,True
godzilla-minus-one,14,2024-08-01-to-2024-08-07,eur-27,uploaders,without-hosting,12385,87584,14.14071063207892,True
godzilla-minus-one,14,2024-08-01-to-2024-08-07,usa-can,downloaders,all,282312,2691468,10.489145700413307,True
godzilla-minus-one,14,2024-08-01-to-2024-08-07,usa-can,downloaders,without-hosting,174923,2290160,7.6380252908093755,True
godzilla-minus-one,14,2024-08-01-to-2024-08-07,usa-can,uploaders,all,31692,124754,25.403594273530306,True
godzilla-minus-one,14,2024-08-01-to-2024-08-07,usa-can,uploaders,without-hosting,9757,87584,11.14016258677384,True
godzilla-minus-one,15,2024-08-08-to-2024-08-14,JPN,downloaders,all,39229,2564330,1.5297953071562553,True
godzilla-minus-one,15,2024-08-08-to-2024-08-14,JPN,downloaders,without-hosting,34657,2172528,1.5952383582628165,True
godzilla-minus-one,15,2024-08-08-to-2024-08-14,JPN,uploaders,all,857,111706,0.7671924516140584,True
godzilla-minus-one,15,2024-08-08-to-2024-08-14,JPN,uploaders,without-hosting,436,76984,0.5663514496518757,True
godzilla-minus-one,15,2024-08-08-to-2024-08-14,USA,downloaders,all,177621,2564330,6.926604610171077,True
godzilla-minus-one,15,2024-08-08-to-2024-08-14,USA,downloaders,without-hosting,97638,2172528,4.494211351936546,True
godzilla-minus-one,15,2024-08-08-to-2024-08-14,USA,uploaders,all,18435,111706,16.50314217678549,True
godzilla-minus-one,15,2024-08-08-to-2024-08-14,USA,uploaders,without-hosting,4125,76984,5.358256261041255,True
godzilla-minus-one,15,2024-08-08-to-2024-08-14,CHN,downloaders,all,154646,2564330,6.030659080539556,True
godzilla-minus-one,15,2024-08-08-to-2024-08-14,CHN,downloaders,without-hosting,144912,2172528,6.670201718919158,True
godzilla-minus-one,15,2024-08-08-to-2024-08-14,CHN,uploaders,all,3203,111706,2.867348217642741,True
godzilla-minus-one,15,2024-08-08-to-2024-08-14,CHN,uploaders,without-hosting,2735,76984,3.552686272472202,True
godzilla-minus-one,15,2024-08-08-to-2024-08-14,KOR,downloaders,all,269548,2564330,10.511439635304349,True
godzilla-minus-one,15,2024-08-08-to-2024-08-14,KOR,downloaders,without-hosting,261954,2172528,12.05756611652416,True
godzilla-minus-one,15,2024-08-08-to-2024-08-14,KOR,uploaders,all,375,111706,0.3357026480224876,True
godzilla-minus-one,15,2024-08-08-to-2024-08-14,KOR,uploaders,without-hosting,330,76984,0.42866050088330043,True
godzilla-minus-one,15,2024-08-08-to-2024-08-14,asia-28,downloaders,all,589241,2564330,22.97836081939532,True
godzilla-minus-one,15,2024-08-08-to-2024-08-14,asia-28,downloaders,without-hosting,557235,2172528,25.649151587459404,True
godzilla-minus-one,15,2024-08-08-to-2024-08-14,asia-28,uploaders,all,26728,111706,23.92709433692013,True
godzilla-minus-one,15,2024-08-08-to-2024-08-14,asia-28,uploaders,without-hosting,24342,76984,31.61955731061,True
godzilla-minus-one,15,2024-08-08-to-2024-08-14,eur-27,downloaders,all,573861,2564330,22.37859401871054,True
godzilla-minus-one,15,2024-08-08-to-2024-08-14,eur-27,downloaders,without-hosting,370673,2172528,17.061828432130678,True
godzilla-minus-one,15,2024-08-08-to-2024-08-14,eur-27,uploaders,all,18823,111706,16.850482516606093,True
godzilla-minus-one,15,2024-08-08-to-2024-08-14,eur-27,uploaders,without-hosting,11105,76984,14.425075340330459,True
godzilla-minus-one,15,2024-08-08-to-2024-08-14,usa-can,downloaders,all,245395,2564330,9.569556180366801,True
godzilla-minus-one,15,2024-08-08-to-2024-08-14,usa-can,downloaders,without-hosting,141551,2172528,6.515497153546468,True
godzilla-minus-one,15,2024-08-08-to-2024-08-14,usa-can,uploaders,all,29205,111706,26.144522227991335,True
godzilla-minus-one,15,2024-08-08-to-2024-08-14,usa-can,uploaders,without-hosting,9085,76984,11.801153486438741,True
godzilla-minus-one,16,2024-08-15-to-2024-08-21,JPN,downloaders,all,35517,2522118,1.408221185527402,True
godzilla-minus-one,16,2024-08-15-to-2024-08-21,JPN,downloaders,without-hosting,31412,2150818,1.4604675988391393,True
godzilla-minus-one,16,2024-08-15-to-2024-08-21,JPN,uploaders,all,781,107074,0.7294020957468667,True
godzilla-minus-one,16,2024-08-15-to-2024-08-21,JPN,uploaders,without-hosting,354,72815,0.4861635651994781,True
godzilla-minus-one,16,2024-08-15-to-2024-08-21,USA,downloaders,all,172461,2522118,6.8379433476149805,True
godzilla-minus-one,16,2024-08-15-to-2024-08-21,USA,downloaders,without-hosting,93203,2150818,4.333374557958879,True
godzilla-minus-one,16,2024-08-15-to-2024-08-21,USA,uploaders,all,18430,107074,17.21239516595999,True
godzilla-minus-one,16,2024-08-15-to-2024-08-21,USA,uploaders,without-hosting,4050,72815,5.5620407882991145,True
godzilla-minus-one,16,2024-08-15-to-2024-08-21,CHN,downloaders,all,133569,2522118,5.295906059906793,True
godzilla-minus-one,16,2024-08-15-to-2024-08-21,CHN,downloaders,without-hosting,125206,2150818,5.821320074501887,True
godzilla-minus-one,16,2024-08-15-to-2024-08-21,CHN,uploaders,all,3923,107074,3.6638212824775387,True
godzilla-minus-one,16,2024-08-15-to-2024-08-21,CHN,uploaders,without-hosting,3262,72815,4.479846185538694,True
godzilla-minus-one,16,2024-08-15-to-2024-08-21,KOR,downloaders,all,252298,2522118,10.003417762372736,True
godzilla-minus-one,16,2024-08-15-to-2024-08-21,KOR,downloaders,without-hosting,245456,2150818,11.41221618937539,True
godzilla-minus-one,16,2024-08-15-to-2024-08-21,KOR,uploaders,all,349,107074,0.32594280590993147,True
godzilla-minus-one,16,2024-08-15-to-2024-08-21,KOR,uploaders,without-hosting,316,72815,0.43397651582778274,True
godzilla-minus-one,16,2024-08-15-to-2024-08-21,asia-28,downloaders,all,537619,2522118,21.316171566913205,True
godzilla-minus-one,16,2024-08-15-to-2024-08-21,asia-28,downloaders,without-hosting,508434,2150818,23.639099170641124,True
godzilla-minus-one,16,2024-08-15-to-2024-08-21,asia-28,uploaders,all,25484,107074,23.80036236621402,True
godzilla-minus-one,16,2024-08-15-to-2024-08-21,asia-28,uploaders,without-hosting,22841,72815,31.368536702602487,True
godzilla-minus-one,16,2024-08-15-to-2024-08-21,eur-27,downloaders,all,576081,2522118,22.841159691973175,True
godzilla-minus-one,16,2024-08-15-to-2024-08-21,eur-27,downloaders,without-hosting,386607,2150818,17.974882114618715,True
godzilla-minus-one,16,2024-08-15-to-2024-08-21,eur-27,uploaders,all,18646,107074,17.41412481087846,True
godzilla-minus-one,16,2024-08-15-to-2024-08-21,eur-27,uploaders,without-hosting,11332,72815,15.562727460001373,True
godzilla-minus-one,16,2024-08-15-to-2024-08-21,usa-can,downloaders,all,238108,2522118,9.440795394981519,True
godzilla-minus-one,16,2024-08-15-to-2024-08-21,usa-can,downloaders,without-hosting,135965,2150818,6.321548359740341,True
godzilla-minus-one,16,2024-08-15-to-2024-08-21,usa-can,uploaders,all,28776,107074,26.874871584138074,True
godzilla-minus-one,16,2024-08-15-to-2024-08-21,usa-can,uploaders,without-hosting,8707,72815,11.957701023140837,True
godzilla-minus-one,17,2024-08-22-to-2024-08-28,JPN,downloaders,all,30976,2413449,1.2834743970143971,True
godzilla-minus-one,17,2024-08-22-to-2024-08-28,JPN,downloaders,without-hosting,27166,2061499,1.3177789559927024,True
godzilla-minus-one,17,2024-08-22-to-2024-08-28,JPN,uploaders,all,712,95347,0.7467460958394077,True
godzilla-minus-one,17,2024-08-22-to-2024-08-28,JPN,uploaders,without-hosting,288,64354,0.4475246293936663,True
godzilla-minus-one,17,2024-08-22-to-2024-08-28,USA,downloaders,all,158301,2413449,6.559119335026346,True
godzilla-minus-one,17,2024-08-22-to-2024-08-28,USA,downloaders,without-hosting,82920,2061499,4.022315800298714,True
godzilla-minus-one,17,2024-08-22-to-2024-08-28,USA,uploaders,all,17065,95347,17.8977838841285,True
godzilla-minus-one,17,2024-08-22-to-2024-08-28,USA,uploaders,without-hosting,3750,64354,5.827143611896696,True
godzilla-minus-one,17,2024-08-22-to-2024-08-28,CHN,downloaders,all,127842,2413449,5.297066563246209,True
godzilla-minus-one,17,2024-08-22-to-2024-08-28,CHN,downloaders,without-hosting,119507,2061499,5.797092310013247,True
godzilla-minus-one,17,2024-08-22-to-2024-08-28,CHN,uploaders,all,3461,95347,3.629899210253076,True
godzilla-minus-one,17,2024-08-22-to-2024-08-28,CHN,uploaders,without-hosting,2860,64354,4.444168194673214,True
godzilla-minus-one,17,2024-08-22-to-2024-08-28,KOR,downloaders,all,216861,2413449,8.985522378968854,True
godzilla-minus-one,17,2024-08-22-to-2024-08-28,KOR,downloaders,without-hosting,210847,2061499,10.227848764418512,True
godzilla-minus-one,17,2024-08-22-to-2024-08-28,KOR,uploaders,all,267,95347,0.28002978593977784,True
godzilla-minus-one,17,2024-08-22-to-2024-08-28,KOR,uploaders,without-hosting,242,64354,0.3760450010877335,True
godzilla-minus-one,17,2024-08-22-to-2024-08-28,asia-28,downloaders,all,480657,2413449,19.91577199269593,True
godzilla-minus-one,17,2024-08-22-to-2024-08-28,asia-28,downloaders,without-hosting,453352,2061499,21.99137617820819,True
godzilla-minus-one,17,2024-08-22-to-2024-08-28,asia-28,uploaders,all,22236,95347,23.321132285231837,True
godzilla-minus-one,17,2024-08-22-to-2024-08-28,asia-28,uploaders,without-hosting,19831,64354,30.815489324672903,True
godzilla-minus-one,17,2024-08-22-to-2024-08-28,eur-27,downloaders,all,569124,2413449,23.581355976446986,True
godzilla-minus-one,17,2024-08-22-to-2024-08-28,eur-27,downloaders,without-hosting,391966,2061499,19.013640074528293,True
godzilla-minus-one,17,2024-08-22-to-2024-08-28,eur-27,uploaders,all,17180,95347,18.01839596421492,True
godzilla-minus-one,17,2024-08-22-to-2024-08-28,eur-27,uploaders,without-hosting,10251,64354,15.929079777480808,True
godzilla-minus-one,17,2024-08-22-to-2024-08-28,usa-can,downloaders,all,219637,2413449,9.10054449047815,True
godzilla-minus-one,17,2024-08-22-to-2024-08-28,usa-can,downloaders,without-hosting,121981,2061499,5.917102069901562,True
godzilla-minus-one,17,2024-08-22-to-2024-08-28,usa-can,uploaders,all,25069,95347,26.292384658143412,True
godzilla-minus-one,17,2024-08-22-to-2024-08-28,usa-can,uploaders,without-hosting,7294,64354,11.334182801379868,True
godzilla-minus-one,18,2024-08-29-to-2024-09-04,JPN,downloaders,all,36387,2177117,1.6713387475271195,True
godzilla-minus-one,18,2024-08-29-to-2024-09-04,JPN,downloaders,without-hosting,32327,1801618,1.794331539760371,True
godzilla-minus-one,18,2024-08-29-to-2024-09-04,JPN,uploaders,all,682,97582,0.6988993871820622,True
godzilla-minus-one,18,2024-08-29-to-2024-09-04,JPN,uploaders,without-hosting,316,65769,0.48046952211528227,True
godzilla-minus-one,18,2024-08-29-to-2024-09-04,USA,downloaders,all,161117,2177117,7.400475031888502,True
godzilla-minus-one,18,2024-08-29-to-2024-09-04,USA,downloaders,without-hosting,82385,1801618,4.5728339747937685,True
godzilla-minus-one,18,2024-08-29-to-2024-09-04,USA,uploaders,all,17940,97582,18.384538132032546,True
godzilla-minus-one,18,2024-08-29-to-2024-09-04,USA,uploaders,without-hosting,3838,65769,5.835576031260929,True
godzilla-minus-one,18,2024-08-29-to-2024-09-04,CHN,downloaders,all,144753,2177117,6.648838808387422,True
godzilla-minus-one,18,2024-08-29-to-2024-09-04,CHN,downloaders,without-hosting,135835,1801618,7.539611615780926,True
godzilla-minus-one,18,2024-08-29-to-2024-09-04,CHN,uploaders,all,3585,97582,3.6738332889262364,True
godzilla-minus-one,18,2024-08-29-to-2024-09-04,CHN,uploaders,without-hosting,3061,65769,4.654168377198984,True
godzilla-minus-one,18,2024-08-29-to-2024-09-04,KOR,downloaders,all,256187,2177117,11.767259178078165,True
godzilla-minus-one,18,2024-08-29-to-2024-09-04,KOR,downloaders,without-hosting,248902,1801618,13.815470316126948,True
godzilla-minus-one,18,2024-08-29-to-2024-09-04,KOR,uploaders,all,287,97582,0.2941116189461171,True
godzilla-minus-one,18,2024-08-29-to-2024-09-04,KOR,uploaders,without-hosting,264,65769,0.4014049172102358,True
godzilla-minus-one,18,2024-08-29-to-2024-09-04,asia-28,downloaders,all,547834,2177117,25.163277857827577,True
godzilla-minus-one,18,2024-08-29-to-2024-09-04,asia-28,downloaders,without-hosting,517720,1801618,28.736391399286642,True
godzilla-minus-one,18,2024-08-29-to-2024-09-04,asia-28,uploaders,all,22890,97582,23.457194974483,True
godzilla-minus-one,18,2024-08-29-to-2024-09-04,asia-28,uploaders,without-hosting,20567,65769,31.271571713117122,True
godzilla-minus-one,18,2024-08-29-to-2024-09-04,eur-27,downloaders,all,459534,2177117,21.107455410067534,True
godzilla-minus-one,18,2024-08-29-to-2024-09-04,eur-27,downloaders,without-hosting,266820,1801618,14.81002077021877,True
godzilla-minus-one,18,2024-08-29-to-2024-09-04,eur-27,uploaders,all,16655,97582,17.06769691131561,True
godzilla-minus-one,18,2024-08-29-to-2024-09-04,eur-27,uploaders,without-hosting,10008,65769,15.21689549787894,True
godzilla-minus-one,18,2024-08-29-to-2024-09-04,usa-can,downloaders,all,222693,2177117,10.228802586172447,True
godzilla-minus-one,18,2024-08-29-to-2024-09-04,usa-can,downloaders,without-hosting,120734,1801618,6.701420611916622,True
godzilla-minus-one,18,2024-08-29-to-2024-09-04,usa-can,uploaders,all,27041,97582,27.71105326802074,True
godzilla-minus-one,18,2024-08-29-to-2024-09-04,usa-can,uploaders,without-hosting,7770,65769,11.81407654061944,True
godzilla-minus-one,19,2024-09-05-to-2024-09-11,JPN,downloaders,all,36168,2165049,1.6705395582270886,True
godzilla-minus-one,19,2024-09-05-to-2024-09-11,JPN,downloaders,without-hosting,32209,1793333,1.7960412260299676,True
godzilla-minus-one,19,2024-09-05-to-2024-09-11,JPN,uploaders,all,610,87537,0.6968481899082674,True
godzilla-minus-one,19,2024-09-05-to-2024-09-11,JPN,uploaders,without-hosting,264,58563,0.45079657804415757,True
godzilla-minus-one,19,2024-09-05-to-2024-09-11,USA,downloaders,all,155974,2165049,7.204178750688784,True
godzilla-minus-one,19,2024-09-05-to-2024-09-11,USA,downloaders,without-hosting,76736,1793333,4.278959903152399,True
godzilla-minus-one,19,2024-09-05-to-2024-09-11,USA,uploaders,all,16990,87537,19.40893565006797,True
godzilla-minus-one,19,2024-09-05-to-2024-09-11,USA,uploaders,without-hosting,3430,58563,5.856940388982805,True
godzilla-minus-one,19,2024-09-05-to-2024-09-11,CHN,downloaders,all,146130,2165049,6.749500819611935,True
godzilla-minus-one,19,2024-09-05-to-2024-09-11,CHN,downloaders,without-hosting,138090,1793333,7.700187304867529,True
godzilla-minus-one,19,2024-09-05-to-2024-09-11,CHN,uploaders,all,3414,87537,3.9000651153226635,True
godzilla-minus-one,19,2024-09-05-to-2024-09-11,CHN,uploaders,without-hosting,2999,58563,5.120980824069806,True
godzilla-minus-one,19,2024-09-05-to-2024-09-11,KOR,downloaders,all,252649,2165049,11.669435657114457,True
godzilla-minus-one,19,2024-09-05-to-2024-09-11,KOR,downloaders,without-hosting,245772,1793333,13.704760911665597,True
godzilla-minus-one,19,2024-09-05-to-2024-09-11,KOR,uploaders,all,230,87537,0.2627460388178713,True
godzilla-minus-one,19,2024-09-05-to-2024-09-11,KOR,uploaders,without-hosting,210,58563,0.3585881870805799,True
godzilla-minus-one,19,2024-09-05-to-2024-09-11,asia-28,downloaders,all,548170,2165049,25.319057443965473,True
godzilla-minus-one,19,2024-09-05-to-2024-09-11,asia-28,downloaders,without-hosting,519318,1793333,28.958258170679958,True
godzilla-minus-one,19,2024-09-05-to-2024-09-11,asia-28,uploaders,all,20288,87537,23.176485371899883,True
godzilla-minus-one,19,2024-09-05-to-2024-09-11,asia-28,uploaders,without-hosting,18140,58563,30.975189112579613,True
godzilla-minus-one,19,2024-09-05-to-2024-09-11,eur-27,downloaders,all,470112,2165049,21.71368869711494,True
godzilla-minus-one,19,2024-09-05-to-2024-09-11,eur-27,downloaders,without-hosting,277222,1793333,15.458478709754408,True
godzilla-minus-one,19,2024-09-05-to-2024-09-11,eur-27,uploaders,all,15343,87537,17.52744553731565,True
godzilla-minus-one,19,2024-09-05-to-2024-09-11,eur-27,uploaders,without-hosting,9214,58563,15.733483598859348,True
godzilla-minus-one,19,2024-09-05-to-2024-09-11,usa-can,downloaders,all,215111,2165049,9.935618085318161,True
godzilla-minus-one,19,2024-09-05-to-2024-09-11,usa-can,downloaders,without-hosting,113595,1793333,6.334294857675624,True
godzilla-minus-one,19,2024-09-05-to-2024-09-11,usa-can,uploaders,all,24009,87537,27.427259330340313,True
godzilla-minus-one,19,2024-09-05-to-2024-09-11,usa-can,uploaders,without-hosting,6487,58563,11.076959855198675,True
godzilla-minus-one,20,2024-09-12-to-2024-09-18,JPN,downloaders,all,34584,2196128,1.574771598012502,True
godzilla-minus-one,20,2024-09-12-to-2024-09-18,JPN,downloaders,without-hosting,30648,1833679,1.6713939571757106,True
godzilla-minus-one,20,2024-09-12-to-2024-09-18,JPN,uploaders,all,519,80566,0.6441923392001588,True
godzilla-minus-one,20,2024-09-12-to-2024-09-18,JPN,uploaders,without-hosting,259,53372,0.4852731769467136,True
godzilla-minus-one,20,2024-09-12-to-2024-09-18,USA,downloaders,all,154904,2196128,7.0535050780282385,True
godzilla-minus-one,20,2024-09-12-to-2024-09-18,USA,downloaders,without-hosting,76835,1833679,4.190209954959402,True
godzilla-minus-one,20,2024-09-12-to-2024-09-18,USA,uploaders,all,16190,80566,20.095325571581064,True
godzilla-minus-one,20,2024-09-12-to-2024-09-18,USA,uploaders,without-hosting,3392,53372,6.355392340553099,True
godzilla-minus-one,20,2024-09-12-to-2024-09-18,CHN,downloaders,all,128234,2196128,5.83909498899882,True
godzilla-minus-one,20,2024-09-12-to-2024-09-18,CHN,downloaders,without-hosting,121280,1833679,6.614025682793989,True
godzilla-minus-one,20,2024-09-12-to-2024-09-18,CHN,uploaders,all,3416,80566,4.240001985949408,True
godzilla-minus-one,20,2024-09-12-to-2024-09-18,CHN,uploaders,without-hosting,2791,53372,5.229333733043544,True
godzilla-minus-one,20,2024-09-12-to-2024-09-18,KOR,downloaders,all,252861,2196128,11.513946363782075,True
godzilla-minus-one,20,2024-09-12-to-2024-09-18,KOR,downloaders,without-hosting,246590,1833679,13.447828109500081,True
godzilla-minus-one,20,2024-09-12-to-2024-09-18,KOR,uploaders,all,255,80566,0.31651068689025147,True
godzilla-minus-one,20,2024-09-12-to-2024-09-18,KOR,uploaders,without-hosting,231,53372,0.43281121187139326,True
godzilla-minus-one,20,2024-09-12-to-2024-09-18,asia-28,downloaders,all,523048,2196128,23.816826705911495,True
godzilla-minus-one,20,2024-09-12-to-2024-09-18,asia-28,downloaders,without-hosting,496148,1833679,27.05751661005007,True
godzilla-minus-one,20,2024-09-12-to-2024-09-18,asia-28,uploaders,all,18189,80566,22.57652111312464,True
godzilla-minus-one,20,2024-09-12-to-2024-09-18,asia-28,uploaders,without-hosting,16112,53372,30.18811361762722,True
godzilla-minus-one,20,2024-09-12-to-2024-09-18,eur-27,downloaders,all,489787,2196128,22.302297498142185,True
godzilla-minus-one,20,2024-09-12-to-2024-09-18,eur-27,downloaders,without-hosting,303657,1833679,16.55998678067426,True
godzilla-minus-one,20,2024-09-12-to-2024-09-18,eur-27,uploaders,all,14106,80566,17.508626467740733,True
godzilla-minus-one,20,2024-09-12-to-2024-09-18,eur-27,uploaders,without-hosting,8594,53372,16.102075994903696,True
godzilla-minus-one,20,2024-09-12-to-2024-09-18,usa-can,downloaders,all,213947,2196128,9.74200957321249,True
godzilla-minus-one,20,2024-09-12-to-2024-09-18,usa-can,downloaders,without-hosting,113411,1833679,6.18488841285743,True
godzilla-minus-one,20,2024-09-12-to-2024-09-18,usa-can,uploaders,all,23146,80566,28.72924062259514,True
godzilla-minus-one,20,2024-09-12-to-2024-09-18,usa-can,uploaders,without-hosting,6463,53372,12.109345724349847,True
godzilla-minus-one,21,2024-09-19-to-2024-09-25,JPN,downloaders,all,33579,2165707,1.5504867463604264,True
godzilla-minus-one,21,2024-09-19-to-2024-09-25,JPN,downloaders,without-hosting,29775,1806288,1.6484082272594403,True
godzilla-minus-one,21,2024-09-19-to-2024-09-25,JPN,uploaders,all,598,83531,0.7159018807388874,True
godzilla-minus-one,21,2024-09-19-to-2024-09-25,JPN,uploaders,without-hosting,334,55027,0.6069747578461483,True
godzilla-minus-one,21,2024-09-19-to-2024-09-25,USA,downloaders,all,156040,2165707,7.2050374311945244,True
godzilla-minus-one,21,2024-09-19-to-2024-09-25,USA,downloaders,without-hosting,77313,1806288,4.280214450851691,True
godzilla-minus-one,21,2024-09-19-to-2024-09-25,USA,uploaders,all,16684,83531,19.97342304054782,True
godzilla-minus-one,21,2024-09-19-to-2024-09-25,USA,uploaders,without-hosting,3596,55027,6.534973740163919,True
godzilla-minus-one,21,2024-09-19-to-2024-09-25,CHN,downloaders,all,131130,2165707,6.054835672600218,True
godzilla-minus-one,21,2024-09-19-to-2024-09-25,CHN,downloaders,without-hosting,124342,1806288,6.883841336486761,True
godzilla-minus-one,21,2024-09-19-to-2024-09-25,CHN,uploaders,all,3415,83531,4.088302546360034,True
godzilla-minus-one,21,2024-09-19-to-2024-09-25,CHN,uploaders,without-hosting,2822,55027,5.128391516891708,True
godzilla-minus-one,21,2024-09-19-to-2024-09-25,KOR,downloaders,all,241853,2165707,11.16739244967117,True
godzilla-minus-one,21,2024-09-19-to-2024-09-25,KOR,downloaders,without-hosting,235630,1806288,13.04498507436245,True
godzilla-minus-one,21,2024-09-19-to-2024-09-25,KOR,uploaders,all,895,83531,1.0714585004369634,True
godzilla-minus-one,21,2024-09-19-to-2024-09-25,KOR,uploaders,without-hosting,858,55027,1.559234557580824,True
godzilla-minus-one,21,2024-09-19-to-2024-09-25,asia-28,downloaders,all,509171,2165707,23.510613393224475,True
godzilla-minus-one,21,2024-09-19-to-2024-09-25,asia-28,downloaders,without-hosting,483175,1806288,26.749610250414108,True
godzilla-minus-one,21,2024-09-19-to-2024-09-25,asia-28,uploaders,all,18765,83531,22.464713699105722,True
godzilla-minus-one,21,2024-09-19-to-2024-09-25,asia-28,uploaders,without-hosting,16826,55027,30.57771639377033,True
godzilla-minus-one,21,2024-09-19-to-2024-09-25,eur-27,downloaders,all,468380,2165707,21.62711761101571,True
godzilla-minus-one,21,2024-09-19-to-2024-09-25,eur-27,downloaders,without-hosting,285088,1806288,15.783086639561354,True
godzilla-minus-one,21,2024-09-19-to-2024-09-25,eur-27,uploaders,all,14999,83531,17.95620787492069,True
godzilla-minus-one,21,2024-09-19-to-2024-09-25,eur-27,uploaders,without-hosting,8738,55027,15.879477347483963,True
godzilla-minus-one,21,2024-09-19-to-2024-09-25,usa-can,downloaders,all,216313,2165707,9.98810088345284,True
godzilla-minus-one,21,2024-09-19-to-2024-09-25,usa-can,downloaders,without-hosting,114789,1806288,6.354966649836571,True
godzilla-minus-one,21,2024-09-19-to-2024-09-25,usa-can,uploaders,all,24207,83531,28.97966024589673,True
godzilla-minus-one,21,2024-09-19-to-2024-09-25,usa-can,uploaders,without-hosting,6925,55027,12.58473113198975,True
godzilla-minus-one,22,2024-09-26-to-2024-10-02,JPN,downloaders,all,31323,2178911,1.4375529794470725,True
godzilla-minus-one,22,2024-09-26-to-2024-10-02,JPN,downloaders,without-hosting,27904,1833779,1.5216664603531833,True
godzilla-minus-one,22,2024-09-26-to-2024-10-02,JPN,uploaders,all,821,87726,0.935868499646627,True
godzilla-minus-one,22,2024-09-26-to-2024-10-02,JPN,uploaders,without-hosting,529,58455,0.9049696347617826,True
godzilla-minus-one,22,2024-09-26-to-2024-10-02,USA,downloaders,all,156060,2178911,7.162293457603362,True
godzilla-minus-one,22,2024-09-26-to-2024-10-02,USA,downloaders,without-hosting,78923,1833779,4.303844683574193,True
godzilla-minus-one,22,2024-09-26-to-2024-10-02,USA,uploaders,all,17446,87726,19.88692063926316,True
godzilla-minus-one,22,2024-09-26-to-2024-10-02,USA,uploaders,without-hosting,4027,58455,6.889059960653494,True
godzilla-minus-one,22,2024-09-26-to-2024-10-02,CHN,downloaders,all,124226,2178911,5.701288395900521,True
godzilla-minus-one,22,2024-09-26-to-2024-10-02,CHN,downloaders,without-hosting,117779,1833779,6.422747779312556,True
godzilla-minus-one,22,2024-09-26-to-2024-10-02,CHN,uploaders,all,3938,87726,4.488977042153979,True
godzilla-minus-one,22,2024-09-26-to-2024-10-02,CHN,uploaders,without-hosting,3367,58455,5.759986314258832,True
godzilla-minus-one,22,2024-09-26-to-2024-10-02,KOR,downloaders,all,224328,2178911,10.29541821579679,True
godzilla-minus-one,22,2024-09-26-to-2024-10-02,KOR,downloaders,without-hosting,218528,1833779,11.916812222192533,True
godzilla-minus-one,22,2024-09-26-to-2024-10-02,KOR,uploaders,all,2037,87726,2.3220025990014364,True
godzilla-minus-one,22,2024-09-26-to-2024-10-02,KOR,uploaders,without-hosting,1968,58455,3.3666923274313576,True
godzilla-minus-one,22,2024-09-26-to-2024-10-02,asia-28,downloaders,all,473722,2178911,21.741227613243495,True
godzilla-minus-one,22,2024-09-26-to-2024-10-02,asia-28,downloaders,without-hosting,449116,1833779,24.49128275544654,True
godzilla-minus-one,22,2024-09-26-to-2024-10-02,asia-28,uploaders,all,20432,87726,23.290700590474888,True
godzilla-minus-one,22,2024-09-26-to-2024-10-02,asia-28,uploaders,without-hosting,18430,58455,31.528526216747927,True
godzilla-minus-one,22,2024-09-26-to-2024-10-02,eur-27,downloaders,all,470916,2178911,21.61244768602297,True
godzilla-minus-one,22,2024-09-26-to-2024-10-02,eur-27,downloaders,without-hosting,296740,1833779,16.18188451280116,True
godzilla-minus-one,22,2024-09-26-to-2024-10-02,eur-27,uploaders,all,16132,87726,18.389075074664294,True
godzilla-minus-one,22,2024-09-26-to-2024-10-02,eur-27,uploaders,without-hosting,9283,58455,15.880591908305535,True
godzilla-minus-one,22,2024-09-26-to-2024-10-02,usa-can,downloaders,all,211379,2178911,9.701130518869288,True
godzilla-minus-one,22,2024-09-26-to-2024-10-02,usa-can,downloaders,without-hosting,113596,1833779,6.194639593975064,True
godzilla-minus-one,22,2024-09-26-to-2024-10-02,usa-can,uploaders,all,24462,87726,27.884549620409,True
godzilla-minus-one,22,2024-09-26-to-2024-10-02,usa-can,uploaders,without-hosting,7207,58455,12.329142075100505,True
godzilla-minus-one,23,2024-10-03-to-2024-10-09,JPN,downloaders,all,25546,2097828,1.2177356770907815,True
godzilla-minus-one,23,2024-10-03-to-2024-10-09,JPN,downloaders,without-hosting,22439,1784319,1.2575666122481461,True
godzilla-minus-one,23,2024-10-03-to-2024-10-09,JPN,uploaders,all,1098,102761,1.0684987495255982,True
godzilla-minus-one,23,2024-10-03-to-2024-10-09,JPN,uploaders,without-hosting,791,70007,1.1298870112988701,True
godzilla-minus-one,23,2024-10-03-to-2024-10-09,USA,downloaders,all,139381,2097828,6.644062334948337,True
godzilla-minus-one,23,2024-10-03-to-2024-10-09,USA,downloaders,without-hosting,66506,1784319,3.7272483227494635,True
godzilla-minus-one,23,2024-10-03-to-2024-10-09,USA,uploaders,all,19287,102761,18.76879360847014,True
godzilla-minus-one,23,2024-10-03-to-2024-10-09,USA,uploaders,without-hosting,4937,70007,7.052151927664377,True
godzilla-minus-one,23,2024-10-03-to-2024-10-09,CHN,downloaders,all,101002,2097828,4.8145987182933965,True
godzilla-minus-one,23,2024-10-03-to-2024-10-09,CHN,downloaders,without-hosting,94906,1784319,5.318891969429234,True
godzilla-minus-one,23,2024-10-03-to-2024-10-09,CHN,uploaders,all,5089,102761,4.952267883730209,True
godzilla-minus-one,23,2024-10-03-to-2024-10-09,CHN,uploaders,without-hosting,4448,70007,6.353650349250789,True
godzilla-minus-one,23,2024-10-03-to-2024-10-09,KOR,downloaders,all,182945,2097828,8.720686347975144,True
godzilla-minus-one,23,2024-10-03-to-2024-10-09,KOR,downloaders,without-hosting,178416,1784319,9.99910890373302,True
godzilla-minus-one,23,2024-10-03-to-2024-10-09,KOR,uploaders,all,4831,102761,4.701199871546598,True
godzilla-minus-one,23,2024-10-03-to-2024-10-09,KOR,uploaders,without-hosting,4699,70007,6.712185924264716,True
godzilla-minus-one,23,2024-10-03-to-2024-10-09,asia-28,downloaders,all,391128,2097828,18.644426521144727,True
godzilla-minus-one,23,2024-10-03-to-2024-10-09,asia-28,downloaders,without-hosting,369601,1784319,20.713840966777802,True
godzilla-minus-one,23,2024-10-03-to-2024-10-09,asia-28,uploaders,all,24196,102761,23.545897762769922,True
godzilla-minus-one,23,2024-10-03-to-2024-10-09,asia-28,uploaders,without-hosting,22020,70007,31.45399745739712,True
godzilla-minus-one,23,2024-10-03-to-2024-10-09,eur-27,downloaders,all,471082,2097828,22.455701802054314,True
godzilla-minus-one,23,2024-10-03-to-2024-10-09,eur-27,downloaders,without-hosting,316952,1784319,17.76319144726924,True
godzilla-minus-one,23,2024-10-03-to-2024-10-09,eur-27,uploaders,all,19006,102761,18.49534356419264,True
godzilla-minus-one,23,2024-10-03-to-2024-10-09,eur-27,uploaders,without-hosting,10634,70007,15.189909580470525,True
godzilla-minus-one,23,2024-10-03-to-2024-10-09,usa-can,downloaders,all,189902,2097828,9.052315061101291,True
godzilla-minus-one,23,2024-10-03-to-2024-10-09,usa-can,downloaders,without-hosting,97413,1784319,5.459393751901986,True
godzilla-minus-one,23,2024-10-03-to-2024-10-09,usa-can,uploaders,all,27520,102761,26.780587966251787,True
godzilla-minus-one,23,2024-10-03-to-2024-10-09,usa-can,uploaders,without-hosting,8756,70007,12.507320696501779,True
godzilla-minus-one,24,2024-10-10-to-2024-10-16,JPN,downloaders,all,28945,2095892,1.3810349006532778,True
godzilla-minus-one,24,2024-10-10-to-2024-10-16,JPN,downloaders,without-hosting,25451,1758677,1.4471673877579567,True
godzilla-minus-one,24,2024-10-10-to-2024-10-16,JPN,uploaders,all,943,88527,1.0652117433099506,True
godzilla-minus-one,24,2024-10-10-to-2024-10-16,JPN,uploaders,without-hosting,605,59507,1.0166871124405532,True
godzilla-minus-one,24,2024-10-10-to-2024-10-16,USA,downloaders,all,148643,2095892,7.092111616438252,True
godzilla-minus-one,24,2024-10-10-to-2024-10-16,USA,downloaders,without-hosting,73267,1758677,4.166029350471974,True
godzilla-minus-one,24,2024-10-10-to-2024-10-16,USA,uploaders,all,17563,88527,19.83914511956804,True
godzilla-minus-one,24,2024-10-10-to-2024-10-16,USA,uploaders,without-hosting,4079,59507,6.854655754785151,True
godzilla-minus-one,24,2024-10-10-to-2024-10-16,CHN,downloaders,all,117896,2095892,5.625099003192912,True
godzilla-minus-one,24,2024-10-10-to-2024-10-16,CHN,downloaders,without-hosting,110873,1758677,6.304341274719576,True
godzilla-minus-one,24,2024-10-10-to-2024-10-16,CHN,uploaders,all,4714,88527,5.324929117670315,True
godzilla-minus-one,24,2024-10-10-to-2024-10-16,CHN,uploaders,without-hosting,3904,59507,6.560572705732099,True
godzilla-minus-one,24,2024-10-10-to-2024-10-16,KOR,downloaders,all,190625,2095892,9.095172842875492,True
godzilla-minus-one,24,2024-10-10-to-2024-10-16,KOR,downloaders,without-hosting,185681,1758677,10.557993309743631,True
godzilla-minus-one,24,2024-10-10-to-2024-10-16,KOR,uploaders,all,2970,88527,3.3549086719305974,True
godzilla-minus-one,24,2024-10-10-to-2024-10-16,KOR,uploaders,without-hosting,2884,59507,4.846488648394306,True
godzilla-minus-one,24,2024-10-10-to-2024-10-16,asia-28,downloaders,all,424443,2095892,20.251186606943488,True
godzilla-minus-one,24,2024-10-10-to-2024-10-16,asia-28,downloaders,without-hosting,399293,1758677,22.704169099840392,True
godzilla-minus-one,24,2024-10-10-to-2024-10-16,asia-28,uploaders,all,20908,88527,23.617653371287854,True
godzilla-minus-one,24,2024-10-10-to-2024-10-16,asia-28,uploaders,without-hosting,18617,59507,31.285394995546742,True
godzilla-minus-one,24,2024-10-10-to-2024-10-16,eur-27,downloaders,all,477118,2095892,22.764436335460033,True
godzilla-minus-one,24,2024-10-10-to-2024-10-16,eur-27,downloaders,without-hosting,306998,1758677,17.45619007924707,True
godzilla-minus-one,24,2024-10-10-to-2024-10-16,eur-27,uploaders,all,16570,88527,18.717453432286195,True
godzilla-minus-one,24,2024-10-10-to-2024-10-16,eur-27,uploaders,without-hosting,9363,59507,15.734283361621323,True
godzilla-minus-one,24,2024-10-10-to-2024-10-16,usa-can,downloaders,all,204126,2095892,9.739337713966178,True
godzilla-minus-one,24,2024-10-10-to-2024-10-16,usa-can,downloaders,without-hosting,107935,1758677,6.137283878733844,True
godzilla-minus-one,24,2024-10-10-to-2024-10-16,usa-can,uploaders,all,23246,88527,26.258655551413693,True
godzilla-minus-one,24,2024-10-10-to-2024-10-16,usa-can,uploaders,without-hosting,6785,59507,11.402019930428352,True
godzilla-minus-one,25,2024-10-17-to-2024-10-23,JPN,downloaders,all,27651,2070108,1.3357274113234672,True
godzilla-minus-one,25,2024-10-17-to-2024-10-23,JPN,downloaders,without-hosting,24389,1741126,1.4007601977111364,True
godzilla-minus-one,25,2024-10-17-to-2024-10-23,JPN,uploaders,all,687,80528,0.8531194118815816,True
godzilla-minus-one,25,2024-10-17-to-2024-10-23,JPN,uploaders,without-hosting,375,51541,0.7275761044605266,True
godzilla-minus-one,25,2024-10-17-to-2024-10-23,USA,downloaders,all,143169,2070108,6.916015975978065,True
godzilla-minus-one,25,2024-10-17-to-2024-10-23,USA,downloaders,without-hosting,68781,1741126,3.95037464261633,True
godzilla-minus-one,25,2024-10-17-to-2024-10-23,USA,uploaders,all,17558,80528,21.803596264653287,True
godzilla-minus-one,25,2024-10-17-to-2024-10-23,USA,uploaders,without-hosting,3524,51541,6.837275178983722,True
godzilla-minus-one,25,2024-10-17-to-2024-10-23,CHN,downloaders,all,105534,2070108,5.097994887223275,True
godzilla-minus-one,25,2024-10-17-to-2024-10-23,CHN,downloaders,without-hosting,98849,1741126,5.67730307858248,True
godzilla-minus-one,25,2024-10-17-to-2024-10-23,CHN,uploaders,all,4114,80528,5.108782038545599,True
godzilla-minus-one,25,2024-10-17-to-2024-10-23,CHN,uploaders,without-hosting,3294,51541,6.391028501581266,True
godzilla-minus-one,25,2024-10-17-to-2024-10-23,KOR,downloaders,all,185191,2070108,8.945958375118593,True
godzilla-minus-one,25,2024-10-17-to-2024-10-23,KOR,downloaders,without-hosting,180336,1741126,10.357435360795256,True
godzilla-minus-one,25,2024-10-17-to-2024-10-23,KOR,uploaders,all,1080,80528,1.3411484204251938,True
godzilla-minus-one,25,2024-10-17-to-2024-10-23,KOR,uploaders,without-hosting,1042,51541,2.0216914689276497,True
godzilla-minus-one,25,2024-10-17-to-2024-10-23,asia-28,downloaders,all,401288,2070108,19.38488233464148,True
godzilla-minus-one,25,2024-10-17-to-2024-10-23,asia-28,downloaders,without-hosting,376591,1741126,21.629164115635515,True
godzilla-minus-one,25,2024-10-17-to-2024-10-23,asia-28,uploaders,all,17738,80528,22.02712100139082,True
godzilla-minus-one,25,2024-10-17-to-2024-10-23,asia-28,uploaders,without-hosting,15584,51541,30.236122698434258,True
godzilla-minus-one,25,2024-10-17-to-2024-10-23,eur-27,downloaders,all,457086,2070108,22.080297259853108,True
godzilla-minus-one,25,2024-10-17-to-2024-10-23,eur-27,downloaders,without-hosting,293392,1741126,16.8507046589391,True
godzilla-minus-one,25,2024-10-17-to-2024-10-23,eur-27,uploaders,all,13966,80528,17.343035962646532,True
godzilla-minus-one,25,2024-10-17-to-2024-10-23,eur-27,uploaders,without-hosting,8098,51541,15.711763450456917,True
godzilla-minus-one,25,2024-10-17-to-2024-10-23,usa-can,downloaders,all,195917,2070108,9.464095593080168,True
godzilla-minus-one,25,2024-10-17-to-2024-10-23,usa-can,downloaders,without-hosting,101282,1741126,5.817040237179848,True
godzilla-minus-one,25,2024-10-17-to-2024-10-23,usa-can,uploaders,all,24858,80528,30.868766143453207,True
godzilla-minus-one,25,2024-10-17-to-2024-10-23,usa-can,uploaders,without-hosting,6734,51541,13.06532663316583,True
godzilla-minus-one,26,2024-10-24-to-2024-10-30,JPN,downloaders,all,22033,1983869,1.110607605643316,True
godzilla-minus-one,26,2024-10-24-to-2024-10-30,JPN,downloaders,without-hosting,19290,1691965,1.1400945055010003,True
godzilla-minus-one,26,2024-10-24-to-2024-10-30,JPN,uploaders,all,575,76989,0.7468599410305369,True
godzilla-minus-one,26,2024-10-24-to-2024-10-30,JPN,uploaders,without-hosting,315,48446,0.6502084795442348,True
godzilla-minus-one,26,2024-10-24-to-2024-10-30,USA,downloaders,all,131474,1983869,6.627151288719165,True
godzilla-minus-one,26,2024-10-24-to-2024-10-30,USA,downloaders,without-hosting,60294,1691965,3.563548891377777,True
godzilla-minus-one,26,2024-10-24-to-2024-10-30,USA,uploaders,all,17469,76989,22.690254451934692,True
godzilla-minus-one,26,2024-10-24-to-2024-10-30,USA,uploaders,without-hosting,3308,48446,6.828221112166123,True
godzilla-minus-one,26,2024-10-24-to-2024-10-30,CHN,downloaders,all,79982,1983869,4.031617006969714,True
godzilla-minus-one,26,2024-10-24-to-2024-10-30,CHN,downloaders,without-hosting,74258,1691965,4.388861471720751,True
godzilla-minus-one,26,2024-10-24-to-2024-10-30,CHN,uploaders,all,3772,76989,4.8994012131603215,True
godzilla-minus-one,26,2024-10-24-to-2024-10-30,CHN,uploaders,without-hosting,2961,48446,6.111959707715807,True
godzilla-minus-one,26,2024-10-24-to-2024-10-30,KOR,downloaders,all,136871,1983869,6.89919546099062,True
godzilla-minus-one,26,2024-10-24-to-2024-10-30,KOR,downloaders,without-hosting,133230,1691965,7.874276359144545,True
godzilla-minus-one,26,2024-10-24-to-2024-10-30,KOR,uploaders,all,1038,76989,1.3482445544168646,True
godzilla-minus-one,26,2024-10-24-to-2024-10-30,KOR,uploaders,without-hosting,999,48446,2.062089749411716,True
godzilla-minus-one,26,2024-10-24-to-2024-10-30,asia-28,downloaders,all,313446,1983869,15.799732744450365,True
godzilla-minus-one,26,2024-10-24-to-2024-10-30,asia-28,downloaders,without-hosting,292156,1691965,17.267260256565592,True
godzilla-minus-one,26,2024-10-24-to-2024-10-30,asia-28,uploaders,all,17334,76989,22.514904726649263,True
godzilla-minus-one,26,2024-10-24-to-2024-10-30,asia-28,uploaders,without-hosting,15002,48446,30.9664368575321,True
godzilla-minus-one,26,2024-10-24-to-2024-10-30,eur-27,downloaders,all,430951,1983869,21.72275487948045,True
godzilla-minus-one,26,2024-10-24-to-2024-10-30,eur-27,downloaders,without-hosting,294502,1691965,17.405915607001326,True
godzilla-minus-one,26,2024-10-24-to-2024-10-30,eur-27,uploaders,all,13539,76989,17.58562911584772,True
godzilla-minus-one,26,2024-10-24-to-2024-10-30,eur-27,uploaders,without-hosting,7718,48446,15.93113982578541,True
godzilla-minus-one,26,2024-10-24-to-2024-10-30,usa-can,downloaders,all,178985,1983869,9.022017078748647,True
godzilla-minus-one,26,2024-10-24-to-2024-10-30,usa-can,downloaders,without-hosting,89204,1691965,5.272213077693688,True
godzilla-minus-one,26,2024-10-24-to-2024-10-30,usa-can,uploaders,all,23725,76989,30.816090610346933,True
godzilla-minus-one,26,2024-10-24-to-2024-10-30,usa-can,uploaders,without-hosting,6155,48446,12.704867274904016,True
godzilla-x-kong-the-new-empire,1,2024-05-14-to-2024-05-20,JPN,downloaders,all,32662,4682214,0.6975759758097344,True
godzilla-x-kong-the-new-empire,1,2024-05-14-to-2024-05-20,JPN,downloaders,without-hosting,26610,4109822,0.6474732968970432,True
godzilla-x-kong-the-new-empire,1,2024-05-14-to-2024-05-20,JPN,uploaders,all,4695,1454615,0.3227658177593384,True
godzilla-x-kong-the-new-empire,1,2024-05-14-to-2024-05-20,JPN,uploaders,without-hosting,3425,1294538,0.26457315273866044,True
godzilla-x-kong-the-new-empire,1,2024-05-14-to-2024-05-20,USA,downloaders,all,333801,4682214,7.129127374357515,True
godzilla-x-kong-the-new-empire,1,2024-05-14-to-2024-05-20,USA,downloaders,without-hosting,165384,4109822,4.024115886284126,True
godzilla-x-kong-the-new-empire,1,2024-05-14-to-2024-05-20,USA,uploaders,all,103209,1454615,7.095279506948574,True
godzilla-x-kong-the-new-empire,1,2024-05-14-to-2024-05-20,USA,uploaders,without-hosting,46886,1294538,3.62183265381163,True
godzilla-x-kong-the-new-empire,1,2024-05-14-to-2024-05-20,CHN,downloaders,all,169376,4682214,3.6174339746111563,True
godzilla-x-kong-the-new-empire,1,2024-05-14-to-2024-05-20,CHN,downloaders,without-hosting,165092,4109822,4.017010955705624,True
godzilla-x-kong-the-new-empire,1,2024-05-14-to-2024-05-20,CHN,uploaders,all,34344,1454615,2.361037112913039,True
godzilla-x-kong-the-new-empire,1,2024-05-14-to-2024-05-20,CHN,uploaders,without-hosting,33921,1294538,2.6203170551965256,True
godzilla-x-kong-the-new-empire,1,2024-05-14-to-2024-05-20,KOR,downloaders,all,199409,4682214,4.258861299376748,True
godzilla-x-kong-the-new-empire,1,2024-05-14-to-2024-05-20,KOR,downloaders,without-hosting,194335,4109822,4.728550287579365,True
godzilla-x-kong-the-new-empire,1,2024-05-14-to-2024-05-20,KOR,uploaders,all,31947,1454615,2.1962512417375044,True
godzilla-x-kong-the-new-empire,1,2024-05-14-to-2024-05-20,KOR,uploaders,without-hosting,31429,1294538,2.4278159466929514,True
godzilla-x-kong-the-new-empire,1,2024-05-14-to-2024-05-20,asia-28,downloaders,all,1287920,4682214,27.506645360506802,True
godzilla-x-kong-the-new-empire,1,2024-05-14-to-2024-05-20,asia-28,downloaders,without-hosting,1241957,4109822,30.219240638645665,True
godzilla-x-kong-the-new-empire,1,2024-05-14-to-2024-05-20,asia-28,uploaders,all,367860,1454615,25.289165861757233,True
godzilla-x-kong-the-new-empire,1,2024-05-14-to-2024-05-20,asia-28,uploaders,without-hosting,356853,1294538,27.56605059102166,True
godzilla-x-kong-the-new-empire,1,2024-05-14-to-2024-05-20,eur-27,downloaders,all,814709,4682214,17.400080389320095,True
godzilla-x-kong-the-new-empire,1,2024-05-14-to-2024-05-20,eur-27,downloaders,without-hosting,614110,4109822,14.942496293026803,True
godzilla-x-kong-the-new-empire,1,2024-05-14-to-2024-05-20,eur-27,uploaders,all,215028,1454615,14.782468213238554,True
godzilla-x-kong-the-new-empire,1,2024-05-14-to-2024-05-20,eur-27,uploaders,without-hosting,175664,1294538,13.56962870151359,True
godzilla-x-kong-the-new-empire,1,2024-05-14-to-2024-05-20,usa-can,downloaders,all,436235,4682214,9.316853095565474,True
godzilla-x-kong-the-new-empire,1,2024-05-14-to-2024-05-20,usa-can,downloaders,without-hosting,231792,4109822,5.639952289904526,True
godzilla-x-kong-the-new-empire,1,2024-05-14-to-2024-05-20,usa-can,uploaders,all,140488,1454615,9.658088222656854,True
godzilla-x-kong-the-new-empire,1,2024-05-14-to-2024-05-20,usa-can,uploaders,without-hosting,72029,1294538,5.564069961638824,True
godzilla-x-kong-the-new-empire,2,2024-05-21-to-2024-05-27,JPN,downloaders,all,44805,4289660,1.0444883743699966,True
godzilla-x-kong-the-new-empire,2,2024-05-21-to-2024-05-27,JPN,downloaders,without-hosting,38653,3740951,1.0332399435330748,True
godzilla-x-kong-the-new-empire,2,2024-05-21-to-2024-05-27,JPN,uploaders,all,2635,997233,0.26423112752987515,True
godzilla-x-kong-the-new-empire,2,2024-05-21-to-2024-05-27,JPN,uploaders,without-hosting,1887,893775,0.21112696148359486,True
godzilla-x-kong-the-new-empire,2,2024-05-21-to-2024-05-27,USA,downloaders,all,289250,4289660,6.742958649403449,True
godzilla-x-kong-the-new-empire,2,2024-05-21-to-2024-05-27,USA,downloaders,without-hosting,154908,3740951,4.140872200678384,True
godzilla-x-kong-the-new-empire,2,2024-05-21-to-2024-05-27,USA,uploaders,all,65658,997233,6.584017977744419,True
godzilla-x-kong-the-new-empire,2,2024-05-21-to-2024-05-27,USA,uploaders,without-hosting,28822,893775,3.224748958071103,True
godzilla-x-kong-the-new-empire,2,2024-05-21-to-2024-05-27,CHN,downloaders,all,161656,4289660,3.7685037975037647,True
godzilla-x-kong-the-new-empire,2,2024-05-21-to-2024-05-27,CHN,downloaders,without-hosting,154668,3740951,4.134456719695073,True
godzilla-x-kong-the-new-empire,2,2024-05-21-to-2024-05-27,CHN,uploaders,all,16705,997233,1.6751350988184306,True
godzilla-x-kong-the-new-empire,2,2024-05-21-to-2024-05-27,CHN,uploaders,without-hosting,16274,893775,1.820816200945428,True
godzilla-x-kong-the-new-empire,2,2024-05-21-to-2024-05-27,KOR,downloaders,all,269091,4289660,6.273014644517281,True
godzilla-x-kong-the-new-empire,2,2024-05-21-to-2024-05-27,KOR,downloaders,without-hosting,261346,3740951,6.9860845544354895,True
godzilla-x-kong-the-new-empire,2,2024-05-21-to-2024-05-27,KOR,uploaders,all,10809,997233,1.0838991489451313,True
godzilla-x-kong-the-new-empire,2,2024-05-21-to-2024-05-27,KOR,uploaders,without-hosting,10562,893775,1.1817291824004923,True
godzilla-x-kong-the-new-empire,2,2024-05-21-to-2024-05-27,asia-28,downloaders,all,1247143,4289660,29.07323657352797,True
godzilla-x-kong-the-new-empire,2,2024-05-21-to-2024-05-27,asia-28,downloaders,without-hosting,1201851,3740951,32.126884313641106,True
godzilla-x-kong-the-new-empire,2,2024-05-21-to-2024-05-27,asia-28,uploaders,all,266691,997233,26.74309815258821,True
godzilla-x-kong-the-new-empire,2,2024-05-21-to-2024-05-27,asia-28,uploaders,without-hosting,259217,893775,29.002489440854802,True
godzilla-x-kong-the-new-empire,2,2024-05-21-to-2024-05-27,eur-27,downloaders,all,698525,4289660,16.283924600084855,True
godzilla-x-kong-the-new-empire,2,2024-05-21-to-2024-05-27,eur-27,downloaders,without-hosting,463061,3740951,12.378162665054955,True
godzilla-x-kong-the-new-empire,2,2024-05-21-to-2024-05-27,eur-27,uploaders,all,123435,997233,12.377749232125291,True
godzilla-x-kong-the-new-empire,2,2024-05-21-to-2024-05-27,eur-27,uploaders,without-hosting,98511,893775,11.021901485273139,True
godzilla-x-kong-the-new-empire,2,2024-05-21-to-2024-05-27,usa-can,downloaders,all,381540,4289660,8.894411212077413,True
godzilla-x-kong-the-new-empire,2,2024-05-21-to-2024-05-27,usa-can,downloaders,without-hosting,216198,3740951,5.7792256567915485,True
godzilla-x-kong-the-new-empire,2,2024-05-21-to-2024-05-27,usa-can,uploaders,all,87750,997233,8.799347795349732,True
godzilla-x-kong-the-new-empire,2,2024-05-21-to-2024-05-27,usa-can,uploaders,without-hosting,43380,893775,4.853570529495679,True
godzilla-x-kong-the-new-empire,3,2024-05-28-to-2024-06-03,JPN,downloaders,all,45340,3948582,1.1482603121829558,True
godzilla-x-kong-the-new-empire,3,2024-05-28-to-2024-06-03,JPN,downloaders,without-hosting,39657,3433226,1.1550943631441681,True
godzilla-x-kong-the-new-empire,3,2024-05-28-to-2024-06-03,JPN,uploaders,all,1889,772432,0.24455227126789153,True
godzilla-x-kong-the-new-empire,3,2024-05-28-to-2024-06-03,JPN,uploaders,without-hosting,1325,689874,0.192064058074373,True
godzilla-x-kong-the-new-empire,3,2024-05-28-to-2024-06-03,USA,downloaders,all,263859,3948582,6.68237357106931,True
godzilla-x-kong-the-new-empire,3,2024-05-28-to-2024-06-03,USA,downloaders,without-hosting,145981,3433226,4.252006713219578,True
godzilla-x-kong-the-new-empire,3,2024-05-28-to-2024-06-03,USA,uploaders,all,53211,772432,6.888761729187812,True
godzilla-x-kong-the-new-empire,3,2024-05-28-to-2024-06-03,USA,uploaders,without-hosting,22541,689874,3.267408251361843,True
godzilla-x-kong-the-new-empire,3,2024-05-28-to-2024-06-03,CHN,downloaders,all,163001,3948582,4.12808952682254,True
godzilla-x-kong-the-new-empire,3,2024-05-28-to-2024-06-03,CHN,downloaders,without-hosting,155092,3433226,4.517383941517395,True
godzilla-x-kong-the-new-empire,3,2024-05-28-to-2024-06-03,CHN,uploaders,all,11523,772432,1.4917818008575512,True
godzilla-x-kong-the-new-empire,3,2024-05-28-to-2024-06-03,CHN,uploaders,without-hosting,11053,689874,1.6021766293555055,True
godzilla-x-kong-the-new-empire,3,2024-05-28-to-2024-06-03,KOR,downloaders,all,282287,3948582,7.149072755738643,True
godzilla-x-kong-the-new-empire,3,2024-05-28-to-2024-06-03,KOR,downloaders,without-hosting,273169,3433226,7.956627381943397,True
godzilla-x-kong-the-new-empire,3,2024-05-28-to-2024-06-03,KOR,uploaders,all,5975,772432,0.7735308739151149,True
godzilla-x-kong-the-new-empire,3,2024-05-28-to-2024-06-03,KOR,uploaders,without-hosting,5817,689874,0.843197453448021,True
godzilla-x-kong-the-new-empire,3,2024-05-28-to-2024-06-03,asia-28,downloaders,all,1127849,3948582,28.563393137080602,True
godzilla-x-kong-the-new-empire,3,2024-05-28-to-2024-06-03,asia-28,downloaders,without-hosting,1083845,3433226,31.56928789424291,True
godzilla-x-kong-the-new-empire,3,2024-05-28-to-2024-06-03,asia-28,uploaders,all,213360,772432,27.621848913561323,True
godzilla-x-kong-the-new-empire,3,2024-05-28-to-2024-06-03,asia-28,uploaders,without-hosting,207390,689874,30.062011323806956,True
godzilla-x-kong-the-new-empire,3,2024-05-28-to-2024-06-03,eur-27,downloaders,all,651254,3948582,16.493363946854846,True
godzilla-x-kong-the-new-empire,3,2024-05-28-to-2024-06-03,eur-27,downloaders,without-hosting,417548,3433226,12.161972442245283,True
godzilla-x-kong-the-new-empire,3,2024-05-28-to-2024-06-03,eur-27,uploaders,all,93102,772432,12.053099819789962,True
godzilla-x-kong-the-new-empire,3,2024-05-28-to-2024-06-03,eur-27,uploaders,without-hosting,73393,689874,10.638609369247138,True
godzilla-x-kong-the-new-empire,3,2024-05-28-to-2024-06-03,usa-can,downloaders,all,346079,3948582,8.76464006572486,True
godzilla-x-kong-the-new-empire,3,2024-05-28-to-2024-06-03,usa-can,downloaders,without-hosting,200567,3433226,5.841939913073011,True
godzilla-x-kong-the-new-empire,3,2024-05-28-to-2024-06-03,usa-can,uploaders,all,69452,772432,8.991341632661516,True
godzilla-x-kong-the-new-empire,3,2024-05-28-to-2024-06-03,usa-can,uploaders,without-hosting,32870,689874,4.764638180305389,True
godzilla-x-kong-the-new-empire,4,2024-06-04-to-2024-06-10,JPN,downloaders,all,45291,3665641,1.235554709258217,True
godzilla-x-kong-the-new-empire,4,2024-06-04-to-2024-06-10,JPN,downloaders,without-hosting,39112,3156770,1.2389879528758827,True
godzilla-x-kong-the-new-empire,4,2024-06-04-to-2024-06-10,JPN,uploaders,all,1720,652409,0.2636383005139414,True
godzilla-x-kong-the-new-empire,4,2024-06-04-to-2024-06-10,JPN,uploaders,without-hosting,1148,575832,0.19936370330235206,True
godzilla-x-kong-the-new-empire,4,2024-06-04-to-2024-06-10,USA,downloaders,all,260624,3665641,7.10991611017009,True
godzilla-x-kong-the-new-empire,4,2024-06-04-to-2024-06-10,USA,downloaders,without-hosting,143646,3156770,4.550410704612626,True
godzilla-x-kong-the-new-empire,4,2024-06-04-to-2024-06-10,USA,uploaders,all,48482,652409,7.431227956695876,True
godzilla-x-kong-the-new-empire,4,2024-06-04-to-2024-06-10,USA,uploaders,without-hosting,19818,575832,3.441628808402451,True
godzilla-x-kong-the-new-empire,4,2024-06-04-to-2024-06-10,CHN,downloaders,all,161179,3665641,4.397020875748607,True
godzilla-x-kong-the-new-empire,4,2024-06-04-to-2024-06-10,CHN,downloaders,without-hosting,153380,3156770,4.858763863062561,True
godzilla-x-kong-the-new-empire,4,2024-06-04-to-2024-06-10,CHN,uploaders,all,10297,652409,1.578304407204683,True
godzilla-x-kong-the-new-empire,4,2024-06-04-to-2024-06-10,CHN,uploaders,without-hosting,9875,575832,1.7149099042776366,True
godzilla-x-kong-the-new-empire,4,2024-06-04-to-2024-06-10,KOR,downloaders,all,277481,3665641,7.569781110588844,True
godzilla-x-kong-the-new-empire,4,2024-06-04-to-2024-06-10,KOR,downloaders,without-hosting,269322,3156770,8.531568660371203,True
godzilla-x-kong-the-new-empire,4,2024-06-04-to-2024-06-10,KOR,uploaders,all,4712,652409,0.7222463209428441,True
godzilla-x-kong-the-new-empire,4,2024-06-04-to-2024-06-10,KOR,uploaders,without-hosting,4575,575832,0.7945025632476139,True
godzilla-x-kong-the-new-empire,4,2024-06-04-to-2024-06-10,asia-28,downloaders,all,1045024,3665641,28.50862918654609,True
godzilla-x-kong-the-new-empire,4,2024-06-04-to-2024-06-10,asia-28,downloaders,without-hosting,1001757,3156770,31.73360745318791,True
godzilla-x-kong-the-new-empire,4,2024-06-04-to-2024-06-10,asia-28,uploaders,all,175178,652409,26.850947795018154,True
godzilla-x-kong-the-new-empire,4,2024-06-04-to-2024-06-10,asia-28,uploaders,without-hosting,169900,575832,29.505133441698273,True
godzilla-x-kong-the-new-empire,4,2024-06-04-to-2024-06-10,eur-27,downloaders,all,613111,3665641,16.72588777788114,True
godzilla-x-kong-the-new-empire,4,2024-06-04-to-2024-06-10,eur-27,downloaders,without-hosting,381820,3156770,12.095274600303474,True
godzilla-x-kong-the-new-empire,4,2024-06-04-to-2024-06-10,eur-27,uploaders,all,79903,652409,12.247378561607826,True
godzilla-x-kong-the-new-empire,4,2024-06-04-to-2024-06-10,eur-27,uploaders,without-hosting,61534,575832,10.686102891121022,True
godzilla-x-kong-the-new-empire,4,2024-06-04-to-2024-06-10,usa-can,downloaders,all,348649,3665641,9.511269652429139,True
godzilla-x-kong-the-new-empire,4,2024-06-04-to-2024-06-10,usa-can,downloaders,without-hosting,201085,3156770,6.369960434241329,True
godzilla-x-kong-the-new-empire,4,2024-06-04-to-2024-06-10,usa-can,uploaders,all,64815,652409,9.934718865006461,True
godzilla-x-kong-the-new-empire,4,2024-06-04-to-2024-06-10,usa-can,uploaders,without-hosting,29849,575832,5.183629947623612,True
godzilla-x-kong-the-new-empire,5,2024-06-11-to-2024-06-17,JPN,downloaders,all,30944,3383188,0.9146402742029116,True
godzilla-x-kong-the-new-empire,5,2024-06-11-to-2024-06-17,JPN,downloaders,without-hosting,26149,2947297,0.887219713520558,True
godzilla-x-kong-the-new-empire,5,2024-06-11-to-2024-06-17,JPN,uploaders,all,1507,568455,0.26510453773825543,True
godzilla-x-kong-the-new-empire,5,2024-06-11-to-2024-06-17,JPN,uploaders,without-hosting,991,497765,0.1990899319960222,True
godzilla-x-kong-the-new-empire,5,2024-06-11-to-2024-06-17,USA,downloaders,all,224486,3383188,6.63533921260066,True
godzilla-x-kong-the-new-empire,5,2024-06-11-to-2024-06-17,USA,downloaders,without-hosting,121712,2947297,4.129614355119283,True
godzilla-x-kong-the-new-empire,5,2024-06-11-to-2024-06-17,USA,uploaders,all,42136,568455,7.412372131479184,True
godzilla-x-kong-the-new-empire,5,2024-06-11-to-2024-06-17,USA,uploaders,without-hosting,16547,497765,3.324259439695439,True
godzilla-x-kong-the-new-empire,5,2024-06-11-to-2024-06-17,CHN,downloaders,all,105528,3383188,3.119188173994469,True
godzilla-x-kong-the-new-empire,5,2024-06-11-to-2024-06-17,CHN,downloaders,without-hosting,100062,2947297,3.3950429834522953,True
godzilla-x-kong-the-new-empire,5,2024-06-11-to-2024-06-17,CHN,uploaders,all,9025,568455,1.5876366642918085,True
godzilla-x-kong-the-new-empire,5,2024-06-11-to-2024-06-17,CHN,uploaders,without-hosting,8490,497765,1.705624139905377,True
godzilla-x-kong-the-new-empire,5,2024-06-11-to-2024-06-17,KOR,downloaders,all,179676,3383188,5.31084882069811,True
godzilla-x-kong-the-new-empire,5,2024-06-11-to-2024-06-17,KOR,downloaders,without-hosting,174336,2947297,5.915114764477417,True
godzilla-x-kong-the-new-empire,5,2024-06-11-to-2024-06-17,KOR,uploaders,all,4819,568455,0.8477364083348726,True
godzilla-x-kong-the-new-empire,5,2024-06-11-to-2024-06-17,KOR,uploaders,without-hosting,4674,497765,0.9389973180115114,True
godzilla-x-kong-the-new-empire,5,2024-06-11-to-2024-06-17,asia-28,downloaders,all,811885,3383188,23.997631819455496,True
godzilla-x-kong-the-new-empire,5,2024-06-11-to-2024-06-17,asia-28,downloaders,without-hosting,778798,2947297,26.424143885058072,True
godzilla-x-kong-the-new-empire,5,2024-06-11-to-2024-06-17,asia-28,uploaders,all,153865,568455,27.06722607770184,True
godzilla-x-kong-the-new-empire,5,2024-06-11-to-2024-06-17,asia-28,uploaders,without-hosting,148984,497765,29.93058973612046,True
godzilla-x-kong-the-new-empire,5,2024-06-11-to-2024-06-17,eur-27,downloaders,all,643693,3383188,19.026226151192308,True
godzilla-x-kong-the-new-empire,5,2024-06-11-to-2024-06-17,eur-27,downloaders,without-hosting,449923,2947297,15.265614561409997,True
godzilla-x-kong-the-new-empire,5,2024-06-11-to-2024-06-17,eur-27,uploaders,all,70004,568455,12.31478305230845,True
godzilla-x-kong-the-new-empire,5,2024-06-11-to-2024-06-17,eur-27,uploaders,without-hosting,52976,497765,10.642773196186956,True
godzilla-x-kong-the-new-empire,5,2024-06-11-to-2024-06-17,usa-can,downloaders,all,296456,3383188,8.762622709704575,True
godzilla-x-kong-the-new-empire,5,2024-06-11-to-2024-06-17,usa-can,downloaders,without-hosting,167093,2947297,5.6693641665566785,True
godzilla-x-kong-the-new-empire,5,2024-06-11-to-2024-06-17,usa-can,uploaders,all,57171,568455,10.057260469166424,True
godzilla-x-kong-the-new-empire,5,2024-06-11-to-2024-06-17,usa-can,uploaders,without-hosting,25289,497765,5.080509879159845,True
godzilla-x-kong-the-new-empire,6,2024-06-18-to-2024-06-24,JPN,downloaders,all,28356,3134906,0.9045247289711398,True
godzilla-x-kong-the-new-empire,6,2024-06-18-to-2024-06-24,JPN,downloaders,without-hosting,24207,2728472,0.8871998686444281,True
godzilla-x-kong-the-new-empire,6,2024-06-18-to-2024-06-24,JPN,uploaders,all,1297,504542,0.25706482314653684,True
godzilla-x-kong-the-new-empire,6,2024-06-18-to-2024-06-24,JPN,uploaders,without-hosting,885,441752,0.20033865155109654,True
godzilla-x-kong-the-new-empire,6,2024-06-18-to-2024-06-24,USA,downloaders,all,199067,3134906,6.35001496057617,True
godzilla-x-kong-the-new-empire,6,2024-06-18-to-2024-06-24,USA,downloaders,without-hosting,105836,2728472,3.878947630761833,True
godzilla-x-kong-the-new-empire,6,2024-06-18-to-2024-06-24,USA,uploaders,all,38127,504542,7.55675444264303,True
godzilla-x-kong-the-new-empire,6,2024-06-18-to-2024-06-24,USA,uploaders,without-hosting,14937,441752,3.381308969738677,True
godzilla-x-kong-the-new-empire,6,2024-06-18-to-2024-06-24,CHN,downloaders,all,93427,3134906,2.9802169506836886,True
godzilla-x-kong-the-new-empire,6,2024-06-18-to-2024-06-24,CHN,downloaders,without-hosting,88639,2728472,3.2486681190058024,True
godzilla-x-kong-the-new-empire,6,2024-06-18-to-2024-06-24,CHN,uploaders,all,8827,504542,1.749507474105228,True
godzilla-x-kong-the-new-empire,6,2024-06-18-to-2024-06-24,CHN,uploaders,without-hosting,8261,441752,1.8700537858345858,True
godzilla-x-kong-the-new-empire,6,2024-06-18-to-2024-06-24,KOR,downloaders,all,167711,3134906,5.349793582327508,True
godzilla-x-kong-the-new-empire,6,2024-06-18-to-2024-06-24,KOR,downloaders,without-hosting,162748,2728472,5.9648037436338,True
godzilla-x-kong-the-new-empire,6,2024-06-18-to-2024-06-24,KOR,uploaders,all,2910,504542,0.5767607057489763,True
godzilla-x-kong-the-new-empire,6,2024-06-18-to-2024-06-24,KOR,uploaders,without-hosting,2805,441752,0.6349716583060179,True
godzilla-x-kong-the-new-empire,6,2024-06-18-to-2024-06-24,asia-28,downloaders,all,729045,3134906,23.255721224177055,True
godzilla-x-kong-the-new-empire,6,2024-06-18-to-2024-06-24,asia-28,downloaders,without-hosting,699077,2728472,25.621556680808894,True
godzilla-x-kong-the-new-empire,6,2024-06-18-to-2024-06-24,asia-28,uploaders,all,136632,504542,27.080401631578738,True
godzilla-x-kong-the-new-empire,6,2024-06-18-to-2024-06-24,asia-28,uploaders,without-hosting,132177,441752,29.92108694471106,True
godzilla-x-kong-the-new-empire,6,2024-06-18-to-2024-06-24,eur-27,downloaders,all,486547,3134906,15.520305872010198,True
godzilla-x-kong-the-new-empire,6,2024-06-18-to-2024-06-24,eur-27,downloaders,without-hosting,309941,2728472,11.359508178936782,True
godzilla-x-kong-the-new-empire,6,2024-06-18-to-2024-06-24,eur-27,uploaders,all,63987,504542,12.682194941154552,True
godzilla-x-kong-the-new-empire,6,2024-06-18-to-2024-06-24,eur-27,uploaders,without-hosting,49250,441752,11.148789365979102,True
godzilla-x-kong-the-new-empire,6,2024-06-18-to-2024-06-24,usa-can,downloaders,all,264579,3134906,8.439774589732515,True
godzilla-x-kong-the-new-empire,6,2024-06-18-to-2024-06-24,usa-can,downloaders,without-hosting,147890,2728472,5.42024986879103,True
godzilla-x-kong-the-new-empire,6,2024-06-18-to-2024-06-24,usa-can,uploaders,all,51614,504542,10.229871844167581,True
godzilla-x-kong-the-new-empire,6,2024-06-18-to-2024-06-24,usa-can,uploaders,without-hosting,23003,441752,5.207220340824716,True
godzilla-x-kong-the-new-empire,7,2024-06-25-to-2024-07-01,JPN,downloaders,all,28343,2996099,0.9459967778100791,True
godzilla-x-kong-the-new-empire,7,2024-06-25-to-2024-07-01,JPN,downloaders,without-hosting,24263,2608695,0.9300818991871415,True
godzilla-x-kong-the-new-empire,7,2024-06-25-to-2024-07-01,JPN,uploaders,all,1078,449952,0.2395811108740488,True
godzilla-x-kong-the-new-empire,7,2024-06-25-to-2024-07-01,JPN,uploaders,without-hosting,716,389103,0.18401297342862943,True
godzilla-x-kong-the-new-empire,7,2024-06-25-to-2024-07-01,USA,downloaders,all,194029,2996099,6.476054362689617,True
godzilla-x-kong-the-new-empire,7,2024-06-25-to-2024-07-01,USA,downloaders,without-hosting,99606,2608695,3.8182309545577384,True
godzilla-x-kong-the-new-empire,7,2024-06-25-to-2024-07-01,USA,uploaders,all,38544,449952,8.566247066353744,True
godzilla-x-kong-the-new-empire,7,2024-06-25-to-2024-07-01,USA,uploaders,without-hosting,13863,389103,3.562809847264092,True
godzilla-x-kong-the-new-empire,7,2024-06-25-to-2024-07-01,CHN,downloaders,all,96180,2996099,3.2101742966437357,True
godzilla-x-kong-the-new-empire,7,2024-06-25-to-2024-07-01,CHN,downloaders,without-hosting,91125,2608695,3.4931258732814685,True
godzilla-x-kong-the-new-empire,7,2024-06-25-to-2024-07-01,CHN,uploaders,all,7627,449952,1.6950696963231633,True
godzilla-x-kong-the-new-empire,7,2024-06-25-to-2024-07-01,CHN,uploaders,without-hosting,7198,389103,1.8498957859487077,True
godzilla-x-kong-the-new-empire,7,2024-06-25-to-2024-07-01,KOR,downloaders,all,169698,2996099,5.663965042543654,True
godzilla-x-kong-the-new-empire,7,2024-06-25-to-2024-07-01,KOR,downloaders,without-hosting,164917,2608695,6.321819913788312,True
godzilla-x-kong-the-new-empire,7,2024-06-25-to-2024-07-01,KOR,uploaders,all,2013,449952,0.4473810539790911,True
godzilla-x-kong-the-new-empire,7,2024-06-25-to-2024-07-01,KOR,uploaders,without-hosting,1940,389103,0.49858263750215237,True
godzilla-x-kong-the-new-empire,7,2024-06-25-to-2024-07-01,asia-28,downloaders,all,695338,2996099,23.20811161446935,True
godzilla-x-kong-the-new-empire,7,2024-06-25-to-2024-07-01,asia-28,downloaders,without-hosting,666435,2608695,25.546681386670347,True
godzilla-x-kong-the-new-empire,7,2024-06-25-to-2024-07-01,asia-28,uploaders,all,122434,449952,27.21045800440936,True
godzilla-x-kong-the-new-empire,7,2024-06-25-to-2024-07-01,asia-28,uploaders,without-hosting,118621,389103,30.485758269661247,True
godzilla-x-kong-the-new-empire,7,2024-06-25-to-2024-07-01,eur-27,downloaders,all,487649,2996099,16.276131062424838,True
godzilla-x-kong-the-new-empire,7,2024-06-25-to-2024-07-01,eur-27,downloaders,without-hosting,319062,2608695,12.230713057678264,True
godzilla-x-kong-the-new-empire,7,2024-06-25-to-2024-07-01,eur-27,uploaders,all,58097,449952,12.911821705426357,True
godzilla-x-kong-the-new-empire,7,2024-06-25-to-2024-07-01,eur-27,uploaders,without-hosting,44329,389103,11.392613266924181,True
godzilla-x-kong-the-new-empire,7,2024-06-25-to-2024-07-01,usa-can,downloaders,all,255134,2996099,8.51553970679874,True
godzilla-x-kong-the-new-empire,7,2024-06-25-to-2024-07-01,usa-can,downloaders,without-hosting,139347,2608695,5.341636335409084,True
godzilla-x-kong-the-new-empire,7,2024-06-25-to-2024-07-01,usa-can,uploaders,all,51066,449952,11.34921058246213,True
godzilla-x-kong-the-new-empire,7,2024-06-25-to-2024-07-01,usa-can,uploaders,without-hosting,21430,389103,5.507539134882023,True
godzilla-x-kong-the-new-empire,8,2024-07-02-to-2024-07-08,JPN,downloaders,all,38025,2987428,1.2728340231128583,True
godzilla-x-kong-the-new-empire,8,2024-07-02-to-2024-07-08,JPN,downloaders,without-hosting,33217,2552708,1.3012455792045154,True
godzilla-x-kong-the-new-empire,8,2024-07-02-to-2024-07-08,JPN,uploaders,all,1045,403269,0.2591322417542633,True
godzilla-x-kong-the-new-empire,8,2024-07-02-to-2024-07-08,JPN,uploaders,without-hosting,650,345789,0.18797590438099535,True
godzilla-x-kong-the-new-empire,8,2024-07-02-to-2024-07-08,USA,downloaders,all,227314,2987428,7.609020200654208,True
godzilla-x-kong-the-new-empire,8,2024-07-02-to-2024-07-08,USA,downloaders,without-hosting,122859,2552708,4.812888900728168,True
godzilla-x-kong-the-new-empire,8,2024-07-02-to-2024-07-08,USA,uploaders,all,36918,403269,9.154683350319514,True
godzilla-x-kong-the-new-empire,8,2024-07-02-to-2024-07-08,USA,uploaders,without-hosting,13018,345789,3.7647235742027654,True
godzilla-x-kong-the-new-empire,8,2024-07-02-to-2024-07-08,CHN,downloaders,all,133549,2987428,4.47036715194475,True
godzilla-x-kong-the-new-empire,8,2024-07-02-to-2024-07-08,CHN,downloaders,without-hosting,126706,2552708,4.963591605463688,True
godzilla-x-kong-the-new-empire,8,2024-07-02-to-2024-07-08,CHN,uploaders,all,7681,403269,1.9046839702531064,True
godzilla-x-kong-the-new-empire,8,2024-07-02-to-2024-07-08,CHN,uploaders,without-hosting,7426,345789,2.1475524091281097,True
godzilla-x-kong-the-new-empire,8,2024-07-02-to-2024-07-08,KOR,downloaders,all,242775,2987428,8.126555686028249,True
godzilla-x-kong-the-new-empire,8,2024-07-02-to-2024-07-08,KOR,downloaders,without-hosting,236266,2552708,9.255504350673872,True
godzilla-x-kong-the-new-empire,8,2024-07-02-to-2024-07-08,KOR,uploaders,all,2017,403269,0.500162422601291,True
godzilla-x-kong-the-new-empire,8,2024-07-02-to-2024-07-08,KOR,uploaders,without-hosting,1962,345789,0.5673980375315583,True
godzilla-x-kong-the-new-empire,8,2024-07-02-to-2024-07-08,asia-28,downloaders,all,794863,2987428,26.606934125274318,True
godzilla-x-kong-the-new-empire,8,2024-07-02-to-2024-07-08,asia-28,downloaders,without-hosting,761271,2552708,29.822094810687318,True
godzilla-x-kong-the-new-empire,8,2024-07-02-to-2024-07-08,asia-28,uploaders,all,109521,403269,27.15829880303222,True
godzilla-x-kong-the-new-empire,8,2024-07-02-to-2024-07-08,asia-28,uploaders,without-hosting,106312,345789,30.744760533157503,True
godzilla-x-kong-the-new-empire,8,2024-07-02-to-2024-07-08,eur-27,downloaders,all,575633,2987428,19.268514588468744,True
godzilla-x-kong-the-new-empire,8,2024-07-02-to-2024-07-08,eur-27,downloaders,without-hosting,370989,2552708,14.533154595041815,True
godzilla-x-kong-the-new-empire,8,2024-07-02-to-2024-07-08,eur-27,uploaders,all,52758,403269,13.082582593752557,True
godzilla-x-kong-the-new-empire,8,2024-07-02-to-2024-07-08,eur-27,uploaders,without-hosting,39605,345789,11.453516450783571,True
godzilla-x-kong-the-new-empire,8,2024-07-02-to-2024-07-08,usa-can,downloaders,all,297435,2987428,9.956223212743538,True
godzilla-x-kong-the-new-empire,8,2024-07-02-to-2024-07-08,usa-can,downloaders,without-hosting,168905,2552708,6.616698815532368,True
godzilla-x-kong-the-new-empire,8,2024-07-02-to-2024-07-08,usa-can,uploaders,all,48193,403269,11.950583853457617,True
godzilla-x-kong-the-new-empire,8,2024-07-02-to-2024-07-08,usa-can,uploaders,without-hosting,19560,345789,5.656628753372721,True
godzilla-x-kong-the-new-empire,9,2024-07-09-to-2024-07-15,JPN,downloaders,all,36475,3055307,1.1938243849145111,True
godzilla-x-kong-the-new-empire,9,2024-07-09-to-2024-07-15,JPN,downloaders,without-hosting,32278,2629965,1.2273167133402916,True
godzilla-x-kong-the-new-empire,9,2024-07-09-to-2024-07-15,JPN,uploaders,all,991,379653,0.2610278333109445,True
godzilla-x-kong-the-new-empire,9,2024-07-09-to-2024-07-15,JPN,uploaders,without-hosting,657,323882,0.20285165584997006,True
godzilla-x-kong-the-new-empire,9,2024-07-09-to-2024-07-15,USA,downloaders,all,216101,3055307,7.07297171773573,True
godzilla-x-kong-the-new-empire,9,2024-07-09-to-2024-07-15,USA,downloaders,without-hosting,116146,2629965,4.416256490105382,True
godzilla-x-kong-the-new-empire,9,2024-07-09-to-2024-07-15,USA,uploaders,all,34708,379653,9.142032329521959,True
godzilla-x-kong-the-new-empire,9,2024-07-09-to-2024-07-15,USA,uploaders,without-hosting,11259,323882,3.4762660475111304,True
godzilla-x-kong-the-new-empire,9,2024-07-09-to-2024-07-15,CHN,downloaders,all,125317,3055307,4.101617284285998,True
godzilla-x-kong-the-new-empire,9,2024-07-09-to-2024-07-15,CHN,downloaders,without-hosting,118592,2629965,4.509261530096408,True
godzilla-x-kong-the-new-empire,9,2024-07-09-to-2024-07-15,CHN,uploaders,all,7195,379653,1.895151625299945,True
godzilla-x-kong-the-new-empire,9,2024-07-09-to-2024-07-15,CHN,uploaders,without-hosting,6822,323882,2.1063226730722917,True
godzilla-x-kong-the-new-empire,9,2024-07-09-to-2024-07-15,KOR,downloaders,all,235922,3055307,7.7217117625168274,True
godzilla-x-kong-the-new-empire,9,2024-07-09-to-2024-07-15,KOR,downloaders,without-hosting,229440,2629965,8.724070472420737,True
godzilla-x-kong-the-new-empire,9,2024-07-09-to-2024-07-15,KOR,uploaders,all,1819,379653,0.4791217243114107,True
godzilla-x-kong-the-new-empire,9,2024-07-09-to-2024-07-15,KOR,uploaders,without-hosting,1769,323882,0.5461865741226744,True
godzilla-x-kong-the-new-empire,9,2024-07-09-to-2024-07-15,asia-28,downloaders,all,764436,3055307,25.019940712995453,True
godzilla-x-kong-the-new-empire,9,2024-07-09-to-2024-07-15,asia-28,downloaders,without-hosting,732371,2629965,27.84717667345383,True
godzilla-x-kong-the-new-empire,9,2024-07-09-to-2024-07-15,asia-28,uploaders,all,103991,379653,27.391064998827876,True
godzilla-x-kong-the-new-empire,9,2024-07-09-to-2024-07-15,asia-28,uploaders,without-hosting,100829,323882,31.131399707300808,True
godzilla-x-kong-the-new-empire,9,2024-07-09-to-2024-07-15,eur-27,downloaders,all,634206,3055307,20.757521257274636,True
godzilla-x-kong-the-new-empire,9,2024-07-09-to-2024-07-15,eur-27,downloaders,without-hosting,429890,2629965,16.34584490668127,True
godzilla-x-kong-the-new-empire,9,2024-07-09-to-2024-07-15,eur-27,uploaders,all,50043,379653,13.18124708615499,True
godzilla-x-kong-the-new-empire,9,2024-07-09-to-2024-07-15,eur-27,uploaders,without-hosting,37091,323882,11.452010300047549,True
godzilla-x-kong-the-new-empire,9,2024-07-09-to-2024-07-15,usa-can,downloaders,all,287059,3055307,9.395422456728571,True
godzilla-x-kong-the-new-empire,9,2024-07-09-to-2024-07-15,usa-can,downloaders,without-hosting,162787,2629965,6.189702144325115,True
godzilla-x-kong-the-new-empire,9,2024-07-09-to-2024-07-15,usa-can,uploaders,all,45222,379653,11.911403307757347,True
godzilla-x-kong-the-new-empire,9,2024-07-09-to-2024-07-15,usa-can,uploaders,without-hosting,17355,323882,5.358433009552862,True
godzilla-x-kong-the-new-empire,10,2024-07-16-to-2024-07-22-partial,JPN,downloaders,all,24479,2166099,1.1300960851743156,False
godzilla-x-kong-the-new-empire,10,2024-07-16-to-2024-07-22-partial,JPN,downloaders,without-hosting,21602,1859881,1.1614721587026267,False
godzilla-x-kong-the-new-empire,10,2024-07-16-to-2024-07-22-partial,JPN,uploaders,all,674,260386,0.2588464817616923,False
godzilla-x-kong-the-new-empire,10,2024-07-16-to-2024-07-22-partial,JPN,uploaders,without-hosting,419,219654,0.19075455033825925,False
godzilla-x-kong-the-new-empire,10,2024-07-16-to-2024-07-22-partial,USA,downloaders,all,149861,2166099,6.918474178696357,False
godzilla-x-kong-the-new-empire,10,2024-07-16-to-2024-07-22-partial,USA,downloaders,without-hosting,77876,1859881,4.187149607958789,False
godzilla-x-kong-the-new-empire,10,2024-07-16-to-2024-07-22-partial,USA,uploaders,all,24458,260386,9.39297811710307,False
godzilla-x-kong-the-new-empire,10,2024-07-16-to-2024-07-22-partial,USA,uploaders,without-hosting,7820,219654,3.5601445910386333,False
godzilla-x-kong-the-new-empire,10,2024-07-16-to-2024-07-22-partial,CHN,downloaders,all,89497,2166099,4.1317132781096335,False
godzilla-x-kong-the-new-empire,10,2024-07-16-to-2024-07-22-partial,CHN,downloaders,without-hosting,83992,1859881,4.515987850835618,False
godzilla-x-kong-the-new-empire,10,2024-07-16-to-2024-07-22-partial,CHN,uploaders,all,5224,260386,2.006252256265698,False
godzilla-x-kong-the-new-empire,10,2024-07-16-to-2024-07-22-partial,CHN,uploaders,without-hosting,4804,219654,2.1870760377684904,False
godzilla-x-kong-the-new-empire,10,2024-07-16-to-2024-07-22-partial,KOR,downloaders,all,165192,2166099,7.626244229834371,False
godzilla-x-kong-the-new-empire,10,2024-07-16-to-2024-07-22-partial,KOR,downloaders,without-hosting,160309,1859881,8.61931489165167,False
godzilla-x-kong-the-new-empire,10,2024-07-16-to-2024-07-22-partial,KOR,uploaders,all,1037,260386,0.398254898496847,False
godzilla-x-kong-the-new-empire,10,2024-07-16-to-2024-07-22-partial,KOR,uploaders,without-hosting,991,219654,0.4511641035446657,False
godzilla-x-kong-the-new-empire,10,2024-07-16-to-2024-07-22-partial,asia-28,downloaders,all,527849,2166099,24.36864612374596,False
godzilla-x-kong-the-new-empire,10,2024-07-16-to-2024-07-22-partial,asia-28,downloaders,without-hosting,504451,1859881,27.122756778525076,False
godzilla-x-kong-the-new-empire,10,2024-07-16-to-2024-07-22-partial,asia-28,uploaders,all,72081,260386,27.68236387516994,False
godzilla-x-kong-the-new-empire,10,2024-07-16-to-2024-07-22-partial,asia-28,uploaders,without-hosting,69617,219654,31.693936827920275,False
godzilla-x-kong-the-new-empire,10,2024-07-16-to-2024-07-22-partial,eur-27,downloaders,all,452108,2166099,20.87199153870622,False
godzilla-x-kong-the-new-empire,10,2024-07-16-to-2024-07-22-partial,eur-27,downloaders,without-hosting,306095,1859881,16.457773373672833,False
godzilla-x-kong-the-new-empire,10,2024-07-16-to-2024-07-22-partial,eur-27,uploaders,all,35661,260386,13.695436774634581,False
godzilla-x-kong-the-new-empire,10,2024-07-16-to-2024-07-22-partial,eur-27,uploaders,without-hosting,25941,219654,11.809937447075855,False
godzilla-x-kong-the-new-empire,10,2024-07-16-to-2024-07-22-partial,usa-can,downloaders,all,203568,2166099,9.397908405848487,False
godzilla-x-kong-the-new-empire,10,2024-07-16-to-2024-07-22-partial,usa-can,downloaders,without-hosting,112250,1859881,6.0353323680386,False
godzilla-x-kong-the-new-empire,10,2024-07-16-to-2024-07-22-partial,usa-can,uploaders,all,32873,260386,12.624718686872566,False
godzilla-x-kong-the-new-empire,10,2024-07-16-to-2024-07-22-partial,usa-can,uploaders,without-hosting,12567,219654,5.721270725777814,False
godzilla-x-kong-the-new-empire,11,2024-07-23-to-2024-07-29,JPN,downloaders,all,49776,3376015,1.474401031985936,True
godzilla-x-kong-the-new-empire,11,2024-07-23-to-2024-07-29,JPN,downloaders,without-hosting,44731,2862786,1.5624989084060072,True
godzilla-x-kong-the-new-empire,11,2024-07-23-to-2024-07-29,JPN,uploaders,all,793,314918,0.25181158269771814,True
godzilla-x-kong-the-new-empire,11,2024-07-23-to-2024-07-29,JPN,uploaders,without-hosting,506,264446,0.19134341226564214,True
godzilla-x-kong-the-new-empire,11,2024-07-23-to-2024-07-29,USA,downloaders,all,236856,3376015,7.0158456049514,True
godzilla-x-kong-the-new-empire,11,2024-07-23-to-2024-07-29,USA,downloaders,without-hosting,130536,2862786,4.559754029815711,True
godzilla-x-kong-the-new-empire,11,2024-07-23-to-2024-07-29,USA,uploaders,all,30058,314918,9.544706876075677,True
godzilla-x-kong-the-new-empire,11,2024-07-23-to-2024-07-29,USA,uploaders,without-hosting,9618,264446,3.637037429191593,True
godzilla-x-kong-the-new-empire,11,2024-07-23-to-2024-07-29,CHN,downloaders,all,184307,3376015,5.459306312323849,True
godzilla-x-kong-the-new-empire,11,2024-07-23-to-2024-07-29,CHN,downloaders,without-hosting,173753,2862786,6.069367392463146,True
godzilla-x-kong-the-new-empire,11,2024-07-23-to-2024-07-29,CHN,uploaders,all,7472,314918,2.3726811423926226,True
godzilla-x-kong-the-new-empire,11,2024-07-23-to-2024-07-29,CHN,uploaders,without-hosting,6946,264446,2.626623204737451,True
godzilla-x-kong-the-new-empire,11,2024-07-23-to-2024-07-29,KOR,downloaders,all,354421,3376015,10.498205724796838,True
godzilla-x-kong-the-new-empire,11,2024-07-23-to-2024-07-29,KOR,downloaders,without-hosting,344325,2862786,12.027619249220864,True
godzilla-x-kong-the-new-empire,11,2024-07-23-to-2024-07-29,KOR,uploaders,all,1311,314918,0.41629884604881273,True
godzilla-x-kong-the-new-empire,11,2024-07-23-to-2024-07-29,KOR,uploaders,without-hosting,1249,264446,0.47230814608653565,True
godzilla-x-kong-the-new-empire,11,2024-07-23-to-2024-07-29,asia-28,downloaders,all,929211,3376015,27.52390021963765,True
godzilla-x-kong-the-new-empire,11,2024-07-23-to-2024-07-29,asia-28,downloaders,without-hosting,887804,2862786,31.011888419183272,True
godzilla-x-kong-the-new-empire,11,2024-07-23-to-2024-07-29,asia-28,uploaders,all,88835,314918,28.208930578753833,True
godzilla-x-kong-the-new-empire,11,2024-07-23-to-2024-07-29,asia-28,uploaders,without-hosting,85453,264446,32.31396958169154,True
godzilla-x-kong-the-new-empire,11,2024-07-23-to-2024-07-29,eur-27,downloaders,all,658012,3376015,19.490790177176347,True
godzilla-x-kong-the-new-empire,11,2024-07-23-to-2024-07-29,eur-27,downloaders,without-hosting,395176,2862786,13.80389592515822,True
godzilla-x-kong-the-new-empire,11,2024-07-23-to-2024-07-29,eur-27,uploaders,all,40218,314918,12.770943547209114,True
godzilla-x-kong-the-new-empire,11,2024-07-23-to-2024-07-29,eur-27,uploaders,without-hosting,29412,264446,11.122119449717523,True
godzilla-x-kong-the-new-empire,11,2024-07-23-to-2024-07-29,usa-can,downloaders,all,321660,3376015,9.5278012686555,True
godzilla-x-kong-the-new-empire,11,2024-07-23-to-2024-07-29,usa-can,downloaders,without-hosting,186322,2862786,6.508415229081042,True
godzilla-x-kong-the-new-empire,11,2024-07-23-to-2024-07-29,usa-can,uploaders,all,41892,314918,13.30251049479547,True
godzilla-x-kong-the-new-empire,11,2024-07-23-to-2024-07-29,usa-can,uploaders,without-hosting,15868,264446,6.0004689048047615,True
godzilla-x-kong-the-new-empire,12,2024-07-30-to-2024-08-05,JPN,downloaders,all,46101,3358879,1.372511483742046,True
godzilla-x-kong-the-new-empire,12,2024-07-30-to-2024-08-05,JPN,downloaders,without-hosting,41230,2882621,1.4302955539420548,True
godzilla-x-kong-the-new-empire,12,2024-07-30-to-2024-08-05,JPN,uploaders,all,690,286819,0.24056983672629778,True
godzilla-x-kong-the-new-empire,12,2024-07-30-to-2024-08-05,JPN,uploaders,without-hosting,439,238122,0.18435927801715088,True
godzilla-x-kong-the-new-empire,12,2024-07-30-to-2024-08-05,USA,downloaders,all,245796,3358879,7.317798586969046,True
godzilla-x-kong-the-new-empire,12,2024-07-30-to-2024-08-05,USA,downloaders,without-hosting,145486,2882621,5.04700409800664,True
godzilla-x-kong-the-new-empire,12,2024-07-30-to-2024-08-05,USA,uploaders,all,28923,286819,10.08405998207929,True
godzilla-x-kong-the-new-empire,12,2024-07-30-to-2024-08-05,USA,uploaders,without-hosting,8782,238122,3.6880254659376286,True
godzilla-x-kong-the-new-empire,12,2024-07-30-to-2024-08-05,CHN,downloaders,all,187856,3358879,5.592818318254394,True
godzilla-x-kong-the-new-empire,12,2024-07-30-to-2024-08-05,CHN,downloaders,without-hosting,177358,2882621,6.152664536891947,True
godzilla-x-kong-the-new-empire,12,2024-07-30-to-2024-08-05,CHN,uploaders,all,7531,286819,2.6256977396894907,True
godzilla-x-kong-the-new-empire,12,2024-07-30-to-2024-08-05,CHN,uploaders,without-hosting,7136,238122,2.996783161572639,True
godzilla-x-kong-the-new-empire,12,2024-07-30-to-2024-08-05,KOR,downloaders,all,336168,3358879,10.008339091702917,True
godzilla-x-kong-the-new-empire,12,2024-07-30-to-2024-08-05,KOR,downloaders,without-hosting,326512,2882621,11.326913943941989,True
godzilla-x-kong-the-new-empire,12,2024-07-30-to-2024-08-05,KOR,uploaders,all,1095,286819,0.381773871326516,True
godzilla-x-kong-the-new-empire,12,2024-07-30-to-2024-08-05,KOR,uploaders,without-hosting,1035,238122,0.43465114521127823,True
godzilla-x-kong-the-new-empire,12,2024-07-30-to-2024-08-05,asia-28,downloaders,all,866287,3358879,25.790955851639787,True
godzilla-x-kong-the-new-empire,12,2024-07-30-to-2024-08-05,asia-28,downloaders,without-hosting,826299,2882621,28.664850495434536,True
godzilla-x-kong-the-new-empire,12,2024-07-30-to-2024-08-05,asia-28,uploaders,all,80302,286819,27.997447867819076,True
godzilla-x-kong-the-new-empire,12,2024-07-30-to-2024-08-05,asia-28,uploaders,without-hosting,77337,238122,32.47788948522186,True
godzilla-x-kong-the-new-empire,12,2024-07-30-to-2024-08-05,eur-27,downloaders,all,707673,3358879,21.068725607561333,True
godzilla-x-kong-the-new-empire,12,2024-07-30-to-2024-08-05,eur-27,downloaders,without-hosting,467911,2882621,16.23213735000196,True
godzilla-x-kong-the-new-empire,12,2024-07-30-to-2024-08-05,eur-27,uploaders,all,36256,286819,12.640724638186452,True
godzilla-x-kong-the-new-empire,12,2024-07-30-to-2024-08-05,eur-27,uploaders,without-hosting,26276,238122,11.034679702001496,True
godzilla-x-kong-the-new-empire,12,2024-07-30-to-2024-08-05,usa-can,downloaders,all,327596,3358879,9.753134900066362,True
godzilla-x-kong-the-new-empire,12,2024-07-30-to-2024-08-05,usa-can,downloaders,without-hosting,200737,2882621,6.9636972741126915,True
godzilla-x-kong-the-new-empire,12,2024-07-30-to-2024-08-05,usa-can,uploaders,all,40720,286819,14.197106886224413,True
godzilla-x-kong-the-new-empire,12,2024-07-30-to-2024-08-05,usa-can,uploaders,without-hosting,14933,238122,6.271155122164269,True
godzilla-x-kong-the-new-empire,13,2024-08-06-to-2024-08-12,JPN,downloaders,all,36547,2996063,1.2198341623657447,True
godzilla-x-kong-the-new-empire,13,2024-08-06-to-2024-08-12,JPN,downloaders,without-hosting,32446,2584894,1.2552158811928071,True
godzilla-x-kong-the-new-empire,13,2024-08-06-to-2024-08-12,JPN,uploaders,all,697,262110,0.265918889016062,True
godzilla-x-kong-the-new-empire,13,2024-08-06-to-2024-08-12,JPN,uploaders,without-hosting,421,215688,0.1951893475761285,True
godzilla-x-kong-the-new-empire,13,2024-08-06-to-2024-08-12,USA,downloaders,all,196752,2996063,6.567018116775248,True
godzilla-x-kong-the-new-empire,13,2024-08-06-to-2024-08-12,USA,downloaders,without-hosting,107476,2584894,4.157849412780563,True
godzilla-x-kong-the-new-empire,13,2024-08-06-to-2024-08-12,USA,uploaders,all,27048,262110,10.31933157834497,True
godzilla-x-kong-the-new-empire,13,2024-08-06-to-2024-08-12,USA,uploaders,without-hosting,7784,215688,3.608916583212789,True
godzilla-x-kong-the-new-empire,13,2024-08-06-to-2024-08-12,CHN,downloaders,all,152758,2996063,5.098624428124508,True
godzilla-x-kong-the-new-empire,13,2024-08-06-to-2024-08-12,CHN,downloaders,without-hosting,143368,2584894,5.546378304100671,True
godzilla-x-kong-the-new-empire,13,2024-08-06-to-2024-08-12,CHN,uploaders,all,4201,262110,1.6027621990767236,True
godzilla-x-kong-the-new-empire,13,2024-08-06-to-2024-08-12,CHN,uploaders,without-hosting,3840,215688,1.7803493935684878,True
godzilla-x-kong-the-new-empire,13,2024-08-06-to-2024-08-12,KOR,downloaders,all,262688,2996063,8.767772907312029,True
godzilla-x-kong-the-new-empire,13,2024-08-06-to-2024-08-12,KOR,downloaders,without-hosting,255092,2584894,9.868567144339382,True
godzilla-x-kong-the-new-empire,13,2024-08-06-to-2024-08-12,KOR,uploaders,all,1001,262110,0.3819007287016901,True
godzilla-x-kong-the-new-empire,13,2024-08-06-to-2024-08-12,KOR,uploaders,without-hosting,957,215688,0.44369645042839656,True
godzilla-x-kong-the-new-empire,13,2024-08-06-to-2024-08-12,asia-28,downloaders,all,706178,2996063,23.570198623994223,True
godzilla-x-kong-the-new-empire,13,2024-08-06-to-2024-08-12,asia-28,downloaders,without-hosting,673124,2584894,26.04068097183095,True
godzilla-x-kong-the-new-empire,13,2024-08-06-to-2024-08-12,asia-28,uploaders,all,69217,262110,26.407615123421465,True
godzilla-x-kong-the-new-empire,13,2024-08-06-to-2024-08-12,asia-28,uploaders,without-hosting,66625,215688,30.88952561106784,True
godzilla-x-kong-the-new-empire,13,2024-08-06-to-2024-08-12,eur-27,downloaders,all,659425,2996063,22.009717419159745,True
godzilla-x-kong-the-new-empire,13,2024-08-06-to-2024-08-12,eur-27,downloaders,without-hosting,456711,2584894,17.668461453351664,True
godzilla-x-kong-the-new-empire,13,2024-08-06-to-2024-08-12,eur-27,uploaders,all,34658,262110,13.222692762580596,True
godzilla-x-kong-the-new-empire,13,2024-08-06-to-2024-08-12,eur-27,uploaders,without-hosting,24856,215688,11.524053262119358,True
godzilla-x-kong-the-new-empire,13,2024-08-06-to-2024-08-12,usa-can,downloaders,all,267123,2996063,8.915800502192377,True
godzilla-x-kong-the-new-empire,13,2024-08-06-to-2024-08-12,usa-can,downloaders,without-hosting,153752,2584894,5.948096904553919,True
godzilla-x-kong-the-new-empire,13,2024-08-06-to-2024-08-12,usa-can,uploaders,all,37900,262110,14.459578039754302,True
godzilla-x-kong-the-new-empire,13,2024-08-06-to-2024-08-12,usa-can,uploaders,without-hosting,13517,215688,6.266922591891992,True
godzilla-x-kong-the-new-empire,14,2024-08-13-to-2024-08-19,JPN,downloaders,all,41057,2902020,1.4147731580071812,True
godzilla-x-kong-the-new-empire,14,2024-08-13-to-2024-08-19,JPN,downloaders,without-hosting,36886,2482519,1.4858295142957616,True
godzilla-x-kong-the-new-empire,14,2024-08-13-to-2024-08-19,JPN,uploaders,all,728,237671,0.30630577563101935,True
godzilla-x-kong-the-new-empire,14,2024-08-13-to-2024-08-19,JPN,uploaders,without-hosting,436,192996,0.22591141785321975,True
godzilla-x-kong-the-new-empire,14,2024-08-13-to-2024-08-19,USA,downloaders,all,193980,2902020,6.684309549899725,True
godzilla-x-kong-the-new-empire,14,2024-08-13-to-2024-08-19,USA,downloaders,without-hosting,105119,2482519,4.234368397583261,True
godzilla-x-kong-the-new-empire,14,2024-08-13-to-2024-08-19,USA,uploaders,all,26507,237671,11.152812080565152,True
godzilla-x-kong-the-new-empire,14,2024-08-13-to-2024-08-19,USA,uploaders,without-hosting,7595,192996,3.9353147215486333,True
godzilla-x-kong-the-new-empire,14,2024-08-13-to-2024-08-19,CHN,downloaders,all,152175,2902020,5.243761242169247,True
godzilla-x-kong-the-new-empire,14,2024-08-13-to-2024-08-19,CHN,downloaders,without-hosting,142684,2482519,5.747549162765723,True
godzilla-x-kong-the-new-empire,14,2024-08-13-to-2024-08-19,CHN,uploaders,all,4360,237671,1.8344686562517094,True
godzilla-x-kong-the-new-empire,14,2024-08-13-to-2024-08-19,CHN,uploaders,without-hosting,3836,192996,1.9876059607453005,True
godzilla-x-kong-the-new-empire,14,2024-08-13-to-2024-08-19,KOR,downloaders,all,290567,2902020,10.012577446054816,True
godzilla-x-kong-the-new-empire,14,2024-08-13-to-2024-08-19,KOR,downloaders,without-hosting,282878,2482519,11.394796978391707,True
godzilla-x-kong-the-new-empire,14,2024-08-13-to-2024-08-19,KOR,uploaders,all,959,237671,0.4034989544370159,True
godzilla-x-kong-the-new-empire,14,2024-08-13-to-2024-08-19,KOR,uploaders,without-hosting,910,192996,0.47151236295052745,True
godzilla-x-kong-the-new-empire,14,2024-08-13-to-2024-08-19,asia-28,downloaders,all,729130,2902020,25.124912991640304,True
godzilla-x-kong-the-new-empire,14,2024-08-13-to-2024-08-19,asia-28,downloaders,without-hosting,696009,2482519,28.03640173549528,True
godzilla-x-kong-the-new-empire,14,2024-08-13-to-2024-08-19,asia-28,uploaders,all,63202,237671,26.59222202119737,True
godzilla-x-kong-the-new-empire,14,2024-08-13-to-2024-08-19,asia-28,uploaders,without-hosting,60607,192996,31.40324151795892,True
godzilla-x-kong-the-new-empire,14,2024-08-13-to-2024-08-19,eur-27,downloaders,all,585510,2902020,20.17594640974218,True
godzilla-x-kong-the-new-empire,14,2024-08-13-to-2024-08-19,eur-27,downloaders,without-hosting,374268,2482519,15.076138390078787,True
godzilla-x-kong-the-new-empire,14,2024-08-13-to-2024-08-19,eur-27,uploaders,all,31533,237671,13.267500031556226,True
godzilla-x-kong-the-new-empire,14,2024-08-13-to-2024-08-19,eur-27,uploaders,without-hosting,22310,192996,11.5598250740948,True
godzilla-x-kong-the-new-empire,14,2024-08-13-to-2024-08-19,usa-can,downloaders,all,264383,2902020,9.110309370714193,True
godzilla-x-kong-the-new-empire,14,2024-08-13-to-2024-08-19,usa-can,downloaders,without-hosting,151174,2482519,6.08954050301327,True
godzilla-x-kong-the-new-empire,14,2024-08-13-to-2024-08-19,usa-can,uploaders,all,37183,237671,15.644735790231033,True
godzilla-x-kong-the-new-empire,14,2024-08-13-to-2024-08-19,usa-can,uploaders,without-hosting,13095,192996,6.785114717403469,True
godzilla-x-kong-the-new-empire,15,2024-08-20-to-2024-08-26,JPN,downloaders,all,28051,2892119,0.9699116806742738,True
godzilla-x-kong-the-new-empire,15,2024-08-20-to-2024-08-26,JPN,downloaders,without-hosting,24762,2531781,0.9780466793928859,True
godzilla-x-kong-the-new-empire,15,2024-08-20-to-2024-08-26,JPN,uploaders,all,601,227602,0.2640574335902145,True
godzilla-x-kong-the-new-empire,15,2024-08-20-to-2024-08-26,JPN,uploaders,without-hosting,309,184780,0.16722589024786233,True
godzilla-x-kong-the-new-empire,15,2024-08-20-to-2024-08-26,USA,downloaders,all,175931,2892119,6.0831176033904555,True
godzilla-x-kong-the-new-empire,15,2024-08-20-to-2024-08-26,USA,downloaders,without-hosting,94004,2531781,3.7129593752382215,True
godzilla-x-kong-the-new-empire,15,2024-08-20-to-2024-08-26,USA,uploaders,all,25318,227602,11.12380383300674,True
godzilla-x-kong-the-new-empire,15,2024-08-20-to-2024-08-26,USA,uploaders,without-hosting,6938,184780,3.7547353609698018,True
godzilla-x-kong-the-new-empire,15,2024-08-20-to-2024-08-26,CHN,downloaders,all,114934,2892119,3.9740411788035,True
godzilla-x-kong-the-new-empire,15,2024-08-20-to-2024-08-26,CHN,downloaders,without-hosting,107382,2531781,4.241362108334014,True
godzilla-x-kong-the-new-empire,15,2024-08-20-to-2024-08-26,CHN,uploaders,all,4317,227602,1.8967320146571647,True
godzilla-x-kong-the-new-empire,15,2024-08-20-to-2024-08-26,CHN,uploaders,without-hosting,3697,184780,2.0007576577551682,True
godzilla-x-kong-the-new-empire,15,2024-08-20-to-2024-08-26,KOR,downloaders,all,192902,2892119,6.669919183823349,True
godzilla-x-kong-the-new-empire,15,2024-08-20-to-2024-08-26,KOR,downloaders,without-hosting,187658,2531781,7.412094490005257,True
godzilla-x-kong-the-new-empire,15,2024-08-20-to-2024-08-26,KOR,uploaders,all,831,227602,0.36511102714387395,True
godzilla-x-kong-the-new-empire,15,2024-08-20-to-2024-08-26,KOR,uploaders,without-hosting,787,184780,0.42591189522675615,True
godzilla-x-kong-the-new-empire,15,2024-08-20-to-2024-08-26,asia-28,downloaders,all,564241,2892119,19.509605241001495,True
godzilla-x-kong-the-new-empire,15,2024-08-20-to-2024-08-26,asia-28,downloaders,without-hosting,537798,2531781,21.241884665379825,True
godzilla-x-kong-the-new-empire,15,2024-08-20-to-2024-08-26,asia-28,uploaders,all,60571,227602,26.612683544081335,True
godzilla-x-kong-the-new-empire,15,2024-08-20-to-2024-08-26,asia-28,uploaders,without-hosting,57920,184780,31.345383699534583,True
godzilla-x-kong-the-new-empire,15,2024-08-20-to-2024-08-26,eur-27,downloaders,all,663765,2892119,22.95081910529961,True
godzilla-x-kong-the-new-empire,15,2024-08-20-to-2024-08-26,eur-27,downloaders,without-hosting,491114,2531781,19.397965305845965,True
godzilla-x-kong-the-new-empire,15,2024-08-20-to-2024-08-26,eur-27,uploaders,all,30165,227602,13.253398476287554,True
godzilla-x-kong-the-new-empire,15,2024-08-20-to-2024-08-26,eur-27,uploaders,without-hosting,21184,184780,11.464444203918173,True
godzilla-x-kong-the-new-empire,15,2024-08-20-to-2024-08-26,usa-can,downloaders,all,240103,2892119,8.301975126196398,True
godzilla-x-kong-the-new-empire,15,2024-08-20-to-2024-08-26,usa-can,downloaders,without-hosting,136346,2531781,5.385378909155254,True
godzilla-x-kong-the-new-empire,15,2024-08-20-to-2024-08-26,usa-can,uploaders,all,33981,227602,14.930009402377834,True
godzilla-x-kong-the-new-empire,15,2024-08-20-to-2024-08-26,usa-can,uploaders,without-hosting,11440,184780,6.1911462279467475,True
godzilla-x-kong-the-new-empire,16,2024-08-27-to-2024-09-02,JPN,downloaders,all,39093,2703187,1.4461818586727444,True
godzilla-x-kong-the-new-empire,16,2024-08-27-to-2024-09-02,JPN,downloaders,without-hosting,34868,2281968,1.5279793581680374,True
godzilla-x-kong-the-new-empire,16,2024-08-27-to-2024-09-02,JPN,uploaders,all,612,210224,0.2911180455133572,True
godzilla-x-kong-the-new-empire,16,2024-08-27-to-2024-09-02,JPN,uploaders,without-hosting,335,168982,0.19824596702607378,True
godzilla-x-kong-the-new-empire,16,2024-08-27-to-2024-09-02,USA,downloaders,all,186630,2703187,6.904072859184363,True
godzilla-x-kong-the-new-empire,16,2024-08-27-to-2024-09-02,USA,downloaders,without-hosting,96620,2281968,4.234064631931736,True
godzilla-x-kong-the-new-empire,16,2024-08-27-to-2024-09-02,USA,uploaders,all,24465,210224,11.637586574320725,True
godzilla-x-kong-the-new-empire,16,2024-08-27-to-2024-09-02,USA,uploaders,without-hosting,6488,168982,3.8394621912393037,True
godzilla-x-kong-the-new-empire,16,2024-08-27-to-2024-09-02,CHN,downloaders,all,158190,2703187,5.8519813834558985,True
godzilla-x-kong-the-new-empire,16,2024-08-27-to-2024-09-02,CHN,downloaders,without-hosting,148588,2281968,6.511397179977984,True
godzilla-x-kong-the-new-empire,16,2024-08-27-to-2024-09-02,CHN,uploaders,all,4129,210224,1.9640954410533527,True
godzilla-x-kong-the-new-empire,16,2024-08-27-to-2024-09-02,CHN,uploaders,without-hosting,3603,168982,2.132179758790877,True
godzilla-x-kong-the-new-empire,16,2024-08-27-to-2024-09-02,KOR,downloaders,all,280219,2703187,10.366245472473787,True
godzilla-x-kong-the-new-empire,16,2024-08-27-to-2024-09-02,KOR,downloaders,without-hosting,272323,2281968,11.933690568842332,True
godzilla-x-kong-the-new-empire,16,2024-08-27-to-2024-09-02,KOR,uploaders,all,850,210224,0.40433061876855164,True
godzilla-x-kong-the-new-empire,16,2024-08-27-to-2024-09-02,KOR,uploaders,without-hosting,803,168982,0.4751985418565291,True
godzilla-x-kong-the-new-empire,16,2024-08-27-to-2024-09-02,asia-28,downloaders,all,710848,2703187,26.296663900795615,True
godzilla-x-kong-the-new-empire,16,2024-08-27-to-2024-09-02,asia-28,downloaders,without-hosting,677829,2281968,29.70370311941272,True
godzilla-x-kong-the-new-empire,16,2024-08-27-to-2024-09-02,asia-28,uploaders,all,55880,210224,26.58117056092549,True
godzilla-x-kong-the-new-empire,16,2024-08-27-to-2024-09-02,asia-28,uploaders,without-hosting,53428,168982,31.617568735131552,True
godzilla-x-kong-the-new-empire,16,2024-08-27-to-2024-09-02,eur-27,downloaders,all,538202,2703187,19.90990634388224,True
godzilla-x-kong-the-new-empire,16,2024-08-27-to-2024-09-02,eur-27,downloaders,without-hosting,328097,2281968,14.377808978916445,True
godzilla-x-kong-the-new-empire,16,2024-08-27-to-2024-09-02,eur-27,uploaders,all,28198,210224,13.413311515336023,True
godzilla-x-kong-the-new-empire,16,2024-08-27-to-2024-09-02,eur-27,uploaders,without-hosting,19665,168982,11.637334153933555,True
godzilla-x-kong-the-new-empire,16,2024-08-27-to-2024-09-02,usa-can,downloaders,all,254799,2703187,9.425873977641947,True
godzilla-x-kong-the-new-empire,16,2024-08-27-to-2024-09-02,usa-can,downloaders,without-hosting,140012,2281968,6.135581217615672,True
godzilla-x-kong-the-new-empire,16,2024-08-27-to-2024-09-02,usa-can,uploaders,all,32718,210224,15.563399041022908,True
godzilla-x-kong-the-new-empire,16,2024-08-27-to-2024-09-02,usa-can,uploaders,without-hosting,10703,168982,6.3338107017315455,True
godzilla-x-kong-the-new-empire,17,2024-09-03-to-2024-09-09,JPN,downloaders,all,40234,2636136,1.5262490250882352,True
godzilla-x-kong-the-new-empire,17,2024-09-03-to-2024-09-09,JPN,downloaders,without-hosting,36087,2213299,1.6304620387936741,True
godzilla-x-kong-the-new-empire,17,2024-09-03-to-2024-09-09,JPN,uploaders,all,643,194628,0.3303738413794521,True
godzilla-x-kong-the-new-empire,17,2024-09-03-to-2024-09-09,JPN,uploaders,without-hosting,318,155287,0.20478211311957858,True
godzilla-x-kong-the-new-empire,17,2024-09-03-to-2024-09-09,USA,downloaders,all,182323,2636136,6.916297186488102,True
godzilla-x-kong-the-new-empire,17,2024-09-03-to-2024-09-09,USA,downloaders,without-hosting,91945,2213299,4.1542060065088355,True
godzilla-x-kong-the-new-empire,17,2024-09-03-to-2024-09-09,USA,uploaders,all,23315,194628,11.979263004295374,True
godzilla-x-kong-the-new-empire,17,2024-09-03-to-2024-09-09,USA,uploaders,without-hosting,5860,155287,3.7736578078010394,True
godzilla-x-kong-the-new-empire,17,2024-09-03-to-2024-09-09,CHN,downloaders,all,161328,2636136,6.11986634983931,True
godzilla-x-kong-the-new-empire,17,2024-09-03-to-2024-09-09,CHN,downloaders,without-hosting,152243,2213299,6.8785554956650685,True
godzilla-x-kong-the-new-empire,17,2024-09-03-to-2024-09-09,CHN,uploaders,all,4016,194628,2.0634235567338717,True
godzilla-x-kong-the-new-empire,17,2024-09-03-to-2024-09-09,CHN,uploaders,without-hosting,3593,155287,2.3137802906875655,True
godzilla-x-kong-the-new-empire,17,2024-09-03-to-2024-09-09,KOR,downloaders,all,280521,2636136,10.641370551443476,True
godzilla-x-kong-the-new-empire,17,2024-09-03-to-2024-09-09,KOR,downloaders,without-hosting,272589,2213299,12.315959118040535,True
godzilla-x-kong-the-new-empire,17,2024-09-03-to-2024-09-09,KOR,uploaders,all,706,194628,0.36274328462502825,True
godzilla-x-kong-the-new-empire,17,2024-09-03-to-2024-09-09,KOR,uploaders,without-hosting,658,155287,0.4237315422411406,True
godzilla-x-kong-the-new-empire,17,2024-09-03-to-2024-09-09,asia-28,downloaders,all,707580,2636136,26.84155900909513,True
godzilla-x-kong-the-new-empire,17,2024-09-03-to-2024-09-09,asia-28,downloaders,without-hosting,674524,2213299,30.47595467218844,True
godzilla-x-kong-the-new-empire,17,2024-09-03-to-2024-09-09,asia-28,uploaders,all,50703,194628,26.05123620445157,True
godzilla-x-kong-the-new-empire,17,2024-09-03-to-2024-09-09,asia-28,uploaders,without-hosting,48169,155287,31.019338386342707,True
godzilla-x-kong-the-new-empire,17,2024-09-03-to-2024-09-09,eur-27,downloaders,all,534101,2636136,20.26075285948828,True
godzilla-x-kong-the-new-empire,17,2024-09-03-to-2024-09-09,eur-27,downloaders,without-hosting,318621,2213299,14.395750416007958,True
godzilla-x-kong-the-new-empire,17,2024-09-03-to-2024-09-09,eur-27,uploaders,all,26131,194628,13.426125737303986,True
godzilla-x-kong-the-new-empire,17,2024-09-03-to-2024-09-09,eur-27,uploaders,without-hosting,18174,155287,11.70349095545667,True
godzilla-x-kong-the-new-empire,17,2024-09-03-to-2024-09-09,usa-can,downloaders,all,247975,2636136,9.40676050097567,True
godzilla-x-kong-the-new-empire,17,2024-09-03-to-2024-09-09,usa-can,downloaders,without-hosting,133711,2213299,6.041253350767339,True
godzilla-x-kong-the-new-empire,17,2024-09-03-to-2024-09-09,usa-can,uploaders,all,30657,194628,15.751587644121093,True
godzilla-x-kong-the-new-empire,17,2024-09-03-to-2024-09-09,usa-can,uploaders,without-hosting,9632,155287,6.202708533232015,True
godzilla-x-kong-the-new-empire,18,2024-09-10-to-2024-09-16,JPN,downloaders,all,36705,2594283,1.4148417886560565,True
godzilla-x-kong-the-new-empire,18,2024-09-10-to-2024-09-16,JPN,downloaders,without-hosting,32722,2189525,1.4944793962160743,True
godzilla-x-kong-the-new-empire,18,2024-09-10-to-2024-09-16,JPN,uploaders,all,514,182581,0.28151888750746246,True
godzilla-x-kong-the-new-empire,18,2024-09-10-to-2024-09-16,JPN,uploaders,without-hosting,267,145115,0.18399200633979948,True
godzilla-x-kong-the-new-empire,18,2024-09-10-to-2024-09-16,USA,downloaders,all,174849,2594283,6.739781280608168,True
godzilla-x-kong-the-new-empire,18,2024-09-10-to-2024-09-16,USA,downloaders,without-hosting,86935,2189525,3.9704958838104156,True
godzilla-x-kong-the-new-empire,18,2024-09-10-to-2024-09-16,USA,uploaders,all,22582,182581,12.368209178392057,True
godzilla-x-kong-the-new-empire,18,2024-09-10-to-2024-09-16,USA,uploaders,without-hosting,5686,145115,3.9182717155359543,True
godzilla-x-kong-the-new-empire,18,2024-09-10-to-2024-09-16,CHN,downloaders,all,141365,2594283,5.449097110839488,True
godzilla-x-kong-the-new-empire,18,2024-09-10-to-2024-09-16,CHN,downloaders,without-hosting,133793,2189525,6.110594763704457,True
godzilla-x-kong-the-new-empire,18,2024-09-10-to-2024-09-16,CHN,uploaders,all,4036,182581,2.2105257392609308,True
godzilla-x-kong-the-new-empire,18,2024-09-10-to-2024-09-16,CHN,uploaders,without-hosting,3463,145115,2.3863832133135787,True
godzilla-x-kong-the-new-empire,18,2024-09-10-to-2024-09-16,KOR,downloaders,all,260398,2594283,10.037378343072055,True
godzilla-x-kong-the-new-empire,18,2024-09-10-to-2024-09-16,KOR,downloaders,without-hosting,253680,2189525,11.586074605222594,True
godzilla-x-kong-the-new-empire,18,2024-09-10-to-2024-09-16,KOR,uploaders,all,685,182581,0.37517594930469217,True
godzilla-x-kong-the-new-empire,18,2024-09-10-to-2024-09-16,KOR,uploaders,without-hosting,657,145115,0.4527443751507425,True
godzilla-x-kong-the-new-empire,18,2024-09-10-to-2024-09-16,asia-28,downloaders,all,651101,2594283,25.09753176503874,True
godzilla-x-kong-the-new-empire,18,2024-09-10-to-2024-09-16,asia-28,downloaders,without-hosting,621437,2189525,28.382274694283005,True
godzilla-x-kong-the-new-empire,18,2024-09-10-to-2024-09-16,asia-28,uploaders,all,45642,182581,24.99821996812374,True
godzilla-x-kong-the-new-empire,18,2024-09-10-to-2024-09-16,asia-28,uploaders,without-hosting,43236,145115,29.794301071563932,True
godzilla-x-kong-the-new-empire,18,2024-09-10-to-2024-09-16,eur-27,downloaders,all,554770,2594283,21.38432854087237,True
godzilla-x-kong-the-new-empire,18,2024-09-10-to-2024-09-16,eur-27,downloaders,without-hosting,351095,2189525,16.035213117000264,True
godzilla-x-kong-the-new-empire,18,2024-09-10-to-2024-09-16,eur-27,uploaders,all,25224,182581,13.815238168265044,True
godzilla-x-kong-the-new-empire,18,2024-09-10-to-2024-09-16,eur-27,uploaders,without-hosting,17699,145115,12.196533783550978,True
godzilla-x-kong-the-new-empire,18,2024-09-10-to-2024-09-16,usa-can,downloaders,all,238257,2594283,9.183924806969786,True
godzilla-x-kong-the-new-empire,18,2024-09-10-to-2024-09-16,usa-can,downloaders,without-hosting,126809,2189525,5.791621470410249,True
godzilla-x-kong-the-new-empire,18,2024-09-10-to-2024-09-16,usa-can,uploaders,all,28929,182581,15.844474507205021,True
godzilla-x-kong-the-new-empire,18,2024-09-10-to-2024-09-16,usa-can,uploaders,without-hosting,9024,145115,6.218516349102436,True
godzilla-x-kong-the-new-empire,19,2024-09-17-to-2024-09-23,JPN,downloaders,all,38354,2633154,1.4565802076141388,True
godzilla-x-kong-the-new-empire,19,2024-09-17-to-2024-09-23,JPN,downloaders,without-hosting,34347,2222822,1.5451979510730054,True
godzilla-x-kong-the-new-empire,19,2024-09-17-to-2024-09-23,JPN,uploaders,all,530,178485,0.29694372076084824,True
godzilla-x-kong-the-new-empire,19,2024-09-17-to-2024-09-23,JPN,uploaders,without-hosting,294,140524,0.20921693091571547,True
godzilla-x-kong-the-new-empire,19,2024-09-17-to-2024-09-23,USA,downloaders,all,177716,2633154,6.749168487676756,True
godzilla-x-kong-the-new-empire,19,2024-09-17-to-2024-09-23,USA,downloaders,without-hosting,89566,2222822,4.029382469671436,True
godzilla-x-kong-the-new-empire,19,2024-09-17-to-2024-09-23,USA,uploaders,all,22187,178485,12.430736476454603,True
godzilla-x-kong-the-new-empire,19,2024-09-17-to-2024-09-23,USA,uploaders,without-hosting,5644,140524,4.016395775810538,True
godzilla-x-kong-the-new-empire,19,2024-09-17-to-2024-09-23,CHN,downloaders,all,148126,2633154,5.6254210729794005,True
godzilla-x-kong-the-new-empire,19,2024-09-17-to-2024-09-23,CHN,downloaders,without-hosting,140048,2222822,6.300459505979336,True
godzilla-x-kong-the-new-empire,19,2024-09-17-to-2024-09-23,CHN,uploaders,all,4088,178485,2.2903885480572597,True
godzilla-x-kong-the-new-empire,19,2024-09-17-to-2024-09-23,CHN,uploaders,without-hosting,3513,140524,2.4999288377786,True
godzilla-x-kong-the-new-empire,19,2024-09-17-to-2024-09-23,KOR,downloaders,all,292352,2633154,11.102730793565435,True
godzilla-x-kong-the-new-empire,19,2024-09-17-to-2024-09-23,KOR,downloaders,without-hosting,285011,2222822,12.82203433293354,True
godzilla-x-kong-the-new-empire,19,2024-09-17-to-2024-09-23,KOR,uploaders,all,886,178485,0.4964002577247388,True
godzilla-x-kong-the-new-empire,19,2024-09-17-to-2024-09-23,KOR,uploaders,without-hosting,844,140524,0.6006091486151832,True
godzilla-x-kong-the-new-empire,19,2024-09-17-to-2024-09-23,asia-28,downloaders,all,684648,2633154,26.00106184446485,True
godzilla-x-kong-the-new-empire,19,2024-09-17-to-2024-09-23,asia-28,downloaders,without-hosting,654088,2222822,29.426017917763996,True
godzilla-x-kong-the-new-empire,19,2024-09-17-to-2024-09-23,asia-28,uploaders,all,43763,178485,24.51914726727736,True
godzilla-x-kong-the-new-empire,19,2024-09-17-to-2024-09-23,asia-28,uploaders,without-hosting,41611,140524,29.61131194671373,True
godzilla-x-kong-the-new-empire,19,2024-09-17-to-2024-09-23,eur-27,downloaders,all,530095,2633154,20.131560858195154,True
godzilla-x-kong-the-new-empire,19,2024-09-17-to-2024-09-23,eur-27,downloaders,without-hosting,323904,2222822,14.571747085461634,True
godzilla-x-kong-the-new-empire,19,2024-09-17-to-2024-09-23,eur-27,uploaders,all,24200,178485,13.55856234417458,True
godzilla-x-kong-the-new-empire,19,2024-09-17-to-2024-09-23,eur-27,uploaders,without-hosting,16345,140524,11.631465087814181,True
godzilla-x-kong-the-new-empire,19,2024-09-17-to-2024-09-23,usa-can,downloaders,all,244969,2633154,9.303253816525732,True
godzilla-x-kong-the-new-empire,19,2024-09-17-to-2024-09-23,usa-can,downloaders,without-hosting,131962,2222822,5.936687687993011,True
godzilla-x-kong-the-new-empire,19,2024-09-17-to-2024-09-23,usa-can,uploaders,all,29876,178485,16.73866151217189,True
godzilla-x-kong-the-new-empire,19,2024-09-17-to-2024-09-23,usa-can,uploaders,without-hosting,9474,140524,6.741908855426831,True
godzilla-x-kong-the-new-empire,20,2024-09-24-to-2024-09-30,JPN,downloaders,all,33797,2557189,1.3216465423556882,True
godzilla-x-kong-the-new-empire,20,2024-09-24-to-2024-09-30,JPN,downloaders,without-hosting,30276,2170757,1.3947208278033885,True
godzilla-x-kong-the-new-empire,20,2024-09-24-to-2024-09-30,JPN,uploaders,all,702,179202,0.3917366993671946,True
godzilla-x-kong-the-new-empire,20,2024-09-24-to-2024-09-30,JPN,uploaders,without-hosting,461,140050,0.3291681542306319,True
godzilla-x-kong-the-new-empire,20,2024-09-24-to-2024-09-30,USA,downloaders,all,176003,2557189,6.882674686931627,True
godzilla-x-kong-the-new-empire,20,2024-09-24-to-2024-09-30,USA,downloaders,without-hosting,90318,2170757,4.1606683751336515,True
godzilla-x-kong-the-new-empire,20,2024-09-24-to-2024-09-30,USA,uploaders,all,23070,179202,12.873740248434727,True
godzilla-x-kong-the-new-empire,20,2024-09-24-to-2024-09-30,USA,uploaders,without-hosting,5908,140050,4.218493395215995,True
godzilla-x-kong-the-new-empire,20,2024-09-24-to-2024-09-30,CHN,downloaders,all,142420,2557189,5.5693967086515705,True
godzilla-x-kong-the-new-empire,20,2024-09-24-to-2024-09-30,CHN,downloaders,without-hosting,135519,2170757,6.242937371617367,True
godzilla-x-kong-the-new-empire,20,2024-09-24-to-2024-09-30,CHN,uploaders,all,4620,179202,2.5780962266046137,True
godzilla-x-kong-the-new-empire,20,2024-09-24-to-2024-09-30,CHN,uploaders,without-hosting,3992,140050,2.850410567654409,True
godzilla-x-kong-the-new-empire,20,2024-09-24-to-2024-09-30,KOR,downloaders,all,240842,2557189,9.41823228552915,True
godzilla-x-kong-the-new-empire,20,2024-09-24-to-2024-09-30,KOR,downloaders,without-hosting,234376,2170757,10.796970826306215,True
godzilla-x-kong-the-new-empire,20,2024-09-24-to-2024-09-30,KOR,uploaders,all,2125,179202,1.1858126583408668,True
godzilla-x-kong-the-new-empire,20,2024-09-24-to-2024-09-30,KOR,uploaders,without-hosting,2048,140050,1.4623348803998573,True
godzilla-x-kong-the-new-empire,20,2024-09-24-to-2024-09-30,asia-28,downloaders,all,603037,2557189,23.582026983535435,True
godzilla-x-kong-the-new-empire,20,2024-09-24-to-2024-09-30,asia-28,downloaders,without-hosting,575574,2170757,26.514897798325652,True
godzilla-x-kong-the-new-empire,20,2024-09-24-to-2024-09-30,asia-28,uploaders,all,45114,179202,25.17494224394817,True
godzilla-x-kong-the-new-empire,20,2024-09-24-to-2024-09-30,asia-28,uploaders,without-hosting,42772,140050,30.540521242413423,True
godzilla-x-kong-the-new-empire,20,2024-09-24-to-2024-09-30,eur-27,downloaders,all,527258,2557189,20.61865587565096,True
godzilla-x-kong-the-new-empire,20,2024-09-24-to-2024-09-30,eur-27,downloaders,without-hosting,335416,2170757,15.451568277794337,True
godzilla-x-kong-the-new-empire,20,2024-09-24-to-2024-09-30,eur-27,uploaders,all,25289,179202,14.112007678485732,True
godzilla-x-kong-the-new-empire,20,2024-09-24-to-2024-09-30,eur-27,uploaders,without-hosting,16654,140050,11.891467333095322,True
godzilla-x-kong-the-new-empire,20,2024-09-24-to-2024-09-30,usa-can,downloaders,all,237222,2557189,9.276670594156318,True
godzilla-x-kong-the-new-empire,20,2024-09-24-to-2024-09-30,usa-can,downloaders,without-hosting,129415,2170757,5.96174514236278,True
godzilla-x-kong-the-new-empire,20,2024-09-24-to-2024-09-30,usa-can,uploaders,all,30068,179202,16.778830593408557,True
godzilla-x-kong-the-new-empire,20,2024-09-24-to-2024-09-30,usa-can,uploaders,without-hosting,9565,140050,6.829703677258122,True
godzilla-x-kong-the-new-empire,21,2024-10-01-to-2024-10-07,JPN,downloaders,all,26908,2513857,1.070387058611528,True
godzilla-x-kong-the-new-empire,21,2024-10-01-to-2024-10-07,JPN,downloaders,without-hosting,23947,2168913,1.104101455429517,True
godzilla-x-kong-the-new-empire,21,2024-10-01-to-2024-10-07,JPN,uploaders,all,623,173325,0.3594403577095053,True
godzilla-x-kong-the-new-empire,21,2024-10-01-to-2024-10-07,JPN,uploaders,without-hosting,344,134720,0.25534441805225655,True
godzilla-x-kong-the-new-empire,21,2024-10-01-to-2024-10-07,USA,downloaders,all,155039,2513857,6.167375471238022,True
godzilla-x-kong-the-new-empire,21,2024-10-01-to-2024-10-07,USA,downloaders,without-hosting,74849,2168913,3.4509913491228095,True
godzilla-x-kong-the-new-empire,21,2024-10-01-to-2024-10-07,USA,uploaders,all,23350,173325,13.47180152891966,True
godzilla-x-kong-the-new-empire,21,2024-10-01-to-2024-10-07,USA,uploaders,without-hosting,5614,134720,4.167161520190024,True
godzilla-x-kong-the-new-empire,21,2024-10-01-to-2024-10-07,CHN,downloaders,all,105053,2513857,4.178956877817632,True
godzilla-x-kong-the-new-empire,21,2024-10-01-to-2024-10-07,CHN,downloaders,without-hosting,98956,2168913,4.562469771724362,True
godzilla-x-kong-the-new-empire,21,2024-10-01-to-2024-10-07,CHN,uploaders,all,4638,173325,2.675897879705755,True
godzilla-x-kong-the-new-empire,21,2024-10-01-to-2024-10-07,CHN,uploaders,without-hosting,4134,134720,3.0685866983372923,True
godzilla-x-kong-the-new-empire,21,2024-10-01-to-2024-10-07,KOR,downloaders,all,193504,2513857,7.697494328436343,True
godzilla-x-kong-the-new-empire,21,2024-10-01-to-2024-10-07,KOR,downloaders,without-hosting,188662,2168913,8.698458628815448,True
godzilla-x-kong-the-new-empire,21,2024-10-01-to-2024-10-07,KOR,uploaders,all,1694,173325,0.9773546805134862,True
godzilla-x-kong-the-new-empire,21,2024-10-01-to-2024-10-07,KOR,uploaders,without-hosting,1638,134720,1.215855106888361,True
godzilla-x-kong-the-new-empire,21,2024-10-01-to-2024-10-07,asia-28,downloaders,all,495944,2513857,19.728409372529942,True
godzilla-x-kong-the-new-empire,21,2024-10-01-to-2024-10-07,asia-28,downloaders,without-hosting,472647,2168913,21.791883768505237,True
godzilla-x-kong-the-new-empire,21,2024-10-01-to-2024-10-07,asia-28,uploaders,all,42956,173325,24.78349920669263,True
godzilla-x-kong-the-new-empire,21,2024-10-01-to-2024-10-07,asia-28,uploaders,without-hosting,40715,134720,30.221941805225654,True
godzilla-x-kong-the-new-empire,21,2024-10-01-to-2024-10-07,eur-27,downloaders,all,538541,2513857,21.422897165590566,True
godzilla-x-kong-the-new-empire,21,2024-10-01-to-2024-10-07,eur-27,downloaders,without-hosting,372761,2168913,17.186535375093424,True
godzilla-x-kong-the-new-empire,21,2024-10-01-to-2024-10-07,eur-27,uploaders,all,24760,173325,14.285302177989326,True
godzilla-x-kong-the-new-empire,21,2024-10-01-to-2024-10-07,eur-27,uploaders,without-hosting,16583,134720,12.309233966745843,True
godzilla-x-kong-the-new-empire,21,2024-10-01-to-2024-10-07,usa-can,downloaders,all,208555,2513857,8.296215735421704,True
godzilla-x-kong-the-new-empire,21,2024-10-01-to-2024-10-07,usa-can,downloaders,without-hosting,108289,2168913,4.992777488078129,True
godzilla-x-kong-the-new-empire,21,2024-10-01-to-2024-10-07,usa-can,uploaders,all,29863,173325,17.22948218664359,True
godzilla-x-kong-the-new-empire,21,2024-10-01-to-2024-10-07,usa-can,uploaders,without-hosting,9053,134720,6.719863420427553,True
godzilla-x-kong-the-new-empire,22,2024-10-08-to-2024-10-14,JPN,downloaders,all,29340,2437089,1.2038953029618533,True
godzilla-x-kong-the-new-empire,22,2024-10-08-to-2024-10-14,JPN,downloaders,without-hosting,26213,2076301,1.262485545207559,True
godzilla-x-kong-the-new-empire,22,2024-10-08-to-2024-10-14,JPN,uploaders,all,1014,180500,0.5617728531855956,True
godzilla-x-kong-the-new-empire,22,2024-10-08-to-2024-10-14,JPN,uploaders,without-hosting,725,140377,0.5164663726963818,True
godzilla-x-kong-the-new-empire,22,2024-10-08-to-2024-10-14,USA,downloaders,all,166486,2437089,6.831346741953207,True
godzilla-x-kong-the-new-empire,22,2024-10-08-to-2024-10-14,USA,downloaders,without-hosting,83073,2076301,4.001009487545399,True
godzilla-x-kong-the-new-empire,22,2024-10-08-to-2024-10-14,USA,uploaders,all,24198,180500,13.406094182825484,True
godzilla-x-kong-the-new-empire,22,2024-10-08-to-2024-10-14,USA,uploaders,without-hosting,6343,140377,4.51854648553538,True
godzilla-x-kong-the-new-empire,22,2024-10-08-to-2024-10-14,CHN,downloaders,all,119879,2437089,4.918942229848807,True
godzilla-x-kong-the-new-empire,22,2024-10-08-to-2024-10-14,CHN,downloaders,without-hosting,112857,2076301,5.435483583545931,True
godzilla-x-kong-the-new-empire,22,2024-10-08-to-2024-10-14,CHN,uploaders,all,5522,180500,3.0592797783933516,True
godzilla-x-kong-the-new-empire,22,2024-10-08-to-2024-10-14,CHN,uploaders,without-hosting,4731,140377,3.3702102196228725,True
godzilla-x-kong-the-new-empire,22,2024-10-08-to-2024-10-14,KOR,downloaders,all,203292,2437089,8.341591135982313,True
godzilla-x-kong-the-new-empire,22,2024-10-08-to-2024-10-14,KOR,downloaders,without-hosting,198124,2076301,9.542161757856881,True
godzilla-x-kong-the-new-empire,22,2024-10-08-to-2024-10-14,KOR,uploaders,all,4700,180500,2.6038781163434903,True
godzilla-x-kong-the-new-empire,22,2024-10-08-to-2024-10-14,KOR,uploaders,without-hosting,4545,140377,3.2377098812483527,True
godzilla-x-kong-the-new-empire,22,2024-10-08-to-2024-10-14,asia-28,downloaders,all,512271,2437089,21.019790413891325,True
godzilla-x-kong-the-new-empire,22,2024-10-08-to-2024-10-14,asia-28,downloaders,without-hosting,486512,2076301,23.43167007095792,True
godzilla-x-kong-the-new-empire,22,2024-10-08-to-2024-10-14,asia-28,uploaders,all,43938,180500,24.342382271468143,True
godzilla-x-kong-the-new-empire,22,2024-10-08-to-2024-10-14,asia-28,uploaders,without-hosting,41368,140377,29.469215042350243,True
godzilla-x-kong-the-new-empire,22,2024-10-08-to-2024-10-14,eur-27,downloaders,all,541181,2437089,22.206041716162193,True
godzilla-x-kong-the-new-empire,22,2024-10-08-to-2024-10-14,eur-27,downloaders,without-hosting,363749,2076301,17.519088032033892,True
godzilla-x-kong-the-new-empire,22,2024-10-08-to-2024-10-14,eur-27,uploaders,all,27684,180500,15.337396121883657,True
godzilla-x-kong-the-new-empire,22,2024-10-08-to-2024-10-14,eur-27,uploaders,without-hosting,17869,140377,12.729293260291929,True
godzilla-x-kong-the-new-empire,22,2024-10-08-to-2024-10-14,usa-can,downloaders,all,223798,2437089,9.183004806143723,True
godzilla-x-kong-the-new-empire,22,2024-10-08-to-2024-10-14,usa-can,downloaders,without-hosting,119826,2076301,5.771128559876434,True
godzilla-x-kong-the-new-empire,22,2024-10-08-to-2024-10-14,usa-can,uploaders,all,30193,180500,16.72742382271468,True
godzilla-x-kong-the-new-empire,22,2024-10-08-to-2024-10-14,usa-can,uploaders,without-hosting,9736,140377,6.935609109754447,True
godzilla-x-kong-the-new-empire,23,2024-10-15-to-2024-10-21,JPN,downloaders,all,27383,2381298,1.1499190777466743,True
godzilla-x-kong-the-new-empire,23,2024-10-15-to-2024-10-21,JPN,downloaders,without-hosting,24439,2032898,1.202175416572794,True
godzilla-x-kong-the-new-empire,23,2024-10-15-to-2024-10-21,JPN,uploaders,all,741,159453,0.4647137400989633,True
godzilla-x-kong-the-new-empire,23,2024-10-15-to-2024-10-21,JPN,uploaders,without-hosting,441,120832,0.3649695444915254,True
godzilla-x-kong-the-new-empire,23,2024-10-15-to-2024-10-21,USA,downloaders,all,155053,2381298,6.511280822475809,True
godzilla-x-kong-the-new-empire,23,2024-10-15-to-2024-10-21,USA,downloaders,without-hosting,74740,2032898,3.676524842859799,True
godzilla-x-kong-the-new-empire,23,2024-10-15-to-2024-10-21,USA,uploaders,all,23001,159453,14.42494026452936,True
godzilla-x-kong-the-new-empire,23,2024-10-15-to-2024-10-21,USA,uploaders,without-hosting,4998,120832,4.136321504237288,True
godzilla-x-kong-the-new-empire,23,2024-10-15-to-2024-10-21,CHN,downloaders,all,111288,2381298,4.673417606700212,True
godzilla-x-kong-the-new-empire,23,2024-10-15-to-2024-10-21,CHN,downloaders,without-hosting,104340,2032898,5.132574285576552,True
godzilla-x-kong-the-new-empire,23,2024-10-15-to-2024-10-21,CHN,uploaders,all,4524,159453,2.837199676393671,True
godzilla-x-kong-the-new-empire,23,2024-10-15-to-2024-10-21,CHN,uploaders,without-hosting,3730,120832,3.08693061440678,True
godzilla-x-kong-the-new-empire,23,2024-10-15-to-2024-10-21,KOR,downloaders,all,185637,2381298,7.795622387454237,True
godzilla-x-kong-the-new-empire,23,2024-10-15-to-2024-10-21,KOR,downloaders,without-hosting,180881,2032898,8.897691866488136,True
godzilla-x-kong-the-new-empire,23,2024-10-15-to-2024-10-21,KOR,uploaders,all,1448,159453,0.908104582541564,True
godzilla-x-kong-the-new-empire,23,2024-10-15-to-2024-10-21,KOR,uploaders,without-hosting,1391,120832,1.1511851165254237,True
godzilla-x-kong-the-new-empire,23,2024-10-15-to-2024-10-21,asia-28,downloaders,all,475421,2381298,19.964783911967338,True
godzilla-x-kong-the-new-empire,23,2024-10-15-to-2024-10-21,asia-28,downloaders,without-hosting,450090,2032898,22.140313975418344,True
godzilla-x-kong-the-new-empire,23,2024-10-15-to-2024-10-21,asia-28,uploaders,all,37694,159453,23.639567772321623,True
godzilla-x-kong-the-new-empire,23,2024-10-15-to-2024-10-21,asia-28,uploaders,without-hosting,35256,120832,29.17770127118644,True
godzilla-x-kong-the-new-empire,23,2024-10-15-to-2024-10-21,eur-27,downloaders,all,521578,2381298,21.90309654650531,True
godzilla-x-kong-the-new-empire,23,2024-10-15-to-2024-10-21,eur-27,downloaders,without-hosting,352612,2032898,17.345287368082413,True
godzilla-x-kong-the-new-empire,23,2024-10-15-to-2024-10-21,eur-27,uploaders,all,22571,159453,14.155268323581243,True
godzilla-x-kong-the-new-empire,23,2024-10-15-to-2024-10-21,eur-27,uploaders,without-hosting,14692,120832,12.159030720338983,True
godzilla-x-kong-the-new-empire,23,2024-10-15-to-2024-10-21,usa-can,downloaders,all,210107,2381298,8.823213222368642,True
godzilla-x-kong-the-new-empire,23,2024-10-15-to-2024-10-21,usa-can,downloaders,without-hosting,109489,2032898,5.385858021405895,True
godzilla-x-kong-the-new-empire,23,2024-10-15-to-2024-10-21,usa-can,uploaders,all,29613,159453,18.571616714643188,True
godzilla-x-kong-the-new-empire,23,2024-10-15-to-2024-10-21,usa-can,uploaders,without-hosting,8308,120832,6.875662076271187,True
godzilla-x-kong-the-new-empire,24,2024-10-22-to-2024-10-28,JPN,downloaders,all,25157,2335784,1.077025957879667,True
godzilla-x-kong-the-new-empire,24,2024-10-22-to-2024-10-28,JPN,downloaders,without-hosting,22417,1996961,1.1225557234217394,True
godzilla-x-kong-the-new-empire,24,2024-10-22-to-2024-10-28,JPN,uploaders,all,696,159486,0.43640194123622134,True
godzilla-x-kong-the-new-empire,24,2024-10-22-to-2024-10-28,JPN,uploaders,without-hosting,400,120045,0.3332083801907618,True
godzilla-x-kong-the-new-empire,24,2024-10-22-to-2024-10-28,USA,downloaders,all,154579,2335784,6.617863638076123,True
godzilla-x-kong-the-new-empire,24,2024-10-22-to-2024-10-28,USA,downloaders,without-hosting,72185,1996961,3.614742601382801,True
godzilla-x-kong-the-new-empire,24,2024-10-22-to-2024-10-28,USA,uploaders,all,23717,159486,14.870897759050951,True
godzilla-x-kong-the-new-empire,24,2024-10-22-to-2024-10-28,USA,uploaders,without-hosting,5051,120045,4.207588820858844,True
godzilla-x-kong-the-new-empire,24,2024-10-22-to-2024-10-28,CHN,downloaders,all,93434,2335784,4.000113024149493,True
godzilla-x-kong-the-new-empire,24,2024-10-22-to-2024-10-28,CHN,downloaders,without-hosting,87006,1996961,4.356920340457325,True
godzilla-x-kong-the-new-empire,24,2024-10-22-to-2024-10-28,CHN,uploaders,all,4003,159486,2.509938176391658,True
godzilla-x-kong-the-new-empire,24,2024-10-22-to-2024-10-28,CHN,uploaders,without-hosting,3201,120045,2.666500062476571,True
godzilla-x-kong-the-new-empire,24,2024-10-22-to-2024-10-28,KOR,downloaders,all,164916,2335784,7.060413120391269,True
godzilla-x-kong-the-new-empire,24,2024-10-22-to-2024-10-28,KOR,downloaders,without-hosting,160582,1996961,8.041318783892125,True
godzilla-x-kong-the-new-empire,24,2024-10-22-to-2024-10-28,KOR,uploaders,all,1906,159486,1.1950892241325257,True
godzilla-x-kong-the-new-empire,24,2024-10-22-to-2024-10-28,KOR,uploaders,without-hosting,1833,120045,1.526927402224166,True
godzilla-x-kong-the-new-empire,24,2024-10-22-to-2024-10-28,asia-28,downloaders,all,429845,2335784,18.402600582930614,True
godzilla-x-kong-the-new-empire,24,2024-10-22-to-2024-10-28,asia-28,downloaders,without-hosting,406019,1996961,20.331844237318606,True
godzilla-x-kong-the-new-empire,24,2024-10-22-to-2024-10-28,asia-28,uploaders,all,37875,159486,23.7481659832211,True
godzilla-x-kong-the-new-empire,24,2024-10-22-to-2024-10-28,asia-28,uploaders,without-hosting,35251,120045,29.36482152526136,True
godzilla-x-kong-the-new-empire,24,2024-10-22-to-2024-10-28,eur-27,downloaders,all,489062,2335784,20.937809317984883,True
godzilla-x-kong-the-new-empire,24,2024-10-22-to-2024-10-28,eur-27,downloaders,without-hosting,330977,1996961,16.57403424503533,True
godzilla-x-kong-the-new-empire,24,2024-10-22-to-2024-10-28,eur-27,uploaders,all,22794,159486,14.29216357548625,True
godzilla-x-kong-the-new-empire,24,2024-10-22-to-2024-10-28,eur-27,uploaders,without-hosting,14859,120045,12.377858303136325,True
godzilla-x-kong-the-new-empire,24,2024-10-22-to-2024-10-28,usa-can,downloaders,all,207553,2335784,8.8857959468855,True
godzilla-x-kong-the-new-empire,24,2024-10-22-to-2024-10-28,usa-can,downloaders,without-hosting,105250,1996961,5.27050853772307,True
godzilla-x-kong-the-new-empire,24,2024-10-22-to-2024-10-28,usa-can,uploaders,all,30223,159486,18.950252686756205,True
godzilla-x-kong-the-new-empire,24,2024-10-22-to-2024-10-28,usa-can,uploaders,without-hosting,8308,120045,6.920738056562122,True
godzilla-x-kong-the-new-empire,25,2024-10-29-to-2024-11-04,JPN,downloaders,all,23332,2237564,1.0427411238293072,True
godzilla-x-kong-the-new-empire,25,2024-10-29-to-2024-11-04,JPN,downloaders,without-hosting,20454,1919689,1.0654850863863887,True
godzilla-x-kong-the-new-empire,25,2024-10-29-to-2024-11-04,JPN,uploaders,all,862,152596,0.5648902985661485,True
godzilla-x-kong-the-new-empire,25,2024-10-29-to-2024-11-04,JPN,uploaders,without-hosting,600,113477,0.5287415070895424,True
godzilla-x-kong-the-new-empire,25,2024-10-29-to-2024-11-04,USA,downloaders,all,145404,2237564,6.49831691965012,True
godzilla-x-kong-the-new-empire,25,2024-10-29-to-2024-11-04,USA,downloaders,without-hosting,62775,1919689,3.2700609317446734,True
godzilla-x-kong-the-new-empire,25,2024-10-29-to-2024-11-04,USA,uploaders,all,23722,152596,15.545623738499044,True
godzilla-x-kong-the-new-empire,25,2024-10-29-to-2024-11-04,USA,uploaders,without-hosting,4862,113477,4.2845686791155915,True
godzilla-x-kong-the-new-empire,25,2024-10-29-to-2024-11-04,CHN,downloaders,all,88030,2237564,3.934189144980881,True
godzilla-x-kong-the-new-empire,25,2024-10-29-to-2024-11-04,CHN,downloaders,without-hosting,81936,1919689,4.268191358079355,True
godzilla-x-kong-the-new-empire,25,2024-10-29-to-2024-11-04,CHN,uploaders,all,4104,152596,2.6894545073265355,True
godzilla-x-kong-the-new-empire,25,2024-10-29-to-2024-11-04,CHN,uploaders,without-hosting,3418,113477,3.012064118720093,True
godzilla-x-kong-the-new-empire,25,2024-10-29-to-2024-11-04,KOR,downloaders,all,144893,2237564,6.475479584047652,True
godzilla-x-kong-the-new-empire,25,2024-10-29-to-2024-11-04,KOR,downloaders,without-hosting,141222,1919689,7.356504100403764,True
godzilla-x-kong-the-new-empire,25,2024-10-29-to-2024-11-04,KOR,uploaders,all,2731,152596,1.789693045689271,True
godzilla-x-kong-the-new-empire,25,2024-10-29-to-2024-11-04,KOR,uploaders,without-hosting,2635,113477,2.32205645196824,True
godzilla-x-kong-the-new-empire,25,2024-10-29-to-2024-11-04,asia-28,downloaders,all,387915,2237564,17.336487358573876,True
godzilla-x-kong-the-new-empire,25,2024-10-29-to-2024-11-04,asia-28,downloaders,without-hosting,365386,1919689,19.03360388062858,True
godzilla-x-kong-the-new-empire,25,2024-10-29-to-2024-11-04,asia-28,uploaders,all,35459,152596,23.2371752863771,True
godzilla-x-kong-the-new-empire,25,2024-10-29-to-2024-11-04,asia-28,uploaders,without-hosting,33041,113477,29.11691355957595,True
godzilla-x-kong-the-new-empire,25,2024-10-29-to-2024-11-04,eur-27,downloaders,all,498682,2237564,22.28682620921681,True
godzilla-x-kong-the-new-empire,25,2024-10-29-to-2024-11-04,eur-27,downloaders,without-hosting,354701,1919689,18.477003306264713,True
godzilla-x-kong-the-new-empire,25,2024-10-29-to-2024-11-04,eur-27,uploaders,all,22721,152596,14.889643240976172,True
godzilla-x-kong-the-new-empire,25,2024-10-29-to-2024-11-04,eur-27,uploaders,without-hosting,14518,113477,12.793781999876627,True
godzilla-x-kong-the-new-empire,25,2024-10-29-to-2024-11-04,usa-can,downloaders,all,195675,2237564,8.745001260299146,True
godzilla-x-kong-the-new-empire,25,2024-10-29-to-2024-11-04,usa-can,downloaders,without-hosting,93362,1919689,4.863391934839445,True
godzilla-x-kong-the-new-empire,25,2024-10-29-to-2024-11-04,usa-can,uploaders,all,29712,152596,19.47102152087866,True
godzilla-x-kong-the-new-empire,25,2024-10-29-to-2024-11-04,usa-can,uploaders,without-hosting,7945,113477,7.00141878971069,True
godzilla-x-kong-the-new-empire,26,2024-11-05-to-2024-11-11,JPN,downloaders,all,23548,2198854,1.07092148910296,True
godzilla-x-kong-the-new-empire,26,2024-11-05-to-2024-11-11,JPN,downloaders,without-hosting,20082,1889029,1.0630858499260731,True
godzilla-x-kong-the-new-empire,26,2024-11-05-to-2024-11-11,JPN,uploaders,all,593,140990,0.4205972054755656,True
godzilla-x-kong-the-new-empire,26,2024-11-05-to-2024-11-11,JPN,uploaders,without-hosting,357,104477,0.3417020013974368,True
godzilla-x-kong-the-new-empire,26,2024-11-05-to-2024-11-11,USA,downloaders,all,143553,2198854,6.528537137981876,True
godzilla-x-kong-the-new-empire,26,2024-11-05-to-2024-11-11,USA,downloaders,without-hosting,63813,1889029,3.3780847197157904,True
godzilla-x-kong-the-new-empire,26,2024-11-05-to-2024-11-11,USA,uploaders,all,22507,140990,15.963543513724378,True
godzilla-x-kong-the-new-empire,26,2024-11-05-to-2024-11-11,USA,uploaders,without-hosting,4557,104477,4.361725547249634,True
godzilla-x-kong-the-new-empire,26,2024-11-05-to-2024-11-11,CHN,downloaders,all,94320,2198854,4.289507170553389,True
godzilla-x-kong-the-new-empire,26,2024-11-05-to-2024-11-11,CHN,downloaders,without-hosting,88513,1889029,4.685634789090057,True
godzilla-x-kong-the-new-empire,26,2024-11-05-to-2024-11-11,CHN,uploaders,all,4039,140990,2.8647421802964748,True
godzilla-x-kong-the-new-empire,26,2024-11-05-to-2024-11-11,CHN,uploaders,without-hosting,3436,104477,3.2887621198924166,True
godzilla-x-kong-the-new-empire,26,2024-11-05-to-2024-11-11,KOR,downloaders,all,147293,2198854,6.6986257386802395,True
godzilla-x-kong-the-new-empire,26,2024-11-05-to-2024-11-11,KOR,downloaders,without-hosting,143195,1889029,7.5803494811355465,True
godzilla-x-kong-the-new-empire,26,2024-11-05-to-2024-11-11,KOR,uploaders,all,1854,140990,1.3149868785020213,True
godzilla-x-kong-the-new-empire,26,2024-11-05-to-2024-11-11,KOR,uploaders,without-hosting,1784,104477,1.7075528585238857,True
godzilla-x-kong-the-new-empire,26,2024-11-05-to-2024-11-11,asia-28,downloaders,all,395452,2198854,17.984459177371484,True
godzilla-x-kong-the-new-empire,26,2024-11-05-to-2024-11-11,asia-28,downloaders,without-hosting,371853,1889029,19.684875139555825,True
godzilla-x-kong-the-new-empire,26,2024-11-05-to-2024-11-11,asia-28,uploaders,all,32413,140990,22.989573728633236,True
godzilla-x-kong-the-new-empire,26,2024-11-05-to-2024-11-11,asia-28,uploaders,without-hosting,30336,104477,29.03605578261244,True
godzilla-x-kong-the-new-empire,26,2024-11-05-to-2024-11-11,eur-27,downloaders,all,488408,2198854,22.211934034729,True
godzilla-x-kong-the-new-empire,26,2024-11-05-to-2024-11-11,eur-27,downloaders,without-hosting,345871,1889029,18.30945951597355,True
godzilla-x-kong-the-new-empire,26,2024-11-05-to-2024-11-11,eur-27,uploaders,all,20822,140990,14.768423292432088,True
godzilla-x-kong-the-new-empire,26,2024-11-05-to-2024-11-11,eur-27,uploaders,without-hosting,13445,104477,12.868861089043522,True
godzilla-x-kong-the-new-empire,26,2024-11-05-to-2024-11-11,usa-can,downloaders,all,190853,2198854,8.679657676225888,True
godzilla-x-kong-the-new-empire,26,2024-11-05-to-2024-11-11,usa-can,downloaders,without-hosting,94058,1889029,4.979171839077114,True
godzilla-x-kong-the-new-empire,26,2024-11-05-to-2024-11-11,usa-can,uploaders,all,28225,140990,20.019150294347117,True
godzilla-x-kong-the-new-empire,26,2024-11-05-to-2024-11-11,usa-can,uploaders,without-hosting,7498,104477,7.17669917780947,True
godzilla-vs-kong,1,2021-03-31-to-2021-04-06-partial,JPN,downloaders,all,30946,5392240,0.5738987878877795,False
godzilla-vs-kong,1,2021-03-31-to-2021-04-06-partial,JPN,downloaders,without-hosting,24790,4942766,0.5015410399764019,False
godzilla-vs-kong,1,2021-03-31-to-2021-04-06-partial,JPN,uploaders,all,5975,2005911,0.2978696462604772,False
godzilla-vs-kong,1,2021-03-31-to-2021-04-06-partial,JPN,uploaders,without-hosting,4427,1864244,0.2374689150132708,False
godzilla-vs-kong,1,2021-03-31-to-2021-04-06-partial,USA,downloaders,all,464686,5392240,8.617680221948579,False
godzilla-vs-kong,1,2021-03-31-to-2021-04-06-partial,USA,downloaders,without-hosting,320820,4942766,6.490697718645794,False
godzilla-vs-kong,1,2021-03-31-to-2021-04-06-partial,USA,uploaders,all,131396,2005911,6.55044017406555,False
godzilla-vs-kong,1,2021-03-31-to-2021-04-06-partial,USA,uploaders,without-hosting,90959,1864244,4.8791359929279645,False
godzilla-vs-kong,1,2021-03-31-to-2021-04-06-partial,CHN,downloaders,all,302010,5392240,5.600826372713381,False
godzilla-vs-kong,1,2021-03-31-to-2021-04-06-partial,CHN,downloaders,without-hosting,298076,4942766,6.030550505526662,False
godzilla-vs-kong,1,2021-03-31-to-2021-04-06-partial,CHN,uploaders,all,65464,2005911,3.2635545644846657,False
godzilla-vs-kong,1,2021-03-31-to-2021-04-06-partial,CHN,uploaders,without-hosting,64999,1864244,3.4866144131347614,False
godzilla-vs-kong,1,2021-03-31-to-2021-04-06-partial,KOR,downloaders,all,161906,5392240,3.002574069403439,False
godzilla-vs-kong,1,2021-03-31-to-2021-04-06-partial,KOR,downloaders,without-hosting,159132,4942766,3.2194928912273006,False
godzilla-vs-kong,1,2021-03-31-to-2021-04-06-partial,KOR,uploaders,all,87598,2005911,4.366993351150674,False
godzilla-vs-kong,1,2021-03-31-to-2021-04-06-partial,KOR,uploaders,without-hosting,86491,1864244,4.639467794988209,False
godzilla-vs-kong,1,2021-03-31-to-2021-04-06-partial,asia-28,downloaders,all,2085960,5392240,38.68447991929143,False
godzilla-vs-kong,1,2021-03-31-to-2021-04-06-partial,asia-28,downloaders,without-hosting,2026039,4942766,40.9899841505748,False
godzilla-vs-kong,1,2021-03-31-to-2021-04-06-partial,asia-28,uploaders,all,677069,2005911,33.753690966348955,False
godzilla-vs-kong,1,2021-03-31-to-2021-04-06-partial,asia-28,uploaders,without-hosting,660399,1864244,35.42449378943958,False
godzilla-vs-kong,1,2021-03-31-to-2021-04-06-partial,eur-27,downloaders,all,576546,5392240,10.692142782962183,False
godzilla-vs-kong,1,2021-03-31-to-2021-04-06-partial,eur-27,downloaders,without-hosting,469449,4942766,9.497698252355057,False
godzilla-vs-kong,1,2021-03-31-to-2021-04-06-partial,eur-27,uploaders,all,230522,2005911,11.492134995022212,False
godzilla-vs-kong,1,2021-03-31-to-2021-04-06-partial,eur-27,uploaders,without-hosting,193392,1864244,10.373749358989489,False
godzilla-vs-kong,1,2021-03-31-to-2021-04-06-partial,usa-can,downloaders,all,600035,5392240,11.12775024850526,False
godzilla-vs-kong,1,2021-03-31-to-2021-04-06-partial,usa-can,downloaders,without-hosting,428063,4942766,8.660393795700626,False
godzilla-vs-kong,1,2021-03-31-to-2021-04-06-partial,usa-can,uploaders,all,190901,2005911,9.516922734857129,False
godzilla-vs-kong,1,2021-03-31-to-2021-04-06-partial,usa-can,uploaders,without-hosting,140545,1864244,7.538980948845752,False
godzilla-vs-kong,2,2021-04-07-to-2021-04-13,JPN,downloaders,all,31640,4595486,0.68850171668459,True
godzilla-vs-kong,2,2021-04-07-to-2021-04-13,JPN,downloaders,without-hosting,26957,4234085,0.6366664816601462,True
godzilla-vs-kong,2,2021-04-07-to-2021-04-13,JPN,uploaders,all,4400,1683455,0.2613672477137791,True
godzilla-vs-kong,2,2021-04-07-to-2021-04-13,JPN,uploaders,without-hosting,3359,1574200,0.2133782238597383,True
godzilla-vs-kong,2,2021-04-07-to-2021-04-13,USA,downloaders,all,385660,4595486,8.392148295087832,True
godzilla-vs-kong,2,2021-04-07-to-2021-04-13,USA,downloaders,without-hosting,274633,4234085,6.486242009784877,True
godzilla-vs-kong,2,2021-04-07-to-2021-04-13,USA,uploaders,all,87618,1683455,5.204653525042249,True
godzilla-vs-kong,2,2021-04-07-to-2021-04-13,USA,uploaders,without-hosting,59691,1574200,3.791830771185364,True
godzilla-vs-kong,2,2021-04-07-to-2021-04-13,CHN,downloaders,all,204451,4595486,4.448952733182083,True
godzilla-vs-kong,2,2021-04-07-to-2021-04-13,CHN,downloaders,without-hosting,200226,4234085,4.728908370993969,True
godzilla-vs-kong,2,2021-04-07-to-2021-04-13,CHN,uploaders,all,41163,1683455,2.4451500040096112,True
godzilla-vs-kong,2,2021-04-07-to-2021-04-13,CHN,uploaders,without-hosting,40795,1574200,2.5914750349383815,True
godzilla-vs-kong,2,2021-04-07-to-2021-04-13,KOR,downloaders,all,133340,4595486,2.901542948885058,True
godzilla-vs-kong,2,2021-04-07-to-2021-04-13,KOR,downloaders,without-hosting,130635,4234085,3.0853183155274397,True
godzilla-vs-kong,2,2021-04-07-to-2021-04-13,KOR,uploaders,all,65513,1683455,3.891580113516548,True
godzilla-vs-kong,2,2021-04-07-to-2021-04-13,KOR,uploaders,without-hosting,64584,1574200,4.1026553169864055,True
godzilla-vs-kong,2,2021-04-07-to-2021-04-13,asia-28,downloaders,all,1705689,4595486,37.116618351138484,True
godzilla-vs-kong,2,2021-04-07-to-2021-04-13,asia-28,downloaders,without-hosting,1654201,4234085,39.06867717582429,True
godzilla-vs-kong,2,2021-04-07-to-2021-04-13,asia-28,uploaders,all,554702,1683455,32.950212509392884,True
godzilla-vs-kong,2,2021-04-07-to-2021-04-13,asia-28,uploaders,without-hosting,540919,1574200,34.36151696099606,True
godzilla-vs-kong,2,2021-04-07-to-2021-04-13,eur-27,downloaders,all,435964,4595486,9.486787686873598,True
godzilla-vs-kong,2,2021-04-07-to-2021-04-13,eur-27,downloaders,without-hosting,349487,4234085,8.254132829170883,True
godzilla-vs-kong,2,2021-04-07-to-2021-04-13,eur-27,uploaders,all,168790,1683455,10.026404032183812,True
godzilla-vs-kong,2,2021-04-07-to-2021-04-13,eur-27,uploaders,without-hosting,140139,1574200,8.902236056409604,True
godzilla-vs-kong,2,2021-04-07-to-2021-04-13,usa-can,downloaders,all,473436,4595486,10.30219654678526,True
godzilla-vs-kong,2,2021-04-07-to-2021-04-13,usa-can,downloaders,without-hosting,343773,4234085,8.119180413241585,True
godzilla-vs-kong,2,2021-04-07-to-2021-04-13,usa-can,uploaders,all,124356,1683455,7.38695124015789,True
godzilla-vs-kong,2,2021-04-07-to-2021-04-13,usa-can,uploaders,without-hosting,90108,1574200,5.724050311269216,True
godzilla-vs-kong,3,2021-04-14-to-2021-04-20,JPN,downloaders,all,8886,3321353,0.26754157116090943,True
godzilla-vs-kong,3,2021-04-14-to-2021-04-20,JPN,downloaders,without-hosting,6590,3084347,0.21365948772949347,True
godzilla-vs-kong,3,2021-04-14-to-2021-04-20,JPN,uploaders,all,2648,1182470,0.223938028026081,True
godzilla-vs-kong,3,2021-04-14-to-2021-04-20,JPN,uploaders,without-hosting,2015,1103148,0.182659081102445,True
godzilla-vs-kong,3,2021-04-14-to-2021-04-20,USA,downloaders,all,180970,3321353,5.448683111972741,True
godzilla-vs-kong,3,2021-04-14-to-2021-04-20,USA,downloaders,without-hosting,115783,3084347,3.7538902075544676,True
godzilla-vs-kong,3,2021-04-14-to-2021-04-20,USA,uploaders,all,58016,1182470,4.906340118565375,True
godzilla-vs-kong,3,2021-04-14-to-2021-04-20,USA,uploaders,without-hosting,38344,1103148,3.4758708713608693,True
godzilla-vs-kong,3,2021-04-14-to-2021-04-20,CHN,downloaders,all,111155,3321353,3.346678296465326,True
godzilla-vs-kong,3,2021-04-14-to-2021-04-20,CHN,downloaders,without-hosting,110586,3084347,3.5853942503875214,True
godzilla-vs-kong,3,2021-04-14-to-2021-04-20,CHN,uploaders,all,24537,1182470,2.075063215134422,True
godzilla-vs-kong,3,2021-04-14-to-2021-04-20,CHN,uploaders,without-hosting,24389,1103148,2.2108547538498913,True
godzilla-vs-kong,3,2021-04-14-to-2021-04-20,KOR,downloaders,all,61135,3321353,1.8406655360029482,True
godzilla-vs-kong,3,2021-04-14-to-2021-04-20,KOR,downloaders,without-hosting,60316,3084347,1.9555516937620832,True
godzilla-vs-kong,3,2021-04-14-to-2021-04-20,KOR,uploaders,all,29777,1182470,2.518203421651289,True
godzilla-vs-kong,3,2021-04-14-to-2021-04-20,KOR,uploaders,without-hosting,29409,1103148,2.665916087415288,True
godzilla-vs-kong,3,2021-04-14-to-2021-04-20,asia-28,downloaders,all,1248338,3321353,37.58522505737872,True
godzilla-vs-kong,3,2021-04-14-to-2021-04-20,asia-28,downloaders,without-hosting,1216802,3084347,39.45087890564842,True
godzilla-vs-kong,3,2021-04-14-to-2021-04-20,asia-28,uploaders,all,388391,1182470,32.845738158261945,True
godzilla-vs-kong,3,2021-04-14-to-2021-04-20,asia-28,uploaders,without-hosting,378442,1103148,34.305641672740194,True
godzilla-vs-kong,3,2021-04-14-to-2021-04-20,eur-27,downloaders,all,273705,3321353,8.240768144789186,True
godzilla-vs-kong,3,2021-04-14-to-2021-04-20,eur-27,downloaders,without-hosting,215223,3084347,6.977911369894503,True
godzilla-vs-kong,3,2021-04-14-to-2021-04-20,eur-27,uploaders,all,104978,1182470,8.877857366360246,True
godzilla-vs-kong,3,2021-04-14-to-2021-04-20,eur-27,uploaders,without-hosting,84356,1103148,7.646843397259479,True
godzilla-vs-kong,3,2021-04-14-to-2021-04-20,usa-can,downloaders,all,240227,3321353,7.23280542598152,True
godzilla-vs-kong,3,2021-04-14-to-2021-04-20,usa-can,downloaders,without-hosting,160915,3084347,5.217149691652723,True
godzilla-vs-kong,3,2021-04-14-to-2021-04-20,usa-can,uploaders,all,80119,1182470,6.775563016397879,True
godzilla-vs-kong,3,2021-04-14-to-2021-04-20,usa-can,uploaders,without-hosting,56315,1103148,5.104936055724164,True
godzilla-vs-kong,4,2021-04-21-to-2021-04-27,JPN,downloaders,all,13444,2972988,0.452204987036611,True
godzilla-vs-kong,4,2021-04-21-to-2021-04-27,JPN,downloaders,without-hosting,10941,2751763,0.3975996479347967,True
godzilla-vs-kong,4,2021-04-21-to-2021-04-27,JPN,uploaders,all,2234,1002734,0.22279088970753957,True
godzilla-vs-kong,4,2021-04-21-to-2021-04-27,JPN,uploaders,without-hosting,1674,935488,0.1789440377642471,True
godzilla-vs-kong,4,2021-04-21-to-2021-04-27,USA,downloaders,all,224155,2972988,7.539720981046678,True
godzilla-vs-kong,4,2021-04-21-to-2021-04-27,USA,downloaders,without-hosting,159979,2751763,5.813691077320249,True
godzilla-vs-kong,4,2021-04-21-to-2021-04-27,USA,uploaders,all,49720,1002734,4.958443615156163,True
godzilla-vs-kong,4,2021-04-21-to-2021-04-27,USA,uploaders,without-hosting,32828,935488,3.5091845111856057,True
godzilla-vs-kong,4,2021-04-21-to-2021-04-27,CHN,downloaders,all,83705,2972988,2.8155175870201967,True
godzilla-vs-kong,4,2021-04-21-to-2021-04-27,CHN,downloaders,without-hosting,82488,2751763,2.997641875408602,True
godzilla-vs-kong,4,2021-04-21-to-2021-04-27,CHN,uploaders,all,14935,1002734,1.4894279041101628,True
godzilla-vs-kong,4,2021-04-21-to-2021-04-27,CHN,uploaders,without-hosting,14804,935488,1.5824895669426011,True
godzilla-vs-kong,4,2021-04-21-to-2021-04-27,KOR,downloaders,all,54288,2972988,1.8260416792802392,True
godzilla-vs-kong,4,2021-04-21-to-2021-04-27,KOR,downloaders,without-hosting,53455,2751763,1.942572816045568,True
godzilla-vs-kong,4,2021-04-21-to-2021-04-27,KOR,uploaders,all,23276,1002734,2.321253692404965,True
godzilla-vs-kong,4,2021-04-21-to-2021-04-27,KOR,uploaders,without-hosting,23011,935488,2.4597856947390024,True
godzilla-vs-kong,4,2021-04-21-to-2021-04-27,asia-28,downloaders,all,1027215,2972988,34.55160263008125,True
godzilla-vs-kong,4,2021-04-21-to-2021-04-27,asia-28,downloaders,without-hosting,998673,2751763,36.29211527300861,True
godzilla-vs-kong,4,2021-04-21-to-2021-04-27,asia-28,uploaders,all,313254,1002734,31.239989867701702,True
godzilla-vs-kong,4,2021-04-21-to-2021-04-27,asia-28,uploaders,without-hosting,305152,935488,32.61955257576794,True
godzilla-vs-kong,4,2021-04-21-to-2021-04-27,eur-27,downloaders,all,267876,2972988,9.010329002337043,True
godzilla-vs-kong,4,2021-04-21-to-2021-04-27,eur-27,downloaders,without-hosting,213499,2751763,7.758626015394494,True
godzilla-vs-kong,4,2021-04-21-to-2021-04-27,eur-27,uploaders,all,91098,1002734,9.084961714672087,True
godzilla-vs-kong,4,2021-04-21-to-2021-04-27,eur-27,uploaders,without-hosting,73876,935488,7.897054799206403,True
godzilla-vs-kong,4,2021-04-21-to-2021-04-27,usa-can,downloaders,all,278353,2972988,9.362735402901054,True
godzilla-vs-kong,4,2021-04-21-to-2021-04-27,usa-can,downloaders,without-hosting,202247,2751763,7.3497245220609475,True
godzilla-vs-kong,4,2021-04-21-to-2021-04-27,usa-can,uploaders,all,67594,1002734,6.740970187507355,True
godzilla-vs-kong,4,2021-04-21-to-2021-04-27,usa-can,uploaders,without-hosting,47215,935488,5.0470984128070056,True
godzilla-vs-kong,5,2021-04-28-to-2021-05-04,JPN,downloaders,all,148241,4960450,2.988458708383312,True
godzilla-vs-kong,5,2021-04-28-to-2021-05-04,JPN,downloaders,without-hosting,137525,4396252,3.128232867451638,True
godzilla-vs-kong,5,2021-04-28-to-2021-05-04,JPN,uploaders,all,4531,882163,0.5136238994380857,True
godzilla-vs-kong,5,2021-04-28-to-2021-05-04,JPN,uploaders,without-hosting,3994,819344,0.4874631412447031,True
godzilla-vs-kong,5,2021-04-28-to-2021-05-04,USA,downloaders,all,1210927,4960450,24.411636041084982,True
godzilla-vs-kong,5,2021-04-28-to-2021-05-04,USA,downloaders,without-hosting,981659,4396252,22.32945245177028,True
godzilla-vs-kong,5,2021-04-28-to-2021-05-04,USA,uploaders,all,57725,882163,6.54357528030534,True
godzilla-vs-kong,5,2021-04-28-to-2021-05-04,USA,uploaders,without-hosting,41034,819344,5.008152863754418,True
godzilla-vs-kong,5,2021-04-28-to-2021-05-04,CHN,downloaders,all,324717,4960450,6.546119807678739,True
godzilla-vs-kong,5,2021-04-28-to-2021-05-04,CHN,downloaders,without-hosting,303627,4396252,6.9064967158388555,True
godzilla-vs-kong,5,2021-04-28-to-2021-05-04,CHN,uploaders,all,20935,882163,2.373144192173102,True
godzilla-vs-kong,5,2021-04-28-to-2021-05-04,CHN,uploaders,without-hosting,20386,819344,2.4880880314007303,True
godzilla-vs-kong,5,2021-04-28-to-2021-05-04,KOR,downloaders,all,120456,4960450,2.428328075073834,True
godzilla-vs-kong,5,2021-04-28-to-2021-05-04,KOR,downloaders,without-hosting,113859,4396252,2.5899106784597423,True
godzilla-vs-kong,5,2021-04-28-to-2021-05-04,KOR,uploaders,all,21228,882163,2.4063580086673326,True
godzilla-vs-kong,5,2021-04-28-to-2021-05-04,KOR,uploaders,without-hosting,20894,819344,2.5500888515690603,True
godzilla-vs-kong,5,2021-04-28-to-2021-05-04,asia-28,downloaders,all,1456597,4960450,29.36421090828453,True
godzilla-vs-kong,5,2021-04-28-to-2021-05-04,asia-28,downloaders,without-hosting,1367079,4396252,31.096465807692553,True
godzilla-vs-kong,5,2021-04-28-to-2021-05-04,asia-28,uploaders,all,264090,882163,29.936644361642916,True
godzilla-vs-kong,5,2021-04-28-to-2021-05-04,asia-28,uploaders,without-hosting,256248,819344,31.274775918295614,True
godzilla-vs-kong,5,2021-04-28-to-2021-05-04,eur-27,downloaders,all,615099,4960450,12.400064510276286,True
godzilla-vs-kong,5,2021-04-28-to-2021-05-04,eur-27,downloaders,without-hosting,501658,4396252,11.411038311725534,True
godzilla-vs-kong,5,2021-04-28-to-2021-05-04,eur-27,uploaders,all,85890,882163,9.736295899964066,True
godzilla-vs-kong,5,2021-04-28-to-2021-05-04,eur-27,uploaders,without-hosting,70093,819344,8.55477064578492,True
godzilla-vs-kong,5,2021-04-28-to-2021-05-04,usa-can,downloaders,all,1314662,4960450,26.50287776310617,True
godzilla-vs-kong,5,2021-04-28-to-2021-05-04,usa-can,downloaders,without-hosting,1069516,4396252,24.327904769790266,True
godzilla-vs-kong,5,2021-04-28-to-2021-05-04,usa-can,uploaders,all,72802,882163,8.25266985806478,True
godzilla-vs-kong,5,2021-04-28-to-2021-05-04,usa-can,uploaders,without-hosting,53215,819344,6.494830010349744,True
godzilla-vs-kong,6,2021-05-05-to-2021-05-11,JPN,downloaders,all,142706,4517424,3.1590127470877207,True
godzilla-vs-kong,6,2021-05-05-to-2021-05-11,JPN,downloaders,without-hosting,132778,3993463,3.3248836911722983,True
godzilla-vs-kong,6,2021-05-05-to-2021-05-11,JPN,uploaders,all,4437,732745,0.6055312557574599,True
godzilla-vs-kong,6,2021-05-05-to-2021-05-11,JPN,uploaders,without-hosting,3955,678274,0.5830976861858187,True
godzilla-vs-kong,6,2021-05-05-to-2021-05-11,USA,downloaders,all,1167825,4517424,25.85156938998863,True
godzilla-vs-kong,6,2021-05-05-to-2021-05-11,USA,downloaders,without-hosting,952518,3993463,23.851930016629677,True
godzilla-vs-kong,6,2021-05-05-to-2021-05-11,USA,uploaders,all,55001,732745,7.506158349766972,True
godzilla-vs-kong,6,2021-05-05-to-2021-05-11,USA,uploaders,without-hosting,40298,678274,5.941256778234165,True
godzilla-vs-kong,6,2021-05-05-to-2021-05-11,CHN,downloaders,all,279464,4517424,6.186357534736611,True
godzilla-vs-kong,6,2021-05-05-to-2021-05-11,CHN,downloaders,without-hosting,259082,3993463,6.487652446009892,True
godzilla-vs-kong,6,2021-05-05-to-2021-05-11,CHN,uploaders,all,15399,732745,2.101549652334714,True
godzilla-vs-kong,6,2021-05-05-to-2021-05-11,CHN,uploaders,without-hosting,14849,678274,2.1892332597151003,True
godzilla-vs-kong,6,2021-05-05-to-2021-05-11,KOR,downloaders,all,107170,4517424,2.372369739922575,True
godzilla-vs-kong,6,2021-05-05-to-2021-05-11,KOR,downloaders,without-hosting,100851,3993463,2.525402138444753,True
godzilla-vs-kong,6,2021-05-05-to-2021-05-11,KOR,uploaders,all,15899,732745,2.1697862148496405,True
godzilla-vs-kong,6,2021-05-05-to-2021-05-11,KOR,uploaders,without-hosting,15606,678274,2.3008400734806287,True
godzilla-vs-kong,6,2021-05-05-to-2021-05-11,asia-28,downloaders,all,1287107,4517424,28.49205653487474,True
godzilla-vs-kong,6,2021-05-05-to-2021-05-11,asia-28,downloaders,without-hosting,1202886,3993463,30.121375858496748,True
godzilla-vs-kong,6,2021-05-05-to-2021-05-11,asia-28,uploaders,all,200855,732745,27.411309527871225,True
godzilla-vs-kong,6,2021-05-05-to-2021-05-11,asia-28,uploaders,without-hosting,194294,678274,28.64535571170353,True
godzilla-vs-kong,6,2021-05-05-to-2021-05-11,eur-27,downloaders,all,570158,4517424,12.621308072919433,True
godzilla-vs-kong,6,2021-05-05-to-2021-05-11,eur-27,downloaders,without-hosting,466428,3993463,11.679787693037346,True
godzilla-vs-kong,6,2021-05-05-to-2021-05-11,eur-27,uploaders,all,74694,732745,10.193723600979878,True
godzilla-vs-kong,6,2021-05-05-to-2021-05-11,eur-27,uploaders,without-hosting,61041,678274,8.999460395061583,True
godzilla-vs-kong,6,2021-05-05-to-2021-05-11,usa-can,downloaders,all,1263474,4517424,27.968904402154855,True
godzilla-vs-kong,6,2021-05-05-to-2021-05-11,usa-can,downloaders,without-hosting,1034046,3993463,25.89346639746005,True
godzilla-vs-kong,6,2021-05-05-to-2021-05-11,usa-can,uploaders,all,67118,732745,9.159803205753708,True
godzilla-vs-kong,6,2021-05-05-to-2021-05-11,usa-can,uploaders,without-hosting,50057,678274,7.380055847636796,True
godzilla-vs-kong,7,2021-05-12-to-2021-05-18,JPN,downloaders,all,156468,4672259,3.348872568922228,True
godzilla-vs-kong,7,2021-05-12-to-2021-05-18,JPN,downloaders,without-hosting,145574,4115169,3.5374974879525,True
godzilla-vs-kong,7,2021-05-12-to-2021-05-18,JPN,uploaders,all,4816,757913,0.6354291323674354,True
godzilla-vs-kong,7,2021-05-12-to-2021-05-18,JPN,uploaders,without-hosting,4273,701134,0.6094412765605434,True
godzilla-vs-kong,7,2021-05-12-to-2021-05-18,USA,downloaders,all,1270827,4672259,27.199412532567223,True
godzilla-vs-kong,7,2021-05-12-to-2021-05-18,USA,downloaders,without-hosting,1039582,4115169,25.262194578157057,True
godzilla-vs-kong,7,2021-05-12-to-2021-05-18,USA,uploaders,all,57594,757913,7.599025217933985,True
godzilla-vs-kong,7,2021-05-12-to-2021-05-18,USA,uploaders,without-hosting,41613,701134,5.935099424646358,True
godzilla-vs-kong,7,2021-05-12-to-2021-05-18,CHN,downloaders,all,295237,4672259,6.318934802201676,True
godzilla-vs-kong,7,2021-05-12-to-2021-05-18,CHN,downloaders,without-hosting,273047,4115169,6.635134547329648,True
godzilla-vs-kong,7,2021-05-12-to-2021-05-18,CHN,uploaders,all,14935,757913,1.9705427931701924,True
godzilla-vs-kong,7,2021-05-12-to-2021-05-18,CHN,uploaders,without-hosting,14320,701134,2.0424055886606554,True
godzilla-vs-kong,7,2021-05-12-to-2021-05-18,KOR,downloaders,all,110042,4672259,2.3552204618793606,True
godzilla-vs-kong,7,2021-05-12-to-2021-05-18,KOR,downloaders,without-hosting,103198,4115169,2.5077463404297613,True
godzilla-vs-kong,7,2021-05-12-to-2021-05-18,KOR,uploaders,all,13930,757913,1.8379418218185992,True
godzilla-vs-kong,7,2021-05-12-to-2021-05-18,KOR,uploaders,without-hosting,13670,701134,1.9496986310748017,True
godzilla-vs-kong,7,2021-05-12-to-2021-05-18,asia-28,downloaders,all,1339950,4672259,28.67884678482079,True
godzilla-vs-kong,7,2021-05-12-to-2021-05-18,asia-28,downloaders,without-hosting,1249869,4115169,30.3722398764182,True
godzilla-vs-kong,7,2021-05-12-to-2021-05-18,asia-28,uploaders,all,234404,757913,30.927560287262523,True
godzilla-vs-kong,7,2021-05-12-to-2021-05-18,asia-28,uploaders,without-hosting,226918,701134,32.36442677148733,True
godzilla-vs-kong,7,2021-05-12-to-2021-05-18,eur-27,downloaders,all,607834,4672259,13.009424349121057,True
godzilla-vs-kong,7,2021-05-12-to-2021-05-18,eur-27,downloaders,without-hosting,496219,4115169,12.058289708150504,True
godzilla-vs-kong,7,2021-05-12-to-2021-05-18,eur-27,uploaders,all,76327,757913,10.070680935674675,True
godzilla-vs-kong,7,2021-05-12-to-2021-05-18,eur-27,uploaders,without-hosting,62224,701134,8.874765736649485,True
godzilla-vs-kong,7,2021-05-12-to-2021-05-18,usa-can,downloaders,all,1370855,4672259,29.340304122695255,True
godzilla-vs-kong,7,2021-05-12-to-2021-05-18,usa-can,downloaders,without-hosting,1125448,4115169,27.348767450376887,True
godzilla-vs-kong,7,2021-05-12-to-2021-05-18,usa-can,uploaders,all,69522,757913,9.172820627169608,True
godzilla-vs-kong,7,2021-05-12-to-2021-05-18,usa-can,uploaders,without-hosting,51178,701134,7.299317962044345,True
godzilla-vs-kong,8,2021-05-19-to-2021-05-25,JPN,downloaders,all,104079,3640619,2.858827029139825,True
godzilla-vs-kong,8,2021-05-19-to-2021-05-25,JPN,downloaders,without-hosting,96534,3225678,2.9926731682455596,True
godzilla-vs-kong,8,2021-05-19-to-2021-05-25,JPN,uploaders,all,2741,702119,0.39038966329069574,True
godzilla-vs-kong,8,2021-05-19-to-2021-05-25,JPN,uploaders,without-hosting,2344,649395,0.3609513470229983,True
godzilla-vs-kong,8,2021-05-19-to-2021-05-25,USA,downloaders,all,867659,3640619,23.832732840212064,True
godzilla-vs-kong,8,2021-05-19-to-2021-05-25,USA,downloaders,without-hosting,702889,3225678,21.790426694790987,True
godzilla-vs-kong,8,2021-05-19-to-2021-05-25,USA,uploaders,all,42973,702119,6.120472455523921,True
godzilla-vs-kong,8,2021-05-19-to-2021-05-25,USA,uploaders,without-hosting,28165,649395,4.337113775129159,True
godzilla-vs-kong,8,2021-05-19-to-2021-05-25,CHN,downloaders,all,207620,3640619,5.702876351521541,True
godzilla-vs-kong,8,2021-05-19-to-2021-05-25,CHN,downloaders,without-hosting,193054,3225678,5.984912319208551,True
godzilla-vs-kong,8,2021-05-19-to-2021-05-25,CHN,uploaders,all,11235,702119,1.6001560988949166,True
godzilla-vs-kong,8,2021-05-19-to-2021-05-25,CHN,uploaders,without-hosting,10922,649395,1.6818731280653532,True
godzilla-vs-kong,8,2021-05-19-to-2021-05-25,KOR,downloaders,all,80085,3640619,2.199763282013306,True
godzilla-vs-kong,8,2021-05-19-to-2021-05-25,KOR,downloaders,without-hosting,75421,3225678,2.338144104898257,True
godzilla-vs-kong,8,2021-05-19-to-2021-05-25,KOR,uploaders,all,10781,702119,1.5354946953436668,True
godzilla-vs-kong,8,2021-05-19-to-2021-05-25,KOR,uploaders,without-hosting,10599,649395,1.632134525211928,True
godzilla-vs-kong,8,2021-05-19-to-2021-05-25,asia-28,downloaders,all,1099251,3640619,30.194068646018714,True
godzilla-vs-kong,8,2021-05-19-to-2021-05-25,asia-28,downloaders,without-hosting,1034752,3225678,32.07858936942869,True
godzilla-vs-kong,8,2021-05-19-to-2021-05-25,asia-28,uploaders,all,232108,702119,33.058213778576,True
godzilla-vs-kong,8,2021-05-19-to-2021-05-25,asia-28,uploaders,without-hosting,225659,649395,34.74911263560699,True
godzilla-vs-kong,8,2021-05-19-to-2021-05-25,eur-27,downloaders,all,449762,3640619,12.353998042640551,True
godzilla-vs-kong,8,2021-05-19-to-2021-05-25,eur-27,downloaders,without-hosting,359747,3225678,11.152601096575665,True
godzilla-vs-kong,8,2021-05-19-to-2021-05-25,eur-27,uploaders,all,64684,702119,9.212683320063977,True
godzilla-vs-kong,8,2021-05-19-to-2021-05-25,eur-27,uploaders,without-hosting,50691,649395,7.8058808583373755,True
godzilla-vs-kong,8,2021-05-19-to-2021-05-25,usa-can,downloaders,all,943010,3640619,25.90246328989658,True
godzilla-vs-kong,8,2021-05-19-to-2021-05-25,usa-can,downloaders,without-hosting,766595,3225678,23.765391337883074,True
godzilla-vs-kong,8,2021-05-19-to-2021-05-25,usa-can,uploaders,all,53607,702119,7.635030529012888,True
godzilla-vs-kong,8,2021-05-19-to-2021-05-25,usa-can,uploaders,without-hosting,36632,649395,5.640942723611977,True
godzilla-vs-kong,9,2021-05-26-to-2021-06-01,JPN,downloaders,all,92209,3254132,2.8335974078494663,True
godzilla-vs-kong,9,2021-05-26-to-2021-06-01,JPN,downloaders,without-hosting,85199,2874648,2.963806351247179,True
godzilla-vs-kong,9,2021-05-26-to-2021-06-01,JPN,uploaders,all,3053,655980,0.46541053080886613,True
godzilla-vs-kong,9,2021-05-26-to-2021-06-01,JPN,uploaders,without-hosting,2591,602064,0.4303529192909724,True
godzilla-vs-kong,9,2021-05-26-to-2021-06-01,USA,downloaders,all,766433,3254132,23.55260942088397,True
godzilla-vs-kong,9,2021-05-26-to-2021-06-01,USA,downloaders,without-hosting,615552,2874648,21.413126059260126,True
godzilla-vs-kong,9,2021-05-26-to-2021-06-01,USA,uploaders,all,49206,655980,7.501143327540474,True
godzilla-vs-kong,9,2021-05-26-to-2021-06-01,USA,uploaders,without-hosting,30592,602064,5.081187382072338,True
godzilla-vs-kong,9,2021-05-26-to-2021-06-01,CHN,downloaders,all,182502,3254132,5.608315827384999,True
godzilla-vs-kong,9,2021-05-26-to-2021-06-01,CHN,downloaders,without-hosting,169720,2874648,5.904027206113583,True
godzilla-vs-kong,9,2021-05-26-to-2021-06-01,CHN,uploaders,all,11073,655980,1.6880087807555109,True
godzilla-vs-kong,9,2021-05-26-to-2021-06-01,CHN,uploaders,without-hosting,10702,602064,1.7775518881713572,True
godzilla-vs-kong,9,2021-05-26-to-2021-06-01,KOR,downloaders,all,72732,3254132,2.2350660636999358,True
godzilla-vs-kong,9,2021-05-26-to-2021-06-01,KOR,downloaders,without-hosting,68849,2874648,2.395041062418773,True
godzilla-vs-kong,9,2021-05-26-to-2021-06-01,KOR,uploaders,all,9277,655980,1.4142199457300528,True
godzilla-vs-kong,9,2021-05-26-to-2021-06-01,KOR,uploaders,without-hosting,9100,602064,1.5114672194318213,True
godzilla-vs-kong,9,2021-05-26-to-2021-06-01,asia-28,downloaders,all,989678,3254132,30.412964194445706,True
godzilla-vs-kong,9,2021-05-26-to-2021-06-01,asia-28,downloaders,without-hosting,932636,2874648,32.443485254542466,True
godzilla-vs-kong,9,2021-05-26-to-2021-06-01,asia-28,uploaders,all,214112,655980,32.640019512790026,True
godzilla-vs-kong,9,2021-05-26-to-2021-06-01,asia-28,uploaders,without-hosting,207827,602064,34.51908767174254,True
godzilla-vs-kong,9,2021-05-26-to-2021-06-01,eur-27,downloaders,all,406061,3254132,12.478319871474175,True
godzilla-vs-kong,9,2021-05-26-to-2021-06-01,eur-27,downloaders,without-hosting,321324,2874648,11.177855514831728,True
godzilla-vs-kong,9,2021-05-26-to-2021-06-01,eur-27,uploaders,all,60199,655980,9.176956614530932,True
godzilla-vs-kong,9,2021-05-26-to-2021-06-01,eur-27,uploaders,without-hosting,48243,602064,8.012935501873555,True
godzilla-vs-kong,9,2021-05-26-to-2021-06-01,usa-can,downloaders,all,835745,3254132,25.68257833425319,True
godzilla-vs-kong,9,2021-05-26-to-2021-06-01,usa-can,downloaders,without-hosting,673704,2874648,23.436051996627064,True
godzilla-vs-kong,9,2021-05-26-to-2021-06-01,usa-can,uploaders,all,59660,655980,9.09478947528888,True
godzilla-vs-kong,9,2021-05-26-to-2021-06-01,usa-can,uploaders,without-hosting,38899,602064,6.460941029525101,True
godzilla-vs-kong,10,2021-06-02-to-2021-06-08,JPN,downloaders,all,96318,3206836,3.0035212277771612,True
godzilla-vs-kong,10,2021-06-02-to-2021-06-08,JPN,downloaders,without-hosting,89262,2820823,3.1643956391450296,True
godzilla-vs-kong,10,2021-06-02-to-2021-06-08,JPN,uploaders,all,2365,596899,0.3962144349379041,True
godzilla-vs-kong,10,2021-06-02-to-2021-06-08,JPN,uploaders,without-hosting,1966,543265,0.36188600406799626,True
godzilla-vs-kong,10,2021-06-02-to-2021-06-08,USA,downloaders,all,817874,3206836,25.50407941035962,True
godzilla-vs-kong,10,2021-06-02-to-2021-06-08,USA,downloaders,without-hosting,657564,2820823,23.31106914542316,True
godzilla-vs-kong,10,2021-06-02-to-2021-06-08,USA,uploaders,all,45973,596899,7.701973030613219,True
godzilla-vs-kong,10,2021-06-02-to-2021-06-08,USA,uploaders,without-hosting,24519,543265,4.513267005973144,True
godzilla-vs-kong,10,2021-06-02-to-2021-06-08,CHN,downloaders,all,187371,3206836,5.842861936188816,True
godzilla-vs-kong,10,2021-06-02-to-2021-06-08,CHN,downloaders,without-hosting,173705,2820823,6.157954611118812,True
godzilla-vs-kong,10,2021-06-02-to-2021-06-08,CHN,uploaders,all,9386,596899,1.5724603324850603,True
godzilla-vs-kong,10,2021-06-02-to-2021-06-08,CHN,uploaders,without-hosting,9131,543265,1.6807635316098037,True
godzilla-vs-kong,10,2021-06-02-to-2021-06-08,KOR,downloaders,all,71108,3206836,2.217388104661417,True
godzilla-vs-kong,10,2021-06-02-to-2021-06-08,KOR,downloaders,without-hosting,66926,2820823,2.3725699910983424,True
godzilla-vs-kong,10,2021-06-02-to-2021-06-08,KOR,uploaders,all,8450,596899,1.41564988381619,True
godzilla-vs-kong,10,2021-06-02-to-2021-06-08,KOR,uploaders,without-hosting,8302,543265,1.528167652987032,True
godzilla-vs-kong,10,2021-06-02-to-2021-06-08,asia-28,downloaders,all,938346,3206836,29.260804107225937,True
godzilla-vs-kong,10,2021-06-02-to-2021-06-08,asia-28,downloaders,without-hosting,880260,2820823,31.20578639638148,True
godzilla-vs-kong,10,2021-06-02-to-2021-06-08,asia-28,uploaders,all,192560,596899,32.26006409794622,True
godzilla-vs-kong,10,2021-06-02-to-2021-06-08,asia-28,uploaders,without-hosting,186955,543265,34.41322374899911,True
godzilla-vs-kong,10,2021-06-02-to-2021-06-08,eur-27,downloaders,all,410412,3206836,12.798035197309748,True
godzilla-vs-kong,10,2021-06-02-to-2021-06-08,eur-27,downloaders,without-hosting,328597,2820823,11.648976203044288,True
godzilla-vs-kong,10,2021-06-02-to-2021-06-08,eur-27,uploaders,all,55363,596899,9.275103493220795,True
godzilla-vs-kong,10,2021-06-02-to-2021-06-08,eur-27,uploaders,without-hosting,44496,543265,8.190477943545048,True
godzilla-vs-kong,10,2021-06-02-to-2021-06-08,usa-can,downloaders,all,887527,3206836,27.676095690580997,True
godzilla-vs-kong,10,2021-06-02-to-2021-06-08,usa-can,downloaders,without-hosting,717031,2820823,25.419212761665655,True
godzilla-vs-kong,10,2021-06-02-to-2021-06-08,usa-can,uploaders,all,55265,596899,9.25868530521914,True
godzilla-vs-kong,10,2021-06-02-to-2021-06-08,usa-can,uploaders,without-hosting,31856,543265,5.8638049570651525,True
godzilla-vs-kong,11,2021-06-09-to-2021-06-15,JPN,downloaders,all,94538,3002410,3.148737181131158,True
godzilla-vs-kong,11,2021-06-09-to-2021-06-15,JPN,downloaders,without-hosting,87738,2630398,3.3355408573151286,True
godzilla-vs-kong,11,2021-06-09-to-2021-06-15,JPN,uploaders,all,2052,546062,0.37578150466430554,True
godzilla-vs-kong,11,2021-06-09-to-2021-06-15,JPN,uploaders,without-hosting,1689,496632,0.3400908519789301,True
godzilla-vs-kong,11,2021-06-09-to-2021-06-15,USA,downloaders,all,769363,3002410,25.62484803874221,True
godzilla-vs-kong,11,2021-06-09-to-2021-06-15,USA,downloaders,without-hosting,616214,2630398,23.426644941183806,True
godzilla-vs-kong,11,2021-06-09-to-2021-06-15,USA,uploaders,all,42223,546062,7.7322721595716235,True
godzilla-vs-kong,11,2021-06-09-to-2021-06-15,USA,uploaders,without-hosting,22486,496632,4.527698577618841,True
godzilla-vs-kong,11,2021-06-09-to-2021-06-15,CHN,downloaders,all,186193,3002410,6.201451500627829,True
godzilla-vs-kong,11,2021-06-09-to-2021-06-15,CHN,downloaders,without-hosting,173220,2630398,6.585315226060847,True
godzilla-vs-kong,11,2021-06-09-to-2021-06-15,CHN,uploaders,all,9625,546062,1.7626203617904195,True
godzilla-vs-kong,11,2021-06-09-to-2021-06-15,CHN,uploaders,without-hosting,9354,496632,1.883487169574252,True
godzilla-vs-kong,11,2021-06-09-to-2021-06-15,KOR,downloaders,all,68863,3002410,2.293590815378313,True
godzilla-vs-kong,11,2021-06-09-to-2021-06-15,KOR,downloaders,without-hosting,64717,2630398,2.460350106713889,True
godzilla-vs-kong,11,2021-06-09-to-2021-06-15,KOR,uploaders,all,6906,546062,1.2646915551713909,True
godzilla-vs-kong,11,2021-06-09-to-2021-06-15,KOR,uploaders,without-hosting,6777,496632,1.3645918909776253,True
godzilla-vs-kong,11,2021-06-09-to-2021-06-15,asia-28,downloaders,all,880150,3002410,29.314783790355083,True
godzilla-vs-kong,11,2021-06-09-to-2021-06-15,asia-28,downloaders,without-hosting,825312,2630398,31.37593626515835,True
godzilla-vs-kong,11,2021-06-09-to-2021-06-15,asia-28,uploaders,all,179742,546062,32.916042500668425,True
godzilla-vs-kong,11,2021-06-09-to-2021-06-15,asia-28,uploaders,without-hosting,174607,496632,35.15822580904976,True
godzilla-vs-kong,11,2021-06-09-to-2021-06-15,eur-27,downloaders,all,390960,3002410,13.021539363378086,True
godzilla-vs-kong,11,2021-06-09-to-2021-06-15,eur-27,downloaders,without-hosting,308674,2630398,11.734878143915864,True
godzilla-vs-kong,11,2021-06-09-to-2021-06-15,eur-27,uploaders,all,50116,546062,9.177712420933887,True
godzilla-vs-kong,11,2021-06-09-to-2021-06-15,eur-27,uploaders,without-hosting,39933,496632,8.040762576716764,True
godzilla-vs-kong,11,2021-06-09-to-2021-06-15,usa-can,downloaders,all,834473,3002410,27.793439270452737,True
godzilla-vs-kong,11,2021-06-09-to-2021-06-15,usa-can,downloaders,without-hosting,671231,2630398,25.51822956069766,True
godzilla-vs-kong,11,2021-06-09-to-2021-06-15,usa-can,uploaders,all,51145,546062,9.366152561430754,True
godzilla-vs-kong,11,2021-06-09-to-2021-06-15,usa-can,uploaders,without-hosting,29488,496632,5.9375956442597335,True
godzilla-vs-kong,12,2021-06-16-to-2021-06-22,JPN,downloaders,all,99429,2882422,3.449494903938424,True
godzilla-vs-kong,12,2021-06-16-to-2021-06-22,JPN,downloaders,without-hosting,92466,2519018,3.670716128269032,True
godzilla-vs-kong,12,2021-06-16-to-2021-06-22,JPN,uploaders,all,2219,512068,0.4333408844137888,True
godzilla-vs-kong,12,2021-06-16-to-2021-06-22,JPN,uploaders,without-hosting,1832,463583,0.3951827396604276,True
godzilla-vs-kong,12,2021-06-16-to-2021-06-22,USA,downloaders,all,772992,2882422,26.817447271773528,True
godzilla-vs-kong,12,2021-06-16-to-2021-06-22,USA,downloaders,without-hosting,622520,2519018,24.71280475169292,True
godzilla-vs-kong,12,2021-06-16-to-2021-06-22,USA,uploaders,all,42889,512068,8.375645422092378,True
godzilla-vs-kong,12,2021-06-16-to-2021-06-22,USA,uploaders,without-hosting,23189,463583,5.002124754358982,True
godzilla-vs-kong,12,2021-06-16-to-2021-06-22,CHN,downloaders,all,173499,2882422,6.019208845894182,True
godzilla-vs-kong,12,2021-06-16-to-2021-06-22,CHN,downloaders,without-hosting,160439,2519018,6.369108914664365,True
godzilla-vs-kong,12,2021-06-16-to-2021-06-22,CHN,uploaders,all,7645,512068,1.4929657779826118,True
godzilla-vs-kong,12,2021-06-16-to-2021-06-22,CHN,uploaders,without-hosting,7378,463583,1.5915165137634468,True
godzilla-vs-kong,12,2021-06-16-to-2021-06-22,KOR,downloaders,all,66330,2882422,2.3011897633309766,True
godzilla-vs-kong,12,2021-06-16-to-2021-06-22,KOR,downloaders,without-hosting,62215,2519018,2.469811648825058,True
godzilla-vs-kong,12,2021-06-16-to-2021-06-22,KOR,uploaders,all,5790,512068,1.1307092026840184,True
godzilla-vs-kong,12,2021-06-16-to-2021-06-22,KOR,uploaders,without-hosting,5667,463583,1.2224348174976218,True
godzilla-vs-kong,12,2021-06-16-to-2021-06-22,asia-28,downloaders,all,818278,2882422,28.388556568052838,True
godzilla-vs-kong,12,2021-06-16-to-2021-06-22,asia-28,downloaders,without-hosting,763996,2519018,30.329120315932638,True
godzilla-vs-kong,12,2021-06-16-to-2021-06-22,asia-28,uploaders,all,166984,512068,32.6097315200325,True
godzilla-vs-kong,12,2021-06-16-to-2021-06-22,asia-28,uploaders,without-hosting,162024,463583,34.95037566088489,True
godzilla-vs-kong,12,2021-06-16-to-2021-06-22,eur-27,downloaders,all,385700,2882422,13.381107971004939,True
godzilla-vs-kong,12,2021-06-16-to-2021-06-22,eur-27,downloaders,without-hosting,306073,2519018,12.150488801588555,True
godzilla-vs-kong,12,2021-06-16-to-2021-06-22,eur-27,uploaders,all,50492,512068,9.860409164407852,True
godzilla-vs-kong,12,2021-06-16-to-2021-06-22,eur-27,uploaders,without-hosting,40662,463583,8.771244847201041,True
godzilla-vs-kong,12,2021-06-16-to-2021-06-22,usa-can,downloaders,all,836678,2882422,29.02690862059754,True
godzilla-vs-kong,12,2021-06-16-to-2021-06-22,usa-can,downloaders,without-hosting,676878,2519018,26.870709141419393,True
godzilla-vs-kong,12,2021-06-16-to-2021-06-22,usa-can,uploaders,all,51506,512068,10.058429739800182,True
godzilla-vs-kong,12,2021-06-16-to-2021-06-22,usa-can,uploaders,without-hosting,29952,463583,6.460978940125069,True
godzilla-vs-kong,13,2021-06-23-to-2021-06-29,JPN,downloaders,all,105222,3013412,3.4917893736402457,True
godzilla-vs-kong,13,2021-06-23-to-2021-06-29,JPN,downloaders,without-hosting,97625,2625122,3.718874779914991,True
godzilla-vs-kong,13,2021-06-23-to-2021-06-29,JPN,uploaders,all,2394,488094,0.4904792929230845,True
godzilla-vs-kong,13,2021-06-23-to-2021-06-29,JPN,uploaders,without-hosting,2026,442357,0.45800111674507243,True
godzilla-vs-kong,13,2021-06-23-to-2021-06-29,USA,downloaders,all,863804,3013412,28.665313604644833,True
godzilla-vs-kong,13,2021-06-23-to-2021-06-29,USA,downloaders,without-hosting,702075,2625122,26.74447130457175,True
godzilla-vs-kong,13,2021-06-23-to-2021-06-29,USA,uploaders,all,41199,488094,8.440792142497141,True
godzilla-vs-kong,13,2021-06-23-to-2021-06-29,USA,uploaders,without-hosting,24013,442357,5.428420936031305,True
godzilla-vs-kong,13,2021-06-23-to-2021-06-29,CHN,downloaders,all,189382,3013412,6.28463681700345,True
godzilla-vs-kong,13,2021-06-23-to-2021-06-29,CHN,downloaders,without-hosting,174649,2625122,6.6529860326491495,True
godzilla-vs-kong,13,2021-06-23-to-2021-06-29,CHN,uploaders,all,7130,488094,1.4607841932086851,True
godzilla-vs-kong,13,2021-06-23-to-2021-06-29,CHN,uploaders,without-hosting,6834,442357,1.5449060374313055,True
godzilla-vs-kong,13,2021-06-23-to-2021-06-29,KOR,downloaders,all,70328,3013412,2.3338328778142516,True
godzilla-vs-kong,13,2021-06-23-to-2021-06-29,KOR,downloaders,without-hosting,65744,2625122,2.5044169375747107,True
godzilla-vs-kong,13,2021-06-23-to-2021-06-29,KOR,uploaders,all,5223,488094,1.0700807631316918,True
godzilla-vs-kong,13,2021-06-23-to-2021-06-29,KOR,uploaders,without-hosting,5102,442357,1.153367076818045,True
godzilla-vs-kong,13,2021-06-23-to-2021-06-29,asia-28,downloaders,all,828568,3013412,27.49600784758274,True
godzilla-vs-kong,13,2021-06-23-to-2021-06-29,asia-28,downloaders,without-hosting,769315,2625122,29.305876069759805,True
godzilla-vs-kong,13,2021-06-23-to-2021-06-29,asia-28,uploaders,all,156110,488094,31.983593324236725,True
godzilla-vs-kong,13,2021-06-23-to-2021-06-29,asia-28,uploaders,without-hosting,151228,442357,34.186867168373055,True
godzilla-vs-kong,13,2021-06-23-to-2021-06-29,eur-27,downloaders,all,414582,3013412,13.75789304615499,True
godzilla-vs-kong,13,2021-06-23-to-2021-06-29,eur-27,downloaders,without-hosting,330778,2625122,12.600481044309559,True
godzilla-vs-kong,13,2021-06-23-to-2021-06-29,eur-27,uploaders,all,50812,488094,10.41028982122296,True
godzilla-vs-kong,13,2021-06-23-to-2021-06-29,eur-27,uploaders,without-hosting,40816,442357,9.22693661454436,True
godzilla-vs-kong,13,2021-06-23-to-2021-06-29,usa-can,downloaders,all,933071,3013412,30.963937224647676,True
godzilla-vs-kong,13,2021-06-23-to-2021-06-29,usa-can,downloaders,without-hosting,761474,2625122,29.007185189869272,True
godzilla-vs-kong,13,2021-06-23-to-2021-06-29,usa-can,uploaders,all,50077,488094,10.259704073395698,True
godzilla-vs-kong,13,2021-06-23-to-2021-06-29,usa-can,uploaders,without-hosting,31023,442357,7.013113842439478,True
godzilla-vs-kong,14,2021-06-30-to-2021-07-06,JPN,downloaders,all,103641,2895433,3.5794646258435265,True
godzilla-vs-kong,14,2021-06-30-to-2021-07-06,JPN,downloaders,without-hosting,96391,2513598,3.8347818545368035,True
godzilla-vs-kong,14,2021-06-30-to-2021-07-06,JPN,uploaders,all,2004,435091,0.46059330117147906,True
godzilla-vs-kong,14,2021-06-30-to-2021-07-06,JPN,uploaders,without-hosting,1715,392773,0.43663897467493945,True
godzilla-vs-kong,14,2021-06-30-to-2021-07-06,USA,downloaders,all,837677,2895433,28.93097509077226,True
godzilla-vs-kong,14,2021-06-30-to-2021-07-06,USA,downloaders,without-hosting,676971,2513598,26.93234956425013,True
godzilla-vs-kong,14,2021-06-30-to-2021-07-06,USA,uploaders,all,37114,435091,8.530169550737662,True
godzilla-vs-kong,14,2021-06-30-to-2021-07-06,USA,uploaders,without-hosting,20532,392773,5.22744689680808,True
godzilla-vs-kong,14,2021-06-30-to-2021-07-06,CHN,downloaders,all,184020,2895433,6.355526099205196,True
godzilla-vs-kong,14,2021-06-30-to-2021-07-06,CHN,downloaders,without-hosting,169280,2513598,6.734569330497558,True
godzilla-vs-kong,14,2021-06-30-to-2021-07-06,CHN,uploaders,all,5687,435091,1.307082886108883,True
godzilla-vs-kong,14,2021-06-30-to-2021-07-06,CHN,uploaders,without-hosting,5489,392773,1.3974993189450395,True
godzilla-vs-kong,14,2021-06-30-to-2021-07-06,KOR,downloaders,all,69022,2895433,2.383823075857739,True
godzilla-vs-kong,14,2021-06-30-to-2021-07-06,KOR,downloaders,without-hosting,64485,2513598,2.565446025975514,True
godzilla-vs-kong,14,2021-06-30-to-2021-07-06,KOR,uploaders,all,4853,435091,1.1153988475973993,True
godzilla-vs-kong,14,2021-06-30-to-2021-07-06,KOR,uploaders,without-hosting,4770,392773,1.214441929562368,True
godzilla-vs-kong,14,2021-06-30-to-2021-07-06,asia-28,downloaders,all,792452,2895433,27.369032541937596,True
godzilla-vs-kong,14,2021-06-30-to-2021-07-06,asia-28,downloaders,without-hosting,734403,2513598,29.217201795991244,True
godzilla-vs-kong,14,2021-06-30-to-2021-07-06,asia-28,uploaders,all,139655,435091,32.097882971608236,True
godzilla-vs-kong,14,2021-06-30-to-2021-07-06,asia-28,uploaders,without-hosting,135487,392773,34.49498819929068,True
godzilla-vs-kong,14,2021-06-30-to-2021-07-06,eur-27,downloaders,all,402895,2895433,13.914844515483521,True
godzilla-vs-kong,14,2021-06-30-to-2021-07-06,eur-27,downloaders,without-hosting,322132,2513598,12.81557353244234,True
godzilla-vs-kong,14,2021-06-30-to-2021-07-06,eur-27,uploaders,all,46561,435091,10.701439468984649,True
godzilla-vs-kong,14,2021-06-30-to-2021-07-06,eur-27,uploaders,without-hosting,37516,392773,9.551573046008762,True
godzilla-vs-kong,14,2021-06-30-to-2021-07-06,usa-can,downloaders,all,906322,2895433,31.30177766157946,True
godzilla-vs-kong,14,2021-06-30-to-2021-07-06,usa-can,downloaders,without-hosting,735885,2513598,29.276161104520295,True
godzilla-vs-kong,14,2021-06-30-to-2021-07-06,usa-can,uploaders,all,45329,435091,10.41828031377344,True
godzilla-vs-kong,14,2021-06-30-to-2021-07-06,usa-can,uploaders,without-hosting,27155,392773,6.913662599007569,True
godzilla-vs-kong,15,2021-07-07-to-2021-07-13,JPN,downloaders,all,100178,2768556,3.618420577369575,True
godzilla-vs-kong,15,2021-07-07-to-2021-07-13,JPN,downloaders,without-hosting,92987,2400564,3.873548049541691,True
godzilla-vs-kong,15,2021-07-07-to-2021-07-13,JPN,uploaders,all,2121,404758,0.5240168199269687,True
godzilla-vs-kong,15,2021-07-07-to-2021-07-13,JPN,uploaders,without-hosting,1868,363625,0.5137160536266758,True
godzilla-vs-kong,15,2021-07-07-to-2021-07-13,USA,downloaders,all,822176,2768556,29.696925039623544,True
godzilla-vs-kong,15,2021-07-07-to-2021-07-13,USA,downloaders,without-hosting,666086,2400564,27.747062773581543,True
godzilla-vs-kong,15,2021-07-07-to-2021-07-13,USA,uploaders,all,37050,404758,9.153617717253272,True
godzilla-vs-kong,15,2021-07-07-to-2021-07-13,USA,uploaders,without-hosting,20560,363625,5.654176693021657,True
godzilla-vs-kong,15,2021-07-07-to-2021-07-13,CHN,downloaders,all,175152,2768556,6.32647488438016,True
godzilla-vs-kong,15,2021-07-07-to-2021-07-13,CHN,downloaders,without-hosting,161131,2400564,6.712214296307034,True
godzilla-vs-kong,15,2021-07-07-to-2021-07-13,CHN,uploaders,all,5510,404758,1.361307250258179,True
godzilla-vs-kong,15,2021-07-07-to-2021-07-13,CHN,uploaders,without-hosting,5301,363625,1.457820556892403,True
godzilla-vs-kong,15,2021-07-07-to-2021-07-13,KOR,downloaders,all,65508,2768556,2.366143216897184,True
godzilla-vs-kong,15,2021-07-07-to-2021-07-13,KOR,downloaders,without-hosting,61151,2400564,2.5473597038029396,True
godzilla-vs-kong,15,2021-07-07-to-2021-07-13,KOR,uploaders,all,4621,404758,1.1416698372854892,True
godzilla-vs-kong,15,2021-07-07-to-2021-07-13,KOR,uploaders,without-hosting,4532,363625,1.2463389480921279,True
godzilla-vs-kong,15,2021-07-07-to-2021-07-13,asia-28,downloaders,all,751509,2768556,27.144439195017185,True
godzilla-vs-kong,15,2021-07-07-to-2021-07-13,asia-28,downloaders,without-hosting,695577,2400564,28.97556574205062,True
godzilla-vs-kong,15,2021-07-07-to-2021-07-13,asia-28,uploaders,all,129088,404758,31.89263708191067,True
godzilla-vs-kong,15,2021-07-07-to-2021-07-13,asia-28,uploaders,without-hosting,125194,363625,34.42942591955999,True
godzilla-vs-kong,15,2021-07-07-to-2021-07-13,eur-27,downloaders,all,386488,2768556,13.959912676499952,True
godzilla-vs-kong,15,2021-07-07-to-2021-07-13,eur-27,downloaders,without-hosting,309766,2400564,12.903884253867007,True
godzilla-vs-kong,15,2021-07-07-to-2021-07-13,eur-27,uploaders,all,43472,404758,10.740244788243839,True
godzilla-vs-kong,15,2021-07-07-to-2021-07-13,eur-27,uploaders,without-hosting,34775,363625,9.56342385699553,True
godzilla-vs-kong,15,2021-07-07-to-2021-07-13,usa-can,downloaders,all,887262,2768556,32.04782565351757,True
godzilla-vs-kong,15,2021-07-07-to-2021-07-13,usa-can,downloaders,without-hosting,721808,2400564,30.068267290520062,True
godzilla-vs-kong,15,2021-07-07-to-2021-07-13,usa-can,uploaders,all,44422,404758,10.974952934840077,True
godzilla-vs-kong,15,2021-07-07-to-2021-07-13,usa-can,uploaders,without-hosting,26351,363625,7.246751460983155,True
godzilla-vs-kong,16,2021-07-14-to-2021-07-20,JPN,downloaders,all,84636,2387255,3.5453271644629503,True
godzilla-vs-kong,16,2021-07-14-to-2021-07-20,JPN,downloaders,without-hosting,78244,2068322,3.7829699630908533,True
godzilla-vs-kong,16,2021-07-14-to-2021-07-20,JPN,uploaders,all,1703,372267,0.4574673554196316,True
godzilla-vs-kong,16,2021-07-14-to-2021-07-20,JPN,uploaders,without-hosting,1462,332217,0.44007380718024663,True
godzilla-vs-kong,16,2021-07-14-to-2021-07-20,USA,downloaders,all,694595,2387255,29.095970057660367,True
godzilla-vs-kong,16,2021-07-14-to-2021-07-20,USA,downloaders,without-hosting,558448,2068322,27.000051249273564,True
godzilla-vs-kong,16,2021-07-14-to-2021-07-20,USA,uploaders,all,34083,372267,9.15552546962261,True
godzilla-vs-kong,16,2021-07-14-to-2021-07-20,USA,uploaders,without-hosting,17127,332217,5.155365318451494,True
godzilla-vs-kong,16,2021-07-14-to-2021-07-20,CHN,downloaders,all,146769,2387255,6.14802356681628,True
godzilla-vs-kong,16,2021-07-14-to-2021-07-20,CHN,downloaders,without-hosting,134811,2068322,6.5178922817627045,True
godzilla-vs-kong,16,2021-07-14-to-2021-07-20,CHN,uploaders,all,4332,372267,1.1636809064461797,True
godzilla-vs-kong,16,2021-07-14-to-2021-07-20,CHN,uploaders,without-hosting,4155,332217,1.2506885559739567,True
godzilla-vs-kong,16,2021-07-14-to-2021-07-20,KOR,downloaders,all,55859,2387255,2.339884092817902,True
godzilla-vs-kong,16,2021-07-14-to-2021-07-20,KOR,downloaders,without-hosting,52155,2068322,2.5216093045473578,True
godzilla-vs-kong,16,2021-07-14-to-2021-07-20,KOR,uploaders,all,4315,372267,1.1591142916240225,True
godzilla-vs-kong,16,2021-07-14-to-2021-07-20,KOR,uploaders,without-hosting,4230,332217,1.2732641616774578,True
godzilla-vs-kong,16,2021-07-14-to-2021-07-20,asia-28,downloaders,all,646331,2387255,27.07423379571935,True
godzilla-vs-kong,16,2021-07-14-to-2021-07-20,asia-28,downloaders,without-hosting,598225,2068322,28.923204414012904,True
godzilla-vs-kong,16,2021-07-14-to-2021-07-20,asia-28,uploaders,all,116504,372267,31.295817249447307,True
godzilla-vs-kong,16,2021-07-14-to-2021-07-20,asia-28,uploaders,without-hosting,112830,332217,33.96274122034694,True
godzilla-vs-kong,16,2021-07-14-to-2021-07-20,eur-27,downloaders,all,330315,2387255,13.836603127860242,True
godzilla-vs-kong,16,2021-07-14-to-2021-07-20,eur-27,downloaders,without-hosting,264163,2068322,12.771850804661943,True
godzilla-vs-kong,16,2021-07-14-to-2021-07-20,eur-27,uploaders,all,39539,372267,10.621140203133772,True
godzilla-vs-kong,16,2021-07-14-to-2021-07-20,eur-27,uploaders,without-hosting,31360,332217,9.439613264823896,True
godzilla-vs-kong,16,2021-07-14-to-2021-07-20,usa-can,downloaders,all,749655,2387255,31.40238474733533,True
godzilla-vs-kong,16,2021-07-14-to-2021-07-20,usa-can,downloaders,without-hosting,605350,2068322,29.267686559442872,True
godzilla-vs-kong,16,2021-07-14-to-2021-07-20,usa-can,uploaders,all,40914,372267,10.9904987549259,True
godzilla-vs-kong,16,2021-07-14-to-2021-07-20,usa-can,uploaders,without-hosting,22557,332217,6.789839171384968,True
godzilla-vs-kong,17,2021-07-21-to-2021-07-27-partial,JPN,downloaders,all,85739,2271241,3.7749846889872103,False
godzilla-vs-kong,17,2021-07-21-to-2021-07-27-partial,JPN,downloaders,without-hosting,79774,1963804,4.062218021757772,False
godzilla-vs-kong,17,2021-07-21-to-2021-07-27-partial,JPN,uploaders,all,1690,310725,0.5438892911738675,False
godzilla-vs-kong,17,2021-07-21-to-2021-07-27-partial,JPN,uploaders,without-hosting,1516,278154,0.5450218224436822,False
godzilla-vs-kong,17,2021-07-21-to-2021-07-27-partial,USA,downloaders,all,688196,2271241,30.300439275268456,False
godzilla-vs-kong,17,2021-07-21-to-2021-07-27-partial,USA,downloaders,without-hosting,558037,1963804,28.416125030807557,False
godzilla-vs-kong,17,2021-07-21-to-2021-07-27-partial,USA,uploaders,all,28656,310725,9.222302679217957,False
godzilla-vs-kong,17,2021-07-21-to-2021-07-27-partial,USA,uploaders,without-hosting,16275,278154,5.851075303608792,False
godzilla-vs-kong,17,2021-07-21-to-2021-07-27-partial,CHN,downloaders,all,146945,2271241,6.469810997599991,False
godzilla-vs-kong,17,2021-07-21-to-2021-07-27-partial,CHN,downloaders,without-hosting,134513,1963804,6.849614319962685,False
godzilla-vs-kong,17,2021-07-21-to-2021-07-27-partial,CHN,uploaders,all,3948,310725,1.2705768766594256,False
godzilla-vs-kong,17,2021-07-21-to-2021-07-27-partial,CHN,uploaders,without-hosting,3739,278154,1.3442193892591874,False
godzilla-vs-kong,17,2021-07-21-to-2021-07-27-partial,KOR,downloaders,all,54790,2271241,2.4123375722787674,False
godzilla-vs-kong,17,2021-07-21-to-2021-07-27-partial,KOR,downloaders,without-hosting,51057,1963804,2.5999030453140946,False
godzilla-vs-kong,17,2021-07-21-to-2021-07-27-partial,KOR,uploaders,all,3609,310725,1.161477190441709,False
godzilla-vs-kong,17,2021-07-21-to-2021-07-27-partial,KOR,uploaders,without-hosting,3523,278154,1.2665645649532273,False
godzilla-vs-kong,17,2021-07-21-to-2021-07-27-partial,asia-28,downloaders,all,600339,2271241,26.43220160256001,False
godzilla-vs-kong,17,2021-07-21-to-2021-07-27-partial,asia-28,downloaders,without-hosting,553198,1963804,28.16971551132394,False
godzilla-vs-kong,17,2021-07-21-to-2021-07-27-partial,asia-28,uploaders,all,98329,310725,31.64502373481374,False
godzilla-vs-kong,17,2021-07-21-to-2021-07-27-partial,asia-28,uploaders,without-hosting,95183,278154,34.219533064417554,False
godzilla-vs-kong,17,2021-07-21-to-2021-07-27-partial,eur-27,downloaders,all,331408,2271241,14.591494253582072,False
godzilla-vs-kong,17,2021-07-21-to-2021-07-27-partial,eur-27,downloaders,without-hosting,267125,1963804,13.602426718756046,False
godzilla-vs-kong,17,2021-07-21-to-2021-07-27-partial,eur-27,uploaders,all,33859,310725,10.896773674470996,False
godzilla-vs-kong,17,2021-07-21-to-2021-07-27-partial,eur-27,uploaders,without-hosting,26771,278154,9.624524543957664,False
godzilla-vs-kong,17,2021-07-21-to-2021-07-27-partial,usa-can,downloaders,all,742356,2271241,32.68503870791343,False
godzilla-vs-kong,17,2021-07-21-to-2021-07-27-partial,usa-can,downloaders,without-hosting,604268,1963804,30.77028053716155,False
godzilla-vs-kong,17,2021-07-21-to-2021-07-27-partial,usa-can,uploaders,all,34799,310725,11.199291978437525,False
godzilla-vs-kong,17,2021-07-21-to-2021-07-27-partial,usa-can,uploaders,without-hosting,21030,278154,7.560559977566384,False
godzilla-vs-kong,18,2021-07-28-to-2021-08-03,JPN,downloaders,all,83087,2297111,3.6170215544655875,True
godzilla-vs-kong,18,2021-07-28-to-2021-08-03,JPN,downloaders,without-hosting,77342,1984077,3.8981350018169656,True
godzilla-vs-kong,18,2021-07-28-to-2021-08-03,JPN,uploaders,all,1284,329225,0.3900068342319083,True
godzilla-vs-kong,18,2021-07-28-to-2021-08-03,JPN,uploaders,without-hosting,1113,292820,0.3800969879106618,True
godzilla-vs-kong,18,2021-07-28-to-2021-08-03,USA,downloaders,all,653062,2297111,28.429710188145023,True
godzilla-vs-kong,18,2021-07-28-to-2021-08-03,USA,downloaders,without-hosting,521013,1984077,26.259716734783982,True
godzilla-vs-kong,18,2021-07-28-to-2021-08-03,USA,uploaders,all,29038,329225,8.820107828992331,True
godzilla-vs-kong,18,2021-07-28-to-2021-08-03,USA,uploaders,without-hosting,13780,292820,4.705962707465337,True
godzilla-vs-kong,18,2021-07-28-to-2021-08-03,CHN,downloaders,all,144542,2297111,6.292338506933274,True
godzilla-vs-kong,18,2021-07-28-to-2021-08-03,CHN,downloaders,without-hosting,132771,1984077,6.691826980505293,True
godzilla-vs-kong,18,2021-07-28-to-2021-08-03,CHN,uploaders,all,3315,329225,1.0069101678183614,True
godzilla-vs-kong,18,2021-07-28-to-2021-08-03,CHN,uploaders,without-hosting,3129,292820,1.068574550918653,True
godzilla-vs-kong,18,2021-07-28-to-2021-08-03,KOR,downloaders,all,56803,2297111,2.472801706143064,True
godzilla-vs-kong,18,2021-07-28-to-2021-08-03,KOR,downloaders,without-hosting,53156,1984077,2.6791298926402556,True
godzilla-vs-kong,18,2021-07-28-to-2021-08-03,KOR,uploaders,all,3631,329225,1.1028931581745007,True
godzilla-vs-kong,18,2021-07-28-to-2021-08-03,KOR,uploaders,without-hosting,3556,292820,1.2143979236390956,True
godzilla-vs-kong,18,2021-07-28-to-2021-08-03,asia-28,downloaders,all,615299,2297111,26.785775698257506,True
godzilla-vs-kong,18,2021-07-28-to-2021-08-03,asia-28,downloaders,without-hosting,569117,1984077,28.684219412855448,True
godzilla-vs-kong,18,2021-07-28-to-2021-08-03,asia-28,uploaders,all,105602,329225,32.075935910091886,True
godzilla-vs-kong,18,2021-07-28-to-2021-08-03,asia-28,uploaders,without-hosting,102381,292820,34.96380028686565,True
godzilla-vs-kong,18,2021-07-28-to-2021-08-03,eur-27,downloaders,all,336412,2297111,14.645004094273197,True
godzilla-vs-kong,18,2021-07-28-to-2021-08-03,eur-27,downloaders,without-hosting,269505,1984077,13.583394192866507,True
godzilla-vs-kong,18,2021-07-28-to-2021-08-03,eur-27,uploaders,all,35741,329225,10.856101450375883,True
godzilla-vs-kong,18,2021-07-28-to-2021-08-03,eur-27,uploaders,without-hosting,28433,292820,9.710060788197527,True
godzilla-vs-kong,18,2021-07-28-to-2021-08-03,usa-can,downloaders,all,703761,2297111,30.636786816135572,True
godzilla-vs-kong,18,2021-07-28-to-2021-08-03,usa-can,downloaders,without-hosting,563414,1984077,28.39678097170624,True
godzilla-vs-kong,18,2021-07-28-to-2021-08-03,usa-can,uploaders,all,35484,329225,10.778039334801427,True
godzilla-vs-kong,18,2021-07-28-to-2021-08-03,usa-can,uploaders,without-hosting,18633,292820,6.363294856908681,True
godzilla-vs-kong,19,2021-08-04-to-2021-08-10,JPN,downloaders,all,80344,2250310,3.5703525292070872,True
godzilla-vs-kong,19,2021-08-04-to-2021-08-10,JPN,downloaders,without-hosting,74828,1951024,3.8353192989937592,True
godzilla-vs-kong,19,2021-08-04-to-2021-08-10,JPN,uploaders,all,1172,316569,0.3702194466293288,True
godzilla-vs-kong,19,2021-08-04-to-2021-08-10,JPN,uploaders,without-hosting,1014,282824,0.3585268576924165,True
godzilla-vs-kong,19,2021-08-04-to-2021-08-10,USA,downloaders,all,650563,2250310,28.90992796548031,True
godzilla-vs-kong,19,2021-08-04-to-2021-08-10,USA,downloaders,without-hosting,525081,1951024,26.91309794241383,True
godzilla-vs-kong,19,2021-08-04-to-2021-08-10,USA,uploaders,all,26181,316569,8.270234925087422,True
godzilla-vs-kong,19,2021-08-04-to-2021-08-10,USA,uploaders,without-hosting,12679,282824,4.483000028286143,True
godzilla-vs-kong,19,2021-08-04-to-2021-08-10,CHN,downloaders,all,139725,2250310,6.209144517866427,True
godzilla-vs-kong,19,2021-08-04-to-2021-08-10,CHN,downloaders,without-hosting,128315,1951024,6.576802745635113,True
godzilla-vs-kong,19,2021-08-04-to-2021-08-10,CHN,uploaders,all,3293,316569,1.0402155612204607,True
godzilla-vs-kong,19,2021-08-04-to-2021-08-10,CHN,uploaders,without-hosting,3106,282824,1.0982094871722343,True
godzilla-vs-kong,19,2021-08-04-to-2021-08-10,KOR,downloaders,all,54028,2250310,2.40091365189685,True
godzilla-vs-kong,19,2021-08-04-to-2021-08-10,KOR,downloaders,without-hosting,50471,1951024,2.586897957175309,True
godzilla-vs-kong,19,2021-08-04-to-2021-08-10,KOR,uploaders,all,3401,316569,1.0743313464047333,True
godzilla-vs-kong,19,2021-08-04-to-2021-08-10,KOR,uploaders,without-hosting,3354,282824,1.1858965292903008,True
godzilla-vs-kong,19,2021-08-04-to-2021-08-10,asia-28,downloaders,all,597016,2250310,26.530389146384277,True
godzilla-vs-kong,19,2021-08-04-to-2021-08-10,asia-28,downloaders,without-hosting,552234,1951024,28.304828643830113,True
godzilla-vs-kong,19,2021-08-04-to-2021-08-10,asia-28,uploaders,all,103766,316569,32.778320050289196,True
godzilla-vs-kong,19,2021-08-04-to-2021-08-10,asia-28,uploaders,without-hosting,100694,282824,35.60306056063135,True
godzilla-vs-kong,19,2021-08-04-to-2021-08-10,eur-27,downloaders,all,336801,2250310,14.96687123107483,True
godzilla-vs-kong,19,2021-08-04-to-2021-08-10,eur-27,downloaders,without-hosting,272746,1951024,13.979633259252576,True
godzilla-vs-kong,19,2021-08-04-to-2021-08-10,eur-27,uploaders,all,35222,316569,11.126168386670836,True
godzilla-vs-kong,19,2021-08-04-to-2021-08-10,eur-27,uploaders,without-hosting,28187,282824,9.966268774927164,True
godzilla-vs-kong,19,2021-08-04-to-2021-08-10,usa-can,downloaders,all,703098,2250310,31.244495202883158,True
godzilla-vs-kong,19,2021-08-04-to-2021-08-10,usa-can,downloaders,without-hosting,569692,1951024,29.199640804008563,True
godzilla-vs-kong,19,2021-08-04-to-2021-08-10,usa-can,uploaders,all,32603,316569,10.298860595952226,True
godzilla-vs-kong,19,2021-08-04-to-2021-08-10,usa-can,uploaders,without-hosting,17607,282824,6.225426413599977,True
godzilla-vs-kong,20,2021-08-11-to-2021-08-17,JPN,downloaders,all,77044,2165722,3.5574279616682105,True
godzilla-vs-kong,20,2021-08-11-to-2021-08-17,JPN,downloaders,without-hosting,71680,1881401,3.8099267513943067,True
godzilla-vs-kong,20,2021-08-11-to-2021-08-17,JPN,uploaders,all,1251,308045,0.4061094969890763,True
godzilla-vs-kong,20,2021-08-11-to-2021-08-17,JPN,uploaders,without-hosting,1091,278226,0.39212726344770077,True
godzilla-vs-kong,20,2021-08-11-to-2021-08-17,USA,downloaders,all,598539,2165722,27.636926623084587,True
godzilla-vs-kong,20,2021-08-11-to-2021-08-17,USA,downloaders,without-hosting,482017,1881401,25.62010969484974,True
godzilla-vs-kong,20,2021-08-11-to-2021-08-17,USA,uploaders,all,23020,308045,7.472934149231444,True
godzilla-vs-kong,20,2021-08-11-to-2021-08-17,USA,uploaders,without-hosting,12567,278226,4.516831640464946,True
godzilla-vs-kong,20,2021-08-11-to-2021-08-17,CHN,downloaders,all,133316,2165722,6.155730052148891,True
godzilla-vs-kong,20,2021-08-11-to-2021-08-17,CHN,downloaders,without-hosting,122542,1881401,6.513337666983275,True
godzilla-vs-kong,20,2021-08-11-to-2021-08-17,CHN,uploaders,all,3263,308045,1.0592608222824587,True
godzilla-vs-kong,20,2021-08-11-to-2021-08-17,CHN,uploaders,without-hosting,3092,278226,1.1113267631350054,True
godzilla-vs-kong,20,2021-08-11-to-2021-08-17,KOR,downloaders,all,55164,2165722,2.547141322847531,True
godzilla-vs-kong,20,2021-08-11-to-2021-08-17,KOR,downloaders,without-hosting,51770,1881401,2.751672822540224,True
godzilla-vs-kong,20,2021-08-11-to-2021-08-17,KOR,uploaders,all,3346,308045,1.0862049375902871,True
godzilla-vs-kong,20,2021-08-11-to-2021-08-17,KOR,uploaders,without-hosting,3288,278226,1.1817730909404585,True
godzilla-vs-kong,20,2021-08-11-to-2021-08-17,asia-28,downloaders,all,599450,2165722,27.67899111705011,True
godzilla-vs-kong,20,2021-08-11-to-2021-08-17,asia-28,downloaders,without-hosting,556895,1881401,29.600016158171492,True
godzilla-vs-kong,20,2021-08-11-to-2021-08-17,asia-28,uploaders,all,105539,308045,34.26090343943255,True
godzilla-vs-kong,20,2021-08-11-to-2021-08-17,asia-28,uploaders,without-hosting,102562,278226,36.862838124402465,True
godzilla-vs-kong,20,2021-08-11-to-2021-08-17,eur-27,downloaders,all,307919,2165722,14.217845134324719,True
godzilla-vs-kong,20,2021-08-11-to-2021-08-17,eur-27,downloaders,without-hosting,245171,1881401,13.031299547518046,True
godzilla-vs-kong,20,2021-08-11-to-2021-08-17,eur-27,uploaders,all,32578,308045,10.575727572270285,True
godzilla-vs-kong,20,2021-08-11-to-2021-08-17,eur-27,uploaders,without-hosting,25874,278226,9.29963411039946,True
godzilla-vs-kong,20,2021-08-11-to-2021-08-17,usa-can,downloaders,all,646092,2165722,29.832637799311268,True
godzilla-vs-kong,20,2021-08-11-to-2021-08-17,usa-can,downloaders,without-hosting,522277,1881401,27.760004379714903,True
godzilla-vs-kong,20,2021-08-11-to-2021-08-17,usa-can,uploaders,all,28888,308045,9.377850638705384,True
godzilla-vs-kong,20,2021-08-11-to-2021-08-17,usa-can,uploaders,without-hosting,17108,278226,6.148958041304551,True
godzilla-vs-kong,21,2021-08-18-to-2021-08-24,JPN,downloaders,all,67741,1920005,3.5281678953961055,True
godzilla-vs-kong,21,2021-08-18-to-2021-08-24,JPN,downloaders,without-hosting,63074,1667668,3.782167673661664,True
godzilla-vs-kong,21,2021-08-18-to-2021-08-24,JPN,uploaders,all,1142,285818,0.39955496154895775,True
godzilla-vs-kong,21,2021-08-18-to-2021-08-24,JPN,uploaders,without-hosting,1002,257938,0.3884654451845017,True
godzilla-vs-kong,21,2021-08-18-to-2021-08-24,USA,downloaders,all,533929,1920005,27.8087296647665,True
godzilla-vs-kong,21,2021-08-18-to-2021-08-24,USA,downloaders,without-hosting,431069,1667668,25.848610155018864,True
godzilla-vs-kong,21,2021-08-18-to-2021-08-24,USA,uploaders,all,22074,285818,7.723096515964705,True
godzilla-vs-kong,21,2021-08-18-to-2021-08-24,USA,uploaders,without-hosting,11898,257938,4.612736394017167,True
godzilla-vs-kong,21,2021-08-18-to-2021-08-24,CHN,downloaders,all,116918,1920005,6.0894633086893,True
godzilla-vs-kong,21,2021-08-18-to-2021-08-24,CHN,downloaders,without-hosting,107249,1667668,6.431076209413384,True
godzilla-vs-kong,21,2021-08-18-to-2021-08-24,CHN,uploaders,all,3093,285818,1.082157176944769,True
godzilla-vs-kong,21,2021-08-18-to-2021-08-24,CHN,uploaders,without-hosting,2908,257938,1.1274027091781746,True
godzilla-vs-kong,21,2021-08-18-to-2021-08-24,KOR,downloaders,all,47800,1920005,2.489576850060286,True
godzilla-vs-kong,21,2021-08-18-to-2021-08-24,KOR,downloaders,without-hosting,44749,1667668,2.6833278566237406,True
godzilla-vs-kong,21,2021-08-18-to-2021-08-24,KOR,uploaders,all,2761,285818,0.9659993422387674,True
godzilla-vs-kong,21,2021-08-18-to-2021-08-24,KOR,uploaders,without-hosting,2703,257938,1.047926245842024,True
godzilla-vs-kong,21,2021-08-18-to-2021-08-24,asia-28,downloaders,all,523712,1920005,27.276595633865536,True
godzilla-vs-kong,21,2021-08-18-to-2021-08-24,asia-28,downloaders,without-hosting,486016,1667668,29.143450614870584,True
godzilla-vs-kong,21,2021-08-18-to-2021-08-24,asia-28,uploaders,all,94791,285818,33.164811173544,True
godzilla-vs-kong,21,2021-08-18-to-2021-08-24,asia-28,uploaders,without-hosting,91868,257938,35.61631089641697,True
godzilla-vs-kong,21,2021-08-18-to-2021-08-24,eur-27,downloaders,all,276023,1920005,14.376160478748753,True
godzilla-vs-kong,21,2021-08-18-to-2021-08-24,eur-27,downloaders,without-hosting,219894,1667668,13.185718020613216,True
godzilla-vs-kong,21,2021-08-18-to-2021-08-24,eur-27,uploaders,all,31345,285818,10.966769062830192,True
godzilla-vs-kong,21,2021-08-18-to-2021-08-24,eur-27,uploaders,without-hosting,25117,257938,9.737611363971187,True
godzilla-vs-kong,21,2021-08-18-to-2021-08-24,usa-can,downloaders,all,577651,1920005,30.08591123460616,True
godzilla-vs-kong,21,2021-08-18-to-2021-08-24,usa-can,downloaders,without-hosting,468053,1667668,28.06631775629202,True
godzilla-vs-kong,21,2021-08-18-to-2021-08-24,usa-can,uploaders,all,27621,285818,9.663842025344799,True
godzilla-vs-kong,21,2021-08-18-to-2021-08-24,usa-can,uploaders,without-hosting,16141,257938,6.257705340042956,True
godzilla-vs-kong,22,2021-08-25-to-2021-08-31,JPN,downloaders,all,75500,2036985,3.7064583195261624,True
godzilla-vs-kong,22,2021-08-25-to-2021-08-31,JPN,downloaders,without-hosting,70256,1765859,3.9785736007235006,True
godzilla-vs-kong,22,2021-08-25-to-2021-08-31,JPN,uploaders,all,1087,277469,0.39175547538643957,True
godzilla-vs-kong,22,2021-08-25-to-2021-08-31,JPN,uploaders,without-hosting,927,251734,0.36824584680654976,True
godzilla-vs-kong,22,2021-08-25-to-2021-08-31,USA,downloaders,all,584480,2036985,28.693387531081477,True
godzilla-vs-kong,22,2021-08-25-to-2021-08-31,USA,downloaders,without-hosting,469854,1765859,26.607673659108684,True
godzilla-vs-kong,22,2021-08-25-to-2021-08-31,USA,uploaders,all,22227,277469,8.010624610316828,True
godzilla-vs-kong,22,2021-08-25-to-2021-08-31,USA,uploaders,without-hosting,11553,251734,4.589368142563182,True
godzilla-vs-kong,22,2021-08-25-to-2021-08-31,CHN,downloaders,all,130338,2036985,6.39857436358147,True
godzilla-vs-kong,22,2021-08-25-to-2021-08-31,CHN,downloaders,without-hosting,119545,1765859,6.769793058222655,True
godzilla-vs-kong,22,2021-08-25-to-2021-08-31,CHN,uploaders,all,3049,277469,1.0988614944372164,True
godzilla-vs-kong,22,2021-08-25-to-2021-08-31,CHN,uploaders,without-hosting,2889,251734,1.1476399691738104,True
godzilla-vs-kong,22,2021-08-25-to-2021-08-31,KOR,downloaders,all,50876,2036985,2.497612893565736,True
godzilla-vs-kong,22,2021-08-25-to-2021-08-31,KOR,downloaders,without-hosting,47563,1765859,2.693476659234967,True
godzilla-vs-kong,22,2021-08-25-to-2021-08-31,KOR,uploaders,all,2642,277469,0.9521784415556332,True
godzilla-vs-kong,22,2021-08-25-to-2021-08-31,KOR,uploaders,without-hosting,2596,251734,1.031247268942614,True
godzilla-vs-kong,22,2021-08-25-to-2021-08-31,asia-28,downloaders,all,552620,2036985,27.12931121240461,True
godzilla-vs-kong,22,2021-08-25-to-2021-08-31,asia-28,downloaders,without-hosting,510443,1765859,28.906215048879893,True
godzilla-vs-kong,22,2021-08-25-to-2021-08-31,asia-28,uploaders,all,93393,277469,33.658895227935375,True
godzilla-vs-kong,22,2021-08-25-to-2021-08-31,asia-28,uploaders,without-hosting,90393,251734,35.90814113310081,True
godzilla-vs-kong,22,2021-08-25-to-2021-08-31,eur-27,downloaders,all,316071,2036985,15.516609106105347,True
godzilla-vs-kong,22,2021-08-25-to-2021-08-31,eur-27,downloaders,without-hosting,257464,1765859,14.580099543621547,True
godzilla-vs-kong,22,2021-08-25-to-2021-08-31,eur-27,uploaders,all,32411,277469,11.680944537948383,True
godzilla-vs-kong,22,2021-08-25-to-2021-08-31,eur-27,uploaders,without-hosting,26816,251734,10.652514161773937,True
godzilla-vs-kong,22,2021-08-25-to-2021-08-31,usa-can,downloaders,all,629594,2036985,30.90813138044708,True
godzilla-vs-kong,22,2021-08-25-to-2021-08-31,usa-can,downloaders,without-hosting,507857,1765859,28.759770740472483,True
godzilla-vs-kong,22,2021-08-25-to-2021-08-31,usa-can,uploaders,all,27958,277469,10.076080571162905,True
godzilla-vs-kong,22,2021-08-25-to-2021-08-31,usa-can,uploaders,without-hosting,15945,251734,6.334066911899068,True
godzilla-vs-kong,23,2021-09-01-to-2021-09-07,JPN,downloaders,all,93855,2335272,4.019017913116759,True
godzilla-vs-kong,23,2021-09-01-to-2021-09-07,JPN,downloaders,without-hosting,87216,2014577,4.329246288426801,True
godzilla-vs-kong,23,2021-09-01-to-2021-09-07,JPN,uploaders,all,1122,267118,0.42003908385058286,True
godzilla-vs-kong,23,2021-09-01-to-2021-09-07,JPN,uploaders,without-hosting,922,242790,0.3797520490959265,True
godzilla-vs-kong,23,2021-09-01-to-2021-09-07,USA,downloaders,all,714881,2335272,30.612322675902423,True
godzilla-vs-kong,23,2021-09-01-to-2021-09-07,USA,downloaders,without-hosting,577947,2014577,28.688255648704416,True
godzilla-vs-kong,23,2021-09-01-to-2021-09-07,USA,uploaders,all,20381,267118,7.629961290515802,True
godzilla-vs-kong,23,2021-09-01-to-2021-09-07,USA,uploaders,without-hosting,10898,242790,4.488652745170723,True
godzilla-vs-kong,23,2021-09-01-to-2021-09-07,CHN,downloaders,all,160818,2335272,6.886478320298449,True
godzilla-vs-kong,23,2021-09-01-to-2021-09-07,CHN,downloaders,without-hosting,147335,2014577,7.313445949199261,True
godzilla-vs-kong,23,2021-09-01-to-2021-09-07,CHN,uploaders,all,2974,267118,1.11336562867347,True
godzilla-vs-kong,23,2021-09-01-to-2021-09-07,CHN,uploaders,without-hosting,2788,242790,1.1483174760080728,True
godzilla-vs-kong,23,2021-09-01-to-2021-09-07,KOR,downloaders,all,60901,2335272,2.6078760846702225,True
godzilla-vs-kong,23,2021-09-01-to-2021-09-07,KOR,downloaders,without-hosting,56673,2014577,2.813146382590489,True
godzilla-vs-kong,23,2021-09-01-to-2021-09-07,KOR,uploaders,all,2406,267118,0.9007255220539238,True
godzilla-vs-kong,23,2021-09-01-to-2021-09-07,KOR,uploaders,without-hosting,2354,242790,0.9695621730713786,True
godzilla-vs-kong,23,2021-09-01-to-2021-09-07,asia-28,downloaders,all,616652,2335272,26.406003240735984,True
godzilla-vs-kong,23,2021-09-01-to-2021-09-07,asia-28,downloaders,without-hosting,565731,2014577,28.081875252224165,True
godzilla-vs-kong,23,2021-09-01-to-2021-09-07,asia-28,uploaders,all,89997,267118,33.69185154126641,True
godzilla-vs-kong,23,2021-09-01-to-2021-09-07,asia-28,uploaders,without-hosting,86992,242790,35.83014127435232,True
godzilla-vs-kong,23,2021-09-01-to-2021-09-07,eur-27,downloaders,all,362029,2335272,15.502648085533504,True
godzilla-vs-kong,23,2021-09-01-to-2021-09-07,eur-27,downloaders,without-hosting,294013,2014577,14.594279593185071,True
godzilla-vs-kong,23,2021-09-01-to-2021-09-07,eur-27,uploaders,all,31122,267118,11.651030630657612,True
godzilla-vs-kong,23,2021-09-01-to-2021-09-07,eur-27,uploaders,without-hosting,25424,242790,10.471600972033444,True
godzilla-vs-kong,23,2021-09-01-to-2021-09-07,usa-can,downloaders,all,767310,2335272,32.85741446820756,True
godzilla-vs-kong,23,2021-09-01-to-2021-09-07,usa-can,downloaders,without-hosting,622235,2014577,30.8866327770048,True
godzilla-vs-kong,23,2021-09-01-to-2021-09-07,usa-can,uploaders,all,25882,267118,9.689350773815317,True
godzilla-vs-kong,23,2021-09-01-to-2021-09-07,usa-can,uploaders,without-hosting,15055,242790,6.200831994727954,True
godzilla-vs-kong,24,2021-09-08-to-2021-09-14,JPN,downloaders,all,105876,2494372,4.244595433239309,True
godzilla-vs-kong,24,2021-09-08-to-2021-09-14,JPN,downloaders,without-hosting,98637,2143623,4.601415454116698,True
godzilla-vs-kong,24,2021-09-08-to-2021-09-14,JPN,uploaders,all,1411,263848,0.5347775992237955,True
godzilla-vs-kong,24,2021-09-08-to-2021-09-14,JPN,uploaders,without-hosting,1228,238734,0.5143800212789129,True
godzilla-vs-kong,24,2021-09-08-to-2021-09-14,USA,downloaders,all,806355,2494372,32.326974484960544,True
godzilla-vs-kong,24,2021-09-08-to-2021-09-14,USA,downloaders,without-hosting,654105,2143623,30.513994298437737,True
godzilla-vs-kong,24,2021-09-08-to-2021-09-14,USA,uploaders,all,22898,263848,8.678481549983324,True
godzilla-vs-kong,24,2021-09-08-to-2021-09-14,USA,uploaders,without-hosting,12627,238734,5.289150267661917,True
godzilla-vs-kong,24,2021-09-08-to-2021-09-14,CHN,downloaders,all,180735,2494372,7.245711545831977,True
godzilla-vs-kong,24,2021-09-08-to-2021-09-14,CHN,downloaders,without-hosting,165401,2143623,7.7159556507837435,True
godzilla-vs-kong,24,2021-09-08-to-2021-09-14,CHN,uploaders,all,3403,263848,1.289757739304448,True
godzilla-vs-kong,24,2021-09-08-to-2021-09-14,CHN,uploaders,without-hosting,3192,238734,1.3370529543341125,True
godzilla-vs-kong,24,2021-09-08-to-2021-09-14,KOR,downloaders,all,66450,2494372,2.6639971904751976,True
godzilla-vs-kong,24,2021-09-08-to-2021-09-14,KOR,downloaders,without-hosting,61761,2143623,2.8811502768910393,True
godzilla-vs-kong,24,2021-09-08-to-2021-09-14,KOR,uploaders,all,2382,263848,0.9027925169036718,True
godzilla-vs-kong,24,2021-09-08-to-2021-09-14,KOR,uploaders,without-hosting,2330,238734,0.9759816364656898,True
godzilla-vs-kong,24,2021-09-08-to-2021-09-14,asia-28,downloaders,all,648908,2494372,26.014884708455675,True
godzilla-vs-kong,24,2021-09-08-to-2021-09-14,asia-28,downloaders,without-hosting,592973,2143623,27.6621868677468,True
godzilla-vs-kong,24,2021-09-08-to-2021-09-14,asia-28,uploaders,all,85629,263848,32.45391285891877,True
godzilla-vs-kong,24,2021-09-08-to-2021-09-14,asia-28,uploaders,without-hosting,82782,238734,34.675412802533366,True
godzilla-vs-kong,24,2021-09-08-to-2021-09-14,eur-27,downloaders,all,374971,2494372,15.032681572756589,True
godzilla-vs-kong,24,2021-09-08-to-2021-09-14,eur-27,downloaders,without-hosting,302653,2143623,14.118760621620499,True
godzilla-vs-kong,24,2021-09-08-to-2021-09-14,eur-27,uploaders,all,31978,263848,12.119856887298747,True
godzilla-vs-kong,24,2021-09-08-to-2021-09-14,eur-27,uploaders,without-hosting,26178,238734,10.965342179999498,True
godzilla-vs-kong,24,2021-09-08-to-2021-09-14,usa-can,downloaders,all,863331,2494372,34.61115663581855,True
godzilla-vs-kong,24,2021-09-08-to-2021-09-14,usa-can,downloaders,without-hosting,702900,2143623,32.79028075365864,True
godzilla-vs-kong,24,2021-09-08-to-2021-09-14,usa-can,uploaders,all,28146,263848,10.667505533488978,True
godzilla-vs-kong,24,2021-09-08-to-2021-09-14,usa-can,uploaders,without-hosting,16662,238734,6.979315891326749,True
godzilla-vs-kong,25,2021-09-15-to-2021-09-21,JPN,downloaders,all,91262,2235128,4.083077121310279,True
godzilla-vs-kong,25,2021-09-15-to-2021-09-21,JPN,downloaders,without-hosting,84910,1923568,4.414192791728704,True
godzilla-vs-kong,25,2021-09-15-to-2021-09-21,JPN,uploaders,all,779,241180,0.3229952732399038,True
godzilla-vs-kong,25,2021-09-15-to-2021-09-21,JPN,uploaders,without-hosting,661,216636,0.30512010930777894,True
godzilla-vs-kong,25,2021-09-15-to-2021-09-21,USA,downloaders,all,715714,2235128,32.02116388860056,True
godzilla-vs-kong,25,2021-09-15-to-2021-09-21,USA,downloaders,without-hosting,580608,1923568,30.18390823719255,True
godzilla-vs-kong,25,2021-09-15-to-2021-09-21,USA,uploaders,all,20337,241180,8.432291234762419,True
godzilla-vs-kong,25,2021-09-15-to-2021-09-21,USA,uploaders,without-hosting,9131,216636,4.214904263372662,True
godzilla-vs-kong,25,2021-09-15-to-2021-09-21,CHN,downloaders,all,156552,2235128,7.004162625138247,True
godzilla-vs-kong,25,2021-09-15-to-2021-09-21,CHN,downloaders,without-hosting,143406,1923568,7.455208238024338,True
godzilla-vs-kong,25,2021-09-15-to-2021-09-21,CHN,uploaders,all,2319,241180,0.9615225143046687,True
godzilla-vs-kong,25,2021-09-15-to-2021-09-21,CHN,uploaders,without-hosting,2168,216636,1.0007570302258166,True
godzilla-vs-kong,25,2021-09-15-to-2021-09-21,KOR,downloaders,all,58634,2235128,2.6232949522353977,True
godzilla-vs-kong,25,2021-09-15-to-2021-09-21,KOR,downloaders,without-hosting,54476,1923568,2.8320288131222813,True
godzilla-vs-kong,25,2021-09-15-to-2021-09-21,KOR,uploaders,all,2198,241180,0.9113525167924372,True
godzilla-vs-kong,25,2021-09-15-to-2021-09-21,KOR,uploaders,without-hosting,2170,216636,1.0016802378182759,True
godzilla-vs-kong,25,2021-09-15-to-2021-09-21,asia-28,downloaders,all,570397,2235128,25.519657039775797,True
godzilla-vs-kong,25,2021-09-15-to-2021-09-21,asia-28,downloaders,without-hosting,521804,1923568,27.12688087969856,True
godzilla-vs-kong,25,2021-09-15-to-2021-09-21,asia-28,uploaders,all,78609,241180,32.59349863172734,True
godzilla-vs-kong,25,2021-09-15-to-2021-09-21,asia-28,uploaders,without-hosting,76142,216636,35.14743625251574,True
godzilla-vs-kong,25,2021-09-15-to-2021-09-21,eur-27,downloaders,all,342604,2235128,15.328160176956308,True
godzilla-vs-kong,25,2021-09-15-to-2021-09-21,eur-27,downloaders,without-hosting,277444,1923568,14.423404839340225,True
godzilla-vs-kong,25,2021-09-15-to-2021-09-21,eur-27,uploaders,all,28338,241180,11.7497304917489,True
godzilla-vs-kong,25,2021-09-15-to-2021-09-21,eur-27,uploaders,without-hosting,23117,216636,10.67089495744013,True
godzilla-vs-kong,25,2021-09-15-to-2021-09-21,usa-can,downloaders,all,767613,2235128,34.34313381604991,True
godzilla-vs-kong,25,2021-09-15-to-2021-09-21,usa-can,downloaders,without-hosting,624982,1923568,32.49076715769861,True
godzilla-vs-kong,25,2021-09-15-to-2021-09-21,usa-can,uploaders,all,25238,241180,10.464383448047101,True
godzilla-vs-kong,25,2021-09-15-to-2021-09-21,usa-can,uploaders,without-hosting,12866,216636,5.938994442290293,True
godzilla-vs-kong,26,2021-09-22-to-2021-09-28,JPN,downloaders,all,28906,1093293,2.6439389989691695,True
godzilla-vs-kong,26,2021-09-22-to-2021-09-28,JPN,downloaders,without-hosting,26669,957460,2.7853905123973846,True
godzilla-vs-kong,26,2021-09-22-to-2021-09-28,JPN,uploaders,all,764,225805,0.3383450322180643,True
godzilla-vs-kong,26,2021-09-22-to-2021-09-28,JPN,uploaders,without-hosting,619,202175,0.3061703969333498,True
godzilla-vs-kong,26,2021-09-22-to-2021-09-28,USA,downloaders,all,246356,1093293,22.533392237945364,True
godzilla-vs-kong,26,2021-09-22-to-2021-09-28,USA,downloaders,without-hosting,192402,957460,20.09504313496125,True
godzilla-vs-kong,26,2021-09-22-to-2021-09-28,USA,uploaders,all,18399,225805,8.148180952591838,True
godzilla-vs-kong,26,2021-09-22-to-2021-09-28,USA,uploaders,without-hosting,7844,202175,3.879807097811302,True
godzilla-vs-kong,26,2021-09-22-to-2021-09-28,CHN,downloaders,all,51986,1093293,4.754992486003295,True
godzilla-vs-kong,26,2021-09-22-to-2021-09-28,CHN,downloaders,without-hosting,47984,957460,5.0115931736051635,True
godzilla-vs-kong,26,2021-09-22-to-2021-09-28,CHN,uploaders,all,1860,225805,0.8237195810544496,True
godzilla-vs-kong,26,2021-09-22-to-2021-09-28,CHN,uploaders,without-hosting,1751,202175,0.8660813651539507,True
godzilla-vs-kong,26,2021-09-22-to-2021-09-28,KOR,downloaders,all,24915,1093293,2.2788950446037797,True
godzilla-vs-kong,26,2021-09-22-to-2021-09-28,KOR,downloaders,without-hosting,23506,957460,2.455037286152946,True
godzilla-vs-kong,26,2021-09-22-to-2021-09-28,KOR,uploaders,all,1929,225805,0.8542769203516308,True
godzilla-vs-kong,26,2021-09-22-to-2021-09-28,KOR,uploaders,without-hosting,1894,202175,0.9368121676765179,True
godzilla-vs-kong,26,2021-09-22-to-2021-09-28,asia-28,downloaders,all,293448,1093293,26.840746259237,True
godzilla-vs-kong,26,2021-09-22-to-2021-09-28,asia-28,downloaders,without-hosting,274898,957460,28.711173312723247,True
godzilla-vs-kong,26,2021-09-22-to-2021-09-28,asia-28,uploaders,all,72418,225805,32.0710347423662,True
godzilla-vs-kong,26,2021-09-22-to-2021-09-28,asia-28,uploaders,without-hosting,69964,202175,34.60566341041177,True
godzilla-vs-kong,26,2021-09-22-to-2021-09-28,eur-27,downloaders,all,171186,1093293,15.657833718865849,True
godzilla-vs-kong,26,2021-09-22-to-2021-09-28,eur-27,downloaders,without-hosting,137387,957460,14.349111190023605,True
godzilla-vs-kong,26,2021-09-22-to-2021-09-28,eur-27,uploaders,all,27553,225805,12.20212129935121,True
godzilla-vs-kong,26,2021-09-22-to-2021-09-28,eur-27,uploaders,without-hosting,22548,202175,11.152714232719179,True
godzilla-vs-kong,26,2021-09-22-to-2021-09-28,usa-can,downloaders,all,271493,1093293,24.832592909677462,True
godzilla-vs-kong,26,2021-09-22-to-2021-09-28,usa-can,downloaders,without-hosting,212943,957460,22.24040690994924,True
godzilla-vs-kong,26,2021-09-22-to-2021-09-28,usa-can,uploaders,all,23049,225805,10.207479905227963,True
godzilla-vs-kong,26,2021-09-22-to-2021-09-28,usa-can,uploaders,without-hosting,11232,202175,5.555583034499815,True
monarch-legacy-of-monsters-101,1,2023-11-17-to-2023-11-23-partial,JPN,downloaders,all,7893,1398335,0.5644570149499226,False
monarch-legacy-of-monsters-101,1,2023-11-17-to-2023-11-23-partial,JPN,downloaders,without-hosting,5593,1130602,0.4946922082218146,False
monarch-legacy-of-monsters-101,1,2023-11-17-to-2023-11-23-partial,JPN,uploaders,all,2171,480362,0.45195082042293105,False
monarch-legacy-of-monsters-101,1,2023-11-17-to-2023-11-23-partial,JPN,uploaders,without-hosting,1493,389717,0.3830985048124665,False
monarch-legacy-of-monsters-101,1,2023-11-17-to-2023-11-23-partial,USA,downloaders,all,161677,1398335,11.562107792481774,False
monarch-legacy-of-monsters-101,1,2023-11-17-to-2023-11-23-partial,USA,downloaders,without-hosting,73023,1130602,6.458771521720287,False
monarch-legacy-of-monsters-101,1,2023-11-17-to-2023-11-23-partial,USA,uploaders,all,55113,480362,11.473222278198525,False
monarch-legacy-of-monsters-101,1,2023-11-17-to-2023-11-23-partial,USA,uploaders,without-hosting,24667,389717,6.329464714138721,False
monarch-legacy-of-monsters-101,1,2023-11-17-to-2023-11-23-partial,CHN,downloaders,all,130483,1398335,9.331311881630654,False
monarch-legacy-of-monsters-101,1,2023-11-17-to-2023-11-23-partial,CHN,downloaders,without-hosting,129046,1130602,11.41391931024357,False
monarch-legacy-of-monsters-101,1,2023-11-17-to-2023-11-23-partial,CHN,uploaders,all,47183,480362,9.82238395210279,False
monarch-legacy-of-monsters-101,1,2023-11-17-to-2023-11-23-partial,CHN,uploaders,without-hosting,46896,389717,12.033347275073965,False
monarch-legacy-of-monsters-101,1,2023-11-17-to-2023-11-23-partial,KOR,downloaders,all,30389,1398335,2.173227445497681,False
monarch-legacy-of-monsters-101,1,2023-11-17-to-2023-11-23-partial,KOR,downloaders,without-hosting,29451,1130602,2.60489544508147,False
monarch-legacy-of-monsters-101,1,2023-11-17-to-2023-11-23-partial,KOR,uploaders,all,4506,480362,0.9380425595696579,False
monarch-legacy-of-monsters-101,1,2023-11-17-to-2023-11-23-partial,KOR,uploaders,without-hosting,4391,389717,1.126715026544903,False
monarch-legacy-of-monsters-101,1,2023-11-17-to-2023-11-23-partial,asia-28,downloaders,all,341777,1398335,24.441711034909375,False
monarch-legacy-of-monsters-101,1,2023-11-17-to-2023-11-23-partial,asia-28,downloaders,without-hosting,324908,1130602,28.73761058268073,False
monarch-legacy-of-monsters-101,1,2023-11-17-to-2023-11-23-partial,asia-28,uploaders,all,121533,480362,25.300294361335826,False
monarch-legacy-of-monsters-101,1,2023-11-17-to-2023-11-23-partial,asia-28,uploaders,without-hosting,116478,389717,29.887841690252156,False
monarch-legacy-of-monsters-101,1,2023-11-17-to-2023-11-23-partial,eur-27,downloaders,all,304651,1398335,21.78669632098174,False
monarch-legacy-of-monsters-101,1,2023-11-17-to-2023-11-23-partial,eur-27,downloaders,without-hosting,224858,1130602,19.88834267054189,False
monarch-legacy-of-monsters-101,1,2023-11-17-to-2023-11-23-partial,eur-27,uploaders,all,107556,480362,22.39061374546696,False
monarch-legacy-of-monsters-101,1,2023-11-17-to-2023-11-23-partial,eur-27,uploaders,without-hosting,82011,389717,21.04373173353998,False
monarch-legacy-of-monsters-101,1,2023-11-17-to-2023-11-23-partial,usa-can,downloaders,all,223083,1398335,15.953473237814972,False
monarch-legacy-of-monsters-101,1,2023-11-17-to-2023-11-23-partial,usa-can,downloaders,without-hosting,109932,1130602,9.723315543400773,False
monarch-legacy-of-monsters-101,1,2023-11-17-to-2023-11-23-partial,usa-can,uploaders,all,83619,480362,17.407496846128545,False
monarch-legacy-of-monsters-101,1,2023-11-17-to-2023-11-23-partial,usa-can,uploaders,without-hosting,43351,389717,11.123712848041015,False
monarch-legacy-of-monsters-101,2,2023-11-24-to-2023-11-30,JPN,downloaders,all,8832,1341030,0.658598241650075,True
monarch-legacy-of-monsters-101,2,2023-11-24-to-2023-11-30,JPN,downloaders,without-hosting,6760,1107602,0.6103275364255392,True
monarch-legacy-of-monsters-101,2,2023-11-24-to-2023-11-30,JPN,uploaders,all,1294,335782,0.3853690787475207,True
monarch-legacy-of-monsters-101,2,2023-11-24-to-2023-11-30,JPN,uploaders,without-hosting,779,268286,0.2903617781024727,True
monarch-legacy-of-monsters-101,2,2023-11-24-to-2023-11-30,USA,downloaders,all,130513,1341030,9.73229532523508,True
monarch-legacy-of-monsters-101,2,2023-11-24-to-2023-11-30,USA,downloaders,without-hosting,59176,1107602,5.342713357325104,True
monarch-legacy-of-monsters-101,2,2023-11-24-to-2023-11-30,USA,uploaders,all,38917,335782,11.589960152718133,True
monarch-legacy-of-monsters-101,2,2023-11-24-to-2023-11-30,USA,uploaders,without-hosting,15497,268286,5.776298427797202,True
monarch-legacy-of-monsters-101,2,2023-11-24-to-2023-11-30,CHN,downloaders,all,60910,1341030,4.542031125329038,True
monarch-legacy-of-monsters-101,2,2023-11-24-to-2023-11-30,CHN,downloaders,without-hosting,58860,1107602,5.314183253551366,True
monarch-legacy-of-monsters-101,2,2023-11-24-to-2023-11-30,CHN,uploaders,all,14083,335782,4.194090213293149,True
monarch-legacy-of-monsters-101,2,2023-11-24-to-2023-11-30,CHN,uploaders,without-hosting,13799,268286,5.143391753576407,True
monarch-legacy-of-monsters-101,2,2023-11-24-to-2023-11-30,KOR,downloaders,all,45606,1341030,3.4008187736292252,True
monarch-legacy-of-monsters-101,2,2023-11-24-to-2023-11-30,KOR,downloaders,without-hosting,44131,1107602,3.9843734482241815,True
monarch-legacy-of-monsters-101,2,2023-11-24-to-2023-11-30,KOR,uploaders,all,2072,335782,0.617067025629724,True
monarch-legacy-of-monsters-101,2,2023-11-24-to-2023-11-30,KOR,uploaders,without-hosting,1968,268286,0.7335455446799312,True
monarch-legacy-of-monsters-101,2,2023-11-24-to-2023-11-30,asia-28,downloaders,all,245232,1341030,18.28683922059909,True
monarch-legacy-of-monsters-101,2,2023-11-24-to-2023-11-30,asia-28,downloaders,without-hosting,229347,1107602,20.706625665175757,True
monarch-legacy-of-monsters-101,2,2023-11-24-to-2023-11-30,asia-28,uploaders,all,64696,335782,19.267262688291808,True
monarch-legacy-of-monsters-101,2,2023-11-24-to-2023-11-30,asia-28,uploaders,without-hosting,60634,268286,22.600508412664098,True
monarch-legacy-of-monsters-101,2,2023-11-24-to-2023-11-30,eur-27,downloaders,all,322196,1341030,24.026009858094152,True
monarch-legacy-of-monsters-101,2,2023-11-24-to-2023-11-30,eur-27,downloaders,without-hosting,245633,1107602,22.17700943118557,True
monarch-legacy-of-monsters-101,2,2023-11-24-to-2023-11-30,eur-27,uploaders,all,85484,335782,25.45818417902091,True
monarch-legacy-of-monsters-101,2,2023-11-24-to-2023-11-30,eur-27,uploaders,without-hosting,67357,268286,25.106416287096607,True
monarch-legacy-of-monsters-101,2,2023-11-24-to-2023-11-30,usa-can,downloaders,all,179125,1341030,13.35727015801287,True
monarch-legacy-of-monsters-101,2,2023-11-24-to-2023-11-30,usa-can,downloaders,without-hosting,88168,1107602,7.9602600934270615,True
monarch-legacy-of-monsters-101,2,2023-11-24-to-2023-11-30,usa-can,uploaders,all,58765,335782,17.50093810865383,True
monarch-legacy-of-monsters-101,2,2023-11-24-to-2023-11-30,usa-can,uploaders,without-hosting,27531,268286,10.261810157816658,True
monarch-legacy-of-monsters-101,3,2023-12-01-to-2023-12-07,JPN,downloaders,all,10942,1383237,0.7910430389007813,True
monarch-legacy-of-monsters-101,3,2023-12-01-to-2023-12-07,JPN,downloaders,without-hosting,8693,1139945,0.7625806508208729,True
monarch-legacy-of-monsters-101,3,2023-12-01-to-2023-12-07,JPN,uploaders,all,1300,335300,0.3877124962719952,True
monarch-legacy-of-monsters-101,3,2023-12-01-to-2023-12-07,JPN,uploaders,without-hosting,837,266547,0.3140159146416955,True
monarch-legacy-of-monsters-101,3,2023-12-01-to-2023-12-07,USA,downloaders,all,142116,1383237,10.274161260868528,True
monarch-legacy-of-monsters-101,3,2023-12-01-to-2023-12-07,USA,downloaders,without-hosting,67026,1139945,5.879757356714578,True
monarch-legacy-of-monsters-101,3,2023-12-01-to-2023-12-07,USA,uploaders,all,39639,335300,11.82195049209663,True
monarch-legacy-of-monsters-101,3,2023-12-01-to-2023-12-07,USA,uploaders,without-hosting,15235,266547,5.715689915849738,True
monarch-legacy-of-monsters-101,3,2023-12-01-to-2023-12-07,CHN,downloaders,all,66017,1383237,4.772645613152338,True
monarch-legacy-of-monsters-101,3,2023-12-01-to-2023-12-07,CHN,downloaders,without-hosting,63701,1139945,5.5880766177315575,True
monarch-legacy-of-monsters-101,3,2023-12-01-to-2023-12-07,CHN,uploaders,all,15491,335300,4.620041753653445,True
monarch-legacy-of-monsters-101,3,2023-12-01-to-2023-12-07,CHN,uploaders,without-hosting,15236,266547,5.716065084206537,True
monarch-legacy-of-monsters-101,3,2023-12-01-to-2023-12-07,KOR,downloaders,all,56086,1383237,4.054692001442992,True
monarch-legacy-of-monsters-101,3,2023-12-01-to-2023-12-07,KOR,downloaders,without-hosting,54337,1139945,4.766633477930953,True
monarch-legacy-of-monsters-101,3,2023-12-01-to-2023-12-07,KOR,uploaders,all,1992,335300,0.5940948404413957,True
monarch-legacy-of-monsters-101,3,2023-12-01-to-2023-12-07,KOR,uploaders,without-hosting,1885,266547,0.707192352568215,True
monarch-legacy-of-monsters-101,3,2023-12-01-to-2023-12-07,asia-28,downloaders,all,268989,1383237,19.44634216696054,True
monarch-legacy-of-monsters-101,3,2023-12-01-to-2023-12-07,asia-28,downloaders,without-hosting,252058,1139945,22.111417656114988,True
monarch-legacy-of-monsters-101,3,2023-12-01-to-2023-12-07,asia-28,uploaders,all,67785,335300,20.216224276767075,True
monarch-legacy-of-monsters-101,3,2023-12-01-to-2023-12-07,asia-28,uploaders,without-hosting,63708,266547,23.901225675021667,True
monarch-legacy-of-monsters-101,3,2023-12-01-to-2023-12-07,eur-27,downloaders,all,323472,1383237,23.38514658008714,True
monarch-legacy-of-monsters-101,3,2023-12-01-to-2023-12-07,eur-27,downloaders,without-hosting,242535,1139945,21.276026474961512,True
monarch-legacy-of-monsters-101,3,2023-12-01-to-2023-12-07,eur-27,uploaders,all,84064,335300,25.071279451237697,True
monarch-legacy-of-monsters-101,3,2023-12-01-to-2023-12-07,eur-27,uploaders,without-hosting,65561,266547,24.59641264017228,True
monarch-legacy-of-monsters-101,3,2023-12-01-to-2023-12-07,usa-can,downloaders,all,191781,1383237,13.86465226132615,True
monarch-legacy-of-monsters-101,3,2023-12-01-to-2023-12-07,usa-can,downloaders,without-hosting,96948,1139945,8.504620836970204,True
monarch-legacy-of-monsters-101,3,2023-12-01-to-2023-12-07,usa-can,uploaders,all,59349,335300,17.700268416343572,True
monarch-legacy-of-monsters-101,3,2023-12-01-to-2023-12-07,usa-can,uploaders,without-hosting,26783,266547,10.048134100177455,True
monarch-legacy-of-monsters-101,4,2023-12-08-to-2023-12-14,JPN,downloaders,all,10087,1270221,0.7941137802004533,True
monarch-legacy-of-monsters-101,4,2023-12-08-to-2023-12-14,JPN,downloaders,without-hosting,7923,1054575,0.7512979162221748,True
monarch-legacy-of-monsters-101,4,2023-12-08-to-2023-12-14,JPN,uploaders,all,1091,262459,0.41568397349681285,True
monarch-legacy-of-monsters-101,4,2023-12-08-to-2023-12-14,JPN,uploaders,without-hosting,636,208065,0.3056737077355634,True
monarch-legacy-of-monsters-101,4,2023-12-08-to-2023-12-14,USA,downloaders,all,121474,1270221,9.563217739275292,True
monarch-legacy-of-monsters-101,4,2023-12-08-to-2023-12-14,USA,downloaders,without-hosting,55650,1054575,5.277007325225802,True
monarch-legacy-of-monsters-101,4,2023-12-08-to-2023-12-14,USA,uploaders,all,31301,262459,11.92605321212075,True
monarch-legacy-of-monsters-101,4,2023-12-08-to-2023-12-14,USA,uploaders,without-hosting,11484,208065,5.519429024583664,True
monarch-legacy-of-monsters-101,4,2023-12-08-to-2023-12-14,CHN,downloaders,all,55088,1270221,4.336883109317197,True
monarch-legacy-of-monsters-101,4,2023-12-08-to-2023-12-14,CHN,downloaders,without-hosting,52587,1054575,4.986558566247067,True
monarch-legacy-of-monsters-101,4,2023-12-08-to-2023-12-14,CHN,uploaders,all,9767,262459,3.7213431431194968,True
monarch-legacy-of-monsters-101,4,2023-12-08-to-2023-12-14,CHN,uploaders,without-hosting,9501,208065,4.5663614735779685,True
monarch-legacy-of-monsters-101,4,2023-12-08-to-2023-12-14,KOR,downloaders,all,55156,1270221,4.342236508450104,True
monarch-legacy-of-monsters-101,4,2023-12-08-to-2023-12-14,KOR,downloaders,without-hosting,53498,1054575,5.0729440769978424,True
monarch-legacy-of-monsters-101,4,2023-12-08-to-2023-12-14,KOR,uploaders,all,1547,262459,0.5894253959666081,True
monarch-legacy-of-monsters-101,4,2023-12-08-to-2023-12-14,KOR,uploaders,without-hosting,1451,208065,0.6973782231514191,True
monarch-legacy-of-monsters-101,4,2023-12-08-to-2023-12-14,asia-28,downloaders,all,237576,1270221,18.703516947050947,True
monarch-legacy-of-monsters-101,4,2023-12-08-to-2023-12-14,asia-28,downloaders,without-hosting,222574,1054575,21.105563852736886,True
monarch-legacy-of-monsters-101,4,2023-12-08-to-2023-12-14,asia-28,uploaders,all,53808,262459,20.501487851435844,True
monarch-legacy-of-monsters-101,4,2023-12-08-to-2023-12-14,asia-28,uploaders,without-hosting,50528,208065,24.284718717708408,True
monarch-legacy-of-monsters-101,4,2023-12-08-to-2023-12-14,eur-27,downloaders,all,322603,1270221,25.397391477546034,True
monarch-legacy-of-monsters-101,4,2023-12-08-to-2023-12-14,eur-27,downloaders,without-hosting,246301,1054575,23.3554749543655,True
monarch-legacy-of-monsters-101,4,2023-12-08-to-2023-12-14,eur-27,uploaders,all,65981,262459,25.139545605218338,True
monarch-legacy-of-monsters-101,4,2023-12-08-to-2023-12-14,eur-27,uploaders,without-hosting,51723,208065,24.85905846730589,True
monarch-legacy-of-monsters-101,4,2023-12-08-to-2023-12-14,usa-can,downloaders,all,165399,1270221,13.021277399759569,True
monarch-legacy-of-monsters-101,4,2023-12-08-to-2023-12-14,usa-can,downloaders,without-hosting,81933,1054575,7.769290946589859,True
monarch-legacy-of-monsters-101,4,2023-12-08-to-2023-12-14,usa-can,uploaders,all,46807,262459,17.834023599876552,True
monarch-legacy-of-monsters-101,4,2023-12-08-to-2023-12-14,usa-can,uploaders,without-hosting,20516,208065,9.86038016965852,True
monarch-legacy-of-monsters-101,5,2023-12-15-to-2023-12-21,JPN,downloaders,all,6770,1123818,0.6024107106310809,True
monarch-legacy-of-monsters-101,5,2023-12-15-to-2023-12-21,JPN,downloaders,without-hosting,5029,942913,0.5333471910982244,True
monarch-legacy-of-monsters-101,5,2023-12-15-to-2023-12-21,JPN,uploaders,all,945,224022,0.42183356991724025,True
monarch-legacy-of-monsters-101,5,2023-12-15-to-2023-12-21,JPN,uploaders,without-hosting,578,175734,0.32890618776104796,True
monarch-legacy-of-monsters-101,5,2023-12-15-to-2023-12-21,USA,downloaders,all,104648,1123818,9.311828071805222,True
monarch-legacy-of-monsters-101,5,2023-12-15-to-2023-12-21,USA,downloaders,without-hosting,44765,942913,4.7475217756039,True
monarch-legacy-of-monsters-101,5,2023-12-15-to-2023-12-21,USA,uploaders,all,28027,224022,12.510824829704225,True
monarch-legacy-of-monsters-101,5,2023-12-15-to-2023-12-21,USA,uploaders,without-hosting,9312,175734,5.298917682406364,True
monarch-legacy-of-monsters-101,5,2023-12-15-to-2023-12-21,CHN,downloaders,all,39413,1123818,3.507062531477517,True
monarch-legacy-of-monsters-101,5,2023-12-15-to-2023-12-21,CHN,downloaders,without-hosting,37549,942913,3.9822337797866822,True
monarch-legacy-of-monsters-101,5,2023-12-15-to-2023-12-21,CHN,uploaders,all,8089,224022,3.6108060815455625,True
monarch-legacy-of-monsters-101,5,2023-12-15-to-2023-12-21,CHN,uploaders,without-hosting,7779,175734,4.426576530438048,True
monarch-legacy-of-monsters-101,5,2023-12-15-to-2023-12-21,KOR,downloaders,all,33126,1123818,2.947630310245965,True
monarch-legacy-of-monsters-101,5,2023-12-15-to-2023-12-21,KOR,downloaders,without-hosting,32083,942913,3.4025408494739176,True
monarch-legacy-of-monsters-101,5,2023-12-15-to-2023-12-21,KOR,uploaders,all,1120,224022,0.4999508976796922,True
monarch-legacy-of-monsters-101,5,2023-12-15-to-2023-12-21,KOR,uploaders,without-hosting,1045,175734,0.5946487304676386,True
monarch-legacy-of-monsters-101,5,2023-12-15-to-2023-12-21,asia-28,downloaders,all,180282,1123818,16.041921378728585,True
monarch-legacy-of-monsters-101,5,2023-12-15-to-2023-12-21,asia-28,downloaders,without-hosting,168460,942913,17.865911277074343,True
monarch-legacy-of-monsters-101,5,2023-12-15-to-2023-12-21,asia-28,uploaders,all,46566,224022,20.786351340493344,True
monarch-legacy-of-monsters-101,5,2023-12-15-to-2023-12-21,asia-28,uploaders,without-hosting,43789,175734,24.917773453059738,True
monarch-legacy-of-monsters-101,5,2023-12-15-to-2023-12-21,eur-27,downloaders,all,298905,1123818,26.597278206969456,True
monarch-legacy-of-monsters-101,5,2023-12-15-to-2023-12-21,eur-27,downloaders,without-hosting,239925,942913,25.445083480660465,True
monarch-legacy-of-monsters-101,5,2023-12-15-to-2023-12-21,eur-27,uploaders,all,54577,224022,24.362339413093355,True
monarch-legacy-of-monsters-101,5,2023-12-15-to-2023-12-21,eur-27,uploaders,without-hosting,42685,175734,24.28955125359919,True
monarch-legacy-of-monsters-101,5,2023-12-15-to-2023-12-21,usa-can,downloaders,all,141731,1123818,12.611561658560372,True
monarch-legacy-of-monsters-101,5,2023-12-15-to-2023-12-21,usa-can,downloaders,without-hosting,66522,942913,7.054945684278401,True
monarch-legacy-of-monsters-101,5,2023-12-15-to-2023-12-21,usa-can,uploaders,all,41965,224022,18.732535197435965,True
monarch-legacy-of-monsters-101,5,2023-12-15-to-2023-12-21,usa-can,uploaders,without-hosting,17222,175734,9.800038694845618,True
monarch-legacy-of-monsters-101,6,2023-12-22-to-2023-12-28,JPN,downloaders,all,5561,1027484,0.5412249728462925,True
monarch-legacy-of-monsters-101,6,2023-12-22-to-2023-12-28,JPN,downloaders,without-hosting,4118,875227,0.4705065085971982,True
monarch-legacy-of-monsters-101,6,2023-12-22-to-2023-12-28,JPN,uploaders,all,711,179274,0.39659961846112657,True
monarch-legacy-of-monsters-101,6,2023-12-22-to-2023-12-28,JPN,uploaders,without-hosting,370,139543,0.26515124370265797,True
monarch-legacy-of-monsters-101,6,2023-12-22-to-2023-12-28,USA,downloaders,all,93238,1027484,9.074399212055857,True
monarch-legacy-of-monsters-101,6,2023-12-22-to-2023-12-28,USA,downloaders,without-hosting,42382,875227,4.842400885713078,True
monarch-legacy-of-monsters-101,6,2023-12-22-to-2023-12-28,USA,uploaders,all,23332,179274,13.014714905675111,True
monarch-legacy-of-monsters-101,6,2023-12-22-to-2023-12-28,USA,uploaders,without-hosting,7805,139543,5.593257992160122,True
monarch-legacy-of-monsters-101,6,2023-12-22-to-2023-12-28,CHN,downloaders,all,30964,1027484,3.013574907249164,True
monarch-legacy-of-monsters-101,6,2023-12-22-to-2023-12-28,CHN,downloaders,without-hosting,29298,875227,3.3474744266344616,True
monarch-legacy-of-monsters-101,6,2023-12-22-to-2023-12-28,CHN,uploaders,all,6298,179274,3.513058223724578,True
monarch-legacy-of-monsters-101,6,2023-12-22-to-2023-12-28,CHN,uploaders,without-hosting,6018,139543,4.312649147574583,True
monarch-legacy-of-monsters-101,6,2023-12-22-to-2023-12-28,KOR,downloaders,all,26959,1027484,2.6237878156740155,True
monarch-legacy-of-monsters-101,6,2023-12-22-to-2023-12-28,KOR,downloaders,without-hosting,26058,875227,2.9772847501276813,True
monarch-legacy-of-monsters-101,6,2023-12-22-to-2023-12-28,KOR,uploaders,all,830,179274,0.46297845755658934,True
monarch-legacy-of-monsters-101,6,2023-12-22-to-2023-12-28,KOR,uploaders,without-hosting,744,139543,0.5331689873372365,True
monarch-legacy-of-monsters-101,6,2023-12-22-to-2023-12-28,asia-28,downloaders,all,144812,1027484,14.09384477033219,True
monarch-legacy-of-monsters-101,6,2023-12-22-to-2023-12-28,asia-28,downloaders,without-hosting,135080,875227,15.433710340288862,True
monarch-legacy-of-monsters-101,6,2023-12-22-to-2023-12-28,asia-28,uploaders,all,34943,179274,19.491393063132413,True
monarch-legacy-of-monsters-101,6,2023-12-22-to-2023-12-28,asia-28,uploaders,without-hosting,32647,139543,23.395655819353173,True
monarch-legacy-of-monsters-101,6,2023-12-22-to-2023-12-28,eur-27,downloaders,all,299453,1027484,29.14429811072484,True
monarch-legacy-of-monsters-101,6,2023-12-22-to-2023-12-28,eur-27,downloaders,without-hosting,250203,875227,28.58721223179815,True
monarch-legacy-of-monsters-101,6,2023-12-22-to-2023-12-28,eur-27,uploaders,all,45421,179274,25.33607773575644,True
monarch-legacy-of-monsters-101,6,2023-12-22-to-2023-12-28,eur-27,uploaders,without-hosting,35623,139543,25.52833176870212,True
monarch-legacy-of-monsters-101,6,2023-12-22-to-2023-12-28,usa-can,downloaders,all,126400,1027484,12.301894725367987,True
monarch-legacy-of-monsters-101,6,2023-12-22-to-2023-12-28,usa-can,downloaders,without-hosting,61974,875227,7.0809058678491406,True
monarch-legacy-of-monsters-101,6,2023-12-22-to-2023-12-28,usa-can,uploaders,all,34636,179274,19.32014681437353,True
monarch-legacy-of-monsters-101,6,2023-12-22-to-2023-12-28,usa-can,uploaders,without-hosting,14131,139543,10.126627634492595,True
monarch-legacy-of-monsters-101,7,2023-12-29-to-2024-01-04,JPN,downloaders,all,7700,1102862,0.6981834535961888,True
monarch-legacy-of-monsters-101,7,2023-12-29-to-2024-01-04,JPN,downloaders,without-hosting,6240,931585,0.6698261564967233,True
monarch-legacy-of-monsters-101,7,2023-12-29-to-2024-01-04,JPN,uploaders,all,599,165122,0.36276207894768714,True
monarch-legacy-of-monsters-101,7,2023-12-29-to-2024-01-04,JPN,uploaders,without-hosting,312,126368,0.24689794884780958,True
monarch-legacy-of-monsters-101,7,2023-12-29-to-2024-01-04,USA,downloaders,all,99118,1102862,8.987343838122992,True
monarch-legacy-of-monsters-101,7,2023-12-29-to-2024-01-04,USA,downloaders,without-hosting,46454,931585,4.986555172099164,True
monarch-legacy-of-monsters-101,7,2023-12-29-to-2024-01-04,USA,uploaders,all,22306,165122,13.508799554268965,True
monarch-legacy-of-monsters-101,7,2023-12-29-to-2024-01-04,USA,uploaders,without-hosting,7477,126368,5.916846036971386,True
monarch-legacy-of-monsters-101,7,2023-12-29-to-2024-01-04,CHN,downloaders,all,35068,1102862,3.1797269286637855,True
monarch-legacy-of-monsters-101,7,2023-12-29-to-2024-01-04,CHN,downloaders,without-hosting,33086,931585,3.5515814445273377,True
monarch-legacy-of-monsters-101,7,2023-12-29-to-2024-01-04,CHN,uploaders,all,5626,165122,3.4071777231380436,True
monarch-legacy-of-monsters-101,7,2023-12-29-to-2024-01-04,CHN,uploaders,without-hosting,5416,126368,4.285895163332489,True
monarch-legacy-of-monsters-101,7,2023-12-29-to-2024-01-04,KOR,downloaders,all,39960,1102862,3.623300104636845,True
monarch-legacy-of-monsters-101,7,2023-12-29-to-2024-01-04,KOR,downloaders,without-hosting,38646,931585,4.148413724995572,True
monarch-legacy-of-monsters-101,7,2023-12-29-to-2024-01-04,KOR,uploaders,all,777,165122,0.4705611608386526,True
monarch-legacy-of-monsters-101,7,2023-12-29-to-2024-01-04,KOR,uploaders,without-hosting,692,126368,0.5476069891111673,True
monarch-legacy-of-monsters-101,7,2023-12-29-to-2024-01-04,asia-28,downloaders,all,158243,1102862,14.348395356808014,True
monarch-legacy-of-monsters-101,7,2023-12-29-to-2024-01-04,asia-28,downloaders,without-hosting,147540,931585,15.83752421947541,True
monarch-legacy-of-monsters-101,7,2023-12-29-to-2024-01-04,asia-28,uploaders,all,30142,165122,18.254381608749895,True
monarch-legacy-of-monsters-101,7,2023-12-29-to-2024-01-04,asia-28,uploaders,without-hosting,28045,126368,22.193118511015445,True
monarch-legacy-of-monsters-101,7,2023-12-29-to-2024-01-04,eur-27,downloaders,all,302850,1102862,27.460371288520232,True
monarch-legacy-of-monsters-101,7,2023-12-29-to-2024-01-04,eur-27,downloaders,without-hosting,246051,931585,26.412082633361422,True
monarch-legacy-of-monsters-101,7,2023-12-29-to-2024-01-04,eur-27,uploaders,all,41805,165122,25.317643923886582,True
monarch-legacy-of-monsters-101,7,2023-12-29-to-2024-01-04,eur-27,uploaders,without-hosting,32305,126368,25.564225120283616,True
monarch-legacy-of-monsters-101,7,2023-12-29-to-2024-01-04,usa-can,downloaders,all,133409,1102862,12.096617709196618,True
monarch-legacy-of-monsters-101,7,2023-12-29-to-2024-01-04,usa-can,downloaders,without-hosting,66658,931585,7.155332041627978,True
monarch-legacy-of-monsters-101,7,2023-12-29-to-2024-01-04,usa-can,uploaders,all,33233,165122,20.126330834171096,True
monarch-legacy-of-monsters-101,7,2023-12-29-to-2024-01-04,usa-can,uploaders,without-hosting,13665,126368,10.813655355786276,True
monarch-legacy-of-monsters-101,8,2024-01-05-to-2024-01-11,JPN,downloaders,all,8978,1094142,0.8205516285820305,True
monarch-legacy-of-monsters-101,8,2024-01-05-to-2024-01-11,JPN,downloaders,without-hosting,7573,913648,0.828875015323188,True
monarch-legacy-of-monsters-101,8,2024-01-05-to-2024-01-11,JPN,uploaders,all,464,158677,0.2924179307650132,True
monarch-legacy-of-monsters-101,8,2024-01-05-to-2024-01-11,JPN,uploaders,without-hosting,236,119510,0.1974730148104761,True
monarch-legacy-of-monsters-101,8,2024-01-05-to-2024-01-11,USA,downloaders,all,101497,1094142,9.276401052148625,True
monarch-legacy-of-monsters-101,8,2024-01-05-to-2024-01-11,USA,downloaders,without-hosting,48054,913648,5.259574803425389,True
monarch-legacy-of-monsters-101,8,2024-01-05-to-2024-01-11,USA,uploaders,all,22530,158677,14.198655129602905,True
monarch-legacy-of-monsters-101,8,2024-01-05-to-2024-01-11,USA,uploaders,without-hosting,7015,119510,5.869801690235127,True
monarch-legacy-of-monsters-101,8,2024-01-05-to-2024-01-11,CHN,downloaders,all,39349,1094142,3.5963339310619644,True
monarch-legacy-of-monsters-101,8,2024-01-05-to-2024-01-11,CHN,downloaders,without-hosting,36793,913648,4.027043237658266,True
monarch-legacy-of-monsters-101,8,2024-01-05-to-2024-01-11,CHN,uploaders,all,5747,158677,3.6218229485054545,True
monarch-legacy-of-monsters-101,8,2024-01-05-to-2024-01-11,CHN,uploaders,without-hosting,5447,119510,4.557777591833319,True
monarch-legacy-of-monsters-101,8,2024-01-05-to-2024-01-11,KOR,downloaders,all,51938,1094142,4.746915848217141,True
monarch-legacy-of-monsters-101,8,2024-01-05-to-2024-01-11,KOR,downloaders,without-hosting,50424,913648,5.51897448470308,True
monarch-legacy-of-monsters-101,8,2024-01-05-to-2024-01-11,KOR,uploaders,all,862,158677,0.543241931722934,True
monarch-legacy-of-monsters-101,8,2024-01-05-to-2024-01-11,KOR,uploaders,without-hosting,785,119510,0.6568487992636599,True
monarch-legacy-of-monsters-101,8,2024-01-05-to-2024-01-11,asia-28,downloaders,all,172136,1094142,15.732510039830297,True
monarch-legacy-of-monsters-101,8,2024-01-05-to-2024-01-11,asia-28,downloaders,without-hosting,160659,913648,17.584343204385057,True
monarch-legacy-of-monsters-101,8,2024-01-05-to-2024-01-11,asia-28,uploaders,all,28286,158677,17.82614997762751,True
monarch-legacy-of-monsters-101,8,2024-01-05-to-2024-01-11,asia-28,uploaders,without-hosting,26289,119510,21.99732239979918,True
monarch-legacy-of-monsters-101,8,2024-01-05-to-2024-01-11,eur-27,downloaders,all,286806,1094142,26.212868165192454,True
monarch-legacy-of-monsters-101,8,2024-01-05-to-2024-01-11,eur-27,downloaders,without-hosting,221931,913648,24.29064585048071,True
monarch-legacy-of-monsters-101,8,2024-01-05-to-2024-01-11,eur-27,uploaders,all,39303,158677,24.76918520012352,True
monarch-legacy-of-monsters-101,8,2024-01-05-to-2024-01-11,eur-27,uploaders,without-hosting,30401,119510,25.4380386578529,True
monarch-legacy-of-monsters-101,8,2024-01-05-to-2024-01-11,usa-can,downloaders,all,137643,1094142,12.579994187226156,True
monarch-legacy-of-monsters-101,8,2024-01-05-to-2024-01-11,usa-can,downloaders,without-hosting,69162,913648,7.56987373693151,True
monarch-legacy-of-monsters-101,8,2024-01-05-to-2024-01-11,usa-can,uploaders,all,34198,158677,21.551957750650693,True
monarch-legacy-of-monsters-101,8,2024-01-05-to-2024-01-11,usa-can,uploaders,without-hosting,13103,119510,10.963936072295205,True
monarch-legacy-of-monsters-101,9,2024-01-12-to-2024-01-18,JPN,downloaders,all,8315,1079437,0.7703089666187096,True
monarch-legacy-of-monsters-101,9,2024-01-12-to-2024-01-18,JPN,downloaders,without-hosting,7088,904043,0.7840335028311707,True
monarch-legacy-of-monsters-101,9,2024-01-12-to-2024-01-18,JPN,uploaders,all,515,156747,0.32855493247079687,True
monarch-legacy-of-monsters-101,9,2024-01-12-to-2024-01-18,JPN,uploaders,without-hosting,310,117318,0.26423907669752295,True
monarch-legacy-of-monsters-101,9,2024-01-12-to-2024-01-18,USA,downloaders,all,95114,1079437,8.811445225612982,True
monarch-legacy-of-monsters-101,9,2024-01-12-to-2024-01-18,USA,downloaders,without-hosting,42590,904043,4.7110590978526465,True
monarch-legacy-of-monsters-101,9,2024-01-12-to-2024-01-18,USA,uploaders,all,22200,156747,14.162950487090662,True
monarch-legacy-of-monsters-101,9,2024-01-12-to-2024-01-18,USA,uploaders,without-hosting,6859,117318,5.846502667962291,True
monarch-legacy-of-monsters-101,9,2024-01-12-to-2024-01-18,CHN,downloaders,all,43513,1079437,4.031082870051703,True
monarch-legacy-of-monsters-101,9,2024-01-12-to-2024-01-18,CHN,downloaders,without-hosting,41092,904043,4.545359015002605,True
monarch-legacy-of-monsters-101,9,2024-01-12-to-2024-01-18,CHN,uploaders,all,7674,156747,4.895787479186205,True
monarch-legacy-of-monsters-101,9,2024-01-12-to-2024-01-18,CHN,uploaders,without-hosting,7369,117318,6.2812185683356345,True
monarch-legacy-of-monsters-101,9,2024-01-12-to-2024-01-18,KOR,downloaders,all,50712,1079437,4.6980046079576665,True
monarch-legacy-of-monsters-101,9,2024-01-12-to-2024-01-18,KOR,downloaders,without-hosting,49143,904043,5.435913999665945,True
monarch-legacy-of-monsters-101,9,2024-01-12-to-2024-01-18,KOR,uploaders,all,873,156747,0.5569484583437003,True
monarch-legacy-of-monsters-101,9,2024-01-12-to-2024-01-18,KOR,uploaders,without-hosting,800,117318,0.681907294703285,True
monarch-legacy-of-monsters-101,9,2024-01-12-to-2024-01-18,asia-28,downloaders,all,176142,1079437,16.317950931828353,True
monarch-legacy-of-monsters-101,9,2024-01-12-to-2024-01-18,asia-28,downloaders,without-hosting,164643,904043,18.21185496707568,True
monarch-legacy-of-monsters-101,9,2024-01-12-to-2024-01-18,asia-28,uploaders,all,30398,156747,19.39303463543162,True
monarch-legacy-of-monsters-101,9,2024-01-12-to-2024-01-18,asia-28,uploaders,without-hosting,28291,117318,24.114799093063297,True
monarch-legacy-of-monsters-101,9,2024-01-12-to-2024-01-18,eur-27,downloaders,all,269552,1079437,24.971536087793915,True
monarch-legacy-of-monsters-101,9,2024-01-12-to-2024-01-18,eur-27,downloaders,without-hosting,206910,904043,22.887185675902586,True
monarch-legacy-of-monsters-101,9,2024-01-12-to-2024-01-18,eur-27,uploaders,all,37236,156747,23.755478573752608,True
monarch-legacy-of-monsters-101,9,2024-01-12-to-2024-01-18,eur-27,uploaders,without-hosting,28513,117318,24.30402836734346,True
monarch-legacy-of-monsters-101,9,2024-01-12-to-2024-01-18,usa-can,downloaders,all,128577,1079437,11.911487191934313,True
monarch-legacy-of-monsters-101,9,2024-01-12-to-2024-01-18,usa-can,downloaders,without-hosting,62214,904043,6.881752306029691,True
monarch-legacy-of-monsters-101,9,2024-01-12-to-2024-01-18,usa-can,uploaders,all,35034,156747,22.35066699841145,True
monarch-legacy-of-monsters-101,9,2024-01-12-to-2024-01-18,usa-can,uploaders,without-hosting,13540,117318,11.5412809628531,True
monarch-legacy-of-monsters-101,10,2024-01-19-to-2024-01-25,JPN,downloaders,all,5905,883762,0.6681663162706701,True
monarch-legacy-of-monsters-101,10,2024-01-19-to-2024-01-25,JPN,downloaders,without-hosting,4966,748977,0.6630377167790199,True
monarch-legacy-of-monsters-101,10,2024-01-19-to-2024-01-25,JPN,uploaders,all,361,111254,0.32448271522821653,True
monarch-legacy-of-monsters-101,10,2024-01-19-to-2024-01-25,JPN,uploaders,without-hosting,183,80491,0.22735461107453006,True
monarch-legacy-of-monsters-101,10,2024-01-19-to-2024-01-25,USA,downloaders,all,72736,883762,8.230270140603466,True
monarch-legacy-of-monsters-101,10,2024-01-19-to-2024-01-25,USA,downloaders,without-hosting,32721,748977,4.36875898725862,True
monarch-legacy-of-monsters-101,10,2024-01-19-to-2024-01-25,USA,uploaders,all,16694,111254,15.005303180110378,True
monarch-legacy-of-monsters-101,10,2024-01-19-to-2024-01-25,USA,uploaders,without-hosting,4458,80491,5.538507410766421,True
monarch-legacy-of-monsters-101,10,2024-01-19-to-2024-01-25,CHN,downloaders,all,28374,883762,3.2105928971827256,True
monarch-legacy-of-monsters-101,10,2024-01-19-to-2024-01-25,CHN,downloaders,without-hosting,26244,748977,3.5039794279397096,True
monarch-legacy-of-monsters-101,10,2024-01-19-to-2024-01-25,CHN,uploaders,all,4308,111254,3.872220324662484,True
monarch-legacy-of-monsters-101,10,2024-01-19-to-2024-01-25,CHN,uploaders,without-hosting,3953,80491,4.9111080741946305,True
monarch-legacy-of-monsters-101,10,2024-01-19-to-2024-01-25,KOR,downloaders,all,37660,883762,4.26132827616485,True
monarch-legacy-of-monsters-101,10,2024-01-19-to-2024-01-25,KOR,downloaders,without-hosting,36494,748977,4.872512774090526,True
monarch-legacy-of-monsters-101,10,2024-01-19-to-2024-01-25,KOR,uploaders,all,911,111254,0.8188469628058317,True
monarch-legacy-of-monsters-101,10,2024-01-19-to-2024-01-25,KOR,uploaders,without-hosting,827,80491,1.0274440620690513,True
monarch-legacy-of-monsters-101,10,2024-01-19-to-2024-01-25,asia-28,downloaders,all,121120,883762,13.705047286486634,True
monarch-legacy-of-monsters-101,10,2024-01-19-to-2024-01-25,asia-28,downloaders,without-hosting,112610,748977,15.035174644882286,True
monarch-legacy-of-monsters-101,10,2024-01-19-to-2024-01-25,asia-28,uploaders,all,20068,111254,18.038003127977422,True
monarch-legacy-of-monsters-101,10,2024-01-19-to-2024-01-25,asia-28,uploaders,without-hosting,18398,80491,22.857213849995652,True
monarch-legacy-of-monsters-101,10,2024-01-19-to-2024-01-25,eur-27,downloaders,all,237649,883762,26.890610820560287,True
monarch-legacy-of-monsters-101,10,2024-01-19-to-2024-01-25,eur-27,downloaders,without-hosting,190428,748977,25.425079808859284,True
monarch-legacy-of-monsters-101,10,2024-01-19-to-2024-01-25,eur-27,uploaders,all,26655,111254,23.958689125784243,True
monarch-legacy-of-monsters-101,10,2024-01-19-to-2024-01-25,eur-27,uploaders,without-hosting,20137,80491,25.01770384266564,True
monarch-legacy-of-monsters-101,10,2024-01-19-to-2024-01-25,usa-can,downloaders,all,99721,883762,11.28369402621973,True
monarch-legacy-of-monsters-101,10,2024-01-19-to-2024-01-25,usa-can,downloaders,without-hosting,47958,748977,6.403133874604961,True
monarch-legacy-of-monsters-101,10,2024-01-19-to-2024-01-25,usa-can,uploaders,all,26742,111254,24.036888561310157,True
monarch-legacy-of-monsters-101,10,2024-01-19-to-2024-01-25,usa-can,uploaders,without-hosting,9411,80491,11.691990408865587,True
monarch-legacy-of-monsters-101,11,2024-01-26-to-2024-02-01,JPN,downloaders,all,6879,841192,0.8177681195256256,False
monarch-legacy-of-monsters-101,11,2024-01-26-to-2024-02-01,JPN,downloaders,without-hosting,5916,713062,0.829661375869139,False
monarch-legacy-of-monsters-101,11,2024-01-26-to-2024-02-01,JPN,uploaders,all,250,77119,0.3241743279866181,False
monarch-legacy-of-monsters-101,11,2024-01-26-to-2024-02-01,JPN,uploaders,without-hosting,156,55258,0.28231206341163273,False
monarch-legacy-of-monsters-101,11,2024-01-26-to-2024-02-01,USA,downloaders,all,68385,841192,8.129535230957973,False
monarch-legacy-of-monsters-101,11,2024-01-26-to-2024-02-01,USA,downloaders,without-hosting,30492,713062,4.27620599611254,False
monarch-legacy-of-monsters-101,11,2024-01-26-to-2024-02-01,USA,uploaders,all,12627,77119,16.373396957948106,False
monarch-legacy-of-monsters-101,11,2024-01-26-to-2024-02-01,USA,uploaders,without-hosting,3484,55258,6.3049694161931304,False
monarch-legacy-of-monsters-101,11,2024-01-26-to-2024-02-01,CHN,downloaders,all,31505,841192,3.7452805067095265,False
monarch-legacy-of-monsters-101,11,2024-01-26-to-2024-02-01,CHN,downloaders,without-hosting,29150,713062,4.088003567712205,False
monarch-legacy-of-monsters-101,11,2024-01-26-to-2024-02-01,CHN,uploaders,all,2943,77119,3.816180189058468,False
monarch-legacy-of-monsters-101,11,2024-01-26-to-2024-02-01,CHN,uploaders,without-hosting,2677,55258,4.844547395852184,False
monarch-legacy-of-monsters-101,11,2024-01-26-to-2024-02-01,KOR,downloaders,all,45861,841192,5.451906342428363,False
monarch-legacy-of-monsters-101,11,2024-01-26-to-2024-02-01,KOR,downloaders,without-hosting,44308,713062,6.213765422922551,False
monarch-legacy-of-monsters-101,11,2024-01-26-to-2024-02-01,KOR,uploaders,all,459,77119,0.5951840661834308,False
monarch-legacy-of-monsters-101,11,2024-01-26-to-2024-02-01,KOR,uploaders,without-hosting,389,55258,0.7039704658149046,False
monarch-legacy-of-monsters-101,11,2024-01-26-to-2024-02-01,asia-28,downloaders,all,124932,841192,14.851781757315809,False
monarch-legacy-of-monsters-101,11,2024-01-26-to-2024-02-01,asia-28,downloaders,without-hosting,115948,713062,16.260577621581294,False
monarch-legacy-of-monsters-101,11,2024-01-26-to-2024-02-01,asia-28,uploaders,all,13700,77119,17.76475317366667,False
monarch-legacy-of-monsters-101,11,2024-01-26-to-2024-02-01,asia-28,uploaders,without-hosting,12460,55258,22.548771218647072,False
monarch-legacy-of-monsters-101,11,2024-01-26-to-2024-02-01,eur-27,downloaders,all,226852,841192,26.967921711095684,False
monarch-legacy-of-monsters-101,11,2024-01-26-to-2024-02-01,eur-27,downloaders,without-hosting,177657,713062,24.91466380202563,False
monarch-legacy-of-monsters-101,11,2024-01-26-to-2024-02-01,eur-27,uploaders,all,19250,77119,24.961423254969592,False
monarch-legacy-of-monsters-101,11,2024-01-26-to-2024-02-01,eur-27,uploaders,without-hosting,14142,55258,25.59267436389301,False
monarch-legacy-of-monsters-101,11,2024-01-26-to-2024-02-01,usa-can,downloaders,all,94514,841192,11.235722641204386,False
monarch-legacy-of-monsters-101,11,2024-01-26-to-2024-02-01,usa-can,downloaders,without-hosting,45396,713062,6.366346825381243,False
monarch-legacy-of-monsters-101,11,2024-01-26-to-2024-02-01,usa-can,uploaders,all,18583,77119,24.096526147901294,False
monarch-legacy-of-monsters-101,11,2024-01-26-to-2024-02-01,usa-can,uploaders,without-hosting,6463,55258,11.696044011726809,False
monarch-legacy-of-monsters-101,12,2024-02-02-to-2024-02-08-partial,JPN,downloaders,all,7328,746994,0.9809985086894941,False
monarch-legacy-of-monsters-101,12,2024-02-02-to-2024-02-08-partial,JPN,downloaders,without-hosting,6467,630786,1.0252288414771413,False
monarch-legacy-of-monsters-101,12,2024-02-02-to-2024-02-08-partial,JPN,uploaders,all,162,58118,0.27874324649850307,False
monarch-legacy-of-monsters-101,12,2024-02-02-to-2024-02-08-partial,JPN,uploaders,without-hosting,109,40991,0.2659120294698836,False
monarch-legacy-of-monsters-101,12,2024-02-02-to-2024-02-08-partial,USA,downloaders,all,60124,746994,8.048792895257526,False
monarch-legacy-of-monsters-101,12,2024-02-02-to-2024-02-08-partial,USA,downloaders,without-hosting,27614,630786,4.377712885194028,False
monarch-legacy-of-monsters-101,12,2024-02-02-to-2024-02-08-partial,USA,uploaders,all,10023,58118,17.24594789910183,False
monarch-legacy-of-monsters-101,12,2024-02-02-to-2024-02-08-partial,USA,uploaders,without-hosting,2760,40991,6.733185333365861,False
monarch-legacy-of-monsters-101,12,2024-02-02-to-2024-02-08-partial,CHN,downloaders,all,32073,746994,4.293608784006297,False
monarch-legacy-of-monsters-101,12,2024-02-02-to-2024-02-08-partial,CHN,downloaders,without-hosting,29920,630786,4.743288532085367,False
monarch-legacy-of-monsters-101,12,2024-02-02-to-2024-02-08-partial,CHN,uploaders,all,2466,58118,4.24309164114388,False
monarch-legacy-of-monsters-101,12,2024-02-02-to-2024-02-08-partial,CHN,uploaders,without-hosting,2226,40991,5.4304603449537705,False
monarch-legacy-of-monsters-101,12,2024-02-02-to-2024-02-08-partial,KOR,downloaders,all,51238,746994,6.859225107564452,False
monarch-legacy-of-monsters-101,12,2024-02-02-to-2024-02-08-partial,KOR,downloaders,without-hosting,49641,630786,7.86970541514872,False
monarch-legacy-of-monsters-101,12,2024-02-02-to-2024-02-08-partial,KOR,uploaders,all,338,58118,0.5815754155339138,False
monarch-legacy-of-monsters-101,12,2024-02-02-to-2024-02-08-partial,KOR,uploaders,without-hosting,275,40991,0.6708789734331927,False
monarch-legacy-of-monsters-101,12,2024-02-02-to-2024-02-08-partial,asia-28,downloaders,all,124502,746994,16.66706827631815,False
monarch-legacy-of-monsters-101,12,2024-02-02-to-2024-02-08-partial,asia-28,downloaders,without-hosting,116358,630786,18.446509592793753,False
monarch-legacy-of-monsters-101,12,2024-02-02-to-2024-02-08-partial,asia-28,uploaders,all,10053,58118,17.297567018823774,False
monarch-legacy-of-monsters-101,12,2024-02-02-to-2024-02-08-partial,asia-28,uploaders,without-hosting,9118,40991,22.243907199141276,False
monarch-legacy-of-monsters-101,12,2024-02-02-to-2024-02-08-partial,eur-27,downloaders,all,197032,746994,26.376650950342306,False
monarch-legacy-of-monsters-101,12,2024-02-02-to-2024-02-08-partial,eur-27,downloaders,without-hosting,149477,630786,23.696943178827684,False
monarch-legacy-of-monsters-101,12,2024-02-02-to-2024-02-08-partial,eur-27,uploaders,all,14641,58118,25.19185106163323,False
monarch-legacy-of-monsters-101,12,2024-02-02-to-2024-02-08-partial,eur-27,uploaders,without-hosting,10623,40991,25.915444853748383,False
monarch-legacy-of-monsters-101,12,2024-02-02-to-2024-02-08-partial,usa-can,downloaders,all,83983,746994,11.242794453502974,False
monarch-legacy-of-monsters-101,12,2024-02-02-to-2024-02-08-partial,usa-can,downloaders,without-hosting,41406,630786,6.56419134223017,False
monarch-legacy-of-monsters-101,12,2024-02-02-to-2024-02-08-partial,usa-can,uploaders,all,14911,58118,25.656423139130734,False
monarch-legacy-of-monsters-101,12,2024-02-02-to-2024-02-08-partial,usa-can,uploaders,without-hosting,5170,40991,12.612524700544022,False
monarch-legacy-of-monsters-101,13,2024-02-09-to-2024-02-15,JPN,downloaders,all,6701,808230,0.8290956782104104,True
monarch-legacy-of-monsters-101,13,2024-02-09-to-2024-02-15,JPN,downloaders,without-hosting,5934,692672,0.8566825279497366,True
monarch-legacy-of-monsters-101,13,2024-02-09-to-2024-02-15,JPN,uploaders,all,157,57429,0.2733810444200665,True
monarch-legacy-of-monsters-101,13,2024-02-09-to-2024-02-15,JPN,uploaders,without-hosting,111,39578,0.28045884077012484,True
monarch-legacy-of-monsters-101,13,2024-02-09-to-2024-02-15,USA,downloaders,all,61642,808230,7.626789404006285,True
monarch-legacy-of-monsters-101,13,2024-02-09-to-2024-02-15,USA,downloaders,without-hosting,29057,692672,4.194914764852629,True
monarch-legacy-of-monsters-101,13,2024-02-09-to-2024-02-15,USA,uploaders,all,10748,57429,18.71528321927946,True
monarch-legacy-of-monsters-101,13,2024-02-09-to-2024-02-15,USA,uploaders,without-hosting,2793,39578,7.056950831269898,True
monarch-legacy-of-monsters-101,13,2024-02-09-to-2024-02-15,CHN,downloaders,all,28245,808230,3.494673545896589,True
monarch-legacy-of-monsters-101,13,2024-02-09-to-2024-02-15,CHN,downloaders,without-hosting,25972,692672,3.7495380208814564,True
monarch-legacy-of-monsters-101,13,2024-02-09-to-2024-02-15,CHN,uploaders,all,2002,57429,3.486043636490275,True
monarch-legacy-of-monsters-101,13,2024-02-09-to-2024-02-15,CHN,uploaders,without-hosting,1687,39578,4.262469048461266,True
monarch-legacy-of-monsters-101,13,2024-02-09-to-2024-02-15,KOR,downloaders,all,46183,808230,5.714091285896341,True
monarch-legacy-of-monsters-101,13,2024-02-09-to-2024-02-15,KOR,downloaders,without-hosting,44735,692672,6.458323708768364,True
monarch-legacy-of-monsters-101,13,2024-02-09-to-2024-02-15,KOR,uploaders,all,324,57429,0.5641748942172073,True
monarch-legacy-of-monsters-101,13,2024-02-09-to-2024-02-15,KOR,uploaders,without-hosting,252,39578,0.636717368234878,True
monarch-legacy-of-monsters-101,13,2024-02-09-to-2024-02-15,asia-28,downloaders,all,114269,808230,14.138178488796505,True
monarch-legacy-of-monsters-101,13,2024-02-09-to-2024-02-15,asia-28,downloaders,without-hosting,106570,692672,15.385348332255383,True
monarch-legacy-of-monsters-101,13,2024-02-09-to-2024-02-15,asia-28,uploaders,all,9204,57429,16.026746069059186,True
monarch-legacy-of-monsters-101,13,2024-02-09-to-2024-02-15,asia-28,uploaders,without-hosting,8214,39578,20.753954216989236,True
monarch-legacy-of-monsters-101,13,2024-02-09-to-2024-02-15,eur-27,downloaders,all,227131,808230,28.10227286787177,True
monarch-legacy-of-monsters-101,13,2024-02-09-to-2024-02-15,eur-27,downloaders,without-hosting,180020,692672,25.989212787582,True
monarch-legacy-of-monsters-101,13,2024-02-09-to-2024-02-15,eur-27,uploaders,all,14446,57429,25.154538647721534,True
monarch-legacy-of-monsters-101,13,2024-02-09-to-2024-02-15,eur-27,uploaders,without-hosting,10425,39578,26.340391126383345,True
monarch-legacy-of-monsters-101,13,2024-02-09-to-2024-02-15,usa-can,downloaders,all,85630,808230,10.594756443091693,True
monarch-legacy-of-monsters-101,13,2024-02-09-to-2024-02-15,usa-can,downloaders,without-hosting,43028,692672,6.211886722720133,True
monarch-legacy-of-monsters-101,13,2024-02-09-to-2024-02-15,usa-can,uploaders,all,15651,57429,27.25278169565899,True
monarch-legacy-of-monsters-101,13,2024-02-09-to-2024-02-15,usa-can,uploaders,without-hosting,5175,39578,13.075445954823387,True
monarch-legacy-of-monsters-101,14,2024-02-16-to-2024-02-22,JPN,downloaders,all,9254,880303,1.0512289518495337,True
monarch-legacy-of-monsters-101,14,2024-02-16-to-2024-02-22,JPN,downloaders,without-hosting,8046,746033,1.0785045701731693,True
monarch-legacy-of-monsters-101,14,2024-02-16-to-2024-02-22,JPN,uploaders,all,161,54726,0.2941928882067025,True
monarch-legacy-of-monsters-101,14,2024-02-16-to-2024-02-22,JPN,uploaders,without-hosting,74,37378,0.19797741987265235,True
monarch-legacy-of-monsters-101,14,2024-02-16-to-2024-02-22,USA,downloaders,all,70125,880303,7.966007158898697,True
monarch-legacy-of-monsters-101,14,2024-02-16-to-2024-02-22,USA,downloaders,without-hosting,35356,746033,4.73920054474802,True
monarch-legacy-of-monsters-101,14,2024-02-16-to-2024-02-22,USA,uploaders,all,10365,54726,18.93980923144392,True
monarch-legacy-of-monsters-101,14,2024-02-16-to-2024-02-22,USA,uploaders,without-hosting,2687,37378,7.188720637808337,True
monarch-legacy-of-monsters-101,14,2024-02-16-to-2024-02-22,CHN,downloaders,all,39208,880303,4.4539209794809285,True
monarch-legacy-of-monsters-101,14,2024-02-16-to-2024-02-22,CHN,downloaders,without-hosting,36445,746033,4.885172639816201,True
monarch-legacy-of-monsters-101,14,2024-02-16-to-2024-02-22,CHN,uploaders,all,2291,54726,4.186309980630779,True
monarch-legacy-of-monsters-101,14,2024-02-16-to-2024-02-22,CHN,uploaders,without-hosting,1906,37378,5.099256246990208,True
monarch-legacy-of-monsters-101,14,2024-02-16-to-2024-02-22,KOR,downloaders,all,62132,880303,7.058024339346793,True
monarch-legacy-of-monsters-101,14,2024-02-16-to-2024-02-22,KOR,downloaders,without-hosting,59975,746033,8.039188614980839,True
monarch-legacy-of-monsters-101,14,2024-02-16-to-2024-02-22,KOR,uploaders,all,289,54726,0.5280853707561305,True
monarch-legacy-of-monsters-101,14,2024-02-16-to-2024-02-22,KOR,uploaders,without-hosting,235,37378,0.6287120766226122,True
monarch-legacy-of-monsters-101,14,2024-02-16-to-2024-02-22,asia-28,downloaders,all,147488,880303,16.754231213570783,True
monarch-legacy-of-monsters-101,14,2024-02-16-to-2024-02-22,asia-28,downloaders,without-hosting,137656,746033,18.451730687516505,True
monarch-legacy-of-monsters-101,14,2024-02-16-to-2024-02-22,asia-28,uploaders,all,9199,54726,16.809194898220223,True
monarch-legacy-of-monsters-101,14,2024-02-16-to-2024-02-22,asia-28,uploaders,without-hosting,8171,37378,21.860452672695168,True
monarch-legacy-of-monsters-101,14,2024-02-16-to-2024-02-22,eur-27,downloaders,all,229002,880303,26.013997453149653,True
monarch-legacy-of-monsters-101,14,2024-02-16-to-2024-02-22,eur-27,downloaders,without-hosting,169895,746033,22.773121296242927,True
monarch-legacy-of-monsters-101,14,2024-02-16-to-2024-02-22,eur-27,uploaders,all,13616,54726,24.88031283119541,True
monarch-legacy-of-monsters-101,14,2024-02-16-to-2024-02-22,eur-27,uploaders,without-hosting,9535,37378,25.50965808764514,True
monarch-legacy-of-monsters-101,14,2024-02-16-to-2024-02-22,usa-can,downloaders,all,97111,880303,11.031542548417988,True
monarch-legacy-of-monsters-101,14,2024-02-16-to-2024-02-22,usa-can,downloaders,without-hosting,51762,746033,6.938298976050658,True
monarch-legacy-of-monsters-101,14,2024-02-16-to-2024-02-22,usa-can,uploaders,all,14891,54726,27.210101231590105,True
monarch-legacy-of-monsters-101,14,2024-02-16-to-2024-02-22,usa-can,uploaders,without-hosting,4917,37378,13.154796939376103,True
monarch-legacy-of-monsters-101,15,2024-02-23-to-2024-02-29,JPN,downloaders,all,10319,897382,1.1499004883093265,True
monarch-legacy-of-monsters-101,15,2024-02-23-to-2024-02-29,JPN,downloaders,without-hosting,9206,755622,1.218334034742239,True
monarch-legacy-of-monsters-101,15,2024-02-23-to-2024-02-29,JPN,uploaders,all,141,50811,0.2774989667591663,True
monarch-legacy-of-monsters-101,15,2024-02-23-to-2024-02-29,JPN,uploaders,without-hosting,74,34130,0.21681804863756227,True
monarch-legacy-of-monsters-101,15,2024-02-23-to-2024-02-29,USA,downloaders,all,69416,897382,7.7353902797247995,True
monarch-legacy-of-monsters-101,15,2024-02-23-to-2024-02-29,USA,downloaders,without-hosting,34603,755622,4.579406105168987,True
monarch-legacy-of-monsters-101,15,2024-02-23-to-2024-02-29,USA,uploaders,all,9731,50811,19.151364861939342,True
monarch-legacy-of-monsters-101,15,2024-02-23-to-2024-02-29,USA,uploaders,without-hosting,2285,34130,6.694989745092294,True
monarch-legacy-of-monsters-101,15,2024-02-23-to-2024-02-29,CHN,downloaders,all,41347,897382,4.607513856975068,True
monarch-legacy-of-monsters-101,15,2024-02-23-to-2024-02-29,CHN,downloaders,without-hosting,38484,755622,5.093022701827104,True
monarch-legacy-of-monsters-101,15,2024-02-23-to-2024-02-29,CHN,uploaders,all,2075,50811,4.083761390250142,True
monarch-legacy-of-monsters-101,15,2024-02-23-to-2024-02-29,CHN,uploaders,without-hosting,1711,34130,5.013184881336068,True
monarch-legacy-of-monsters-101,15,2024-02-23-to-2024-02-29,KOR,downloaders,all,68462,897382,7.629081037952623,True
monarch-legacy-of-monsters-101,15,2024-02-23-to-2024-02-29,KOR,downloaders,without-hosting,66231,755622,8.765096834131352,True
monarch-legacy-of-monsters-101,15,2024-02-23-to-2024-02-29,KOR,uploaders,all,265,50811,0.521540611284958,True
monarch-legacy-of-monsters-101,15,2024-02-23-to-2024-02-29,KOR,uploaders,without-hosting,250,34130,0.732493407559332,True
monarch-legacy-of-monsters-101,15,2024-02-23-to-2024-02-29,asia-28,downloaders,all,155565,897382,17.33542683049136,True
monarch-legacy-of-monsters-101,15,2024-02-23-to-2024-02-29,asia-28,downloaders,without-hosting,145534,755622,19.26015918011916,True
monarch-legacy-of-monsters-101,15,2024-02-23-to-2024-02-29,asia-28,uploaders,all,8282,50811,16.299620160988763,True
monarch-legacy-of-monsters-101,15,2024-02-23-to-2024-02-29,asia-28,uploaders,without-hosting,7455,34130,21.84295341341928,True
monarch-legacy-of-monsters-101,15,2024-02-23-to-2024-02-29,eur-27,downloaders,all,241420,897382,26.902701413667756,True
monarch-legacy-of-monsters-101,15,2024-02-23-to-2024-02-29,eur-27,downloaders,without-hosting,176037,755622,23.296965943289106,True
monarch-legacy-of-monsters-101,15,2024-02-23-to-2024-02-29,eur-27,uploaders,all,13158,50811,25.89596740863199,True
monarch-legacy-of-monsters-101,15,2024-02-23-to-2024-02-29,eur-27,uploaders,without-hosting,9219,34130,27.011426897157925,True
monarch-legacy-of-monsters-101,15,2024-02-23-to-2024-02-29,usa-can,downloaders,all,96167,897382,10.716395024638336,True
monarch-legacy-of-monsters-101,15,2024-02-23-to-2024-02-29,usa-can,downloaders,without-hosting,50738,755622,6.714733027889606,True
monarch-legacy-of-monsters-101,15,2024-02-23-to-2024-02-29,usa-can,uploaders,all,14251,50811,28.047076420460137,True
monarch-legacy-of-monsters-101,15,2024-02-23-to-2024-02-29,usa-can,uploaders,without-hosting,4495,34130,13.17023146791679,True
monarch-legacy-of-monsters-101,16,2024-03-01-to-2024-03-07,JPN,downloaders,all,16888,1230394,1.3725684618097942,True
monarch-legacy-of-monsters-101,16,2024-03-01-to-2024-03-07,JPN,downloaders,without-hosting,15281,1046670,1.4599635033009448,True
monarch-legacy-of-monsters-101,16,2024-03-01-to-2024-03-07,JPN,uploaders,all,146,46988,0.31071763003319997,True
monarch-legacy-of-monsters-101,16,2024-03-01-to-2024-03-07,JPN,uploaders,without-hosting,75,31143,0.24082458337347076,True
monarch-legacy-of-monsters-101,16,2024-03-01-to-2024-03-07,USA,downloaders,all,86859,1230394,7.0594459985988225,True
monarch-legacy-of-monsters-101,16,2024-03-01-to-2024-03-07,USA,downloaders,without-hosting,47379,1046670,4.526641634899252,True
monarch-legacy-of-monsters-101,16,2024-03-01-to-2024-03-07,USA,uploaders,all,9643,46988,20.522261002809227,True
monarch-legacy-of-monsters-101,16,2024-03-01-to-2024-03-07,USA,uploaders,without-hosting,2428,31143,7.796294512410493,True
monarch-legacy-of-monsters-101,16,2024-03-01-to-2024-03-07,CHN,downloaders,all,62226,1230394,5.057404376159181,True
monarch-legacy-of-monsters-101,16,2024-03-01-to-2024-03-07,CHN,downloaders,without-hosting,58557,1046670,5.594600017197397,True
monarch-legacy-of-monsters-101,16,2024-03-01-to-2024-03-07,CHN,uploaders,all,1949,46988,4.147867540648677,True
monarch-legacy-of-monsters-101,16,2024-03-01-to-2024-03-07,CHN,uploaders,without-hosting,1658,31143,5.323828789776194,True
monarch-legacy-of-monsters-101,16,2024-03-01-to-2024-03-07,KOR,downloaders,all,118963,1230394,9.66869149231872,True
monarch-legacy-of-monsters-101,16,2024-03-01-to-2024-03-07,KOR,downloaders,without-hosting,115586,1046670,11.0432132381744,True
monarch-legacy-of-monsters-101,16,2024-03-01-to-2024-03-07,KOR,uploaders,all,219,46988,0.46607644504979995,True
monarch-legacy-of-monsters-101,16,2024-03-01-to-2024-03-07,KOR,uploaders,without-hosting,200,31143,0.642198888995922,True
monarch-legacy-of-monsters-101,16,2024-03-01-to-2024-03-07,asia-28,downloaders,all,240353,1230394,19.534636872416478,True
monarch-legacy-of-monsters-101,16,2024-03-01-to-2024-03-07,asia-28,downloaders,without-hosting,227245,1046670,21.711236588418508,True
monarch-legacy-of-monsters-101,16,2024-03-01-to-2024-03-07,asia-28,uploaders,all,7551,46988,16.07006044096365,True
monarch-legacy-of-monsters-101,16,2024-03-01-to-2024-03-07,asia-28,uploaders,without-hosting,6735,31143,21.626047586937673,True
monarch-legacy-of-monsters-101,16,2024-03-01-to-2024-03-07,eur-27,downloaders,all,301092,1230394,24.471185652725875,True
monarch-legacy-of-monsters-101,16,2024-03-01-to-2024-03-07,eur-27,downloaders,without-hosting,209034,1046670,19.97133767089914,True
monarch-legacy-of-monsters-101,16,2024-03-01-to-2024-03-07,eur-27,uploaders,all,12001,46988,25.54056354813995,True
monarch-legacy-of-monsters-101,16,2024-03-01-to-2024-03-07,eur-27,uploaders,without-hosting,8418,31143,27.030151237838357,True
monarch-legacy-of-monsters-101,16,2024-03-01-to-2024-03-07,usa-can,downloaders,all,119667,1230394,9.725908936487011,True
monarch-legacy-of-monsters-101,16,2024-03-01-to-2024-03-07,usa-can,downloaders,without-hosting,68178,1046670,6.513800911462066,True
monarch-legacy-of-monsters-101,16,2024-03-01-to-2024-03-07,usa-can,uploaders,all,14065,46988,29.933174427513407,True
monarch-legacy-of-monsters-101,16,2024-03-01-to-2024-03-07,usa-can,uploaders,without-hosting,4492,31143,14.423787046848409,True
monarch-legacy-of-monsters-101,17,2024-03-08-to-2024-03-14,JPN,downloaders,all,17725,1284534,1.379877838967283,True
monarch-legacy-of-monsters-101,17,2024-03-08-to-2024-03-14,JPN,downloaders,without-hosting,16104,1094421,1.4714629927605556,True
monarch-legacy-of-monsters-101,17,2024-03-08-to-2024-03-14,JPN,uploaders,all,145,43696,0.33183815452215304,True
monarch-legacy-of-monsters-101,17,2024-03-08-to-2024-03-14,JPN,uploaders,without-hosting,79,28336,0.2787972896668549,True
monarch-legacy-of-monsters-101,17,2024-03-08-to-2024-03-14,USA,downloaders,all,90618,1284534,7.0545427368991405,True
monarch-legacy-of-monsters-101,17,2024-03-08-to-2024-03-14,USA,downloaders,without-hosting,50865,1094421,4.647663010852313,True
monarch-legacy-of-monsters-101,17,2024-03-08-to-2024-03-14,USA,uploaders,all,9100,43696,20.825704870010984,True
monarch-legacy-of-monsters-101,17,2024-03-08-to-2024-03-14,USA,uploaders,without-hosting,2080,28336,7.340485601355167,True
monarch-legacy-of-monsters-101,17,2024-03-08-to-2024-03-14,CHN,downloaders,all,68915,1284534,5.364980607753473,True
monarch-legacy-of-monsters-101,17,2024-03-08-to-2024-03-14,CHN,downloaders,without-hosting,64699,1094421,5.911710392984053,True
monarch-legacy-of-monsters-101,17,2024-03-08-to-2024-03-14,CHN,uploaders,all,1974,43696,4.517575979494691,True
monarch-legacy-of-monsters-101,17,2024-03-08-to-2024-03-14,CHN,uploaders,without-hosting,1580,28336,5.575945793337097,True
monarch-legacy-of-monsters-101,17,2024-03-08-to-2024-03-14,KOR,downloaders,all,118938,1284534,9.259233309511465,True
monarch-legacy-of-monsters-101,17,2024-03-08-to-2024-03-14,KOR,downloaders,without-hosting,115506,1094421,10.554073797926026,True
monarch-legacy-of-monsters-101,17,2024-03-08-to-2024-03-14,KOR,uploaders,all,193,43696,0.44168802636396925,True
monarch-legacy-of-monsters-101,17,2024-03-08-to-2024-03-14,KOR,uploaders,without-hosting,181,28336,0.6387634105025409,True
monarch-legacy-of-monsters-101,17,2024-03-08-to-2024-03-14,asia-28,downloaders,all,249322,1284534,19.40952905878708,True
monarch-legacy-of-monsters-101,17,2024-03-08-to-2024-03-14,asia-28,downloaders,without-hosting,235065,1094421,21.47848040196597,True
monarch-legacy-of-monsters-101,17,2024-03-08-to-2024-03-14,asia-28,uploaders,all,7103,43696,16.25549249359209,True
monarch-legacy-of-monsters-101,17,2024-03-08-to-2024-03-14,asia-28,uploaders,without-hosting,6160,28336,21.73913043478261,True
monarch-legacy-of-monsters-101,17,2024-03-08-to-2024-03-14,eur-27,downloaders,all,319717,1284534,24.889726546747692,True
monarch-legacy-of-monsters-101,17,2024-03-08-to-2024-03-14,eur-27,downloaders,without-hosting,224687,1094421,20.53021643407793,True
monarch-legacy-of-monsters-101,17,2024-03-08-to-2024-03-14,eur-27,uploaders,all,10916,43696,24.981691688026363,True
monarch-legacy-of-monsters-101,17,2024-03-08-to-2024-03-14,eur-27,uploaders,without-hosting,7486,28336,26.41869000564653,True
monarch-legacy-of-monsters-101,17,2024-03-08-to-2024-03-14,usa-can,downloaders,all,126719,1284534,9.864978272276172,True
monarch-legacy-of-monsters-101,17,2024-03-08-to-2024-03-14,usa-can,downloaders,without-hosting,74222,1094421,6.781850859952431,True
monarch-legacy-of-monsters-101,17,2024-03-08-to-2024-03-14,usa-can,uploaders,all,13365,43696,30.586323690955695,True
monarch-legacy-of-monsters-101,17,2024-03-08-to-2024-03-14,usa-can,uploaders,without-hosting,4118,28336,14.532749858836816,True
monarch-legacy-of-monsters-101,18,2024-03-15-to-2024-03-21,JPN,downloaders,all,18531,1226887,1.5104080489890268,True
monarch-legacy-of-monsters-101,18,2024-03-15-to-2024-03-21,JPN,downloaders,without-hosting,16609,1032875,1.6080358223405542,True
monarch-legacy-of-monsters-101,18,2024-03-15-to-2024-03-21,JPN,uploaders,all,174,40184,0.4330081624527175,True
monarch-legacy-of-monsters-101,18,2024-03-15-to-2024-03-21,JPN,uploaders,without-hosting,81,25932,0.3123553910226747,True
monarch-legacy-of-monsters-101,18,2024-03-15-to-2024-03-21,USA,downloaders,all,86509,1226887,7.051097615346809,True
monarch-legacy-of-monsters-101,18,2024-03-15-to-2024-03-21,USA,downloaders,without-hosting,47181,1032875,4.567929323490258,True
monarch-legacy-of-monsters-101,18,2024-03-15-to-2024-03-21,USA,uploaders,all,8433,40184,20.985964563010153,True
monarch-legacy-of-monsters-101,18,2024-03-15-to-2024-03-21,USA,uploaders,without-hosting,1876,25932,7.234305105660959,True
monarch-legacy-of-monsters-101,18,2024-03-15-to-2024-03-21,CHN,downloaders,all,68656,1226887,5.5959513793853874,True
monarch-legacy-of-monsters-101,18,2024-03-15-to-2024-03-21,CHN,downloaders,without-hosting,64589,1032875,6.253322038000726,True
monarch-legacy-of-monsters-101,18,2024-03-15-to-2024-03-21,CHN,uploaders,all,1989,40184,4.94973123631296,True
monarch-legacy-of-monsters-101,18,2024-03-15-to-2024-03-21,CHN,uploaders,without-hosting,1539,25932,5.934752429430819,True
monarch-legacy-of-monsters-101,18,2024-03-15-to-2024-03-21,KOR,downloaders,all,123923,1226887,10.100604212123855,True
monarch-legacy-of-monsters-101,18,2024-03-15-to-2024-03-21,KOR,downloaders,without-hosting,120027,1032875,11.620670458671185,True
monarch-legacy-of-monsters-101,18,2024-03-15-to-2024-03-21,KOR,uploaders,all,210,40184,0.5225960581325901,True
monarch-legacy-of-monsters-101,18,2024-03-15-to-2024-03-21,KOR,uploaders,without-hosting,179,25932,0.6902668517661577,True
monarch-legacy-of-monsters-101,18,2024-03-15-to-2024-03-21,asia-28,downloaders,all,256052,1226887,20.87005567749923,True
monarch-legacy-of-monsters-101,18,2024-03-15-to-2024-03-21,asia-28,downloaders,without-hosting,240995,1032875,23.332445842914197,True
monarch-legacy-of-monsters-101,18,2024-03-15-to-2024-03-21,asia-28,uploaders,all,6861,40184,17.07395978498905,True
monarch-legacy-of-monsters-101,18,2024-03-15-to-2024-03-21,asia-28,uploaders,without-hosting,5855,25932,22.578281659725437,True
monarch-legacy-of-monsters-101,18,2024-03-15-to-2024-03-21,eur-27,downloaders,all,315869,1226887,25.745565810054227,True
monarch-legacy-of-monsters-101,18,2024-03-15-to-2024-03-21,eur-27,downloaders,without-hosting,216026,1032875,20.915018758320223,True
monarch-legacy-of-monsters-101,18,2024-03-15-to-2024-03-21,eur-27,uploaders,all,9805,40184,24.40025880947641,True
monarch-legacy-of-monsters-101,18,2024-03-15-to-2024-03-21,eur-27,uploaders,without-hosting,6528,25932,25.173530772790375,True
monarch-legacy-of-monsters-101,18,2024-03-15-to-2024-03-21,usa-can,downloaders,all,122630,1226887,9.995215533296873,True
monarch-legacy-of-monsters-101,18,2024-03-15-to-2024-03-21,usa-can,downloaders,without-hosting,69986,1032875,6.77584412441002,True
monarch-legacy-of-monsters-101,18,2024-03-15-to-2024-03-21,usa-can,uploaders,all,12236,40184,30.44993032052558,True
monarch-legacy-of-monsters-101,18,2024-03-15-to-2024-03-21,usa-can,uploaders,without-hosting,3712,25932,14.314360635508253,True
monarch-legacy-of-monsters-101,19,2024-03-22-to-2024-03-28,JPN,downloaders,all,18682,1118075,1.6709075867003556,True
monarch-legacy-of-monsters-101,19,2024-03-22-to-2024-03-28,JPN,downloaders,without-hosting,16877,929059,1.8165692383368548,True
monarch-legacy-of-monsters-101,19,2024-03-22-to-2024-03-28,JPN,uploaders,all,202,40308,0.5011412126624988,True
monarch-legacy-of-monsters-101,19,2024-03-22-to-2024-03-28,JPN,uploaders,without-hosting,91,25663,0.35459611113275924,True
monarch-legacy-of-monsters-101,19,2024-03-22-to-2024-03-28,USA,downloaders,all,83249,1118075,7.445743800728931,True
monarch-legacy-of-monsters-101,19,2024-03-22-to-2024-03-28,USA,downloaders,without-hosting,43357,929059,4.666764974022102,True
monarch-legacy-of-monsters-101,19,2024-03-22-to-2024-03-28,USA,uploaders,all,8688,40308,21.554033938672223,True
monarch-legacy-of-monsters-101,19,2024-03-22-to-2024-03-28,USA,uploaders,without-hosting,1952,25663,7.60628141682578,True
monarch-legacy-of-monsters-101,19,2024-03-22-to-2024-03-28,CHN,downloaders,all,67641,1118075,6.049773047425262,True
monarch-legacy-of-monsters-101,19,2024-03-22-to-2024-03-28,CHN,downloaders,without-hosting,63676,929059,6.85381660368179,True
monarch-legacy-of-monsters-101,19,2024-03-22-to-2024-03-28,CHN,uploaders,all,2164,40308,5.368661307928947,True
monarch-legacy-of-monsters-101,19,2024-03-22-to-2024-03-28,CHN,uploaders,without-hosting,1738,25663,6.772396056579511,True
monarch-legacy-of-monsters-101,19,2024-03-22-to-2024-03-28,KOR,downloaders,all,123796,1118075,11.072244706303245,True
monarch-legacy-of-monsters-101,19,2024-03-22-to-2024-03-28,KOR,downloaders,without-hosting,120121,929059,12.929318805371887,True
monarch-legacy-of-monsters-101,19,2024-03-22-to-2024-03-28,KOR,uploaders,all,203,40308,0.5036221097548874,True
monarch-legacy-of-monsters-101,19,2024-03-22-to-2024-03-28,KOR,uploaders,without-hosting,190,25663,0.7403655067607061,True
monarch-legacy-of-monsters-101,19,2024-03-22-to-2024-03-28,asia-28,downloaders,all,251636,1118075,22.506182501173893,True
monarch-legacy-of-monsters-101,19,2024-03-22-to-2024-03-28,asia-28,downloaders,without-hosting,237679,929059,25.582767079378165,True
monarch-legacy-of-monsters-101,19,2024-03-22-to-2024-03-28,asia-28,uploaders,all,6829,40308,16.9420462439218,True
monarch-legacy-of-monsters-101,19,2024-03-22-to-2024-03-28,asia-28,uploaders,without-hosting,5833,25663,22.729221057553676,True
monarch-legacy-of-monsters-101,19,2024-03-22-to-2024-03-28,eur-27,downloaders,all,267834,1118075,23.954922523086555,True
monarch-legacy-of-monsters-101,19,2024-03-22-to-2024-03-28,eur-27,downloaders,without-hosting,171553,929059,18.46524278867112,True
monarch-legacy-of-monsters-101,19,2024-03-22-to-2024-03-28,eur-27,uploaders,all,9976,40308,24.749429393668752,True
monarch-legacy-of-monsters-101,19,2024-03-22-to-2024-03-28,eur-27,uploaders,without-hosting,6665,25663,25.971242645053188,True
monarch-legacy-of-monsters-101,19,2024-03-22-to-2024-03-28,usa-can,downloaders,all,116596,1118075,10.428280750396887,True
monarch-legacy-of-monsters-101,19,2024-03-22-to-2024-03-28,usa-can,downloaders,without-hosting,64257,929059,6.916352998033494,True
monarch-legacy-of-monsters-101,19,2024-03-22-to-2024-03-28,usa-can,uploaders,all,12808,40308,31.77532995931329,True
monarch-legacy-of-monsters-101,19,2024-03-22-to-2024-03-28,usa-can,uploaders,without-hosting,3890,25663,15.158009585784983,True
monarch-legacy-of-monsters-101,20,2024-03-29-to-2024-04-04,JPN,downloaders,all,8162,815356,1.00103513066685,False
monarch-legacy-of-monsters-101,20,2024-03-29-to-2024-04-04,JPN,downloaders,without-hosting,7111,701649,1.013469697811869,False
monarch-legacy-of-monsters-101,20,2024-03-29-to-2024-04-04,JPN,uploaders,all,164,37444,0.43798739450913365,False
monarch-legacy-of-monsters-101,20,2024-03-29-to-2024-04-04,JPN,uploaders,without-hosting,59,24028,0.24554686199433995,False
monarch-legacy-of-monsters-101,20,2024-03-29-to-2024-04-04,USA,downloaders,all,59002,815356,7.236348294487316,False
monarch-legacy-of-monsters-101,20,2024-03-29-to-2024-04-04,USA,downloaders,without-hosting,29494,701649,4.20352626455678,False
monarch-legacy-of-monsters-101,20,2024-03-29-to-2024-04-04,USA,uploaders,all,7686,37444,20.526653135348788,False
monarch-legacy-of-monsters-101,20,2024-03-29-to-2024-04-04,USA,uploaders,without-hosting,1806,24028,7.516231063758948,False
monarch-legacy-of-monsters-101,20,2024-03-29-to-2024-04-04,CHN,downloaders,all,32988,815356,4.04584009929405,False
monarch-legacy-of-monsters-101,20,2024-03-29-to-2024-04-04,CHN,downloaders,without-hosting,31017,701649,4.420586361556847,False
monarch-legacy-of-monsters-101,20,2024-03-29-to-2024-04-04,CHN,uploaders,all,2547,37444,6.802157889114411,False
monarch-legacy-of-monsters-101,20,2024-03-29-to-2024-04-04,CHN,uploaders,without-hosting,2253,24028,9.376560679207591,False
monarch-legacy-of-monsters-101,20,2024-03-29-to-2024-04-04,KOR,downloaders,all,48761,815356,5.980332517329853,False
monarch-legacy-of-monsters-101,20,2024-03-29-to-2024-04-04,KOR,downloaders,without-hosting,47349,701649,6.74824591783071,False
monarch-legacy-of-monsters-101,20,2024-03-29-to-2024-04-04,KOR,uploaders,all,180,37444,0.4807178720222198,False
monarch-legacy-of-monsters-101,20,2024-03-29-to-2024-04-04,KOR,uploaders,without-hosting,167,24028,0.6950224737805893,False
monarch-legacy-of-monsters-101,20,2024-03-29-to-2024-04-04,asia-28,downloaders,all,118596,815356,14.545302910630449,False
monarch-legacy-of-monsters-101,20,2024-03-29-to-2024-04-04,asia-28,downloaders,without-hosting,111072,701649,15.830137290867656,False
monarch-legacy-of-monsters-101,20,2024-03-29-to-2024-04-04,asia-28,uploaders,all,6959,37444,18.585087063347935,False
monarch-legacy-of-monsters-101,20,2024-03-29-to-2024-04-04,asia-28,uploaders,without-hosting,6086,24028,25.328783086399202,False
monarch-legacy-of-monsters-101,20,2024-03-29-to-2024-04-04,eur-27,downloaders,all,243861,815356,29.908530752211306,False
monarch-legacy-of-monsters-101,20,2024-03-29-to-2024-04-04,eur-27,downloaders,without-hosting,192726,701649,27.467579943818063,False
monarch-legacy-of-monsters-101,20,2024-03-29-to-2024-04-04,eur-27,uploaders,all,8963,37444,23.93707937186198,False
monarch-legacy-of-monsters-101,20,2024-03-29-to-2024-04-04,eur-27,uploaders,without-hosting,5898,24028,24.54636257699351,False
monarch-legacy-of-monsters-101,20,2024-03-29-to-2024-04-04,usa-can,downloaders,all,81684,815356,10.018200638739398,False
monarch-legacy-of-monsters-101,20,2024-03-29-to-2024-04-04,usa-can,downloaders,without-hosting,43163,701649,6.151651324237617,False
monarch-legacy-of-monsters-101,20,2024-03-29-to-2024-04-04,usa-can,uploaders,all,11977,37444,31.986433073389595,False
monarch-legacy-of-monsters-101,20,2024-03-29-to-2024-04-04,usa-can,uploaders,without-hosting,3822,24028,15.906442483768936,False
monarch-legacy-of-monsters-101,21,2024-04-05-to-2024-04-11,JPN,downloaders,all,8651,868197,0.9964328372477675,True
monarch-legacy-of-monsters-101,21,2024-04-05-to-2024-04-11,JPN,downloaders,without-hosting,7565,758996,0.9967114451196054,True
monarch-legacy-of-monsters-101,21,2024-04-05-to-2024-04-11,JPN,uploaders,all,178,33206,0.5360477022224899,True
monarch-legacy-of-monsters-101,21,2024-04-05-to-2024-04-11,JPN,uploaders,without-hosting,66,23060,0.2862098872506505,True
monarch-legacy-of-monsters-101,21,2024-04-05-to-2024-04-11,USA,downloaders,all,55209,868197,6.359040632483181,True
monarch-legacy-of-monsters-101,21,2024-04-05-to-2024-04-11,USA,downloaders,without-hosting,32597,758996,4.29475254151537,True
monarch-legacy-of-monsters-101,21,2024-04-05-to-2024-04-11,USA,uploaders,all,4610,33206,13.883033186773474,True
monarch-legacy-of-monsters-101,21,2024-04-05-to-2024-04-11,USA,uploaders,without-hosting,1851,23060,8.026886383347788,True
monarch-legacy-of-monsters-101,21,2024-04-05-to-2024-04-11,CHN,downloaders,all,31566,868197,3.6358107664504713,True
monarch-legacy-of-monsters-101,21,2024-04-05-to-2024-04-11,CHN,downloaders,without-hosting,29579,758996,3.8971219874676546,True
monarch-legacy-of-monsters-101,21,2024-04-05-to-2024-04-11,CHN,uploaders,all,2303,33206,6.935493585496597,True
monarch-legacy-of-monsters-101,21,2024-04-05-to-2024-04-11,CHN,uploaders,without-hosting,1961,23060,8.503902862098872,True
monarch-legacy-of-monsters-101,21,2024-04-05-to-2024-04-11,KOR,downloaders,all,49767,868197,5.73222436843251,True
monarch-legacy-of-monsters-101,21,2024-04-05-to-2024-04-11,KOR,downloaders,without-hosting,48362,758996,6.37183858676462,True
monarch-legacy-of-monsters-101,21,2024-04-05-to-2024-04-11,KOR,uploaders,all,160,33206,0.4818406312112269,True
monarch-legacy-of-monsters-101,21,2024-04-05-to-2024-04-11,KOR,uploaders,without-hosting,139,23060,0.6027753686036427,True
monarch-legacy-of-monsters-101,21,2024-04-05-to-2024-04-11,asia-28,downloaders,all,117893,868197,13.579060973488735,True
monarch-legacy-of-monsters-101,21,2024-04-05-to-2024-04-11,asia-28,downloaders,without-hosting,110607,758996,14.572804072748736,True
monarch-legacy-of-monsters-101,21,2024-04-05-to-2024-04-11,asia-28,uploaders,all,6348,33206,19.117027043305427,True
monarch-legacy-of-monsters-101,21,2024-04-05-to-2024-04-11,asia-28,uploaders,without-hosting,5474,23060,23.73807458803122,True
monarch-legacy-of-monsters-101,21,2024-04-05-to-2024-04-11,eur-27,downloaders,all,251436,868197,28.960708226358765,True
monarch-legacy-of-monsters-101,21,2024-04-05-to-2024-04-11,eur-27,downloaders,without-hosting,198297,758996,26.126224644135146,True
monarch-legacy-of-monsters-101,21,2024-04-05-to-2024-04-11,eur-27,uploaders,all,8805,33206,26.516292236342828,True
monarch-legacy-of-monsters-101,21,2024-04-05-to-2024-04-11,eur-27,uploaders,without-hosting,5783,23060,25.07805724197745,True
monarch-legacy-of-monsters-101,21,2024-04-05-to-2024-04-11,usa-can,downloaders,all,78561,868197,9.04875276003027,True
monarch-legacy-of-monsters-101,21,2024-04-05-to-2024-04-11,usa-can,downloaders,without-hosting,46906,758996,6.1800062187416005,True
monarch-legacy-of-monsters-101,21,2024-04-05-to-2024-04-11,usa-can,uploaders,all,8756,33206,26.36872854303439,True
monarch-legacy-of-monsters-101,21,2024-04-05-to-2024-04-11,usa-can,uploaders,without-hosting,3823,23060,16.57849089332177,True
monarch-legacy-of-monsters-101,22,2024-04-12-to-2024-04-18,JPN,downloaders,all,13207,931983,1.4170859339708985,True
monarch-legacy-of-monsters-101,22,2024-04-12-to-2024-04-18,JPN,downloaders,without-hosting,11674,795408,1.4676744513507534,True
monarch-legacy-of-monsters-101,22,2024-04-12-to-2024-04-18,JPN,uploaders,all,153,31971,0.478558693816271,True
monarch-legacy-of-monsters-101,22,2024-04-12-to-2024-04-18,JPN,uploaders,without-hosting,60,21968,0.27312454479242537,True
monarch-legacy-of-monsters-101,22,2024-04-12-to-2024-04-18,USA,downloaders,all,62249,931983,6.679199084103465,True
monarch-legacy-of-monsters-101,22,2024-04-12-to-2024-04-18,USA,downloaders,without-hosting,34872,795408,4.384165107718303,True
monarch-legacy-of-monsters-101,22,2024-04-12-to-2024-04-18,USA,uploaders,all,4546,31971,14.21913609208345,True
monarch-legacy-of-monsters-101,22,2024-04-12-to-2024-04-18,USA,uploaders,without-hosting,1709,21968,7.779497450837582,True
monarch-legacy-of-monsters-101,22,2024-04-12-to-2024-04-18,CHN,downloaders,all,42679,931983,4.5793753748727175,True
monarch-legacy-of-monsters-101,22,2024-04-12-to-2024-04-18,CHN,downloaders,without-hosting,39651,795408,4.984988835918171,True
monarch-legacy-of-monsters-101,22,2024-04-12-to-2024-04-18,CHN,uploaders,all,1874,31971,5.861562040599293,True
monarch-legacy-of-monsters-101,22,2024-04-12-to-2024-04-18,CHN,uploaders,without-hosting,1426,21968,6.491260014566643,True
monarch-legacy-of-monsters-101,22,2024-04-12-to-2024-04-18,KOR,downloaders,all,74557,931983,7.999824031125031,True
monarch-legacy-of-monsters-101,22,2024-04-12-to-2024-04-18,KOR,downloaders,without-hosting,72478,795408,9.112053185283527,True
monarch-legacy-of-monsters-101,22,2024-04-12-to-2024-04-18,KOR,uploaders,all,148,31971,0.4629195208157393,True
monarch-legacy-of-monsters-101,22,2024-04-12-to-2024-04-18,KOR,uploaders,without-hosting,134,21968,0.6099781500364166,True
monarch-legacy-of-monsters-101,22,2024-04-12-to-2024-04-18,asia-28,downloaders,all,164320,931983,17.63122288711275,True
monarch-legacy-of-monsters-101,22,2024-04-12-to-2024-04-18,asia-28,downloaders,without-hosting,154248,795408,19.392311870134574,True
monarch-legacy-of-monsters-101,22,2024-04-12-to-2024-04-18,asia-28,uploaders,all,5801,31971,18.144568515216914,True
monarch-legacy-of-monsters-101,22,2024-04-12-to-2024-04-18,asia-28,uploaders,without-hosting,4864,21968,22.141296431172616,True
monarch-legacy-of-monsters-101,22,2024-04-12-to-2024-04-18,eur-27,downloaders,all,245207,931983,26.310243856379355,True
monarch-legacy-of-monsters-101,22,2024-04-12-to-2024-04-18,eur-27,downloaders,without-hosting,175720,795408,22.09180697201939,True
monarch-legacy-of-monsters-101,22,2024-04-12-to-2024-04-18,eur-27,uploaders,all,8471,31971,26.49588689750086,True
monarch-legacy-of-monsters-101,22,2024-04-12-to-2024-04-18,eur-27,uploaders,without-hosting,5491,21968,24.995447924253458,True
monarch-legacy-of-monsters-101,22,2024-04-12-to-2024-04-18,usa-can,downloaders,all,88812,931983,9.52935836812474,True
monarch-legacy-of-monsters-101,22,2024-04-12-to-2024-04-18,usa-can,downloaders,without-hosting,51673,795408,6.496414418763703,True
monarch-legacy-of-monsters-101,22,2024-04-12-to-2024-04-18,usa-can,uploaders,all,8332,31971,26.061117888086077,True
monarch-legacy-of-monsters-101,22,2024-04-12-to-2024-04-18,usa-can,uploaders,without-hosting,3527,21968,16.05517115804807,True
monarch-legacy-of-monsters-101,23,2024-04-19-to-2024-04-25,JPN,downloaders,all,8891,925288,0.960890014784586,True
monarch-legacy-of-monsters-101,23,2024-04-19-to-2024-04-25,JPN,downloaders,without-hosting,7720,802342,0.9621832086566576,True
monarch-legacy-of-monsters-101,23,2024-04-19-to-2024-04-25,JPN,uploaders,all,167,33192,0.5031332851289467,True
monarch-legacy-of-monsters-101,23,2024-04-19-to-2024-04-25,JPN,uploaders,without-hosting,65,19361,0.3357264604101028,True
monarch-legacy-of-monsters-101,23,2024-04-19-to-2024-04-25,USA,downloaders,all,70218,925288,7.588772360605563,True
monarch-legacy-of-monsters-101,23,2024-04-19-to-2024-04-25,USA,downloaders,without-hosting,31967,802342,3.9842112216486236,True
monarch-legacy-of-monsters-101,23,2024-04-19-to-2024-04-25,USA,uploaders,all,9159,33192,27.593998553868403,True
monarch-legacy-of-monsters-101,23,2024-04-19-to-2024-04-25,USA,uploaders,without-hosting,1599,19361,8.258870926088528,True
monarch-legacy-of-monsters-101,23,2024-04-19-to-2024-04-25,CHN,downloaders,all,28474,925288,3.0773121449754024,True
monarch-legacy-of-monsters-101,23,2024-04-19-to-2024-04-25,CHN,downloaders,without-hosting,26287,802342,3.276283679528181,True
monarch-legacy-of-monsters-101,23,2024-04-19-to-2024-04-25,CHN,uploaders,all,1634,33192,4.922872981441311,True
monarch-legacy-of-monsters-101,23,2024-04-19-to-2024-04-25,CHN,uploaders,without-hosting,1205,19361,6.223852073756521,True
monarch-legacy-of-monsters-101,23,2024-04-19-to-2024-04-25,KOR,downloaders,all,47920,925288,5.17892807428606,True
monarch-legacy-of-monsters-101,23,2024-04-19-to-2024-04-25,KOR,downloaders,without-hosting,46588,802342,5.8065014669554875,True
monarch-legacy-of-monsters-101,23,2024-04-19-to-2024-04-25,KOR,uploaders,all,133,33192,0.40069896360568813,True
monarch-legacy-of-monsters-101,23,2024-04-19-to-2024-04-25,KOR,uploaders,without-hosting,116,19361,0.5991426062703373,True
monarch-legacy-of-monsters-101,23,2024-04-19-to-2024-04-25,asia-28,downloaders,all,111761,925288,12.078509609980893,True
monarch-legacy-of-monsters-101,23,2024-04-19-to-2024-04-25,asia-28,downloaders,without-hosting,104239,802342,12.991841384347323,True
monarch-legacy-of-monsters-101,23,2024-04-19-to-2024-04-25,asia-28,uploaders,all,4981,33192,15.006628103157388,True
monarch-legacy-of-monsters-101,23,2024-04-19-to-2024-04-25,asia-28,uploaders,without-hosting,4047,19361,20.902845927379783,True
monarch-legacy-of-monsters-101,23,2024-04-19-to-2024-04-25,eur-27,downloaders,all,263902,925288,28.521065873544238,True
monarch-legacy-of-monsters-101,23,2024-04-19-to-2024-04-25,eur-27,downloaders,without-hosting,212418,802342,26.474745183475378,True
monarch-legacy-of-monsters-101,23,2024-04-19-to-2024-04-25,eur-27,uploaders,all,7697,33192,23.189322728368282,True
monarch-legacy-of-monsters-101,23,2024-04-19-to-2024-04-25,eur-27,uploaders,without-hosting,5070,19361,26.186663911988017,True
monarch-legacy-of-monsters-101,23,2024-04-19-to-2024-04-25,usa-can,downloaders,all,93390,925288,10.093073724072937,True
monarch-legacy-of-monsters-101,23,2024-04-19-to-2024-04-25,usa-can,downloaders,without-hosting,46132,802342,5.749667847376805,True
monarch-legacy-of-monsters-101,23,2024-04-19-to-2024-04-25,usa-can,uploaders,all,12295,33192,37.042058327307785,True
monarch-legacy-of-monsters-101,23,2024-04-19-to-2024-04-25,usa-can,uploaders,without-hosting,3148,19361,16.25949072878467,True
monarch-legacy-of-monsters-101,24,2024-04-26-to-2024-05-02,JPN,downloaders,all,13333,1037833,1.284696092723974,True
monarch-legacy-of-monsters-101,24,2024-04-26-to-2024-05-02,JPN,downloaders,without-hosting,11943,885773,1.3483138456466837,True
monarch-legacy-of-monsters-101,24,2024-04-26-to-2024-05-02,JPN,uploaders,all,133,31413,0.423391589469328,True
monarch-legacy-of-monsters-101,24,2024-04-26-to-2024-05-02,JPN,uploaders,without-hosting,60,18041,0.3325757995676515,True
monarch-legacy-of-monsters-101,24,2024-04-26-to-2024-05-02,USA,downloaders,all,80819,1037833,7.787283695931812,True
monarch-legacy-of-monsters-101,24,2024-04-26-to-2024-05-02,USA,downloaders,without-hosting,37515,885773,4.235283757802507,True
monarch-legacy-of-monsters-101,24,2024-04-26-to-2024-05-02,USA,uploaders,all,8930,31413,28.427721007226307,True
monarch-legacy-of-monsters-101,24,2024-04-26-to-2024-05-02,USA,uploaders,without-hosting,1576,18041,8.735657668643645,True
monarch-legacy-of-monsters-101,24,2024-04-26-to-2024-05-02,CHN,downloaders,all,41586,1037833,4.007003053477775,True
monarch-legacy-of-monsters-101,24,2024-04-26-to-2024-05-02,CHN,downloaders,without-hosting,38947,885773,4.396950460219492,True
monarch-legacy-of-monsters-101,24,2024-04-26-to-2024-05-02,CHN,uploaders,all,1283,31413,4.084296310444721,True
monarch-legacy-of-monsters-101,24,2024-04-26-to-2024-05-02,CHN,uploaders,without-hosting,1022,18041,5.664874452635663,True
monarch-legacy-of-monsters-101,24,2024-04-26-to-2024-05-02,KOR,downloaders,all,76726,1037833,7.392904253381806,True
monarch-legacy-of-monsters-101,24,2024-04-26-to-2024-05-02,KOR,downloaders,without-hosting,74523,885773,8.413329374455984,True
monarch-legacy-of-monsters-101,24,2024-04-26-to-2024-05-02,KOR,uploaders,all,129,31413,0.4106580078311527,True
monarch-legacy-of-monsters-101,24,2024-04-26-to-2024-05-02,KOR,uploaders,without-hosting,113,18041,0.6263510891857436,True
monarch-legacy-of-monsters-101,24,2024-04-26-to-2024-05-02,asia-28,downloaders,all,162972,1037833,15.703104449367094,True
monarch-legacy-of-monsters-101,24,2024-04-26-to-2024-05-02,asia-28,downloaders,without-hosting,153687,885773,17.350607887122322,True
monarch-legacy-of-monsters-101,24,2024-04-26-to-2024-05-02,asia-28,uploaders,all,4301,31413,13.691783656447967,True
monarch-legacy-of-monsters-101,24,2024-04-26-to-2024-05-02,asia-28,uploaders,without-hosting,3675,18041,20.37026772351865,True
monarch-legacy-of-monsters-101,24,2024-04-26-to-2024-05-02,eur-27,downloaders,all,274327,1037833,26.432672693969067,True
monarch-legacy-of-monsters-101,24,2024-04-26-to-2024-05-02,eur-27,downloaders,without-hosting,204675,885773,23.106935975695805,True
monarch-legacy-of-monsters-101,24,2024-04-26-to-2024-05-02,eur-27,uploaders,all,7385,31413,23.509375099481108,True
monarch-legacy-of-monsters-101,24,2024-04-26-to-2024-05-02,eur-27,uploaders,without-hosting,4800,18041,26.606063965412115,True
monarch-legacy-of-monsters-101,24,2024-04-26-to-2024-05-02,usa-can,downloaders,all,106896,1037833,10.29992301266196,True
monarch-legacy-of-monsters-101,24,2024-04-26-to-2024-05-02,usa-can,downloaders,without-hosting,53789,885773,6.072549061667041,True
monarch-legacy-of-monsters-101,24,2024-04-26-to-2024-05-02,usa-can,uploaders,all,12287,31413,39.11437939706491,True
monarch-legacy-of-monsters-101,24,2024-04-26-to-2024-05-02,usa-can,uploaders,without-hosting,3153,18041,17.476858267280083,True
monarch-legacy-of-monsters-101,25,2024-05-03-to-2024-05-09,JPN,downloaders,all,18249,1091178,1.6724127502570616,True
monarch-legacy-of-monsters-101,25,2024-05-03-to-2024-05-09,JPN,downloaders,without-hosting,16413,914800,1.7941626585045911,True
monarch-legacy-of-monsters-101,25,2024-05-03-to-2024-05-09,JPN,uploaders,all,153,29644,0.5161246795304277,True
monarch-legacy-of-monsters-101,25,2024-05-03-to-2024-05-09,JPN,uploaders,without-hosting,65,17153,0.378942459045065,True
monarch-legacy-of-monsters-101,25,2024-05-03-to-2024-05-09,USA,downloaders,all,82056,1091178,7.519946333228859,True
monarch-legacy-of-monsters-101,25,2024-05-03-to-2024-05-09,USA,downloaders,without-hosting,40309,914800,4.406318320944469,True
monarch-legacy-of-monsters-101,25,2024-05-03-to-2024-05-09,USA,uploaders,all,7960,29644,26.85197679125624,True
monarch-legacy-of-monsters-101,25,2024-05-03-to-2024-05-09,USA,uploaders,without-hosting,1476,17153,8.60490876231563,True
monarch-legacy-of-monsters-101,25,2024-05-03-to-2024-05-09,CHN,downloaders,all,59869,1091178,5.486639210101377,True
monarch-legacy-of-monsters-101,25,2024-05-03-to-2024-05-09,CHN,downloaders,without-hosting,56247,914800,6.14855706165282,True
monarch-legacy-of-monsters-101,25,2024-05-03-to-2024-05-09,CHN,uploaders,all,1264,29644,4.263931992983403,True
monarch-legacy-of-monsters-101,25,2024-05-03-to-2024-05-09,CHN,uploaders,without-hosting,1049,17153,6.115548300588818,True
monarch-legacy-of-monsters-101,25,2024-05-03-to-2024-05-09,KOR,downloaders,all,105782,1091178,9.694293689938764,True
monarch-legacy-of-monsters-101,25,2024-05-03-to-2024-05-09,KOR,downloaders,without-hosting,102709,914800,11.227481416703105,True
monarch-legacy-of-monsters-101,25,2024-05-03-to-2024-05-09,KOR,uploaders,all,129,29644,0.43516394548643905,True
monarch-legacy-of-monsters-101,25,2024-05-03-to-2024-05-09,KOR,uploaders,without-hosting,124,17153,0.7229056141782778,True
monarch-legacy-of-monsters-101,25,2024-05-03-to-2024-05-09,asia-28,downloaders,all,221639,1091178,20.311901449626,True
monarch-legacy-of-monsters-101,25,2024-05-03-to-2024-05-09,asia-28,downloaders,without-hosting,209519,914800,22.903257542632268,True
monarch-legacy-of-monsters-101,25,2024-05-03-to-2024-05-09,asia-28,uploaders,all,4082,29644,13.770071515315072,True
monarch-legacy-of-monsters-101,25,2024-05-03-to-2024-05-09,asia-28,uploaders,without-hosting,3500,17153,20.404593948580423,True
monarch-legacy-of-monsters-101,25,2024-05-03-to-2024-05-09,eur-27,downloaders,all,241375,1091178,22.12058894149259,True
monarch-legacy-of-monsters-101,25,2024-05-03-to-2024-05-09,eur-27,downloaders,without-hosting,153341,914800,16.762243113248797,True
monarch-legacy-of-monsters-101,25,2024-05-03-to-2024-05-09,eur-27,uploaders,all,6981,29644,23.549453515045204,True
monarch-legacy-of-monsters-101,25,2024-05-03-to-2024-05-09,eur-27,uploaders,without-hosting,4466,17153,26.03626187838862,True
monarch-legacy-of-monsters-101,25,2024-05-03-to-2024-05-09,usa-can,downloaders,all,110905,1091178,10.163786293345357,True
monarch-legacy-of-monsters-101,25,2024-05-03-to-2024-05-09,usa-can,downloaders,without-hosting,58392,914800,6.383034543069523,True
monarch-legacy-of-monsters-101,25,2024-05-03-to-2024-05-09,usa-can,uploaders,all,11536,29644,38.915126163810555,True
monarch-legacy-of-monsters-101,25,2024-05-03-to-2024-05-09,usa-can,uploaders,without-hosting,3121,17153,18.19506791814843,True
monarch-legacy-of-monsters-101,26,2024-05-10-to-2024-05-16,JPN,downloaders,all,16695,1143282,1.4602696447595607,True
monarch-legacy-of-monsters-101,26,2024-05-10-to-2024-05-16,JPN,downloaders,without-hosting,14916,979783,1.522377914293267,True
monarch-legacy-of-monsters-101,26,2024-05-10-to-2024-05-16,JPN,uploaders,all,173,28007,0.6177027171778484,True
monarch-legacy-of-monsters-101,26,2024-05-10-to-2024-05-16,JPN,uploaders,without-hosting,64,17089,0.37450991866112704,True
monarch-legacy-of-monsters-101,26,2024-05-10-to-2024-05-16,USA,downloaders,all,86222,1143282,7.541621402243716,True
monarch-legacy-of-monsters-101,26,2024-05-10-to-2024-05-16,USA,downloaders,without-hosting,48008,979783,4.899860479310215,True
monarch-legacy-of-monsters-101,26,2024-05-10-to-2024-05-16,USA,uploaders,all,6501,28007,23.212054129324812,True
monarch-legacy-of-monsters-101,26,2024-05-10-to-2024-05-16,USA,uploaders,without-hosting,1541,17089,9.01749663526245,True
monarch-legacy-of-monsters-101,26,2024-05-10-to-2024-05-16,CHN,downloaders,all,54959,1143282,4.807125451113548,True
monarch-legacy-of-monsters-101,26,2024-05-10-to-2024-05-16,CHN,downloaders,without-hosting,51704,979783,5.2770868651527945,True
monarch-legacy-of-monsters-101,26,2024-05-10-to-2024-05-16,CHN,uploaders,all,1508,28007,5.384368193665869,True
monarch-legacy-of-monsters-101,26,2024-05-10-to-2024-05-16,CHN,uploaders,without-hosting,1218,17089,7.127391889519574,True
monarch-legacy-of-monsters-101,26,2024-05-10-to-2024-05-16,KOR,downloaders,all,97146,1143282,8.497116197053746,True
monarch-legacy-of-monsters-101,26,2024-05-10-to-2024-05-16,KOR,downloaders,without-hosting,94464,979783,9.641318536859693,True
monarch-legacy-of-monsters-101,26,2024-05-10-to-2024-05-16,KOR,uploaders,all,136,28007,0.4855928874924126,True
monarch-legacy-of-monsters-101,26,2024-05-10-to-2024-05-16,KOR,uploaders,without-hosting,127,17089,0.743168119843174,True
monarch-legacy-of-monsters-101,26,2024-05-10-to-2024-05-16,asia-28,downloaders,all,205099,1143282,17.939493493293867,True
monarch-legacy-of-monsters-101,26,2024-05-10-to-2024-05-16,asia-28,downloaders,without-hosting,193652,979783,19.764784651295237,True
monarch-legacy-of-monsters-101,26,2024-05-10-to-2024-05-16,asia-28,uploaders,all,4386,28007,15.660370621630307,True
monarch-legacy-of-monsters-101,26,2024-05-10-to-2024-05-16,asia-28,uploaders,without-hosting,3639,17089,21.29439990637252,True
monarch-legacy-of-monsters-101,26,2024-05-10-to-2024-05-16,eur-27,downloaders,all,286403,1143282,25.05094980940835,True
monarch-legacy-of-monsters-101,26,2024-05-10-to-2024-05-16,eur-27,downloaders,without-hosting,205480,979783,20.971990736724358,True
monarch-legacy-of-monsters-101,26,2024-05-10-to-2024-05-16,eur-27,uploaders,all,6722,28007,24.001142571499983,True
monarch-legacy-of-monsters-101,26,2024-05-10-to-2024-05-16,eur-27,uploaders,without-hosting,4310,17089,25.220902334835273,True
monarch-legacy-of-monsters-101,26,2024-05-10-to-2024-05-16,usa-can,downloaders,all,116775,1143282,10.214015439760269,True
monarch-legacy-of-monsters-101,26,2024-05-10-to-2024-05-16,usa-can,downloaders,without-hosting,67969,979783,6.937148327741959,True
monarch-legacy-of-monsters-101,26,2024-05-10-to-2024-05-16,usa-can,uploaders,all,9963,28007,35.57324954475667,True
monarch-legacy-of-monsters-101,26,2024-05-10-to-2024-05-16,usa-can,uploaders,without-hosting,3142,17089,18.386096319269704,True
monarch-legacy-of-monsters-110,1,2024-01-12-to-2024-01-18-partial,JPN,downloaders,all,4875,818674,0.5954751219655199,False
monarch-legacy-of-monsters-110,1,2024-01-12-to-2024-01-18-partial,JPN,downloaders,without-hosting,3762,655218,0.5741600505480619,False
monarch-legacy-of-monsters-110,1,2024-01-12-to-2024-01-18-partial,JPN,uploaders,all,1055,274411,0.38445980664040436,False
monarch-legacy-of-monsters-110,1,2024-01-12-to-2024-01-18-partial,JPN,uploaders,without-hosting,709,217677,0.32571194935615616,False
monarch-legacy-of-monsters-110,1,2024-01-12-to-2024-01-18-partial,USA,downloaders,all,87549,818674,10.694000298042933,False
monarch-legacy-of-monsters-110,1,2024-01-12-to-2024-01-18-partial,USA,downloaders,without-hosting,37433,655218,5.713060386008931,False
monarch-legacy-of-monsters-110,1,2024-01-12-to-2024-01-18-partial,USA,uploaders,all,30805,274411,11.225861937021476,False
monarch-legacy-of-monsters-110,1,2024-01-12-to-2024-01-18-partial,USA,uploaders,without-hosting,12835,217677,5.896351015495436,False
monarch-legacy-of-monsters-110,1,2024-01-12-to-2024-01-18-partial,CHN,downloaders,all,33295,818674,4.066942397095792,False
monarch-legacy-of-monsters-110,1,2024-01-12-to-2024-01-18-partial,CHN,downloaders,without-hosting,32304,655218,4.930267483494044,False
monarch-legacy-of-monsters-110,1,2024-01-12-to-2024-01-18-partial,CHN,uploaders,all,8943,274411,3.2589801429242997,False
monarch-legacy-of-monsters-110,1,2024-01-12-to-2024-01-18-partial,CHN,uploaders,without-hosting,8805,217677,4.044984081919542,False
monarch-legacy-of-monsters-110,1,2024-01-12-to-2024-01-18-partial,KOR,downloaders,all,22320,818674,2.726359943029826,False
monarch-legacy-of-monsters-110,1,2024-01-12-to-2024-01-18-partial,KOR,downloaders,without-hosting,21608,655218,3.297833698097427,False
monarch-legacy-of-monsters-110,1,2024-01-12-to-2024-01-18-partial,KOR,uploaders,all,2290,274411,0.8345146513805933,False
monarch-legacy-of-monsters-110,1,2024-01-12-to-2024-01-18-partial,KOR,uploaders,without-hosting,2215,217677,1.0175627190745922,False
monarch-legacy-of-monsters-110,1,2024-01-12-to-2024-01-18-partial,asia-28,downloaders,all,154812,818674,18.9100911962515,False
monarch-legacy-of-monsters-110,1,2024-01-12-to-2024-01-18-partial,asia-28,downloaders,without-hosting,145522,655218,22.20970730352341,False
monarch-legacy-of-monsters-110,1,2024-01-12-to-2024-01-18-partial,asia-28,uploaders,all,52306,274411,19.06118923804075,False
monarch-legacy-of-monsters-110,1,2024-01-12-to-2024-01-18-partial,asia-28,uploaders,without-hosting,49543,217677,22.75986898018624,False
monarch-legacy-of-monsters-110,1,2024-01-12-to-2024-01-18-partial,eur-27,downloaders,all,203090,818674,24.80718820922614,False
monarch-legacy-of-monsters-110,1,2024-01-12-to-2024-01-18-partial,eur-27,downloaders,without-hosting,147768,655218,22.552493979103136,False
monarch-legacy-of-monsters-110,1,2024-01-12-to-2024-01-18-partial,eur-27,uploaders,all,67231,274411,24.50011114714789,False
monarch-legacy-of-monsters-110,1,2024-01-12-to-2024-01-18-partial,eur-27,uploaders,without-hosting,50189,217677,23.056638965072104,False
monarch-legacy-of-monsters-110,1,2024-01-12-to-2024-01-18-partial,usa-can,downloaders,all,121816,818674,14.879671273302927,False
monarch-legacy-of-monsters-110,1,2024-01-12-to-2024-01-18-partial,usa-can,downloaders,without-hosting,56853,655218,8.676959424191644,False
monarch-legacy-of-monsters-110,1,2024-01-12-to-2024-01-18-partial,usa-can,uploaders,all,47587,274411,17.341505989191397,False
monarch-legacy-of-monsters-110,1,2024-01-12-to-2024-01-18-partial,usa-can,uploaders,without-hosting,22838,217677,10.49169181861198,False
monarch-legacy-of-monsters-110,2,2024-01-19-to-2024-01-25,JPN,downloaders,all,4036,658486,0.6129211554991298,True
monarch-legacy-of-monsters-110,2,2024-01-19-to-2024-01-25,JPN,downloaders,without-hosting,3216,552569,0.5820087627065579,True
monarch-legacy-of-monsters-110,2,2024-01-19-to-2024-01-25,JPN,uploaders,all,327,112590,0.29043431921129764,True
monarch-legacy-of-monsters-110,2,2024-01-19-to-2024-01-25,JPN,uploaders,without-hosting,187,88826,0.21052394569157679,True
monarch-legacy-of-monsters-110,2,2024-01-19-to-2024-01-25,USA,downloaders,all,53953,658486,8.193492344560097,True
monarch-legacy-of-monsters-110,2,2024-01-19-to-2024-01-25,USA,downloaders,without-hosting,24723,552569,4.474192363306664,True
monarch-legacy-of-monsters-110,2,2024-01-19-to-2024-01-25,USA,uploaders,all,11079,112590,9.840127897681855,True
monarch-legacy-of-monsters-110,2,2024-01-19-to-2024-01-25,USA,uploaders,without-hosting,4472,88826,5.034561952581451,True
monarch-legacy-of-monsters-110,2,2024-01-19-to-2024-01-25,CHN,downloaders,all,21366,658486,3.244715908918337,True
monarch-legacy-of-monsters-110,2,2024-01-19-to-2024-01-25,CHN,downloaders,without-hosting,20198,552569,3.655290108565627,True
monarch-legacy-of-monsters-110,2,2024-01-19-to-2024-01-25,CHN,uploaders,all,4512,112590,4.00746069810818,True
monarch-legacy-of-monsters-110,2,2024-01-19-to-2024-01-25,CHN,uploaders,without-hosting,4322,88826,4.86569247742778,True
monarch-legacy-of-monsters-110,2,2024-01-19-to-2024-01-25,KOR,downloaders,all,23374,658486,3.5496578514957036,True
monarch-legacy-of-monsters-110,2,2024-01-19-to-2024-01-25,KOR,downloaders,without-hosting,22592,552569,4.088539168863979,True
monarch-legacy-of-monsters-110,2,2024-01-19-to-2024-01-25,KOR,uploaders,all,863,112590,0.7664979127808864,True
monarch-legacy-of-monsters-110,2,2024-01-19-to-2024-01-25,KOR,uploaders,without-hosting,821,88826,0.9242789273410938,True
monarch-legacy-of-monsters-110,2,2024-01-19-to-2024-01-25,asia-28,downloaders,all,91266,658486,13.859975762582652,True
monarch-legacy-of-monsters-110,2,2024-01-19-to-2024-01-25,asia-28,downloaders,without-hosting,84651,552569,15.319534754935583,True
monarch-legacy-of-monsters-110,2,2024-01-19-to-2024-01-25,asia-28,uploaders,all,19066,112590,16.934008348876453,True
monarch-legacy-of-monsters-110,2,2024-01-19-to-2024-01-25,asia-28,uploaders,without-hosting,17788,88826,20.025668160223358,True
monarch-legacy-of-monsters-110,2,2024-01-19-to-2024-01-25,eur-27,downloaders,all,174041,658486,26.430478400451946,True
monarch-legacy-of-monsters-110,2,2024-01-19-to-2024-01-25,eur-27,downloaders,without-hosting,134673,552569,24.37215985695904,True
monarch-legacy-of-monsters-110,2,2024-01-19-to-2024-01-25,eur-27,uploaders,all,27087,112590,24.05808686384226,True
monarch-legacy-of-monsters-110,2,2024-01-19-to-2024-01-25,eur-27,uploaders,without-hosting,19511,88826,21.965415531488528,True
monarch-legacy-of-monsters-110,2,2024-01-19-to-2024-01-25,usa-can,downloaders,all,75124,658486,11.408594867620572,True
monarch-legacy-of-monsters-110,2,2024-01-19-to-2024-01-25,usa-can,downloaders,without-hosting,36530,552569,6.610939086340348,True
monarch-legacy-of-monsters-110,2,2024-01-19-to-2024-01-25,usa-can,uploaders,all,18696,112590,16.605382360778044,True
monarch-legacy-of-monsters-110,2,2024-01-19-to-2024-01-25,usa-can,uploaders,without-hosting,8424,88826,9.483709724630176,True
monarch-legacy-of-monsters-110,3,2024-01-26-to-2024-02-01-partial,JPN,downloaders,all,5331,685779,0.7773641362596405,False
monarch-legacy-of-monsters-110,3,2024-01-26-to-2024-02-01-partial,JPN,downloaders,without-hosting,4565,579896,0.7872101204353884,False
monarch-legacy-of-monsters-110,3,2024-01-26-to-2024-02-01-partial,JPN,uploaders,all,198,76179,0.2599141495687788,False
monarch-legacy-of-monsters-110,3,2024-01-26-to-2024-02-01-partial,JPN,uploaders,without-hosting,110,59944,0.1835046042973442,False
monarch-legacy-of-monsters-110,3,2024-01-26-to-2024-02-01-partial,USA,downloaders,all,53563,685779,7.8105337142140545,False
monarch-legacy-of-monsters-110,3,2024-01-26-to-2024-02-01-partial,USA,downloaders,without-hosting,25550,579896,4.4059624484390305,False
monarch-legacy-of-monsters-110,3,2024-01-26-to-2024-02-01-partial,USA,uploaders,all,7669,76179,10.067078853752346,False
monarch-legacy-of-monsters-110,3,2024-01-26-to-2024-02-01-partial,USA,uploaders,without-hosting,3275,59944,5.463432537034565,False
monarch-legacy-of-monsters-110,3,2024-01-26-to-2024-02-01-partial,CHN,downloaders,all,24680,685779,3.598827027365959,False
monarch-legacy-of-monsters-110,3,2024-01-26-to-2024-02-01-partial,CHN,downloaders,without-hosting,23016,579896,3.9689875425938443,False
monarch-legacy-of-monsters-110,3,2024-01-26-to-2024-02-01-partial,CHN,uploaders,all,2662,76179,3.4944013442024704,False
monarch-legacy-of-monsters-110,3,2024-01-26-to-2024-02-01-partial,CHN,uploaders,without-hosting,2474,59944,4.127185373014814,False
monarch-legacy-of-monsters-110,3,2024-01-26-to-2024-02-01-partial,KOR,downloaders,all,36243,685779,5.284938733906987,False
monarch-legacy-of-monsters-110,3,2024-01-26-to-2024-02-01-partial,KOR,downloaders,without-hosting,35088,579896,6.050740132713452,False
monarch-legacy-of-monsters-110,3,2024-01-26-to-2024-02-01-partial,KOR,uploaders,all,621,76179,0.8151852872838972,False
monarch-legacy-of-monsters-110,3,2024-01-26-to-2024-02-01-partial,KOR,uploaders,without-hosting,584,59944,0.9742426264513546,False
monarch-legacy-of-monsters-110,3,2024-01-26-to-2024-02-01-partial,asia-28,downloaders,all,102376,685779,14.928424463274611,False
monarch-legacy-of-monsters-110,3,2024-01-26-to-2024-02-01-partial,asia-28,downloaders,without-hosting,95432,579896,16.456743967883895,False
monarch-legacy-of-monsters-110,3,2024-01-26-to-2024-02-01-partial,asia-28,uploaders,all,12541,76179,16.46254217041442,False
monarch-legacy-of-monsters-110,3,2024-01-26-to-2024-02-01-partial,asia-28,uploaders,without-hosting,11602,59944,19.35473108234352,False
monarch-legacy-of-monsters-110,3,2024-01-26-to-2024-02-01-partial,eur-27,downloaders,all,179991,685779,26.24621051388275,False
monarch-legacy-of-monsters-110,3,2024-01-26-to-2024-02-01-partial,eur-27,downloaders,without-hosting,137260,579896,23.669761474471283,False
monarch-legacy-of-monsters-110,3,2024-01-26-to-2024-02-01-partial,eur-27,uploaders,all,17377,76179,22.810748368973076,False
monarch-legacy-of-monsters-110,3,2024-01-26-to-2024-02-01-partial,eur-27,uploaders,without-hosting,11946,59944,19.92860002669158,False
monarch-legacy-of-monsters-110,3,2024-01-26-to-2024-02-01-partial,usa-can,downloaders,all,74532,685779,10.868224311330618,False
monarch-legacy-of-monsters-110,3,2024-01-26-to-2024-02-01-partial,usa-can,downloaders,without-hosting,37546,579896,6.474609240277567,False
monarch-legacy-of-monsters-110,3,2024-01-26-to-2024-02-01-partial,usa-can,uploaders,all,12234,76179,16.059543968810303,False
monarch-legacy-of-monsters-110,3,2024-01-26-to-2024-02-01-partial,usa-can,uploaders,without-hosting,5621,59944,9.377085279594288,False
monarch-legacy-of-monsters-110,4,2024-02-02-to-2024-02-08,JPN,downloaders,all,6870,719296,0.955100542752914,True
monarch-legacy-of-monsters-110,4,2024-02-02-to-2024-02-08,JPN,downloaders,without-hosting,6039,613832,0.983819677045185,True
monarch-legacy-of-monsters-110,4,2024-02-02-to-2024-02-08,JPN,uploaders,all,157,59764,0.2626999531490529,True
monarch-legacy-of-monsters-110,4,2024-02-02-to-2024-02-08,JPN,uploaders,without-hosting,101,46495,0.21722765888805248,True
monarch-legacy-of-monsters-110,4,2024-02-02-to-2024-02-08,USA,downloaders,all,53549,719296,7.444640314974642,True
monarch-legacy-of-monsters-110,4,2024-02-02-to-2024-02-08,USA,downloaders,without-hosting,27661,613832,4.506281849105292,True
monarch-legacy-of-monsters-110,4,2024-02-02-to-2024-02-08,USA,uploaders,all,6402,59764,10.712134395288134,True
monarch-legacy-of-monsters-110,4,2024-02-02-to-2024-02-08,USA,uploaders,without-hosting,2783,46495,5.985589848370792,True
monarch-legacy-of-monsters-110,4,2024-02-02-to-2024-02-08,CHN,downloaders,all,29264,719296,4.068422457514013,True
monarch-legacy-of-monsters-110,4,2024-02-02-to-2024-02-08,CHN,downloaders,without-hosting,27306,613832,4.44844843540252,True
monarch-legacy-of-monsters-110,4,2024-02-02-to-2024-02-08,CHN,uploaders,all,2368,59764,3.9622515226557793,True
monarch-legacy-of-monsters-110,4,2024-02-02-to-2024-02-08,CHN,uploaders,without-hosting,2166,46495,4.658565437143779,True
monarch-legacy-of-monsters-110,4,2024-02-02-to-2024-02-08,KOR,downloaders,all,47694,719296,6.63064996885844,True
monarch-legacy-of-monsters-110,4,2024-02-02-to-2024-02-08,KOR,downloaders,without-hosting,46183,613832,7.523719845169362,True
monarch-legacy-of-monsters-110,4,2024-02-02-to-2024-02-08,KOR,uploaders,all,424,59764,0.709457198313366,True
monarch-legacy-of-monsters-110,4,2024-02-02-to-2024-02-08,KOR,uploaders,without-hosting,358,46495,0.7699752661576513,True
monarch-legacy-of-monsters-110,4,2024-02-02-to-2024-02-08,asia-28,downloaders,all,114986,719296,15.985908443811727,True
monarch-legacy-of-monsters-110,4,2024-02-02-to-2024-02-08,asia-28,downloaders,without-hosting,107434,613832,17.502183007728497,True
monarch-legacy-of-monsters-110,4,2024-02-02-to-2024-02-08,asia-28,uploaders,all,9359,59764,15.659929054280168,True
monarch-legacy-of-monsters-110,4,2024-02-02-to-2024-02-08,asia-28,uploaders,without-hosting,8538,46495,18.363264867190022,True
monarch-legacy-of-monsters-110,4,2024-02-02-to-2024-02-08,eur-27,downloaders,all,187036,719296,26.00264703265415,True
monarch-legacy-of-monsters-110,4,2024-02-02-to-2024-02-08,eur-27,downloaders,without-hosting,141279,613832,23.01590663243363,True
monarch-legacy-of-monsters-110,4,2024-02-02-to-2024-02-08,eur-27,uploaders,all,13411,59764,22.439930392878654,True
monarch-legacy-of-monsters-110,4,2024-02-02-to-2024-02-08,eur-27,uploaders,without-hosting,9101,46495,19.57414775782342,True
monarch-legacy-of-monsters-110,4,2024-02-02-to-2024-02-08,usa-can,downloaders,all,74855,719296,10.40670322092713,True
monarch-legacy-of-monsters-110,4,2024-02-02-to-2024-02-08,usa-can,downloaders,without-hosting,40179,613832,6.545602053982197,True
monarch-legacy-of-monsters-110,4,2024-02-02-to-2024-02-08,usa-can,uploaders,all,10467,59764,17.513887959306604,True
monarch-legacy-of-monsters-110,4,2024-02-02-to-2024-02-08,usa-can,uploaders,without-hosting,4827,46495,10.381761479729002,True
monarch-legacy-of-monsters-110,5,2024-02-09-to-2024-02-15,JPN,downloaders,all,5374,659303,0.8151032226457334,True
monarch-legacy-of-monsters-110,5,2024-02-09-to-2024-02-15,JPN,downloaders,without-hosting,4719,569898,0.828042912942316,True
monarch-legacy-of-monsters-110,5,2024-02-09-to-2024-02-15,JPN,uploaders,all,136,46815,0.29050517996368685,True
monarch-legacy-of-monsters-110,5,2024-02-09-to-2024-02-15,JPN,uploaders,without-hosting,75,35893,0.2089543922213245,True
monarch-legacy-of-monsters-110,5,2024-02-09-to-2024-02-15,USA,downloaders,all,44833,659303,6.800060063430623,True
monarch-legacy-of-monsters-110,5,2024-02-09-to-2024-02-15,USA,downloaders,without-hosting,23279,569898,4.0847660458538195,True
monarch-legacy-of-monsters-110,5,2024-02-09-to-2024-02-15,USA,uploaders,all,4869,46815,10.400512656199936,True
monarch-legacy-of-monsters-110,5,2024-02-09-to-2024-02-15,USA,uploaders,without-hosting,2151,35893,5.992811968907587,True
monarch-legacy-of-monsters-110,5,2024-02-09-to-2024-02-15,CHN,downloaders,all,22819,659303,3.461079351982321,True
monarch-legacy-of-monsters-110,5,2024-02-09-to-2024-02-15,CHN,downloaders,without-hosting,20970,569898,3.67960582420012,True
monarch-legacy-of-monsters-110,5,2024-02-09-to-2024-02-15,CHN,uploaders,all,1644,46815,3.511694969561038,True
monarch-legacy-of-monsters-110,5,2024-02-09-to-2024-02-15,CHN,uploaders,without-hosting,1388,35893,3.8670492853759786,True
monarch-legacy-of-monsters-110,5,2024-02-09-to-2024-02-15,KOR,downloaders,all,36889,659303,5.595151243055166,True
monarch-legacy-of-monsters-110,5,2024-02-09-to-2024-02-15,KOR,downloaders,without-hosting,35736,569898,6.270595790825727,True
monarch-legacy-of-monsters-110,5,2024-02-09-to-2024-02-15,KOR,uploaders,all,374,46815,0.7988892449001388,True
monarch-legacy-of-monsters-110,5,2024-02-09-to-2024-02-15,KOR,uploaders,without-hosting,316,35893,0.8803945058925139,True
monarch-legacy-of-monsters-110,5,2024-02-09-to-2024-02-15,asia-28,downloaders,all,90906,659303,13.788197535882592,True
monarch-legacy-of-monsters-110,5,2024-02-09-to-2024-02-15,asia-28,downloaders,without-hosting,84222,569898,14.778434035564258,True
monarch-legacy-of-monsters-110,5,2024-02-09-to-2024-02-15,asia-28,uploaders,all,6836,46815,14.60215742817473,True
monarch-legacy-of-monsters-110,5,2024-02-09-to-2024-02-15,asia-28,uploaders,without-hosting,6009,35893,16.74142590477252,True
monarch-legacy-of-monsters-110,5,2024-02-09-to-2024-02-15,eur-27,downloaders,all,185101,659303,28.075255231661316,True
monarch-legacy-of-monsters-110,5,2024-02-09-to-2024-02-15,eur-27,downloaders,without-hosting,146324,569898,25.675471751085283,True
monarch-legacy-of-monsters-110,5,2024-02-09-to-2024-02-15,eur-27,uploaders,all,11414,46815,24.381074441952364,True
monarch-legacy-of-monsters-110,5,2024-02-09-to-2024-02-15,eur-27,uploaders,without-hosting,7842,35893,21.84827125066169,True
monarch-legacy-of-monsters-110,5,2024-02-09-to-2024-02-15,usa-can,downloaders,all,63517,659303,9.6339619264587,True
monarch-legacy-of-monsters-110,5,2024-02-09-to-2024-02-15,usa-can,downloaders,without-hosting,34282,569898,6.0154624160814745,True
monarch-legacy-of-monsters-110,5,2024-02-09-to-2024-02-15,usa-can,uploaders,all,8354,46815,17.84470789276941,True
monarch-legacy-of-monsters-110,5,2024-02-09-to-2024-02-15,usa-can,uploaders,without-hosting,3829,35893,10.667818237539352,True
monarch-legacy-of-monsters-110,6,2024-02-16-to-2024-02-22,JPN,downloaders,all,7575,720799,1.050917107265687,True
monarch-legacy-of-monsters-110,6,2024-02-16-to-2024-02-22,JPN,downloaders,without-hosting,6708,620313,1.081389556562574,True
monarch-legacy-of-monsters-110,6,2024-02-16-to-2024-02-22,JPN,uploaders,all,88,30154,0.29183524573854214,True
monarch-legacy-of-monsters-110,6,2024-02-16-to-2024-02-22,JPN,uploaders,without-hosting,46,23819,0.1931231369914774,True
monarch-legacy-of-monsters-110,6,2024-02-16-to-2024-02-22,USA,downloaders,all,50772,720799,7.043849949847322,True
monarch-legacy-of-monsters-110,6,2024-02-16-to-2024-02-22,USA,downloaders,without-hosting,28659,620313,4.620086956101194,True
monarch-legacy-of-monsters-110,6,2024-02-16-to-2024-02-22,USA,uploaders,all,2806,30154,9.305564767526697,True
monarch-legacy-of-monsters-110,6,2024-02-16-to-2024-02-22,USA,uploaders,without-hosting,1330,23819,5.583777656492716,True
monarch-legacy-of-monsters-110,6,2024-02-16-to-2024-02-22,CHN,downloaders,all,31557,720799,4.378058238149609,True
monarch-legacy-of-monsters-110,6,2024-02-16-to-2024-02-22,CHN,downloaders,without-hosting,29904,620313,4.820792083996305,True
monarch-legacy-of-monsters-110,6,2024-02-16-to-2024-02-22,CHN,uploaders,all,874,30154,2.89845459972143,True
monarch-legacy-of-monsters-110,6,2024-02-16-to-2024-02-22,CHN,uploaders,without-hosting,803,23819,3.37125823922079,True
monarch-legacy-of-monsters-110,6,2024-02-16-to-2024-02-22,KOR,downloaders,all,52658,720799,7.305504030943439,True
monarch-legacy-of-monsters-110,6,2024-02-16-to-2024-02-22,KOR,downloaders,without-hosting,50858,620313,8.198764172280768,True
monarch-legacy-of-monsters-110,6,2024-02-16-to-2024-02-22,KOR,uploaders,all,224,30154,0.7428533527890164,True
monarch-legacy-of-monsters-110,6,2024-02-16-to-2024-02-22,KOR,uploaders,without-hosting,208,23819,0.8732524455266804,True
monarch-legacy-of-monsters-110,6,2024-02-16-to-2024-02-22,asia-28,downloaders,all,119314,720799,16.553019635154875,True
monarch-legacy-of-monsters-110,6,2024-02-16-to-2024-02-22,asia-28,downloaders,without-hosting,112199,620313,18.08748164233218,True
monarch-legacy-of-monsters-110,6,2024-02-16-to-2024-02-22,asia-28,uploaders,all,4147,30154,13.752735955428799,True
monarch-legacy-of-monsters-110,6,2024-02-16-to-2024-02-22,asia-28,uploaders,without-hosting,3792,23819,15.920063814601788,True
monarch-legacy-of-monsters-110,6,2024-02-16-to-2024-02-22,eur-27,downloaders,all,184197,720799,25.5545582055469,True
monarch-legacy-of-monsters-110,6,2024-02-16-to-2024-02-22,eur-27,downloaders,without-hosting,136378,620313,21.985352555887108,True
monarch-legacy-of-monsters-110,6,2024-02-16-to-2024-02-22,eur-27,uploaders,all,7294,30154,24.189162300192347,True
monarch-legacy-of-monsters-110,6,2024-02-16-to-2024-02-22,eur-27,uploaders,without-hosting,5108,23819,21.445064864184054,True
monarch-legacy-of-monsters-110,6,2024-02-16-to-2024-02-22,usa-can,downloaders,all,71719,720799,9.949930563166708,True
monarch-legacy-of-monsters-110,6,2024-02-16-to-2024-02-22,usa-can,downloaders,without-hosting,41592,620313,6.705002152139323,True
monarch-legacy-of-monsters-110,6,2024-02-16-to-2024-02-22,usa-can,uploaders,all,5256,30154,17.430523313656565,True
monarch-legacy-of-monsters-110,6,2024-02-16-to-2024-02-22,usa-can,uploaders,without-hosting,2605,23819,10.936647214408666,True
monarch-legacy-of-monsters-110,7,2024-02-23-to-2024-02-29,JPN,downloaders,all,8760,749900,1.1681557541005467,True
monarch-legacy-of-monsters-110,7,2024-02-23-to-2024-02-29,JPN,downloaders,without-hosting,7807,646279,1.207992213889048,True
monarch-legacy-of-monsters-110,7,2024-02-23-to-2024-02-29,JPN,uploaders,all,56,23943,0.23388881927912125,True
monarch-legacy-of-monsters-110,7,2024-02-23-to-2024-02-29,JPN,uploaders,without-hosting,28,19128,0.1463822668339607,True
monarch-legacy-of-monsters-110,7,2024-02-23-to-2024-02-29,USA,downloaders,all,49997,749900,6.667155620749433,True
monarch-legacy-of-monsters-110,7,2024-02-23-to-2024-02-29,USA,downloaders,without-hosting,29075,646279,4.498831000233645,True
monarch-legacy-of-monsters-110,7,2024-02-23-to-2024-02-29,USA,uploaders,all,1947,23943,8.131813056008019,True
monarch-legacy-of-monsters-110,7,2024-02-23-to-2024-02-29,USA,uploaders,without-hosting,904,19128,4.726056043496445,True
monarch-legacy-of-monsters-110,7,2024-02-23-to-2024-02-29,CHN,downloaders,all,33500,749900,4.467262301640218,True
monarch-legacy-of-monsters-110,7,2024-02-23-to-2024-02-29,CHN,downloaders,without-hosting,31988,646279,4.949565125897639,True
monarch-legacy-of-monsters-110,7,2024-02-23-to-2024-02-29,CHN,uploaders,all,429,23943,1.791755419120411,True
monarch-legacy-of-monsters-110,7,2024-02-23-to-2024-02-29,CHN,uploaders,without-hosting,420,19128,2.1957340025094103,True
monarch-legacy-of-monsters-110,7,2024-02-23-to-2024-02-29,KOR,downloaders,all,59209,749900,7.895586078143753,True
monarch-legacy-of-monsters-110,7,2024-02-23-to-2024-02-29,KOR,downloaders,without-hosting,57470,646279,8.892444284898627,True
monarch-legacy-of-monsters-110,7,2024-02-23-to-2024-02-29,KOR,uploaders,all,190,23943,0.7935513511255899,True
monarch-legacy-of-monsters-110,7,2024-02-23-to-2024-02-29,KOR,uploaders,without-hosting,185,19128,0.9671685487243831,True
monarch-legacy-of-monsters-110,7,2024-02-23-to-2024-02-29,asia-28,downloaders,all,127614,749900,17.017468995866114,True
monarch-legacy-of-monsters-110,7,2024-02-23-to-2024-02-29,asia-28,downloaders,without-hosting,120730,646279,18.68078647147749,True
monarch-legacy-of-monsters-110,7,2024-02-23-to-2024-02-29,asia-28,uploaders,all,2864,23943,11.96174247170363,True
monarch-legacy-of-monsters-110,7,2024-02-23-to-2024-02-29,asia-28,uploaders,without-hosting,2668,19128,13.948138854035967,True
monarch-legacy-of-monsters-110,7,2024-02-23-to-2024-02-29,eur-27,downloaders,all,199533,749900,26.607947726363516,True
monarch-legacy-of-monsters-110,7,2024-02-23-to-2024-02-29,eur-27,downloaders,without-hosting,147057,646279,22.75441411526601,True
monarch-legacy-of-monsters-110,7,2024-02-23-to-2024-02-29,eur-27,uploaders,all,5890,23943,24.60009188489329,True
monarch-legacy-of-monsters-110,7,2024-02-23-to-2024-02-29,eur-27,uploaders,without-hosting,4408,19128,23.044751150146382,True
monarch-legacy-of-monsters-110,7,2024-02-23-to-2024-02-29,usa-can,downloaders,all,71011,749900,9.469395919455927,True
monarch-legacy-of-monsters-110,7,2024-02-23-to-2024-02-29,usa-can,downloaders,without-hosting,42198,646279,6.5293781787741825,True
monarch-legacy-of-monsters-110,7,2024-02-23-to-2024-02-29,usa-can,uploaders,all,4433,23943,18.51480599757758,True
monarch-legacy-of-monsters-110,7,2024-02-23-to-2024-02-29,usa-can,uploaders,without-hosting,2136,19128,11.166875784190715,True
monarch-legacy-of-monsters-110,8,2024-03-01-to-2024-03-07,JPN,downloaders,all,13529,976207,1.385874102521289,True
monarch-legacy-of-monsters-110,8,2024-03-01-to-2024-03-07,JPN,downloaders,without-hosting,12294,837787,1.4674374274129343,True
monarch-legacy-of-monsters-110,8,2024-03-01-to-2024-03-07,JPN,uploaders,all,61,21651,0.2817421828091081,True
monarch-legacy-of-monsters-110,8,2024-03-01-to-2024-03-07,JPN,uploaders,without-hosting,30,16620,0.18050541516245489,True
monarch-legacy-of-monsters-110,8,2024-03-01-to-2024-03-07,USA,downloaders,all,65901,976207,6.750719878058649,True
monarch-legacy-of-monsters-110,8,2024-03-01-to-2024-03-07,USA,downloaders,without-hosting,37254,837787,4.446714976479702,True
monarch-legacy-of-monsters-110,8,2024-03-01-to-2024-03-07,USA,uploaders,all,2446,21651,11.2973996582144,True
monarch-legacy-of-monsters-110,8,2024-03-01-to-2024-03-07,USA,uploaders,without-hosting,851,16620,5.120336943441637,True
monarch-legacy-of-monsters-110,8,2024-03-01-to-2024-03-07,CHN,downloaders,all,48487,976207,4.966876902132437,True
monarch-legacy-of-monsters-110,8,2024-03-01-to-2024-03-07,CHN,downloaders,without-hosting,46162,837787,5.509992396635422,True
monarch-legacy-of-monsters-110,8,2024-03-01-to-2024-03-07,CHN,uploaders,all,461,21651,2.1292319061475222,True
monarch-legacy-of-monsters-110,8,2024-03-01-to-2024-03-07,CHN,uploaders,without-hosting,453,16620,2.7256317689530687,True
monarch-legacy-of-monsters-110,8,2024-03-01-to-2024-03-07,KOR,downloaders,all,97735,976207,10.011708582298631,True
monarch-legacy-of-monsters-110,8,2024-03-01-to-2024-03-07,KOR,downloaders,without-hosting,95103,837787,11.351692017183366,True
monarch-legacy-of-monsters-110,8,2024-03-01-to-2024-03-07,KOR,uploaders,all,180,21651,0.8313703755022863,True
monarch-legacy-of-monsters-110,8,2024-03-01-to-2024-03-07,KOR,uploaders,without-hosting,175,16620,1.05294825511432,True
monarch-legacy-of-monsters-110,8,2024-03-01-to-2024-03-07,asia-28,downloaders,all,191282,976207,19.59440979218547,True
monarch-legacy-of-monsters-110,8,2024-03-01-to-2024-03-07,asia-28,downloaders,without-hosting,181897,837787,21.711604500905363,True
monarch-legacy-of-monsters-110,8,2024-03-01-to-2024-03-07,asia-28,uploaders,all,2550,21651,11.77774698628239,True
monarch-legacy-of-monsters-110,8,2024-03-01-to-2024-03-07,asia-28,uploaders,without-hosting,2381,16620,14.326113116726836,True
monarch-legacy-of-monsters-110,8,2024-03-01-to-2024-03-07,eur-27,downloaders,all,235405,976207,24.11425035878661,True
monarch-legacy-of-monsters-110,8,2024-03-01-to-2024-03-07,eur-27,downloaders,without-hosting,163751,837787,19.545660173767317,True
monarch-legacy-of-monsters-110,8,2024-03-01-to-2024-03-07,eur-27,uploaders,all,5181,21651,23.929610641540805,True
monarch-legacy-of-monsters-110,8,2024-03-01-to-2024-03-07,eur-27,uploaders,without-hosting,3834,16620,23.068592057761734,True
monarch-legacy-of-monsters-110,8,2024-03-01-to-2024-03-07,usa-can,downloaders,all,91139,976207,9.3360322144791,True
monarch-legacy-of-monsters-110,8,2024-03-01-to-2024-03-07,usa-can,downloaders,without-hosting,53662,837787,6.405208006330965,True
monarch-legacy-of-monsters-110,8,2024-03-01-to-2024-03-07,usa-can,uploaders,all,4800,21651,22.169876680060966,True
monarch-legacy-of-monsters-110,8,2024-03-01-to-2024-03-07,usa-can,uploaders,without-hosting,1972,16620,11.865222623345367,True
monarch-legacy-of-monsters-110,9,2024-03-08-to-2024-03-14,JPN,downloaders,all,14675,1049700,1.3980184814708965,True
monarch-legacy-of-monsters-110,9,2024-03-08-to-2024-03-14,JPN,downloaders,without-hosting,13383,904846,1.4790362116868505,True
monarch-legacy-of-monsters-110,9,2024-03-08-to-2024-03-14,JPN,uploaders,all,52,19876,0.26162205675186156,True
monarch-legacy-of-monsters-110,9,2024-03-08-to-2024-03-14,JPN,uploaders,without-hosting,33,15124,0.2181962443797937,True
monarch-legacy-of-monsters-110,9,2024-03-08-to-2024-03-14,USA,downloaders,all,70700,1049700,6.7352576926740975,True
monarch-legacy-of-monsters-110,9,2024-03-08-to-2024-03-14,USA,downloaders,without-hosting,41758,904846,4.61492894923556,True
monarch-legacy-of-monsters-110,9,2024-03-08-to-2024-03-14,USA,uploaders,all,2185,19876,10.993157576977259,True
monarch-legacy-of-monsters-110,9,2024-03-08-to-2024-03-14,USA,uploaders,without-hosting,805,15124,5.322665961385876,True
monarch-legacy-of-monsters-110,9,2024-03-08-to-2024-03-14,CHN,downloaders,all,54854,1049700,5.2256835286272265,True
monarch-legacy-of-monsters-110,9,2024-03-08-to-2024-03-14,CHN,downloaders,without-hosting,52219,904846,5.771037281482153,True
monarch-legacy-of-monsters-110,9,2024-03-08-to-2024-03-14,CHN,uploaders,all,407,19876,2.047695713423224,True
monarch-legacy-of-monsters-110,9,2024-03-08-to-2024-03-14,CHN,uploaders,without-hosting,401,15124,2.6514149695847657,True
monarch-legacy-of-monsters-110,9,2024-03-08-to-2024-03-14,KOR,downloaders,all,99574,1049700,9.485948366199867,True
monarch-legacy-of-monsters-110,9,2024-03-08-to-2024-03-14,KOR,downloaders,without-hosting,96723,904846,10.689443286481898,True
monarch-legacy-of-monsters-110,9,2024-03-08-to-2024-03-14,KOR,uploaders,all,146,19876,0.7345542362648421,True
monarch-legacy-of-monsters-110,9,2024-03-08-to-2024-03-14,KOR,uploaders,without-hosting,144,15124,0.9521290663845543,True
monarch-legacy-of-monsters-110,9,2024-03-08-to-2024-03-14,asia-28,downloaders,all,202062,1049700,19.24949985710203,True
monarch-legacy-of-monsters-110,9,2024-03-08-to-2024-03-14,asia-28,downloaders,without-hosting,191965,904846,21.21521231237139,True
monarch-legacy-of-monsters-110,9,2024-03-08-to-2024-03-14,asia-28,uploaders,all,2243,19876,11.284966794123566,True
monarch-legacy-of-monsters-110,9,2024-03-08-to-2024-03-14,asia-28,uploaders,without-hosting,2120,15124,14.017455699550384,True
monarch-legacy-of-monsters-110,9,2024-03-08-to-2024-03-14,eur-27,downloaders,all,256882,1049700,24.471944365056682,True
monarch-legacy-of-monsters-110,9,2024-03-08-to-2024-03-14,eur-27,downloaders,without-hosting,181468,904846,20.05512540255469,True
monarch-legacy-of-monsters-110,9,2024-03-08-to-2024-03-14,eur-27,uploaders,all,4626,19876,23.27430066411753,True
monarch-legacy-of-monsters-110,9,2024-03-08-to-2024-03-14,eur-27,uploaders,without-hosting,3386,15124,22.388257074847925,True
monarch-legacy-of-monsters-110,9,2024-03-08-to-2024-03-14,usa-can,downloaders,all,98784,1049700,9.410688768219492,True
monarch-legacy-of-monsters-110,9,2024-03-08-to-2024-03-14,usa-can,downloaders,without-hosting,60397,904846,6.674837486157865,True
monarch-legacy-of-monsters-110,9,2024-03-08-to-2024-03-14,usa-can,uploaders,all,4749,19876,23.893137452203664,True
monarch-legacy-of-monsters-110,9,2024-03-08-to-2024-03-14,usa-can,uploaders,without-hosting,2007,15124,13.270298862734727,True
monarch-legacy-of-monsters-110,10,2024-03-15-to-2024-03-21,JPN,downloaders,all,16354,1086587,1.5050796668835538,True
monarch-legacy-of-monsters-110,10,2024-03-15-to-2024-03-21,JPN,downloaders,without-hosting,14854,929429,1.5981855526350048,True
monarch-legacy-of-monsters-110,10,2024-03-15-to-2024-03-21,JPN,uploaders,all,45,17798,0.2528373974603888,True
monarch-legacy-of-monsters-110,10,2024-03-15-to-2024-03-21,JPN,uploaders,without-hosting,29,13781,0.21043465641100065,True
monarch-legacy-of-monsters-110,10,2024-03-15-to-2024-03-21,USA,downloaders,all,69685,1086587,6.413200231550718,True
monarch-legacy-of-monsters-110,10,2024-03-15-to-2024-03-21,USA,downloaders,without-hosting,41825,929429,4.500074777094324,True
monarch-legacy-of-monsters-110,10,2024-03-15-to-2024-03-21,USA,uploaders,all,1867,17798,10.48994269018991,True
monarch-legacy-of-monsters-110,10,2024-03-15-to-2024-03-21,USA,uploaders,without-hosting,735,13781,5.333430084899499,True
monarch-legacy-of-monsters-110,10,2024-03-15-to-2024-03-21,CHN,downloaders,all,58622,1086587,5.39505810395302,True
monarch-legacy-of-monsters-110,10,2024-03-15-to-2024-03-21,CHN,downloaders,without-hosting,55899,929429,6.014337835380648,True
monarch-legacy-of-monsters-110,10,2024-03-15-to-2024-03-21,CHN,uploaders,all,307,17798,1.724912911563097,True
monarch-legacy-of-monsters-110,10,2024-03-15-to-2024-03-21,CHN,uploaders,without-hosting,295,13781,2.140628401422248,True
monarch-legacy-of-monsters-110,10,2024-03-15-to-2024-03-21,KOR,downloaders,all,111250,1086587,10.238480673889896,True
monarch-legacy-of-monsters-110,10,2024-03-15-to-2024-03-21,KOR,downloaders,without-hosting,107944,929429,11.614012474325634,True
monarch-legacy-of-monsters-110,10,2024-03-15-to-2024-03-21,KOR,uploaders,all,132,17798,0.7416563658838071,True
monarch-legacy-of-monsters-110,10,2024-03-15-to-2024-03-21,KOR,uploaders,without-hosting,129,13781,0.9360714026558304,True
monarch-legacy-of-monsters-110,10,2024-03-15-to-2024-03-21,asia-28,downloaders,all,223544,1086587,20.573042011362183,True
monarch-legacy-of-monsters-110,10,2024-03-15-to-2024-03-21,asia-28,downloaders,without-hosting,212069,929429,22.81712750516715,True
monarch-legacy-of-monsters-110,10,2024-03-15-to-2024-03-21,asia-28,uploaders,all,2097,17798,11.782222721654119,True
monarch-legacy-of-monsters-110,10,2024-03-15-to-2024-03-21,asia-28,uploaders,without-hosting,1966,13781,14.266018431173354,True
monarch-legacy-of-monsters-110,10,2024-03-15-to-2024-03-21,eur-27,downloaders,all,279030,1086587,25.679489999420202,True
monarch-legacy-of-monsters-110,10,2024-03-15-to-2024-03-21,eur-27,downloaders,without-hosting,193119,929429,20.7782412642601,True
monarch-legacy-of-monsters-110,10,2024-03-15-to-2024-03-21,eur-27,uploaders,all,4065,17798,22.83964490392179,True
monarch-legacy-of-monsters-110,10,2024-03-15-to-2024-03-21,eur-27,uploaders,without-hosting,2948,13781,21.391771279297583,True
monarch-legacy-of-monsters-110,10,2024-03-15-to-2024-03-21,usa-can,downloaders,all,100097,1086587,9.21205573046613,True
monarch-legacy-of-monsters-110,10,2024-03-15-to-2024-03-21,usa-can,downloaders,without-hosting,61732,929429,6.641927462990718,True
monarch-legacy-of-monsters-110,10,2024-03-15-to-2024-03-21,usa-can,uploaders,all,4046,17798,22.73289133610518,True
monarch-legacy-of-monsters-110,10,2024-03-15-to-2024-03-21,usa-can,uploaders,without-hosting,1801,13781,13.068717799869386,True
monarch-legacy-of-monsters-110,11,2024-03-22-to-2024-03-28,JPN,downloaders,all,16367,964965,1.6961236936054676,True
monarch-legacy-of-monsters-110,11,2024-03-22-to-2024-03-28,JPN,downloaders,without-hosting,14908,815578,1.8279060984970168,True
monarch-legacy-of-monsters-110,11,2024-03-22-to-2024-03-28,JPN,uploaders,all,35,17855,0.19602352282273872,True
monarch-legacy-of-monsters-110,11,2024-03-22-to-2024-03-28,JPN,uploaders,without-hosting,30,13611,0.22040996253030637,True
monarch-legacy-of-monsters-110,11,2024-03-22-to-2024-03-28,USA,downloaders,all,64844,964965,6.719829216603711,True
monarch-legacy-of-monsters-110,11,2024-03-22-to-2024-03-28,USA,downloaders,without-hosting,37678,815578,4.61979111746516,True
monarch-legacy-of-monsters-110,11,2024-03-22-to-2024-03-28,USA,uploaders,all,1847,17855,10.344441332959954,True
monarch-legacy-of-monsters-110,11,2024-03-22-to-2024-03-28,USA,uploaders,without-hosting,679,13611,4.988612151935934,True
monarch-legacy-of-monsters-110,11,2024-03-22-to-2024-03-28,CHN,downloaders,all,57274,964965,5.935344805252004,True
monarch-legacy-of-monsters-110,11,2024-03-22-to-2024-03-28,CHN,downloaders,without-hosting,54578,815578,6.691941175460839,True
monarch-legacy-of-monsters-110,11,2024-03-22-to-2024-03-28,CHN,uploaders,all,350,17855,1.9602352282273874,True
monarch-legacy-of-monsters-110,11,2024-03-22-to-2024-03-28,CHN,uploaders,without-hosting,334,13611,2.4538975828374108,True
monarch-legacy-of-monsters-110,11,2024-03-22-to-2024-03-28,KOR,downloaders,all,110465,964965,11.447565455741918,True
monarch-legacy-of-monsters-110,11,2024-03-22-to-2024-03-28,KOR,downloaders,without-hosting,107183,815578,13.141968027582893,True
monarch-legacy-of-monsters-110,11,2024-03-22-to-2024-03-28,KOR,uploaders,all,233,17855,1.304956594791375,True
monarch-legacy-of-monsters-110,11,2024-03-22-to-2024-03-28,KOR,uploaders,without-hosting,229,13611,1.6824627139813386,True
monarch-legacy-of-monsters-110,11,2024-03-22-to-2024-03-28,asia-28,downloaders,all,219091,964965,22.704554051183205,True
monarch-legacy-of-monsters-110,11,2024-03-22-to-2024-03-28,asia-28,downloaders,without-hosting,208304,815578,25.54065950773562,True
monarch-legacy-of-monsters-110,11,2024-03-22-to-2024-03-28,asia-28,uploaders,all,2136,17855,11.963035564267711,True
monarch-legacy-of-monsters-110,11,2024-03-22-to-2024-03-28,asia-28,uploaders,without-hosting,2014,13611,14.796855484534568,True
monarch-legacy-of-monsters-110,11,2024-03-22-to-2024-03-28,eur-27,downloaders,all,227965,964965,23.624172897462604,True
monarch-legacy-of-monsters-110,11,2024-03-22-to-2024-03-28,eur-27,downloaders,without-hosting,146631,815578,17.978783145204996,True
monarch-legacy-of-monsters-110,11,2024-03-22-to-2024-03-28,eur-27,uploaders,all,3818,17855,21.38336600392047,True
monarch-legacy-of-monsters-110,11,2024-03-22-to-2024-03-28,eur-27,uploaders,without-hosting,2752,13611,20.218940562780105,True
monarch-legacy-of-monsters-110,11,2024-03-22-to-2024-03-28,usa-can,downloaders,all,91857,964965,9.519205359779889,True
monarch-legacy-of-monsters-110,11,2024-03-22-to-2024-03-28,usa-can,downloaders,without-hosting,55157,815578,6.762933772122348,True
monarch-legacy-of-monsters-110,11,2024-03-22-to-2024-03-28,usa-can,uploaders,all,4530,17855,25.37104452534304,True
monarch-legacy-of-monsters-110,11,2024-03-22-to-2024-03-28,usa-can,uploaders,without-hosting,1986,13611,14.591139519506282,True
monarch-legacy-of-monsters-110,12,2024-03-29-to-2024-04-04,JPN,downloaders,all,7133,698930,1.0205599988553933,False
monarch-legacy-of-monsters-110,12,2024-03-29-to-2024-04-04,JPN,downloaders,without-hosting,6334,613540,1.0323695276591582,False
monarch-legacy-of-monsters-110,12,2024-03-29-to-2024-04-04,JPN,uploaders,all,38,17652,0.21527305687740766,False
monarch-legacy-of-monsters-110,12,2024-03-29-to-2024-04-04,JPN,uploaders,without-hosting,33,13452,0.24531668153434433,False
monarch-legacy-of-monsters-110,12,2024-03-29-to-2024-04-04,USA,downloaders,all,44386,698930,6.350564434206573,False
monarch-legacy-of-monsters-110,12,2024-03-29-to-2024-04-04,USA,downloaders,without-hosting,24692,613540,4.024513479153764,False
monarch-legacy-of-monsters-110,12,2024-03-29-to-2024-04-04,USA,uploaders,all,1745,17652,9.885565375028325,False
monarch-legacy-of-monsters-110,12,2024-03-29-to-2024-04-04,USA,uploaders,without-hosting,617,13452,4.586678560808802,False
monarch-legacy-of-monsters-110,12,2024-03-29-to-2024-04-04,CHN,downloaders,all,26256,698930,3.756599373327801,False
monarch-legacy-of-monsters-110,12,2024-03-29-to-2024-04-04,CHN,downloaders,without-hosting,25042,613540,4.081559474524888,False
monarch-legacy-of-monsters-110,12,2024-03-29-to-2024-04-04,CHN,uploaders,all,337,17652,1.9091321096759575,False
monarch-legacy-of-monsters-110,12,2024-03-29-to-2024-04-04,CHN,uploaders,without-hosting,322,13452,2.3936961046684506,False
monarch-legacy-of-monsters-110,12,2024-03-29-to-2024-04-04,KOR,downloaders,all,44152,698930,6.317084686592363,False
monarch-legacy-of-monsters-110,12,2024-03-29-to-2024-04-04,KOR,downloaders,without-hosting,42920,613540,6.995468918081951,False
monarch-legacy-of-monsters-110,12,2024-03-29-to-2024-04-04,KOR,uploaders,all,213,17652,1.2066621346023114,False
monarch-legacy-of-monsters-110,12,2024-03-29-to-2024-04-04,KOR,uploaders,without-hosting,209,13452,1.5536723163841808,False
monarch-legacy-of-monsters-110,12,2024-03-29-to-2024-04-04,asia-28,downloaders,all,99957,698930,14.301432189203497,False
monarch-legacy-of-monsters-110,12,2024-03-29-to-2024-04-04,asia-28,downloaders,without-hosting,94961,613540,15.477556475535417,False
monarch-legacy-of-monsters-110,12,2024-03-29-to-2024-04-04,asia-28,uploaders,all,2300,17652,13.029685021527305,False
monarch-legacy-of-monsters-110,12,2024-03-29-to-2024-04-04,asia-28,uploaders,without-hosting,2183,13452,16.228070175438596,False
monarch-legacy-of-monsters-110,12,2024-03-29-to-2024-04-04,eur-27,downloaders,all,209627,698930,29.992560056085733,False
monarch-legacy-of-monsters-110,12,2024-03-29-to-2024-04-04,eur-27,downloaders,without-hosting,167694,613540,27.33220327932979,False
monarch-legacy-of-monsters-110,12,2024-03-29-to-2024-04-04,eur-27,uploaders,all,3732,17652,21.14208021753909,False
monarch-legacy-of-monsters-110,12,2024-03-29-to-2024-04-04,eur-27,uploaders,without-hosting,2716,13452,20.190306274159976,False
monarch-legacy-of-monsters-110,12,2024-03-29-to-2024-04-04,usa-can,downloaders,all,62399,698930,8.92778962127824,False
monarch-legacy-of-monsters-110,12,2024-03-29-to-2024-04-04,usa-can,downloaders,without-hosting,36009,613540,5.869054992339538,False
monarch-legacy-of-monsters-110,12,2024-03-29-to-2024-04-04,usa-can,uploaders,all,4422,17652,25.050985723997282,False
monarch-legacy-of-monsters-110,12,2024-03-29-to-2024-04-04,usa-can,uploaders,without-hosting,1851,13452,13.760035682426405,False
monarch-legacy-of-monsters-110,13,2024-04-05-to-2024-04-11,JPN,downloaders,all,7519,754537,0.9965051415636343,True
monarch-legacy-of-monsters-110,13,2024-04-05-to-2024-04-11,JPN,downloaders,without-hosting,6708,669861,1.0014017833550544,True
monarch-legacy-of-monsters-110,13,2024-04-05-to-2024-04-11,JPN,uploaders,all,40,16466,0.24292481476982875,True
monarch-legacy-of-monsters-110,13,2024-04-05-to-2024-04-11,JPN,uploaders,without-hosting,30,12699,0.23623907394283014,True
monarch-legacy-of-monsters-110,13,2024-04-05-to-2024-04-11,USA,downloaders,all,44674,754537,5.920716942972976,True
monarch-legacy-of-monsters-110,13,2024-04-05-to-2024-04-11,USA,downloaders,without-hosting,28023,669861,4.183405213917514,True
monarch-legacy-of-monsters-110,13,2024-04-05-to-2024-04-11,USA,uploaders,all,1484,16466,9.012510627960646,True
monarch-legacy-of-monsters-110,13,2024-04-05-to-2024-04-11,USA,uploaders,without-hosting,699,12699,5.504370422867942,True
monarch-legacy-of-monsters-110,13,2024-04-05-to-2024-04-11,CHN,downloaders,all,25364,754537,3.361531641258149,True
monarch-legacy-of-monsters-110,13,2024-04-05-to-2024-04-11,CHN,downloaders,without-hosting,24168,669861,3.6079126863632904,True
monarch-legacy-of-monsters-110,13,2024-04-05-to-2024-04-11,CHN,uploaders,all,336,16466,2.0405684440665612,True
monarch-legacy-of-monsters-110,13,2024-04-05-to-2024-04-11,CHN,uploaders,without-hosting,328,12699,2.582880541774943,True
monarch-legacy-of-monsters-110,13,2024-04-05-to-2024-04-11,KOR,downloaders,all,44306,754537,5.871945312158317,True
monarch-legacy-of-monsters-110,13,2024-04-05-to-2024-04-11,KOR,downloaders,without-hosting,43093,669861,6.433125678312367,True
monarch-legacy-of-monsters-110,13,2024-04-05-to-2024-04-11,KOR,uploaders,all,128,16466,0.777359407263452,True
monarch-legacy-of-monsters-110,13,2024-04-05-to-2024-04-11,KOR,uploaders,without-hosting,127,12699,1.000078746357981,True
monarch-legacy-of-monsters-110,13,2024-04-05-to-2024-04-11,asia-28,downloaders,all,98971,754537,13.116785525428176,True
monarch-legacy-of-monsters-110,13,2024-04-05-to-2024-04-11,asia-28,downloaders,without-hosting,93930,669861,14.022312091613037,True
monarch-legacy-of-monsters-110,13,2024-04-05-to-2024-04-11,asia-28,uploaders,all,1917,16466,11.642171747844042,True
monarch-legacy-of-monsters-110,13,2024-04-05-to-2024-04-11,asia-28,uploaders,without-hosting,1816,12699,14.300338609339319,True
monarch-legacy-of-monsters-110,13,2024-04-05-to-2024-04-11,eur-27,downloaders,all,218665,754537,28.98002351110681,True
monarch-legacy-of-monsters-110,13,2024-04-05-to-2024-04-11,eur-27,downloaders,without-hosting,174972,669861,26.120642939356074,True
monarch-legacy-of-monsters-110,13,2024-04-05-to-2024-04-11,eur-27,uploaders,all,3630,16466,22.045426940361956,True
monarch-legacy-of-monsters-110,13,2024-04-05-to-2024-04-11,eur-27,uploaders,without-hosting,2580,12699,20.316560359083393,True
monarch-legacy-of-monsters-110,13,2024-04-05-to-2024-04-11,usa-can,downloaders,all,63316,754537,8.39137113223076,True
monarch-legacy-of-monsters-110,13,2024-04-05-to-2024-04-11,usa-can,downloaders,without-hosting,40056,669861,5.979748037279376,True
monarch-legacy-of-monsters-110,13,2024-04-05-to-2024-04-11,usa-can,uploaders,all,4018,16466,24.401797643629298,True
monarch-legacy-of-monsters-110,13,2024-04-05-to-2024-04-11,usa-can,uploaders,without-hosting,1863,12699,14.670446491849752,True
monarch-legacy-of-monsters-110,14,2024-04-12-to-2024-04-18,JPN,downloaders,all,11929,825293,1.445426048688163,True
monarch-legacy-of-monsters-110,14,2024-04-12-to-2024-04-18,JPN,downloaders,without-hosting,10708,715438,1.4967055146637445,True
monarch-legacy-of-monsters-110,14,2024-04-12-to-2024-04-18,JPN,uploaders,all,37,16017,0.23100455765748892,True
monarch-legacy-of-monsters-110,14,2024-04-12-to-2024-04-18,JPN,uploaders,without-hosting,30,12419,0.24156534342539657,True
monarch-legacy-of-monsters-110,14,2024-04-12-to-2024-04-18,USA,downloaders,all,51080,825293,6.1893170062026455,True
monarch-legacy-of-monsters-110,14,2024-04-12-to-2024-04-18,USA,downloaders,without-hosting,30653,715438,4.284508231321232,True
monarch-legacy-of-monsters-110,14,2024-04-12-to-2024-04-18,USA,uploaders,all,1330,16017,8.303677342823251,True
monarch-legacy-of-monsters-110,14,2024-04-12-to-2024-04-18,USA,uploaders,without-hosting,604,12419,4.863515580964651,True
monarch-legacy-of-monsters-110,14,2024-04-12-to-2024-04-18,CHN,downloaders,all,36904,825293,4.471624017167237,True
monarch-legacy-of-monsters-110,14,2024-04-12-to-2024-04-18,CHN,downloaders,without-hosting,34990,715438,4.890710306134144,True
monarch-legacy-of-monsters-110,14,2024-04-12-to-2024-04-18,CHN,uploaders,all,377,16017,2.353749141537117,True
monarch-legacy-of-monsters-110,14,2024-04-12-to-2024-04-18,CHN,uploaders,without-hosting,368,12419,2.963201546018198,True
monarch-legacy-of-monsters-110,14,2024-04-12-to-2024-04-18,KOR,downloaders,all,67496,825293,8.178428751970513,True
monarch-legacy-of-monsters-110,14,2024-04-12-to-2024-04-18,KOR,downloaders,without-hosting,65605,715438,9.169907105856831,True
monarch-legacy-of-monsters-110,14,2024-04-12-to-2024-04-18,KOR,uploaders,all,92,16017,0.5743897109321346,True
monarch-legacy-of-monsters-110,14,2024-04-12-to-2024-04-18,KOR,uploaders,without-hosting,91,12419,0.7327482083903696,True
monarch-legacy-of-monsters-110,14,2024-04-12-to-2024-04-18,asia-28,downloaders,all,144148,825293,17.466281672084943,True
monarch-legacy-of-monsters-110,14,2024-04-12-to-2024-04-18,asia-28,downloaders,without-hosting,136666,715438,19.102423969652158,True
monarch-legacy-of-monsters-110,14,2024-04-12-to-2024-04-18,asia-28,uploaders,all,1964,16017,12.261971655116438,True
monarch-legacy-of-monsters-110,14,2024-04-12-to-2024-04-18,asia-28,uploaders,without-hosting,1856,12419,14.944842579917868,True
monarch-legacy-of-monsters-110,14,2024-04-12-to-2024-04-18,eur-27,downloaders,all,215654,825293,26.130598466241686,True
monarch-legacy-of-monsters-110,14,2024-04-12-to-2024-04-18,eur-27,downloaders,without-hosting,156833,715438,21.92125662880641,True
monarch-legacy-of-monsters-110,14,2024-04-12-to-2024-04-18,eur-27,uploaders,all,3406,16017,21.264906037335333,True
monarch-legacy-of-monsters-110,14,2024-04-12-to-2024-04-18,eur-27,uploaders,without-hosting,2477,12419,19.945245188823577,True
monarch-legacy-of-monsters-110,14,2024-04-12-to-2024-04-18,usa-can,downloaders,all,72567,825293,8.792877196341179,True
monarch-legacy-of-monsters-110,14,2024-04-12-to-2024-04-18,usa-can,downloaders,without-hosting,44652,715438,6.241211677322144,True
monarch-legacy-of-monsters-110,14,2024-04-12-to-2024-04-18,usa-can,uploaders,all,3810,16017,23.787226072298182,True
monarch-legacy-of-monsters-110,14,2024-04-12-to-2024-04-18,usa-can,uploaders,without-hosting,1742,12419,14.02689427490136,True
monarch-legacy-of-monsters-110,15,2024-04-19-to-2024-04-25,JPN,downloaders,all,5677,617210,0.9197841901459795,False
monarch-legacy-of-monsters-110,15,2024-04-19-to-2024-04-25,JPN,downloaders,without-hosting,5053,542329,0.9317222571538678,False
monarch-legacy-of-monsters-110,15,2024-04-19-to-2024-04-25,JPN,uploaders,all,28,12048,0.23240371845949534,False
monarch-legacy-of-monsters-110,15,2024-04-19-to-2024-04-25,JPN,uploaders,without-hosting,22,9041,0.24333591416878664,False
monarch-legacy-of-monsters-110,15,2024-04-19-to-2024-04-25,USA,downloaders,all,44079,617210,7.141653570097698,False
monarch-legacy-of-monsters-110,15,2024-04-19-to-2024-04-25,USA,downloaders,without-hosting,21178,542329,3.9050096896902065,False
monarch-legacy-of-monsters-110,15,2024-04-19-to-2024-04-25,USA,uploaders,all,1634,12048,13.56241699867198,False
monarch-legacy-of-monsters-110,15,2024-04-19-to-2024-04-25,USA,uploaders,without-hosting,517,9041,5.718393982966486,False
monarch-legacy-of-monsters-110,15,2024-04-19-to-2024-04-25,CHN,downloaders,all,18243,617210,2.955720095267413,False
monarch-legacy-of-monsters-110,15,2024-04-19-to-2024-04-25,CHN,downloaders,without-hosting,17354,542329,3.1999026421231394,False
monarch-legacy-of-monsters-110,15,2024-04-19-to-2024-04-25,CHN,uploaders,all,201,12048,1.6683266932270917,False
monarch-legacy-of-monsters-110,15,2024-04-19-to-2024-04-25,CHN,uploaders,without-hosting,196,9041,2.1679017807764627,False
monarch-legacy-of-monsters-110,15,2024-04-19-to-2024-04-25,KOR,downloaders,all,31289,617210,5.069425317152995,False
monarch-legacy-of-monsters-110,15,2024-04-19-to-2024-04-25,KOR,downloaders,without-hosting,30422,542329,5.609510094426077,False
monarch-legacy-of-monsters-110,15,2024-04-19-to-2024-04-25,KOR,uploaders,all,66,12048,0.547808764940239,False
monarch-legacy-of-monsters-110,15,2024-04-19-to-2024-04-25,KOR,uploaders,without-hosting,65,9041,0.7189470191350514,False
monarch-legacy-of-monsters-110,15,2024-04-19-to-2024-04-25,asia-28,downloaders,all,71677,617210,11.613065245216378,False
monarch-legacy-of-monsters-110,15,2024-04-19-to-2024-04-25,asia-28,downloaders,without-hosting,67855,542329,12.51177790603121,False
monarch-legacy-of-monsters-110,15,2024-04-19-to-2024-04-25,asia-28,uploaders,all,1211,12048,10.051460823373175,False
monarch-legacy-of-monsters-110,15,2024-04-19-to-2024-04-25,asia-28,uploaders,without-hosting,1141,9041,12.62028536666298,False
monarch-legacy-of-monsters-110,15,2024-04-19-to-2024-04-25,eur-27,downloaders,all,182200,617210,29.51993648839131,False
monarch-legacy-of-monsters-110,15,2024-04-19-to-2024-04-25,eur-27,downloaders,without-hosting,149188,542329,27.508763130867056,False
monarch-legacy-of-monsters-110,15,2024-04-19-to-2024-04-25,eur-27,uploaders,all,2621,12048,21.75464807436919,False
monarch-legacy-of-monsters-110,15,2024-04-19-to-2024-04-25,eur-27,uploaders,without-hosting,1925,9041,21.29189248976883,False
monarch-legacy-of-monsters-110,15,2024-04-19-to-2024-04-25,usa-can,downloaders,all,60086,617210,9.73509826477212,False
monarch-legacy-of-monsters-110,15,2024-04-19-to-2024-04-25,usa-can,downloaders,without-hosting,31187,542329,5.75056838192315,False
monarch-legacy-of-monsters-110,15,2024-04-19-to-2024-04-25,usa-can,uploaders,all,3201,12048,26.568725099601593,False
monarch-legacy-of-monsters-110,15,2024-04-19-to-2024-04-25,usa-can,uploaders,without-hosting,1304,9041,14.423183276186263,False
monarch-legacy-of-monsters-110,16,2024-04-26-to-2024-05-02,JPN,downloaders,all,12030,935259,1.2862747110693402,True
monarch-legacy-of-monsters-110,16,2024-04-26-to-2024-05-02,JPN,downloaders,without-hosting,10863,810434,1.340392925272138,True
monarch-legacy-of-monsters-110,16,2024-04-26-to-2024-05-02,JPN,uploaders,all,45,14603,0.3081558583852633,True
monarch-legacy-of-monsters-110,16,2024-04-26-to-2024-05-02,JPN,uploaders,without-hosting,30,10444,0.2872462657985446,True
monarch-legacy-of-monsters-110,16,2024-04-26-to-2024-05-02,USA,downloaders,all,67566,935259,7.224308988205406,True
monarch-legacy-of-monsters-110,16,2024-04-26-to-2024-05-02,USA,downloaders,without-hosting,33880,810434,4.18047613994477,True
monarch-legacy-of-monsters-110,16,2024-04-26-to-2024-05-02,USA,uploaders,all,2293,14603,15.702252961720195,True
monarch-legacy-of-monsters-110,16,2024-04-26-to-2024-05-02,USA,uploaders,without-hosting,563,10444,5.39065492148602,True
monarch-legacy-of-monsters-110,16,2024-04-26-to-2024-05-02,CHN,downloaders,all,36575,935259,3.9106814262145564,True
monarch-legacy-of-monsters-110,16,2024-04-26-to-2024-05-02,CHN,downloaders,without-hosting,34673,810434,4.278324946880313,True
monarch-legacy-of-monsters-110,16,2024-04-26-to-2024-05-02,CHN,uploaders,all,253,14603,1.7325207149215915,True
monarch-legacy-of-monsters-110,16,2024-04-26-to-2024-05-02,CHN,uploaders,without-hosting,247,10444,2.364994255074684,True
monarch-legacy-of-monsters-110,16,2024-04-26-to-2024-05-02,KOR,downloaders,all,70432,935259,7.530748167085267,True
monarch-legacy-of-monsters-110,16,2024-04-26-to-2024-05-02,KOR,downloaders,without-hosting,68430,810434,8.443624033542521,True
monarch-legacy-of-monsters-110,16,2024-04-26-to-2024-05-02,KOR,uploaders,all,83,14603,0.5683763610217079,True
monarch-legacy-of-monsters-110,16,2024-04-26-to-2024-05-02,KOR,uploaders,without-hosting,81,10444,0.7755649176560705,True
monarch-legacy-of-monsters-110,16,2024-04-26-to-2024-05-02,asia-28,downloaders,all,145674,935259,15.575792374091026,True
monarch-legacy-of-monsters-110,16,2024-04-26-to-2024-05-02,asia-28,downloaders,without-hosting,138251,810434,17.0588844989228,True
monarch-legacy-of-monsters-110,16,2024-04-26-to-2024-05-02,asia-28,uploaders,all,1488,14603,10.18968705060604,True
monarch-legacy-of-monsters-110,16,2024-04-26-to-2024-05-02,asia-28,uploaders,without-hosting,1406,10444,13.462274990425124,True
monarch-legacy-of-monsters-110,16,2024-04-26-to-2024-05-02,eur-27,downloaders,all,245257,935259,26.22343115650317,True
monarch-legacy-of-monsters-110,16,2024-04-26-to-2024-05-02,eur-27,downloaders,without-hosting,185259,810434,22.85923344775762,True
monarch-legacy-of-monsters-110,16,2024-04-26-to-2024-05-02,eur-27,uploaders,all,2879,14603,19.715127028692734,True
monarch-legacy-of-monsters-110,16,2024-04-26-to-2024-05-02,eur-27,uploaders,without-hosting,2135,10444,20.44235924932976,True
monarch-legacy-of-monsters-110,16,2024-04-26-to-2024-05-02,usa-can,downloaders,all,89900,935259,9.612310600592991,True
monarch-legacy-of-monsters-110,16,2024-04-26-to-2024-05-02,usa-can,downloaders,without-hosting,48475,810434,5.981363072131722,True
monarch-legacy-of-monsters-110,16,2024-04-26-to-2024-05-02,usa-can,uploaders,all,4574,14603,31.322331027870984,True
monarch-legacy-of-monsters-110,16,2024-04-26-to-2024-05-02,usa-can,uploaders,without-hosting,1632,10444,15.626196859440828,True
monarch-legacy-of-monsters-110,17,2024-05-03-to-2024-05-09,JPN,downloaders,all,16027,944054,1.6976783107745954,True
monarch-legacy-of-monsters-110,17,2024-05-03-to-2024-05-09,JPN,downloaders,without-hosting,14526,800109,1.8155026377656045,True
monarch-legacy-of-monsters-110,17,2024-05-03-to-2024-05-09,JPN,uploaders,all,40,13623,0.29362108199368714,True
monarch-legacy-of-monsters-110,17,2024-05-03-to-2024-05-09,JPN,uploaders,without-hosting,32,9962,0.3212206384260189,True
monarch-legacy-of-monsters-110,17,2024-05-03-to-2024-05-09,USA,downloaders,all,66646,944054,7.059553796710781,True
monarch-legacy-of-monsters-110,17,2024-05-03-to-2024-05-09,USA,downloaders,without-hosting,34221,800109,4.27704225299303,True
monarch-legacy-of-monsters-110,17,2024-05-03-to-2024-05-09,USA,uploaders,all,1803,13623,13.234970270865448,True
monarch-legacy-of-monsters-110,17,2024-05-03-to-2024-05-09,USA,uploaders,without-hosting,527,9962,5.290102389078498,True
monarch-legacy-of-monsters-110,17,2024-05-03-to-2024-05-09,CHN,downloaders,all,52281,944054,5.537924737356126,True
monarch-legacy-of-monsters-110,17,2024-05-03-to-2024-05-09,CHN,downloaders,without-hosting,49543,800109,6.192031335730507,True
monarch-legacy-of-monsters-110,17,2024-05-03-to-2024-05-09,CHN,uploaders,all,221,13623,1.6222564780151214,True
monarch-legacy-of-monsters-110,17,2024-05-03-to-2024-05-09,CHN,uploaders,without-hosting,211,9962,2.1180485846215618,True
monarch-legacy-of-monsters-110,17,2024-05-03-to-2024-05-09,KOR,downloaders,all,94104,944054,9.968073860181727,True
monarch-legacy-of-monsters-110,17,2024-05-03-to-2024-05-09,KOR,downloaders,without-hosting,91461,800109,11.431067517050803,True
monarch-legacy-of-monsters-110,17,2024-05-03-to-2024-05-09,KOR,uploaders,all,104,13623,0.7634148131835866,True
monarch-legacy-of-monsters-110,17,2024-05-03-to-2024-05-09,KOR,uploaders,without-hosting,101,9962,1.0138526400321222,True
monarch-legacy-of-monsters-110,17,2024-05-03-to-2024-05-09,asia-28,downloaders,all,193625,944054,20.509949642711117,True
monarch-legacy-of-monsters-110,17,2024-05-03-to-2024-05-09,asia-28,downloaders,without-hosting,184073,800109,23.005990433803394,True
monarch-legacy-of-monsters-110,17,2024-05-03-to-2024-05-09,asia-28,uploaders,all,1381,13623,10.137267855832048,True
monarch-legacy-of-monsters-110,17,2024-05-03-to-2024-05-09,asia-28,uploaders,without-hosting,1290,9962,12.949206986548885,True
monarch-legacy-of-monsters-110,17,2024-05-03-to-2024-05-09,eur-27,downloaders,all,205004,944054,21.71528323591659,True
monarch-legacy-of-monsters-110,17,2024-05-03-to-2024-05-09,eur-27,downloaders,without-hosting,130514,800109,16.312027486254998,True
monarch-legacy-of-monsters-110,17,2024-05-03-to-2024-05-09,eur-27,uploaders,all,2847,13623,20.898480510900683,True
monarch-legacy-of-monsters-110,17,2024-05-03-to-2024-05-09,eur-27,uploaders,without-hosting,2046,9962,20.53804456936358,True
monarch-legacy-of-monsters-110,17,2024-05-03-to-2024-05-09,usa-can,downloaders,all,90682,944054,9.605594595224426,True
monarch-legacy-of-monsters-110,17,2024-05-03-to-2024-05-09,usa-can,downloaders,without-hosting,49670,800109,6.207904173056421,True
monarch-legacy-of-monsters-110,17,2024-05-03-to-2024-05-09,usa-can,uploaders,all,3909,13623,28.694120237833076,True
monarch-legacy-of-monsters-110,17,2024-05-03-to-2024-05-09,usa-can,uploaders,without-hosting,1479,9962,14.84641638225256,True
monarch-legacy-of-monsters-110,18,2024-05-10-to-2024-05-16,JPN,downloaders,all,14630,1008484,1.45069232630364,True
monarch-legacy-of-monsters-110,18,2024-05-10-to-2024-05-16,JPN,downloaders,without-hosting,13261,875063,1.5154337459131515,True
monarch-legacy-of-monsters-110,18,2024-05-10-to-2024-05-16,JPN,uploaders,all,22,12581,0.17486686272951277,True
monarch-legacy-of-monsters-110,18,2024-05-10-to-2024-05-16,JPN,uploaders,without-hosting,14,9530,0.14690451206715635,True
monarch-legacy-of-monsters-110,18,2024-05-10-to-2024-05-16,USA,downloaders,all,71162,1008484,7.056334061819523,True
monarch-legacy-of-monsters-110,18,2024-05-10-to-2024-05-16,USA,downloaders,without-hosting,41595,875063,4.753372042927195,True
monarch-legacy-of-monsters-110,18,2024-05-10-to-2024-05-16,USA,uploaders,all,1549,12581,12.312216834909785,True
monarch-legacy-of-monsters-110,18,2024-05-10-to-2024-05-16,USA,uploaders,without-hosting,580,9530,6.08604407135362,True
monarch-legacy-of-monsters-110,18,2024-05-10-to-2024-05-16,CHN,downloaders,all,47812,1008484,4.7409775464955315,True
monarch-legacy-of-monsters-110,18,2024-05-10-to-2024-05-16,CHN,downloaders,without-hosting,45325,875063,5.179627066851187,True
monarch-legacy-of-monsters-110,18,2024-05-10-to-2024-05-16,CHN,uploaders,all,234,12581,1.8599475399411811,True
monarch-legacy-of-monsters-110,18,2024-05-10-to-2024-05-16,CHN,uploaders,without-hosting,212,9530,2.2245540398740817,True
monarch-legacy-of-monsters-110,18,2024-05-10-to-2024-05-16,KOR,downloaders,all,86959,1008484,8.622744634520727,True
monarch-legacy-of-monsters-110,18,2024-05-10-to-2024-05-16,KOR,downloaders,without-hosting,84569,875063,9.66433273947133,True
monarch-legacy-of-monsters-110,18,2024-05-10-to-2024-05-16,KOR,uploaders,all,98,12581,0.778952388522375,True
monarch-legacy-of-monsters-110,18,2024-05-10-to-2024-05-16,KOR,uploaders,without-hosting,95,9530,0.9968520461699895,True
monarch-legacy-of-monsters-110,18,2024-05-10-to-2024-05-16,asia-28,downloaders,all,179586,1008484,17.80752099190468,True
monarch-legacy-of-monsters-110,18,2024-05-10-to-2024-05-16,asia-28,downloaders,without-hosting,170808,875063,19.51950888107485,True
monarch-legacy-of-monsters-110,18,2024-05-10-to-2024-05-16,asia-28,uploaders,all,1359,12581,10.802003020427628,True
monarch-legacy-of-monsters-110,18,2024-05-10-to-2024-05-16,asia-28,uploaders,without-hosting,1277,9530,13.399790136411333,True
monarch-legacy-of-monsters-110,18,2024-05-10-to-2024-05-16,eur-27,downloaders,all,249970,1008484,24.786709556125828,True
monarch-legacy-of-monsters-110,18,2024-05-10-to-2024-05-16,eur-27,downloaders,without-hosting,180862,875063,20.668454728402413,True
monarch-legacy-of-monsters-110,18,2024-05-10-to-2024-05-16,eur-27,uploaders,all,2701,12581,21.46888164692791,True
monarch-legacy-of-monsters-110,18,2024-05-10-to-2024-05-16,eur-27,uploaders,without-hosting,1956,9530,20.524658971668416,True
monarch-legacy-of-monsters-110,18,2024-05-10-to-2024-05-16,usa-can,downloaders,all,96717,1008484,9.590335592830426,True
monarch-legacy-of-monsters-110,18,2024-05-10-to-2024-05-16,usa-can,downloaders,without-hosting,58788,875063,6.718144864998291,True
monarch-legacy-of-monsters-110,18,2024-05-10-to-2024-05-16,usa-can,uploaders,all,3261,12581,25.92003815277005,True
monarch-legacy-of-monsters-110,18,2024-05-10-to-2024-05-16,usa-can,uploaders,without-hosting,1379,9530,14.4700944386149,True
monarch-legacy-of-monsters-110,19,2024-05-17-to-2024-05-23,JPN,downloaders,all,19780,1134041,1.7442050155153122,True
monarch-legacy-of-monsters-110,19,2024-05-17-to-2024-05-23,JPN,downloaders,without-hosting,17916,948420,1.8890365028152085,True
monarch-legacy-of-monsters-110,19,2024-05-17-to-2024-05-23,JPN,uploaders,all,25,13223,0.18906450881040612,True
monarch-legacy-of-monsters-110,19,2024-05-17-to-2024-05-23,JPN,uploaders,without-hosting,18,9393,0.1916320664324497,True
monarch-legacy-of-monsters-110,19,2024-05-17-to-2024-05-23,USA,downloaders,all,94151,1134041,8.302257149432869,True
monarch-legacy-of-monsters-110,19,2024-05-17-to-2024-05-23,USA,downloaders,without-hosting,44854,948420,4.729339322241201,True
monarch-legacy-of-monsters-110,19,2024-05-17-to-2024-05-23,USA,uploaders,all,2198,13223,16.622551614610906,True
monarch-legacy-of-monsters-110,19,2024-05-17-to-2024-05-23,USA,uploaders,without-hosting,605,9393,6.440966677312892,True
monarch-legacy-of-monsters-110,19,2024-05-17-to-2024-05-23,CHN,downloaders,all,62264,1134041,5.490454048839504,True
monarch-legacy-of-monsters-110,19,2024-05-17-to-2024-05-23,CHN,downloaders,without-hosting,59320,948420,6.254612935197486,True
monarch-legacy-of-monsters-110,19,2024-05-17-to-2024-05-23,CHN,uploaders,all,218,13223,1.6486425168267413,True
monarch-legacy-of-monsters-110,19,2024-05-17-to-2024-05-23,CHN,uploaders,without-hosting,208,9393,2.214414989886085,True
monarch-legacy-of-monsters-110,19,2024-05-17-to-2024-05-23,KOR,downloaders,all,122845,1134041,10.832500764963525,True
monarch-legacy-of-monsters-110,19,2024-05-17-to-2024-05-23,KOR,downloaders,without-hosting,119312,948420,12.580080555028363,True
monarch-legacy-of-monsters-110,19,2024-05-17-to-2024-05-23,KOR,uploaders,all,84,13223,0.6352567496029645,True
monarch-legacy-of-monsters-110,19,2024-05-17-to-2024-05-23,KOR,uploaders,without-hosting,84,9393,0.8942829766847652,True
monarch-legacy-of-monsters-110,19,2024-05-17-to-2024-05-23,asia-28,downloaders,all,243268,1134041,21.451429004771434,True
monarch-legacy-of-monsters-110,19,2024-05-17-to-2024-05-23,asia-28,downloaders,without-hosting,231668,948420,24.426730773286096,True
monarch-legacy-of-monsters-110,19,2024-05-17-to-2024-05-23,asia-28,uploaders,all,1215,13223,9.188535128185737,True
monarch-legacy-of-monsters-110,19,2024-05-17-to-2024-05-23,asia-28,uploaders,without-hosting,1148,9393,12.221867348025125,True
monarch-legacy-of-monsters-110,19,2024-05-17-to-2024-05-23,eur-27,downloaders,all,255477,1134041,22.528021473650423,True
monarch-legacy-of-monsters-110,19,2024-05-17-to-2024-05-23,eur-27,downloaders,without-hosting,163064,948420,17.193226629552306,True
monarch-legacy-of-monsters-110,19,2024-05-17-to-2024-05-23,eur-27,uploaders,all,2766,13223,20.918097254783333,True
monarch-legacy-of-monsters-110,19,2024-05-17-to-2024-05-23,eur-27,uploaders,without-hosting,2012,9393,21.42020653678271,True
monarch-legacy-of-monsters-110,19,2024-05-17-to-2024-05-23,usa-can,downloaders,all,124245,1134041,10.955953091643071,True
monarch-legacy-of-monsters-110,19,2024-05-17-to-2024-05-23,usa-can,downloaders,without-hosting,64895,948420,6.842432677505746,True
monarch-legacy-of-monsters-110,19,2024-05-17-to-2024-05-23,usa-can,uploaders,all,4076,13223,30.825077516448612,True
monarch-legacy-of-monsters-110,19,2024-05-17-to-2024-05-23,usa-can,uploaders,without-hosting,1474,9393,15.692536995635047,True
monarch-legacy-of-monsters-110,20,2024-05-24-to-2024-05-30,JPN,downloaders,all,21334,1171489,1.821101179780604,True
monarch-legacy-of-monsters-110,20,2024-05-24-to-2024-05-30,JPN,downloaders,without-hosting,19377,985783,1.965645583257167,True
monarch-legacy-of-monsters-110,20,2024-05-24-to-2024-05-30,JPN,uploaders,all,33,12796,0.2578930915911222,True
monarch-legacy-of-monsters-110,20,2024-05-24-to-2024-05-30,JPN,uploaders,without-hosting,23,9182,0.25049008930516226,True
monarch-legacy-of-monsters-110,20,2024-05-24-to-2024-05-30,USA,downloaders,all,87504,1171489,7.469468343279365,True
monarch-legacy-of-monsters-110,20,2024-05-24-to-2024-05-30,USA,downloaders,without-hosting,49035,985783,4.974218463901285,True
monarch-legacy-of-monsters-110,20,2024-05-24-to-2024-05-30,USA,uploaders,all,2084,12796,16.28633948108784,True
monarch-legacy-of-monsters-110,20,2024-05-24-to-2024-05-30,USA,uploaders,without-hosting,622,9182,6.774123284687432,True
monarch-legacy-of-monsters-110,20,2024-05-24-to-2024-05-30,CHN,downloaders,all,73394,1171489,6.265018280154573,True
monarch-legacy-of-monsters-110,20,2024-05-24-to-2024-05-30,CHN,downloaders,without-hosting,69899,985783,7.090708604226285,True
monarch-legacy-of-monsters-110,20,2024-05-24-to-2024-05-30,CHN,uploaders,all,183,12796,1.430134417005314,True
monarch-legacy-of-monsters-110,20,2024-05-24-to-2024-05-30,CHN,uploaders,without-hosting,176,9182,1.916793726856894,True
monarch-legacy-of-monsters-110,20,2024-05-24-to-2024-05-30,KOR,downloaders,all,140366,1171489,11.981845326759364,True
monarch-legacy-of-monsters-110,20,2024-05-24-to-2024-05-30,KOR,downloaders,without-hosting,136094,985783,13.805675285534443,True
monarch-legacy-of-monsters-110,20,2024-05-24-to-2024-05-30,KOR,uploaders,all,90,12796,0.7033447952485151,True
monarch-legacy-of-monsters-110,20,2024-05-24-to-2024-05-30,KOR,uploaders,without-hosting,89,9182,0.9692877368764975,True
monarch-legacy-of-monsters-110,20,2024-05-24-to-2024-05-30,asia-28,downloaders,all,274045,1171489,23.392878635650867,True
monarch-legacy-of-monsters-110,20,2024-05-24-to-2024-05-30,asia-28,downloaders,without-hosting,260953,985783,26.47164741124568,True
monarch-legacy-of-monsters-110,20,2024-05-24-to-2024-05-30,asia-28,uploaders,all,1186,12796,9.268521412941544,True
monarch-legacy-of-monsters-110,20,2024-05-24-to-2024-05-30,asia-28,uploaders,without-hosting,1124,9182,12.2413417556088,True
monarch-legacy-of-monsters-110,20,2024-05-24-to-2024-05-30,eur-27,downloaders,all,240878,1171489,20.561695414980424,True
monarch-legacy-of-monsters-110,20,2024-05-24-to-2024-05-30,eur-27,downloaders,without-hosting,141157,985783,14.31927716343252,True
monarch-legacy-of-monsters-110,20,2024-05-24-to-2024-05-30,eur-27,uploaders,all,2814,12796,21.99124726477024,True
monarch-legacy-of-monsters-110,20,2024-05-24-to-2024-05-30,eur-27,uploaders,without-hosting,2041,9182,22.228272707471138,True
monarch-legacy-of-monsters-110,20,2024-05-24-to-2024-05-30,usa-can,downloaders,all,119311,1171489,10.184559991600434,True
monarch-legacy-of-monsters-110,20,2024-05-24-to-2024-05-30,usa-can,downloaders,without-hosting,70441,985783,7.145690278692166,True
monarch-legacy-of-monsters-110,20,2024-05-24-to-2024-05-30,usa-can,uploaders,all,3882,12796,30.33760550171929,True
monarch-legacy-of-monsters-110,20,2024-05-24-to-2024-05-30,usa-can,uploaders,without-hosting,1457,9182,15.868002613809628,True
monarch-legacy-of-monsters-110,21,2024-05-31-to-2024-06-06,JPN,downloaders,all,20008,1101716,1.8160760123298563,True
monarch-legacy-of-monsters-110,21,2024-05-31-to-2024-06-06,JPN,downloaders,without-hosting,18000,921541,1.9532500453045496,True
monarch-legacy-of-monsters-110,21,2024-05-31-to-2024-06-06,JPN,uploaders,all,47,13521,0.3476074254862806,True
monarch-legacy-of-monsters-110,21,2024-05-31-to-2024-06-06,JPN,uploaders,without-hosting,28,9426,0.29705071079991513,True
monarch-legacy-of-monsters-110,21,2024-05-31-to-2024-06-06,USA,downloaders,all,84853,1101716,7.7018941360568425,True
monarch-legacy-of-monsters-110,21,2024-05-31-to-2024-06-06,USA,downloaders,without-hosting,48009,921541,5.2096434125014515,True
monarch-legacy-of-monsters-110,21,2024-05-31-to-2024-06-06,USA,uploaders,all,2250,13521,16.640781007321944,True
monarch-legacy-of-monsters-110,21,2024-05-31-to-2024-06-06,USA,uploaders,without-hosting,585,9426,6.206238064926798,True
monarch-legacy-of-monsters-110,21,2024-05-31-to-2024-06-06,CHN,downloaders,all,72187,1101716,6.552233061878016,True
monarch-legacy-of-monsters-110,21,2024-05-31-to-2024-06-06,CHN,downloaders,without-hosting,68559,921541,7.439603880890812,True
monarch-legacy-of-monsters-110,21,2024-05-31-to-2024-06-06,CHN,uploaders,all,190,13521,1.405221507284964,True
monarch-legacy-of-monsters-110,21,2024-05-31-to-2024-06-06,CHN,uploaders,without-hosting,185,9426,1.9626564820708678,True
monarch-legacy-of-monsters-110,21,2024-05-31-to-2024-06-06,KOR,downloaders,all,137553,1101716,12.485341049780525,True
monarch-legacy-of-monsters-110,21,2024-05-31-to-2024-06-06,KOR,downloaders,without-hosting,133465,921541,14.482806516476206,True
monarch-legacy-of-monsters-110,21,2024-05-31-to-2024-06-06,KOR,uploaders,all,91,13521,0.6730271429627986,True
monarch-legacy-of-monsters-110,21,2024-05-31-to-2024-06-06,KOR,uploaders,without-hosting,88,9426,0.9335879482283047,True
monarch-legacy-of-monsters-110,21,2024-05-31-to-2024-06-06,asia-28,downloaders,all,268009,1101716,24.326505197346684,True
monarch-legacy-of-monsters-110,21,2024-05-31-to-2024-06-06,asia-28,downloaders,without-hosting,254702,921541,27.63870516884219,True
monarch-legacy-of-monsters-110,21,2024-05-31-to-2024-06-06,asia-28,uploaders,all,1252,13521,9.259670142740921,True
monarch-legacy-of-monsters-110,21,2024-05-31-to-2024-06-06,asia-28,uploaders,without-hosting,1166,9426,12.370040314025037,True
monarch-legacy-of-monsters-110,21,2024-05-31-to-2024-06-06,eur-27,downloaders,all,224946,1101716,20.417784619629742,True
monarch-legacy-of-monsters-110,21,2024-05-31-to-2024-06-06,eur-27,downloaders,without-hosting,128221,921541,13.913759669944147,True
monarch-legacy-of-monsters-110,21,2024-05-31-to-2024-06-06,eur-27,uploaders,all,2781,13521,20.56800532504992,True
monarch-legacy-of-monsters-110,21,2024-05-31-to-2024-06-06,eur-27,uploaders,without-hosting,1947,9426,20.65563335455124,True
monarch-legacy-of-monsters-110,21,2024-05-31-to-2024-06-06,usa-can,downloaders,all,115733,1101716,10.504794339012959,True
monarch-legacy-of-monsters-110,21,2024-05-31-to-2024-06-06,usa-can,downloaders,without-hosting,68413,921541,7.4237608527455645,True
monarch-legacy-of-monsters-110,21,2024-05-31-to-2024-06-06,usa-can,uploaders,all,4338,13521,32.083425782116706,True
monarch-legacy-of-monsters-110,21,2024-05-31-to-2024-06-06,usa-can,uploaders,without-hosting,1539,9426,16.32718014003819,True
monarch-legacy-of-monsters-201,1,2026-02-27-to-2026-03-05-partial,JPN,downloaders,all,8548,993342,0.8605294047770053,False
monarch-legacy-of-monsters-201,1,2026-02-27-to-2026-03-05-partial,JPN,downloaders,without-hosting,6549,789658,0.8293463752662545,False
monarch-legacy-of-monsters-201,1,2026-02-27-to-2026-03-05-partial,JPN,uploaders,all,633,137978,0.4587687892272681,False
monarch-legacy-of-monsters-201,1,2026-02-27-to-2026-03-05-partial,JPN,uploaders,without-hosting,315,97595,0.3227624366002357,False
monarch-legacy-of-monsters-201,1,2026-02-27-to-2026-03-05-partial,USA,downloaders,all,103534,993342,10.422794968902956,False
monarch-legacy-of-monsters-201,1,2026-02-27-to-2026-03-05-partial,USA,downloaders,without-hosting,40561,789658,5.136527458722637,False
monarch-legacy-of-monsters-201,1,2026-02-27-to-2026-03-05-partial,USA,uploaders,all,21870,137978,15.850352954818884,False
monarch-legacy-of-monsters-201,1,2026-02-27-to-2026-03-05-partial,USA,uploaders,without-hosting,7150,97595,7.326194989497413,False
monarch-legacy-of-monsters-201,1,2026-02-27-to-2026-03-05-partial,CHN,downloaders,all,70565,993342,7.103797080965065,False
monarch-legacy-of-monsters-201,1,2026-02-27-to-2026-03-05-partial,CHN,downloaders,without-hosting,67599,789658,8.56054139893473,False
monarch-legacy-of-monsters-201,1,2026-02-27-to-2026-03-05-partial,CHN,uploaders,all,6313,137978,4.575367087506704,False
monarch-legacy-of-monsters-201,1,2026-02-27-to-2026-03-05-partial,CHN,uploaders,without-hosting,6266,97595,6.420410881705005,False
monarch-legacy-of-monsters-201,1,2026-02-27-to-2026-03-05-partial,KOR,downloaders,all,76653,993342,7.716677639725291,False
monarch-legacy-of-monsters-201,1,2026-02-27-to-2026-03-05-partial,KOR,downloaders,without-hosting,74959,789658,9.492590463213189,False
monarch-legacy-of-monsters-201,1,2026-02-27-to-2026-03-05-partial,KOR,uploaders,all,943,137978,0.6834422879009697,False
monarch-legacy-of-monsters-201,1,2026-02-27-to-2026-03-05-partial,KOR,uploaders,without-hosting,889,97595,0.9109073210717762,False
monarch-legacy-of-monsters-201,1,2026-02-27-to-2026-03-05-partial,asia-28,downloaders,all,220638,993342,22.211685401402537,False
monarch-legacy-of-monsters-201,1,2026-02-27-to-2026-03-05-partial,asia-28,downloaders,without-hosting,207745,789658,26.30822457316965,False
monarch-legacy-of-monsters-201,1,2026-02-27-to-2026-03-05-partial,asia-28,uploaders,all,23349,137978,16.9222629694589,False
monarch-legacy-of-monsters-201,1,2026-02-27-to-2026-03-05-partial,asia-28,uploaders,without-hosting,21525,97595,22.05543316768277,False
monarch-legacy-of-monsters-201,1,2026-02-27-to-2026-03-05-partial,eur-27,downloaders,all,248338,993342,25.00025167565652,False
monarch-legacy-of-monsters-201,1,2026-02-27-to-2026-03-05-partial,eur-27,downloaders,without-hosting,173169,789658,21.929620164678887,False
monarch-legacy-of-monsters-201,1,2026-02-27-to-2026-03-05-partial,eur-27,uploaders,all,30338,137978,21.98756323471858,False
monarch-legacy-of-monsters-201,1,2026-02-27-to-2026-03-05-partial,eur-27,uploaders,without-hosting,18987,97595,19.45489010707516,False
monarch-legacy-of-monsters-201,1,2026-02-27-to-2026-03-05-partial,usa-can,downloaders,all,137259,993342,13.817899575372833,False
monarch-legacy-of-monsters-201,1,2026-02-27-to-2026-03-05-partial,usa-can,downloaders,without-hosting,59015,789658,7.473488522879525,False
monarch-legacy-of-monsters-201,1,2026-02-27-to-2026-03-05-partial,usa-can,uploaders,all,30462,137978,22.07743263418806,False
monarch-legacy-of-monsters-201,1,2026-02-27-to-2026-03-05-partial,usa-can,uploaders,without-hosting,11607,97595,11.893027306726779,False
monarch-legacy-of-monsters-201,2,2026-03-06-to-2026-03-12,JPN,downloaders,all,24097,2033407,1.1850554266804432,True
monarch-legacy-of-monsters-201,2,2026-03-06-to-2026-03-12,JPN,downloaders,without-hosting,19571,1617991,1.209586456290548,True
monarch-legacy-of-monsters-201,2,2026-03-06-to-2026-03-12,JPN,uploaders,all,1022,228690,0.44689317416590146,True
monarch-legacy-of-monsters-201,2,2026-03-06-to-2026-03-12,JPN,uploaders,without-hosting,499,160273,0.3113437696929614,True
monarch-legacy-of-monsters-201,2,2026-03-06-to-2026-03-12,USA,downloaders,all,187751,2033407,9.23332121901813,True
monarch-legacy-of-monsters-201,2,2026-03-06-to-2026-03-12,USA,downloaders,without-hosting,77387,1617991,4.782906703436546,True
monarch-legacy-of-monsters-201,2,2026-03-06-to-2026-03-12,USA,uploaders,all,36063,228690,15.769382133018496,True
monarch-legacy-of-monsters-201,2,2026-03-06-to-2026-03-12,USA,uploaders,without-hosting,11466,160273,7.154043413425842,True
monarch-legacy-of-monsters-201,2,2026-03-06-to-2026-03-12,CHN,downloaders,all,183208,2033407,9.009903083839093,True
monarch-legacy-of-monsters-201,2,2026-03-06-to-2026-03-12,CHN,downloaders,without-hosting,174779,1617991,10.802223250932792,True
monarch-legacy-of-monsters-201,2,2026-03-06-to-2026-03-12,CHN,uploaders,all,13728,228690,6.002886002886003,True
monarch-legacy-of-monsters-201,2,2026-03-06-to-2026-03-12,CHN,uploaders,without-hosting,13603,160273,8.48739338503678,True
monarch-legacy-of-monsters-201,2,2026-03-06-to-2026-03-12,KOR,downloaders,all,235509,2033407,11.581990226255737,True
monarch-legacy-of-monsters-201,2,2026-03-06-to-2026-03-12,KOR,downloaders,without-hosting,230325,1617991,14.235246055138749,True
monarch-legacy-of-monsters-201,2,2026-03-06-to-2026-03-12,KOR,uploaders,all,2378,228690,1.0398355852901306,True
monarch-legacy-of-monsters-201,2,2026-03-06-to-2026-03-12,KOR,uploaders,without-hosting,2304,160273,1.437547185115397,True
monarch-legacy-of-monsters-201,2,2026-03-06-to-2026-03-12,asia-28,downloaders,all,555806,2033407,27.333731023843235,True
monarch-legacy-of-monsters-201,2,2026-03-06-to-2026-03-12,asia-28,downloaders,without-hosting,526182,1617991,32.52070005333775,True
monarch-legacy-of-monsters-201,2,2026-03-06-to-2026-03-12,asia-28,uploaders,all,42662,228690,18.654947745856838,True
monarch-legacy-of-monsters-201,2,2026-03-06-to-2026-03-12,asia-28,uploaders,without-hosting,39487,160273,24.63733754281757,True
monarch-legacy-of-monsters-201,2,2026-03-06-to-2026-03-12,eur-27,downloaders,all,450764,2033407,22.16791817870205,True
monarch-legacy-of-monsters-201,2,2026-03-06-to-2026-03-12,eur-27,downloaders,without-hosting,273293,1617991,16.890885054366805,True
monarch-legacy-of-monsters-201,2,2026-03-06-to-2026-03-12,eur-27,uploaders,all,51157,228690,22.369583278674188,True
monarch-legacy-of-monsters-201,2,2026-03-06-to-2026-03-12,eur-27,uploaders,without-hosting,30880,160273,19.26712546717164,True
monarch-legacy-of-monsters-201,2,2026-03-06-to-2026-03-12,usa-can,downloaders,all,251944,2033407,12.390239632301846,True
monarch-legacy-of-monsters-201,2,2026-03-06-to-2026-03-12,usa-can,downloaders,without-hosting,113804,1617991,7.033660879448649,True
monarch-legacy-of-monsters-201,2,2026-03-06-to-2026-03-12,usa-can,uploaders,all,49358,228690,21.582928855656128,True
monarch-legacy-of-monsters-201,2,2026-03-06-to-2026-03-12,usa-can,uploaders,without-hosting,17927,160273,11.185290098768975,True
monarch-legacy-of-monsters-201,3,2026-03-13-to-2026-03-19,JPN,downloaders,all,41747,3239701,1.2886065720262456,True
monarch-legacy-of-monsters-201,3,2026-03-13-to-2026-03-19,JPN,downloaders,without-hosting,34608,2617846,1.3220028985662258,True
monarch-legacy-of-monsters-201,3,2026-03-13-to-2026-03-19,JPN,uploaders,all,1215,299011,0.40633956610291927,True
monarch-legacy-of-monsters-201,3,2026-03-13-to-2026-03-19,JPN,uploaders,without-hosting,621,212069,0.2928292206781755,True
monarch-legacy-of-monsters-201,3,2026-03-13-to-2026-03-19,USA,downloaders,all,270962,3239701,8.363796535544484,True
monarch-legacy-of-monsters-201,3,2026-03-13-to-2026-03-19,USA,downloaders,without-hosting,117388,2617846,4.4841445982689585,True
monarch-legacy-of-monsters-201,3,2026-03-13-to-2026-03-19,USA,uploaders,all,44152,299011,14.766011952737525,True
monarch-legacy-of-monsters-201,3,2026-03-13-to-2026-03-19,USA,uploaders,without-hosting,14399,212069,6.789771253695731,True
monarch-legacy-of-monsters-201,3,2026-03-13-to-2026-03-19,CHN,downloaders,all,322515,3239701,9.955085361272538,True
monarch-legacy-of-monsters-201,3,2026-03-13-to-2026-03-19,CHN,downloaders,without-hosting,307378,2617846,11.741637972592734,True
monarch-legacy-of-monsters-201,3,2026-03-13-to-2026-03-19,CHN,uploaders,all,21588,299011,7.219801278213845,True
monarch-legacy-of-monsters-201,3,2026-03-13-to-2026-03-19,CHN,uploaders,without-hosting,21372,212069,10.07785201986146,True
monarch-legacy-of-monsters-201,3,2026-03-13-to-2026-03-19,KOR,downloaders,all,435304,3239701,13.436548619764602,True
monarch-legacy-of-monsters-201,3,2026-03-13-to-2026-03-19,KOR,downloaders,without-hosting,425913,2617846,16.269597218476566,True
monarch-legacy-of-monsters-201,3,2026-03-13-to-2026-03-19,KOR,uploaders,all,3263,299011,1.0912642009825726,True
monarch-legacy-of-monsters-201,3,2026-03-13-to-2026-03-19,KOR,uploaders,without-hosting,3178,212069,1.4985688620213233,True
monarch-legacy-of-monsters-201,3,2026-03-13-to-2026-03-19,asia-28,downloaders,all,964832,3239701,29.78151378784647,True
monarch-legacy-of-monsters-201,3,2026-03-13-to-2026-03-19,asia-28,downloaders,without-hosting,916407,2617846,35.00614627445618,True
monarch-legacy-of-monsters-201,3,2026-03-13-to-2026-03-19,asia-28,uploaders,all,57086,299011,19.091605325556586,True
monarch-legacy-of-monsters-201,3,2026-03-13-to-2026-03-19,asia-28,uploaders,without-hosting,53163,212069,25.068727631101197,True
monarch-legacy-of-monsters-201,3,2026-03-13-to-2026-03-19,eur-27,downloaders,all,715293,3239701,22.07898198012718,True
monarch-legacy-of-monsters-201,3,2026-03-13-to-2026-03-19,eur-27,downloaders,without-hosting,436054,2617846,16.65697676639497,True
monarch-legacy-of-monsters-201,3,2026-03-13-to-2026-03-19,eur-27,uploaders,all,72180,299011,24.139580149225278,True
monarch-legacy-of-monsters-201,3,2026-03-13-to-2026-03-19,eur-27,uploaders,without-hosting,43902,212069,20.70175273142232,True
monarch-legacy-of-monsters-201,3,2026-03-13-to-2026-03-19,usa-can,downloaders,all,368962,3239701,11.388767049798732,True
monarch-legacy-of-monsters-201,3,2026-03-13-to-2026-03-19,usa-can,downloaders,without-hosting,175301,2617846,6.696383209707523,True
monarch-legacy-of-monsters-201,3,2026-03-13-to-2026-03-19,usa-can,uploaders,all,61702,299011,20.635361240890802,True
monarch-legacy-of-monsters-201,3,2026-03-13-to-2026-03-19,usa-can,uploaders,without-hosting,23260,212069,10.968128297865318,True
monarch-legacy-of-monsters-201,4,2026-03-20-to-2026-03-26,JPN,downloaders,all,44795,3241034,1.3821206442141614,True
monarch-legacy-of-monsters-201,4,2026-03-20-to-2026-03-26,JPN,downloaders,without-hosting,37724,2661163,1.4175756990458683,True
monarch-legacy-of-monsters-201,4,2026-03-20-to-2026-03-26,JPN,uploaders,all,783,205654,0.380736576969084,True
monarch-legacy-of-monsters-201,4,2026-03-20-to-2026-03-26,JPN,uploaders,without-hosting,388,144541,0.26843594551027045,True
monarch-legacy-of-monsters-201,4,2026-03-20-to-2026-03-26,USA,downloaders,all,237604,3241034,7.331117168163,True
monarch-legacy-of-monsters-201,4,2026-03-20-to-2026-03-26,USA,downloaders,without-hosting,108448,2661163,4.075210725536166,True
monarch-legacy-of-monsters-201,4,2026-03-20-to-2026-03-26,USA,uploaders,all,28834,205654,14.020636603226778,True
monarch-legacy-of-monsters-201,4,2026-03-20-to-2026-03-26,USA,uploaders,without-hosting,9155,144541,6.333842992645685,True
monarch-legacy-of-monsters-201,4,2026-03-20-to-2026-03-26,CHN,downloaders,all,338542,3241034,10.44549362950219,True
monarch-legacy-of-monsters-201,4,2026-03-20-to-2026-03-26,CHN,downloaders,without-hosting,320700,2661163,12.051122009437227,True
monarch-legacy-of-monsters-201,4,2026-03-20-to-2026-03-26,CHN,uploaders,all,15605,205654,7.587987590807861,True
monarch-legacy-of-monsters-201,4,2026-03-20-to-2026-03-26,CHN,uploaders,without-hosting,15457,144541,10.693851571526418,True
monarch-legacy-of-monsters-201,4,2026-03-20-to-2026-03-26,KOR,downloaders,all,458749,3241034,14.15440257646171,True
monarch-legacy-of-monsters-201,4,2026-03-20-to-2026-03-26,KOR,downloaders,without-hosting,448663,2661163,16.859658728157576,True
monarch-legacy-of-monsters-201,4,2026-03-20-to-2026-03-26,KOR,uploaders,all,1730,205654,0.8412187460491894,True
monarch-legacy-of-monsters-201,4,2026-03-20-to-2026-03-26,KOR,uploaders,without-hosting,1684,144541,1.1650673511322047,True
monarch-legacy-of-monsters-201,4,2026-03-20-to-2026-03-26,asia-28,downloaders,all,980532,3241034,30.253678301430963,True
monarch-legacy-of-monsters-201,4,2026-03-20-to-2026-03-26,asia-28,downloaders,without-hosting,931190,2661163,34.9918437916054,True
monarch-legacy-of-monsters-201,4,2026-03-20-to-2026-03-26,asia-28,uploaders,all,38529,205654,18.73486535637527,True
monarch-legacy-of-monsters-201,4,2026-03-20-to-2026-03-26,asia-28,uploaders,without-hosting,35901,144541,24.837935257124276,True
monarch-legacy-of-monsters-201,4,2026-03-20-to-2026-03-26,eur-27,downloaders,all,760505,3241034,23.46488805732985,True
monarch-legacy-of-monsters-201,4,2026-03-20-to-2026-03-26,eur-27,downloaders,without-hosting,478028,2661163,17.963123641806234,True
monarch-legacy-of-monsters-201,4,2026-03-20-to-2026-03-26,eur-27,uploaders,all,55674,205654,27.071683507250043,True
monarch-legacy-of-monsters-201,4,2026-03-20-to-2026-03-26,eur-27,uploaders,without-hosting,32752,144541,22.659314658124686,True
monarch-legacy-of-monsters-201,4,2026-03-20-to-2026-03-26,usa-can,downloaders,all,322414,3241034,9.947874659753646,True
monarch-legacy-of-monsters-201,4,2026-03-20-to-2026-03-26,usa-can,downloaders,without-hosting,161291,2661163,6.0609214843284684,True
monarch-legacy-of-monsters-201,4,2026-03-20-to-2026-03-26,usa-can,uploaders,all,39805,205654,19.355324963287853,True
monarch-legacy-of-monsters-201,4,2026-03-20-to-2026-03-26,usa-can,uploaders,without-hosting,14709,144541,10.176351346676721,True
monarch-legacy-of-monsters-201,5,2026-03-27-to-2026-04-02,JPN,downloaders,all,48449,3250261,1.4906187533862665,False
monarch-legacy-of-monsters-201,5,2026-03-27-to-2026-04-02,JPN,downloaders,without-hosting,41162,2665637,1.5441712431212502,False
monarch-legacy-of-monsters-201,5,2026-03-27-to-2026-04-02,JPN,uploaders,all,808,198288,0.4074880981199064,False
monarch-legacy-of-monsters-201,5,2026-03-27-to-2026-04-02,JPN,uploaders,without-hosting,295,130829,0.22548517530516934,False
monarch-legacy-of-monsters-201,5,2026-03-27-to-2026-04-02,USA,downloaders,all,234613,3250261,7.218281854903345,False
monarch-legacy-of-monsters-201,5,2026-03-27-to-2026-04-02,USA,downloaders,without-hosting,109367,2665637,4.10284671168655,False
monarch-legacy-of-monsters-201,5,2026-03-27-to-2026-04-02,USA,uploaders,all,33013,198288,16.649015573307512,False
monarch-legacy-of-monsters-201,5,2026-03-27-to-2026-04-02,USA,uploaders,without-hosting,8030,130829,6.137782907459355,False
monarch-legacy-of-monsters-201,5,2026-03-27-to-2026-04-02,CHN,downloaders,all,374454,3250261,11.520736334712812,False
monarch-legacy-of-monsters-201,5,2026-03-27-to-2026-04-02,CHN,downloaders,without-hosting,354414,2665637,13.29565878624884,False
monarch-legacy-of-monsters-201,5,2026-03-27-to-2026-04-02,CHN,uploaders,all,14544,198288,7.334785766158316,False
monarch-legacy-of-monsters-201,5,2026-03-27-to-2026-04-02,CHN,uploaders,without-hosting,14462,130829,11.054124085638506,False
monarch-legacy-of-monsters-201,5,2026-03-27-to-2026-04-02,KOR,downloaders,all,502386,3250261,15.456789470137936,False
monarch-legacy-of-monsters-201,5,2026-03-27-to-2026-04-02,KOR,downloaders,without-hosting,491308,2665637,18.431166734255264,False
monarch-legacy-of-monsters-201,5,2026-03-27-to-2026-04-02,KOR,uploaders,all,779,198288,0.3928629064794642,False
monarch-legacy-of-monsters-201,5,2026-03-27-to-2026-04-02,KOR,uploaders,without-hosting,729,130829,0.5572159077880287,False
monarch-legacy-of-monsters-201,5,2026-03-27-to-2026-04-02,asia-28,downloaders,all,1052202,3250261,32.372846365261125,False
monarch-legacy-of-monsters-201,5,2026-03-27-to-2026-04-02,asia-28,downloaders,without-hosting,1000237,2665637,37.52337621364049,False
monarch-legacy-of-monsters-201,5,2026-03-27-to-2026-04-02,asia-28,uploaders,all,34808,198288,17.554264504155572,False
monarch-legacy-of-monsters-201,5,2026-03-27-to-2026-04-02,asia-28,uploaders,without-hosting,32330,130829,24.711646500393645,False
monarch-legacy-of-monsters-201,5,2026-03-27-to-2026-04-02,eur-27,downloaders,all,744735,3250261,22.91308298010529,False
monarch-legacy-of-monsters-201,5,2026-03-27-to-2026-04-02,eur-27,downloaders,without-hosting,450102,2665637,16.885344853781667,False
monarch-legacy-of-monsters-201,5,2026-03-27-to-2026-04-02,eur-27,uploaders,all,53947,198288,27.206386669894297,False
monarch-legacy-of-monsters-201,5,2026-03-27-to-2026-04-02,eur-27,uploaders,without-hosting,29834,130829,22.803812610353972,False
monarch-legacy-of-monsters-201,5,2026-03-27-to-2026-04-02,usa-can,downloaders,all,316253,3250261,9.730080138179673,False
monarch-legacy-of-monsters-201,5,2026-03-27-to-2026-04-02,usa-can,downloaders,without-hosting,160674,2665637,6.027602407979781,False
monarch-legacy-of-monsters-201,5,2026-03-27-to-2026-04-02,usa-can,uploaders,all,42900,198288,21.63519728879206,False
monarch-legacy-of-monsters-201,5,2026-03-27-to-2026-04-02,usa-can,uploaders,without-hosting,12635,130829,9.657644711799371,False
monarch-legacy-of-monsters-201,6,2026-04-03-to-2026-04-09,JPN,downloaders,all,46025,3184173,1.4454302577152687,True
monarch-legacy-of-monsters-201,6,2026-04-03-to-2026-04-09,JPN,downloaders,without-hosting,39031,2640032,1.4784290493448564,True
monarch-legacy-of-monsters-201,6,2026-04-03-to-2026-04-09,JPN,uploaders,all,634,179731,0.3527493865832828,True
monarch-legacy-of-monsters-201,6,2026-04-03-to-2026-04-09,JPN,uploaders,without-hosting,260,116529,0.223120424958594,True
monarch-legacy-of-monsters-201,6,2026-04-03-to-2026-04-09,USA,downloaders,all,242515,3184173,7.616263312326309,True
monarch-legacy-of-monsters-201,6,2026-04-03-to-2026-04-09,USA,downloaders,without-hosting,128067,2640032,4.850963927709967,True
monarch-legacy-of-monsters-201,6,2026-04-03-to-2026-04-09,USA,uploaders,all,30096,179731,16.745024508849337,True
monarch-legacy-of-monsters-201,6,2026-04-03-to-2026-04-09,USA,uploaders,without-hosting,6296,116529,5.402946905920414,True
monarch-legacy-of-monsters-201,6,2026-04-03-to-2026-04-09,CHN,downloaders,all,360024,3184173,11.306672093507482,True
monarch-legacy-of-monsters-201,6,2026-04-03-to-2026-04-09,CHN,downloaders,without-hosting,341086,2640032,12.919767639180131,True
monarch-legacy-of-monsters-201,6,2026-04-03-to-2026-04-09,CHN,uploaders,all,15946,179731,8.872147820910138,True
monarch-legacy-of-monsters-201,6,2026-04-03-to-2026-04-09,CHN,uploaders,without-hosting,15860,116529,13.610345922474234,True
monarch-legacy-of-monsters-201,6,2026-04-03-to-2026-04-09,KOR,downloaders,all,470024,3184173,14.761258260779172,True
monarch-legacy-of-monsters-201,6,2026-04-03-to-2026-04-09,KOR,downloaders,without-hosting,459575,2640032,17.407932934146253,True
monarch-legacy-of-monsters-201,6,2026-04-03-to-2026-04-09,KOR,uploaders,all,635,179731,0.35330577362836685,True
monarch-legacy-of-monsters-201,6,2026-04-03-to-2026-04-09,KOR,uploaders,without-hosting,582,116529,0.49944648971500655,True
monarch-legacy-of-monsters-201,6,2026-04-03-to-2026-04-09,asia-28,downloaders,all,987281,3184173,31.005884416456016,True
monarch-legacy-of-monsters-201,6,2026-04-03-to-2026-04-09,asia-28,downloaders,without-hosting,938414,2640032,35.54555399328493,True
monarch-legacy-of-monsters-201,6,2026-04-03-to-2026-04-09,asia-28,uploaders,all,33074,179731,18.401945129109613,True
monarch-legacy-of-monsters-201,6,2026-04-03-to-2026-04-09,asia-28,uploaders,without-hosting,30782,116529,26.41574200413631,True
monarch-legacy-of-monsters-201,6,2026-04-03-to-2026-04-09,eur-27,downloaders,all,759330,3184173,23.84700831267648,True
monarch-legacy-of-monsters-201,6,2026-04-03-to-2026-04-09,eur-27,downloaders,without-hosting,482387,2640032,18.272013369534914,True
monarch-legacy-of-monsters-201,6,2026-04-03-to-2026-04-09,eur-27,uploaders,all,48378,179731,26.916892467075797,True
monarch-legacy-of-monsters-201,6,2026-04-03-to-2026-04-09,eur-27,uploaders,without-hosting,25835,116529,22.170446841558753,True
monarch-legacy-of-monsters-201,6,2026-04-03-to-2026-04-09,usa-can,downloaders,all,327234,3184173,10.276891362372584,True
monarch-legacy-of-monsters-201,6,2026-04-03-to-2026-04-09,usa-can,downloaders,without-hosting,184444,2640032,6.986430467509485,True
monarch-legacy-of-monsters-201,6,2026-04-03-to-2026-04-09,usa-can,uploaders,all,38836,179731,21.607847282883867,True
monarch-legacy-of-monsters-201,6,2026-04-03-to-2026-04-09,usa-can,uploaders,without-hosting,10159,116529,8.718001527516755,True
monarch-legacy-of-monsters-201,7,2026-04-10-to-2026-04-16,JPN,downloaders,all,37665,2927013,1.2868067207081075,True
monarch-legacy-of-monsters-201,7,2026-04-10-to-2026-04-16,JPN,downloaders,without-hosting,31546,2440388,1.292663297803464,True
monarch-legacy-of-monsters-201,7,2026-04-10-to-2026-04-16,JPN,uploaders,all,537,168539,0.3186206159998576,True
monarch-legacy-of-monsters-201,7,2026-04-10-to-2026-04-16,JPN,uploaders,without-hosting,187,108656,0.17210278309527316,True
monarch-legacy-of-monsters-201,7,2026-04-10-to-2026-04-16,USA,downloaders,all,194842,2927013,6.656683793341539,True
monarch-legacy-of-monsters-201,7,2026-04-10-to-2026-04-16,USA,downloaders,without-hosting,91145,2440388,3.7348569161952936,True
monarch-legacy-of-monsters-201,7,2026-04-10-to-2026-04-16,USA,uploaders,all,29967,168539,17.780454375545126,True
monarch-legacy-of-monsters-201,7,2026-04-10-to-2026-04-16,USA,uploaders,without-hosting,5963,108656,5.487962008540715,True
monarch-legacy-of-monsters-201,7,2026-04-10-to-2026-04-16,CHN,downloaders,all,296451,2927013,10.128106708101399,True
monarch-legacy-of-monsters-201,7,2026-04-10-to-2026-04-16,CHN,downloaders,without-hosting,280384,2440388,11.489320550666534,True
monarch-legacy-of-monsters-201,7,2026-04-10-to-2026-04-16,CHN,uploaders,all,16576,168539,9.835112347883873,True
monarch-legacy-of-monsters-201,7,2026-04-10-to-2026-04-16,CHN,uploaders,without-hosting,16491,108656,15.177256663230747,True
monarch-legacy-of-monsters-201,7,2026-04-10-to-2026-04-16,KOR,downloaders,all,388733,2927013,13.280877126271731,True
monarch-legacy-of-monsters-201,7,2026-04-10-to-2026-04-16,KOR,downloaders,without-hosting,380198,2440388,15.579407864651031,True
monarch-legacy-of-monsters-201,7,2026-04-10-to-2026-04-16,KOR,uploaders,all,560,168539,0.33226730905013085,True
monarch-legacy-of-monsters-201,7,2026-04-10-to-2026-04-16,KOR,uploaders,without-hosting,503,108656,0.46292887645413044,True
monarch-legacy-of-monsters-201,7,2026-04-10-to-2026-04-16,asia-28,downloaders,all,815817,2927013,27.871997835335886,True
monarch-legacy-of-monsters-201,7,2026-04-10-to-2026-04-16,asia-28,downloaders,without-hosting,774608,2440388,31.74118213988923,True
monarch-legacy-of-monsters-201,7,2026-04-10-to-2026-04-16,asia-28,uploaders,all,32595,168539,19.339737390158955,True
monarch-legacy-of-monsters-201,7,2026-04-10-to-2026-04-16,asia-28,uploaders,without-hosting,30615,108656,28.176078633485496,True
monarch-legacy-of-monsters-201,7,2026-04-10-to-2026-04-16,eur-27,downloaders,all,767084,2927013,26.207058185255754,True
monarch-legacy-of-monsters-201,7,2026-04-10-to-2026-04-16,eur-27,downloaders,without-hosting,518568,2440388,21.24940788104187,True
monarch-legacy-of-monsters-201,7,2026-04-10-to-2026-04-16,eur-27,uploaders,all,44010,168539,26.112650484457603,True
monarch-legacy-of-monsters-201,7,2026-04-10-to-2026-04-16,eur-27,uploaders,without-hosting,23511,108656,21.63801354734207,True
monarch-legacy-of-monsters-201,7,2026-04-10-to-2026-04-16,usa-can,downloaders,all,263423,2927013,8.99972087585535,True
monarch-legacy-of-monsters-201,7,2026-04-10-to-2026-04-16,usa-can,downloaders,without-hosting,134658,2440388,5.517893056350056,True
monarch-legacy-of-monsters-201,7,2026-04-10-to-2026-04-16,usa-can,uploaders,all,37541,168539,22.274369730448146,True
monarch-legacy-of-monsters-201,7,2026-04-10-to-2026-04-16,usa-can,uploaders,without-hosting,9421,108656,8.670482992195552,True
monarch-legacy-of-monsters-201,8,2026-04-17-to-2026-04-23,JPN,downloaders,all,27182,2697499,1.0076741455696554,True
monarch-legacy-of-monsters-201,8,2026-04-17-to-2026-04-23,JPN,downloaders,without-hosting,22312,2283023,0.9773007105053256,True
monarch-legacy-of-monsters-201,8,2026-04-17-to-2026-04-23,JPN,uploaders,all,544,169101,0.3217012318082093,True
monarch-legacy-of-monsters-201,8,2026-04-17-to-2026-04-23,JPN,uploaders,without-hosting,221,111542,0.19813164547883308,True
monarch-legacy-of-monsters-201,8,2026-04-17-to-2026-04-23,USA,downloaders,all,169935,2697499,6.299724300175829,True
monarch-legacy-of-monsters-201,8,2026-04-17-to-2026-04-23,USA,downloaders,without-hosting,77866,2283023,3.410653331131574,True
monarch-legacy-of-monsters-201,8,2026-04-17-to-2026-04-23,USA,uploaders,all,28770,169101,17.01350080720989,True
monarch-legacy-of-monsters-201,8,2026-04-17-to-2026-04-23,USA,uploaders,without-hosting,5329,111542,4.777572573559735,True
monarch-legacy-of-monsters-201,8,2026-04-17-to-2026-04-23,CHN,downloaders,all,241572,2697499,8.955406470956987,True
monarch-legacy-of-monsters-201,8,2026-04-17-to-2026-04-23,CHN,downloaders,without-hosting,229507,2283023,10.052767755734392,True
monarch-legacy-of-monsters-201,8,2026-04-17-to-2026-04-23,CHN,uploaders,all,22108,169101,13.07384344267627,True
monarch-legacy-of-monsters-201,8,2026-04-17-to-2026-04-23,CHN,uploaders,without-hosting,22005,111542,19.727994836025893,True
monarch-legacy-of-monsters-201,8,2026-04-17-to-2026-04-23,KOR,downloaders,all,274066,2697499,10.160003766451814,True
monarch-legacy-of-monsters-201,8,2026-04-17-to-2026-04-23,KOR,downloaders,without-hosting,268255,2283023,11.749991130181343,True
monarch-legacy-of-monsters-201,8,2026-04-17-to-2026-04-23,KOR,uploaders,all,567,169101,0.3353025706530417,True
monarch-legacy-of-monsters-201,8,2026-04-17-to-2026-04-23,KOR,uploaders,without-hosting,535,111542,0.4796399562496638,True
monarch-legacy-of-monsters-201,8,2026-04-17-to-2026-04-23,asia-28,downloaders,all,628891,2697499,23.31385479660975,True
monarch-legacy-of-monsters-201,8,2026-04-17-to-2026-04-23,asia-28,downloaders,without-hosting,596070,2283023,26.10880398489196,True
monarch-legacy-of-monsters-201,8,2026-04-17-to-2026-04-23,asia-28,uploaders,all,40427,169101,23.907014151306026,True
monarch-legacy-of-monsters-201,8,2026-04-17-to-2026-04-23,asia-28,uploaders,without-hosting,38312,111542,34.34760000717218,True
monarch-legacy-of-monsters-201,8,2026-04-17-to-2026-04-23,eur-27,downloaders,all,765636,2697499,28.38318012351441,True
monarch-legacy-of-monsters-201,8,2026-04-17-to-2026-04-23,eur-27,downloaders,without-hosting,556298,2283023,24.366727799062907,True
monarch-legacy-of-monsters-201,8,2026-04-17-to-2026-04-23,eur-27,uploaders,all,43009,169101,25.433912277278075,True
monarch-legacy-of-monsters-201,8,2026-04-17-to-2026-04-23,eur-27,uploaders,without-hosting,23395,111542,20.974162198992307,True
monarch-legacy-of-monsters-201,8,2026-04-17-to-2026-04-23,usa-can,downloaders,all,228159,2697499,8.458168103120705,True
monarch-legacy-of-monsters-201,8,2026-04-17-to-2026-04-23,usa-can,downloaders,without-hosting,114286,2283023,5.005906642202028,True
monarch-legacy-of-monsters-201,8,2026-04-17-to-2026-04-23,usa-can,uploaders,all,35673,169101,21.095676548335017,True
monarch-legacy-of-monsters-201,8,2026-04-17-to-2026-04-23,usa-can,uploaders,without-hosting,8381,111542,7.513761632389593,True
monarch-legacy-of-monsters-201,9,2026-04-24-to-2026-04-30,JPN,downloaders,all,30260,2630682,1.150272058728497,True
monarch-legacy-of-monsters-201,9,2026-04-24-to-2026-04-30,JPN,downloaders,without-hosting,25044,2194031,1.1414606265818488,True
monarch-legacy-of-monsters-201,9,2026-04-24-to-2026-04-30,JPN,uploaders,all,474,157210,0.3015075376884422,True
monarch-legacy-of-monsters-201,9,2026-04-24-to-2026-04-30,JPN,uploaders,without-hosting,161,102559,0.15698280989479227,True
monarch-legacy-of-monsters-201,9,2026-04-24-to-2026-04-30,USA,downloaders,all,176188,2630682,6.697426750933788,True
monarch-legacy-of-monsters-201,9,2026-04-24-to-2026-04-30,USA,downloaders,without-hosting,79872,2194031,3.640422582907899,True
monarch-legacy-of-monsters-201,9,2026-04-24-to-2026-04-30,USA,uploaders,all,28014,157210,17.819477132497934,True
monarch-legacy-of-monsters-201,9,2026-04-24-to-2026-04-30,USA,uploaders,without-hosting,5057,102559,4.930820308310339,True
monarch-legacy-of-monsters-201,9,2026-04-24-to-2026-04-30,CHN,downloaders,all,260473,2630682,9.901348775716714,True
monarch-legacy-of-monsters-201,9,2026-04-24-to-2026-04-30,CHN,downloaders,without-hosting,247170,2194031,11.265565527560915,True
monarch-legacy-of-monsters-201,9,2026-04-24-to-2026-04-30,CHN,uploaders,all,20762,157210,13.2065390242351,True
monarch-legacy-of-monsters-201,9,2026-04-24-to-2026-04-30,CHN,uploaders,without-hosting,20679,102559,20.163028110648504,True
monarch-legacy-of-monsters-201,9,2026-04-24-to-2026-04-30,KOR,downloaders,all,296347,2630682,11.265025571315727,True
monarch-legacy-of-monsters-201,9,2026-04-24-to-2026-04-30,KOR,downloaders,without-hosting,289831,2194031,13.209977434229508,True
monarch-legacy-of-monsters-201,9,2026-04-24-to-2026-04-30,KOR,uploaders,all,481,157210,0.3059601806500859,True
monarch-legacy-of-monsters-201,9,2026-04-24-to-2026-04-30,KOR,uploaders,without-hosting,420,102559,0.4095203736385885,True
monarch-legacy-of-monsters-201,9,2026-04-24-to-2026-04-30,asia-28,downloaders,all,672888,2630682,25.578462163043653,True
monarch-legacy-of-monsters-201,9,2026-04-24-to-2026-04-30,asia-28,downloaders,without-hosting,637592,2194031,29.060300424196377,True
monarch-legacy-of-monsters-201,9,2026-04-24-to-2026-04-30,asia-28,uploaders,all,38004,157210,24.1740347306151,True
monarch-legacy-of-monsters-201,9,2026-04-24-to-2026-04-30,asia-28,uploaders,without-hosting,35730,102559,34.83848321453992,True
monarch-legacy-of-monsters-201,9,2026-04-24-to-2026-04-30,eur-27,downloaders,all,709333,2630682,26.963844356710542,True
monarch-legacy-of-monsters-201,9,2026-04-24-to-2026-04-30,eur-27,downloaders,without-hosting,487285,2194031,22.2095768017863,True
monarch-legacy-of-monsters-201,9,2026-04-24-to-2026-04-30,eur-27,uploaders,all,39026,157210,24.824120603015075,True
monarch-legacy-of-monsters-201,9,2026-04-24-to-2026-04-30,eur-27,uploaders,without-hosting,20961,102559,20.43799179009156,True
monarch-legacy-of-monsters-201,9,2026-04-24-to-2026-04-30,usa-can,downloaders,all,236251,2630682,8.980598947345213,True
monarch-legacy-of-monsters-201,9,2026-04-24-to-2026-04-30,usa-can,downloaders,without-hosting,117000,2194031,5.332650267931492,True
monarch-legacy-of-monsters-201,9,2026-04-24-to-2026-04-30,usa-can,uploaders,all,34574,157210,21.992239679409707,True
monarch-legacy-of-monsters-201,9,2026-04-24-to-2026-04-30,usa-can,uploaders,without-hosting,7897,102559,7.699958072914128,True
monarch-legacy-of-monsters-201,10,2026-05-01-to-2026-05-07,JPN,downloaders,all,33736,2657420,1.2695019981786846,True
monarch-legacy-of-monsters-201,10,2026-05-01-to-2026-05-07,JPN,downloaders,without-hosting,28265,2205802,1.2813933435548612,True
monarch-legacy-of-monsters-201,10,2026-05-01-to-2026-05-07,JPN,uploaders,all,550,159776,0.3442319246945724,True
monarch-legacy-of-monsters-201,10,2026-05-01-to-2026-05-07,JPN,uploaders,without-hosting,169,103171,0.16380572059978094,True
monarch-legacy-of-monsters-201,10,2026-05-01-to-2026-05-07,USA,downloaders,all,179893,2657420,6.769460604646612,True
monarch-legacy-of-monsters-201,10,2026-05-01-to-2026-05-07,USA,downloaders,without-hosting,81011,2205802,3.6726324484246544,True
monarch-legacy-of-monsters-201,10,2026-05-01-to-2026-05-07,USA,uploaders,all,29063,159776,18.189840777087923,True
monarch-legacy-of-monsters-201,10,2026-05-01-to-2026-05-07,USA,uploaders,without-hosting,4938,103171,4.786228688294191,True
monarch-legacy-of-monsters-201,10,2026-05-01-to-2026-05-07,CHN,downloaders,all,282337,2657420,10.62447787703863,True
monarch-legacy-of-monsters-201,10,2026-05-01-to-2026-05-07,CHN,downloaders,without-hosting,268028,2205802,12.15104528874305,True
monarch-legacy-of-monsters-201,10,2026-05-01-to-2026-05-07,CHN,uploaders,all,23933,159776,14.979095734027638,True
monarch-legacy-of-monsters-201,10,2026-05-01-to-2026-05-07,CHN,uploaders,without-hosting,23831,103171,23.09854513380698,True
monarch-legacy-of-monsters-201,10,2026-05-01-to-2026-05-07,KOR,downloaders,all,361608,2657420,13.6074839505987,True
monarch-legacy-of-monsters-201,10,2026-05-01-to-2026-05-07,KOR,downloaders,without-hosting,353433,2205802,16.022879660096418,True
monarch-legacy-of-monsters-201,10,2026-05-01-to-2026-05-07,KOR,uploaders,all,396,159776,0.24784698578009212,True
monarch-legacy-of-monsters-201,10,2026-05-01-to-2026-05-07,KOR,uploaders,without-hosting,346,103171,0.3353655581510308,True
monarch-legacy-of-monsters-201,10,2026-05-01-to-2026-05-07,asia-28,downloaders,all,766289,2657420,28.835825725703877,True
monarch-legacy-of-monsters-201,10,2026-05-01-to-2026-05-07,asia-28,downloaders,without-hosting,727627,2205802,32.986958938290925,True
monarch-legacy-of-monsters-201,10,2026-05-01-to-2026-05-07,asia-28,uploaders,all,39969,159776,25.015646905667936,True
monarch-legacy-of-monsters-201,10,2026-05-01-to-2026-05-07,asia-28,uploaders,without-hosting,37858,103171,36.6944199435888,True
monarch-legacy-of-monsters-201,10,2026-05-01-to-2026-05-07,eur-27,downloaders,all,698548,2657420,26.286699129230605,True
monarch-legacy-of-monsters-201,10,2026-05-01-to-2026-05-07,eur-27,downloaders,without-hosting,467835,2205802,21.209292583831186,True
monarch-legacy-of-monsters-201,10,2026-05-01-to-2026-05-07,eur-27,uploaders,all,39186,159776,24.52558582014821,True
monarch-legacy-of-monsters-201,10,2026-05-01-to-2026-05-07,eur-27,uploaders,without-hosting,21048,103171,20.40108169931473,True
monarch-legacy-of-monsters-201,10,2026-05-01-to-2026-05-07,usa-can,downloaders,all,241132,2657420,9.073913796087934,True
monarch-legacy-of-monsters-201,10,2026-05-01-to-2026-05-07,usa-can,downloaders,without-hosting,119609,2205802,5.422472189253614,True
monarch-legacy-of-monsters-201,10,2026-05-01-to-2026-05-07,usa-can,uploaders,all,35573,159776,22.264295013018227,True
monarch-legacy-of-monsters-201,10,2026-05-01-to-2026-05-07,usa-can,uploaders,without-hosting,7740,103171,7.502108150546181,True
monarch-legacy-of-monsters-201,11,2026-05-08-to-2026-05-14,JPN,downloaders,all,30043,2629143,1.142691744039788,True
monarch-legacy-of-monsters-201,11,2026-05-08-to-2026-05-14,JPN,downloaders,without-hosting,25410,2199314,1.1553602623363466,True
monarch-legacy-of-monsters-201,11,2026-05-08-to-2026-05-14,JPN,uploaders,all,395,121426,0.32530100637425263,True
monarch-legacy-of-monsters-201,11,2026-05-08-to-2026-05-14,JPN,uploaders,without-hosting,102,72800,0.1401098901098901,True
monarch-legacy-of-monsters-201,11,2026-05-08-to-2026-05-14,USA,downloaders,all,173058,2629143,6.582296969012336,True
monarch-legacy-of-monsters-201,11,2026-05-08-to-2026-05-14,USA,downloaders,without-hosting,79442,2199314,3.612126326663678,True
monarch-legacy-of-monsters-201,11,2026-05-08-to-2026-05-14,USA,uploaders,all,25741,121426,21.198919506530725,True
monarch-legacy-of-monsters-201,11,2026-05-08-to-2026-05-14,USA,uploaders,without-hosting,4478,72800,6.1510989010989015,True
monarch-legacy-of-monsters-201,11,2026-05-08-to-2026-05-14,CHN,downloaders,all,273287,2629143,10.394527798602054,True
monarch-legacy-of-monsters-201,11,2026-05-08-to-2026-05-14,CHN,downloaders,without-hosting,259458,2199314,11.7972240434972,True
monarch-legacy-of-monsters-201,11,2026-05-08-to-2026-05-14,CHN,uploaders,all,15156,121426,12.481676082552337,True
monarch-legacy-of-monsters-201,11,2026-05-08-to-2026-05-14,CHN,uploaders,without-hosting,15086,72800,20.72252747252747,True
monarch-legacy-of-monsters-201,11,2026-05-08-to-2026-05-14,KOR,downloaders,all,346527,2629143,13.180226408377179,True
monarch-legacy-of-monsters-201,11,2026-05-08-to-2026-05-14,KOR,downloaders,without-hosting,338841,2199314,15.406667715478553,True
monarch-legacy-of-monsters-201,11,2026-05-08-to-2026-05-14,KOR,uploaders,all,288,121426,0.23718149325515128,True
monarch-legacy-of-monsters-201,11,2026-05-08-to-2026-05-14,KOR,uploaders,without-hosting,239,72800,0.3282967032967033,True
monarch-legacy-of-monsters-201,11,2026-05-08-to-2026-05-14,asia-28,downloaders,all,726094,2629143,27.61713607818213,True
monarch-legacy-of-monsters-201,11,2026-05-08-to-2026-05-14,asia-28,downloaders,without-hosting,690626,2199314,31.401882587024865,True
monarch-legacy-of-monsters-201,11,2026-05-08-to-2026-05-14,asia-28,uploaders,all,25455,121426,20.963385106978738,True
monarch-legacy-of-monsters-201,11,2026-05-08-to-2026-05-14,asia-28,uploaders,without-hosting,23694,72800,32.5467032967033,True
monarch-legacy-of-monsters-201,11,2026-05-08-to-2026-05-14,eur-27,downloaders,all,744492,2629143,28.3169078289009,True
monarch-legacy-of-monsters-201,11,2026-05-08-to-2026-05-14,eur-27,downloaders,without-hosting,520760,2199314,23.67829241299787,True
monarch-legacy-of-monsters-201,11,2026-05-08-to-2026-05-14,eur-27,uploaders,all,31087,121426,25.60160097507947,True
monarch-legacy-of-monsters-201,11,2026-05-08-to-2026-05-14,eur-27,uploaders,without-hosting,15378,72800,21.123626373626372,True
monarch-legacy-of-monsters-201,11,2026-05-08-to-2026-05-14,usa-can,downloaders,all,233104,2629143,8.866159048785098,True
monarch-legacy-of-monsters-201,11,2026-05-08-to-2026-05-14,usa-can,downloaders,without-hosting,117904,2199314,5.360944367198136,True
monarch-legacy-of-monsters-201,11,2026-05-08-to-2026-05-14,usa-can,uploaders,all,30947,121426,25.486304415858218,True
monarch-legacy-of-monsters-201,11,2026-05-08-to-2026-05-14,usa-can,uploaders,without-hosting,6677,72800,9.171703296703297,True
monarch-legacy-of-monsters-201,12,2026-05-15-to-2026-05-21,JPN,downloaders,all,39355,2966713,1.3265523156436096,True
monarch-legacy-of-monsters-201,12,2026-05-15-to-2026-05-21,JPN,downloaders,without-hosting,33934,2474902,1.371124998080732,True
monarch-legacy-of-monsters-201,12,2026-05-15-to-2026-05-21,JPN,uploaders,all,440,105631,0.41654438564436574,True
monarch-legacy-of-monsters-201,12,2026-05-15-to-2026-05-21,JPN,uploaders,without-hosting,106,58486,0.18123995486099237,True
monarch-legacy-of-monsters-201,12,2026-05-15-to-2026-05-21,USA,downloaders,all,203292,2966713,6.852432304708949,True
monarch-legacy-of-monsters-201,12,2026-05-15-to-2026-05-21,USA,downloaders,without-hosting,100193,2474902,4.048362318992833,True
monarch-legacy-of-monsters-201,12,2026-05-15-to-2026-05-21,USA,uploaders,all,27068,105631,25.625053251412936,True
monarch-legacy-of-monsters-201,12,2026-05-15-to-2026-05-21,USA,uploaders,without-hosting,3340,58486,5.710768389016175,True
monarch-legacy-of-monsters-201,12,2026-05-15-to-2026-05-21,CHN,downloaders,all,314619,2966713,10.60496920328997,True
monarch-legacy-of-monsters-201,12,2026-05-15-to-2026-05-21,CHN,downloaders,without-hosting,297555,2474902,12.022900300698776,True
monarch-legacy-of-monsters-201,12,2026-05-15-to-2026-05-21,CHN,uploaders,all,11556,105631,10.939970273877934,True
monarch-legacy-of-monsters-201,12,2026-05-15-to-2026-05-21,CHN,uploaders,without-hosting,11479,58486,19.62691926272954,True
monarch-legacy-of-monsters-201,12,2026-05-15-to-2026-05-21,KOR,downloaders,all,451429,2966713,15.216470214678669,True
monarch-legacy-of-monsters-201,12,2026-05-15-to-2026-05-21,KOR,downloaders,without-hosting,441503,2474902,17.83921141119931,True
monarch-legacy-of-monsters-201,12,2026-05-15-to-2026-05-21,KOR,uploaders,all,216,105631,0.20448542567996136,True
monarch-legacy-of-monsters-201,12,2026-05-15-to-2026-05-21,KOR,uploaders,without-hosting,193,58486,0.32999350271859934,True
monarch-legacy-of-monsters-201,12,2026-05-15-to-2026-05-21,asia-28,downloaders,all,892116,2966713,30.070856196740298,True
monarch-legacy-of-monsters-201,12,2026-05-15-to-2026-05-21,asia-28,downloaders,without-hosting,849655,2474902,34.33085431261521,True
monarch-legacy-of-monsters-201,12,2026-05-15-to-2026-05-21,asia-28,uploaders,all,19775,105631,18.720830059357574,True
monarch-legacy-of-monsters-201,12,2026-05-15-to-2026-05-21,asia-28,uploaders,without-hosting,18302,58486,31.29295899873474,True
monarch-legacy-of-monsters-201,12,2026-05-15-to-2026-05-21,eur-27,downloaders,all,809677,2966713,27.292056899336067,True
monarch-legacy-of-monsters-201,12,2026-05-15-to-2026-05-21,eur-27,downloaders,without-hosting,546887,2474902,22.097319409010943,True
monarch-legacy-of-monsters-201,12,2026-05-15-to-2026-05-21,eur-27,uploaders,all,26439,105631,25.029584118298605,True
monarch-legacy-of-monsters-201,12,2026-05-15-to-2026-05-21,eur-27,uploaders,without-hosting,12780,58486,21.851383237013987,True
monarch-legacy-of-monsters-201,12,2026-05-15-to-2026-05-21,usa-can,downloaders,all,277035,2966713,9.338112584533793,True
monarch-legacy-of-monsters-201,12,2026-05-15-to-2026-05-21,usa-can,downloaders,without-hosting,149794,2474902,6.052522483718548,True
monarch-legacy-of-monsters-201,12,2026-05-15-to-2026-05-21,usa-can,uploaders,all,31372,105631,29.69961469644328,True
monarch-legacy-of-monsters-201,12,2026-05-15-to-2026-05-21,usa-can,uploaders,without-hosting,5200,58486,8.891016653558117,True
monarch-legacy-of-monsters-201,13,2026-05-22-to-2026-05-28,JPN,downloaders,all,37290,2978029,1.2521704791994974,False
monarch-legacy-of-monsters-201,13,2026-05-22-to-2026-05-28,JPN,downloaders,without-hosting,32332,2493761,1.2965155842921594,False
monarch-legacy-of-monsters-201,13,2026-05-22-to-2026-05-28,JPN,uploaders,all,299,93909,0.31839333823169236,False
monarch-legacy-of-monsters-201,13,2026-05-22-to-2026-05-28,JPN,uploaders,without-hosting,86,49505,0.1737198262801737,False
monarch-legacy-of-monsters-201,13,2026-05-22-to-2026-05-28,USA,downloaders,all,199637,2978029,6.703662052988738,False
monarch-legacy-of-monsters-201,13,2026-05-22-to-2026-05-28,USA,downloaders,without-hosting,98703,2493761,3.9579975787575474,False
monarch-legacy-of-monsters-201,13,2026-05-22-to-2026-05-28,USA,uploaders,all,25377,93909,27.022969044500528,False
monarch-legacy-of-monsters-201,13,2026-05-22-to-2026-05-28,USA,uploaders,without-hosting,3272,49505,6.609433390566609,False
monarch-legacy-of-monsters-201,13,2026-05-22-to-2026-05-28,CHN,downloaders,all,296720,2978029,9.963637023010858,False
monarch-legacy-of-monsters-201,13,2026-05-22-to-2026-05-28,CHN,downloaders,without-hosting,281170,2493761,11.274937734610495,False
monarch-legacy-of-monsters-201,13,2026-05-22-to-2026-05-28,CHN,uploaders,all,10312,93909,10.980843156672949,False
monarch-legacy-of-monsters-201,13,2026-05-22-to-2026-05-28,CHN,uploaders,without-hosting,10271,49505,20.747399252600747,False
monarch-legacy-of-monsters-201,13,2026-05-22-to-2026-05-28,KOR,downloaders,all,442443,2978029,14.856907034820681,False
monarch-legacy-of-monsters-201,13,2026-05-22-to-2026-05-28,KOR,downloaders,without-hosting,432658,2493761,17.34961770594696,False
monarch-legacy-of-monsters-201,13,2026-05-22-to-2026-05-28,KOR,uploaders,all,239,93909,0.25450169845275744,False
monarch-legacy-of-monsters-201,13,2026-05-22-to-2026-05-28,KOR,uploaders,without-hosting,210,49505,0.4241995758004242,False
monarch-legacy-of-monsters-201,13,2026-05-22-to-2026-05-28,asia-28,downloaders,all,857244,2978029,28.785616258270153,False
monarch-legacy-of-monsters-201,13,2026-05-22-to-2026-05-28,asia-28,downloaders,without-hosting,817559,2493761,32.78417619010001,False
monarch-legacy-of-monsters-201,13,2026-05-22-to-2026-05-28,asia-28,uploaders,all,16763,93909,17.850259293571437,False
monarch-legacy-of-monsters-201,13,2026-05-22-to-2026-05-28,asia-28,uploaders,without-hosting,15640,49505,31.592768407231592,False
monarch-legacy-of-monsters-201,13,2026-05-22-to-2026-05-28,eur-27,downloaders,all,792003,2978029,26.59487197740519,False
monarch-legacy-of-monsters-201,13,2026-05-22-to-2026-05-28,eur-27,downloaders,without-hosting,529993,2493761,21.252758383822666,False
monarch-legacy-of-monsters-201,13,2026-05-22-to-2026-05-28,eur-27,uploaders,all,24779,93909,26.386182368037144,False
monarch-legacy-of-monsters-201,13,2026-05-22-to-2026-05-28,eur-27,uploaders,without-hosting,10369,49505,20.945359054640946,False
monarch-legacy-of-monsters-201,13,2026-05-22-to-2026-05-28,usa-can,downloaders,all,271225,2978029,9.107533875593555,False
monarch-legacy-of-monsters-201,13,2026-05-22-to-2026-05-28,usa-can,downloaders,without-hosting,146787,2493761,5.886169524665756,False
monarch-legacy-of-monsters-201,13,2026-05-22-to-2026-05-28,usa-can,uploaders,all,29474,93909,31.3857031807388,False
monarch-legacy-of-monsters-201,13,2026-05-22-to-2026-05-28,usa-can,uploaders,without-hosting,4994,49505,10.087869912130088,False
monarch-legacy-of-monsters-201,14,2026-05-29-to-2026-06-04,JPN,downloaders,all,37388,2885480,1.2957289601730042,True
monarch-legacy-of-monsters-201,14,2026-05-29-to-2026-06-04,JPN,downloaders,without-hosting,32386,2418215,1.339252299733481,True
monarch-legacy-of-monsters-201,14,2026-05-29-to-2026-06-04,JPN,uploaders,all,257,84308,0.3048346538881245,True
monarch-legacy-of-monsters-201,14,2026-05-29-to-2026-06-04,JPN,uploaders,without-hosting,62,49977,0.12405706625047522,True
monarch-legacy-of-monsters-201,14,2026-05-29-to-2026-06-04,USA,downloaders,all,187448,2885480,6.496250190609534,True
monarch-legacy-of-monsters-201,14,2026-05-29-to-2026-06-04,USA,downloaders,without-hosting,94713,2418215,3.9166492640232566,True
monarch-legacy-of-monsters-201,14,2026-05-29-to-2026-06-04,USA,uploaders,all,19794,84308,23.478198984675238,True
monarch-legacy-of-monsters-201,14,2026-05-29-to-2026-06-04,USA,uploaders,without-hosting,2826,49977,5.6546011165135965,True
monarch-legacy-of-monsters-201,14,2026-05-29-to-2026-06-04,CHN,downloaders,all,286776,2885480,9.93858907356835,True
monarch-legacy-of-monsters-201,14,2026-05-29-to-2026-06-04,CHN,downloaders,without-hosting,272297,2418215,11.260247744720797,True
monarch-legacy-of-monsters-201,14,2026-05-29-to-2026-06-04,CHN,uploaders,all,15171,84308,17.99473359586279,True
monarch-legacy-of-monsters-201,14,2026-05-29-to-2026-06-04,CHN,uploaders,without-hosting,15133,49977,30.279928767232928,True
monarch-legacy-of-monsters-201,14,2026-05-29-to-2026-06-04,KOR,downloaders,all,445069,2885480,15.42443544921469,True
monarch-legacy-of-monsters-201,14,2026-05-29-to-2026-06-04,KOR,downloaders,without-hosting,435329,2418215,18.002080046645975,True
monarch-legacy-of-monsters-201,14,2026-05-29-to-2026-06-04,KOR,uploaders,all,154,84308,0.1826635669212886,True
monarch-legacy-of-monsters-201,14,2026-05-29-to-2026-06-04,KOR,uploaders,without-hosting,145,49977,0.29013346139224044,True
monarch-legacy-of-monsters-201,14,2026-05-29-to-2026-06-04,asia-28,downloaders,all,849267,2885480,29.432434118413575,True
monarch-legacy-of-monsters-201,14,2026-05-29-to-2026-06-04,asia-28,downloaders,without-hosting,810523,2418215,33.51740850172545,True
monarch-legacy-of-monsters-201,14,2026-05-29-to-2026-06-04,asia-28,uploaders,all,20999,84308,24.907482089481427,True
monarch-legacy-of-monsters-201,14,2026-05-29-to-2026-06-04,asia-28,uploaders,without-hosting,20061,49977,40.140464613722315,True
monarch-legacy-of-monsters-201,14,2026-05-29-to-2026-06-04,eur-27,downloaders,all,782467,2885480,27.117394679568044,True
monarch-legacy-of-monsters-201,14,2026-05-29-to-2026-06-04,eur-27,downloaders,without-hosting,526206,2418215,21.76009990840351,True
monarch-legacy-of-monsters-201,14,2026-05-29-to-2026-06-04,eur-27,uploaders,all,20271,84308,24.04398159130806,True
monarch-legacy-of-monsters-201,14,2026-05-29-to-2026-06-04,eur-27,uploaders,without-hosting,9521,49977,19.050763351141526,True
monarch-legacy-of-monsters-201,14,2026-05-29-to-2026-06-04,usa-can,downloaders,all,258881,2885480,8.971852170176193,True
monarch-legacy-of-monsters-201,14,2026-05-29-to-2026-06-04,usa-can,downloaders,without-hosting,142708,2418215,5.901377669065819,True
monarch-legacy-of-monsters-201,14,2026-05-29-to-2026-06-04,usa-can,uploaders,all,23346,84308,27.69132229444418,True
monarch-legacy-of-monsters-201,14,2026-05-29-to-2026-06-04,usa-can,uploaders,without-hosting,4327,49977,8.657982672029133,True
monarch-legacy-of-monsters-201,15,2026-06-05-to-2026-06-11,JPN,downloaders,all,22169,2315844,0.9572751877933056,True
monarch-legacy-of-monsters-201,15,2026-06-05-to-2026-06-11,JPN,downloaders,without-hosting,18724,2008776,0.9321099017511161,True
monarch-legacy-of-monsters-201,15,2026-06-05-to-2026-06-11,JPN,uploaders,all,289,74319,0.3888642204550653,True
monarch-legacy-of-monsters-201,15,2026-06-05-to-2026-06-11,JPN,uploaders,without-hosting,73,45574,0.1601790494580243,True
monarch-legacy-of-monsters-201,15,2026-06-05-to-2026-06-11,USA,downloaders,all,136839,2315844,5.908817692383424,True
monarch-legacy-of-monsters-201,15,2026-06-05-to-2026-06-11,USA,downloaders,without-hosting,69889,2008776,3.479183343488771,True
monarch-legacy-of-monsters-201,15,2026-06-05-to-2026-06-11,USA,uploaders,all,18210,74319,24.502482541476606,True
monarch-legacy-of-monsters-201,15,2026-06-05-to-2026-06-11,USA,uploaders,without-hosting,2726,45574,5.981480668802387,True
monarch-legacy-of-monsters-201,15,2026-06-05-to-2026-06-11,CHN,downloaders,all,180416,2315844,7.7905074780511985,True
monarch-legacy-of-monsters-201,15,2026-06-05-to-2026-06-11,CHN,downloaders,without-hosting,171827,2008776,8.553815856023768,True
monarch-legacy-of-monsters-201,15,2026-06-05-to-2026-06-11,CHN,uploaders,all,14854,74319,19.98681360082886,True
monarch-legacy-of-monsters-201,15,2026-06-05-to-2026-06-11,CHN,uploaders,without-hosting,14765,45574,32.39785842805108,True
monarch-legacy-of-monsters-201,15,2026-06-05-to-2026-06-11,KOR,downloaders,all,253684,2315844,10.954278440171272,True
monarch-legacy-of-monsters-201,15,2026-06-05-to-2026-06-11,KOR,downloaders,without-hosting,248048,2008776,12.348216028068833,True
monarch-legacy-of-monsters-201,15,2026-06-05-to-2026-06-11,KOR,uploaders,all,121,74319,0.16281166323551177,True
monarch-legacy-of-monsters-201,15,2026-06-05-to-2026-06-11,KOR,uploaders,without-hosting,121,45574,0.2655022600605608,True
monarch-legacy-of-monsters-201,15,2026-06-05-to-2026-06-11,asia-28,downloaders,all,509558,2315844,22.003122835562326,True
monarch-legacy-of-monsters-201,15,2026-06-05-to-2026-06-11,asia-28,downloaders,without-hosting,485089,2008776,24.148486441494722,True
monarch-legacy-of-monsters-201,15,2026-06-05-to-2026-06-11,asia-28,uploaders,all,19851,74319,26.710531627174745,True
monarch-legacy-of-monsters-201,15,2026-06-05-to-2026-06-11,asia-28,uploaders,without-hosting,18811,45574,41.27572738842322,True
monarch-legacy-of-monsters-201,15,2026-06-05-to-2026-06-11,eur-27,downloaders,all,687044,2315844,29.66711056530578,True
monarch-legacy-of-monsters-201,15,2026-06-05-to-2026-06-11,eur-27,downloaders,without-hosting,528107,2008776,26.289989525960088,True
monarch-legacy-of-monsters-201,15,2026-06-05-to-2026-06-11,eur-27,uploaders,all,14857,74319,19.990850253636353,True
monarch-legacy-of-monsters-201,15,2026-06-05-to-2026-06-11,eur-27,uploaders,without-hosting,8006,45574,17.567033835081407,True
monarch-legacy-of-monsters-201,15,2026-06-05-to-2026-06-11,usa-can,downloaders,all,185531,2315844,8.011377277571373,True
monarch-legacy-of-monsters-201,15,2026-06-05-to-2026-06-11,usa-can,downloaders,without-hosting,103684,2008776,5.161551113713028,True
monarch-legacy-of-monsters-201,15,2026-06-05-to-2026-06-11,usa-can,uploaders,all,21829,74319,29.372031378247822,True
monarch-legacy-of-monsters-201,15,2026-06-05-to-2026-06-11,usa-can,uploaders,without-hosting,4454,45574,9.773116250493702,True
monarch-legacy-of-monsters-201,16,2026-06-12-to-2026-06-18,JPN,downloaders,all,38667,2879577,1.3428013906209142,True
monarch-legacy-of-monsters-201,16,2026-06-12-to-2026-06-18,JPN,downloaders,without-hosting,33812,2428614,1.3922344184790172,True
monarch-legacy-of-monsters-201,16,2026-06-12-to-2026-06-18,JPN,uploaders,all,316,70643,0.4473196211938904,True
monarch-legacy-of-monsters-201,16,2026-06-12-to-2026-06-18,JPN,uploaders,without-hosting,98,42669,0.2296749396517378,True
monarch-legacy-of-monsters-201,16,2026-06-12-to-2026-06-18,USA,downloaders,all,197570,2879577,6.861077165153076,True
monarch-legacy-of-monsters-201,16,2026-06-12-to-2026-06-18,USA,downloaders,without-hosting,106412,2428614,4.381593781473713,True
monarch-legacy-of-monsters-201,16,2026-06-12-to-2026-06-18,USA,uploaders,all,18675,70643,26.435740271506024,True
monarch-legacy-of-monsters-201,16,2026-06-12-to-2026-06-18,USA,uploaders,without-hosting,2689,42669,6.301999109423703,True
monarch-legacy-of-monsters-201,16,2026-06-12-to-2026-06-18,CHN,downloaders,all,302419,2879577,10.50220223317522,True
monarch-legacy-of-monsters-201,16,2026-06-12-to-2026-06-18,CHN,downloaders,without-hosting,286466,2428614,11.795452056193367,True
monarch-legacy-of-monsters-201,16,2026-06-12-to-2026-06-18,CHN,uploaders,all,15019,70643,21.26042212250329,True
monarch-legacy-of-monsters-201,16,2026-06-12-to-2026-06-18,CHN,uploaders,without-hosting,14936,42669,35.00433570039139,True
monarch-legacy-of-monsters-201,16,2026-06-12-to-2026-06-18,KOR,downloaders,all,460895,2879577,16.00564944087274,True
monarch-legacy-of-monsters-201,16,2026-06-12-to-2026-06-18,KOR,downloaders,without-hosting,450283,2428614,18.54073969762177,True
monarch-legacy-of-monsters-201,16,2026-06-12-to-2026-06-18,KOR,uploaders,all,118,70643,0.16703707373695909,True
monarch-legacy-of-monsters-201,16,2026-06-12-to-2026-06-18,KOR,uploaders,without-hosting,100,42669,0.2343621833180998,True
monarch-legacy-of-monsters-201,16,2026-06-12-to-2026-06-18,asia-28,downloaders,all,881546,2879577,30.6137325030725,True
monarch-legacy-of-monsters-201,16,2026-06-12-to-2026-06-18,asia-28,downloaders,without-hosting,840759,2428614,34.61888138666746,True
monarch-legacy-of-monsters-201,16,2026-06-12-to-2026-06-18,asia-28,uploaders,all,19226,70643,27.215718471752332,True
monarch-legacy-of-monsters-201,16,2026-06-12-to-2026-06-18,asia-28,uploaders,without-hosting,18261,42669,42.7968782957182,True
monarch-legacy-of-monsters-201,16,2026-06-12-to-2026-06-18,eur-27,downloaders,all,764688,2879577,26.55556701557208,True
monarch-legacy-of-monsters-201,16,2026-06-12-to-2026-06-18,eur-27,downloaders,without-hosting,523283,2428614,21.5465693601371,True
monarch-legacy-of-monsters-201,16,2026-06-12-to-2026-06-18,eur-27,uploaders,all,13430,70643,19.011083900740342,True
monarch-legacy-of-monsters-201,16,2026-06-12-to-2026-06-18,eur-27,uploaders,without-hosting,7310,42669,17.131875600553094,True
monarch-legacy-of-monsters-201,16,2026-06-12-to-2026-06-18,usa-can,downloaders,all,270834,2879577,9.405339742608028,True
monarch-legacy-of-monsters-201,16,2026-06-12-to-2026-06-18,usa-can,downloaders,without-hosting,158144,2428614,6.511697618477041,True
monarch-legacy-of-monsters-201,16,2026-06-12-to-2026-06-18,usa-can,uploaders,all,21909,70643,31.0136885466359,True
monarch-legacy-of-monsters-201,16,2026-06-12-to-2026-06-18,usa-can,uploaders,without-hosting,4190,42669,9.819775481028381,True
monarch-legacy-of-monsters-201,17,2026-06-19-to-2026-06-25,JPN,downloaders,all,40865,3016896,1.3545379091622647,True
monarch-legacy-of-monsters-201,17,2026-06-19-to-2026-06-25,JPN,downloaders,without-hosting,35803,2536226,1.4116644179185924,True
monarch-legacy-of-monsters-201,17,2026-06-19-to-2026-06-25,JPN,uploaders,all,284,66310,0.4282913587694164,True
monarch-legacy-of-monsters-201,17,2026-06-19-to-2026-06-25,JPN,uploaders,without-hosting,110,38904,0.2827472753444376,True
monarch-legacy-of-monsters-201,17,2026-06-19-to-2026-06-25,USA,downloaders,all,199500,3016896,6.612756952841596,True
monarch-legacy-of-monsters-201,17,2026-06-19-to-2026-06-25,USA,downloaders,without-hosting,103317,2536226,4.073651165156417,True
monarch-legacy-of-monsters-201,17,2026-06-19-to-2026-06-25,USA,uploaders,all,18478,66310,27.866083546976324,True
monarch-legacy-of-monsters-201,17,2026-06-19-to-2026-06-25,USA,uploaders,without-hosting,2709,38904,6.963294262800741,True
monarch-legacy-of-monsters-201,17,2026-06-19-to-2026-06-25,CHN,downloaders,all,328687,3016896,10.894873406309001,True
monarch-legacy-of-monsters-201,17,2026-06-19-to-2026-06-25,CHN,downloaders,without-hosting,310962,2536226,12.260815873664255,True
monarch-legacy-of-monsters-201,17,2026-06-19-to-2026-06-25,CHN,uploaders,all,13184,66310,19.88237068315488,True
monarch-legacy-of-monsters-201,17,2026-06-19-to-2026-06-25,CHN,uploaders,without-hosting,13064,38904,33.58009459181575,True
monarch-legacy-of-monsters-201,17,2026-06-19-to-2026-06-25,KOR,downloaders,all,503599,3016896,16.692620494707143,True
monarch-legacy-of-monsters-201,17,2026-06-19-to-2026-06-25,KOR,downloaders,without-hosting,492609,2536226,19.422914204018095,True
monarch-legacy-of-monsters-201,17,2026-06-19-to-2026-06-25,KOR,uploaders,all,136,66310,0.20509727039662193,True
monarch-legacy-of-monsters-201,17,2026-06-19-to-2026-06-25,KOR,uploaders,without-hosting,122,38904,0.31359243265473985,True
monarch-legacy-of-monsters-201,17,2026-06-19-to-2026-06-25,asia-28,downloaders,all,958960,3016896,31.78631281953372,True
monarch-legacy-of-monsters-201,17,2026-06-19-to-2026-06-25,asia-28,downloaders,without-hosting,915361,2536226,36.09146030361648,True
monarch-legacy-of-monsters-201,17,2026-06-19-to-2026-06-25,asia-28,uploaders,all,17057,66310,25.72311868496456,True
monarch-legacy-of-monsters-201,17,2026-06-19-to-2026-06-25,asia-28,uploaders,without-hosting,16049,38904,41.252827472753445,True
monarch-legacy-of-monsters-201,17,2026-06-19-to-2026-06-25,eur-27,downloaders,all,812018,3016896,26.915677570589107,True
monarch-legacy-of-monsters-201,17,2026-06-19-to-2026-06-25,eur-27,downloaders,without-hosting,549671,2536226,21.67279256659304,True
monarch-legacy-of-monsters-201,17,2026-06-19-to-2026-06-25,eur-27,uploaders,all,12942,66310,19.517418187302066,True
monarch-legacy-of-monsters-201,17,2026-06-19-to-2026-06-25,eur-27,uploaders,without-hosting,7020,38904,18.044417026526837,True
monarch-legacy-of-monsters-201,17,2026-06-19-to-2026-06-25,usa-can,downloaders,all,276642,3016896,9.169755934576465,True
monarch-legacy-of-monsters-201,17,2026-06-19-to-2026-06-25,usa-can,downloaders,without-hosting,157173,2536226,6.197121234464121,True
monarch-legacy-of-monsters-201,17,2026-06-19-to-2026-06-25,usa-can,uploaders,all,21589,66310,32.55768360729905,True
monarch-legacy-of-monsters-201,17,2026-06-19-to-2026-06-25,usa-can,uploaders,without-hosting,4224,38904,10.857495373226403,True
monarch-legacy-of-monsters-201,18,2026-06-26-to-2026-07-02,JPN,downloaders,all,43449,2977089,1.459445787478977,True
monarch-legacy-of-monsters-201,18,2026-06-26-to-2026-07-02,JPN,downloaders,without-hosting,38126,2480525,1.537013333870854,True
monarch-legacy-of-monsters-201,18,2026-06-26-to-2026-07-02,JPN,uploaders,all,213,64147,0.33204982306265296,True
monarch-legacy-of-monsters-201,18,2026-06-26-to-2026-07-02,JPN,uploaders,without-hosting,91,39600,0.2297979797979798,True
monarch-legacy-of-monsters-201,18,2026-06-26-to-2026-07-02,USA,downloaders,all,202862,2977089,6.814105994143944,True
monarch-legacy-of-monsters-201,18,2026-06-26-to-2026-07-02,USA,downloaders,without-hosting,105817,2480525,4.265911450197035,True
monarch-legacy-of-monsters-201,18,2026-06-26-to-2026-07-02,USA,uploaders,all,16620,64147,25.909239715029543,True
monarch-legacy-of-monsters-201,18,2026-06-26-to-2026-07-02,USA,uploaders,without-hosting,2754,39600,6.954545454545454,True
monarch-legacy-of-monsters-201,18,2026-06-26-to-2026-07-02,CHN,downloaders,all,343584,2977089,11.54093814461039,True
monarch-legacy-of-monsters-201,18,2026-06-26-to-2026-07-02,CHN,downloaders,without-hosting,325126,2480525,13.107144656877072,True
monarch-legacy-of-monsters-201,18,2026-06-26-to-2026-07-02,CHN,uploaders,all,14909,64147,23.241928695028605,True
monarch-legacy-of-monsters-201,18,2026-06-26-to-2026-07-02,CHN,uploaders,without-hosting,14751,39600,37.25,True
monarch-legacy-of-monsters-201,18,2026-06-26-to-2026-07-02,KOR,downloaders,all,524912,2977089,17.631720113170953,True
monarch-legacy-of-monsters-201,18,2026-06-26-to-2026-07-02,KOR,downloaders,without-hosting,513305,2480525,20.693401598451942,True
monarch-legacy-of-monsters-201,18,2026-06-26-to-2026-07-02,KOR,uploaders,all,151,64147,0.23539682292235023,True
monarch-legacy-of-monsters-201,18,2026-06-26-to-2026-07-02,KOR,uploaders,without-hosting,130,39600,0.3282828282828283,True
monarch-legacy-of-monsters-201,18,2026-06-26-to-2026-07-02,asia-28,downloaders,all,1000201,2977089,33.596610648858665,True
monarch-legacy-of-monsters-201,18,2026-06-26-to-2026-07-02,asia-28,downloaders,without-hosting,954716,2480525,38.488465143467614,True
monarch-legacy-of-monsters-201,18,2026-06-26-to-2026-07-02,asia-28,uploaders,all,18571,64147,28.950691380734874,True
monarch-legacy-of-monsters-201,18,2026-06-26-to-2026-07-02,asia-28,uploaders,without-hosting,17585,39600,44.406565656565654,True
monarch-legacy-of-monsters-201,18,2026-06-26-to-2026-07-02,eur-27,downloaders,all,812250,2977089,27.283363043563696,True
monarch-legacy-of-monsters-201,18,2026-06-26-to-2026-07-02,eur-27,downloaders,without-hosting,538518,2480525,21.709839650880358,True
monarch-legacy-of-monsters-201,18,2026-06-26-to-2026-07-02,eur-27,uploaders,all,12287,64147,19.15444214070806,True
monarch-legacy-of-monsters-201,18,2026-06-26-to-2026-07-02,eur-27,uploaders,without-hosting,6932,39600,17.505050505050505,True
monarch-legacy-of-monsters-201,18,2026-06-26-to-2026-07-02,usa-can,downloaders,all,283889,2977089,9.535791506401052,True
monarch-legacy-of-monsters-201,18,2026-06-26-to-2026-07-02,usa-can,downloaders,without-hosting,162600,2480525,6.555063948156136,True
monarch-legacy-of-monsters-201,18,2026-06-26-to-2026-07-02,usa-can,uploaders,all,19640,64147,30.617176173476548,True
monarch-legacy-of-monsters-201,18,2026-06-26-to-2026-07-02,usa-can,uploaders,without-hosting,4331,39600,10.936868686868687,True
monarch-legacy-of-monsters-201,19,2026-07-03-to-2026-07-09-partial,JPN,downloaders,all,33242,2387727,1.3922027099412957,False
monarch-legacy-of-monsters-201,19,2026-07-03-to-2026-07-09-partial,JPN,downloaders,without-hosting,29251,1991016,1.469149419191006,False
monarch-legacy-of-monsters-201,19,2026-07-03-to-2026-07-09-partial,JPN,uploaders,all,132,51993,0.25388033004442906,False
monarch-legacy-of-monsters-201,19,2026-07-03-to-2026-07-09-partial,JPN,uploaders,without-hosting,42,31446,0.13356229727151306,False
monarch-legacy-of-monsters-201,19,2026-07-03-to-2026-07-09-partial,USA,downloaders,all,164024,2387727,6.869462044865263,False
monarch-legacy-of-monsters-201,19,2026-07-03-to-2026-07-09-partial,USA,downloaders,without-hosting,84333,1991016,4.23567665955472,False
monarch-legacy-of-monsters-201,19,2026-07-03-to-2026-07-09-partial,USA,uploaders,all,14017,51993,26.959398380551228,False
monarch-legacy-of-monsters-201,19,2026-07-03-to-2026-07-09-partial,USA,uploaders,without-hosting,2521,31446,8.016917890987726,False
monarch-legacy-of-monsters-201,19,2026-07-03-to-2026-07-09-partial,CHN,downloaders,all,260775,2387727,10.921474691202135,False
monarch-legacy-of-monsters-201,19,2026-07-03-to-2026-07-09-partial,CHN,downloaders,without-hosting,246788,1991016,12.395078693491163,False
monarch-legacy-of-monsters-201,19,2026-07-03-to-2026-07-09-partial,CHN,uploaders,all,10893,51993,20.95089723616641,False
monarch-legacy-of-monsters-201,19,2026-07-03-to-2026-07-09-partial,CHN,uploaders,without-hosting,10752,31446,34.19194810150734,False
monarch-legacy-of-monsters-201,19,2026-07-03-to-2026-07-09-partial,KOR,downloaders,all,404956,2387727,16.959895331417705,False
monarch-legacy-of-monsters-201,19,2026-07-03-to-2026-07-09-partial,KOR,downloaders,without-hosting,395912,1991016,19.88492307445043,False
monarch-legacy-of-monsters-201,19,2026-07-03-to-2026-07-09-partial,KOR,uploaders,all,127,51993,0.24426365087607949,False
monarch-legacy-of-monsters-201,19,2026-07-03-to-2026-07-09-partial,KOR,uploaders,without-hosting,115,31446,0.36570629014819056,False
monarch-legacy-of-monsters-201,19,2026-07-03-to-2026-07-09-partial,asia-28,downloaders,all,768404,2387727,32.181400972556744,False
monarch-legacy-of-monsters-201,19,2026-07-03-to-2026-07-09-partial,asia-28,downloaders,without-hosting,732980,1991016,36.81437015071702,False
monarch-legacy-of-monsters-201,19,2026-07-03-to-2026-07-09-partial,asia-28,uploaders,all,13821,51993,26.582424557151924,False
monarch-legacy-of-monsters-201,19,2026-07-03-to-2026-07-09-partial,asia-28,uploaders,without-hosting,13002,31446,41.347071169624115,False
monarch-legacy-of-monsters-201,19,2026-07-03-to-2026-07-09-partial,eur-27,downloaders,all,673596,2387727,28.2107627882082,False
monarch-legacy-of-monsters-201,19,2026-07-03-to-2026-07-09-partial,eur-27,downloaders,without-hosting,455438,1991016,22.87465294101102,False
monarch-legacy-of-monsters-201,19,2026-07-03-to-2026-07-09-partial,eur-27,uploaders,all,10481,51993,20.1584828726944,False
monarch-legacy-of-monsters-201,19,2026-07-03-to-2026-07-09-partial,eur-27,uploaders,without-hosting,5771,31446,18.352095656045282,False
monarch-legacy-of-monsters-201,19,2026-07-03-to-2026-07-09-partial,usa-can,downloaders,all,227467,2387727,9.526507846164993,False
monarch-legacy-of-monsters-201,19,2026-07-03-to-2026-07-09-partial,usa-can,downloaders,without-hosting,128184,1991016,6.43812003519811,False
monarch-legacy-of-monsters-201,19,2026-07-03-to-2026-07-09-partial,usa-can,uploaders,all,16571,51993,31.871598099744197,False
monarch-legacy-of-monsters-201,19,2026-07-03-to-2026-07-09-partial,usa-can,uploaders,without-hosting,3889,31446,12.367232716402722,False
monarch-legacy-of-monsters-201,20,2026-07-10-to-2026-07-16,JPN,downloaders,all,38068,2851085,1.3352109810826405,True
monarch-legacy-of-monsters-201,20,2026-07-10-to-2026-07-16,JPN,downloaders,without-hosting,33683,2348254,1.4343848663730585,True
monarch-legacy-of-monsters-201,20,2026-07-10-to-2026-07-16,JPN,uploaders,all,153,58418,0.2619055770481701,True
monarch-legacy-of-monsters-201,20,2026-07-10-to-2026-07-16,JPN,uploaders,without-hosting,64,36648,0.17463435931019428,True
monarch-legacy-of-monsters-201,20,2026-07-10-to-2026-07-16,USA,downloaders,all,194521,2851085,6.8227008314378566,True
monarch-legacy-of-monsters-201,20,2026-07-10-to-2026-07-16,USA,downloaders,without-hosting,102629,2348254,4.370438632277429,True
monarch-legacy-of-monsters-201,20,2026-07-10-to-2026-07-16,USA,uploaders,all,14825,58418,25.377452155157656,True
monarch-legacy-of-monsters-201,20,2026-07-10-to-2026-07-16,USA,uploaders,without-hosting,2681,36648,7.315542457978608,True
monarch-legacy-of-monsters-201,20,2026-07-10-to-2026-07-16,CHN,downloaders,all,308491,2851085,10.82012637294223,True
monarch-legacy-of-monsters-201,20,2026-07-10-to-2026-07-16,CHN,downloaders,without-hosting,291979,2348254,12.433876403489572,True
monarch-legacy-of-monsters-201,20,2026-07-10-to-2026-07-16,CHN,uploaders,all,14337,58418,24.542093190454995,True
monarch-legacy-of-monsters-201,20,2026-07-10-to-2026-07-16,CHN,uploaders,without-hosting,14178,36648,38.686967910936474,True
monarch-legacy-of-monsters-201,20,2026-07-10-to-2026-07-16,KOR,downloaders,all,458635,2851085,16.086332045519512,True
monarch-legacy-of-monsters-201,20,2026-07-10-to-2026-07-16,KOR,downloaders,without-hosting,448203,2348254,19.086649059258495,True
monarch-legacy-of-monsters-201,20,2026-07-10-to-2026-07-16,KOR,uploaders,all,165,58418,0.2824471909343011,True
monarch-legacy-of-monsters-201,20,2026-07-10-to-2026-07-16,KOR,uploaders,without-hosting,118,36648,0.32198209997817073,True
monarch-legacy-of-monsters-201,20,2026-07-10-to-2026-07-16,asia-28,downloaders,all,887728,2851085,31.13649715809946,True
monarch-legacy-of-monsters-201,20,2026-07-10-to-2026-07-16,asia-28,downloaders,without-hosting,847415,2348254,36.08702465746891,True
monarch-legacy-of-monsters-201,20,2026-07-10-to-2026-07-16,asia-28,uploaders,all,17368,58418,29.730562497860248,True
monarch-legacy-of-monsters-201,20,2026-07-10-to-2026-07-16,asia-28,uploaders,without-hosting,16506,36648,45.03929273084479,True
monarch-legacy-of-monsters-201,20,2026-07-10-to-2026-07-16,eur-27,downloaders,all,841390,2851085,29.511221166678652,True
monarch-legacy-of-monsters-201,20,2026-07-10-to-2026-07-16,eur-27,downloaders,without-hosting,549640,2348254,23.406326572849444,True
monarch-legacy-of-monsters-201,20,2026-07-10-to-2026-07-16,eur-27,uploaders,all,11197,58418,19.16703755691739,True
monarch-legacy-of-monsters-201,20,2026-07-10-to-2026-07-16,eur-27,uploaders,without-hosting,6405,36648,17.477079240340537,True
monarch-legacy-of-monsters-201,20,2026-07-10-to-2026-07-16,usa-can,downloaders,all,279315,2851085,9.796796658114367,True
monarch-legacy-of-monsters-201,20,2026-07-10-to-2026-07-16,usa-can,downloaders,without-hosting,161918,2348254,6.895250684125312,True
monarch-legacy-of-monsters-201,20,2026-07-10-to-2026-07-16,usa-can,uploaders,all,17573,58418,30.081481735081653,True
monarch-legacy-of-monsters-201,20,2026-07-10-to-2026-07-16,usa-can,uploaders,without-hosting,3976,36648,10.849159572145819,True
monarch-legacy-of-monsters-201,21,2026-07-17-to-2026-07-23,JPN,downloaders,all,33262,2810145,1.183639990107272,True
monarch-legacy-of-monsters-201,21,2026-07-17-to-2026-07-23,JPN,downloaders,without-hosting,29016,2302429,1.260234300384507,True
monarch-legacy-of-monsters-201,21,2026-07-17-to-2026-07-23,JPN,uploaders,all,141,54079,0.26072967325579244,True
monarch-legacy-of-monsters-201,21,2026-07-17-to-2026-07-23,JPN,uploaders,without-hosting,44,33260,0.132291040288635,True
monarch-legacy-of-monsters-201,21,2026-07-17-to-2026-07-23,USA,downloaders,all,184302,2810145,6.55845161014823,True
monarch-legacy-of-monsters-201,21,2026-07-17-to-2026-07-23,USA,downloaders,without-hosting,94596,2302429,4.10853059964064,True
monarch-legacy-of-monsters-201,21,2026-07-17-to-2026-07-23,USA,uploaders,all,14518,54079,26.845910612252446,True
monarch-legacy-of-monsters-201,21,2026-07-17-to-2026-07-23,USA,uploaders,without-hosting,2710,33260,8.14792543595911,True
monarch-legacy-of-monsters-201,21,2026-07-17-to-2026-07-23,CHN,downloaders,all,284536,2810145,10.1253138183261,True
monarch-legacy-of-monsters-201,21,2026-07-17-to-2026-07-23,CHN,downloaders,without-hosting,269377,2302429,11.699687590800846,True
monarch-legacy-of-monsters-201,21,2026-07-17-to-2026-07-23,CHN,uploaders,all,11574,54079,21.402022966401006,True
monarch-legacy-of-monsters-201,21,2026-07-17-to-2026-07-23,CHN,uploaders,without-hosting,11392,33260,34.251352976548404,True
monarch-legacy-of-monsters-201,21,2026-07-17-to-2026-07-23,KOR,downloaders,all,420545,2810145,14.965242007085044,True
monarch-legacy-of-monsters-201,21,2026-07-17-to-2026-07-23,KOR,downloaders,without-hosting,411337,2302429,17.865350028165906,True
monarch-legacy-of-monsters-201,21,2026-07-17-to-2026-07-23,KOR,uploaders,all,136,54079,0.2514839401616154,True
monarch-legacy-of-monsters-201,21,2026-07-17-to-2026-07-23,KOR,uploaders,without-hosting,89,33260,0.2675886951292844,True
monarch-legacy-of-monsters-201,21,2026-07-17-to-2026-07-23,asia-28,downloaders,all,813048,2810145,28.932599563367727,True
monarch-legacy-of-monsters-201,21,2026-07-17-to-2026-07-23,asia-28,downloaders,without-hosting,775761,2302429,33.69315622761874,True
monarch-legacy-of-monsters-201,21,2026-07-17-to-2026-07-23,asia-28,uploaders,all,14200,54079,26.257881987462785,True
monarch-legacy-of-monsters-201,21,2026-07-17-to-2026-07-23,asia-28,uploaders,without-hosting,13371,33260,40.201443174984966,True
monarch-legacy-of-monsters-201,21,2026-07-17-to-2026-07-23,eur-27,downloaders,all,841581,2810145,29.947956422177505,True
monarch-legacy-of-monsters-201,21,2026-07-17-to-2026-07-23,eur-27,downloaders,without-hosting,539818,2302429,23.44558724720719,True
monarch-legacy-of-monsters-201,21,2026-07-17-to-2026-07-23,eur-27,uploaders,all,10888,54079,20.133508385879917,True
monarch-legacy-of-monsters-201,21,2026-07-17-to-2026-07-23,eur-27,uploaders,without-hosting,6289,33260,18.90859891761876,True
monarch-legacy-of-monsters-201,21,2026-07-17-to-2026-07-23,usa-can,downloaders,all,269773,2810145,9.59996726147583,True
monarch-legacy-of-monsters-201,21,2026-07-17-to-2026-07-23,usa-can,downloaders,without-hosting,154842,2302429,6.725158517374477,True
monarch-legacy-of-monsters-201,21,2026-07-17-to-2026-07-23,usa-can,uploaders,all,17053,54079,31.533497291000202,True
monarch-legacy-of-monsters-201,21,2026-07-17-to-2026-07-23,usa-can,uploaders,without-hosting,3918,33260,11.779915814792544,True
monarch-legacy-of-monsters-201,22,2026-07-24-to-2026-07-30,JPN,downloaders,all,31227,2848233,1.096363956179147,True
monarch-legacy-of-monsters-201,22,2026-07-24-to-2026-07-30,JPN,downloaders,without-hosting,27403,2338289,1.17192528382933,True
monarch-legacy-of-monsters-201,22,2026-07-24-to-2026-07-30,JPN,uploaders,all,113,52625,0.21472684085510688,True
monarch-legacy-of-monsters-201,22,2026-07-24-to-2026-07-30,JPN,uploaders,without-hosting,37,32425,0.1141094834232845,True
monarch-legacy-of-monsters-201,22,2026-07-24-to-2026-07-30,USA,downloaders,all,184364,2848233,6.47292549450835,True
monarch-legacy-of-monsters-201,22,2026-07-24-to-2026-07-30,USA,downloaders,without-hosting,96158,2338289,4.112323155948644,True
monarch-legacy-of-monsters-201,22,2026-07-24-to-2026-07-30,USA,uploaders,all,14138,52625,26.865558194774348,True
monarch-legacy-of-monsters-201,22,2026-07-24-to-2026-07-30,USA,uploaders,without-hosting,2652,32425,8.17887432536623,True
monarch-legacy-of-monsters-201,22,2026-07-24-to-2026-07-30,CHN,downloaders,all,269737,2848233,9.470327743551879,True
monarch-legacy-of-monsters-201,22,2026-07-24-to-2026-07-30,CHN,downloaders,without-hosting,255362,2338289,10.920891301289105,True
monarch-legacy-of-monsters-201,22,2026-07-24-to-2026-07-30,CHN,uploaders,all,10821,52625,20.562470308788598,True
monarch-legacy-of-monsters-201,22,2026-07-24-to-2026-07-30,CHN,uploaders,without-hosting,10662,32425,32.88203546646106,True
monarch-legacy-of-monsters-201,22,2026-07-24-to-2026-07-30,KOR,downloaders,all,366096,2848233,12.853442818758156,True
monarch-legacy-of-monsters-201,22,2026-07-24-to-2026-07-30,KOR,downloaders,without-hosting,357702,2338289,15.297595806164251,True
monarch-legacy-of-monsters-201,22,2026-07-24-to-2026-07-30,KOR,uploaders,all,169,52625,0.32114014251781475,True
monarch-legacy-of-monsters-201,22,2026-07-24-to-2026-07-30,KOR,uploaders,without-hosting,94,32425,0.2898997686969931,True
monarch-legacy-of-monsters-201,22,2026-07-24-to-2026-07-30,asia-28,downloaders,all,741167,2848233,26.021993284959482,True
monarch-legacy-of-monsters-201,22,2026-07-24-to-2026-07-30,asia-28,downloaders,without-hosting,706158,2338289,30.199774279398312,True
monarch-legacy-of-monsters-201,22,2026-07-24-to-2026-07-30,asia-28,uploaders,all,13498,52625,25.649406175771972,True
monarch-legacy-of-monsters-201,22,2026-07-24-to-2026-07-30,asia-28,uploaders,without-hosting,12662,32425,39.05011565150347,True
monarch-legacy-of-monsters-201,22,2026-07-24-to-2026-07-30,eur-27,downloaders,all,951502,2848233,33.406747271027335,True
monarch-legacy-of-monsters-201,22,2026-07-24-to-2026-07-30,eur-27,downloaders,without-hosting,643189,2338289,27.506822296131915,True
monarch-legacy-of-monsters-201,22,2026-07-24-to-2026-07-30,eur-27,uploaders,all,10812,52625,20.545368171021376,True
monarch-legacy-of-monsters-201,22,2026-07-24-to-2026-07-30,eur-27,uploaders,without-hosting,6382,32425,19.682343870470316,True
monarch-legacy-of-monsters-201,22,2026-07-24-to-2026-07-30,usa-can,downloaders,all,273716,2848233,9.610028393042283,True
monarch-legacy-of-monsters-201,22,2026-07-24-to-2026-07-30,usa-can,downloaders,without-hosting,160025,2338289,6.843679288573825,True
monarch-legacy-of-monsters-201,22,2026-07-24-to-2026-07-30,usa-can,uploaders,all,16694,52625,31.722565320665083,True
monarch-legacy-of-monsters-201,22,2026-07-24-to-2026-07-30,usa-can,uploaders,without-hosting,3904,32425,12.040092521202777,True
monarch-legacy-of-monsters-201,23,2026-07-31-to-2026-08-06,JPN,downloaders,all,32098,2770874,1.1584070585670803,True
monarch-legacy-of-monsters-201,23,2026-07-31-to-2026-08-06,JPN,downloaders,without-hosting,28211,2253757,1.2517321077649455,True
monarch-legacy-of-monsters-201,23,2026-07-31-to-2026-08-06,JPN,uploaders,all,113,50520,0.223673792557403,True
monarch-legacy-of-monsters-201,23,2026-07-31-to-2026-08-06,JPN,uploaders,without-hosting,42,30862,0.1360896895858985,True
monarch-legacy-of-monsters-201,23,2026-07-31-to-2026-08-06,USA,downloaders,all,188194,2770874,6.791864227676899,True
monarch-legacy-of-monsters-201,23,2026-07-31-to-2026-08-06,USA,downloaders,without-hosting,99234,2253757,4.403047888481322,True
monarch-legacy-of-monsters-201,23,2026-07-31-to-2026-08-06,USA,uploaders,all,14203,50520,28.113618368962786,True
monarch-legacy-of-monsters-201,23,2026-07-31-to-2026-08-06,USA,uploaders,without-hosting,2689,30862,8.71298036420193,True
monarch-legacy-of-monsters-201,23,2026-07-31-to-2026-08-06,CHN,downloaders,all,214746,2770874,7.75011783285707,True
monarch-legacy-of-monsters-201,23,2026-07-31-to-2026-08-06,CHN,downloaders,without-hosting,204073,2253757,9.05479162127949,True
monarch-legacy-of-monsters-201,23,2026-07-31-to-2026-08-06,CHN,uploaders,all,9079,50520,17.971100554235946,True
monarch-legacy-of-monsters-201,23,2026-07-31-to-2026-08-06,CHN,uploaders,without-hosting,8985,30862,29.113472879269004,True
monarch-legacy-of-monsters-201,23,2026-07-31-to-2026-08-06,KOR,downloaders,all,340863,2770874,12.301642008983448,True
monarch-legacy-of-monsters-201,23,2026-07-31-to-2026-08-06,KOR,downloaders,without-hosting,333276,2253757,14.7875747030403,True
monarch-legacy-of-monsters-201,23,2026-07-31-to-2026-08-06,KOR,uploaders,all,122,50520,0.2414885193982581,True
monarch-legacy-of-monsters-201,23,2026-07-31-to-2026-08-06,KOR,uploaders,without-hosting,108,30862,0.34994491607802475,True
monarch-legacy-of-monsters-201,23,2026-07-31-to-2026-08-06,asia-28,downloaders,all,662175,2770874,23.89769437368859,True
monarch-legacy-of-monsters-201,23,2026-07-31-to-2026-08-06,asia-28,downloaders,without-hosting,631885,2253757,28.03696228120423,True
monarch-legacy-of-monsters-201,23,2026-07-31-to-2026-08-06,asia-28,uploaders,all,11599,50520,22.959224069675376,True
monarch-legacy-of-monsters-201,23,2026-07-31-to-2026-08-06,asia-28,uploaders,without-hosting,10963,30862,35.52264921262394,True
monarch-legacy-of-monsters-201,23,2026-07-31-to-2026-08-06,eur-27,downloaders,all,965817,2770874,34.85604181207807,True
monarch-legacy-of-monsters-201,23,2026-07-31-to-2026-08-06,eur-27,downloaders,without-hosting,646788,2253757,28.69821369384543,True
monarch-legacy-of-monsters-201,23,2026-07-31-to-2026-08-06,eur-27,uploaders,all,10175,50520,20.140538400633414,True
monarch-legacy-of-monsters-201,23,2026-07-31-to-2026-08-06,eur-27,uploaders,without-hosting,6125,30862,19.8464130646102,True
monarch-legacy-of-monsters-201,23,2026-07-31-to-2026-08-06,usa-can,downloaders,all,279633,2770874,10.09186992984885,True
monarch-legacy-of-monsters-201,23,2026-07-31-to-2026-08-06,usa-can,downloaders,without-hosting,165109,2253757,7.325945077486171,True
monarch-legacy-of-monsters-201,23,2026-07-31-to-2026-08-06,usa-can,uploaders,all,16815,50520,33.28384798099763,True
monarch-legacy-of-monsters-201,23,2026-07-31-to-2026-08-06,usa-can,uploaders,without-hosting,3981,30862,12.899358434320524,True
monarch-legacy-of-monsters-201,24,2026-08-07-to-2026-08-13,JPN,downloaders,all,31389,2625449,1.1955669296946922,True
monarch-legacy-of-monsters-201,24,2026-08-07-to-2026-08-13,JPN,downloaders,without-hosting,27598,2136271,1.2918772945941783,True
monarch-legacy-of-monsters-201,24,2026-08-07-to-2026-08-13,JPN,uploaders,all,149,48724,0.30580412117231753,True
monarch-legacy-of-monsters-201,24,2026-08-07-to-2026-08-13,JPN,uploaders,without-hosting,41,29249,0.14017573250367535,True
monarch-legacy-of-monsters-201,24,2026-08-07-to-2026-08-13,USA,downloaders,all,181130,2625449,6.899010416884884,True
monarch-legacy-of-monsters-201,24,2026-08-07-to-2026-08-13,USA,downloaders,without-hosting,94081,2136271,4.4039824535370276,True
monarch-legacy-of-monsters-201,24,2026-08-07-to-2026-08-13,USA,uploaders,all,14370,48724,29.492652491585257,True
monarch-legacy-of-monsters-201,24,2026-08-07-to-2026-08-13,USA,uploaders,without-hosting,2709,29249,9.261855106157476,True
monarch-legacy-of-monsters-201,24,2026-08-07-to-2026-08-13,CHN,downloaders,all,226948,2625449,8.644159532331422,True
monarch-legacy-of-monsters-201,24,2026-08-07-to-2026-08-13,CHN,downloaders,without-hosting,215270,2136271,10.07690503686096,True
monarch-legacy-of-monsters-201,24,2026-08-07-to-2026-08-13,CHN,uploaders,all,7914,48724,16.242508825219605,True
monarch-legacy-of-monsters-201,24,2026-08-07-to-2026-08-13,CHN,uploaders,without-hosting,7832,29249,26.776983828506957,True
monarch-legacy-of-monsters-201,24,2026-08-07-to-2026-08-13,KOR,downloaders,all,311216,2625449,11.853820051351217,True
monarch-legacy-of-monsters-201,24,2026-08-07-to-2026-08-13,KOR,downloaders,without-hosting,303971,2136271,14.229046782922204,True
monarch-legacy-of-monsters-201,24,2026-08-07-to-2026-08-13,KOR,uploaders,all,111,48724,0.22781380839011575,True
monarch-legacy-of-monsters-201,24,2026-08-07-to-2026-08-13,KOR,uploaders,without-hosting,89,29249,0.3042839071421245,True
monarch-legacy-of-monsters-201,24,2026-08-07-to-2026-08-13,asia-28,downloaders,all,640415,2625449,24.392589610386644,True
monarch-legacy-of-monsters-201,24,2026-08-07-to-2026-08-13,asia-28,downloaders,without-hosting,609539,2136271,28.53284999889995,True
monarch-legacy-of-monsters-201,24,2026-08-07-to-2026-08-13,asia-28,uploaders,all,10448,48724,21.443231261801166,True
monarch-legacy-of-monsters-201,24,2026-08-07-to-2026-08-13,asia-28,uploaders,without-hosting,9668,29249,33.05412150842764,True
monarch-legacy-of-monsters-201,24,2026-08-07-to-2026-08-13,eur-27,downloaders,all,900551,2625449,34.300837685287355,True
monarch-legacy-of-monsters-201,24,2026-08-07-to-2026-08-13,eur-27,downloaders,without-hosting,603924,2136271,28.270008814424763,True
monarch-legacy-of-monsters-201,24,2026-08-07-to-2026-08-13,eur-27,uploaders,all,9836,48724,20.187176750677285,True
monarch-legacy-of-monsters-201,24,2026-08-07-to-2026-08-13,eur-27,uploaders,without-hosting,5966,29249,20.397278539437245,True
monarch-legacy-of-monsters-201,24,2026-08-07-to-2026-08-13,usa-can,downloaders,all,266629,2625449,10.155558154052887,True
monarch-legacy-of-monsters-201,24,2026-08-07-to-2026-08-13,usa-can,downloaders,without-hosting,155556,2136271,7.281660426041452,True
monarch-legacy-of-monsters-201,24,2026-08-07-to-2026-08-13,usa-can,uploaders,all,16616,48724,34.102290452343816,True
monarch-legacy-of-monsters-201,24,2026-08-07-to-2026-08-13,usa-can,uploaders,without-hosting,3846,29249,13.14916749290574,True
monarch-legacy-of-monsters-201,25,2026-08-14-to-2026-08-20,JPN,downloaders,all,29797,2451785,1.215318635198437,True
monarch-legacy-of-monsters-201,25,2026-08-14-to-2026-08-20,JPN,downloaders,without-hosting,26092,2047484,1.2743445125822717,True
monarch-legacy-of-monsters-201,25,2026-08-14-to-2026-08-20,JPN,uploaders,all,148,46311,0.3195785018678068,True
monarch-legacy-of-monsters-201,25,2026-08-14-to-2026-08-20,JPN,uploaders,without-hosting,38,29512,0.1287611818921117,True
monarch-legacy-of-monsters-201,25,2026-08-14-to-2026-08-20,USA,downloaders,all,168793,2451785,6.884494358192093,True
monarch-legacy-of-monsters-201,25,2026-08-14-to-2026-08-20,USA,downloaders,without-hosting,85108,2047484,4.156711358916602,True
monarch-legacy-of-monsters-201,25,2026-08-14-to-2026-08-20,USA,uploaders,all,12280,46311,26.516378398220724,True
monarch-legacy-of-monsters-201,25,2026-08-14-to-2026-08-20,USA,uploaders,without-hosting,2602,29512,8.816752507454595,True
monarch-legacy-of-monsters-201,25,2026-08-14-to-2026-08-20,CHN,downloaders,all,225628,2451785,9.202601370022249,True
monarch-legacy-of-monsters-201,25,2026-08-14-to-2026-08-20,CHN,downloaders,without-hosting,214126,2047484,10.458006021048272,True
monarch-legacy-of-monsters-201,25,2026-08-14-to-2026-08-20,CHN,uploaders,all,9802,46311,21.16559780613677,True
monarch-legacy-of-monsters-201,25,2026-08-14-to-2026-08-20,CHN,uploaders,without-hosting,9683,29512,32.81038221740309,True
monarch-legacy-of-monsters-201,25,2026-08-14-to-2026-08-20,KOR,downloaders,all,305429,2451785,12.457413680237051,True
monarch-legacy-of-monsters-201,25,2026-08-14-to-2026-08-20,KOR,downloaders,without-hosting,298507,2047484,14.579210386992035,True
monarch-legacy-of-monsters-201,25,2026-08-14-to-2026-08-20,KOR,uploaders,all,91,46311,0.196497592364665,True
monarch-legacy-of-monsters-201,25,2026-08-14-to-2026-08-20,KOR,uploaders,without-hosting,78,29512,0.2642992680943345,True
monarch-legacy-of-monsters-201,25,2026-08-14-to-2026-08-20,asia-28,downloaders,all,627482,2451785,25.592863974614414,True
monarch-legacy-of-monsters-201,25,2026-08-14-to-2026-08-20,asia-28,downloaders,without-hosting,597998,2047484,29.206479757595176,True
monarch-legacy-of-monsters-201,25,2026-08-14-to-2026-08-20,asia-28,uploaders,all,11900,46311,25.695839001533113,True
monarch-legacy-of-monsters-201,25,2026-08-14-to-2026-08-20,asia-28,uploaders,without-hosting,11192,29512,37.92355651938195,True
monarch-legacy-of-monsters-201,25,2026-08-14-to-2026-08-20,eur-27,downloaders,all,795432,2451785,32.442975220094745,True
monarch-legacy-of-monsters-201,25,2026-08-14-to-2026-08-20,eur-27,downloaders,without-hosting,568019,2047484,27.742292491662937,True
monarch-legacy-of-monsters-201,25,2026-08-14-to-2026-08-20,eur-27,uploaders,all,9217,46311,19.902398998078212,True
monarch-legacy-of-monsters-201,25,2026-08-14-to-2026-08-20,eur-27,uploaders,without-hosting,5581,29512,18.91095147736514,True
monarch-legacy-of-monsters-201,25,2026-08-14-to-2026-08-20,usa-can,downloaders,all,236925,2451785,9.663367709648277,True
monarch-legacy-of-monsters-201,25,2026-08-14-to-2026-08-20,usa-can,downloaders,without-hosting,133290,2047484,6.509940981223785,True
monarch-legacy-of-monsters-201,25,2026-08-14-to-2026-08-20,usa-can,uploaders,all,14403,46311,31.100602448662304,True
monarch-legacy-of-monsters-201,25,2026-08-14-to-2026-08-20,usa-can,uploaders,without-hosting,3747,29512,12.696530224993223,True
monarch-legacy-of-monsters-201,26,2026-08-21-to-2026-08-27,JPN,downloaders,all,24976,2229893,1.1200537424889894,True
monarch-legacy-of-monsters-201,26,2026-08-21-to-2026-08-27,JPN,downloaders,without-hosting,21754,1913005,1.1371637815896978,True
monarch-legacy-of-monsters-201,26,2026-08-21-to-2026-08-27,JPN,uploaders,all,180,41217,0.4367130067690516,True
monarch-legacy-of-monsters-201,26,2026-08-21-to-2026-08-27,JPN,uploaders,without-hosting,82,27044,0.3032095843810087,True
monarch-legacy-of-monsters-201,26,2026-08-21-to-2026-08-27,USA,downloaders,all,152235,2229893,6.8270091883332515,True
monarch-legacy-of-monsters-201,26,2026-08-21-to-2026-08-27,USA,downloaders,without-hosting,76862,1913005,4.01786717755573,True
monarch-legacy-of-monsters-201,26,2026-08-21-to-2026-08-27,USA,uploaders,all,11489,41217,27.874420748720187,True
monarch-legacy-of-monsters-201,26,2026-08-21-to-2026-08-27,USA,uploaders,without-hosting,3601,27044,13.31533796775625,True
monarch-legacy-of-monsters-201,26,2026-08-21-to-2026-08-27,CHN,downloaders,all,206129,2229893,9.243896456018293,True
monarch-legacy-of-monsters-201,26,2026-08-21-to-2026-08-27,CHN,downloaders,without-hosting,195666,1913005,10.22820118086466,True
monarch-legacy-of-monsters-201,26,2026-08-21-to-2026-08-27,CHN,uploaders,all,8481,41217,20.576461168935147,True
monarch-legacy-of-monsters-201,26,2026-08-21-to-2026-08-27,CHN,uploaders,without-hosting,8327,27044,30.790563526105604,True
monarch-legacy-of-monsters-201,26,2026-08-21-to-2026-08-27,KOR,downloaders,all,259861,2229893,11.653518801126332,True
monarch-legacy-of-monsters-201,26,2026-08-21-to-2026-08-27,KOR,downloaders,without-hosting,254185,1913005,13.287210435937178,True
monarch-legacy-of-monsters-201,26,2026-08-21-to-2026-08-27,KOR,uploaders,all,88,41217,0.21350413664264745,True
monarch-legacy-of-monsters-201,26,2026-08-21-to-2026-08-27,KOR,uploaders,without-hosting,72,27044,0.2662328057979589,True
monarch-legacy-of-monsters-201,26,2026-08-21-to-2026-08-27,asia-28,downloaders,all,549415,2229893,24.638626158295487,True
monarch-legacy-of-monsters-201,26,2026-08-21-to-2026-08-27,asia-28,downloaders,without-hosting,523463,1913005,27.363389013619933,True
monarch-legacy-of-monsters-201,26,2026-08-21-to-2026-08-27,asia-28,uploaders,all,10326,41217,25.052769488317928,True
monarch-legacy-of-monsters-201,26,2026-08-21-to-2026-08-27,asia-28,uploaders,without-hosting,9663,27044,35.73066114480107,True
monarch-legacy-of-monsters-201,26,2026-08-21-to-2026-08-27,eur-27,downloaders,all,707500,2229893,31.7279797730205,True
monarch-legacy-of-monsters-201,26,2026-08-21-to-2026-08-27,eur-27,downloaders,without-hosting,544257,1913005,28.450369967668667,True
monarch-legacy-of-monsters-201,26,2026-08-21-to-2026-08-27,eur-27,uploaders,all,8524,41217,20.68078705388553,True
monarch-legacy-of-monsters-201,26,2026-08-21-to-2026-08-27,eur-27,uploaders,without-hosting,5204,27044,19.24271557461914,True
monarch-legacy-of-monsters-201,26,2026-08-21-to-2026-08-27,usa-can,downloaders,all,203427,2229893,9.122724722666065,True
monarch-legacy-of-monsters-201,26,2026-08-21-to-2026-08-27,usa-can,downloaders,without-hosting,112102,1913005,5.859995138538582,True
monarch-legacy-of-monsters-201,26,2026-08-21-to-2026-08-27,usa-can,uploaders,all,13354,41217,32.39925273552175,True
monarch-legacy-of-monsters-201,26,2026-08-21-to-2026-08-27,usa-can,uploaders,without-hosting,4659,27044,17.227481141842922,True
monarch-legacy-of-monsters-208,1,2026-04-17-to-2026-04-23,JPN,downloaders,all,9110,1030635,0.883921077782144,True
monarch-legacy-of-monsters-208,1,2026-04-17-to-2026-04-23,JPN,downloaders,without-hosting,7159,843955,0.8482679763731479,True
monarch-legacy-of-monsters-208,1,2026-04-17-to-2026-04-23,JPN,uploaders,all,646,146636,0.44054665975613083,True
monarch-legacy-of-monsters-208,1,2026-04-17-to-2026-04-23,JPN,uploaders,without-hosting,329,104661,0.31434822904424764,True
monarch-legacy-of-monsters-208,1,2026-04-17-to-2026-04-23,USA,downloaders,all,82951,1030635,8.048533185851442,True
monarch-legacy-of-monsters-208,1,2026-04-17-to-2026-04-23,USA,downloaders,without-hosting,33068,843955,3.9182183884211836,True
monarch-legacy-of-monsters-208,1,2026-04-17-to-2026-04-23,USA,uploaders,all,21184,146636,14.446657028287733,True
monarch-legacy-of-monsters-208,1,2026-04-17-to-2026-04-23,USA,uploaders,without-hosting,5414,104661,5.172891525974336,True
monarch-legacy-of-monsters-208,1,2026-04-17-to-2026-04-23,CHN,downloaders,all,93342,1030635,9.056746568862886,True
monarch-legacy-of-monsters-208,1,2026-04-17-to-2026-04-23,CHN,downloaders,without-hosting,89677,843955,10.625803508480903,True
monarch-legacy-of-monsters-208,1,2026-04-17-to-2026-04-23,CHN,uploaders,all,16882,146636,11.512861780190404,True
monarch-legacy-of-monsters-208,1,2026-04-17-to-2026-04-23,CHN,uploaders,without-hosting,16799,104661,16.050868996092145,True
monarch-legacy-of-monsters-208,1,2026-04-17-to-2026-04-23,KOR,downloaders,all,85605,1030635,8.306044331892474,True
monarch-legacy-of-monsters-208,1,2026-04-17-to-2026-04-23,KOR,downloaders,without-hosting,83671,843955,9.914154190685522,True
monarch-legacy-of-monsters-208,1,2026-04-17-to-2026-04-23,KOR,uploaders,all,1613,146636,1.1000027278430944,True
monarch-legacy-of-monsters-208,1,2026-04-17-to-2026-04-23,KOR,uploaders,without-hosting,1564,104661,1.494348420137396,True
monarch-legacy-of-monsters-208,1,2026-04-17-to-2026-04-23,asia-28,downloaders,all,237658,1030635,23.059376015757277,True
monarch-legacy-of-monsters-208,1,2026-04-17-to-2026-04-23,asia-28,downloaders,without-hosting,225162,843955,26.679384564342886,True
monarch-legacy-of-monsters-208,1,2026-04-17-to-2026-04-23,asia-28,uploaders,all,33393,146636,22.77271611336916,True
monarch-legacy-of-monsters-208,1,2026-04-17-to-2026-04-23,asia-28,uploaders,without-hosting,31608,104661,30.200361166050392,True
monarch-legacy-of-monsters-208,1,2026-04-17-to-2026-04-23,eur-27,downloaders,all,279582,1030635,27.127159469647353,True
monarch-legacy-of-monsters-208,1,2026-04-17-to-2026-04-23,eur-27,downloaders,without-hosting,197605,843955,23.414163077415264,True
monarch-legacy-of-monsters-208,1,2026-04-17-to-2026-04-23,eur-27,uploaders,all,33534,146636,22.868872582449058,True
monarch-legacy-of-monsters-208,1,2026-04-17-to-2026-04-23,eur-27,uploaders,without-hosting,20978,104661,20.04376033097333,True
monarch-legacy-of-monsters-208,1,2026-04-17-to-2026-04-23,usa-can,downloaders,all,112583,1030635,10.923653863880036,True
monarch-legacy-of-monsters-208,1,2026-04-17-to-2026-04-23,usa-can,downloaders,without-hosting,49740,843955,5.893679165358343,True
monarch-legacy-of-monsters-208,1,2026-04-17-to-2026-04-23,usa-can,uploaders,all,28832,146636,19.662293024905207,True
monarch-legacy-of-monsters-208,1,2026-04-17-to-2026-04-23,usa-can,uploaders,without-hosting,8965,104661,8.565750375020304,True
monarch-legacy-of-monsters-208,2,2026-04-24-to-2026-04-30,JPN,downloaders,all,21789,2058024,1.0587340089328405,True
monarch-legacy-of-monsters-208,2,2026-04-24-to-2026-04-30,JPN,downloaders,without-hosting,17328,1678756,1.0321928856843996,True
monarch-legacy-of-monsters-208,2,2026-04-24-to-2026-04-30,JPN,uploaders,all,980,241686,0.4054848025951027,True
monarch-legacy-of-monsters-208,2,2026-04-24-to-2026-04-30,JPN,uploaders,without-hosting,421,170004,0.24764123197101245,True
monarch-legacy-of-monsters-208,2,2026-04-24-to-2026-04-30,USA,downloaders,all,163993,2058024,7.968468783648782,True
monarch-legacy-of-monsters-208,2,2026-04-24-to-2026-04-30,USA,downloaders,without-hosting,68132,1678756,4.058481399321879,True
monarch-legacy-of-monsters-208,2,2026-04-24-to-2026-04-30,USA,uploaders,all,36012,241686,14.90032521536208,True
monarch-legacy-of-monsters-208,2,2026-04-24-to-2026-04-30,USA,uploaders,without-hosting,9331,170004,5.488694383661561,True
monarch-legacy-of-monsters-208,2,2026-04-24-to-2026-04-30,CHN,downloaders,all,205670,2058024,9.99356664450949,True
monarch-legacy-of-monsters-208,2,2026-04-24-to-2026-04-30,CHN,downloaders,without-hosting,196849,1678756,11.725885119695775,True
monarch-legacy-of-monsters-208,2,2026-04-24-to-2026-04-30,CHN,uploaders,all,31265,241686,12.936206482791722,True
monarch-legacy-of-monsters-208,2,2026-04-24-to-2026-04-30,CHN,uploaders,without-hosting,31151,170004,18.323686501494084,True
monarch-legacy-of-monsters-208,2,2026-04-24-to-2026-04-30,KOR,downloaders,all,199223,2058024,9.68030499158416,True
monarch-legacy-of-monsters-208,2,2026-04-24-to-2026-04-30,KOR,downloaders,without-hosting,194848,1678756,11.606689715479796,True
monarch-legacy-of-monsters-208,2,2026-04-24-to-2026-04-30,KOR,uploaders,all,1370,241686,0.5668512036278477,True
monarch-legacy-of-monsters-208,2,2026-04-24-to-2026-04-30,KOR,uploaders,without-hosting,1300,170004,0.764687889696713,True
monarch-legacy-of-monsters-208,2,2026-04-24-to-2026-04-30,asia-28,downloaders,all,519010,2058024,25.21885070339316,True
monarch-legacy-of-monsters-208,2,2026-04-24-to-2026-04-30,asia-28,downloaders,without-hosting,491244,1678756,29.262382383145614,True
monarch-legacy-of-monsters-208,2,2026-04-24-to-2026-04-30,asia-28,uploaders,all,55871,241686,23.117185107949986,True
monarch-legacy-of-monsters-208,2,2026-04-24-to-2026-04-30,asia-28,uploaders,without-hosting,52628,170004,30.956918660737394,True
monarch-legacy-of-monsters-208,2,2026-04-24-to-2026-04-30,eur-27,downloaders,all,542428,2058024,26.35673830820243,True
monarch-legacy-of-monsters-208,2,2026-04-24-to-2026-04-30,eur-27,downloaders,without-hosting,367962,1678756,21.918730297911072,True
monarch-legacy-of-monsters-208,2,2026-04-24-to-2026-04-30,eur-27,uploaders,all,56496,241686,23.375785109605026,True
monarch-legacy-of-monsters-208,2,2026-04-24-to-2026-04-30,eur-27,uploaders,without-hosting,33913,170004,19.94835415637279,True
monarch-legacy-of-monsters-208,2,2026-04-24-to-2026-04-30,usa-can,downloaders,all,222476,2058024,10.810175197179431,True
monarch-legacy-of-monsters-208,2,2026-04-24-to-2026-04-30,usa-can,downloaders,without-hosting,102103,1678756,6.082063146758672,True
monarch-legacy-of-monsters-208,2,2026-04-24-to-2026-04-30,usa-can,uploaders,all,48796,241686,20.189833089214932,True
monarch-legacy-of-monsters-208,2,2026-04-24-to-2026-04-30,usa-can,uploaders,without-hosting,15533,170004,9.136843838968495,True
monarch-legacy-of-monsters-208,3,2026-05-01-to-2026-05-07,JPN,downloaders,all,38748,3275757,1.1828716232614325,True
monarch-legacy-of-monsters-208,3,2026-05-01-to-2026-05-07,JPN,downloaders,without-hosting,31420,2672224,1.1757996335636534,True
monarch-legacy-of-monsters-208,3,2026-05-01-to-2026-05-07,JPN,uploaders,all,1469,362850,0.40485048918285793,True
monarch-legacy-of-monsters-208,3,2026-05-01-to-2026-05-07,JPN,uploaders,without-hosting,562,248305,0.22633454823704718,True
monarch-legacy-of-monsters-208,3,2026-05-01-to-2026-05-07,USA,downloaders,all,258545,3275757,7.892679463098148,True
monarch-legacy-of-monsters-208,3,2026-05-01-to-2026-05-07,USA,downloaders,without-hosting,109302,2672224,4.090300813105488,True
monarch-legacy-of-monsters-208,3,2026-05-01-to-2026-05-07,USA,uploaders,all,59913,362850,16.511781727986772,True
monarch-legacy-of-monsters-208,3,2026-05-01-to-2026-05-07,USA,uploaders,without-hosting,14666,248305,5.906445701858601,True
monarch-legacy-of-monsters-208,3,2026-05-01-to-2026-05-07,CHN,downloaders,all,342706,3275757,10.461887130211428,True
monarch-legacy-of-monsters-208,3,2026-05-01-to-2026-05-07,CHN,downloaders,without-hosting,327079,2672224,12.239954434957548,True
monarch-legacy-of-monsters-208,3,2026-05-01-to-2026-05-07,CHN,uploaders,all,43838,362850,12.081576408984429,True
monarch-legacy-of-monsters-208,3,2026-05-01-to-2026-05-07,CHN,uploaders,without-hosting,43662,248305,17.58401965324903,True
monarch-legacy-of-monsters-208,3,2026-05-01-to-2026-05-07,KOR,downloaders,all,390974,3275757,11.935378601037867,True
monarch-legacy-of-monsters-208,3,2026-05-01-to-2026-05-07,KOR,downloaders,without-hosting,382032,2672224,14.296406289293113,True
monarch-legacy-of-monsters-208,3,2026-05-01-to-2026-05-07,KOR,uploaders,all,1968,362850,0.5423728813559322,True
monarch-legacy-of-monsters-208,3,2026-05-01-to-2026-05-07,KOR,uploaders,without-hosting,1870,248305,0.7531060590805663,True
monarch-legacy-of-monsters-208,3,2026-05-01-to-2026-05-07,asia-28,downloaders,all,920737,3275757,28.10760993565762,True
monarch-legacy-of-monsters-208,3,2026-05-01-to-2026-05-07,asia-28,downloaders,without-hosting,873424,2672224,32.68528386841822,True
monarch-legacy-of-monsters-208,3,2026-05-01-to-2026-05-07,asia-28,uploaders,all,84451,362850,23.274355794405402,True
monarch-legacy-of-monsters-208,3,2026-05-01-to-2026-05-07,asia-28,uploaders,without-hosting,79777,248305,32.12863212581301,True
monarch-legacy-of-monsters-208,3,2026-05-01-to-2026-05-07,eur-27,downloaders,all,849493,3275757,25.932723336926397,True
monarch-legacy-of-monsters-208,3,2026-05-01-to-2026-05-07,eur-27,downloaders,without-hosting,566379,2672224,21.19504203240447,True
monarch-legacy-of-monsters-208,3,2026-05-01-to-2026-05-07,eur-27,uploaders,all,87428,362850,24.09480501584677,True
monarch-legacy-of-monsters-208,3,2026-05-01-to-2026-05-07,eur-27,uploaders,without-hosting,52154,248305,21.004007168603128,True
monarch-legacy-of-monsters-208,3,2026-05-01-to-2026-05-07,usa-can,downloaders,all,346442,3275757,10.575937104003746,True
monarch-legacy-of-monsters-208,3,2026-05-01-to-2026-05-07,usa-can,downloaders,without-hosting,162086,2672224,6.065584322272384,True
monarch-legacy-of-monsters-208,3,2026-05-01-to-2026-05-07,usa-can,uploaders,all,77904,362850,21.47002893757751,True
monarch-legacy-of-monsters-208,3,2026-05-01-to-2026-05-07,usa-can,uploaders,without-hosting,23227,248305,9.354221622601237,True
monarch-legacy-of-monsters-208,4,2026-05-08-to-2026-05-14,JPN,downloaders,all,36519,3237891,1.127863785408465,True
monarch-legacy-of-monsters-208,4,2026-05-08-to-2026-05-14,JPN,downloaders,without-hosting,29861,2684134,1.1125003446176682,True
monarch-legacy-of-monsters-208,4,2026-05-08-to-2026-05-14,JPN,uploaders,all,810,201744,0.4014989293361884,True
monarch-legacy-of-monsters-208,4,2026-05-08-to-2026-05-14,JPN,uploaders,without-hosting,175,126593,0.13823829121673395,True
monarch-legacy-of-monsters-208,4,2026-05-08-to-2026-05-14,USA,downloaders,all,223815,3237891,6.912369811089997,True
monarch-legacy-of-monsters-208,4,2026-05-08-to-2026-05-14,USA,downloaders,without-hosting,99376,2684134,3.7023486904901173,True
monarch-legacy-of-monsters-208,4,2026-05-08-to-2026-05-14,USA,uploaders,all,37772,201744,18.722737727020384,True
monarch-legacy-of-monsters-208,4,2026-05-08-to-2026-05-14,USA,uploaders,without-hosting,7578,126593,5.986112976230913,True
monarch-legacy-of-monsters-208,4,2026-05-08-to-2026-05-14,CHN,downloaders,all,335640,3237891,10.366006761808844,True
monarch-legacy-of-monsters-208,4,2026-05-08-to-2026-05-14,CHN,downloaders,without-hosting,319213,2684134,11.89258807496198,True
monarch-legacy-of-monsters-208,4,2026-05-08-to-2026-05-14,CHN,uploaders,all,25710,201744,12.743873423744944,True
monarch-legacy-of-monsters-208,4,2026-05-08-to-2026-05-14,CHN,uploaders,without-hosting,25639,126593,20.253094562890524,True
monarch-legacy-of-monsters-208,4,2026-05-08-to-2026-05-14,KOR,downloaders,all,411849,3237891,12.719668450852732,True
monarch-legacy-of-monsters-208,4,2026-05-08-to-2026-05-14,KOR,downloaders,without-hosting,402875,2684134,15.009496545254446,True
monarch-legacy-of-monsters-208,4,2026-05-08-to-2026-05-14,KOR,uploaders,all,735,201744,0.36432310254580064,True
monarch-legacy-of-monsters-208,4,2026-05-08-to-2026-05-14,KOR,uploaders,without-hosting,687,126593,0.5426840346622641,True
monarch-legacy-of-monsters-208,4,2026-05-08-to-2026-05-14,asia-28,downloaders,all,889312,3237891,27.46577942246975,True
monarch-legacy-of-monsters-208,4,2026-05-08-to-2026-05-14,asia-28,downloaders,without-hosting,845747,2684134,31.509119887457185,True
monarch-legacy-of-monsters-208,4,2026-05-08-to-2026-05-14,asia-28,uploaders,all,43017,201744,21.322567213894835,True
monarch-legacy-of-monsters-208,4,2026-05-08-to-2026-05-14,asia-28,uploaders,without-hosting,40441,126593,31.945684200548214,True
monarch-legacy-of-monsters-208,4,2026-05-08-to-2026-05-14,eur-27,downloaders,all,912831,3237891,28.192147295878705,True
monarch-legacy-of-monsters-208,4,2026-05-08-to-2026-05-14,eur-27,downloaders,without-hosting,630586,2684134,23.493089391215193,True
monarch-legacy-of-monsters-208,4,2026-05-08-to-2026-05-14,eur-27,uploaders,all,52857,201744,26.20003568879372,True
monarch-legacy-of-monsters-208,4,2026-05-08-to-2026-05-14,eur-27,uploaders,without-hosting,27543,126593,21.757127171328587,True
monarch-legacy-of-monsters-208,4,2026-05-08-to-2026-05-14,usa-can,downloaders,all,303772,3237891,9.381785859993434,True
monarch-legacy-of-monsters-208,4,2026-05-08-to-2026-05-14,usa-can,downloaders,without-hosting,149667,2684134,5.575988382100149,True
monarch-legacy-of-monsters-208,4,2026-05-08-to-2026-05-14,usa-can,uploaders,all,47594,201744,23.59128400348957,True
monarch-legacy-of-monsters-208,4,2026-05-08-to-2026-05-14,usa-can,uploaders,without-hosting,11945,126593,9.435750791907925,True
monarch-legacy-of-monsters-208,5,2026-05-15-to-2026-05-21,JPN,downloaders,all,48058,3558541,1.350497296504382,True
monarch-legacy-of-monsters-208,5,2026-05-15-to-2026-05-21,JPN,downloaders,without-hosting,40593,2952530,1.3748547855567936,True
monarch-legacy-of-monsters-208,5,2026-05-15-to-2026-05-21,JPN,uploaders,all,662,150908,0.43867786996050573,True
monarch-legacy-of-monsters-208,5,2026-05-15-to-2026-05-21,JPN,uploaders,without-hosting,131,86743,0.1510208316521218,True
monarch-legacy-of-monsters-208,5,2026-05-15-to-2026-05-21,USA,downloaders,all,250159,3558541,7.029819243335963,True
monarch-legacy-of-monsters-208,5,2026-05-15-to-2026-05-21,USA,downloaders,without-hosting,121975,2952530,4.131202731216956,True
monarch-legacy-of-monsters-208,5,2026-05-15-to-2026-05-21,USA,uploaders,all,35343,150908,23.42022954382803,True
monarch-legacy-of-monsters-208,5,2026-05-15-to-2026-05-21,USA,uploaders,without-hosting,5244,86743,6.045444589188753,True
monarch-legacy-of-monsters-208,5,2026-05-15-to-2026-05-21,CHN,downloaders,all,383788,3558541,10.784981822606513,True
monarch-legacy-of-monsters-208,5,2026-05-15-to-2026-05-21,CHN,downloaders,without-hosting,363581,2952530,12.314218653155091,True
monarch-legacy-of-monsters-208,5,2026-05-15-to-2026-05-21,CHN,uploaders,all,19076,150908,12.640814270946537,True
monarch-legacy-of-monsters-208,5,2026-05-15-to-2026-05-21,CHN,uploaders,without-hosting,18999,86743,21.90263191266154,True
monarch-legacy-of-monsters-208,5,2026-05-15-to-2026-05-21,KOR,downloaders,all,536241,3558541,15.06912523981036,True
monarch-legacy-of-monsters-208,5,2026-05-15-to-2026-05-21,KOR,downloaders,without-hosting,524610,2952530,17.768151382035068,True
monarch-legacy-of-monsters-208,5,2026-05-15-to-2026-05-21,KOR,uploaders,all,474,150908,0.31409865613486365,True
monarch-legacy-of-monsters-208,5,2026-05-15-to-2026-05-21,KOR,uploaders,without-hosting,439,86743,0.5060927106510036,True
monarch-legacy-of-monsters-208,5,2026-05-15-to-2026-05-21,asia-28,downloaders,all,1077626,3558541,30.282804104266326,True
monarch-legacy-of-monsters-208,5,2026-05-15-to-2026-05-21,asia-28,downloaders,without-hosting,1025604,2952530,34.736446369723595,True
monarch-legacy-of-monsters-208,5,2026-05-15-to-2026-05-21,asia-28,uploaders,all,30640,150908,20.303761232008906,True
monarch-legacy-of-monsters-208,5,2026-05-15-to-2026-05-21,asia-28,uploaders,without-hosting,28550,86743,32.91331865395479,True
monarch-legacy-of-monsters-208,5,2026-05-15-to-2026-05-21,eur-27,downloaders,all,963979,3558541,27.089163789317027,True
monarch-legacy-of-monsters-208,5,2026-05-15-to-2026-05-21,eur-27,downloaders,without-hosting,643434,2952530,21.79263208163846,True
monarch-legacy-of-monsters-208,5,2026-05-15-to-2026-05-21,eur-27,uploaders,all,38002,150908,25.182230232989635,True
monarch-legacy-of-monsters-208,5,2026-05-15-to-2026-05-21,eur-27,uploaders,without-hosting,18571,86743,21.409220340546213,True
monarch-legacy-of-monsters-208,5,2026-05-15-to-2026-05-21,usa-can,downloaders,all,339182,3558541,9.531490574367416,True
monarch-legacy-of-monsters-208,5,2026-05-15-to-2026-05-21,usa-can,downloaders,without-hosting,181077,2952530,6.1329436110725375,True
monarch-legacy-of-monsters-208,5,2026-05-15-to-2026-05-21,usa-can,uploaders,all,42295,150908,28.027009833806027,True
monarch-legacy-of-monsters-208,5,2026-05-15-to-2026-05-21,usa-can,uploaders,without-hosting,8424,86743,9.71144645677461,True
monarch-legacy-of-monsters-208,6,2026-05-22-to-2026-05-28,JPN,downloaders,all,45079,3455341,1.3046179812643672,True
monarch-legacy-of-monsters-208,6,2026-05-22-to-2026-05-28,JPN,downloaders,without-hosting,37915,2878011,1.3174028869243377,True
monarch-legacy-of-monsters-208,6,2026-05-22-to-2026-05-28,JPN,uploaders,all,425,117866,0.36057896255069316,True
monarch-legacy-of-monsters-208,6,2026-05-22-to-2026-05-28,JPN,uploaders,without-hosting,105,62769,0.16728002676480427,True
monarch-legacy-of-monsters-208,6,2026-05-22-to-2026-05-28,USA,downloaders,all,236636,3455341,6.848412356407081,True
monarch-legacy-of-monsters-208,6,2026-05-22-to-2026-05-28,USA,downloaders,without-hosting,115237,2878011,4.004050019266779,True
monarch-legacy-of-monsters-208,6,2026-05-22-to-2026-05-28,USA,uploaders,all,30471,117866,25.852238983252168,True
monarch-legacy-of-monsters-208,6,2026-05-22-to-2026-05-28,USA,uploaders,without-hosting,4473,62769,7.126129140180662,True
monarch-legacy-of-monsters-208,6,2026-05-22-to-2026-05-28,CHN,downloaders,all,346570,3455341,10.029979674943805,True
monarch-legacy-of-monsters-208,6,2026-05-22-to-2026-05-28,CHN,downloaders,without-hosting,328365,2878011,11.40944214598207,True
monarch-legacy-of-monsters-208,6,2026-05-22-to-2026-05-28,CHN,uploaders,all,11231,117866,9.5286172433102,True
monarch-legacy-of-monsters-208,6,2026-05-22-to-2026-05-28,CHN,uploaders,without-hosting,11179,62769,17.809746849559495,True
monarch-legacy-of-monsters-208,6,2026-05-22-to-2026-05-28,KOR,downloaders,all,514355,3455341,14.885795642166721,True
monarch-legacy-of-monsters-208,6,2026-05-22-to-2026-05-28,KOR,downloaders,without-hosting,502864,2878011,17.472622585528686,True
monarch-legacy-of-monsters-208,6,2026-05-22-to-2026-05-28,KOR,uploaders,all,386,117866,0.32749054010486484,True
monarch-legacy-of-monsters-208,6,2026-05-22-to-2026-05-28,KOR,uploaders,without-hosting,367,62769,0.5846835221207921,True
monarch-legacy-of-monsters-208,6,2026-05-22-to-2026-05-28,asia-28,downloaders,all,1003674,3455341,29.04703182696006,True
monarch-legacy-of-monsters-208,6,2026-05-22-to-2026-05-28,asia-28,downloaders,without-hosting,955931,2878011,33.21498771199971,True
monarch-legacy-of-monsters-208,6,2026-05-22-to-2026-05-28,asia-28,uploaders,all,19608,117866,16.635840700456452,True
monarch-legacy-of-monsters-208,6,2026-05-22-to-2026-05-28,asia-28,uploaders,without-hosting,18166,62769,28.941037773423187,True
monarch-legacy-of-monsters-208,6,2026-05-22-to-2026-05-28,eur-27,downloaders,all,913765,3455341,26.44500209964805,True
monarch-legacy-of-monsters-208,6,2026-05-22-to-2026-05-28,eur-27,downloaders,without-hosting,603213,2878011,20.95937089886036,True
monarch-legacy-of-monsters-208,6,2026-05-22-to-2026-05-28,eur-27,uploaders,all,32897,117866,27.91050854360036,True
monarch-legacy-of-monsters-208,6,2026-05-22-to-2026-05-28,eur-27,uploaders,without-hosting,14313,62769,22.802657362710892,True
monarch-legacy-of-monsters-208,6,2026-05-22-to-2026-05-28,usa-can,downloaders,all,320833,3455341,9.285132784289598,True
monarch-legacy-of-monsters-208,6,2026-05-22-to-2026-05-28,usa-can,downloaders,without-hosting,171757,2878011,5.96790630751585,True
monarch-legacy-of-monsters-208,6,2026-05-22-to-2026-05-28,usa-can,uploaders,all,36182,117866,30.69757181884513,True
monarch-legacy-of-monsters-208,6,2026-05-22-to-2026-05-28,usa-can,uploaders,without-hosting,6962,62769,11.091462346062547,True
monarch-legacy-of-monsters-208,7,2026-05-29-to-2026-06-04,JPN,downloaders,all,45373,3405444,1.332366645876426,True
monarch-legacy-of-monsters-208,7,2026-05-29-to-2026-06-04,JPN,downloaders,without-hosting,38325,2844504,1.347335071421942,True
monarch-legacy-of-monsters-208,7,2026-05-29-to-2026-06-04,JPN,uploaders,all,366,104845,0.34908674710286614,True
monarch-legacy-of-monsters-208,7,2026-05-29-to-2026-06-04,JPN,uploaders,without-hosting,108,61378,0.1759588126038646,True
monarch-legacy-of-monsters-208,7,2026-05-29-to-2026-06-04,USA,downloaders,all,225382,3405444,6.618285310226802,True
monarch-legacy-of-monsters-208,7,2026-05-29-to-2026-06-04,USA,downloaders,without-hosting,113682,2844504,3.9965491347524913,True
monarch-legacy-of-monsters-208,7,2026-05-29-to-2026-06-04,USA,uploaders,all,24715,104845,23.57289331870857,True
monarch-legacy-of-monsters-208,7,2026-05-29-to-2026-06-04,USA,uploaders,without-hosting,3902,61378,6.357326729447033,True
monarch-legacy-of-monsters-208,7,2026-05-29-to-2026-06-04,CHN,downloaders,all,343069,3405444,10.074134239177035,True
monarch-legacy-of-monsters-208,7,2026-05-29-to-2026-06-04,CHN,downloaders,without-hosting,326039,2844504,11.462068606688547,True
monarch-legacy-of-monsters-208,7,2026-05-29-to-2026-06-04,CHN,uploaders,all,17773,104845,16.95169059087224,True
monarch-legacy-of-monsters-208,7,2026-05-29-to-2026-06-04,CHN,uploaders,without-hosting,17719,61378,28.868650004887744,True
monarch-legacy-of-monsters-208,7,2026-05-29-to-2026-06-04,KOR,downloaders,all,530810,3405444,15.58710112396504,True
monarch-legacy-of-monsters-208,7,2026-05-29-to-2026-06-04,KOR,downloaders,without-hosting,519269,2844504,18.2551685636582,True
monarch-legacy-of-monsters-208,7,2026-05-29-to-2026-06-04,KOR,uploaders,all,282,104845,0.26896847727597883,True
monarch-legacy-of-monsters-208,7,2026-05-29-to-2026-06-04,KOR,uploaders,without-hosting,275,61378,0.44804327283391443,True
monarch-legacy-of-monsters-208,7,2026-05-29-to-2026-06-04,asia-28,downloaders,all,1016572,3405444,29.851379144687154,True
monarch-legacy-of-monsters-208,7,2026-05-29-to-2026-06-04,asia-28,downloaders,without-hosting,969918,2844504,34.097965761341875,True
monarch-legacy-of-monsters-208,7,2026-05-29-to-2026-06-04,asia-28,uploaders,all,25174,104845,24.010682435976918,True
monarch-legacy-of-monsters-208,7,2026-05-29-to-2026-06-04,asia-28,uploaders,without-hosting,24018,61378,39.13128482518166,True
monarch-legacy-of-monsters-208,7,2026-05-29-to-2026-06-04,eur-27,downloaders,all,917986,3405444,26.956426239867696,True
monarch-legacy-of-monsters-208,7,2026-05-29-to-2026-06-04,eur-27,downloaders,without-hosting,610870,2844504,21.47544879529085,True
monarch-legacy-of-monsters-208,7,2026-05-29-to-2026-06-04,eur-27,uploaders,all,26202,104845,24.991177452429778,True
monarch-legacy-of-monsters-208,7,2026-05-29-to-2026-06-04,eur-27,uploaders,without-hosting,12278,61378,20.00391019583564,True
monarch-legacy-of-monsters-208,7,2026-05-29-to-2026-06-04,usa-can,downloaders,all,308757,3405444,9.066571055051853,True
monarch-legacy-of-monsters-208,7,2026-05-29-to-2026-06-04,usa-can,downloaders,without-hosting,169715,2844504,5.9664180468721435,True
monarch-legacy-of-monsters-208,7,2026-05-29-to-2026-06-04,usa-can,uploaders,all,29415,104845,28.055701273308216,True
monarch-legacy-of-monsters-208,7,2026-05-29-to-2026-06-04,usa-can,uploaders,without-hosting,5943,61378,9.682622438007103,True
monarch-legacy-of-monsters-208,8,2026-06-05-to-2026-06-11,JPN,downloaders,all,26647,2762713,0.9645229164230957,True
monarch-legacy-of-monsters-208,8,2026-06-05-to-2026-06-11,JPN,downloaders,without-hosting,21676,2396522,0.9044774051729966,True
monarch-legacy-of-monsters-208,8,2026-06-05-to-2026-06-11,JPN,uploaders,all,358,89870,0.39835317681094917,True
monarch-legacy-of-monsters-208,8,2026-06-05-to-2026-06-11,JPN,uploaders,without-hosting,86,55269,0.15560259820152345,True
monarch-legacy-of-monsters-208,8,2026-06-05-to-2026-06-11,USA,downloaders,all,162977,2762713,5.899165059852399,True
monarch-legacy-of-monsters-208,8,2026-06-05-to-2026-06-11,USA,downloaders,without-hosting,82955,2396522,3.4614745869222148,True
monarch-legacy-of-monsters-208,8,2026-06-05-to-2026-06-11,USA,uploaders,all,21729,89870,24.178257483031047,True
monarch-legacy-of-monsters-208,8,2026-06-05-to-2026-06-11,USA,uploaders,without-hosting,3405,55269,6.160777289257993,True
monarch-legacy-of-monsters-208,8,2026-06-05-to-2026-06-11,CHN,downloaders,all,220582,2762713,7.984253159846861,True
monarch-legacy-of-monsters-208,8,2026-06-05-to-2026-06-11,CHN,downloaders,without-hosting,210743,2396522,8.793701872964238,True
monarch-legacy-of-monsters-208,8,2026-06-05-to-2026-06-11,CHN,uploaders,all,19237,89870,21.405363302548125,True
monarch-legacy-of-monsters-208,8,2026-06-05-to-2026-06-11,CHN,uploaders,without-hosting,19163,55269,34.672239410881325,True
monarch-legacy-of-monsters-208,8,2026-06-05-to-2026-06-11,KOR,downloaders,all,296411,2762713,10.72898270649177,True
monarch-legacy-of-monsters-208,8,2026-06-05-to-2026-06-11,KOR,downloaders,without-hosting,289875,2396522,12.095653618034802,True
monarch-legacy-of-monsters-208,8,2026-06-05-to-2026-06-11,KOR,uploaders,all,219,89870,0.24368532324468678,True
monarch-legacy-of-monsters-208,8,2026-06-05-to-2026-06-11,KOR,uploaders,without-hosting,211,55269,0.3817691653549006,True
monarch-legacy-of-monsters-208,8,2026-06-05-to-2026-06-11,asia-28,downloaders,all,607907,2762713,22.003986660937997,True
monarch-legacy-of-monsters-208,8,2026-06-05-to-2026-06-11,asia-28,downloaders,without-hosting,578837,2396522,24.15321036068102,True
monarch-legacy-of-monsters-208,8,2026-06-05-to-2026-06-11,asia-28,uploaders,all,25142,89870,27.975965283186824,True
monarch-legacy-of-monsters-208,8,2026-06-05-to-2026-06-11,asia-28,uploaders,without-hosting,24002,55269,43.427599558522864,True
monarch-legacy-of-monsters-208,8,2026-06-05-to-2026-06-11,eur-27,downloaders,all,820700,2762713,29.70630680783708,True
monarch-legacy-of-monsters-208,8,2026-06-05-to-2026-06-11,eur-27,downloaders,without-hosting,630064,2396522,26.290766368929642,True
monarch-legacy-of-monsters-208,8,2026-06-05-to-2026-06-11,eur-27,uploaders,all,18308,89870,20.371647935907422,True
monarch-legacy-of-monsters-208,8,2026-06-05-to-2026-06-11,eur-27,uploaders,without-hosting,9539,55269,17.259223072608513,True
monarch-legacy-of-monsters-208,8,2026-06-05-to-2026-06-11,usa-can,downloaders,all,219201,2762713,7.934266063829287,True
monarch-legacy-of-monsters-208,8,2026-06-05-to-2026-06-11,usa-can,downloaders,without-hosting,121944,2396522,5.088373901846092,True
monarch-legacy-of-monsters-208,8,2026-06-05-to-2026-06-11,usa-can,uploaders,all,26179,89870,29.1298542338934,True
monarch-legacy-of-monsters-208,8,2026-06-05-to-2026-06-11,usa-can,uploaders,without-hosting,5713,55269,10.336716785177948,True
monarch-legacy-of-monsters-208,9,2026-06-12-to-2026-06-18,JPN,downloaders,all,47452,3477218,1.3646541574327522,True
monarch-legacy-of-monsters-208,9,2026-06-12-to-2026-06-18,JPN,downloaders,without-hosting,40717,2935269,1.3871641747315153,True
monarch-legacy-of-monsters-208,9,2026-06-12-to-2026-06-18,JPN,uploaders,all,363,82326,0.4409299613730778,True
monarch-legacy-of-monsters-208,9,2026-06-12-to-2026-06-18,JPN,uploaders,without-hosting,94,48717,0.1929511258903463,True
monarch-legacy-of-monsters-208,9,2026-06-12-to-2026-06-18,USA,downloaders,all,236940,3477218,6.814068027946479,True
monarch-legacy-of-monsters-208,9,2026-06-12-to-2026-06-18,USA,downloaders,without-hosting,128258,2935269,4.369548412768983,True
monarch-legacy-of-monsters-208,9,2026-06-12-to-2026-06-18,USA,uploaders,all,21908,82326,26.611277117799965,True
monarch-legacy-of-monsters-208,9,2026-06-12-to-2026-06-18,USA,uploaders,without-hosting,3248,48717,6.667077200977071,True
monarch-legacy-of-monsters-208,9,2026-06-12-to-2026-06-18,CHN,downloaders,all,374115,3477218,10.759032076792424,True
monarch-legacy-of-monsters-208,9,2026-06-12-to-2026-06-18,CHN,downloaders,without-hosting,354589,2935269,12.080289745164754,True
monarch-legacy-of-monsters-208,9,2026-06-12-to-2026-06-18,CHN,uploaders,all,17060,82326,20.722493501445474,True
monarch-legacy-of-monsters-208,9,2026-06-12-to-2026-06-18,CHN,uploaders,without-hosting,16951,48717,34.794835478375106,True
monarch-legacy-of-monsters-208,9,2026-06-12-to-2026-06-18,KOR,downloaders,all,560045,3477218,16.10612276825899,True
monarch-legacy-of-monsters-208,9,2026-06-12-to-2026-06-18,KOR,downloaders,without-hosting,547422,2935269,18.649806883117016,True
monarch-legacy-of-monsters-208,9,2026-06-12-to-2026-06-18,KOR,uploaders,all,195,82326,0.23686320239049632,True
monarch-legacy-of-monsters-208,9,2026-06-12-to-2026-06-18,KOR,uploaders,without-hosting,166,48717,0.34074347763614343,True
monarch-legacy-of-monsters-208,9,2026-06-12-to-2026-06-18,asia-28,downloaders,all,1080312,3477218,31.068285048564686,True
monarch-legacy-of-monsters-208,9,2026-06-12-to-2026-06-18,asia-28,downloaders,without-hosting,1030253,2935269,35.09909994620595,True
monarch-legacy-of-monsters-208,9,2026-06-12-to-2026-06-18,asia-28,uploaders,all,22227,82326,26.998761023249035,True
monarch-legacy-of-monsters-208,9,2026-06-12-to-2026-06-18,asia-28,uploaders,without-hosting,21078,48717,43.26621097358212,True
monarch-legacy-of-monsters-208,9,2026-06-12-to-2026-06-18,eur-27,downloaders,all,917932,3477218,26.39845991824499,True
monarch-legacy-of-monsters-208,9,2026-06-12-to-2026-06-18,eur-27,downloaders,without-hosting,627018,2935269,21.361517462283697,True
monarch-legacy-of-monsters-208,9,2026-06-12-to-2026-06-18,eur-27,uploaders,all,16654,82326,20.22933216723757,True
monarch-legacy-of-monsters-208,9,2026-06-12-to-2026-06-18,eur-27,uploaders,without-hosting,8692,48717,17.841821130200955,True
monarch-legacy-of-monsters-208,9,2026-06-12-to-2026-06-18,usa-can,downloaders,all,324192,3477218,9.32331536302872,True
monarch-legacy-of-monsters-208,9,2026-06-12-to-2026-06-18,usa-can,downloaders,without-hosting,189698,2935269,6.4627126167993465,True
monarch-legacy-of-monsters-208,9,2026-06-12-to-2026-06-18,usa-can,uploaders,all,25956,82326,31.528314262808834,True
monarch-legacy-of-monsters-208,9,2026-06-12-to-2026-06-18,usa-can,uploaders,without-hosting,5333,48717,10.946897386949114,True
monarch-legacy-of-monsters-208,10,2026-06-19-to-2026-06-25,JPN,downloaders,all,50537,3675004,1.3751549658177242,False
monarch-legacy-of-monsters-208,10,2026-06-19-to-2026-06-25,JPN,downloaders,without-hosting,43903,3096418,1.4178641255799442,False
monarch-legacy-of-monsters-208,10,2026-06-19-to-2026-06-25,JPN,uploaders,all,331,76257,0.43405851266113277,False
monarch-legacy-of-monsters-208,10,2026-06-19-to-2026-06-25,JPN,uploaders,without-hosting,107,44496,0.2404710535778497,False
monarch-legacy-of-monsters-208,10,2026-06-19-to-2026-06-25,USA,downloaders,all,239446,3675004,6.515530323232301,False
monarch-legacy-of-monsters-208,10,2026-06-19-to-2026-06-25,USA,downloaders,without-hosting,125404,3096418,4.049969997590765,False
monarch-legacy-of-monsters-208,10,2026-06-19-to-2026-06-25,USA,uploaders,all,20736,76257,27.19225775994335,False
monarch-legacy-of-monsters-208,10,2026-06-19-to-2026-06-25,USA,uploaders,without-hosting,3259,44496,7.324253865516002,False
monarch-legacy-of-monsters-208,10,2026-06-19-to-2026-06-25,CHN,downloaders,all,401173,3675004,10.916260227199754,False
monarch-legacy-of-monsters-208,10,2026-06-19-to-2026-06-25,CHN,downloaders,without-hosting,379696,3096418,12.262427101250541,False
monarch-legacy-of-monsters-208,10,2026-06-19-to-2026-06-25,CHN,uploaders,all,14911,76257,19.5536147501213,False
monarch-legacy-of-monsters-208,10,2026-06-19-to-2026-06-25,CHN,uploaders,without-hosting,14794,44496,33.24793239841784,False
monarch-legacy-of-monsters-208,10,2026-06-19-to-2026-06-25,KOR,downloaders,all,615260,3675004,16.74175048516954,False
monarch-legacy-of-monsters-208,10,2026-06-19-to-2026-06-25,KOR,downloaders,without-hosting,601733,3096418,19.43319668080989,False
monarch-legacy-of-monsters-208,10,2026-06-19-to-2026-06-25,KOR,uploaders,all,202,76257,0.26489371467537404,False
monarch-legacy-of-monsters-208,10,2026-06-19-to-2026-06-25,KOR,uploaders,without-hosting,189,44496,0.42475728155339804,False
monarch-legacy-of-monsters-208,10,2026-06-19-to-2026-06-25,asia-28,downloaders,all,1173563,3675004,31.933652317113125,False
monarch-legacy-of-monsters-208,10,2026-06-19-to-2026-06-25,asia-28,downloaders,without-hosting,1120085,3096418,36.17357217274929,False
monarch-legacy-of-monsters-208,10,2026-06-19-to-2026-06-25,asia-28,uploaders,all,19817,76257,25.98712249367271,False
monarch-legacy-of-monsters-208,10,2026-06-19-to-2026-06-25,asia-28,uploaders,without-hosting,18580,44496,41.756562387630346,False
monarch-legacy-of-monsters-208,10,2026-06-19-to-2026-06-25,eur-27,downloaders,all,988640,3675004,26.901739426678176,False
monarch-legacy-of-monsters-208,10,2026-06-19-to-2026-06-25,eur-27,downloaders,without-hosting,670566,3096418,21.65618466240669,False
monarch-legacy-of-monsters-208,10,2026-06-19-to-2026-06-25,eur-27,uploaders,all,15711,76257,20.602698768637634,False
monarch-legacy-of-monsters-208,10,2026-06-19-to-2026-06-25,eur-27,uploaders,without-hosting,8242,44496,18.523013304566703,False
monarch-legacy-of-monsters-208,10,2026-06-19-to-2026-06-25,usa-can,downloaders,all,332815,3675004,9.056180619123136,False
monarch-legacy-of-monsters-208,10,2026-06-19-to-2026-06-25,usa-can,downloaders,without-hosting,190942,3096418,6.166544697776592,False
monarch-legacy-of-monsters-208,10,2026-06-19-to-2026-06-25,usa-can,uploaders,all,24462,76257,32.07836657618317,False
monarch-legacy-of-monsters-208,10,2026-06-19-to-2026-06-25,usa-can,uploaders,without-hosting,5135,44496,11.540363178712694,False
monarch-legacy-of-monsters-208,11,2026-06-26-to-2026-07-02-partial,JPN,downloaders,all,37744,2660204,1.418838555238621,False
monarch-legacy-of-monsters-208,11,2026-06-26-to-2026-07-02-partial,JPN,downloaders,without-hosting,33202,2209236,1.5028724862350604,False
monarch-legacy-of-monsters-208,11,2026-06-26-to-2026-07-02-partial,JPN,uploaders,all,191,53923,0.3542087791851344,False
monarch-legacy-of-monsters-208,11,2026-06-26-to-2026-07-02-partial,JPN,uploaders,without-hosting,82,32950,0.2488619119878604,False
monarch-legacy-of-monsters-208,11,2026-06-26-to-2026-07-02-partial,USA,downloaders,all,181815,2660204,6.834626216636018,False
monarch-legacy-of-monsters-208,11,2026-06-26-to-2026-07-02-partial,USA,downloaders,without-hosting,94109,2209236,4.259798409948054,False
monarch-legacy-of-monsters-208,11,2026-06-26-to-2026-07-02-partial,USA,uploaders,all,13704,53923,25.414016282476865,False
monarch-legacy-of-monsters-208,11,2026-06-26-to-2026-07-02-partial,USA,uploaders,without-hosting,2801,32950,8.500758725341427,False
monarch-legacy-of-monsters-208,11,2026-06-26-to-2026-07-02-partial,CHN,downloaders,all,305471,2660204,11.482991529972889,False
monarch-legacy-of-monsters-208,11,2026-06-26-to-2026-07-02-partial,CHN,downloaders,without-hosting,289103,2209236,13.086107595566974,False
monarch-legacy-of-monsters-208,11,2026-06-26-to-2026-07-02-partial,CHN,uploaders,all,10518,53923,19.50559130612169,False
monarch-legacy-of-monsters-208,11,2026-06-26-to-2026-07-02-partial,CHN,uploaders,without-hosting,10349,32950,31.408194233687404,False
monarch-legacy-of-monsters-208,11,2026-06-26-to-2026-07-02-partial,KOR,downloaders,all,458388,2660204,17.23131007997883,False
monarch-legacy-of-monsters-208,11,2026-06-26-to-2026-07-02-partial,KOR,downloaders,without-hosting,448163,2209236,20.285881635099194,False
monarch-legacy-of-monsters-208,11,2026-06-26-to-2026-07-02-partial,KOR,uploaders,all,159,53923,0.2948648999499286,False
monarch-legacy-of-monsters-208,11,2026-06-26-to-2026-07-02-partial,KOR,uploaders,without-hosting,134,32950,0.40667678300455234,False
monarch-legacy-of-monsters-208,11,2026-06-26-to-2026-07-02-partial,asia-28,downloaders,all,880225,2660204,33.08862778944773,False
monarch-legacy-of-monsters-208,11,2026-06-26-to-2026-07-02-partial,asia-28,downloaders,without-hosting,839846,2209236,38.015223362284516,False
monarch-legacy-of-monsters-208,11,2026-06-26-to-2026-07-02-partial,asia-28,uploaders,all,14053,53923,26.061235465385828,False
monarch-legacy-of-monsters-208,11,2026-06-26-to-2026-07-02-partial,asia-28,uploaders,without-hosting,13110,32950,39.78755690440061,False
monarch-legacy-of-monsters-208,11,2026-06-26-to-2026-07-02-partial,eur-27,downloaders,all,736820,2660204,27.697875802006163,False
monarch-legacy-of-monsters-208,11,2026-06-26-to-2026-07-02-partial,eur-27,downloaders,without-hosting,485682,2209236,21.98416104028723,False
monarch-legacy-of-monsters-208,11,2026-06-26-to-2026-07-02-partial,eur-27,uploaders,all,11863,53923,21.999888730226434,False
monarch-legacy-of-monsters-208,11,2026-06-26-to-2026-07-02-partial,eur-27,uploaders,without-hosting,6517,32950,19.77845220030349,False
monarch-legacy-of-monsters-208,11,2026-06-26-to-2026-07-02-partial,usa-can,downloaders,all,253060,2660204,9.512804281175429,False
monarch-legacy-of-monsters-208,11,2026-06-26-to-2026-07-02-partial,usa-can,downloaders,without-hosting,143196,2209236,6.48169774528389,False
monarch-legacy-of-monsters-208,11,2026-06-26-to-2026-07-02-partial,usa-can,uploaders,all,16536,53923,30.665949594792576,False
monarch-legacy-of-monsters-208,11,2026-06-26-to-2026-07-02-partial,usa-can,uploaders,without-hosting,4309,32950,13.077389984825492,False
monarch-legacy-of-monsters-208,12,2026-07-03-to-2026-07-09,JPN,downloaders,all,46113,3249291,1.41917113610323,True
monarch-legacy-of-monsters-208,12,2026-07-03-to-2026-07-09,JPN,downloaders,without-hosting,40636,2722203,1.4927615611326561,True
monarch-legacy-of-monsters-208,12,2026-07-03-to-2026-07-09,JPN,uploaders,all,208,61724,0.33698399326032014,True
monarch-legacy-of-monsters-208,12,2026-07-03-to-2026-07-09,JPN,uploaders,without-hosting,79,37495,0.21069475930124015,True
monarch-legacy-of-monsters-208,12,2026-07-03-to-2026-07-09,USA,downloaders,all,216721,3249291,6.669793502644115,True
monarch-legacy-of-monsters-208,12,2026-07-03-to-2026-07-09,USA,downloaders,without-hosting,114241,2722203,4.196637796666891,True
monarch-legacy-of-monsters-208,12,2026-07-03-to-2026-07-09,USA,uploaders,all,16107,61724,26.095197978096042,True
monarch-legacy-of-monsters-208,12,2026-07-03-to-2026-07-09,USA,uploaders,without-hosting,2988,37495,7.969062541672223,True
monarch-legacy-of-monsters-208,12,2026-07-03-to-2026-07-09,CHN,downloaders,all,360285,3249291,11.088111221801926,True
monarch-legacy-of-monsters-208,12,2026-07-03-to-2026-07-09,CHN,downloaders,without-hosting,341069,2722203,12.529153777289938,True
monarch-legacy-of-monsters-208,12,2026-07-03-to-2026-07-09,CHN,uploaders,all,12833,61724,20.790940314950426,True
monarch-legacy-of-monsters-208,12,2026-07-03-to-2026-07-09,CHN,uploaders,without-hosting,12644,37495,33.72182957727697,True
monarch-legacy-of-monsters-208,12,2026-07-03-to-2026-07-09,KOR,downloaders,all,564048,3249291,17.359110033542702,True
monarch-legacy-of-monsters-208,12,2026-07-03-to-2026-07-09,KOR,downloaders,without-hosting,551541,2722203,20.260832862207558,True
monarch-legacy-of-monsters-208,12,2026-07-03-to-2026-07-09,KOR,uploaders,all,225,61724,0.36452595424794243,True
monarch-legacy-of-monsters-208,12,2026-07-03-to-2026-07-09,KOR,uploaders,without-hosting,191,37495,0.5094012535004667,True
monarch-legacy-of-monsters-208,12,2026-07-03-to-2026-07-09,asia-28,downloaders,all,1066282,3249291,32.815835823876654,True
monarch-legacy-of-monsters-208,12,2026-07-03-to-2026-07-09,asia-28,downloaders,without-hosting,1018118,2722203,37.40051715467215,True
monarch-legacy-of-monsters-208,12,2026-07-03-to-2026-07-09,asia-28,uploaders,all,16776,61724,27.17905514872659,True
monarch-legacy-of-monsters-208,12,2026-07-03-to-2026-07-09,asia-28,uploaders,without-hosting,15737,37495,41.970929457260965,True
monarch-legacy-of-monsters-208,12,2026-07-03-to-2026-07-09,eur-27,downloaders,all,904950,3249291,27.850691120001255,True
monarch-legacy-of-monsters-208,12,2026-07-03-to-2026-07-09,eur-27,downloaders,without-hosting,611423,2722203,22.460595333999706,True
monarch-legacy-of-monsters-208,12,2026-07-03-to-2026-07-09,eur-27,uploaders,all,13028,61724,21.106862808631973,True
monarch-legacy-of-monsters-208,12,2026-07-03-to-2026-07-09,eur-27,uploaders,without-hosting,7054,37495,18.813175090012002,True
monarch-legacy-of-monsters-208,12,2026-07-03-to-2026-07-09,usa-can,downloaders,all,304075,3249291,9.358195372467408,True
monarch-legacy-of-monsters-208,12,2026-07-03-to-2026-07-09,usa-can,downloaders,without-hosting,175388,2722203,6.442869984347237,True
monarch-legacy-of-monsters-208,12,2026-07-03-to-2026-07-09,usa-can,uploaders,all,19216,61724,31.132136608126498,True
monarch-legacy-of-monsters-208,12,2026-07-03-to-2026-07-09,usa-can,uploaders,without-hosting,4673,37495,12.462995066008801,True
monarch-legacy-of-monsters-208,13,2026-07-10-to-2026-07-16,JPN,downloaders,all,45606,3415746,1.335169535439696,True
monarch-legacy-of-monsters-208,13,2026-07-10-to-2026-07-16,JPN,downloaders,without-hosting,40265,2824785,1.4254182176696633,True
monarch-legacy-of-monsters-208,13,2026-07-10-to-2026-07-16,JPN,uploaders,all,215,59231,0.36298559875740743,True
monarch-legacy-of-monsters-208,13,2026-07-10-to-2026-07-16,JPN,uploaders,without-hosting,98,36021,0.2720635185030954,True
monarch-legacy-of-monsters-208,13,2026-07-10-to-2026-07-16,USA,downloaders,all,228300,3415746,6.683752246215029,True
monarch-legacy-of-monsters-208,13,2026-07-10-to-2026-07-16,USA,downloaders,without-hosting,122830,2824785,4.348295533996392,True
monarch-legacy-of-monsters-208,13,2026-07-10-to-2026-07-16,USA,uploaders,all,15297,59231,25.826003275311916,True
monarch-legacy-of-monsters-208,13,2026-07-10-to-2026-07-16,USA,uploaders,without-hosting,2975,36021,8.259071097415397,True
monarch-legacy-of-monsters-208,13,2026-07-10-to-2026-07-16,CHN,downloaders,all,369316,3415746,10.812162262650677,True
monarch-legacy-of-monsters-208,13,2026-07-10-to-2026-07-16,CHN,downloaders,without-hosting,349558,2824785,12.374676302798266,True
monarch-legacy-of-monsters-208,13,2026-07-10-to-2026-07-16,CHN,uploaders,all,12339,59231,20.83199675845419,True
monarch-legacy-of-monsters-208,13,2026-07-10-to-2026-07-16,CHN,uploaders,without-hosting,12151,36021,33.73310013603176,True
monarch-legacy-of-monsters-208,13,2026-07-10-to-2026-07-16,KOR,downloaders,all,548629,3415746,16.061762203629897,True
monarch-legacy-of-monsters-208,13,2026-07-10-to-2026-07-16,KOR,downloaders,without-hosting,536175,2824785,18.981090596275468,True
monarch-legacy-of-monsters-208,13,2026-07-10-to-2026-07-16,KOR,uploaders,all,198,59231,0.3342844118789148,True
monarch-legacy-of-monsters-208,13,2026-07-10-to-2026-07-16,KOR,uploaders,without-hosting,156,36021,0.43308070292329476,True
monarch-legacy-of-monsters-208,13,2026-07-10-to-2026-07-16,asia-28,downloaders,all,1064332,3415746,31.159576853782454,True
monarch-legacy-of-monsters-208,13,2026-07-10-to-2026-07-16,asia-28,downloaders,without-hosting,1015797,2824785,35.960152719587505,True
monarch-legacy-of-monsters-208,13,2026-07-10-to-2026-07-16,asia-28,uploaders,all,16074,59231,27.13781634617008,True
monarch-legacy-of-monsters-208,13,2026-07-10-to-2026-07-16,asia-28,uploaders,without-hosting,15060,36021,41.808944782210375,True
monarch-legacy-of-monsters-208,13,2026-07-10-to-2026-07-16,eur-27,downloaders,all,1005988,3415746,29.45148731785092,True
monarch-legacy-of-monsters-208,13,2026-07-10-to-2026-07-16,eur-27,downloaders,without-hosting,660530,2824785,23.383372539857017,True
monarch-legacy-of-monsters-208,13,2026-07-10-to-2026-07-16,eur-27,uploaders,all,12305,59231,20.774594384697203,True
monarch-legacy-of-monsters-208,13,2026-07-10-to-2026-07-16,eur-27,uploaders,without-hosting,6633,36021,18.414258349296244,True
monarch-legacy-of-monsters-208,13,2026-07-10-to-2026-07-16,usa-can,downloaders,all,330151,3415746,9.665560612527981,True
monarch-legacy-of-monsters-208,13,2026-07-10-to-2026-07-16,usa-can,downloaders,without-hosting,194581,2824785,6.888347254746821,True
monarch-legacy-of-monsters-208,13,2026-07-10-to-2026-07-16,usa-can,uploaders,all,18447,59231,31.144164373385557,True
monarch-legacy-of-monsters-208,13,2026-07-10-to-2026-07-16,usa-can,uploaders,without-hosting,4513,36021,12.52880264290275,True
monarch-legacy-of-monsters-208,14,2026-07-17-to-2026-07-23,JPN,downloaders,all,39134,3270114,1.1967166893875871,True
monarch-legacy-of-monsters-208,14,2026-07-17-to-2026-07-23,JPN,downloaders,without-hosting,34372,2683914,1.2806669662291712,True
monarch-legacy-of-monsters-208,14,2026-07-17-to-2026-07-23,JPN,uploaders,all,165,54678,0.30176670690222757,True
monarch-legacy-of-monsters-208,14,2026-07-17-to-2026-07-23,JPN,uploaders,without-hosting,66,32462,0.20331464481547656,True
monarch-legacy-of-monsters-208,14,2026-07-17-to-2026-07-23,USA,downloaders,all,210909,3270114,6.449591665611657,True
monarch-legacy-of-monsters-208,14,2026-07-17-to-2026-07-23,USA,downloaders,without-hosting,110374,2683914,4.1124268512329385,True
monarch-legacy-of-monsters-208,14,2026-07-17-to-2026-07-23,USA,uploaders,all,15306,54678,27.992977065730276,True
monarch-legacy-of-monsters-208,14,2026-07-17-to-2026-07-23,USA,uploaders,without-hosting,3070,32462,9.457211508841107,True
monarch-legacy-of-monsters-208,14,2026-07-17-to-2026-07-23,CHN,downloaders,all,336585,3270114,10.292760435874712,True
monarch-legacy-of-monsters-208,14,2026-07-17-to-2026-07-23,CHN,downloaders,without-hosting,318769,2683914,11.877019904512588,True
monarch-legacy-of-monsters-208,14,2026-07-17-to-2026-07-23,CHN,uploaders,all,8976,54678,16.41610885548118,True
monarch-legacy-of-monsters-208,14,2026-07-17-to-2026-07-23,CHN,uploaders,without-hosting,8778,32462,27.040847760458384,True
monarch-legacy-of-monsters-208,14,2026-07-17-to-2026-07-23,KOR,downloaders,all,496249,3270114,15.175281351047701,True
monarch-legacy-of-monsters-208,14,2026-07-17-to-2026-07-23,KOR,downloaders,without-hosting,485465,2683914,18.087949166776582,True
monarch-legacy-of-monsters-208,14,2026-07-17-to-2026-07-23,KOR,uploaders,all,212,54678,0.38772449614104393,True
monarch-legacy-of-monsters-208,14,2026-07-17-to-2026-07-23,KOR,uploaders,without-hosting,163,32462,0.5021255621957982,True
monarch-legacy-of-monsters-208,14,2026-07-17-to-2026-07-23,asia-28,downloaders,all,960670,3270114,29.377263300300847,True
monarch-legacy-of-monsters-208,14,2026-07-17-to-2026-07-23,asia-28,downloaders,without-hosting,916867,2683914,34.16156404415343,True
monarch-legacy-of-monsters-208,14,2026-07-17-to-2026-07-23,asia-28,uploaders,all,12238,54678,22.381945206481582,True
monarch-legacy-of-monsters-208,14,2026-07-17-to-2026-07-23,asia-28,uploaders,without-hosting,11287,32462,34.76988478836794,True
monarch-legacy-of-monsters-208,14,2026-07-17-to-2026-07-23,eur-27,downloaders,all,979962,3270114,29.967212152236893,True
monarch-legacy-of-monsters-208,14,2026-07-17-to-2026-07-23,eur-27,downloaders,without-hosting,628025,2683914,23.39959477092038,True
monarch-legacy-of-monsters-208,14,2026-07-17-to-2026-07-23,eur-27,uploaders,all,12037,54678,22.01433849080069,True
monarch-legacy-of-monsters-208,14,2026-07-17-to-2026-07-23,eur-27,uploaders,without-hosting,6739,32462,20.759657445628736,True
monarch-legacy-of-monsters-208,14,2026-07-17-to-2026-07-23,usa-can,downloaders,all,310524,3270114,9.495815742203483,True
monarch-legacy-of-monsters-208,14,2026-07-17-to-2026-07-23,usa-can,downloaders,without-hosting,181085,2683914,6.747049272070566,True
monarch-legacy-of-monsters-208,14,2026-07-17-to-2026-07-23,usa-can,uploaders,all,18167,54678,33.22542887450163,True
monarch-legacy-of-monsters-208,14,2026-07-17-to-2026-07-23,usa-can,uploaders,without-hosting,4529,32462,13.951697369231717,True
monarch-legacy-of-monsters-208,15,2026-07-24-to-2026-07-30,JPN,downloaders,all,34914,3222549,1.08342805648572,True
monarch-legacy-of-monsters-208,15,2026-07-24-to-2026-07-30,JPN,downloaders,without-hosting,30678,2655530,1.155249611188727,True
monarch-legacy-of-monsters-208,15,2026-07-24-to-2026-07-30,JPN,uploaders,all,151,54797,0.2755625307954815,True
monarch-legacy-of-monsters-208,15,2026-07-24-to-2026-07-30,JPN,uploaders,without-hosting,52,34107,0.1524613715659542,True
monarch-legacy-of-monsters-208,15,2026-07-24-to-2026-07-30,USA,downloaders,all,205339,3222549,6.371943452217484,True
monarch-legacy-of-monsters-208,15,2026-07-24-to-2026-07-30,USA,downloaders,without-hosting,108969,2655530,4.10347463594838,True
monarch-legacy-of-monsters-208,15,2026-07-24-to-2026-07-30,USA,uploaders,all,14114,54797,25.75688450097633,True
monarch-legacy-of-monsters-208,15,2026-07-24-to-2026-07-30,USA,uploaders,without-hosting,2838,34107,8.32087254815727,True
monarch-legacy-of-monsters-208,15,2026-07-24-to-2026-07-30,CHN,downloaders,all,311407,3222549,9.66337517288333,True
monarch-legacy-of-monsters-208,15,2026-07-24-to-2026-07-30,CHN,downloaders,without-hosting,295261,2655530,11.11872206301567,True
monarch-legacy-of-monsters-208,15,2026-07-24-to-2026-07-30,CHN,uploaders,all,12152,54797,22.176396518057558,True
monarch-legacy-of-monsters-208,15,2026-07-24-to-2026-07-30,CHN,uploaders,without-hosting,11981,34107,35.127686398686485,True
monarch-legacy-of-monsters-208,15,2026-07-24-to-2026-07-30,KOR,downloaders,all,413485,3222549,12.830991863894079,True
monarch-legacy-of-monsters-208,15,2026-07-24-to-2026-07-30,KOR,downloaders,without-hosting,404241,2655530,15.222610928891784,True
monarch-legacy-of-monsters-208,15,2026-07-24-to-2026-07-30,KOR,uploaders,all,211,54797,0.38505757614467945,True
monarch-legacy-of-monsters-208,15,2026-07-24-to-2026-07-30,KOR,uploaders,without-hosting,131,34107,0.38408537836807694,True
monarch-legacy-of-monsters-208,15,2026-07-24-to-2026-07-30,asia-28,downloaders,all,843943,3222549,26.18867858952649,True
monarch-legacy-of-monsters-208,15,2026-07-24-to-2026-07-30,asia-28,downloaders,without-hosting,804701,2655530,30.30283973444096,True
monarch-legacy-of-monsters-208,15,2026-07-24-to-2026-07-30,asia-28,uploaders,all,15204,54797,27.74604449148676,True
monarch-legacy-of-monsters-208,15,2026-07-24-to-2026-07-30,asia-28,uploaders,without-hosting,14284,34107,41.87996598938634,True
monarch-legacy-of-monsters-208,15,2026-07-24-to-2026-07-30,eur-27,downloaders,all,1075713,3222549,33.38081127703566,True
monarch-legacy-of-monsters-208,15,2026-07-24-to-2026-07-30,eur-27,downloaders,without-hosting,730220,2655530,27.49808889374249,True
monarch-legacy-of-monsters-208,15,2026-07-24-to-2026-07-30,eur-27,uploaders,all,11379,54797,20.765735350475392,True
monarch-legacy-of-monsters-208,15,2026-07-24-to-2026-07-30,eur-27,uploaders,without-hosting,6382,34107,18.711701410267686,True
monarch-legacy-of-monsters-208,15,2026-07-24-to-2026-07-30,usa-can,downloaders,all,305298,3222549,9.473804742767294,True
monarch-legacy-of-monsters-208,15,2026-07-24-to-2026-07-30,usa-can,downloaders,without-hosting,180502,2655530,6.797211856013677,True
monarch-legacy-of-monsters-208,15,2026-07-24-to-2026-07-30,usa-can,uploaders,all,16933,54797,30.90132671496615,True
monarch-legacy-of-monsters-208,15,2026-07-24-to-2026-07-30,usa-can,uploaders,without-hosting,4257,34107,12.481308822235905,True
monarch-legacy-of-monsters-208,16,2026-07-31-to-2026-08-06,JPN,downloaders,all,36578,3177913,1.1510069658923954,True
monarch-legacy-of-monsters-208,16,2026-07-31-to-2026-08-06,JPN,downloaders,without-hosting,32176,2589297,1.2426538940878546,True
monarch-legacy-of-monsters-208,16,2026-07-31-to-2026-08-06,JPN,uploaders,all,138,48950,0.2819203268641471,True
monarch-legacy-of-monsters-208,16,2026-07-31-to-2026-08-06,JPN,uploaders,without-hosting,63,29015,0.21712907117008443,True
monarch-legacy-of-monsters-208,16,2026-07-31-to-2026-08-06,USA,downloaders,all,209340,3177913,6.58734207009443,True
monarch-legacy-of-monsters-208,16,2026-07-31-to-2026-08-06,USA,downloaders,without-hosting,111694,2589297,4.313680508647714,True
monarch-legacy-of-monsters-208,16,2026-07-31-to-2026-08-06,USA,uploaders,all,13881,48950,28.357507660878447,True
monarch-legacy-of-monsters-208,16,2026-07-31-to-2026-08-06,USA,uploaders,without-hosting,2714,29015,9.353782526279511,True
monarch-legacy-of-monsters-208,16,2026-07-31-to-2026-08-06,CHN,downloaders,all,249380,3177913,7.8472884562919125,True
monarch-legacy-of-monsters-208,16,2026-07-31-to-2026-08-06,CHN,downloaders,without-hosting,237422,2589297,9.169361413541976,True
monarch-legacy-of-monsters-208,16,2026-07-31-to-2026-08-06,CHN,uploaders,all,7827,48950,15.989785495403472,True
monarch-legacy-of-monsters-208,16,2026-07-31-to-2026-08-06,CHN,uploaders,without-hosting,7728,29015,26.634499396863692,True
monarch-legacy-of-monsters-208,16,2026-07-31-to-2026-08-06,KOR,downloaders,all,387604,3177913,12.196809667224999,True
monarch-legacy-of-monsters-208,16,2026-07-31-to-2026-08-06,KOR,downloaders,without-hosting,379056,2589297,14.639340330599387,True
monarch-legacy-of-monsters-208,16,2026-07-31-to-2026-08-06,KOR,uploaders,all,162,48950,0.33094994892747703,True
monarch-legacy-of-monsters-208,16,2026-07-31-to-2026-08-06,KOR,uploaders,without-hosting,138,29015,0.4756160606582802,True
monarch-legacy-of-monsters-208,16,2026-07-31-to-2026-08-06,asia-28,downloaders,all,758112,3177913,23.855656212111533,True
monarch-legacy-of-monsters-208,16,2026-07-31-to-2026-08-06,asia-28,downloaders,without-hosting,723907,2589297,27.957665729346616,True
monarch-legacy-of-monsters-208,16,2026-07-31-to-2026-08-06,asia-28,uploaders,all,10594,48950,21.642492339121553,True
monarch-legacy-of-monsters-208,16,2026-07-31-to-2026-08-06,asia-28,uploaders,without-hosting,9864,29015,33.99620885748751,True
monarch-legacy-of-monsters-208,16,2026-07-31-to-2026-08-06,eur-27,downloaders,all,1116262,3177913,35.125631192546805,True
monarch-legacy-of-monsters-208,16,2026-07-31-to-2026-08-06,eur-27,downloaders,without-hosting,748059,2589297,28.890428560338965,True
monarch-legacy-of-monsters-208,16,2026-07-31-to-2026-08-06,eur-27,uploaders,all,10505,48950,21.46067415730337,True
monarch-legacy-of-monsters-208,16,2026-07-31-to-2026-08-06,eur-27,uploaders,without-hosting,5994,29015,20.658280199896605,True
monarch-legacy-of-monsters-208,16,2026-07-31-to-2026-08-06,usa-can,downloaders,all,315083,3177913,9.91477740265388,True
monarch-legacy-of-monsters-208,16,2026-07-31-to-2026-08-06,usa-can,downloaders,without-hosting,187908,2589297,7.2571049207564835,True
monarch-legacy-of-monsters-208,16,2026-07-31-to-2026-08-06,usa-can,uploaders,all,16566,48950,33.842696629213485,True
monarch-legacy-of-monsters-208,16,2026-07-31-to-2026-08-06,usa-can,uploaders,without-hosting,4070,29015,14.02722729622609,True
monarch-legacy-of-monsters-208,17,2026-08-07-to-2026-08-13,JPN,downloaders,all,31171,2609816,1.1943753889163067,False
monarch-legacy-of-monsters-208,17,2026-08-07-to-2026-08-13,JPN,downloaders,without-hosting,27505,2125728,1.293909662948411,False
monarch-legacy-of-monsters-208,17,2026-08-07-to-2026-08-13,JPN,uploaders,all,104,45094,0.23062935202022442,False
monarch-legacy-of-monsters-208,17,2026-08-07-to-2026-08-13,JPN,uploaders,without-hosting,36,27422,0.13128145284807818,False
monarch-legacy-of-monsters-208,17,2026-08-07-to-2026-08-13,USA,downloaders,all,175643,2609816,6.730091316782485,False
monarch-legacy-of-monsters-208,17,2026-08-07-to-2026-08-13,USA,downloaders,without-hosting,91626,2125728,4.3103350946122925,False
monarch-legacy-of-monsters-208,17,2026-08-07-to-2026-08-13,USA,uploaders,all,12490,45094,27.697698141659643,False
monarch-legacy-of-monsters-208,17,2026-08-07-to-2026-08-13,USA,uploaders,without-hosting,2636,27422,9.61271971409817,False
monarch-legacy-of-monsters-208,17,2026-08-07-to-2026-08-13,CHN,downloaders,all,232222,2609816,8.898021929515338,False
monarch-legacy-of-monsters-208,17,2026-08-07-to-2026-08-13,CHN,downloaders,without-hosting,220775,2125728,10.385853693417031,False
monarch-legacy-of-monsters-208,17,2026-08-07-to-2026-08-13,CHN,uploaders,all,7876,45094,17.465738235685457,False
monarch-legacy-of-monsters-208,17,2026-08-07-to-2026-08-13,CHN,uploaders,without-hosting,7778,27422,28.364087229232002,False
monarch-legacy-of-monsters-208,17,2026-08-07-to-2026-08-13,KOR,downloaders,all,308425,2609816,11.817882946537226,False
monarch-legacy-of-monsters-208,17,2026-08-07-to-2026-08-13,KOR,downloaders,without-hosting,301294,2125728,14.173685438588569,False
monarch-legacy-of-monsters-208,17,2026-08-07-to-2026-08-13,KOR,uploaders,all,128,45094,0.2838515101787377,False
monarch-legacy-of-monsters-208,17,2026-08-07-to-2026-08-13,KOR,uploaders,without-hosting,104,27422,0.37925753045000365,False
monarch-legacy-of-monsters-208,17,2026-08-07-to-2026-08-13,asia-28,downloaders,all,642575,2609816,24.6214675670622,False
monarch-legacy-of-monsters-208,17,2026-08-07-to-2026-08-13,asia-28,downloaders,without-hosting,612301,2125728,28.80429669270951,False
monarch-legacy-of-monsters-208,17,2026-08-07-to-2026-08-13,asia-28,uploaders,all,10307,45094,22.856699339158205,False
monarch-legacy-of-monsters-208,17,2026-08-07-to-2026-08-13,asia-28,uploaders,without-hosting,9559,27422,34.858872438188314,False
monarch-legacy-of-monsters-208,17,2026-08-07-to-2026-08-13,eur-27,downloaders,all,901349,2609816,34.53687922826743,False
monarch-legacy-of-monsters-208,17,2026-08-07-to-2026-08-13,eur-27,downloaders,without-hosting,603860,2125728,28.407209200800857,False
monarch-legacy-of-monsters-208,17,2026-08-07-to-2026-08-13,eur-27,uploaders,all,9700,45094,21.51062225573247,False
monarch-legacy-of-monsters-208,17,2026-08-07-to-2026-08-13,eur-27,uploaders,without-hosting,5578,27422,20.341331777405003,False
monarch-legacy-of-monsters-208,17,2026-08-07-to-2026-08-13,usa-can,downloaders,all,260176,2609816,9.969131923476597,False
monarch-legacy-of-monsters-208,17,2026-08-07-to-2026-08-13,usa-can,downloaders,without-hosting,152664,2125728,7.181727859820259,False
monarch-legacy-of-monsters-208,17,2026-08-07-to-2026-08-13,usa-can,uploaders,all,14588,45094,32.35020180068302,False
monarch-legacy-of-monsters-208,17,2026-08-07-to-2026-08-13,usa-can,uploaders,without-hosting,3770,27422,13.748085478812632,False
monarch-legacy-of-monsters-208,18,2026-08-14-to-2026-08-20,JPN,downloaders,all,34284,2840147,1.2071206173483273,True
monarch-legacy-of-monsters-208,18,2026-08-14-to-2026-08-20,JPN,downloaders,without-hosting,29989,2379136,1.2604996099424328,True
monarch-legacy-of-monsters-208,18,2026-08-14-to-2026-08-20,JPN,uploaders,all,142,47661,0.29793751704748117,True
monarch-legacy-of-monsters-208,18,2026-08-14-to-2026-08-20,JPN,uploaders,without-hosting,38,30048,0.12646432374866878,True
monarch-legacy-of-monsters-208,18,2026-08-14-to-2026-08-20,USA,downloaders,all,191380,2840147,6.738383611834176,True
monarch-legacy-of-monsters-208,18,2026-08-14-to-2026-08-20,USA,downloaders,without-hosting,98906,2379136,4.157223462635175,True
monarch-legacy-of-monsters-208,18,2026-08-14-to-2026-08-20,USA,uploaders,all,12457,47661,26.136673590566712,True
monarch-legacy-of-monsters-208,18,2026-08-14-to-2026-08-20,USA,uploaders,without-hosting,2876,30048,9.571352502662407,True
monarch-legacy-of-monsters-208,18,2026-08-14-to-2026-08-20,CHN,downloaders,all,265655,2840147,9.353565149972871,True
monarch-legacy-of-monsters-208,18,2026-08-14-to-2026-08-20,CHN,downloaders,without-hosting,252315,2379136,10.605320586969388,True
monarch-legacy-of-monsters-208,18,2026-08-14-to-2026-08-20,CHN,uploaders,all,10365,47661,21.747340592937622,True
monarch-legacy-of-monsters-208,18,2026-08-14-to-2026-08-20,CHN,uploaders,without-hosting,10213,30048,33.98895101171459,True
monarch-legacy-of-monsters-208,18,2026-08-14-to-2026-08-20,KOR,downloaders,all,346731,2840147,12.208206124542146,True
monarch-legacy-of-monsters-208,18,2026-08-14-to-2026-08-20,KOR,downloaders,without-hosting,339039,2379136,14.250509428632915,True
monarch-legacy-of-monsters-208,18,2026-08-14-to-2026-08-20,KOR,uploaders,all,137,47661,0.2874467594049642,True
monarch-legacy-of-monsters-208,18,2026-08-14-to-2026-08-20,KOR,uploaders,without-hosting,117,30048,0.38937699680511184,True
monarch-legacy-of-monsters-208,18,2026-08-14-to-2026-08-20,asia-28,downloaders,all,723414,2840147,25.471005550064838,True
monarch-legacy-of-monsters-208,18,2026-08-14-to-2026-08-20,asia-28,downloaders,without-hosting,689535,2379136,28.982580230806477,True
monarch-legacy-of-monsters-208,18,2026-08-14-to-2026-08-20,asia-28,uploaders,all,12763,47661,26.77870795828875,True
monarch-legacy-of-monsters-208,18,2026-08-14-to-2026-08-20,asia-28,uploaders,without-hosting,11959,30048,39.79965388711395,True
monarch-legacy-of-monsters-208,18,2026-08-14-to-2026-08-20,eur-27,downloaders,all,929262,2840147,32.71879941425567,True
monarch-legacy-of-monsters-208,18,2026-08-14-to-2026-08-20,eur-27,downloaders,without-hosting,665982,2379136,27.99259899392048,True
monarch-legacy-of-monsters-208,18,2026-08-14-to-2026-08-20,eur-27,uploaders,all,9842,47661,20.65000734353035,True
monarch-legacy-of-monsters-208,18,2026-08-14-to-2026-08-20,eur-27,uploaders,without-hosting,5528,30048,18.397231096911607,True
monarch-legacy-of-monsters-208,18,2026-08-14-to-2026-08-20,usa-can,downloaders,all,269437,2840147,9.486727271510947,True
monarch-legacy-of-monsters-208,18,2026-08-14-to-2026-08-20,usa-can,downloaders,without-hosting,154250,2379136,6.483446091354172,True
monarch-legacy-of-monsters-208,18,2026-08-14-to-2026-08-20,usa-can,uploaders,all,14598,47661,30.628816013092464,True
monarch-legacy-of-monsters-208,18,2026-08-14-to-2026-08-20,usa-can,uploaders,without-hosting,4042,30048,13.451810436634718,True
monarch-legacy-of-monsters-208,19,2026-08-21-to-2026-08-27,JPN,downloaders,all,30720,2662699,1.153716586065492,True
monarch-legacy-of-monsters-208,19,2026-08-21-to-2026-08-27,JPN,downloaders,without-hosting,26949,2289078,1.177286226157431,True
monarch-legacy-of-monsters-208,19,2026-08-21-to-2026-08-27,JPN,uploaders,all,147,46191,0.31824381372994737,True
monarch-legacy-of-monsters-208,19,2026-08-21-to-2026-08-27,JPN,uploaders,without-hosting,44,31015,0.14186683862647106,True
monarch-legacy-of-monsters-208,19,2026-08-21-to-2026-08-27,USA,downloaders,all,177948,2662699,6.68299345889265,True
monarch-legacy-of-monsters-208,19,2026-08-21-to-2026-08-27,USA,downloaders,without-hosting,92351,2289078,4.034419097994913,True
monarch-legacy-of-monsters-208,19,2026-08-21-to-2026-08-27,USA,uploaders,all,12015,46191,26.01156069364162,True
monarch-legacy-of-monsters-208,19,2026-08-21-to-2026-08-27,USA,uploaders,without-hosting,4121,31015,13.287119135901984,True
monarch-legacy-of-monsters-208,19,2026-08-21-to-2026-08-27,CHN,downloaders,all,260474,2662699,9.78232988407627,True
monarch-legacy-of-monsters-208,19,2026-08-21-to-2026-08-27,CHN,downloaders,without-hosting,247577,2289078,10.815577276091073,True
monarch-legacy-of-monsters-208,19,2026-08-21-to-2026-08-27,CHN,uploaders,all,12424,46191,26.897014569937866,True
monarch-legacy-of-monsters-208,19,2026-08-21-to-2026-08-27,CHN,uploaders,without-hosting,12235,31015,39.44865387715622,True
monarch-legacy-of-monsters-208,19,2026-08-21-to-2026-08-27,KOR,downloaders,all,316962,2662699,11.903786346109719,True
monarch-legacy-of-monsters-208,19,2026-08-21-to-2026-08-27,KOR,downloaders,without-hosting,309970,2289078,13.541259843482834,True
monarch-legacy-of-monsters-208,19,2026-08-21-to-2026-08-27,KOR,uploaders,all,142,46191,0.3074191942153233,True
monarch-legacy-of-monsters-208,19,2026-08-21-to-2026-08-27,KOR,uploaders,without-hosting,127,31015,0.4094792842173142,True
monarch-legacy-of-monsters-208,19,2026-08-21-to-2026-08-27,asia-28,downloaders,all,679232,2662699,25.509154433152226,True
monarch-legacy-of-monsters-208,19,2026-08-21-to-2026-08-27,asia-28,downloaders,without-hosting,647755,2289078,28.297637738862548,True
monarch-legacy-of-monsters-208,19,2026-08-21-to-2026-08-27,asia-28,uploaders,all,14464,46191,31.313459331904482,True
monarch-legacy-of-monsters-208,19,2026-08-21-to-2026-08-27,asia-28,uploaders,without-hosting,13691,31015,44.14315653715944,True
monarch-legacy-of-monsters-208,19,2026-08-21-to-2026-08-27,eur-27,downloaders,all,834914,2662699,31.35592870241811,True
monarch-legacy-of-monsters-208,19,2026-08-21-to-2026-08-27,eur-27,downloaders,without-hosting,638915,2289078,27.91145605348529,True
monarch-legacy-of-monsters-208,19,2026-08-21-to-2026-08-27,eur-27,uploaders,all,8888,46191,19.24184364919573,True
monarch-legacy-of-monsters-208,19,2026-08-21-to-2026-08-27,eur-27,uploaders,without-hosting,4994,31015,16.101886184104465,True
monarch-legacy-of-monsters-208,19,2026-08-21-to-2026-08-27,usa-can,downloaders,all,238442,2662699,8.954898770007425,True
monarch-legacy-of-monsters-208,19,2026-08-21-to-2026-08-27,usa-can,downloaders,without-hosting,134072,2289078,5.857030647273706,True
monarch-legacy-of-monsters-208,19,2026-08-21-to-2026-08-27,usa-can,uploaders,all,14004,46191,30.31759433655907,True
monarch-legacy-of-monsters-208,19,2026-08-21-to-2026-08-27,usa-can,uploaders,without-hosting,5212,31015,16.80477188457198,True
monarch-legacy-of-monsters-208,20,2026-08-28-to-2026-09-03,JPN,downloaders,all,38471,2656205,1.4483445366603858,True
monarch-legacy-of-monsters-208,20,2026-08-28-to-2026-09-03,JPN,downloaders,without-hosting,34302,2256124,1.52039515558542,True
monarch-legacy-of-monsters-208,20,2026-08-28-to-2026-09-03,JPN,uploaders,all,150,46599,0.3218953196420524,True
monarch-legacy-of-monsters-208,20,2026-08-28-to-2026-09-03,JPN,uploaders,without-hosting,33,31862,0.10357165275249514,True
monarch-legacy-of-monsters-208,20,2026-08-28-to-2026-09-03,USA,downloaders,all,209800,2656205,7.898486750834367,True
monarch-legacy-of-monsters-208,20,2026-08-28-to-2026-09-03,USA,downloaders,without-hosting,122165,2256124,5.41481762527237,True
monarch-legacy-of-monsters-208,20,2026-08-28-to-2026-09-03,USA,uploaders,all,12079,46599,25.921157106375674,True
monarch-legacy-of-monsters-208,20,2026-08-28-to-2026-09-03,USA,uploaders,without-hosting,4687,31862,14.710313225786203,True
monarch-legacy-of-monsters-208,20,2026-08-28-to-2026-09-03,CHN,downloaders,all,293298,2656205,11.041994123194558,True
monarch-legacy-of-monsters-208,20,2026-08-28-to-2026-09-03,CHN,downloaders,without-hosting,279146,2256124,12.372812841847345,True
monarch-legacy-of-monsters-208,20,2026-08-28-to-2026-09-03,CHN,uploaders,all,12847,46599,27.56926114294298,True
monarch-legacy-of-monsters-208,20,2026-08-28-to-2026-09-03,CHN,uploaders,without-hosting,12688,31862,39.82173121586843,True
monarch-legacy-of-monsters-208,20,2026-08-28-to-2026-09-03,KOR,downloaders,all,285146,2656205,10.735090100349936,True
monarch-legacy-of-monsters-208,20,2026-08-28-to-2026-09-03,KOR,downloaders,without-hosting,278754,2256124,12.355437910327623,True
monarch-legacy-of-monsters-208,20,2026-08-28-to-2026-09-03,KOR,uploaders,all,122,46599,0.2618081933088693,True
monarch-legacy-of-monsters-208,20,2026-08-28-to-2026-09-03,KOR,uploaders,without-hosting,114,31862,0.3577929822358923,True
monarch-legacy-of-monsters-208,20,2026-08-28-to-2026-09-03,asia-28,downloaders,all,691747,2656205,26.04268119365787,True
monarch-legacy-of-monsters-208,20,2026-08-28-to-2026-09-03,asia-28,downloaders,without-hosting,658935,2256124,29.206506379968477,True
monarch-legacy-of-monsters-208,20,2026-08-28-to-2026-09-03,asia-28,uploaders,all,14840,46599,31.84617695658705,True
monarch-legacy-of-monsters-208,20,2026-08-28-to-2026-09-03,asia-28,uploaders,without-hosting,14116,31862,44.303559098612766,True
monarch-legacy-of-monsters-208,20,2026-08-28-to-2026-09-03,eur-27,downloaders,all,797396,2656205,30.020122693843284,True
monarch-legacy-of-monsters-208,20,2026-08-28-to-2026-09-03,eur-27,downloaders,without-hosting,584630,2256124,25.913026057078422,True
monarch-legacy-of-monsters-208,20,2026-08-28-to-2026-09-03,eur-27,uploaders,all,9090,46599,19.506856370308377,True
monarch-legacy-of-monsters-208,20,2026-08-28-to-2026-09-03,eur-27,uploaders,without-hosting,5002,31862,15.698951729332748,True
monarch-legacy-of-monsters-208,20,2026-08-28-to-2026-09-03,usa-can,downloaders,all,282719,2656205,10.643719140653676,True
monarch-legacy-of-monsters-208,20,2026-08-28-to-2026-09-03,usa-can,downloaders,without-hosting,174389,2256124,7.729584012226279,True
monarch-legacy-of-monsters-208,20,2026-08-28-to-2026-09-03,usa-can,uploaders,all,14049,46599,30.148715637674627,True
monarch-legacy-of-monsters-208,20,2026-08-28-to-2026-09-03,usa-can,uploaders,without-hosting,5794,31862,18.18467139539263,True
monarch-legacy-of-monsters-208,21,2026-09-04-to-2026-09-10,JPN,downloaders,all,48168,2539893,1.8964578429091303,True
monarch-legacy-of-monsters-208,21,2026-09-04-to-2026-09-10,JPN,downloaders,without-hosting,44052,2135633,2.062713958812212,True
monarch-legacy-of-monsters-208,21,2026-09-04-to-2026-09-10,JPN,uploaders,all,155,49092,0.31573372443575326,True
monarch-legacy-of-monsters-208,21,2026-09-04-to-2026-09-10,JPN,uploaders,without-hosting,44,34517,0.12747341889503722,True
monarch-legacy-of-monsters-208,21,2026-09-04-to-2026-09-10,USA,downloaders,all,268338,2539893,10.564933247187971,True
monarch-legacy-of-monsters-208,21,2026-09-04-to-2026-09-10,USA,downloaders,without-hosting,178884,2135633,8.376158263147273,True
monarch-legacy-of-monsters-208,21,2026-09-04-to-2026-09-10,USA,uploaders,all,11496,49092,23.417257394280128,True
monarch-legacy-of-monsters-208,21,2026-09-04-to-2026-09-10,USA,uploaders,without-hosting,4185,34517,12.124460410812064,True
monarch-legacy-of-monsters-208,21,2026-09-04-to-2026-09-10,CHN,downloaders,all,282655,2539893,11.128618410303112,True
monarch-legacy-of-monsters-208,21,2026-09-04-to-2026-09-10,CHN,downloaders,without-hosting,269089,2135633,12.599964507010334,True
monarch-legacy-of-monsters-208,21,2026-09-04-to-2026-09-10,CHN,uploaders,all,16857,49092,34.337570276216084,True
monarch-legacy-of-monsters-208,21,2026-09-04-to-2026-09-10,CHN,uploaders,without-hosting,16665,34517,48.28055740649535,True
monarch-legacy-of-monsters-208,21,2026-09-04-to-2026-09-10,KOR,downloaders,all,266353,2539893,10.486780348620986,True
monarch-legacy-of-monsters-208,21,2026-09-04-to-2026-09-10,KOR,downloaders,without-hosting,260266,2135633,12.186831726237607,True
monarch-legacy-of-monsters-208,21,2026-09-04-to-2026-09-10,KOR,uploaders,all,104,49092,0.2118471441375377,True
monarch-legacy-of-monsters-208,21,2026-09-04-to-2026-09-10,KOR,uploaders,without-hosting,94,34517,0.27232957673030683,True
monarch-legacy-of-monsters-208,21,2026-09-04-to-2026-09-10,asia-28,downloaders,all,678485,2539893,26.713133191043873,True
monarch-legacy-of-monsters-208,21,2026-09-04-to-2026-09-10,asia-28,downloaders,without-hosting,646643,2135633,30.278751077549373,True
monarch-legacy-of-monsters-208,21,2026-09-04-to-2026-09-10,asia-28,uploaders,all,18708,49092,38.108042043510146,True
monarch-legacy-of-monsters-208,21,2026-09-04-to-2026-09-10,asia-28,uploaders,without-hosting,17937,34517,51.96569806182461,True
monarch-legacy-of-monsters-208,21,2026-09-04-to-2026-09-10,eur-27,downloaders,all,734603,2539893,28.922596345594087,True
monarch-legacy-of-monsters-208,21,2026-09-04-to-2026-09-10,eur-27,downloaders,without-hosting,520075,2135633,24.35226464472126,True
monarch-legacy-of-monsters-208,21,2026-09-04-to-2026-09-10,eur-27,uploaders,all,8628,49092,17.575164996333413,True
monarch-legacy-of-monsters-208,21,2026-09-04-to-2026-09-10,eur-27,uploaders,without-hosting,4752,34517,13.76712924066402,True
monarch-legacy-of-monsters-208,21,2026-09-04-to-2026-09-10,usa-can,downloaders,all,358520,2539893,14.115555261579917,True
monarch-legacy-of-monsters-208,21,2026-09-04-to-2026-09-10,usa-can,downloaders,without-hosting,247266,2135633,11.578112906103248,True
monarch-legacy-of-monsters-208,21,2026-09-04-to-2026-09-10,usa-can,uploaders,all,13515,49092,27.529943779027132,True
monarch-legacy-of-monsters-208,21,2026-09-04-to-2026-09-10,usa-can,uploaders,without-hosting,5272,34517,15.273633282150824,True
monarch-legacy-of-monsters-208,22,2026-09-11-to-2026-09-17,JPN,downloaders,all,18877,2222889,0.849210194481146,True
monarch-legacy-of-monsters-208,22,2026-09-11-to-2026-09-17,JPN,downloaders,without-hosting,16333,1952158,0.8366638356116667,True
monarch-legacy-of-monsters-208,22,2026-09-11-to-2026-09-17,JPN,uploaders,all,173,48413,0.35734203622993826,True
monarch-legacy-of-monsters-208,22,2026-09-11-to-2026-09-17,JPN,uploaders,without-hosting,62,34166,0.18146695545278932,True
monarch-legacy-of-monsters-208,22,2026-09-11-to-2026-09-17,USA,downloaders,all,142262,2222889,6.399869719090787,True
monarch-legacy-of-monsters-208,22,2026-09-11-to-2026-09-17,USA,downloaders,without-hosting,80096,1952158,4.102946585266151,True
monarch-legacy-of-monsters-208,22,2026-09-11-to-2026-09-17,USA,uploaders,all,11073,48413,22.87195587961911,True
monarch-legacy-of-monsters-208,22,2026-09-11-to-2026-09-17,USA,uploaders,without-hosting,4043,34166,11.833401627348826,True
monarch-legacy-of-monsters-208,22,2026-09-11-to-2026-09-17,CHN,downloaders,all,171546,2222889,7.717254437805936,True
monarch-legacy-of-monsters-208,22,2026-09-11-to-2026-09-17,CHN,downloaders,without-hosting,164353,1952158,8.419041901321512,True
monarch-legacy-of-monsters-208,22,2026-09-11-to-2026-09-17,CHN,uploaders,all,16575,48413,34.23667196827299,True
monarch-legacy-of-monsters-208,22,2026-09-11-to-2026-09-17,CHN,uploaders,without-hosting,16473,34166,48.214599309254815,True
monarch-legacy-of-monsters-208,22,2026-09-11-to-2026-09-17,KOR,downloaders,all,134149,2222889,6.034894229986293,True
monarch-legacy-of-monsters-208,22,2026-09-11-to-2026-09-17,KOR,downloaders,without-hosting,131068,1952158,6.714005731093487,True
monarch-legacy-of-monsters-208,22,2026-09-11-to-2026-09-17,KOR,uploaders,all,97,48413,0.200359407597133,True
monarch-legacy-of-monsters-208,22,2026-09-11-to-2026-09-17,KOR,uploaders,without-hosting,84,34166,0.24585845577474683,True
monarch-legacy-of-monsters-208,22,2026-09-11-to-2026-09-17,asia-28,downloaders,all,373332,2222889,16.79490069004795,True
monarch-legacy-of-monsters-208,22,2026-09-11-to-2026-09-17,asia-28,downloaders,without-hosting,354825,1952158,18.176039029627724,True
monarch-legacy-of-monsters-208,22,2026-09-11-to-2026-09-17,asia-28,uploaders,all,18372,48413,37.9484849110776,True
monarch-legacy-of-monsters-208,22,2026-09-11-to-2026-09-17,asia-28,uploaders,without-hosting,17701,34166,51.80881578177135,True
monarch-legacy-of-monsters-208,22,2026-09-11-to-2026-09-17,eur-27,downloaders,all,807154,2222889,36.31103487398606,True
monarch-legacy-of-monsters-208,22,2026-09-11-to-2026-09-17,eur-27,downloaders,without-hosting,665071,1952158,34.06850265193698,True
monarch-legacy-of-monsters-208,22,2026-09-11-to-2026-09-17,eur-27,uploaders,all,8507,48413,17.571726602358872,True
monarch-legacy-of-monsters-208,22,2026-09-11-to-2026-09-17,eur-27,uploaders,without-hosting,4672,34166,13.674413159281157,True
monarch-legacy-of-monsters-208,22,2026-09-11-to-2026-09-17,usa-can,downloaders,all,188602,2222889,8.484544212509036,True
monarch-legacy-of-monsters-208,22,2026-09-11-to-2026-09-17,usa-can,downloaders,without-hosting,111815,1952158,5.727763838787639,True
monarch-legacy-of-monsters-208,22,2026-09-11-to-2026-09-17,usa-can,uploaders,all,13151,48413,27.164191436184495,True
monarch-legacy-of-monsters-208,22,2026-09-11-to-2026-09-17,usa-can,uploaders,without-hosting,5144,34166,15.055903529824972,True
monarch-legacy-of-monsters-208,23,2026-09-18-to-2026-09-24,JPN,downloaders,all,18838,2189970,0.8601944318871948,True
monarch-legacy-of-monsters-208,23,2026-09-18-to-2026-09-24,JPN,downloaders,without-hosting,16170,1898470,0.8517385052173593,True
monarch-legacy-of-monsters-208,23,2026-09-18-to-2026-09-24,JPN,uploaders,all,171,45089,0.37924992792033535,True
monarch-legacy-of-monsters-208,23,2026-09-18-to-2026-09-24,JPN,uploaders,without-hosting,49,32050,0.15288611544461778,True
monarch-legacy-of-monsters-208,23,2026-09-18-to-2026-09-24,USA,downloaders,all,147931,2189970,6.754932715973278,True
monarch-legacy-of-monsters-208,23,2026-09-18-to-2026-09-24,USA,downloaders,without-hosting,80423,1898470,4.236200730061576,True
monarch-legacy-of-monsters-208,23,2026-09-18-to-2026-09-24,USA,uploaders,all,10561,45089,23.422564261793344,True
monarch-legacy-of-monsters-208,23,2026-09-18-to-2026-09-24,USA,uploaders,without-hosting,4091,32050,12.76443057722309,True
monarch-legacy-of-monsters-208,23,2026-09-18-to-2026-09-24,CHN,downloaders,all,194911,2189970,8.900167582204322,True
monarch-legacy-of-monsters-208,23,2026-09-18-to-2026-09-24,CHN,downloaders,without-hosting,186006,1898470,9.797679183763767,True
monarch-legacy-of-monsters-208,23,2026-09-18-to-2026-09-24,CHN,uploaders,all,15472,45089,34.31435605136508,True
monarch-legacy-of-monsters-208,23,2026-09-18-to-2026-09-24,CHN,uploaders,without-hosting,15336,32050,47.85023400936038,True
monarch-legacy-of-monsters-208,23,2026-09-18-to-2026-09-24,KOR,downloaders,all,157442,2189970,7.18923090270643,True
monarch-legacy-of-monsters-208,23,2026-09-18-to-2026-09-24,KOR,downloaders,without-hosting,153800,1898470,8.101260488709329,True
monarch-legacy-of-monsters-208,23,2026-09-18-to-2026-09-24,KOR,uploaders,all,142,45089,0.3149326886823837,True
monarch-legacy-of-monsters-208,23,2026-09-18-to-2026-09-24,KOR,uploaders,without-hosting,126,32050,0.39313572542901715,True
monarch-legacy-of-monsters-208,23,2026-09-18-to-2026-09-24,asia-28,downloaders,all,424456,2189970,19.381818015771906,True
monarch-legacy-of-monsters-208,23,2026-09-18-to-2026-09-24,asia-28,downloaders,without-hosting,403182,1898470,21.237206803373244,True
monarch-legacy-of-monsters-208,23,2026-09-18-to-2026-09-24,asia-28,uploaders,all,17170,45089,38.08024130053894,True
monarch-legacy-of-monsters-208,23,2026-09-18-to-2026-09-24,asia-28,uploaders,without-hosting,16468,32050,51.38221528861155,True
monarch-legacy-of-monsters-208,23,2026-09-18-to-2026-09-24,eur-27,downloaders,all,754357,2189970,34.44599697712754,True
monarch-legacy-of-monsters-208,23,2026-09-18-to-2026-09-24,eur-27,downloaders,without-hosting,602689,1898470,31.7460375986979,True
monarch-legacy-of-monsters-208,23,2026-09-18-to-2026-09-24,eur-27,uploaders,all,7927,45089,17.580784670318703,True
monarch-legacy-of-monsters-208,23,2026-09-18-to-2026-09-24,eur-27,uploaders,without-hosting,4392,32050,13.70358814352574,True
monarch-legacy-of-monsters-208,23,2026-09-18-to-2026-09-24,usa-can,downloaders,all,194479,2189970,8.880441284583807,True
monarch-legacy-of-monsters-208,23,2026-09-18-to-2026-09-24,usa-can,downloaders,without-hosting,111543,1898470,5.875415466138522,True
monarch-legacy-of-monsters-208,23,2026-09-18-to-2026-09-24,usa-can,uploaders,all,12361,45089,27.414668766217925,True
monarch-legacy-of-monsters-208,23,2026-09-18-to-2026-09-24,usa-can,uploaders,without-hosting,5072,32050,15.825273010920437,True
monarch-legacy-of-monsters-208,24,2026-09-25-to-2026-10-01,JPN,downloaders,all,24046,2324486,1.0344652538238561,False
monarch-legacy-of-monsters-208,24,2026-09-25-to-2026-10-01,JPN,downloaders,without-hosting,20962,1975551,1.061071063212238,False
monarch-legacy-of-monsters-208,24,2026-09-25-to-2026-10-01,JPN,uploaders,all,149,41149,0.36209871442805414,False
monarch-legacy-of-monsters-208,24,2026-09-25-to-2026-10-01,JPN,uploaders,without-hosting,51,28824,0.17693588676103247,False
monarch-legacy-of-monsters-208,24,2026-09-25-to-2026-10-01,USA,downloaders,all,168755,2324486,7.259884550821128,False
monarch-legacy-of-monsters-208,24,2026-09-25-to-2026-10-01,USA,downloaders,without-hosting,88271,1975551,4.468171158324943,False
monarch-legacy-of-monsters-208,24,2026-09-25-to-2026-10-01,USA,uploaders,all,10163,41149,24.69804855525043,False
monarch-legacy-of-monsters-208,24,2026-09-25-to-2026-10-01,USA,uploaders,without-hosting,3572,28824,12.392450735498196,False
monarch-legacy-of-monsters-208,24,2026-09-25-to-2026-10-01,CHN,downloaders,all,237501,2324486,10.217355578824739,False
monarch-legacy-of-monsters-208,24,2026-09-25-to-2026-10-01,CHN,downloaders,without-hosting,226155,1975551,11.447692314701063,False
monarch-legacy-of-monsters-208,24,2026-09-25-to-2026-10-01,CHN,uploaders,all,13529,41149,32.87807723152446,False
monarch-legacy-of-monsters-208,24,2026-09-25-to-2026-10-01,CHN,uploaders,without-hosting,13376,28824,46.405772966971966,False
monarch-legacy-of-monsters-208,24,2026-09-25-to-2026-10-01,KOR,downloaders,all,211675,2324486,9.106314256140928,False
monarch-legacy-of-monsters-208,24,2026-09-25-to-2026-10-01,KOR,downloaders,without-hosting,206760,1975551,10.46594089446438,False
monarch-legacy-of-monsters-208,24,2026-09-25-to-2026-10-01,KOR,uploaders,all,109,41149,0.26489100585676445,False
monarch-legacy-of-monsters-208,24,2026-09-25-to-2026-10-01,KOR,uploaders,without-hosting,89,28824,0.3087704690535665,False
monarch-legacy-of-monsters-208,24,2026-09-25-to-2026-10-01,asia-28,downloaders,all,540110,2324486,23.23567446738763,False
monarch-legacy-of-monsters-208,24,2026-09-25-to-2026-10-01,asia-28,downloaders,without-hosting,513683,1975551,26.002011590690394,False
monarch-legacy-of-monsters-208,24,2026-09-25-to-2026-10-01,asia-28,uploaders,all,15111,41149,36.722642105518965,False
monarch-legacy-of-monsters-208,24,2026-09-25-to-2026-10-01,asia-28,uploaders,without-hosting,14438,28824,50.090202608937,False
monarch-legacy-of-monsters-208,24,2026-09-25-to-2026-10-01,eur-27,downloaders,all,723537,2324486,31.126752322879124,False
monarch-legacy-of-monsters-208,24,2026-09-25-to-2026-10-01,eur-27,downloaders,without-hosting,541074,1975551,27.388510850896786,False
monarch-legacy-of-monsters-208,24,2026-09-25-to-2026-10-01,eur-27,uploaders,all,7249,41149,17.616466985831977,False
monarch-legacy-of-monsters-208,24,2026-09-25-to-2026-10-01,eur-27,uploaders,without-hosting,4188,28824,14.529558701082431,False
monarch-legacy-of-monsters-208,24,2026-09-25-to-2026-10-01,usa-can,downloaders,all,221447,2324486,9.526708270129395,False
monarch-legacy-of-monsters-208,24,2026-09-25-to-2026-10-01,usa-can,downloaders,without-hosting,123529,1975551,6.252888434669619,False
monarch-legacy-of-monsters-208,24,2026-09-25-to-2026-10-01,usa-can,uploaders,all,11705,41149,28.445405720673648,False
monarch-legacy-of-monsters-208,24,2026-09-25-to-2026-10-01,usa-can,uploaders,without-hosting,4417,28824,15.324035525950597,False
