key,canonical_work,group,sample_year,scope,region,role,mode,coverage,intervals,weight,world_weight,share,asian_global
3-body-problem-01,wikidata:Q110652727,unknown,2024,television_season,asia-28,downloaders,all,full,8,3069030,17437876,17.599792543541426,True
3-body-problem-01,wikidata:Q110652727,unknown,2024,television_season,asia-28,downloaders,all,audit-filtered,6,2066607,12760133,16.195810811689814,True
3-body-problem-01,wikidata:Q110652727,unknown,2024,television_season,asia-28,downloaders,without-hosting,full,8,2888976,14641465,19.731468128360106,True
3-body-problem-01,wikidata:Q110652727,unknown,2024,television_season,asia-28,downloaders,without-hosting,audit-filtered,6,1944111,10798862,18.00292475262671,True
3-body-problem-01,wikidata:Q110652727,unknown,2024,television_season,eur-27,downloaders,all,full,8,4366118,17437876,25.038129643770837,True
3-body-problem-01,wikidata:Q110652727,unknown,2024,television_season,eur-27,downloaders,all,audit-filtered,6,3209466,12760133,25.152292691620065,True
3-body-problem-01,wikidata:Q110652727,unknown,2024,television_season,eur-27,downloaders,without-hosting,full,8,3136296,14641465,21.420643357751427,True
3-body-problem-01,wikidata:Q110652727,unknown,2024,television_season,eur-27,downloaders,without-hosting,audit-filtered,6,2315845,10798862,21.44526895519176,True
3-body-problem-01,wikidata:Q110652727,unknown,2024,television_season,usa-can,downloaders,all,full,8,1798680,17437876,10.31478833775398,True
3-body-problem-01,wikidata:Q110652727,unknown,2024,television_season,usa-can,downloaders,all,audit-filtered,6,1280603,12760133,10.035969060824053,True
3-body-problem-01,wikidata:Q110652727,unknown,2024,television_season,usa-can,downloaders,without-hosting,full,8,917818,14641465,6.268621343560907,True
3-body-problem-01,wikidata:Q110652727,unknown,2024,television_season,usa-can,downloaders,without-hosting,audit-filtered,6,668892,10798862,6.194097118751958,True
3-body-problem-01,wikidata:Q110652727,unknown,2024,television_season,other,downloaders,all,full,8,8198084,17437876,47.013088061871755,True
3-body-problem-01,wikidata:Q110652727,unknown,2024,television_season,other,downloaders,all,audit-filtered,6,6199371,12760133,48.58390582605996,True
3-body-problem-01,wikidata:Q110652727,unknown,2024,television_season,other,downloaders,without-hosting,full,8,7692507,14641465,52.53918921364768,True
3-body-problem-01,wikidata:Q110652727,unknown,2024,television_season,other,downloaders,without-hosting,audit-filtered,6,5866000,10798862,54.32053859008477,True
3-body-problem-01,wikidata:Q110652727,unknown,2024,television_season,unclassified,downloaders,all,full,8,5964,17437876,0.03420141306200365,True
3-body-problem-01,wikidata:Q110652727,unknown,2024,television_season,unclassified,downloaders,all,audit-filtered,6,4086,12760133,0.03202160980610468,True
3-body-problem-01,wikidata:Q110652727,unknown,2024,television_season,unclassified,downloaders,without-hosting,full,8,5868,14641465,0.04007795667988142,True
3-body-problem-01,wikidata:Q110652727,unknown,2024,television_season,unclassified,downloaders,without-hosting,audit-filtered,6,4014,10798862,0.03717058334480059,True
3-body-problem-01,wikidata:Q110652727,unknown,2024,television_season,asia-28,uploaders,all,full,8,442543,2620340,16.888762527000313,True
3-body-problem-01,wikidata:Q110652727,unknown,2024,television_season,asia-28,uploaders,all,audit-filtered,6,204254,1432923,14.254359794629579,True
3-body-problem-01,wikidata:Q110652727,unknown,2024,television_season,asia-28,uploaders,without-hosting,full,8,413494,2101496,19.676173544941317,True
3-body-problem-01,wikidata:Q110652727,unknown,2024,television_season,asia-28,uploaders,without-hosting,audit-filtered,6,188462,1132283,16.644425466071645,True
3-body-problem-01,wikidata:Q110652727,unknown,2024,television_season,eur-27,uploaders,all,full,8,615219,2620340,23.47859438088187,True
3-body-problem-01,wikidata:Q110652727,unknown,2024,television_season,eur-27,uploaders,all,audit-filtered,6,314700,1432923,21.962101243402472,True
3-body-problem-01,wikidata:Q110652727,unknown,2024,television_season,eur-27,uploaders,without-hosting,full,8,446334,2101496,21.238869833680386,True
3-body-problem-01,wikidata:Q110652727,unknown,2024,television_season,eur-27,uploaders,without-hosting,audit-filtered,6,223256,1132283,19.717332151061175,True
3-body-problem-01,wikidata:Q110652727,unknown,2024,television_season,usa-can,uploaders,all,full,8,369689,2620340,14.108436309791859,True
3-body-problem-01,wikidata:Q110652727,unknown,2024,television_season,usa-can,uploaders,all,audit-filtered,6,221367,1432923,15.448631922301477,True
3-body-problem-01,wikidata:Q110652727,unknown,2024,television_season,usa-can,uploaders,without-hosting,full,8,153512,2101496,7.30489137262217,True
3-body-problem-01,wikidata:Q110652727,unknown,2024,television_season,usa-can,uploaders,without-hosting,audit-filtered,6,83481,1132283,7.372803442248978,True
3-body-problem-01,wikidata:Q110652727,unknown,2024,television_season,other,uploaders,all,full,8,1191508,2620340,45.47150369799339,True
3-body-problem-01,wikidata:Q110652727,unknown,2024,television_season,other,uploaders,all,audit-filtered,6,691934,1432923,48.28828904274689,True
3-body-problem-01,wikidata:Q110652727,unknown,2024,television_season,other,uploaders,without-hosting,full,8,1086777,2101496,51.71444532847077,True
3-body-problem-01,wikidata:Q110652727,unknown,2024,television_season,other,uploaders,without-hosting,audit-filtered,6,636417,1132283,56.20653140601775,True
3-body-problem-01,wikidata:Q110652727,unknown,2024,television_season,unclassified,uploaders,all,full,8,1381,2620340,0.052703084332567526,True
3-body-problem-01,wikidata:Q110652727,unknown,2024,television_season,unclassified,uploaders,all,audit-filtered,6,668,1432923,0.04661799691958326,True
3-body-problem-01,wikidata:Q110652727,unknown,2024,television_season,unclassified,uploaders,without-hosting,full,8,1379,2101496,0.06561992028535862,True
3-body-problem-01,wikidata:Q110652727,unknown,2024,television_season,unclassified,uploaders,without-hosting,audit-filtered,6,667,1132283,0.05890753460044883,True
ahsoka-101,wikidata:Q104153367,unknown,2023,television_episode,asia-28,downloaders,all,full,8,1175139,9262186,12.687490836396504,True
ahsoka-101,wikidata:Q104153367,unknown,2023,television_episode,asia-28,downloaders,all,audit-filtered,6,944063,7512994,12.565736109998225,True
ahsoka-101,wikidata:Q104153367,unknown,2023,television_episode,asia-28,downloaders,without-hosting,full,8,1072922,7099414,15.112824804976862,True
ahsoka-101,wikidata:Q104153367,unknown,2023,television_episode,asia-28,downloaders,without-hosting,audit-filtered,6,862523,5757071,14.981976077765934,True
ahsoka-101,wikidata:Q104153367,unknown,2023,television_episode,eur-27,downloaders,all,full,8,2746616,9262186,29.654079501318588,True
ahsoka-101,wikidata:Q104153367,unknown,2023,television_episode,eur-27,downloaders,all,audit-filtered,6,2241945,7512994,29.8408996466655,True
ahsoka-101,wikidata:Q104153367,unknown,2023,television_episode,eur-27,downloaders,without-hosting,full,8,1997194,7099414,28.13181482302624,True
ahsoka-101,wikidata:Q104153367,unknown,2023,television_episode,eur-27,downloaders,without-hosting,audit-filtered,6,1639724,5757071,28.481913806517237,True
ahsoka-101,wikidata:Q104153367,unknown,2023,television_episode,usa-can,downloaders,all,full,8,1535078,9262186,16.573603682759124,True
ahsoka-101,wikidata:Q104153367,unknown,2023,television_episode,usa-can,downloaders,all,audit-filtered,6,1254528,7512994,16.698109967876988,True
ahsoka-101,wikidata:Q104153367,unknown,2023,television_episode,usa-can,downloaders,without-hosting,full,8,623455,7099414,8.78178114419021,True
ahsoka-101,wikidata:Q104153367,unknown,2023,television_episode,usa-can,downloaders,without-hosting,audit-filtered,6,511832,5757071,8.890493099702956,True
ahsoka-101,wikidata:Q104153367,unknown,2023,television_episode,other,downloaders,all,full,8,3802914,9262186,41.05849310303205,True
ahsoka-101,wikidata:Q104153367,unknown,2023,television_episode,other,downloaders,all,audit-filtered,6,3070534,7512994,40.86964531051136,True
ahsoka-101,wikidata:Q104153367,unknown,2023,television_episode,other,downloaders,without-hosting,full,8,3403419,7099414,47.939435564681816,True
ahsoka-101,wikidata:Q104153367,unknown,2023,television_episode,other,downloaders,without-hosting,audit-filtered,6,2741077,5757071,47.6123535735446,True
ahsoka-101,wikidata:Q104153367,unknown,2023,television_episode,unclassified,downloaders,all,full,8,2439,9262186,0.02633287649373485,True
ahsoka-101,wikidata:Q104153367,unknown,2023,television_episode,unclassified,downloaders,all,audit-filtered,6,1924,7512994,0.025608964947928883,True
ahsoka-101,wikidata:Q104153367,unknown,2023,television_episode,unclassified,downloaders,without-hosting,full,8,2424,7099414,0.034143663124872,True
ahsoka-101,wikidata:Q104153367,unknown,2023,television_episode,unclassified,downloaders,without-hosting,audit-filtered,6,1915,5757071,0.03326344246926953,True
ahsoka-101,wikidata:Q104153367,unknown,2023,television_episode,asia-28,uploaders,all,full,8,310953,3067567,10.136795708129602,True
ahsoka-101,wikidata:Q104153367,unknown,2023,television_episode,asia-28,uploaders,all,audit-filtered,6,263563,2573552,10.241215254247825,True
ahsoka-101,wikidata:Q104153367,unknown,2023,television_episode,asia-28,uploaders,without-hosting,full,8,283315,2316406,12.2308006454827,True
ahsoka-101,wikidata:Q104153367,unknown,2023,television_episode,asia-28,uploaders,without-hosting,audit-filtered,6,240545,1954421,12.307737176381139,True
ahsoka-101,wikidata:Q104153367,unknown,2023,television_episode,eur-27,uploaders,all,full,8,1042560,3067567,33.986543733193116,True
ahsoka-101,wikidata:Q104153367,unknown,2023,television_episode,eur-27,uploaders,all,audit-filtered,6,870511,2573552,33.825273396457504,True
ahsoka-101,wikidata:Q104153367,unknown,2023,television_episode,eur-27,uploaders,without-hosting,full,8,788292,2316406,34.030821885282634,True
ahsoka-101,wikidata:Q104153367,unknown,2023,television_episode,eur-27,uploaders,without-hosting,audit-filtered,6,661200,1954421,33.83099137800914,True
ahsoka-101,wikidata:Q104153367,unknown,2023,television_episode,usa-can,uploaders,all,full,8,567969,3067567,18.515292412521063,True
ahsoka-101,wikidata:Q104153367,unknown,2023,television_episode,usa-can,uploaders,all,audit-filtered,6,470973,2573552,18.300504516714643,True
ahsoka-101,wikidata:Q104153367,unknown,2023,television_episode,usa-can,uploaders,without-hosting,full,8,222474,2316406,9.604274898269129,True
ahsoka-101,wikidata:Q104153367,unknown,2023,television_episode,usa-can,uploaders,without-hosting,audit-filtered,6,188876,1954421,9.664038607853682,True
ahsoka-101,wikidata:Q104153367,unknown,2023,television_episode,other,uploaders,all,full,8,1145415,3067567,37.33952673242345,True
ahsoka-101,wikidata:Q104153367,unknown,2023,television_episode,other,uploaders,all,audit-filtered,6,967934,2573552,37.610819598749124,True
ahsoka-101,wikidata:Q104153367,unknown,2023,television_episode,other,uploaders,without-hosting,full,8,1021655,2316406,44.10517845317272,True
ahsoka-101,wikidata:Q104153367,unknown,2023,television_episode,other,uploaders,without-hosting,audit-filtered,6,863229,1954421,44.168017023967714,True
ahsoka-101,wikidata:Q104153367,unknown,2023,television_episode,unclassified,uploaders,all,full,8,670,3067567,0.021841413732772586,True
ahsoka-101,wikidata:Q104153367,unknown,2023,television_episode,unclassified,uploaders,all,audit-filtered,6,571,2573552,0.02218723383090763,True
ahsoka-101,wikidata:Q104153367,unknown,2023,television_episode,unclassified,uploaders,without-hosting,full,8,670,2316406,0.028924117792822158,True
ahsoka-101,wikidata:Q104153367,unknown,2023,television_episode,unclassified,uploaders,without-hosting,audit-filtered,6,571,1954421,0.029215813788329128,True
ahsoka-108,wikidata:Q104153367,unknown,2023,television_episode,asia-28,downloaders,all,full,8,1086610,8820781,12.318750459851572,True
ahsoka-108,wikidata:Q104153367,unknown,2023,television_episode,asia-28,downloaders,all,audit-filtered,8,1086610,8820781,12.318750459851572,True
ahsoka-108,wikidata:Q104153367,unknown,2023,television_episode,asia-28,downloaders,without-hosting,full,8,996073,7319052,13.609317162933124,True
ahsoka-108,wikidata:Q104153367,unknown,2023,television_episode,asia-28,downloaders,without-hosting,audit-filtered,8,996073,7319052,13.609317162933124,True
ahsoka-108,wikidata:Q104153367,unknown,2023,television_episode,eur-27,downloaders,all,full,8,2235074,8820781,25.338731343630457,True
ahsoka-108,wikidata:Q104153367,unknown,2023,television_episode,eur-27,downloaders,all,audit-filtered,8,2235074,8820781,25.338731343630457,True
ahsoka-108,wikidata:Q104153367,unknown,2023,television_episode,eur-27,downloaders,without-hosting,full,8,1650820,7319052,22.555106863566483,True
ahsoka-108,wikidata:Q104153367,unknown,2023,television_episode,eur-27,downloaders,without-hosting,audit-filtered,8,1650820,7319052,22.555106863566483,True
ahsoka-108,wikidata:Q104153367,unknown,2023,television_episode,usa-can,downloaders,all,full,8,1027889,8820781,11.653038432764626,True
ahsoka-108,wikidata:Q104153367,unknown,2023,television_episode,usa-can,downloaders,all,audit-filtered,8,1027889,8820781,11.653038432764626,True
ahsoka-108,wikidata:Q104153367,unknown,2023,television_episode,usa-can,downloaders,without-hosting,full,8,493088,7319052,6.737047366243607,True
ahsoka-108,wikidata:Q104153367,unknown,2023,television_episode,usa-can,downloaders,without-hosting,audit-filtered,8,493088,7319052,6.737047366243607,True
ahsoka-108,wikidata:Q104153367,unknown,2023,television_episode,other,downloaders,all,full,8,4469148,8820781,50.66612582264541,True
ahsoka-108,wikidata:Q104153367,unknown,2023,television_episode,other,downloaders,all,audit-filtered,8,4469148,8820781,50.66612582264541,True
ahsoka-108,wikidata:Q104153367,unknown,2023,television_episode,other,downloaders,without-hosting,full,8,4177031,7319052,57.07065614508546,True
ahsoka-108,wikidata:Q104153367,unknown,2023,television_episode,other,downloaders,without-hosting,audit-filtered,8,4177031,7319052,57.07065614508546,True
ahsoka-108,wikidata:Q104153367,unknown,2023,television_episode,unclassified,downloaders,all,full,8,2060,8820781,0.023353941107935906,True
ahsoka-108,wikidata:Q104153367,unknown,2023,television_episode,unclassified,downloaders,all,audit-filtered,8,2060,8820781,0.023353941107935906,True
ahsoka-108,wikidata:Q104153367,unknown,2023,television_episode,unclassified,downloaders,without-hosting,full,8,2040,7319052,0.027872462171330385,True
ahsoka-108,wikidata:Q104153367,unknown,2023,television_episode,unclassified,downloaders,without-hosting,audit-filtered,8,2040,7319052,0.027872462171330385,True
ahsoka-108,wikidata:Q104153367,unknown,2023,television_episode,asia-28,uploaders,all,full,8,148385,1710033,8.677317923104408,True
ahsoka-108,wikidata:Q104153367,unknown,2023,television_episode,asia-28,uploaders,all,audit-filtered,8,148385,1710033,8.677317923104408,True
ahsoka-108,wikidata:Q104153367,unknown,2023,television_episode,asia-28,uploaders,without-hosting,full,8,131072,1337948,9.796494333113095,True
ahsoka-108,wikidata:Q104153367,unknown,2023,television_episode,asia-28,uploaders,without-hosting,audit-filtered,8,131072,1337948,9.796494333113095,True
ahsoka-108,wikidata:Q104153367,unknown,2023,television_episode,eur-27,uploaders,all,full,8,441029,1710033,25.79067187592286,True
ahsoka-108,wikidata:Q104153367,unknown,2023,television_episode,eur-27,uploaders,all,audit-filtered,8,441029,1710033,25.79067187592286,True
ahsoka-108,wikidata:Q104153367,unknown,2023,television_episode,eur-27,uploaders,without-hosting,full,8,334239,1337948,24.981464152567963,True
ahsoka-108,wikidata:Q104153367,unknown,2023,television_episode,eur-27,uploaders,without-hosting,audit-filtered,8,334239,1337948,24.981464152567963,True
ahsoka-108,wikidata:Q104153367,unknown,2023,television_episode,usa-can,uploaders,all,full,8,288945,1710033,16.897042337779446,True
ahsoka-108,wikidata:Q104153367,unknown,2023,television_episode,usa-can,uploaders,all,audit-filtered,8,288945,1710033,16.897042337779446,True
ahsoka-108,wikidata:Q104153367,unknown,2023,television_episode,usa-can,uploaders,without-hosting,full,8,112100,1337948,8.37850200456221,True
ahsoka-108,wikidata:Q104153367,unknown,2023,television_episode,usa-can,uploaders,without-hosting,audit-filtered,8,112100,1337948,8.37850200456221,True
ahsoka-108,wikidata:Q104153367,unknown,2023,television_episode,other,uploaders,all,full,8,831478,1710033,48.62350609608119,True
ahsoka-108,wikidata:Q104153367,unknown,2023,television_episode,other,uploaders,all,audit-filtered,8,831478,1710033,48.62350609608119,True
ahsoka-108,wikidata:Q104153367,unknown,2023,television_episode,other,uploaders,without-hosting,full,8,760341,1337948,56.8288902109798,True
ahsoka-108,wikidata:Q104153367,unknown,2023,television_episode,other,uploaders,without-hosting,audit-filtered,8,760341,1337948,56.8288902109798,True
ahsoka-108,wikidata:Q104153367,unknown,2023,television_episode,unclassified,uploaders,all,full,8,196,1710033,0.011461767112096666,True
ahsoka-108,wikidata:Q104153367,unknown,2023,television_episode,unclassified,uploaders,all,audit-filtered,8,196,1710033,0.011461767112096666,True
ahsoka-108,wikidata:Q104153367,unknown,2023,television_episode,unclassified,uploaders,without-hosting,full,8,196,1337948,0.014649298776933035,True
ahsoka-108,wikidata:Q104153367,unknown,2023,television_episode,unclassified,uploaders,without-hosting,audit-filtered,8,196,1337948,0.014649298776933035,True
american-born-chinese-01,wikidata:Q111169509,unknown,2023,television_season,asia-28,downloaders,all,full,8,326289,1686951,19.341937021288704,True
american-born-chinese-01,wikidata:Q111169509,unknown,2023,television_season,asia-28,downloaders,all,audit-filtered,7,252862,1405888,17.985927755269266,True
american-born-chinese-01,wikidata:Q111169509,unknown,2023,television_season,asia-28,downloaders,without-hosting,full,8,295298,1143680,25.819984611080024,True
american-born-chinese-01,wikidata:Q111169509,unknown,2023,television_season,asia-28,downloaders,without-hosting,audit-filtered,7,227570,952440,23.89336861114611,True
american-born-chinese-01,wikidata:Q111169509,unknown,2023,television_season,eur-27,downloaders,all,full,8,322167,1686951,19.097590860671115,True
american-born-chinese-01,wikidata:Q111169509,unknown,2023,television_season,eur-27,downloaders,all,audit-filtered,7,275038,1405888,19.563293804342877,True
american-born-chinese-01,wikidata:Q111169509,unknown,2023,television_season,eur-27,downloaders,without-hosting,full,8,147766,1143680,12.920222439843313,True
american-born-chinese-01,wikidata:Q111169509,unknown,2023,television_season,eur-27,downloaders,without-hosting,audit-filtered,7,129238,952440,13.569148712779807,True
american-born-chinese-01,wikidata:Q111169509,unknown,2023,television_season,usa-can,downloaders,all,full,8,384283,1686951,22.779736933675014,True
american-born-chinese-01,wikidata:Q111169509,unknown,2023,television_season,usa-can,downloaders,all,audit-filtered,7,321264,1405888,22.851322438202757,True
american-born-chinese-01,wikidata:Q111169509,unknown,2023,television_season,usa-can,downloaders,without-hosting,full,8,99409,1143680,8.692029238947958,True
american-born-chinese-01,wikidata:Q111169509,unknown,2023,television_season,usa-can,downloaders,without-hosting,audit-filtered,7,78733,952440,8.266452479946244,True
american-born-chinese-01,wikidata:Q111169509,unknown,2023,television_season,other,downloaders,all,full,8,654013,1686951,38.76893875400056,True
american-born-chinese-01,wikidata:Q111169509,unknown,2023,television_season,other,downloaders,all,audit-filtered,7,556541,1405888,39.58643931806801,True
american-born-chinese-01,wikidata:Q111169509,unknown,2023,television_season,other,downloaders,without-hosting,full,8,601012,1143680,52.55071348628987,True
american-born-chinese-01,wikidata:Q111169509,unknown,2023,television_season,other,downloaders,without-hosting,audit-filtered,7,516720,952440,54.252236361345595,True
american-born-chinese-01,wikidata:Q111169509,unknown,2023,television_season,unclassified,downloaders,all,full,8,199,1686951,0.011796430364604545,True
american-born-chinese-01,wikidata:Q111169509,unknown,2023,television_season,unclassified,downloaders,all,audit-filtered,7,183,1405888,0.013016684117084718,True
american-born-chinese-01,wikidata:Q111169509,unknown,2023,television_season,unclassified,downloaders,without-hosting,full,8,195,1143680,0.01705022383883604,True
american-born-chinese-01,wikidata:Q111169509,unknown,2023,television_season,unclassified,downloaders,without-hosting,audit-filtered,7,179,952440,0.0187938347822435,True
american-born-chinese-01,wikidata:Q111169509,unknown,2023,television_season,asia-28,uploaders,all,full,8,63837,324362,19.68078874837373,True
american-born-chinese-01,wikidata:Q111169509,unknown,2023,television_season,asia-28,uploaders,all,audit-filtered,7,46224,254184,18.185251628741383,True
american-born-chinese-01,wikidata:Q111169509,unknown,2023,television_season,asia-28,uploaders,without-hosting,full,8,55795,156570,35.63581784505333,True
american-born-chinese-01,wikidata:Q111169509,unknown,2023,television_season,asia-28,uploaders,without-hosting,audit-filtered,7,39586,110695,35.76132616649352,True
american-born-chinese-01,wikidata:Q111169509,unknown,2023,television_season,eur-27,uploaders,all,full,8,74525,324362,22.97587263612877,True
american-born-chinese-01,wikidata:Q111169509,unknown,2023,television_season,eur-27,uploaders,all,audit-filtered,7,61286,254184,24.110880307179052,True
american-born-chinese-01,wikidata:Q111169509,unknown,2023,television_season,eur-27,uploaders,without-hosting,full,8,17807,156570,11.373187711566711,True
american-born-chinese-01,wikidata:Q111169509,unknown,2023,television_season,eur-27,uploaders,without-hosting,audit-filtered,7,12750,110695,11.518135417137179,True
american-born-chinese-01,wikidata:Q111169509,unknown,2023,television_season,usa-can,uploaders,all,full,8,114271,324362,35.22946584371782,True
american-born-chinese-01,wikidata:Q111169509,unknown,2023,television_season,usa-can,uploaders,all,audit-filtered,7,96675,254184,38.03347181569257,True
american-born-chinese-01,wikidata:Q111169509,unknown,2023,television_season,usa-can,uploaders,without-hosting,full,8,20619,156570,13.169189499904196,True
american-born-chinese-01,wikidata:Q111169509,unknown,2023,television_season,usa-can,uploaders,without-hosting,audit-filtered,7,14948,110695,13.50377162473463,True
american-born-chinese-01,wikidata:Q111169509,unknown,2023,television_season,other,uploaders,all,full,8,71695,324362,22.10339065611878,True
american-born-chinese-01,wikidata:Q111169509,unknown,2023,television_season,other,uploaders,all,audit-filtered,7,49970,254184,19.658987190381772,True
american-born-chinese-01,wikidata:Q111169509,unknown,2023,television_season,other,uploaders,without-hosting,full,8,62315,156570,39.80008941687424,True
american-born-chinese-01,wikidata:Q111169509,unknown,2023,television_season,other,uploaders,without-hosting,audit-filtered,7,43382,110695,39.1905686797055,True
american-born-chinese-01,wikidata:Q111169509,unknown,2023,television_season,unclassified,uploaders,all,full,8,34,324362,0.010482115660897393,True
american-born-chinese-01,wikidata:Q111169509,unknown,2023,television_season,unclassified,uploaders,all,audit-filtered,7,29,254184,0.011409058005224562,True
american-born-chinese-01,wikidata:Q111169509,unknown,2023,television_season,unclassified,uploaders,without-hosting,full,8,34,156570,0.021715526601520086,True
american-born-chinese-01,wikidata:Q111169509,unknown,2023,television_season,unclassified,uploaders,without-hosting,audit-filtered,7,29,110695,0.02619811192917476,True
and-just-like-that-201,wikidata:Q107272501,unknown,2023,television_episode,asia-28,downloaders,all,full,8,122421,1475946,8.294409145050022,True
and-just-like-that-201,wikidata:Q107272501,unknown,2023,television_episode,asia-28,downloaders,all,audit-filtered,7,105949,1264671,8.3775938564259,True
and-just-like-that-201,wikidata:Q107272501,unknown,2023,television_episode,asia-28,downloaders,without-hosting,full,8,104804,1089330,9.620959672459218,True
and-just-like-that-201,wikidata:Q107272501,unknown,2023,television_episode,asia-28,downloaders,without-hosting,audit-filtered,7,90685,938732,9.66037165026866,True
and-just-like-that-201,wikidata:Q107272501,unknown,2023,television_episode,eur-27,downloaders,all,full,8,454287,1475946,30.77937810732913,True
and-just-like-that-201,wikidata:Q107272501,unknown,2023,television_episode,eur-27,downloaders,all,audit-filtered,7,388370,1264671,30.709172583225204,True
and-just-like-that-201,wikidata:Q107272501,unknown,2023,television_episode,eur-27,downloaders,without-hosting,full,8,346275,1089330,31.787887967833438,True
and-just-like-that-201,wikidata:Q107272501,unknown,2023,television_episode,eur-27,downloaders,without-hosting,audit-filtered,7,297860,938732,31.730035835573943,True
and-just-like-that-201,wikidata:Q107272501,unknown,2023,television_episode,usa-can,downloaders,all,full,8,279095,1475946,18.909567152185783,True
and-just-like-that-201,wikidata:Q107272501,unknown,2023,television_episode,usa-can,downloaders,all,audit-filtered,7,236467,1264671,18.697906412023364,True
and-just-like-that-201,wikidata:Q107272501,unknown,2023,television_episode,usa-can,downloaders,without-hosting,full,8,85229,1089330,7.823983549521265,True
and-just-like-that-201,wikidata:Q107272501,unknown,2023,television_episode,usa-can,downloaders,without-hosting,audit-filtered,7,70769,938732,7.538786362880993,True
and-just-like-that-201,wikidata:Q107272501,unknown,2023,television_episode,other,downloaders,all,full,8,619550,1475946,41.976467973760556,True
and-just-like-that-201,wikidata:Q107272501,unknown,2023,television_episode,other,downloaders,all,audit-filtered,7,533352,1264671,42.173181799851506,True
and-just-like-that-201,wikidata:Q107272501,unknown,2023,television_episode,other,downloaders,without-hosting,full,8,552438,1089330,50.713557875024094,True
and-just-like-that-201,wikidata:Q107272501,unknown,2023,television_episode,other,downloaders,without-hosting,audit-filtered,7,478894,938732,51.0149861728374,True
and-just-like-that-201,wikidata:Q107272501,unknown,2023,television_episode,unclassified,downloaders,all,full,8,593,1475946,0.040177621674505705,True
and-just-like-that-201,wikidata:Q107272501,unknown,2023,television_episode,unclassified,downloaders,all,audit-filtered,7,533,1264671,0.04214534847403,True
and-just-like-that-201,wikidata:Q107272501,unknown,2023,television_episode,unclassified,downloaders,without-hosting,full,8,584,1089330,0.0536109351619803,True
and-just-like-that-201,wikidata:Q107272501,unknown,2023,television_episode,unclassified,downloaders,without-hosting,audit-filtered,7,524,938732,0.055819978439000696,True
and-just-like-that-201,wikidata:Q107272501,unknown,2023,television_episode,asia-28,uploaders,all,full,8,19438,339243,5.729816090530976,True
and-just-like-that-201,wikidata:Q107272501,unknown,2023,television_episode,asia-28,uploaders,all,audit-filtered,7,15927,273001,5.834044563939326,True
and-just-like-that-201,wikidata:Q107272501,unknown,2023,television_episode,asia-28,uploaders,without-hosting,full,8,14925,231728,6.440740868604571,True
and-just-like-that-201,wikidata:Q107272501,unknown,2023,television_episode,asia-28,uploaders,without-hosting,audit-filtered,7,12037,181859,6.618864065017403,True
and-just-like-that-201,wikidata:Q107272501,unknown,2023,television_episode,eur-27,uploaders,all,full,8,118656,339243,34.976698119047406,True
and-just-like-that-201,wikidata:Q107272501,unknown,2023,television_episode,eur-27,uploaders,all,audit-filtered,7,94249,273001,34.523316764407454,True
and-just-like-that-201,wikidata:Q107272501,unknown,2023,television_episode,eur-27,uploaders,without-hosting,full,8,93742,231728,40.4534626803839,True
and-just-like-that-201,wikidata:Q107272501,unknown,2023,television_episode,eur-27,uploaders,without-hosting,audit-filtered,7,74276,181859,40.842630829378805,True
and-just-like-that-201,wikidata:Q107272501,unknown,2023,television_episode,usa-can,uploaders,all,full,8,83206,339243,24.526961499574053,True
and-just-like-that-201,wikidata:Q107272501,unknown,2023,television_episode,usa-can,uploaders,all,audit-filtered,7,70623,273001,25.869136010490806,True
and-just-like-that-201,wikidata:Q107272501,unknown,2023,television_episode,usa-can,uploaders,without-hosting,full,8,18877,231728,8.146188634951322,True
and-just-like-that-201,wikidata:Q107272501,unknown,2023,television_episode,usa-can,uploaders,without-hosting,audit-filtered,7,14328,181859,7.878631247284985,True
and-just-like-that-201,wikidata:Q107272501,unknown,2023,television_episode,other,uploaders,all,full,8,117765,339243,34.714054527285754,True
and-just-like-that-201,wikidata:Q107272501,unknown,2023,television_episode,other,uploaders,all,audit-filtered,7,92053,273001,33.718924106505106,True
and-just-like-that-201,wikidata:Q107272501,unknown,2023,television_episode,other,uploaders,without-hosting,full,8,104006,231728,44.882793620106334,True
and-just-like-that-201,wikidata:Q107272501,unknown,2023,television_episode,other,uploaders,without-hosting,audit-filtered,7,81069,181859,44.57794225196444,True
and-just-like-that-201,wikidata:Q107272501,unknown,2023,television_episode,unclassified,uploaders,all,full,8,178,339243,0.05246976356181263,True
and-just-like-that-201,wikidata:Q107272501,unknown,2023,television_episode,unclassified,uploaders,all,audit-filtered,7,149,273001,0.054578554657308945,True
and-just-like-that-201,wikidata:Q107272501,unknown,2023,television_episode,unclassified,uploaders,without-hosting,full,8,178,231728,0.07681419595387697,True
and-just-like-that-201,wikidata:Q107272501,unknown,2023,television_episode,unclassified,uploaders,without-hosting,audit-filtered,7,149,181859,0.08193160635437344,True
and-just-like-that-211,wikidata:Q107272501,unknown,2023,television_episode,asia-28,downloaders,all,full,8,158341,1281257,12.35825443295139,True
and-just-like-that-211,wikidata:Q107272501,unknown,2023,television_episode,asia-28,downloaders,all,audit-filtered,7,148743,1119415,13.287565380131587,True
and-just-like-that-211,wikidata:Q107272501,unknown,2023,television_episode,asia-28,downloaders,without-hosting,full,8,141850,1016709,13.951878069339408,True
and-just-like-that-211,wikidata:Q107272501,unknown,2023,television_episode,asia-28,downloaders,without-hosting,audit-filtered,7,133757,894418,14.954640894973044,True
and-just-like-that-211,wikidata:Q107272501,unknown,2023,television_episode,eur-27,downloaders,all,full,8,359281,1281257,28.041290701241046,True
and-just-like-that-211,wikidata:Q107272501,unknown,2023,television_episode,eur-27,downloaders,all,audit-filtered,7,305599,1119415,27.299884314575024,True
and-just-like-that-211,wikidata:Q107272501,unknown,2023,television_episode,eur-27,downloaders,without-hosting,full,8,265018,1016709,26.066258880367933,True
and-just-like-that-211,wikidata:Q107272501,unknown,2023,television_episode,eur-27,downloaders,without-hosting,audit-filtered,7,223347,894418,24.97121032895134,True
and-just-like-that-211,wikidata:Q107272501,unknown,2023,television_episode,usa-can,downloaders,all,full,8,175715,1281257,13.714266536690142,True
and-just-like-that-211,wikidata:Q107272501,unknown,2023,television_episode,usa-can,downloaders,all,audit-filtered,7,149331,1119415,13.340092816337105,True
and-just-like-that-211,wikidata:Q107272501,unknown,2023,television_episode,usa-can,downloaders,without-hosting,full,8,65367,1016709,6.429273272883392,True
and-just-like-that-211,wikidata:Q107272501,unknown,2023,television_episode,usa-can,downloaders,without-hosting,audit-filtered,7,56263,894418,6.290459270721296,True
and-just-like-that-211,wikidata:Q107272501,unknown,2023,television_episode,other,downloaders,all,full,8,587552,1281257,45.85746653481698,True
and-just-like-that-211,wikidata:Q107272501,unknown,2023,television_episode,other,downloaders,all,audit-filtered,7,515445,1119415,46.045925773730026,True
and-just-like-that-211,wikidata:Q107272501,unknown,2023,television_episode,other,downloaders,without-hosting,full,8,544111,1016709,53.516886346043954,True
and-just-like-that-211,wikidata:Q107272501,unknown,2023,television_episode,other,downloaders,without-hosting,audit-filtered,7,480758,894418,53.750930772860116,True
and-just-like-that-211,wikidata:Q107272501,unknown,2023,television_episode,unclassified,downloaders,all,full,8,368,1281257,0.028721794300440896,True
and-just-like-that-211,wikidata:Q107272501,unknown,2023,television_episode,unclassified,downloaders,all,audit-filtered,7,297,1119415,0.02653171522625657,True
and-just-like-that-211,wikidata:Q107272501,unknown,2023,television_episode,unclassified,downloaders,without-hosting,full,8,363,1016709,0.035703431365316916,True
and-just-like-that-211,wikidata:Q107272501,unknown,2023,television_episode,unclassified,downloaders,without-hosting,audit-filtered,7,293,894418,0.032758732494202934,True
and-just-like-that-211,wikidata:Q107272501,unknown,2023,television_episode,asia-28,uploaders,all,full,8,10761,219995,4.891474806245596,True
and-just-like-that-211,wikidata:Q107272501,unknown,2023,television_episode,asia-28,uploaders,all,audit-filtered,7,7846,154746,5.0702441420133635,True
and-just-like-that-211,wikidata:Q107272501,unknown,2023,television_episode,asia-28,uploaders,without-hosting,full,8,7900,153890,5.133536941971538,True
and-just-like-that-211,wikidata:Q107272501,unknown,2023,television_episode,asia-28,uploaders,without-hosting,audit-filtered,7,5429,103081,5.2667319874661676,True
and-just-like-that-211,wikidata:Q107272501,unknown,2023,television_episode,eur-27,uploaders,all,full,8,70901,219995,32.22845973772131,True
and-just-like-that-211,wikidata:Q107272501,unknown,2023,television_episode,eur-27,uploaders,all,audit-filtered,7,48240,154746,31.173665232057694,True
and-just-like-that-211,wikidata:Q107272501,unknown,2023,television_episode,eur-27,uploaders,without-hosting,full,8,55151,153890,35.83793618818637,True
and-just-like-that-211,wikidata:Q107272501,unknown,2023,television_episode,eur-27,uploaders,without-hosting,audit-filtered,7,36675,103081,35.578816658744095,True
and-just-like-that-211,wikidata:Q107272501,unknown,2023,television_episode,usa-can,uploaders,all,full,8,48444,219995,22.02050046591968,True
and-just-like-that-211,wikidata:Q107272501,unknown,2023,television_episode,usa-can,uploaders,all,audit-filtered,7,37922,154746,24.505964612978687,True
and-just-like-that-211,wikidata:Q107272501,unknown,2023,television_episode,usa-can,uploaders,without-hosting,full,8,10117,153890,6.574176359737475,True
and-just-like-that-211,wikidata:Q107272501,unknown,2023,television_episode,usa-can,uploaders,without-hosting,audit-filtered,7,6390,103081,6.199008546676885,True
and-just-like-that-211,wikidata:Q107272501,unknown,2023,television_episode,other,uploaders,all,full,8,89775,219995,40.80774563058252,True
and-just-like-that-211,wikidata:Q107272501,unknown,2023,television_episode,other,uploaders,all,audit-filtered,7,60667,154746,39.20424437465266,True
and-just-like-that-211,wikidata:Q107272501,unknown,2023,television_episode,other,uploaders,without-hosting,full,8,80608,153890,52.380271622587564,True
and-just-like-that-211,wikidata:Q107272501,unknown,2023,television_episode,other,uploaders,without-hosting,audit-filtered,7,54516,103081,52.886564934372,True
and-just-like-that-211,wikidata:Q107272501,unknown,2023,television_episode,unclassified,uploaders,all,full,8,114,219995,0.05181935953089843,True
and-just-like-that-211,wikidata:Q107272501,unknown,2023,television_episode,unclassified,uploaders,all,audit-filtered,7,71,154746,0.04588163829759735,True
and-just-like-that-211,wikidata:Q107272501,unknown,2023,television_episode,unclassified,uploaders,without-hosting,full,8,114,153890,0.07407888751705764,True
and-just-like-that-211,wikidata:Q107272501,unknown,2023,television_episode,unclassified,uploaders,without-hosting,audit-filtered,7,71,103081,0.06887787274085427,True
arcane-02.1,wikidata:Q85518571,mixed,2024,television_season,asia-28,downloaders,all,full,8,2445865,15852034,15.429344902994783,True
arcane-02.1,wikidata:Q85518571,mixed,2024,television_season,asia-28,downloaders,all,audit-filtered,6,1799065,11721416,15.348529563322383,True
arcane-02.1,wikidata:Q85518571,mixed,2024,television_season,asia-28,downloaders,without-hosting,full,8,2269121,13170001,17.2294671807542,True
arcane-02.1,wikidata:Q85518571,mixed,2024,television_season,asia-28,downloaders,without-hosting,audit-filtered,6,1671711,9804711,17.05007929351513,True
arcane-02.1,wikidata:Q85518571,mixed,2024,television_season,eur-27,downloaders,all,full,8,4110852,15852034,25.932646876735188,True
arcane-02.1,wikidata:Q85518571,mixed,2024,television_season,eur-27,downloaders,all,audit-filtered,6,3030129,11721416,25.85121968199064,True
arcane-02.1,wikidata:Q85518571,mixed,2024,television_season,eur-27,downloaders,without-hosting,full,8,3006553,13170001,22.828798570326608,True
arcane-02.1,wikidata:Q85518571,mixed,2024,television_season,eur-27,downloaders,without-hosting,audit-filtered,6,2217011,9804711,22.611691461380147,True
arcane-02.1,wikidata:Q85518571,mixed,2024,television_season,usa-can,downloaders,all,full,8,1649404,15852034,10.404999131341757,True
arcane-02.1,wikidata:Q85518571,mixed,2024,television_season,usa-can,downloaders,all,audit-filtered,6,1165827,11721416,9.946127669216757,True
arcane-02.1,wikidata:Q85518571,mixed,2024,television_season,usa-can,downloaders,without-hosting,full,8,740508,13170001,5.622687500175588,True
arcane-02.1,wikidata:Q85518571,mixed,2024,television_season,usa-can,downloaders,without-hosting,audit-filtered,6,536048,9804711,5.46724936614654,True
arcane-02.1,wikidata:Q85518571,mixed,2024,television_season,other,downloaders,all,full,8,7640707,15852034,48.20016787751023,True
arcane-02.1,wikidata:Q85518571,mixed,2024,television_season,other,downloaders,all,audit-filtered,6,5722708,11721416,48.82266784149628,True
arcane-02.1,wikidata:Q85518571,mixed,2024,television_season,other,downloaders,without-hosting,full,8,7148732,13170001,54.28042108728769,True
arcane-02.1,wikidata:Q85518571,mixed,2024,television_season,other,downloaders,without-hosting,audit-filtered,6,5376328,9804711,54.83413024616432,True
arcane-02.1,wikidata:Q85518571,mixed,2024,television_season,unclassified,downloaders,all,full,8,5206,15852034,0.03284121141804263,True
arcane-02.1,wikidata:Q85518571,mixed,2024,television_season,unclassified,downloaders,all,audit-filtered,6,3687,11721416,0.03145524397393625,True
arcane-02.1,wikidata:Q85518571,mixed,2024,television_season,unclassified,downloaders,without-hosting,full,8,5087,13170001,0.038625661455910294,True
arcane-02.1,wikidata:Q85518571,mixed,2024,television_season,unclassified,downloaders,without-hosting,audit-filtered,6,3613,9804711,0.03684963279386817,True
arcane-02.1,wikidata:Q85518571,mixed,2024,television_season,asia-28,uploaders,all,full,8,400595,2753402,14.549092359197822,True
arcane-02.1,wikidata:Q85518571,mixed,2024,television_season,asia-28,uploaders,all,audit-filtered,6,266812,1752573,15.224016346252053,True
arcane-02.1,wikidata:Q85518571,mixed,2024,television_season,asia-28,uploaders,without-hosting,full,8,364455,2074813,17.56567941303626,True
arcane-02.1,wikidata:Q85518571,mixed,2024,television_season,asia-28,uploaders,without-hosting,audit-filtered,6,242027,1300749,18.606741192958825,True
arcane-02.1,wikidata:Q85518571,mixed,2024,television_season,eur-27,uploaders,all,full,8,775698,2753402,28.17234824409948,True
arcane-02.1,wikidata:Q85518571,mixed,2024,television_season,eur-27,uploaders,all,audit-filtered,6,490133,1752573,27.9664812820921,True
arcane-02.1,wikidata:Q85518571,mixed,2024,television_season,eur-27,uploaders,without-hosting,full,8,563804,2074813,27.173726017718224,True
arcane-02.1,wikidata:Q85518571,mixed,2024,television_season,eur-27,uploaders,without-hosting,audit-filtered,6,350073,1300749,26.913186171967073,True
arcane-02.1,wikidata:Q85518571,mixed,2024,television_season,usa-can,uploaders,all,full,8,452201,2753402,16.42335554343318,True
arcane-02.1,wikidata:Q85518571,mixed,2024,television_season,usa-can,uploaders,all,audit-filtered,6,297089,1752573,16.951590604214488,True
arcane-02.1,wikidata:Q85518571,mixed,2024,television_season,usa-can,uploaders,without-hosting,full,8,153052,2074813,7.376664788585766,True
arcane-02.1,wikidata:Q85518571,mixed,2024,television_season,usa-can,uploaders,without-hosting,audit-filtered,6,96113,1300749,7.3890504624643185,True
arcane-02.1,wikidata:Q85518571,mixed,2024,television_season,other,uploaders,all,full,8,1123839,2753402,40.81637915567723,True
arcane-02.1,wikidata:Q85518571,mixed,2024,television_season,other,uploaders,all,audit-filtered,6,697805,1752573,39.816030487745735,True
arcane-02.1,wikidata:Q85518571,mixed,2024,television_season,other,uploaders,without-hosting,full,8,992434,2074813,47.832455262233275,True
arcane-02.1,wikidata:Q85518571,mixed,2024,television_season,other,uploaders,without-hosting,audit-filtered,6,611802,1300749,47.03459314594899,True
arcane-02.1,wikidata:Q85518571,mixed,2024,television_season,unclassified,uploaders,all,full,8,1069,2753402,0.03882469759228765,True
arcane-02.1,wikidata:Q85518571,mixed,2024,television_season,unclassified,uploaders,all,audit-filtered,6,734,1752573,0.04188127969562466,True
arcane-02.1,wikidata:Q85518571,mixed,2024,television_season,unclassified,uploaders,without-hosting,full,8,1068,2074813,0.05147451842647988,True
arcane-02.1,wikidata:Q85518571,mixed,2024,television_season,unclassified,uploaders,without-hosting,audit-filtered,6,734,1300749,0.05642902666079313,True
arcane-02.2,wikidata:Q85518571,mixed,2024,television_season,asia-28,downloaders,all,full,8,2313472,15287069,15.13352232530644,True
arcane-02.2,wikidata:Q85518571,mixed,2024,television_season,asia-28,downloaders,all,audit-filtered,6,1737369,11777227,14.75193608818103,True
arcane-02.2,wikidata:Q85518571,mixed,2024,television_season,asia-28,downloaders,without-hosting,full,8,2158013,13017571,16.577693334647453,True
arcane-02.2,wikidata:Q85518571,mixed,2024,television_season,asia-28,downloaders,without-hosting,audit-filtered,6,1623744,10118764,16.046861059315148,True
arcane-02.2,wikidata:Q85518571,mixed,2024,television_season,eur-27,downloaders,all,full,8,3910553,15287069,25.580789881958406,True
arcane-02.2,wikidata:Q85518571,mixed,2024,television_season,eur-27,downloaders,all,audit-filtered,6,3012871,11777227,25.58217651744337,True
arcane-02.2,wikidata:Q85518571,mixed,2024,television_season,eur-27,downloaders,without-hosting,full,8,2899147,13017571,22.271028903933,True
arcane-02.2,wikidata:Q85518571,mixed,2024,television_season,eur-27,downloaders,without-hosting,audit-filtered,6,2251148,10118764,22.247262610334623,True
arcane-02.2,wikidata:Q85518571,mixed,2024,television_season,usa-can,downloaders,all,full,8,1402548,15287069,9.17473454198447,True
arcane-02.2,wikidata:Q85518571,mixed,2024,television_season,usa-can,downloaders,all,audit-filtered,6,1011245,11777227,8.586443990593033,True
arcane-02.2,wikidata:Q85518571,mixed,2024,television_season,usa-can,downloaders,without-hosting,full,8,689694,13017571,5.298177363503529,True
arcane-02.2,wikidata:Q85518571,mixed,2024,television_season,usa-can,downloaders,without-hosting,audit-filtered,6,510662,10118764,5.046683567281537,True
arcane-02.2,wikidata:Q85518571,mixed,2024,television_season,other,downloaders,all,full,8,7655609,15287069,50.07898505593191,True
arcane-02.2,wikidata:Q85518571,mixed,2024,television_season,other,downloaders,all,audit-filtered,6,6012004,11777227,51.04770418367583,True
arcane-02.2,wikidata:Q85518571,mixed,2024,television_season,other,downloaders,without-hosting,full,8,7265956,13017571,55.81652675449206,True
arcane-02.2,wikidata:Q85518571,mixed,2024,television_season,other,downloaders,without-hosting,audit-filtered,6,5729572,10118764,56.62323975536933,True
arcane-02.2,wikidata:Q85518571,mixed,2024,television_season,unclassified,downloaders,all,full,8,4887,15287069,0.03196819481877134,True
arcane-02.2,wikidata:Q85518571,mixed,2024,television_season,unclassified,downloaders,all,audit-filtered,6,3738,11777227,0.0317392201067365,True
arcane-02.2,wikidata:Q85518571,mixed,2024,television_season,unclassified,downloaders,without-hosting,full,8,4761,13017571,0.03657364342395367,True
arcane-02.2,wikidata:Q85518571,mixed,2024,television_season,unclassified,downloaders,without-hosting,audit-filtered,6,3638,10118764,0.03595300769935933,True
arcane-02.2,wikidata:Q85518571,mixed,2024,television_season,asia-28,uploaders,all,full,8,324656,2062814,15.738500902165683,True
arcane-02.2,wikidata:Q85518571,mixed,2024,television_season,asia-28,uploaders,all,audit-filtered,6,203866,1283580,15.88260957634117,True
arcane-02.2,wikidata:Q85518571,mixed,2024,television_season,asia-28,uploaders,without-hosting,full,8,297293,1554047,19.130245095547302,True
arcane-02.2,wikidata:Q85518571,mixed,2024,television_season,asia-28,uploaders,without-hosting,audit-filtered,6,185494,943305,19.664265534477185,True
arcane-02.2,wikidata:Q85518571,mixed,2024,television_season,eur-27,uploaders,all,full,8,568052,2062814,27.537722741846817,True
arcane-02.2,wikidata:Q85518571,mixed,2024,television_season,eur-27,uploaders,all,audit-filtered,6,351208,1283580,27.36159803050842,True
arcane-02.2,wikidata:Q85518571,mixed,2024,television_season,eur-27,uploaders,without-hosting,full,8,414968,1554047,26.70240990137364,True
arcane-02.2,wikidata:Q85518571,mixed,2024,television_season,eur-27,uploaders,without-hosting,audit-filtered,6,250963,943305,26.604650669719764,True
arcane-02.2,wikidata:Q85518571,mixed,2024,television_season,usa-can,uploaders,all,full,8,344506,2062814,16.700778645093546,True
arcane-02.2,wikidata:Q85518571,mixed,2024,television_season,usa-can,uploaders,all,audit-filtered,6,228738,1283580,17.820315056326837,True
arcane-02.2,wikidata:Q85518571,mixed,2024,television_season,usa-can,uploaders,without-hosting,full,8,108672,1554047,6.992838697928699,True
arcane-02.2,wikidata:Q85518571,mixed,2024,television_season,usa-can,uploaders,without-hosting,audit-filtered,6,66992,943305,7.101838747806913,True
arcane-02.2,wikidata:Q85518571,mixed,2024,television_season,other,uploaders,all,full,8,824384,2062814,39.96404910961434,True
arcane-02.2,wikidata:Q85518571,mixed,2024,television_season,other,uploaders,all,audit-filtered,6,498905,1283580,38.868243506442916,True
arcane-02.2,wikidata:Q85518571,mixed,2024,television_season,other,uploaders,without-hosting,full,8,731898,1554047,47.096258993453866,True
arcane-02.2,wikidata:Q85518571,mixed,2024,television_season,other,uploaders,without-hosting,audit-filtered,6,438993,943305,46.53775820121806,True
arcane-02.2,wikidata:Q85518571,mixed,2024,television_season,unclassified,uploaders,all,full,8,1216,2062814,0.05894860127961125,True
arcane-02.2,wikidata:Q85518571,mixed,2024,television_season,unclassified,uploaders,all,audit-filtered,6,863,1283580,0.06723383038065411,True
arcane-02.2,wikidata:Q85518571,mixed,2024,television_season,unclassified,uploaders,without-hosting,full,8,1216,1554047,0.07824731169649309,True
arcane-02.2,wikidata:Q85518571,mixed,2024,television_season,unclassified,uploaders,without-hosting,audit-filtered,6,863,943305,0.09148684677808344,True
arcane-02.3,wikidata:Q85518571,mixed,2024,television_season,asia-28,downloaders,all,full,8,3048964,20716860,14.71730754564157,True
arcane-02.3,wikidata:Q85518571,mixed,2024,television_season,asia-28,downloaders,all,audit-filtered,6,2376400,16308199,14.571811393765799,True
arcane-02.3,wikidata:Q85518571,mixed,2024,television_season,asia-28,downloaders,without-hosting,full,8,2850793,17752417,16.058618947493176,True
arcane-02.3,wikidata:Q85518571,mixed,2024,television_season,asia-28,downloaders,without-hosting,audit-filtered,6,2224997,14060480,15.824473986663328,True
arcane-02.3,wikidata:Q85518571,mixed,2024,television_season,eur-27,downloaders,all,full,8,5248787,20716860,25.335823092881835,True
arcane-02.3,wikidata:Q85518571,mixed,2024,television_season,eur-27,downloaders,all,audit-filtered,6,4169255,16308199,25.565391984731114,True
arcane-02.3,wikidata:Q85518571,mixed,2024,television_season,eur-27,downloaders,without-hosting,full,8,3899611,17752417,21.966648259783444,True
arcane-02.3,wikidata:Q85518571,mixed,2024,television_season,eur-27,downloaders,without-hosting,audit-filtered,6,3136984,14060480,22.3106465782107,True
arcane-02.3,wikidata:Q85518571,mixed,2024,television_season,usa-can,downloaders,all,full,8,1814362,20716860,8.757900569874007,True
arcane-02.3,wikidata:Q85518571,mixed,2024,television_season,usa-can,downloaders,all,audit-filtered,6,1380471,16308199,8.464889347989928,True
arcane-02.3,wikidata:Q85518571,mixed,2024,television_season,usa-can,downloaders,without-hosting,full,8,911415,17752417,5.1340332981137164,True
arcane-02.3,wikidata:Q85518571,mixed,2024,television_season,usa-can,downloaders,without-hosting,audit-filtered,6,706728,14060480,5.026343339629942,True
arcane-02.3,wikidata:Q85518571,mixed,2024,television_season,other,downloaders,all,full,8,10597625,20716860,51.154590994967386,True
arcane-02.3,wikidata:Q85518571,mixed,2024,television_season,other,downloaders,all,audit-filtered,6,8376623,16308199,51.364488500538904,True
arcane-02.3,wikidata:Q85518571,mixed,2024,television_season,other,downloaders,without-hosting,full,8,10083656,17752417,56.80159496028062,True
arcane-02.3,wikidata:Q85518571,mixed,2024,television_season,other,downloaders,without-hosting,audit-filtered,6,7986466,14060480,56.80080623136621,True
arcane-02.3,wikidata:Q85518571,mixed,2024,television_season,unclassified,downloaders,all,full,8,7122,20716860,0.03437779663520437,True
arcane-02.3,wikidata:Q85518571,mixed,2024,television_season,unclassified,downloaders,all,audit-filtered,6,5450,16308199,0.03341877297425669,True
arcane-02.3,wikidata:Q85518571,mixed,2024,television_season,unclassified,downloaders,without-hosting,full,8,6942,17752417,0.03910453432904376,True
arcane-02.3,wikidata:Q85518571,mixed,2024,television_season,unclassified,downloaders,without-hosting,audit-filtered,6,5305,14060480,0.03772986412981633,True
arcane-02.3,wikidata:Q85518571,mixed,2024,television_season,asia-28,uploaders,all,full,8,412914,2668467,15.473828231715064,True
arcane-02.3,wikidata:Q85518571,mixed,2024,television_season,asia-28,uploaders,all,audit-filtered,6,292413,1925004,15.190254150121246,True
arcane-02.3,wikidata:Q85518571,mixed,2024,television_season,asia-28,uploaders,without-hosting,full,8,381631,2069123,18.44409443034561,True
arcane-02.3,wikidata:Q85518571,mixed,2024,television_season,asia-28,uploaders,without-hosting,audit-filtered,6,269933,1490770,18.106951441201527,True
arcane-02.3,wikidata:Q85518571,mixed,2024,television_season,eur-27,uploaders,all,full,8,647350,2668467,24.259246975885404,True
arcane-02.3,wikidata:Q85518571,mixed,2024,television_season,eur-27,uploaders,all,audit-filtered,6,473578,1925004,24.60140342565522,True
arcane-02.3,wikidata:Q85518571,mixed,2024,television_season,eur-27,uploaders,without-hosting,full,8,447356,2069123,21.620560981633282,True
arcane-02.3,wikidata:Q85518571,mixed,2024,television_season,eur-27,uploaders,without-hosting,audit-filtered,6,329272,1490770,22.087377663891814,True
arcane-02.3,wikidata:Q85518571,mixed,2024,television_season,usa-can,uploaders,all,full,8,403416,2668467,15.117893532129122,True
arcane-02.3,wikidata:Q85518571,mixed,2024,television_season,usa-can,uploaders,all,audit-filtered,6,292817,1925004,15.211241119498972,True
arcane-02.3,wikidata:Q85518571,mixed,2024,television_season,usa-can,uploaders,without-hosting,full,8,142345,2069123,6.879484689890354,True
arcane-02.3,wikidata:Q85518571,mixed,2024,television_season,usa-can,uploaders,without-hosting,audit-filtered,6,102469,1490770,6.8735619847461376,True
arcane-02.3,wikidata:Q85518571,mixed,2024,television_season,other,uploaders,all,full,8,1203458,2668467,45.099227384112304,True
arcane-02.3,wikidata:Q85518571,mixed,2024,television_season,other,uploaders,all,audit-filtered,6,865202,1925004,44.945465048384314,True
arcane-02.3,wikidata:Q85518571,mixed,2024,television_season,other,uploaders,without-hosting,full,8,1096462,2069123,52.99162978711271,True
arcane-02.3,wikidata:Q85518571,mixed,2024,television_season,other,uploaders,without-hosting,audit-filtered,6,788102,1490770,52.86543195798144,True
arcane-02.3,wikidata:Q85518571,mixed,2024,television_season,unclassified,uploaders,all,full,8,1329,2668467,0.04980387615810876,True
arcane-02.3,wikidata:Q85518571,mixed,2024,television_season,unclassified,uploaders,all,audit-filtered,6,994,1925004,0.051636256340246565,True
arcane-02.3,wikidata:Q85518571,mixed,2024,television_season,unclassified,uploaders,without-hosting,full,8,1329,2069123,0.06423011101804968,True
arcane-02.3,wikidata:Q85518571,mixed,2024,television_season,unclassified,uploaders,without-hosting,audit-filtered,6,994,1490770,0.06667695217907524,True
army-of-the-dead,wikidata:Q65648534,usa-only,2021,film,asia-28,downloaders,all,full,8,2824823,9801149,28.821345334103174,True
army-of-the-dead,wikidata:Q65648534,usa-only,2021,film,asia-28,downloaders,all,audit-filtered,6,1877402,6694622,28.04343546207687,True
army-of-the-dead,wikidata:Q65648534,usa-only,2021,film,asia-28,downloaders,without-hosting,full,8,2677632,8699956,30.77753496684351,True
army-of-the-dead,wikidata:Q65648534,usa-only,2021,film,asia-28,downloaders,without-hosting,audit-filtered,6,1772518,5933218,29.87447958258065,True
army-of-the-dead,wikidata:Q65648534,usa-only,2021,film,eur-27,downloaders,all,full,8,1124603,9801149,11.474195525442987,True
army-of-the-dead,wikidata:Q65648534,usa-only,2021,film,eur-27,downloaders,all,audit-filtered,6,769220,6694622,11.490118486152019,True
army-of-the-dead,wikidata:Q65648534,usa-only,2021,film,eur-27,downloaders,without-hosting,full,8,868485,8699956,9.982636693794774,True
army-of-the-dead,wikidata:Q65648534,usa-only,2021,film,eur-27,downloaders,without-hosting,audit-filtered,6,593018,5933218,9.994879675751001,True
army-of-the-dead,wikidata:Q65648534,usa-only,2021,film,usa-can,downloaders,all,full,8,1962643,9801149,20.024621603038582,True
army-of-the-dead,wikidata:Q65648534,usa-only,2021,film,usa-can,downloaders,all,audit-filtered,6,1428474,6694622,21.337634895592313,True
army-of-the-dead,wikidata:Q65648534,usa-only,2021,film,usa-can,downloaders,without-hosting,full,8,1511516,8699956,17.373834994108016,True
army-of-the-dead,wikidata:Q65648534,usa-only,2021,film,usa-can,downloaders,without-hosting,audit-filtered,6,1115180,5933218,18.795533890714953,True
army-of-the-dead,wikidata:Q65648534,usa-only,2021,film,other,downloaders,all,full,8,3886763,9801149,39.656197451951805,True
army-of-the-dead,wikidata:Q65648534,usa-only,2021,film,other,downloaders,all,audit-filtered,6,2618026,6694622,39.10640511144617,True
army-of-the-dead,wikidata:Q65648534,usa-only,2021,film,other,downloaders,without-hosting,full,8,3640012,8699956,41.839429992519506,True
army-of-the-dead,wikidata:Q65648534,usa-only,2021,film,other,downloaders,without-hosting,audit-filtered,6,2451005,5933218,41.309876023432814,True
army-of-the-dead,wikidata:Q65648534,usa-only,2021,film,unclassified,downloaders,all,full,8,2317,9801149,0.023640085463449236,True
army-of-the-dead,wikidata:Q65648534,usa-only,2021,film,unclassified,downloaders,all,audit-filtered,6,1500,6694622,0.02240604473262269,True
army-of-the-dead,wikidata:Q65648534,usa-only,2021,film,unclassified,downloaders,without-hosting,full,8,2311,8699956,0.026563352734197736,True
army-of-the-dead,wikidata:Q65648534,usa-only,2021,film,unclassified,downloaders,without-hosting,audit-filtered,6,1497,5933218,0.025230827520579896,True
army-of-the-dead,wikidata:Q65648534,usa-only,2021,film,asia-28,uploaders,all,full,8,584340,2331056,25.06760884337399,True
army-of-the-dead,wikidata:Q65648534,usa-only,2021,film,asia-28,uploaders,all,audit-filtered,6,369952,1468775,25.187792548211945,True
army-of-the-dead,wikidata:Q65648534,usa-only,2021,film,asia-28,uploaders,without-hosting,full,8,566073,2143390,26.410172670395962,True
army-of-the-dead,wikidata:Q65648534,usa-only,2021,film,asia-28,uploaders,without-hosting,audit-filtered,6,358149,1352038,26.48956612166226,True
army-of-the-dead,wikidata:Q65648534,usa-only,2021,film,eur-27,uploaders,all,full,8,221288,2331056,9.493036632324577,True
army-of-the-dead,wikidata:Q65648534,usa-only,2021,film,eur-27,uploaders,all,audit-filtered,6,128498,1468775,8.748651086790012,True
army-of-the-dead,wikidata:Q65648534,usa-only,2021,film,eur-27,uploaders,without-hosting,full,8,173032,2143390,8.072819225619229,True
army-of-the-dead,wikidata:Q65648534,usa-only,2021,film,eur-27,uploaders,without-hosting,audit-filtered,6,99117,1352038,7.330933006320828,True
army-of-the-dead,wikidata:Q65648534,usa-only,2021,film,usa-can,uploaders,all,full,8,155715,2331056,6.680019699226445,True
army-of-the-dead,wikidata:Q65648534,usa-only,2021,film,usa-can,uploaders,all,audit-filtered,6,89851,1468775,6.117410767476298,True
army-of-the-dead,wikidata:Q65648534,usa-only,2021,film,usa-can,uploaders,without-hosting,full,8,91905,2143390,4.2878337586720106,True
army-of-the-dead,wikidata:Q65648534,usa-only,2021,film,usa-can,uploaders,without-hosting,audit-filtered,6,50227,1352038,3.7149103797378475,True
army-of-the-dead,wikidata:Q65648534,usa-only,2021,film,other,uploaders,all,full,8,1369420,2331056,58.746765414473096,True
army-of-the-dead,wikidata:Q65648534,usa-only,2021,film,other,uploaders,all,audit-filtered,6,880333,1468775,59.93654576092322,True
army-of-the-dead,wikidata:Q65648534,usa-only,2021,film,other,uploaders,without-hosting,full,8,1312087,2143390,61.2155044112364,True
army-of-the-dead,wikidata:Q65648534,usa-only,2021,film,other,uploaders,without-hosting,audit-filtered,6,844404,1352038,62.4541617913106,True
army-of-the-dead,wikidata:Q65648534,usa-only,2021,film,unclassified,uploaders,all,full,8,293,2331056,0.012569410601890303,True
army-of-the-dead,wikidata:Q65648534,usa-only,2021,film,unclassified,uploaders,all,audit-filtered,6,141,1468775,0.009599836598525983,True
army-of-the-dead,wikidata:Q65648534,usa-only,2021,film,unclassified,uploaders,without-hosting,full,8,293,2143390,0.013669934076393003,True
army-of-the-dead,wikidata:Q65648534,usa-only,2021,film,unclassified,uploaders,without-hosting,audit-filtered,6,141,1352038,0.010428700968463904,True
avatar-the-last-airbender-2024-01,wikidata:Q109608844,unknown,2024,television_season,asia-28,downloaders,all,full,8,3584786,18452818,19.42676722872355,True
avatar-the-last-airbender-2024-01,wikidata:Q109608844,unknown,2024,television_season,asia-28,downloaders,all,audit-filtered,6,2774773,14398183,19.271688656825656,True
avatar-the-last-airbender-2024-01,wikidata:Q109608844,unknown,2024,television_season,asia-28,downloaders,without-hosting,full,8,3368470,15843066,21.261478049766378,True
avatar-the-last-airbender-2024-01,wikidata:Q109608844,unknown,2024,television_season,asia-28,downloaders,without-hosting,audit-filtered,6,2604232,12349306,21.08808381620797,True
avatar-the-last-airbender-2024-01,wikidata:Q109608844,unknown,2024,television_season,eur-27,downloaders,all,full,8,4429228,18452818,24.002989678866392,True
avatar-the-last-airbender-2024-01,wikidata:Q109608844,unknown,2024,television_season,eur-27,downloaders,all,audit-filtered,6,3472656,14398183,24.118709978891086,True
avatar-the-last-airbender-2024-01,wikidata:Q109608844,unknown,2024,television_season,eur-27,downloaders,without-hosting,full,8,3155801,15843066,19.91913055212924,True
avatar-the-last-airbender-2024-01,wikidata:Q109608844,unknown,2024,television_season,eur-27,downloaders,without-hosting,audit-filtered,6,2444056,12349306,19.7910392697371,True
avatar-the-last-airbender-2024-01,wikidata:Q109608844,unknown,2024,television_season,usa-can,downloaders,all,full,8,1624264,18452818,8.802254484924742,True
avatar-the-last-airbender-2024-01,wikidata:Q109608844,unknown,2024,television_season,usa-can,downloaders,all,audit-filtered,6,1257754,14398183,8.735505028655352,True
avatar-the-last-airbender-2024-01,wikidata:Q109608844,unknown,2024,television_season,usa-can,downloaders,without-hosting,full,8,933908,15843066,5.894742848385533,True
avatar-the-last-airbender-2024-01,wikidata:Q109608844,unknown,2024,television_season,usa-can,downloaders,without-hosting,audit-filtered,6,737701,12349306,5.973623133154203,True
avatar-the-last-airbender-2024-01,wikidata:Q109608844,unknown,2024,television_season,other,downloaders,all,full,8,8810059,18452818,47.74370505361295,True
avatar-the-last-airbender-2024-01,wikidata:Q109608844,unknown,2024,television_season,other,downloaders,all,audit-filtered,6,6889666,14398183,47.85094063605109,True
avatar-the-last-airbender-2024-01,wikidata:Q109608844,unknown,2024,television_season,other,downloaders,without-hosting,full,8,8380537,15843066,52.89719174306286,True
avatar-the-last-airbender-2024-01,wikidata:Q109608844,unknown,2024,television_season,other,downloaders,without-hosting,audit-filtered,6,6560081,12349306,53.121049879240175,True
avatar-the-last-airbender-2024-01,wikidata:Q109608844,unknown,2024,television_season,unclassified,downloaders,all,full,8,4481,18452818,0.024283553872367896,True
avatar-the-last-airbender-2024-01,wikidata:Q109608844,unknown,2024,television_season,unclassified,downloaders,all,audit-filtered,6,3334,14398183,0.023155699576814657,True
avatar-the-last-airbender-2024-01,wikidata:Q109608844,unknown,2024,television_season,unclassified,downloaders,without-hosting,full,8,4350,15843066,0.027456806655984392,True
avatar-the-last-airbender-2024-01,wikidata:Q109608844,unknown,2024,television_season,unclassified,downloaders,without-hosting,audit-filtered,6,3236,12349306,0.026203901660546754,True
avatar-the-last-airbender-2024-01,wikidata:Q109608844,unknown,2024,television_season,asia-28,uploaders,all,full,8,427568,2353035,18.17091543474704,True
avatar-the-last-airbender-2024-01,wikidata:Q109608844,unknown,2024,television_season,asia-28,uploaders,all,audit-filtered,6,253888,1541543,16.469731950389967,True
avatar-the-last-airbender-2024-01,wikidata:Q109608844,unknown,2024,television_season,asia-28,uploaders,without-hosting,full,8,400814,1990792,20.13339414665118,True
avatar-the-last-airbender-2024-01,wikidata:Q109608844,unknown,2024,television_season,asia-28,uploaders,without-hosting,audit-filtered,6,235235,1296388,18.145416341403962,True
avatar-the-last-airbender-2024-01,wikidata:Q109608844,unknown,2024,television_season,eur-27,uploaders,all,full,8,437094,2353035,18.575754291797615,True
avatar-the-last-airbender-2024-01,wikidata:Q109608844,unknown,2024,television_season,eur-27,uploaders,all,audit-filtered,6,287832,1541543,18.671681555428556,True
avatar-the-last-airbender-2024-01,wikidata:Q109608844,unknown,2024,television_season,eur-27,uploaders,without-hosting,full,8,320051,1990792,16.07656651222227,True
avatar-the-last-airbender-2024-01,wikidata:Q109608844,unknown,2024,television_season,eur-27,uploaders,without-hosting,audit-filtered,6,208307,1296388,16.068260428205136,True
avatar-the-last-airbender-2024-01,wikidata:Q109608844,unknown,2024,television_season,usa-can,uploaders,all,full,8,257164,2353035,10.929034204761086,True
avatar-the-last-airbender-2024-01,wikidata:Q109608844,unknown,2024,television_season,usa-can,uploaders,all,audit-filtered,6,171743,1541543,11.140980173760965,True
avatar-the-last-airbender-2024-01,wikidata:Q109608844,unknown,2024,television_season,usa-can,uploaders,without-hosting,full,8,111782,1990792,5.614951235488188,True
avatar-the-last-airbender-2024-01,wikidata:Q109608844,unknown,2024,television_season,usa-can,uploaders,without-hosting,audit-filtered,6,72929,1296388,5.625553460846598,True
avatar-the-last-airbender-2024-01,wikidata:Q109608844,unknown,2024,television_season,other,uploaders,all,full,8,1230507,2353035,52.29446225831745,True
avatar-the-last-airbender-2024-01,wikidata:Q109608844,unknown,2024,television_season,other,uploaders,all,audit-filtered,6,827634,1541543,53.688674269871164,True
avatar-the-last-airbender-2024-01,wikidata:Q109608844,unknown,2024,television_season,other,uploaders,without-hosting,full,8,1157446,1990792,58.13997645158309,True
avatar-the-last-airbender-2024-01,wikidata:Q109608844,unknown,2024,television_season,other,uploaders,without-hosting,audit-filtered,6,779472,1296388,60.126443626445166,True
avatar-the-last-airbender-2024-01,wikidata:Q109608844,unknown,2024,television_season,unclassified,uploaders,all,full,8,702,2353035,0.029833810376811223,True
avatar-the-last-airbender-2024-01,wikidata:Q109608844,unknown,2024,television_season,unclassified,uploaders,all,audit-filtered,6,446,1541543,0.028932050549352176,True
avatar-the-last-airbender-2024-01,wikidata:Q109608844,unknown,2024,television_season,unclassified,uploaders,without-hosting,full,8,699,1990792,0.03511165405527047,True
avatar-the-last-airbender-2024-01,wikidata:Q109608844,unknown,2024,television_season,unclassified,uploaders,without-hosting,audit-filtered,6,445,1296388,0.0343261430991339,True
avatar-the-last-airbender-2024-02,wikidata:Q109608844,unknown,2026,television_season,asia-28,downloaders,all,full,8,6270315,21328886,29.39823017479675,True
avatar-the-last-airbender-2024-02,wikidata:Q109608844,unknown,2026,television_season,asia-28,downloaders,all,audit-filtered,7,5255560,18444607,28.493748877381883,True
avatar-the-last-airbender-2024-02,wikidata:Q109608844,unknown,2026,television_season,asia-28,downloaders,without-hosting,full,8,5986359,17344882,34.513691128022664,True
avatar-the-last-airbender-2024-02,wikidata:Q109608844,unknown,2026,television_season,asia-28,downloaders,without-hosting,audit-filtered,7,5013825,15015868,33.39017764407625,True
avatar-the-last-airbender-2024-02,wikidata:Q109608844,unknown,2026,television_season,eur-27,downloaders,all,full,8,6351418,21328886,29.778479757451937,True
avatar-the-last-airbender-2024-02,wikidata:Q109608844,unknown,2026,television_season,eur-27,downloaders,all,audit-filtered,7,5660898,18444607,30.69134517206032,True
avatar-the-last-airbender-2024-02,wikidata:Q109608844,unknown,2026,television_season,eur-27,downloaders,without-hosting,full,8,4199781,17344882,24.213373143731967,True
avatar-the-last-airbender-2024-02,wikidata:Q109608844,unknown,2026,television_season,eur-27,downloaders,without-hosting,audit-filtered,7,3753275,15015868,24.99539154180098,True
avatar-the-last-airbender-2024-02,wikidata:Q109608844,unknown,2026,television_season,usa-can,downloaders,all,full,8,2198645,21328886,10.308297395372641,True
avatar-the-last-airbender-2024-02,wikidata:Q109608844,unknown,2026,television_season,usa-can,downloaders,all,audit-filtered,7,1866747,18444607,10.120828272459262,True
avatar-the-last-airbender-2024-02,wikidata:Q109608844,unknown,2026,television_season,usa-can,downloaders,without-hosting,full,8,1147731,17344882,6.617116219066812,True
avatar-the-last-airbender-2024-02,wikidata:Q109608844,unknown,2026,television_season,usa-can,downloaders,without-hosting,audit-filtered,7,995160,15015868,6.627389105977756,True
avatar-the-last-airbender-2024-02,wikidata:Q109608844,unknown,2026,television_season,other,downloaders,all,full,8,6503438,21328886,30.491222091955482,True
avatar-the-last-airbender-2024-02,wikidata:Q109608844,unknown,2026,television_season,other,downloaders,all,audit-filtered,7,5657202,18444607,30.671306794446746,True
avatar-the-last-airbender-2024-02,wikidata:Q109608844,unknown,2026,television_season,other,downloaders,without-hosting,full,8,6006050,17344882,34.62721741202967,True
avatar-the-last-airbender-2024-02,wikidata:Q109608844,unknown,2026,television_season,other,downloaders,without-hosting,audit-filtered,7,5249491,15015868,34.95962404570951,True
avatar-the-last-airbender-2024-02,wikidata:Q109608844,unknown,2026,television_season,unclassified,downloaders,all,full,8,5070,21328886,0.023770580423187596,True
avatar-the-last-airbender-2024-02,wikidata:Q109608844,unknown,2026,television_season,unclassified,downloaders,all,audit-filtered,7,4200,18444607,0.022770883651790468,True
avatar-the-last-airbender-2024-02,wikidata:Q109608844,unknown,2026,television_season,unclassified,downloaders,without-hosting,full,8,4961,17344882,0.02860209714888807,True
avatar-the-last-airbender-2024-02,wikidata:Q109608844,unknown,2026,television_season,unclassified,downloaders,without-hosting,audit-filtered,7,4117,15015868,0.027417662435498234,True
avatar-the-last-airbender-2024-02,wikidata:Q109608844,unknown,2026,television_season,asia-28,uploaders,all,full,8,463986,1583744,29.29678028772327,True
avatar-the-last-airbender-2024-02,wikidata:Q109608844,unknown,2026,television_season,asia-28,uploaders,all,audit-filtered,7,305496,1084439,28.170879136585828,True
avatar-the-last-airbender-2024-02,wikidata:Q109608844,unknown,2026,television_season,asia-28,uploaders,without-hosting,full,8,445538,1157291,38.498355210573656,True
avatar-the-last-airbender-2024-02,wikidata:Q109608844,unknown,2026,television_season,asia-28,uploaders,without-hosting,audit-filtered,7,292588,780102,37.506377371164284,True
avatar-the-last-airbender-2024-02,wikidata:Q109608844,unknown,2026,television_season,eur-27,uploaders,all,full,8,348259,1583744,21.989601854845226,True
avatar-the-last-airbender-2024-02,wikidata:Q109608844,unknown,2026,television_season,eur-27,uploaders,all,audit-filtered,7,246252,1084439,22.707777938639243,True
avatar-the-last-airbender-2024-02,wikidata:Q109608844,unknown,2026,television_season,eur-27,uploaders,without-hosting,full,8,221542,1157291,19.143154141870973,True
avatar-the-last-airbender-2024-02,wikidata:Q109608844,unknown,2026,television_season,eur-27,uploaders,without-hosting,audit-filtered,7,157429,780102,20.180566131095677,True
avatar-the-last-airbender-2024-02,wikidata:Q109608844,unknown,2026,television_season,usa-can,uploaders,all,full,8,288946,1583744,18.244489008324578,True
avatar-the-last-airbender-2024-02,wikidata:Q109608844,unknown,2026,television_season,usa-can,uploaders,all,audit-filtered,7,208660,1084439,19.24128512530442,True
avatar-the-last-airbender-2024-02,wikidata:Q109608844,unknown,2026,television_season,usa-can,uploaders,without-hosting,full,8,88725,1157291,7.666611077075688,True
avatar-the-last-airbender-2024-02,wikidata:Q109608844,unknown,2026,television_season,usa-can,uploaders,without-hosting,audit-filtered,7,60889,780102,7.8052613632576255,True
avatar-the-last-airbender-2024-02,wikidata:Q109608844,unknown,2026,television_season,other,uploaders,all,full,8,481773,1583744,30.419878465206498,True
avatar-the-last-airbender-2024-02,wikidata:Q109608844,unknown,2026,television_season,other,uploaders,all,audit-filtered,7,323625,1084439,29.842619086919598,True
avatar-the-last-airbender-2024-02,wikidata:Q109608844,unknown,2026,television_season,other,uploaders,without-hosting,full,8,400713,1157291,34.6250856526146,True
avatar-the-last-airbender-2024-02,wikidata:Q109608844,unknown,2026,television_season,other,uploaders,without-hosting,audit-filtered,7,268792,780102,34.456007034977475,True
avatar-the-last-airbender-2024-02,wikidata:Q109608844,unknown,2026,television_season,unclassified,uploaders,all,full,8,780,1583744,0.04925038390042835,True
avatar-the-last-airbender-2024-02,wikidata:Q109608844,unknown,2026,television_season,unclassified,uploaders,all,audit-filtered,7,406,1084439,0.037438712550913425,True
avatar-the-last-airbender-2024-02,wikidata:Q109608844,unknown,2026,television_season,unclassified,uploaders,without-hosting,full,8,773,1157291,0.0667939178650832,True
avatar-the-last-airbender-2024-02,wikidata:Q109608844,unknown,2026,television_season,unclassified,uploaders,without-hosting,audit-filtered,7,404,780102,0.051788099504936534,True
ballard-01,wikidata:Q134562790,unknown,2025,television_episode,asia-28,downloaders,all,full,8,3840731,16394566,23.42685375141983,True
ballard-01,wikidata:Q134562790,unknown,2025,television_episode,asia-28,downloaders,all,audit-filtered,6,3142716,13214006,23.78321910857313,True
ballard-01,wikidata:Q134562790,unknown,2025,television_episode,asia-28,downloaders,without-hosting,full,8,3603841,13677429,26.348818919111185,True
ballard-01,wikidata:Q134562790,unknown,2025,television_episode,asia-28,downloaders,without-hosting,audit-filtered,6,2952109,11091106,26.616903670382378,True
ballard-01,wikidata:Q134562790,unknown,2025,television_episode,eur-27,downloaders,all,full,8,3589231,16394566,21.892808873379142,True
ballard-01,wikidata:Q134562790,unknown,2025,television_episode,eur-27,downloaders,all,audit-filtered,6,2854982,13214006,21.605726529865358,True
ballard-01,wikidata:Q134562790,unknown,2025,television_episode,eur-27,downloaders,without-hosting,full,8,2321782,13677429,16.975280953752346,True
ballard-01,wikidata:Q134562790,unknown,2025,television_episode,eur-27,downloaders,without-hosting,audit-filtered,6,1840688,11091106,16.596072564810036,True
ballard-01,wikidata:Q134562790,unknown,2025,television_episode,usa-can,downloaders,all,full,8,1874356,16394566,11.43278815675877,True
ballard-01,wikidata:Q134562790,unknown,2025,television_episode,usa-can,downloaders,all,audit-filtered,6,1530737,13214006,11.584200885030626,True
ballard-01,wikidata:Q134562790,unknown,2025,television_episode,usa-can,downloaders,without-hosting,full,8,1098182,13677429,8.029155186987262,True
ballard-01,wikidata:Q134562790,unknown,2025,television_episode,usa-can,downloaders,without-hosting,audit-filtered,6,940442,11091106,8.479244540625615,True
ballard-01,wikidata:Q134562790,unknown,2025,television_episode,other,downloaders,all,full,8,7087294,16394566,43.22953105315505,True
ballard-01,wikidata:Q134562790,unknown,2025,television_episode,other,downloaders,all,audit-filtered,6,5683251,13214006,43.00929634813243,True
ballard-01,wikidata:Q134562790,unknown,2025,television_episode,other,downloaders,without-hosting,full,8,6650743,13677429,48.62568103990889,True
ballard-01,wikidata:Q134562790,unknown,2025,television_episode,other,downloaders,without-hosting,audit-filtered,6,5355612,11091106,48.28744761793819,True
ballard-01,wikidata:Q134562790,unknown,2025,television_episode,unclassified,downloaders,all,full,8,2954,16394566,0.01801816528720553,True
ballard-01,wikidata:Q134562790,unknown,2025,television_episode,unclassified,downloaders,all,audit-filtered,6,2320,13214006,0.017557128398458424,True
ballard-01,wikidata:Q134562790,unknown,2025,television_episode,unclassified,downloaders,without-hosting,full,8,2881,13677429,0.021063900240315632,True
ballard-01,wikidata:Q134562790,unknown,2025,television_episode,unclassified,downloaders,without-hosting,audit-filtered,6,2255,11091106,0.02033160624377767,True
ballard-01,wikidata:Q134562790,unknown,2025,television_episode,asia-28,uploaders,all,full,8,211393,1648824,12.820834728266934,True
ballard-01,wikidata:Q134562790,unknown,2025,television_episode,asia-28,uploaders,all,audit-filtered,6,153061,1186084,12.904735246407506,True
ballard-01,wikidata:Q134562790,unknown,2025,television_episode,asia-28,uploaders,without-hosting,full,8,187856,1190230,15.78316795913395,True
ballard-01,wikidata:Q134562790,unknown,2025,television_episode,asia-28,uploaders,without-hosting,audit-filtered,6,135774,864362,15.708001971396243,True
ballard-01,wikidata:Q134562790,unknown,2025,television_episode,eur-27,uploaders,all,full,8,428112,1648824,25.964687559133054,True
ballard-01,wikidata:Q134562790,unknown,2025,television_episode,eur-27,uploaders,all,audit-filtered,6,315857,1186084,26.630238667750344,True
ballard-01,wikidata:Q134562790,unknown,2025,television_episode,eur-27,uploaders,without-hosting,full,8,307196,1190230,25.809801466943362,True
ballard-01,wikidata:Q134562790,unknown,2025,television_episode,eur-27,uploaders,without-hosting,audit-filtered,6,230287,864362,26.642425280148828,True
ballard-01,wikidata:Q134562790,unknown,2025,television_episode,usa-can,uploaders,all,full,8,304285,1648824,18.4546682969195,True
ballard-01,wikidata:Q134562790,unknown,2025,television_episode,usa-can,uploaders,all,audit-filtered,6,215565,1186084,18.174513778113525,True
ballard-01,wikidata:Q134562790,unknown,2025,television_episode,usa-can,uploaders,without-hosting,full,8,83859,1190230,7.045613032775178,True
ballard-01,wikidata:Q134562790,unknown,2025,television_episode,usa-can,uploaders,without-hosting,audit-filtered,6,57873,864362,6.695458615718877,True
ballard-01,wikidata:Q134562790,unknown,2025,television_episode,other,uploaders,all,full,8,704179,1648824,42.70795427528954,True
ballard-01,wikidata:Q134562790,unknown,2025,television_episode,other,uploaders,all,audit-filtered,6,500973,1186084,42.23756496167219,True
ballard-01,wikidata:Q134562790,unknown,2025,television_episode,other,uploaders,without-hosting,full,8,610464,1190230,51.2895826856994,True
ballard-01,wikidata:Q134562790,unknown,2025,television_episode,other,uploaders,without-hosting,audit-filtered,6,439800,864362,50.88145938854323,True
ballard-01,wikidata:Q134562790,unknown,2025,television_episode,unclassified,uploaders,all,full,8,855,1648824,0.05185514039096956,True
ballard-01,wikidata:Q134562790,unknown,2025,television_episode,unclassified,uploaders,all,audit-filtered,6,628,1186084,0.052947346056434454,True
ballard-01,wikidata:Q134562790,unknown,2025,television_episode,unclassified,uploaders,without-hosting,full,8,855,1190230,0.07183485544810667,True
ballard-01,wikidata:Q134562790,unknown,2025,television_episode,unclassified,uploaders,without-hosting,audit-filtered,6,628,864362,0.07265474419282662,True
beacon-23-101,wikidata:Q113560816,unknown,2023,television_episode,asia-28,downloaders,all,full,8,534280,4544653,11.756233094143822,True
beacon-23-101,wikidata:Q113560816,unknown,2023,television_episode,asia-28,downloaders,all,audit-filtered,7,496565,4054655,12.24678795113271,True
beacon-23-101,wikidata:Q113560816,unknown,2023,television_episode,asia-28,downloaders,without-hosting,full,8,491406,3803899,12.918481799858514,True
beacon-23-101,wikidata:Q113560816,unknown,2023,television_episode,asia-28,downloaders,without-hosting,audit-filtered,7,457172,3374684,13.54710544750264,True
beacon-23-101,wikidata:Q113560816,unknown,2023,television_episode,eur-27,downloaders,all,full,8,1198218,4544653,26.36544528262114,True
beacon-23-101,wikidata:Q113560816,unknown,2023,television_episode,eur-27,downloaders,all,audit-filtered,7,1037371,4054655,25.584692162465117,True
beacon-23-101,wikidata:Q113560816,unknown,2023,television_episode,eur-27,downloaders,without-hosting,full,8,917484,3803899,24.1195678434154,True
beacon-23-101,wikidata:Q113560816,unknown,2023,television_episode,eur-27,downloaders,without-hosting,audit-filtered,7,778966,3374684,23.0826352926674,True
beacon-23-101,wikidata:Q113560816,unknown,2023,television_episode,usa-can,downloaders,all,full,8,523275,4544653,11.51408039293649,True
beacon-23-101,wikidata:Q113560816,unknown,2023,television_episode,usa-can,downloaders,all,audit-filtered,7,473983,4054655,11.689847841554954,True
beacon-23-101,wikidata:Q113560816,unknown,2023,television_episode,usa-can,downloaders,without-hosting,full,8,261955,3803899,6.886486733743457,True
beacon-23-101,wikidata:Q113560816,unknown,2023,television_episode,usa-can,downloaders,without-hosting,audit-filtered,7,236228,3374684,7.000003555888492,True
beacon-23-101,wikidata:Q113560816,unknown,2023,television_episode,other,downloaders,all,full,8,2287239,4544653,50.328132862949055,True
beacon-23-101,wikidata:Q113560816,unknown,2023,television_episode,other,downloaders,all,audit-filtered,7,2045316,4054655,50.443650569530575,True
beacon-23-101,wikidata:Q113560816,unknown,2023,television_episode,other,downloaders,without-hosting,full,8,2131437,3803899,56.03295460789048,True
beacon-23-101,wikidata:Q113560816,unknown,2023,television_episode,other,downloaders,without-hosting,audit-filtered,7,1900918,3374684,56.328770338200556,True
beacon-23-101,wikidata:Q113560816,unknown,2023,television_episode,unclassified,downloaders,all,full,8,1641,4544653,0.03610836734949841,True
beacon-23-101,wikidata:Q113560816,unknown,2023,television_episode,unclassified,downloaders,all,audit-filtered,7,1420,4054655,0.03502147531664223,True
beacon-23-101,wikidata:Q113560816,unknown,2023,television_episode,unclassified,downloaders,without-hosting,full,8,1617,3803899,0.04250901509214624,True
beacon-23-101,wikidata:Q113560816,unknown,2023,television_episode,unclassified,downloaders,without-hosting,audit-filtered,7,1400,3374684,0.04148536574091085,True
beacon-23-101,wikidata:Q113560816,unknown,2023,television_episode,asia-28,uploaders,all,full,8,40508,511945,7.912568732969362,True
beacon-23-101,wikidata:Q113560816,unknown,2023,television_episode,asia-28,uploaders,all,audit-filtered,7,38379,478509,8.020538798643285,True
beacon-23-101,wikidata:Q113560816,unknown,2023,television_episode,asia-28,uploaders,without-hosting,full,8,34294,371307,9.236023021381229,True
beacon-23-101,wikidata:Q113560816,unknown,2023,television_episode,asia-28,uploaders,without-hosting,audit-filtered,7,32682,348845,9.368630767246199,True
beacon-23-101,wikidata:Q113560816,unknown,2023,television_episode,eur-27,uploaders,all,full,8,128603,511945,25.120471925695142,True
beacon-23-101,wikidata:Q113560816,unknown,2023,television_episode,eur-27,uploaders,all,audit-filtered,7,119763,478509,25.028369372362903,True
beacon-23-101,wikidata:Q113560816,unknown,2023,television_episode,eur-27,uploaders,without-hosting,full,8,88621,371307,23.86731195479751,True
beacon-23-101,wikidata:Q113560816,unknown,2023,television_episode,eur-27,uploaders,without-hosting,audit-filtered,7,82599,348845,23.677851194656654,True
beacon-23-101,wikidata:Q113560816,unknown,2023,television_episode,usa-can,uploaders,all,full,8,104022,511945,20.318979577884342,True
beacon-23-101,wikidata:Q113560816,unknown,2023,television_episode,usa-can,uploaders,all,audit-filtered,7,95428,478509,19.942780595558286,True
beacon-23-101,wikidata:Q113560816,unknown,2023,television_episode,usa-can,uploaders,without-hosting,full,8,37965,371307,10.224692774442712,True
beacon-23-101,wikidata:Q113560816,unknown,2023,television_episode,usa-can,uploaders,without-hosting,audit-filtered,7,35316,348845,10.123693904169473,True
beacon-23-101,wikidata:Q113560816,unknown,2023,television_episode,other,uploaders,all,full,8,238559,511945,46.598560392229636,True
beacon-23-101,wikidata:Q113560816,unknown,2023,television_episode,other,uploaders,all,audit-filtered,7,224701,478509,46.95857340196318,True
beacon-23-101,wikidata:Q113560816,unknown,2023,television_episode,other,uploaders,without-hosting,full,8,210174,371307,56.6038345627742,True
beacon-23-101,wikidata:Q113560816,unknown,2023,television_episode,other,uploaders,without-hosting,audit-filtered,7,198010,348845,56.76159899095587,True
beacon-23-101,wikidata:Q113560816,unknown,2023,television_episode,unclassified,uploaders,all,full,8,253,511945,0.04941937122151794,True
beacon-23-101,wikidata:Q113560816,unknown,2023,television_episode,unclassified,uploaders,all,audit-filtered,7,238,478509,0.049737831472344306,True
beacon-23-101,wikidata:Q113560816,unknown,2023,television_episode,unclassified,uploaders,without-hosting,full,8,253,371307,0.06813768660434627,True
beacon-23-101,wikidata:Q113560816,unknown,2023,television_episode,unclassified,uploaders,without-hosting,audit-filtered,7,238,348845,0.06822514297180696,True
beacon-23-108,wikidata:Q113560816,unknown,2023,television_episode,asia-28,downloaders,all,full,8,463913,4089307,11.34453832886599,True
beacon-23-108,wikidata:Q113560816,unknown,2023,television_episode,asia-28,downloaders,all,audit-filtered,5,340449,2743619,12.408756463634345,True
beacon-23-108,wikidata:Q113560816,unknown,2023,television_episode,asia-28,downloaders,without-hosting,full,8,428830,3517637,12.190854258128397,True
beacon-23-108,wikidata:Q113560816,unknown,2023,television_episode,asia-28,downloaders,without-hosting,audit-filtered,5,315775,2384761,13.241368841573642,True
beacon-23-108,wikidata:Q113560816,unknown,2023,television_episode,eur-27,downloaders,all,full,8,1152634,4089307,28.186536251741433,True
beacon-23-108,wikidata:Q113560816,unknown,2023,television_episode,eur-27,downloaders,all,audit-filtered,5,761240,2743619,27.745834971984085,True
beacon-23-108,wikidata:Q113560816,unknown,2023,television_episode,eur-27,downloaders,without-hosting,full,8,898201,3517637,25.534215156367754,True
beacon-23-108,wikidata:Q113560816,unknown,2023,television_episode,eur-27,downloaders,without-hosting,audit-filtered,5,590195,2384761,24.748601641841677,True
beacon-23-108,wikidata:Q113560816,unknown,2023,television_episode,usa-can,downloaders,all,full,8,380796,4089307,9.311993450234967,True
beacon-23-108,wikidata:Q113560816,unknown,2023,television_episode,usa-can,downloaders,all,audit-filtered,5,230351,2743619,8.395881498123464,True
beacon-23-108,wikidata:Q113560816,unknown,2023,television_episode,usa-can,downloaders,without-hosting,full,8,215443,3517637,6.124651292899182,True
beacon-23-108,wikidata:Q113560816,unknown,2023,television_episode,usa-can,downloaders,without-hosting,audit-filtered,5,135191,2384761,5.66895382807753,True
beacon-23-108,wikidata:Q113560816,unknown,2023,television_episode,other,downloaders,all,full,8,2090400,4089307,51.11868588002808,True
beacon-23-108,wikidata:Q113560816,unknown,2023,television_episode,other,downloaders,all,audit-filtered,5,1410518,2743619,51.41085551601735,True
beacon-23-108,wikidata:Q113560816,unknown,2023,television_episode,other,downloaders,without-hosting,full,8,1973659,3517637,56.10752331749979,True
beacon-23-108,wikidata:Q113560816,unknown,2023,television_episode,other,downloaders,without-hosting,audit-filtered,5,1342591,2384761,56.298765368940536,True
beacon-23-108,wikidata:Q113560816,unknown,2023,television_episode,unclassified,downloaders,all,full,8,1564,4089307,0.03824608912952732,True
beacon-23-108,wikidata:Q113560816,unknown,2023,television_episode,unclassified,downloaders,all,audit-filtered,5,1061,2743619,0.03867155024075865,True
beacon-23-108,wikidata:Q113560816,unknown,2023,television_episode,unclassified,downloaders,without-hosting,full,8,1504,3517637,0.04275597510487864,True
beacon-23-108,wikidata:Q113560816,unknown,2023,television_episode,unclassified,downloaders,without-hosting,audit-filtered,5,1009,2384761,0.04231031956661485,True
beacon-23-108,wikidata:Q113560816,unknown,2023,television_episode,asia-28,uploaders,all,full,8,15576,274464,5.675061210213362,True
beacon-23-108,wikidata:Q113560816,unknown,2023,television_episode,asia-28,uploaders,all,audit-filtered,5,8452,132420,6.382721643256306,True
beacon-23-108,wikidata:Q113560816,unknown,2023,television_episode,asia-28,uploaders,without-hosting,full,8,11776,202001,5.829674110524206,True
beacon-23-108,wikidata:Q113560816,unknown,2023,television_episode,asia-28,uploaders,without-hosting,audit-filtered,5,6063,94442,6.419813218695072,True
beacon-23-108,wikidata:Q113560816,unknown,2023,television_episode,eur-27,uploaders,all,full,8,72344,274464,26.358283782208233,True
beacon-23-108,wikidata:Q113560816,unknown,2023,television_episode,eur-27,uploaders,all,audit-filtered,5,33811,132420,25.533152091829027,True
beacon-23-108,wikidata:Q113560816,unknown,2023,television_episode,eur-27,uploaders,without-hosting,full,8,45176,202001,22.364245721555832,True
beacon-23-108,wikidata:Q113560816,unknown,2023,television_episode,eur-27,uploaders,without-hosting,audit-filtered,5,19980,94442,21.155841680608205,True
beacon-23-108,wikidata:Q113560816,unknown,2023,television_episode,usa-can,uploaders,all,full,8,47507,274464,17.309009560452374,True
beacon-23-108,wikidata:Q113560816,unknown,2023,television_episode,usa-can,uploaders,all,audit-filtered,5,24005,132420,18.127926295121583,True
beacon-23-108,wikidata:Q113560816,unknown,2023,television_episode,usa-can,uploaders,without-hosting,full,8,21180,202001,10.485096608432631,True
beacon-23-108,wikidata:Q113560816,unknown,2023,television_episode,usa-can,uploaders,without-hosting,audit-filtered,5,10000,94442,10.588509349653755,True
beacon-23-108,wikidata:Q113560816,unknown,2023,television_episode,other,uploaders,all,full,8,138977,274464,50.63578465663985,True
beacon-23-108,wikidata:Q113560816,unknown,2023,television_episode,other,uploaders,all,audit-filtered,5,66146,132420,49.95166893218547,True
beacon-23-108,wikidata:Q113560816,unknown,2023,television_episode,other,uploaders,without-hosting,full,8,123812,202001,61.29276587739665,True
beacon-23-108,wikidata:Q113560816,unknown,2023,television_episode,other,uploaders,without-hosting,audit-filtered,5,58396,94442,61.83265919823807,True
beacon-23-108,wikidata:Q113560816,unknown,2023,television_episode,unclassified,uploaders,all,full,8,60,274464,0.02186079048618398,True
beacon-23-108,wikidata:Q113560816,unknown,2023,television_episode,unclassified,uploaders,all,audit-filtered,5,6,132420,0.004531037607612143,True
beacon-23-108,wikidata:Q113560816,unknown,2023,television_episode,unclassified,uploaders,without-hosting,full,8,57,202001,0.02821768209068272,True
beacon-23-108,wikidata:Q113560816,unknown,2023,television_episode,unclassified,uploaders,without-hosting,audit-filtered,5,3,94442,0.0031765528048961268,True
beef-02,wikidata:Q112168983,unknown,2026,television_season,asia-28,downloaders,all,full,8,3783813,14280845,26.49572206686649,True
beef-02,wikidata:Q112168983,unknown,2026,television_season,asia-28,downloaders,all,audit-filtered,7,3483840,12888033,27.03158814071938,True
beef-02,wikidata:Q112168983,unknown,2026,television_season,asia-28,downloaders,without-hosting,full,8,3585380,11867200,30.212518538492652,True
beef-02,wikidata:Q112168983,unknown,2026,television_season,asia-28,downloaders,without-hosting,audit-filtered,7,3305625,10762496,30.714297129587784,True
beef-02,wikidata:Q112168983,unknown,2026,television_season,eur-27,downloaders,all,full,8,3892830,14280845,27.25910126466606,True
beef-02,wikidata:Q112168983,unknown,2026,television_season,eur-27,downloaders,all,audit-filtered,7,3519983,12888033,27.31202659086922,True
beef-02,wikidata:Q112168983,unknown,2026,television_season,eur-27,downloaders,without-hosting,full,8,2669509,11867200,22.49485135499528,True
beef-02,wikidata:Q112168983,unknown,2026,television_season,eur-27,downloaders,without-hosting,audit-filtered,7,2412519,10762496,22.4159804565781,True
beef-02,wikidata:Q112168983,unknown,2026,television_season,usa-can,downloaders,all,full,8,1362325,14280845,9.539526547623758,True
beef-02,wikidata:Q112168983,unknown,2026,television_season,usa-can,downloaders,all,audit-filtered,7,1183541,12888033,9.183255505320323,True
beef-02,wikidata:Q112168983,unknown,2026,television_season,usa-can,downloaders,without-hosting,full,8,712081,11867200,6.0004129027908855,True
beef-02,wikidata:Q112168983,unknown,2026,television_season,usa-can,downloaders,without-hosting,audit-filtered,7,636413,10762496,5.91324726160177,True
beef-02,wikidata:Q112168983,unknown,2026,television_season,other,downloaders,all,full,8,5238860,14280845,36.684523919978126,True
beef-02,wikidata:Q112168983,unknown,2026,television_season,other,downloaders,all,audit-filtered,7,4698008,12888033,36.45248270236428,True
beef-02,wikidata:Q112168983,unknown,2026,television_season,other,downloaders,without-hosting,full,8,4897259,11867200,41.267181812053394,True
beef-02,wikidata:Q112168983,unknown,2026,television_season,other,downloaders,without-hosting,audit-filtered,7,4405316,10762496,40.932103482314886,True
beef-02,wikidata:Q112168983,unknown,2026,television_season,unclassified,downloaders,all,full,8,3017,14280845,0.021126200865565027,True
beef-02,wikidata:Q112168983,unknown,2026,television_season,unclassified,downloaders,all,audit-filtered,7,2661,12888033,0.020647060726799817,True
beef-02,wikidata:Q112168983,unknown,2026,television_season,unclassified,downloaders,without-hosting,full,8,2971,11867200,0.025035391667790213,True
beef-02,wikidata:Q112168983,unknown,2026,television_season,unclassified,downloaders,without-hosting,audit-filtered,7,2623,10762496,0.024371669917461525,True
beef-02,wikidata:Q112168983,unknown,2026,television_season,asia-28,uploaders,all,full,8,86590,652432,13.271881207543467,True
beef-02,wikidata:Q112168983,unknown,2026,television_season,asia-28,uploaders,all,audit-filtered,7,56952,485024,11.742099360031668,True
beef-02,wikidata:Q112168983,unknown,2026,television_season,asia-28,uploaders,without-hosting,full,8,75228,385231,19.528023445672854,True
beef-02,wikidata:Q112168983,unknown,2026,television_season,asia-28,uploaders,without-hosting,audit-filtered,7,48651,281645,17.27387313817039,True
beef-02,wikidata:Q112168983,unknown,2026,television_season,eur-27,uploaders,all,full,8,161373,652432,24.73407190327881,True
beef-02,wikidata:Q112168983,unknown,2026,television_season,eur-27,uploaders,all,audit-filtered,7,123879,485024,25.54079798113083,True
beef-02,wikidata:Q112168983,unknown,2026,television_season,eur-27,uploaders,without-hosting,full,8,83532,385231,21.68361320869816,True
beef-02,wikidata:Q112168983,unknown,2026,television_season,eur-27,uploaders,without-hosting,audit-filtered,7,63336,281645,22.48788368336026,True
beef-02,wikidata:Q112168983,unknown,2026,television_season,usa-can,uploaders,all,full,8,179695,652432,27.542333913725876,True
beef-02,wikidata:Q112168983,unknown,2026,television_season,usa-can,uploaders,all,audit-filtered,7,135566,485024,27.950369466253218,True
beef-02,wikidata:Q112168983,unknown,2026,television_season,usa-can,uploaders,without-hosting,full,8,52778,385231,13.700351217840725,True
beef-02,wikidata:Q112168983,unknown,2026,television_season,usa-can,uploaders,without-hosting,audit-filtered,7,39000,281645,13.84721901684745,True
beef-02,wikidata:Q112168983,unknown,2026,television_season,other,uploaders,all,full,8,224530,652432,34.414314441964834,True
beef-02,wikidata:Q112168983,unknown,2026,television_season,other,uploaders,all,audit-filtered,7,168451,485024,34.73044632842911,True
beef-02,wikidata:Q112168983,unknown,2026,television_season,other,uploaders,without-hosting,full,8,173449,385231,45.02467350758376,True
beef-02,wikidata:Q112168983,unknown,2026,television_season,other,uploaders,without-hosting,audit-filtered,7,130482,281645,46.32853414759715,True
beef-02,wikidata:Q112168983,unknown,2026,television_season,unclassified,uploaders,all,full,8,244,652432,0.03739853348701474,True
beef-02,wikidata:Q112168983,unknown,2026,television_season,unclassified,uploaders,all,audit-filtered,7,176,485024,0.036286864155175826,True
beef-02,wikidata:Q112168983,unknown,2026,television_season,unclassified,uploaders,without-hosting,full,8,244,385231,0.06333862020450068,True
beef-02,wikidata:Q112168983,unknown,2026,television_season,unclassified,uploaders,without-hosting,audit-filtered,7,176,281645,0.062490014024747464,True
blade-runner-black-lotus-101,wikidata:Q104848864,unknown,2021,television_series,asia-28,downloaders,all,full,8,189030,1052361,17.96246725220718,True
blade-runner-black-lotus-101,wikidata:Q104848864,unknown,2021,television_series,asia-28,downloaders,all,audit-filtered,7,153318,852086,17.99325420204064,True
blade-runner-black-lotus-101,wikidata:Q104848864,unknown,2021,television_series,asia-28,downloaders,without-hosting,full,8,168580,752686,22.397121774551408,True
blade-runner-black-lotus-101,wikidata:Q104848864,unknown,2021,television_series,asia-28,downloaders,without-hosting,audit-filtered,7,136403,607340,22.45908387394211,True
blade-runner-black-lotus-101,wikidata:Q104848864,unknown,2021,television_series,eur-27,downloaders,all,full,8,242940,1052361,23.085234059414972,True
blade-runner-black-lotus-101,wikidata:Q104848864,unknown,2021,television_series,eur-27,downloaders,all,audit-filtered,7,195641,852086,22.960241102423932,True
blade-runner-black-lotus-101,wikidata:Q104848864,unknown,2021,television_series,eur-27,downloaders,without-hosting,full,8,153595,752686,20.406251743755032,True
blade-runner-black-lotus-101,wikidata:Q104848864,unknown,2021,television_series,eur-27,downloaders,without-hosting,audit-filtered,7,123468,607340,20.329304837488063,True
blade-runner-black-lotus-101,wikidata:Q104848864,unknown,2021,television_series,usa-can,downloaders,all,full,8,233786,1052361,22.215380463548154,True
blade-runner-black-lotus-101,wikidata:Q104848864,unknown,2021,television_series,usa-can,downloaders,all,audit-filtered,7,187315,852086,21.983109686111497,True
blade-runner-black-lotus-101,wikidata:Q104848864,unknown,2021,television_series,usa-can,downloaders,without-hosting,full,8,87384,752686,11.60962207348084,True
blade-runner-black-lotus-101,wikidata:Q104848864,unknown,2021,television_series,usa-can,downloaders,without-hosting,audit-filtered,7,66256,607340,10.909210656304541,True
blade-runner-black-lotus-101,wikidata:Q104848864,unknown,2021,television_series,other,downloaders,all,full,8,386528,1052361,36.72960134402548,True
blade-runner-black-lotus-101,wikidata:Q104848864,unknown,2021,television_series,other,downloaders,all,audit-filtered,7,315756,852086,37.05682290285253,True
blade-runner-black-lotus-101,wikidata:Q104848864,unknown,2021,television_series,other,downloaders,without-hosting,full,8,343051,752686,45.57690723621803,True
blade-runner-black-lotus-101,wikidata:Q104848864,unknown,2021,television_series,other,downloaders,without-hosting,audit-filtered,7,281158,607340,46.293344749234365,True
blade-runner-black-lotus-101,wikidata:Q104848864,unknown,2021,television_series,unclassified,downloaders,all,full,8,77,1052361,0.007316880804210723,True
blade-runner-black-lotus-101,wikidata:Q104848864,unknown,2021,television_series,unclassified,downloaders,all,audit-filtered,7,56,852086,0.006572106571402417,True
blade-runner-black-lotus-101,wikidata:Q104848864,unknown,2021,television_series,unclassified,downloaders,without-hosting,full,8,76,752686,0.010097171994696327,True
blade-runner-black-lotus-101,wikidata:Q104848864,unknown,2021,television_series,unclassified,downloaders,without-hosting,audit-filtered,7,55,607340,0.009055883030921724,True
blade-runner-black-lotus-101,wikidata:Q104848864,unknown,2021,television_series,asia-28,uploaders,all,full,8,32649,214042,15.253548369011689,True
blade-runner-black-lotus-101,wikidata:Q104848864,unknown,2021,television_series,asia-28,uploaders,all,audit-filtered,7,24787,162929,15.213375151139454,True
blade-runner-black-lotus-101,wikidata:Q104848864,unknown,2021,television_series,asia-28,uploaders,without-hosting,full,8,28722,144856,19.827967084552935,True
blade-runner-black-lotus-101,wikidata:Q104848864,unknown,2021,television_series,asia-28,uploaders,without-hosting,audit-filtered,7,21536,106932,20.139901993790446,True
blade-runner-black-lotus-101,wikidata:Q104848864,unknown,2021,television_series,eur-27,uploaders,all,full,8,54644,214042,25.5295689631007,True
blade-runner-black-lotus-101,wikidata:Q104848864,unknown,2021,television_series,eur-27,uploaders,all,audit-filtered,7,41393,162929,25.405544746484665,True
blade-runner-black-lotus-101,wikidata:Q104848864,unknown,2021,television_series,eur-27,uploaders,without-hosting,full,8,36331,144856,25.080769868006847,True
blade-runner-black-lotus-101,wikidata:Q104848864,unknown,2021,television_series,eur-27,uploaders,without-hosting,audit-filtered,7,27557,106932,25.770583174353796,True
blade-runner-black-lotus-101,wikidata:Q104848864,unknown,2021,television_series,usa-can,uploaders,all,full,8,60547,214042,28.28743891385803,True
blade-runner-black-lotus-101,wikidata:Q104848864,unknown,2021,television_series,usa-can,uploaders,all,audit-filtered,7,47883,162929,29.388874908702565,True
blade-runner-black-lotus-101,wikidata:Q104848864,unknown,2021,television_series,usa-can,uploaders,without-hosting,full,8,21295,144856,14.700806317998564,True
blade-runner-black-lotus-101,wikidata:Q104848864,unknown,2021,television_series,usa-can,uploaders,without-hosting,audit-filtered,7,14778,106932,13.819997755582987,True
blade-runner-black-lotus-101,wikidata:Q104848864,unknown,2021,television_series,other,uploaders,all,full,8,66194,214042,30.92570616981714,True
blade-runner-black-lotus-101,wikidata:Q104848864,unknown,2021,television_series,other,uploaders,all,audit-filtered,7,48863,162929,29.990363900840244,True
blade-runner-black-lotus-101,wikidata:Q104848864,unknown,2021,television_series,other,uploaders,without-hosting,full,8,58500,144856,40.38493400342409,True
blade-runner-black-lotus-101,wikidata:Q104848864,unknown,2021,television_series,other,uploaders,without-hosting,audit-filtered,7,43058,106932,40.26671155500692,True
blade-runner-black-lotus-101,wikidata:Q104848864,unknown,2021,television_series,unclassified,uploaders,all,full,8,8,214042,0.0037375842124442865,True
blade-runner-black-lotus-101,wikidata:Q104848864,unknown,2021,television_series,unclassified,uploaders,all,audit-filtered,7,3,162929,0.0018412928330745293,True
blade-runner-black-lotus-101,wikidata:Q104848864,unknown,2021,television_series,unclassified,uploaders,without-hosting,full,8,8,144856,0.005522726017562269,True
blade-runner-black-lotus-101,wikidata:Q104848864,unknown,2021,television_series,unclassified,uploaders,without-hosting,audit-filtered,7,3,106932,0.0028055212658511953,True
blue-eye-samurai-01,wikidata:Q122899426,unknown,2023,television_season,asia-28,downloaders,all,full,8,818786,4179379,19.591092360850737,True
blue-eye-samurai-01,wikidata:Q122899426,unknown,2023,television_season,asia-28,downloaders,all,audit-filtered,8,818786,4179379,19.591092360850737,True
blue-eye-samurai-01,wikidata:Q122899426,unknown,2023,television_season,asia-28,downloaders,without-hosting,full,8,768987,3486131,22.05846538756002,True
blue-eye-samurai-01,wikidata:Q122899426,unknown,2023,television_season,asia-28,downloaders,without-hosting,audit-filtered,8,768987,3486131,22.05846538756002,True
blue-eye-samurai-01,wikidata:Q122899426,unknown,2023,television_season,eur-27,downloaders,all,full,8,986627,4179379,23.607023914318372,True
blue-eye-samurai-01,wikidata:Q122899426,unknown,2023,television_season,eur-27,downloaders,all,audit-filtered,8,986627,4179379,23.607023914318372,True
blue-eye-samurai-01,wikidata:Q122899426,unknown,2023,television_season,eur-27,downloaders,without-hosting,full,8,739608,3486131,21.2157259724319,True
blue-eye-samurai-01,wikidata:Q122899426,unknown,2023,television_season,eur-27,downloaders,without-hosting,audit-filtered,8,739608,3486131,21.2157259724319,True
blue-eye-samurai-01,wikidata:Q122899426,unknown,2023,television_season,usa-can,downloaders,all,full,8,500144,4179379,11.96694532848062,True
blue-eye-samurai-01,wikidata:Q122899426,unknown,2023,television_season,usa-can,downloaders,all,audit-filtered,8,500144,4179379,11.96694532848062,True
blue-eye-samurai-01,wikidata:Q122899426,unknown,2023,television_season,usa-can,downloaders,without-hosting,full,8,222117,3486131,6.371447315089421,True
blue-eye-samurai-01,wikidata:Q122899426,unknown,2023,television_season,usa-can,downloaders,without-hosting,audit-filtered,8,222117,3486131,6.371447315089421,True
blue-eye-samurai-01,wikidata:Q122899426,unknown,2023,television_season,other,downloaders,all,full,8,1872272,4179379,44.79785154684464,True
blue-eye-samurai-01,wikidata:Q122899426,unknown,2023,television_season,other,downloaders,all,audit-filtered,8,1872272,4179379,44.79785154684464,True
blue-eye-samurai-01,wikidata:Q122899426,unknown,2023,television_season,other,downloaders,without-hosting,full,8,1753892,3486131,50.31055918437947,True
blue-eye-samurai-01,wikidata:Q122899426,unknown,2023,television_season,other,downloaders,without-hosting,audit-filtered,8,1753892,3486131,50.31055918437947,True
blue-eye-samurai-01,wikidata:Q122899426,unknown,2023,television_season,unclassified,downloaders,all,full,8,1550,4179379,0.0370868495056323,True
blue-eye-samurai-01,wikidata:Q122899426,unknown,2023,television_season,unclassified,downloaders,all,audit-filtered,8,1550,4179379,0.0370868495056323,True
blue-eye-samurai-01,wikidata:Q122899426,unknown,2023,television_season,unclassified,downloaders,without-hosting,full,8,1527,3486131,0.043802140539182265,True
blue-eye-samurai-01,wikidata:Q122899426,unknown,2023,television_season,unclassified,downloaders,without-hosting,audit-filtered,8,1527,3486131,0.043802140539182265,True
blue-eye-samurai-01,wikidata:Q122899426,unknown,2023,television_season,asia-28,uploaders,all,full,8,211192,821967,25.69348891135532,True
blue-eye-samurai-01,wikidata:Q122899426,unknown,2023,television_season,asia-28,uploaders,all,audit-filtered,8,211192,821967,25.69348891135532,True
blue-eye-samurai-01,wikidata:Q122899426,unknown,2023,television_season,asia-28,uploaders,without-hosting,full,8,198739,648473,30.647228180664424,True
blue-eye-samurai-01,wikidata:Q122899426,unknown,2023,television_season,asia-28,uploaders,without-hosting,audit-filtered,8,198739,648473,30.647228180664424,True
blue-eye-samurai-01,wikidata:Q122899426,unknown,2023,television_season,eur-27,uploaders,all,full,8,170320,821967,20.721026513229848,True
blue-eye-samurai-01,wikidata:Q122899426,unknown,2023,television_season,eur-27,uploaders,all,audit-filtered,8,170320,821967,20.721026513229848,True
blue-eye-samurai-01,wikidata:Q122899426,unknown,2023,television_season,eur-27,uploaders,without-hosting,full,8,122180,648473,18.84118536932147,True
blue-eye-samurai-01,wikidata:Q122899426,unknown,2023,television_season,eur-27,uploaders,without-hosting,audit-filtered,8,122180,648473,18.84118536932147,True
blue-eye-samurai-01,wikidata:Q122899426,unknown,2023,television_season,usa-can,uploaders,all,full,8,134060,821967,16.309657200349893,True
blue-eye-samurai-01,wikidata:Q122899426,unknown,2023,television_season,usa-can,uploaders,all,audit-filtered,8,134060,821967,16.309657200349893,True
blue-eye-samurai-01,wikidata:Q122899426,unknown,2023,television_season,usa-can,uploaders,without-hosting,full,8,50452,648473,7.780123459265074,True
blue-eye-samurai-01,wikidata:Q122899426,unknown,2023,television_season,usa-can,uploaders,without-hosting,audit-filtered,8,50452,648473,7.780123459265074,True
blue-eye-samurai-01,wikidata:Q122899426,unknown,2023,television_season,other,uploaders,all,full,8,306082,821967,37.237747987449616,True
blue-eye-samurai-01,wikidata:Q122899426,unknown,2023,television_season,other,uploaders,all,audit-filtered,8,306082,821967,37.237747987449616,True
blue-eye-samurai-01,wikidata:Q122899426,unknown,2023,television_season,other,uploaders,without-hosting,full,8,276794,648473,42.683966795841926,True
blue-eye-samurai-01,wikidata:Q122899426,unknown,2023,television_season,other,uploaders,without-hosting,audit-filtered,8,276794,648473,42.683966795841926,True
blue-eye-samurai-01,wikidata:Q122899426,unknown,2023,television_season,unclassified,uploaders,all,full,8,313,821967,0.03807938761531789,True
blue-eye-samurai-01,wikidata:Q122899426,unknown,2023,television_season,unclassified,uploaders,all,audit-filtered,8,313,821967,0.03807938761531789,True
blue-eye-samurai-01,wikidata:Q122899426,unknown,2023,television_season,unclassified,uploaders,without-hosting,full,8,308,648473,0.04749619490711256,True
blue-eye-samurai-01,wikidata:Q122899426,unknown,2023,television_season,unclassified,uploaders,without-hosting,audit-filtered,8,308,648473,0.04749619490711256,True
bluff,wikidata:Q126391409,unknown,2026,film,asia-28,downloaders,all,full,8,5367729,17362286,30.916026841165962,False
bluff,wikidata:Q126391409,unknown,2026,film,asia-28,downloaders,all,audit-filtered,6,4034528,13315514,30.299453704903918,False
bluff,wikidata:Q126391409,unknown,2026,film,asia-28,downloaders,without-hosting,full,8,5145209,14890451,34.553748573498545,False
bluff,wikidata:Q126391409,unknown,2026,film,asia-28,downloaders,without-hosting,audit-filtered,6,3862146,11404386,33.86544440007555,False
bluff,wikidata:Q126391409,unknown,2026,film,eur-27,downloaders,all,full,8,3553367,17362286,20.466008911499326,False
bluff,wikidata:Q126391409,unknown,2026,film,eur-27,downloaders,all,audit-filtered,6,2762625,13315514,20.747415383288995,False
bluff,wikidata:Q126391409,unknown,2026,film,eur-27,downloaders,without-hosting,full,8,2331703,14890451,15.659048876357069,False
bluff,wikidata:Q126391409,unknown,2026,film,eur-27,downloaders,without-hosting,audit-filtered,6,1811495,11404386,15.884195782219226,False
bluff,wikidata:Q126391409,unknown,2026,film,usa-can,downloaders,all,full,8,1330908,17362286,7.665511327252644,False
bluff,wikidata:Q126391409,unknown,2026,film,usa-can,downloaders,all,audit-filtered,6,1034033,13315514,7.76562587069489,False
bluff,wikidata:Q126391409,unknown,2026,film,usa-can,downloaders,without-hosting,full,8,727825,14890451,4.8878640411898875,False
bluff,wikidata:Q126391409,unknown,2026,film,usa-can,downloaders,without-hosting,audit-filtered,6,570495,11404386,5.002417490954795,False
bluff,wikidata:Q126391409,unknown,2026,film,other,downloaders,all,full,8,7107580,17362286,40.93689045325022,False
bluff,wikidata:Q126391409,unknown,2026,film,other,downloaders,all,audit-filtered,6,5482242,13315514,41.17183910437104,False
bluff,wikidata:Q126391409,unknown,2026,film,other,downloaders,without-hosting,full,8,6683085,14890451,44.88168289865767,False
bluff,wikidata:Q126391409,unknown,2026,film,other,downloaders,without-hosting,audit-filtered,6,5158225,11404386,45.23018600036863,False
bluff,wikidata:Q126391409,unknown,2026,film,unclassified,downloaders,all,full,8,2702,17362286,0.01556246683184461,False
bluff,wikidata:Q126391409,unknown,2026,film,unclassified,downloaders,all,audit-filtered,6,2086,13315514,0.01566593674115772,False
bluff,wikidata:Q126391409,unknown,2026,film,unclassified,downloaders,without-hosting,full,8,2629,14890451,0.01765561029682714,False
bluff,wikidata:Q126391409,unknown,2026,film,unclassified,downloaders,without-hosting,audit-filtered,6,2025,11404386,0.01775632638179732,False
bluff,wikidata:Q126391409,unknown,2026,film,asia-28,uploaders,all,full,8,369487,1598758,23.1108773185185,False
bluff,wikidata:Q126391409,unknown,2026,film,asia-28,uploaders,all,audit-filtered,6,246585,1109560,22.223674249251957,False
bluff,wikidata:Q126391409,unknown,2026,film,asia-28,uploaders,without-hosting,full,8,357639,1384590,25.829956882542845,False
bluff,wikidata:Q126391409,unknown,2026,film,asia-28,uploaders,without-hosting,audit-filtered,6,237808,952965,24.9545366304114,False
bluff,wikidata:Q126391409,unknown,2026,film,eur-27,uploaders,all,full,8,184002,1598758,11.50905890697654,False
bluff,wikidata:Q126391409,unknown,2026,film,eur-27,uploaders,all,audit-filtered,6,124719,1109560,11.240401600634486,False
bluff,wikidata:Q126391409,unknown,2026,film,eur-27,uploaders,without-hosting,full,8,126248,1384590,9.118078275879503,False
bluff,wikidata:Q126391409,unknown,2026,film,eur-27,uploaders,without-hosting,audit-filtered,6,83585,952965,8.771046155944866,False
bluff,wikidata:Q126391409,unknown,2026,film,usa-can,uploaders,all,full,8,129893,1598758,8.124619235681697,False
bluff,wikidata:Q126391409,unknown,2026,film,usa-can,uploaders,all,audit-filtered,6,95642,1109560,8.619813259309996,False
bluff,wikidata:Q126391409,unknown,2026,film,usa-can,uploaders,without-hosting,full,8,43268,1384590,3.1249684021984847,False
bluff,wikidata:Q126391409,unknown,2026,film,usa-can,uploaders,without-hosting,audit-filtered,6,30210,952965,3.1701059325368717,False
bluff,wikidata:Q126391409,unknown,2026,film,other,uploaders,all,full,8,915099,1598758,57.23811858955514,False
bluff,wikidata:Q126391409,unknown,2026,film,other,uploaders,all,audit-filtered,6,642421,1109560,57.89871660838531,False
bluff,wikidata:Q126391409,unknown,2026,film,other,uploaders,without-hosting,full,8,857181,1384590,61.90865165861374,False
bluff,wikidata:Q126391409,unknown,2026,film,other,uploaders,without-hosting,audit-filtered,6,601188,952965,63.08605247831767,False
bluff,wikidata:Q126391409,unknown,2026,film,unclassified,uploaders,all,full,8,277,1598758,0.017325949268119378,False
bluff,wikidata:Q126391409,unknown,2026,film,unclassified,uploaders,all,audit-filtered,6,193,1109560,0.017394282418255885,False
bluff,wikidata:Q126391409,unknown,2026,film,unclassified,uploaders,without-hosting,full,8,254,1384590,0.018344780765425145,False
bluff,wikidata:Q126391409,unknown,2026,film,unclassified,uploaders,without-hosting,audit-filtered,6,174,952965,0.01825880278918953,False
book-of-boba-fett-107,wikidata:Q104396610,unknown,2022,television_episode,asia-28,downloaders,all,full,8,925562,7222440,12.815087421979277,False
book-of-boba-fett-107,wikidata:Q104396610,unknown,2022,television_episode,asia-28,downloaders,all,audit-filtered,6,634292,4879686,12.998623272071194,False
book-of-boba-fett-107,wikidata:Q104396610,unknown,2022,television_episode,asia-28,downloaders,without-hosting,full,8,857650,5893950,14.551361989837035,False
book-of-boba-fett-107,wikidata:Q104396610,unknown,2022,television_episode,asia-28,downloaders,without-hosting,audit-filtered,6,587607,3976107,14.778450378724717,False
book-of-boba-fett-107,wikidata:Q104396610,unknown,2022,television_episode,eur-27,downloaders,all,full,8,1851720,7222440,25.638426902819546,False
book-of-boba-fett-107,wikidata:Q104396610,unknown,2022,television_episode,eur-27,downloaders,all,audit-filtered,6,1216421,4879686,24.928263826811808,False
book-of-boba-fett-107,wikidata:Q104396610,unknown,2022,television_episode,eur-27,downloaders,without-hosting,full,8,1354556,5893950,22.9821427056558,False
book-of-boba-fett-107,wikidata:Q104396610,unknown,2022,television_episode,eur-27,downloaders,without-hosting,audit-filtered,6,868815,3976107,21.850895863717952,False
book-of-boba-fett-107,wikidata:Q104396610,unknown,2022,television_episode,usa-can,downloaders,all,full,8,932819,7222440,12.915565930627322,False
book-of-boba-fett-107,wikidata:Q104396610,unknown,2022,television_episode,usa-can,downloaders,all,audit-filtered,6,613121,4879686,12.56476338846393,False
book-of-boba-fett-107,wikidata:Q104396610,unknown,2022,television_episode,usa-can,downloaders,without-hosting,full,8,451766,5893950,7.664910628695527,False
book-of-boba-fett-107,wikidata:Q104396610,unknown,2022,television_episode,usa-can,downloaders,without-hosting,audit-filtered,6,288978,3976107,7.267862761238568,False
book-of-boba-fett-107,wikidata:Q104396610,unknown,2022,television_episode,other,downloaders,all,full,8,3511024,7222440,48.61271260128156,False
book-of-boba-fett-107,wikidata:Q104396610,unknown,2022,television_episode,other,downloaders,all,audit-filtered,6,2415099,4879686,49.49291819186726,False
book-of-boba-fett-107,wikidata:Q104396610,unknown,2022,television_episode,other,downloaders,without-hosting,full,8,3228665,5893950,54.779307595076304,False
book-of-boba-fett-107,wikidata:Q104396610,unknown,2022,television_episode,other,downloaders,without-hosting,audit-filtered,6,2229955,3976107,56.0838780244093,False
book-of-boba-fett-107,wikidata:Q104396610,unknown,2022,television_episode,unclassified,downloaders,all,full,8,1315,7222440,0.018207143292294573,False
book-of-boba-fett-107,wikidata:Q104396610,unknown,2022,television_episode,unclassified,downloaders,all,audit-filtered,6,753,4879686,0.015431320785804661,False
book-of-boba-fett-107,wikidata:Q104396610,unknown,2022,television_episode,unclassified,downloaders,without-hosting,full,8,1313,5893950,0.022277080735330298,False
book-of-boba-fett-107,wikidata:Q104396610,unknown,2022,television_episode,unclassified,downloaders,without-hosting,audit-filtered,6,752,3976107,0.018912971909458173,False
book-of-boba-fett-107,wikidata:Q104396610,unknown,2022,television_episode,asia-28,uploaders,all,full,8,291964,2979179,9.800149638541356,False
book-of-boba-fett-107,wikidata:Q104396610,unknown,2022,television_episode,asia-28,uploaders,all,audit-filtered,6,193472,2033331,9.515027312326424,False
book-of-boba-fett-107,wikidata:Q104396610,unknown,2022,television_episode,asia-28,uploaders,without-hosting,full,8,269844,2448136,11.022426858638573,False
book-of-boba-fett-107,wikidata:Q104396610,unknown,2022,television_episode,asia-28,uploaders,without-hosting,audit-filtered,6,178309,1661755,10.730161786785658,False
book-of-boba-fett-107,wikidata:Q104396610,unknown,2022,television_episode,eur-27,uploaders,all,full,8,837962,2979179,28.127279361193136,False
book-of-boba-fett-107,wikidata:Q104396610,unknown,2022,television_episode,eur-27,uploaders,all,audit-filtered,6,563506,2033331,27.713441638375652,False
book-of-boba-fett-107,wikidata:Q104396610,unknown,2022,television_episode,eur-27,uploaders,without-hosting,full,8,662286,2448136,27.052663740903284,False
book-of-boba-fett-107,wikidata:Q104396610,unknown,2022,television_episode,eur-27,uploaders,without-hosting,audit-filtered,6,442233,1661755,26.612406762729766,False
book-of-boba-fett-107,wikidata:Q104396610,unknown,2022,television_episode,usa-can,uploaders,all,full,8,391881,2979179,13.153993096755851,False
book-of-boba-fett-107,wikidata:Q104396610,unknown,2022,television_episode,usa-can,uploaders,all,audit-filtered,6,270779,2033331,13.317015281820815,False
book-of-boba-fett-107,wikidata:Q104396610,unknown,2022,television_episode,usa-can,uploaders,without-hosting,full,8,164984,2448136,6.739168085433162,False
book-of-boba-fett-107,wikidata:Q104396610,unknown,2022,television_episode,usa-can,uploaders,without-hosting,audit-filtered,6,106825,1661755,6.4284446263137465,False
book-of-boba-fett-107,wikidata:Q104396610,unknown,2022,television_episode,other,uploaders,all,full,8,1456779,2979179,48.898673090807904,False
book-of-boba-fett-107,wikidata:Q104396610,unknown,2022,television_episode,other,uploaders,all,audit-filtered,6,1005197,2033331,49.43597476259399,False
book-of-boba-fett-107,wikidata:Q104396610,unknown,2022,television_episode,other,uploaders,without-hosting,full,8,1350429,2448136,55.16151880451086,False
book-of-boba-fett-107,wikidata:Q104396610,unknown,2022,television_episode,other,uploaders,without-hosting,audit-filtered,6,934011,1661755,56.206299965999804,False
book-of-boba-fett-107,wikidata:Q104396610,unknown,2022,television_episode,unclassified,uploaders,all,full,8,593,2979179,0.01990481270175441,False
book-of-boba-fett-107,wikidata:Q104396610,unknown,2022,television_episode,unclassified,uploaders,all,audit-filtered,6,377,2033331,0.018541004883120358,False
book-of-boba-fett-107,wikidata:Q104396610,unknown,2022,television_episode,unclassified,uploaders,without-hosting,full,8,593,2448136,0.024222510514121765,False
book-of-boba-fett-107,wikidata:Q104396610,unknown,2022,television_episode,unclassified,uploaders,without-hosting,audit-filtered,6,377,1661755,0.022686858171030024,False
bridgerton-02,wikidata:Q85748936,unknown,2022,television_season,asia-28,downloaders,all,full,8,660585,3706431,17.822670919814776,True
bridgerton-02,wikidata:Q85748936,unknown,2022,television_season,asia-28,downloaders,all,audit-filtered,7,524901,2950930,17.78764660632411,True
bridgerton-02,wikidata:Q85748936,unknown,2022,television_season,asia-28,downloaders,without-hosting,full,8,617216,3072010,20.0916012643188,True
bridgerton-02,wikidata:Q85748936,unknown,2022,television_season,asia-28,downloaders,without-hosting,audit-filtered,7,489963,2447356,20.020095155751758,True
bridgerton-02,wikidata:Q85748936,unknown,2022,television_season,eur-27,downloaders,all,full,8,799250,3706431,21.56387101230267,True
bridgerton-02,wikidata:Q85748936,unknown,2022,television_season,eur-27,downloaders,all,audit-filtered,7,621488,2950930,21.06075033972341,True
bridgerton-02,wikidata:Q85748936,unknown,2022,television_season,eur-27,downloaders,without-hosting,full,8,568027,3072010,18.490402049472497,True
bridgerton-02,wikidata:Q85748936,unknown,2022,television_season,eur-27,downloaders,without-hosting,audit-filtered,7,433561,2447356,17.71548560977643,True
bridgerton-02,wikidata:Q85748936,unknown,2022,television_season,usa-can,downloaders,all,full,8,398256,3706431,10.744999704567547,True
bridgerton-02,wikidata:Q85748936,unknown,2022,television_season,usa-can,downloaders,all,audit-filtered,7,315187,2950930,10.68093787382283,True
bridgerton-02,wikidata:Q85748936,unknown,2022,television_season,usa-can,downloaders,without-hosting,full,8,173603,3072010,5.651120927340731,True
bridgerton-02,wikidata:Q85748936,unknown,2022,television_season,usa-can,downloaders,without-hosting,audit-filtered,7,137797,2447356,5.630443629778422,True
bridgerton-02,wikidata:Q85748936,unknown,2022,television_season,other,downloaders,all,full,8,1845775,3706431,49.799254323094104,True
bridgerton-02,wikidata:Q85748936,unknown,2022,television_season,other,downloaders,all,audit-filtered,7,1487391,2950930,50.404143778402066,True
bridgerton-02,wikidata:Q85748936,unknown,2022,television_season,other,downloaders,without-hosting,full,8,1710631,3072010,55.684421600190106,True
bridgerton-02,wikidata:Q85748936,unknown,2022,television_season,other,downloaders,without-hosting,audit-filtered,7,1384076,2447356,56.553930037150295,True
bridgerton-02,wikidata:Q85748936,unknown,2022,television_season,unclassified,downloaders,all,full,8,2565,3706431,0.06920404022090254,True
bridgerton-02,wikidata:Q85748936,unknown,2022,television_season,unclassified,downloaders,all,audit-filtered,7,1963,2950930,0.06652140172759097,True
bridgerton-02,wikidata:Q85748936,unknown,2022,television_season,unclassified,downloaders,without-hosting,full,8,2533,3072010,0.08245415867786889,True
bridgerton-02,wikidata:Q85748936,unknown,2022,television_season,unclassified,downloaders,without-hosting,audit-filtered,7,1959,2447356,0.08004556754309548,True
bridgerton-02,wikidata:Q85748936,unknown,2022,television_season,asia-28,uploaders,all,full,8,197082,1205013,16.35517625121057,True
bridgerton-02,wikidata:Q85748936,unknown,2022,television_season,asia-28,uploaders,all,audit-filtered,7,147166,891583,16.506146931917723,True
bridgerton-02,wikidata:Q85748936,unknown,2022,television_season,asia-28,uploaders,without-hosting,full,8,184724,982440,18.8025731851309,True
bridgerton-02,wikidata:Q85748936,unknown,2022,television_season,asia-28,uploaders,without-hosting,audit-filtered,7,137966,720266,19.154867784957226,True
bridgerton-02,wikidata:Q85748936,unknown,2022,television_season,eur-27,uploaders,all,full,8,296952,1205013,24.643053643404677,True
bridgerton-02,wikidata:Q85748936,unknown,2022,television_season,eur-27,uploaders,all,audit-filtered,7,212757,891583,23.86283722323104,True
bridgerton-02,wikidata:Q85748936,unknown,2022,television_season,eur-27,uploaders,without-hosting,full,8,243613,982440,24.796730589145394,True
bridgerton-02,wikidata:Q85748936,unknown,2022,television_season,eur-27,uploaders,without-hosting,audit-filtered,7,174570,720266,24.236879152979593,True
bridgerton-02,wikidata:Q85748936,unknown,2022,television_season,usa-can,uploaders,all,full,8,165107,1205013,13.7016779072093,True
bridgerton-02,wikidata:Q85748936,unknown,2022,television_season,usa-can,uploaders,all,audit-filtered,7,130564,891583,14.644065667470107,True
bridgerton-02,wikidata:Q85748936,unknown,2022,television_season,usa-can,uploaders,without-hosting,full,8,48261,982440,4.9123610602174175,True
bridgerton-02,wikidata:Q85748936,unknown,2022,television_season,usa-can,uploaders,without-hosting,audit-filtered,7,34816,720266,4.833769746177107,True
bridgerton-02,wikidata:Q85748936,unknown,2022,television_season,other,uploaders,all,full,8,544592,1205013,45.19386927775883,True
bridgerton-02,wikidata:Q85748936,unknown,2022,television_season,other,uploaders,all,audit-filtered,7,400067,891583,44.87153747884381,True
bridgerton-02,wikidata:Q85748936,unknown,2022,television_season,other,uploaders,without-hosting,full,8,504574,982440,51.359268759415336,True
bridgerton-02,wikidata:Q85748936,unknown,2022,television_season,other,uploaders,without-hosting,audit-filtered,7,371887,720266,51.63189710468077,True
bridgerton-02,wikidata:Q85748936,unknown,2022,television_season,unclassified,uploaders,all,full,8,1280,1205013,0.1062229204166262,True
bridgerton-02,wikidata:Q85748936,unknown,2022,television_season,unclassified,uploaders,all,audit-filtered,7,1029,891583,0.1154126985373207,True
bridgerton-02,wikidata:Q85748936,unknown,2022,television_season,unclassified,uploaders,without-hosting,full,8,1268,982440,0.1290664060909572,True
bridgerton-02,wikidata:Q85748936,unknown,2022,television_season,unclassified,uploaders,without-hosting,audit-filtered,7,1027,720266,0.1425862112053047,True
bridgerton-04.1,wikidata:Q85748936,unknown,2026,television_season,asia-28,downloaders,all,full,8,4542625,18346745,24.759841595879813,True
bridgerton-04.1,wikidata:Q85748936,unknown,2026,television_season,asia-28,downloaders,all,audit-filtered,6,3661061,13878370,26.37961806753963,True
bridgerton-04.1,wikidata:Q85748936,unknown,2026,television_season,asia-28,downloaders,without-hosting,full,8,4312559,15210749,28.352048935920248,True
bridgerton-04.1,wikidata:Q85748936,unknown,2026,television_season,asia-28,downloaders,without-hosting,audit-filtered,6,3480075,11540703,30.15479213008081,True
bridgerton-04.1,wikidata:Q85748936,unknown,2026,television_season,eur-27,downloaders,all,full,8,4798770,18346745,26.15597480643024,True
bridgerton-04.1,wikidata:Q85748936,unknown,2026,television_season,eur-27,downloaders,all,audit-filtered,6,3506382,13878370,25.26508516490049,True
bridgerton-04.1,wikidata:Q85748936,unknown,2026,television_season,eur-27,downloaders,without-hosting,full,8,3322575,15210749,21.843598891809997,True
bridgerton-04.1,wikidata:Q85748936,unknown,2026,television_season,eur-27,downloaders,without-hosting,audit-filtered,6,2376875,11540703,20.595582435489415,True
bridgerton-04.1,wikidata:Q85748936,unknown,2026,television_season,usa-can,downloaders,all,full,8,1811992,18346745,9.876367715363134,True
bridgerton-04.1,wikidata:Q85748936,unknown,2026,television_season,usa-can,downloaders,all,audit-filtered,6,1321223,13878370,9.520015679074705,True
bridgerton-04.1,wikidata:Q85748936,unknown,2026,television_season,usa-can,downloaders,without-hosting,full,8,889513,15210749,5.847923728147772,True
bridgerton-04.1,wikidata:Q85748936,unknown,2026,television_season,usa-can,downloaders,without-hosting,audit-filtered,6,657746,11540703,5.699358176014061,True
bridgerton-04.1,wikidata:Q85748936,unknown,2026,television_season,other,downloaders,all,full,8,7188858,18346745,39.183288370770946,True
bridgerton-04.1,wikidata:Q85748936,unknown,2026,television_season,other,downloaders,all,audit-filtered,6,5387038,13878370,38.8160713397899,True
bridgerton-04.1,wikidata:Q85748936,unknown,2026,television_season,other,downloaders,without-hosting,full,8,6681671,15210749,43.927297728731176,True
bridgerton-04.1,wikidata:Q85748936,unknown,2026,television_season,other,downloaders,without-hosting,audit-filtered,6,5023383,11540703,43.527530341955774,True
bridgerton-04.1,wikidata:Q85748936,unknown,2026,television_season,unclassified,downloaders,all,full,8,4500,18346745,0.02452751155586454,True
bridgerton-04.1,wikidata:Q85748936,unknown,2026,television_season,unclassified,downloaders,all,audit-filtered,6,2666,13878370,0.019209748695271853,True
bridgerton-04.1,wikidata:Q85748936,unknown,2026,television_season,unclassified,downloaders,without-hosting,full,8,4431,15210749,0.029130715390806857,True
bridgerton-04.1,wikidata:Q85748936,unknown,2026,television_season,unclassified,downloaders,without-hosting,audit-filtered,6,2624,11540703,0.022736916459941824,True
bridgerton-04.1,wikidata:Q85748936,unknown,2026,television_season,asia-28,uploaders,all,full,8,116800,1326059,8.808054543576116,True
bridgerton-04.1,wikidata:Q85748936,unknown,2026,television_season,asia-28,uploaders,all,audit-filtered,6,65284,705530,9.253185548452937,True
bridgerton-04.1,wikidata:Q85748936,unknown,2026,television_season,asia-28,uploaders,without-hosting,full,8,104448,935864,11.160595984031868,True
bridgerton-04.1,wikidata:Q85748936,unknown,2026,television_season,asia-28,uploaders,without-hosting,audit-filtered,6,57967,473959,12.230382796824198,True
bridgerton-04.1,wikidata:Q85748936,unknown,2026,television_season,eur-27,uploaders,all,full,8,461345,1326059,34.790684275737355,True
bridgerton-04.1,wikidata:Q85748936,unknown,2026,television_season,eur-27,uploaders,all,audit-filtered,6,236139,705530,33.46973197454396,True
bridgerton-04.1,wikidata:Q85748936,unknown,2026,television_season,eur-27,uploaders,without-hosting,full,8,342201,935864,36.56524879683373,True
bridgerton-04.1,wikidata:Q85748936,unknown,2026,television_season,eur-27,uploaders,without-hosting,audit-filtered,6,166690,473959,35.16970877227777,True
bridgerton-04.1,wikidata:Q85748936,unknown,2026,television_season,usa-can,uploaders,all,full,8,258679,1326059,19.50735223696683,True
bridgerton-04.1,wikidata:Q85748936,unknown,2026,television_season,usa-can,uploaders,all,audit-filtered,6,154869,705530,21.95073207376015,True
bridgerton-04.1,wikidata:Q85748936,unknown,2026,television_season,usa-can,uploaders,without-hosting,full,8,78728,935864,8.412333415966422,True
bridgerton-04.1,wikidata:Q85748936,unknown,2026,television_season,usa-can,uploaders,without-hosting,audit-filtered,6,44360,473959,9.359459362518699,True
bridgerton-04.1,wikidata:Q85748936,unknown,2026,television_season,other,uploaders,all,full,8,488405,1326059,36.83131746023367,True
bridgerton-04.1,wikidata:Q85748936,unknown,2026,television_season,other,uploaders,all,audit-filtered,6,248917,705530,35.28085269230224,True
bridgerton-04.1,wikidata:Q85748936,unknown,2026,television_season,other,uploaders,without-hosting,full,8,409659,935864,43.773347409452654,True
bridgerton-04.1,wikidata:Q85748936,unknown,2026,television_season,other,uploaders,without-hosting,audit-filtered,6,204623,473959,43.17314366854517,True
bridgerton-04.1,wikidata:Q85748936,unknown,2026,television_season,unclassified,uploaders,all,full,8,830,1326059,0.0625914834860289,True
bridgerton-04.1,wikidata:Q85748936,unknown,2026,television_season,unclassified,uploaders,all,audit-filtered,6,321,705530,0.04549771094071124,True
bridgerton-04.1,wikidata:Q85748936,unknown,2026,television_season,unclassified,uploaders,without-hosting,full,8,828,935864,0.08847439371532616,True
bridgerton-04.1,wikidata:Q85748936,unknown,2026,television_season,unclassified,uploaders,without-hosting,audit-filtered,6,319,473959,0.06730539983416287,True
bridgerton-04.2,wikidata:Q85748936,unknown,2026,television_season,asia-28,downloaders,all,full,8,6181426,22374960,27.62653430441887,True
bridgerton-04.2,wikidata:Q85748936,unknown,2026,television_season,asia-28,downloaders,all,audit-filtered,6,4322207,16446883,26.279794171333254,True
bridgerton-04.2,wikidata:Q85748936,unknown,2026,television_season,asia-28,downloaders,without-hosting,full,8,5872264,18495024,31.750507595989063,True
bridgerton-04.2,wikidata:Q85748936,unknown,2026,television_season,asia-28,downloaders,without-hosting,audit-filtered,6,4103353,13607613,30.154833180514466,True
bridgerton-04.2,wikidata:Q85748936,unknown,2026,television_season,eur-27,downloaders,all,full,8,5670103,22374960,25.34128776096136,True
bridgerton-04.2,wikidata:Q85748936,unknown,2026,television_season,eur-27,downloaders,all,audit-filtered,6,4291790,16446883,26.09485335306392,True
bridgerton-04.2,wikidata:Q85748936,unknown,2026,television_season,eur-27,downloaders,without-hosting,full,8,3771771,18495024,20.393436634632103,True
bridgerton-04.2,wikidata:Q85748936,unknown,2026,television_season,eur-27,downloaders,without-hosting,audit-filtered,6,2918571,13607613,21.448074691718524,True
bridgerton-04.2,wikidata:Q85748936,unknown,2026,television_season,usa-can,downloaders,all,full,8,2165189,22374960,9.676839645746853,True
bridgerton-04.2,wikidata:Q85748936,unknown,2026,television_season,usa-can,downloaders,all,audit-filtered,6,1605114,16446883,9.75938115447164,True
bridgerton-04.2,wikidata:Q85748936,unknown,2026,television_season,usa-can,downloaders,without-hosting,full,8,1097616,18495024,5.93465572145243,True
bridgerton-04.2,wikidata:Q85748936,unknown,2026,television_season,usa-can,downloaders,without-hosting,audit-filtered,6,808507,13607613,5.941578438481459,True
bridgerton-04.2,wikidata:Q85748936,unknown,2026,television_season,other,downloaders,all,full,8,8353454,22374960,37.3339393679363,True
bridgerton-04.2,wikidata:Q85748936,unknown,2026,television_season,other,downloaders,all,audit-filtered,6,6223826,16446883,37.84197893302944,True
bridgerton-04.2,wikidata:Q85748936,unknown,2026,television_season,other,downloaders,without-hosting,full,8,7748658,18495024,41.895906704419524,True
bridgerton-04.2,wikidata:Q85748936,unknown,2026,television_season,other,downloaders,without-hosting,audit-filtered,6,5773292,13607613,42.42692675048886,True
bridgerton-04.2,wikidata:Q85748936,unknown,2026,television_season,unclassified,downloaders,all,full,8,4788,22374960,0.021398920936618434,True
bridgerton-04.2,wikidata:Q85748936,unknown,2026,television_season,unclassified,downloaders,all,audit-filtered,6,3946,16446883,0.02399238810174548,True
bridgerton-04.2,wikidata:Q85748936,unknown,2026,television_season,unclassified,downloaders,without-hosting,full,8,4715,18495024,0.025493343506880553,True
bridgerton-04.2,wikidata:Q85748936,unknown,2026,television_season,unclassified,downloaders,without-hosting,audit-filtered,6,3890,13607613,0.028586938796686827,True
bridgerton-04.2,wikidata:Q85748936,unknown,2026,television_season,asia-28,uploaders,all,full,8,144212,1397198,10.321514917713882,True
bridgerton-04.2,wikidata:Q85748936,unknown,2026,television_season,asia-28,uploaders,all,audit-filtered,6,113518,1140757,9.951111411106835,True
bridgerton-04.2,wikidata:Q85748936,unknown,2026,television_season,asia-28,uploaders,without-hosting,full,8,128109,926810,13.82257420614797,True
bridgerton-04.2,wikidata:Q85748936,unknown,2026,television_season,asia-28,uploaders,without-hosting,audit-filtered,6,100812,764735,13.182605739243005,True
bridgerton-04.2,wikidata:Q85748936,unknown,2026,television_season,eur-27,uploaders,all,full,8,461885,1397198,33.05794883760211,True
bridgerton-04.2,wikidata:Q85748936,unknown,2026,television_season,eur-27,uploaders,all,audit-filtered,6,381048,1140757,33.40308233918354,True
bridgerton-04.2,wikidata:Q85748936,unknown,2026,television_season,eur-27,uploaders,without-hosting,full,8,319155,926810,34.43586064026068,True
bridgerton-04.2,wikidata:Q85748936,unknown,2026,television_season,eur-27,uploaders,without-hosting,audit-filtered,6,267519,764735,34.98192184220678,True
bridgerton-04.2,wikidata:Q85748936,unknown,2026,television_season,usa-can,uploaders,all,full,8,297956,1397198,21.32525239801374,True
bridgerton-04.2,wikidata:Q85748936,unknown,2026,television_season,usa-can,uploaders,all,audit-filtered,6,240235,1140757,21.059261525460723,True
bridgerton-04.2,wikidata:Q85748936,unknown,2026,television_season,usa-can,uploaders,without-hosting,full,8,80070,926810,8.639311185679913,True
bridgerton-04.2,wikidata:Q85748936,unknown,2026,television_season,usa-can,uploaders,without-hosting,audit-filtered,6,65643,764735,8.583757772300208,True
bridgerton-04.2,wikidata:Q85748936,unknown,2026,television_season,other,uploaders,all,full,8,492319,1397198,35.23616552557333,True
bridgerton-04.2,wikidata:Q85748936,unknown,2026,television_season,other,uploaders,all,audit-filtered,6,405254,1140757,35.52500664032743,True
bridgerton-04.2,wikidata:Q85748936,unknown,2026,television_season,other,uploaders,without-hosting,full,8,398653,926810,43.013454753401454,True
bridgerton-04.2,wikidata:Q85748936,unknown,2026,television_season,other,uploaders,without-hosting,audit-filtered,6,330062,764735,43.16031043433346,True
bridgerton-04.2,wikidata:Q85748936,unknown,2026,television_season,unclassified,uploaders,all,full,8,826,1397198,0.0591183210969383,True
bridgerton-04.2,wikidata:Q85748936,unknown,2026,television_season,unclassified,uploaders,all,audit-filtered,6,702,1140757,0.06153808392146618,True
bridgerton-04.2,wikidata:Q85748936,unknown,2026,television_season,unclassified,uploaders,without-hosting,full,8,823,926810,0.08879921450998586,True
bridgerton-04.2,wikidata:Q85748936,unknown,2026,television_season,unclassified,uploaders,without-hosting,audit-filtered,6,699,764735,0.09140421191654625,True
brothers-sun-01,wikidata:Q118628605,unknown,2024,television_season,asia-28,downloaders,all,full,8,781123,5173256,15.099252772335257,True
brothers-sun-01,wikidata:Q118628605,unknown,2024,television_season,asia-28,downloaders,all,audit-filtered,7,679177,4626556,14.679969290331728,True
brothers-sun-01,wikidata:Q118628605,unknown,2024,television_season,asia-28,downloaders,without-hosting,full,8,728431,4500292,16.186305244193044,True
brothers-sun-01,wikidata:Q118628605,unknown,2024,television_season,asia-28,downloaders,without-hosting,audit-filtered,7,633429,4056465,15.615295583716364,True
brothers-sun-01,wikidata:Q118628605,unknown,2024,television_season,eur-27,downloaders,all,full,8,1417966,5173256,27.409546328269855,True
brothers-sun-01,wikidata:Q118628605,unknown,2024,television_season,eur-27,downloaders,all,audit-filtered,7,1284719,4626556,27.768365929213868,True
brothers-sun-01,wikidata:Q118628605,unknown,2024,television_season,eur-27,downloaders,without-hosting,full,8,1092652,4500292,24.27958008058144,True
brothers-sun-01,wikidata:Q118628605,unknown,2024,television_season,eur-27,downloaders,without-hosting,audit-filtered,7,997973,4056465,24.60203650222546,True
brothers-sun-01,wikidata:Q118628605,unknown,2024,television_season,usa-can,downloaders,all,full,8,443367,5173256,8.570366515788123,True
brothers-sun-01,wikidata:Q118628605,unknown,2024,television_season,usa-can,downloaders,all,audit-filtered,7,374556,4626556,8.095784423662007,True
brothers-sun-01,wikidata:Q118628605,unknown,2024,television_season,usa-can,downloaders,without-hosting,full,8,264199,4500292,5.8707079451733355,True
brothers-sun-01,wikidata:Q118628605,unknown,2024,television_season,usa-can,downloaders,without-hosting,audit-filtered,7,232251,4056465,5.725453073057452,True
brothers-sun-01,wikidata:Q118628605,unknown,2024,television_season,other,downloaders,all,full,8,2528940,5173256,48.88488023790046,True
brothers-sun-01,wikidata:Q118628605,unknown,2024,television_season,other,downloaders,all,audit-filtered,7,2286375,4626556,49.418509145895996,True
brothers-sun-01,wikidata:Q118628605,unknown,2024,television_season,other,downloaders,without-hosting,full,8,2413192,4500292,53.6230093513932,True
brothers-sun-01,wikidata:Q118628605,unknown,2024,television_season,other,downloaders,without-hosting,audit-filtered,7,2191123,4056465,54.01557760266636,True
brothers-sun-01,wikidata:Q118628605,unknown,2024,television_season,unclassified,downloaders,all,full,8,1860,5173256,0.035954145706301795,True
brothers-sun-01,wikidata:Q118628605,unknown,2024,television_season,unclassified,downloaders,all,audit-filtered,7,1729,4626556,0.037371210896398964,True
brothers-sun-01,wikidata:Q118628605,unknown,2024,television_season,unclassified,downloaders,without-hosting,full,8,1818,4500292,0.040397378658984795,True
brothers-sun-01,wikidata:Q118628605,unknown,2024,television_season,unclassified,downloaders,without-hosting,audit-filtered,7,1689,4056465,0.04163723833436255,True
brothers-sun-01,wikidata:Q118628605,unknown,2024,television_season,asia-28,uploaders,all,full,8,77856,408381,19.064550015794076,True
brothers-sun-01,wikidata:Q118628605,unknown,2024,television_season,asia-28,uploaders,all,audit-filtered,7,52019,287186,18.11334814371174,True
brothers-sun-01,wikidata:Q118628605,unknown,2024,television_season,asia-28,uploaders,without-hosting,full,8,71230,316359,22.51555985446913,True
brothers-sun-01,wikidata:Q118628605,unknown,2024,television_season,asia-28,uploaders,without-hosting,audit-filtered,7,46877,222132,21.103217906470025,True
brothers-sun-01,wikidata:Q118628605,unknown,2024,television_season,eur-27,uploaders,all,full,8,102135,408381,25.00973355763368,True
brothers-sun-01,wikidata:Q118628605,unknown,2024,television_season,eur-27,uploaders,all,audit-filtered,7,77006,287186,26.813981182926746,True
brothers-sun-01,wikidata:Q118628605,unknown,2024,television_season,eur-27,uploaders,without-hosting,full,8,68246,316359,21.572327640433812,True
brothers-sun-01,wikidata:Q118628605,unknown,2024,television_season,eur-27,uploaders,without-hosting,audit-filtered,7,52009,222132,23.4135559036969,True
brothers-sun-01,wikidata:Q118628605,unknown,2024,television_season,usa-can,uploaders,all,full,8,59410,408381,14.547689535017545,True
brothers-sun-01,wikidata:Q118628605,unknown,2024,television_season,usa-can,uploaders,all,audit-filtered,7,40906,287186,14.24373054396802,True
brothers-sun-01,wikidata:Q118628605,unknown,2024,television_season,usa-can,uploaders,without-hosting,full,8,25635,316359,8.103135994234398,True
brothers-sun-01,wikidata:Q118628605,unknown,2024,television_season,usa-can,uploaders,without-hosting,audit-filtered,7,17916,222132,8.065474582680569,True
brothers-sun-01,wikidata:Q118628605,unknown,2024,television_season,other,uploaders,all,full,8,168923,408381,41.364069337212065,True
brothers-sun-01,wikidata:Q118628605,unknown,2024,television_season,other,uploaders,all,audit-filtered,7,117222,287186,40.817449318560094,True
brothers-sun-01,wikidata:Q118628605,unknown,2024,television_season,other,uploaders,without-hosting,full,8,151192,316359,47.79127510202017,True
brothers-sun-01,wikidata:Q118628605,unknown,2024,television_season,other,uploaders,without-hosting,audit-filtered,7,105297,222132,47.402895575603694,True
brothers-sun-01,wikidata:Q118628605,unknown,2024,television_season,unclassified,uploaders,all,full,8,57,408381,0.01395755434263592,True
brothers-sun-01,wikidata:Q118628605,unknown,2024,television_season,unclassified,uploaders,all,audit-filtered,7,33,287186,0.011490810833397171,True
brothers-sun-01,wikidata:Q118628605,unknown,2024,television_season,unclassified,uploaders,without-hosting,full,8,56,316359,0.01770140884248591,True
brothers-sun-01,wikidata:Q118628605,unknown,2024,television_season,unclassified,uploaders,without-hosting,audit-filtered,7,33,222132,0.014856031548808817,True
chief-of-war-101,wikidata:Q115475569,unknown,2025,television_episode,asia-28,downloaders,all,full,8,2952540,13518108,21.841370108893937,False
chief-of-war-101,wikidata:Q115475569,unknown,2025,television_episode,asia-28,downloaders,all,audit-filtered,7,2797188,12622457,22.16040823113915,False
chief-of-war-101,wikidata:Q115475569,unknown,2025,television_episode,asia-28,downloaders,without-hosting,full,8,2768558,11029535,25.101312068006493,False
chief-of-war-101,wikidata:Q115475569,unknown,2025,television_episode,asia-28,downloaders,without-hosting,audit-filtered,7,2624964,10326959,25.418557389450275,False
chief-of-war-101,wikidata:Q115475569,unknown,2025,television_episode,eur-27,downloaders,all,full,8,3144096,13518108,23.258402729139313,False
chief-of-war-101,wikidata:Q115475569,unknown,2025,television_episode,eur-27,downloaders,all,audit-filtered,7,2941764,12622457,23.305795377239154,False
chief-of-war-101,wikidata:Q115475569,unknown,2025,television_episode,eur-27,downloaders,without-hosting,full,8,2020990,11029535,18.32343793278683,False
chief-of-war-101,wikidata:Q115475569,unknown,2025,television_episode,eur-27,downloaders,without-hosting,audit-filtered,7,1888724,10326959,18.2892563047844,False
chief-of-war-101,wikidata:Q115475569,unknown,2025,television_episode,usa-can,downloaders,all,full,8,1628281,13518108,12.045184133755996,False
chief-of-war-101,wikidata:Q115475569,unknown,2025,television_episode,usa-can,downloaders,all,audit-filtered,7,1491854,12622457,11.819046006653062,False
chief-of-war-101,wikidata:Q115475569,unknown,2025,television_episode,usa-can,downloaders,without-hosting,full,8,845743,11029535,7.66798418972332,False
chief-of-war-101,wikidata:Q115475569,unknown,2025,television_episode,usa-can,downloaders,without-hosting,audit-filtered,7,783470,10326959,7.586647724659311,False
chief-of-war-101,wikidata:Q115475569,unknown,2025,television_episode,other,downloaders,all,full,8,5790024,13518108,42.83161519348714,False
chief-of-war-101,wikidata:Q115475569,unknown,2025,television_episode,other,downloaders,all,audit-filtered,7,5388724,12622457,42.69156155572564,False
chief-of-war-101,wikidata:Q115475569,unknown,2025,television_episode,other,downloaders,without-hosting,full,8,5391126,11029535,48.8789962586818,False
chief-of-war-101,wikidata:Q115475569,unknown,2025,television_episode,other,downloaders,without-hosting,audit-filtered,7,5026923,10326959,48.67766977674648,False
chief-of-war-101,wikidata:Q115475569,unknown,2025,television_episode,unclassified,downloaders,all,full,8,3167,13518108,0.023427834723616647,False
chief-of-war-101,wikidata:Q115475569,unknown,2025,television_episode,unclassified,downloaders,all,audit-filtered,7,2927,12622457,0.02318882924299128,False
chief-of-war-101,wikidata:Q115475569,unknown,2025,television_episode,unclassified,downloaders,without-hosting,full,8,3118,11029535,0.028269550801552377,False
chief-of-war-101,wikidata:Q115475569,unknown,2025,television_episode,unclassified,downloaders,without-hosting,audit-filtered,7,2878,10326959,0.027868804359540887,False
chief-of-war-101,wikidata:Q115475569,unknown,2025,television_episode,asia-28,uploaders,all,full,8,151365,1563829,9.679127321465455,False
chief-of-war-101,wikidata:Q115475569,unknown,2025,television_episode,asia-28,uploaders,all,audit-filtered,7,129204,1355260,9.533521243156295,False
chief-of-war-101,wikidata:Q115475569,unknown,2025,television_episode,asia-28,uploaders,without-hosting,full,8,135738,1106313,12.269402962814322,False
chief-of-war-101,wikidata:Q115475569,unknown,2025,television_episode,asia-28,uploaders,without-hosting,audit-filtered,7,115738,951470,12.164124985548677,False
chief-of-war-101,wikidata:Q115475569,unknown,2025,television_episode,eur-27,uploaders,all,full,8,449608,1563829,28.750458010434645,False
chief-of-war-101,wikidata:Q115475569,unknown,2025,television_episode,eur-27,uploaders,all,audit-filtered,7,399608,1355260,29.485707539512713,False
chief-of-war-101,wikidata:Q115475569,unknown,2025,television_episode,eur-27,uploaders,without-hosting,full,8,276160,1106313,24.962194243401278,False
chief-of-war-101,wikidata:Q115475569,unknown,2025,television_episode,eur-27,uploaders,without-hosting,audit-filtered,7,242002,951470,25.43453813572682,False
chief-of-war-101,wikidata:Q115475569,unknown,2025,television_episode,usa-can,uploaders,all,full,8,297085,1563829,18.99728167210098,False
chief-of-war-101,wikidata:Q115475569,unknown,2025,television_episode,usa-can,uploaders,all,audit-filtered,7,254741,1355260,18.796467098564115,False
chief-of-war-101,wikidata:Q115475569,unknown,2025,television_episode,usa-can,uploaders,without-hosting,full,8,101761,1106313,9.198210632976382,False
chief-of-war-101,wikidata:Q115475569,unknown,2025,television_episode,usa-can,uploaders,without-hosting,audit-filtered,7,83747,951470,8.801853973325485,False
chief-of-war-101,wikidata:Q115475569,unknown,2025,television_episode,other,uploaders,all,full,8,664950,1563829,42.52063364984279,False
chief-of-war-101,wikidata:Q115475569,unknown,2025,television_episode,other,uploaders,all,audit-filtered,7,570990,1355260,42.13139914112421,False
chief-of-war-101,wikidata:Q115475569,unknown,2025,television_episode,other,uploaders,without-hosting,full,8,591833,1106313,53.49598169776546,False
chief-of-war-101,wikidata:Q115475569,unknown,2025,television_episode,other,uploaders,without-hosting,audit-filtered,7,509266,951470,53.52412582635291,False
chief-of-war-101,wikidata:Q115475569,unknown,2025,television_episode,unclassified,uploaders,all,full,8,821,1563829,0.05249934615613344,False
chief-of-war-101,wikidata:Q115475569,unknown,2025,television_episode,unclassified,uploaders,all,audit-filtered,7,717,1355260,0.05290497764266635,False
chief-of-war-101,wikidata:Q115475569,unknown,2025,television_episode,unclassified,uploaders,without-hosting,full,8,821,1106313,0.07421046304255667,False
chief-of-war-101,wikidata:Q115475569,unknown,2025,television_episode,unclassified,uploaders,without-hosting,audit-filtered,7,717,951470,0.0753570790461076,False
chief-of-war-107,wikidata:Q115475569,unknown,2025,television_episode,asia-28,downloaders,all,full,8,3366188,15226277,22.1077549029221,False
chief-of-war-107,wikidata:Q115475569,unknown,2025,television_episode,asia-28,downloaders,all,audit-filtered,5,2566006,11669433,21.989123207614288,False
chief-of-war-107,wikidata:Q115475569,unknown,2025,television_episode,asia-28,downloaders,without-hosting,full,8,3176594,12824068,24.770564223458578,False
chief-of-war-107,wikidata:Q115475569,unknown,2025,television_episode,asia-28,downloaders,without-hosting,audit-filtered,5,2424683,9956517,24.35272294518254,False
chief-of-war-107,wikidata:Q115475569,unknown,2025,television_episode,eur-27,downloaders,all,full,8,3817900,15226277,25.07441576164679,False
chief-of-war-107,wikidata:Q115475569,unknown,2025,television_episode,eur-27,downloaders,all,audit-filtered,5,2976362,11669433,25.505626537296198,False
chief-of-war-107,wikidata:Q115475569,unknown,2025,television_episode,eur-27,downloaders,without-hosting,full,8,2698605,12824068,21.043283613280902,False
chief-of-war-107,wikidata:Q115475569,unknown,2025,television_episode,eur-27,downloaders,without-hosting,audit-filtered,5,2147499,9956517,21.568777515269648,False
chief-of-war-107,wikidata:Q115475569,unknown,2025,television_episode,usa-can,downloaders,all,full,8,1508942,15226277,9.910117883708539,False
chief-of-war-107,wikidata:Q115475569,unknown,2025,television_episode,usa-can,downloaders,all,audit-filtered,5,1081741,11669433,9.269867696228257,False
chief-of-war-107,wikidata:Q115475569,unknown,2025,television_episode,usa-can,downloaders,without-hosting,full,8,778012,12824068,6.066811248973415,False
chief-of-war-107,wikidata:Q115475569,unknown,2025,television_episode,usa-can,downloaders,without-hosting,audit-filtered,5,584146,9956517,5.866971351527848,False
chief-of-war-107,wikidata:Q115475569,unknown,2025,television_episode,other,downloaders,all,full,8,6529675,15226277,42.88425200723722,False
chief-of-war-107,wikidata:Q115475569,unknown,2025,television_episode,other,downloaders,all,audit-filtered,5,5042862,11669433,43.21428470432111,False
chief-of-war-107,wikidata:Q115475569,unknown,2025,television_episode,other,downloaders,without-hosting,full,8,6167350,12824068,48.09199389772419,False
chief-of-war-107,wikidata:Q115475569,unknown,2025,television_episode,other,downloaders,without-hosting,audit-filtered,5,4797787,9956517,48.18740328570724,False
chief-of-war-107,wikidata:Q115475569,unknown,2025,television_episode,unclassified,downloaders,all,full,8,3572,15226277,0.023459444485345957,False
chief-of-war-107,wikidata:Q115475569,unknown,2025,television_episode,unclassified,downloaders,all,audit-filtered,5,2462,11669433,0.021097854540147752,False
chief-of-war-107,wikidata:Q115475569,unknown,2025,television_episode,unclassified,downloaders,without-hosting,full,8,3507,12824068,0.027347016562919036,False
chief-of-war-107,wikidata:Q115475569,unknown,2025,television_episode,unclassified,downloaders,without-hosting,audit-filtered,5,2402,9956517,0.024124902312726428,False
chief-of-war-107,wikidata:Q115475569,unknown,2025,television_episode,asia-28,uploaders,all,full,8,102217,1060106,9.642148992647906,False
chief-of-war-107,wikidata:Q115475569,unknown,2025,television_episode,asia-28,uploaders,all,audit-filtered,5,46912,536947,8.736802701197698,False
chief-of-war-107,wikidata:Q115475569,unknown,2025,television_episode,asia-28,uploaders,without-hosting,full,8,90757,700259,12.960490332862555,False
chief-of-war-107,wikidata:Q115475569,unknown,2025,television_episode,asia-28,uploaders,without-hosting,audit-filtered,5,40387,324408,12.449446376168282,False
chief-of-war-107,wikidata:Q115475569,unknown,2025,television_episode,eur-27,uploaders,all,full,8,279424,1060106,26.358118905090624,False
chief-of-war-107,wikidata:Q115475569,unknown,2025,television_episode,eur-27,uploaders,all,audit-filtered,5,145108,536947,27.02464116570164,False
chief-of-war-107,wikidata:Q115475569,unknown,2025,television_episode,eur-27,uploaders,without-hosting,full,8,156355,700259,22.328167149583226,False
chief-of-war-107,wikidata:Q115475569,unknown,2025,television_episode,eur-27,uploaders,without-hosting,audit-filtered,5,69833,324408,21.52628788439249,False
chief-of-war-107,wikidata:Q115475569,unknown,2025,television_episode,usa-can,uploaders,all,full,8,231833,1060106,21.86885085076398,False
chief-of-war-107,wikidata:Q115475569,unknown,2025,television_episode,usa-can,uploaders,all,audit-filtered,5,131805,536947,24.54711545087318,False
chief-of-war-107,wikidata:Q115475569,unknown,2025,television_episode,usa-can,uploaders,without-hosting,full,8,56578,700259,8.079581983237631,False
chief-of-war-107,wikidata:Q115475569,unknown,2025,television_episode,usa-can,uploaders,without-hosting,audit-filtered,5,25090,324408,7.734087938645163,False
chief-of-war-107,wikidata:Q115475569,unknown,2025,television_episode,other,uploaders,all,full,8,446055,1060106,42.07645273208528,False
chief-of-war-107,wikidata:Q115475569,unknown,2025,television_episode,other,uploaders,all,audit-filtered,5,212943,536947,39.65810405868736,False
chief-of-war-107,wikidata:Q115475569,unknown,2025,television_episode,other,uploaders,without-hosting,full,8,395992,700259,56.549362450179146,False
chief-of-war-107,wikidata:Q115475569,unknown,2025,television_episode,other,uploaders,without-hosting,audit-filtered,5,188919,324408,58.23500036990456,False
chief-of-war-107,wikidata:Q115475569,unknown,2025,television_episode,unclassified,uploaders,all,full,8,577,1060106,0.05442851941220972,False
chief-of-war-107,wikidata:Q115475569,unknown,2025,television_episode,unclassified,uploaders,all,audit-filtered,5,179,536947,0.03333662354012593,False
chief-of-war-107,wikidata:Q115475569,unknown,2025,television_episode,unclassified,uploaders,without-hosting,full,8,577,700259,0.08239808413744057,False
chief-of-war-107,wikidata:Q115475569,unknown,2025,television_episode,unclassified,uploaders,without-hosting,audit-filtered,5,179,324408,0.05517743088949718,False
citadel-101,wikidata:Q107125190,unknown,2023,television_episode,asia-28,downloaders,all,full,8,784544,4158790,18.86471786264755,True
citadel-101,wikidata:Q107125190,unknown,2023,television_episode,asia-28,downloaders,all,audit-filtered,6,433468,2508238,17.281773101276674,True
citadel-101,wikidata:Q107125190,unknown,2023,television_episode,asia-28,downloaders,without-hosting,full,8,728380,3188699,22.84254487488471,True
citadel-101,wikidata:Q107125190,unknown,2023,television_episode,asia-28,downloaders,without-hosting,audit-filtered,6,397527,1887772,21.057998529483434,True
citadel-101,wikidata:Q107125190,unknown,2023,television_episode,eur-27,downloaders,all,full,8,859017,4158790,20.655455072268616,True
citadel-101,wikidata:Q107125190,unknown,2023,television_episode,eur-27,downloaders,all,audit-filtered,6,508788,2508238,20.28467792928741,True
citadel-101,wikidata:Q107125190,unknown,2023,television_episode,eur-27,downloaders,without-hosting,full,8,537847,3188699,16.86728662692841,True
citadel-101,wikidata:Q107125190,unknown,2023,television_episode,eur-27,downloaders,without-hosting,audit-filtered,6,299280,1887772,15.853609440123066,True
citadel-101,wikidata:Q107125190,unknown,2023,television_episode,usa-can,downloaders,all,full,8,577219,4158790,13.8794937950702,True
citadel-101,wikidata:Q107125190,unknown,2023,television_episode,usa-can,downloaders,all,audit-filtered,6,368159,2508238,14.67799307721197,True
citadel-101,wikidata:Q107125190,unknown,2023,television_episode,usa-can,downloaders,without-hosting,full,8,167566,3188699,5.254995846268337,True
citadel-101,wikidata:Q107125190,unknown,2023,television_episode,usa-can,downloaders,without-hosting,audit-filtered,6,95519,1887772,5.059880112640721,True
citadel-101,wikidata:Q107125190,unknown,2023,television_episode,other,downloaders,all,full,8,1937272,4158790,46.582587723833136,True
citadel-101,wikidata:Q107125190,unknown,2023,television_episode,other,downloaders,all,audit-filtered,6,1197411,2508238,47.739130018762175,True
citadel-101,wikidata:Q107125190,unknown,2023,television_episode,other,downloaders,without-hosting,full,8,1754173,3188699,55.0121852203673,True
citadel-101,wikidata:Q107125190,unknown,2023,television_episode,other,downloaders,without-hosting,audit-filtered,6,1095039,1887772,58.00695211074219,True
citadel-101,wikidata:Q107125190,unknown,2023,television_episode,unclassified,downloaders,all,full,8,738,4158790,0.017745546180499616,True
citadel-101,wikidata:Q107125190,unknown,2023,television_episode,unclassified,downloaders,all,audit-filtered,6,412,2508238,0.01642587346176878,True
citadel-101,wikidata:Q107125190,unknown,2023,television_episode,unclassified,downloaders,without-hosting,full,8,733,3188699,0.02298743155123767,True
citadel-101,wikidata:Q107125190,unknown,2023,television_episode,unclassified,downloaders,without-hosting,audit-filtered,6,407,1887772,0.02155980701059238,True
citadel-101,wikidata:Q107125190,unknown,2023,television_episode,asia-28,uploaders,all,full,8,178380,1117745,15.958917284353765,True
citadel-101,wikidata:Q107125190,unknown,2023,television_episode,asia-28,uploaders,all,audit-filtered,6,75116,543040,13.83249852681202,True
citadel-101,wikidata:Q107125190,unknown,2023,television_episode,asia-28,uploaders,without-hosting,full,8,161778,844818,19.149449940697288,True
citadel-101,wikidata:Q107125190,unknown,2023,television_episode,asia-28,uploaders,without-hosting,audit-filtered,6,65037,382928,16.984132787364725,True
citadel-101,wikidata:Q107125190,unknown,2023,television_episode,eur-27,uploaders,all,full,8,252058,1117745,22.550581751651762,True
citadel-101,wikidata:Q107125190,unknown,2023,television_episode,eur-27,uploaders,all,audit-filtered,6,120249,543040,22.143672657631114,True
citadel-101,wikidata:Q107125190,unknown,2023,television_episode,eur-27,uploaders,without-hosting,full,8,173866,844818,20.580290666155314,True
citadel-101,wikidata:Q107125190,unknown,2023,television_episode,eur-27,uploaders,without-hosting,audit-filtered,6,74900,382928,19.559812810763383,True
citadel-101,wikidata:Q107125190,unknown,2023,television_episode,usa-can,uploaders,all,full,8,174176,1117745,15.582802875432233,True
citadel-101,wikidata:Q107125190,unknown,2023,television_episode,usa-can,uploaders,all,audit-filtered,6,100482,543040,18.503609310548025,True
citadel-101,wikidata:Q107125190,unknown,2023,television_episode,usa-can,uploaders,without-hosting,full,8,42336,844818,5.011256862424807,True
citadel-101,wikidata:Q107125190,unknown,2023,television_episode,usa-can,uploaders,without-hosting,audit-filtered,6,17396,382928,4.542890569506539,True
citadel-101,wikidata:Q107125190,unknown,2023,television_episode,other,uploaders,all,full,8,512919,1117745,45.888731329596645,True
citadel-101,wikidata:Q107125190,unknown,2023,television_episode,other,uploaders,all,audit-filtered,6,247093,543040,45.501804655274015,True
citadel-101,wikidata:Q107125190,unknown,2023,television_episode,other,uploaders,without-hosting,full,8,466626,844818,55.23390836842965,True
citadel-101,wikidata:Q107125190,unknown,2023,television_episode,other,uploaders,without-hosting,audit-filtered,6,225495,382928,58.88704926252455,True
citadel-101,wikidata:Q107125190,unknown,2023,television_episode,unclassified,uploaders,all,full,8,212,1117745,0.01896675896559591,True
citadel-101,wikidata:Q107125190,unknown,2023,television_episode,unclassified,uploaders,all,audit-filtered,6,100,543040,0.018414849734826162,True
citadel-101,wikidata:Q107125190,unknown,2023,television_episode,unclassified,uploaders,without-hosting,full,8,212,844818,0.02509416229294357,True
citadel-101,wikidata:Q107125190,unknown,2023,television_episode,unclassified,uploaders,without-hosting,audit-filtered,6,100,382928,0.026114569840805582,True
citadel-106,wikidata:Q107125190,unknown,2023,television_episode,asia-28,downloaders,all,full,8,528189,3043038,17.357292284881098,True
citadel-106,wikidata:Q107125190,unknown,2023,television_episode,asia-28,downloaders,all,audit-filtered,7,406012,2443190,16.618109930050466,True
citadel-106,wikidata:Q107125190,unknown,2023,television_episode,asia-28,downloaders,without-hosting,full,8,485225,2336813,20.76439150244371,True
citadel-106,wikidata:Q107125190,unknown,2023,television_episode,asia-28,downloaders,without-hosting,audit-filtered,7,370298,1863936,19.866454642219477,True
citadel-106,wikidata:Q107125190,unknown,2023,television_episode,eur-27,downloaders,all,full,8,586925,3043038,19.287468641535202,True
citadel-106,wikidata:Q107125190,unknown,2023,television_episode,eur-27,downloaders,all,audit-filtered,7,464696,2443190,19.02005165378051,True
citadel-106,wikidata:Q107125190,unknown,2023,television_episode,eur-27,downloaders,without-hosting,full,8,341463,2336813,14.612337401409526,True
citadel-106,wikidata:Q107125190,unknown,2023,television_episode,eur-27,downloaders,without-hosting,audit-filtered,7,263933,1863936,14.159981887790138,True
citadel-106,wikidata:Q107125190,unknown,2023,television_episode,usa-can,downloaders,all,full,8,424820,3043038,13.960390898832022,True
citadel-106,wikidata:Q107125190,unknown,2023,television_episode,usa-can,downloaders,all,audit-filtered,7,352952,2443190,14.446359063355695,True
citadel-106,wikidata:Q107125190,unknown,2023,television_episode,usa-can,downloaders,without-hosting,full,8,116483,2336813,4.984694967034161,True
citadel-106,wikidata:Q107125190,unknown,2023,television_episode,usa-can,downloaders,without-hosting,audit-filtered,7,93302,1863936,5.005643970608433,True
citadel-106,wikidata:Q107125190,unknown,2023,television_episode,other,downloaders,all,full,8,1502485,3043038,49.37450666077781,True
citadel-106,wikidata:Q107125190,unknown,2023,television_episode,other,downloaders,all,audit-filtered,7,1219094,2443190,49.897633831179725,True
citadel-106,wikidata:Q107125190,unknown,2023,television_episode,other,downloaders,without-hosting,full,8,1393025,2336813,59.61217264710527,True
citadel-106,wikidata:Q107125190,unknown,2023,television_episode,other,downloaders,without-hosting,audit-filtered,7,1135968,1863936,60.944581788215906,True
citadel-106,wikidata:Q107125190,unknown,2023,television_episode,unclassified,downloaders,all,full,8,619,3043038,0.020341513973864276,True
citadel-106,wikidata:Q107125190,unknown,2023,television_episode,unclassified,downloaders,all,audit-filtered,7,436,2443190,0.017845521633601973,True
citadel-106,wikidata:Q107125190,unknown,2023,television_episode,unclassified,downloaders,without-hosting,full,8,617,2336813,0.026403482007332207,True
citadel-106,wikidata:Q107125190,unknown,2023,television_episode,unclassified,downloaders,without-hosting,audit-filtered,7,435,1863936,0.02333771116604862,True
citadel-106,wikidata:Q107125190,unknown,2023,television_episode,asia-28,uploaders,all,full,8,91726,628263,14.599936650733849,True
citadel-106,wikidata:Q107125190,unknown,2023,television_episode,asia-28,uploaders,all,audit-filtered,7,65187,458474,14.218254470264398,True
citadel-106,wikidata:Q107125190,unknown,2023,television_episode,asia-28,uploaders,without-hosting,full,8,80797,441874,18.2850767413335,True
citadel-106,wikidata:Q107125190,unknown,2023,television_episode,asia-28,uploaders,without-hosting,audit-filtered,7,55882,302722,18.459841042276413,True
citadel-106,wikidata:Q107125190,unknown,2023,television_episode,eur-27,uploaders,all,full,8,126174,628263,20.08299072203838,True
citadel-106,wikidata:Q107125190,unknown,2023,television_episode,eur-27,uploaders,all,audit-filtered,7,86883,458474,18.95047483608667,True
citadel-106,wikidata:Q107125190,unknown,2023,television_episode,eur-27,uploaders,without-hosting,full,8,72795,441874,16.4741532654105,True
citadel-106,wikidata:Q107125190,unknown,2023,television_episode,eur-27,uploaders,without-hosting,audit-filtered,7,44930,302722,14.842000251055424,True
citadel-106,wikidata:Q107125190,unknown,2023,television_episode,usa-can,uploaders,all,full,8,116441,628263,18.53379874351983,True
citadel-106,wikidata:Q107125190,unknown,2023,television_episode,usa-can,uploaders,all,audit-filtered,7,98800,458474,21.549749822236375,True
citadel-106,wikidata:Q107125190,unknown,2023,television_episode,usa-can,uploaders,without-hosting,full,8,16367,441874,3.7039970670372098,True
citadel-106,wikidata:Q107125190,unknown,2023,television_episode,usa-can,uploaders,without-hosting,audit-filtered,7,9667,302722,3.1933589233686352,True
citadel-106,wikidata:Q107125190,unknown,2023,television_episode,other,uploaders,all,full,8,293793,628263,46.76274108136242,True
citadel-106,wikidata:Q107125190,unknown,2023,television_episode,other,uploaders,all,audit-filtered,7,207526,458474,45.26450791102658,True
citadel-106,wikidata:Q107125190,unknown,2023,television_episode,other,uploaders,without-hosting,full,8,271786,441874,61.507579083630176,True
citadel-106,wikidata:Q107125190,unknown,2023,television_episode,other,uploaders,without-hosting,audit-filtered,7,192165,302722,63.47903356875285,True
citadel-106,wikidata:Q107125190,unknown,2023,television_episode,unclassified,uploaders,all,full,8,129,628263,0.020532802345514536,True
citadel-106,wikidata:Q107125190,unknown,2023,television_episode,unclassified,uploaders,all,audit-filtered,7,78,458474,0.017012960385976085,True
citadel-106,wikidata:Q107125190,unknown,2023,television_episode,unclassified,uploaders,without-hosting,full,8,129,441874,0.029193842588611234,True
citadel-106,wikidata:Q107125190,unknown,2023,television_episode,unclassified,uploaders,without-hosting,audit-filtered,7,78,302722,0.02576621454667979,True
devs-108,wikidata:Q56276177,unknown,2020,television_season,asia-28,downloaders,all,full,8,257880,1751279,14.725237954660566,True
devs-108,wikidata:Q56276177,unknown,2020,television_season,asia-28,downloaders,all,audit-filtered,7,203417,1362079,14.934302635897037,True
devs-108,wikidata:Q56276177,unknown,2020,television_season,asia-28,downloaders,without-hosting,full,8,229315,1377482,16.64740446699122,True
devs-108,wikidata:Q56276177,unknown,2020,television_season,asia-28,downloaders,without-hosting,audit-filtered,7,181006,1077044,16.805812947289063,True
devs-108,wikidata:Q56276177,unknown,2020,television_season,eur-27,downloaders,all,full,8,385112,1751279,21.990328211552814,True
devs-108,wikidata:Q56276177,unknown,2020,television_season,eur-27,downloaders,all,audit-filtered,7,288093,1362079,21.150975824456584,True
devs-108,wikidata:Q56276177,unknown,2020,television_season,eur-27,downloaders,without-hosting,full,8,269349,1377482,19.553721936112414,True
devs-108,wikidata:Q56276177,unknown,2020,television_season,eur-27,downloaders,without-hosting,audit-filtered,7,202241,1077044,18.777412993341034,True
devs-108,wikidata:Q56276177,unknown,2020,television_season,usa-can,downloaders,all,full,8,578863,1751279,33.05372816096122,True
devs-108,wikidata:Q56276177,unknown,2020,television_season,usa-can,downloaders,all,audit-filtered,7,469660,1362079,34.48111306319237,True
devs-108,wikidata:Q56276177,unknown,2020,television_season,usa-can,downloaders,without-hosting,full,8,408549,1377482,29.659117142728544,True
devs-108,wikidata:Q56276177,unknown,2020,television_season,usa-can,downloaders,without-hosting,audit-filtered,7,336179,1077044,31.213116641474258,True
devs-108,wikidata:Q56276177,unknown,2020,television_season,other,downloaders,all,full,8,529065,1751279,30.210206369173616,True
devs-108,wikidata:Q56276177,unknown,2020,television_season,other,downloaders,all,audit-filtered,7,400618,1362079,29.412244076885408,True
devs-108,wikidata:Q56276177,unknown,2020,television_season,other,downloaders,without-hosting,full,8,469910,1377482,34.11369440762202,True
devs-108,wikidata:Q56276177,unknown,2020,television_season,other,downloaders,without-hosting,audit-filtered,7,357327,1077044,33.17663902310398,True
devs-108,wikidata:Q56276177,unknown,2020,television_season,unclassified,downloaders,all,full,8,359,1751279,0.020499303651788207,True
devs-108,wikidata:Q56276177,unknown,2020,television_season,unclassified,downloaders,all,audit-filtered,7,291,1362079,0.021364399568600645,True
devs-108,wikidata:Q56276177,unknown,2020,television_season,unclassified,downloaders,without-hosting,full,8,359,1377482,0.026062046545798783,True
devs-108,wikidata:Q56276177,unknown,2020,television_season,unclassified,downloaders,without-hosting,audit-filtered,7,291,1077044,0.027018394791670536,True
devs-108,wikidata:Q56276177,unknown,2020,television_season,asia-28,uploaders,all,full,8,30037,417930,7.187088746919341,True
devs-108,wikidata:Q56276177,unknown,2020,television_season,asia-28,uploaders,all,audit-filtered,7,21819,309698,7.045250534391569,True
devs-108,wikidata:Q56276177,unknown,2020,television_season,asia-28,uploaders,without-hosting,full,8,26807,310044,8.64619215337178,True
devs-108,wikidata:Q56276177,unknown,2020,television_season,asia-28,uploaders,without-hosting,audit-filtered,7,19533,224781,8.689791396959707,True
devs-108,wikidata:Q56276177,unknown,2020,television_season,eur-27,uploaders,all,full,8,124706,417930,29.838968248271243,True
devs-108,wikidata:Q56276177,unknown,2020,television_season,eur-27,uploaders,all,audit-filtered,7,90464,309698,29.210392059361055,True
devs-108,wikidata:Q56276177,unknown,2020,television_season,eur-27,uploaders,without-hosting,full,8,90107,310044,29.062649172375533,True
devs-108,wikidata:Q56276177,unknown,2020,television_season,eur-27,uploaders,without-hosting,audit-filtered,7,64594,224781,28.73641455461093,True
devs-108,wikidata:Q56276177,unknown,2020,television_season,usa-can,uploaders,all,full,8,94698,417930,22.658818462421937,True
devs-108,wikidata:Q56276177,unknown,2020,television_season,usa-can,uploaders,all,audit-filtered,7,73446,309698,23.715361416605855,True
devs-108,wikidata:Q56276177,unknown,2020,television_season,usa-can,uploaders,without-hosting,full,8,37191,310044,11.995394202113248,True
devs-108,wikidata:Q56276177,unknown,2020,television_season,usa-can,uploaders,without-hosting,audit-filtered,7,25528,224781,11.356831760691518,True
devs-108,wikidata:Q56276177,unknown,2020,television_season,other,uploaders,all,full,8,168350,417930,40.28186538415524,True
devs-108,wikidata:Q56276177,unknown,2020,television_season,other,uploaders,all,audit-filtered,7,123863,309698,39.994769097637054,True
devs-108,wikidata:Q56276177,unknown,2020,television_season,other,uploaders,without-hosting,full,8,155800,310044,50.250932125762795,True
devs-108,wikidata:Q56276177,unknown,2020,television_season,other,uploaders,without-hosting,audit-filtered,7,115020,224781,51.16980527713641,True
devs-108,wikidata:Q56276177,unknown,2020,television_season,unclassified,uploaders,all,full,8,139,417930,0.03325915823223985,True
devs-108,wikidata:Q56276177,unknown,2020,television_season,unclassified,uploaders,all,audit-filtered,7,106,309698,0.03422689200446887,True
devs-108,wikidata:Q56276177,unknown,2020,television_season,unclassified,uploaders,without-hosting,full,8,139,310044,0.044832346376643316,True
devs-108,wikidata:Q56276177,unknown,2020,television_season,unclassified,uploaders,without-hosting,audit-filtered,7,106,224781,0.047157010601429836,True
dune-2021,wikidata:Q60834962,usa-only,2021,film,asia-28,downloaders,all,full,8,6518613,28091376,23.20503274741686,True
dune-2021,wikidata:Q60834962,usa-only,2021,film,asia-28,downloaders,all,audit-filtered,6,4234716,18856124,22.458040687471083,True
dune-2021,wikidata:Q60834962,usa-only,2021,film,asia-28,downloaders,without-hosting,full,8,6250683,24948464,25.054380101316056,True
dune-2021,wikidata:Q60834962,usa-only,2021,film,asia-28,downloaders,without-hosting,audit-filtered,6,4052708,16735669,24.21599040946615,True
dune-2021,wikidata:Q60834962,usa-only,2021,film,eur-27,downloaders,all,full,8,4863742,28091376,17.314004127102923,True
dune-2021,wikidata:Q60834962,usa-only,2021,film,eur-27,downloaders,all,audit-filtered,6,3307632,18856124,17.541420495537682,True
dune-2021,wikidata:Q60834962,usa-only,2021,film,eur-27,downloaders,without-hosting,full,8,3917277,24948464,15.70147564996386,True
dune-2021,wikidata:Q60834962,usa-only,2021,film,eur-27,downloaders,without-hosting,audit-filtered,6,2658111,16735669,15.882908535057666,True
dune-2021,wikidata:Q60834962,usa-only,2021,film,usa-can,downloaders,all,full,8,2503500,28091376,8.911987792979597,True
dune-2021,wikidata:Q60834962,usa-only,2021,film,usa-can,downloaders,all,audit-filtered,6,1617059,18856124,8.575776230576336,True
dune-2021,wikidata:Q60834962,usa-only,2021,film,usa-can,downloaders,without-hosting,full,8,1426508,24948464,5.717818940677069,True
dune-2021,wikidata:Q60834962,usa-only,2021,film,usa-can,downloaders,without-hosting,audit-filtered,6,902021,16735669,5.389811426122254,True
dune-2021,wikidata:Q60834962,usa-only,2021,film,other,downloaders,all,full,8,14195501,28091376,50.533306022460415,True
dune-2021,wikidata:Q60834962,usa-only,2021,film,other,downloaders,all,audit-filtered,6,9690154,18856124,51.3899569179753,True
dune-2021,wikidata:Q60834962,usa-only,2021,film,other,downloaders,without-hosting,full,8,13344147,24948464,53.48684792779227,True
dune-2021,wikidata:Q60834962,usa-only,2021,film,other,downloaders,without-hosting,audit-filtered,6,9116372,16735669,54.47270736532851,True
dune-2021,wikidata:Q60834962,usa-only,2021,film,unclassified,downloaders,all,full,8,10020,28091376,0.03566931004020593,True
dune-2021,wikidata:Q60834962,usa-only,2021,film,unclassified,downloaders,all,audit-filtered,6,6563,18856124,0.03480566843960084,True
dune-2021,wikidata:Q60834962,usa-only,2021,film,unclassified,downloaders,without-hosting,full,8,9849,24948464,0.03947738025074409,True
dune-2021,wikidata:Q60834962,usa-only,2021,film,unclassified,downloaders,without-hosting,audit-filtered,6,6457,16735669,0.038582264025417805,True
dune-2021,wikidata:Q60834962,usa-only,2021,film,asia-28,uploaders,all,full,8,1774978,9576898,18.533955357987523,True
dune-2021,wikidata:Q60834962,usa-only,2021,film,asia-28,uploaders,all,audit-filtered,6,1232421,6865738,17.95030628899617,True
dune-2021,wikidata:Q60834962,usa-only,2021,film,asia-28,uploaders,without-hosting,full,8,1709234,8585712,19.907888827391368,True
dune-2021,wikidata:Q60834962,usa-only,2021,film,asia-28,uploaders,without-hosting,audit-filtered,6,1185838,6151667,19.276693618168864,True
dune-2021,wikidata:Q60834962,usa-only,2021,film,eur-27,uploaders,all,full,8,1746216,9576898,18.23362846717173,True
dune-2021,wikidata:Q60834962,usa-only,2021,film,eur-27,uploaders,all,audit-filtered,6,1281432,6865738,18.66415525905591,True
dune-2021,wikidata:Q60834962,usa-only,2021,film,eur-27,uploaders,without-hosting,full,8,1455784,8585712,16.955891369288885,True
dune-2021,wikidata:Q60834962,usa-only,2021,film,eur-27,uploaders,without-hosting,audit-filtered,6,1074394,6151667,17.4650871056577,True
dune-2021,wikidata:Q60834962,usa-only,2021,film,usa-can,uploaders,all,full,8,779250,9576898,8.13676829386718,True
dune-2021,wikidata:Q60834962,usa-only,2021,film,usa-can,uploaders,all,audit-filtered,6,546831,6865738,7.964635411371654,True
dune-2021,wikidata:Q60834962,usa-only,2021,film,usa-can,uploaders,without-hosting,full,8,442303,8585712,5.1516170120777405,True
dune-2021,wikidata:Q60834962,usa-only,2021,film,usa-can,uploaders,without-hosting,audit-filtered,6,301823,6151667,4.90636115381408,True
dune-2021,wikidata:Q60834962,usa-only,2021,film,other,uploaders,all,full,8,5273691,9576898,55.066797203019185,True
dune-2021,wikidata:Q60834962,usa-only,2021,film,other,uploaders,all,audit-filtered,6,3803057,6865738,55.39181658257277,True
dune-2021,wikidata:Q60834962,usa-only,2021,film,other,uploaders,without-hosting,full,8,4975645,8585712,57.95261942166241,True
dune-2021,wikidata:Q60834962,usa-only,2021,film,other,uploaders,without-hosting,audit-filtered,6,3587630,6151667,58.3196392132409,True
dune-2021,wikidata:Q60834962,usa-only,2021,film,unclassified,uploaders,all,full,8,2763,9576898,0.02885067795438565,True
dune-2021,wikidata:Q60834962,usa-only,2021,film,unclassified,uploaders,all,audit-filtered,6,1997,6865738,0.029086458003495037,True
dune-2021,wikidata:Q60834962,usa-only,2021,film,unclassified,uploaders,without-hosting,full,8,2746,8585712,0.03198336957959922,True
dune-2021,wikidata:Q60834962,usa-only,2021,film,unclassified,uploaders,without-hosting,audit-filtered,6,1982,6151667,0.03221890911845521,True
eternals,wikidata:Q23894629,usa-only,2022,film,asia-28,downloaders,all,full,8,8976987,27278896,32.90817560945282,True
eternals,wikidata:Q23894629,usa-only,2022,film,asia-28,downloaders,all,audit-filtered,5,3600760,12684287,28.387563289919253,True
eternals,wikidata:Q23894629,usa-only,2022,film,asia-28,downloaders,without-hosting,full,8,8704004,24587630,35.39993077820026,True
eternals,wikidata:Q23894629,usa-only,2022,film,asia-28,downloaders,without-hosting,audit-filtered,5,3480072,11342739,30.68105507849559,True
eternals,wikidata:Q23894629,usa-only,2022,film,eur-27,downloaders,all,full,8,3801367,27278896,13.935193711651674,True
eternals,wikidata:Q23894629,usa-only,2022,film,eur-27,downloaders,all,audit-filtered,5,1823296,12684287,14.37444611589126,True
eternals,wikidata:Q23894629,usa-only,2022,film,eur-27,downloaders,without-hosting,full,8,2952944,24587630,12.009876511074879,True
eternals,wikidata:Q23894629,usa-only,2022,film,eur-27,downloaders,without-hosting,audit-filtered,5,1362075,11342739,12.008342958433584,True
eternals,wikidata:Q23894629,usa-only,2022,film,usa-can,downloaders,all,full,8,2079859,27278896,7.624425123362764,True
eternals,wikidata:Q23894629,usa-only,2022,film,usa-can,downloaders,all,audit-filtered,5,984301,12684287,7.760002592183541,True
eternals,wikidata:Q23894629,usa-only,2022,film,usa-can,downloaders,without-hosting,full,8,1148260,24587630,4.670071902009262,True
eternals,wikidata:Q23894629,usa-only,2022,film,usa-can,downloaders,without-hosting,audit-filtered,5,523977,11342739,4.619492699250155,True
eternals,wikidata:Q23894629,usa-only,2022,film,other,downloaders,all,full,8,12410263,27278896,45.49400752875043,True
eternals,wikidata:Q23894629,usa-only,2022,film,other,downloaders,all,audit-filtered,5,6271778,12684287,49.44525458939868,True
eternals,wikidata:Q23894629,usa-only,2022,film,other,downloaders,without-hosting,full,8,11772606,24587630,47.88019829483362,True
eternals,wikidata:Q23894629,usa-only,2022,film,other,downloaders,without-hosting,audit-filtered,5,5972851,11342739,52.65792503909329,True
eternals,wikidata:Q23894629,usa-only,2022,film,unclassified,downloaders,all,full,8,10420,27278896,0.03819802678231553,True
eternals,wikidata:Q23894629,usa-only,2022,film,unclassified,downloaders,all,audit-filtered,5,4152,12684287,0.03273341260726756,True
eternals,wikidata:Q23894629,usa-only,2022,film,unclassified,downloaders,without-hosting,full,8,9816,24587630,0.03992251388198049,True
eternals,wikidata:Q23894629,usa-only,2022,film,unclassified,downloaders,without-hosting,audit-filtered,5,3764,11342739,0.033184224727378454,True
eternals,wikidata:Q23894629,usa-only,2022,film,asia-28,uploaders,all,full,8,2605135,9338562,27.896532678157516,True
eternals,wikidata:Q23894629,usa-only,2022,film,asia-28,uploaders,all,audit-filtered,5,1123432,4698801,23.908907825634667,True
eternals,wikidata:Q23894629,usa-only,2022,film,asia-28,uploaders,without-hosting,full,8,2534321,8425484,30.079233430388093,True
eternals,wikidata:Q23894629,usa-only,2022,film,asia-28,uploaders,without-hosting,audit-filtered,5,1091305,4206079,25.945898781263974,True
eternals,wikidata:Q23894629,usa-only,2022,film,eur-27,uploaders,all,full,8,1415463,9338562,15.157183729143737,True
eternals,wikidata:Q23894629,usa-only,2022,film,eur-27,uploaders,all,audit-filtered,5,707703,4698801,15.061352885555273,True
eternals,wikidata:Q23894629,usa-only,2022,film,eur-27,uploaders,without-hosting,full,8,1143134,8425484,13.567576651976314,True
eternals,wikidata:Q23894629,usa-only,2022,film,eur-27,uploaders,without-hosting,audit-filtered,5,557920,4206079,13.26461057911656,True
eternals,wikidata:Q23894629,usa-only,2022,film,usa-can,uploaders,all,full,8,679783,9338562,7.279311311527406,True
eternals,wikidata:Q23894629,usa-only,2022,film,usa-can,uploaders,all,audit-filtered,5,353076,4698801,7.514172232448235,True
eternals,wikidata:Q23894629,usa-only,2022,film,usa-can,uploaders,without-hosting,full,8,321813,8425484,3.8195194483782773,True
eternals,wikidata:Q23894629,usa-only,2022,film,usa-can,uploaders,without-hosting,audit-filtered,5,150413,4206079,3.576085946079472,True
eternals,wikidata:Q23894629,usa-only,2022,film,other,uploaders,all,full,8,4635303,9338562,49.63615383182122,True
eternals,wikidata:Q23894629,usa-only,2022,film,other,uploaders,all,audit-filtered,5,2513364,4698801,53.48947529380367,True
eternals,wikidata:Q23894629,usa-only,2022,film,other,uploaders,without-hosting,full,8,4423419,8425484,52.50047356329915,True
eternals,wikidata:Q23894629,usa-only,2022,film,other,uploaders,without-hosting,audit-filtered,5,2405264,4206079,57.185421386521746,True
eternals,wikidata:Q23894629,usa-only,2022,film,unclassified,uploaders,all,full,8,2878,9338562,0.030818449350124785,True
eternals,wikidata:Q23894629,usa-only,2022,film,unclassified,uploaders,all,audit-filtered,5,1226,4698801,0.02609176255815047,True
eternals,wikidata:Q23894629,usa-only,2022,film,unclassified,uploaders,without-hosting,full,8,2797,8425484,0.033196905958162166,True
eternals,wikidata:Q23894629,usa-only,2022,film,unclassified,uploaders,without-hosting,audit-filtered,5,1177,4206079,0.027983307018246684,True
everything-everywhere-all-at-once,wikidata:Q83808444,unknown,2022,film,asia-28,downloaders,all,full,8,2718523,11114941,24.458276476681252,True
everything-everywhere-all-at-once,wikidata:Q83808444,unknown,2022,film,asia-28,downloaders,all,audit-filtered,5,1716319,6739693,25.465833532773672,True
everything-everywhere-all-at-once,wikidata:Q83808444,unknown,2022,film,asia-28,downloaders,without-hosting,full,8,2582974,9455847,27.31615687098152,True
everything-everywhere-all-at-once,wikidata:Q83808444,unknown,2022,film,asia-28,downloaders,without-hosting,audit-filtered,5,1632364,5730755,28.484274759608464,True
everything-everywhere-all-at-once,wikidata:Q83808444,unknown,2022,film,eur-27,downloaders,all,full,8,1655821,11114941,14.897254065496163,True
everything-everywhere-all-at-once,wikidata:Q83808444,unknown,2022,film,eur-27,downloaders,all,audit-filtered,5,1004147,6739693,14.899002076207328,True
everything-everywhere-all-at-once,wikidata:Q83808444,unknown,2022,film,eur-27,downloaders,without-hosting,full,8,1181959,9455847,12.49976866165453,True
everything-everywhere-all-at-once,wikidata:Q83808444,unknown,2022,film,eur-27,downloaders,without-hosting,audit-filtered,5,716289,5730755,12.499033722432733,True
everything-everywhere-all-at-once,wikidata:Q83808444,unknown,2022,film,usa-can,downloaders,all,full,8,1296712,11114941,11.66638671316384,True
everything-everywhere-all-at-once,wikidata:Q83808444,unknown,2022,film,usa-can,downloaders,all,audit-filtered,5,787399,6739693,11.683009893774093,True
everything-everywhere-all-at-once,wikidata:Q83808444,unknown,2022,film,usa-can,downloaders,without-hosting,full,8,653279,9455847,6.908730650992978,True
everything-everywhere-all-at-once,wikidata:Q83808444,unknown,2022,film,usa-can,downloaders,without-hosting,audit-filtered,5,398191,5730755,6.948316583068025,True
everything-everywhere-all-at-once,wikidata:Q83808444,unknown,2022,film,other,downloaders,all,full,8,5440812,11114941,48.95043527446524,True
everything-everywhere-all-at-once,wikidata:Q83808444,unknown,2022,film,other,downloaders,all,audit-filtered,5,3230145,6739693,47.92718303341117,True
everything-everywhere-all-at-once,wikidata:Q83808444,unknown,2022,film,other,downloaders,without-hosting,full,8,5034582,9455847,53.243056914943736,True
everything-everywhere-all-at-once,wikidata:Q83808444,unknown,2022,film,other,downloaders,without-hosting,audit-filtered,5,2982244,5730755,52.03928627205316,True
everything-everywhere-all-at-once,wikidata:Q83808444,unknown,2022,film,unclassified,downloaders,all,full,8,3073,11114941,0.027647470193499002,True
everything-everywhere-all-at-once,wikidata:Q83808444,unknown,2022,film,unclassified,downloaders,all,audit-filtered,5,1683,6739693,0.02497146383373842,True
everything-everywhere-all-at-once,wikidata:Q83808444,unknown,2022,film,unclassified,downloaders,without-hosting,full,8,3053,9455847,0.03228690142723333,True
everything-everywhere-all-at-once,wikidata:Q83808444,unknown,2022,film,unclassified,downloaders,without-hosting,audit-filtered,5,1667,5730755,0.029088662837619128,True
everything-everywhere-all-at-once,wikidata:Q83808444,unknown,2022,film,asia-28,uploaders,all,full,8,917336,4067447,22.553115012930714,True
everything-everywhere-all-at-once,wikidata:Q83808444,unknown,2022,film,asia-28,uploaders,all,audit-filtered,5,544908,2352238,23.165513013564105,True
everything-everywhere-all-at-once,wikidata:Q83808444,unknown,2022,film,asia-28,uploaders,without-hosting,full,8,877188,3545825,24.73861513188045,True
everything-everywhere-all-at-once,wikidata:Q83808444,unknown,2022,film,asia-28,uploaders,without-hosting,audit-filtered,5,521656,2051410,25.42914385715191,True
everything-everywhere-all-at-once,wikidata:Q83808444,unknown,2022,film,eur-27,uploaders,all,full,8,542104,4067447,13.327868808124604,True
everything-everywhere-all-at-once,wikidata:Q83808444,unknown,2022,film,eur-27,uploaders,all,audit-filtered,5,314953,2352238,13.389503953256432,True
everything-everywhere-all-at-once,wikidata:Q83808444,unknown,2022,film,eur-27,uploaders,without-hosting,full,8,410031,3545825,11.563768657505658,True
everything-everywhere-all-at-once,wikidata:Q83808444,unknown,2022,film,eur-27,uploaders,without-hosting,audit-filtered,5,238769,2051410,11.639262750985907,True
everything-everywhere-all-at-once,wikidata:Q83808444,unknown,2022,film,usa-can,uploaders,all,full,8,440786,4067447,10.836920554834519,True
everything-everywhere-all-at-once,wikidata:Q83808444,unknown,2022,film,usa-can,uploaders,all,audit-filtered,5,254380,2352238,10.814381878024248,True
everything-everywhere-all-at-once,wikidata:Q83808444,unknown,2022,film,usa-can,uploaders,without-hosting,full,8,221583,3545825,6.24912396973906,True
everything-everywhere-all-at-once,wikidata:Q83808444,unknown,2022,film,usa-can,uploaders,without-hosting,audit-filtered,5,128684,2051410,6.272953724511433,True
everything-everywhere-all-at-once,wikidata:Q83808444,unknown,2022,film,other,uploaders,all,full,8,2166086,4067447,53.254191142502904,True
everything-everywhere-all-at-once,wikidata:Q83808444,unknown,2022,film,other,uploaders,all,audit-filtered,5,1237454,2352238,52.607516756382644,True
everything-everywhere-all-at-once,wikidata:Q83808444,unknown,2022,film,other,uploaders,without-hosting,full,8,2035892,3545825,57.41659557366762,True
everything-everywhere-all-at-once,wikidata:Q83808444,unknown,2022,film,other,uploaders,without-hosting,audit-filtered,5,1161760,2051410,56.6322675623108,True
everything-everywhere-all-at-once,wikidata:Q83808444,unknown,2022,film,unclassified,uploaders,all,full,8,1135,4067447,0.027904481607258804,True
everything-everywhere-all-at-once,wikidata:Q83808444,unknown,2022,film,unclassified,uploaders,all,audit-filtered,5,543,2352238,0.023084398772573185,True
everything-everywhere-all-at-once,wikidata:Q83808444,unknown,2022,film,unclassified,uploaders,without-hosting,full,8,1131,3545825,0.031896667207208476,True
everything-everywhere-all-at-once,wikidata:Q83808444,unknown,2022,film,unclassified,uploaders,without-hosting,audit-filtered,5,541,2051410,0.026372105039948135,True
expanse-04,wikidata:Q18389644,unknown,2019,television_season,asia-28,downloaders,all,full,8,3587807,17473822,20.532468512040467,True
expanse-04,wikidata:Q18389644,unknown,2019,television_season,asia-28,downloaders,all,audit-filtered,8,3587807,17473822,20.532468512040467,True
expanse-04,wikidata:Q18389644,unknown,2019,television_season,asia-28,downloaders,without-hosting,full,8,3220118,14199886,22.67706937928938,True
expanse-04,wikidata:Q18389644,unknown,2019,television_season,asia-28,downloaders,without-hosting,audit-filtered,8,3220118,14199886,22.67706937928938,True
expanse-04,wikidata:Q18389644,unknown,2019,television_season,eur-27,downloaders,all,full,8,3487663,17473822,19.959359778301508,True
expanse-04,wikidata:Q18389644,unknown,2019,television_season,eur-27,downloaders,all,audit-filtered,8,3487663,17473822,19.959359778301508,True
expanse-04,wikidata:Q18389644,unknown,2019,television_season,eur-27,downloaders,without-hosting,full,8,2482981,14199886,17.48592207007859,True
expanse-04,wikidata:Q18389644,unknown,2019,television_season,eur-27,downloaders,without-hosting,audit-filtered,8,2482981,14199886,17.48592207007859,True
expanse-04,wikidata:Q18389644,unknown,2019,television_season,usa-can,downloaders,all,full,8,6013792,17473822,34.41600812918891,True
expanse-04,wikidata:Q18389644,unknown,2019,television_season,usa-can,downloaders,all,audit-filtered,8,6013792,17473822,34.41600812918891,True
expanse-04,wikidata:Q18389644,unknown,2019,television_season,usa-can,downloaders,without-hosting,full,8,4695122,14199886,33.06450488405329,True
expanse-04,wikidata:Q18389644,unknown,2019,television_season,usa-can,downloaders,without-hosting,audit-filtered,8,4695122,14199886,33.06450488405329,True
expanse-04,wikidata:Q18389644,unknown,2019,television_season,other,downloaders,all,full,8,4382471,17473822,25.080208554259052,True
expanse-04,wikidata:Q18389644,unknown,2019,television_season,other,downloaders,all,audit-filtered,8,4382471,17473822,25.080208554259052,True
expanse-04,wikidata:Q18389644,unknown,2019,television_season,other,downloaders,without-hosting,full,8,3799576,14199886,26.75779228086761,True
expanse-04,wikidata:Q18389644,unknown,2019,television_season,other,downloaders,without-hosting,audit-filtered,8,3799576,14199886,26.75779228086761,True
expanse-04,wikidata:Q18389644,unknown,2019,television_season,unclassified,downloaders,all,full,8,2089,17473822,0.011955026210064404,True
expanse-04,wikidata:Q18389644,unknown,2019,television_season,unclassified,downloaders,all,audit-filtered,8,2089,17473822,0.011955026210064404,True
expanse-04,wikidata:Q18389644,unknown,2019,television_season,unclassified,downloaders,without-hosting,full,8,2089,14199886,0.014711385711124724,True
expanse-04,wikidata:Q18389644,unknown,2019,television_season,unclassified,downloaders,without-hosting,audit-filtered,8,2089,14199886,0.014711385711124724,True
expanse-04,wikidata:Q18389644,unknown,2019,television_season,asia-28,uploaders,all,full,8,300687,2448608,12.279915772553222,True
expanse-04,wikidata:Q18389644,unknown,2019,television_season,asia-28,uploaders,all,audit-filtered,8,300687,2448608,12.279915772553222,True
expanse-04,wikidata:Q18389644,unknown,2019,television_season,asia-28,uploaders,without-hosting,full,8,268674,1817653,14.78136916122054,True
expanse-04,wikidata:Q18389644,unknown,2019,television_season,asia-28,uploaders,without-hosting,audit-filtered,8,268674,1817653,14.78136916122054,True
expanse-04,wikidata:Q18389644,unknown,2019,television_season,eur-27,uploaders,all,full,8,759950,2448608,31.036000862530873,True
expanse-04,wikidata:Q18389644,unknown,2019,television_season,eur-27,uploaders,all,audit-filtered,8,759950,2448608,31.036000862530873,True
expanse-04,wikidata:Q18389644,unknown,2019,television_season,eur-27,uploaders,without-hosting,full,8,524177,1817653,28.838122567948886,True
expanse-04,wikidata:Q18389644,unknown,2019,television_season,eur-27,uploaders,without-hosting,audit-filtered,8,524177,1817653,28.838122567948886,True
expanse-04,wikidata:Q18389644,unknown,2019,television_season,usa-can,uploaders,all,full,8,488919,2448608,19.967222193180778,True
expanse-04,wikidata:Q18389644,unknown,2019,television_season,usa-can,uploaders,all,audit-filtered,8,488919,2448608,19.967222193180778,True
expanse-04,wikidata:Q18389644,unknown,2019,television_season,usa-can,uploaders,without-hosting,full,8,265309,1817653,14.596240316496052,True
expanse-04,wikidata:Q18389644,unknown,2019,television_season,usa-can,uploaders,without-hosting,audit-filtered,8,265309,1817653,14.596240316496052,True
expanse-04,wikidata:Q18389644,unknown,2019,television_season,other,uploaders,all,full,8,898369,2448608,36.68896777271004,True
expanse-04,wikidata:Q18389644,unknown,2019,television_season,other,uploaders,all,audit-filtered,8,898369,2448608,36.68896777271004,True
expanse-04,wikidata:Q18389644,unknown,2019,television_season,other,uploaders,without-hosting,full,8,758810,1817653,41.74669202537558,True
expanse-04,wikidata:Q18389644,unknown,2019,television_season,other,uploaders,without-hosting,audit-filtered,8,758810,1817653,41.74669202537558,True
expanse-04,wikidata:Q18389644,unknown,2019,television_season,unclassified,uploaders,all,full,8,683,2448608,0.027893399025078737,True
expanse-04,wikidata:Q18389644,unknown,2019,television_season,unclassified,uploaders,all,audit-filtered,8,683,2448608,0.027893399025078737,True
expanse-04,wikidata:Q18389644,unknown,2019,television_season,unclassified,uploaders,without-hosting,full,8,683,1817653,0.03757592895893771,True
expanse-04,wikidata:Q18389644,unknown,2019,television_season,unclassified,uploaders,without-hosting,audit-filtered,8,683,1817653,0.03757592895893771,True
expanse-501,wikidata:Q18389644,unknown,2020,television_episode,asia-28,downloaders,all,full,8,443444,3690502,12.015817902279961,True
expanse-501,wikidata:Q18389644,unknown,2020,television_episode,asia-28,downloaders,all,audit-filtered,7,344967,2683466,12.855277465784921,True
expanse-501,wikidata:Q18389644,unknown,2020,television_episode,asia-28,downloaders,without-hosting,full,8,389033,2730832,14.245951417004049,True
expanse-501,wikidata:Q18389644,unknown,2020,television_episode,asia-28,downloaders,without-hosting,audit-filtered,7,304132,1987622,15.301299744116337,True
expanse-501,wikidata:Q18389644,unknown,2020,television_episode,eur-27,downloaders,all,full,8,1075526,3690502,29.143081347740768,True
expanse-501,wikidata:Q18389644,unknown,2020,television_episode,eur-27,downloaders,all,audit-filtered,7,752064,2683466,28.025844188076167,True
expanse-501,wikidata:Q18389644,unknown,2020,television_episode,eur-27,downloaders,without-hosting,full,8,744162,2730832,27.250376442051362,True
expanse-501,wikidata:Q18389644,unknown,2020,television_episode,eur-27,downloaders,without-hosting,audit-filtered,7,513956,1987622,25.85783413546439,True
expanse-501,wikidata:Q18389644,unknown,2020,television_episode,usa-can,downloaders,all,full,8,904302,3690502,24.50349573039115,True
expanse-501,wikidata:Q18389644,unknown,2020,television_episode,usa-can,downloaders,all,audit-filtered,7,684814,2683466,25.519756911397423,True
expanse-501,wikidata:Q18389644,unknown,2020,television_episode,usa-can,downloaders,without-hosting,full,8,527973,2730832,19.333778130621,True
expanse-501,wikidata:Q18389644,unknown,2020,television_episode,usa-can,downloaders,without-hosting,audit-filtered,7,407293,1987622,20.491471718465583,True
expanse-501,wikidata:Q18389644,unknown,2020,television_episode,other,downloaders,all,full,8,1266227,3690502,34.31042714514177,True
expanse-501,wikidata:Q18389644,unknown,2020,television_episode,other,downloaders,all,audit-filtered,7,901000,2683466,33.57597972174792,True
expanse-501,wikidata:Q18389644,unknown,2020,television_episode,other,downloaders,without-hosting,full,8,1068670,2730832,39.13349484699169,True
expanse-501,wikidata:Q18389644,unknown,2020,television_episode,other,downloaders,without-hosting,audit-filtered,7,761620,1987622,38.31815103676655,True
expanse-501,wikidata:Q18389644,unknown,2020,television_episode,unclassified,downloaders,all,full,8,1003,3690502,0.027177874446349032,True
expanse-501,wikidata:Q18389644,unknown,2020,television_episode,unclassified,downloaders,all,audit-filtered,7,621,2683466,0.023141712993568764,True
expanse-501,wikidata:Q18389644,unknown,2020,television_episode,unclassified,downloaders,without-hosting,full,8,994,2730832,0.03639916333190764,True
expanse-501,wikidata:Q18389644,unknown,2020,television_episode,unclassified,downloaders,without-hosting,audit-filtered,7,621,1987622,0.03124336518714323,True
expanse-501,wikidata:Q18389644,unknown,2020,television_episode,asia-28,uploaders,all,full,8,168116,1588179,10.585456677112592,True
expanse-501,wikidata:Q18389644,unknown,2020,television_episode,asia-28,uploaders,all,audit-filtered,7,131875,1166594,11.304275523446888,True
expanse-501,wikidata:Q18389644,unknown,2020,television_episode,asia-28,uploaders,without-hosting,full,8,144284,1172864,12.3018525592055,True
expanse-501,wikidata:Q18389644,unknown,2020,television_episode,asia-28,uploaders,without-hosting,audit-filtered,7,112525,840230,13.392166430620188,True
expanse-501,wikidata:Q18389644,unknown,2020,television_episode,eur-27,uploaders,all,full,8,529977,1588179,33.37010500705525,True
expanse-501,wikidata:Q18389644,unknown,2020,television_episode,eur-27,uploaders,all,audit-filtered,7,382035,1166594,32.74789686900498,True
expanse-501,wikidata:Q18389644,unknown,2020,television_episode,eur-27,uploaders,without-hosting,full,8,378710,1172864,32.289336189021064,True
expanse-501,wikidata:Q18389644,unknown,2020,television_episode,eur-27,uploaders,without-hosting,audit-filtered,7,267041,840230,31.781893053092606,True
expanse-501,wikidata:Q18389644,unknown,2020,television_episode,usa-can,uploaders,all,full,8,302096,1588179,19.021533466945478,True
expanse-501,wikidata:Q18389644,unknown,2020,television_episode,usa-can,uploaders,all,audit-filtered,7,228622,1166594,19.597392066134404,True
expanse-501,wikidata:Q18389644,unknown,2020,television_episode,usa-can,uploaders,without-hosting,full,8,138256,1172864,11.787896976972608,True
expanse-501,wikidata:Q18389644,unknown,2020,television_episode,usa-can,uploaders,without-hosting,audit-filtered,7,95109,840230,11.31940064030087,True
expanse-501,wikidata:Q18389644,unknown,2020,television_episode,other,uploaders,all,full,8,587591,1588179,36.99778173618969,True
expanse-501,wikidata:Q18389644,unknown,2020,television_episode,other,uploaders,all,audit-filtered,7,423782,1166594,36.32643404646347,True
expanse-501,wikidata:Q18389644,unknown,2020,television_episode,other,uploaders,without-hosting,full,8,511215,1172864,43.58689498526683,True
expanse-501,wikidata:Q18389644,unknown,2020,television_episode,other,uploaders,without-hosting,audit-filtered,7,365275,840230,43.47321566713876,True
expanse-501,wikidata:Q18389644,unknown,2020,television_episode,unclassified,uploaders,all,full,8,399,1588179,0.025123112696994482,True
expanse-501,wikidata:Q18389644,unknown,2020,television_episode,unclassified,uploaders,all,audit-filtered,7,280,1166594,0.024001494950256903,True
expanse-501,wikidata:Q18389644,unknown,2020,television_episode,unclassified,uploaders,without-hosting,full,8,399,1172864,0.03401928953399542,True
expanse-501,wikidata:Q18389644,unknown,2020,television_episode,unclassified,uploaders,without-hosting,audit-filtered,7,280,840230,0.03332420884757745,True
expanse-510,wikidata:Q18389644,unknown,2021,television_episode,asia-28,downloaders,all,full,8,999451,4821101,20.730762537436988,True
expanse-510,wikidata:Q18389644,unknown,2021,television_episode,asia-28,downloaders,all,audit-filtered,7,868889,4200734,20.684218519906285,True
expanse-510,wikidata:Q18389644,unknown,2021,television_episode,asia-28,downloaders,without-hosting,full,8,886364,3962685,22.367763271620127,True
expanse-510,wikidata:Q18389644,unknown,2021,television_episode,asia-28,downloaders,without-hosting,audit-filtered,7,770583,3448523,22.34530551195396,True
expanse-510,wikidata:Q18389644,unknown,2021,television_episode,eur-27,downloaders,all,full,8,866199,4821101,17.96682956859854,True
expanse-510,wikidata:Q18389644,unknown,2021,television_episode,eur-27,downloaders,all,audit-filtered,7,762355,4200734,18.148137920658627,True
expanse-510,wikidata:Q18389644,unknown,2021,television_episode,eur-27,downloaders,without-hosting,full,8,663514,3962685,16.744051066385545,True
expanse-510,wikidata:Q18389644,unknown,2021,television_episode,eur-27,downloaders,without-hosting,audit-filtered,7,583218,3448523,16.912109909082815,True
expanse-510,wikidata:Q18389644,unknown,2021,television_episode,usa-can,downloaders,all,full,8,1776951,4821101,36.857784145156884,True
expanse-510,wikidata:Q18389644,unknown,2021,television_episode,usa-can,downloaders,all,audit-filtered,7,1541278,4200734,36.69068310442889,True
expanse-510,wikidata:Q18389644,unknown,2021,television_episode,usa-can,downloaders,without-hosting,full,8,1396208,3962685,35.23388813392939,True
expanse-510,wikidata:Q18389644,unknown,2021,television_episode,usa-can,downloaders,without-hosting,audit-filtered,7,1208666,3448523,35.048802052356905,True
expanse-510,wikidata:Q18389644,unknown,2021,television_episode,other,downloaders,all,full,8,1178044,4821101,24.43516532841772,True
expanse-510,wikidata:Q18389644,unknown,2021,television_episode,other,downloaders,all,audit-filtered,7,1027808,4200734,24.467343088136502,True
expanse-510,wikidata:Q18389644,unknown,2021,television_episode,other,downloaders,without-hosting,full,8,1016147,3962685,25.642891120540746,True
expanse-510,wikidata:Q18389644,unknown,2021,television_episode,other,downloaders,without-hosting,audit-filtered,7,885656,3448523,25.68218335791874,True
expanse-510,wikidata:Q18389644,unknown,2021,television_episode,unclassified,downloaders,all,full,8,456,4821101,0.009458420389865302,True
expanse-510,wikidata:Q18389644,unknown,2021,television_episode,unclassified,downloaders,all,audit-filtered,7,404,4200734,0.009617366869694678,True
expanse-510,wikidata:Q18389644,unknown,2021,television_episode,unclassified,downloaders,without-hosting,full,8,452,3962685,0.0114064075241913,True
expanse-510,wikidata:Q18389644,unknown,2021,television_episode,unclassified,downloaders,without-hosting,audit-filtered,7,400,3448523,0.011599168687580161,True
expanse-510,wikidata:Q18389644,unknown,2021,television_episode,asia-28,uploaders,all,full,8,50576,575242,8.79212574881528,True
expanse-510,wikidata:Q18389644,unknown,2021,television_episode,asia-28,uploaders,all,audit-filtered,7,46415,515921,8.99653241484646,True
expanse-510,wikidata:Q18389644,unknown,2021,television_episode,asia-28,uploaders,without-hosting,full,8,43298,454615,9.524102812269723,True
expanse-510,wikidata:Q18389644,unknown,2021,television_episode,asia-28,uploaders,without-hosting,audit-filtered,7,39904,406722,9.811124060168861,True
expanse-510,wikidata:Q18389644,unknown,2021,television_episode,eur-27,uploaders,all,full,8,152677,575242,26.541351292151823,True
expanse-510,wikidata:Q18389644,unknown,2021,television_episode,eur-27,uploaders,all,audit-filtered,7,139354,515921,27.01072451014787,True
expanse-510,wikidata:Q18389644,unknown,2021,television_episode,eur-27,uploaders,without-hosting,full,8,106954,454615,23.5262804790867,True
expanse-510,wikidata:Q18389644,unknown,2021,television_episode,eur-27,uploaders,without-hosting,audit-filtered,7,97801,406722,24.046154375716092,True
expanse-510,wikidata:Q18389644,unknown,2021,television_episode,usa-can,uploaders,all,full,8,79804,575242,13.873117748704024,True
expanse-510,wikidata:Q18389644,unknown,2021,television_episode,usa-can,uploaders,all,audit-filtered,7,73126,515921,14.17387545767666,True
expanse-510,wikidata:Q18389644,unknown,2021,television_episode,usa-can,uploaders,without-hosting,full,8,38419,454615,8.450887014286813,True
expanse-510,wikidata:Q18389644,unknown,2021,television_episode,usa-can,uploaders,without-hosting,audit-filtered,7,35545,406722,8.73938464110621,True
expanse-510,wikidata:Q18389644,unknown,2021,television_episode,other,uploaders,all,full,8,292096,575242,50.777933461047695,True
expanse-510,wikidata:Q18389644,unknown,2021,television_episode,other,uploaders,all,audit-filtered,7,256945,515921,49.803167539216275,True
expanse-510,wikidata:Q18389644,unknown,2021,television_episode,other,uploaders,without-hosting,full,8,265856,454615,58.47937265598363,True
expanse-510,wikidata:Q18389644,unknown,2021,television_episode,other,uploaders,without-hosting,audit-filtered,7,233392,406722,57.38366746819695,True
expanse-510,wikidata:Q18389644,unknown,2021,television_episode,unclassified,uploaders,all,full,8,89,575242,0.015471749281172098,True
expanse-510,wikidata:Q18389644,unknown,2021,television_episode,unclassified,uploaders,all,audit-filtered,7,81,515921,0.015700078112734314,True
expanse-510,wikidata:Q18389644,unknown,2021,television_episode,unclassified,uploaders,without-hosting,full,8,88,454615,0.01935703837312891,True
expanse-510,wikidata:Q18389644,unknown,2021,television_episode,unclassified,uploaders,without-hosting,audit-filtered,7,80,406722,0.019669454811886252,True
expanse-601,wikidata:Q18389644,unknown,2021,television_episode,asia-28,downloaders,all,full,8,333461,2568638,12.982016150193216,True
expanse-601,wikidata:Q18389644,unknown,2021,television_episode,asia-28,downloaders,all,audit-filtered,6,247529,1845378,13.413457838990169,True
expanse-601,wikidata:Q18389644,unknown,2021,television_episode,asia-28,downloaders,without-hosting,full,8,297256,1894423,15.691110169164965,True
expanse-601,wikidata:Q18389644,unknown,2021,television_episode,asia-28,downloaders,without-hosting,audit-filtered,6,221252,1370389,16.14519672881204,True
expanse-601,wikidata:Q18389644,unknown,2021,television_episode,eur-27,downloaders,all,full,8,742747,2568638,28.915985825951342,True
expanse-601,wikidata:Q18389644,unknown,2021,television_episode,eur-27,downloaders,all,audit-filtered,6,526504,1845378,28.5309568012624,True
expanse-601,wikidata:Q18389644,unknown,2021,television_episode,eur-27,downloaders,without-hosting,full,8,504250,1894423,26.617603354689,True
expanse-601,wikidata:Q18389644,unknown,2021,television_episode,eur-27,downloaders,without-hosting,audit-filtered,6,357083,1370389,26.057053873024376,True
expanse-601,wikidata:Q18389644,unknown,2021,television_episode,usa-can,downloaders,all,full,8,459831,2568638,17.901744037112277,True
expanse-601,wikidata:Q18389644,unknown,2021,television_episode,usa-can,downloaders,all,audit-filtered,6,318224,1845378,17.244380284147745,True
expanse-601,wikidata:Q18389644,unknown,2021,television_episode,usa-can,downloaders,without-hosting,full,8,187731,1894423,9.909666426136084,True
expanse-601,wikidata:Q18389644,unknown,2021,television_episode,usa-can,downloaders,without-hosting,audit-filtered,6,125158,1370389,9.13302719154926,True
expanse-601,wikidata:Q18389644,unknown,2021,television_episode,other,downloaders,all,full,8,1031676,2568638,40.16432054653089,True
expanse-601,wikidata:Q18389644,unknown,2021,television_episode,other,downloaders,all,audit-filtered,6,752418,1845378,40.77310989943524,True
expanse-601,wikidata:Q18389644,unknown,2021,television_episode,other,downloaders,without-hosting,full,8,904268,1894423,47.733162023476275,True
expanse-601,wikidata:Q18389644,unknown,2021,television_episode,other,downloaders,without-hosting,audit-filtered,6,666193,1370389,48.61342290400755,True
expanse-601,wikidata:Q18389644,unknown,2021,television_episode,unclassified,downloaders,all,full,8,923,2568638,0.03593344021228371,True
expanse-601,wikidata:Q18389644,unknown,2021,television_episode,unclassified,downloaders,all,audit-filtered,6,703,1845378,0.038095176164449775,True
expanse-601,wikidata:Q18389644,unknown,2021,television_episode,unclassified,downloaders,without-hosting,full,8,918,1894423,0.04845802653367279,True
expanse-601,wikidata:Q18389644,unknown,2021,television_episode,unclassified,downloaders,without-hosting,audit-filtered,6,703,1370389,0.05129930260677808,True
expanse-601,wikidata:Q18389644,unknown,2021,television_episode,asia-28,uploaders,all,full,8,75013,831410,9.022383661490721,True
expanse-601,wikidata:Q18389644,unknown,2021,television_episode,asia-28,uploaders,all,audit-filtered,6,52528,570481,9.207668616483284,True
expanse-601,wikidata:Q18389644,unknown,2021,television_episode,asia-28,uploaders,without-hosting,full,8,64022,564698,11.337387417699372,True
expanse-601,wikidata:Q18389644,unknown,2021,television_episode,asia-28,uploaders,without-hosting,audit-filtered,6,44868,382644,11.725781666509864,True
expanse-601,wikidata:Q18389644,unknown,2021,television_episode,eur-27,uploaders,all,full,8,272439,831410,32.76830925776692,True
expanse-601,wikidata:Q18389644,unknown,2021,television_episode,eur-27,uploaders,all,audit-filtered,6,184280,570481,32.30256572962114,True
expanse-601,wikidata:Q18389644,unknown,2021,television_episode,eur-27,uploaders,without-hosting,full,8,195943,564698,34.69872391968804,True
expanse-601,wikidata:Q18389644,unknown,2021,television_episode,eur-27,uploaders,without-hosting,audit-filtered,6,132774,382644,34.69909367453821,True
expanse-601,wikidata:Q18389644,unknown,2021,television_episode,usa-can,uploaders,all,full,8,183248,831410,22.040629773517278,True
expanse-601,wikidata:Q18389644,unknown,2021,television_episode,usa-can,uploaders,all,audit-filtered,6,129408,570481,22.68401576914919,True
expanse-601,wikidata:Q18389644,unknown,2021,television_episode,usa-can,uploaders,without-hosting,full,8,48286,564698,8.55076518776408,True
expanse-601,wikidata:Q18389644,unknown,2021,television_episode,usa-can,uploaders,without-hosting,audit-filtered,6,30084,382644,7.862138175431994,True
expanse-601,wikidata:Q18389644,unknown,2021,television_episode,other,uploaders,all,full,8,300455,831410,36.13800651904596,True
expanse-601,wikidata:Q18389644,unknown,2021,television_episode,other,uploaders,all,audit-filtered,6,204064,570481,35.770516458918,True
expanse-601,wikidata:Q18389644,unknown,2021,television_episode,other,uploaders,without-hosting,full,8,256192,564698,45.36796659453371,True
expanse-601,wikidata:Q18389644,unknown,2021,television_episode,other,uploaders,without-hosting,audit-filtered,6,174717,382644,45.66045723962743,True
expanse-601,wikidata:Q18389644,unknown,2021,television_episode,unclassified,uploaders,all,full,8,255,831410,0.030670788179117402,True
expanse-601,wikidata:Q18389644,unknown,2021,television_episode,unclassified,uploaders,all,audit-filtered,6,201,570481,0.03523342582837991,True
expanse-601,wikidata:Q18389644,unknown,2021,television_episode,unclassified,uploaders,without-hosting,full,8,255,564698,0.04515688031478773,True
expanse-601,wikidata:Q18389644,unknown,2021,television_episode,unclassified,uploaders,without-hosting,audit-filtered,6,201,382644,0.05252924389249537,True
expanse-606,wikidata:Q18389644,unknown,2022,television_episode,asia-28,downloaders,all,full,8,267410,2120345,12.611626881474477,True
expanse-606,wikidata:Q18389644,unknown,2022,television_episode,asia-28,downloaders,all,audit-filtered,4,119789,881191,13.5939881365107,True
expanse-606,wikidata:Q18389644,unknown,2022,television_episode,asia-28,downloaders,without-hosting,full,8,242294,1639231,14.780955216195887,True
expanse-606,wikidata:Q18389644,unknown,2022,television_episode,asia-28,downloaders,without-hosting,audit-filtered,4,109637,686805,15.963337482982798,True
expanse-606,wikidata:Q18389644,unknown,2022,television_episode,eur-27,downloaders,all,full,8,567970,2120345,26.786678582966452,True
expanse-606,wikidata:Q18389644,unknown,2022,television_episode,eur-27,downloaders,all,audit-filtered,4,221492,881191,25.135526804064046,True
expanse-606,wikidata:Q18389644,unknown,2022,television_episode,eur-27,downloaders,without-hosting,full,8,378045,1639231,23.062338376958465,True
expanse-606,wikidata:Q18389644,unknown,2022,television_episode,eur-27,downloaders,without-hosting,audit-filtered,4,139658,686805,20.334447186610465,True
expanse-606,wikidata:Q18389644,unknown,2022,television_episode,usa-can,downloaders,all,full,8,306017,2120345,14.432415479556393,True
expanse-606,wikidata:Q18389644,unknown,2022,television_episode,usa-can,downloaders,all,audit-filtered,4,122885,881191,13.945330807963312,True
expanse-606,wikidata:Q18389644,unknown,2022,television_episode,usa-can,downloaders,without-hosting,full,8,137849,1639231,8.409370003373533,True
expanse-606,wikidata:Q18389644,unknown,2022,television_episode,usa-can,downloaders,without-hosting,audit-filtered,4,57334,686805,8.347929907324495,True
expanse-606,wikidata:Q18389644,unknown,2022,television_episode,other,downloaders,all,full,8,978538,2120345,46.149942580098994,True
expanse-606,wikidata:Q18389644,unknown,2022,television_episode,other,downloaders,all,audit-filtered,4,416966,881191,47.31845876773594,True
expanse-606,wikidata:Q18389644,unknown,2022,television_episode,other,downloaders,without-hosting,full,8,880645,1639231,53.723056725989196,True
expanse-606,wikidata:Q18389644,unknown,2022,television_episode,other,downloaders,without-hosting,audit-filtered,4,380117,686805,55.34569492068346,True
expanse-606,wikidata:Q18389644,unknown,2022,television_episode,unclassified,downloaders,all,full,8,410,2120345,0.019336475903685486,True
expanse-606,wikidata:Q18389644,unknown,2022,television_episode,unclassified,downloaders,all,audit-filtered,4,59,881191,0.006695483726002649,True
expanse-606,wikidata:Q18389644,unknown,2022,television_episode,unclassified,downloaders,without-hosting,full,8,398,1639231,0.024279677482917296,True
expanse-606,wikidata:Q18389644,unknown,2022,television_episode,unclassified,downloaders,without-hosting,audit-filtered,4,59,686805,0.008590502398788594,True
expanse-606,wikidata:Q18389644,unknown,2022,television_episode,asia-28,uploaders,all,full,8,58440,684880,8.532881672701787,True
expanse-606,wikidata:Q18389644,unknown,2022,television_episode,asia-28,uploaders,all,audit-filtered,4,19640,237690,8.26286339349573,True
expanse-606,wikidata:Q18389644,unknown,2022,television_episode,asia-28,uploaders,without-hosting,full,8,51428,523495,9.823971575659748,True
expanse-606,wikidata:Q18389644,unknown,2022,television_episode,asia-28,uploaders,without-hosting,audit-filtered,4,17334,180565,9.599867083875612,True
expanse-606,wikidata:Q18389644,unknown,2022,television_episode,eur-27,uploaders,all,full,8,203601,684880,29.727981544212124,True
expanse-606,wikidata:Q18389644,unknown,2022,television_episode,eur-27,uploaders,all,audit-filtered,4,68096,237690,28.64908073541167,True
expanse-606,wikidata:Q18389644,unknown,2022,television_episode,eur-27,uploaders,without-hosting,full,8,154165,523495,29.449182895729663,True
expanse-606,wikidata:Q18389644,unknown,2022,television_episode,eur-27,uploaders,without-hosting,audit-filtered,4,51809,180565,28.69271453493202,True
expanse-606,wikidata:Q18389644,unknown,2022,television_episode,usa-can,uploaders,all,full,8,108676,684880,15.867889265272748,True
expanse-606,wikidata:Q18389644,unknown,2022,television_episode,usa-can,uploaders,all,audit-filtered,4,39793,237690,16.741554125120956,True
expanse-606,wikidata:Q18389644,unknown,2022,television_episode,usa-can,uploaders,without-hosting,full,8,35377,523495,6.757848690054346,True
expanse-606,wikidata:Q18389644,unknown,2022,television_episode,usa-can,uploaders,without-hosting,audit-filtered,4,10941,180565,6.0593138205078505,True
expanse-606,wikidata:Q18389644,unknown,2022,television_episode,other,uploaders,all,full,8,314004,684880,45.848031771989255,True
expanse-606,wikidata:Q18389644,unknown,2022,television_episode,other,uploaders,all,audit-filtered,4,110142,237690,46.33850814085574,True
expanse-606,wikidata:Q18389644,unknown,2022,television_episode,other,uploaders,without-hosting,full,8,282366,523495,53.93862405562613,True
expanse-606,wikidata:Q18389644,unknown,2022,television_episode,other,uploaders,without-hosting,audit-filtered,4,100462,180565,55.63758203417052,True
expanse-606,wikidata:Q18389644,unknown,2022,television_episode,unclassified,uploaders,all,full,8,159,684880,0.023215745824085973,True
expanse-606,wikidata:Q18389644,unknown,2022,television_episode,unclassified,uploaders,all,audit-filtered,4,19,237690,0.007993605115907274,True
expanse-606,wikidata:Q18389644,unknown,2022,television_episode,unclassified,uploaders,without-hosting,full,8,159,523495,0.030372782930113945,True
expanse-606,wikidata:Q18389644,unknown,2022,television_episode,unclassified,uploaders,without-hosting,audit-filtered,4,19,180565,0.010522526513997729,True
fargo-501,wikidata:Q15931555,unknown,2023,television_episode,asia-28,downloaders,all,full,8,784794,6733692,11.654735619033362,True
fargo-501,wikidata:Q15931555,unknown,2023,television_episode,asia-28,downloaders,all,audit-filtered,8,784794,6733692,11.654735619033362,True
fargo-501,wikidata:Q15931555,unknown,2023,television_episode,asia-28,downloaders,without-hosting,full,8,718652,5452119,13.181150301378235,True
fargo-501,wikidata:Q15931555,unknown,2023,television_episode,asia-28,downloaders,without-hosting,audit-filtered,8,718652,5452119,13.181150301378235,True
fargo-501,wikidata:Q15931555,unknown,2023,television_episode,eur-27,downloaders,all,full,8,1967515,6733692,29.21896338591073,True
fargo-501,wikidata:Q15931555,unknown,2023,television_episode,eur-27,downloaders,all,audit-filtered,8,1967515,6733692,29.21896338591073,True
fargo-501,wikidata:Q15931555,unknown,2023,television_episode,eur-27,downloaders,without-hosting,full,8,1467433,5452119,26.914911431683716,True
fargo-501,wikidata:Q15931555,unknown,2023,television_episode,eur-27,downloaders,without-hosting,audit-filtered,8,1467433,5452119,26.914911431683716,True
fargo-501,wikidata:Q15931555,unknown,2023,television_episode,usa-can,downloaders,all,full,8,898409,6733692,13.341997228266454,True
fargo-501,wikidata:Q15931555,unknown,2023,television_episode,usa-can,downloaders,all,audit-filtered,8,898409,6733692,13.341997228266454,True
fargo-501,wikidata:Q15931555,unknown,2023,television_episode,usa-can,downloaders,without-hosting,full,8,420696,5452119,7.7161925482550915,True
fargo-501,wikidata:Q15931555,unknown,2023,television_episode,usa-can,downloaders,without-hosting,audit-filtered,8,420696,5452119,7.7161925482550915,True
fargo-501,wikidata:Q15931555,unknown,2023,television_episode,other,downloaders,all,full,8,3080360,6733692,45.745484052433646,True
fargo-501,wikidata:Q15931555,unknown,2023,television_episode,other,downloaders,all,audit-filtered,8,3080360,6733692,45.745484052433646,True
fargo-501,wikidata:Q15931555,unknown,2023,television_episode,other,downloaders,without-hosting,full,8,2842769,5452119,52.14062642433153,True
fargo-501,wikidata:Q15931555,unknown,2023,television_episode,other,downloaders,without-hosting,audit-filtered,8,2842769,5452119,52.14062642433153,True
fargo-501,wikidata:Q15931555,unknown,2023,television_episode,unclassified,downloaders,all,full,8,2614,6733692,0.03881971435580956,True
fargo-501,wikidata:Q15931555,unknown,2023,television_episode,unclassified,downloaders,all,audit-filtered,8,2614,6733692,0.03881971435580956,True
fargo-501,wikidata:Q15931555,unknown,2023,television_episode,unclassified,downloaders,without-hosting,full,8,2569,5452119,0.04711929435142557,True
fargo-501,wikidata:Q15931555,unknown,2023,television_episode,unclassified,downloaders,without-hosting,audit-filtered,8,2569,5452119,0.04711929435142557,True
fargo-501,wikidata:Q15931555,unknown,2023,television_episode,asia-28,uploaders,all,full,8,100350,1023133,9.808109014175088,True
fargo-501,wikidata:Q15931555,unknown,2023,television_episode,asia-28,uploaders,all,audit-filtered,8,100350,1023133,9.808109014175088,True
fargo-501,wikidata:Q15931555,unknown,2023,television_episode,asia-28,uploaders,without-hosting,full,8,89113,698633,12.755337924203408,True
fargo-501,wikidata:Q15931555,unknown,2023,television_episode,asia-28,uploaders,without-hosting,audit-filtered,8,89113,698633,12.755337924203408,True
fargo-501,wikidata:Q15931555,unknown,2023,television_episode,eur-27,uploaders,all,full,8,319454,1023133,31.223115665314285,True
fargo-501,wikidata:Q15931555,unknown,2023,television_episode,eur-27,uploaders,all,audit-filtered,8,319454,1023133,31.223115665314285,True
fargo-501,wikidata:Q15931555,unknown,2023,television_episode,eur-27,uploaders,without-hosting,full,8,205360,698633,29.394546206663584,True
fargo-501,wikidata:Q15931555,unknown,2023,television_episode,eur-27,uploaders,without-hosting,audit-filtered,8,205360,698633,29.394546206663584,True
fargo-501,wikidata:Q15931555,unknown,2023,television_episode,usa-can,uploaders,all,full,8,235737,1023133,23.040699498501173,True
fargo-501,wikidata:Q15931555,unknown,2023,television_episode,usa-can,uploaders,all,audit-filtered,8,235737,1023133,23.040699498501173,True
fargo-501,wikidata:Q15931555,unknown,2023,television_episode,usa-can,uploaders,without-hosting,full,8,89156,698633,12.761492800941268,True
fargo-501,wikidata:Q15931555,unknown,2023,television_episode,usa-can,uploaders,without-hosting,audit-filtered,8,89156,698633,12.761492800941268,True
fargo-501,wikidata:Q15931555,unknown,2023,television_episode,other,uploaders,all,full,8,367172,1023133,35.88702544048525,True
fargo-501,wikidata:Q15931555,unknown,2023,television_episode,other,uploaders,all,audit-filtered,8,367172,1023133,35.88702544048525,True
fargo-501,wikidata:Q15931555,unknown,2023,television_episode,other,uploaders,without-hosting,full,8,314588,698633,45.02907821416967,True
fargo-501,wikidata:Q15931555,unknown,2023,television_episode,other,uploaders,without-hosting,audit-filtered,8,314588,698633,45.02907821416967,True
fargo-501,wikidata:Q15931555,unknown,2023,television_episode,unclassified,uploaders,all,full,8,420,1023133,0.041050381524200666,True
fargo-501,wikidata:Q15931555,unknown,2023,television_episode,unclassified,uploaders,all,audit-filtered,8,420,1023133,0.041050381524200666,True
fargo-501,wikidata:Q15931555,unknown,2023,television_episode,unclassified,uploaders,without-hosting,full,8,416,698633,0.05954485402206881,True
fargo-501,wikidata:Q15931555,unknown,2023,television_episode,unclassified,uploaders,without-hosting,audit-filtered,8,416,698633,0.05954485402206881,True
fargo-510,wikidata:Q15931555,unknown,2024,television_episode,asia-28,downloaders,all,full,8,736810,5146126,14.317760583398075,True
fargo-510,wikidata:Q15931555,unknown,2024,television_episode,asia-28,downloaders,all,audit-filtered,6,584929,3933937,14.86879428928323,True
fargo-510,wikidata:Q15931555,unknown,2024,television_episode,asia-28,downloaders,without-hosting,full,8,688681,4279643,16.092019825018117,True
fargo-510,wikidata:Q15931555,unknown,2024,television_episode,asia-28,downloaders,without-hosting,audit-filtered,6,547984,3303235,16.58931320357165,True
fargo-510,wikidata:Q15931555,unknown,2024,television_episode,eur-27,downloaders,all,full,8,1394413,5146126,27.096363361487846,True
fargo-510,wikidata:Q15931555,unknown,2024,television_episode,eur-27,downloaders,all,audit-filtered,6,1061253,3933937,26.97686821115844,True
fargo-510,wikidata:Q15931555,unknown,2024,television_episode,eur-27,downloaders,without-hosting,full,8,991476,4279643,23.167259512066778,True
fargo-510,wikidata:Q15931555,unknown,2024,television_episode,eur-27,downloaders,without-hosting,audit-filtered,6,757330,3303235,22.926918611603472,True
fargo-510,wikidata:Q15931555,unknown,2024,television_episode,usa-can,downloaders,all,full,8,548954,5146126,10.667325285078523,True
fargo-510,wikidata:Q15931555,unknown,2024,television_episode,usa-can,downloaders,all,audit-filtered,6,396494,3933937,10.078809091248793,True
fargo-510,wikidata:Q15931555,unknown,2024,television_episode,usa-can,downloaders,without-hosting,full,8,285041,4279643,6.660391999986915,True
fargo-510,wikidata:Q15931555,unknown,2024,television_episode,usa-can,downloaders,without-hosting,audit-filtered,6,212841,3303235,6.443410777616488,True
fargo-510,wikidata:Q15931555,unknown,2024,television_episode,other,downloaders,all,full,8,2464133,5146126,47.88326208880233,True
fargo-510,wikidata:Q15931555,unknown,2024,television_episode,other,downloaders,all,audit-filtered,6,1889864,3933937,48.04001690926926,True
fargo-510,wikidata:Q15931555,unknown,2024,television_episode,other,downloaders,without-hosting,full,8,2312668,4279643,54.03880650792601,True
fargo-510,wikidata:Q15931555,unknown,2024,television_episode,other,downloaders,without-hosting,audit-filtered,6,1783718,3303235,53.99912510009128,True
fargo-510,wikidata:Q15931555,unknown,2024,television_episode,unclassified,downloaders,all,full,8,1816,5146126,0.03528868123322282,True
fargo-510,wikidata:Q15931555,unknown,2024,television_episode,unclassified,downloaders,all,audit-filtered,6,1397,3933937,0.03551149904027441,True
fargo-510,wikidata:Q15931555,unknown,2024,television_episode,unclassified,downloaders,without-hosting,full,8,1777,4279643,0.04152215500218125,True
fargo-510,wikidata:Q15931555,unknown,2024,television_episode,unclassified,downloaders,without-hosting,audit-filtered,6,1362,3303235,0.04123230711711398,True
fargo-510,wikidata:Q15931555,unknown,2024,television_episode,asia-28,uploaders,all,full,8,51950,611683,8.492961223378776,True
fargo-510,wikidata:Q15931555,unknown,2024,television_episode,asia-28,uploaders,all,audit-filtered,6,28620,351689,8.13787181288013,True
fargo-510,wikidata:Q15931555,unknown,2024,television_episode,asia-28,uploaders,without-hosting,full,8,46369,444468,10.432472078979814,True
fargo-510,wikidata:Q15931555,unknown,2024,television_episode,asia-28,uploaders,without-hosting,audit-filtered,6,25176,250189,10.06279252884819,True
fargo-510,wikidata:Q15931555,unknown,2024,television_episode,eur-27,uploaders,all,full,8,180239,611683,29.466079652368954,True
fargo-510,wikidata:Q15931555,unknown,2024,television_episode,eur-27,uploaders,all,audit-filtered,6,102604,351689,29.17464009394664,True
fargo-510,wikidata:Q15931555,unknown,2024,television_episode,eur-27,uploaders,without-hosting,full,8,112915,444468,25.40452855998632,True
fargo-510,wikidata:Q15931555,unknown,2024,television_episode,eur-27,uploaders,without-hosting,audit-filtered,6,61034,250189,24.3951572611106,True
fargo-510,wikidata:Q15931555,unknown,2024,television_episode,usa-can,uploaders,all,full,8,107964,611683,17.650318874318888,True
fargo-510,wikidata:Q15931555,unknown,2024,television_episode,usa-can,uploaders,all,audit-filtered,6,63986,351689,18.19391564706317,True
fargo-510,wikidata:Q15931555,unknown,2024,television_episode,usa-can,uploaders,without-hosting,full,8,41965,444468,9.441624593896524,True
fargo-510,wikidata:Q15931555,unknown,2024,television_episode,usa-can,uploaders,without-hosting,audit-filtered,6,23310,250189,9.316956380975983,True
fargo-510,wikidata:Q15931555,unknown,2024,television_episode,other,uploaders,all,full,8,271304,611683,44.35369300765266,True
fargo-510,wikidata:Q15931555,unknown,2024,television_episode,other,uploaders,all,audit-filtered,6,156353,351689,44.457745337499894,True
fargo-510,wikidata:Q15931555,unknown,2024,television_episode,other,uploaders,without-hosting,full,8,242995,444468,54.67097743819578,True
fargo-510,wikidata:Q15931555,unknown,2024,television_episode,other,uploaders,without-hosting,audit-filtered,6,140545,250189,56.175531298338456,True
fargo-510,wikidata:Q15931555,unknown,2024,television_episode,unclassified,uploaders,all,full,8,226,611683,0.03694724228072384,True
fargo-510,wikidata:Q15931555,unknown,2024,television_episode,unclassified,uploaders,all,audit-filtered,6,126,351689,0.035827108610164096,True
fargo-510,wikidata:Q15931555,unknown,2024,television_episode,unclassified,uploaders,without-hosting,full,8,224,444468,0.050397328941566094,True
fargo-510,wikidata:Q15931555,unknown,2024,television_episode,unclassified,uploaders,without-hosting,audit-filtered,6,124,250189,0.04956253072677056,True
fistful-of-vengeance,wikidata:Q110639751,non-usa-only,2022,film,asia-28,downloaders,all,full,8,1125076,4295711,26.190681821938206,True
fistful-of-vengeance,wikidata:Q110639751,non-usa-only,2022,film,asia-28,downloaders,all,audit-filtered,5,656345,2580930,25.430561851735614,True
fistful-of-vengeance,wikidata:Q110639751,non-usa-only,2022,film,asia-28,downloaders,without-hosting,full,8,1081998,3857512,28.049115595751875,True
fistful-of-vengeance,wikidata:Q110639751,non-usa-only,2022,film,asia-28,downloaders,without-hosting,audit-filtered,5,631678,2330203,27.108281982299395,True
fistful-of-vengeance,wikidata:Q110639751,non-usa-only,2022,film,eur-27,downloaders,all,full,8,440053,4295711,10.24400850057185,True
fistful-of-vengeance,wikidata:Q110639751,non-usa-only,2022,film,eur-27,downloaders,all,audit-filtered,5,261499,2580930,10.131967934039281,True
fistful-of-vengeance,wikidata:Q110639751,non-usa-only,2022,film,eur-27,downloaders,without-hosting,full,8,296404,3857512,7.683812778806651,True
fistful-of-vengeance,wikidata:Q110639751,non-usa-only,2022,film,eur-27,downloaders,without-hosting,audit-filtered,5,174414,2330203,7.484927278867978,True
fistful-of-vengeance,wikidata:Q110639751,non-usa-only,2022,film,usa-can,downloaders,all,full,8,283700,4295711,6.604261785767245,True
fistful-of-vengeance,wikidata:Q110639751,non-usa-only,2022,film,usa-can,downloaders,all,audit-filtered,5,154974,2580930,6.0045797445107,True
fistful-of-vengeance,wikidata:Q110639751,non-usa-only,2022,film,usa-can,downloaders,without-hosting,full,8,142399,3857512,3.6914726383223178,True
fistful-of-vengeance,wikidata:Q110639751,non-usa-only,2022,film,usa-can,downloaders,without-hosting,audit-filtered,5,77998,2330203,3.347262019660948,True
fistful-of-vengeance,wikidata:Q110639751,non-usa-only,2022,film,other,downloaders,all,full,8,2446456,4295711,56.951131023479,True
fistful-of-vengeance,wikidata:Q110639751,non-usa-only,2022,film,other,downloaders,all,audit-filtered,5,1507910,2580930,58.425063833579365,True
fistful-of-vengeance,wikidata:Q110639751,non-usa-only,2022,film,other,downloaders,without-hosting,full,8,2336289,3857512,60.56465929334763,True
fistful-of-vengeance,wikidata:Q110639751,non-usa-only,2022,film,other,downloaders,without-hosting,audit-filtered,5,1445911,2330203,62.050859946536846,True
fistful-of-vengeance,wikidata:Q110639751,non-usa-only,2022,film,unclassified,downloaders,all,full,8,426,4295711,0.009916868243697027,True
fistful-of-vengeance,wikidata:Q110639751,non-usa-only,2022,film,unclassified,downloaders,all,audit-filtered,5,202,2580930,0.007826636135036596,True
fistful-of-vengeance,wikidata:Q110639751,non-usa-only,2022,film,unclassified,downloaders,without-hosting,full,8,422,3857512,0.01093969377152942,True
fistful-of-vengeance,wikidata:Q110639751,non-usa-only,2022,film,unclassified,downloaders,without-hosting,audit-filtered,5,202,2330203,0.008668772634830528,True
fistful-of-vengeance,wikidata:Q110639751,non-usa-only,2022,film,asia-28,uploaders,all,full,8,356737,1431549,24.91964997356011,True
fistful-of-vengeance,wikidata:Q110639751,non-usa-only,2022,film,asia-28,uploaders,all,audit-filtered,5,211221,857196,24.640922262819704,True
fistful-of-vengeance,wikidata:Q110639751,non-usa-only,2022,film,asia-28,uploaders,without-hosting,full,8,346307,1319098,26.25331855555842,True
fistful-of-vengeance,wikidata:Q110639751,non-usa-only,2022,film,asia-28,uploaders,without-hosting,audit-filtered,5,205294,792928,25.890623108277172,True
fistful-of-vengeance,wikidata:Q110639751,non-usa-only,2022,film,eur-27,uploaders,all,full,8,132831,1431549,9.278830134350972,True
fistful-of-vengeance,wikidata:Q110639751,non-usa-only,2022,film,eur-27,uploaders,all,audit-filtered,5,75233,857196,8.776639181704068,True
fistful-of-vengeance,wikidata:Q110639751,non-usa-only,2022,film,eur-27,uploaders,without-hosting,full,8,104878,1319098,7.950736033259091,True
fistful-of-vengeance,wikidata:Q110639751,non-usa-only,2022,film,eur-27,uploaders,without-hosting,audit-filtered,5,59668,792928,7.525021187295694,True
fistful-of-vengeance,wikidata:Q110639751,non-usa-only,2022,film,usa-can,uploaders,all,full,8,81539,1431549,5.69585812291441,True
fistful-of-vengeance,wikidata:Q110639751,non-usa-only,2022,film,usa-can,uploaders,all,audit-filtered,5,44830,857196,5.229842416436847,True
fistful-of-vengeance,wikidata:Q110639751,non-usa-only,2022,film,usa-can,uploaders,without-hosting,full,8,38919,1319098,2.950425214805875,True
fistful-of-vengeance,wikidata:Q110639751,non-usa-only,2022,film,usa-can,uploaders,without-hosting,audit-filtered,5,19609,792928,2.4729861979902337,True
fistful-of-vengeance,wikidata:Q110639751,non-usa-only,2022,film,other,uploaders,all,full,8,860317,1431549,60.096929968865894,True
fistful-of-vengeance,wikidata:Q110639751,non-usa-only,2022,film,other,uploaders,all,audit-filtered,5,525866,857196,61.34722980508542,True
fistful-of-vengeance,wikidata:Q110639751,non-usa-only,2022,film,other,uploaders,without-hosting,full,8,828869,1319098,62.83604402402248,True
fistful-of-vengeance,wikidata:Q110639751,non-usa-only,2022,film,other,uploaders,without-hosting,audit-filtered,5,508311,792928,64.10556822309213,True
fistful-of-vengeance,wikidata:Q110639751,non-usa-only,2022,film,unclassified,uploaders,all,full,8,125,1431549,0.00873180030861675,True
fistful-of-vengeance,wikidata:Q110639751,non-usa-only,2022,film,unclassified,uploaders,all,audit-filtered,5,46,857196,0.005366333953961521,True
fistful-of-vengeance,wikidata:Q110639751,non-usa-only,2022,film,unclassified,uploaders,without-hosting,full,8,125,1319098,0.009476172354138964,True
fistful-of-vengeance,wikidata:Q110639751,non-usa-only,2022,film,unclassified,uploaders,without-hosting,audit-filtered,5,46,792928,0.005801283344767747,True
for-all-mankind-201,wikidata:Q54958409,unknown,2021,television_episode,asia-28,downloaders,all,full,8,300203,1490116,20.14628391346714,True
for-all-mankind-201,wikidata:Q54958409,unknown,2021,television_episode,asia-28,downloaders,all,audit-filtered,7,267087,1283546,20.808525755991603,True
for-all-mankind-201,wikidata:Q54958409,unknown,2021,television_episode,asia-28,downloaders,without-hosting,full,8,264444,1164167,22.715297719313465,True
for-all-mankind-201,wikidata:Q54958409,unknown,2021,television_episode,asia-28,downloaders,without-hosting,audit-filtered,7,235725,1009804,23.343638963600856,True
for-all-mankind-201,wikidata:Q54958409,unknown,2021,television_episode,eur-27,downloaders,all,full,8,301428,1490116,20.22849227845349,True
for-all-mankind-201,wikidata:Q54958409,unknown,2021,television_episode,eur-27,downloaders,all,audit-filtered,7,252704,1283546,19.68795820328995,True
for-all-mankind-201,wikidata:Q54958409,unknown,2021,television_episode,eur-27,downloaders,without-hosting,full,8,220436,1164167,18.935084055809863,True
for-all-mankind-201,wikidata:Q54958409,unknown,2021,television_episode,eur-27,downloaders,without-hosting,audit-filtered,7,186609,1009804,18.479724778273802,True
for-all-mankind-201,wikidata:Q54958409,unknown,2021,television_episode,usa-can,downloaders,all,full,8,568999,1490116,38.184879566423014,True
for-all-mankind-201,wikidata:Q54958409,unknown,2021,television_episode,usa-can,downloaders,all,audit-filtered,7,498727,1283546,38.85540526011534,True
for-all-mankind-201,wikidata:Q54958409,unknown,2021,television_episode,usa-can,downloaders,without-hosting,full,8,416070,1164167,35.739717755270505,True
for-all-mankind-201,wikidata:Q54958409,unknown,2021,television_episode,usa-can,downloaders,without-hosting,audit-filtered,7,368822,1009804,36.52411755152485,True
for-all-mankind-201,wikidata:Q54958409,unknown,2021,television_episode,other,downloaders,all,full,8,319263,1490116,21.42537896378537,True
for-all-mankind-201,wikidata:Q54958409,unknown,2021,television_episode,other,downloaders,all,audit-filtered,7,264848,1283546,20.634087130496297,True
for-all-mankind-201,wikidata:Q54958409,unknown,2021,television_episode,other,downloaders,without-hosting,full,8,262994,1164167,22.59074514223475,True
for-all-mankind-201,wikidata:Q54958409,unknown,2021,television_episode,other,downloaders,without-hosting,audit-filtered,7,218468,1009804,21.634693465266526,True
for-all-mankind-201,wikidata:Q54958409,unknown,2021,television_episode,unclassified,downloaders,all,full,8,223,1490116,0.01496527787098454,True
for-all-mankind-201,wikidata:Q54958409,unknown,2021,television_episode,unclassified,downloaders,all,audit-filtered,7,180,1283546,0.014023650106813468,True
for-all-mankind-201,wikidata:Q54958409,unknown,2021,television_episode,unclassified,downloaders,without-hosting,full,8,223,1164167,0.019155327371416644,True
for-all-mankind-201,wikidata:Q54958409,unknown,2021,television_episode,unclassified,downloaders,without-hosting,audit-filtered,7,180,1009804,0.01782524133396184,True
for-all-mankind-201,wikidata:Q54958409,unknown,2021,television_episode,asia-28,uploaders,all,full,8,18558,185869,9.984451414706056,True
for-all-mankind-201,wikidata:Q54958409,unknown,2021,television_episode,asia-28,uploaders,all,audit-filtered,7,15453,147283,10.492045925191638,True
for-all-mankind-201,wikidata:Q54958409,unknown,2021,television_episode,asia-28,uploaders,without-hosting,full,8,15917,126728,12.559970961429203,True
for-all-mankind-201,wikidata:Q54958409,unknown,2021,television_episode,asia-28,uploaders,without-hosting,audit-filtered,7,13319,99110,13.43860357178892,True
for-all-mankind-201,wikidata:Q54958409,unknown,2021,television_episode,eur-27,uploaders,all,full,8,60248,185869,32.41422722455062,True
for-all-mankind-201,wikidata:Q54958409,unknown,2021,television_episode,eur-27,uploaders,all,audit-filtered,7,47394,147283,32.17886653585275,True
for-all-mankind-201,wikidata:Q54958409,unknown,2021,television_episode,eur-27,uploaders,without-hosting,full,8,40662,126728,32.08604254781895,True
for-all-mankind-201,wikidata:Q54958409,unknown,2021,television_episode,eur-27,uploaders,without-hosting,audit-filtered,7,32111,99110,32.399354252850365,True
for-all-mankind-201,wikidata:Q54958409,unknown,2021,television_episode,usa-can,uploaders,all,full,8,44709,185869,24.054038059063103,True
for-all-mankind-201,wikidata:Q54958409,unknown,2021,television_episode,usa-can,uploaders,all,audit-filtered,7,36492,147283,24.776790260926244,True
for-all-mankind-201,wikidata:Q54958409,unknown,2021,television_episode,usa-can,uploaders,without-hosting,full,8,16602,126728,13.10049870588978,True
for-all-mankind-201,wikidata:Q54958409,unknown,2021,television_episode,usa-can,uploaders,without-hosting,audit-filtered,7,12573,99110,12.685904550499446,True
for-all-mankind-201,wikidata:Q54958409,unknown,2021,television_episode,other,uploaders,all,full,8,62309,185869,33.52307270174155,True
for-all-mankind-201,wikidata:Q54958409,unknown,2021,television_episode,other,uploaders,all,audit-filtered,7,47908,147283,32.52785453854145,True
for-all-mankind-201,wikidata:Q54958409,unknown,2021,television_episode,other,uploaders,without-hosting,full,8,53502,126728,42.2179786629632,True
for-all-mankind-201,wikidata:Q54958409,unknown,2021,television_episode,other,uploaders,without-hosting,audit-filtered,7,41071,99110,41.43981434769448,True
for-all-mankind-201,wikidata:Q54958409,unknown,2021,television_episode,unclassified,uploaders,all,full,8,45,185869,0.02421059993866648,True
for-all-mankind-201,wikidata:Q54958409,unknown,2021,television_episode,unclassified,uploaders,all,audit-filtered,7,36,147283,0.02444273948792461,True
for-all-mankind-201,wikidata:Q54958409,unknown,2021,television_episode,unclassified,uploaders,without-hosting,full,8,45,126728,0.03550912189887002,True
for-all-mankind-201,wikidata:Q54958409,unknown,2021,television_episode,unclassified,uploaders,without-hosting,audit-filtered,7,36,99110,0.03632327716678438,True
for-all-mankind-210,wikidata:Q54958409,unknown,2021,television_episode,asia-28,downloaders,all,full,8,463726,2361241,19.63907961957293,True
for-all-mankind-210,wikidata:Q54958409,unknown,2021,television_episode,asia-28,downloaders,all,audit-filtered,6,364517,1794511,20.312887466279115,True
for-all-mankind-210,wikidata:Q54958409,unknown,2021,television_episode,asia-28,downloaders,without-hosting,full,8,409002,1875495,21.807682771748258,True
for-all-mankind-210,wikidata:Q54958409,unknown,2021,television_episode,asia-28,downloaders,without-hosting,audit-filtered,6,321989,1438429,22.38476838272866,True
for-all-mankind-210,wikidata:Q54958409,unknown,2021,television_episode,eur-27,downloaders,all,full,8,462835,2361241,19.60134522482034,True
for-all-mankind-210,wikidata:Q54958409,unknown,2021,television_episode,eur-27,downloaders,all,audit-filtered,6,334026,1794511,18.613761631998912,True
for-all-mankind-210,wikidata:Q54958409,unknown,2021,television_episode,eur-27,downloaders,without-hosting,full,8,343330,1875495,18.306100522795315,True
for-all-mankind-210,wikidata:Q54958409,unknown,2021,television_episode,eur-27,downloaders,without-hosting,audit-filtered,6,251617,1438429,17.492486594750243,True
for-all-mankind-210,wikidata:Q54958409,unknown,2021,television_episode,usa-can,downloaders,all,full,8,928806,2361241,39.33550196697415,True
for-all-mankind-210,wikidata:Q54958409,unknown,2021,television_episode,usa-can,downloaders,all,audit-filtered,6,728195,1794511,40.57902124868558,True
for-all-mankind-210,wikidata:Q54958409,unknown,2021,television_episode,usa-can,downloaders,without-hosting,full,8,697748,1875495,37.203404967755176,True
for-all-mankind-210,wikidata:Q54958409,unknown,2021,television_episode,usa-can,downloaders,without-hosting,audit-filtered,6,553664,1438429,38.4908813712738,True
for-all-mankind-210,wikidata:Q54958409,unknown,2021,television_episode,other,downloaders,all,full,8,504781,2361241,21.37778397037829,True
for-all-mankind-210,wikidata:Q54958409,unknown,2021,television_episode,other,downloaders,all,audit-filtered,6,366884,1794511,20.444789694797077,True
for-all-mankind-210,wikidata:Q54958409,unknown,2021,television_episode,other,downloaders,without-hosting,full,8,424322,1875495,22.624533789746174,True
for-all-mankind-210,wikidata:Q54958409,unknown,2021,television_episode,other,downloaders,without-hosting,audit-filtered,6,310270,1438429,21.57006011419403,True
for-all-mankind-210,wikidata:Q54958409,unknown,2021,television_episode,unclassified,downloaders,all,full,8,1093,2361241,0.04628921825429933,True
for-all-mankind-210,wikidata:Q54958409,unknown,2021,television_episode,unclassified,downloaders,all,audit-filtered,6,889,1794511,0.049539958239319795,True
for-all-mankind-210,wikidata:Q54958409,unknown,2021,television_episode,unclassified,downloaders,without-hosting,full,8,1093,1875495,0.05827794795507319,True
for-all-mankind-210,wikidata:Q54958409,unknown,2021,television_episode,unclassified,downloaders,without-hosting,audit-filtered,6,889,1438429,0.06180353705327131,True
for-all-mankind-210,wikidata:Q54958409,unknown,2021,television_episode,asia-28,uploaders,all,full,8,19199,221294,8.675788769691,True
for-all-mankind-210,wikidata:Q54958409,unknown,2021,television_episode,asia-28,uploaders,all,audit-filtered,6,10833,129904,8.339235127478753,True
for-all-mankind-210,wikidata:Q54958409,unknown,2021,television_episode,asia-28,uploaders,without-hosting,full,8,15984,149876,10.664816248098427,True
for-all-mankind-210,wikidata:Q54958409,unknown,2021,television_episode,asia-28,uploaders,without-hosting,audit-filtered,6,8732,82098,10.636069088162927,True
for-all-mankind-210,wikidata:Q54958409,unknown,2021,television_episode,eur-27,uploaders,all,full,8,69845,221294,31.562084828327926,True
for-all-mankind-210,wikidata:Q54958409,unknown,2021,television_episode,eur-27,uploaders,all,audit-filtered,6,38823,129904,29.885915753171574,True
for-all-mankind-210,wikidata:Q54958409,unknown,2021,television_episode,eur-27,uploaders,without-hosting,full,8,49194,149876,32.82313379060023,True
for-all-mankind-210,wikidata:Q54958409,unknown,2021,television_episode,eur-27,uploaders,without-hosting,audit-filtered,6,27209,82098,33.14209846768496,True
for-all-mankind-210,wikidata:Q54958409,unknown,2021,television_episode,usa-can,uploaders,all,full,8,57668,221294,26.05945032400336,True
for-all-mankind-210,wikidata:Q54958409,unknown,2021,television_episode,usa-can,uploaders,all,audit-filtered,6,39168,129904,30.15149648971548,True
for-all-mankind-210,wikidata:Q54958409,unknown,2021,television_episode,usa-can,uploaders,without-hosting,full,8,19966,149876,13.321679254850677,True
for-all-mankind-210,wikidata:Q54958409,unknown,2021,television_episode,usa-can,uploaders,without-hosting,audit-filtered,6,10883,82098,13.256108553192526,True
for-all-mankind-210,wikidata:Q54958409,unknown,2021,television_episode,other,uploaders,all,full,8,74533,221294,33.68053358880042,True
for-all-mankind-210,wikidata:Q54958409,unknown,2021,television_episode,other,uploaders,all,audit-filtered,6,41049,129904,31.599488853307058,True
for-all-mankind-210,wikidata:Q54958409,unknown,2021,television_episode,other,uploaders,without-hosting,full,8,64683,149876,43.15767701299741,True
for-all-mankind-210,wikidata:Q54958409,unknown,2021,television_episode,other,uploaders,without-hosting,audit-filtered,6,35243,82098,42.92796414041755,True
for-all-mankind-210,wikidata:Q54958409,unknown,2021,television_episode,unclassified,uploaders,all,full,8,49,221294,0.022142489177293556,True
for-all-mankind-210,wikidata:Q54958409,unknown,2021,television_episode,unclassified,uploaders,all,audit-filtered,6,31,129904,0.023863776327133882,True
for-all-mankind-210,wikidata:Q54958409,unknown,2021,television_episode,unclassified,uploaders,without-hosting,full,8,49,149876,0.032693693453254694,True
for-all-mankind-210,wikidata:Q54958409,unknown,2021,television_episode,unclassified,uploaders,without-hosting,audit-filtered,6,31,82098,0.03775975054203513,True
for-all-mankind-301,wikidata:Q54958409,unknown,2022,television_episode,asia-28,downloaders,all,full,8,141902,960567,14.772733187794293,True
for-all-mankind-301,wikidata:Q54958409,unknown,2022,television_episode,asia-28,downloaders,all,audit-filtered,7,125631,805406,15.598468350124037,True
for-all-mankind-301,wikidata:Q54958409,unknown,2022,television_episode,asia-28,downloaders,without-hosting,full,8,129394,683927,18.919270623911615,True
for-all-mankind-301,wikidata:Q54958409,unknown,2022,television_episode,asia-28,downloaders,without-hosting,audit-filtered,7,115065,578236,19.899314466757517,True
for-all-mankind-301,wikidata:Q54958409,unknown,2022,television_episode,eur-27,downloaders,all,full,8,262433,960567,27.320634583532435,True
for-all-mankind-301,wikidata:Q54958409,unknown,2022,television_episode,eur-27,downloaders,all,audit-filtered,7,214467,805406,26.628433361559264,True
for-all-mankind-301,wikidata:Q54958409,unknown,2022,television_episode,eur-27,downloaders,without-hosting,full,8,161172,683927,23.56567294462713,True
for-all-mankind-301,wikidata:Q54958409,unknown,2022,television_episode,eur-27,downloaders,without-hosting,audit-filtered,7,130087,578236,22.497215669726547,True
for-all-mankind-301,wikidata:Q54958409,unknown,2022,television_episode,usa-can,downloaders,all,full,8,188975,960567,19.67327630451598,True
for-all-mankind-301,wikidata:Q54958409,unknown,2022,television_episode,usa-can,downloaders,all,audit-filtered,7,155051,805406,19.251284445360476,True
for-all-mankind-301,wikidata:Q54958409,unknown,2022,television_episode,usa-can,downloaders,without-hosting,full,8,75973,683927,11.108349282891302,True
for-all-mankind-301,wikidata:Q54958409,unknown,2022,television_episode,usa-can,downloaders,without-hosting,audit-filtered,7,62581,578236,10.822743654839892,True
for-all-mankind-301,wikidata:Q54958409,unknown,2022,television_episode,other,downloaders,all,full,8,367156,960567,38.22284130102325,True
for-all-mankind-301,wikidata:Q54958409,unknown,2022,television_episode,other,downloaders,all,audit-filtered,7,310187,805406,38.513122574204814,True
for-all-mankind-301,wikidata:Q54958409,unknown,2022,television_episode,other,downloaders,without-hosting,full,8,317287,683927,46.39193949061815,True
for-all-mankind-301,wikidata:Q54958409,unknown,2022,television_episode,other,downloaders,without-hosting,audit-filtered,7,270433,578236,46.76862042487842,True
for-all-mankind-301,wikidata:Q54958409,unknown,2022,television_episode,unclassified,downloaders,all,full,8,101,960567,0.010514623134044788,True
for-all-mankind-301,wikidata:Q54958409,unknown,2022,television_episode,unclassified,downloaders,all,audit-filtered,7,70,805406,0.008691268751412332,True
for-all-mankind-301,wikidata:Q54958409,unknown,2022,television_episode,unclassified,downloaders,without-hosting,full,8,101,683927,0.014767657951798949,True
for-all-mankind-301,wikidata:Q54958409,unknown,2022,television_episode,unclassified,downloaders,without-hosting,audit-filtered,7,70,578236,0.012105783797618966,True
for-all-mankind-301,wikidata:Q54958409,unknown,2022,television_episode,asia-28,uploaders,all,full,8,29430,261139,11.269860112813483,True
for-all-mankind-301,wikidata:Q54958409,unknown,2022,television_episode,asia-28,uploaders,all,audit-filtered,7,24538,206860,11.862128976119115,True
for-all-mankind-301,wikidata:Q54958409,unknown,2022,television_episode,asia-28,uploaders,without-hosting,full,8,26486,175075,15.128373554191061,True
for-all-mankind-301,wikidata:Q54958409,unknown,2022,television_episode,asia-28,uploaders,without-hosting,audit-filtered,7,22143,137056,16.156169740835864,True
for-all-mankind-301,wikidata:Q54958409,unknown,2022,television_episode,eur-27,uploaders,all,full,8,82915,261139,31.751289543116883,True
for-all-mankind-301,wikidata:Q54958409,unknown,2022,television_episode,eur-27,uploaders,all,audit-filtered,7,65010,206860,31.427052112539883,True
for-all-mankind-301,wikidata:Q54958409,unknown,2022,television_episode,eur-27,uploaders,without-hosting,full,8,57019,175075,32.56832785948879,True
for-all-mankind-301,wikidata:Q54958409,unknown,2022,television_episode,eur-27,uploaders,without-hosting,audit-filtered,7,44650,137056,32.57792435208966,True
for-all-mankind-301,wikidata:Q54958409,unknown,2022,television_episode,usa-can,uploaders,all,full,8,65361,261139,25.029199008956915,True
for-all-mankind-301,wikidata:Q54958409,unknown,2022,television_episode,usa-can,uploaders,all,audit-filtered,7,53730,206860,25.97408875568017,True
for-all-mankind-301,wikidata:Q54958409,unknown,2022,television_episode,usa-can,uploaders,without-hosting,full,8,20128,175075,11.496787091246608,True
for-all-mankind-301,wikidata:Q54958409,unknown,2022,television_episode,usa-can,uploaders,without-hosting,audit-filtered,7,15687,137056,11.445686434742003,True
for-all-mankind-301,wikidata:Q54958409,unknown,2022,television_episode,other,uploaders,all,full,8,83400,261139,31.93701438697399,True
for-all-mankind-301,wikidata:Q54958409,unknown,2022,television_episode,other,uploaders,all,audit-filtered,7,63564,206860,30.72802861838925,True
for-all-mankind-301,wikidata:Q54958409,unknown,2022,television_episode,other,uploaders,without-hosting,full,8,71409,175075,40.78766243038698,True
for-all-mankind-301,wikidata:Q54958409,unknown,2022,television_episode,other,uploaders,without-hosting,audit-filtered,7,54558,137056,39.80708615456456,True
for-all-mankind-301,wikidata:Q54958409,unknown,2022,television_episode,unclassified,uploaders,all,full,8,33,261139,0.012636948138730715,True
for-all-mankind-301,wikidata:Q54958409,unknown,2022,television_episode,unclassified,uploaders,all,audit-filtered,7,18,206860,0.008701537271584646,True
for-all-mankind-301,wikidata:Q54958409,unknown,2022,television_episode,unclassified,uploaders,without-hosting,full,8,33,175075,0.018849064686562902,True
for-all-mankind-301,wikidata:Q54958409,unknown,2022,television_episode,unclassified,uploaders,without-hosting,audit-filtered,7,18,137056,0.013133317767919683,True
for-all-mankind-401,wikidata:Q54958409,unknown,2023,television_episode,asia-28,downloaders,all,full,8,497841,4443086,11.204847261565497,True
for-all-mankind-401,wikidata:Q54958409,unknown,2023,television_episode,asia-28,downloaders,all,audit-filtered,8,497841,4443086,11.204847261565497,True
for-all-mankind-401,wikidata:Q54958409,unknown,2023,television_episode,asia-28,downloaders,without-hosting,full,8,451334,3538081,12.756463178768378,True
for-all-mankind-401,wikidata:Q54958409,unknown,2023,television_episode,asia-28,downloaders,without-hosting,audit-filtered,8,451334,3538081,12.756463178768378,True
for-all-mankind-401,wikidata:Q54958409,unknown,2023,television_episode,eur-27,downloaders,all,full,8,1298863,4443086,29.233352674244884,True
for-all-mankind-401,wikidata:Q54958409,unknown,2023,television_episode,eur-27,downloaders,all,audit-filtered,8,1298863,4443086,29.233352674244884,True
for-all-mankind-401,wikidata:Q54958409,unknown,2023,television_episode,eur-27,downloaders,without-hosting,full,8,962967,3538081,27.217211816235977,True
for-all-mankind-401,wikidata:Q54958409,unknown,2023,television_episode,eur-27,downloaders,without-hosting,audit-filtered,8,962967,3538081,27.217211816235977,True
for-all-mankind-401,wikidata:Q54958409,unknown,2023,television_episode,usa-can,downloaders,all,full,8,643387,4443086,14.480633505630996,True
for-all-mankind-401,wikidata:Q54958409,unknown,2023,television_episode,usa-can,downloaders,all,audit-filtered,8,643387,4443086,14.480633505630996,True
for-all-mankind-401,wikidata:Q54958409,unknown,2023,television_episode,usa-can,downloaders,without-hosting,full,8,285104,3538081,8.058153558383768,True
for-all-mankind-401,wikidata:Q54958409,unknown,2023,television_episode,usa-can,downloaders,without-hosting,audit-filtered,8,285104,3538081,8.058153558383768,True
for-all-mankind-401,wikidata:Q54958409,unknown,2023,television_episode,other,downloaders,all,full,8,2001677,4443086,45.0515024917366,True
for-all-mankind-401,wikidata:Q54958409,unknown,2023,television_episode,other,downloaders,all,audit-filtered,8,2001677,4443086,45.0515024917366,True
for-all-mankind-401,wikidata:Q54958409,unknown,2023,television_episode,other,downloaders,without-hosting,full,8,1837373,3538081,51.931343572970775,True
for-all-mankind-401,wikidata:Q54958409,unknown,2023,television_episode,other,downloaders,without-hosting,audit-filtered,8,1837373,3538081,51.931343572970775,True
for-all-mankind-401,wikidata:Q54958409,unknown,2023,television_episode,unclassified,downloaders,all,full,8,1318,4443086,0.029664066822024153,True
for-all-mankind-401,wikidata:Q54958409,unknown,2023,television_episode,unclassified,downloaders,all,audit-filtered,8,1318,4443086,0.029664066822024153,True
for-all-mankind-401,wikidata:Q54958409,unknown,2023,television_episode,unclassified,downloaders,without-hosting,full,8,1303,3538081,0.036827873641106575,True
for-all-mankind-401,wikidata:Q54958409,unknown,2023,television_episode,unclassified,downloaders,without-hosting,audit-filtered,8,1303,3538081,0.036827873641106575,True
for-all-mankind-401,wikidata:Q54958409,unknown,2023,television_episode,asia-28,uploaders,all,full,8,42605,555314,7.672235888164174,True
for-all-mankind-401,wikidata:Q54958409,unknown,2023,television_episode,asia-28,uploaders,all,audit-filtered,8,42605,555314,7.672235888164174,True
for-all-mankind-401,wikidata:Q54958409,unknown,2023,television_episode,asia-28,uploaders,without-hosting,full,8,33797,330881,10.214246209362278,True
for-all-mankind-401,wikidata:Q54958409,unknown,2023,television_episode,asia-28,uploaders,without-hosting,audit-filtered,8,33797,330881,10.214246209362278,True
for-all-mankind-401,wikidata:Q54958409,unknown,2023,television_episode,eur-27,uploaders,all,full,8,181513,555314,32.68655211285867,True
for-all-mankind-401,wikidata:Q54958409,unknown,2023,television_episode,eur-27,uploaders,all,audit-filtered,8,181513,555314,32.68655211285867,True
for-all-mankind-401,wikidata:Q54958409,unknown,2023,television_episode,eur-27,uploaders,without-hosting,full,8,111890,330881,33.81578271342265,True
for-all-mankind-401,wikidata:Q54958409,unknown,2023,television_episode,eur-27,uploaders,without-hosting,audit-filtered,8,111890,330881,33.81578271342265,True
for-all-mankind-401,wikidata:Q54958409,unknown,2023,television_episode,usa-can,uploaders,all,full,8,166999,555314,30.072895695048206,True
for-all-mankind-401,wikidata:Q54958409,unknown,2023,television_episode,usa-can,uploaders,all,audit-filtered,8,166999,555314,30.072895695048206,True
for-all-mankind-401,wikidata:Q54958409,unknown,2023,television_episode,usa-can,uploaders,without-hosting,full,8,55908,330881,16.896709088766052,True
for-all-mankind-401,wikidata:Q54958409,unknown,2023,television_episode,usa-can,uploaders,without-hosting,audit-filtered,8,55908,330881,16.896709088766052,True
for-all-mankind-401,wikidata:Q54958409,unknown,2023,television_episode,other,uploaders,all,full,8,164074,555314,29.54616667326954,True
for-all-mankind-401,wikidata:Q54958409,unknown,2023,television_episode,other,uploaders,all,audit-filtered,8,164074,555314,29.54616667326954,True
for-all-mankind-401,wikidata:Q54958409,unknown,2023,television_episode,other,uploaders,without-hosting,full,8,129163,330881,39.03608850311743,True
for-all-mankind-401,wikidata:Q54958409,unknown,2023,television_episode,other,uploaders,without-hosting,audit-filtered,8,129163,330881,39.03608850311743,True
for-all-mankind-401,wikidata:Q54958409,unknown,2023,television_episode,unclassified,uploaders,all,full,8,123,555314,0.02214963065941071,True
for-all-mankind-401,wikidata:Q54958409,unknown,2023,television_episode,unclassified,uploaders,all,audit-filtered,8,123,555314,0.02214963065941071,True
for-all-mankind-401,wikidata:Q54958409,unknown,2023,television_episode,unclassified,uploaders,without-hosting,full,8,123,330881,0.03717348533158447,True
for-all-mankind-401,wikidata:Q54958409,unknown,2023,television_episode,unclassified,uploaders,without-hosting,audit-filtered,8,123,330881,0.03717348533158447,True
for-all-mankind-410,wikidata:Q54958409,unknown,2024,television_episode,asia-28,downloaders,all,full,8,568012,3905482,14.543966660197128,True
for-all-mankind-410,wikidata:Q54958409,unknown,2024,television_episode,asia-28,downloaders,all,audit-filtered,6,461810,3102629,14.88447378013936,True
for-all-mankind-410,wikidata:Q54958409,unknown,2024,television_episode,asia-28,downloaders,without-hosting,full,8,526458,3233059,16.283587772447085,True
for-all-mankind-410,wikidata:Q54958409,unknown,2024,television_episode,asia-28,downloaders,without-hosting,audit-filtered,6,429173,2593296,16.549325645819067,True
for-all-mankind-410,wikidata:Q54958409,unknown,2024,television_episode,eur-27,downloaders,all,full,8,1071551,3905482,27.437099953347627,True
for-all-mankind-410,wikidata:Q54958409,unknown,2024,television_episode,eur-27,downloaders,all,audit-filtered,6,846030,3102629,27.268165159289104,True
for-all-mankind-410,wikidata:Q54958409,unknown,2024,television_episode,eur-27,downloaders,without-hosting,full,8,771272,3233059,23.855797249601693,True
for-all-mankind-410,wikidata:Q54958409,unknown,2024,television_episode,eur-27,downloaders,without-hosting,audit-filtered,6,613430,2593296,23.654453637378843,True
for-all-mankind-410,wikidata:Q54958409,unknown,2024,television_episode,usa-can,downloaders,all,full,8,439187,3905482,11.245398135236572,True
for-all-mankind-410,wikidata:Q54958409,unknown,2024,television_episode,usa-can,downloaders,all,audit-filtered,6,330484,3102629,10.651740830115363,True
for-all-mankind-410,wikidata:Q54958409,unknown,2024,television_episode,usa-can,downloaders,without-hosting,full,8,223868,3233059,6.924340075451763,True
for-all-mankind-410,wikidata:Q54958409,unknown,2024,television_episode,usa-can,downloaders,without-hosting,audit-filtered,6,171870,2593296,6.627473300386844,True
for-all-mankind-410,wikidata:Q54958409,unknown,2024,television_episode,other,downloaders,all,full,8,1825508,3905482,46.742194689413495,True
for-all-mankind-410,wikidata:Q54958409,unknown,2024,television_episode,other,downloaders,all,audit-filtered,6,1463285,3102629,47.1627448850636,True
for-all-mankind-410,wikidata:Q54958409,unknown,2024,television_episode,other,downloaders,without-hosting,full,8,1710269,3233059,52.89940579494528,True
for-all-mankind-410,wikidata:Q54958409,unknown,2024,television_episode,other,downloaders,without-hosting,audit-filtered,6,1377828,2593296,53.130379254817036,True
for-all-mankind-410,wikidata:Q54958409,unknown,2024,television_episode,unclassified,downloaders,all,full,8,1224,3905482,0.031340561805175395,True
for-all-mankind-410,wikidata:Q54958409,unknown,2024,television_episode,unclassified,downloaders,all,audit-filtered,6,1020,3102629,0.032875345392568686,True
for-all-mankind-410,wikidata:Q54958409,unknown,2024,television_episode,unclassified,downloaders,without-hosting,full,8,1192,3233059,0.03686910755417702,True
for-all-mankind-410,wikidata:Q54958409,unknown,2024,television_episode,unclassified,downloaders,without-hosting,audit-filtered,6,995,2593296,0.03836816159821324,True
for-all-mankind-410,wikidata:Q54958409,unknown,2024,television_episode,asia-28,uploaders,all,full,8,23059,277329,8.3146731859993,True
for-all-mankind-410,wikidata:Q54958409,unknown,2024,television_episode,asia-28,uploaders,all,audit-filtered,6,15453,175551,8.802570193277168,True
for-all-mankind-410,wikidata:Q54958409,unknown,2024,television_episode,asia-28,uploaders,without-hosting,full,8,18313,178249,10.273830428221196,True
for-all-mankind-410,wikidata:Q54958409,unknown,2024,television_episode,asia-28,uploaders,without-hosting,audit-filtered,6,12140,111236,10.913732964148297,True
for-all-mankind-410,wikidata:Q54958409,unknown,2024,television_episode,eur-27,uploaders,all,full,8,86698,277329,31.261786542337802,True
for-all-mankind-410,wikidata:Q54958409,unknown,2024,television_episode,eur-27,uploaders,all,audit-filtered,6,53330,175551,30.378636407653616,True
for-all-mankind-410,wikidata:Q54958409,unknown,2024,television_episode,eur-27,uploaders,without-hosting,full,8,50526,178249,28.34574107007613,True
for-all-mankind-410,wikidata:Q54958409,unknown,2024,television_episode,eur-27,uploaders,without-hosting,audit-filtered,6,29704,111236,26.703585170268617,True
for-all-mankind-410,wikidata:Q54958409,unknown,2024,television_episode,usa-can,uploaders,all,full,8,68521,277329,24.70747740048823,True
for-all-mankind-410,wikidata:Q54958409,unknown,2024,television_episode,usa-can,uploaders,all,audit-filtered,6,43974,175551,25.049131021754363,True
for-all-mankind-410,wikidata:Q54958409,unknown,2024,television_episode,usa-can,uploaders,without-hosting,full,8,26642,178249,14.946507413786332,True
for-all-mankind-410,wikidata:Q54958409,unknown,2024,television_episode,usa-can,uploaders,without-hosting,audit-filtered,6,16631,111236,14.951094969254559,True
for-all-mankind-410,wikidata:Q54958409,unknown,2024,television_episode,other,uploaders,all,full,8,98986,277329,35.69262500495801,True
for-all-mankind-410,wikidata:Q54958409,unknown,2024,television_episode,other,uploaders,all,audit-filtered,6,62746,175551,35.742319895642865,True
for-all-mankind-410,wikidata:Q54958409,unknown,2024,television_episode,other,uploaders,without-hosting,full,8,82703,178249,46.39745524519071,True
for-all-mankind-410,wikidata:Q54958409,unknown,2024,television_episode,other,uploaders,without-hosting,audit-filtered,6,52713,111236,47.38843539861196,True
for-all-mankind-410,wikidata:Q54958409,unknown,2024,television_episode,unclassified,uploaders,all,full,8,65,277329,0.023437866216659636,True
for-all-mankind-410,wikidata:Q54958409,unknown,2024,television_episode,unclassified,uploaders,all,audit-filtered,6,48,175551,0.027342481671992755,True
for-all-mankind-410,wikidata:Q54958409,unknown,2024,television_episode,unclassified,uploaders,without-hosting,full,8,65,178249,0.03646584272562539,True
for-all-mankind-410,wikidata:Q54958409,unknown,2024,television_episode,unclassified,uploaders,without-hosting,audit-filtered,6,48,111236,0.04315149771656658,True
for-all-mankind-501,wikidata:Q54958409,unknown,2026,television_episode,asia-28,downloaders,all,full,8,2351800,8631871,27.24554155176786,True
for-all-mankind-501,wikidata:Q54958409,unknown,2026,television_episode,asia-28,downloaders,all,audit-filtered,6,1811296,6737562,26.88355224040981,True
for-all-mankind-501,wikidata:Q54958409,unknown,2026,television_episode,asia-28,downloaders,without-hosting,full,8,2228805,7019130,31.753294211675804,True
for-all-mankind-501,wikidata:Q54958409,unknown,2026,television_episode,asia-28,downloaders,without-hosting,audit-filtered,6,1717501,5513124,31.152954295967223,True
for-all-mankind-501,wikidata:Q54958409,unknown,2026,television_episode,eur-27,downloaders,all,full,8,2344737,8631871,27.16371688131113,True
for-all-mankind-501,wikidata:Q54958409,unknown,2026,television_episode,eur-27,downloaders,all,audit-filtered,6,1858432,6737562,27.58315248156529,True
for-all-mankind-501,wikidata:Q54958409,unknown,2026,television_episode,eur-27,downloaders,without-hosting,full,8,1541845,7019130,21.966326311095536,True
for-all-mankind-501,wikidata:Q54958409,unknown,2026,television_episode,eur-27,downloaders,without-hosting,audit-filtered,6,1240384,5513124,22.498750254846435,True
for-all-mankind-501,wikidata:Q54958409,unknown,2026,television_episode,usa-can,downloaders,all,full,8,884525,8631871,10.247199013979705,True
for-all-mankind-501,wikidata:Q54958409,unknown,2026,television_episode,usa-can,downloaders,all,audit-filtered,6,671206,6737562,9.962149513429338,True
for-all-mankind-501,wikidata:Q54958409,unknown,2026,television_episode,usa-can,downloaders,without-hosting,full,8,416862,7019130,5.938941150826384,True
for-all-mankind-501,wikidata:Q54958409,unknown,2026,television_episode,usa-can,downloaders,without-hosting,audit-filtered,6,322426,5513124,5.848335716737008,True
for-all-mankind-501,wikidata:Q54958409,unknown,2026,television_episode,other,downloaders,all,full,8,3049202,8631871,35.32492549992927,True
for-all-mankind-501,wikidata:Q54958409,unknown,2026,television_episode,other,downloaders,all,audit-filtered,6,2395270,6737562,35.550990105916654,True
for-all-mankind-501,wikidata:Q54958409,unknown,2026,television_episode,other,downloaders,without-hosting,full,8,2830038,7019130,40.31892841420518,True
for-all-mankind-501,wikidata:Q54958409,unknown,2026,television_episode,other,downloaders,without-hosting,audit-filtered,6,2231477,5513124,40.47572664790417,True
for-all-mankind-501,wikidata:Q54958409,unknown,2026,television_episode,unclassified,downloaders,all,full,8,1607,8631871,0.01861705301202949,True
for-all-mankind-501,wikidata:Q54958409,unknown,2026,television_episode,unclassified,downloaders,all,audit-filtered,6,1358,6737562,0.020155658678910858,True
for-all-mankind-501,wikidata:Q54958409,unknown,2026,television_episode,unclassified,downloaders,without-hosting,full,8,1580,7019130,0.022509912197095652,True
for-all-mankind-501,wikidata:Q54958409,unknown,2026,television_episode,unclassified,downloaders,without-hosting,audit-filtered,6,1336,5513124,0.024233084545168947,True
for-all-mankind-501,wikidata:Q54958409,unknown,2026,television_episode,asia-28,uploaders,all,full,8,68845,498302,13.815918860450088,True
for-all-mankind-501,wikidata:Q54958409,unknown,2026,television_episode,asia-28,uploaders,all,audit-filtered,6,49868,350091,14.244296482914443,True
for-all-mankind-501,wikidata:Q54958409,unknown,2026,television_episode,asia-28,uploaders,without-hosting,full,8,62429,247524,25.221392673033726,True
for-all-mankind-501,wikidata:Q54958409,unknown,2026,television_episode,asia-28,uploaders,without-hosting,audit-filtered,6,45442,168493,26.969666395636615,True
for-all-mankind-501,wikidata:Q54958409,unknown,2026,television_episode,eur-27,uploaders,all,full,8,158107,498302,31.729152200874168,True
for-all-mankind-501,wikidata:Q54958409,unknown,2026,television_episode,eur-27,uploaders,all,audit-filtered,6,111277,350091,31.785164428677117,True
for-all-mankind-501,wikidata:Q54958409,unknown,2026,television_episode,eur-27,uploaders,without-hosting,full,8,69133,247524,27.929816906643396,True
for-all-mankind-501,wikidata:Q54958409,unknown,2026,television_episode,eur-27,uploaders,without-hosting,audit-filtered,6,46354,168493,27.51093517238105,True
for-all-mankind-501,wikidata:Q54958409,unknown,2026,television_episode,usa-can,uploaders,all,full,8,150152,498302,30.132730753639358,True
for-all-mankind-501,wikidata:Q54958409,unknown,2026,television_episode,usa-can,uploaders,all,audit-filtered,6,107970,350091,30.840552884821374,True
for-all-mankind-501,wikidata:Q54958409,unknown,2026,television_episode,usa-can,uploaders,without-hosting,full,8,31818,247524,12.854511077713676,True
for-all-mankind-501,wikidata:Q54958409,unknown,2026,television_episode,usa-can,uploaders,without-hosting,audit-filtered,6,21794,168493,12.934661974087945,True
for-all-mankind-501,wikidata:Q54958409,unknown,2026,television_episode,other,uploaders,all,full,8,121134,498302,24.309354568113314,True
for-all-mankind-501,wikidata:Q54958409,unknown,2026,television_episode,other,uploaders,all,audit-filtered,6,80924,350091,23.115132922582987,True
for-all-mankind-501,wikidata:Q54958409,unknown,2026,television_episode,other,uploaders,without-hosting,full,8,84080,247524,33.968423264006724,True
for-all-mankind-501,wikidata:Q54958409,unknown,2026,television_episode,other,uploaders,without-hosting,audit-filtered,6,54851,168493,32.55387464167651,True
for-all-mankind-501,wikidata:Q54958409,unknown,2026,television_episode,unclassified,uploaders,all,full,8,64,498302,0.012843616923070749,True
for-all-mankind-501,wikidata:Q54958409,unknown,2026,television_episode,unclassified,uploaders,all,audit-filtered,6,52,350091,0.014853281004081795,True
for-all-mankind-501,wikidata:Q54958409,unknown,2026,television_episode,unclassified,uploaders,without-hosting,full,8,64,247524,0.025856078602478953,True
for-all-mankind-501,wikidata:Q54958409,unknown,2026,television_episode,unclassified,uploaders,without-hosting,audit-filtered,6,52,168493,0.030861816217884423,True
furious-2025,wikidata:Q125948183,unknown,2026,film,asia-28,downloaders,all,full,8,4137441,11186607,36.98566509040677,True
furious-2025,wikidata:Q125948183,unknown,2026,film,asia-28,downloaders,all,audit-filtered,5,2717147,7553886,35.97018805949679,True
furious-2025,wikidata:Q125948183,unknown,2026,film,asia-28,downloaders,without-hosting,full,8,4009178,9523988,42.09558012882839,True
furious-2025,wikidata:Q125948183,unknown,2026,film,asia-28,downloaders,without-hosting,audit-filtered,5,2631237,6384629,41.212057897177736,True
furious-2025,wikidata:Q125948183,unknown,2026,film,eur-27,downloaders,all,full,8,2631570,11186607,23.524291145653013,True
furious-2025,wikidata:Q125948183,unknown,2026,film,eur-27,downloaders,all,audit-filtered,5,1851532,7553886,24.510986795405703,True
furious-2025,wikidata:Q125948183,unknown,2026,film,eur-27,downloaders,without-hosting,full,8,1801740,9523988,18.917915478263936,True
furious-2025,wikidata:Q125948183,unknown,2026,film,eur-27,downloaders,without-hosting,audit-filtered,5,1237139,6384629,19.37683458193107,True
furious-2025,wikidata:Q125948183,unknown,2026,film,usa-can,downloaders,all,full,8,1002924,11186607,8.965399428083957,True
furious-2025,wikidata:Q125948183,unknown,2026,film,usa-can,downloaders,all,audit-filtered,5,666811,7553886,8.827390299509418,True
furious-2025,wikidata:Q125948183,unknown,2026,film,usa-can,downloaders,without-hosting,full,8,524307,9523988,5.50512033404494,True
furious-2025,wikidata:Q125948183,unknown,2026,film,usa-can,downloaders,without-hosting,audit-filtered,5,352714,6384629,5.524424363576959,True
furious-2025,wikidata:Q125948183,unknown,2026,film,other,downloaders,all,full,8,3412168,11186607,30.502260426240056,True
furious-2025,wikidata:Q125948183,unknown,2026,film,other,downloaders,all,audit-filtered,5,2316734,7553886,30.66943292498722,True
furious-2025,wikidata:Q125948183,unknown,2026,film,other,downloaders,without-hosting,full,8,3186360,9523988,33.45615303169219,True
furious-2025,wikidata:Q125948183,unknown,2026,film,other,downloaders,without-hosting,audit-filtered,5,2161958,6384629,33.86192055951881,True
furious-2025,wikidata:Q125948183,unknown,2026,film,unclassified,downloaders,all,full,8,2504,11186607,0.02238390961620445,True
furious-2025,wikidata:Q125948183,unknown,2026,film,unclassified,downloaders,all,audit-filtered,5,1662,7553886,0.022001920600866892,True
furious-2025,wikidata:Q125948183,unknown,2026,film,unclassified,downloaders,without-hosting,full,8,2403,9523988,0.025231027170550823,True
furious-2025,wikidata:Q125948183,unknown,2026,film,unclassified,downloaders,without-hosting,audit-filtered,5,1581,6384629,0.024762597795423977,True
furious-2025,wikidata:Q125948183,unknown,2026,film,asia-28,uploaders,all,full,8,987556,1920719,51.41595412967748,True
furious-2025,wikidata:Q125948183,unknown,2026,film,asia-28,uploaders,all,audit-filtered,5,648308,1280206,50.640912478148046,True
furious-2025,wikidata:Q125948183,unknown,2026,film,asia-28,uploaders,without-hosting,full,8,971951,1711703,56.78268952031982,True
furious-2025,wikidata:Q125948183,unknown,2026,film,asia-28,uploaders,without-hosting,audit-filtered,5,638470,1144515,55.78520159194069,True
furious-2025,wikidata:Q125948183,unknown,2026,film,eur-27,uploaders,all,full,8,199603,1920719,10.392097959149673,True
furious-2025,wikidata:Q125948183,unknown,2026,film,eur-27,uploaders,all,audit-filtered,5,133888,1280206,10.458316864629598,True
furious-2025,wikidata:Q125948183,unknown,2026,film,eur-27,uploaders,without-hosting,full,8,140869,1711703,8.229757148290329,True
furious-2025,wikidata:Q125948183,unknown,2026,film,eur-27,uploaders,without-hosting,audit-filtered,5,95559,1144515,8.349300795533479,True
furious-2025,wikidata:Q125948183,unknown,2026,film,usa-can,uploaders,all,full,8,169201,1920719,8.809253201535467,True
furious-2025,wikidata:Q125948183,unknown,2026,film,usa-can,uploaders,all,audit-filtered,5,108612,1280206,8.483947114761218,True
furious-2025,wikidata:Q125948183,unknown,2026,film,usa-can,uploaders,without-hosting,full,8,76963,1711703,4.4962823573949455,True
furious-2025,wikidata:Q125948183,unknown,2026,film,usa-can,uploaders,without-hosting,audit-filtered,5,48737,1144515,4.258310288637545,True
furious-2025,wikidata:Q125948183,unknown,2026,film,other,uploaders,all,full,8,563953,1920719,29.361556792013825,True
furious-2025,wikidata:Q125948183,unknown,2026,film,other,uploaders,all,audit-filtered,5,389145,1280206,30.397061097979545,True
furious-2025,wikidata:Q125948183,unknown,2026,film,other,uploaders,without-hosting,full,8,521518,1711703,30.467785591308772,True
furious-2025,wikidata:Q125948183,unknown,2026,film,other,uploaders,without-hosting,audit-filtered,5,361499,1144515,31.585344010344993,True
furious-2025,wikidata:Q125948183,unknown,2026,film,unclassified,uploaders,all,full,8,406,1920719,0.021137917623556594,True
furious-2025,wikidata:Q125948183,unknown,2026,film,unclassified,uploaders,all,audit-filtered,5,253,1280206,0.019762444481591243,True
furious-2025,wikidata:Q125948183,unknown,2026,film,unclassified,uploaders,without-hosting,full,8,402,1711703,0.023485382686131883,True
furious-2025,wikidata:Q125948183,unknown,2026,film,unclassified,uploaders,without-hosting,audit-filtered,5,250,1144515,0.021843313543291262,True
gen-v-101,wikidata:Q112623392,unknown,2023,television_episode,asia-28,downloaders,all,full,8,2040804,10911919,18.702521527148434,True
gen-v-101,wikidata:Q112623392,unknown,2023,television_episode,asia-28,downloaders,all,audit-filtered,7,1666866,9111901,18.293284793151287,True
gen-v-101,wikidata:Q112623392,unknown,2023,television_episode,asia-28,downloaders,without-hosting,full,8,1910525,9070144,21.06388829107895,True
gen-v-101,wikidata:Q112623392,unknown,2023,television_episode,asia-28,downloaders,without-hosting,audit-filtered,7,1558742,7618740,20.459314794834842,True
gen-v-101,wikidata:Q112623392,unknown,2023,television_episode,eur-27,downloaders,all,full,8,2361037,10911919,21.637229895126605,True
gen-v-101,wikidata:Q112623392,unknown,2023,television_episode,eur-27,downloaders,all,audit-filtered,7,1994511,9111901,21.889076714068775,True
gen-v-101,wikidata:Q112623392,unknown,2023,television_episode,eur-27,downloaders,without-hosting,full,8,1716073,9070144,18.9200193514017,True
gen-v-101,wikidata:Q112623392,unknown,2023,television_episode,eur-27,downloaders,without-hosting,audit-filtered,7,1463015,7618740,19.202847189955296,True
gen-v-101,wikidata:Q112623392,unknown,2023,television_episode,usa-can,downloaders,all,full,8,1260445,10911919,11.551084644231688,True
gen-v-101,wikidata:Q112623392,unknown,2023,television_episode,usa-can,downloaders,all,audit-filtered,7,1019855,9111901,11.19256014743795,True
gen-v-101,wikidata:Q112623392,unknown,2023,television_episode,usa-can,downloaders,without-hosting,full,8,551195,9070144,6.077025899478553,True
gen-v-101,wikidata:Q112623392,unknown,2023,television_episode,usa-can,downloaders,without-hosting,audit-filtered,7,445925,7618740,5.853001939953326,True
gen-v-101,wikidata:Q112623392,unknown,2023,television_episode,other,downloaders,all,full,8,5245995,10911919,48.07582424319682,True
gen-v-101,wikidata:Q112623392,unknown,2023,television_episode,other,downloaders,all,audit-filtered,7,4427683,9111901,48.59230801563801,True
gen-v-101,wikidata:Q112623392,unknown,2023,television_episode,other,downloaders,without-hosting,full,8,4888785,9070144,53.89975065445488,True
gen-v-101,wikidata:Q112623392,unknown,2023,television_episode,other,downloaders,without-hosting,audit-filtered,7,4148114,7618740,54.44619451510355,True
gen-v-101,wikidata:Q112623392,unknown,2023,television_episode,unclassified,downloaders,all,full,8,3638,10911919,0.03333969029645473,True
gen-v-101,wikidata:Q112623392,unknown,2023,television_episode,unclassified,downloaders,all,audit-filtered,7,2986,9111901,0.03277032970397725,True
gen-v-101,wikidata:Q112623392,unknown,2023,television_episode,unclassified,downloaders,without-hosting,full,8,3566,9070144,0.03931580358591881,True
gen-v-101,wikidata:Q112623392,unknown,2023,television_episode,unclassified,downloaders,without-hosting,audit-filtered,7,2944,7618740,0.038641560152991174,True
gen-v-101,wikidata:Q112623392,unknown,2023,television_episode,asia-28,uploaders,all,full,8,536284,2799476,19.156585018053377,True
gen-v-101,wikidata:Q112623392,unknown,2023,television_episode,asia-28,uploaders,all,audit-filtered,7,401780,2072859,19.382890973288582,True
gen-v-101,wikidata:Q112623392,unknown,2023,television_episode,asia-28,uploaders,without-hosting,full,8,500628,2266488,22.088270487203108,True
gen-v-101,wikidata:Q112623392,unknown,2023,television_episode,asia-28,uploaders,without-hosting,audit-filtered,7,373743,1668110,22.40517711661701,True
gen-v-101,wikidata:Q112623392,unknown,2023,television_episode,eur-27,uploaders,all,full,8,575419,2799476,20.554525204002463,True
gen-v-101,wikidata:Q112623392,unknown,2023,television_episode,eur-27,uploaders,all,audit-filtered,7,415334,2072859,20.0367704701574,True
gen-v-101,wikidata:Q112623392,unknown,2023,television_episode,eur-27,uploaders,without-hosting,full,8,440487,2266488,19.434781918104132,True
gen-v-101,wikidata:Q112623392,unknown,2023,television_episode,eur-27,uploaders,without-hosting,audit-filtered,7,318310,1668110,19.082074923116583,True
gen-v-101,wikidata:Q112623392,unknown,2023,television_episode,usa-can,uploaders,all,full,8,410748,2799476,14.672317247942114,True
gen-v-101,wikidata:Q112623392,unknown,2023,television_episode,usa-can,uploaders,all,audit-filtered,7,312629,2072859,15.082019568142359,True
gen-v-101,wikidata:Q112623392,unknown,2023,television_episode,usa-can,uploaders,without-hosting,full,8,154398,2266488,6.812213433294154,True
gen-v-101,wikidata:Q112623392,unknown,2023,television_episode,usa-can,uploaders,without-hosting,audit-filtered,7,109084,1668110,6.539376899604942,True
gen-v-101,wikidata:Q112623392,unknown,2023,television_episode,other,uploaders,all,full,8,1276063,2799476,45.58220895624753,True
gen-v-101,wikidata:Q112623392,unknown,2023,television_episode,other,uploaders,all,audit-filtered,7,942450,2072859,45.46618945138092,True
gen-v-101,wikidata:Q112623392,unknown,2023,television_episode,other,uploaders,without-hosting,full,8,1170014,2266488,51.622333760425825,True
gen-v-101,wikidata:Q112623392,unknown,2023,television_episode,other,uploaders,without-hosting,audit-filtered,7,866307,1668110,51.933445636079156,True
gen-v-101,wikidata:Q112623392,unknown,2023,television_episode,unclassified,uploaders,all,full,8,962,2799476,0.034363573754516916,True
gen-v-101,wikidata:Q112623392,unknown,2023,television_episode,unclassified,uploaders,all,audit-filtered,7,666,2072859,0.0321295370307387,True
gen-v-101,wikidata:Q112623392,unknown,2023,television_episode,unclassified,uploaders,without-hosting,full,8,961,2266488,0.04240040097278256,True
gen-v-101,wikidata:Q112623392,unknown,2023,television_episode,unclassified,uploaders,without-hosting,audit-filtered,7,666,1668110,0.03992542458231172,True
gen-v-108,wikidata:Q112623392,unknown,2023,television_episode,asia-28,downloaders,all,full,8,1175501,7946549,14.792597390389211,True
gen-v-108,wikidata:Q112623392,unknown,2023,television_episode,asia-28,downloaders,all,audit-filtered,6,872973,5983693,14.589201016830241,True
gen-v-108,wikidata:Q112623392,unknown,2023,television_episode,asia-28,downloaders,without-hosting,full,8,1096618,6924804,15.83608720189048,True
gen-v-108,wikidata:Q112623392,unknown,2023,television_episode,asia-28,downloaders,without-hosting,audit-filtered,6,814793,5216790,15.618665884576531,True
gen-v-108,wikidata:Q112623392,unknown,2023,television_episode,eur-27,downloaders,all,full,8,1831910,7946549,23.052900070206576,True
gen-v-108,wikidata:Q112623392,unknown,2023,television_episode,eur-27,downloaders,all,audit-filtered,6,1409750,5983693,23.55986512008554,True
gen-v-108,wikidata:Q112623392,unknown,2023,television_episode,eur-27,downloaders,without-hosting,full,8,1423674,6924804,20.5590512020268,True
gen-v-108,wikidata:Q112623392,unknown,2023,television_episode,eur-27,downloaders,without-hosting,audit-filtered,6,1108081,5216790,21.240667153556114,True
gen-v-108,wikidata:Q112623392,unknown,2023,television_episode,usa-can,downloaders,all,full,8,700006,7946549,8.80893076982222,True
gen-v-108,wikidata:Q112623392,unknown,2023,television_episode,usa-can,downloaders,all,audit-filtered,6,525904,5983693,8.788953577665165,True
gen-v-108,wikidata:Q112623392,unknown,2023,television_episode,usa-can,downloaders,without-hosting,full,8,367971,6924804,5.313811047937241,True
gen-v-108,wikidata:Q112623392,unknown,2023,television_episode,usa-can,downloaders,without-hosting,audit-filtered,6,271902,5216790,5.2120556894182055,True
gen-v-108,wikidata:Q112623392,unknown,2023,television_episode,other,downloaders,all,full,8,4236479,7946549,53.31218620812632,True
gen-v-108,wikidata:Q112623392,unknown,2023,television_episode,other,downloaders,all,audit-filtered,6,3173052,5983693,53.02832214152698,True
gen-v-108,wikidata:Q112623392,unknown,2023,television_episode,other,downloaders,without-hosting,full,8,4033948,6924804,58.253605445006094,True
gen-v-108,wikidata:Q112623392,unknown,2023,television_episode,other,downloaders,without-hosting,audit-filtered,6,3020042,5216790,57.89081024921455,True
gen-v-108,wikidata:Q112623392,unknown,2023,television_episode,unclassified,downloaders,all,full,8,2653,7946549,0.033385561455670884,True
gen-v-108,wikidata:Q112623392,unknown,2023,television_episode,unclassified,downloaders,all,audit-filtered,6,2014,5983693,0.03365814389207468,True
gen-v-108,wikidata:Q112623392,unknown,2023,television_episode,unclassified,downloaders,without-hosting,full,8,2593,6924804,0.03744510313938127,True
gen-v-108,wikidata:Q112623392,unknown,2023,television_episode,unclassified,downloaders,without-hosting,audit-filtered,6,1972,5216790,0.03780102323459445,True
gen-v-108,wikidata:Q112623392,unknown,2023,television_episode,asia-28,uploaders,all,full,8,223027,1399889,15.931763161222069,True
gen-v-108,wikidata:Q112623392,unknown,2023,television_episode,asia-28,uploaders,all,audit-filtered,6,177865,1098196,16.196107070140485,True
gen-v-108,wikidata:Q112623392,unknown,2023,television_episode,asia-28,uploaders,without-hosting,full,8,207427,1172703,17.68793974262878,True
gen-v-108,wikidata:Q112623392,unknown,2023,television_episode,asia-28,uploaders,without-hosting,audit-filtered,6,165849,920808,18.01124664425157,True
gen-v-108,wikidata:Q112623392,unknown,2023,television_episode,eur-27,uploaders,all,full,8,240503,1399889,17.1801478545799,True
gen-v-108,wikidata:Q112623392,unknown,2023,television_episode,eur-27,uploaders,all,audit-filtered,6,191001,1098196,17.39225056365166,True
gen-v-108,wikidata:Q112623392,unknown,2023,television_episode,eur-27,uploaders,without-hosting,full,8,181001,1172703,15.434513256979814,True
gen-v-108,wikidata:Q112623392,unknown,2023,television_episode,eur-27,uploaders,without-hosting,audit-filtered,6,144234,920808,15.66385174759559,True
gen-v-108,wikidata:Q112623392,unknown,2023,television_episode,usa-can,uploaders,all,full,8,162972,1399889,11.641780169713456,True
gen-v-108,wikidata:Q112623392,unknown,2023,television_episode,usa-can,uploaders,all,audit-filtered,6,127420,1098196,11.602664733799795,True
gen-v-108,wikidata:Q112623392,unknown,2023,television_episode,usa-can,uploaders,without-hosting,full,8,61017,1172703,5.203107692228978,True
gen-v-108,wikidata:Q112623392,unknown,2023,television_episode,usa-can,uploaders,without-hosting,audit-filtered,6,48501,920808,5.26722183126124,True
gen-v-108,wikidata:Q112623392,unknown,2023,television_episode,other,uploaders,all,full,8,772954,1399889,55.21537779066769,True
gen-v-108,wikidata:Q112623392,unknown,2023,television_episode,other,uploaders,all,audit-filtered,6,601585,1098196,54.779383643721154,True
gen-v-108,wikidata:Q112623392,unknown,2023,television_episode,other,uploaders,without-hosting,full,8,722826,1172703,61.637601336399754,True
gen-v-108,wikidata:Q112623392,unknown,2023,television_episode,other,uploaders,without-hosting,audit-filtered,6,561900,920808,61.02249328850314,True
gen-v-108,wikidata:Q112623392,unknown,2023,television_episode,unclassified,uploaders,all,full,8,433,1399889,0.03093102381688834,True
gen-v-108,wikidata:Q112623392,unknown,2023,television_episode,unclassified,uploaders,all,audit-filtered,6,325,1098196,0.029593988686901062,True
gen-v-108,wikidata:Q112623392,unknown,2023,television_episode,unclassified,uploaders,without-hosting,full,8,432,1172703,0.03683797176267137,True
gen-v-108,wikidata:Q112623392,unknown,2023,television_episode,unclassified,uploaders,without-hosting,audit-filtered,6,324,920808,0.03518648838845883,True
gen-v-201,wikidata:Q112623392,unknown,2025,television_episode,asia-28,downloaders,all,full,8,4712213,20592791,22.88282826742621,True
gen-v-201,wikidata:Q112623392,unknown,2025,television_episode,asia-28,downloaders,all,audit-filtered,6,3418887,15277001,22.379307299907882,True
gen-v-201,wikidata:Q112623392,unknown,2025,television_episode,asia-28,downloaders,without-hosting,full,8,4443697,17433462,25.489469618828434,True
gen-v-201,wikidata:Q112623392,unknown,2025,television_episode,asia-28,downloaders,without-hosting,audit-filtered,6,3224425,13061552,24.686384895148755,True
gen-v-201,wikidata:Q112623392,unknown,2025,television_episode,eur-27,downloaders,all,full,8,5247156,20592791,25.480548022849355,True
gen-v-201,wikidata:Q112623392,unknown,2025,television_episode,eur-27,downloaders,all,audit-filtered,6,4033958,15277001,26.40543127541852,True
gen-v-201,wikidata:Q112623392,unknown,2025,television_episode,eur-27,downloaders,without-hosting,full,8,3811925,17433462,21.865565198696622,True
gen-v-201,wikidata:Q112623392,unknown,2025,television_episode,eur-27,downloaders,without-hosting,audit-filtered,6,2992406,13061552,22.910033968398242,True
gen-v-201,wikidata:Q112623392,unknown,2025,television_episode,usa-can,downloaders,all,full,8,1997989,20592791,9.702371087046918,True
gen-v-201,wikidata:Q112623392,unknown,2025,television_episode,usa-can,downloaders,all,audit-filtered,6,1362801,15277001,8.920605556025034,True
gen-v-201,wikidata:Q112623392,unknown,2025,television_episode,usa-can,downloaders,without-hosting,full,8,1053643,17433462,6.043796693967039,True
gen-v-201,wikidata:Q112623392,unknown,2025,television_episode,usa-can,downloaders,without-hosting,audit-filtered,6,728445,13061552,5.577017187544023,True
gen-v-201,wikidata:Q112623392,unknown,2025,television_episode,other,downloaders,all,full,8,8630782,20592791,41.91166704892018,True
gen-v-201,wikidata:Q112623392,unknown,2025,television_episode,other,downloaders,all,audit-filtered,6,6458001,15277001,42.2727012978529,True
gen-v-201,wikidata:Q112623392,unknown,2025,television_episode,other,downloaders,without-hosting,full,8,8119737,17433462,46.57558550332688,True
gen-v-201,wikidata:Q112623392,unknown,2025,television_episode,other,downloaders,without-hosting,audit-filtered,6,6113047,13061552,46.801842537548374,True
gen-v-201,wikidata:Q112623392,unknown,2025,television_episode,unclassified,downloaders,all,full,8,4651,20592791,0.022585573757340615,True
gen-v-201,wikidata:Q112623392,unknown,2025,television_episode,unclassified,downloaders,all,audit-filtered,6,3354,15277001,0.0219545707956686,True
gen-v-201,wikidata:Q112623392,unknown,2025,television_episode,unclassified,downloaders,without-hosting,full,8,4460,17433462,0.025582985181027154,True
gen-v-201,wikidata:Q112623392,unknown,2025,television_episode,unclassified,downloaders,without-hosting,audit-filtered,6,3229,13061552,0.024721411360610134,True
gen-v-201,wikidata:Q112623392,unknown,2025,television_episode,asia-28,uploaders,all,full,8,235413,1599389,14.718933292651132,True
gen-v-201,wikidata:Q112623392,unknown,2025,television_episode,asia-28,uploaders,all,audit-filtered,6,123924,881977,14.05070653769883,True
gen-v-201,wikidata:Q112623392,unknown,2025,television_episode,asia-28,uploaders,without-hosting,full,8,212177,1149287,18.46162011751634,True
gen-v-201,wikidata:Q112623392,unknown,2025,television_episode,asia-28,uploaders,without-hosting,audit-filtered,6,109765,611548,17.94871375591123,True
gen-v-201,wikidata:Q112623392,unknown,2025,television_episode,eur-27,uploaders,all,full,8,397970,1599389,24.882627053205944,True
gen-v-201,wikidata:Q112623392,unknown,2025,television_episode,eur-27,uploaders,all,audit-filtered,6,227331,881977,25.775161937329433,True
gen-v-201,wikidata:Q112623392,unknown,2025,television_episode,eur-27,uploaders,without-hosting,full,8,264000,1149287,22.970763612570227,True
gen-v-201,wikidata:Q112623392,unknown,2025,television_episode,eur-27,uploaders,without-hosting,audit-filtered,6,147997,611548,24.200389830397615,True
gen-v-201,wikidata:Q112623392,unknown,2025,television_episode,usa-can,uploaders,all,full,8,303432,1599389,18.97174483505889,True
gen-v-201,wikidata:Q112623392,unknown,2025,television_episode,usa-can,uploaders,all,audit-filtered,6,177593,881977,20.13578585382612,True
gen-v-201,wikidata:Q112623392,unknown,2025,television_episode,usa-can,uploaders,without-hosting,full,8,98951,1149287,8.609772841770594,True
gen-v-201,wikidata:Q112623392,unknown,2025,television_episode,usa-can,uploaders,without-hosting,audit-filtered,6,51217,611548,8.374976289677997,True
gen-v-201,wikidata:Q112623392,unknown,2025,television_episode,other,uploaders,all,full,8,662084,1599389,41.39605811969446,True
gen-v-201,wikidata:Q112623392,unknown,2025,television_episode,other,uploaders,all,audit-filtered,6,352874,881977,40.00943335257042,True
gen-v-201,wikidata:Q112623392,unknown,2025,television_episode,other,uploaders,without-hosting,full,8,573675,1149287,49.91573036151979,True
gen-v-201,wikidata:Q112623392,unknown,2025,television_episode,other,uploaders,without-hosting,audit-filtered,6,302314,611548,49.43422266118113,True
gen-v-201,wikidata:Q112623392,unknown,2025,television_episode,unclassified,uploaders,all,full,8,490,1599389,0.030636699389579396,True
gen-v-201,wikidata:Q112623392,unknown,2025,television_episode,unclassified,uploaders,all,audit-filtered,6,255,881977,0.028912318575200942,True
gen-v-201,wikidata:Q112623392,unknown,2025,television_episode,unclassified,uploaders,without-hosting,full,8,484,1149287,0.04211306662304542,True
gen-v-201,wikidata:Q112623392,unknown,2025,television_episode,unclassified,uploaders,without-hosting,audit-filtered,6,255,611548,0.041697462832026265,True
gen-v-206,wikidata:Q112623392,unknown,2025,television_episode,asia-28,downloaders,all,full,8,2822577,13094899,21.554782514931958,True
gen-v-206,wikidata:Q112623392,unknown,2025,television_episode,asia-28,downloaders,all,audit-filtered,6,2572261,11639052,22.100262117567652,True
gen-v-206,wikidata:Q112623392,unknown,2025,television_episode,asia-28,downloaders,without-hosting,full,8,2659321,11151707,23.84676175584599,True
gen-v-206,wikidata:Q112623392,unknown,2025,television_episode,asia-28,downloaders,without-hosting,audit-filtered,6,2425309,9946531,24.38346595411003,True
gen-v-206,wikidata:Q112623392,unknown,2025,television_episode,eur-27,downloaders,all,full,8,3476630,13094899,26.549498396283926,True
gen-v-206,wikidata:Q112623392,unknown,2025,television_episode,eur-27,downloaders,all,audit-filtered,6,3094860,11639052,26.590309932458418,True
gen-v-206,wikidata:Q112623392,unknown,2025,television_episode,eur-27,downloaders,without-hosting,full,8,2579980,11151707,23.135292202350726,True
gen-v-206,wikidata:Q112623392,unknown,2025,television_episode,eur-27,downloaders,without-hosting,audit-filtered,6,2295015,9946531,23.073521813786133,True
gen-v-206,wikidata:Q112623392,unknown,2025,television_episode,usa-can,downloaders,all,full,8,1278099,13094899,9.76028146532478,True
gen-v-206,wikidata:Q112623392,unknown,2025,television_episode,usa-can,downloaders,all,audit-filtered,6,1109627,11639052,9.533654459143236,True
gen-v-206,wikidata:Q112623392,unknown,2025,television_episode,usa-can,downloaders,without-hosting,full,8,708953,11151707,6.3573495967926705,True
gen-v-206,wikidata:Q112623392,unknown,2025,television_episode,usa-can,downloaders,without-hosting,audit-filtered,6,630739,9946531,6.341296277063833,True
gen-v-206,wikidata:Q112623392,unknown,2025,television_episode,other,downloaders,all,full,8,5514182,13094899,42.10938931258653,True
gen-v-206,wikidata:Q112623392,unknown,2025,television_episode,other,downloaders,all,audit-filtered,6,4859270,11639052,41.749706075718194,True
gen-v-206,wikidata:Q112623392,unknown,2025,television_episode,other,downloaders,without-hosting,full,8,5200306,11151707,46.63237655006539,True
gen-v-206,wikidata:Q112623392,unknown,2025,television_episode,other,downloaders,without-hosting,audit-filtered,6,4592678,9946531,46.17366597459959,True
gen-v-206,wikidata:Q112623392,unknown,2025,television_episode,unclassified,downloaders,all,full,8,3411,13094899,0.026048310872806273,True
gen-v-206,wikidata:Q112623392,unknown,2025,television_episode,unclassified,downloaders,all,audit-filtered,6,3034,11639052,0.02606741511250229,True
gen-v-206,wikidata:Q112623392,unknown,2025,television_episode,unclassified,downloaders,without-hosting,full,8,3147,11151707,0.028219894945231253,True
gen-v-206,wikidata:Q112623392,unknown,2025,television_episode,unclassified,downloaders,without-hosting,audit-filtered,6,2790,9946531,0.028049980440416865,True
gen-v-206,wikidata:Q112623392,unknown,2025,television_episode,asia-28,uploaders,all,full,8,128177,998676,12.834693133709031,True
gen-v-206,wikidata:Q112623392,unknown,2025,television_episode,asia-28,uploaders,all,audit-filtered,6,94841,738654,12.839705735026142,True
gen-v-206,wikidata:Q112623392,unknown,2025,television_episode,asia-28,uploaders,without-hosting,full,8,113359,694770,16.316047037148984,True
gen-v-206,wikidata:Q112623392,unknown,2025,television_episode,asia-28,uploaders,without-hosting,audit-filtered,6,83136,502414,16.547309589302845,True
gen-v-206,wikidata:Q112623392,unknown,2025,television_episode,eur-27,uploaders,all,full,8,253528,998676,25.386411608970278,True
gen-v-206,wikidata:Q112623392,unknown,2025,television_episode,eur-27,uploaders,all,audit-filtered,6,188694,738654,25.545654663753258,True
gen-v-206,wikidata:Q112623392,unknown,2025,television_episode,eur-27,uploaders,without-hosting,full,8,160072,694770,23.039567050966507,True
gen-v-206,wikidata:Q112623392,unknown,2025,television_episode,eur-27,uploaders,without-hosting,audit-filtered,6,116329,502414,23.15401242799763,True
gen-v-206,wikidata:Q112623392,unknown,2025,television_episode,usa-can,uploaders,all,full,8,199689,998676,19.995373875010515,True
gen-v-206,wikidata:Q112623392,unknown,2025,television_episode,usa-can,uploaders,all,audit-filtered,6,153202,738654,20.740698622088285,True
gen-v-206,wikidata:Q112623392,unknown,2025,television_episode,usa-can,uploaders,without-hosting,full,8,64123,694770,9.22938526418815,True
gen-v-206,wikidata:Q112623392,unknown,2025,television_episode,usa-can,uploaders,without-hosting,audit-filtered,6,46633,502414,9.281787529806095,True
gen-v-206,wikidata:Q112623392,unknown,2025,television_episode,other,uploaders,all,full,8,417024,998676,41.757687177823435,True
gen-v-206,wikidata:Q112623392,unknown,2025,television_episode,other,uploaders,all,audit-filtered,6,301727,738654,40.8482185163825,True
gen-v-206,wikidata:Q112623392,unknown,2025,television_episode,other,uploaders,without-hosting,full,8,356958,694770,51.37786605639276,True
gen-v-206,wikidata:Q112623392,unknown,2025,television_episode,other,uploaders,without-hosting,audit-filtered,6,256126,502414,50.97907303538516,True
gen-v-206,wikidata:Q112623392,unknown,2025,television_episode,unclassified,uploaders,all,full,8,258,998676,0.025834204486740446,True
gen-v-206,wikidata:Q112623392,unknown,2025,television_episode,unclassified,uploaders,all,audit-filtered,6,190,738654,0.0257224627498125,True
gen-v-206,wikidata:Q112623392,unknown,2025,television_episode,unclassified,uploaders,without-hosting,full,8,258,694770,0.03713459130359687,True
gen-v-206,wikidata:Q112623392,unknown,2025,television_episode,unclassified,uploaders,without-hosting,audit-filtered,6,190,502414,0.03781741750827007,True
glass-onion,wikidata:Q84712797,usa-only,2022,film,asia-28,downloaders,all,full,8,1938724,9764074,19.855687287908715,True
glass-onion,wikidata:Q84712797,usa-only,2022,film,asia-28,downloaders,all,audit-filtered,0,0,0,,True
glass-onion,wikidata:Q84712797,usa-only,2022,film,asia-28,downloaders,without-hosting,full,8,1849652,8491287,21.78294056012946,True
glass-onion,wikidata:Q84712797,usa-only,2022,film,asia-28,downloaders,without-hosting,audit-filtered,0,0,0,,True
glass-onion,wikidata:Q84712797,usa-only,2022,film,eur-27,downloaders,all,full,8,1625337,9764074,16.64609465270337,True
glass-onion,wikidata:Q84712797,usa-only,2022,film,eur-27,downloaders,all,audit-filtered,0,0,0,,True
glass-onion,wikidata:Q84712797,usa-only,2022,film,eur-27,downloaders,without-hosting,full,8,1238464,8491287,14.585115307020008,True
glass-onion,wikidata:Q84712797,usa-only,2022,film,eur-27,downloaders,without-hosting,audit-filtered,0,0,0,,True
glass-onion,wikidata:Q84712797,usa-only,2022,film,usa-can,downloaders,all,full,8,808676,9764074,8.282157632152316,True
glass-onion,wikidata:Q84712797,usa-only,2022,film,usa-can,downloaders,all,audit-filtered,0,0,0,,True
glass-onion,wikidata:Q84712797,usa-only,2022,film,usa-can,downloaders,without-hosting,full,8,355654,8491287,4.188458121837126,True
glass-onion,wikidata:Q84712797,usa-only,2022,film,usa-can,downloaders,without-hosting,audit-filtered,0,0,0,,True
glass-onion,wikidata:Q84712797,usa-only,2022,film,other,downloaders,all,full,8,5388467,9764074,55.18666695889441,True
glass-onion,wikidata:Q84712797,usa-only,2022,film,other,downloaders,all,audit-filtered,0,0,0,,True
glass-onion,wikidata:Q84712797,usa-only,2022,film,other,downloaders,without-hosting,full,8,5044675,8491287,59.41001640858447,True
glass-onion,wikidata:Q84712797,usa-only,2022,film,other,downloaders,without-hosting,audit-filtered,0,0,0,,True
glass-onion,wikidata:Q84712797,usa-only,2022,film,unclassified,downloaders,all,full,8,2870,9764074,0.029393468341186273,True
glass-onion,wikidata:Q84712797,usa-only,2022,film,unclassified,downloaders,all,audit-filtered,0,0,0,,True
glass-onion,wikidata:Q84712797,usa-only,2022,film,unclassified,downloaders,without-hosting,full,8,2842,8491287,0.03346960242893686,True
glass-onion,wikidata:Q84712797,usa-only,2022,film,unclassified,downloaders,without-hosting,audit-filtered,0,0,0,,True
glass-onion,wikidata:Q84712797,usa-only,2022,film,asia-28,uploaders,all,full,8,592980,3417614,17.350701395769097,True
glass-onion,wikidata:Q84712797,usa-only,2022,film,asia-28,uploaders,all,audit-filtered,0,0,0,,True
glass-onion,wikidata:Q84712797,usa-only,2022,film,asia-28,uploaders,without-hosting,full,8,565182,2995262,18.86920075773004,True
glass-onion,wikidata:Q84712797,usa-only,2022,film,asia-28,uploaders,without-hosting,audit-filtered,0,0,0,,True
glass-onion,wikidata:Q84712797,usa-only,2022,film,eur-27,uploaders,all,full,8,565624,3417614,16.550259918176835,True
glass-onion,wikidata:Q84712797,usa-only,2022,film,eur-27,uploaders,all,audit-filtered,0,0,0,,True
glass-onion,wikidata:Q84712797,usa-only,2022,film,eur-27,uploaders,without-hosting,full,8,455648,2995262,15.212291946414037,True
glass-onion,wikidata:Q84712797,usa-only,2022,film,eur-27,uploaders,without-hosting,audit-filtered,0,0,0,,True
glass-onion,wikidata:Q84712797,usa-only,2022,film,usa-can,uploaders,all,full,8,279325,3417614,8.173099712255393,True
glass-onion,wikidata:Q84712797,usa-only,2022,film,usa-can,uploaders,all,audit-filtered,0,0,0,,True
glass-onion,wikidata:Q84712797,usa-only,2022,film,usa-can,uploaders,without-hosting,full,8,112334,2995262,3.750389782262787,True
glass-onion,wikidata:Q84712797,usa-only,2022,film,usa-can,uploaders,without-hosting,audit-filtered,0,0,0,,True
glass-onion,wikidata:Q84712797,usa-only,2022,film,other,uploaders,all,full,8,1978840,3417614,57.90121412189908,True
glass-onion,wikidata:Q84712797,usa-only,2022,film,other,uploaders,all,audit-filtered,0,0,0,,True
glass-onion,wikidata:Q84712797,usa-only,2022,film,other,uploaders,without-hosting,full,8,1861256,2995262,62.140006450186995,True
glass-onion,wikidata:Q84712797,usa-only,2022,film,other,uploaders,without-hosting,audit-filtered,0,0,0,,True
glass-onion,wikidata:Q84712797,usa-only,2022,film,unclassified,uploaders,all,full,8,845,3417614,0.02472485189960013,True
glass-onion,wikidata:Q84712797,usa-only,2022,film,unclassified,uploaders,all,audit-filtered,0,0,0,,True
glass-onion,wikidata:Q84712797,usa-only,2022,film,unclassified,uploaders,without-hosting,full,8,842,2995262,0.02811106340613943,True
glass-onion,wikidata:Q84712797,usa-only,2022,film,unclassified,uploaders,without-hosting,audit-filtered,0,0,0,,True
goat-2026,wikidata:Q132456673,unknown,2026,film,asia-28,downloaders,all,full,8,4099043,13919752,29.44767263094917,True
goat-2026,wikidata:Q132456673,unknown,2026,film,asia-28,downloaders,all,audit-filtered,7,3658367,12506256,29.252295810992514,True
goat-2026,wikidata:Q132456673,unknown,2026,film,asia-28,downloaders,without-hosting,full,8,3917956,11797017,33.21141268169742,True
goat-2026,wikidata:Q132456673,unknown,2026,film,asia-28,downloaders,without-hosting,audit-filtered,7,3496855,10625037,32.911461861262225,True
goat-2026,wikidata:Q132456673,unknown,2026,film,eur-27,downloaders,all,full,8,3297726,13919752,23.69098242554896,True
goat-2026,wikidata:Q132456673,unknown,2026,film,eur-27,downloaders,all,audit-filtered,7,3017302,12506256,24.126341248731833,True
goat-2026,wikidata:Q132456673,unknown,2026,film,eur-27,downloaders,without-hosting,full,8,2243475,11797017,19.017307510873298,True
goat-2026,wikidata:Q132456673,unknown,2026,film,eur-27,downloaders,without-hosting,audit-filtered,7,2067459,10625037,19.45836988614722,True
goat-2026,wikidata:Q132456673,unknown,2026,film,usa-can,downloaders,all,full,8,1229346,13919752,8.831665966462621,True
goat-2026,wikidata:Q132456673,unknown,2026,film,usa-can,downloaders,all,audit-filtered,7,1077825,12506256,8.618286719862443,True
goat-2026,wikidata:Q132456673,unknown,2026,film,usa-can,downloaders,without-hosting,full,8,667127,11797017,5.655048221088433,True
goat-2026,wikidata:Q132456673,unknown,2026,film,usa-can,downloaders,without-hosting,audit-filtered,7,591494,10625037,5.566982966741668,True
goat-2026,wikidata:Q132456673,unknown,2026,film,other,downloaders,all,full,8,5290575,13919752,38.00768145869265,True
goat-2026,wikidata:Q132456673,unknown,2026,film,other,downloaders,all,audit-filtered,7,4750047,12506256,37.9813670854011,True
goat-2026,wikidata:Q132456673,unknown,2026,film,other,downloaders,without-hosting,full,8,4965453,11797017,42.090750568554746,True
goat-2026,wikidata:Q132456673,unknown,2026,film,other,downloaders,without-hosting,audit-filtered,7,4466567,10625037,42.0381312554488,True
goat-2026,wikidata:Q132456673,unknown,2026,film,unclassified,downloaders,all,full,8,3062,13919752,0.021997518346591232,True
goat-2026,wikidata:Q132456673,unknown,2026,film,unclassified,downloaders,all,audit-filtered,7,2715,12506256,0.02170913501210914,True
goat-2026,wikidata:Q132456673,unknown,2026,film,unclassified,downloaders,without-hosting,full,8,3006,11797017,0.02548101778610644,True
goat-2026,wikidata:Q132456673,unknown,2026,film,unclassified,downloaders,without-hosting,audit-filtered,7,2662,10625037,0.02505403040008237,True
goat-2026,wikidata:Q132456673,unknown,2026,film,asia-28,uploaders,all,full,8,348101,1261868,27.586165906418103,True
goat-2026,wikidata:Q132456673,unknown,2026,film,asia-28,uploaders,all,audit-filtered,7,297346,1057615,28.114767661199963,True
goat-2026,wikidata:Q132456673,unknown,2026,film,asia-28,uploaders,without-hosting,full,8,337787,1045766,32.300438147730944,True
goat-2026,wikidata:Q132456673,unknown,2026,film,asia-28,uploaders,without-hosting,audit-filtered,7,288879,875632,32.990913991265735,True
goat-2026,wikidata:Q132456673,unknown,2026,film,eur-27,uploaders,all,full,8,195271,1261868,15.474756472150812,True
goat-2026,wikidata:Q132456673,unknown,2026,film,eur-27,uploaders,all,audit-filtered,7,160875,1057615,15.211111793989305,True
goat-2026,wikidata:Q132456673,unknown,2026,film,eur-27,uploaders,without-hosting,full,8,133257,1045766,12.74252557455492,True
goat-2026,wikidata:Q132456673,unknown,2026,film,eur-27,uploaders,without-hosting,audit-filtered,7,108470,875632,12.387624024704442,True
goat-2026,wikidata:Q132456673,unknown,2026,film,usa-can,uploaders,all,full,8,165652,1261868,13.12752205460476,True
goat-2026,wikidata:Q132456673,unknown,2026,film,usa-can,uploaders,all,audit-filtered,7,136738,1057615,12.928901348789493,True
goat-2026,wikidata:Q132456673,unknown,2026,film,usa-can,uploaders,without-hosting,full,8,67672,1045766,6.471046104004146,True
goat-2026,wikidata:Q132456673,unknown,2026,film,usa-can,uploaders,without-hosting,audit-filtered,7,53889,875632,6.154297695835694,True
goat-2026,wikidata:Q132456673,unknown,2026,film,other,uploaders,all,full,8,552461,1261868,43.78120373921836,True
goat-2026,wikidata:Q132456673,unknown,2026,film,other,uploaders,all,audit-filtered,7,462356,1057615,43.71685348638209,True
goat-2026,wikidata:Q132456673,unknown,2026,film,other,uploaders,without-hosting,full,8,506667,1045766,48.44936630183043,True
goat-2026,wikidata:Q132456673,unknown,2026,film,other,uploaders,without-hosting,audit-filtered,7,424094,875632,48.43290332011621,True
goat-2026,wikidata:Q132456673,unknown,2026,film,unclassified,uploaders,all,full,8,383,1261868,0.030351827607958994,True
goat-2026,wikidata:Q132456673,unknown,2026,film,unclassified,uploaders,all,audit-filtered,7,300,1057615,0.028365709639140896,True
goat-2026,wikidata:Q132456673,unknown,2026,film,unclassified,uploaders,without-hosting,full,8,383,1045766,0.03662387187956005,True
goat-2026,wikidata:Q132456673,unknown,2026,film,unclassified,uploaders,without-hosting,audit-filtered,7,300,875632,0.03426096807791401,True
godzilla-x-kong-the-new-empire,wikidata:Q113360912,usa-only,2024,film,asia-28,downloaders,all,full,8,7739067,29087718,26.605961320169563,True
godzilla-x-kong-the-new-empire,wikidata:Q113360912,usa-only,2024,film,asia-28,downloaders,all,audit-filtered,8,7739067,29087718,26.605961320169563,True
godzilla-x-kong-the-new-empire,wikidata:Q113360912,usa-only,2024,film,asia-28,downloaders,without-hosting,full,8,7434991,25277941,29.41296128509834,True
godzilla-x-kong-the-new-empire,wikidata:Q113360912,usa-only,2024,film,asia-28,downloaders,without-hosting,audit-filtered,8,7434991,25277941,29.41296128509834,True
godzilla-x-kong-the-new-empire,wikidata:Q113360912,usa-only,2024,film,eur-27,downloaders,all,full,8,4971121,29087718,17.09010311499857,True
godzilla-x-kong-the-new-empire,wikidata:Q113360912,usa-only,2024,film,eur-27,downloaders,all,audit-filtered,8,4971121,29087718,17.09010311499857,True
godzilla-x-kong-the-new-empire,wikidata:Q113360912,usa-only,2024,film,eur-27,downloaders,without-hosting,full,8,3326454,25277941,13.159513268901135,True
godzilla-x-kong-the-new-empire,wikidata:Q113360912,usa-only,2024,film,eur-27,downloaders,without-hosting,audit-filtered,8,3326454,25277941,13.159513268901135,True
godzilla-x-kong-the-new-empire,wikidata:Q113360912,usa-only,2024,film,usa-can,downloaders,all,full,8,2626107,29087718,9.028233153250454,True
godzilla-x-kong-the-new-empire,wikidata:Q113360912,usa-only,2024,film,usa-can,downloaders,all,audit-filtered,8,2626107,29087718,9.028233153250454,True
godzilla-x-kong-the-new-empire,wikidata:Q113360912,usa-only,2024,film,usa-can,downloaders,without-hosting,full,8,1472877,25277941,5.826728529827647,True
godzilla-x-kong-the-new-empire,wikidata:Q113360912,usa-only,2024,film,usa-can,downloaders,without-hosting,audit-filtered,8,1472877,25277941,5.826728529827647,True
godzilla-x-kong-the-new-empire,wikidata:Q113360912,usa-only,2024,film,other,downloaders,all,full,8,13747819,29087718,47.26331230246388,True
godzilla-x-kong-the-new-empire,wikidata:Q113360912,usa-only,2024,film,other,downloaders,all,audit-filtered,8,13747819,29087718,47.26331230246388,True
godzilla-x-kong-the-new-empire,wikidata:Q113360912,usa-only,2024,film,other,downloaders,without-hosting,full,8,13040081,25277941,51.586800523033105,True
godzilla-x-kong-the-new-empire,wikidata:Q113360912,usa-only,2024,film,other,downloaders,without-hosting,audit-filtered,8,13040081,25277941,51.586800523033105,True
godzilla-x-kong-the-new-empire,wikidata:Q113360912,usa-only,2024,film,unclassified,downloaders,all,full,8,3604,29087718,0.012390109117532012,True
godzilla-x-kong-the-new-empire,wikidata:Q113360912,usa-only,2024,film,unclassified,downloaders,all,audit-filtered,8,3604,29087718,0.012390109117532012,True
godzilla-x-kong-the-new-empire,wikidata:Q113360912,usa-only,2024,film,unclassified,downloaders,without-hosting,full,8,3538,25277941,0.013996393139773529,True
godzilla-x-kong-the-new-empire,wikidata:Q113360912,usa-only,2024,film,unclassified,downloaders,without-hosting,audit-filtered,8,3538,25277941,0.013996393139773529,True
godzilla-x-kong-the-new-empire,wikidata:Q113360912,usa-only,2024,film,asia-28,uploaders,all,full,8,1545541,5802907,26.633909521555317,True
godzilla-x-kong-the-new-empire,wikidata:Q113360912,usa-only,2024,film,asia-28,uploaders,all,audit-filtered,8,1545541,5802907,26.633909521555317,True
godzilla-x-kong-the-new-empire,wikidata:Q113360912,usa-only,2024,film,asia-28,uploaders,without-hosting,full,8,1499454,5128428,29.23808231294268,True
godzilla-x-kong-the-new-empire,wikidata:Q113360912,usa-only,2024,film,asia-28,uploaders,without-hosting,audit-filtered,8,1499454,5128428,29.23808231294268,True
godzilla-x-kong-the-new-empire,wikidata:Q113360912,usa-only,2024,film,eur-27,uploaders,all,full,8,756314,5802907,13.033364139732035,True
godzilla-x-kong-the-new-empire,wikidata:Q113360912,usa-only,2024,film,eur-27,uploaders,all,audit-filtered,8,756314,5802907,13.033364139732035,True
godzilla-x-kong-the-new-empire,wikidata:Q113360912,usa-only,2024,film,eur-27,uploaders,without-hosting,full,8,595262,5128428,11.60710455523603,True
godzilla-x-kong-the-new-empire,wikidata:Q113360912,usa-only,2024,film,eur-27,uploaders,without-hosting,audit-filtered,8,595262,5128428,11.60710455523603,True
godzilla-x-kong-the-new-empire,wikidata:Q113360912,usa-only,2024,film,usa-can,uploaders,all,full,8,570549,5802907,9.832123795883684,True
godzilla-x-kong-the-new-empire,wikidata:Q113360912,usa-only,2024,film,usa-can,uploaders,all,audit-filtered,8,570549,5802907,9.832123795883684,True
godzilla-x-kong-the-new-empire,wikidata:Q113360912,usa-only,2024,film,usa-can,uploaders,without-hosting,full,8,267410,5128428,5.214268387895862,True
godzilla-x-kong-the-new-empire,wikidata:Q113360912,usa-only,2024,film,usa-can,uploaders,without-hosting,audit-filtered,8,267410,5128428,5.214268387895862,True
godzilla-x-kong-the-new-empire,wikidata:Q113360912,usa-only,2024,film,other,uploaders,all,full,8,2929678,5802907,50.48638553056253,True
godzilla-x-kong-the-new-empire,wikidata:Q113360912,usa-only,2024,film,other,uploaders,all,audit-filtered,8,2929678,5802907,50.48638553056253,True
godzilla-x-kong-the-new-empire,wikidata:Q113360912,usa-only,2024,film,other,uploaders,without-hosting,full,8,2765480,5128428,53.9245164405155,True
godzilla-x-kong-the-new-empire,wikidata:Q113360912,usa-only,2024,film,other,uploaders,without-hosting,audit-filtered,8,2765480,5128428,53.9245164405155,True
godzilla-x-kong-the-new-empire,wikidata:Q113360912,usa-only,2024,film,unclassified,uploaders,all,full,8,825,5802907,0.014217012266438183,True
godzilla-x-kong-the-new-empire,wikidata:Q113360912,usa-only,2024,film,unclassified,uploaders,all,audit-filtered,8,825,5802907,0.014217012266438183,True
godzilla-x-kong-the-new-empire,wikidata:Q113360912,usa-only,2024,film,unclassified,uploaders,without-hosting,full,8,822,5128428,0.016028303409933803,True
godzilla-x-kong-the-new-empire,wikidata:Q113360912,usa-only,2024,film,unclassified,uploaders,without-hosting,audit-filtered,8,822,5128428,0.016028303409933803,True
gray-man,wikidata:Q104891260,unknown,2022,film,asia-28,downloaders,all,full,8,3066103,10368506,29.57130950206327,True
gray-man,wikidata:Q104891260,unknown,2022,film,asia-28,downloaders,all,audit-filtered,7,2302129,8218031,28.01314572797304,True
gray-man,wikidata:Q104891260,unknown,2022,film,asia-28,downloaders,without-hosting,full,8,2949554,9125019,32.323812147678815,True
gray-man,wikidata:Q104891260,unknown,2022,film,asia-28,downloaders,without-hosting,audit-filtered,7,2212557,7228998,30.606689889802155,True
gray-man,wikidata:Q104891260,unknown,2022,film,eur-27,downloaders,all,full,8,1469201,10368506,14.169842791237233,True
gray-man,wikidata:Q104891260,unknown,2022,film,eur-27,downloaders,all,audit-filtered,7,1174602,8218031,14.292985752913319,True
gray-man,wikidata:Q104891260,unknown,2022,film,eur-27,downloaders,without-hosting,full,8,1079616,9125019,11.831383583968428,True
gray-man,wikidata:Q104891260,unknown,2022,film,eur-27,downloaders,without-hosting,audit-filtered,7,857518,7228998,11.862197222906964,True
gray-man,wikidata:Q104891260,unknown,2022,film,usa-can,downloaders,all,full,8,839073,10368506,8.092515932382158,True
gray-man,wikidata:Q104891260,unknown,2022,film,usa-can,downloaders,all,audit-filtered,7,650951,8218031,7.921009302593285,True
gray-man,wikidata:Q104891260,unknown,2022,film,usa-can,downloaders,without-hosting,full,8,401438,9125019,4.399311387735192,True
gray-man,wikidata:Q104891260,unknown,2022,film,usa-can,downloaders,without-hosting,audit-filtered,7,304394,7228998,4.210735706386971,True
gray-man,wikidata:Q104891260,unknown,2022,film,other,downloaders,all,full,8,4991293,10368506,48.1389797141459,True
gray-man,wikidata:Q104891260,unknown,2022,film,other,downloaders,all,audit-filtered,7,4088265,8218031,49.74750034406052,True
gray-man,wikidata:Q104891260,unknown,2022,film,other,downloaders,without-hosting,full,8,4691908,9125019,51.41806280074595,True
gray-man,wikidata:Q104891260,unknown,2022,film,other,downloaders,without-hosting,audit-filtered,7,3852776,7228998,53.29612762377303,True
gray-man,wikidata:Q104891260,unknown,2022,film,unclassified,downloaders,all,full,8,2836,10368506,0.02735206017144611,True
gray-man,wikidata:Q104891260,unknown,2022,film,unclassified,downloaders,all,audit-filtered,7,2084,8218031,0.025358872459838616,True
gray-man,wikidata:Q104891260,unknown,2022,film,unclassified,downloaders,without-hosting,full,8,2503,9125019,0.027430079871614513,True
gray-man,wikidata:Q104891260,unknown,2022,film,unclassified,downloaders,without-hosting,audit-filtered,7,1753,7228998,0.024249557130877612,True
gray-man,wikidata:Q104891260,unknown,2022,film,asia-28,uploaders,all,full,8,979833,3757650,26.0756856013732,True
gray-man,wikidata:Q104891260,unknown,2022,film,asia-28,uploaders,all,audit-filtered,7,791011,3135951,25.223959175382525,True
gray-man,wikidata:Q104891260,unknown,2022,film,asia-28,uploaders,without-hosting,full,8,944280,3337002,28.297256040002374,True
gray-man,wikidata:Q104891260,unknown,2022,film,asia-28,uploaders,without-hosting,audit-filtered,7,761973,2783474,27.374891951568436,True
gray-man,wikidata:Q104891260,unknown,2022,film,eur-27,uploaders,all,full,8,531440,3757650,14.142881854350458,True
gray-man,wikidata:Q104891260,unknown,2022,film,eur-27,uploaders,all,audit-filtered,7,438396,3135951,13.97968271825676,True
gray-man,wikidata:Q104891260,unknown,2022,film,eur-27,uploaders,without-hosting,full,8,431758,3337002,12.93849988702434,True
gray-man,wikidata:Q104891260,unknown,2022,film,eur-27,uploaders,without-hosting,audit-filtered,7,357943,2783474,12.859577635717093,True
gray-man,wikidata:Q104891260,unknown,2022,film,usa-can,uploaders,all,full,8,301200,3757650,8.01564807792104,True
gray-man,wikidata:Q104891260,unknown,2022,film,usa-can,uploaders,all,audit-filtered,7,251700,3135951,8.026273369705075,True
gray-man,wikidata:Q104891260,unknown,2022,film,usa-can,uploaders,without-hosting,full,8,119884,3337002,3.592566021836367,True
gray-man,wikidata:Q104891260,unknown,2022,film,usa-can,uploaders,without-hosting,audit-filtered,7,94726,2783474,3.4031573494129996,True
gray-man,wikidata:Q104891260,unknown,2022,film,other,uploaders,all,full,8,1944171,3757650,51.739012414674065,True
gray-man,wikidata:Q104891260,unknown,2022,film,other,uploaders,all,audit-filtered,7,1654068,3135951,52.74533945205139,True
gray-man,wikidata:Q104891260,unknown,2022,film,other,uploaders,without-hosting,full,8,1840115,3337002,55.14275987847775,True
gray-man,wikidata:Q104891260,unknown,2022,film,other,uploaders,without-hosting,audit-filtered,7,1568097,2783474,56.33596721219598,True
gray-man,wikidata:Q104891260,unknown,2022,film,unclassified,uploaders,all,full,8,1006,3757650,0.026772051681236943,True
gray-man,wikidata:Q104891260,unknown,2022,film,unclassified,uploaders,all,audit-filtered,7,776,3135951,0.024745284604255614,True
gray-man,wikidata:Q104891260,unknown,2022,film,unclassified,uploaders,without-hosting,full,8,965,3337002,0.028918172659171317,True
gray-man,wikidata:Q104891260,unknown,2022,film,unclassified,uploaders,without-hosting,audit-filtered,7,735,2783474,0.02640585110548904,True
guardians-of-the-galaxy-3,wikidata:Q29226331,usa-only,2023,film,asia-28,downloaders,all,full,8,6082548,24017025,25.325984379830558,True
guardians-of-the-galaxy-3,wikidata:Q29226331,usa-only,2023,film,asia-28,downloaders,all,audit-filtered,5,2933899,12705773,23.091070492129838,True
guardians-of-the-galaxy-3,wikidata:Q29226331,usa-only,2023,film,asia-28,downloaders,without-hosting,full,8,5849492,20707833,28.24772635552933,True
guardians-of-the-galaxy-3,wikidata:Q29226331,usa-only,2023,film,asia-28,downloaders,without-hosting,audit-filtered,5,2813405,10926473,25.74851921567005,True
guardians-of-the-galaxy-3,wikidata:Q29226331,usa-only,2023,film,eur-27,downloaders,all,full,8,3569838,24017025,14.863781005349331,True
guardians-of-the-galaxy-3,wikidata:Q29226331,usa-only,2023,film,eur-27,downloaders,all,audit-filtered,5,1973759,12705773,15.534348047930653,True
guardians-of-the-galaxy-3,wikidata:Q29226331,usa-only,2023,film,eur-27,downloaders,without-hosting,full,8,2585813,20707833,12.487125041041233,True
guardians-of-the-galaxy-3,wikidata:Q29226331,usa-only,2023,film,eur-27,downloaders,without-hosting,audit-filtered,5,1428082,10926473,13.069926590218088,True
guardians-of-the-galaxy-3,wikidata:Q29226331,usa-only,2023,film,usa-can,downloaders,all,full,8,2434055,24017025,10.134706525891529,True
guardians-of-the-galaxy-3,wikidata:Q29226331,usa-only,2023,film,usa-can,downloaders,all,audit-filtered,5,1273103,12705773,10.01987836552723,True
guardians-of-the-galaxy-3,wikidata:Q29226331,usa-only,2023,film,usa-can,downloaders,without-hosting,full,8,1130125,20707833,5.4574759222754015,True
guardians-of-the-galaxy-3,wikidata:Q29226331,usa-only,2023,film,usa-can,downloaders,without-hosting,audit-filtered,5,572974,10926473,5.243906244952053,True
guardians-of-the-galaxy-3,wikidata:Q29226331,usa-only,2023,film,other,downloaders,all,full,8,11924548,24017025,49.650395917063,True
guardians-of-the-galaxy-3,wikidata:Q29226331,usa-only,2023,film,other,downloaders,all,audit-filtered,5,6521575,12705773,51.32765239863801,True
guardians-of-the-galaxy-3,wikidata:Q29226331,usa-only,2023,film,other,downloaders,without-hosting,full,8,11136477,20707833,53.779055490741115,True
guardians-of-the-galaxy-3,wikidata:Q29226331,usa-only,2023,film,other,downloaders,without-hosting,audit-filtered,5,6108633,10926473,55.90672305692789,True
guardians-of-the-galaxy-3,wikidata:Q29226331,usa-only,2023,film,unclassified,downloaders,all,full,8,6036,24017025,0.025132171865582854,True
guardians-of-the-galaxy-3,wikidata:Q29226331,usa-only,2023,film,unclassified,downloaders,all,audit-filtered,5,3437,12705773,0.027050695774275206,True
guardians-of-the-galaxy-3,wikidata:Q29226331,usa-only,2023,film,unclassified,downloaders,without-hosting,full,8,5926,20707833,0.028617190412922492,True
guardians-of-the-galaxy-3,wikidata:Q29226331,usa-only,2023,film,unclassified,downloaders,without-hosting,audit-filtered,5,3379,10926473,0.0309248922319215,True
guardians-of-the-galaxy-3,wikidata:Q29226331,usa-only,2023,film,asia-28,uploaders,all,full,8,1959508,8723650,22.4620199113903,True
guardians-of-the-galaxy-3,wikidata:Q29226331,usa-only,2023,film,asia-28,uploaders,all,audit-filtered,5,974928,4612835,21.135115389993356,True
guardians-of-the-galaxy-3,wikidata:Q29226331,usa-only,2023,film,asia-28,uploaders,without-hosting,full,8,1892445,7574491,24.984451100410574,True
guardians-of-the-galaxy-3,wikidata:Q29226331,usa-only,2023,film,asia-28,uploaders,without-hosting,audit-filtered,5,939966,3989610,23.560348003940234,True
guardians-of-the-galaxy-3,wikidata:Q29226331,usa-only,2023,film,eur-27,uploaders,all,full,8,1230697,8723650,14.107592578794426,True
guardians-of-the-galaxy-3,wikidata:Q29226331,usa-only,2023,film,eur-27,uploaders,all,audit-filtered,5,660601,4612835,14.320932788621315,True
guardians-of-the-galaxy-3,wikidata:Q29226331,usa-only,2023,film,eur-27,uploaders,without-hosting,full,8,874644,7574491,11.547231358516367,True
guardians-of-the-galaxy-3,wikidata:Q29226331,usa-only,2023,film,eur-27,uploaders,without-hosting,audit-filtered,5,461242,3989610,11.561079905053376,True
guardians-of-the-galaxy-3,wikidata:Q29226331,usa-only,2023,film,usa-can,uploaders,all,full,8,856871,8723650,9.822390857038052,True
guardians-of-the-galaxy-3,wikidata:Q29226331,usa-only,2023,film,usa-can,uploaders,all,audit-filtered,5,446826,4612835,9.686581028803328,True
guardians-of-the-galaxy-3,wikidata:Q29226331,usa-only,2023,film,usa-can,uploaders,without-hosting,full,8,392891,7574491,5.187028408905628,True
guardians-of-the-galaxy-3,wikidata:Q29226331,usa-only,2023,film,usa-can,uploaders,without-hosting,audit-filtered,5,192659,3989610,4.829018375229659,True
guardians-of-the-galaxy-3,wikidata:Q29226331,usa-only,2023,film,other,uploaders,all,full,8,4674724,8723650,53.58678993311286,True
guardians-of-the-galaxy-3,wikidata:Q29226331,usa-only,2023,film,other,uploaders,all,audit-filtered,5,2529438,4612835,54.834781647294996,True
guardians-of-the-galaxy-3,wikidata:Q29226331,usa-only,2023,film,other,uploaders,without-hosting,full,8,4412674,7574491,58.25703667744803,True
guardians-of-the-galaxy-3,wikidata:Q29226331,usa-only,2023,film,other,uploaders,without-hosting,audit-filtered,5,2394708,3989610,60.023611330430796,True
guardians-of-the-galaxy-3,wikidata:Q29226331,usa-only,2023,film,unclassified,uploaders,all,full,8,1850,8723650,0.021206719664360673,True
guardians-of-the-galaxy-3,wikidata:Q29226331,usa-only,2023,film,unclassified,uploaders,all,audit-filtered,5,1042,4612835,0.022589145287008967,True
guardians-of-the-galaxy-3,wikidata:Q29226331,usa-only,2023,film,unclassified,uploaders,without-hosting,full,8,1837,7574491,0.024252454719399626,True
guardians-of-the-galaxy-3,wikidata:Q29226331,usa-only,2023,film,unclassified,uploaders,without-hosting,audit-filtered,5,1035,3989610,0.02594238534593607,True
his-and-hers-2026-01,wikidata:Q130484454,unknown,2026,television_season,asia-28,downloaders,all,full,8,4795188,19359238,24.76950797340267,True
his-and-hers-2026-01,wikidata:Q130484454,unknown,2026,television_season,asia-28,downloaders,all,audit-filtered,7,4319909,17398837,24.82872274738823,True
his-and-hers-2026-01,wikidata:Q130484454,unknown,2026,television_season,asia-28,downloaders,without-hosting,full,8,4561985,16675308,27.35772556644831,True
his-and-hers-2026-01,wikidata:Q130484454,unknown,2026,television_season,asia-28,downloaders,without-hosting,audit-filtered,7,4111006,15021446,27.367578327678974,True
his-and-hers-2026-01,wikidata:Q130484454,unknown,2026,television_season,eur-27,downloaders,all,full,8,4720205,19359238,24.382183844219487,True
his-and-hers-2026-01,wikidata:Q130484454,unknown,2026,television_season,eur-27,downloaders,all,audit-filtered,7,4276201,17398837,24.577510554297394,True
his-and-hers-2026-01,wikidata:Q130484454,unknown,2026,television_season,eur-27,downloaders,without-hosting,full,8,3341288,16675308,20.037339040454306,True
his-and-hers-2026-01,wikidata:Q130484454,unknown,2026,television_season,eur-27,downloaders,without-hosting,audit-filtered,7,3036615,15021446,20.215197658068337,True
his-and-hers-2026-01,wikidata:Q130484454,unknown,2026,television_season,usa-can,downloaders,all,full,8,1582382,19359238,8.173782459826157,True
his-and-hers-2026-01,wikidata:Q130484454,unknown,2026,television_season,usa-can,downloaders,all,audit-filtered,7,1398480,17398837,8.037778617042047,True
his-and-hers-2026-01,wikidata:Q130484454,unknown,2026,television_season,usa-can,downloaders,without-hosting,full,8,931962,16675308,5.588874280463066,True
his-and-hers-2026-01,wikidata:Q130484454,unknown,2026,television_season,usa-can,downloaders,without-hosting,audit-filtered,7,834222,15021446,5.553539918860008,True
his-and-hers-2026-01,wikidata:Q130484454,unknown,2026,television_season,other,downloaders,all,full,8,8256057,19359238,42.646601069732185,True
his-and-hers-2026-01,wikidata:Q130484454,unknown,2026,television_season,other,downloaders,all,audit-filtered,7,7399405,17398837,42.52815863497083,True
his-and-hers-2026-01,wikidata:Q130484454,unknown,2026,television_season,other,downloaders,without-hosting,full,8,7834768,16675308,46.98424760730057,True
his-and-hers-2026-01,wikidata:Q130484454,unknown,2026,television_season,other,downloaders,without-hosting,audit-filtered,7,7034860,15021446,46.832109239017335,True
his-and-hers-2026-01,wikidata:Q130484454,unknown,2026,television_season,unclassified,downloaders,all,full,8,5406,19359238,0.027924652819496305,True
his-and-hers-2026-01,wikidata:Q130484454,unknown,2026,television_season,unclassified,downloaders,all,audit-filtered,7,4842,17398837,0.027829446301497047,True
his-and-hers-2026-01,wikidata:Q130484454,unknown,2026,television_season,unclassified,downloaders,without-hosting,full,8,5305,16675308,0.03181350533375456,True
his-and-hers-2026-01,wikidata:Q130484454,unknown,2026,television_season,unclassified,downloaders,without-hosting,audit-filtered,7,4743,15021446,0.031574856375344955,True
his-and-hers-2026-01,wikidata:Q130484454,unknown,2026,television_season,asia-28,uploaders,all,full,8,75450,850819,8.867926080635247,True
his-and-hers-2026-01,wikidata:Q130484454,unknown,2026,television_season,asia-28,uploaders,all,audit-filtered,7,54870,647369,8.475846078511637,True
his-and-hers-2026-01,wikidata:Q130484454,unknown,2026,television_season,asia-28,uploaders,without-hosting,full,8,68849,695610,9.897643794655052,True
his-and-hers-2026-01,wikidata:Q130484454,unknown,2026,television_season,asia-28,uploaders,without-hosting,audit-filtered,7,49857,530218,9.403113436360139,True
his-and-hers-2026-01,wikidata:Q130484454,unknown,2026,television_season,eur-27,uploaders,all,full,8,207385,850819,24.374749506064155,True
his-and-hers-2026-01,wikidata:Q130484454,unknown,2026,television_season,eur-27,uploaders,all,audit-filtered,7,154986,647369,23.94090541870247,True
his-and-hers-2026-01,wikidata:Q130484454,unknown,2026,television_season,eur-27,uploaders,without-hosting,full,8,157579,695610,22.653354609623207,True
his-and-hers-2026-01,wikidata:Q130484454,unknown,2026,television_season,eur-27,uploaders,without-hosting,audit-filtered,7,117237,530218,22.111093927403445,True
his-and-hers-2026-01,wikidata:Q130484454,unknown,2026,television_season,usa-can,uploaders,all,full,8,116871,850819,13.73629408840188,True
his-and-hers-2026-01,wikidata:Q130484454,unknown,2026,television_season,usa-can,uploaders,all,audit-filtered,7,86672,647369,13.388345750259898,True
his-and-hers-2026-01,wikidata:Q130484454,unknown,2026,television_season,usa-can,uploaders,without-hosting,full,8,54070,695610,7.773033740170498,True
his-and-hers-2026-01,wikidata:Q130484454,unknown,2026,television_season,usa-can,uploaders,without-hosting,audit-filtered,7,39123,530218,7.378663115925902,True
his-and-hers-2026-01,wikidata:Q130484454,unknown,2026,television_season,other,uploaders,all,full,8,450278,850819,52.92288959226345,True
his-and-hers-2026-01,wikidata:Q130484454,unknown,2026,television_season,other,uploaders,all,audit-filtered,7,350193,647369,54.094805281068446,True
his-and-hers-2026-01,wikidata:Q130484454,unknown,2026,television_season,other,uploaders,without-hosting,full,8,414281,695610,59.55650436307701,True
his-and-hers-2026-01,wikidata:Q130484454,unknown,2026,television_season,other,uploaders,without-hosting,audit-filtered,7,323357,530218,60.98567004515124,True
his-and-hers-2026-01,wikidata:Q130484454,unknown,2026,television_season,unclassified,uploaders,all,full,8,835,850819,0.09814073263526085,True
his-and-hers-2026-01,wikidata:Q130484454,unknown,2026,television_season,unclassified,uploaders,all,audit-filtered,7,648,647369,0.10009747145754586,True
his-and-hers-2026-01,wikidata:Q130484454,unknown,2026,television_season,unclassified,uploaders,without-hosting,full,8,831,695610,0.11946349247423126,True
his-and-hers-2026-01,wikidata:Q130484454,unknown,2026,television_season,unclassified,uploaders,without-hosting,audit-filtered,7,644,530218,0.1214594751592741,True
hit-monkey-02,wikidata:Q108640888,unknown,2024,television_season,asia-28,downloaders,all,full,8,515628,2369157,21.764197138475836,True
hit-monkey-02,wikidata:Q108640888,unknown,2024,television_season,asia-28,downloaders,all,audit-filtered,7,428135,2009373,21.30689523547893,True
hit-monkey-02,wikidata:Q108640888,unknown,2024,television_season,asia-28,downloaders,without-hosting,full,8,486553,1941094,25.065916436813467,True
hit-monkey-02,wikidata:Q108640888,unknown,2024,television_season,asia-28,downloaders,without-hosting,audit-filtered,7,403976,1646885,24.529703045446404,True
hit-monkey-02,wikidata:Q108640888,unknown,2024,television_season,eur-27,downloaders,all,full,8,535388,2369157,22.59824908184641,True
hit-monkey-02,wikidata:Q108640888,unknown,2024,television_season,eur-27,downloaders,all,audit-filtered,7,456018,2009373,22.694542028782113,True
hit-monkey-02,wikidata:Q108640888,unknown,2024,television_season,eur-27,downloaders,without-hosting,full,8,317052,1941094,16.33367575192134,True
hit-monkey-02,wikidata:Q108640888,unknown,2024,television_season,eur-27,downloaders,without-hosting,audit-filtered,7,273624,1646885,16.61463915209623,True
hit-monkey-02,wikidata:Q108640888,unknown,2024,television_season,usa-can,downloaders,all,full,8,250921,2369157,10.591151198506473,True
hit-monkey-02,wikidata:Q108640888,unknown,2024,television_season,usa-can,downloaders,all,audit-filtered,7,216674,2009373,10.783164698639824,True
hit-monkey-02,wikidata:Q108640888,unknown,2024,television_season,usa-can,downloaders,without-hosting,full,8,123999,1941094,6.388098670131379,True
hit-monkey-02,wikidata:Q108640888,unknown,2024,television_season,usa-can,downloaders,without-hosting,audit-filtered,7,106392,1646885,6.460196067120655,True
hit-monkey-02,wikidata:Q108640888,unknown,2024,television_season,other,downloaders,all,full,8,1066789,2369157,45.0282104562931,True
hit-monkey-02,wikidata:Q108640888,unknown,2024,television_season,other,downloaders,all,audit-filtered,7,908163,2009373,45.19633736493921,True
hit-monkey-02,wikidata:Q108640888,unknown,2024,television_season,other,downloaders,without-hosting,full,8,1013067,1941094,52.1905173062201,True
hit-monkey-02,wikidata:Q108640888,unknown,2024,television_season,other,downloaders,without-hosting,audit-filtered,7,862517,1646885,52.372630754424264,True
hit-monkey-02,wikidata:Q108640888,unknown,2024,television_season,unclassified,downloaders,all,full,8,431,2369157,0.018192124878173968,True
hit-monkey-02,wikidata:Q108640888,unknown,2024,television_season,unclassified,downloaders,all,audit-filtered,7,383,2009373,0.019060672159922524,True
hit-monkey-02,wikidata:Q108640888,unknown,2024,television_season,unclassified,downloaders,without-hosting,full,8,423,1941094,0.021791834913713608,True
hit-monkey-02,wikidata:Q108640888,unknown,2024,television_season,unclassified,downloaders,without-hosting,audit-filtered,7,376,1646885,0.022830980912449866,True
hit-monkey-02,wikidata:Q108640888,unknown,2024,television_season,asia-28,uploaders,all,full,8,16435,126238,13.019059237313646,True
hit-monkey-02,wikidata:Q108640888,unknown,2024,television_season,asia-28,uploaders,all,audit-filtered,7,15279,114732,13.317121639995817,True
hit-monkey-02,wikidata:Q108640888,unknown,2024,television_season,asia-28,uploaders,without-hosting,full,8,14325,68635,20.87127558825672,True
hit-monkey-02,wikidata:Q108640888,unknown,2024,television_season,asia-28,uploaders,without-hosting,audit-filtered,7,13437,64689,20.77169225061448,True
hit-monkey-02,wikidata:Q108640888,unknown,2024,television_season,eur-27,uploaders,all,full,8,31746,126238,25.147736814588317,True
hit-monkey-02,wikidata:Q108640888,unknown,2024,television_season,eur-27,uploaders,all,audit-filtered,7,27538,114732,24.00202210368511,True
hit-monkey-02,wikidata:Q108640888,unknown,2024,television_season,eur-27,uploaders,without-hosting,full,8,8681,68635,12.648065855613025,True
hit-monkey-02,wikidata:Q108640888,unknown,2024,television_season,eur-27,uploaders,without-hosting,audit-filtered,7,8166,64689,12.623475397671937,True
hit-monkey-02,wikidata:Q108640888,unknown,2024,television_season,usa-can,uploaders,all,full,8,37261,126238,29.516468892092714,True
hit-monkey-02,wikidata:Q108640888,unknown,2024,television_season,usa-can,uploaders,all,audit-filtered,7,33476,114732,29.177561621866612,True
hit-monkey-02,wikidata:Q108640888,unknown,2024,television_season,usa-can,uploaders,without-hosting,full,8,10553,68635,15.375537262329715,True
hit-monkey-02,wikidata:Q108640888,unknown,2024,television_season,usa-can,uploaders,without-hosting,audit-filtered,7,9918,64689,15.331818392616983,True
hit-monkey-02,wikidata:Q108640888,unknown,2024,television_season,other,uploaders,all,full,8,40781,126238,32.30485273847811,True
hit-monkey-02,wikidata:Q108640888,unknown,2024,television_season,other,uploaders,all,audit-filtered,7,38424,114732,33.49022068821253,True
hit-monkey-02,wikidata:Q108640888,unknown,2024,television_season,other,uploaders,without-hosting,full,8,35061,68635,51.083266554964666,True
hit-monkey-02,wikidata:Q108640888,unknown,2024,television_season,other,uploaders,without-hosting,audit-filtered,7,33153,64689,51.249826090989195,True
hit-monkey-02,wikidata:Q108640888,unknown,2024,television_season,unclassified,uploaders,all,full,8,15,126238,0.011882317527210508,True
hit-monkey-02,wikidata:Q108640888,unknown,2024,television_season,unclassified,uploaders,all,audit-filtered,7,15,114732,0.01307394623993306,True
hit-monkey-02,wikidata:Q108640888,unknown,2024,television_season,unclassified,uploaders,without-hosting,full,8,15,68635,0.021854738835870913,True
hit-monkey-02,wikidata:Q108640888,unknown,2024,television_season,unclassified,uploaders,without-hosting,audit-filtered,7,15,64689,0.023187868107406206,True
house-of-the-dragon-101,wikidata:Q72930269,unknown,2022,television_episode,asia-28,downloaders,all,full,8,3116657,13927770,22.377286528999257,True
house-of-the-dragon-101,wikidata:Q72930269,unknown,2022,television_episode,asia-28,downloaders,all,audit-filtered,2,1076473,4889917,22.01413643626262,True
house-of-the-dragon-101,wikidata:Q72930269,unknown,2022,television_episode,asia-28,downloaders,without-hosting,full,8,2947164,11820225,24.933230966415614,True
house-of-the-dragon-101,wikidata:Q72930269,unknown,2022,television_episode,asia-28,downloaders,without-hosting,audit-filtered,2,1018368,4185285,24.33210641569212,True
house-of-the-dragon-101,wikidata:Q72930269,unknown,2022,television_episode,eur-27,downloaders,all,full,8,2983561,13927770,21.42167051868318,True
house-of-the-dragon-101,wikidata:Q72930269,unknown,2022,television_episode,eur-27,downloaders,all,audit-filtered,2,1058371,4889917,21.643946103788675,True
house-of-the-dragon-101,wikidata:Q72930269,unknown,2022,television_episode,eur-27,downloaders,without-hosting,full,8,2295524,11820225,19.420307143053538,True
house-of-the-dragon-101,wikidata:Q72930269,unknown,2022,television_episode,eur-27,downloaders,without-hosting,audit-filtered,2,828943,4185285,19.806130287423677,True
house-of-the-dragon-101,wikidata:Q72930269,unknown,2022,television_episode,usa-can,downloaders,all,full,8,1442624,13927770,10.357896490249336,True
house-of-the-dragon-101,wikidata:Q72930269,unknown,2022,television_episode,usa-can,downloaders,all,audit-filtered,2,492449,4889917,10.070702631557959,True
house-of-the-dragon-101,wikidata:Q72930269,unknown,2022,television_episode,usa-can,downloaders,without-hosting,full,8,736897,11820225,6.234204509643429,True
house-of-the-dragon-101,wikidata:Q72930269,unknown,2022,television_episode,usa-can,downloaders,without-hosting,audit-filtered,2,257558,4185285,6.153893940317087,True
house-of-the-dragon-101,wikidata:Q72930269,unknown,2022,television_episode,other,downloaders,all,full,8,6377369,13927770,45.78887359570125,True
house-of-the-dragon-101,wikidata:Q72930269,unknown,2022,television_episode,other,downloaders,all,audit-filtered,2,2259874,4889917,46.21497665502298,True
house-of-the-dragon-101,wikidata:Q72930269,unknown,2022,television_episode,other,downloaders,without-hosting,full,8,5833198,11820225,49.34929749645205,True
house-of-the-dragon-101,wikidata:Q72930269,unknown,2022,television_episode,other,downloaders,without-hosting,audit-filtered,2,2077696,4185285,49.642879756097855,True
house-of-the-dragon-101,wikidata:Q72930269,unknown,2022,television_episode,unclassified,downloaders,all,full,8,7559,13927770,0.054272866366977625,True
house-of-the-dragon-101,wikidata:Q72930269,unknown,2022,television_episode,unclassified,downloaders,all,audit-filtered,2,2750,4889917,0.05623817336776882,True
house-of-the-dragon-101,wikidata:Q72930269,unknown,2022,television_episode,unclassified,downloaders,without-hosting,full,8,7442,11820225,0.06295988443536396,True
house-of-the-dragon-101,wikidata:Q72930269,unknown,2022,television_episode,unclassified,downloaders,without-hosting,audit-filtered,2,2720,4185285,0.06498960046926315,True
house-of-the-dragon-101,wikidata:Q72930269,unknown,2022,television_episode,asia-28,uploaders,all,full,8,1151049,5715375,20.13951840430418,True
house-of-the-dragon-101,wikidata:Q72930269,unknown,2022,television_episode,asia-28,uploaders,all,audit-filtered,2,411958,2085201,19.75627289647377,True
house-of-the-dragon-101,wikidata:Q72930269,unknown,2022,television_episode,asia-28,uploaders,without-hosting,full,8,1093355,4923739,22.205787106099653,True
house-of-the-dragon-101,wikidata:Q72930269,unknown,2022,television_episode,asia-28,uploaders,without-hosting,audit-filtered,2,391255,1808957,21.62876176713985,True
house-of-the-dragon-101,wikidata:Q72930269,unknown,2022,television_episode,eur-27,uploaders,all,full,8,1269746,5715375,22.216320013997333,True
house-of-the-dragon-101,wikidata:Q72930269,unknown,2022,television_episode,eur-27,uploaders,all,audit-filtered,2,468222,2085201,22.454525966561498,True
house-of-the-dragon-101,wikidata:Q72930269,unknown,2022,television_episode,eur-27,uploaders,without-hosting,full,8,1041898,4923739,21.160707340498757,True
house-of-the-dragon-101,wikidata:Q72930269,unknown,2022,television_episode,eur-27,uploaders,without-hosting,audit-filtered,2,386652,1808957,21.374305746349968,True
house-of-the-dragon-101,wikidata:Q72930269,unknown,2022,television_episode,usa-can,uploaders,all,full,8,570204,5715375,9.976668197624829,True
house-of-the-dragon-101,wikidata:Q72930269,unknown,2022,television_episode,usa-can,uploaders,all,audit-filtered,2,197894,2085201,9.490404042583904,True
house-of-the-dragon-101,wikidata:Q72930269,unknown,2022,television_episode,usa-can,uploaders,without-hosting,full,8,275198,4923739,5.589207713893852,True
house-of-the-dragon-101,wikidata:Q72930269,unknown,2022,television_episode,usa-can,uploaders,without-hosting,audit-filtered,2,98843,1808957,5.464087869418676,True
house-of-the-dragon-101,wikidata:Q72930269,unknown,2022,television_episode,other,uploaders,all,full,8,2721441,5715375,47.61614067318418,True
house-of-the-dragon-101,wikidata:Q72930269,unknown,2022,television_episode,other,uploaders,all,audit-filtered,2,1006044,2085201,48.24685965525626,True
house-of-the-dragon-101,wikidata:Q72930269,unknown,2022,television_episode,other,uploaders,without-hosting,full,8,2510369,4923739,50.9850136248083,True
house-of-the-dragon-101,wikidata:Q72930269,unknown,2022,television_episode,other,uploaders,without-hosting,audit-filtered,2,931126,1808957,51.47308642493989,True
house-of-the-dragon-101,wikidata:Q72930269,unknown,2022,television_episode,unclassified,uploaders,all,full,8,2935,5715375,0.05135271088948669,True
house-of-the-dragon-101,wikidata:Q72930269,unknown,2022,television_episode,unclassified,uploaders,all,audit-filtered,2,1083,2085201,0.0519374391245736,True
house-of-the-dragon-101,wikidata:Q72930269,unknown,2022,television_episode,unclassified,uploaders,without-hosting,full,8,2919,4923739,0.05928421469943878,True
house-of-the-dragon-101,wikidata:Q72930269,unknown,2022,television_episode,unclassified,uploaders,without-hosting,audit-filtered,2,1081,1808957,0.05975819215161002,True
house-of-the-dragon-103,wikidata:Q72930269,unknown,2022,television_episode,asia-28,downloaders,all,full,8,2468936,12488389,19.76985181995852,True
house-of-the-dragon-103,wikidata:Q72930269,unknown,2022,television_episode,asia-28,downloaders,all,audit-filtered,4,788118,3849727,20.472049056985078,True
house-of-the-dragon-103,wikidata:Q72930269,unknown,2022,television_episode,asia-28,downloaders,without-hosting,full,8,2328710,10562829,22.046271884170423,True
house-of-the-dragon-103,wikidata:Q72930269,unknown,2022,television_episode,asia-28,downloaders,without-hosting,audit-filtered,4,741136,3206774,23.11157568322557,True
house-of-the-dragon-103,wikidata:Q72930269,unknown,2022,television_episode,eur-27,downloaders,all,full,8,2672027,12488389,21.396090400451172,True
house-of-the-dragon-103,wikidata:Q72930269,unknown,2022,television_episode,eur-27,downloaders,all,audit-filtered,4,817444,3849727,21.233817358997143,True
house-of-the-dragon-103,wikidata:Q72930269,unknown,2022,television_episode,eur-27,downloaders,without-hosting,full,8,2032983,10562829,19.246576840352144,True
house-of-the-dragon-103,wikidata:Q72930269,unknown,2022,television_episode,eur-27,downloaders,without-hosting,audit-filtered,4,594330,3206774,18.533579229468618,True
house-of-the-dragon-103,wikidata:Q72930269,unknown,2022,television_episode,usa-can,downloaders,all,full,8,1249990,12488389,10.00921736182305,True
house-of-the-dragon-103,wikidata:Q72930269,unknown,2022,television_episode,usa-can,downloaders,all,audit-filtered,4,391527,3849727,10.170253630971755,True
house-of-the-dragon-103,wikidata:Q72930269,unknown,2022,television_episode,usa-can,downloaders,without-hosting,full,8,632149,10562829,5.984656193904114,True
house-of-the-dragon-103,wikidata:Q72930269,unknown,2022,television_episode,usa-can,downloaders,without-hosting,audit-filtered,4,188725,3206774,5.8851980214383675,True
house-of-the-dragon-103,wikidata:Q72930269,unknown,2022,television_episode,other,downloaders,all,full,8,6089933,12488389,48.76476061083619,True
house-of-the-dragon-103,wikidata:Q72930269,unknown,2022,television_episode,other,downloaders,all,audit-filtered,4,1850735,3849727,48.07444787643384,True
house-of-the-dragon-103,wikidata:Q72930269,unknown,2022,television_episode,other,downloaders,without-hosting,full,8,5561592,10562829,52.65248542790951,True
house-of-the-dragon-103,wikidata:Q72930269,unknown,2022,television_episode,other,downloaders,without-hosting,audit-filtered,4,1680686,3206774,52.41049104177594,True
house-of-the-dragon-103,wikidata:Q72930269,unknown,2022,television_episode,unclassified,downloaders,all,full,8,7503,12488389,0.06007980693106212,True
house-of-the-dragon-103,wikidata:Q72930269,unknown,2022,television_episode,unclassified,downloaders,all,audit-filtered,4,1903,3849727,0.049432076612185745,True
house-of-the-dragon-103,wikidata:Q72930269,unknown,2022,television_episode,unclassified,downloaders,without-hosting,full,8,7395,10562829,0.0700096536638054,True
house-of-the-dragon-103,wikidata:Q72930269,unknown,2022,television_episode,unclassified,downloaders,without-hosting,audit-filtered,4,1897,3206774,0.0591560240915013,True
house-of-the-dragon-103,wikidata:Q72930269,unknown,2022,television_episode,asia-28,uploaders,all,full,8,833629,4697716,17.745410748542483,True
house-of-the-dragon-103,wikidata:Q72930269,unknown,2022,television_episode,asia-28,uploaders,all,audit-filtered,4,276635,1536732,18.001512300127803,True
house-of-the-dragon-103,wikidata:Q72930269,unknown,2022,television_episode,asia-28,uploaders,without-hosting,full,8,791247,4085224,19.368509535829613,True
house-of-the-dragon-103,wikidata:Q72930269,unknown,2022,television_episode,asia-28,uploaders,without-hosting,audit-filtered,4,262406,1330008,19.729655761469104,True
house-of-the-dragon-103,wikidata:Q72930269,unknown,2022,television_episode,eur-27,uploaders,all,full,8,1017602,4697716,21.661633014852324,True
house-of-the-dragon-103,wikidata:Q72930269,unknown,2022,television_episode,eur-27,uploaders,all,audit-filtered,4,334274,1536732,21.75226389507084,True
house-of-the-dragon-103,wikidata:Q72930269,unknown,2022,television_episode,eur-27,uploaders,without-hosting,full,8,825489,4085224,20.206701027899573,True
house-of-the-dragon-103,wikidata:Q72930269,unknown,2022,television_episode,eur-27,uploaders,without-hosting,audit-filtered,4,268582,1330008,20.19401387059326,True
house-of-the-dragon-103,wikidata:Q72930269,unknown,2022,television_episode,usa-can,uploaders,all,full,8,430185,4697716,9.157322409443227,True
house-of-the-dragon-103,wikidata:Q72930269,unknown,2022,television_episode,usa-can,uploaders,all,audit-filtered,4,142769,1536732,9.290429300619756,True
house-of-the-dragon-103,wikidata:Q72930269,unknown,2022,television_episode,usa-can,uploaders,without-hosting,full,8,222951,4085224,5.4574975570495035,True
house-of-the-dragon-103,wikidata:Q72930269,unknown,2022,television_episode,usa-can,uploaders,without-hosting,audit-filtered,4,71291,1330008,5.360193322145431,True
house-of-the-dragon-103,wikidata:Q72930269,unknown,2022,television_episode,other,uploaders,all,full,8,2413382,4697716,51.37351853539039,True
house-of-the-dragon-103,wikidata:Q72930269,unknown,2022,television_episode,other,uploaders,all,audit-filtered,4,782268,1536732,50.90464700416208,True
house-of-the-dragon-103,wikidata:Q72930269,unknown,2022,television_episode,other,uploaders,without-hosting,full,8,2242626,4085224,54.89603507665675,True
house-of-the-dragon-103,wikidata:Q72930269,unknown,2022,television_episode,other,uploaders,without-hosting,audit-filtered,4,726943,1330008,54.65703965690432,True
house-of-the-dragon-103,wikidata:Q72930269,unknown,2022,television_episode,unclassified,uploaders,all,full,8,2918,4697716,0.062115291771575806,True
house-of-the-dragon-103,wikidata:Q72930269,unknown,2022,television_episode,unclassified,uploaders,all,audit-filtered,4,786,1536732,0.051147500019521945,True
house-of-the-dragon-103,wikidata:Q72930269,unknown,2022,television_episode,unclassified,uploaders,without-hosting,full,8,2911,4085224,0.07125680256455949,True
house-of-the-dragon-103,wikidata:Q72930269,unknown,2022,television_episode,unclassified,uploaders,without-hosting,audit-filtered,4,786,1330008,0.05909738888788639,True
house-of-the-dragon-110,wikidata:Q72930269,unknown,2022,television_episode,asia-28,downloaders,all,full,8,2018591,10892215,18.53241971444743,True
house-of-the-dragon-110,wikidata:Q72930269,unknown,2022,television_episode,asia-28,downloaders,all,audit-filtered,6,1047386,5811598,18.0223408432586,True
house-of-the-dragon-110,wikidata:Q72930269,unknown,2022,television_episode,asia-28,downloaders,without-hosting,full,8,1868632,8913351,20.96441618870389,True
house-of-the-dragon-110,wikidata:Q72930269,unknown,2022,television_episode,asia-28,downloaders,without-hosting,audit-filtered,6,963634,4653886,20.706007839470068,True
house-of-the-dragon-110,wikidata:Q72930269,unknown,2022,television_episode,eur-27,downloaders,all,full,8,2428317,10892215,22.29406048264747,True
house-of-the-dragon-110,wikidata:Q72930269,unknown,2022,television_episode,eur-27,downloaders,all,audit-filtered,6,1258135,5811598,21.648692838011165,True
house-of-the-dragon-110,wikidata:Q72930269,unknown,2022,television_episode,eur-27,downloaders,without-hosting,full,8,1698943,8913351,19.060654068262316,True
house-of-the-dragon-110,wikidata:Q72930269,unknown,2022,television_episode,eur-27,downloaders,without-hosting,audit-filtered,6,807621,4653886,17.353691087405235,True
house-of-the-dragon-110,wikidata:Q72930269,unknown,2022,television_episode,usa-can,downloaders,all,full,8,1139812,10892215,10.46446475762735,True
house-of-the-dragon-110,wikidata:Q72930269,unknown,2022,television_episode,usa-can,downloaders,all,audit-filtered,6,622010,5811598,10.702908219047497,True
house-of-the-dragon-110,wikidata:Q72930269,unknown,2022,television_episode,usa-can,downloaders,without-hosting,full,8,518424,8913351,5.816263714959727,True
house-of-the-dragon-110,wikidata:Q72930269,unknown,2022,television_episode,usa-can,downloaders,without-hosting,audit-filtered,6,261271,4653886,5.614039535992072,True
house-of-the-dragon-110,wikidata:Q72930269,unknown,2022,television_episode,other,downloaders,all,full,8,5300918,10892215,48.66703420745918,True
house-of-the-dragon-110,wikidata:Q72930269,unknown,2022,television_episode,other,downloaders,all,audit-filtered,6,2882215,5811598,49.594190788832954,True
house-of-the-dragon-110,wikidata:Q72930269,unknown,2022,television_episode,other,downloaders,without-hosting,full,8,4822803,8913351,54.10763022795804,True
house-of-the-dragon-110,wikidata:Q72930269,unknown,2022,television_episode,other,downloaders,without-hosting,audit-filtered,6,2619522,4653886,56.28676766040251,True
house-of-the-dragon-110,wikidata:Q72930269,unknown,2022,television_episode,unclassified,downloaders,all,full,8,4577,10892215,0.04202083781857042,True
house-of-the-dragon-110,wikidata:Q72930269,unknown,2022,television_episode,unclassified,downloaders,all,audit-filtered,6,1852,5811598,0.031867310849786924,True
house-of-the-dragon-110,wikidata:Q72930269,unknown,2022,television_episode,unclassified,downloaders,without-hosting,full,8,4549,8913351,0.05103580011602819,True
house-of-the-dragon-110,wikidata:Q72930269,unknown,2022,television_episode,unclassified,downloaders,without-hosting,audit-filtered,6,1838,4653886,0.039493876730113286,True
house-of-the-dragon-110,wikidata:Q72930269,unknown,2022,television_episode,asia-28,uploaders,all,full,8,634787,4019572,15.792402773230583,True
house-of-the-dragon-110,wikidata:Q72930269,unknown,2022,television_episode,asia-28,uploaders,all,audit-filtered,6,345533,2270831,15.216147745032545,True
house-of-the-dragon-110,wikidata:Q72930269,unknown,2022,television_episode,asia-28,uploaders,without-hosting,full,8,598809,3464583,17.28372505435719,True
house-of-the-dragon-110,wikidata:Q72930269,unknown,2022,television_episode,asia-28,uploaders,without-hosting,audit-filtered,6,325760,1941904,16.775288582751774,True
house-of-the-dragon-110,wikidata:Q72930269,unknown,2022,television_episode,eur-27,uploaders,all,full,8,885243,4019572,22.02331492009597,True
house-of-the-dragon-110,wikidata:Q72930269,unknown,2022,television_episode,eur-27,uploaders,all,audit-filtered,6,476506,2270831,20.983772020022627,True
house-of-the-dragon-110,wikidata:Q72930269,unknown,2022,television_episode,eur-27,uploaders,without-hosting,full,8,713228,3464583,20.586258144198016,True
house-of-the-dragon-110,wikidata:Q72930269,unknown,2022,television_episode,eur-27,uploaders,without-hosting,audit-filtered,6,378024,1941904,19.466667765244832,True
house-of-the-dragon-110,wikidata:Q72930269,unknown,2022,television_episode,usa-can,uploaders,all,full,8,374309,4019572,9.312160598193042,True
house-of-the-dragon-110,wikidata:Q72930269,unknown,2022,television_episode,usa-can,uploaders,all,audit-filtered,6,219944,2270831,9.685617291643455,True
house-of-the-dragon-110,wikidata:Q72930269,unknown,2022,television_episode,usa-can,uploaders,without-hosting,full,8,184520,3464583,5.325893476935031,True
house-of-the-dragon-110,wikidata:Q72930269,unknown,2022,television_episode,usa-can,uploaders,without-hosting,audit-filtered,6,100963,1941904,5.199175654409281,True
house-of-the-dragon-110,wikidata:Q72930269,unknown,2022,television_episode,other,uploaders,all,full,8,2123405,4019572,52.82664422978367,True
house-of-the-dragon-110,wikidata:Q72930269,unknown,2022,television_episode,other,uploaders,all,audit-filtered,6,1227924,2270831,54.073772993234634,True
house-of-the-dragon-110,wikidata:Q72930269,unknown,2022,television_episode,other,uploaders,without-hosting,full,8,1966200,3464583,56.75141856898796,True
house-of-the-dragon-110,wikidata:Q72930269,unknown,2022,television_episode,other,uploaders,without-hosting,audit-filtered,6,1136234,1941904,58.511337326664965,True
house-of-the-dragon-110,wikidata:Q72930269,unknown,2022,television_episode,unclassified,uploaders,all,full,8,1828,4019572,0.045477478696736864,True
house-of-the-dragon-110,wikidata:Q72930269,unknown,2022,television_episode,unclassified,uploaders,all,audit-filtered,6,924,2270831,0.04068995006673768,True
house-of-the-dragon-110,wikidata:Q72930269,unknown,2022,television_episode,unclassified,uploaders,without-hosting,full,8,1826,3464583,0.0527047555218045,True
house-of-the-dragon-110,wikidata:Q72930269,unknown,2022,television_episode,unclassified,uploaders,without-hosting,audit-filtered,6,923,1941904,0.04753067092914995,True
house-of-the-dragon-201,wikidata:Q72930269,unknown,2024,television_episode,asia-28,downloaders,all,full,8,3763742,18172229,20.711504350952215,True
house-of-the-dragon-201,wikidata:Q72930269,unknown,2024,television_episode,asia-28,downloaders,all,audit-filtered,7,3114095,15100488,20.6224792205391,True
house-of-the-dragon-201,wikidata:Q72930269,unknown,2024,television_episode,asia-28,downloaders,without-hosting,full,8,3556513,15143744,23.485031178551353,True
house-of-the-dragon-201,wikidata:Q72930269,unknown,2024,television_episode,asia-28,downloaders,without-hosting,audit-filtered,7,2941109,12577644,23.383624150914113,True
house-of-the-dragon-201,wikidata:Q72930269,unknown,2024,television_episode,eur-27,downloaders,all,full,8,4346680,18172229,23.919355187522676,True
house-of-the-dragon-201,wikidata:Q72930269,unknown,2024,television_episode,eur-27,downloaders,all,audit-filtered,7,3668555,15100488,24.294281085485448,True
house-of-the-dragon-201,wikidata:Q72930269,unknown,2024,television_episode,eur-27,downloaders,without-hosting,full,8,3049269,15143744,20.13550281885378,True
house-of-the-dragon-201,wikidata:Q72930269,unknown,2024,television_episode,eur-27,downloaders,without-hosting,audit-filtered,7,2543101,12577644,20.21921593583027,True
house-of-the-dragon-201,wikidata:Q72930269,unknown,2024,television_episode,usa-can,downloaders,all,full,8,1965714,18172229,10.817132009507475,True
house-of-the-dragon-201,wikidata:Q72930269,unknown,2024,television_episode,usa-can,downloaders,all,audit-filtered,7,1580701,15100488,10.46788024334048,True
house-of-the-dragon-201,wikidata:Q72930269,unknown,2024,television_episode,usa-can,downloaders,without-hosting,full,8,1017144,15143744,6.716595314870616,True
house-of-the-dragon-201,wikidata:Q72930269,unknown,2024,television_episode,usa-can,downloaders,without-hosting,audit-filtered,7,816984,12577644,6.495524917067139,True
house-of-the-dragon-201,wikidata:Q72930269,unknown,2024,television_episode,other,downloaders,all,full,8,8090135,18172229,44.51922216036348,True
house-of-the-dragon-201,wikidata:Q72930269,unknown,2024,television_episode,other,downloaders,all,audit-filtered,7,6732732,15100488,44.58618820795725,True
house-of-the-dragon-201,wikidata:Q72930269,unknown,2024,television_episode,other,downloaders,without-hosting,full,8,7514919,15143744,49.62391730869196,True
house-of-the-dragon-201,wikidata:Q72930269,unknown,2024,television_episode,other,downloaders,without-hosting,audit-filtered,7,6272082,12577644,49.86690671162262,True
house-of-the-dragon-201,wikidata:Q72930269,unknown,2024,television_episode,unclassified,downloaders,all,full,8,5958,18172229,0.032786291654149854,True
house-of-the-dragon-201,wikidata:Q72930269,unknown,2024,television_episode,unclassified,downloaders,all,audit-filtered,7,4405,15100488,0.029171242677720085,True
house-of-the-dragon-201,wikidata:Q72930269,unknown,2024,television_episode,unclassified,downloaders,without-hosting,full,8,5899,15143744,0.038953379032292144,True
house-of-the-dragon-201,wikidata:Q72930269,unknown,2024,television_episode,unclassified,downloaders,without-hosting,audit-filtered,7,4368,12577644,0.03472828456585351,True
house-of-the-dragon-201,wikidata:Q72930269,unknown,2024,television_episode,asia-28,uploaders,all,full,8,661985,3776746,17.52791953708298,True
house-of-the-dragon-201,wikidata:Q72930269,unknown,2024,television_episode,asia-28,uploaders,all,audit-filtered,7,500452,2965487,16.875879071464485,True
house-of-the-dragon-201,wikidata:Q72930269,unknown,2024,television_episode,asia-28,uploaders,without-hosting,full,8,626877,3050930,20.54707908736025,True
house-of-the-dragon-201,wikidata:Q72930269,unknown,2024,television_episode,asia-28,uploaders,without-hosting,audit-filtered,7,473374,2380931,19.881886539341124,True
house-of-the-dragon-201,wikidata:Q72930269,unknown,2024,television_episode,eur-27,uploaders,all,full,8,1030952,3776746,27.297361273434856,True
house-of-the-dragon-201,wikidata:Q72930269,unknown,2024,television_episode,eur-27,uploaders,all,audit-filtered,7,834326,2965487,28.13453574404474,True
house-of-the-dragon-201,wikidata:Q72930269,unknown,2024,television_episode,eur-27,uploaders,without-hosting,full,8,813972,3050930,26.679471505409825,True
house-of-the-dragon-201,wikidata:Q72930269,unknown,2024,television_episode,eur-27,uploaders,without-hosting,audit-filtered,7,659885,2380931,27.71541888446158,True
house-of-the-dragon-201,wikidata:Q72930269,unknown,2024,television_episode,usa-can,uploaders,all,full,8,520922,3776746,13.792878843321738,True
house-of-the-dragon-201,wikidata:Q72930269,unknown,2024,television_episode,usa-can,uploaders,all,audit-filtered,7,413549,2965487,13.945399187384737,True
house-of-the-dragon-201,wikidata:Q72930269,unknown,2024,television_episode,usa-can,uploaders,without-hosting,full,8,200777,3050930,6.58084584044865,True
house-of-the-dragon-201,wikidata:Q72930269,unknown,2024,television_episode,usa-can,uploaders,without-hosting,audit-filtered,7,151750,2380931,6.373557234543966,True
house-of-the-dragon-201,wikidata:Q72930269,unknown,2024,television_episode,other,uploaders,all,full,8,1561022,3776746,41.3324592122425,True
house-of-the-dragon-201,wikidata:Q72930269,unknown,2024,television_episode,other,uploaders,all,audit-filtered,7,1215777,2965487,40.997549475010345,True
house-of-the-dragon-201,wikidata:Q72930269,unknown,2024,television_episode,other,uploaders,without-hosting,full,8,1407441,3050930,46.131540218884076,True
house-of-the-dragon-201,wikidata:Q72930269,unknown,2024,television_episode,other,uploaders,without-hosting,audit-filtered,7,1094540,2380931,45.971092820413524,True
house-of-the-dragon-201,wikidata:Q72930269,unknown,2024,television_episode,unclassified,uploaders,all,full,8,1865,3776746,0.04938113391792829,True
house-of-the-dragon-201,wikidata:Q72930269,unknown,2024,television_episode,unclassified,uploaders,all,audit-filtered,7,1383,2965487,0.046636522095696256,True
house-of-the-dragon-201,wikidata:Q72930269,unknown,2024,television_episode,unclassified,uploaders,without-hosting,full,8,1863,3050930,0.06106334789719856,True
house-of-the-dragon-201,wikidata:Q72930269,unknown,2024,television_episode,unclassified,uploaders,without-hosting,audit-filtered,7,1382,2380931,0.058044521239800737,True
house-of-the-dragon-207,wikidata:Q72930269,unknown,2024,television_episode,asia-28,downloaders,all,full,8,4903904,23841828,20.56848996645727,True
house-of-the-dragon-207,wikidata:Q72930269,unknown,2024,television_episode,asia-28,downloaders,all,audit-filtered,8,4903904,23841828,20.56848996645727,True
house-of-the-dragon-207,wikidata:Q72930269,unknown,2024,television_episode,asia-28,downloaders,without-hosting,full,8,4623386,19833293,23.311237322012033,True
house-of-the-dragon-207,wikidata:Q72930269,unknown,2024,television_episode,asia-28,downloaders,without-hosting,audit-filtered,8,4623386,19833293,23.311237322012033,True
house-of-the-dragon-207,wikidata:Q72930269,unknown,2024,television_episode,eur-27,downloaders,all,full,8,5725924,23841828,24.01629606588891,True
house-of-the-dragon-207,wikidata:Q72930269,unknown,2024,television_episode,eur-27,downloaders,all,audit-filtered,8,5725924,23841828,24.01629606588891,True
house-of-the-dragon-207,wikidata:Q72930269,unknown,2024,television_episode,eur-27,downloaders,without-hosting,full,8,4007433,19833293,20.205585628165732,True
house-of-the-dragon-207,wikidata:Q72930269,unknown,2024,television_episode,eur-27,downloaders,without-hosting,audit-filtered,8,4007433,19833293,20.205585628165732,True
house-of-the-dragon-207,wikidata:Q72930269,unknown,2024,television_episode,usa-can,downloaders,all,full,8,2427134,23841828,10.18015061596787,True
house-of-the-dragon-207,wikidata:Q72930269,unknown,2024,television_episode,usa-can,downloaders,all,audit-filtered,8,2427134,23841828,10.18015061596787,True
house-of-the-dragon-207,wikidata:Q72930269,unknown,2024,television_episode,usa-can,downloaders,without-hosting,full,8,1181117,19833293,5.955223875329225,True
house-of-the-dragon-207,wikidata:Q72930269,unknown,2024,television_episode,usa-can,downloaders,without-hosting,audit-filtered,8,1181117,19833293,5.955223875329225,True
house-of-the-dragon-207,wikidata:Q72930269,unknown,2024,television_episode,other,downloaders,all,full,8,10776076,23841828,45.19819537327423,True
house-of-the-dragon-207,wikidata:Q72930269,unknown,2024,television_episode,other,downloaders,all,audit-filtered,8,10776076,23841828,45.19819537327423,True
house-of-the-dragon-207,wikidata:Q72930269,unknown,2024,television_episode,other,downloaders,without-hosting,full,8,10012737,19833293,50.4844909012336,True
house-of-the-dragon-207,wikidata:Q72930269,unknown,2024,television_episode,other,downloaders,without-hosting,audit-filtered,8,10012737,19833293,50.4844909012336,True
house-of-the-dragon-207,wikidata:Q72930269,unknown,2024,television_episode,unclassified,downloaders,all,full,8,8790,23841828,0.03686797841172246,True
house-of-the-dragon-207,wikidata:Q72930269,unknown,2024,television_episode,unclassified,downloaders,all,audit-filtered,8,8790,23841828,0.03686797841172246,True
house-of-the-dragon-207,wikidata:Q72930269,unknown,2024,television_episode,unclassified,downloaders,without-hosting,full,8,8620,19833293,0.04346227325941285,True
house-of-the-dragon-207,wikidata:Q72930269,unknown,2024,television_episode,unclassified,downloaders,without-hosting,audit-filtered,8,8620,19833293,0.04346227325941285,True
house-of-the-dragon-207,wikidata:Q72930269,unknown,2024,television_episode,asia-28,uploaders,all,full,8,743109,4656477,15.958609910453761,True
house-of-the-dragon-207,wikidata:Q72930269,unknown,2024,television_episode,asia-28,uploaders,all,audit-filtered,8,743109,4656477,15.958609910453761,True
house-of-the-dragon-207,wikidata:Q72930269,unknown,2024,television_episode,asia-28,uploaders,without-hosting,full,8,695561,3815597,18.229414689234737,True
house-of-the-dragon-207,wikidata:Q72930269,unknown,2024,television_episode,asia-28,uploaders,without-hosting,audit-filtered,8,695561,3815597,18.229414689234737,True
house-of-the-dragon-207,wikidata:Q72930269,unknown,2024,television_episode,eur-27,uploaders,all,full,8,1173542,4656477,25.202357919946774,True
house-of-the-dragon-207,wikidata:Q72930269,unknown,2024,television_episode,eur-27,uploaders,all,audit-filtered,8,1173542,4656477,25.202357919946774,True
house-of-the-dragon-207,wikidata:Q72930269,unknown,2024,television_episode,eur-27,uploaders,without-hosting,full,8,920724,3815597,24.130535798198814,True
house-of-the-dragon-207,wikidata:Q72930269,unknown,2024,television_episode,eur-27,uploaders,without-hosting,audit-filtered,8,920724,3815597,24.130535798198814,True
house-of-the-dragon-207,wikidata:Q72930269,unknown,2024,television_episode,usa-can,uploaders,all,full,8,564579,4656477,12.12459548280814,True
house-of-the-dragon-207,wikidata:Q72930269,unknown,2024,television_episode,usa-can,uploaders,all,audit-filtered,8,564579,4656477,12.12459548280814,True
house-of-the-dragon-207,wikidata:Q72930269,unknown,2024,television_episode,usa-can,uploaders,without-hosting,full,8,226595,3815597,5.938651277899631,True
house-of-the-dragon-207,wikidata:Q72930269,unknown,2024,television_episode,usa-can,uploaders,without-hosting,audit-filtered,8,226595,3815597,5.938651277899631,True
house-of-the-dragon-207,wikidata:Q72930269,unknown,2024,television_episode,other,uploaders,all,full,8,2172590,4656477,46.65737638132863,True
house-of-the-dragon-207,wikidata:Q72930269,unknown,2024,television_episode,other,uploaders,all,audit-filtered,8,2172590,4656477,46.65737638132863,True
house-of-the-dragon-207,wikidata:Q72930269,unknown,2024,television_episode,other,uploaders,without-hosting,full,8,1970075,3815597,51.63215612130946,True
house-of-the-dragon-207,wikidata:Q72930269,unknown,2024,television_episode,other,uploaders,without-hosting,audit-filtered,8,1970075,3815597,51.63215612130946,True
house-of-the-dragon-207,wikidata:Q72930269,unknown,2024,television_episode,unclassified,uploaders,all,full,8,2657,4656477,0.05706030546269207,True
house-of-the-dragon-207,wikidata:Q72930269,unknown,2024,television_episode,unclassified,uploaders,all,audit-filtered,8,2657,4656477,0.05706030546269207,True
house-of-the-dragon-207,wikidata:Q72930269,unknown,2024,television_episode,unclassified,uploaders,without-hosting,full,8,2642,3815597,0.06924211335735928,True
house-of-the-dragon-207,wikidata:Q72930269,unknown,2024,television_episode,unclassified,uploaders,without-hosting,audit-filtered,8,2642,3815597,0.06924211335735928,True
house-of-the-dragon-301,wikidata:Q72930269,unknown,2026,television_episode,asia-28,downloaders,all,full,8,8575728,32238914,26.600548641309693,True
house-of-the-dragon-301,wikidata:Q72930269,unknown,2026,television_episode,asia-28,downloaders,all,audit-filtered,5,5219395,19864416,26.27509915217241,True
house-of-the-dragon-301,wikidata:Q72930269,unknown,2026,television_episode,asia-28,downloaders,without-hosting,full,8,8168919,26299055,31.061644610424214,True
house-of-the-dragon-301,wikidata:Q72930269,unknown,2026,television_episode,asia-28,downloaders,without-hosting,audit-filtered,5,4974363,16167573,30.767530785232886,True
house-of-the-dragon-301,wikidata:Q72930269,unknown,2026,television_episode,eur-27,downloaders,all,full,8,9465381,32238914,29.360111199775528,True
house-of-the-dragon-301,wikidata:Q72930269,unknown,2026,television_episode,eur-27,downloaders,all,audit-filtered,5,5982110,19864416,30.114703598635874,True
house-of-the-dragon-301,wikidata:Q72930269,unknown,2026,television_episode,eur-27,downloaders,without-hosting,full,8,6452812,26299055,24.536288471201722,True
house-of-the-dragon-301,wikidata:Q72930269,unknown,2026,television_episode,eur-27,downloaders,without-hosting,audit-filtered,5,4043076,16167573,25.007315569257056,True
house-of-the-dragon-301,wikidata:Q72930269,unknown,2026,television_episode,usa-can,downloaders,all,full,8,3323245,32238914,10.30817911546276,True
house-of-the-dragon-301,wikidata:Q72930269,unknown,2026,television_episode,usa-can,downloaders,all,audit-filtered,5,2031241,19864416,10.225525885080135,True
house-of-the-dragon-301,wikidata:Q72930269,unknown,2026,television_episode,usa-can,downloaders,without-hosting,full,8,1715335,26299055,6.522420672529869,True
house-of-the-dragon-301,wikidata:Q72930269,unknown,2026,television_episode,usa-can,downloaders,without-hosting,audit-filtered,5,1061846,16167573,6.5677513872985145,True
house-of-the-dragon-301,wikidata:Q72930269,unknown,2026,television_episode,other,downloaders,all,full,8,10863922,32238914,33.69816365402383,True
house-of-the-dragon-301,wikidata:Q72930269,unknown,2026,television_episode,other,downloaders,all,audit-filtered,5,6625487,19864416,33.35354535466837,True
house-of-the-dragon-301,wikidata:Q72930269,unknown,2026,television_episode,other,downloaders,without-hosting,full,8,9951558,26299055,37.83998322373181,True
house-of-the-dragon-301,wikidata:Q72930269,unknown,2026,television_episode,other,downloaders,without-hosting,audit-filtered,5,6082250,16167573,37.62005589830954,True
house-of-the-dragon-301,wikidata:Q72930269,unknown,2026,television_episode,unclassified,downloaders,all,full,8,10638,32238914,0.032997389428192275,True
house-of-the-dragon-301,wikidata:Q72930269,unknown,2026,television_episode,unclassified,downloaders,all,audit-filtered,5,6183,19864416,0.03112600944321746,True
house-of-the-dragon-301,wikidata:Q72930269,unknown,2026,television_episode,unclassified,downloaders,without-hosting,full,8,10431,26299055,0.03966302211239149,True
house-of-the-dragon-301,wikidata:Q72930269,unknown,2026,television_episode,unclassified,downloaders,without-hosting,audit-filtered,5,6038,16167573,0.03734635990200879,True
house-of-the-dragon-301,wikidata:Q72930269,unknown,2026,television_episode,asia-28,uploaders,all,full,8,1084507,4613489,23.507306509238454,True
house-of-the-dragon-301,wikidata:Q72930269,unknown,2026,television_episode,asia-28,uploaders,all,audit-filtered,5,624111,2619990,23.82112145466204,True
house-of-the-dragon-301,wikidata:Q72930269,unknown,2026,television_episode,asia-28,uploaders,without-hosting,full,8,1039791,3675168,28.29233928897944,True
house-of-the-dragon-301,wikidata:Q72930269,unknown,2026,television_episode,asia-28,uploaders,without-hosting,audit-filtered,5,599426,2088340,28.703467826120267,True
house-of-the-dragon-301,wikidata:Q72930269,unknown,2026,television_episode,eur-27,uploaders,all,full,8,1159823,4613489,25.139823677914915,True
house-of-the-dragon-301,wikidata:Q72930269,unknown,2026,television_episode,eur-27,uploaders,all,audit-filtered,5,664183,2619990,25.35059294119443,True
house-of-the-dragon-301,wikidata:Q72930269,unknown,2026,television_episode,eur-27,uploaders,without-hosting,full,8,837451,3675168,22.78674063335336,True
house-of-the-dragon-301,wikidata:Q72930269,unknown,2026,television_episode,eur-27,uploaders,without-hosting,audit-filtered,5,481471,2088340,23.0552017391804,True
house-of-the-dragon-301,wikidata:Q72930269,unknown,2026,television_episode,usa-can,uploaders,all,full,8,605494,4613489,13.124427087612,True
house-of-the-dragon-301,wikidata:Q72930269,unknown,2026,television_episode,usa-can,uploaders,all,audit-filtered,5,344852,2619990,13.162340314276008,True
house-of-the-dragon-301,wikidata:Q72930269,unknown,2026,television_episode,usa-can,uploaders,without-hosting,full,8,249390,3675168,6.78581224042003,True
house-of-the-dragon-301,wikidata:Q72930269,unknown,2026,television_episode,usa-can,uploaders,without-hosting,audit-filtered,5,140556,2088340,6.730513230604212,True
house-of-the-dragon-301,wikidata:Q72930269,unknown,2026,television_episode,other,uploaders,all,full,8,1761525,4613489,38.18205700718047,True
house-of-the-dragon-301,wikidata:Q72930269,unknown,2026,television_episode,other,uploaders,all,audit-filtered,5,985711,2619990,37.62270085000324,True
house-of-the-dragon-301,wikidata:Q72930269,unknown,2026,television_episode,other,uploaders,without-hosting,full,8,1546408,3675168,42.077205722296235,True
house-of-the-dragon-301,wikidata:Q72930269,unknown,2026,television_episode,other,uploaders,without-hosting,audit-filtered,5,865760,2088340,41.456850895926905,True
house-of-the-dragon-301,wikidata:Q72930269,unknown,2026,television_episode,unclassified,uploaders,all,full,8,2140,4613489,0.046385718054166816,True
house-of-the-dragon-301,wikidata:Q72930269,unknown,2026,television_episode,unclassified,uploaders,all,audit-filtered,5,1133,2619990,0.043244439864274294,True
house-of-the-dragon-301,wikidata:Q72930269,unknown,2026,television_episode,unclassified,uploaders,without-hosting,full,8,2128,3675168,0.05790211495093558,True
house-of-the-dragon-301,wikidata:Q72930269,unknown,2026,television_episode,unclassified,uploaders,without-hosting,audit-filtered,5,1127,2088340,0.05396630816821016,True
interior-chinatown-01,wikidata:Q124032079,unknown,2024,television_season,asia-28,downloaders,all,full,8,2294223,15964653,14.370641190885891,True
interior-chinatown-01,wikidata:Q124032079,unknown,2024,television_season,asia-28,downloaders,all,audit-filtered,7,2102887,14806131,14.202812334971236,True
interior-chinatown-01,wikidata:Q124032079,unknown,2024,television_season,asia-28,downloaders,without-hosting,full,8,2146819,13841423,15.510103260336745,True
interior-chinatown-01,wikidata:Q124032079,unknown,2024,television_season,asia-28,downloaders,without-hosting,audit-filtered,7,1970194,12900734,15.271952743153994,True
interior-chinatown-01,wikidata:Q124032079,unknown,2024,television_season,eur-27,downloaders,all,full,8,4003149,15964653,25.075076796219747,True
interior-chinatown-01,wikidata:Q124032079,unknown,2024,television_season,eur-27,downloaders,all,audit-filtered,7,3732282,14806131,25.207679170203207,True
interior-chinatown-01,wikidata:Q124032079,unknown,2024,television_season,eur-27,downloaders,without-hosting,full,8,2976855,13841423,21.50685662883072,True
interior-chinatown-01,wikidata:Q124032079,unknown,2024,television_season,eur-27,downloaders,without-hosting,audit-filtered,7,2797094,12900734,21.681665554843622,True
interior-chinatown-01,wikidata:Q124032079,unknown,2024,television_season,usa-can,downloaders,all,full,8,1383828,15964653,8.668074401617123,True
interior-chinatown-01,wikidata:Q124032079,unknown,2024,television_season,usa-can,downloaders,all,audit-filtered,7,1224317,14806131,8.268986678559038,True
interior-chinatown-01,wikidata:Q124032079,unknown,2024,television_season,usa-can,downloaders,without-hosting,full,8,751525,13841423,5.429535677075977,True
interior-chinatown-01,wikidata:Q124032079,unknown,2024,television_season,usa-can,downloaders,without-hosting,audit-filtered,7,671561,12900734,5.2056030300291445,True
interior-chinatown-01,wikidata:Q124032079,unknown,2024,television_season,other,downloaders,all,full,8,8279764,15964653,51.863100312922555,True
interior-chinatown-01,wikidata:Q124032079,unknown,2024,television_season,other,downloaders,all,audit-filtered,7,7743132,14806131,52.29679515870824,True
interior-chinatown-01,wikidata:Q124032079,unknown,2024,television_season,other,downloaders,without-hosting,full,8,7962684,13841423,57.527929028684404,True
interior-chinatown-01,wikidata:Q124032079,unknown,2024,television_season,other,downloaders,without-hosting,audit-filtered,7,7458517,12900734,57.814671630311885,True
interior-chinatown-01,wikidata:Q124032079,unknown,2024,television_season,unclassified,downloaders,all,full,8,3689,15964653,0.023107298354683937,True
interior-chinatown-01,wikidata:Q124032079,unknown,2024,television_season,unclassified,downloaders,all,audit-filtered,7,3513,14806131,0.023726657558277717,True
interior-chinatown-01,wikidata:Q124032079,unknown,2024,television_season,unclassified,downloaders,without-hosting,full,8,3540,13841423,0.0255754050721519,True
interior-chinatown-01,wikidata:Q124032079,unknown,2024,television_season,unclassified,downloaders,without-hosting,audit-filtered,7,3368,12900734,0.02610704166135043,True
interior-chinatown-01,wikidata:Q124032079,unknown,2024,television_season,asia-28,uploaders,all,full,8,105546,546055,19.328822188241112,True
interior-chinatown-01,wikidata:Q124032079,unknown,2024,television_season,asia-28,uploaders,all,audit-filtered,7,85424,438963,19.460410102901612,True
interior-chinatown-01,wikidata:Q124032079,unknown,2024,television_season,asia-28,uploaders,without-hosting,full,8,92215,311568,29.597070302470087,True
interior-chinatown-01,wikidata:Q124032079,unknown,2024,television_season,asia-28,uploaders,without-hosting,audit-filtered,7,74371,244577,30.408010565179882,True
interior-chinatown-01,wikidata:Q124032079,unknown,2024,television_season,eur-27,uploaders,all,full,8,118102,546055,21.628224263123677,True
interior-chinatown-01,wikidata:Q124032079,unknown,2024,television_season,eur-27,uploaders,all,audit-filtered,7,95018,438963,21.64601572342088,True
interior-chinatown-01,wikidata:Q124032079,unknown,2024,television_season,eur-27,uploaders,without-hosting,full,8,54718,311568,17.562137318338213,True
interior-chinatown-01,wikidata:Q124032079,unknown,2024,television_season,eur-27,uploaders,without-hosting,audit-filtered,7,43279,244577,17.69544969477915,True
interior-chinatown-01,wikidata:Q124032079,unknown,2024,television_season,usa-can,uploaders,all,full,8,187629,546055,34.360824459074635,True
interior-chinatown-01,wikidata:Q124032079,unknown,2024,television_season,usa-can,uploaders,all,audit-filtered,7,155370,438963,35.39478270378141,True
interior-chinatown-01,wikidata:Q124032079,unknown,2024,television_season,usa-can,uploaders,without-hosting,full,8,52660,311568,16.90160735377189,True
interior-chinatown-01,wikidata:Q124032079,unknown,2024,television_season,usa-can,uploaders,without-hosting,audit-filtered,7,41260,244577,16.869942799200253,True
interior-chinatown-01,wikidata:Q124032079,unknown,2024,television_season,other,uploaders,all,full,8,134727,546055,24.672789371034053,True
interior-chinatown-01,wikidata:Q124032079,unknown,2024,television_season,other,uploaders,all,audit-filtered,7,103116,438963,23.490818132735562,True
interior-chinatown-01,wikidata:Q124032079,unknown,2024,television_season,other,uploaders,without-hosting,full,8,111924,311568,35.922816207055924,True
interior-chinatown-01,wikidata:Q124032079,unknown,2024,television_season,other,uploaders,without-hosting,audit-filtered,7,85632,244577,35.01228651917392,True
interior-chinatown-01,wikidata:Q124032079,unknown,2024,television_season,unclassified,uploaders,all,full,8,51,546055,0.009339718526522054,True
interior-chinatown-01,wikidata:Q124032079,unknown,2024,television_season,unclassified,uploaders,all,audit-filtered,7,35,438963,0.00797333716053517,True
interior-chinatown-01,wikidata:Q124032079,unknown,2024,television_season,unclassified,uploaders,without-hosting,full,8,51,311568,0.01636881836388846,True
interior-chinatown-01,wikidata:Q124032079,unknown,2024,television_season,unclassified,uploaders,without-hosting,audit-filtered,7,35,244577,0.014310421666796141,True
invincible-101,wikidata:Q55614601,unknown,2021,television_episode,asia-28,downloaders,all,full,8,717635,3491303,20.554933215478577,True
invincible-101,wikidata:Q55614601,unknown,2021,television_episode,asia-28,downloaders,all,audit-filtered,7,662559,3145366,21.06460742565412,True
invincible-101,wikidata:Q55614601,unknown,2021,television_episode,asia-28,downloaders,without-hosting,full,8,652520,2932431,22.251844970947314,True
invincible-101,wikidata:Q55614601,unknown,2021,television_episode,asia-28,downloaders,without-hosting,audit-filtered,7,601742,2651473,22.694630494068768,True
invincible-101,wikidata:Q55614601,unknown,2021,television_episode,eur-27,downloaders,all,full,8,592998,3491303,16.98500531177042,True
invincible-101,wikidata:Q55614601,unknown,2021,television_episode,eur-27,downloaders,all,audit-filtered,7,525032,3145366,16.692238677470286,True
invincible-101,wikidata:Q55614601,unknown,2021,television_episode,eur-27,downloaders,without-hosting,full,8,458169,2932431,15.624203945463679,True
invincible-101,wikidata:Q55614601,unknown,2021,television_episode,eur-27,downloaders,without-hosting,audit-filtered,7,409660,2651473,15.450279901021055,True
invincible-101,wikidata:Q55614601,unknown,2021,television_episode,usa-can,downloaders,all,full,8,968497,3491303,27.740273473829113,True
invincible-101,wikidata:Q55614601,unknown,2021,television_episode,usa-can,downloaders,all,audit-filtered,7,910995,3145366,28.963084105315566,True
invincible-101,wikidata:Q55614601,unknown,2021,television_episode,usa-can,downloaders,without-hosting,full,8,718451,2932431,24.500184318062384,True
invincible-101,wikidata:Q55614601,unknown,2021,television_episode,usa-can,downloaders,without-hosting,audit-filtered,7,687550,2651473,25.93086936959192,True
invincible-101,wikidata:Q55614601,unknown,2021,television_episode,other,downloaders,all,full,8,1211146,3491303,34.69037204734164,True
invincible-101,wikidata:Q55614601,unknown,2021,television_episode,other,downloaders,all,audit-filtered,7,1045966,3145366,33.25419045033233,True
invincible-101,wikidata:Q55614601,unknown,2021,television_episode,other,downloaders,without-hosting,full,8,1102267,2932431,37.588846932800806,True
invincible-101,wikidata:Q55614601,unknown,2021,television_episode,other,downloaders,without-hosting,audit-filtered,7,951710,2651473,35.89363346336169,True
invincible-101,wikidata:Q55614601,unknown,2021,television_episode,unclassified,downloaders,all,full,8,1027,3491303,0.02941595158025528,True
invincible-101,wikidata:Q55614601,unknown,2021,television_episode,unclassified,downloaders,all,audit-filtered,7,814,3145366,0.025879341227698145,True
invincible-101,wikidata:Q55614601,unknown,2021,television_episode,unclassified,downloaders,without-hosting,full,8,1024,2932431,0.034919832725816904,True
invincible-101,wikidata:Q55614601,unknown,2021,television_episode,unclassified,downloaders,without-hosting,audit-filtered,7,811,2651473,0.03058677195656905,True
invincible-101,wikidata:Q55614601,unknown,2021,television_episode,asia-28,uploaders,all,full,8,125117,779416,16.052659940262966,True
invincible-101,wikidata:Q55614601,unknown,2021,television_episode,asia-28,uploaders,all,audit-filtered,7,108912,651145,16.726228413026284,True
invincible-101,wikidata:Q55614601,unknown,2021,television_episode,asia-28,uploaders,without-hosting,full,8,117145,666701,17.570845101477275,True
invincible-101,wikidata:Q55614601,unknown,2021,television_episode,asia-28,uploaders,without-hosting,audit-filtered,7,102081,556164,18.35447817550219,True
invincible-101,wikidata:Q55614601,unknown,2021,television_episode,eur-27,uploaders,all,full,8,160077,779416,20.53806952898067,True
invincible-101,wikidata:Q55614601,unknown,2021,television_episode,eur-27,uploaders,all,audit-filtered,7,131599,651145,20.210398605533328,True
invincible-101,wikidata:Q55614601,unknown,2021,television_episode,eur-27,uploaders,without-hosting,full,8,126817,666701,19.02157038912496,True
invincible-101,wikidata:Q55614601,unknown,2021,television_episode,eur-27,uploaders,without-hosting,audit-filtered,7,104739,556164,18.832394761257472,True
invincible-101,wikidata:Q55614601,unknown,2021,television_episode,usa-can,uploaders,all,full,8,106366,779416,13.646884333911544,True
invincible-101,wikidata:Q55614601,unknown,2021,television_episode,usa-can,uploaders,all,audit-filtered,7,88056,651145,13.523255188936412,True
invincible-101,wikidata:Q55614601,unknown,2021,television_episode,usa-can,uploaders,without-hosting,full,8,57590,666701,8.638055140160281,True
invincible-101,wikidata:Q55614601,unknown,2021,television_episode,usa-can,uploaders,without-hosting,audit-filtered,7,45629,556164,8.204234722132322,True
invincible-101,wikidata:Q55614601,unknown,2021,television_episode,other,uploaders,all,full,8,387668,779416,49.7382655731984,True
invincible-101,wikidata:Q55614601,unknown,2021,television_episode,other,uploaders,all,audit-filtered,7,322424,651145,49.516467146334534,True
invincible-101,wikidata:Q55614601,unknown,2021,television_episode,other,uploaders,without-hosting,full,8,364961,666701,54.7413308214627,True
invincible-101,wikidata:Q55614601,unknown,2021,television_episode,other,uploaders,without-hosting,audit-filtered,7,303561,556164,54.581202666839275,True
invincible-101,wikidata:Q55614601,unknown,2021,television_episode,unclassified,uploaders,all,full,8,188,779416,0.02412062364642245,True
invincible-101,wikidata:Q55614601,unknown,2021,television_episode,unclassified,uploaders,all,audit-filtered,7,154,651145,0.023650646169439987,True
invincible-101,wikidata:Q55614601,unknown,2021,television_episode,unclassified,uploaders,without-hosting,full,8,188,666701,0.028198547774789598,True
invincible-101,wikidata:Q55614601,unknown,2021,television_episode,unclassified,uploaders,without-hosting,audit-filtered,7,154,556164,0.027689674268740874,True
invincible-201,wikidata:Q55614601,unknown,2023,television_episode,asia-28,downloaders,all,full,8,838752,5510135,15.221986394162757,True
invincible-201,wikidata:Q55614601,unknown,2023,television_episode,asia-28,downloaders,all,audit-filtered,8,838752,5510135,15.221986394162757,True
invincible-201,wikidata:Q55614601,unknown,2023,television_episode,asia-28,downloaders,without-hosting,full,8,775801,4625976,16.77053663918706,True
invincible-201,wikidata:Q55614601,unknown,2023,television_episode,asia-28,downloaders,without-hosting,audit-filtered,8,775801,4625976,16.77053663918706,True
invincible-201,wikidata:Q55614601,unknown,2023,television_episode,eur-27,downloaders,all,full,8,1379054,5510135,25.027590068119927,True
invincible-201,wikidata:Q55614601,unknown,2023,television_episode,eur-27,downloaders,all,audit-filtered,8,1379054,5510135,25.027590068119927,True
invincible-201,wikidata:Q55614601,unknown,2023,television_episode,eur-27,downloaders,without-hosting,full,8,1066317,4625976,23.050638395011127,True
invincible-201,wikidata:Q55614601,unknown,2023,television_episode,eur-27,downloaders,without-hosting,audit-filtered,8,1066317,4625976,23.050638395011127,True
invincible-201,wikidata:Q55614601,unknown,2023,television_episode,usa-can,downloaders,all,full,8,642583,5510135,11.661837686372476,True
invincible-201,wikidata:Q55614601,unknown,2023,television_episode,usa-can,downloaders,all,audit-filtered,8,642583,5510135,11.661837686372476,True
invincible-201,wikidata:Q55614601,unknown,2023,television_episode,usa-can,downloaders,without-hosting,full,8,300000,4625976,6.485117951325298,True
invincible-201,wikidata:Q55614601,unknown,2023,television_episode,usa-can,downloaders,without-hosting,audit-filtered,8,300000,4625976,6.485117951325298,True
invincible-201,wikidata:Q55614601,unknown,2023,television_episode,other,downloaders,all,full,8,2647370,5510135,48.04546531074102,True
invincible-201,wikidata:Q55614601,unknown,2023,television_episode,other,downloaders,all,audit-filtered,8,2647370,5510135,48.04546531074102,True
invincible-201,wikidata:Q55614601,unknown,2023,television_episode,other,downloaders,without-hosting,full,8,2481499,4625976,53.64271237031926,True
invincible-201,wikidata:Q55614601,unknown,2023,television_episode,other,downloaders,without-hosting,audit-filtered,8,2481499,4625976,53.64271237031926,True
invincible-201,wikidata:Q55614601,unknown,2023,television_episode,unclassified,downloaders,all,full,8,2376,5510135,0.04312054060381461,True
invincible-201,wikidata:Q55614601,unknown,2023,television_episode,unclassified,downloaders,all,audit-filtered,8,2376,5510135,0.04312054060381461,True
invincible-201,wikidata:Q55614601,unknown,2023,television_episode,unclassified,downloaders,without-hosting,full,8,2359,4625976,0.0509946441572546,True
invincible-201,wikidata:Q55614601,unknown,2023,television_episode,unclassified,downloaders,without-hosting,audit-filtered,8,2359,4625976,0.0509946441572546,True
invincible-201,wikidata:Q55614601,unknown,2023,television_episode,asia-28,uploaders,all,full,8,200135,1356295,14.756008095583926,True
invincible-201,wikidata:Q55614601,unknown,2023,television_episode,asia-28,uploaders,all,audit-filtered,8,200135,1356295,14.756008095583926,True
invincible-201,wikidata:Q55614601,unknown,2023,television_episode,asia-28,uploaders,without-hosting,full,8,184491,1083172,17.032474990121607,True
invincible-201,wikidata:Q55614601,unknown,2023,television_episode,asia-28,uploaders,without-hosting,audit-filtered,8,184491,1083172,17.032474990121607,True
invincible-201,wikidata:Q55614601,unknown,2023,television_episode,eur-27,uploaders,all,full,8,343654,1356295,25.337703080819438,True
invincible-201,wikidata:Q55614601,unknown,2023,television_episode,eur-27,uploaders,all,audit-filtered,8,343654,1356295,25.337703080819438,True
invincible-201,wikidata:Q55614601,unknown,2023,television_episode,eur-27,uploaders,without-hosting,full,8,266468,1083172,24.600709767239184,True
invincible-201,wikidata:Q55614601,unknown,2023,television_episode,eur-27,uploaders,without-hosting,audit-filtered,8,266468,1083172,24.600709767239184,True
invincible-201,wikidata:Q55614601,unknown,2023,television_episode,usa-can,uploaders,all,full,8,206691,1356295,15.239383762382078,True
invincible-201,wikidata:Q55614601,unknown,2023,television_episode,usa-can,uploaders,all,audit-filtered,8,206691,1356295,15.239383762382078,True
invincible-201,wikidata:Q55614601,unknown,2023,television_episode,usa-can,uploaders,without-hosting,full,8,80242,1083172,7.408057076807746,True
invincible-201,wikidata:Q55614601,unknown,2023,television_episode,usa-can,uploaders,without-hosting,audit-filtered,8,80242,1083172,7.408057076807746,True
invincible-201,wikidata:Q55614601,unknown,2023,television_episode,other,uploaders,all,full,8,605104,1356295,44.61448283743581,True
invincible-201,wikidata:Q55614601,unknown,2023,television_episode,other,uploaders,all,audit-filtered,8,605104,1356295,44.61448283743581,True
invincible-201,wikidata:Q55614601,unknown,2023,television_episode,other,uploaders,without-hosting,full,8,551260,1083172,50.89311762120882,True
invincible-201,wikidata:Q55614601,unknown,2023,television_episode,other,uploaders,without-hosting,audit-filtered,8,551260,1083172,50.89311762120882,True
invincible-201,wikidata:Q55614601,unknown,2023,television_episode,unclassified,uploaders,all,full,8,711,1356295,0.0524222237787502,True
invincible-201,wikidata:Q55614601,unknown,2023,television_episode,unclassified,uploaders,all,audit-filtered,8,711,1356295,0.0524222237787502,True
invincible-201,wikidata:Q55614601,unknown,2023,television_episode,unclassified,uploaders,without-hosting,full,8,711,1083172,0.06564054462264535,True
invincible-201,wikidata:Q55614601,unknown,2023,television_episode,unclassified,uploaders,without-hosting,audit-filtered,8,711,1083172,0.06564054462264535,True
invincible-301,wikidata:Q55614601,unknown,2025,television_episode,asia-28,downloaders,all,full,8,1898193,12089362,15.701349665929435,True
invincible-301,wikidata:Q55614601,unknown,2025,television_episode,asia-28,downloaders,all,audit-filtered,6,1454032,8779383,16.56189278904907,True
invincible-301,wikidata:Q55614601,unknown,2025,television_episode,asia-28,downloaders,without-hosting,full,8,1759177,10022515,17.552251106633413,True
invincible-301,wikidata:Q55614601,unknown,2025,television_episode,asia-28,downloaders,without-hosting,audit-filtered,6,1350370,7297062,18.50566707532429,True
invincible-301,wikidata:Q55614601,unknown,2025,television_episode,eur-27,downloaders,all,full,8,2888934,12089362,23.896496771293638,True
invincible-301,wikidata:Q55614601,unknown,2025,television_episode,eur-27,downloaders,all,audit-filtered,6,2091406,8779383,23.8217879320221,True
invincible-301,wikidata:Q55614601,unknown,2025,television_episode,eur-27,downloaders,without-hosting,full,8,2070346,10022515,20.6569508751047,True
invincible-301,wikidata:Q55614601,unknown,2025,television_episode,eur-27,downloaders,without-hosting,audit-filtered,6,1480844,7297062,20.29370176654659,True
invincible-301,wikidata:Q55614601,unknown,2025,television_episode,usa-can,downloaders,all,full,8,1371585,12089362,11.345387788040428,True
invincible-301,wikidata:Q55614601,unknown,2025,television_episode,usa-can,downloaders,all,audit-filtered,6,951741,8779383,10.840636523090518,True
invincible-301,wikidata:Q55614601,unknown,2025,television_episode,usa-can,downloaders,without-hosting,full,8,617402,10022515,6.160150421326383,True
invincible-301,wikidata:Q55614601,unknown,2025,television_episode,usa-can,downloaders,without-hosting,audit-filtered,6,428958,7297062,5.878502882392941,True
invincible-301,wikidata:Q55614601,unknown,2025,television_episode,other,downloaders,all,full,8,5926252,12089362,49.02038668376379,True
invincible-301,wikidata:Q55614601,unknown,2025,television_episode,other,downloaders,all,audit-filtered,6,4279484,8779383,48.74470107979114,True
invincible-301,wikidata:Q55614601,unknown,2025,television_episode,other,downloaders,without-hosting,full,8,5571281,10022515,55.58765439612712,True
invincible-301,wikidata:Q55614601,unknown,2025,television_episode,other,downloaders,without-hosting,audit-filtered,6,4034219,7297062,55.28552450287527,True
invincible-301,wikidata:Q55614601,unknown,2025,television_episode,unclassified,downloaders,all,full,8,4398,12089362,0.03637909097270807,True
invincible-301,wikidata:Q55614601,unknown,2025,television_episode,unclassified,downloaders,all,audit-filtered,6,2720,8779383,0.030981676047166413,True
invincible-301,wikidata:Q55614601,unknown,2025,television_episode,unclassified,downloaders,without-hosting,full,8,4309,10022515,0.042993200808379935,True
invincible-301,wikidata:Q55614601,unknown,2025,television_episode,unclassified,downloaders,without-hosting,audit-filtered,6,2671,7297062,0.03660377286091306,True
invincible-301,wikidata:Q55614601,unknown,2025,television_episode,asia-28,uploaders,all,full,8,224709,1750136,12.839516471862758,True
invincible-301,wikidata:Q55614601,unknown,2025,television_episode,asia-28,uploaders,all,audit-filtered,6,137993,1057965,13.043248122574944,True
invincible-301,wikidata:Q55614601,unknown,2025,television_episode,asia-28,uploaders,without-hosting,full,8,201106,1266810,15.874993092886857,True
invincible-301,wikidata:Q55614601,unknown,2025,television_episode,asia-28,uploaders,without-hosting,audit-filtered,6,122840,741303,16.570821917623427,True
invincible-301,wikidata:Q55614601,unknown,2025,television_episode,eur-27,uploaders,all,full,8,416065,1750136,23.77329533247702,True
invincible-301,wikidata:Q55614601,unknown,2025,television_episode,eur-27,uploaders,all,audit-filtered,6,251653,1057965,23.78651467676152,True
invincible-301,wikidata:Q55614601,unknown,2025,television_episode,eur-27,uploaders,without-hosting,full,8,285503,1266810,22.537160268706437,True
invincible-301,wikidata:Q55614601,unknown,2025,television_episode,eur-27,uploaders,without-hosting,audit-filtered,6,167009,741303,22.529114275808947,True
invincible-301,wikidata:Q55614601,unknown,2025,television_episode,usa-can,uploaders,all,full,8,365844,1750136,20.90374690881166,True
invincible-301,wikidata:Q55614601,unknown,2025,television_episode,usa-can,uploaders,all,audit-filtered,6,234868,1057965,22.199978260150385,True
invincible-301,wikidata:Q55614601,unknown,2025,television_episode,usa-can,uploaders,without-hosting,full,8,127351,1266810,10.052888752062266,True
invincible-301,wikidata:Q55614601,unknown,2025,television_episode,usa-can,uploaders,without-hosting,audit-filtered,6,75429,741303,10.175191520876078,True
invincible-301,wikidata:Q55614601,unknown,2025,television_episode,other,uploaders,all,full,8,742391,1750136,42.41904629125965,True
invincible-301,wikidata:Q55614601,unknown,2025,television_episode,other,uploaders,all,audit-filtered,6,432755,1057965,40.904472265150545,True
invincible-301,wikidata:Q55614601,unknown,2025,television_episode,other,uploaders,without-hosting,full,8,651728,1266810,51.44638896124912,True
invincible-301,wikidata:Q55614601,unknown,2025,television_episode,other,uploaders,without-hosting,audit-filtered,6,375331,741303,50.631253347146846,True
invincible-301,wikidata:Q55614601,unknown,2025,television_episode,unclassified,uploaders,all,full,8,1127,1750136,0.06439499558891423,True
invincible-301,wikidata:Q55614601,unknown,2025,television_episode,unclassified,uploaders,all,audit-filtered,6,696,1057965,0.06578667536260652,True
invincible-301,wikidata:Q55614601,unknown,2025,television_episode,unclassified,uploaders,without-hosting,full,8,1122,1266810,0.08856892509531816,True
invincible-301,wikidata:Q55614601,unknown,2025,television_episode,unclassified,uploaders,without-hosting,audit-filtered,6,694,741303,0.09361893854469765,True
invincible-401,wikidata:Q55614601,unknown,2026,television_episode,asia-28,downloaders,all,full,8,3923129,15199333,25.81119184637905,True
invincible-401,wikidata:Q55614601,unknown,2026,television_episode,asia-28,downloaders,all,audit-filtered,6,2939256,11355035,25.885045708797904,True
invincible-401,wikidata:Q55614601,unknown,2026,television_episode,asia-28,downloaders,without-hosting,full,8,3693643,12318026,29.98567302910385,True
invincible-401,wikidata:Q55614601,unknown,2026,television_episode,asia-28,downloaders,without-hosting,audit-filtered,6,2767686,9206756,30.0614679046561,True
invincible-401,wikidata:Q55614601,unknown,2026,television_episode,eur-27,downloaders,all,full,8,3696477,15199333,24.31999483135214,True
invincible-401,wikidata:Q55614601,unknown,2026,television_episode,eur-27,downloaders,all,audit-filtered,6,2773099,11355035,24.421756515942047,True
invincible-401,wikidata:Q55614601,unknown,2026,television_episode,eur-27,downloaders,without-hosting,full,8,2449383,12318026,19.884541565344968,True
invincible-401,wikidata:Q55614601,unknown,2026,television_episode,eur-27,downloaders,without-hosting,audit-filtered,6,1845122,9206756,20.040956879926004,True
invincible-401,wikidata:Q55614601,unknown,2026,television_episode,usa-can,downloaders,all,full,8,1732940,15199333,11.40142136500332,True
invincible-401,wikidata:Q55614601,unknown,2026,television_episode,usa-can,downloaders,all,audit-filtered,6,1306037,11355035,11.501831566349201,True
invincible-401,wikidata:Q55614601,unknown,2026,television_episode,usa-can,downloaders,without-hosting,full,8,792743,12318026,6.435633436721111,True
invincible-401,wikidata:Q55614601,unknown,2026,television_episode,usa-can,downloaders,without-hosting,audit-filtered,6,602544,9206756,6.544585302358398,True
invincible-401,wikidata:Q55614601,unknown,2026,television_episode,other,downloaders,all,full,8,5842552,15199333,38.43952889248495,True
invincible-401,wikidata:Q55614601,unknown,2026,television_episode,other,downloaders,all,audit-filtered,6,4333485,11355035,38.163554757867324,True
invincible-401,wikidata:Q55614601,unknown,2026,television_episode,other,downloaders,without-hosting,full,8,5378207,12318026,43.661273324151125,True
invincible-401,wikidata:Q55614601,unknown,2026,television_episode,other,downloaders,without-hosting,audit-filtered,6,3988383,9206756,43.32017705259051,True
invincible-401,wikidata:Q55614601,unknown,2026,television_episode,unclassified,downloaders,all,full,8,4235,15199333,0.027863064780540042,True
invincible-401,wikidata:Q55614601,unknown,2026,television_episode,unclassified,downloaders,all,audit-filtered,6,3158,11355035,0.027811451043523863,True
invincible-401,wikidata:Q55614601,unknown,2026,television_episode,unclassified,downloaders,without-hosting,full,8,4050,12318026,0.032878644678944496,True
invincible-401,wikidata:Q55614601,unknown,2026,television_episode,unclassified,downloaders,without-hosting,audit-filtered,6,3021,9206756,0.03281286046898604,True
invincible-401,wikidata:Q55614601,unknown,2026,television_episode,asia-28,uploaders,all,full,8,286785,1833094,15.644860547249623,True
invincible-401,wikidata:Q55614601,unknown,2026,television_episode,asia-28,uploaders,all,audit-filtered,6,217139,1378027,15.757238428564898,True
invincible-401,wikidata:Q55614601,unknown,2026,television_episode,asia-28,uploaders,without-hosting,full,8,260569,1275067,20.435710437177026,True
invincible-401,wikidata:Q55614601,unknown,2026,television_episode,asia-28,uploaders,without-hosting,audit-filtered,6,197355,958910,20.581180715604177,True
invincible-401,wikidata:Q55614601,unknown,2026,television_episode,eur-27,uploaders,all,full,8,421145,1833094,22.97454467692328,True
invincible-401,wikidata:Q55614601,unknown,2026,television_episode,eur-27,uploaders,all,audit-filtered,6,314947,1378027,22.854922291072672,True
invincible-401,wikidata:Q55614601,unknown,2026,television_episode,eur-27,uploaders,without-hosting,full,8,255922,1275067,20.071259000507425,True
invincible-401,wikidata:Q55614601,unknown,2026,television_episode,eur-27,uploaders,without-hosting,audit-filtered,6,191858,958910,20.007925665599483,True
invincible-401,wikidata:Q55614601,unknown,2026,television_episode,usa-can,uploaders,all,full,8,378274,1833094,20.635821185383836,True
invincible-401,wikidata:Q55614601,unknown,2026,television_episode,usa-can,uploaders,all,audit-filtered,6,286421,1378027,20.78486125453275,True
invincible-401,wikidata:Q55614601,unknown,2026,television_episode,usa-can,uploaders,without-hosting,full,8,123375,1275067,9.675962125911814,True
invincible-401,wikidata:Q55614601,unknown,2026,television_episode,usa-can,uploaders,without-hosting,audit-filtered,6,94239,958910,9.827721058284927,True
invincible-401,wikidata:Q55614601,unknown,2026,television_episode,other,uploaders,all,full,8,746128,1833094,40.703204527427395,True
invincible-401,wikidata:Q55614601,unknown,2026,television_episode,other,uploaders,all,audit-filtered,6,558949,1378027,40.56154197268994,True
invincible-401,wikidata:Q55614601,unknown,2026,television_episode,other,uploaders,without-hosting,full,8,634472,1275067,49.75989497022509,True
invincible-401,wikidata:Q55614601,unknown,2026,television_episode,other,uploaders,without-hosting,audit-filtered,6,474912,958910,49.526232910283554,True
invincible-401,wikidata:Q55614601,unknown,2026,television_episode,unclassified,uploaders,all,full,8,762,1833094,0.0415690630158628,True
invincible-401,wikidata:Q55614601,unknown,2026,television_episode,unclassified,uploaders,all,audit-filtered,6,571,1378027,0.041436053139742544,True
invincible-401,wikidata:Q55614601,unknown,2026,television_episode,unclassified,uploaders,without-hosting,full,8,729,1275067,0.057173466178640026,True
invincible-401,wikidata:Q55614601,unknown,2026,television_episode,unclassified,uploaders,without-hosting,audit-filtered,6,546,958910,0.05693965022786288,True
japan-sinks,wikidata:Q97360834,non-usa-only,2020,television_series,asia-28,downloaders,all,full,8,175726,693219,25.349276347012992,True
japan-sinks,wikidata:Q97360834,non-usa-only,2020,television_series,asia-28,downloaders,all,audit-filtered,6,125256,556665,22.501145213009618,True
japan-sinks,wikidata:Q97360834,non-usa-only,2020,television_series,asia-28,downloaders,without-hosting,full,8,167590,562565,29.79033533902749,True
japan-sinks,wikidata:Q97360834,non-usa-only,2020,television_series,asia-28,downloaders,without-hosting,audit-filtered,6,119126,447158,26.640695235241235,True
japan-sinks,wikidata:Q97360834,non-usa-only,2020,television_series,eur-27,downloaders,all,full,8,85959,693219,12.399977496289052,True
japan-sinks,wikidata:Q97360834,non-usa-only,2020,television_series,eur-27,downloaders,all,audit-filtered,6,64968,556665,11.670933146506426,True
japan-sinks,wikidata:Q97360834,non-usa-only,2020,television_series,eur-27,downloaders,without-hosting,full,8,59097,562565,10.504919431532356,True
japan-sinks,wikidata:Q97360834,non-usa-only,2020,television_series,eur-27,downloaders,without-hosting,audit-filtered,6,46639,447158,10.430094060712321,True
japan-sinks,wikidata:Q97360834,non-usa-only,2020,television_series,usa-can,downloaders,all,full,8,311634,693219,44.95462472898175,True
japan-sinks,wikidata:Q97360834,non-usa-only,2020,television_series,usa-can,downloaders,all,audit-filtered,6,274119,556665,49.24308156611247,True
japan-sinks,wikidata:Q97360834,non-usa-only,2020,television_series,usa-can,downloaders,without-hosting,full,8,225095,562565,40.012265249348964,True
japan-sinks,wikidata:Q97360834,non-usa-only,2020,television_series,usa-can,downloaders,without-hosting,audit-filtered,6,195471,447158,43.71407869254268,True
japan-sinks,wikidata:Q97360834,non-usa-only,2020,television_series,other,downloaders,all,full,8,119786,693219,17.279676408176925,True
japan-sinks,wikidata:Q97360834,non-usa-only,2020,television_series,other,downloaders,all,audit-filtered,6,92261,556665,16.57388195773041,True
japan-sinks,wikidata:Q97360834,non-usa-only,2020,television_series,other,downloaders,without-hosting,full,8,110669,562565,19.672215655079857,True
japan-sinks,wikidata:Q97360834,non-usa-only,2020,television_series,other,downloaders,without-hosting,audit-filtered,6,85861,447158,19.201490300967443,True
japan-sinks,wikidata:Q97360834,non-usa-only,2020,television_series,unclassified,downloaders,all,full,8,114,693219,0.016445019539279796,True
japan-sinks,wikidata:Q97360834,non-usa-only,2020,television_series,unclassified,downloaders,all,audit-filtered,6,61,556665,0.010958116641067788,True
japan-sinks,wikidata:Q97360834,non-usa-only,2020,television_series,unclassified,downloaders,without-hosting,full,8,114,562565,0.020264325011332025,True
japan-sinks,wikidata:Q97360834,non-usa-only,2020,television_series,unclassified,downloaders,without-hosting,audit-filtered,6,61,447158,0.013641710536320495,True
japan-sinks,wikidata:Q97360834,non-usa-only,2020,television_series,asia-28,uploaders,all,full,8,63383,174515,36.31951408188408,True
japan-sinks,wikidata:Q97360834,non-usa-only,2020,television_series,asia-28,uploaders,all,audit-filtered,6,43431,132860,32.6892970043655,True
japan-sinks,wikidata:Q97360834,non-usa-only,2020,television_series,asia-28,uploaders,without-hosting,full,8,60945,98890,61.62908281929416,True
japan-sinks,wikidata:Q97360834,non-usa-only,2020,television_series,asia-28,uploaders,without-hosting,audit-filtered,6,41631,64927,64.11970366719547,True
japan-sinks,wikidata:Q97360834,non-usa-only,2020,television_series,eur-27,uploaders,all,full,8,19025,174515,10.901641692691173,True
japan-sinks,wikidata:Q97360834,non-usa-only,2020,television_series,eur-27,uploaders,all,audit-filtered,6,12135,132860,9.133674544633449,True
japan-sinks,wikidata:Q97360834,non-usa-only,2020,television_series,eur-27,uploaders,without-hosting,full,8,11215,98890,11.340883810294267,True
japan-sinks,wikidata:Q97360834,non-usa-only,2020,television_series,eur-27,uploaders,without-hosting,audit-filtered,6,7033,64927,10.832165354937084,True
japan-sinks,wikidata:Q97360834,non-usa-only,2020,television_series,usa-can,uploaders,all,full,8,69912,174515,40.06073976449016,True
japan-sinks,wikidata:Q97360834,non-usa-only,2020,television_series,usa-can,uploaders,all,audit-filtered,6,63515,132860,47.80596116212555,True
japan-sinks,wikidata:Q97360834,non-usa-only,2020,television_series,usa-can,uploaders,without-hosting,full,8,6914,98890,6.991606835878248,True
japan-sinks,wikidata:Q97360834,non-usa-only,2020,television_series,usa-can,uploaders,without-hosting,audit-filtered,6,4003,64927,6.165385740909021,True
japan-sinks,wikidata:Q97360834,non-usa-only,2020,television_series,other,uploaders,all,full,8,22141,174515,12.687161562043377,True
japan-sinks,wikidata:Q97360834,non-usa-only,2020,television_series,other,uploaders,all,audit-filtered,6,13753,132860,10.351497817251241,True
japan-sinks,wikidata:Q97360834,non-usa-only,2020,television_series,other,uploaders,without-hosting,full,8,19762,98890,19.983820406512287,True
japan-sinks,wikidata:Q97360834,non-usa-only,2020,television_series,other,uploaders,without-hosting,audit-filtered,6,12234,64927,18.84270026337271,True
japan-sinks,wikidata:Q97360834,non-usa-only,2020,television_series,unclassified,uploaders,all,full,8,54,174515,0.03094289889121279,True
japan-sinks,wikidata:Q97360834,non-usa-only,2020,television_series,unclassified,uploaders,all,audit-filtered,6,26,132860,0.019569471624266144,True
japan-sinks,wikidata:Q97360834,non-usa-only,2020,television_series,unclassified,uploaders,without-hosting,full,8,54,98890,0.05460612802103347,True
japan-sinks,wikidata:Q97360834,non-usa-only,2020,television_series,unclassified,uploaders,without-hosting,audit-filtered,6,26,64927,0.040044973585719346,True
kung-fu-101,wikidata:Q94622906,unknown,2021,television_episode,asia-28,downloaders,all,full,8,645866,3033432,21.29159315257438,True
kung-fu-101,wikidata:Q94622906,unknown,2021,television_episode,asia-28,downloaders,all,audit-filtered,7,621068,2875297,21.600133829653075,True
kung-fu-101,wikidata:Q94622906,unknown,2021,television_episode,asia-28,downloaders,without-hosting,full,8,576458,2551426,22.59356140448518,True
kung-fu-101,wikidata:Q94622906,unknown,2021,television_episode,asia-28,downloaders,without-hosting,audit-filtered,7,553764,2426936,22.817412572890262,True
kung-fu-101,wikidata:Q94622906,unknown,2021,television_episode,eur-27,downloaders,all,full,8,517048,3033432,17.044984031288653,True
kung-fu-101,wikidata:Q94622906,unknown,2021,television_episode,eur-27,downloaders,all,audit-filtered,7,487526,2875297,16.955674492061167,True
kung-fu-101,wikidata:Q94622906,unknown,2021,television_episode,eur-27,downloaders,without-hosting,full,8,411985,2551426,16.147244717267913,True
kung-fu-101,wikidata:Q94622906,unknown,2021,television_episode,eur-27,downloaders,without-hosting,audit-filtered,7,392063,2426936,16.1546493191415,True
kung-fu-101,wikidata:Q94622906,unknown,2021,television_episode,usa-can,downloaders,all,full,8,1189714,3033432,39.220064929756134,True
kung-fu-101,wikidata:Q94622906,unknown,2021,television_episode,usa-can,downloaders,all,audit-filtered,7,1161807,2875297,40.40650409331627,True
kung-fu-101,wikidata:Q94622906,unknown,2021,television_episode,usa-can,downloaders,without-hosting,full,8,968690,2551426,37.96661161248651,True
kung-fu-101,wikidata:Q94622906,unknown,2021,television_episode,usa-can,downloaders,without-hosting,audit-filtered,7,954638,2426936,39.3351122567715,True
kung-fu-101,wikidata:Q94622906,unknown,2021,television_episode,other,downloaders,all,full,8,679701,3033432,22.406996431764416,True
kung-fu-101,wikidata:Q94622906,unknown,2021,television_episode,other,downloaders,all,audit-filtered,7,603820,2875297,21.000265363891103,True
kung-fu-101,wikidata:Q94622906,unknown,2021,television_episode,other,downloaders,without-hosting,full,8,593190,2551426,23.249351539100097,True
kung-fu-101,wikidata:Q94622906,unknown,2021,television_episode,other,downloaders,without-hosting,audit-filtered,7,525395,2426936,21.64849011263585,True
kung-fu-101,wikidata:Q94622906,unknown,2021,television_episode,unclassified,downloaders,all,full,8,1103,3033432,0.03636145461642127,True
kung-fu-101,wikidata:Q94622906,unknown,2021,television_episode,unclassified,downloaders,all,audit-filtered,7,1076,2875297,0.03742222107837903,True
kung-fu-101,wikidata:Q94622906,unknown,2021,television_episode,unclassified,downloaders,without-hosting,full,8,1103,2551426,0.04323072666030683,True
kung-fu-101,wikidata:Q94622906,unknown,2021,television_episode,unclassified,downloaders,without-hosting,audit-filtered,7,1076,2426936,0.044335738560885,True
kung-fu-101,wikidata:Q94622906,unknown,2021,television_episode,asia-28,uploaders,all,full,8,34516,231338,14.920160112043849,True
kung-fu-101,wikidata:Q94622906,unknown,2021,television_episode,asia-28,uploaders,all,audit-filtered,7,24029,159277,15.08629620095808,True
kung-fu-101,wikidata:Q94622906,unknown,2021,television_episode,asia-28,uploaders,without-hosting,full,8,31536,184626,17.081017841474115,True
kung-fu-101,wikidata:Q94622906,unknown,2021,television_episode,asia-28,uploaders,without-hosting,audit-filtered,7,21835,126093,17.316583791328622,True
kung-fu-101,wikidata:Q94622906,unknown,2021,television_episode,eur-27,uploaders,all,full,8,46071,231338,19.91501612359405,True
kung-fu-101,wikidata:Q94622906,unknown,2021,television_episode,eur-27,uploaders,all,audit-filtered,7,32291,159277,20.273485814022113,True
kung-fu-101,wikidata:Q94622906,unknown,2021,television_episode,eur-27,uploaders,without-hosting,full,8,33505,184626,18.147498185521,True
kung-fu-101,wikidata:Q94622906,unknown,2021,television_episode,eur-27,uploaders,without-hosting,audit-filtered,7,23694,126093,18.79089243653494,True
kung-fu-101,wikidata:Q94622906,unknown,2021,television_episode,usa-can,uploaders,all,full,8,39304,231338,16.989858994198965,True
kung-fu-101,wikidata:Q94622906,unknown,2021,television_episode,usa-can,uploaders,all,audit-filtered,7,27920,159277,17.529210118221716,True
kung-fu-101,wikidata:Q94622906,unknown,2021,television_episode,usa-can,uploaders,without-hosting,full,8,17620,184626,9.54361790863692,True
kung-fu-101,wikidata:Q94622906,unknown,2021,television_episode,usa-can,uploaders,without-hosting,audit-filtered,7,11639,126093,9.230488607615014,True
kung-fu-101,wikidata:Q94622906,unknown,2021,television_episode,other,uploaders,all,full,8,111418,231338,48.162428999991356,True
kung-fu-101,wikidata:Q94622906,unknown,2021,television_episode,other,uploaders,all,audit-filtered,7,75015,159277,47.097195451948494,True
kung-fu-101,wikidata:Q94622906,unknown,2021,television_episode,other,uploaders,without-hosting,full,8,101936,184626,55.21215863421187,True
kung-fu-101,wikidata:Q94622906,unknown,2021,television_episode,other,uploaders,without-hosting,audit-filtered,7,68903,126093,54.64458772493318,True
kung-fu-101,wikidata:Q94622906,unknown,2021,television_episode,unclassified,uploaders,all,full,8,29,231338,0.012535770171783278,True
kung-fu-101,wikidata:Q94622906,unknown,2021,television_episode,unclassified,uploaders,all,audit-filtered,7,22,159277,0.013812414849601638,True
kung-fu-101,wikidata:Q94622906,unknown,2021,television_episode,unclassified,uploaders,without-hosting,full,8,29,184626,0.015707430156099357,True
kung-fu-101,wikidata:Q94622906,unknown,2021,television_episode,unclassified,uploaders,without-hosting,audit-filtered,7,22,126093,0.017447439588240427,True
kung-fu-113,wikidata:Q94622906,unknown,2021,television_episode,asia-28,downloaders,all,full,8,660544,3026111,21.828148405659938,True
kung-fu-113,wikidata:Q94622906,unknown,2021,television_episode,asia-28,downloaders,all,audit-filtered,5,463645,2088347,22.201530684316353,True
kung-fu-113,wikidata:Q94622906,unknown,2021,television_episode,asia-28,downloaders,without-hosting,full,8,588309,2541757,23.145760983445705,True
kung-fu-113,wikidata:Q94622906,unknown,2021,television_episode,asia-28,downloaders,without-hosting,audit-filtered,5,412991,1756858,23.50736371408503,True
kung-fu-113,wikidata:Q94622906,unknown,2021,television_episode,eur-27,downloaders,all,full,8,526876,3026111,17.410993846557513,True
kung-fu-113,wikidata:Q94622906,unknown,2021,television_episode,eur-27,downloaders,all,audit-filtered,5,361107,2088347,17.291522912619406,True
kung-fu-113,wikidata:Q94622906,unknown,2021,television_episode,eur-27,downloaders,without-hosting,full,8,424320,2541757,16.693964057146296,True
kung-fu-113,wikidata:Q94622906,unknown,2021,television_episode,eur-27,downloaders,without-hosting,audit-filtered,5,293482,1756858,16.704935743241627,True
kung-fu-113,wikidata:Q94622906,unknown,2021,television_episode,usa-can,downloaders,all,full,8,1187360,3026111,39.23715950935045,True
kung-fu-113,wikidata:Q94622906,unknown,2021,television_episode,usa-can,downloaders,all,audit-filtered,5,833606,2088347,39.91702528363342,True
kung-fu-113,wikidata:Q94622906,unknown,2021,television_episode,usa-can,downloaders,without-hosting,full,8,960704,2541757,37.796846826820975,True
kung-fu-113,wikidata:Q94622906,unknown,2021,television_episode,usa-can,downloaders,without-hosting,audit-filtered,5,675098,1756858,38.42644083927102,True
kung-fu-113,wikidata:Q94622906,unknown,2021,television_episode,other,downloaders,all,full,8,651095,3026111,21.5158994498219,True
kung-fu-113,wikidata:Q94622906,unknown,2021,television_episode,other,downloaders,all,audit-filtered,5,429816,2088347,20.58163705552765,True
kung-fu-113,wikidata:Q94622906,unknown,2021,television_episode,other,downloaders,without-hosting,full,8,568188,2541757,22.35414321668043,True
kung-fu-113,wikidata:Q94622906,unknown,2021,television_episode,other,downloaders,without-hosting,audit-filtered,5,375114,1756858,21.351412578592008,True
kung-fu-113,wikidata:Q94622906,unknown,2021,television_episode,unclassified,downloaders,all,full,8,236,3026111,0.007798788610199692,True
kung-fu-113,wikidata:Q94622906,unknown,2021,television_episode,unclassified,downloaders,all,audit-filtered,5,173,2088347,0.00828406390317318,True
kung-fu-113,wikidata:Q94622906,unknown,2021,television_episode,unclassified,downloaders,without-hosting,full,8,236,2541757,0.00928491590659532,True
kung-fu-113,wikidata:Q94622906,unknown,2021,television_episode,unclassified,downloaders,without-hosting,audit-filtered,5,173,1756858,0.009847124810314778,True
kung-fu-113,wikidata:Q94622906,unknown,2021,television_episode,asia-28,uploaders,all,full,8,11012,106031,10.385641934905829,True
kung-fu-113,wikidata:Q94622906,unknown,2021,television_episode,asia-28,uploaders,all,audit-filtered,5,5030,51590,9.749951540996317,True
kung-fu-113,wikidata:Q94622906,unknown,2021,television_episode,asia-28,uploaders,without-hosting,full,8,9653,74704,12.921664167916042,True
kung-fu-113,wikidata:Q94622906,unknown,2021,television_episode,asia-28,uploaders,without-hosting,audit-filtered,5,4355,31745,13.718695857615373,True
kung-fu-113,wikidata:Q94622906,unknown,2021,television_episode,eur-27,uploaders,all,full,8,22971,106031,21.664418896360498,True
kung-fu-113,wikidata:Q94622906,unknown,2021,television_episode,eur-27,uploaders,all,audit-filtered,5,10440,51590,20.236479937972476,True
kung-fu-113,wikidata:Q94622906,unknown,2021,television_episode,eur-27,uploaders,without-hosting,full,8,16677,74704,22.324105804240737,True
kung-fu-113,wikidata:Q94622906,unknown,2021,television_episode,eur-27,uploaders,without-hosting,audit-filtered,5,8021,31745,25.26697117656324,True
kung-fu-113,wikidata:Q94622906,unknown,2021,television_episode,usa-can,uploaders,all,full,8,25935,106031,24.459827786213467,True
kung-fu-113,wikidata:Q94622906,unknown,2021,television_episode,usa-can,uploaders,all,audit-filtered,5,17585,51590,34.086063190540806,True
kung-fu-113,wikidata:Q94622906,unknown,2021,television_episode,usa-can,uploaders,without-hosting,full,8,5931,74704,7.939333904476333,True
kung-fu-113,wikidata:Q94622906,unknown,2021,television_episode,usa-can,uploaders,without-hosting,audit-filtered,5,2072,31745,6.527012127894157,True
kung-fu-113,wikidata:Q94622906,unknown,2021,television_episode,other,uploaders,all,full,8,46112,106031,43.489168262112024,True
kung-fu-113,wikidata:Q94622906,unknown,2021,television_episode,other,uploaders,all,audit-filtered,5,18535,51590,35.927505330490405,True
kung-fu-113,wikidata:Q94622906,unknown,2021,television_episode,other,uploaders,without-hosting,full,8,42442,74704,56.813557506960805,True
kung-fu-113,wikidata:Q94622906,unknown,2021,television_episode,other,uploaders,without-hosting,audit-filtered,5,17297,31745,54.487320837927236,True
kung-fu-113,wikidata:Q94622906,unknown,2021,television_episode,unclassified,uploaders,all,full,8,1,106031,0.0009431204081825126,True
kung-fu-113,wikidata:Q94622906,unknown,2021,television_episode,unclassified,uploaders,all,audit-filtered,5,0,51590,0.0,True
kung-fu-113,wikidata:Q94622906,unknown,2021,television_episode,unclassified,uploaders,without-hosting,full,8,1,74704,0.0013386164060826729,True
kung-fu-113,wikidata:Q94622906,unknown,2021,television_episode,unclassified,uploaders,without-hosting,audit-filtered,5,0,31745,0.0,True
laid-01,wikidata:Q131340425,unknown,2024,television_season,asia-28,downloaders,all,full,8,1092122,8381075,13.030810486721572,True
laid-01,wikidata:Q131340425,unknown,2024,television_season,asia-28,downloaders,all,audit-filtered,6,876288,6762611,12.95783536861724,True
laid-01,wikidata:Q131340425,unknown,2024,television_season,asia-28,downloaders,without-hosting,full,8,1030239,7406977,13.909034684460341,True
laid-01,wikidata:Q131340425,unknown,2024,television_season,asia-28,downloaders,without-hosting,audit-filtered,6,827568,6004242,13.783055379846449,True
laid-01,wikidata:Q131340425,unknown,2024,television_season,eur-27,downloaders,all,full,8,2154365,8381075,25.7051153939083,True
laid-01,wikidata:Q131340425,unknown,2024,television_season,eur-27,downloaders,all,audit-filtered,6,1731780,6762611,25.608156376287205,True
laid-01,wikidata:Q131340425,unknown,2024,television_season,eur-27,downloaders,without-hosting,full,8,1672894,7406977,22.585381323581807,True
laid-01,wikidata:Q131340425,unknown,2024,television_season,eur-27,downloaders,without-hosting,audit-filtered,6,1353036,6004242,22.53466798973126,True
laid-01,wikidata:Q131340425,unknown,2024,television_season,usa-can,downloaders,all,full,8,648270,8381075,7.734926605477221,True
laid-01,wikidata:Q131340425,unknown,2024,television_season,usa-can,downloaders,all,audit-filtered,6,506443,6762611,7.488867835219267,True
laid-01,wikidata:Q131340425,unknown,2024,television_season,usa-can,downloaders,without-hosting,full,8,371797,7406977,5.019551161020211,True
laid-01,wikidata:Q131340425,unknown,2024,television_season,usa-can,downloaders,without-hosting,audit-filtered,6,296271,6004242,4.934361406485615,True
laid-01,wikidata:Q131340425,unknown,2024,television_season,other,downloaders,all,full,8,4484069,8381075,53.50231324740561,True
laid-01,wikidata:Q131340425,unknown,2024,television_season,other,downloaders,all,audit-filtered,6,3646303,6762611,53.91856784310084,True
laid-01,wikidata:Q131340425,unknown,2024,television_season,other,downloaders,without-hosting,full,8,4329874,7406977,58.456695626299364,True
laid-01,wikidata:Q131340425,unknown,2024,television_season,other,downloaders,without-hosting,audit-filtered,6,3525627,6004242,58.7189357124513,True
laid-01,wikidata:Q131340425,unknown,2024,television_season,unclassified,downloaders,all,full,8,2249,8381075,0.02683426648729429,True
laid-01,wikidata:Q131340425,unknown,2024,television_season,unclassified,downloaders,all,audit-filtered,6,1797,6762611,0.0265725767754496,True
laid-01,wikidata:Q131340425,unknown,2024,television_season,unclassified,downloaders,without-hosting,full,8,2173,7406977,0.029337204638275508,True
laid-01,wikidata:Q131340425,unknown,2024,television_season,unclassified,downloaders,without-hosting,audit-filtered,6,1740,6004242,0.028979511485379836,True
laid-01,wikidata:Q131340425,unknown,2024,television_season,asia-28,uploaders,all,full,8,25840,204571,12.631311378445625,True
laid-01,wikidata:Q131340425,unknown,2024,television_season,asia-28,uploaders,all,audit-filtered,6,16376,133279,12.287006955334299,True
laid-01,wikidata:Q131340425,unknown,2024,television_season,asia-28,uploaders,without-hosting,full,8,21204,113666,18.654654866010944,True
laid-01,wikidata:Q131340425,unknown,2024,television_season,asia-28,uploaders,without-hosting,audit-filtered,6,13088,69838,18.740513760416967,True
laid-01,wikidata:Q131340425,unknown,2024,television_season,eur-27,uploaders,all,full,8,49045,204571,23.974561399220807,True
laid-01,wikidata:Q131340425,unknown,2024,television_season,eur-27,uploaders,all,audit-filtered,6,31888,133279,23.92574974302028,True
laid-01,wikidata:Q131340425,unknown,2024,television_season,eur-27,uploaders,without-hosting,full,8,24737,113666,21.762884239790264,True
laid-01,wikidata:Q131340425,unknown,2024,television_season,eur-27,uploaders,without-hosting,audit-filtered,6,16002,69838,22.913027291732295,True
laid-01,wikidata:Q131340425,unknown,2024,television_season,usa-can,uploaders,all,full,8,70999,204571,34.70628779250236,True
laid-01,wikidata:Q131340425,unknown,2024,television_season,usa-can,uploaders,all,audit-filtered,6,50118,133279,37.603823558099926,True
laid-01,wikidata:Q131340425,unknown,2024,television_season,usa-can,uploaders,without-hosting,full,8,18798,113666,16.53792690866222,True
laid-01,wikidata:Q131340425,unknown,2024,television_season,usa-can,uploaders,without-hosting,audit-filtered,6,12127,69838,17.364472063919358,True
laid-01,wikidata:Q131340425,unknown,2024,television_season,other,uploaders,all,full,8,58676,204571,28.682462323594255,True
laid-01,wikidata:Q131340425,unknown,2024,television_season,other,uploaders,all,audit-filtered,6,34892,133279,26.17966821479753,True
laid-01,wikidata:Q131340425,unknown,2024,television_season,other,uploaders,without-hosting,full,8,48916,113666,43.03485650942234,True
laid-01,wikidata:Q131340425,unknown,2024,television_season,other,uploaders,without-hosting,audit-filtered,6,28616,69838,40.97482745783098,True
laid-01,wikidata:Q131340425,unknown,2024,television_season,unclassified,uploaders,all,full,8,11,204571,0.005377106236954407,True
laid-01,wikidata:Q131340425,unknown,2024,television_season,unclassified,uploaders,all,audit-filtered,6,5,133279,0.0037515287479647956,True
laid-01,wikidata:Q131340425,unknown,2024,television_season,unclassified,uploaders,without-hosting,full,8,11,113666,0.00967747611422941,True
laid-01,wikidata:Q131340425,unknown,2024,television_season,unclassified,uploaders,without-hosting,audit-filtered,6,5,69838,0.007159426100403792,True
lazarus-101,wikidata:Q121095142,unknown,2025,television_episode,asia-28,downloaders,all,full,8,1950059,9010325,21.642493472765967,True
lazarus-101,wikidata:Q121095142,unknown,2025,television_episode,asia-28,downloaders,all,audit-filtered,8,1950059,9010325,21.642493472765967,True
lazarus-101,wikidata:Q121095142,unknown,2025,television_episode,asia-28,downloaders,without-hosting,full,8,1823660,7485380,24.36295819317122,True
lazarus-101,wikidata:Q121095142,unknown,2025,television_episode,asia-28,downloaders,without-hosting,audit-filtered,8,1823660,7485380,24.36295819317122,True
lazarus-101,wikidata:Q121095142,unknown,2025,television_episode,eur-27,downloaders,all,full,8,2060968,9010325,22.873403567573867,True
lazarus-101,wikidata:Q121095142,unknown,2025,television_episode,eur-27,downloaders,all,audit-filtered,8,2060968,9010325,22.873403567573867,True
lazarus-101,wikidata:Q121095142,unknown,2025,television_episode,eur-27,downloaders,without-hosting,full,8,1364156,7485380,18.224271847254247,True
lazarus-101,wikidata:Q121095142,unknown,2025,television_episode,eur-27,downloaders,without-hosting,audit-filtered,8,1364156,7485380,18.224271847254247,True
lazarus-101,wikidata:Q121095142,unknown,2025,television_episode,usa-can,downloaders,all,full,8,932767,9010325,10.35220150216557,True
lazarus-101,wikidata:Q121095142,unknown,2025,television_episode,usa-can,downloaders,all,audit-filtered,8,932767,9010325,10.35220150216557,True
lazarus-101,wikidata:Q121095142,unknown,2025,television_episode,usa-can,downloaders,without-hosting,full,8,457684,7485380,6.114372283037067,True
lazarus-101,wikidata:Q121095142,unknown,2025,television_episode,usa-can,downloaders,without-hosting,audit-filtered,8,457684,7485380,6.114372283037067,True
lazarus-101,wikidata:Q121095142,unknown,2025,television_episode,other,downloaders,all,full,8,4065216,9010325,45.11730708936692,True
lazarus-101,wikidata:Q121095142,unknown,2025,television_episode,other,downloaders,all,audit-filtered,8,4065216,9010325,45.11730708936692,True
lazarus-101,wikidata:Q121095142,unknown,2025,television_episode,other,downloaders,without-hosting,full,8,3838598,7485380,51.28127095751986,True
lazarus-101,wikidata:Q121095142,unknown,2025,television_episode,other,downloaders,without-hosting,audit-filtered,8,3838598,7485380,51.28127095751986,True
lazarus-101,wikidata:Q121095142,unknown,2025,television_episode,unclassified,downloaders,all,full,8,1315,9010325,0.01459436812767575,True
lazarus-101,wikidata:Q121095142,unknown,2025,television_episode,unclassified,downloaders,all,audit-filtered,8,1315,9010325,0.01459436812767575,True
lazarus-101,wikidata:Q121095142,unknown,2025,television_episode,unclassified,downloaders,without-hosting,full,8,1282,7485380,0.017126719017604985,True
lazarus-101,wikidata:Q121095142,unknown,2025,television_episode,unclassified,downloaders,without-hosting,audit-filtered,8,1282,7485380,0.017126719017604985,True
lazarus-101,wikidata:Q121095142,unknown,2025,television_episode,asia-28,uploaders,all,full,8,169145,743121,22.76143454430705,True
lazarus-101,wikidata:Q121095142,unknown,2025,television_episode,asia-28,uploaders,all,audit-filtered,8,169145,743121,22.76143454430705,True
lazarus-101,wikidata:Q121095142,unknown,2025,television_episode,asia-28,uploaders,without-hosting,full,8,154343,481507,32.05415497594012,True
lazarus-101,wikidata:Q121095142,unknown,2025,television_episode,asia-28,uploaders,without-hosting,audit-filtered,8,154343,481507,32.05415497594012,True
lazarus-101,wikidata:Q121095142,unknown,2025,television_episode,eur-27,uploaders,all,full,8,166787,743121,22.444124173586804,True
lazarus-101,wikidata:Q121095142,unknown,2025,television_episode,eur-27,uploaders,all,audit-filtered,8,166787,743121,22.444124173586804,True
lazarus-101,wikidata:Q121095142,unknown,2025,television_episode,eur-27,uploaders,without-hosting,full,8,90394,481507,18.77314348493376,True
lazarus-101,wikidata:Q121095142,unknown,2025,television_episode,eur-27,uploaders,without-hosting,audit-filtered,8,90394,481507,18.77314348493376,True
lazarus-101,wikidata:Q121095142,unknown,2025,television_episode,usa-can,uploaders,all,full,8,201015,743121,27.050103549758383,True
lazarus-101,wikidata:Q121095142,unknown,2025,television_episode,usa-can,uploaders,all,audit-filtered,8,201015,743121,27.050103549758383,True
lazarus-101,wikidata:Q121095142,unknown,2025,television_episode,usa-can,uploaders,without-hosting,full,8,67187,481507,13.953483542295336,True
lazarus-101,wikidata:Q121095142,unknown,2025,television_episode,usa-can,uploaders,without-hosting,audit-filtered,8,67187,481507,13.953483542295336,True
lazarus-101,wikidata:Q121095142,unknown,2025,television_episode,other,uploaders,all,full,8,206128,743121,27.73814762333456,True
lazarus-101,wikidata:Q121095142,unknown,2025,television_episode,other,uploaders,all,audit-filtered,8,206128,743121,27.73814762333456,True
lazarus-101,wikidata:Q121095142,unknown,2025,television_episode,other,uploaders,without-hosting,full,8,169537,481507,35.20966465700395,True
lazarus-101,wikidata:Q121095142,unknown,2025,television_episode,other,uploaders,without-hosting,audit-filtered,8,169537,481507,35.20966465700395,True
lazarus-101,wikidata:Q121095142,unknown,2025,television_episode,unclassified,uploaders,all,full,8,46,743121,0.006190109013202426,True
lazarus-101,wikidata:Q121095142,unknown,2025,television_episode,unclassified,uploaders,all,audit-filtered,8,46,743121,0.006190109013202426,True
lazarus-101,wikidata:Q121095142,unknown,2025,television_episode,unclassified,uploaders,without-hosting,full,8,46,481507,0.009553339826835332,True
lazarus-101,wikidata:Q121095142,unknown,2025,television_episode,unclassified,uploaders,without-hosting,audit-filtered,8,46,481507,0.009553339826835332,True
lazarus-108,wikidata:Q121095142,unknown,2025,television_episode,asia-28,downloaders,all,full,8,819367,3506143,23.369468957769264,True
lazarus-108,wikidata:Q121095142,unknown,2025,television_episode,asia-28,downloaders,all,audit-filtered,7,784966,3364974,23.327550227728356,True
lazarus-108,wikidata:Q121095142,unknown,2025,television_episode,asia-28,downloaders,without-hosting,full,8,767896,2882558,26.639394593274446,True
lazarus-108,wikidata:Q121095142,unknown,2025,television_episode,asia-28,downloaders,without-hosting,audit-filtered,7,736019,2775735,26.516184001714862,True
lazarus-108,wikidata:Q121095142,unknown,2025,television_episode,eur-27,downloaders,all,full,8,785094,3506143,22.391956061119014,True
lazarus-108,wikidata:Q121095142,unknown,2025,television_episode,eur-27,downloaders,all,audit-filtered,7,755353,3364974,22.447513710358535,True
lazarus-108,wikidata:Q121095142,unknown,2025,television_episode,eur-27,downloaders,without-hosting,full,8,496009,2882558,17.20725133718038,True
lazarus-108,wikidata:Q121095142,unknown,2025,television_episode,eur-27,downloaders,without-hosting,audit-filtered,7,480619,2775735,17.31501746384291,True
lazarus-108,wikidata:Q121095142,unknown,2025,television_episode,usa-can,downloaders,all,full,8,372350,3506143,10.619931930899567,True
lazarus-108,wikidata:Q121095142,unknown,2025,television_episode,usa-can,downloaders,all,audit-filtered,7,352122,3364974,10.46433048219689,True
lazarus-108,wikidata:Q121095142,unknown,2025,television_episode,usa-can,downloaders,without-hosting,full,8,178639,2882558,6.197238702569038,True
lazarus-108,wikidata:Q121095142,unknown,2025,television_episode,usa-can,downloaders,without-hosting,audit-filtered,7,170561,2775735,6.144714823281041,True
lazarus-108,wikidata:Q121095142,unknown,2025,television_episode,other,downloaders,all,full,8,1528958,3506143,43.60797605802159,True
lazarus-108,wikidata:Q121095142,unknown,2025,television_episode,other,downloaders,all,audit-filtered,7,1472177,3364974,43.750026003172685,True
lazarus-108,wikidata:Q121095142,unknown,2025,television_episode,other,downloaders,without-hosting,full,8,1439647,2882558,49.94338361968779,True
lazarus-108,wikidata:Q121095142,unknown,2025,television_episode,other,downloaders,without-hosting,audit-filtered,7,1388187,2775735,50.01151046479581,True
lazarus-108,wikidata:Q121095142,unknown,2025,television_episode,unclassified,downloaders,all,full,8,374,3506143,0.010666992190563818,True
lazarus-108,wikidata:Q121095142,unknown,2025,television_episode,unclassified,downloaders,all,audit-filtered,7,356,3364974,0.010579576543533472,True
lazarus-108,wikidata:Q121095142,unknown,2025,television_episode,unclassified,downloaders,without-hosting,full,8,367,2882558,0.012731747288345975,True
lazarus-108,wikidata:Q121095142,unknown,2025,television_episode,unclassified,downloaders,without-hosting,audit-filtered,7,349,2775735,0.012573246365377098,True
lazarus-108,wikidata:Q121095142,unknown,2025,television_episode,asia-28,uploaders,all,full,8,40767,226543,17.995259178169267,True
lazarus-108,wikidata:Q121095142,unknown,2025,television_episode,asia-28,uploaders,all,audit-filtered,7,37911,204942,18.49840442661826,True
lazarus-108,wikidata:Q121095142,unknown,2025,television_episode,asia-28,uploaders,without-hosting,full,8,36186,129555,27.930994558295705,True
lazarus-108,wikidata:Q121095142,unknown,2025,television_episode,asia-28,uploaders,without-hosting,audit-filtered,7,33757,116869,28.884477491892632,True
lazarus-108,wikidata:Q121095142,unknown,2025,television_episode,eur-27,uploaders,all,full,8,56067,226543,24.74894390910335,True
lazarus-108,wikidata:Q121095142,unknown,2025,television_episode,eur-27,uploaders,all,audit-filtered,7,49946,204942,24.370797591513696,True
lazarus-108,wikidata:Q121095142,unknown,2025,television_episode,eur-27,uploaders,without-hosting,full,8,26774,129555,20.666126355601868,True
lazarus-108,wikidata:Q121095142,unknown,2025,television_episode,eur-27,uploaders,without-hosting,audit-filtered,7,23576,116869,20.17301422960751,True
lazarus-108,wikidata:Q121095142,unknown,2025,television_episode,usa-can,uploaders,all,full,8,70501,226543,31.12036125592051,True
lazarus-108,wikidata:Q121095142,unknown,2025,television_episode,usa-can,uploaders,all,audit-filtered,7,64413,204942,31.42986796264309,True
lazarus-108,wikidata:Q121095142,unknown,2025,television_episode,usa-can,uploaders,without-hosting,full,8,20939,129555,16.162247694029563,True
lazarus-108,wikidata:Q121095142,unknown,2025,television_episode,usa-can,uploaders,without-hosting,audit-filtered,7,18838,116869,16.118902360762906,True
lazarus-108,wikidata:Q121095142,unknown,2025,television_episode,other,uploaders,all,full,8,59176,226543,26.121310303121263,True
lazarus-108,wikidata:Q121095142,unknown,2025,television_episode,other,uploaders,all,audit-filtered,7,52648,204942,25.689219388900273,True
lazarus-108,wikidata:Q121095142,unknown,2025,television_episode,other,uploaders,without-hosting,full,8,45624,129555,35.21593145768207,True
lazarus-108,wikidata:Q121095142,unknown,2025,television_episode,other,uploaders,without-hosting,audit-filtered,7,40674,116869,34.80307010413369,True
lazarus-108,wikidata:Q121095142,unknown,2025,television_episode,unclassified,uploaders,all,full,8,32,226543,0.014125353685613769,True
lazarus-108,wikidata:Q121095142,unknown,2025,television_episode,unclassified,uploaders,all,audit-filtered,7,24,204942,0.011710630324677226,True
lazarus-108,wikidata:Q121095142,unknown,2025,television_episode,unclassified,uploaders,without-hosting,full,8,32,129555,0.024699934390799275,True
lazarus-108,wikidata:Q121095142,unknown,2025,television_episode,unclassified,uploaders,without-hosting,audit-filtered,7,24,116869,0.020535813603265195,True
lazarus-111,wikidata:Q121095142,unknown,2025,television_episode,asia-28,downloaders,all,full,8,2206304,9119170,24.194131702775582,True
lazarus-111,wikidata:Q121095142,unknown,2025,television_episode,asia-28,downloaders,all,audit-filtered,8,2206304,9119170,24.194131702775582,True
lazarus-111,wikidata:Q121095142,unknown,2025,television_episode,asia-28,downloaders,without-hosting,full,8,2067288,7526051,27.468429326349238,True
lazarus-111,wikidata:Q121095142,unknown,2025,television_episode,asia-28,downloaders,without-hosting,audit-filtered,8,2067288,7526051,27.468429326349238,True
lazarus-111,wikidata:Q121095142,unknown,2025,television_episode,eur-27,downloaders,all,full,8,2013396,9119170,22.07871988349817,True
lazarus-111,wikidata:Q121095142,unknown,2025,television_episode,eur-27,downloaders,all,audit-filtered,8,2013396,9119170,22.07871988349817,True
lazarus-111,wikidata:Q121095142,unknown,2025,television_episode,eur-27,downloaders,without-hosting,full,8,1253875,7526051,16.660463767784726,True
lazarus-111,wikidata:Q121095142,unknown,2025,television_episode,eur-27,downloaders,without-hosting,audit-filtered,8,1253875,7526051,16.660463767784726,True
lazarus-111,wikidata:Q121095142,unknown,2025,television_episode,usa-can,downloaders,all,full,8,1014175,9119170,11.121352052873233,True
lazarus-111,wikidata:Q121095142,unknown,2025,television_episode,usa-can,downloaders,all,audit-filtered,8,1014175,9119170,11.121352052873233,True
lazarus-111,wikidata:Q121095142,unknown,2025,television_episode,usa-can,downloaders,without-hosting,full,8,546273,7526051,7.258428091970145,True
lazarus-111,wikidata:Q121095142,unknown,2025,television_episode,usa-can,downloaders,without-hosting,audit-filtered,8,546273,7526051,7.258428091970145,True
lazarus-111,wikidata:Q121095142,unknown,2025,television_episode,other,downloaders,all,full,8,3884208,9119170,42.59387641638438,True
lazarus-111,wikidata:Q121095142,unknown,2025,television_episode,other,downloaders,all,audit-filtered,8,3884208,9119170,42.59387641638438,True
lazarus-111,wikidata:Q121095142,unknown,2025,television_episode,other,downloaders,without-hosting,full,8,3657563,7526051,48.5987006997428,True
lazarus-111,wikidata:Q121095142,unknown,2025,television_episode,other,downloaders,without-hosting,audit-filtered,8,3657563,7526051,48.5987006997428,True
lazarus-111,wikidata:Q121095142,unknown,2025,television_episode,unclassified,downloaders,all,full,8,1087,9119170,0.011919944468630369,True
lazarus-111,wikidata:Q121095142,unknown,2025,television_episode,unclassified,downloaders,all,audit-filtered,8,1087,9119170,0.011919944468630369,True
lazarus-111,wikidata:Q121095142,unknown,2025,television_episode,unclassified,downloaders,without-hosting,full,8,1052,7526051,0.013978114153093036,True
lazarus-111,wikidata:Q121095142,unknown,2025,television_episode,unclassified,downloaders,without-hosting,audit-filtered,8,1052,7526051,0.013978114153093036,True
lazarus-111,wikidata:Q121095142,unknown,2025,television_episode,asia-28,uploaders,all,full,8,63793,357110,17.863683458878217,True
lazarus-111,wikidata:Q121095142,unknown,2025,television_episode,asia-28,uploaders,all,audit-filtered,8,63793,357110,17.863683458878217,True
lazarus-111,wikidata:Q121095142,unknown,2025,television_episode,asia-28,uploaders,without-hosting,full,8,56777,200598,28.30387142444092,True
lazarus-111,wikidata:Q121095142,unknown,2025,television_episode,asia-28,uploaders,without-hosting,audit-filtered,8,56777,200598,28.30387142444092,True
lazarus-111,wikidata:Q121095142,unknown,2025,television_episode,eur-27,uploaders,all,full,8,91808,357110,25.708605191677634,True
lazarus-111,wikidata:Q121095142,unknown,2025,television_episode,eur-27,uploaders,all,audit-filtered,8,91808,357110,25.708605191677634,True
lazarus-111,wikidata:Q121095142,unknown,2025,television_episode,eur-27,uploaders,without-hosting,full,8,44145,200598,22.006699967098378,True
lazarus-111,wikidata:Q121095142,unknown,2025,television_episode,eur-27,uploaders,without-hosting,audit-filtered,8,44145,200598,22.006699967098378,True
lazarus-111,wikidata:Q121095142,unknown,2025,television_episode,usa-can,uploaders,all,full,8,108369,357110,30.346111842289492,True
lazarus-111,wikidata:Q121095142,unknown,2025,television_episode,usa-can,uploaders,all,audit-filtered,8,108369,357110,30.346111842289492,True
lazarus-111,wikidata:Q121095142,unknown,2025,television_episode,usa-can,uploaders,without-hosting,full,8,28103,200598,14.009611262325647,True
lazarus-111,wikidata:Q121095142,unknown,2025,television_episode,usa-can,uploaders,without-hosting,audit-filtered,8,28103,200598,14.009611262325647,True
lazarus-111,wikidata:Q121095142,unknown,2025,television_episode,other,uploaders,all,full,8,93093,357110,26.06843829632326,True
lazarus-111,wikidata:Q121095142,unknown,2025,television_episode,other,uploaders,all,audit-filtered,8,93093,357110,26.06843829632326,True
lazarus-111,wikidata:Q121095142,unknown,2025,television_episode,other,uploaders,without-hosting,full,8,71528,200598,35.65738442058246,True
lazarus-111,wikidata:Q121095142,unknown,2025,television_episode,other,uploaders,without-hosting,audit-filtered,8,71528,200598,35.65738442058246,True
lazarus-111,wikidata:Q121095142,unknown,2025,television_episode,unclassified,uploaders,all,full,8,47,357110,0.013161210831396488,True
lazarus-111,wikidata:Q121095142,unknown,2025,television_episode,unclassified,uploaders,all,audit-filtered,8,47,357110,0.013161210831396488,True
lazarus-111,wikidata:Q121095142,unknown,2025,television_episode,unclassified,uploaders,without-hosting,full,8,45,200598,0.022432925552597734,True
lazarus-111,wikidata:Q121095142,unknown,2025,television_episode,unclassified,uploaders,without-hosting,audit-filtered,8,45,200598,0.022432925552597734,True
loki-101,wikidata:Q64349029,usa-only,2021,television_episode,asia-28,downloaders,all,full,8,5724426,21346654,26.81650248324632,True
loki-101,wikidata:Q64349029,usa-only,2021,television_episode,asia-28,downloaders,all,audit-filtered,6,4487775,16841920,26.64645717352891,True
loki-101,wikidata:Q64349029,usa-only,2021,television_episode,asia-28,downloaders,without-hosting,full,8,5337141,18453610,28.92193451579393,True
loki-101,wikidata:Q64349029,usa-only,2021,television_episode,asia-28,downloaders,without-hosting,audit-filtered,6,4174248,14555244,28.678653549195054,True
loki-101,wikidata:Q64349029,usa-only,2021,television_episode,eur-27,downloaders,all,full,8,3370533,21346654,15.789514366045376,True
loki-101,wikidata:Q64349029,usa-only,2021,television_episode,eur-27,downloaders,all,audit-filtered,6,2668523,16841920,15.844529602325625,True
loki-101,wikidata:Q64349029,usa-only,2021,television_episode,eur-27,downloaders,without-hosting,full,8,2703096,18453610,14.648060731748423,True
loki-101,wikidata:Q64349029,usa-only,2021,television_episode,eur-27,downloaders,without-hosting,audit-filtered,6,2148900,14555244,14.763751126398155,True
loki-101,wikidata:Q64349029,usa-only,2021,television_episode,usa-can,downloaders,all,full,8,5650761,21346654,26.471413271606874,True
loki-101,wikidata:Q64349029,usa-only,2021,television_episode,usa-can,downloaders,all,audit-filtered,6,4632588,16841920,27.506293819232013,True
loki-101,wikidata:Q64349029,usa-only,2021,television_episode,usa-can,downloaders,without-hosting,full,8,4344917,18453610,23.545078713595878,True
loki-101,wikidata:Q64349029,usa-only,2021,television_episode,usa-can,downloaders,without-hosting,audit-filtered,6,3593308,14555244,24.687377277907537,True
loki-101,wikidata:Q64349029,usa-only,2021,television_episode,other,downloaders,all,full,8,6595426,21346654,30.89676724043028,True
loki-101,wikidata:Q64349029,usa-only,2021,television_episode,other,downloaders,all,audit-filtered,6,5049210,16841920,29.980014155155708,True
loki-101,wikidata:Q64349029,usa-only,2021,television_episode,other,downloaders,without-hosting,full,8,6063132,18453610,32.8560753153448,True
loki-101,wikidata:Q64349029,usa-only,2021,television_episode,other,downloaders,without-hosting,audit-filtered,6,4635086,14555244,31.844783914306074,True
loki-101,wikidata:Q64349029,usa-only,2021,television_episode,unclassified,downloaders,all,full,8,5508,21346654,0.025802638671147245,True
loki-101,wikidata:Q64349029,usa-only,2021,television_episode,unclassified,downloaders,all,audit-filtered,6,3824,16841920,0.022705249757747334,True
loki-101,wikidata:Q64349029,usa-only,2021,television_episode,unclassified,downloaders,without-hosting,full,8,5324,18453610,0.028850723516970392,True
loki-101,wikidata:Q64349029,usa-only,2021,television_episode,unclassified,downloaders,without-hosting,audit-filtered,6,3702,14555244,0.025434132193180685,True
loki-101,wikidata:Q64349029,usa-only,2021,television_episode,asia-28,uploaders,all,full,8,1084991,3996273,27.150072079660223,True
loki-101,wikidata:Q64349029,usa-only,2021,television_episode,asia-28,uploaders,all,audit-filtered,6,843931,3095334,27.264618293211655,True
loki-101,wikidata:Q64349029,usa-only,2021,television_episode,asia-28,uploaders,without-hosting,full,8,1045984,3463584,30.199469682271314,True
loki-101,wikidata:Q64349029,usa-only,2021,television_episode,asia-28,uploaders,without-hosting,audit-filtered,6,813298,2679265,30.355265343293777,True
loki-101,wikidata:Q64349029,usa-only,2021,television_episode,eur-27,uploaders,all,full,8,662186,3996273,16.570089180594017,True
loki-101,wikidata:Q64349029,usa-only,2021,television_episode,eur-27,uploaders,all,audit-filtered,6,523583,3095334,16.915234349508,True
loki-101,wikidata:Q64349029,usa-only,2021,television_episode,eur-27,uploaders,without-hosting,full,8,524603,3463584,15.146247355340595,True
loki-101,wikidata:Q64349029,usa-only,2021,television_episode,eur-27,uploaders,without-hosting,audit-filtered,6,416414,2679265,15.542098299347023,True
loki-101,wikidata:Q64349029,usa-only,2021,television_episode,usa-can,uploaders,all,full,8,486957,3996273,12.18527863336664,True
loki-101,wikidata:Q64349029,usa-only,2021,television_episode,usa-can,uploaders,all,audit-filtered,6,380128,3095334,12.280677949455535,True
loki-101,wikidata:Q64349029,usa-only,2021,television_episode,usa-can,uploaders,without-hosting,full,8,216188,3463584,6.241742657316814,True
loki-101,wikidata:Q64349029,usa-only,2021,television_episode,usa-can,uploaders,without-hosting,audit-filtered,6,166231,2679265,6.204350820094317,True
loki-101,wikidata:Q64349029,usa-only,2021,television_episode,other,uploaders,all,full,8,1761106,3996273,44.06871102149428,True
loki-101,wikidata:Q64349029,usa-only,2021,television_episode,other,uploaders,all,audit-filtered,6,1346936,3095334,43.51504554920406,True
loki-101,wikidata:Q64349029,usa-only,2021,television_episode,other,uploaders,without-hosting,full,8,1675780,3463584,48.38283119450835,True
loki-101,wikidata:Q64349029,usa-only,2021,television_episode,other,uploaders,without-hosting,audit-filtered,6,1282568,2679265,47.870143490845436,True
loki-101,wikidata:Q64349029,usa-only,2021,television_episode,unclassified,uploaders,all,full,8,1033,3996273,0.02584908488484145,True
loki-101,wikidata:Q64349029,usa-only,2021,television_episode,unclassified,uploaders,all,audit-filtered,6,756,3095334,0.024423858620749812,True
loki-101,wikidata:Q64349029,usa-only,2021,television_episode,unclassified,uploaders,without-hosting,full,8,1029,3463584,0.029709110562931344,True
loki-101,wikidata:Q64349029,usa-only,2021,television_episode,unclassified,uploaders,without-hosting,audit-filtered,6,754,2679265,0.028142046419447123,True
loki-106,wikidata:Q64349029,usa-only,2021,television_episode,asia-28,downloaders,all,full,8,5013911,19911342,25.18118065572878,True
loki-106,wikidata:Q64349029,usa-only,2021,television_episode,asia-28,downloaders,all,audit-filtered,6,3452459,14233811,24.2553382224901,True
loki-106,wikidata:Q64349029,usa-only,2021,television_episode,asia-28,downloaders,without-hosting,full,8,4641248,17179123,27.01679241716821,True
loki-106,wikidata:Q64349029,usa-only,2021,television_episode,asia-28,downloaders,without-hosting,audit-filtered,6,3169464,12225613,25.924785939159044,True
loki-106,wikidata:Q64349029,usa-only,2021,television_episode,eur-27,downloaders,all,full,8,3300124,19911342,16.574091289276232,True
loki-106,wikidata:Q64349029,usa-only,2021,television_episode,eur-27,downloaders,all,audit-filtered,6,2350336,14233811,16.5123451477612,True
loki-106,wikidata:Q64349029,usa-only,2021,television_episode,eur-27,downloaders,without-hosting,full,8,2639429,17179123,15.36416614515188,True
loki-106,wikidata:Q64349029,usa-only,2021,television_episode,eur-27,downloaders,without-hosting,audit-filtered,6,1877041,12225613,15.353348744148862,True
loki-106,wikidata:Q64349029,usa-only,2021,television_episode,usa-can,downloaders,all,full,8,5471088,19911342,27.477243874370696,True
loki-106,wikidata:Q64349029,usa-only,2021,television_episode,usa-can,downloaders,all,audit-filtered,6,4299817,14233811,30.208473331562434,True
loki-106,wikidata:Q64349029,usa-only,2021,television_episode,usa-can,downloaders,without-hosting,full,8,4297408,17179123,25.015293271955734,True
loki-106,wikidata:Q64349029,usa-only,2021,television_episode,usa-can,downloaders,without-hosting,audit-filtered,6,3417929,12225613,27.957117569483017,True
loki-106,wikidata:Q64349029,usa-only,2021,television_episode,other,downloaders,all,full,8,6122183,19911342,30.747214326387443,True
loki-106,wikidata:Q64349029,usa-only,2021,television_episode,other,downloaders,all,audit-filtered,6,4128635,14233811,29.00582985119024,True
loki-106,wikidata:Q64349029,usa-only,2021,television_episode,other,downloaders,without-hosting,full,8,5597025,17179123,32.58038841680102,True
loki-106,wikidata:Q64349029,usa-only,2021,television_episode,other,downloaders,without-hosting,audit-filtered,6,3758630,12225613,30.743898076930783,True
loki-106,wikidata:Q64349029,usa-only,2021,television_episode,unclassified,downloaders,all,full,8,4036,19911342,0.02026985423684652,True
loki-106,wikidata:Q64349029,usa-only,2021,television_episode,unclassified,downloaders,all,audit-filtered,6,2564,14233811,0.018013446996029383,True
loki-106,wikidata:Q64349029,usa-only,2021,television_episode,unclassified,downloaders,without-hosting,full,8,4013,17179123,0.023359748923155156,True
loki-106,wikidata:Q64349029,usa-only,2021,television_episode,unclassified,downloaders,without-hosting,audit-filtered,6,2549,12225613,0.020849670278291977,True
loki-106,wikidata:Q64349029,usa-only,2021,television_episode,asia-28,uploaders,all,full,8,886269,3531440,25.096532859116962,True
loki-106,wikidata:Q64349029,usa-only,2021,television_episode,asia-28,uploaders,all,audit-filtered,6,536483,2230097,24.056487229030846,True
loki-106,wikidata:Q64349029,usa-only,2021,television_episode,asia-28,uploaders,without-hosting,full,8,852131,3094773,27.534523533713134,True
loki-106,wikidata:Q64349029,usa-only,2021,television_episode,asia-28,uploaders,without-hosting,audit-filtered,6,514990,1939509,26.55259655923226,True
loki-106,wikidata:Q64349029,usa-only,2021,television_episode,eur-27,uploaders,all,full,8,625527,3531440,17.71308587998097,True
loki-106,wikidata:Q64349029,usa-only,2021,television_episode,eur-27,uploaders,all,audit-filtered,6,398611,2230097,17.874155249749226,True
loki-106,wikidata:Q64349029,usa-only,2021,television_episode,eur-27,uploaders,without-hosting,full,8,484682,3094773,15.66131021564425,True
loki-106,wikidata:Q64349029,usa-only,2021,television_episode,eur-27,uploaders,without-hosting,audit-filtered,6,304934,1939509,15.722226604774713,True
loki-106,wikidata:Q64349029,usa-only,2021,television_episode,usa-can,uploaders,all,full,8,362195,3531440,10.25629771424688,True
loki-106,wikidata:Q64349029,usa-only,2021,television_episode,usa-can,uploaders,all,audit-filtered,6,241398,2230097,10.824551577801325,True
loki-106,wikidata:Q64349029,usa-only,2021,television_episode,usa-can,uploaders,without-hosting,full,8,187033,3094773,6.043512722904071,True
loki-106,wikidata:Q64349029,usa-only,2021,television_episode,usa-can,uploaders,without-hosting,audit-filtered,6,118308,1939509,6.0998943547052376,True
loki-106,wikidata:Q64349029,usa-only,2021,television_episode,other,uploaders,all,full,8,1656555,3531440,46.90876809460163,True
loki-106,wikidata:Q64349029,usa-only,2021,television_episode,other,uploaders,all,audit-filtered,6,1053060,2230097,47.220367544550754,True
loki-106,wikidata:Q64349029,usa-only,2021,television_episode,other,uploaders,without-hosting,full,8,1570035,3094773,50.73183073524294,True
loki-106,wikidata:Q64349029,usa-only,2021,television_episode,other,uploaders,without-hosting,audit-filtered,6,1000734,1939509,51.59728570478405,True
loki-106,wikidata:Q64349029,usa-only,2021,television_episode,unclassified,uploaders,all,full,8,894,3531440,0.025315452053553223,True
loki-106,wikidata:Q64349029,usa-only,2021,television_episode,unclassified,uploaders,all,audit-filtered,6,545,2230097,0.024438398867851936,True
loki-106,wikidata:Q64349029,usa-only,2021,television_episode,unclassified,uploaders,without-hosting,full,8,892,3094773,0.028822792495604686,True
loki-106,wikidata:Q64349029,usa-only,2021,television_episode,unclassified,uploaders,without-hosting,audit-filtered,6,543,1939509,0.02799677650374399,True
loki-201,wikidata:Q64349029,usa-only,2023,television_episode,asia-28,downloaders,all,full,8,2168954,9847693,22.02499610822555,True
loki-201,wikidata:Q64349029,usa-only,2023,television_episode,asia-28,downloaders,all,audit-filtered,8,2168954,9847693,22.02499610822555,True
loki-201,wikidata:Q64349029,usa-only,2023,television_episode,asia-28,downloaders,without-hosting,full,8,2052808,8283349,24.78234347001436,True
loki-201,wikidata:Q64349029,usa-only,2023,television_episode,asia-28,downloaders,without-hosting,audit-filtered,8,2052808,8283349,24.78234347001436,True
loki-201,wikidata:Q64349029,usa-only,2023,television_episode,eur-27,downloaders,all,full,8,2141924,9847693,21.75051557760787,True
loki-201,wikidata:Q64349029,usa-only,2023,television_episode,eur-27,downloaders,all,audit-filtered,8,2141924,9847693,21.75051557760787,True
loki-201,wikidata:Q64349029,usa-only,2023,television_episode,eur-27,downloaders,without-hosting,full,8,1539004,8283349,18.579490010622514,True
loki-201,wikidata:Q64349029,usa-only,2023,television_episode,eur-27,downloaders,without-hosting,audit-filtered,8,1539004,8283349,18.579490010622514,True
loki-201,wikidata:Q64349029,usa-only,2023,television_episode,usa-can,downloaders,all,full,8,1078067,9847693,10.947406666718795,True
loki-201,wikidata:Q64349029,usa-only,2023,television_episode,usa-can,downloaders,all,audit-filtered,8,1078067,9847693,10.947406666718795,True
loki-201,wikidata:Q64349029,usa-only,2023,television_episode,usa-can,downloaders,without-hosting,full,8,516546,8283349,6.235956012477562,True
loki-201,wikidata:Q64349029,usa-only,2023,television_episode,usa-can,downloaders,without-hosting,audit-filtered,8,516546,8283349,6.235956012477562,True
loki-201,wikidata:Q64349029,usa-only,2023,television_episode,other,downloaders,all,full,8,4455706,9847693,45.24619116375785,True
loki-201,wikidata:Q64349029,usa-only,2023,television_episode,other,downloaders,all,audit-filtered,8,4455706,9847693,45.24619116375785,True
loki-201,wikidata:Q64349029,usa-only,2023,television_episode,other,downloaders,without-hosting,full,8,4171991,8283349,50.36599327156202,True
loki-201,wikidata:Q64349029,usa-only,2023,television_episode,other,downloaders,without-hosting,audit-filtered,8,4171991,8283349,50.36599327156202,True
loki-201,wikidata:Q64349029,usa-only,2023,television_episode,unclassified,downloaders,all,full,8,3042,9847693,0.030890483689936313,True
loki-201,wikidata:Q64349029,usa-only,2023,television_episode,unclassified,downloaders,all,audit-filtered,8,3042,9847693,0.030890483689936313,True
loki-201,wikidata:Q64349029,usa-only,2023,television_episode,unclassified,downloaders,without-hosting,full,8,3000,8283349,0.03621723532353883,True
loki-201,wikidata:Q64349029,usa-only,2023,television_episode,unclassified,downloaders,without-hosting,audit-filtered,8,3000,8283349,0.03621723532353883,True
loki-201,wikidata:Q64349029,usa-only,2023,television_episode,asia-28,uploaders,all,full,8,524402,2181854,24.03469709705599,True
loki-201,wikidata:Q64349029,usa-only,2023,television_episode,asia-28,uploaders,all,audit-filtered,8,524402,2181854,24.03469709705599,True
loki-201,wikidata:Q64349029,usa-only,2023,television_episode,asia-28,uploaders,without-hosting,full,8,497302,1744967,28.49922090217179,True
loki-201,wikidata:Q64349029,usa-only,2023,television_episode,asia-28,uploaders,without-hosting,audit-filtered,8,497302,1744967,28.49922090217179,True
loki-201,wikidata:Q64349029,usa-only,2023,television_episode,eur-27,uploaders,all,full,8,462002,2181854,21.17474404795188,True
loki-201,wikidata:Q64349029,usa-only,2023,television_episode,eur-27,uploaders,all,audit-filtered,8,462002,2181854,21.17474404795188,True
loki-201,wikidata:Q64349029,usa-only,2023,television_episode,eur-27,uploaders,without-hosting,full,8,322523,1744967,18.48304294579783,True
loki-201,wikidata:Q64349029,usa-only,2023,television_episode,eur-27,uploaders,without-hosting,audit-filtered,8,322523,1744967,18.48304294579783,True
loki-201,wikidata:Q64349029,usa-only,2023,television_episode,usa-can,uploaders,all,full,8,332670,2181854,15.24712469303629,True
loki-201,wikidata:Q64349029,usa-only,2023,television_episode,usa-can,uploaders,all,audit-filtered,8,332670,2181854,15.24712469303629,True
loki-201,wikidata:Q64349029,usa-only,2023,television_episode,usa-can,uploaders,without-hosting,full,8,132519,1744967,7.59435565257108,True
loki-201,wikidata:Q64349029,usa-only,2023,television_episode,usa-can,uploaders,without-hosting,audit-filtered,8,132519,1744967,7.59435565257108,True
loki-201,wikidata:Q64349029,usa-only,2023,television_episode,other,uploaders,all,full,8,862123,2181854,39.5133221562946,True
loki-201,wikidata:Q64349029,usa-only,2023,television_episode,other,uploaders,all,audit-filtered,8,862123,2181854,39.5133221562946,True
loki-201,wikidata:Q64349029,usa-only,2023,television_episode,other,uploaders,without-hosting,full,8,791972,1744967,45.38607320367663,True
loki-201,wikidata:Q64349029,usa-only,2023,television_episode,other,uploaders,without-hosting,audit-filtered,8,791972,1744967,45.38607320367663,True
loki-201,wikidata:Q64349029,usa-only,2023,television_episode,unclassified,uploaders,all,full,8,657,2181854,0.030112005661240393,True
loki-201,wikidata:Q64349029,usa-only,2023,television_episode,unclassified,uploaders,all,audit-filtered,8,657,2181854,0.030112005661240393,True
loki-201,wikidata:Q64349029,usa-only,2023,television_episode,unclassified,uploaders,without-hosting,full,8,651,1744967,0.03730729578267096,True
loki-201,wikidata:Q64349029,usa-only,2023,television_episode,unclassified,uploaders,without-hosting,audit-filtered,8,651,1744967,0.03730729578267096,True
loki-206,wikidata:Q64349029,usa-only,2023,television_episode,asia-28,downloaders,all,full,8,2081819,10274017,20.26295070370236,True
loki-206,wikidata:Q64349029,usa-only,2023,television_episode,asia-28,downloaders,all,audit-filtered,6,1198892,6879288,17.427559363701594,True
loki-206,wikidata:Q64349029,usa-only,2023,television_episode,asia-28,downloaders,without-hosting,full,8,1968665,8890562,22.14331332484943,True
loki-206,wikidata:Q64349029,usa-only,2023,television_episode,asia-28,downloaders,without-hosting,audit-filtered,6,1126841,6007584,18.75697451754316,True
loki-206,wikidata:Q64349029,usa-only,2023,television_episode,eur-27,downloaders,all,full,8,2317151,10274017,22.55350560545111,True
loki-206,wikidata:Q64349029,usa-only,2023,television_episode,eur-27,downloaders,all,audit-filtered,6,1660783,6879288,24.141786184849362,True
loki-206,wikidata:Q64349029,usa-only,2023,television_episode,eur-27,downloaders,without-hosting,full,8,1785588,8890562,20.084084673162394,True
loki-206,wikidata:Q64349029,usa-only,2023,television_episode,eur-27,downloaders,without-hosting,audit-filtered,6,1313040,6007584,21.856373543840586,True
loki-206,wikidata:Q64349029,usa-only,2023,television_episode,usa-can,downloaders,all,full,8,1002242,10274017,9.755113311570343,True
loki-206,wikidata:Q64349029,usa-only,2023,television_episode,usa-can,downloaders,all,audit-filtered,6,643602,6879288,9.355648433384385,True
loki-206,wikidata:Q64349029,usa-only,2023,television_episode,usa-can,downloaders,without-hosting,full,8,526226,8890562,5.918928409700084,True
loki-206,wikidata:Q64349029,usa-only,2023,television_episode,usa-can,downloaders,without-hosting,audit-filtered,6,350671,6007584,5.837138523572871,True
loki-206,wikidata:Q64349029,usa-only,2023,television_episode,other,downloaders,all,full,8,4869846,10274017,47.39962957040075,True
loki-206,wikidata:Q64349029,usa-only,2023,television_episode,other,downloaders,all,audit-filtered,6,3374148,6879288,49.04792472709385,True
loki-206,wikidata:Q64349029,usa-only,2023,television_episode,other,downloaders,without-hosting,full,8,4607200,8890562,51.821245945981815,True
loki-206,wikidata:Q64349029,usa-only,2023,television_episode,other,downloaders,without-hosting,audit-filtered,6,3215206,6007584,53.519118500881554,True
loki-206,wikidata:Q64349029,usa-only,2023,television_episode,unclassified,downloaders,all,full,8,2959,10274017,0.028800808875437914,True
loki-206,wikidata:Q64349029,usa-only,2023,television_episode,unclassified,downloaders,all,audit-filtered,6,1863,6879288,0.02708129097080977,True
loki-206,wikidata:Q64349029,usa-only,2023,television_episode,unclassified,downloaders,without-hosting,full,8,2883,8890562,0.032427646306274004,True
loki-206,wikidata:Q64349029,usa-only,2023,television_episode,unclassified,downloaders,without-hosting,audit-filtered,6,1826,6007584,0.03039491416183278,True
loki-206,wikidata:Q64349029,usa-only,2023,television_episode,asia-28,uploaders,all,full,8,520304,2015327,25.817348747870692,True
loki-206,wikidata:Q64349029,usa-only,2023,television_episode,asia-28,uploaders,all,audit-filtered,6,246991,1025967,24.073971190106505,True
loki-206,wikidata:Q64349029,usa-only,2023,television_episode,asia-28,uploaders,without-hosting,full,8,494712,1668648,29.647475081622968,True
loki-206,wikidata:Q64349029,usa-only,2023,television_episode,asia-28,uploaders,without-hosting,audit-filtered,6,232502,840596,27.659184673731495,True
loki-206,wikidata:Q64349029,usa-only,2023,television_episode,eur-27,uploaders,all,full,8,338871,2015327,16.814690618445542,True
loki-206,wikidata:Q64349029,usa-only,2023,television_episode,eur-27,uploaders,all,audit-filtered,6,167188,1025967,16.29565083477344,True
loki-206,wikidata:Q64349029,usa-only,2023,television_episode,eur-27,uploaders,without-hosting,full,8,240684,1668648,14.423892876148834,True
loki-206,wikidata:Q64349029,usa-only,2023,television_episode,eur-27,uploaders,without-hosting,audit-filtered,6,118704,840596,14.121409095451323,True
loki-206,wikidata:Q64349029,usa-only,2023,television_episode,usa-can,uploaders,all,full,8,263232,2015327,13.061503170453232,True
loki-206,wikidata:Q64349029,usa-only,2023,television_episode,usa-can,uploaders,all,audit-filtered,6,141616,1025967,13.803173006539197,True
loki-206,wikidata:Q64349029,usa-only,2023,television_episode,usa-can,uploaders,without-hosting,full,8,107445,1668648,6.439045262991356,True
loki-206,wikidata:Q64349029,usa-only,2023,television_episode,usa-can,uploaders,without-hosting,audit-filtered,6,53362,840596,6.348114908945558,True
loki-206,wikidata:Q64349029,usa-only,2023,television_episode,other,uploaders,all,full,8,892549,2015327,44.288048540013605,True
loki-206,wikidata:Q64349029,usa-only,2023,television_episode,other,uploaders,all,audit-filtered,6,470041,1025967,45.8144365267109,True
loki-206,wikidata:Q64349029,usa-only,2023,television_episode,other,uploaders,without-hosting,full,8,825440,1668648,49.46759292553013,True
loki-206,wikidata:Q64349029,usa-only,2023,television_episode,other,uploaders,without-hosting,audit-filtered,6,435897,840596,51.85570714112368,True
loki-206,wikidata:Q64349029,usa-only,2023,television_episode,unclassified,uploaders,all,full,8,371,2015327,0.018408923216927078,True
loki-206,wikidata:Q64349029,usa-only,2023,television_episode,unclassified,uploaders,all,audit-filtered,6,131,1025967,0.012768441869962678,True
loki-206,wikidata:Q64349029,usa-only,2023,television_episode,unclassified,uploaders,without-hosting,full,8,367,1668648,0.02199385370671346,True
loki-206,wikidata:Q64349029,usa-only,2023,television_episode,unclassified,uploaders,without-hosting,audit-filtered,6,131,840596,0.015584180747945505,True
maniac-01,wikidata:Q24144688,unknown,2018,television_season,asia-28,downloaders,all,full,8,4076563,17674997,23.064009572392006,True
maniac-01,wikidata:Q24144688,unknown,2018,television_season,asia-28,downloaders,all,audit-filtered,7,3952065,17075311,23.144907873127465,True
maniac-01,wikidata:Q24144688,unknown,2018,television_season,asia-28,downloaders,without-hosting,full,8,3646632,14739036,24.74131958155201,True
maniac-01,wikidata:Q24144688,unknown,2018,television_season,asia-28,downloaders,without-hosting,audit-filtered,7,3533982,14249916,24.80001987380136,True
maniac-01,wikidata:Q24144688,unknown,2018,television_season,eur-27,downloaders,all,full,8,3009430,17674997,17.026480966305115,True
maniac-01,wikidata:Q24144688,unknown,2018,television_season,eur-27,downloaders,all,audit-filtered,7,2886114,17075311,16.9022631564368,True
maniac-01,wikidata:Q24144688,unknown,2018,television_season,eur-27,downloaders,without-hosting,full,8,2338739,14739036,15.867652402775867,True
maniac-01,wikidata:Q24144688,unknown,2018,television_season,eur-27,downloaders,without-hosting,audit-filtered,7,2252448,14249916,15.806745808185816,True
maniac-01,wikidata:Q24144688,unknown,2018,television_season,usa-can,downloaders,all,full,8,7077290,17674997,40.04125149215018,True
maniac-01,wikidata:Q24144688,unknown,2018,television_season,usa-can,downloaders,all,audit-filtered,7,6881807,17075311,40.30267442859459,True
maniac-01,wikidata:Q24144688,unknown,2018,television_season,usa-can,downloaders,without-hosting,full,8,5725746,14739036,38.84749314677025,True
maniac-01,wikidata:Q24144688,unknown,2018,television_season,usa-can,downloaders,without-hosting,audit-filtered,7,5574570,14249916,39.12002007590782,True
maniac-01,wikidata:Q24144688,unknown,2018,television_season,other,downloaders,all,full,8,3508937,17674997,19.852546509626,True
maniac-01,wikidata:Q24144688,unknown,2018,television_season,other,downloaders,all,audit-filtered,7,3352751,17075311,19.635080145831605,True
maniac-01,wikidata:Q24144688,unknown,2018,television_season,other,downloaders,without-hosting,full,8,3025142,14739036,20.524693745235442,True
maniac-01,wikidata:Q24144688,unknown,2018,television_season,other,downloaders,without-hosting,audit-filtered,7,2886342,14249916,20.25515097773208,True
maniac-01,wikidata:Q24144688,unknown,2018,television_season,unclassified,downloaders,all,full,8,2777,17674997,0.015711459526697516,True
maniac-01,wikidata:Q24144688,unknown,2018,television_season,unclassified,downloaders,all,audit-filtered,7,2574,17075311,0.015074396009536811,True
maniac-01,wikidata:Q24144688,unknown,2018,television_season,unclassified,downloaders,without-hosting,full,8,2777,14739036,0.01884112366643246,True
maniac-01,wikidata:Q24144688,unknown,2018,television_season,unclassified,downloaders,without-hosting,audit-filtered,7,2574,14249916,0.01806326437292683,True
maniac-01,wikidata:Q24144688,unknown,2018,television_season,asia-28,uploaders,all,full,8,167695,1217791,13.770425302863956,True
maniac-01,wikidata:Q24144688,unknown,2018,television_season,asia-28,uploaders,all,audit-filtered,7,153138,1101058,13.908259147111233,True
maniac-01,wikidata:Q24144688,unknown,2018,television_season,asia-28,uploaders,without-hosting,full,8,160047,951913,16.81319616393515,True
maniac-01,wikidata:Q24144688,unknown,2018,television_season,asia-28,uploaders,without-hosting,audit-filtered,7,146189,858028,17.037788976583514,True
maniac-01,wikidata:Q24144688,unknown,2018,television_season,eur-27,uploaders,all,full,8,331423,1217791,27.215096843382813,True
maniac-01,wikidata:Q24144688,unknown,2018,television_season,eur-27,uploaders,all,audit-filtered,7,298186,1101058,27.08177044261065,True
maniac-01,wikidata:Q24144688,unknown,2018,television_season,eur-27,uploaders,without-hosting,full,8,224928,951913,23.629050133783235,True
maniac-01,wikidata:Q24144688,unknown,2018,television_season,eur-27,uploaders,without-hosting,audit-filtered,7,201822,858028,23.52161001738871,True
maniac-01,wikidata:Q24144688,unknown,2018,television_season,usa-can,uploaders,all,full,8,220169,1217791,18.07937486810134,True
maniac-01,wikidata:Q24144688,unknown,2018,television_season,usa-can,uploaders,all,audit-filtered,7,202457,1101058,18.387496389835956,True
maniac-01,wikidata:Q24144688,unknown,2018,television_season,usa-can,uploaders,without-hosting,full,8,100807,951913,10.58993836621624,True
maniac-01,wikidata:Q24144688,unknown,2018,television_season,usa-can,uploaders,without-hosting,audit-filtered,7,92003,858028,10.722610450940994,True
maniac-01,wikidata:Q24144688,unknown,2018,television_season,other,uploaders,all,full,8,497725,1217791,40.871134702095844,True
maniac-01,wikidata:Q24144688,unknown,2018,television_season,other,uploaders,all,audit-filtered,7,446574,1101058,40.55862633939356,True
maniac-01,wikidata:Q24144688,unknown,2018,television_season,other,uploaders,without-hosting,full,8,465352,951913,48.88598012633508,True
maniac-01,wikidata:Q24144688,unknown,2018,television_season,other,uploaders,without-hosting,audit-filtered,7,417311,858028,48.63605849692551,True
maniac-01,wikidata:Q24144688,unknown,2018,television_season,unclassified,uploaders,all,full,8,779,1217791,0.06396828355604534,True
maniac-01,wikidata:Q24144688,unknown,2018,television_season,unclassified,uploaders,all,audit-filtered,7,703,1101058,0.06384768104859144,True
maniac-01,wikidata:Q24144688,unknown,2018,television_season,unclassified,uploaders,without-hosting,full,8,779,951913,0.08183520973030098,True
maniac-01,wikidata:Q24144688,unknown,2018,television_season,unclassified,uploaders,without-hosting,audit-filtered,7,703,858028,0.08193205816127212,True
masters-of-the-air-101,wikidata:Q72638293,unknown,2024,television_episode,asia-28,downloaders,all,full,8,1548840,8775355,17.64988424969702,True
masters-of-the-air-101,wikidata:Q72638293,unknown,2024,television_episode,asia-28,downloaders,all,audit-filtered,5,974968,5565704,17.517424570189146,True
masters-of-the-air-101,wikidata:Q72638293,unknown,2024,television_episode,asia-28,downloaders,without-hosting,full,8,1455890,7075499,20.57649926881482,True
masters-of-the-air-101,wikidata:Q72638293,unknown,2024,television_episode,asia-28,downloaders,without-hosting,audit-filtered,5,917549,4529462,20.257350652240817,True
masters-of-the-air-101,wikidata:Q72638293,unknown,2024,television_episode,eur-27,downloaders,all,full,8,2299900,8775355,26.208626317681734,True
masters-of-the-air-101,wikidata:Q72638293,unknown,2024,television_episode,eur-27,downloaders,all,audit-filtered,5,1452595,5565704,26.099034371932103,True
masters-of-the-air-101,wikidata:Q72638293,unknown,2024,television_episode,eur-27,downloaders,without-hosting,full,8,1616344,7075499,22.844240385024435,True
masters-of-the-air-101,wikidata:Q72638293,unknown,2024,television_episode,eur-27,downloaders,without-hosting,audit-filtered,5,1028414,4529462,22.704992336838238,True
masters-of-the-air-101,wikidata:Q72638293,unknown,2024,television_episode,usa-can,downloaders,all,full,8,1123003,8775355,12.797237262766007,True
masters-of-the-air-101,wikidata:Q72638293,unknown,2024,television_episode,usa-can,downloaders,all,audit-filtered,5,679132,5565704,12.202086205087443,True
masters-of-the-air-101,wikidata:Q72638293,unknown,2024,television_episode,usa-can,downloaders,without-hosting,full,8,551888,7075499,7.799986969116948,True
masters-of-the-air-101,wikidata:Q72638293,unknown,2024,television_episode,usa-can,downloaders,without-hosting,audit-filtered,5,336994,4529462,7.440044755867253,True
masters-of-the-air-101,wikidata:Q72638293,unknown,2024,television_episode,other,downloaders,all,full,8,3801186,8775355,43.316606564634704,True
masters-of-the-air-101,wikidata:Q72638293,unknown,2024,television_episode,other,downloaders,all,audit-filtered,5,2457519,5565704,44.15468375608908,True
masters-of-the-air-101,wikidata:Q72638293,unknown,2024,television_episode,other,downloaders,without-hosting,full,8,3448988,7075499,48.74550897399604,True
masters-of-the-air-101,wikidata:Q72638293,unknown,2024,television_episode,other,downloaders,without-hosting,audit-filtered,5,2245037,4529462,49.5652022249,True
masters-of-the-air-101,wikidata:Q72638293,unknown,2024,television_episode,unclassified,downloaders,all,full,8,2426,8775355,0.02764560522052954,True
masters-of-the-air-101,wikidata:Q72638293,unknown,2024,television_episode,unclassified,downloaders,all,audit-filtered,5,1490,5565704,0.0267710967022321,True
masters-of-the-air-101,wikidata:Q72638293,unknown,2024,television_episode,unclassified,downloaders,without-hosting,full,8,2389,7075499,0.033764403047756776,True
masters-of-the-air-101,wikidata:Q72638293,unknown,2024,television_episode,unclassified,downloaders,without-hosting,audit-filtered,5,1468,4529462,0.032410030153691545,True
masters-of-the-air-101,wikidata:Q72638293,unknown,2024,television_episode,asia-28,uploaders,all,full,8,241710,1526152,15.837871981296752,True
masters-of-the-air-101,wikidata:Q72638293,unknown,2024,television_episode,asia-28,uploaders,all,audit-filtered,5,141417,871660,16.223871693091343,True
masters-of-the-air-101,wikidata:Q72638293,unknown,2024,television_episode,asia-28,uploaders,without-hosting,full,8,225967,1157127,19.528279955441366,True
masters-of-the-air-101,wikidata:Q72638293,unknown,2024,television_episode,asia-28,uploaders,without-hosting,audit-filtered,5,132371,662729,19.973624211404662,True
masters-of-the-air-101,wikidata:Q72638293,unknown,2024,television_episode,eur-27,uploaders,all,full,8,437765,1526152,28.684233287378976,True
masters-of-the-air-101,wikidata:Q72638293,unknown,2024,television_episode,eur-27,uploaders,all,audit-filtered,5,250123,871660,28.695018699951817,True
masters-of-the-air-101,wikidata:Q72638293,unknown,2024,television_episode,eur-27,uploaders,without-hosting,full,8,315487,1157127,27.2646822691027,True
masters-of-the-air-101,wikidata:Q72638293,unknown,2024,television_episode,eur-27,uploaders,without-hosting,audit-filtered,5,180446,662729,27.22772053131823,True
masters-of-the-air-101,wikidata:Q72638293,unknown,2024,television_episode,usa-can,uploaders,all,full,8,273668,1526152,17.931896691810515,True
masters-of-the-air-101,wikidata:Q72638293,unknown,2024,television_episode,usa-can,uploaders,all,audit-filtered,5,152441,871660,17.48858499873804,True
masters-of-the-air-101,wikidata:Q72638293,unknown,2024,television_episode,usa-can,uploaders,without-hosting,full,8,128017,1157127,11.06334913972278,True
masters-of-the-air-101,wikidata:Q72638293,unknown,2024,television_episode,usa-can,uploaders,without-hosting,audit-filtered,5,69918,662729,10.550013655657139,True
masters-of-the-air-101,wikidata:Q72638293,unknown,2024,television_episode,other,uploaders,all,full,8,572553,1526152,37.51611897111166,True
masters-of-the-air-101,wikidata:Q72638293,unknown,2024,television_episode,other,uploaders,all,audit-filtered,5,327392,871660,37.559598926186816,True
masters-of-the-air-101,wikidata:Q72638293,unknown,2024,television_episode,other,uploaders,without-hosting,full,8,487200,1157127,42.10428068829091,True
masters-of-the-air-101,wikidata:Q72638293,unknown,2024,television_episode,other,uploaders,without-hosting,audit-filtered,5,279707,662729,42.20533581599719,True
masters-of-the-air-101,wikidata:Q72638293,unknown,2024,television_episode,unclassified,uploaders,all,full,8,456,1526152,0.029879068402098873,True
masters-of-the-air-101,wikidata:Q72638293,unknown,2024,television_episode,unclassified,uploaders,all,audit-filtered,5,287,871660,0.03292568203198495,True
masters-of-the-air-101,wikidata:Q72638293,unknown,2024,television_episode,unclassified,uploaders,without-hosting,full,8,456,1157127,0.03940794744224273,True
masters-of-the-air-101,wikidata:Q72638293,unknown,2024,television_episode,unclassified,uploaders,without-hosting,audit-filtered,5,287,662729,0.04330578562278096,True
masters-of-the-air-108,wikidata:Q72638293,unknown,2024,television_episode,asia-28,downloaders,all,full,8,1709470,10452092,16.35529040502131,True
masters-of-the-air-108,wikidata:Q72638293,unknown,2024,television_episode,asia-28,downloaders,all,audit-filtered,5,1094368,6925041,15.803054451229963,True
masters-of-the-air-108,wikidata:Q72638293,unknown,2024,television_episode,asia-28,downloaders,without-hosting,full,8,1608881,8690249,18.513635224951553,True
masters-of-the-air-108,wikidata:Q72638293,unknown,2024,television_episode,asia-28,downloaders,without-hosting,audit-filtered,5,1031507,5845065,17.647485528390188,True
masters-of-the-air-108,wikidata:Q72638293,unknown,2024,television_episode,eur-27,downloaders,all,full,8,2830245,10452092,27.078263375408483,True
masters-of-the-air-108,wikidata:Q72638293,unknown,2024,television_episode,eur-27,downloaders,all,audit-filtered,5,1854015,6925041,26.77262127401123,True
masters-of-the-air-108,wikidata:Q72638293,unknown,2024,television_episode,eur-27,downloaders,without-hosting,full,8,2028417,8690249,23.341298966232152,True
masters-of-the-air-108,wikidata:Q72638293,unknown,2024,television_episode,eur-27,downloaders,without-hosting,audit-filtered,5,1345519,5845065,23.019744006268535,True
masters-of-the-air-108,wikidata:Q72638293,unknown,2024,television_episode,usa-can,downloaders,all,full,8,1131161,10452092,10.822340637644597,True
masters-of-the-air-108,wikidata:Q72638293,unknown,2024,television_episode,usa-can,downloaders,all,audit-filtered,5,703587,6925041,10.160040929721571,True
masters-of-the-air-108,wikidata:Q72638293,unknown,2024,television_episode,usa-can,downloaders,without-hosting,full,8,581750,8690249,6.694284594146842,True
masters-of-the-air-108,wikidata:Q72638293,unknown,2024,television_episode,usa-can,downloaders,without-hosting,audit-filtered,5,371321,5845065,6.352726616384933,True
masters-of-the-air-108,wikidata:Q72638293,unknown,2024,television_episode,other,downloaders,all,full,8,4778726,10452092,45.720282599885266,True
masters-of-the-air-108,wikidata:Q72638293,unknown,2024,television_episode,other,downloaders,all,audit-filtered,5,3271374,6925041,47.239778074960135,True
masters-of-the-air-108,wikidata:Q72638293,unknown,2024,television_episode,other,downloaders,without-hosting,full,8,4468788,8690249,51.423014461380795,True
masters-of-the-air-108,wikidata:Q72638293,unknown,2024,television_episode,other,downloaders,without-hosting,audit-filtered,5,3095082,5845065,52.952054425399886,True
masters-of-the-air-108,wikidata:Q72638293,unknown,2024,television_episode,unclassified,downloaders,all,full,8,2490,10452092,0.02382298204034178,True
masters-of-the-air-108,wikidata:Q72638293,unknown,2024,television_episode,unclassified,downloaders,all,audit-filtered,5,1697,6925041,0.02450527007710135,True
masters-of-the-air-108,wikidata:Q72638293,unknown,2024,television_episode,unclassified,downloaders,without-hosting,full,8,2413,8690249,0.027766753288657207,True
masters-of-the-air-108,wikidata:Q72638293,unknown,2024,television_episode,unclassified,downloaders,without-hosting,audit-filtered,5,1636,5845065,0.027989423556453178,True
masters-of-the-air-108,wikidata:Q72638293,unknown,2024,television_episode,asia-28,uploaders,all,full,8,216764,1389559,15.599481562135901,True
masters-of-the-air-108,wikidata:Q72638293,unknown,2024,television_episode,asia-28,uploaders,all,audit-filtered,5,101382,685921,14.780419319425999,True
masters-of-the-air-108,wikidata:Q72638293,unknown,2024,television_episode,asia-28,uploaders,without-hosting,full,8,202638,1003401,20.195116409092677,True
masters-of-the-air-108,wikidata:Q72638293,unknown,2024,television_episode,asia-28,uploaders,without-hosting,audit-filtered,5,94450,475684,19.85561843576828,True
masters-of-the-air-108,wikidata:Q72638293,unknown,2024,television_episode,eur-27,uploaders,all,full,8,359031,1389559,25.837765794759346,True
masters-of-the-air-108,wikidata:Q72638293,unknown,2024,television_episode,eur-27,uploaders,all,audit-filtered,5,166359,685921,24.253376117657865,True
masters-of-the-air-108,wikidata:Q72638293,unknown,2024,television_episode,eur-27,uploaders,without-hosting,full,8,245532,1003401,24.469977606161446,True
masters-of-the-air-108,wikidata:Q72638293,unknown,2024,television_episode,eur-27,uploaders,without-hosting,audit-filtered,5,111327,475684,23.403562028573592,True
masters-of-the-air-108,wikidata:Q72638293,unknown,2024,television_episode,usa-can,uploaders,all,full,8,281642,1389559,20.268444880713954,True
masters-of-the-air-108,wikidata:Q72638293,unknown,2024,television_episode,usa-can,uploaders,all,audit-filtered,5,161918,685921,23.605925463719583,True
masters-of-the-air-108,wikidata:Q72638293,unknown,2024,television_episode,usa-can,uploaders,without-hosting,full,8,97269,1003401,9.6939309408701,True
masters-of-the-air-108,wikidata:Q72638293,unknown,2024,television_episode,usa-can,uploaders,without-hosting,audit-filtered,5,48193,475684,10.131305656696462,True
masters-of-the-air-108,wikidata:Q72638293,unknown,2024,television_episode,other,uploaders,all,full,8,531872,1389559,38.276316442842656,True
masters-of-the-air-108,wikidata:Q72638293,unknown,2024,television_episode,other,uploaders,all,audit-filtered,5,256151,685921,37.344096477582696,True
masters-of-the-air-108,wikidata:Q72638293,unknown,2024,television_episode,other,uploaders,without-hosting,full,8,457713,1003401,45.616159441738645,True
masters-of-the-air-108,wikidata:Q72638293,unknown,2024,television_episode,other,uploaders,without-hosting,audit-filtered,5,221603,475684,46.586179060048266,True
masters-of-the-air-108,wikidata:Q72638293,unknown,2024,television_episode,unclassified,uploaders,all,full,8,250,1389559,0.01799131954814441,True
masters-of-the-air-108,wikidata:Q72638293,unknown,2024,television_episode,unclassified,uploaders,all,audit-filtered,5,111,685921,0.016182621613859322,True
masters-of-the-air-108,wikidata:Q72638293,unknown,2024,television_episode,unclassified,uploaders,without-hosting,full,8,249,1003401,0.024815602137131614,True
masters-of-the-air-108,wikidata:Q72638293,unknown,2024,television_episode,unclassified,uploaders,without-hosting,audit-filtered,5,111,475684,0.02333481891339629,True
matrix-resurrections,wikidata:Q80322391,unknown,2021,film,asia-28,downloaders,all,full,8,8792057,33337975,26.372498629565833,True
matrix-resurrections,wikidata:Q80322391,unknown,2021,film,asia-28,downloaders,all,audit-filtered,7,5949597,24317032,24.466789368044587,True
matrix-resurrections,wikidata:Q80322391,unknown,2021,film,asia-28,downloaders,without-hosting,full,8,8479602,29732101,28.520022853413554,True
matrix-resurrections,wikidata:Q80322391,unknown,2021,film,asia-28,downloaders,without-hosting,audit-filtered,7,5730132,21713497,26.38972432676321,True
matrix-resurrections,wikidata:Q80322391,unknown,2021,film,eur-27,downloaders,all,full,8,5611784,33337975,16.833008003635495,True
matrix-resurrections,wikidata:Q80322391,unknown,2021,film,eur-27,downloaders,all,audit-filtered,7,4151498,24317032,17.07238778153518,True
matrix-resurrections,wikidata:Q80322391,unknown,2021,film,eur-27,downloaders,without-hosting,full,8,4501294,29732101,15.139508640845799,True
matrix-resurrections,wikidata:Q80322391,unknown,2021,film,eur-27,downloaders,without-hosting,audit-filtered,7,3318869,21713497,15.284820312453586,True
matrix-resurrections,wikidata:Q80322391,unknown,2021,film,usa-can,downloaders,all,full,8,3150550,33337975,9.450334040984792,True
matrix-resurrections,wikidata:Q80322391,unknown,2021,film,usa-can,downloaders,all,audit-filtered,7,2152579,24317032,8.852145278255998,True
matrix-resurrections,wikidata:Q80322391,unknown,2021,film,usa-can,downloaders,without-hosting,full,8,1896827,29732101,6.379727419868511,True
matrix-resurrections,wikidata:Q80322391,unknown,2021,film,usa-can,downloaders,without-hosting,audit-filtered,7,1275903,21713497,5.876082512181249,True
matrix-resurrections,wikidata:Q80322391,unknown,2021,film,other,downloaders,all,full,8,15771553,33337975,47.30807135106436,True
matrix-resurrections,wikidata:Q80322391,unknown,2021,film,other,downloaders,all,audit-filtered,7,12055115,24317032,49.5747795207902,True
matrix-resurrections,wikidata:Q80322391,unknown,2021,film,other,downloaders,without-hosting,full,8,14842755,29732101,49.92164865846514,True
matrix-resurrections,wikidata:Q80322391,unknown,2021,film,other,downloaders,without-hosting,audit-filtered,7,11380670,21713497,52.412884023241396,True
matrix-resurrections,wikidata:Q80322391,unknown,2021,film,unclassified,downloaders,all,full,8,12031,33337975,0.03608797474951613,True
matrix-resurrections,wikidata:Q80322391,unknown,2021,film,unclassified,downloaders,all,audit-filtered,7,8243,24317032,0.03389805137403282,True
matrix-resurrections,wikidata:Q80322391,unknown,2021,film,unclassified,downloaders,without-hosting,full,8,11623,29732101,0.0390924274069969,True
matrix-resurrections,wikidata:Q80322391,unknown,2021,film,unclassified,downloaders,without-hosting,audit-filtered,7,7923,21713497,0.036488825360557996,True
matrix-resurrections,wikidata:Q80322391,unknown,2021,film,asia-28,uploaders,all,full,8,2294197,10502613,21.844059187937326,True
matrix-resurrections,wikidata:Q80322391,unknown,2021,film,asia-28,uploaders,all,audit-filtered,7,1714617,8431809,20.3351024673353,True
matrix-resurrections,wikidata:Q80322391,unknown,2021,film,asia-28,uploaders,without-hosting,full,8,2218585,9406563,23.58550088911327,True
matrix-resurrections,wikidata:Q80322391,unknown,2021,film,asia-28,uploaders,without-hosting,audit-filtered,7,1657815,7569268,21.90191971006972,True
matrix-resurrections,wikidata:Q80322391,unknown,2021,film,eur-27,uploaders,all,full,8,1861431,10502613,17.723503665230737,True
matrix-resurrections,wikidata:Q80322391,unknown,2021,film,eur-27,uploaders,all,audit-filtered,7,1526942,8431809,18.109304895307755,True
matrix-resurrections,wikidata:Q80322391,unknown,2021,film,eur-27,uploaders,without-hosting,full,8,1542563,9406563,16.398795181619473,True
matrix-resurrections,wikidata:Q80322391,unknown,2021,film,eur-27,uploaders,without-hosting,audit-filtered,7,1273100,7569268,16.819327839891518,True
matrix-resurrections,wikidata:Q80322391,unknown,2021,film,usa-can,uploaders,all,full,8,902997,10502613,8.597831796715731,True
matrix-resurrections,wikidata:Q80322391,unknown,2021,film,usa-can,uploaders,all,audit-filtered,7,680782,8431809,8.073973212628513,True
matrix-resurrections,wikidata:Q80322391,unknown,2021,film,usa-can,uploaders,without-hosting,full,8,504058,9406563,5.3585778354963445,True
matrix-resurrections,wikidata:Q80322391,unknown,2021,film,usa-can,uploaders,without-hosting,audit-filtered,7,369196,7569268,4.877565439617147,True
matrix-resurrections,wikidata:Q80322391,unknown,2021,film,other,uploaders,all,full,8,5441343,10502613,51.809421141196005,True
matrix-resurrections,wikidata:Q80322391,unknown,2021,film,other,uploaders,all,audit-filtered,7,4507448,8431809,53.45766252532523,True
matrix-resurrections,wikidata:Q80322391,unknown,2021,film,other,uploaders,without-hosting,full,8,5138748,9406563,54.62939013962911,True
matrix-resurrections,wikidata:Q80322391,unknown,2021,film,other,uploaders,without-hosting,audit-filtered,7,4267167,7569268,56.374896489330276,True
matrix-resurrections,wikidata:Q80322391,unknown,2021,film,unclassified,uploaders,all,full,8,2645,10502613,0.02518420892019919,True
matrix-resurrections,wikidata:Q80322391,unknown,2021,film,unclassified,uploaders,all,audit-filtered,7,2020,8431809,0.023956899403200428,True
matrix-resurrections,wikidata:Q80322391,unknown,2021,film,unclassified,uploaders,without-hosting,full,8,2609,9406563,0.027735954141805037,True
matrix-resurrections,wikidata:Q80322391,unknown,2021,film,unclassified,uploaders,without-hosting,audit-filtered,7,1990,7569268,0.026290521091339347,True
moana-2,wikidata:Q124457266,usa-only,2025,film,asia-28,downloaders,all,full,8,4657068,23646975,19.69413846802815,False
moana-2,wikidata:Q124457266,usa-only,2025,film,asia-28,downloaders,all,audit-filtered,6,3253425,17652515,18.43037663471749,False
moana-2,wikidata:Q124457266,usa-only,2025,film,asia-28,downloaders,without-hosting,full,8,4439510,20684427,21.463055273418984,False
moana-2,wikidata:Q124457266,usa-only,2025,film,asia-28,downloaders,without-hosting,audit-filtered,6,3099134,15520286,19.968278935066017,False
moana-2,wikidata:Q124457266,usa-only,2025,film,eur-27,downloaders,all,full,8,5204283,23646975,22.008239954581928,False
moana-2,wikidata:Q124457266,usa-only,2025,film,eur-27,downloaders,all,audit-filtered,6,4020434,17652515,22.775417553815988,False
moana-2,wikidata:Q124457266,usa-only,2025,film,eur-27,downloaders,without-hosting,full,8,3888073,20684427,18.797102767217094,False
moana-2,wikidata:Q124457266,usa-only,2025,film,eur-27,downloaders,without-hosting,audit-filtered,6,3055259,15520286,19.685584402246196,False
moana-2,wikidata:Q124457266,usa-only,2025,film,usa-can,downloaders,all,full,8,1965191,23646975,8.310538662979091,False
moana-2,wikidata:Q124457266,usa-only,2025,film,usa-can,downloaders,all,audit-filtered,6,1398435,17652515,7.922015644796223,False
moana-2,wikidata:Q124457266,usa-only,2025,film,usa-can,downloaders,without-hosting,full,8,1075282,20684427,5.198509970810408,False
moana-2,wikidata:Q124457266,usa-only,2025,film,usa-can,downloaders,without-hosting,audit-filtered,6,771802,15520286,4.972859391895227,False
moana-2,wikidata:Q124457266,usa-only,2025,film,other,downloaders,all,full,8,11815053,23646975,49.964331589981384,False
moana-2,wikidata:Q124457266,usa-only,2025,film,other,downloaders,all,audit-filtered,6,8975885,17652515,50.84762709449617,False
moana-2,wikidata:Q124457266,usa-only,2025,film,other,downloaders,without-hosting,full,8,11276334,20684427,54.51605693500719,False
moana-2,wikidata:Q124457266,usa-only,2025,film,other,downloaders,without-hosting,audit-filtered,6,8589872,15520286,55.34609349338021,False
moana-2,wikidata:Q124457266,usa-only,2025,film,unclassified,downloaders,all,full,8,5380,23646975,0.022751324429446048,False
moana-2,wikidata:Q124457266,usa-only,2025,film,unclassified,downloaders,all,audit-filtered,6,4336,17652515,0.02456307217413496,False
moana-2,wikidata:Q124457266,usa-only,2025,film,unclassified,downloaders,without-hosting,full,8,5228,20684427,0.025275053546322555,False
moana-2,wikidata:Q124457266,usa-only,2025,film,unclassified,downloaders,without-hosting,audit-filtered,6,4219,15520286,0.02718377741234923,False
moana-2,wikidata:Q124457266,usa-only,2025,film,asia-28,uploaders,all,full,8,931584,3651936,25.509318892773585,False
moana-2,wikidata:Q124457266,usa-only,2025,film,asia-28,uploaders,all,audit-filtered,6,640365,2602946,24.60154763103038,False
moana-2,wikidata:Q124457266,usa-only,2025,film,asia-28,uploaders,without-hosting,full,8,896687,3041124,29.48538106305432,False
moana-2,wikidata:Q124457266,usa-only,2025,film,asia-28,uploaders,without-hosting,audit-filtered,6,616014,2171466,28.36857680479455,False
moana-2,wikidata:Q124457266,usa-only,2025,film,eur-27,uploaders,all,full,8,580366,3651936,15.892009060399744,False
moana-2,wikidata:Q124457266,usa-only,2025,film,eur-27,uploaders,all,audit-filtered,6,429833,2602946,16.51332759112175,False
moana-2,wikidata:Q124457266,usa-only,2025,film,eur-27,uploaders,without-hosting,full,8,374100,3041124,12.301372781905638,False
moana-2,wikidata:Q124457266,usa-only,2025,film,eur-27,uploaders,without-hosting,audit-filtered,6,279534,2171466,12.873054424982938,False
moana-2,wikidata:Q124457266,usa-only,2025,film,usa-can,uploaders,all,full,8,440164,3651936,12.05289468380607,False
moana-2,wikidata:Q124457266,usa-only,2025,film,usa-can,uploaders,all,audit-filtered,6,305691,2602946,11.744039253983756,False
moana-2,wikidata:Q124457266,usa-only,2025,film,usa-can,uploaders,without-hosting,full,8,184757,3041124,6.07528663744063,False
moana-2,wikidata:Q124457266,usa-only,2025,film,usa-can,uploaders,without-hosting,audit-filtered,6,127478,2171466,5.870596177881671,False
moana-2,wikidata:Q124457266,usa-only,2025,film,other,uploaders,all,full,8,1699202,3651936,46.52880006659481,False
moana-2,wikidata:Q124457266,usa-only,2025,film,other,uploaders,all,audit-filtered,6,1226584,2602946,47.12291380612583,False
moana-2,wikidata:Q124457266,usa-only,2025,film,other,uploaders,without-hosting,full,8,1584962,3041124,52.117638083813745,False
moana-2,wikidata:Q124457266,usa-only,2025,film,other,uploaders,without-hosting,audit-filtered,6,1147969,2171466,52.86608217674143,False
moana-2,wikidata:Q124457266,usa-only,2025,film,unclassified,uploaders,all,full,8,620,3651936,0.016977296425786215,False
moana-2,wikidata:Q124457266,usa-only,2025,film,unclassified,uploaders,all,audit-filtered,6,473,2602946,0.018171717738285773,False
moana-2,wikidata:Q124457266,usa-only,2025,film,unclassified,uploaders,without-hosting,full,8,618,3041124,0.020321433785666088,False
moana-2,wikidata:Q124457266,usa-only,2025,film,unclassified,uploaders,without-hosting,audit-filtered,6,471,2171466,0.021690415599415327,False
monarch-legacy-of-monsters-101,wikidata:Q113114887,unknown,2023,television_episode,asia-28,downloaders,all,full,8,1749047,9741129,17.955280132313206,True
monarch-legacy-of-monsters-101,wikidata:Q113114887,unknown,2023,television_episode,asia-28,downloaders,all,audit-filtered,7,1407270,8342794,16.868089994790715,True
monarch-legacy-of-monsters-101,wikidata:Q113114887,unknown,2023,television_episode,asia-28,downloaders,without-hosting,full,8,1640626,8096097,20.264406417067384,True
monarch-legacy-of-monsters-101,wikidata:Q113114887,unknown,2023,television_episode,asia-28,downloaders,without-hosting,audit-filtered,7,1315718,6965495,18.889081106224324,True
monarch-legacy-of-monsters-101,wikidata:Q113114887,unknown,2023,television_episode,eur-27,downloaders,all,full,8,2460936,9741129,25.263354997146635,True
monarch-legacy-of-monsters-101,wikidata:Q113114887,unknown,2023,television_episode,eur-27,downloaders,all,audit-filtered,7,2156285,8342794,25.846077465175334,True
monarch-legacy-of-monsters-101,wikidata:Q113114887,unknown,2023,television_episode,eur-27,downloaders,without-hosting,full,8,1917437,8096097,23.68347365403354,True
monarch-legacy-of-monsters-101,wikidata:Q113114887,unknown,2023,television_episode,eur-27,downloaders,without-hosting,audit-filtered,7,1692579,6965495,24.299479075069325,True
monarch-legacy-of-monsters-101,wikidata:Q113114887,unknown,2023,television_episode,usa-can,downloaders,all,full,8,1298571,9741129,13.330805905557764,True
monarch-legacy-of-monsters-101,wikidata:Q113114887,unknown,2023,television_episode,usa-can,downloaders,all,audit-filtered,7,1075488,8342794,12.891220854787976,True
monarch-legacy-of-monsters-101,wikidata:Q113114887,unknown,2023,television_episode,usa-can,downloaders,without-hosting,full,8,641297,8096097,7.921063692789254,True
monarch-legacy-of-monsters-101,wikidata:Q113114887,unknown,2023,television_episode,usa-can,downloaders,without-hosting,audit-filtered,7,531365,6965495,7.628531784173271,True
monarch-legacy-of-monsters-101,wikidata:Q113114887,unknown,2023,television_episode,other,downloaders,all,full,8,4229490,9741129,43.41888912465896,True
monarch-legacy-of-monsters-101,wikidata:Q113114887,unknown,2023,television_episode,other,downloaders,all,audit-filtered,7,3701039,8342794,44.36210458990118,True
monarch-legacy-of-monsters-101,wikidata:Q113114887,unknown,2023,television_episode,other,downloaders,without-hosting,full,8,3893746,8096097,48.09411250878046,True
monarch-legacy-of-monsters-101,wikidata:Q113114887,unknown,2023,television_episode,other,downloaders,without-hosting,audit-filtered,7,3423215,6965495,49.14532276600586,True
monarch-legacy-of-monsters-101,wikidata:Q113114887,unknown,2023,television_episode,unclassified,downloaders,all,full,8,3085,9741129,0.031669840323436844,True
monarch-legacy-of-monsters-101,wikidata:Q113114887,unknown,2023,television_episode,unclassified,downloaders,all,audit-filtered,7,2712,8342794,0.03250709534479696,True
monarch-legacy-of-monsters-101,wikidata:Q113114887,unknown,2023,television_episode,unclassified,downloaders,without-hosting,full,8,2991,8096097,0.03694372732935389,True
monarch-legacy-of-monsters-101,wikidata:Q113114887,unknown,2023,television_episode,unclassified,downloaders,without-hosting,audit-filtered,7,2618,6965495,0.037585268527218815,True
monarch-legacy-of-monsters-101,wikidata:Q113114887,unknown,2023,television_episode,asia-28,uploaders,all,full,8,447759,2140998,20.913564608654468,True
monarch-legacy-of-monsters-101,wikidata:Q113114887,unknown,2023,television_episode,asia-28,uploaders,all,audit-filtered,7,326226,1660636,19.64464217323965,True
monarch-legacy-of-monsters-101,wikidata:Q113114887,unknown,2023,television_episode,asia-28,uploaders,without-hosting,full,8,422118,1693770,24.921801661382595,True
monarch-legacy-of-monsters-101,wikidata:Q113114887,unknown,2023,television_episode,asia-28,uploaders,without-hosting,audit-filtered,7,305640,1304053,23.437697700937,True
monarch-legacy-of-monsters-101,wikidata:Q113114887,unknown,2023,television_episode,eur-27,uploaders,all,full,8,524191,2140998,24.48348854132512,True
monarch-legacy-of-monsters-101,wikidata:Q113114887,unknown,2023,television_episode,eur-27,uploaders,all,audit-filtered,7,416635,1660636,25.088881609214784,True
monarch-legacy-of-monsters-101,wikidata:Q113114887,unknown,2023,television_episode,eur-27,uploaders,without-hosting,full,8,407666,1693770,24.06855712404872,True
monarch-legacy-of-monsters-101,wikidata:Q113114887,unknown,2023,television_episode,eur-27,uploaders,without-hosting,audit-filtered,7,325655,1304053,24.97252795706923,True
monarch-legacy-of-monsters-101,wikidata:Q113114887,unknown,2023,television_episode,usa-can,uploaders,all,full,8,392572,2140998,18.335934923806562,True
monarch-legacy-of-monsters-101,wikidata:Q113114887,unknown,2023,television_episode,usa-can,uploaders,all,audit-filtered,7,308953,1660636,18.604498517435488,True
monarch-legacy-of-monsters-101,wikidata:Q113114887,unknown,2023,television_episode,usa-can,uploaders,without-hosting,full,8,176302,1693770,10.40885126079692,True
monarch-legacy-of-monsters-101,wikidata:Q113114887,unknown,2023,television_episode,usa-can,uploaders,without-hosting,audit-filtered,7,132951,1304053,10.19521445830806,True
monarch-legacy-of-monsters-101,wikidata:Q113114887,unknown,2023,television_episode,other,uploaders,all,full,8,775878,2140998,36.23908102669876,True
monarch-legacy-of-monsters-101,wikidata:Q113114887,unknown,2023,television_episode,other,uploaders,all,audit-filtered,7,608350,1660636,36.633554854886924,True
monarch-legacy-of-monsters-101,wikidata:Q113114887,unknown,2023,television_episode,other,uploaders,without-hosting,full,8,687095,1693770,40.56601545664405,True
monarch-legacy-of-monsters-101,wikidata:Q113114887,unknown,2023,television_episode,other,uploaders,without-hosting,audit-filtered,7,539344,1304053,41.359055191775184,True
monarch-legacy-of-monsters-101,wikidata:Q113114887,unknown,2023,television_episode,unclassified,uploaders,all,full,8,598,2140998,0.027930899515085955,True
monarch-legacy-of-monsters-101,wikidata:Q113114887,unknown,2023,television_episode,unclassified,uploaders,all,audit-filtered,7,472,1660636,0.028422845223155465,True
monarch-legacy-of-monsters-101,wikidata:Q113114887,unknown,2023,television_episode,unclassified,uploaders,without-hosting,full,8,589,1693770,0.03477449712770919,True
monarch-legacy-of-monsters-101,wikidata:Q113114887,unknown,2023,television_episode,unclassified,uploaders,without-hosting,audit-filtered,7,463,1304053,0.03550469191052818,True
monarch-legacy-of-monsters-110,wikidata:Q113114887,unknown,2024,television_episode,asia-28,downloaders,all,full,8,992556,5988444,16.574522530393537,True
monarch-legacy-of-monsters-110,wikidata:Q113114887,unknown,2024,television_episode,asia-28,downloaders,all,audit-filtered,6,735368,4483991,16.399854504614304,True
monarch-legacy-of-monsters-110,wikidata:Q113114887,unknown,2024,television_episode,asia-28,downloaders,without-hosting,full,8,932087,5075792,18.36338053253561,True
monarch-legacy-of-monsters-110,wikidata:Q113114887,unknown,2024,television_episode,asia-28,downloaders,without-hosting,audit-filtered,6,691133,3840678,17.995077952382367,True
monarch-legacy-of-monsters-110,wikidata:Q113114887,unknown,2024,television_episode,eur-27,downloaders,all,full,8,1548394,5988444,25.856366027635893,True
monarch-legacy-of-monsters-110,wikidata:Q113114887,unknown,2024,television_episode,eur-27,downloaders,all,audit-filtered,6,1165313,4483991,25.988299262866494,True
monarch-legacy-of-monsters-110,wikidata:Q113114887,unknown,2024,television_episode,eur-27,downloaders,without-hosting,full,8,1154490,5075792,22.74502186062786,True
monarch-legacy-of-monsters-110,wikidata:Q113114887,unknown,2024,television_episode,eur-27,downloaders,without-hosting,audit-filtered,6,869462,3840678,22.638242518638638,True
monarch-legacy-of-monsters-110,wikidata:Q113114887,unknown,2024,television_episode,usa-can,downloaders,all,full,8,643713,5988444,10.74925306139625,True
monarch-legacy-of-monsters-110,wikidata:Q113114887,unknown,2024,television_episode,usa-can,downloaders,all,audit-filtered,6,447365,4483991,9.976937955495451,True
monarch-legacy-of-monsters-110,wikidata:Q113114887,unknown,2024,television_episode,usa-can,downloaders,without-hosting,full,8,342842,5075792,6.754453295170488,True
monarch-legacy-of-monsters-110,wikidata:Q113114887,unknown,2024,television_episode,usa-can,downloaders,without-hosting,audit-filtered,6,248443,3840678,6.4687276569397385,True
monarch-legacy-of-monsters-110,wikidata:Q113114887,unknown,2024,television_episode,other,downloaders,all,full,8,2801857,5988444,46.78772983432758,True
monarch-legacy-of-monsters-110,wikidata:Q113114887,unknown,2024,television_episode,other,downloaders,all,audit-filtered,6,2134573,4483991,47.604310534967624,True
monarch-legacy-of-monsters-110,wikidata:Q113114887,unknown,2024,television_episode,other,downloaders,without-hosting,full,8,2644490,5075792,52.10004665281792,True
monarch-legacy-of-monsters-110,wikidata:Q113114887,unknown,2024,television_episode,other,downloaders,without-hosting,audit-filtered,6,2030296,3840678,52.862958050635854,True
monarch-legacy-of-monsters-110,wikidata:Q113114887,unknown,2024,television_episode,unclassified,downloaders,all,full,8,1924,5988444,0.03212854624673788,True
monarch-legacy-of-monsters-110,wikidata:Q113114887,unknown,2024,television_episode,unclassified,downloaders,all,audit-filtered,6,1372,4483991,0.030597742056128124,True
monarch-legacy-of-monsters-110,wikidata:Q113114887,unknown,2024,television_episode,unclassified,downloaders,without-hosting,full,8,1883,5075792,0.03709765884811671,True
monarch-legacy-of-monsters-110,wikidata:Q113114887,unknown,2024,television_episode,unclassified,downloaders,without-hosting,audit-filtered,6,1344,3840678,0.03499382140340846,True
monarch-legacy-of-monsters-110,wikidata:Q113114887,unknown,2024,television_episode,asia-28,uploaders,all,full,8,109669,645507,16.989591127594277,True
monarch-legacy-of-monsters-110,wikidata:Q113114887,unknown,2024,television_episode,asia-28,uploaders,all,audit-filtered,6,44822,294917,15.1981744016113,True
monarch-legacy-of-monsters-110,wikidata:Q113114887,unknown,2024,television_episode,asia-28,uploaders,without-hosting,full,8,102321,508402,20.126002651445116,True
monarch-legacy-of-monsters-110,wikidata:Q113114887,unknown,2024,television_episode,asia-28,uploaders,without-hosting,audit-filtered,6,41176,230781,17.842023390140437,True
monarch-legacy-of-monsters-110,wikidata:Q113114887,unknown,2024,television_episode,eur-27,uploaders,all,full,8,154885,645507,23.994317644889986,True
monarch-legacy-of-monsters-110,wikidata:Q113114887,unknown,2024,television_episode,eur-27,uploaders,all,audit-filtered,6,70277,294917,23.82941641207526,True
monarch-legacy-of-monsters-110,wikidata:Q113114887,unknown,2024,television_episode,eur-27,uploaders,without-hosting,full,8,111939,508402,22.017812675795927,True
monarch-legacy-of-monsters-110,wikidata:Q113114887,unknown,2024,television_episode,eur-27,uploaders,without-hosting,audit-filtered,6,49804,230781,21.58063272106456,True
monarch-legacy-of-monsters-110,wikidata:Q113114887,unknown,2024,television_episode,usa-can,uploaders,all,full,8,111827,645507,17.323901987120202,True
monarch-legacy-of-monsters-110,wikidata:Q113114887,unknown,2024,television_episode,usa-can,uploaders,all,audit-filtered,6,52006,294917,17.634114004957326,True
monarch-legacy-of-monsters-110,wikidata:Q113114887,unknown,2024,television_episode,usa-can,uploaders,without-hosting,full,8,52252,508402,10.27769363613833,True
monarch-legacy-of-monsters-110,wikidata:Q113114887,unknown,2024,television_episode,usa-can,uploaders,without-hosting,audit-filtered,6,23793,230781,10.309774201515722,True
monarch-legacy-of-monsters-110,wikidata:Q113114887,unknown,2024,television_episode,other,uploaders,all,full,8,268990,645507,41.671120530063966,True
monarch-legacy-of-monsters-110,wikidata:Q113114887,unknown,2024,television_episode,other,uploaders,all,audit-filtered,6,127771,294917,43.32439296480027,True
monarch-legacy-of-monsters-110,wikidata:Q113114887,unknown,2024,television_episode,other,uploaders,without-hosting,full,8,241754,508402,47.55174055176809,True
monarch-legacy-of-monsters-110,wikidata:Q113114887,unknown,2024,television_episode,other,uploaders,without-hosting,audit-filtered,6,115967,230781,50.24980392666641,True
monarch-legacy-of-monsters-110,wikidata:Q113114887,unknown,2024,television_episode,unclassified,uploaders,all,full,8,136,645507,0.02106871033156883,True
monarch-legacy-of-monsters-110,wikidata:Q113114887,unknown,2024,television_episode,unclassified,uploaders,all,audit-filtered,6,41,294917,0.013902216555844525,True
monarch-legacy-of-monsters-110,wikidata:Q113114887,unknown,2024,television_episode,unclassified,uploaders,without-hosting,full,8,136,508402,0.02675048485253795,True
monarch-legacy-of-monsters-110,wikidata:Q113114887,unknown,2024,television_episode,unclassified,uploaders,without-hosting,audit-filtered,6,41,230781,0.01776576061287541,True
monarch-legacy-of-monsters-201,wikidata:Q113114887,unknown,2026,television_episode,asia-28,downloaders,all,full,8,6239273,21672761,28.788547061447318,True
monarch-legacy-of-monsters-201,wikidata:Q113114887,unknown,2026,television_episode,asia-28,downloaders,all,audit-filtered,6,4957873,17403196,28.488290311733547,True
monarch-legacy-of-monsters-201,wikidata:Q113114887,unknown,2026,television_episode,asia-28,downloaders,without-hosting,full,8,5922581,17807755,33.258437124724594,True
monarch-legacy-of-monsters-201,wikidata:Q113114887,unknown,2026,television_episode,asia-28,downloaders,without-hosting,audit-filtered,6,4706450,14330212,32.84284977779812,True
monarch-legacy-of-monsters-201,wikidata:Q113114887,unknown,2026,television_episode,eur-27,downloaders,all,full,8,5236342,21672761,24.16093639384479,True
monarch-legacy-of-monsters-201,wikidata:Q113114887,unknown,2026,television_episode,eur-27,downloaders,all,audit-filtered,6,4237465,17403196,24.34877478826303,True
monarch-legacy-of-monsters-201,wikidata:Q113114887,unknown,2026,television_episode,eur-27,downloaders,without-hosting,full,8,3384648,17807755,19.00659572192003,True
monarch-legacy-of-monsters-201,wikidata:Q113114887,unknown,2026,television_episode,eur-27,downloaders,without-hosting,audit-filtered,6,2757561,14330212,19.242988170726296,True
monarch-legacy-of-monsters-201,wikidata:Q113114887,unknown,2026,television_episode,usa-can,downloaders,all,full,8,2224093,21672761,10.262158107128114,True
monarch-legacy-of-monsters-201,wikidata:Q113114887,unknown,2026,television_episode,usa-can,downloaders,all,audit-filtered,6,1768431,17403196,10.161530100563137,True
monarch-legacy-of-monsters-201,wikidata:Q113114887,unknown,2026,television_episode,usa-can,downloaders,without-hosting,full,8,1109099,17807755,6.22817980144044,True
monarch-legacy-of-monsters-201,wikidata:Q113114887,unknown,2026,television_episode,usa-can,downloaders,without-hosting,audit-filtered,6,888036,14330212,6.196949493838612,True
monarch-legacy-of-monsters-201,wikidata:Q113114887,unknown,2026,television_episode,other,downloaders,all,full,8,7969398,21672761,36.77149395040161,True
monarch-legacy-of-monsters-201,wikidata:Q113114887,unknown,2026,television_episode,other,downloaders,all,audit-filtered,6,6436456,17403196,36.98433322247247,True
monarch-legacy-of-monsters-201,wikidata:Q113114887,unknown,2026,television_episode,other,downloaders,without-hosting,full,8,7387862,17807755,41.48676798394857,True
monarch-legacy-of-monsters-201,wikidata:Q113114887,unknown,2026,television_episode,other,downloaders,without-hosting,audit-filtered,6,5975264,14330212,41.69696861428149,True
monarch-legacy-of-monsters-201,wikidata:Q113114887,unknown,2026,television_episode,unclassified,downloaders,all,full,8,3655,21672761,0.016864487178168023,True
monarch-legacy-of-monsters-201,wikidata:Q113114887,unknown,2026,television_episode,unclassified,downloaders,all,audit-filtered,6,2971,17403196,0.017071576967816717,True
monarch-legacy-of-monsters-201,wikidata:Q113114887,unknown,2026,television_episode,unclassified,downloaders,without-hosting,full,8,3565,17807755,0.020019367966371954,True
monarch-legacy-of-monsters-201,wikidata:Q113114887,unknown,2026,television_episode,unclassified,downloaders,without-hosting,audit-filtered,6,2901,14330212,0.020243943355478623,True
monarch-legacy-of-monsters-201,wikidata:Q113114887,unknown,2026,television_episode,asia-28,uploaders,all,full,8,302638,1587878,19.05927281566972,True
monarch-legacy-of-monsters-201,wikidata:Q113114887,unknown,2026,television_episode,asia-28,uploaders,all,audit-filtered,6,244449,1251369,19.534525787357687,True
monarch-legacy-of-monsters-201,wikidata:Q113114887,unknown,2026,television_episode,asia-28,uploaders,without-hosting,full,8,282209,1082401,26.07249993301928,True
monarch-legacy-of-monsters-201,wikidata:Q113114887,unknown,2026,television_episode,asia-28,uploaders,without-hosting,audit-filtered,6,228325,853851,26.740613994713364,True
monarch-legacy-of-monsters-201,wikidata:Q113114887,unknown,2026,television_episode,eur-27,uploaders,all,full,8,399123,1587878,25.135621250499092,True
monarch-legacy-of-monsters-201,wikidata:Q113114887,unknown,2026,television_episode,eur-27,uploaders,all,audit-filtered,6,314741,1251369,25.15173382111911,True
monarch-legacy-of-monsters-201,wikidata:Q113114887,unknown,2026,television_episode,eur-27,uploaders,without-hosting,full,8,229166,1082401,21.172005569100545,True
monarch-legacy-of-monsters-201,wikidata:Q113114887,unknown,2026,television_episode,eur-27,uploaders,without-hosting,audit-filtered,6,180316,853851,21.117970231340127,True
monarch-legacy-of-monsters-201,wikidata:Q113114887,unknown,2026,television_episode,usa-can,uploaders,all,full,8,336463,1587878,21.189474254319286,True
monarch-legacy-of-monsters-201,wikidata:Q113114887,unknown,2026,television_episode,usa-can,uploaders,all,audit-filtered,6,263035,1251369,21.019779137888186,True
monarch-legacy-of-monsters-201,wikidata:Q113114887,unknown,2026,television_episode,usa-can,uploaders,without-hosting,full,8,108156,1082401,9.992230236298747,True
monarch-legacy-of-monsters-201,wikidata:Q113114887,unknown,2026,television_episode,usa-can,uploaders,without-hosting,audit-filtered,6,83891,853851,9.825016308465997,True
monarch-legacy-of-monsters-201,wikidata:Q113114887,unknown,2026,television_episode,other,uploaders,all,full,8,549342,1587878,34.595982814800635,True
monarch-legacy-of-monsters-201,wikidata:Q113114887,unknown,2026,television_episode,other,uploaders,all,audit-filtered,6,428924,1251369,34.27638050806756,True
monarch-legacy-of-monsters-201,wikidata:Q113114887,unknown,2026,television_episode,other,uploaders,without-hosting,full,8,462569,1082401,42.73545571373271,True
monarch-legacy-of-monsters-201,wikidata:Q113114887,unknown,2026,television_episode,other,uploaders,without-hosting,audit-filtered,6,361110,853851,42.29192212692847,True
monarch-legacy-of-monsters-201,wikidata:Q113114887,unknown,2026,television_episode,unclassified,uploaders,all,full,8,312,1587878,0.01964886471126875,True
monarch-legacy-of-monsters-201,wikidata:Q113114887,unknown,2026,television_episode,unclassified,uploaders,all,audit-filtered,6,220,1251369,0.017580745567454523,True
monarch-legacy-of-monsters-201,wikidata:Q113114887,unknown,2026,television_episode,unclassified,uploaders,without-hosting,full,8,301,1082401,0.027808547848717804,True
monarch-legacy-of-monsters-201,wikidata:Q113114887,unknown,2026,television_episode,unclassified,uploaders,without-hosting,audit-filtered,6,209,853851,0.02447733855204245,True
monarch-legacy-of-monsters-208,wikidata:Q113114887,unknown,2026,television_episode,asia-28,downloaders,all,full,8,6367384,23117183,27.5439442599905,True
monarch-legacy-of-monsters-208,wikidata:Q113114887,unknown,2026,television_episode,asia-28,downloaders,all,audit-filtered,8,6367384,23117183,27.5439442599905,True
monarch-legacy-of-monsters-208,wikidata:Q113114887,unknown,2026,television_episode,asia-28,downloaders,without-hosting,full,8,6056207,19228062,31.49671038090058,True
monarch-legacy-of-monsters-208,wikidata:Q113114887,unknown,2026,television_episode,asia-28,downloaders,without-hosting,audit-filtered,8,6056207,19228062,31.49671038090058,True
monarch-legacy-of-monsters-208,wikidata:Q113114887,unknown,2026,television_episode,eur-27,downloaders,all,full,8,6289196,23117183,27.205719658835594,True
monarch-legacy-of-monsters-208,wikidata:Q113114887,unknown,2026,television_episode,eur-27,downloaders,all,audit-filtered,8,6289196,23117183,27.205719658835594,True
monarch-legacy-of-monsters-208,wikidata:Q113114887,unknown,2026,television_episode,eur-27,downloaders,without-hosting,full,8,4309971,19228062,22.4150046947009,True
monarch-legacy-of-monsters-208,wikidata:Q113114887,unknown,2026,television_episode,eur-27,downloaders,without-hosting,audit-filtered,8,4309971,19228062,22.4150046947009,True
monarch-legacy-of-monsters-208,wikidata:Q113114887,unknown,2026,television_episode,usa-can,downloaders,all,full,8,2204993,23117183,9.538329129461838,True
monarch-legacy-of-monsters-208,wikidata:Q113114887,unknown,2026,television_episode,usa-can,downloaders,all,audit-filtered,8,2204993,23117183,9.538329129461838,True
monarch-legacy-of-monsters-208,wikidata:Q113114887,unknown,2026,television_episode,usa-can,downloaders,without-hosting,full,8,1124037,19228062,5.845815350501782,True
monarch-legacy-of-monsters-208,wikidata:Q113114887,unknown,2026,television_episode,usa-can,downloaders,without-hosting,audit-filtered,8,1124037,19228062,5.845815350501782,True
monarch-legacy-of-monsters-208,wikidata:Q113114887,unknown,2026,television_episode,other,downloaders,all,full,8,8250885,23117183,35.69156761011928,True
monarch-legacy-of-monsters-208,wikidata:Q113114887,unknown,2026,television_episode,other,downloaders,all,audit-filtered,8,8250885,23117183,35.69156761011928,True
monarch-legacy-of-monsters-208,wikidata:Q113114887,unknown,2026,television_episode,other,downloaders,without-hosting,full,8,7733180,19228062,40.21819775700744,True
monarch-legacy-of-monsters-208,wikidata:Q113114887,unknown,2026,television_episode,other,downloaders,without-hosting,audit-filtered,8,7733180,19228062,40.21819775700744,True
monarch-legacy-of-monsters-208,wikidata:Q113114887,unknown,2026,television_episode,unclassified,downloaders,all,full,8,4725,23117183,0.02043934159278836,True
monarch-legacy-of-monsters-208,wikidata:Q113114887,unknown,2026,television_episode,unclassified,downloaders,all,audit-filtered,8,4725,23117183,0.02043934159278836,True
monarch-legacy-of-monsters-208,wikidata:Q113114887,unknown,2026,television_episode,unclassified,downloaders,without-hosting,full,8,4667,19228062,0.024271816889294407,True
monarch-legacy-of-monsters-208,wikidata:Q113114887,unknown,2026,television_episode,unclassified,downloaders,without-hosting,audit-filtered,8,4667,19228062,0.024271816889294407,True
monarch-legacy-of-monsters-208,wikidata:Q113114887,unknown,2026,television_episode,asia-28,uploaders,all,full,8,319565,1431347,22.3261724794896,True
monarch-legacy-of-monsters-208,wikidata:Q113114887,unknown,2026,television_episode,asia-28,uploaders,all,audit-filtered,8,319565,1431347,22.3261724794896,True
monarch-legacy-of-monsters-208,wikidata:Q113114887,unknown,2026,television_episode,asia-28,uploaders,without-hosting,full,8,301331,924429,32.59644602235542,True
monarch-legacy-of-monsters-208,wikidata:Q113114887,unknown,2026,television_episode,asia-28,uploaders,without-hosting,audit-filtered,8,301331,924429,32.59644602235542,True
monarch-legacy-of-monsters-208,wikidata:Q113114887,unknown,2026,television_episode,eur-27,uploaders,all,full,8,349082,1431347,24.388355863393013,True
monarch-legacy-of-monsters-208,wikidata:Q113114887,unknown,2026,television_episode,eur-27,uploaders,all,audit-filtered,8,349082,1431347,24.388355863393013,True
monarch-legacy-of-monsters-208,wikidata:Q113114887,unknown,2026,television_episode,eur-27,uploaders,without-hosting,full,8,191197,924429,20.682713328984704,True
monarch-legacy-of-monsters-208,wikidata:Q113114887,unknown,2026,television_episode,eur-27,uploaders,without-hosting,audit-filtered,8,191197,924429,20.682713328984704,True
monarch-legacy-of-monsters-208,wikidata:Q113114887,unknown,2026,television_episode,usa-can,uploaders,all,full,8,341967,1431347,23.89127164831449,True
monarch-legacy-of-monsters-208,wikidata:Q113114887,unknown,2026,television_episode,usa-can,uploaders,all,audit-filtered,8,341967,1431347,23.89127164831449,True
monarch-legacy-of-monsters-208,wikidata:Q113114887,unknown,2026,television_episode,usa-can,uploaders,without-hosting,full,8,87386,924429,9.452970428231914,True
monarch-legacy-of-monsters-208,wikidata:Q113114887,unknown,2026,television_episode,usa-can,uploaders,without-hosting,audit-filtered,8,87386,924429,9.452970428231914,True
monarch-legacy-of-monsters-208,wikidata:Q113114887,unknown,2026,television_episode,other,uploaders,all,full,8,420363,1431347,29.3683502323336,True
monarch-legacy-of-monsters-208,wikidata:Q113114887,unknown,2026,television_episode,other,uploaders,all,audit-filtered,8,420363,1431347,29.3683502323336,True
monarch-legacy-of-monsters-208,wikidata:Q113114887,unknown,2026,television_episode,other,uploaders,without-hosting,full,8,344145,924429,37.227845513284414,True
monarch-legacy-of-monsters-208,wikidata:Q113114887,unknown,2026,television_episode,other,uploaders,without-hosting,audit-filtered,8,344145,924429,37.227845513284414,True
monarch-legacy-of-monsters-208,wikidata:Q113114887,unknown,2026,television_episode,unclassified,uploaders,all,full,8,370,1431347,0.0258497764692978,True
monarch-legacy-of-monsters-208,wikidata:Q113114887,unknown,2026,television_episode,unclassified,uploaders,all,audit-filtered,8,370,1431347,0.0258497764692978,True
monarch-legacy-of-monsters-208,wikidata:Q113114887,unknown,2026,television_episode,unclassified,uploaders,without-hosting,full,8,370,924429,0.04002470714354483,True
monarch-legacy-of-monsters-208,wikidata:Q113114887,unknown,2026,television_episode,unclassified,uploaders,without-hosting,audit-filtered,8,370,924429,0.04002470714354483,True
mr-and-mrs-smith-2024-01,wikidata:Q116265663,unknown,2024,television_season,asia-28,downloaders,all,full,8,1719111,9645939,17.822121827641663,True
mr-and-mrs-smith-2024-01,wikidata:Q116265663,unknown,2024,television_season,asia-28,downloaders,all,audit-filtered,5,1251800,6666233,18.77822152331009,True
mr-and-mrs-smith-2024-01,wikidata:Q116265663,unknown,2024,television_season,asia-28,downloaders,without-hosting,full,8,1614628,8095398,19.945010733258574,True
mr-and-mrs-smith-2024-01,wikidata:Q116265663,unknown,2024,television_season,asia-28,downloaders,without-hosting,audit-filtered,5,1178671,5640047,20.89824783375032,True
mr-and-mrs-smith-2024-01,wikidata:Q116265663,unknown,2024,television_season,eur-27,downloaders,all,full,8,2376815,9645939,24.640576723531012,True
mr-and-mrs-smith-2024-01,wikidata:Q116265663,unknown,2024,television_season,eur-27,downloaders,all,audit-filtered,5,1645061,6666233,24.677520272693737,True
mr-and-mrs-smith-2024-01,wikidata:Q116265663,unknown,2024,television_season,eur-27,downloaders,without-hosting,full,8,1650307,8095398,20.38574261574292,True
mr-and-mrs-smith-2024-01,wikidata:Q116265663,unknown,2024,television_season,eur-27,downloaders,without-hosting,audit-filtered,5,1133371,5640047,20.095063037595253,True
mr-and-mrs-smith-2024-01,wikidata:Q116265663,unknown,2024,television_season,usa-can,downloaders,all,full,8,1035772,9645939,10.737907424046535,True
mr-and-mrs-smith-2024-01,wikidata:Q116265663,unknown,2024,television_season,usa-can,downloaders,all,audit-filtered,5,666336,6666233,9.995690219648788,True
mr-and-mrs-smith-2024-01,wikidata:Q116265663,unknown,2024,television_season,usa-can,downloaders,without-hosting,full,8,584633,8095398,7.221794407143417,True
mr-and-mrs-smith-2024-01,wikidata:Q116265663,unknown,2024,television_season,usa-can,downloaders,without-hosting,audit-filtered,5,392735,5640047,6.963328497085219,True
mr-and-mrs-smith-2024-01,wikidata:Q116265663,unknown,2024,television_season,other,downloaders,all,full,8,4511334,9645939,46.76925698991047,True
mr-and-mrs-smith-2024-01,wikidata:Q116265663,unknown,2024,television_season,other,downloaders,all,audit-filtered,5,3101223,6666233,46.52137121519755,True
mr-and-mrs-smith-2024-01,wikidata:Q116265663,unknown,2024,television_season,other,downloaders,without-hosting,full,8,4242978,8095398,52.41222235151378,True
mr-and-mrs-smith-2024-01,wikidata:Q116265663,unknown,2024,television_season,other,downloaders,without-hosting,audit-filtered,5,2933498,5640047,52.01194245367104,True
mr-and-mrs-smith-2024-01,wikidata:Q116265663,unknown,2024,television_season,unclassified,downloaders,all,full,8,2907,9645939,0.030137034870322113,True
mr-and-mrs-smith-2024-01,wikidata:Q116265663,unknown,2024,television_season,unclassified,downloaders,all,audit-filtered,5,1813,6666233,0.027196769149833197,True
mr-and-mrs-smith-2024-01,wikidata:Q116265663,unknown,2024,television_season,unclassified,downloaders,without-hosting,full,8,2852,8095398,0.03522989234130305,True
mr-and-mrs-smith-2024-01,wikidata:Q116265663,unknown,2024,television_season,unclassified,downloaders,without-hosting,audit-filtered,5,1772,5640047,0.031418177898162904,True
mr-and-mrs-smith-2024-01,wikidata:Q116265663,unknown,2024,television_season,asia-28,uploaders,all,full,8,135025,1079427,12.508951508531842,True
mr-and-mrs-smith-2024-01,wikidata:Q116265663,unknown,2024,television_season,asia-28,uploaders,all,audit-filtered,5,59818,516004,11.59254579421865,True
mr-and-mrs-smith-2024-01,wikidata:Q116265663,unknown,2024,television_season,asia-28,uploaders,without-hosting,full,8,121935,828988,14.708898078138645,True
mr-and-mrs-smith-2024-01,wikidata:Q116265663,unknown,2024,television_season,asia-28,uploaders,without-hosting,audit-filtered,5,52789,391165,13.49532805849194,True
mr-and-mrs-smith-2024-01,wikidata:Q116265663,unknown,2024,television_season,eur-27,uploaders,all,full,8,238599,1079427,22.104227520712378,True
mr-and-mrs-smith-2024-01,wikidata:Q116265663,unknown,2024,television_season,eur-27,uploaders,all,audit-filtered,5,115182,516004,22.321919985116395,True
mr-and-mrs-smith-2024-01,wikidata:Q116265663,unknown,2024,television_season,eur-27,uploaders,without-hosting,full,8,155362,828988,18.741163925171413,True
mr-and-mrs-smith-2024-01,wikidata:Q116265663,unknown,2024,television_season,eur-27,uploaders,without-hosting,audit-filtered,5,74176,391165,18.962841767540553,True
mr-and-mrs-smith-2024-01,wikidata:Q116265663,unknown,2024,television_season,usa-can,uploaders,all,full,8,192623,1079427,17.84493069007909,True
mr-and-mrs-smith-2024-01,wikidata:Q116265663,unknown,2024,television_season,usa-can,uploaders,all,audit-filtered,5,95421,516004,18.49229850931388,True
mr-and-mrs-smith-2024-01,wikidata:Q116265663,unknown,2024,television_season,usa-can,uploaders,without-hosting,full,8,88595,828988,10.687126954793072,True
mr-and-mrs-smith-2024-01,wikidata:Q116265663,unknown,2024,television_season,usa-can,uploaders,without-hosting,audit-filtered,5,41405,391165,10.58504723070827,True
mr-and-mrs-smith-2024-01,wikidata:Q116265663,unknown,2024,television_season,other,uploaders,all,full,8,512711,1079427,47.49844130265409,True
mr-and-mrs-smith-2024-01,wikidata:Q116265663,unknown,2024,television_season,other,uploaders,all,audit-filtered,5,245351,516004,47.54827481957504,True
mr-and-mrs-smith-2024-01,wikidata:Q116265663,unknown,2024,television_season,other,uploaders,without-hosting,full,8,462631,828988,55.80671855322393,True
mr-and-mrs-smith-2024-01,wikidata:Q116265663,unknown,2024,television_season,other,uploaders,without-hosting,audit-filtered,5,222565,391165,56.89798422660514,True
mr-and-mrs-smith-2024-01,wikidata:Q116265663,unknown,2024,television_season,unclassified,uploaders,all,full,8,469,1079427,0.043448978022599026,True
mr-and-mrs-smith-2024-01,wikidata:Q116265663,unknown,2024,television_season,unclassified,uploaders,all,audit-filtered,5,232,516004,0.04496089177603274,True
mr-and-mrs-smith-2024-01,wikidata:Q116265663,unknown,2024,television_season,unclassified,uploaders,without-hosting,full,8,465,828988,0.05609248867293616,True
mr-and-mrs-smith-2024-01,wikidata:Q116265663,unknown,2024,television_season,unclassified,uploaders,without-hosting,audit-filtered,5,230,391165,0.058798716654097374,True
mulan,wikidata:Q24284283,unknown,2020,film,asia-28,downloaders,all,full,8,6710202,25692906,26.116944498220636,True
mulan,wikidata:Q24284283,unknown,2020,film,asia-28,downloaders,all,audit-filtered,6,4534333,18698967,24.249109589850605,True
mulan,wikidata:Q24284283,unknown,2020,film,asia-28,downloaders,without-hosting,full,8,6374210,22942249,27.783719024233413,True
mulan,wikidata:Q24284283,unknown,2020,film,asia-28,downloaders,without-hosting,audit-filtered,6,4288819,16717951,25.65397517913529,True
mulan,wikidata:Q24284283,unknown,2020,film,eur-27,downloaders,all,full,8,3357739,25692906,13.068739674679072,True
mulan,wikidata:Q24284283,unknown,2020,film,eur-27,downloaders,all,audit-filtered,6,2412509,18698967,12.901830352446742,True
mulan,wikidata:Q24284283,unknown,2020,film,eur-27,downloaders,without-hosting,full,8,2702402,22942249,11.779150335261377,True
mulan,wikidata:Q24284283,unknown,2020,film,eur-27,downloaders,without-hosting,audit-filtered,6,1948142,16717951,11.652995035097304,True
mulan,wikidata:Q24284283,unknown,2020,film,usa-can,downloaders,all,full,8,5618781,25692906,21.86899761358252,True
mulan,wikidata:Q24284283,unknown,2020,film,usa-can,downloaders,all,audit-filtered,6,4160049,18698967,22.247480301986734,True
mulan,wikidata:Q24284283,unknown,2020,film,usa-can,downloaders,without-hosting,full,8,4413779,22942249,19.23865005562445,True
mulan,wikidata:Q24284283,unknown,2020,film,usa-can,downloaders,without-hosting,audit-filtered,6,3292500,16717951,19.6943991521449,True
mulan,wikidata:Q24284283,unknown,2020,film,other,downloaders,all,full,8,10001603,25692906,38.92748838920751,True
mulan,wikidata:Q24284283,unknown,2020,film,other,downloaders,all,audit-filtered,6,7588966,18698967,40.58494782091439,True
mulan,wikidata:Q24284283,unknown,2020,film,other,downloaders,without-hosting,full,8,9447467,22942249,41.179341223260195,True
mulan,wikidata:Q24284283,unknown,2020,film,other,downloaders,without-hosting,audit-filtered,6,7185546,16717951,42.98102082007538,True
mulan,wikidata:Q24284283,unknown,2020,film,unclassified,downloaders,all,full,8,4581,25692906,0.017829824310259028,True
mulan,wikidata:Q24284283,unknown,2020,film,unclassified,downloaders,all,audit-filtered,6,3110,18698967,0.016631934801532085,True
mulan,wikidata:Q24284283,unknown,2020,film,unclassified,downloaders,without-hosting,full,8,4391,22942249,0.019139361620563004,True
mulan,wikidata:Q24284283,unknown,2020,film,unclassified,downloaders,without-hosting,audit-filtered,6,2944,16717951,0.01760981354712668,True
mulan,wikidata:Q24284283,unknown,2020,film,asia-28,uploaders,all,full,8,1347772,5985388,22.51770478371661,True
mulan,wikidata:Q24284283,unknown,2020,film,asia-28,uploaders,all,audit-filtered,6,942473,4461038,21.12676466777463,True
mulan,wikidata:Q24284283,unknown,2020,film,asia-28,uploaders,without-hosting,full,8,1305828,5401997,24.173060444128346,True
mulan,wikidata:Q24284283,unknown,2020,film,asia-28,uploaders,without-hosting,audit-filtered,6,913329,4041444,22.599075973835095,True
mulan,wikidata:Q24284283,unknown,2020,film,eur-27,uploaders,all,full,8,812057,5985388,13.567324290421942,True
mulan,wikidata:Q24284283,unknown,2020,film,eur-27,uploaders,all,audit-filtered,6,594010,4461038,13.315510874374977,True
mulan,wikidata:Q24284283,unknown,2020,film,eur-27,uploaders,without-hosting,full,8,644146,5401997,11.924219876464203,True
mulan,wikidata:Q24284283,unknown,2020,film,eur-27,uploaders,without-hosting,audit-filtered,6,472906,4041444,11.70141167364932,True
mulan,wikidata:Q24284283,unknown,2020,film,usa-can,uploaders,all,full,8,696592,5985388,11.638209586412778,True
mulan,wikidata:Q24284283,unknown,2020,film,usa-can,uploaders,all,audit-filtered,6,485347,4461038,10.879687642203452,True
mulan,wikidata:Q24284283,unknown,2020,film,usa-can,uploaders,without-hosting,full,8,441542,5401997,8.173680955394829,True
mulan,wikidata:Q24284283,unknown,2020,film,usa-can,uploaders,without-hosting,audit-filtered,6,303151,4041444,7.501056553053809,True
mulan,wikidata:Q24284283,unknown,2020,film,other,uploaders,all,full,8,3128101,5985388,52.26229277032667,True
mulan,wikidata:Q24284283,unknown,2020,film,other,uploaders,all,audit-filtered,6,2438591,4461038,54.664205953860964,True
mulan,wikidata:Q24284283,unknown,2020,film,other,uploaders,without-hosting,full,8,3009627,5401997,55.713229755588536,True
mulan,wikidata:Q24284283,unknown,2020,film,other,uploaders,without-hosting,audit-filtered,6,2351451,4041444,58.18343641530107,True
mulan,wikidata:Q24284283,unknown,2020,film,unclassified,uploaders,all,full,8,866,5985388,0.014468569122001783,True
mulan,wikidata:Q24284283,unknown,2020,film,unclassified,uploaders,all,audit-filtered,6,617,4461038,0.013830861785978959,True
mulan,wikidata:Q24284283,unknown,2020,film,unclassified,uploaders,without-hosting,full,8,854,5401997,0.01580896842408465,True
mulan,wikidata:Q24284283,unknown,2020,film,unclassified,uploaders,without-hosting,audit-filtered,6,607,4041444,0.015019384160710875,True
murder-at-the-end-of-the-world-101,wikidata:Q116050906,unknown,2023,television_episode,asia-28,downloaders,all,full,8,487547,4083676,11.938924635548952,True
murder-at-the-end-of-the-world-101,wikidata:Q116050906,unknown,2023,television_episode,asia-28,downloaders,all,audit-filtered,8,487547,4083676,11.938924635548952,True
murder-at-the-end-of-the-world-101,wikidata:Q116050906,unknown,2023,television_episode,asia-28,downloaders,without-hosting,full,8,448434,3349262,13.389039137577173,True
murder-at-the-end-of-the-world-101,wikidata:Q116050906,unknown,2023,television_episode,asia-28,downloaders,without-hosting,audit-filtered,8,448434,3349262,13.389039137577173,True
murder-at-the-end-of-the-world-101,wikidata:Q116050906,unknown,2023,television_episode,eur-27,downloaders,all,full,8,1104465,4083676,27.045852805168675,True
murder-at-the-end-of-the-world-101,wikidata:Q116050906,unknown,2023,television_episode,eur-27,downloaders,all,audit-filtered,8,1104465,4083676,27.045852805168675,True
murder-at-the-end-of-the-world-101,wikidata:Q116050906,unknown,2023,television_episode,eur-27,downloaders,without-hosting,full,8,844068,3349262,25.201611578909024,True
murder-at-the-end-of-the-world-101,wikidata:Q116050906,unknown,2023,television_episode,eur-27,downloaders,without-hosting,audit-filtered,8,844068,3349262,25.201611578909024,True
murder-at-the-end-of-the-world-101,wikidata:Q116050906,unknown,2023,television_episode,usa-can,downloaders,all,full,8,540342,4083676,13.231754918852523,True
murder-at-the-end-of-the-world-101,wikidata:Q116050906,unknown,2023,television_episode,usa-can,downloaders,all,audit-filtered,8,540342,4083676,13.231754918852523,True
murder-at-the-end-of-the-world-101,wikidata:Q116050906,unknown,2023,television_episode,usa-can,downloaders,without-hosting,full,8,252548,3349262,7.540407409154613,True
murder-at-the-end-of-the-world-101,wikidata:Q116050906,unknown,2023,television_episode,usa-can,downloaders,without-hosting,audit-filtered,8,252548,3349262,7.540407409154613,True
murder-at-the-end-of-the-world-101,wikidata:Q116050906,unknown,2023,television_episode,other,downloaders,all,full,8,1950117,4083676,47.75395991258856,True
murder-at-the-end-of-the-world-101,wikidata:Q116050906,unknown,2023,television_episode,other,downloaders,all,audit-filtered,8,1950117,4083676,47.75395991258856,True
murder-at-the-end-of-the-world-101,wikidata:Q116050906,unknown,2023,television_episode,other,downloaders,without-hosting,full,8,1803032,3349262,53.833710232284005,True
murder-at-the-end-of-the-world-101,wikidata:Q116050906,unknown,2023,television_episode,other,downloaders,without-hosting,audit-filtered,8,1803032,3349262,53.833710232284005,True
murder-at-the-end-of-the-world-101,wikidata:Q116050906,unknown,2023,television_episode,unclassified,downloaders,all,full,8,1205,4083676,0.029507727841288096,True
murder-at-the-end-of-the-world-101,wikidata:Q116050906,unknown,2023,television_episode,unclassified,downloaders,all,audit-filtered,8,1205,4083676,0.029507727841288096,True
murder-at-the-end-of-the-world-101,wikidata:Q116050906,unknown,2023,television_episode,unclassified,downloaders,without-hosting,full,8,1180,3349262,0.035231642075179544,True
murder-at-the-end-of-the-world-101,wikidata:Q116050906,unknown,2023,television_episode,unclassified,downloaders,without-hosting,audit-filtered,8,1180,3349262,0.035231642075179544,True
murder-at-the-end-of-the-world-101,wikidata:Q116050906,unknown,2023,television_episode,asia-28,uploaders,all,full,8,72127,688205,10.480452772066462,True
murder-at-the-end-of-the-world-101,wikidata:Q116050906,unknown,2023,television_episode,asia-28,uploaders,all,audit-filtered,8,72127,688205,10.480452772066462,True
murder-at-the-end-of-the-world-101,wikidata:Q116050906,unknown,2023,television_episode,asia-28,uploaders,without-hosting,full,8,64479,502473,12.832331289442418,True
murder-at-the-end-of-the-world-101,wikidata:Q116050906,unknown,2023,television_episode,asia-28,uploaders,without-hosting,audit-filtered,8,64479,502473,12.832331289442418,True
murder-at-the-end-of-the-world-101,wikidata:Q116050906,unknown,2023,television_episode,eur-27,uploaders,all,full,8,183075,688205,26.6018119600991,True
murder-at-the-end-of-the-world-101,wikidata:Q116050906,unknown,2023,television_episode,eur-27,uploaders,all,audit-filtered,8,183075,688205,26.6018119600991,True
murder-at-the-end-of-the-world-101,wikidata:Q116050906,unknown,2023,television_episode,eur-27,uploaders,without-hosting,full,8,134034,502473,26.674866112209013,True
murder-at-the-end-of-the-world-101,wikidata:Q116050906,unknown,2023,television_episode,eur-27,uploaders,without-hosting,audit-filtered,8,134034,502473,26.674866112209013,True
murder-at-the-end-of-the-world-101,wikidata:Q116050906,unknown,2023,television_episode,usa-can,uploaders,all,full,8,147661,688205,21.455961523092682,True
murder-at-the-end-of-the-world-101,wikidata:Q116050906,unknown,2023,television_episode,usa-can,uploaders,all,audit-filtered,8,147661,688205,21.455961523092682,True
murder-at-the-end-of-the-world-101,wikidata:Q116050906,unknown,2023,television_episode,usa-can,uploaders,without-hosting,full,8,55052,502473,10.956210582459157,True
murder-at-the-end-of-the-world-101,wikidata:Q116050906,unknown,2023,television_episode,usa-can,uploaders,without-hosting,audit-filtered,8,55052,502473,10.956210582459157,True
murder-at-the-end-of-the-world-101,wikidata:Q116050906,unknown,2023,television_episode,other,uploaders,all,full,8,285181,688205,41.43837955260424,True
murder-at-the-end-of-the-world-101,wikidata:Q116050906,unknown,2023,television_episode,other,uploaders,all,audit-filtered,8,285181,688205,41.43837955260424,True
murder-at-the-end-of-the-world-101,wikidata:Q116050906,unknown,2023,television_episode,other,uploaders,without-hosting,full,8,248747,502473,49.50455049326033,True
murder-at-the-end-of-the-world-101,wikidata:Q116050906,unknown,2023,television_episode,other,uploaders,without-hosting,audit-filtered,8,248747,502473,49.50455049326033,True
murder-at-the-end-of-the-world-101,wikidata:Q116050906,unknown,2023,television_episode,unclassified,uploaders,all,full,8,161,688205,0.023394192137517165,True
murder-at-the-end-of-the-world-101,wikidata:Q116050906,unknown,2023,television_episode,unclassified,uploaders,all,audit-filtered,8,161,688205,0.023394192137517165,True
murder-at-the-end-of-the-world-101,wikidata:Q116050906,unknown,2023,television_episode,unclassified,uploaders,without-hosting,full,8,161,502473,0.032041522629076585,True
murder-at-the-end-of-the-world-101,wikidata:Q116050906,unknown,2023,television_episode,unclassified,uploaders,without-hosting,audit-filtered,8,161,502473,0.032041522629076585,True
murder-at-the-end-of-the-world-107,wikidata:Q116050906,unknown,2023,television_episode,asia-28,downloaders,all,full,8,336686,2822268,11.92962539347787,True
murder-at-the-end-of-the-world-107,wikidata:Q116050906,unknown,2023,television_episode,asia-28,downloaders,all,audit-filtered,7,315649,2590076,12.186862470444883,True
murder-at-the-end-of-the-world-107,wikidata:Q116050906,unknown,2023,television_episode,asia-28,downloaders,without-hosting,full,8,310775,2391768,12.99352612795221,True
murder-at-the-end-of-the-world-107,wikidata:Q116050906,unknown,2023,television_episode,asia-28,downloaders,without-hosting,audit-filtered,7,291865,2210545,13.203305067302407,True
murder-at-the-end-of-the-world-107,wikidata:Q116050906,unknown,2023,television_episode,eur-27,downloaders,all,full,8,784662,2822268,27.802533281743617,True
murder-at-the-end-of-the-world-107,wikidata:Q116050906,unknown,2023,television_episode,eur-27,downloaders,all,audit-filtered,7,715108,2590076,27.609537326317838,True
murder-at-the-end-of-the-world-107,wikidata:Q116050906,unknown,2023,television_episode,eur-27,downloaders,without-hosting,full,8,606104,2391768,25.3412538339839,True
murder-at-the-end-of-the-world-107,wikidata:Q116050906,unknown,2023,television_episode,eur-27,downloaders,without-hosting,audit-filtered,7,553766,2210545,25.05110730611682,True
murder-at-the-end-of-the-world-107,wikidata:Q116050906,unknown,2023,television_episode,usa-can,downloaders,all,full,8,303486,2822268,10.753266521818622,True
murder-at-the-end-of-the-world-107,wikidata:Q116050906,unknown,2023,television_episode,usa-can,downloaders,all,audit-filtered,7,267185,2590076,10.315720465345418,True
murder-at-the-end-of-the-world-107,wikidata:Q116050906,unknown,2023,television_episode,usa-can,downloaders,without-hosting,full,8,153877,2391768,6.4336089453492145,True
murder-at-the-end-of-the-world-107,wikidata:Q116050906,unknown,2023,television_episode,usa-can,downloaders,without-hosting,audit-filtered,7,138368,2210545,6.2594518546331335,True
murder-at-the-end-of-the-world-107,wikidata:Q116050906,unknown,2023,television_episode,other,downloaders,all,full,8,1396474,2822268,49.480559606670944,True
murder-at-the-end-of-the-world-107,wikidata:Q116050906,unknown,2023,television_episode,other,downloaders,all,audit-filtered,7,1291262,2590076,49.85421277213487,True
murder-at-the-end-of-the-world-107,wikidata:Q116050906,unknown,2023,television_episode,other,downloaders,without-hosting,full,8,1320074,2391768,55.19239324215392,True
murder-at-the-end-of-the-world-107,wikidata:Q116050906,unknown,2023,television_episode,other,downloaders,without-hosting,audit-filtered,7,1225694,2210545,55.44759324058094,True
murder-at-the-end-of-the-world-107,wikidata:Q116050906,unknown,2023,television_episode,unclassified,downloaders,all,full,8,960,2822268,0.03401519628894208,True
murder-at-the-end-of-the-world-107,wikidata:Q116050906,unknown,2023,television_episode,unclassified,downloaders,all,audit-filtered,7,872,2590076,0.03366696575698937,True
murder-at-the-end-of-the-world-107,wikidata:Q116050906,unknown,2023,television_episode,unclassified,downloaders,without-hosting,full,8,938,2391768,0.03921785056075673,True
murder-at-the-end-of-the-world-107,wikidata:Q116050906,unknown,2023,television_episode,unclassified,downloaders,without-hosting,audit-filtered,7,852,2210545,0.03854253136669916,True
murder-at-the-end-of-the-world-107,wikidata:Q116050906,unknown,2023,television_episode,asia-28,uploaders,all,full,8,21196,238732,8.878575138649197,True
murder-at-the-end-of-the-world-107,wikidata:Q116050906,unknown,2023,television_episode,asia-28,uploaders,all,audit-filtered,7,16893,186434,9.061115461771994,True
murder-at-the-end-of-the-world-107,wikidata:Q116050906,unknown,2023,television_episode,asia-28,uploaders,without-hosting,full,8,17761,169248,10.494067876725278,True
murder-at-the-end-of-the-world-107,wikidata:Q116050906,unknown,2023,television_episode,asia-28,uploaders,without-hosting,audit-filtered,7,13922,130333,10.681868751582485,True
murder-at-the-end-of-the-world-107,wikidata:Q116050906,unknown,2023,television_episode,eur-27,uploaders,all,full,8,63434,238732,26.57121793475529,True
murder-at-the-end-of-the-world-107,wikidata:Q116050906,unknown,2023,television_episode,eur-27,uploaders,all,audit-filtered,7,46970,186434,25.193902399776864,True
murder-at-the-end-of-the-world-107,wikidata:Q116050906,unknown,2023,television_episode,eur-27,uploaders,without-hosting,full,8,41869,169248,24.738253923236908,True
murder-at-the-end-of-the-world-107,wikidata:Q116050906,unknown,2023,television_episode,eur-27,uploaders,without-hosting,audit-filtered,7,29882,130333,22.927424366814236,True
murder-at-the-end-of-the-world-107,wikidata:Q116050906,unknown,2023,television_episode,usa-can,uploaders,all,full,8,53178,238732,22.275187239247355,True
murder-at-the-end-of-the-world-107,wikidata:Q116050906,unknown,2023,television_episode,usa-can,uploaders,all,audit-filtered,7,43483,186434,23.323535406631837,True
murder-at-the-end-of-the-world-107,wikidata:Q116050906,unknown,2023,television_episode,usa-can,uploaders,without-hosting,full,8,20532,169248,12.131310266591038,True
murder-at-the-end-of-the-world-107,wikidata:Q116050906,unknown,2023,television_episode,usa-can,uploaders,without-hosting,audit-filtered,7,16446,130333,12.61844659449257,True
murder-at-the-end-of-the-world-107,wikidata:Q116050906,unknown,2023,television_episode,other,uploaders,all,full,8,100890,238732,42.26077777591609,True
murder-at-the-end-of-the-world-107,wikidata:Q116050906,unknown,2023,television_episode,other,uploaders,all,audit-filtered,7,79075,186434,42.41447375478722,True
murder-at-the-end-of-the-world-107,wikidata:Q116050906,unknown,2023,television_episode,other,uploaders,without-hosting,full,8,89052,169248,52.616279069767444,True
murder-at-the-end-of-the-world-107,wikidata:Q116050906,unknown,2023,television_episode,other,uploaders,without-hosting,audit-filtered,7,70070,130333,53.762285837048175,True
murder-at-the-end-of-the-world-107,wikidata:Q116050906,unknown,2023,television_episode,unclassified,uploaders,all,full,8,34,238732,0.014241911432066082,True
murder-at-the-end-of-the-world-107,wikidata:Q116050906,unknown,2023,television_episode,unclassified,uploaders,all,audit-filtered,7,13,186434,0.006972977032086422,True
murder-at-the-end-of-the-world-107,wikidata:Q116050906,unknown,2023,television_episode,unclassified,uploaders,without-hosting,full,8,34,169248,0.02008886367933447,True
murder-at-the-end-of-the-world-107,wikidata:Q116050906,unknown,2023,television_episode,unclassified,uploaders,without-hosting,audit-filtered,7,13,130333,0.00997445006253213,True
night-agent-02,wikidata:Q116909156,unknown,2025,television_season,asia-28,downloaders,all,full,8,2829430,19984362,14.158220312462314,True
night-agent-02,wikidata:Q116909156,unknown,2025,television_season,asia-28,downloaders,all,audit-filtered,5,1917483,13129875,14.60396995401708,True
night-agent-02,wikidata:Q116909156,unknown,2025,television_season,asia-28,downloaders,without-hosting,full,8,2646561,17242047,15.349459376836172,True
night-agent-02,wikidata:Q116909156,unknown,2025,television_season,asia-28,downloaders,without-hosting,audit-filtered,5,1798043,11439092,15.71840667073925,True
night-agent-02,wikidata:Q116909156,unknown,2025,television_season,eur-27,downloaders,all,full,8,4874682,19984362,24.392482482052717,True
night-agent-02,wikidata:Q116909156,unknown,2025,television_season,eur-27,downloaders,all,audit-filtered,5,3237699,13129875,24.659023791163282,True
night-agent-02,wikidata:Q116909156,unknown,2025,television_season,eur-27,downloaders,without-hosting,full,8,3656134,17242047,21.20475602461819,True
night-agent-02,wikidata:Q116909156,unknown,2025,television_season,eur-27,downloaders,without-hosting,audit-filtered,5,2444962,11439092,21.373741901892213,True
night-agent-02,wikidata:Q116909156,unknown,2025,television_season,usa-can,downloaders,all,full,8,1731423,19984362,8.663889295039791,True
night-agent-02,wikidata:Q116909156,unknown,2025,television_season,usa-can,downloaders,all,audit-filtered,5,1054196,13129875,8.028987328516076,True
night-agent-02,wikidata:Q116909156,unknown,2025,television_season,usa-can,downloaders,without-hosting,full,8,898471,17242047,5.210930001524761,True
night-agent-02,wikidata:Q116909156,unknown,2025,television_season,usa-can,downloaders,without-hosting,audit-filtered,5,569982,11439092,4.982755624310041,True
night-agent-02,wikidata:Q116909156,unknown,2025,television_season,other,downloaders,all,full,8,10541075,19984362,52.74661758028603,True
night-agent-02,wikidata:Q116909156,unknown,2025,television_season,other,downloaders,all,audit-filtered,5,6916090,13129875,52.67445425032607,True
night-agent-02,wikidata:Q116909156,unknown,2025,television_season,other,downloaders,without-hosting,full,8,10033285,17242047,58.19079950309844,True
night-agent-02,wikidata:Q116909156,unknown,2025,television_season,other,downloaders,without-hosting,audit-filtered,5,6621791,11439092,57.88738301956134,True
night-agent-02,wikidata:Q116909156,unknown,2025,television_season,unclassified,downloaders,all,full,8,7752,19984362,0.03879033015915144,True
night-agent-02,wikidata:Q116909156,unknown,2025,television_season,unclassified,downloaders,all,audit-filtered,5,4407,13129875,0.033564675977494074,True
night-agent-02,wikidata:Q116909156,unknown,2025,television_season,unclassified,downloaders,without-hosting,full,8,7596,17242047,0.04405509392243276,True
night-agent-02,wikidata:Q116909156,unknown,2025,television_season,unclassified,downloaders,without-hosting,audit-filtered,5,4314,11439092,0.037712783497151695,True
night-agent-02,wikidata:Q116909156,unknown,2025,television_season,asia-28,uploaders,all,full,8,259457,2056590,12.615883574266139,True
night-agent-02,wikidata:Q116909156,unknown,2025,television_season,asia-28,uploaders,all,audit-filtered,5,130946,974676,13.4348234695427,True
night-agent-02,wikidata:Q116909156,unknown,2025,television_season,asia-28,uploaders,without-hosting,full,8,232072,1555781,14.916752422095398,True
night-agent-02,wikidata:Q116909156,unknown,2025,television_season,asia-28,uploaders,without-hosting,audit-filtered,5,117832,739629,15.931230387126519,True
night-agent-02,wikidata:Q116909156,unknown,2025,television_season,eur-27,uploaders,all,full,8,479783,2056590,23.329054405593727,True
night-agent-02,wikidata:Q116909156,unknown,2025,television_season,eur-27,uploaders,all,audit-filtered,5,223768,974676,22.958193286794792,True
night-agent-02,wikidata:Q116909156,unknown,2025,television_season,eur-27,uploaders,without-hosting,full,8,326105,1555781,20.960855030367384,True
night-agent-02,wikidata:Q116909156,unknown,2025,television_season,eur-27,uploaders,without-hosting,audit-filtered,5,149089,739629,20.157268035731427,True
night-agent-02,wikidata:Q116909156,unknown,2025,television_season,usa-can,uploaders,all,full,8,351349,2056590,17.084056617993863,True
night-agent-02,wikidata:Q116909156,unknown,2025,television_season,usa-can,uploaders,all,audit-filtered,5,171247,974676,17.56963339612343,True
night-agent-02,wikidata:Q116909156,unknown,2025,television_season,usa-can,uploaders,without-hosting,full,8,127033,1555781,8.16522376864096,True
night-agent-02,wikidata:Q116909156,unknown,2025,television_season,usa-can,uploaders,without-hosting,audit-filtered,5,62329,739629,8.427062757139051,True
night-agent-02,wikidata:Q116909156,unknown,2025,television_season,other,uploaders,all,full,8,964122,2056590,46.879640570069874,True
night-agent-02,wikidata:Q116909156,unknown,2025,television_season,other,uploaders,all,audit-filtered,5,448032,974676,45.96727527916969,True
night-agent-02,wikidata:Q116909156,unknown,2025,television_season,other,uploaders,without-hosting,full,8,868704,1555781,55.837164742338416,True
night-agent-02,wikidata:Q116909156,unknown,2025,television_season,other,uploaders,without-hosting,audit-filtered,5,409702,739629,55.39290644363593,True
night-agent-02,wikidata:Q116909156,unknown,2025,television_season,unclassified,uploaders,all,full,8,1879,2056590,0.09136483207639831,True
night-agent-02,wikidata:Q116909156,unknown,2025,television_season,unclassified,uploaders,all,audit-filtered,5,683,974676,0.07007456836938634,True
night-agent-02,wikidata:Q116909156,unknown,2025,television_season,unclassified,uploaders,without-hosting,full,8,1867,1555781,0.12000403655784458,True
night-agent-02,wikidata:Q116909156,unknown,2025,television_season,unclassified,uploaders,without-hosting,audit-filtered,5,677,739629,0.09153237636707051,True
no-more-bets,wikidata:Q121438250,unknown,2023,film,asia-28,downloaders,all,full,8,7521,32228,23.336849944147946,True
no-more-bets,wikidata:Q121438250,unknown,2023,film,asia-28,downloaders,all,audit-filtered,7,6929,30206,22.939151162020792,True
no-more-bets,wikidata:Q121438250,unknown,2023,film,asia-28,downloaders,without-hosting,full,8,6878,27010,25.464642724916697,True
no-more-bets,wikidata:Q121438250,unknown,2023,film,asia-28,downloaders,without-hosting,audit-filtered,7,6319,25358,24.919157662276206,True
no-more-bets,wikidata:Q121438250,unknown,2023,film,eur-27,downloaders,all,full,8,6953,32228,21.57440734764801,True
no-more-bets,wikidata:Q121438250,unknown,2023,film,eur-27,downloaders,all,audit-filtered,7,6623,30206,21.926107395881612,True
no-more-bets,wikidata:Q121438250,unknown,2023,film,eur-27,downloaders,without-hosting,full,8,4050,27010,14.994446501295817,True
no-more-bets,wikidata:Q121438250,unknown,2023,film,eur-27,downloaders,without-hosting,audit-filtered,7,3940,25358,15.537502957646502,True
no-more-bets,wikidata:Q121438250,unknown,2023,film,usa-can,downloaders,all,full,8,1727,32228,5.358694303090481,True
no-more-bets,wikidata:Q121438250,unknown,2023,film,usa-can,downloaders,all,audit-filtered,7,1626,30206,5.3830364828179835,True
no-more-bets,wikidata:Q121438250,unknown,2023,film,usa-can,downloaders,without-hosting,full,8,724,27010,2.680488707885968,True
no-more-bets,wikidata:Q121438250,unknown,2023,film,usa-can,downloaders,without-hosting,audit-filtered,7,688,25358,2.713147724583958,True
no-more-bets,wikidata:Q121438250,unknown,2023,film,other,downloaders,all,full,8,16023,32228,49.71763683753258,True
no-more-bets,wikidata:Q121438250,unknown,2023,film,other,downloaders,all,audit-filtered,7,15024,30206,49.73846255710786,True
no-more-bets,wikidata:Q121438250,unknown,2023,film,other,downloaders,without-hosting,full,8,15354,27010,56.845612736023696,True
no-more-bets,wikidata:Q121438250,unknown,2023,film,other,downloaders,without-hosting,audit-filtered,7,14407,25358,56.81441754081552,True
no-more-bets,wikidata:Q121438250,unknown,2023,film,unclassified,downloaders,all,full,8,4,32228,0.012411567580985479,True
no-more-bets,wikidata:Q121438250,unknown,2023,film,unclassified,downloaders,all,audit-filtered,7,4,30206,0.013242402171753957,True
no-more-bets,wikidata:Q121438250,unknown,2023,film,unclassified,downloaders,without-hosting,full,8,4,27010,0.014809329877823029,True
no-more-bets,wikidata:Q121438250,unknown,2023,film,unclassified,downloaders,without-hosting,audit-filtered,7,4,25358,0.015774114677813707,True
no-more-bets,wikidata:Q121438250,unknown,2023,film,asia-28,uploaders,all,full,8,1400,2229,62.808434275459845,True
no-more-bets,wikidata:Q121438250,unknown,2023,film,asia-28,uploaders,all,audit-filtered,7,1272,1997,63.69554331497246,True
no-more-bets,wikidata:Q121438250,unknown,2023,film,asia-28,uploaders,without-hosting,full,8,1296,1728,75.0,True
no-more-bets,wikidata:Q121438250,unknown,2023,film,asia-28,uploaders,without-hosting,audit-filtered,7,1174,1536,76.43229166666667,True
no-more-bets,wikidata:Q121438250,unknown,2023,film,eur-27,uploaders,all,full,8,182,2229,8.16509645580978,True
no-more-bets,wikidata:Q121438250,unknown,2023,film,eur-27,uploaders,all,audit-filtered,7,164,1997,8.212318477716575,True
no-more-bets,wikidata:Q121438250,unknown,2023,film,eur-27,uploaders,without-hosting,full,8,40,1728,2.314814814814815,True
no-more-bets,wikidata:Q121438250,unknown,2023,film,eur-27,uploaders,without-hosting,audit-filtered,7,38,1536,2.4739583333333335,True
no-more-bets,wikidata:Q121438250,unknown,2023,film,usa-can,uploaders,all,full,8,212,2229,9.510991475998205,True
no-more-bets,wikidata:Q121438250,unknown,2023,film,usa-can,uploaders,all,audit-filtered,7,203,1997,10.165247871807711,True
no-more-bets,wikidata:Q121438250,unknown,2023,film,usa-can,uploaders,without-hosting,full,8,8,1728,0.46296296296296297,True
no-more-bets,wikidata:Q121438250,unknown,2023,film,usa-can,uploaders,without-hosting,audit-filtered,7,8,1536,0.5208333333333334,True
no-more-bets,wikidata:Q121438250,unknown,2023,film,other,uploaders,all,full,8,435,2229,19.515477792732167,True
no-more-bets,wikidata:Q121438250,unknown,2023,film,other,uploaders,all,audit-filtered,7,358,1997,17.926890335503256,True
no-more-bets,wikidata:Q121438250,unknown,2023,film,other,uploaders,without-hosting,full,8,384,1728,22.22222222222222,True
no-more-bets,wikidata:Q121438250,unknown,2023,film,other,uploaders,without-hosting,audit-filtered,7,316,1536,20.572916666666668,True
no-more-bets,wikidata:Q121438250,unknown,2023,film,unclassified,uploaders,all,full,8,0,2229,0.0,True
no-more-bets,wikidata:Q121438250,unknown,2023,film,unclassified,uploaders,all,audit-filtered,7,0,1997,0.0,True
no-more-bets,wikidata:Q121438250,unknown,2023,film,unclassified,uploaders,without-hosting,full,8,0,1728,0.0,True
no-more-bets,wikidata:Q121438250,unknown,2023,film,unclassified,uploaders,without-hosting,audit-filtered,7,0,1536,0.0,True
no-time-to-die,wikidata:Q21534241,mixed,2021,film,asia-28,downloaders,all,full,8,7653606,25427305,30.099949640750367,True
no-time-to-die,wikidata:Q21534241,mixed,2021,film,asia-28,downloaders,all,audit-filtered,6,4660352,16704875,27.89815547856539,True
no-time-to-die,wikidata:Q21534241,mixed,2021,film,asia-28,downloaders,without-hosting,full,8,7375363,22433088,32.87716341147505,True
no-time-to-die,wikidata:Q21534241,mixed,2021,film,asia-28,downloaders,without-hosting,audit-filtered,6,4480269,14760475,30.353149204209213,True
no-time-to-die,wikidata:Q21534241,mixed,2021,film,eur-27,downloaders,all,full,8,3725397,25427305,14.65116731796783,True
no-time-to-die,wikidata:Q21534241,mixed,2021,film,eur-27,downloaders,all,audit-filtered,6,2440477,16704875,14.609370019230914,True
no-time-to-die,wikidata:Q21534241,mixed,2021,film,eur-27,downloaders,without-hosting,full,8,2889297,22433088,12.879622279375893,True
no-time-to-die,wikidata:Q21534241,mixed,2021,film,eur-27,downloaders,without-hosting,audit-filtered,6,1898771,14760475,12.863888187880132,True
no-time-to-die,wikidata:Q21534241,mixed,2021,film,usa-can,downloaders,all,full,8,2628000,25427305,10.335346195752951,True
no-time-to-die,wikidata:Q21534241,mixed,2021,film,usa-can,downloaders,all,audit-filtered,6,1720436,16704875,10.299005529822882,True
no-time-to-die,wikidata:Q21534241,mixed,2021,film,usa-can,downloaders,without-hosting,full,8,1543388,22433088,6.879962312812218,True
no-time-to-die,wikidata:Q21534241,mixed,2021,film,usa-can,downloaders,without-hosting,audit-filtered,6,1021564,14760475,6.92094258484229,True
no-time-to-die,wikidata:Q21534241,mixed,2021,film,other,downloaders,all,full,8,11410772,25427305,44.87605745083877,True
no-time-to-die,wikidata:Q21534241,mixed,2021,film,other,downloaders,all,audit-filtered,6,7877613,16704875,47.15756927244293,True
no-time-to-die,wikidata:Q21534241,mixed,2021,film,other,downloaders,without-hosting,full,8,10615680,22433088,47.32152791448061,True
no-time-to-die,wikidata:Q21534241,mixed,2021,film,other,downloaders,without-hosting,audit-filtered,6,7354029,14760475,49.82244135097278,True
no-time-to-die,wikidata:Q21534241,mixed,2021,film,unclassified,downloaders,all,full,8,9530,25427305,0.037479394690078244,True
no-time-to-die,wikidata:Q21534241,mixed,2021,film,unclassified,downloaders,all,audit-filtered,6,5997,16704875,0.03589969993789238,True
no-time-to-die,wikidata:Q21534241,mixed,2021,film,unclassified,downloaders,without-hosting,full,8,9360,22433088,0.041724081856229514,True
no-time-to-die,wikidata:Q21534241,mixed,2021,film,unclassified,downloaders,without-hosting,audit-filtered,6,5842,14760475,0.03957867209557958,True
no-time-to-die,wikidata:Q21534241,mixed,2021,film,asia-28,uploaders,all,full,8,2093417,7868960,26.603477460808037,True
no-time-to-die,wikidata:Q21534241,mixed,2021,film,asia-28,uploaders,all,audit-filtered,6,1368792,5435481,25.18253674329834,True
no-time-to-die,wikidata:Q21534241,mixed,2021,film,asia-28,uploaders,without-hosting,full,8,2028241,6964734,29.12158597873228,True
no-time-to-die,wikidata:Q21534241,mixed,2021,film,asia-28,uploaders,without-hosting,audit-filtered,6,1326149,4826058,27.478927936630683,True
no-time-to-die,wikidata:Q21534241,mixed,2021,film,eur-27,uploaders,all,full,8,1145371,7868960,14.55555753238039,True
no-time-to-die,wikidata:Q21534241,mixed,2021,film,eur-27,uploaders,all,audit-filtered,6,785706,5435481,14.455132857607266,True
no-time-to-die,wikidata:Q21534241,mixed,2021,film,eur-27,uploaders,without-hosting,full,8,902868,6964734,12.963424015906423,True
no-time-to-die,wikidata:Q21534241,mixed,2021,film,eur-27,uploaders,without-hosting,audit-filtered,6,623289,4826058,12.915074787746024,True
no-time-to-die,wikidata:Q21534241,mixed,2021,film,usa-can,uploaders,all,full,8,753397,7868960,9.574289359712084,True
no-time-to-die,wikidata:Q21534241,mixed,2021,film,usa-can,uploaders,all,audit-filtered,6,507743,5435481,9.341270809335917,True
no-time-to-die,wikidata:Q21534241,mixed,2021,film,usa-can,uploaders,without-hosting,full,8,413778,6964734,5.941045271793582,True
no-time-to-die,wikidata:Q21534241,mixed,2021,film,usa-can,uploaders,without-hosting,audit-filtered,6,279190,4826058,5.785052728334388,True
no-time-to-die,wikidata:Q21534241,mixed,2021,film,other,uploaders,all,full,8,3874288,7868960,49.23507045403713,True
no-time-to-die,wikidata:Q21534241,mixed,2021,film,other,uploaders,all,audit-filtered,6,2771517,5435481,50.989360463223036,True
no-time-to-die,wikidata:Q21534241,mixed,2021,film,other,uploaders,without-hosting,full,8,3617394,6964734,51.93872443656858,True
no-time-to-die,wikidata:Q21534241,mixed,2021,film,other,uploaders,without-hosting,audit-filtered,6,2595741,4826058,53.78594704000656,True
no-time-to-die,wikidata:Q21534241,mixed,2021,film,unclassified,uploaders,all,full,8,2487,7868960,0.03160519306236148,True
no-time-to-die,wikidata:Q21534241,mixed,2021,film,unclassified,uploaders,all,audit-filtered,6,1723,5435481,0.03169912653544369,True
no-time-to-die,wikidata:Q21534241,mixed,2021,film,unclassified,uploaders,without-hosting,full,8,2453,6964734,0.035220296999138805,True
no-time-to-die,wikidata:Q21534241,mixed,2021,film,unclassified,uploaders,without-hosting,audit-filtered,6,1689,4826058,0.03499750728234099,True
old-man-107,wikidata:Q85808050,unknown,2022,television_episode,asia-28,downloaders,all,full,8,286918,2090744,13.723248757380148,True
old-man-107,wikidata:Q85808050,unknown,2022,television_episode,asia-28,downloaders,all,audit-filtered,5,160290,1127804,14.212575944047016,True
old-man-107,wikidata:Q85808050,unknown,2022,television_episode,asia-28,downloaders,without-hosting,full,8,261888,1606888,16.297837808235546,True
old-man-107,wikidata:Q85808050,unknown,2022,television_episode,asia-28,downloaders,without-hosting,audit-filtered,5,146483,873475,16.7701422479178,True
old-man-107,wikidata:Q85808050,unknown,2022,television_episode,eur-27,downloaders,all,full,8,437386,2090744,20.920112648894364,True
old-man-107,wikidata:Q85808050,unknown,2022,television_episode,eur-27,downloaders,all,audit-filtered,5,233695,1127804,20.721242343527777,True
old-man-107,wikidata:Q85808050,unknown,2022,television_episode,eur-27,downloaders,without-hosting,full,8,256145,1606888,15.94043891049034,True
old-man-107,wikidata:Q85808050,unknown,2022,television_episode,eur-27,downloaders,without-hosting,audit-filtered,5,132968,873475,15.222874152093649,True
old-man-107,wikidata:Q85808050,unknown,2022,television_episode,usa-can,downloaders,all,full,8,316481,2090744,15.137243010143758,True
old-man-107,wikidata:Q85808050,unknown,2022,television_episode,usa-can,downloaders,all,audit-filtered,5,162005,1127804,14.364641373855742,True
old-man-107,wikidata:Q85808050,unknown,2022,television_episode,usa-can,downloaders,without-hosting,full,8,130488,1606888,8.120541070690676,True
old-man-107,wikidata:Q85808050,unknown,2022,television_episode,usa-can,downloaders,without-hosting,audit-filtered,5,66501,873475,7.613383325223961,True
old-man-107,wikidata:Q85808050,unknown,2022,television_episode,other,downloaders,all,full,8,1049540,2090744,50.199354870801976,True
old-man-107,wikidata:Q85808050,unknown,2022,television_episode,other,downloaders,all,audit-filtered,5,571595,1127804,50.68212207085628,True
old-man-107,wikidata:Q85808050,unknown,2022,television_episode,other,downloaders,without-hosting,full,8,957948,1606888,59.61510696451775,True
old-man-107,wikidata:Q85808050,unknown,2022,television_episode,other,downloaders,without-hosting,audit-filtered,5,527304,873475,60.36852800595323,True
old-man-107,wikidata:Q85808050,unknown,2022,television_episode,unclassified,downloaders,all,full,8,419,2090744,0.020040712779756872,True
old-man-107,wikidata:Q85808050,unknown,2022,television_episode,unclassified,downloaders,all,audit-filtered,5,219,1127804,0.019418267713184206,True
old-man-107,wikidata:Q85808050,unknown,2022,television_episode,unclassified,downloaders,without-hosting,full,8,419,1606888,0.026075246065687216,True
old-man-107,wikidata:Q85808050,unknown,2022,television_episode,unclassified,downloaders,without-hosting,audit-filtered,5,219,873475,0.025072268811356935,True
old-man-107,wikidata:Q85808050,unknown,2022,television_episode,asia-28,uploaders,all,full,8,52355,624408,8.384742027648588,True
old-man-107,wikidata:Q85808050,unknown,2022,television_episode,asia-28,uploaders,all,audit-filtered,5,21783,300425,7.250728135141882,True
old-man-107,wikidata:Q85808050,unknown,2022,television_episode,asia-28,uploaders,without-hosting,full,8,46697,453361,10.30018020959015,True
old-man-107,wikidata:Q85808050,unknown,2022,television_episode,asia-28,uploaders,without-hosting,audit-filtered,5,19026,208887,9.108273851412486,True
old-man-107,wikidata:Q85808050,unknown,2022,television_episode,eur-27,uploaders,all,full,8,132774,624408,21.263981243033403,True
old-man-107,wikidata:Q85808050,unknown,2022,television_episode,eur-27,uploaders,all,audit-filtered,5,64654,300425,21.52084546891903,True
old-man-107,wikidata:Q85808050,unknown,2022,television_episode,eur-27,uploaders,without-hosting,full,8,80857,453361,17.835014480733896,True
old-man-107,wikidata:Q85808050,unknown,2022,television_episode,eur-27,uploaders,without-hosting,audit-filtered,5,37474,208887,17.939843073049065,True
old-man-107,wikidata:Q85808050,unknown,2022,television_episode,usa-can,uploaders,all,full,8,120012,624408,19.220125302686704,True
old-man-107,wikidata:Q85808050,unknown,2022,television_episode,usa-can,uploaders,all,audit-filtered,5,63196,300425,21.03553299492386,True
old-man-107,wikidata:Q85808050,unknown,2022,television_episode,usa-can,uploaders,without-hosting,full,8,31295,453361,6.902887544363101,True
old-man-107,wikidata:Q85808050,unknown,2022,television_episode,usa-can,uploaders,without-hosting,audit-filtered,5,12766,208887,6.111438241728782,True
old-man-107,wikidata:Q85808050,unknown,2022,television_episode,other,uploaders,all,full,8,319117,624408,51.107128672278385,True
old-man-107,wikidata:Q85808050,unknown,2022,television_episode,other,uploaders,all,audit-filtered,5,150707,300425,50.1646001497878,True
old-man-107,wikidata:Q85808050,unknown,2022,television_episode,other,uploaders,without-hosting,full,8,294362,453361,64.92883154925104,True
old-man-107,wikidata:Q85808050,unknown,2022,television_episode,other,uploaders,without-hosting,audit-filtered,5,139536,208887,66.79975297648969,True
old-man-107,wikidata:Q85808050,unknown,2022,television_episode,unclassified,uploaders,all,full,8,150,624408,0.02402275435292309,True
old-man-107,wikidata:Q85808050,unknown,2022,television_episode,unclassified,uploaders,all,audit-filtered,5,85,300425,0.02829325122742781,True
old-man-107,wikidata:Q85808050,unknown,2022,television_episode,unclassified,uploaders,without-hosting,full,8,150,453361,0.033086216061813875,True
old-man-107,wikidata:Q85808050,unknown,2022,television_episode,unclassified,uploaders,without-hosting,audit-filtered,5,85,208887,0.0406918573199864,True
one-piece-2023-02,wikidata:Q109526557,unknown,2026,television_season,asia-28,downloaders,all,full,8,8525043,29210272,29.185085986190064,True
one-piece-2023-02,wikidata:Q109526557,unknown,2026,television_season,asia-28,downloaders,all,audit-filtered,6,6184378,21513034,28.747121396266095,True
one-piece-2023-02,wikidata:Q109526557,unknown,2026,television_season,asia-28,downloaders,without-hosting,full,8,8111005,24392230,33.25241275602928,True
one-piece-2023-02,wikidata:Q109526557,unknown,2026,television_season,asia-28,downloaders,without-hosting,audit-filtered,6,5883867,18038230,32.61887114201338,True
one-piece-2023-02,wikidata:Q109526557,unknown,2026,television_season,eur-27,downloaders,all,full,8,7425280,29210272,25.420098792643902,True
one-piece-2023-02,wikidata:Q109526557,unknown,2026,television_season,eur-27,downloaders,all,audit-filtered,6,5537503,21513034,25.7402233455309,True
one-piece-2023-02,wikidata:Q109526557,unknown,2026,television_season,eur-27,downloaders,without-hosting,full,8,5011158,24392230,20.544074895981222,True
one-piece-2023-02,wikidata:Q109526557,unknown,2026,television_season,eur-27,downloaders,without-hosting,audit-filtered,6,3750613,18038230,20.792577764004562,True
one-piece-2023-02,wikidata:Q109526557,unknown,2026,television_season,usa-can,downloaders,all,full,8,2623345,29210272,8.980898911177547,True
one-piece-2023-02,wikidata:Q109526557,unknown,2026,television_season,usa-can,downloaders,all,audit-filtered,6,1883037,21513034,8.75300527113005,True
one-piece-2023-02,wikidata:Q109526557,unknown,2026,television_season,usa-can,downloaders,without-hosting,full,8,1330573,24392230,5.45490510707713,True
one-piece-2023-02,wikidata:Q109526557,unknown,2026,television_season,usa-can,downloaders,without-hosting,audit-filtered,6,982593,18038230,5.4472805812987195,True
one-piece-2023-02,wikidata:Q109526557,unknown,2026,television_season,other,downloaders,all,full,8,10629795,29210272,36.39060601695184,True
one-piece-2023-02,wikidata:Q109526557,unknown,2026,television_season,other,downloaders,all,audit-filtered,6,7903264,21513034,36.737096218041586,True
one-piece-2023-02,wikidata:Q109526557,unknown,2026,television_season,other,downloaders,without-hosting,full,8,9932895,24392230,40.72155354389492,True
one-piece-2023-02,wikidata:Q109526557,unknown,2026,television_season,other,downloaders,without-hosting,audit-filtered,6,7416464,18038230,41.11525354760417,True
one-piece-2023-02,wikidata:Q109526557,unknown,2026,television_season,unclassified,downloaders,all,full,8,6809,29210272,0.023310293036641356,True
one-piece-2023-02,wikidata:Q109526557,unknown,2026,television_season,unclassified,downloaders,all,audit-filtered,6,4852,21513034,0.02255376903136954,True
one-piece-2023-02,wikidata:Q109526557,unknown,2026,television_season,unclassified,downloaders,without-hosting,full,8,6599,24392230,0.027053697017451868,True
one-piece-2023-02,wikidata:Q109526557,unknown,2026,television_season,unclassified,downloaders,without-hosting,audit-filtered,6,4693,18038230,0.026016965079167967,True
one-piece-2023-02,wikidata:Q109526557,unknown,2026,television_season,asia-28,uploaders,all,full,8,540369,2478205,21.80485472347929,True
one-piece-2023-02,wikidata:Q109526557,unknown,2026,television_season,asia-28,uploaders,all,audit-filtered,6,334205,1539250,21.712197498781876,True
one-piece-2023-02,wikidata:Q109526557,unknown,2026,television_season,asia-28,uploaders,without-hosting,full,8,511332,1868542,27.365293367770164,True
one-piece-2023-02,wikidata:Q109526557,unknown,2026,television_season,asia-28,uploaders,without-hosting,audit-filtered,6,316598,1140216,27.766493366169218,True
one-piece-2023-02,wikidata:Q109526557,unknown,2026,television_season,eur-27,uploaders,all,full,8,709429,2478205,28.626727813074382,True
one-piece-2023-02,wikidata:Q109526557,unknown,2026,television_season,eur-27,uploaders,all,audit-filtered,6,436191,1539250,28.337891830436902,True
one-piece-2023-02,wikidata:Q109526557,unknown,2026,television_season,eur-27,uploaders,without-hosting,full,8,508177,1868542,27.196445142790473,True
one-piece-2023-02,wikidata:Q109526557,unknown,2026,television_season,eur-27,uploaders,without-hosting,audit-filtered,6,307383,1140216,26.958313161716728,True
one-piece-2023-02,wikidata:Q109526557,unknown,2026,television_season,usa-can,uploaders,all,full,8,369216,2478205,14.898525343948544,True
one-piece-2023-02,wikidata:Q109526557,unknown,2026,television_season,usa-can,uploaders,all,audit-filtered,6,240952,1539250,15.653857398083483,True
one-piece-2023-02,wikidata:Q109526557,unknown,2026,television_season,usa-can,uploaders,without-hosting,full,8,92155,1868542,4.9319201816175395,True
one-piece-2023-02,wikidata:Q109526557,unknown,2026,television_season,usa-can,uploaders,without-hosting,audit-filtered,6,51693,1140216,4.533614683533647,True
one-piece-2023-02,wikidata:Q109526557,unknown,2026,television_season,other,uploaders,all,full,8,858092,2478205,34.625545505718854,True
one-piece-2023-02,wikidata:Q109526557,unknown,2026,television_season,other,uploaders,all,audit-filtered,6,527245,1539250,34.25337014779925,True
one-piece-2023-02,wikidata:Q109526557,unknown,2026,television_season,other,uploaders,without-hosting,full,8,755787,1868542,40.447953538106184,True
one-piece-2023-02,wikidata:Q109526557,unknown,2026,television_season,other,uploaders,without-hosting,audit-filtered,6,463887,1140216,40.684133532593826,True
one-piece-2023-02,wikidata:Q109526557,unknown,2026,television_season,unclassified,uploaders,all,full,8,1099,2478205,0.04434661377892467,True
one-piece-2023-02,wikidata:Q109526557,unknown,2026,television_season,unclassified,uploaders,all,audit-filtered,6,657,1539250,0.04268312489848952,True
one-piece-2023-02,wikidata:Q109526557,unknown,2026,television_season,unclassified,uploaders,without-hosting,full,8,1091,1868542,0.058387769715639255,True
one-piece-2023-02,wikidata:Q109526557,unknown,2026,television_season,unclassified,uploaders,without-hosting,audit-filtered,6,655,1140216,0.057445255986584995,True
pantheon-108,wikidata:Q109639866,unknown,2022,television_episode,asia-28,downloaders,all,full,8,127348,483055,26.36304354576601,True
pantheon-108,wikidata:Q109639866,unknown,2022,television_episode,asia-28,downloaders,all,audit-filtered,6,99510,380015,26.18580845492941,True
pantheon-108,wikidata:Q109639866,unknown,2022,television_episode,asia-28,downloaders,without-hosting,full,8,114628,341426,33.57330724666546,True
pantheon-108,wikidata:Q109639866,unknown,2022,television_episode,asia-28,downloaders,without-hosting,audit-filtered,6,89620,270508,33.13025862451388,True
pantheon-108,wikidata:Q109639866,unknown,2022,television_episode,eur-27,downloaders,all,full,8,103416,483055,21.408742275724297,True
pantheon-108,wikidata:Q109639866,unknown,2022,television_episode,eur-27,downloaders,all,audit-filtered,6,82562,380015,21.72598450061182,True
pantheon-108,wikidata:Q109639866,unknown,2022,television_episode,eur-27,downloaders,without-hosting,full,8,42555,341426,12.46390140176788,True
pantheon-108,wikidata:Q109639866,unknown,2022,television_episode,eur-27,downloaders,without-hosting,audit-filtered,6,34035,270508,12.581882975734544,True
pantheon-108,wikidata:Q109639866,unknown,2022,television_episode,usa-can,downloaders,all,full,8,76814,483055,15.901708915133888,True
pantheon-108,wikidata:Q109639866,unknown,2022,television_episode,usa-can,downloaders,all,audit-filtered,6,59172,380015,15.57096430404063,True
pantheon-108,wikidata:Q109639866,unknown,2022,television_episode,usa-can,downloaders,without-hosting,full,8,27133,341426,7.94696361729921,True
pantheon-108,wikidata:Q109639866,unknown,2022,television_episode,usa-can,downloaders,without-hosting,audit-filtered,6,21687,270508,8.017138125304982,True
pantheon-108,wikidata:Q109639866,unknown,2022,television_episode,other,downloaders,all,full,8,175439,483055,36.31863866433429,True
pantheon-108,wikidata:Q109639866,unknown,2022,television_episode,other,downloaders,all,audit-filtered,6,138771,380015,36.51724274041814,True
pantheon-108,wikidata:Q109639866,unknown,2022,television_episode,other,downloaders,without-hosting,full,8,157075,341426,46.005576611037235,True
pantheon-108,wikidata:Q109639866,unknown,2022,television_episode,other,downloaders,without-hosting,audit-filtered,6,125166,270508,46.270720274446596,True
pantheon-108,wikidata:Q109639866,unknown,2022,television_episode,unclassified,downloaders,all,full,8,38,483055,0.007866599041517012,True
pantheon-108,wikidata:Q109639866,unknown,2022,television_episode,unclassified,downloaders,all,audit-filtered,6,0,380015,0.0,True
pantheon-108,wikidata:Q109639866,unknown,2022,television_episode,unclassified,downloaders,without-hosting,full,8,35,341426,0.010251123230216796,True
pantheon-108,wikidata:Q109639866,unknown,2022,television_episode,unclassified,downloaders,without-hosting,audit-filtered,6,0,270508,0.0,True
pantheon-108,wikidata:Q109639866,unknown,2022,television_episode,asia-28,uploaders,all,full,8,18037,73029,24.698407481959222,True
pantheon-108,wikidata:Q109639866,unknown,2022,television_episode,asia-28,uploaders,all,audit-filtered,6,13138,52588,24.9828858294668,True
pantheon-108,wikidata:Q109639866,unknown,2022,television_episode,asia-28,uploaders,without-hosting,full,8,15799,50916,31.029538848299158,True
pantheon-108,wikidata:Q109639866,unknown,2022,television_episode,asia-28,uploaders,without-hosting,audit-filtered,6,11392,36726,31.018896694439906,True
pantheon-108,wikidata:Q109639866,unknown,2022,television_episode,eur-27,uploaders,all,full,8,13086,73029,17.918908926590806,True
pantheon-108,wikidata:Q109639866,unknown,2022,television_episode,eur-27,uploaders,all,audit-filtered,6,9466,52588,18.00030425192059,True
pantheon-108,wikidata:Q109639866,unknown,2022,television_episode,eur-27,uploaders,without-hosting,full,8,6836,50916,13.426035038101972,True
pantheon-108,wikidata:Q109639866,unknown,2022,television_episode,eur-27,uploaders,without-hosting,audit-filtered,6,5197,36726,14.150737896857812,True
pantheon-108,wikidata:Q109639866,unknown,2022,television_episode,usa-can,uploaders,all,full,8,14955,73029,20.47816620794479,True
pantheon-108,wikidata:Q109639866,unknown,2022,television_episode,usa-can,uploaders,all,audit-filtered,6,10823,52588,20.580740853426637,True
pantheon-108,wikidata:Q109639866,unknown,2022,television_episode,usa-can,uploaders,without-hosting,full,8,4158,50916,8.166391703983031,True
pantheon-108,wikidata:Q109639866,unknown,2022,television_episode,usa-can,uploaders,without-hosting,audit-filtered,6,2967,36726,8.078745303055056,True
pantheon-108,wikidata:Q109639866,unknown,2022,television_episode,other,uploaders,all,full,8,26942,73029,36.8921935121664,True
pantheon-108,wikidata:Q109639866,unknown,2022,television_episode,other,uploaders,all,audit-filtered,6,19161,52588,36.436069065185976,True
pantheon-108,wikidata:Q109639866,unknown,2022,television_episode,other,uploaders,without-hosting,full,8,24114,50916,47.36035823709639,True
pantheon-108,wikidata:Q109639866,unknown,2022,television_episode,other,uploaders,without-hosting,audit-filtered,6,17170,36726,46.75162010564723,True
pantheon-108,wikidata:Q109639866,unknown,2022,television_episode,unclassified,uploaders,all,full,8,9,73029,0.012323871338783224,True
pantheon-108,wikidata:Q109639866,unknown,2022,television_episode,unclassified,uploaders,all,audit-filtered,6,0,52588,0.0,True
pantheon-108,wikidata:Q109639866,unknown,2022,television_episode,unclassified,uploaders,without-hosting,full,8,9,50916,0.01767617251944379,True
pantheon-108,wikidata:Q109639866,unknown,2022,television_episode,unclassified,uploaders,without-hosting,audit-filtered,6,0,36726,0.0,True
pitt-201,wikidata:Q131431817,unknown,2026,television_episode,asia-28,downloaders,all,full,8,5735679,24043231,23.85569144180331,True
pitt-201,wikidata:Q131431817,unknown,2026,television_episode,asia-28,downloaders,all,audit-filtered,6,4712733,19460839,24.21649446871227,True
pitt-201,wikidata:Q131431817,unknown,2026,television_episode,asia-28,downloaders,without-hosting,full,8,5439800,20053480,27.12646383570333,True
pitt-201,wikidata:Q131431817,unknown,2026,television_episode,asia-28,downloaders,without-hosting,audit-filtered,6,4470898,16241272,27.528003964221522,True
pitt-201,wikidata:Q131431817,unknown,2026,television_episode,eur-27,downloaders,all,full,8,6259580,24043231,26.034687268113007,True
pitt-201,wikidata:Q131431817,unknown,2026,television_episode,eur-27,downloaders,all,audit-filtered,6,5043527,19460839,25.91628757629617,True
pitt-201,wikidata:Q131431817,unknown,2026,television_episode,eur-27,downloaders,without-hosting,full,8,4388709,20053480,21.885024444635047,True
pitt-201,wikidata:Q131431817,unknown,2026,television_episode,eur-27,downloaders,without-hosting,audit-filtered,6,3524611,16241272,21.701569926296415,True
pitt-201,wikidata:Q131431817,unknown,2026,television_episode,usa-can,downloaders,all,full,8,2421844,24043231,10.072872485399321,True
pitt-201,wikidata:Q131431817,unknown,2026,television_episode,usa-can,downloaders,all,audit-filtered,6,1917945,19460839,9.855407570043614,True
pitt-201,wikidata:Q131431817,unknown,2026,television_episode,usa-can,downloaders,without-hosting,full,8,1243555,20053480,6.20119300989155,True
pitt-201,wikidata:Q131431817,unknown,2026,television_episode,usa-can,downloaders,without-hosting,audit-filtered,6,978136,16241272,6.022533210452974,True
pitt-201,wikidata:Q131431817,unknown,2026,television_episode,other,downloaders,all,full,8,9621093,24043231,40.01580735966809,True
pitt-201,wikidata:Q131431817,unknown,2026,television_episode,other,downloaders,all,audit-filtered,6,7782716,19460839,39.99167764555269,True
pitt-201,wikidata:Q131431817,unknown,2026,television_episode,other,downloaders,without-hosting,full,8,8976541,20053480,44.7630087146969,True
pitt-201,wikidata:Q131431817,unknown,2026,television_episode,other,downloaders,without-hosting,audit-filtered,6,7263828,16241272,44.72450187399115,True
pitt-201,wikidata:Q131431817,unknown,2026,television_episode,unclassified,downloaders,all,full,8,5035,24043231,0.0209414450162709,True
pitt-201,wikidata:Q131431817,unknown,2026,television_episode,unclassified,downloaders,all,audit-filtered,6,3918,19460839,0.020132739395254232,True
pitt-201,wikidata:Q131431817,unknown,2026,television_episode,unclassified,downloaders,without-hosting,full,8,4875,20053480,0.024309995073174332,True
pitt-201,wikidata:Q131431817,unknown,2026,television_episode,unclassified,downloaders,without-hosting,audit-filtered,6,3799,16241272,0.02339102503794038,True
pitt-201,wikidata:Q131431817,unknown,2026,television_episode,asia-28,uploaders,all,full,8,148061,1531891,9.665243806511038,True
pitt-201,wikidata:Q131431817,unknown,2026,television_episode,asia-28,uploaders,all,audit-filtered,6,116347,1200865,9.688599467883567,True
pitt-201,wikidata:Q131431817,unknown,2026,television_episode,asia-28,uploaders,without-hosting,full,8,129939,975489,13.32039623204362,True
pitt-201,wikidata:Q131431817,unknown,2026,television_episode,asia-28,uploaders,without-hosting,audit-filtered,6,102095,764167,13.360299515681781,True
pitt-201,wikidata:Q131431817,unknown,2026,television_episode,eur-27,uploaders,all,full,8,465757,1531891,30.40405616326488,True
pitt-201,wikidata:Q131431817,unknown,2026,television_episode,eur-27,uploaders,all,audit-filtered,6,366672,1200865,30.533990082149117,True
pitt-201,wikidata:Q131431817,unknown,2026,television_episode,eur-27,uploaders,without-hosting,full,8,304273,975489,31.191843270400796,True
pitt-201,wikidata:Q131431817,unknown,2026,television_episode,eur-27,uploaders,without-hosting,audit-filtered,6,239855,764167,31.387772568038137,True
pitt-201,wikidata:Q131431817,unknown,2026,television_episode,usa-can,uploaders,all,full,8,383057,1531891,25.005499738558424,True
pitt-201,wikidata:Q131431817,unknown,2026,television_episode,usa-can,uploaders,all,audit-filtered,6,300176,1200865,24.9966482493869,True
pitt-201,wikidata:Q131431817,unknown,2026,television_episode,usa-can,uploaders,without-hosting,full,8,123669,975489,12.677641675098336,True
pitt-201,wikidata:Q131431817,unknown,2026,television_episode,usa-can,uploaders,without-hosting,audit-filtered,6,96869,764167,12.676417589348924,True
pitt-201,wikidata:Q131431817,unknown,2026,television_episode,other,uploaders,all,full,8,534566,1531891,34.89582483349011,True
pitt-201,wikidata:Q131431817,unknown,2026,television_episode,other,uploaders,all,audit-filtered,6,417322,1200865,34.75178308968952,True
pitt-201,wikidata:Q131431817,unknown,2026,television_episode,other,uploaders,without-hosting,full,8,417163,975489,42.76450067607118,True
pitt-201,wikidata:Q131431817,unknown,2026,television_episode,other,uploaders,without-hosting,audit-filtered,6,325005,764167,42.53062485032722,True
pitt-201,wikidata:Q131431817,unknown,2026,television_episode,unclassified,uploaders,all,full,8,450,1531891,0.029375458175549044,True
pitt-201,wikidata:Q131431817,unknown,2026,television_episode,unclassified,uploaders,all,audit-filtered,6,348,1200865,0.028979110890899478,True
pitt-201,wikidata:Q131431817,unknown,2026,television_episode,unclassified,uploaders,without-hosting,full,8,445,975489,0.04561814638606894,True
pitt-201,wikidata:Q131431817,unknown,2026,television_episode,unclassified,uploaders,without-hosting,audit-filtered,6,343,764167,0.04488547660393605,True
pitt-213,wikidata:Q131431817,unknown,2026,television_episode,asia-28,downloaders,all,full,8,5825803,23216777,25.09307385775381,True
pitt-213,wikidata:Q131431817,unknown,2026,television_episode,asia-28,downloaders,all,audit-filtered,6,4824738,18912725,25.51053853952828,True
pitt-213,wikidata:Q131431817,unknown,2026,television_episode,asia-28,downloaders,without-hosting,full,8,5508583,18773942,29.341642794038673,True
pitt-213,wikidata:Q131431817,unknown,2026,television_episode,asia-28,downloaders,without-hosting,audit-filtered,6,4565854,15347862,29.749120757014886,True
pitt-213,wikidata:Q131431817,unknown,2026,television_episode,eur-27,downloaders,all,full,8,6458611,23216777,27.818723503266625,True
pitt-213,wikidata:Q131431817,unknown,2026,television_episode,eur-27,downloaders,all,audit-filtered,6,5287956,18912725,27.959778403165064,True
pitt-213,wikidata:Q131431817,unknown,2026,television_episode,eur-27,downloaders,without-hosting,full,8,4421314,18773942,23.550269836776955,True
pitt-213,wikidata:Q131431817,unknown,2026,television_episode,eur-27,downloaders,without-hosting,audit-filtered,6,3628488,15347862,23.641651195456408,True
pitt-213,wikidata:Q131431817,unknown,2026,television_episode,usa-can,downloaders,all,full,8,2577662,23216777,11.102583274155581,True
pitt-213,wikidata:Q131431817,unknown,2026,television_episode,usa-can,downloaders,all,audit-filtered,6,2050405,18912725,10.841404398361421,True
pitt-213,wikidata:Q131431817,unknown,2026,television_episode,usa-can,downloaders,without-hosting,full,8,1192922,18773942,6.354137026736313,True
pitt-213,wikidata:Q131431817,unknown,2026,television_episode,usa-can,downloaders,without-hosting,audit-filtered,6,960845,15347862,6.2604485237096865,True
pitt-213,wikidata:Q131431817,unknown,2026,television_episode,other,downloaders,all,full,8,8349071,23216777,35.96136965953543,True
pitt-213,wikidata:Q131431817,unknown,2026,television_episode,other,downloaders,all,audit-filtered,6,6745138,18912725,35.66454860418052,True
pitt-213,wikidata:Q131431817,unknown,2026,television_episode,other,downloaders,without-hosting,full,8,7645591,18773942,40.72448396825771,True
pitt-213,wikidata:Q131431817,unknown,2026,television_episode,other,downloaders,without-hosting,audit-filtered,6,6188262,15347862,40.320026333309485,True
pitt-213,wikidata:Q131431817,unknown,2026,television_episode,unclassified,downloaders,all,full,8,5630,23216777,0.024249705288550603,True
pitt-213,wikidata:Q131431817,unknown,2026,television_episode,unclassified,downloaders,all,audit-filtered,6,4488,18912725,0.02373005476471529,True
pitt-213,wikidata:Q131431817,unknown,2026,television_episode,unclassified,downloaders,without-hosting,full,8,5532,18773942,0.029466374190353844,True
pitt-213,wikidata:Q131431817,unknown,2026,television_episode,unclassified,downloaders,without-hosting,audit-filtered,6,4413,15347862,0.028753190509531557,True
pitt-213,wikidata:Q131431817,unknown,2026,television_episode,asia-28,uploaders,all,full,8,301426,2453099,12.287559531841152,True
pitt-213,wikidata:Q131431817,unknown,2026,television_episode,asia-28,uploaders,all,audit-filtered,6,220430,1843102,11.959728761620354,True
pitt-213,wikidata:Q131431817,unknown,2026,television_episode,asia-28,uploaders,without-hosting,full,8,269328,1535652,17.5383485320893,True
pitt-213,wikidata:Q131431817,unknown,2026,television_episode,asia-28,uploaders,without-hosting,audit-filtered,6,196250,1139771,17.218371058747767,True
pitt-213,wikidata:Q131431817,unknown,2026,television_episode,eur-27,uploaders,all,full,8,735187,2453099,29.96972401032327,True
pitt-213,wikidata:Q131431817,unknown,2026,television_episode,eur-27,uploaders,all,audit-filtered,6,559087,1843102,30.334023835902734,True
pitt-213,wikidata:Q131431817,unknown,2026,television_episode,eur-27,uploaders,without-hosting,full,8,473734,1535652,30.84904652877084,True
pitt-213,wikidata:Q131431817,unknown,2026,television_episode,eur-27,uploaders,without-hosting,audit-filtered,6,358688,1139771,31.470181290803154,True
pitt-213,wikidata:Q131431817,unknown,2026,television_episode,usa-can,uploaders,all,full,8,599077,2453099,24.421232082357868,True
pitt-213,wikidata:Q131431817,unknown,2026,television_episode,usa-can,uploaders,all,audit-filtered,6,453886,1843102,24.62620082882011,True
pitt-213,wikidata:Q131431817,unknown,2026,television_episode,usa-can,uploaders,without-hosting,full,8,169228,1535652,11.019944622870286,True
pitt-213,wikidata:Q131431817,unknown,2026,television_episode,usa-can,uploaders,without-hosting,audit-filtered,6,124114,1139771,10.889380410626345,True
pitt-213,wikidata:Q131431817,unknown,2026,television_episode,other,uploaders,all,full,8,816630,2453099,33.28972862489447,True
pitt-213,wikidata:Q131431817,unknown,2026,television_episode,other,uploaders,all,audit-filtered,6,609119,1843102,33.04857788662809,True
pitt-213,wikidata:Q131431817,unknown,2026,television_episode,other,uploaders,without-hosting,full,8,622597,1535652,40.54284434233798,True
pitt-213,wikidata:Q131431817,unknown,2026,television_episode,other,uploaders,without-hosting,audit-filtered,6,460148,1139771,40.37196945702251,True
pitt-213,wikidata:Q131431817,unknown,2026,television_episode,unclassified,uploaders,all,full,8,779,2453099,0.03175575058324185,True
pitt-213,wikidata:Q131431817,unknown,2026,television_episode,unclassified,uploaders,all,audit-filtered,6,580,1843102,0.03146868702871572,True
pitt-213,wikidata:Q131431817,unknown,2026,television_episode,unclassified,uploaders,without-hosting,full,8,765,1535652,0.04981597393159388,True
pitt-213,wikidata:Q131431817,unknown,2026,television_episode,unclassified,uploaders,without-hosting,audit-filtered,6,571,1139771,0.05009778280022917,True
prisoners-of-the-ghostland,wikidata:Q59783263,unknown,2021,film,asia-28,downloaders,all,full,8,939899,3618151,25.977329304387794,True
prisoners-of-the-ghostland,wikidata:Q59783263,unknown,2021,film,asia-28,downloaders,all,audit-filtered,8,939899,3618151,25.977329304387794,True
prisoners-of-the-ghostland,wikidata:Q59783263,unknown,2021,film,asia-28,downloaders,without-hosting,full,8,893757,3117105,28.672662614830106,True
prisoners-of-the-ghostland,wikidata:Q59783263,unknown,2021,film,asia-28,downloaders,without-hosting,audit-filtered,8,893757,3117105,28.672662614830106,True
prisoners-of-the-ghostland,wikidata:Q59783263,unknown,2021,film,eur-27,downloaders,all,full,8,524882,3618151,14.506912508626645,True
prisoners-of-the-ghostland,wikidata:Q59783263,unknown,2021,film,eur-27,downloaders,all,audit-filtered,8,524882,3618151,14.506912508626645,True
prisoners-of-the-ghostland,wikidata:Q59783263,unknown,2021,film,eur-27,downloaders,without-hosting,full,8,385714,3117105,12.37410995138117,True
prisoners-of-the-ghostland,wikidata:Q59783263,unknown,2021,film,eur-27,downloaders,without-hosting,audit-filtered,8,385714,3117105,12.37410995138117,True
prisoners-of-the-ghostland,wikidata:Q59783263,unknown,2021,film,usa-can,downloaders,all,full,8,542305,3618151,14.988456811227612,True
prisoners-of-the-ghostland,wikidata:Q59783263,unknown,2021,film,usa-can,downloaders,all,audit-filtered,8,542305,3618151,14.988456811227612,True
prisoners-of-the-ghostland,wikidata:Q59783263,unknown,2021,film,usa-can,downloaders,without-hosting,full,8,330675,3117105,10.608401064449225,True
prisoners-of-the-ghostland,wikidata:Q59783263,unknown,2021,film,usa-can,downloaders,without-hosting,audit-filtered,8,330675,3117105,10.608401064449225,True
prisoners-of-the-ghostland,wikidata:Q59783263,unknown,2021,film,other,downloaders,all,full,8,1610419,3618151,44.509446952324545,True
prisoners-of-the-ghostland,wikidata:Q59783263,unknown,2021,film,other,downloaders,all,audit-filtered,8,1610419,3618151,44.509446952324545,True
prisoners-of-the-ghostland,wikidata:Q59783263,unknown,2021,film,other,downloaders,without-hosting,full,8,1506330,3117105,48.324647389163985,True
prisoners-of-the-ghostland,wikidata:Q59783263,unknown,2021,film,other,downloaders,without-hosting,audit-filtered,8,1506330,3117105,48.324647389163985,True
prisoners-of-the-ghostland,wikidata:Q59783263,unknown,2021,film,unclassified,downloaders,all,full,8,646,3618151,0.017854423433405625,True
prisoners-of-the-ghostland,wikidata:Q59783263,unknown,2021,film,unclassified,downloaders,all,audit-filtered,8,646,3618151,0.017854423433405625,True
prisoners-of-the-ghostland,wikidata:Q59783263,unknown,2021,film,unclassified,downloaders,without-hosting,full,8,629,3117105,0.02017898017551542,True
prisoners-of-the-ghostland,wikidata:Q59783263,unknown,2021,film,unclassified,downloaders,without-hosting,audit-filtered,8,629,3117105,0.02017898017551542,True
prisoners-of-the-ghostland,wikidata:Q59783263,unknown,2021,film,asia-28,uploaders,all,full,8,277618,1140261,24.346881985790972,True
prisoners-of-the-ghostland,wikidata:Q59783263,unknown,2021,film,asia-28,uploaders,all,audit-filtered,8,277618,1140261,24.346881985790972,True
prisoners-of-the-ghostland,wikidata:Q59783263,unknown,2021,film,asia-28,uploaders,without-hosting,full,8,267738,1008076,26.559307036374243,True
prisoners-of-the-ghostland,wikidata:Q59783263,unknown,2021,film,asia-28,uploaders,without-hosting,audit-filtered,8,267738,1008076,26.559307036374243,True
prisoners-of-the-ghostland,wikidata:Q59783263,unknown,2021,film,eur-27,uploaders,all,full,8,159861,1140261,14.01968496686285,True
prisoners-of-the-ghostland,wikidata:Q59783263,unknown,2021,film,eur-27,uploaders,all,audit-filtered,8,159861,1140261,14.01968496686285,True
prisoners-of-the-ghostland,wikidata:Q59783263,unknown,2021,film,eur-27,uploaders,without-hosting,full,8,122430,1008076,12.144917645098188,True
prisoners-of-the-ghostland,wikidata:Q59783263,unknown,2021,film,eur-27,uploaders,without-hosting,audit-filtered,8,122430,1008076,12.144917645098188,True
prisoners-of-the-ghostland,wikidata:Q59783263,unknown,2021,film,usa-can,uploaders,all,full,8,130831,1140261,11.473776617809431,True
prisoners-of-the-ghostland,wikidata:Q59783263,unknown,2021,film,usa-can,uploaders,all,audit-filtered,8,130831,1140261,11.473776617809431,True
prisoners-of-the-ghostland,wikidata:Q59783263,unknown,2021,film,usa-can,uploaders,without-hosting,full,8,75131,1008076,7.452910296445903,True
prisoners-of-the-ghostland,wikidata:Q59783263,unknown,2021,film,usa-can,uploaders,without-hosting,audit-filtered,8,75131,1008076,7.452910296445903,True
prisoners-of-the-ghostland,wikidata:Q59783263,unknown,2021,film,other,uploaders,all,full,8,571852,1140261,50.15097420678248,True
prisoners-of-the-ghostland,wikidata:Q59783263,unknown,2021,film,other,uploaders,all,audit-filtered,8,571852,1140261,50.15097420678248,True
prisoners-of-the-ghostland,wikidata:Q59783263,unknown,2021,film,other,uploaders,without-hosting,full,8,542678,1008076,53.833044333958945,True
prisoners-of-the-ghostland,wikidata:Q59783263,unknown,2021,film,other,uploaders,without-hosting,audit-filtered,8,542678,1008076,53.833044333958945,True
prisoners-of-the-ghostland,wikidata:Q59783263,unknown,2021,film,unclassified,uploaders,all,full,8,99,1140261,0.008682222754264154,True
prisoners-of-the-ghostland,wikidata:Q59783263,unknown,2021,film,unclassified,uploaders,all,audit-filtered,8,99,1140261,0.008682222754264154,True
prisoners-of-the-ghostland,wikidata:Q59783263,unknown,2021,film,unclassified,uploaders,without-hosting,full,8,99,1008076,0.009820688122720906,True
prisoners-of-the-ghostland,wikidata:Q59783263,unknown,2021,film,unclassified,uploaders,without-hosting,audit-filtered,8,99,1008076,0.009820688122720906,True
raya-and-the-last-dragon,wikidata:Q66738105,usa-only,2021,film,asia-28,downloaders,all,full,8,7025794,24820828,28.30604200633436,True
raya-and-the-last-dragon,wikidata:Q66738105,usa-only,2021,film,asia-28,downloaders,all,audit-filtered,7,5881853,21285694,27.632892777656203,True
raya-and-the-last-dragon,wikidata:Q66738105,usa-only,2021,film,asia-28,downloaders,without-hosting,full,8,6647597,22068141,30.123049331613387,True
raya-and-the-last-dragon,wikidata:Q66738105,usa-only,2021,film,asia-28,downloaders,without-hosting,audit-filtered,7,5549462,18933217,29.31071882818435,True
raya-and-the-last-dragon,wikidata:Q66738105,usa-only,2021,film,eur-27,downloaders,all,full,8,3080640,24820828,12.411511815802438,True
raya-and-the-last-dragon,wikidata:Q66738105,usa-only,2021,film,eur-27,downloaders,all,audit-filtered,7,2635471,21285694,12.381419182292106,True
raya-and-the-last-dragon,wikidata:Q66738105,usa-only,2021,film,eur-27,downloaders,without-hosting,full,8,2485870,22068141,11.26451929050118,True
raya-and-the-last-dragon,wikidata:Q66738105,usa-only,2021,film,eur-27,downloaders,without-hosting,audit-filtered,7,2134595,18933217,11.274338639862417,True
raya-and-the-last-dragon,wikidata:Q66738105,usa-only,2021,film,usa-can,downloaders,all,full,8,5432742,24820828,21.88783549041958,True
raya-and-the-last-dragon,wikidata:Q66738105,usa-only,2021,film,usa-can,downloaders,all,audit-filtered,7,4800783,21285694,22.554035588409754,True
raya-and-the-last-dragon,wikidata:Q66738105,usa-only,2021,film,usa-can,downloaders,without-hosting,full,8,4254287,22068141,19.27795821134186,True
raya-and-the-last-dragon,wikidata:Q66738105,usa-only,2021,film,usa-can,downloaders,without-hosting,audit-filtered,7,3793223,18933217,20.034751621977396,True
raya-and-the-last-dragon,wikidata:Q66738105,usa-only,2021,film,other,downloaders,all,full,8,9277577,24820828,37.378193024019986,True
raya-and-the-last-dragon,wikidata:Q66738105,usa-only,2021,film,other,downloaders,all,audit-filtered,7,7964356,21285694,37.41647324254497,True
raya-and-the-last-dragon,wikidata:Q66738105,usa-only,2021,film,other,downloaders,without-hosting,full,8,8676604,22068141,39.31733080733896,True
raya-and-the-last-dragon,wikidata:Q66738105,usa-only,2021,film,other,downloaders,without-hosting,audit-filtered,7,7452917,18933217,39.364240107742916,True
raya-and-the-last-dragon,wikidata:Q66738105,usa-only,2021,film,unclassified,downloaders,all,full,8,4075,24820828,0.0164176634236376,True
raya-and-the-last-dragon,wikidata:Q66738105,usa-only,2021,film,unclassified,downloaders,all,audit-filtered,7,3231,21285694,0.015179209096964375,True
raya-and-the-last-dragon,wikidata:Q66738105,usa-only,2021,film,unclassified,downloaders,without-hosting,full,8,3783,22068141,0.017142359204610845,True
raya-and-the-last-dragon,wikidata:Q66738105,usa-only,2021,film,unclassified,downloaders,without-hosting,audit-filtered,7,3020,18933217,0.01595080223292217,True
raya-and-the-last-dragon,wikidata:Q66738105,usa-only,2021,film,asia-28,uploaders,all,full,8,1713477,6632295,25.835355634814192,True
raya-and-the-last-dragon,wikidata:Q66738105,usa-only,2021,film,asia-28,uploaders,all,audit-filtered,7,1454284,5676989,25.617171356153765,True
raya-and-the-last-dragon,wikidata:Q66738105,usa-only,2021,film,asia-28,uploaders,without-hosting,full,8,1665406,6096222,27.318657358606693,True
raya-and-the-last-dragon,wikidata:Q66738105,usa-only,2021,film,asia-28,uploaders,without-hosting,audit-filtered,7,1413973,5235749,27.00612653509555,True
raya-and-the-last-dragon,wikidata:Q66738105,usa-only,2021,film,eur-27,uploaders,all,full,8,764702,6632295,11.52997567207128,True
raya-and-the-last-dragon,wikidata:Q66738105,usa-only,2021,film,eur-27,uploaders,all,audit-filtered,7,637803,5676989,11.234881730438442,True
raya-and-the-last-dragon,wikidata:Q66738105,usa-only,2021,film,eur-27,uploaders,without-hosting,full,8,618225,6096222,10.141116908144094,True
raya-and-the-last-dragon,wikidata:Q66738105,usa-only,2021,film,eur-27,uploaders,without-hosting,audit-filtered,7,517245,5235749,9.879102302268501,True
raya-and-the-last-dragon,wikidata:Q66738105,usa-only,2021,film,usa-can,uploaders,all,full,8,613501,6632295,9.250206753469199,True
raya-and-the-last-dragon,wikidata:Q66738105,usa-only,2021,film,usa-can,uploaders,all,audit-filtered,7,495532,5676989,8.728782106148172,True
raya-and-the-last-dragon,wikidata:Q66738105,usa-only,2021,film,usa-can,uploaders,without-hosting,full,8,418625,6096222,6.866957929025551,True
raya-and-the-last-dragon,wikidata:Q66738105,usa-only,2021,film,usa-can,uploaders,without-hosting,audit-filtered,7,338448,5235749,6.464175421701842,True
raya-and-the-last-dragon,wikidata:Q66738105,usa-only,2021,film,other,uploaders,all,full,8,3539636,6632295,53.369700835080465,True
raya-and-the-last-dragon,wikidata:Q66738105,usa-only,2021,film,other,uploaders,all,audit-filtered,7,3088546,5676989,54.404650070662456,True
raya-and-the-last-dragon,wikidata:Q66738105,usa-only,2021,film,other,uploaders,without-hosting,full,8,3393019,6096222,55.65773359303516,True
raya-and-the-last-dragon,wikidata:Q66738105,usa-only,2021,film,other,uploaders,without-hosting,audit-filtered,7,2965287,5235749,56.63539256751995,True
raya-and-the-last-dragon,wikidata:Q66738105,usa-only,2021,film,unclassified,uploaders,all,full,8,979,6632295,0.014761104564860279,True
raya-and-the-last-dragon,wikidata:Q66738105,usa-only,2021,film,unclassified,uploaders,all,audit-filtered,7,824,5676989,0.014514736597164448,True
raya-and-the-last-dragon,wikidata:Q66738105,usa-only,2021,film,unclassified,uploaders,without-hosting,full,8,947,6096222,0.015534211188503306,True
raya-and-the-last-dragon,wikidata:Q66738105,usa-only,2021,film,unclassified,uploaders,without-hosting,audit-filtered,7,796,5235749,0.015203173414157172,True
reacher-201,wikidata:Q109901438,unknown,2023,television_episode,asia-28,downloaders,all,full,8,1863028,12917775,14.422205062404323,True
reacher-201,wikidata:Q109901438,unknown,2023,television_episode,asia-28,downloaders,all,audit-filtered,8,1863028,12917775,14.422205062404323,True
reacher-201,wikidata:Q109901438,unknown,2023,television_episode,asia-28,downloaders,without-hosting,full,8,1726872,10776052,16.02508970817884,True
reacher-201,wikidata:Q109901438,unknown,2023,television_episode,asia-28,downloaders,without-hosting,audit-filtered,8,1726872,10776052,16.02508970817884,True
reacher-201,wikidata:Q109901438,unknown,2023,television_episode,eur-27,downloaders,all,full,8,3428366,12917775,26.539911091499892,True
reacher-201,wikidata:Q109901438,unknown,2023,television_episode,eur-27,downloaders,all,audit-filtered,8,3428366,12917775,26.539911091499892,True
reacher-201,wikidata:Q109901438,unknown,2023,television_episode,eur-27,downloaders,without-hosting,full,8,2662403,10776052,24.706664370216476,True
reacher-201,wikidata:Q109901438,unknown,2023,television_episode,eur-27,downloaders,without-hosting,audit-filtered,8,2662403,10776052,24.706664370216476,True
reacher-201,wikidata:Q109901438,unknown,2023,television_episode,usa-can,downloaders,all,full,8,1438421,12917775,11.135207108035246,True
reacher-201,wikidata:Q109901438,unknown,2023,television_episode,usa-can,downloaders,all,audit-filtered,8,1438421,12917775,11.135207108035246,True
reacher-201,wikidata:Q109901438,unknown,2023,television_episode,usa-can,downloaders,without-hosting,full,8,716205,10776052,6.646265255587111,True
reacher-201,wikidata:Q109901438,unknown,2023,television_episode,usa-can,downloaders,without-hosting,audit-filtered,8,716205,10776052,6.646265255587111,True
reacher-201,wikidata:Q109901438,unknown,2023,television_episode,other,downloaders,all,full,8,6182036,12917775,47.8568174472771,True
reacher-201,wikidata:Q109901438,unknown,2023,television_episode,other,downloaders,all,audit-filtered,8,6182036,12917775,47.8568174472771,True
reacher-201,wikidata:Q109901438,unknown,2023,television_episode,other,downloaders,without-hosting,full,8,5664913,10776052,52.569466071618805,True
reacher-201,wikidata:Q109901438,unknown,2023,television_episode,other,downloaders,without-hosting,audit-filtered,8,5664913,10776052,52.569466071618805,True
reacher-201,wikidata:Q109901438,unknown,2023,television_episode,unclassified,downloaders,all,full,8,5924,12917775,0.045859290783436,True
reacher-201,wikidata:Q109901438,unknown,2023,television_episode,unclassified,downloaders,all,audit-filtered,8,5924,12917775,0.045859290783436,True
reacher-201,wikidata:Q109901438,unknown,2023,television_episode,unclassified,downloaders,without-hosting,full,8,5659,10776052,0.05251459439876496,True
reacher-201,wikidata:Q109901438,unknown,2023,television_episode,unclassified,downloaders,without-hosting,audit-filtered,8,5659,10776052,0.05251459439876496,True
reacher-201,wikidata:Q109901438,unknown,2023,television_episode,asia-28,uploaders,all,full,8,496654,3390670,14.647665505637528,True
reacher-201,wikidata:Q109901438,unknown,2023,television_episode,asia-28,uploaders,all,audit-filtered,8,496654,3390670,14.647665505637528,True
reacher-201,wikidata:Q109901438,unknown,2023,television_episode,asia-28,uploaders,without-hosting,full,8,459774,2750072,16.718616821668668,True
reacher-201,wikidata:Q109901438,unknown,2023,television_episode,asia-28,uploaders,without-hosting,audit-filtered,8,459774,2750072,16.718616821668668,True
reacher-201,wikidata:Q109901438,unknown,2023,television_episode,eur-27,uploaders,all,full,8,906886,3390670,26.746513225999582,True
reacher-201,wikidata:Q109901438,unknown,2023,television_episode,eur-27,uploaders,all,audit-filtered,8,906886,3390670,26.746513225999582,True
reacher-201,wikidata:Q109901438,unknown,2023,television_episode,eur-27,uploaders,without-hosting,full,8,703519,2750072,25.58183931184347,True
reacher-201,wikidata:Q109901438,unknown,2023,television_episode,eur-27,uploaders,without-hosting,audit-filtered,8,703519,2750072,25.58183931184347,True
reacher-201,wikidata:Q109901438,unknown,2023,television_episode,usa-can,uploaders,all,full,8,446033,3390670,13.154715734648315,True
reacher-201,wikidata:Q109901438,unknown,2023,television_episode,usa-can,uploaders,all,audit-filtered,8,446033,3390670,13.154715734648315,True
reacher-201,wikidata:Q109901438,unknown,2023,television_episode,usa-can,uploaders,without-hosting,full,8,207589,2750072,7.548493275812415,True
reacher-201,wikidata:Q109901438,unknown,2023,television_episode,usa-can,uploaders,without-hosting,audit-filtered,8,207589,2750072,7.548493275812415,True
reacher-201,wikidata:Q109901438,unknown,2023,television_episode,other,uploaders,all,full,8,1539536,3390670,45.40506743504971,True
reacher-201,wikidata:Q109901438,unknown,2023,television_episode,other,uploaders,all,audit-filtered,8,1539536,3390670,45.40506743504971,True
reacher-201,wikidata:Q109901438,unknown,2023,television_episode,other,uploaders,without-hosting,full,8,1377635,2750072,50.09450661655404,True
reacher-201,wikidata:Q109901438,unknown,2023,television_episode,other,uploaders,without-hosting,audit-filtered,8,1377635,2750072,50.09450661655404,True
reacher-201,wikidata:Q109901438,unknown,2023,television_episode,unclassified,uploaders,all,full,8,1561,3390670,0.04603809866486565,True
reacher-201,wikidata:Q109901438,unknown,2023,television_episode,unclassified,uploaders,all,audit-filtered,8,1561,3390670,0.04603809866486565,True
reacher-201,wikidata:Q109901438,unknown,2023,television_episode,unclassified,uploaders,without-hosting,full,8,1555,2750072,0.05654397412140482,True
reacher-201,wikidata:Q109901438,unknown,2023,television_episode,unclassified,uploaders,without-hosting,audit-filtered,8,1555,2750072,0.05654397412140482,True
reacher-208,wikidata:Q109901438,unknown,2024,television_episode,asia-28,downloaders,all,full,8,1316544,7961459,16.53646649439506,True
reacher-208,wikidata:Q109901438,unknown,2024,television_episode,asia-28,downloaders,all,audit-filtered,4,744066,4320881,17.220238187536292,True
reacher-208,wikidata:Q109901438,unknown,2024,television_episode,asia-28,downloaders,without-hosting,full,8,1235757,6807715,18.15230220419039,True
reacher-208,wikidata:Q109901438,unknown,2024,television_episode,asia-28,downloaders,without-hosting,audit-filtered,4,699759,3714953,18.83628137421927,True
reacher-208,wikidata:Q109901438,unknown,2024,television_episode,eur-27,downloaders,all,full,8,1993193,7961459,25.035524267599694,True
reacher-208,wikidata:Q109901438,unknown,2024,television_episode,eur-27,downloaders,all,audit-filtered,4,1062424,4320881,24.58813376253593,True
reacher-208,wikidata:Q109901438,unknown,2024,television_episode,eur-27,downloaders,without-hosting,full,8,1478001,6807715,21.71067678361976,True
reacher-208,wikidata:Q109901438,unknown,2024,television_episode,eur-27,downloaders,without-hosting,audit-filtered,4,775108,3714953,20.864543912130248,True
reacher-208,wikidata:Q109901438,unknown,2024,television_episode,usa-can,downloaders,all,full,8,732552,7961459,9.201228066363212,True
reacher-208,wikidata:Q109901438,unknown,2024,television_episode,usa-can,downloaders,all,audit-filtered,4,377601,4320881,8.73898170303695,True
reacher-208,wikidata:Q109901438,unknown,2024,television_episode,usa-can,downloaders,without-hosting,full,8,402660,6807715,5.9147599451504655,True
reacher-208,wikidata:Q109901438,unknown,2024,television_episode,usa-can,downloaders,without-hosting,audit-filtered,4,215841,3714953,5.810060046520104,True
reacher-208,wikidata:Q109901438,unknown,2024,television_episode,other,downloaders,all,full,8,3916460,7961459,49.192742184566924,True
reacher-208,wikidata:Q109901438,unknown,2024,television_episode,other,downloaders,all,audit-filtered,4,2135503,4320881,49.422860754554456,True
reacher-208,wikidata:Q109901438,unknown,2024,television_episode,other,downloaders,without-hosting,full,8,3688630,6807715,54.183084926440074,True
reacher-208,wikidata:Q109901438,unknown,2024,television_episode,other,downloaders,without-hosting,audit-filtered,4,2022977,3714953,54.4549823375962,True
reacher-208,wikidata:Q109901438,unknown,2024,television_episode,unclassified,downloaders,all,full,8,2710,7961459,0.03403898707510772,True
reacher-208,wikidata:Q109901438,unknown,2024,television_episode,unclassified,downloaders,all,audit-filtered,4,1287,4320881,0.029785592336377696,True
reacher-208,wikidata:Q109901438,unknown,2024,television_episode,unclassified,downloaders,without-hosting,full,8,2667,6807715,0.03917614059930535,True
reacher-208,wikidata:Q109901438,unknown,2024,television_episode,unclassified,downloaders,without-hosting,audit-filtered,4,1268,3714953,0.034132329534182534,True
reacher-208,wikidata:Q109901438,unknown,2024,television_episode,asia-28,uploaders,all,full,8,187773,1202012,15.621557854663681,True
reacher-208,wikidata:Q109901438,unknown,2024,television_episode,asia-28,uploaders,all,audit-filtered,4,71282,485290,14.68853675122092,True
reacher-208,wikidata:Q109901438,unknown,2024,television_episode,asia-28,uploaders,without-hosting,full,8,174933,986357,17.735262181948322,True
reacher-208,wikidata:Q109901438,unknown,2024,television_episode,asia-28,uploaders,without-hosting,audit-filtered,4,66000,398656,16.55562690640552,True
reacher-208,wikidata:Q109901438,unknown,2024,television_episode,eur-27,uploaders,all,full,8,273325,1202012,22.738957680954933,True
reacher-208,wikidata:Q109901438,unknown,2024,television_episode,eur-27,uploaders,all,audit-filtered,4,104823,485290,21.60007418244761,True
reacher-208,wikidata:Q109901438,unknown,2024,television_episode,eur-27,uploaders,without-hosting,full,8,205412,986357,20.82531983855744,True
reacher-208,wikidata:Q109901438,unknown,2024,television_episode,eur-27,uploaders,without-hosting,audit-filtered,4,77904,398656,19.541659977524482,True
reacher-208,wikidata:Q109901438,unknown,2024,television_episode,usa-can,uploaders,all,full,8,141828,1202012,11.799216646755607,True
reacher-208,wikidata:Q109901438,unknown,2024,television_episode,usa-can,uploaders,all,audit-filtered,4,56062,485290,11.552267716210926,True
reacher-208,wikidata:Q109901438,unknown,2024,television_episode,usa-can,uploaders,without-hosting,full,8,59522,986357,6.034529080241738,True
reacher-208,wikidata:Q109901438,unknown,2024,television_episode,usa-can,uploaders,without-hosting,audit-filtered,4,21701,398656,5.443540295392519,True
reacher-208,wikidata:Q109901438,unknown,2024,television_episode,other,uploaders,all,full,8,598625,1202012,49.80191545508697,True
reacher-208,wikidata:Q109901438,unknown,2024,television_episode,other,uploaders,all,audit-filtered,4,252948,485290,52.123060438088565,True
reacher-208,wikidata:Q109901438,unknown,2024,television_episode,other,uploaders,without-hosting,full,8,546029,986357,55.35815125760754,True
reacher-208,wikidata:Q109901438,unknown,2024,television_episode,other,uploaders,without-hosting,audit-filtered,4,232876,398656,58.41527532509231,True
reacher-208,wikidata:Q109901438,unknown,2024,television_episode,unclassified,uploaders,all,full,8,461,1202012,0.03835236253880993,True
reacher-208,wikidata:Q109901438,unknown,2024,television_episode,unclassified,uploaders,all,audit-filtered,4,175,485290,0.03606091203198088,True
reacher-208,wikidata:Q109901438,unknown,2024,television_episode,unclassified,uploaders,without-hosting,full,8,461,986357,0.04673764164496222,True
reacher-208,wikidata:Q109901438,unknown,2024,television_episode,unclassified,uploaders,without-hosting,audit-filtered,4,175,398656,0.04389749558516616,True
reacher-301,wikidata:Q109901438,unknown,2025,television_episode,asia-28,downloaders,all,full,8,3047291,18164249,16.776311533716587,True
reacher-301,wikidata:Q109901438,unknown,2025,television_episode,asia-28,downloaders,all,audit-filtered,6,2484636,14202595,17.494239609029194,True
reacher-301,wikidata:Q109901438,unknown,2025,television_episode,asia-28,downloaders,without-hosting,full,8,2842917,15340942,18.531567357467356,True
reacher-301,wikidata:Q109901438,unknown,2025,television_episode,asia-28,downloaders,without-hosting,audit-filtered,6,2321747,12061196,19.249724488350907,True
reacher-301,wikidata:Q109901438,unknown,2025,television_episode,eur-27,downloaders,all,full,8,4517844,18164249,24.87217610813417,True
reacher-301,wikidata:Q109901438,unknown,2025,television_episode,eur-27,downloaders,all,audit-filtered,6,3490596,14202595,24.577170580446744,True
reacher-301,wikidata:Q109901438,unknown,2025,television_episode,eur-27,downloaders,without-hosting,full,8,3285190,15340942,21.414525913728113,True
reacher-301,wikidata:Q109901438,unknown,2025,television_episode,eur-27,downloaders,without-hosting,audit-filtered,6,2518409,12061196,20.880259304301166,True
reacher-301,wikidata:Q109901438,unknown,2025,television_episode,usa-can,downloaders,all,full,8,1702091,18164249,9.370555314453133,True
reacher-301,wikidata:Q109901438,unknown,2025,television_episode,usa-can,downloaders,all,audit-filtered,6,1270259,14202595,8.94385145813142,True
reacher-301,wikidata:Q109901438,unknown,2025,television_episode,usa-can,downloaders,without-hosting,full,8,846672,15340942,5.519035271758409,True
reacher-301,wikidata:Q109901438,unknown,2025,television_episode,usa-can,downloaders,without-hosting,audit-filtered,6,648206,12061196,5.374309479756402,True
reacher-301,wikidata:Q109901438,unknown,2025,television_episode,other,downloaders,all,full,8,8889486,18164249,48.939463448227336,True
reacher-301,wikidata:Q109901438,unknown,2025,television_episode,other,downloaders,all,audit-filtered,6,6951936,14202595,48.94835063592252,True
reacher-301,wikidata:Q109901438,unknown,2025,television_episode,other,downloaders,without-hosting,full,8,8358770,15340942,54.486680153017986,True
reacher-301,wikidata:Q109901438,unknown,2025,television_episode,other,downloaders,without-hosting,audit-filtered,6,6567750,12061196,54.45355502058005,True
reacher-301,wikidata:Q109901438,unknown,2025,television_episode,unclassified,downloaders,all,full,8,7537,18164249,0.04149359546876945,True
reacher-301,wikidata:Q109901438,unknown,2025,television_episode,unclassified,downloaders,all,audit-filtered,6,5168,14202595,0.03638771647012395,True
reacher-301,wikidata:Q109901438,unknown,2025,television_episode,unclassified,downloaders,without-hosting,full,8,7393,15340942,0.04819130402813595,True
reacher-301,wikidata:Q109901438,unknown,2025,television_episode,unclassified,downloaders,without-hosting,audit-filtered,6,5084,12061196,0.042151707011477135,True
reacher-301,wikidata:Q109901438,unknown,2025,television_episode,asia-28,uploaders,all,full,8,249823,1879724,13.290408591899661,True
reacher-301,wikidata:Q109901438,unknown,2025,television_episode,asia-28,uploaders,all,audit-filtered,6,168659,1206066,13.984226402203527,True
reacher-301,wikidata:Q109901438,unknown,2025,television_episode,asia-28,uploaders,without-hosting,full,8,224840,1412152,15.921798786532895,True
reacher-301,wikidata:Q109901438,unknown,2025,television_episode,asia-28,uploaders,without-hosting,audit-filtered,6,151303,897831,16.852057903993067,True
reacher-301,wikidata:Q109901438,unknown,2025,television_episode,eur-27,uploaders,all,full,8,500707,1879724,26.637261640538718,True
reacher-301,wikidata:Q109901438,unknown,2025,television_episode,eur-27,uploaders,all,audit-filtered,6,317863,1206066,26.35535700367973,True
reacher-301,wikidata:Q109901438,unknown,2025,television_episode,eur-27,uploaders,without-hosting,full,8,362528,1412152,25.672023974756257,True
reacher-301,wikidata:Q109901438,unknown,2025,television_episode,eur-27,uploaders,without-hosting,audit-filtered,6,227295,897831,25.316011587926905,True
reacher-301,wikidata:Q109901438,unknown,2025,television_episode,usa-can,uploaders,all,full,8,313510,1879724,16.678512377349016,True
reacher-301,wikidata:Q109901438,unknown,2025,television_episode,usa-can,uploaders,all,audit-filtered,6,203825,1206066,16.899987231212886,True
reacher-301,wikidata:Q109901438,unknown,2025,television_episode,usa-can,uploaders,without-hosting,full,8,109060,1412152,7.7229646666931036,True
reacher-301,wikidata:Q109901438,unknown,2025,television_episode,usa-can,uploaders,without-hosting,audit-filtered,6,66154,897831,7.368201810808493,True
reacher-301,wikidata:Q109901438,unknown,2025,television_episode,other,uploaders,all,full,8,813439,1879724,43.27438496289881,True
reacher-301,wikidata:Q109901438,unknown,2025,television_episode,other,uploaders,all,audit-filtered,6,514175,1206066,42.63240983495099,True
reacher-301,wikidata:Q109901438,unknown,2025,television_episode,other,uploaders,without-hosting,full,8,713483,1412152,50.52451860706213,True
reacher-301,wikidata:Q109901438,unknown,2025,television_episode,other,uploaders,without-hosting,audit-filtered,6,451535,897831,50.29175869400812,True
reacher-301,wikidata:Q109901438,unknown,2025,television_episode,unclassified,uploaders,all,full,8,2245,1879724,0.11943242731379713,True
reacher-301,wikidata:Q109901438,unknown,2025,television_episode,unclassified,uploaders,all,audit-filtered,6,1544,1206066,0.12801952795286495,True
reacher-301,wikidata:Q109901438,unknown,2025,television_episode,unclassified,uploaders,without-hosting,full,8,2241,1412152,0.15869396495561383,True
reacher-301,wikidata:Q109901438,unknown,2025,television_episode,unclassified,uploaders,without-hosting,audit-filtered,6,1544,897831,0.1719700032634204,True
reacher-307,wikidata:Q109901438,unknown,2025,television_episode,asia-28,downloaders,all,full,8,2214121,12320364,17.97123039546559,True
reacher-307,wikidata:Q109901438,unknown,2025,television_episode,asia-28,downloaders,all,audit-filtered,5,1463728,8204218,17.841164142639798,True
reacher-307,wikidata:Q109901438,unknown,2025,television_episode,asia-28,downloaders,without-hosting,full,8,2064159,10295965,20.0482324871928,True
reacher-307,wikidata:Q109901438,unknown,2025,television_episode,asia-28,downloaders,without-hosting,audit-filtered,5,1365443,6926042,19.714622002003452,True
reacher-307,wikidata:Q109901438,unknown,2025,television_episode,eur-27,downloaders,all,full,8,2970598,12320364,24.111284374390237,True
reacher-307,wikidata:Q109901438,unknown,2025,television_episode,eur-27,downloaders,all,audit-filtered,5,1978945,8204218,24.121067967720993,True
reacher-307,wikidata:Q109901438,unknown,2025,television_episode,eur-27,downloaders,without-hosting,full,8,2087617,10295965,20.27606931453244,True
reacher-307,wikidata:Q109901438,unknown,2025,television_episode,eur-27,downloaders,without-hosting,audit-filtered,5,1392815,6926042,20.10982607382398,True
reacher-307,wikidata:Q109901438,unknown,2025,television_episode,usa-can,downloaders,all,full,8,1210933,12320364,9.828711229635747,True
reacher-307,wikidata:Q109901438,unknown,2025,television_episode,usa-can,downloaders,all,audit-filtered,5,753134,8204218,9.179838956010189,True
reacher-307,wikidata:Q109901438,unknown,2025,television_episode,usa-can,downloaders,without-hosting,full,8,594800,10295965,5.777020415279189,True
reacher-307,wikidata:Q109901438,unknown,2025,television_episode,usa-can,downloaders,without-hosting,audit-filtered,5,382989,6926042,5.5296950263945845,True
reacher-307,wikidata:Q109901438,unknown,2025,television_episode,other,downloaders,all,full,8,5920882,12320364,48.057687256642744,True
reacher-307,wikidata:Q109901438,unknown,2025,television_episode,other,downloaders,all,audit-filtered,5,4006283,8204218,48.831991056307864,True
reacher-307,wikidata:Q109901438,unknown,2025,television_episode,other,downloaders,without-hosting,full,8,5545645,10295965,53.86231402301775,True
reacher-307,wikidata:Q109901438,unknown,2025,television_episode,other,downloaders,without-hosting,audit-filtered,5,3782717,6926042,54.61585419204793,True
reacher-307,wikidata:Q109901438,unknown,2025,television_episode,unclassified,downloaders,all,full,8,3830,12320364,0.03108674386568449,True
reacher-307,wikidata:Q109901438,unknown,2025,television_episode,unclassified,downloaders,all,audit-filtered,5,2128,8204218,0.02593787732115358,True
reacher-307,wikidata:Q109901438,unknown,2025,television_episode,unclassified,downloaders,without-hosting,full,8,3744,10295965,0.03636375997781655,True
reacher-307,wikidata:Q109901438,unknown,2025,television_episode,unclassified,downloaders,without-hosting,audit-filtered,5,2078,6926042,0.03000270573005477,True
reacher-307,wikidata:Q109901438,unknown,2025,television_episode,asia-28,uploaders,all,full,8,191954,1343822,14.284183470727521,True
reacher-307,wikidata:Q109901438,unknown,2025,television_episode,asia-28,uploaders,all,audit-filtered,5,90337,644698,14.012297230641323,True
reacher-307,wikidata:Q109901438,unknown,2025,television_episode,asia-28,uploaders,without-hosting,full,8,172503,974865,17.695065470603623,True
reacher-307,wikidata:Q109901438,unknown,2025,television_episode,asia-28,uploaders,without-hosting,audit-filtered,5,79462,446824,17.783735878108608,True
reacher-307,wikidata:Q109901438,unknown,2025,television_episode,eur-27,uploaders,all,full,8,349403,1343822,26.000690567649585,True
reacher-307,wikidata:Q109901438,unknown,2025,television_episode,eur-27,uploaders,all,audit-filtered,5,168286,644698,26.103074617883102,True
reacher-307,wikidata:Q109901438,unknown,2025,television_episode,eur-27,uploaders,without-hosting,full,8,238999,974865,24.516112487370044,True
reacher-307,wikidata:Q109901438,unknown,2025,television_episode,eur-27,uploaders,without-hosting,audit-filtered,5,108877,446824,24.36686480582959,True
reacher-307,wikidata:Q109901438,unknown,2025,television_episode,usa-can,uploaders,all,full,8,243479,1343822,18.118396632887393,True
reacher-307,wikidata:Q109901438,unknown,2025,television_episode,usa-can,uploaders,all,audit-filtered,5,129599,644698,20.102280447589415,True
reacher-307,wikidata:Q109901438,unknown,2025,television_episode,usa-can,uploaders,without-hosting,full,8,81995,974865,8.41090817702964,True
reacher-307,wikidata:Q109901438,unknown,2025,television_episode,usa-can,uploaders,without-hosting,audit-filtered,5,39955,446824,8.941999534492329,True
reacher-307,wikidata:Q109901438,unknown,2025,television_episode,other,uploaders,all,full,8,558190,1343822,41.53749529327545,True
reacher-307,wikidata:Q109901438,unknown,2025,television_episode,other,uploaders,all,audit-filtered,5,256108,644698,39.72526671402734,True
reacher-307,wikidata:Q109901438,unknown,2025,television_episode,other,uploaders,without-hosting,full,8,480575,974865,49.29656926856539,True
reacher-307,wikidata:Q109901438,unknown,2025,television_episode,other,uploaders,without-hosting,audit-filtered,5,218162,446824,48.82504073192129,True
reacher-307,wikidata:Q109901438,unknown,2025,television_episode,unclassified,uploaders,all,full,8,796,1343822,0.05923403546005349,True
reacher-307,wikidata:Q109901438,unknown,2025,television_episode,unclassified,uploaders,all,audit-filtered,5,368,644698,0.05708098985881762,True
reacher-307,wikidata:Q109901438,unknown,2025,television_episode,unclassified,uploaders,without-hosting,full,8,793,974865,0.08134459643130075,True
reacher-307,wikidata:Q109901438,unknown,2025,television_episode,unclassified,uploaders,without-hosting,audit-filtered,5,368,446824,0.08235904964818362,True
reservation-dogs-101,wikidata:Q104902493,unknown,2021,television_episode,asia-28,downloaders,all,full,8,637718,3187425,20.007309975921004,False
reservation-dogs-101,wikidata:Q104902493,unknown,2021,television_episode,asia-28,downloaders,all,audit-filtered,7,581879,2876894,20.225945064364556,False
reservation-dogs-101,wikidata:Q104902493,unknown,2021,television_episode,asia-28,downloaders,without-hosting,full,8,567500,2567484,22.10335098485521,False
reservation-dogs-101,wikidata:Q104902493,unknown,2021,television_episode,asia-28,downloaders,without-hosting,audit-filtered,7,518081,2324400,22.288805713302356,False
reservation-dogs-101,wikidata:Q104902493,unknown,2021,television_episode,eur-27,downloaders,all,full,8,564828,3187425,17.720511070848726,False
reservation-dogs-101,wikidata:Q104902493,unknown,2021,television_episode,eur-27,downloaders,all,audit-filtered,7,509618,2876894,17.714173688707334,False
reservation-dogs-101,wikidata:Q104902493,unknown,2021,television_episode,eur-27,downloaders,without-hosting,full,8,423483,2567484,16.49408526012236,False
reservation-dogs-101,wikidata:Q104902493,unknown,2021,television_episode,eur-27,downloaders,without-hosting,audit-filtered,7,384356,2324400,16.535708139734986,False
reservation-dogs-101,wikidata:Q104902493,unknown,2021,television_episode,usa-can,downloaders,all,full,8,1240520,3187425,38.91919025545699,False
reservation-dogs-101,wikidata:Q104902493,unknown,2021,television_episode,usa-can,downloaders,all,audit-filtered,7,1123776,2876894,39.06212741936269,False
reservation-dogs-101,wikidata:Q104902493,unknown,2021,television_episode,usa-can,downloaders,without-hosting,full,8,935662,2567484,36.44275874747418,False
reservation-dogs-101,wikidata:Q104902493,unknown,2021,television_episode,usa-can,downloaders,without-hosting,audit-filtered,7,851478,2324400,36.632163138874546,False
reservation-dogs-101,wikidata:Q104902493,unknown,2021,television_episode,other,downloaders,all,full,8,744088,3187425,23.344486536938124,False
reservation-dogs-101,wikidata:Q104902493,unknown,2021,television_episode,other,downloaders,all,audit-filtered,7,661377,2876894,22.989272458422175,False
reservation-dogs-101,wikidata:Q104902493,unknown,2021,television_episode,other,downloaders,without-hosting,full,8,640568,2567484,24.94924992716605,False
reservation-dogs-101,wikidata:Q104902493,unknown,2021,television_episode,other,downloaders,without-hosting,audit-filtered,7,570241,2324400,24.532825675443124,False
reservation-dogs-101,wikidata:Q104902493,unknown,2021,television_episode,unclassified,downloaders,all,full,8,271,3187425,0.008502160835156905,False
reservation-dogs-101,wikidata:Q104902493,unknown,2021,television_episode,unclassified,downloaders,all,audit-filtered,7,244,2876894,0.00848136914324963,False
reservation-dogs-101,wikidata:Q104902493,unknown,2021,television_episode,unclassified,downloaders,without-hosting,full,8,271,2567484,0.010555080382195176,False
reservation-dogs-101,wikidata:Q104902493,unknown,2021,television_episode,unclassified,downloaders,without-hosting,audit-filtered,7,244,2324400,0.010497332644983651,False
reservation-dogs-101,wikidata:Q104902493,unknown,2021,television_episode,asia-28,uploaders,all,full,8,22202,293179,7.572847987065922,False
reservation-dogs-101,wikidata:Q104902493,unknown,2021,television_episode,asia-28,uploaders,all,audit-filtered,7,18535,248144,7.469453220710555,False
reservation-dogs-101,wikidata:Q104902493,unknown,2021,television_episode,asia-28,uploaders,without-hosting,full,8,19862,183104,10.847387277175812,False
reservation-dogs-101,wikidata:Q104902493,unknown,2021,television_episode,asia-28,uploaders,without-hosting,audit-filtered,7,16571,151291,10.953063962826606,False
reservation-dogs-101,wikidata:Q104902493,unknown,2021,television_episode,eur-27,uploaders,all,full,8,68081,293179,23.221649572445504,False
reservation-dogs-101,wikidata:Q104902493,unknown,2021,television_episode,eur-27,uploaders,all,audit-filtered,7,57427,248144,23.14261074214972,False
reservation-dogs-101,wikidata:Q104902493,unknown,2021,television_episode,eur-27,uploaders,without-hosting,full,8,38833,183104,21.208165851101015,False
reservation-dogs-101,wikidata:Q104902493,unknown,2021,television_episode,eur-27,uploaders,without-hosting,audit-filtered,7,32346,151291,21.37998955654996,False
reservation-dogs-101,wikidata:Q104902493,unknown,2021,television_episode,usa-can,uploaders,all,full,8,103164,293179,35.188059172041655,False
reservation-dogs-101,wikidata:Q104902493,unknown,2021,television_episode,usa-can,uploaders,all,audit-filtered,7,89705,248144,36.15038042426978,False
reservation-dogs-101,wikidata:Q104902493,unknown,2021,television_episode,usa-can,uploaders,without-hosting,full,8,34952,183104,19.08860538273331,False
reservation-dogs-101,wikidata:Q104902493,unknown,2021,television_episode,usa-can,uploaders,without-hosting,audit-filtered,7,28242,151291,18.667336457555308,False
reservation-dogs-101,wikidata:Q104902493,unknown,2021,television_episode,other,uploaders,all,full,8,99713,293179,34.01096258599695,False
reservation-dogs-101,wikidata:Q104902493,unknown,2021,television_episode,other,uploaders,all,audit-filtered,7,82459,248144,33.23030176026823,False
reservation-dogs-101,wikidata:Q104902493,unknown,2021,television_episode,other,uploaders,without-hosting,full,8,89438,183104,48.84546487242223,False
reservation-dogs-101,wikidata:Q104902493,unknown,2021,television_episode,other,uploaders,without-hosting,audit-filtered,7,74114,151291,48.98771242175675,False
reservation-dogs-101,wikidata:Q104902493,unknown,2021,television_episode,unclassified,uploaders,all,full,8,19,293179,0.006480682449970837,False
reservation-dogs-101,wikidata:Q104902493,unknown,2021,television_episode,unclassified,uploaders,all,audit-filtered,7,18,248144,0.007253852601715133,False
reservation-dogs-101,wikidata:Q104902493,unknown,2021,television_episode,unclassified,uploaders,without-hosting,full,8,19,183104,0.010376616567633695,False
reservation-dogs-101,wikidata:Q104902493,unknown,2021,television_episode,unclassified,uploaders,without-hosting,audit-filtered,7,18,151291,0.011897601311380056,False
reservation-dogs-201,wikidata:Q104902493,unknown,2022,television_episode,asia-28,downloaders,all,full,8,152585,884404,17.25286181428397,False
reservation-dogs-201,wikidata:Q104902493,unknown,2022,television_episode,asia-28,downloaders,all,audit-filtered,7,140414,786576,17.851294725493787,False
reservation-dogs-201,wikidata:Q104902493,unknown,2022,television_episode,asia-28,downloaders,without-hosting,full,8,139850,633807,22.06507659271671,False
reservation-dogs-201,wikidata:Q104902493,unknown,2022,television_episode,asia-28,downloaders,without-hosting,audit-filtered,7,129232,569645,22.68640995707853,False
reservation-dogs-201,wikidata:Q104902493,unknown,2022,television_episode,eur-27,downloaders,all,full,8,211220,884404,23.882750417230135,False
reservation-dogs-201,wikidata:Q104902493,unknown,2022,television_episode,eur-27,downloaders,all,audit-filtered,7,188084,786576,23.91173898008584,False
reservation-dogs-201,wikidata:Q104902493,unknown,2022,television_episode,eur-27,downloaders,without-hosting,full,8,101710,633807,16.04747186446347,False
reservation-dogs-201,wikidata:Q104902493,unknown,2022,television_episode,eur-27,downloaders,without-hosting,audit-filtered,7,90865,569645,15.951162566159626,False
reservation-dogs-201,wikidata:Q104902493,unknown,2022,television_episode,usa-can,downloaders,all,full,8,176023,884404,19.903008127507338,False
reservation-dogs-201,wikidata:Q104902493,unknown,2022,television_episode,usa-can,downloaders,all,audit-filtered,7,149153,786576,18.962312605520637,False
reservation-dogs-201,wikidata:Q104902493,unknown,2022,television_episode,usa-can,downloaders,without-hosting,full,8,80778,633807,12.7448892170645,False
reservation-dogs-201,wikidata:Q104902493,unknown,2022,television_episode,usa-can,downloaders,without-hosting,audit-filtered,7,68532,569645,12.03065066839874,False
reservation-dogs-201,wikidata:Q104902493,unknown,2022,television_episode,other,downloaders,all,full,8,344536,884404,38.95685682109082,False
reservation-dogs-201,wikidata:Q104902493,unknown,2022,television_episode,other,downloaders,all,audit-filtered,7,308888,786576,39.269949756921136,False
reservation-dogs-201,wikidata:Q104902493,unknown,2022,television_episode,other,downloaders,without-hosting,full,8,311429,633807,49.136251256297264,False
reservation-dogs-201,wikidata:Q104902493,unknown,2022,television_episode,other,downloaders,without-hosting,audit-filtered,7,280979,569645,49.32528153499109,False
reservation-dogs-201,wikidata:Q104902493,unknown,2022,television_episode,unclassified,downloaders,all,full,8,40,884404,0.00452281988774361,False
reservation-dogs-201,wikidata:Q104902493,unknown,2022,television_episode,unclassified,downloaders,all,audit-filtered,7,37,786576,0.004703931978600923,False
reservation-dogs-201,wikidata:Q104902493,unknown,2022,television_episode,unclassified,downloaders,without-hosting,full,8,40,633807,0.006311069458052688,False
reservation-dogs-201,wikidata:Q104902493,unknown,2022,television_episode,unclassified,downloaders,without-hosting,audit-filtered,7,37,569645,0.006495273372012393,False
reservation-dogs-201,wikidata:Q104902493,unknown,2022,television_episode,asia-28,uploaders,all,full,8,7501,144471,5.192045462411142,False
reservation-dogs-201,wikidata:Q104902493,unknown,2022,television_episode,asia-28,uploaders,all,audit-filtered,7,6111,119806,5.10074620636696,False
reservation-dogs-201,wikidata:Q104902493,unknown,2022,television_episode,asia-28,uploaders,without-hosting,full,8,5846,59602,9.80839569141975,False
reservation-dogs-201,wikidata:Q104902493,unknown,2022,television_episode,asia-28,uploaders,without-hosting,audit-filtered,7,4760,45307,10.506102809720351,False
reservation-dogs-201,wikidata:Q104902493,unknown,2022,television_episode,eur-27,uploaders,all,full,8,49601,144471,34.33284188522264,False
reservation-dogs-201,wikidata:Q104902493,unknown,2022,television_episode,eur-27,uploaders,all,audit-filtered,7,42593,119806,35.55164182094386,False
reservation-dogs-201,wikidata:Q104902493,unknown,2022,television_episode,eur-27,uploaders,without-hosting,full,8,14312,59602,24.012617026274285,False
reservation-dogs-201,wikidata:Q104902493,unknown,2022,television_episode,eur-27,uploaders,without-hosting,audit-filtered,7,11162,45307,24.63636965590306,False
reservation-dogs-201,wikidata:Q104902493,unknown,2022,television_episode,usa-can,uploaders,all,full,8,55343,144471,38.307341957901585,False
reservation-dogs-201,wikidata:Q104902493,unknown,2022,television_episode,usa-can,uploaders,all,audit-filtered,7,46931,119806,39.17249553444736,False
reservation-dogs-201,wikidata:Q104902493,unknown,2022,television_episode,usa-can,uploaders,without-hosting,full,8,12732,59602,21.361699271836514,False
reservation-dogs-201,wikidata:Q104902493,unknown,2022,television_episode,usa-can,uploaders,without-hosting,audit-filtered,7,9387,45307,20.718652746816165,False
reservation-dogs-201,wikidata:Q104902493,unknown,2022,television_episode,other,uploaders,all,full,8,32022,144471,22.165001972714247,False
reservation-dogs-201,wikidata:Q104902493,unknown,2022,television_episode,other,uploaders,all,audit-filtered,7,24168,119806,20.17261239003055,False
reservation-dogs-201,wikidata:Q104902493,unknown,2022,television_episode,other,uploaders,without-hosting,full,8,26708,59602,44.810576826281,False
reservation-dogs-201,wikidata:Q104902493,unknown,2022,television_episode,other,uploaders,without-hosting,audit-filtered,7,19995,45307,44.13225329419295,False
reservation-dogs-201,wikidata:Q104902493,unknown,2022,television_episode,unclassified,uploaders,all,full,8,4,144471,0.0027687217503858906,False
reservation-dogs-201,wikidata:Q104902493,unknown,2022,television_episode,unclassified,uploaders,all,audit-filtered,7,3,119806,0.0025040482112748943,False
reservation-dogs-201,wikidata:Q104902493,unknown,2022,television_episode,unclassified,uploaders,without-hosting,full,8,4,59602,0.006711184188450052,False
reservation-dogs-201,wikidata:Q104902493,unknown,2022,television_episode,unclassified,uploaders,without-hosting,audit-filtered,7,3,45307,0.00662149336747081,False
reservation-dogs-301,wikidata:Q104902493,unknown,2023,television_episode,asia-28,downloaders,all,full,8,115394,1100493,10.485664152338996,False
reservation-dogs-301,wikidata:Q104902493,unknown,2023,television_episode,asia-28,downloaders,all,audit-filtered,7,107567,971881,11.06791880898999,False
reservation-dogs-301,wikidata:Q104902493,unknown,2023,television_episode,asia-28,downloaders,without-hosting,full,8,100702,753310,13.36793617501427,False
reservation-dogs-301,wikidata:Q104902493,unknown,2023,television_episode,asia-28,downloaders,without-hosting,audit-filtered,7,94328,677392,13.92517183551031,False
reservation-dogs-301,wikidata:Q104902493,unknown,2023,television_episode,eur-27,downloaders,all,full,8,289186,1100493,26.277859104964776,False
reservation-dogs-301,wikidata:Q104902493,unknown,2023,television_episode,eur-27,downloaders,all,audit-filtered,7,254660,971881,26.20279643289662,False
reservation-dogs-301,wikidata:Q104902493,unknown,2023,television_episode,eur-27,downloaders,without-hosting,full,8,181579,753310,24.104153668476457,False
reservation-dogs-301,wikidata:Q104902493,unknown,2023,television_episode,eur-27,downloaders,without-hosting,audit-filtered,7,162210,677392,23.94625268677516,False
reservation-dogs-301,wikidata:Q104902493,unknown,2023,television_episode,usa-can,downloaders,all,full,8,287939,1100493,26.164546253360992,False
reservation-dogs-301,wikidata:Q104902493,unknown,2023,television_episode,usa-can,downloaders,all,audit-filtered,7,242928,971881,24.99565275995724,False
reservation-dogs-301,wikidata:Q104902493,unknown,2023,television_episode,usa-can,downloaders,without-hosting,full,8,96890,753310,12.861902802299186,False
reservation-dogs-301,wikidata:Q104902493,unknown,2023,television_episode,usa-can,downloaders,without-hosting,audit-filtered,7,80814,677392,11.930167465810047,False
reservation-dogs-301,wikidata:Q104902493,unknown,2023,television_episode,other,downloaders,all,full,8,407701,1100493,37.047123425591984,False
reservation-dogs-301,wikidata:Q104902493,unknown,2023,television_episode,other,downloaders,all,audit-filtered,7,366492,971881,37.70955497638085,False
reservation-dogs-301,wikidata:Q104902493,unknown,2023,television_episode,other,downloaders,without-hosting,full,8,373872,753310,49.63056377852411,False
reservation-dogs-301,wikidata:Q104902493,unknown,2023,television_episode,other,downloaders,without-hosting,audit-filtered,7,339812,677392,50.16474950988497,False
reservation-dogs-301,wikidata:Q104902493,unknown,2023,television_episode,unclassified,downloaders,all,full,8,273,1100493,0.024807063743249615,False
reservation-dogs-301,wikidata:Q104902493,unknown,2023,television_episode,unclassified,downloaders,all,audit-filtered,7,234,971881,0.02407702177529965,False
reservation-dogs-301,wikidata:Q104902493,unknown,2023,television_episode,unclassified,downloaders,without-hosting,full,8,267,753310,0.035443575685972575,False
reservation-dogs-301,wikidata:Q104902493,unknown,2023,television_episode,unclassified,downloaders,without-hosting,audit-filtered,7,228,677392,0.03365850201951012,False
reservation-dogs-301,wikidata:Q104902493,unknown,2023,television_episode,asia-28,uploaders,all,full,8,6226,156649,3.9744907404451992,False
reservation-dogs-301,wikidata:Q104902493,unknown,2023,television_episode,asia-28,uploaders,all,audit-filtered,7,4934,128546,3.838314688905139,False
reservation-dogs-301,wikidata:Q104902493,unknown,2023,television_episode,asia-28,uploaders,without-hosting,full,8,3729,49081,7.59764470976549,False
reservation-dogs-301,wikidata:Q104902493,unknown,2023,television_episode,asia-28,uploaders,without-hosting,audit-filtered,7,2748,36435,7.542198435570193,False
reservation-dogs-301,wikidata:Q104902493,unknown,2023,television_episode,eur-27,uploaders,all,full,8,40576,156649,25.90249538777777,False
reservation-dogs-301,wikidata:Q104902493,unknown,2023,television_episode,eur-27,uploaders,all,audit-filtered,7,33157,128546,25.793879233892927,False
reservation-dogs-301,wikidata:Q104902493,unknown,2023,television_episode,eur-27,uploaders,without-hosting,full,8,8818,49081,17.966219107190156,False
reservation-dogs-301,wikidata:Q104902493,unknown,2023,television_episode,eur-27,uploaders,without-hosting,audit-filtered,7,6489,36435,17.80979827089337,False
reservation-dogs-301,wikidata:Q104902493,unknown,2023,television_episode,usa-can,uploaders,all,full,8,85897,156649,54.83405575522346,False
reservation-dogs-301,wikidata:Q104902493,unknown,2023,television_episode,usa-can,uploaders,all,audit-filtered,7,73415,128546,57.111851010533194,False
reservation-dogs-301,wikidata:Q104902493,unknown,2023,television_episode,usa-can,uploaders,without-hosting,full,8,18531,49081,37.75595444265602,False
reservation-dogs-301,wikidata:Q104902493,unknown,2023,television_episode,usa-can,uploaders,without-hosting,audit-filtered,7,14475,36435,39.72828324413339,False
reservation-dogs-301,wikidata:Q104902493,unknown,2023,television_episode,other,uploaders,all,full,8,23945,156649,15.285766267259925,False
reservation-dogs-301,wikidata:Q104902493,unknown,2023,television_episode,other,uploaders,all,audit-filtered,7,17037,128546,13.253621271762638,False
reservation-dogs-301,wikidata:Q104902493,unknown,2023,television_episode,other,uploaders,without-hosting,full,8,17998,49081,36.669994498889594,False
reservation-dogs-301,wikidata:Q104902493,unknown,2023,television_episode,other,uploaders,without-hosting,audit-filtered,7,12720,36435,34.91148620831618,False
reservation-dogs-301,wikidata:Q104902493,unknown,2023,television_episode,unclassified,uploaders,all,full,8,5,156649,0.0031918492936437513,False
reservation-dogs-301,wikidata:Q104902493,unknown,2023,television_episode,unclassified,uploaders,all,audit-filtered,7,3,128546,0.0023337949061036515,False
reservation-dogs-301,wikidata:Q104902493,unknown,2023,television_episode,unclassified,uploaders,without-hosting,full,8,5,49081,0.010187241498746969,False
reservation-dogs-301,wikidata:Q104902493,unknown,2023,television_episode,unclassified,uploaders,without-hosting,audit-filtered,7,3,36435,0.008233841086867023,False
reservation-dogs-310,wikidata:Q104902493,unknown,2023,television_episode,asia-28,downloaders,all,full,8,298391,2075114,14.379499150408122,False
reservation-dogs-310,wikidata:Q104902493,unknown,2023,television_episode,asia-28,downloaders,all,audit-filtered,7,271275,1891889,14.338843346517686,False
reservation-dogs-310,wikidata:Q104902493,unknown,2023,television_episode,asia-28,downloaders,without-hosting,full,8,273299,1671267,16.35280299317823,False
reservation-dogs-310,wikidata:Q104902493,unknown,2023,television_episode,asia-28,downloaders,without-hosting,audit-filtered,7,248793,1533272,16.226279485962046,False
reservation-dogs-310,wikidata:Q104902493,unknown,2023,television_episode,eur-27,downloaders,all,full,8,517213,2075114,24.924558361612903,False
reservation-dogs-310,wikidata:Q104902493,unknown,2023,television_episode,eur-27,downloaders,all,audit-filtered,7,475115,1891889,25.11325981598286,False
reservation-dogs-310,wikidata:Q104902493,unknown,2023,television_episode,eur-27,downloaders,without-hosting,full,8,337270,1671267,20.180497790000043,False
reservation-dogs-310,wikidata:Q104902493,unknown,2023,television_episode,eur-27,downloaders,without-hosting,audit-filtered,7,314086,1533272,20.484688952775503,False
reservation-dogs-310,wikidata:Q104902493,unknown,2023,television_episode,usa-can,downloaders,all,full,8,271086,2075114,13.063667827406109,False
reservation-dogs-310,wikidata:Q104902493,unknown,2023,television_episode,usa-can,downloaders,all,audit-filtered,7,240236,1891889,12.698207981546487,False
reservation-dogs-310,wikidata:Q104902493,unknown,2023,television_episode,usa-can,downloaders,without-hosting,full,8,119488,1671267,7.14954582361765,False
reservation-dogs-310,wikidata:Q104902493,unknown,2023,television_episode,usa-can,downloaders,without-hosting,audit-filtered,7,107059,1533272,6.982387991171821,False
reservation-dogs-310,wikidata:Q104902493,unknown,2023,television_episode,other,downloaders,all,full,8,987915,2075114,47.607745887695806,False
reservation-dogs-310,wikidata:Q104902493,unknown,2023,television_episode,other,downloaders,all,audit-filtered,7,904790,1891889,47.82468738916501,False
reservation-dogs-310,wikidata:Q104902493,unknown,2023,television_episode,other,downloaders,without-hosting,full,8,940715,1671267,56.28753514549142,False
reservation-dogs-310,wikidata:Q104902493,unknown,2023,television_episode,other,downloaders,without-hosting,audit-filtered,7,862872,1533272,56.27651193004242,False
reservation-dogs-310,wikidata:Q104902493,unknown,2023,television_episode,unclassified,downloaders,all,full,8,509,2075114,0.024528772877056394,False
reservation-dogs-310,wikidata:Q104902493,unknown,2023,television_episode,unclassified,downloaders,all,audit-filtered,7,473,1891889,0.025001466787956377,False
reservation-dogs-310,wikidata:Q104902493,unknown,2023,television_episode,unclassified,downloaders,without-hosting,full,8,495,1671267,0.029618247712663505,False
reservation-dogs-310,wikidata:Q104902493,unknown,2023,television_episode,unclassified,downloaders,without-hosting,audit-filtered,7,462,1533272,0.030131640048210624,False
reservation-dogs-310,wikidata:Q104902493,unknown,2023,television_episode,asia-28,uploaders,all,full,8,5957,133608,4.458565355367942,False
reservation-dogs-310,wikidata:Q104902493,unknown,2023,television_episode,asia-28,uploaders,all,audit-filtered,7,5212,116389,4.478086417101273,False
reservation-dogs-310,wikidata:Q104902493,unknown,2023,television_episode,asia-28,uploaders,without-hosting,full,8,2916,39638,7.3565770220495486,False
reservation-dogs-310,wikidata:Q104902493,unknown,2023,television_episode,asia-28,uploaders,without-hosting,audit-filtered,7,2522,34695,7.269058942210693,False
reservation-dogs-310,wikidata:Q104902493,unknown,2023,television_episode,eur-27,uploaders,all,full,8,39399,133608,29.488503682414226,False
reservation-dogs-310,wikidata:Q104902493,unknown,2023,television_episode,eur-27,uploaders,all,audit-filtered,7,34103,116389,29.300878949041575,False
reservation-dogs-310,wikidata:Q104902493,unknown,2023,television_episode,eur-27,uploaders,without-hosting,full,8,7355,39638,18.555426610827993,False
reservation-dogs-310,wikidata:Q104902493,unknown,2023,television_episode,eur-27,uploaders,without-hosting,audit-filtered,7,6248,34695,18.008358553105634,False
reservation-dogs-310,wikidata:Q104902493,unknown,2023,television_episode,usa-can,uploaders,all,full,8,68813,133608,51.50365247589965,False
reservation-dogs-310,wikidata:Q104902493,unknown,2023,television_episode,usa-can,uploaders,all,audit-filtered,7,60539,116389,52.01436561874404,False
reservation-dogs-310,wikidata:Q104902493,unknown,2023,television_episode,usa-can,uploaders,without-hosting,full,8,14844,39638,37.4489126595691,False
reservation-dogs-310,wikidata:Q104902493,unknown,2023,television_episode,usa-can,uploaders,without-hosting,audit-filtered,7,13599,34695,39.1958495460441,False
reservation-dogs-310,wikidata:Q104902493,unknown,2023,television_episode,other,uploaders,all,full,8,19438,133608,14.548530028142027,False
reservation-dogs-310,wikidata:Q104902493,unknown,2023,television_episode,other,uploaders,all,audit-filtered,7,16534,116389,14.205809827389187,False
reservation-dogs-310,wikidata:Q104902493,unknown,2023,television_episode,other,uploaders,without-hosting,full,8,14522,39638,36.63656087592714,False
reservation-dogs-310,wikidata:Q104902493,unknown,2023,television_episode,other,uploaders,without-hosting,audit-filtered,7,12325,34695,35.523850698947975,False
reservation-dogs-310,wikidata:Q104902493,unknown,2023,television_episode,unclassified,uploaders,all,full,8,1,133608,0.0007484581761571164,False
reservation-dogs-310,wikidata:Q104902493,unknown,2023,television_episode,unclassified,uploaders,all,audit-filtered,7,1,116389,0.0008591877239258006,False
reservation-dogs-310,wikidata:Q104902493,unknown,2023,television_episode,unclassified,uploaders,without-hosting,full,8,1,39638,0.002522831626217266,False
reservation-dogs-310,wikidata:Q104902493,unknown,2023,television_episode,unclassified,uploaders,without-hosting,audit-filtered,7,1,34695,0.002882259691598213,False
season-2026-01,wikidata:Q139935669,unknown,2026,television_season,asia-28,downloaders,all,full,8,2380122,7859955,30.281623749754292,True
season-2026-01,wikidata:Q139935669,unknown,2026,television_season,asia-28,downloaders,all,audit-filtered,7,2129994,7139458,29.834113457912352,True
season-2026-01,wikidata:Q139935669,unknown,2026,television_season,asia-28,downloaders,without-hosting,full,8,2269505,6500841,34.910944599321844,True
season-2026-01,wikidata:Q139935669,unknown,2026,television_season,asia-28,downloaders,without-hosting,audit-filtered,7,2030267,5900179,34.410261112417096,True
season-2026-01,wikidata:Q139935669,unknown,2026,television_season,eur-27,downloaders,all,full,8,2396568,7859955,30.490861588902227,True
season-2026-01,wikidata:Q139935669,unknown,2026,television_season,eur-27,downloaders,all,audit-filtered,7,2208583,7139458,30.934883292261123,True
season-2026-01,wikidata:Q139935669,unknown,2026,television_season,eur-27,downloaders,without-hosting,full,8,1588129,6500841,24.429593032655312,True
season-2026-01,wikidata:Q139935669,unknown,2026,television_season,eur-27,downloaders,without-hosting,audit-filtered,7,1465453,5900179,24.83743289822224,True
season-2026-01,wikidata:Q139935669,unknown,2026,television_season,usa-can,downloaders,all,full,8,721744,7859955,9.182546210506294,True
season-2026-01,wikidata:Q139935669,unknown,2026,television_season,usa-can,downloaders,all,audit-filtered,7,656439,7139458,9.194521488886132,True
season-2026-01,wikidata:Q139935669,unknown,2026,television_season,usa-can,downloaders,without-hosting,full,8,429004,6500841,6.599207702511106,True
season-2026-01,wikidata:Q139935669,unknown,2026,television_season,usa-can,downloaders,without-hosting,audit-filtered,7,392580,5900179,6.6536964387012665,True
season-2026-01,wikidata:Q139935669,unknown,2026,television_season,other,downloaders,all,full,8,2360214,7859955,30.02833985690758,True
season-2026-01,wikidata:Q139935669,unknown,2026,television_season,other,downloaders,all,audit-filtered,7,2143219,7139458,30.01935160904371,True
season-2026-01,wikidata:Q139935669,unknown,2026,television_season,other,downloaders,without-hosting,full,8,2212935,6500841,34.04074949687279,True
season-2026-01,wikidata:Q139935669,unknown,2026,television_season,other,downloaders,without-hosting,audit-filtered,7,2010693,5900179,34.07850846559062,True
season-2026-01,wikidata:Q139935669,unknown,2026,television_season,unclassified,downloaders,all,full,8,1307,7859955,0.016628593929609012,True
season-2026-01,wikidata:Q139935669,unknown,2026,television_season,unclassified,downloaders,all,audit-filtered,7,1223,7139458,0.017130151896684594,True
season-2026-01,wikidata:Q139935669,unknown,2026,television_season,unclassified,downloaders,without-hosting,full,8,1268,6500841,0.019505168638949945,True
season-2026-01,wikidata:Q139935669,unknown,2026,television_season,unclassified,downloaders,without-hosting,audit-filtered,7,1186,5900179,0.020101085068775032,True
season-2026-01,wikidata:Q139935669,unknown,2026,television_season,asia-28,uploaders,all,full,8,28145,95367,29.512305095053843,True
season-2026-01,wikidata:Q139935669,unknown,2026,television_season,asia-28,uploaders,all,audit-filtered,7,20932,74536,28.083073950842547,True
season-2026-01,wikidata:Q139935669,unknown,2026,television_season,asia-28,uploaders,without-hosting,full,8,24774,55127,44.93986612730604,True
season-2026-01,wikidata:Q139935669,unknown,2026,television_season,asia-28,uploaders,without-hosting,audit-filtered,7,18008,41331,43.57020154363553,True
season-2026-01,wikidata:Q139935669,unknown,2026,television_season,eur-27,uploaders,all,full,8,22584,95367,23.681147566768377,True
season-2026-01,wikidata:Q139935669,unknown,2026,television_season,eur-27,uploaders,all,audit-filtered,7,17930,74536,24.055489964580875,True
season-2026-01,wikidata:Q139935669,unknown,2026,television_season,eur-27,uploaders,without-hosting,full,8,9450,55127,17.142235202350935,True
season-2026-01,wikidata:Q139935669,unknown,2026,television_season,eur-27,uploaders,without-hosting,audit-filtered,7,7206,41331,17.434855193438338,True
season-2026-01,wikidata:Q139935669,unknown,2026,television_season,usa-can,uploaders,all,full,8,23876,95367,25.035913890549143,True
season-2026-01,wikidata:Q139935669,unknown,2026,television_season,usa-can,uploaders,all,audit-filtered,7,19734,74536,26.475796930342383,True
season-2026-01,wikidata:Q139935669,unknown,2026,television_season,usa-can,uploaders,without-hosting,full,8,6318,55127,11.460808678143197,True
season-2026-01,wikidata:Q139935669,unknown,2026,television_season,usa-can,uploaders,without-hosting,audit-filtered,7,5186,41331,12.54748251917447,True
season-2026-01,wikidata:Q139935669,unknown,2026,television_season,other,uploaders,all,full,8,20759,95367,21.767487705390753,True
season-2026-01,wikidata:Q139935669,unknown,2026,television_season,other,uploaders,all,audit-filtered,7,15937,74536,21.38161425351508,True
season-2026-01,wikidata:Q139935669,unknown,2026,television_season,other,uploaders,without-hosting,full,8,14582,55127,26.451648012770512,True
season-2026-01,wikidata:Q139935669,unknown,2026,television_season,other,uploaders,without-hosting,audit-filtered,7,10928,41331,26.440202269482956,True
season-2026-01,wikidata:Q139935669,unknown,2026,television_season,unclassified,uploaders,all,full,8,3,95367,0.0031457422378810282,True
season-2026-01,wikidata:Q139935669,unknown,2026,television_season,unclassified,uploaders,all,audit-filtered,7,3,74536,0.004024900719115595,True
season-2026-01,wikidata:Q139935669,unknown,2026,television_season,unclassified,uploaders,without-hosting,full,8,3,55127,0.005441979429317757,True
season-2026-01,wikidata:Q139935669,unknown,2026,television_season,unclassified,uploaders,without-hosting,audit-filtered,7,3,41331,0.007258474268708718,True
shadow-and-bone-01,wikidata:Q85800564,unknown,2021,television_season,asia-28,downloaders,all,full,8,2347622,11286276,20.800678629514287,True
shadow-and-bone-01,wikidata:Q85800564,unknown,2021,television_season,asia-28,downloaders,all,audit-filtered,7,2028326,9670890,20.9735195002735,True
shadow-and-bone-01,wikidata:Q85800564,unknown,2021,television_season,asia-28,downloaders,without-hosting,full,8,2140811,9675898,22.125191894333735,True
shadow-and-bone-01,wikidata:Q85800564,unknown,2021,television_season,asia-28,downloaders,without-hosting,audit-filtered,7,1845076,8275836,22.294738561759804,True
shadow-and-bone-01,wikidata:Q85800564,unknown,2021,television_season,eur-27,downloaders,all,full,8,1725379,11286276,15.287407467263781,True
shadow-and-bone-01,wikidata:Q85800564,unknown,2021,television_season,eur-27,downloaders,all,audit-filtered,7,1474194,9670890,15.243622872351976,True
shadow-and-bone-01,wikidata:Q85800564,unknown,2021,television_season,eur-27,downloaders,without-hosting,full,8,1361322,9675898,14.069205772942212,True
shadow-and-bone-01,wikidata:Q85800564,unknown,2021,television_season,eur-27,downloaders,without-hosting,audit-filtered,7,1165145,8275836,14.078879765137927,True
shadow-and-bone-01,wikidata:Q85800564,unknown,2021,television_season,usa-can,downloaders,all,full,8,3303107,11286276,29.266580048193045,True
shadow-and-bone-01,wikidata:Q85800564,unknown,2021,television_season,usa-can,downloaders,all,audit-filtered,7,2974514,9670890,30.757396682208153,True
shadow-and-bone-01,wikidata:Q85800564,unknown,2021,television_season,usa-can,downloaders,without-hosting,full,8,2590130,9675898,26.768884913834356,True
shadow-and-bone-01,wikidata:Q85800564,unknown,2021,television_season,usa-can,downloaders,without-hosting,audit-filtered,7,2345410,8275836,28.340460105782668,True
shadow-and-bone-01,wikidata:Q85800564,unknown,2021,television_season,other,downloaders,all,full,8,3906452,11286276,34.6124089114957,True
shadow-and-bone-01,wikidata:Q85800564,unknown,2021,television_season,other,downloaders,all,audit-filtered,7,3190561,9670890,32.99138962391259,True
shadow-and-bone-01,wikidata:Q85800564,unknown,2021,television_season,other,downloaders,without-hosting,full,8,3579919,9675898,36.99831271474751,True
shadow-and-bone-01,wikidata:Q85800564,unknown,2021,television_season,other,downloaders,without-hosting,audit-filtered,7,2916910,8275836,35.24610685856994,True
shadow-and-bone-01,wikidata:Q85800564,unknown,2021,television_season,unclassified,downloaders,all,full,8,3716,11286276,0.03292494353319022,True
shadow-and-bone-01,wikidata:Q85800564,unknown,2021,television_season,unclassified,downloaders,all,audit-filtered,7,3295,9670890,0.03407132125378326,True
shadow-and-bone-01,wikidata:Q85800564,unknown,2021,television_season,unclassified,downloaders,without-hosting,full,8,3716,9675898,0.03840470414218918,True
shadow-and-bone-01,wikidata:Q85800564,unknown,2021,television_season,unclassified,downloaders,without-hosting,audit-filtered,7,3295,8275836,0.039814708749665896,True
shadow-and-bone-01,wikidata:Q85800564,unknown,2021,television_season,asia-28,uploaders,all,full,8,324867,2118698,15.333332074698706,True
shadow-and-bone-01,wikidata:Q85800564,unknown,2021,television_season,asia-28,uploaders,all,audit-filtered,7,263313,1733015,15.193925038156046,True
shadow-and-bone-01,wikidata:Q85800564,unknown,2021,television_season,asia-28,uploaders,without-hosting,full,8,305120,1825026,16.7186659258553,True
shadow-and-bone-01,wikidata:Q85800564,unknown,2021,television_season,asia-28,uploaders,without-hosting,audit-filtered,7,246978,1485213,16.629129963177,True
shadow-and-bone-01,wikidata:Q85800564,unknown,2021,television_season,eur-27,uploaders,all,full,8,322436,2118698,15.218591795527253,True
shadow-and-bone-01,wikidata:Q85800564,unknown,2021,television_season,eur-27,uploaders,all,audit-filtered,7,259438,1733015,14.970326281076622,True
shadow-and-bone-01,wikidata:Q85800564,unknown,2021,television_season,eur-27,uploaders,without-hosting,full,8,254592,1825026,13.950047834934955,True
shadow-and-bone-01,wikidata:Q85800564,unknown,2021,television_season,eur-27,uploaders,without-hosting,audit-filtered,7,205713,1485213,13.850740600843112,True
shadow-and-bone-01,wikidata:Q85800564,unknown,2021,television_season,usa-can,uploaders,all,full,8,225837,2118698,10.659235058512351,True
shadow-and-bone-01,wikidata:Q85800564,unknown,2021,television_season,usa-can,uploaders,all,audit-filtered,7,191122,1733015,11.028294619492618,True
shadow-and-bone-01,wikidata:Q85800564,unknown,2021,television_season,usa-can,uploaders,without-hosting,full,8,89997,1825026,4.931272212012322,True
shadow-and-bone-01,wikidata:Q85800564,unknown,2021,television_season,usa-can,uploaders,without-hosting,audit-filtered,7,70580,1485213,4.752180326996869,True
shadow-and-bone-01,wikidata:Q85800564,unknown,2021,television_season,other,uploaders,all,full,8,1245163,2118698,58.770197545851275,True
shadow-and-bone-01,wikidata:Q85800564,unknown,2021,television_season,other,uploaders,all,audit-filtered,7,1018845,1733015,58.790316298474046,True
shadow-and-bone-01,wikidata:Q85800564,unknown,2021,television_season,other,uploaders,without-hosting,full,8,1174922,1825026,64.37837049992713,True
shadow-and-bone-01,wikidata:Q85800564,unknown,2021,television_season,other,uploaders,without-hosting,audit-filtered,7,961645,1485213,64.74795197725848,True
shadow-and-bone-01,wikidata:Q85800564,unknown,2021,television_season,unclassified,uploaders,all,full,8,395,2118698,0.018643525410417153,True
shadow-and-bone-01,wikidata:Q85800564,unknown,2021,television_season,unclassified,uploaders,all,audit-filtered,7,297,1733015,0.0171377628006682,True
shadow-and-bone-01,wikidata:Q85800564,unknown,2021,television_season,unclassified,uploaders,without-hosting,full,8,395,1825026,0.021643527270296423,True
shadow-and-bone-01,wikidata:Q85800564,unknown,2021,television_season,unclassified,uploaders,without-hosting,audit-filtered,7,297,1485213,0.01999713172454052,True
shang-chi-and-the-legend-of-the-ten-rings,wikidata:Q65768589,usa-only,2021,film,asia-28,downloaders,all,full,8,10770753,30713932,35.06797175952594,True
shang-chi-and-the-legend-of-the-ten-rings,wikidata:Q65768589,usa-only,2021,film,asia-28,downloaders,all,audit-filtered,7,7567089,23021995,32.86895423268053,True
shang-chi-and-the-legend-of-the-ten-rings,wikidata:Q65768589,usa-only,2021,film,asia-28,downloaders,without-hosting,full,8,10427671,27701834,37.64252937188202,True
shang-chi-and-the-legend-of-the-ten-rings,wikidata:Q65768589,usa-only,2021,film,asia-28,downloaders,without-hosting,audit-filtered,7,7314043,20790430,35.179854384926145,True
shang-chi-and-the-legend-of-the-ten-rings,wikidata:Q65768589,usa-only,2021,film,eur-27,downloaders,all,full,8,3976043,30713932,12.945405361970588,True
shang-chi-and-the-legend-of-the-ten-rings,wikidata:Q65768589,usa-only,2021,film,eur-27,downloaders,all,audit-filtered,7,2996262,23021995,13.014779996260097,True
shang-chi-and-the-legend-of-the-ten-rings,wikidata:Q65768589,usa-only,2021,film,eur-27,downloaders,without-hosting,full,8,3132031,27701834,11.306222541077966,True
shang-chi-and-the-legend-of-the-ten-rings,wikidata:Q65768589,usa-only,2021,film,eur-27,downloaders,without-hosting,audit-filtered,7,2353724,20790430,11.321189605025005,True
shang-chi-and-the-legend-of-the-ten-rings,wikidata:Q65768589,usa-only,2021,film,usa-can,downloaders,all,full,8,2645480,30713932,8.61328989072451,True
shang-chi-and-the-legend-of-the-ten-rings,wikidata:Q65768589,usa-only,2021,film,usa-can,downloaders,all,audit-filtered,7,1894530,23021995,8.229217320219208,True
shang-chi-and-the-legend-of-the-ten-rings,wikidata:Q65768589,usa-only,2021,film,usa-can,downloaders,without-hosting,full,8,1513642,27701834,5.46404978096396,True
shang-chi-and-the-legend-of-the-ten-rings,wikidata:Q65768589,usa-only,2021,film,usa-can,downloaders,without-hosting,audit-filtered,7,1065982,20790430,5.127272499895384,True
shang-chi-and-the-legend-of-the-ten-rings,wikidata:Q65768589,usa-only,2021,film,other,downloaders,all,full,8,13313238,30713932,43.345925230283115,True
shang-chi-and-the-legend-of-the-ten-rings,wikidata:Q65768589,usa-only,2021,film,other,downloaders,all,audit-filtered,7,10558070,23021995,45.860795295976736,True
shang-chi-and-the-legend-of-the-ten-rings,wikidata:Q65768589,usa-only,2021,film,other,downloaders,without-hosting,full,8,12620239,27701834,45.5574132745146,True
shang-chi-and-the-legend-of-the-ten-rings,wikidata:Q65768589,usa-only,2021,film,other,downloaders,without-hosting,audit-filtered,7,10050770,20790430,48.34325215976774,True
shang-chi-and-the-legend-of-the-ten-rings,wikidata:Q65768589,usa-only,2021,film,unclassified,downloaders,all,full,8,8418,30713932,0.027407757495849117,True
shang-chi-and-the-legend-of-the-ten-rings,wikidata:Q65768589,usa-only,2021,film,unclassified,downloaders,all,audit-filtered,7,6044,23021995,0.026253154863425172,True
shang-chi-and-the-legend-of-the-ten-rings,wikidata:Q65768589,usa-only,2021,film,unclassified,downloaders,without-hosting,full,8,8251,27701834,0.029785031561448242,True
shang-chi-and-the-legend-of-the-ten-rings,wikidata:Q65768589,usa-only,2021,film,unclassified,downloaders,without-hosting,audit-filtered,7,5911,20790430,0.02843135038573036,True
shang-chi-and-the-legend-of-the-ten-rings,wikidata:Q65768589,usa-only,2021,film,asia-28,uploaders,all,full,8,3008020,9693037,31.032791889683285,True
shang-chi-and-the-legend-of-the-ten-rings,wikidata:Q65768589,usa-only,2021,film,asia-28,uploaders,all,audit-filtered,7,2167870,7514958,28.84740007861654,True
shang-chi-and-the-legend-of-the-ten-rings,wikidata:Q65768589,usa-only,2021,film,asia-28,uploaders,without-hosting,full,8,2922455,8713306,33.54013964389636,True
shang-chi-and-the-legend-of-the-ten-rings,wikidata:Q65768589,usa-only,2021,film,asia-28,uploaders,without-hosting,audit-filtered,7,2104384,6756144,31.147707923336153,True
shang-chi-and-the-legend-of-the-ten-rings,wikidata:Q65768589,usa-only,2021,film,eur-27,uploaders,all,full,8,1446289,9693037,14.920906626065701,True
shang-chi-and-the-legend-of-the-ten-rings,wikidata:Q65768589,usa-only,2021,film,eur-27,uploaders,all,audit-filtered,7,1139993,7514958,15.169652312095424,True
shang-chi-and-the-legend-of-the-ten-rings,wikidata:Q65768589,usa-only,2021,film,eur-27,uploaders,without-hosting,full,8,1169619,8713306,13.423366515533829,True
shang-chi-and-the-legend-of-the-ten-rings,wikidata:Q65768589,usa-only,2021,film,eur-27,uploaders,without-hosting,audit-filtered,7,922770,6756144,13.658234637982849,True
shang-chi-and-the-legend-of-the-ten-rings,wikidata:Q65768589,usa-only,2021,film,usa-can,uploaders,all,full,8,842135,9693037,8.688040703857832,True
shang-chi-and-the-legend-of-the-ten-rings,wikidata:Q65768589,usa-only,2021,film,usa-can,uploaders,all,audit-filtered,7,636925,7514958,8.475429935869236,True
shang-chi-and-the-legend-of-the-ten-rings,wikidata:Q65768589,usa-only,2021,film,usa-can,uploaders,without-hosting,full,8,438010,8713306,5.026909418767113,True
shang-chi-and-the-legend-of-the-ten-rings,wikidata:Q65768589,usa-only,2021,film,usa-can,uploaders,without-hosting,audit-filtered,7,319525,6756144,4.729398899727419,True
shang-chi-and-the-legend-of-the-ten-rings,wikidata:Q65768589,usa-only,2021,film,other,uploaders,all,full,8,4394432,9693037,45.335966426208834,True
shang-chi-and-the-legend-of-the-ten-rings,wikidata:Q65768589,usa-only,2021,film,other,uploaders,all,audit-filtered,7,3568573,7514958,47.48626672298102,True
shang-chi-and-the-legend-of-the-ten-rings,wikidata:Q65768589,usa-only,2021,film,other,uploaders,without-hosting,full,8,4181103,8713306,47.985265294252265,True
shang-chi-and-the-legend-of-the-ten-rings,wikidata:Q65768589,usa-only,2021,film,other,uploaders,without-hosting,audit-filtered,7,3407904,6756144,50.441553643616835,True
shang-chi-and-the-legend-of-the-ten-rings,wikidata:Q65768589,usa-only,2021,film,unclassified,uploaders,all,full,8,2161,9693037,0.022294354184349035,True
shang-chi-and-the-legend-of-the-ten-rings,wikidata:Q65768589,usa-only,2021,film,unclassified,uploaders,all,audit-filtered,7,1597,7514958,0.021250950437780223,True
shang-chi-and-the-legend-of-the-ten-rings,wikidata:Q65768589,usa-only,2021,film,unclassified,uploaders,without-hosting,full,8,2119,8713306,0.024319127550438375,True
shang-chi-and-the-legend-of-the-ten-rings,wikidata:Q65768589,usa-only,2021,film,unclassified,uploaders,without-hosting,audit-filtered,7,1561,6756144,0.0231048953367483,True
shogun-2024-101,wikidata:Q56276181,unknown,2024,television_episode,asia-28,downloaders,all,full,8,2940288,17401435,16.89681339498725,True
shogun-2024-101,wikidata:Q56276181,unknown,2024,television_episode,asia-28,downloaders,all,audit-filtered,6,2276860,13298526,17.121145606663475,True
shogun-2024-101,wikidata:Q56276181,unknown,2024,television_episode,asia-28,downloaders,without-hosting,full,8,2760727,14477173,19.06951723240442,True
shogun-2024-101,wikidata:Q56276181,unknown,2024,television_episode,asia-28,downloaders,without-hosting,audit-filtered,6,2139823,11111737,19.2573222350385,True
shogun-2024-101,wikidata:Q56276181,unknown,2024,television_episode,eur-27,downloaders,all,full,8,4906529,17401435,28.196117159303242,True
shogun-2024-101,wikidata:Q56276181,unknown,2024,television_episode,eur-27,downloaders,all,audit-filtered,6,3691304,13298526,27.7572416672344,True
shogun-2024-101,wikidata:Q56276181,unknown,2024,television_episode,eur-27,downloaders,without-hosting,full,8,3618258,14477173,24.99284908731836,True
shogun-2024-101,wikidata:Q56276181,unknown,2024,television_episode,eur-27,downloaders,without-hosting,audit-filtered,6,2704179,11111737,24.336240139592938,True
shogun-2024-101,wikidata:Q56276181,unknown,2024,television_episode,usa-can,downloaders,all,full,8,1921939,17401435,11.04471556512437,True
shogun-2024-101,wikidata:Q56276181,unknown,2024,television_episode,usa-can,downloaders,all,audit-filtered,6,1420941,13298526,10.684951099091734,True
shogun-2024-101,wikidata:Q56276181,unknown,2024,television_episode,usa-can,downloaders,without-hosting,full,8,1005460,14477173,6.945140463542157,True
shogun-2024-101,wikidata:Q56276181,unknown,2024,television_episode,usa-can,downloaders,without-hosting,audit-filtered,6,753763,11111737,6.783484886296355,True
shogun-2024-101,wikidata:Q56276181,unknown,2024,television_episode,other,downloaders,all,full,8,7626459,17401435,43.82660970201596,True
shogun-2024-101,wikidata:Q56276181,unknown,2024,television_episode,other,downloaders,all,audit-filtered,6,5904674,13298526,44.400965941638944,True
shogun-2024-101,wikidata:Q56276181,unknown,2024,television_episode,other,downloaders,without-hosting,full,8,7086627,14477173,48.950351011209165,True
shogun-2024-101,wikidata:Q56276181,unknown,2024,television_episode,other,downloaders,without-hosting,audit-filtered,6,5509308,11111737,49.580979103447106,True
shogun-2024-101,wikidata:Q56276181,unknown,2024,television_episode,unclassified,downloaders,all,full,8,6220,17401435,0.03574417856918122,True
shogun-2024-101,wikidata:Q56276181,unknown,2024,television_episode,unclassified,downloaders,all,audit-filtered,6,4747,13298526,0.03569568537144643,True
shogun-2024-101,wikidata:Q56276181,unknown,2024,television_episode,unclassified,downloaders,without-hosting,full,8,6101,14477173,0.04214220552589929,True
shogun-2024-101,wikidata:Q56276181,unknown,2024,television_episode,unclassified,downloaders,without-hosting,audit-filtered,6,4664,11111737,0.04197363562510524,True
shogun-2024-101,wikidata:Q56276181,unknown,2024,television_episode,asia-28,uploaders,all,full,8,519960,3733421,13.927172960134953,True
shogun-2024-101,wikidata:Q56276181,unknown,2024,television_episode,asia-28,uploaders,all,audit-filtered,6,357208,2572781,13.884119946470376,True
shogun-2024-101,wikidata:Q56276181,unknown,2024,television_episode,asia-28,uploaders,without-hosting,full,8,482089,2926052,16.47574957656255,True
shogun-2024-101,wikidata:Q56276181,unknown,2024,television_episode,asia-28,uploaders,without-hosting,audit-filtered,6,330740,2001121,16.52773620385774,True
shogun-2024-101,wikidata:Q56276181,unknown,2024,television_episode,eur-27,uploaders,all,full,8,1204458,3733421,32.261510287749495,True
shogun-2024-101,wikidata:Q56276181,unknown,2024,television_episode,eur-27,uploaders,all,audit-filtered,6,833041,2572781,32.37900932881578,True
shogun-2024-101,wikidata:Q56276181,unknown,2024,television_episode,eur-27,uploaders,without-hosting,full,8,898203,2926052,30.696754534779288,True
shogun-2024-101,wikidata:Q56276181,unknown,2024,television_episode,eur-27,uploaders,without-hosting,audit-filtered,6,609900,2001121,30.477917127450063,True
shogun-2024-101,wikidata:Q56276181,unknown,2024,television_episode,usa-can,uploaders,all,full,8,548985,3733421,14.704610061388736,True
shogun-2024-101,wikidata:Q56276181,unknown,2024,television_episode,usa-can,uploaders,all,audit-filtered,6,372592,2572781,14.482072123511484,True
shogun-2024-101,wikidata:Q56276181,unknown,2024,television_episode,usa-can,uploaders,without-hosting,full,8,237195,2926052,8.106315267124439,True
shogun-2024-101,wikidata:Q56276181,unknown,2024,television_episode,usa-can,uploaders,without-hosting,audit-filtered,6,153903,2001121,7.690839284580992,True
shogun-2024-101,wikidata:Q56276181,unknown,2024,television_episode,other,uploaders,all,full,8,1458327,3733421,39.06141311145997,True
shogun-2024-101,wikidata:Q56276181,unknown,2024,television_episode,other,uploaders,all,audit-filtered,6,1008727,2572781,39.20765117590654,True
shogun-2024-101,wikidata:Q56276181,unknown,2024,television_episode,other,uploaders,without-hosting,full,8,1306884,2926052,44.6637311982152,True
shogun-2024-101,wikidata:Q56276181,unknown,2024,television_episode,other,uploaders,without-hosting,audit-filtered,6,905371,2001121,45.24319119133725,True
shogun-2024-101,wikidata:Q56276181,unknown,2024,television_episode,unclassified,uploaders,all,full,8,1691,3733421,0.045293579266844,True
shogun-2024-101,wikidata:Q56276181,unknown,2024,television_episode,unclassified,uploaders,all,audit-filtered,6,1213,2572781,0.04714742529581803,True
shogun-2024-101,wikidata:Q56276181,unknown,2024,television_episode,unclassified,uploaders,without-hosting,full,8,1681,2926052,0.05744942331851929,True
shogun-2024-101,wikidata:Q56276181,unknown,2024,television_episode,unclassified,uploaders,without-hosting,audit-filtered,6,1207,2001121,0.0603161927739502,True
shogun-2024-110,wikidata:Q56276181,unknown,2024,television_episode,asia-28,downloaders,all,full,8,2784053,13999313,19.887068744016226,True
shogun-2024-110,wikidata:Q56276181,unknown,2024,television_episode,asia-28,downloaders,all,audit-filtered,7,2403120,11938690,20.128841606574927,True
shogun-2024-110,wikidata:Q56276181,unknown,2024,television_episode,asia-28,downloaders,without-hosting,full,8,2630056,11689304,22.49968004938532,True
shogun-2024-110,wikidata:Q56276181,unknown,2024,television_episode,asia-28,downloaders,without-hosting,audit-filtered,7,2270956,9975113,22.76621828745198,True
shogun-2024-110,wikidata:Q56276181,unknown,2024,television_episode,eur-27,downloaders,all,full,8,3108082,13999313,22.201675182203584,True
shogun-2024-110,wikidata:Q56276181,unknown,2024,television_episode,eur-27,downloaders,all,audit-filtered,7,2586167,11938690,21.662066776170583,True
shogun-2024-110,wikidata:Q56276181,unknown,2024,television_episode,eur-27,downloaders,without-hosting,full,8,2057442,11689304,17.601065042024743,True
shogun-2024-110,wikidata:Q56276181,unknown,2024,television_episode,eur-27,downloaders,without-hosting,audit-filtered,7,1656385,9975113,16.605175299768533,True
shogun-2024-110,wikidata:Q56276181,unknown,2024,television_episode,usa-can,downloaders,all,full,8,1449205,13999313,10.351972271782193,True
shogun-2024-110,wikidata:Q56276181,unknown,2024,television_episode,usa-can,downloaders,all,audit-filtered,7,1208109,11938690,10.119276067977307,True
shogun-2024-110,wikidata:Q56276181,unknown,2024,television_episode,usa-can,downloaders,without-hosting,full,8,749369,11689304,6.410723854901883,True
shogun-2024-110,wikidata:Q56276181,unknown,2024,television_episode,usa-can,downloaders,without-hosting,audit-filtered,7,636251,9975113,6.378383883972041,True
shogun-2024-110,wikidata:Q56276181,unknown,2024,television_episode,other,downloaders,all,full,8,6654062,13999313,47.531346716799604,True
shogun-2024-110,wikidata:Q56276181,unknown,2024,television_episode,other,downloaders,all,audit-filtered,7,5738406,11938690,48.065625290546954,True
shogun-2024-110,wikidata:Q56276181,unknown,2024,television_episode,other,downloaders,without-hosting,full,8,6248569,11689304,53.45544097407339,True
shogun-2024-110,wikidata:Q56276181,unknown,2024,television_episode,other,downloaders,without-hosting,audit-filtered,7,5408667,9975113,54.22161132410229,True
shogun-2024-110,wikidata:Q56276181,unknown,2024,television_episode,unclassified,downloaders,all,full,8,3911,13999313,0.027937085198395092,True
shogun-2024-110,wikidata:Q56276181,unknown,2024,television_episode,unclassified,downloaders,all,audit-filtered,7,2888,11938690,0.024190258730229196,True
shogun-2024-110,wikidata:Q56276181,unknown,2024,television_episode,unclassified,downloaders,without-hosting,full,8,3868,11689304,0.033090079614663113,True
shogun-2024-110,wikidata:Q56276181,unknown,2024,television_episode,unclassified,downloaders,without-hosting,audit-filtered,7,2854,9975113,0.028611204705149707,True
shogun-2024-110,wikidata:Q56276181,unknown,2024,television_episode,asia-28,uploaders,all,full,8,422686,2561574,16.501026322097275,True
shogun-2024-110,wikidata:Q56276181,unknown,2024,television_episode,asia-28,uploaders,all,audit-filtered,7,302402,1891184,15.990088748635776,True
shogun-2024-110,wikidata:Q56276181,unknown,2024,television_episode,asia-28,uploaders,without-hosting,full,8,396074,2056573,19.25893221393065,True
shogun-2024-110,wikidata:Q56276181,unknown,2024,television_episode,asia-28,uploaders,without-hosting,audit-filtered,7,282753,1509512,18.731417835697894,True
shogun-2024-110,wikidata:Q56276181,unknown,2024,television_episode,eur-27,uploaders,all,full,8,568181,2561574,22.180932504780262,True
shogun-2024-110,wikidata:Q56276181,unknown,2024,television_episode,eur-27,uploaders,all,audit-filtered,7,403940,1891184,21.359106253013984,True
shogun-2024-110,wikidata:Q56276181,unknown,2024,television_episode,eur-27,uploaders,without-hosting,full,8,398097,2056573,19.357299740879608,True
shogun-2024-110,wikidata:Q56276181,unknown,2024,television_episode,eur-27,uploaders,without-hosting,audit-filtered,7,272704,1509512,18.065706002999644,True
shogun-2024-110,wikidata:Q56276181,unknown,2024,television_episode,usa-can,uploaders,all,full,8,332940,2561574,12.997477332296471,True
shogun-2024-110,wikidata:Q56276181,unknown,2024,television_episode,usa-can,uploaders,all,audit-filtered,7,245140,1891184,12.962250103638778,True
shogun-2024-110,wikidata:Q56276181,unknown,2024,television_episode,usa-can,uploaders,without-hosting,full,8,123404,2056573,6.000467768467251,True
shogun-2024-110,wikidata:Q56276181,unknown,2024,television_episode,usa-can,uploaders,without-hosting,audit-filtered,7,85157,1509512,5.641359591709109,True
shogun-2024-110,wikidata:Q56276181,unknown,2024,television_episode,other,uploaders,all,full,8,1236722,2561574,48.27976861101807,True
shogun-2024-110,wikidata:Q56276181,unknown,2024,television_episode,other,uploaders,all,audit-filtered,7,938966,1891184,49.64963747578237,True
shogun-2024-110,wikidata:Q56276181,unknown,2024,television_episode,other,uploaders,without-hosting,full,8,1137955,2056573,55.332584838952954,True
shogun-2024-110,wikidata:Q56276181,unknown,2024,television_episode,other,uploaders,without-hosting,audit-filtered,7,868164,1509512,57.51289158350513,True
shogun-2024-110,wikidata:Q56276181,unknown,2024,television_episode,unclassified,uploaders,all,full,8,1045,2561574,0.040795229807922787,True
shogun-2024-110,wikidata:Q56276181,unknown,2024,television_episode,unclassified,uploaders,all,audit-filtered,7,736,1891184,0.03891741892909416,True
shogun-2024-110,wikidata:Q56276181,unknown,2024,television_episode,unclassified,uploaders,without-hosting,full,8,1043,2056573,0.05071543776953213,True
shogun-2024-110,wikidata:Q56276181,unknown,2024,television_episode,unclassified,uploaders,without-hosting,audit-filtered,7,734,1509512,0.04862498608821924,True
silo-201,wikidata:Q108456738,unknown,2024,television_episode,asia-28,downloaders,all,full,8,2071975,16128440,12.846716731438379,True
silo-201,wikidata:Q108456738,unknown,2024,television_episode,asia-28,downloaders,all,audit-filtered,7,1925102,14828826,12.982160556742658,True
silo-201,wikidata:Q108456738,unknown,2024,television_episode,asia-28,downloaders,without-hosting,full,8,1919447,13316555,14.413990705554102,True
silo-201,wikidata:Q108456738,unknown,2024,television_episode,asia-28,downloaders,without-hosting,audit-filtered,7,1786515,12296973,14.528087522026762,True
silo-201,wikidata:Q108456738,unknown,2024,television_episode,eur-27,downloaders,all,full,8,4285731,16128440,26.572507942491647,True
silo-201,wikidata:Q108456738,unknown,2024,television_episode,eur-27,downloaders,all,audit-filtered,7,3936167,14828826,26.544023107426035,True
silo-201,wikidata:Q108456738,unknown,2024,television_episode,eur-27,downloaders,without-hosting,full,8,3063005,13316555,23.001481989899037,True
silo-201,wikidata:Q108456738,unknown,2024,television_episode,eur-27,downloaders,without-hosting,audit-filtered,7,2817031,12296973,22.90832874073969,True
silo-201,wikidata:Q108456738,unknown,2024,television_episode,usa-can,downloaders,all,full,8,1702839,16128440,10.55798948937405,True
silo-201,wikidata:Q108456738,unknown,2024,television_episode,usa-can,downloaders,all,audit-filtered,7,1530115,14828826,10.318517460519127,True
silo-201,wikidata:Q108456738,unknown,2024,television_episode,usa-can,downloaders,without-hosting,full,8,788445,13316555,5.920788071689713,True
silo-201,wikidata:Q108456738,unknown,2024,television_episode,usa-can,downloaders,without-hosting,audit-filtered,7,716599,12296973,5.827442249405606,True
silo-201,wikidata:Q108456738,unknown,2024,television_episode,other,downloaders,all,full,8,8062225,16128440,49.98763054579364,True
silo-201,wikidata:Q108456738,unknown,2024,television_episode,other,downloaders,all,audit-filtered,7,7432291,14828826,50.120562477434156,True
silo-201,wikidata:Q108456738,unknown,2024,television_episode,other,downloaders,without-hosting,full,8,7540160,13316555,56.622452278385815,True
silo-201,wikidata:Q108456738,unknown,2024,television_episode,other,downloaders,without-hosting,audit-filtered,7,6971845,12296973,56.69561932029939,True
silo-201,wikidata:Q108456738,unknown,2024,television_episode,unclassified,downloaders,all,full,8,5670,16128440,0.03515529090228193,True
silo-201,wikidata:Q108456738,unknown,2024,television_episode,unclassified,downloaders,all,audit-filtered,7,5151,14828826,0.03473639787802487,True
silo-201,wikidata:Q108456738,unknown,2024,television_episode,unclassified,downloaders,without-hosting,full,8,5498,13316555,0.04128695447133286,True
silo-201,wikidata:Q108456738,unknown,2024,television_episode,unclassified,downloaders,without-hosting,audit-filtered,7,4983,12296973,0.04052216752854544,True
silo-201,wikidata:Q108456738,unknown,2024,television_episode,asia-28,uploaders,all,full,8,245930,2448670,10.043411321247861,True
silo-201,wikidata:Q108456738,unknown,2024,television_episode,asia-28,uploaders,all,audit-filtered,7,211482,2071529,10.208980902512106,True
silo-201,wikidata:Q108456738,unknown,2024,television_episode,asia-28,uploaders,without-hosting,full,8,220436,1763140,12.502467189219233,True
silo-201,wikidata:Q108456738,unknown,2024,television_episode,asia-28,uploaders,without-hosting,audit-filtered,7,189861,1476098,12.862357377355703,True
silo-201,wikidata:Q108456738,unknown,2024,television_episode,eur-27,uploaders,all,full,8,737222,2448670,30.107037698015656,True
silo-201,wikidata:Q108456738,unknown,2024,television_episode,eur-27,uploaders,all,audit-filtered,7,628749,2071529,30.351928454779056,True
silo-201,wikidata:Q108456738,unknown,2024,television_episode,eur-27,uploaders,without-hosting,full,8,486003,1763140,27.56462901414522,True
silo-201,wikidata:Q108456738,unknown,2024,television_episode,eur-27,uploaders,without-hosting,audit-filtered,7,407727,1476098,27.62194651032655,True
silo-201,wikidata:Q108456738,unknown,2024,television_episode,usa-can,uploaders,all,full,8,438636,2448670,17.91323453139868,True
silo-201,wikidata:Q108456738,unknown,2024,television_episode,usa-can,uploaders,all,audit-filtered,7,379465,2071529,18.318111887402978,True
silo-201,wikidata:Q108456738,unknown,2024,television_episode,usa-can,uploaders,without-hosting,full,8,152423,1763140,8.644974307201924,True
silo-201,wikidata:Q108456738,unknown,2024,television_episode,usa-can,uploaders,without-hosting,audit-filtered,7,128456,1476098,8.702403227969958,True
silo-201,wikidata:Q108456738,unknown,2024,television_episode,other,uploaders,all,full,8,1025487,2448670,41.87934674741798,True
silo-201,wikidata:Q108456738,unknown,2024,television_episode,other,uploaders,all,audit-filtered,7,850617,2071529,41.06227815299713,True
silo-201,wikidata:Q108456738,unknown,2024,television_episode,other,uploaders,without-hosting,full,8,902890,1763140,51.209206302392325,True
silo-201,wikidata:Q108456738,unknown,2024,television_episode,other,uploaders,without-hosting,audit-filtered,7,748845,1476098,50.73138775338765,True
silo-201,wikidata:Q108456738,unknown,2024,television_episode,unclassified,uploaders,all,full,8,1395,2448670,0.0569697019198177,True
silo-201,wikidata:Q108456738,unknown,2024,television_episode,unclassified,uploaders,all,audit-filtered,7,1216,2071529,0.05870060230872944,True
silo-201,wikidata:Q108456738,unknown,2024,television_episode,unclassified,uploaders,without-hosting,full,8,1388,1763140,0.07872318704130131,True
silo-201,wikidata:Q108456738,unknown,2024,television_episode,unclassified,uploaders,without-hosting,audit-filtered,7,1209,1476098,0.0819051309601395,True
silo-301,wikidata:Q108456738,unknown,2026,television_episode,asia-28,downloaders,all,full,8,3858926,16641897,23.188017567949135,True
silo-301,wikidata:Q108456738,unknown,2026,television_episode,asia-28,downloaders,all,audit-filtered,7,3490589,15105155,23.108594383837836,True
silo-301,wikidata:Q108456738,unknown,2026,television_episode,asia-28,downloaders,without-hosting,full,8,3656365,13308118,27.47469627185452,True
silo-301,wikidata:Q108456738,unknown,2026,television_episode,asia-28,downloaders,without-hosting,audit-filtered,7,3308697,12112480,27.31642900545553,True
silo-301,wikidata:Q108456738,unknown,2026,television_episode,eur-27,downloaders,all,full,8,5300059,16641897,31.847685393077484,True
silo-301,wikidata:Q108456738,unknown,2026,television_episode,eur-27,downloaders,all,audit-filtered,7,4867639,15105155,32.22501854499342,True
silo-301,wikidata:Q108456738,unknown,2026,television_episode,eur-27,downloaders,without-hosting,full,8,3589914,13308118,26.97536946997314,True
silo-301,wikidata:Q108456738,unknown,2026,television_episode,eur-27,downloaders,without-hosting,audit-filtered,7,3305801,12112480,27.292519781250412,True
silo-301,wikidata:Q108456738,unknown,2026,television_episode,usa-can,downloaders,all,full,8,1866280,16641897,11.214346537537157,True
silo-301,wikidata:Q108456738,unknown,2026,television_episode,usa-can,downloaders,all,audit-filtered,7,1664848,15105155,11.021720730439377,True
silo-301,wikidata:Q108456738,unknown,2026,television_episode,usa-can,downloaders,without-hosting,full,8,914429,13308118,6.871211992559729,True
silo-301,wikidata:Q108456738,unknown,2026,television_episode,usa-can,downloaders,without-hosting,audit-filtered,7,825824,12112480,6.817959658137722,True
silo-301,wikidata:Q108456738,unknown,2026,television_episode,other,downloaders,all,full,8,5610747,16641897,33.714587946314055,True
silo-301,wikidata:Q108456738,unknown,2026,television_episode,other,downloaders,all,audit-filtered,7,5076782,15105155,33.60959884224955,True
silo-301,wikidata:Q108456738,unknown,2026,television_episode,other,downloaders,without-hosting,full,8,5141598,13308118,38.63504967419135,True
silo-301,wikidata:Q108456738,unknown,2026,television_episode,other,downloaders,without-hosting,audit-filtered,7,4666926,12112480,38.5298964373935,True
silo-301,wikidata:Q108456738,unknown,2026,television_episode,unclassified,downloaders,all,full,8,5885,16641897,0.03536255512217147,True
silo-301,wikidata:Q108456738,unknown,2026,television_episode,unclassified,downloaders,all,audit-filtered,7,5297,15105155,0.03506749847982361,True
silo-301,wikidata:Q108456738,unknown,2026,television_episode,unclassified,downloaders,without-hosting,full,8,5812,13308118,0.04367259142126633,True
silo-301,wikidata:Q108456738,unknown,2026,television_episode,unclassified,downloaders,without-hosting,audit-filtered,7,5232,12112480,0.04319511776283635,True
silo-301,wikidata:Q108456738,unknown,2026,television_episode,asia-28,uploaders,all,full,8,275690,2197045,12.548218174866696,True
silo-301,wikidata:Q108456738,unknown,2026,television_episode,asia-28,uploaders,all,audit-filtered,7,235290,1899554,12.386591799969887,True
silo-301,wikidata:Q108456738,unknown,2026,television_episode,asia-28,uploaders,without-hosting,full,8,255341,1613761,15.822727157243236,True
silo-301,wikidata:Q108456738,unknown,2026,television_episode,asia-28,uploaders,without-hosting,audit-filtered,7,217998,1401514,15.55446467177638,True
silo-301,wikidata:Q108456738,unknown,2026,television_episode,eur-27,uploaders,all,full,8,700721,2197045,31.893793709277688,True
silo-301,wikidata:Q108456738,unknown,2026,television_episode,eur-27,uploaders,all,audit-filtered,7,614739,1899554,32.3622808301317,True
silo-301,wikidata:Q108456738,unknown,2026,television_episode,eur-27,uploaders,without-hosting,full,8,471819,1613761,29.23722905684299,True
silo-301,wikidata:Q108456738,unknown,2026,television_episode,eur-27,uploaders,without-hosting,audit-filtered,7,417428,1401514,29.78407636313301,True
silo-301,wikidata:Q108456738,unknown,2026,television_episode,usa-can,uploaders,all,full,8,360459,2197045,16.406536962146884,True
silo-301,wikidata:Q108456738,unknown,2026,television_episode,usa-can,uploaders,all,audit-filtered,7,308407,1899554,16.235758499100314,True
silo-301,wikidata:Q108456738,unknown,2026,television_episode,usa-can,uploaders,without-hosting,full,8,139624,1613761,8.652086647279244,True
silo-301,wikidata:Q108456738,unknown,2026,television_episode,usa-can,uploaders,without-hosting,audit-filtered,7,119933,1401514,8.557388652557163,True
silo-301,wikidata:Q108456738,unknown,2026,television_episode,other,uploaders,all,full,8,858654,2197045,39.08222180246649,True
silo-301,wikidata:Q108456738,unknown,2026,television_episode,other,uploaders,all,audit-filtered,7,739766,1899554,38.94419426875993,True
silo-301,wikidata:Q108456738,unknown,2026,television_episode,other,uploaders,without-hosting,full,8,745462,1613761,46.19407706593479,True
silo-301,wikidata:Q108456738,unknown,2026,television_episode,other,uploaders,without-hosting,audit-filtered,7,644809,1401514,46.00803131470681,True
silo-301,wikidata:Q108456738,unknown,2026,television_episode,unclassified,uploaders,all,full,8,1521,2197045,0.06922935124223673,True
silo-301,wikidata:Q108456738,unknown,2026,television_episode,unclassified,uploaders,all,audit-filtered,7,1352,1899554,0.07117460203816264,True
silo-301,wikidata:Q108456738,unknown,2026,television_episode,unclassified,uploaders,without-hosting,full,8,1515,1613761,0.09388007269973683,True
silo-301,wikidata:Q108456738,unknown,2026,television_episode,unclassified,uploaders,without-hosting,audit-filtered,7,1346,1401514,0.09603899782663605,True
snowpiercer-209,wikidata:Q60691083,unknown,2021,television_episode,asia-28,downloaders,all,full,8,716531,3815902,18.777500051101942,True
snowpiercer-209,wikidata:Q60691083,unknown,2021,television_episode,asia-28,downloaders,all,audit-filtered,7,675927,3419642,19.766016442656863,True
snowpiercer-209,wikidata:Q60691083,unknown,2021,television_episode,asia-28,downloaders,without-hosting,full,8,635958,3200221,19.8723150682406,True
snowpiercer-209,wikidata:Q60691083,unknown,2021,television_episode,asia-28,downloaders,without-hosting,audit-filtered,7,599269,2877992,20.822469277190486,True
snowpiercer-209,wikidata:Q60691083,unknown,2021,television_episode,eur-27,downloaders,all,full,8,639244,3815902,16.752107365440725,True
snowpiercer-209,wikidata:Q60691083,unknown,2021,television_episode,eur-27,downloaders,all,audit-filtered,7,554785,3419642,16.22348187324872,True
snowpiercer-209,wikidata:Q60691083,unknown,2021,television_episode,eur-27,downloaders,without-hosting,full,8,489831,3200221,15.30616166820979,True
snowpiercer-209,wikidata:Q60691083,unknown,2021,television_episode,eur-27,downloaders,without-hosting,audit-filtered,7,428476,2877992,14.888019146682826,True
snowpiercer-209,wikidata:Q60691083,unknown,2021,television_episode,usa-can,downloaders,all,full,8,1309687,3815902,34.32181958551347,True
snowpiercer-209,wikidata:Q60691083,unknown,2021,television_episode,usa-can,downloaders,all,audit-filtered,7,1252355,3419642,36.62240082441378,True
snowpiercer-209,wikidata:Q60691083,unknown,2021,television_episode,usa-can,downloaders,without-hosting,full,8,1040818,3200221,32.523316358463994,True
snowpiercer-209,wikidata:Q60691083,unknown,2021,television_episode,usa-can,downloaders,without-hosting,audit-filtered,7,1012509,2877992,35.181091538822905,True
snowpiercer-209,wikidata:Q60691083,unknown,2021,television_episode,other,downloaders,all,full,8,1149872,3815902,30.133687919658314,True
snowpiercer-209,wikidata:Q60691083,unknown,2021,television_episode,other,downloaders,all,audit-filtered,7,936099,3419642,27.37418127394622,True
snowpiercer-209,wikidata:Q60691083,unknown,2021,television_episode,other,downloaders,without-hosting,full,8,1033046,3200221,32.28045813086034,True
snowpiercer-209,wikidata:Q60691083,unknown,2021,television_episode,other,downloaders,without-hosting,audit-filtered,7,837262,2877992,29.091880727951988,True
snowpiercer-209,wikidata:Q60691083,unknown,2021,television_episode,unclassified,downloaders,all,full,8,568,3815902,0.014885078285553455,True
snowpiercer-209,wikidata:Q60691083,unknown,2021,television_episode,unclassified,downloaders,all,audit-filtered,7,476,3419642,0.013919585734413134,True
snowpiercer-209,wikidata:Q60691083,unknown,2021,television_episode,unclassified,downloaders,without-hosting,full,8,568,3200221,0.017748774225280067,True
snowpiercer-209,wikidata:Q60691083,unknown,2021,television_episode,unclassified,downloaders,without-hosting,audit-filtered,7,476,2877992,0.016539309351798058,True
snowpiercer-209,wikidata:Q60691083,unknown,2021,television_episode,asia-28,uploaders,all,full,8,33108,443568,7.46401904555784,True
snowpiercer-209,wikidata:Q60691083,unknown,2021,television_episode,asia-28,uploaders,all,audit-filtered,7,18287,269646,6.781854728050852,True
snowpiercer-209,wikidata:Q60691083,unknown,2021,television_episode,asia-28,uploaders,without-hosting,full,8,28180,371869,7.577937391931029,True
snowpiercer-209,wikidata:Q60691083,unknown,2021,television_episode,asia-28,uploaders,without-hosting,audit-filtered,7,14755,223827,6.592144826138044,True
snowpiercer-209,wikidata:Q60691083,unknown,2021,television_episode,eur-27,uploaders,all,full,8,96492,443568,21.753598095444215,True
snowpiercer-209,wikidata:Q60691083,unknown,2021,television_episode,eur-27,uploaders,all,audit-filtered,7,56658,269646,21.011993502592286,True
snowpiercer-209,wikidata:Q60691083,unknown,2021,television_episode,eur-27,uploaders,without-hosting,full,8,69030,371869,18.562988579311533,True
snowpiercer-209,wikidata:Q60691083,unknown,2021,television_episode,eur-27,uploaders,without-hosting,audit-filtered,7,38460,223827,17.18291358951333,True
snowpiercer-209,wikidata:Q60691083,unknown,2021,television_episode,usa-can,uploaders,all,full,8,50911,443568,11.477608844641633,True
snowpiercer-209,wikidata:Q60691083,unknown,2021,television_episode,usa-can,uploaders,all,audit-filtered,7,28520,269646,10.576830362771931,True
snowpiercer-209,wikidata:Q60691083,unknown,2021,television_episode,usa-can,uploaders,without-hosting,full,8,27423,371869,7.3743710822897315,True
snowpiercer-209,wikidata:Q60691083,unknown,2021,television_episode,usa-can,uploaders,without-hosting,audit-filtered,7,14162,223827,6.32720806694456,True
snowpiercer-209,wikidata:Q60691083,unknown,2021,television_episode,other,uploaders,all,full,8,263017,443568,59.2957562312881,True
snowpiercer-209,wikidata:Q60691083,unknown,2021,television_episode,other,uploaders,all,audit-filtered,7,166172,269646,61.62598369714366,True
snowpiercer-209,wikidata:Q60691083,unknown,2021,television_episode,other,uploaders,without-hosting,full,8,247196,371869,66.47394647039684,True
snowpiercer-209,wikidata:Q60691083,unknown,2021,television_episode,other,uploaders,without-hosting,audit-filtered,7,156441,223827,69.89371255478562,True
snowpiercer-209,wikidata:Q60691083,unknown,2021,television_episode,unclassified,uploaders,all,full,8,40,443568,0.009017783068210512,True
snowpiercer-209,wikidata:Q60691083,unknown,2021,television_episode,unclassified,uploaders,all,audit-filtered,7,9,269646,0.0033377094412674396,True
snowpiercer-209,wikidata:Q60691083,unknown,2021,television_episode,unclassified,uploaders,without-hosting,full,8,40,371869,0.01075647607087442,True
snowpiercer-209,wikidata:Q60691083,unknown,2021,television_episode,unclassified,uploaders,without-hosting,audit-filtered,7,9,223827,0.004020962618450857,True
snowpiercer-401,wikidata:Q60691083,unknown,2024,television_episode,asia-28,downloaders,all,full,8,1208953,5857567,20.639166397925965,True
snowpiercer-401,wikidata:Q60691083,unknown,2024,television_episode,asia-28,downloaders,all,audit-filtered,3,512496,2326239,22.031098266343225,True
snowpiercer-401,wikidata:Q60691083,unknown,2024,television_episode,asia-28,downloaders,without-hosting,full,8,1138877,4797330,23.739809435665254,True
snowpiercer-401,wikidata:Q60691083,unknown,2024,television_episode,asia-28,downloaders,without-hosting,audit-filtered,3,483559,1903556,25.40293009504317,True
snowpiercer-401,wikidata:Q60691083,unknown,2024,television_episode,eur-27,downloaders,all,full,8,1389262,5857567,23.717389830965654,True
snowpiercer-401,wikidata:Q60691083,unknown,2024,television_episode,eur-27,downloaders,all,audit-filtered,3,534774,2326239,22.988781462265916,True
snowpiercer-401,wikidata:Q60691083,unknown,2024,television_episode,eur-27,downloaders,without-hosting,full,8,872177,4797330,18.180467051464042,True
snowpiercer-401,wikidata:Q60691083,unknown,2024,television_episode,eur-27,downloaders,without-hosting,audit-filtered,3,324956,1903556,17.070997648611336,True
snowpiercer-401,wikidata:Q60691083,unknown,2024,television_episode,usa-can,downloaders,all,full,8,631624,5857567,10.783043540090963,True
snowpiercer-401,wikidata:Q60691083,unknown,2024,television_episode,usa-can,downloaders,all,audit-filtered,3,241511,2326239,10.382037271320788,True
snowpiercer-401,wikidata:Q60691083,unknown,2024,television_episode,usa-can,downloaders,without-hosting,full,8,321421,4797330,6.699997707057884,True
snowpiercer-401,wikidata:Q60691083,unknown,2024,television_episode,usa-can,downloaders,without-hosting,audit-filtered,3,120058,1903556,6.307037985748778,True
snowpiercer-401,wikidata:Q60691083,unknown,2024,television_episode,other,downloaders,all,full,8,2626694,5857567,44.84274785077149,True
snowpiercer-401,wikidata:Q60691083,unknown,2024,television_episode,other,downloaders,all,audit-filtered,3,1037146,2326239,44.58467079263996,True
snowpiercer-401,wikidata:Q60691083,unknown,2024,television_episode,other,downloaders,without-hosting,full,8,2463861,4797330,51.35900594705805,True
snowpiercer-401,wikidata:Q60691083,unknown,2024,television_episode,other,downloaders,without-hosting,audit-filtered,3,974681,1903556,51.20316922643726,True
snowpiercer-401,wikidata:Q60691083,unknown,2024,television_episode,unclassified,downloaders,all,full,8,1034,5857567,0.017652380245928044,True
snowpiercer-401,wikidata:Q60691083,unknown,2024,television_episode,unclassified,downloaders,all,audit-filtered,3,312,2326239,0.013412207430104989,True
snowpiercer-401,wikidata:Q60691083,unknown,2024,television_episode,unclassified,downloaders,without-hosting,full,8,994,4797330,0.02071985875476567,True
snowpiercer-401,wikidata:Q60691083,unknown,2024,television_episode,unclassified,downloaders,without-hosting,audit-filtered,3,302,1903556,0.015865044159457352,True
snowpiercer-401,wikidata:Q60691083,unknown,2024,television_episode,asia-28,uploaders,all,full,8,32464,378804,8.570131255213779,True
snowpiercer-401,wikidata:Q60691083,unknown,2024,television_episode,asia-28,uploaders,all,audit-filtered,3,9570,111740,8.564524789690353,True
snowpiercer-401,wikidata:Q60691083,unknown,2024,television_episode,asia-28,uploaders,without-hosting,full,8,27786,261075,10.64291870152255,True
snowpiercer-401,wikidata:Q60691083,unknown,2024,television_episode,asia-28,uploaders,without-hosting,audit-filtered,3,7726,72510,10.65508205764722,True
snowpiercer-401,wikidata:Q60691083,unknown,2024,television_episode,eur-27,uploaders,all,full,8,101212,378804,26.71883084655917,True
snowpiercer-401,wikidata:Q60691083,unknown,2024,television_episode,eur-27,uploaders,all,audit-filtered,3,29659,111740,26.54286737068194,True
snowpiercer-401,wikidata:Q60691083,unknown,2024,television_episode,eur-27,uploaders,without-hosting,full,8,70291,261075,26.92368093459734,True
snowpiercer-401,wikidata:Q60691083,unknown,2024,television_episode,eur-27,uploaders,without-hosting,audit-filtered,3,20299,72510,27.99475934353882,True
snowpiercer-401,wikidata:Q60691083,unknown,2024,television_episode,usa-can,uploaders,all,full,8,89618,378804,23.658145109344147,True
snowpiercer-401,wikidata:Q60691083,unknown,2024,television_episode,usa-can,uploaders,all,audit-filtered,3,30215,111740,27.040451047073564,True
snowpiercer-401,wikidata:Q60691083,unknown,2024,television_episode,usa-can,uploaders,without-hosting,full,8,26586,261075,10.18328066647515,True
snowpiercer-401,wikidata:Q60691083,unknown,2024,television_episode,usa-can,uploaders,without-hosting,audit-filtered,3,7746,72510,10.682664460074472,True
snowpiercer-401,wikidata:Q60691083,unknown,2024,television_episode,other,uploaders,all,full,8,155397,378804,41.02306205847879,True
snowpiercer-401,wikidata:Q60691083,unknown,2024,television_episode,other,uploaders,all,audit-filtered,3,42277,111740,37.83515303382853,True
snowpiercer-401,wikidata:Q60691083,unknown,2024,television_episode,other,uploaders,without-hosting,full,8,136299,261075,52.20683711577133,True
snowpiercer-401,wikidata:Q60691083,unknown,2024,television_episode,other,uploaders,without-hosting,audit-filtered,3,36720,72510,50.64129085643359,True
snowpiercer-401,wikidata:Q60691083,unknown,2024,television_episode,unclassified,uploaders,all,full,8,113,378804,0.029830730404114002,True
snowpiercer-401,wikidata:Q60691083,unknown,2024,television_episode,unclassified,uploaders,all,audit-filtered,3,19,111740,0.01700375872561303,True
snowpiercer-401,wikidata:Q60691083,unknown,2024,television_episode,unclassified,uploaders,without-hosting,full,8,113,261075,0.043282581633630184,True
snowpiercer-401,wikidata:Q60691083,unknown,2024,television_episode,unclassified,uploaders,without-hosting,audit-filtered,3,19,72510,0.026203282305888843,True
spider-man-across-the-spider-verse,wikidata:Q76448600,unknown,2023,film,asia-28,downloaders,all,full,8,4133106,15343073,26.937928275515603,True
spider-man-across-the-spider-verse,wikidata:Q76448600,unknown,2023,film,asia-28,downloaders,all,audit-filtered,6,2793222,10903723,25.617140127275793,True
spider-man-across-the-spider-verse,wikidata:Q76448600,unknown,2023,film,asia-28,downloaders,without-hosting,full,8,3946597,13021445,30.308441190666628,True
spider-man-across-the-spider-verse,wikidata:Q76448600,unknown,2023,film,asia-28,downloaders,without-hosting,audit-filtered,6,2662849,9286220,28.675273685094687,True
spider-man-across-the-spider-verse,wikidata:Q76448600,unknown,2023,film,eur-27,downloaders,all,full,8,2204866,15343073,14.370432833109769,True
spider-man-across-the-spider-verse,wikidata:Q76448600,unknown,2023,film,eur-27,downloaders,all,audit-filtered,6,1578773,10903723,14.479210449495094,True
spider-man-across-the-spider-verse,wikidata:Q76448600,unknown,2023,film,eur-27,downloaders,without-hosting,full,8,1568827,13021445,12.048025391959188,True
spider-man-across-the-spider-verse,wikidata:Q76448600,unknown,2023,film,eur-27,downloaders,without-hosting,audit-filtered,6,1120868,9286220,12.070228790616634,True
spider-man-across-the-spider-verse,wikidata:Q76448600,unknown,2023,film,usa-can,downloaders,all,full,8,1821263,15343073,11.870262234951237,True
spider-man-across-the-spider-verse,wikidata:Q76448600,unknown,2023,film,usa-can,downloaders,all,audit-filtered,6,1213735,10903723,11.131381455673443,True
spider-man-across-the-spider-verse,wikidata:Q76448600,unknown,2023,film,usa-can,downloaders,without-hosting,full,8,838823,13021445,6.441858027277311,True
spider-man-across-the-spider-verse,wikidata:Q76448600,unknown,2023,film,usa-can,downloaders,without-hosting,audit-filtered,6,546071,9286220,5.880444357338077,True
spider-man-across-the-spider-verse,wikidata:Q76448600,unknown,2023,film,other,downloaders,all,full,8,7180364,15343073,46.798734516872855,True
spider-man-across-the-spider-verse,wikidata:Q76448600,unknown,2023,film,other,downloaders,all,audit-filtered,6,5315544,10903723,48.749807749151365,True
spider-man-across-the-spider-verse,wikidata:Q76448600,unknown,2023,film,other,downloaders,without-hosting,full,8,6663787,13021445,51.175480140644915,True
spider-man-across-the-spider-verse,wikidata:Q76448600,unknown,2023,film,other,downloaders,without-hosting,audit-filtered,6,4954041,9286220,53.34830533844772,True
spider-man-across-the-spider-verse,wikidata:Q76448600,unknown,2023,film,unclassified,downloaders,all,full,8,3474,15343073,0.02264213955053202,True
spider-man-across-the-spider-verse,wikidata:Q76448600,unknown,2023,film,unclassified,downloaders,all,audit-filtered,6,2449,10903723,0.02246021840430099,True
spider-man-across-the-spider-verse,wikidata:Q76448600,unknown,2023,film,unclassified,downloaders,without-hosting,full,8,3411,13021445,0.026195249451961746,True
spider-man-across-the-spider-verse,wikidata:Q76448600,unknown,2023,film,unclassified,downloaders,without-hosting,audit-filtered,6,2391,9286220,0.025747828502878458,True
spider-man-across-the-spider-verse,wikidata:Q76448600,unknown,2023,film,asia-28,uploaders,all,full,8,1432192,5298820,27.02850823390868,True
spider-man-across-the-spider-verse,wikidata:Q76448600,unknown,2023,film,asia-28,uploaders,all,audit-filtered,6,966712,3680755,26.26395943223605,True
spider-man-across-the-spider-verse,wikidata:Q76448600,unknown,2023,film,asia-28,uploaders,without-hosting,full,8,1379499,4573450,30.163202833746954,True
spider-man-across-the-spider-verse,wikidata:Q76448600,unknown,2023,film,asia-28,uploaders,without-hosting,audit-filtered,6,930954,3190067,29.182898039445565,True
spider-man-across-the-spider-verse,wikidata:Q76448600,unknown,2023,film,eur-27,uploaders,all,full,8,700635,5298820,13.222472173049848,True
spider-man-across-the-spider-verse,wikidata:Q76448600,unknown,2023,film,eur-27,uploaders,all,audit-filtered,6,481077,3680755,13.07006307129923,True
spider-man-across-the-spider-verse,wikidata:Q76448600,unknown,2023,film,eur-27,uploaders,without-hosting,full,8,525833,4573450,11.497512818550547,True
spider-man-across-the-spider-verse,wikidata:Q76448600,unknown,2023,film,eur-27,uploaders,without-hosting,audit-filtered,6,364446,3190067,11.424399550228882,True
spider-man-across-the-spider-verse,wikidata:Q76448600,unknown,2023,film,usa-can,uploaders,all,full,8,645871,5298820,12.18895905126047,True
spider-man-across-the-spider-verse,wikidata:Q76448600,unknown,2023,film,usa-can,uploaders,all,audit-filtered,6,427906,3680755,11.625495312782297,True
spider-man-across-the-spider-verse,wikidata:Q76448600,unknown,2023,film,usa-can,uploaders,without-hosting,full,8,305277,4573450,6.6749827810515034,True
spider-man-across-the-spider-verse,wikidata:Q76448600,unknown,2023,film,usa-can,uploaders,without-hosting,audit-filtered,6,195998,3190067,6.144008887587628,True
spider-man-across-the-spider-verse,wikidata:Q76448600,unknown,2023,film,other,uploaders,all,full,8,2519049,5298820,47.539810750318,True
spider-man-across-the-spider-verse,wikidata:Q76448600,unknown,2023,film,other,uploaders,all,audit-filtered,6,1804320,3680755,49.020377612745214,True
spider-man-across-the-spider-verse,wikidata:Q76448600,unknown,2023,film,other,uploaders,without-hosting,full,8,2361770,4573450,51.64088379669615,True
spider-man-across-the-spider-verse,wikidata:Q76448600,unknown,2023,film,other,uploaders,without-hosting,audit-filtered,6,1697931,3190067,53.22555921239272,True
spider-man-across-the-spider-verse,wikidata:Q76448600,unknown,2023,film,unclassified,uploaders,all,full,8,1073,5298820,0.02024979146300497,True
spider-man-across-the-spider-verse,wikidata:Q76448600,unknown,2023,film,unclassified,uploaders,all,audit-filtered,6,740,3680755,0.02010457093721261,True
spider-man-across-the-spider-verse,wikidata:Q76448600,unknown,2023,film,unclassified,uploaders,without-hosting,full,8,1071,4573450,0.02341776995484809,True
spider-man-across-the-spider-verse,wikidata:Q76448600,unknown,2023,film,unclassified,uploaders,without-hosting,audit-filtered,6,738,3190067,0.023134310345205914,True
spider-man-no-way-home,wikidata:Q68934496,unknown,2022,film,asia-28,downloaders,all,full,8,9918521,30341045,32.69011004729732,True
spider-man-no-way-home,wikidata:Q68934496,unknown,2022,film,asia-28,downloaders,all,audit-filtered,5,4614635,15348027,30.06663332036098,True
spider-man-no-way-home,wikidata:Q68934496,unknown,2022,film,asia-28,downloaders,without-hosting,full,8,9598047,26988822,35.563045322985936,True
spider-man-no-way-home,wikidata:Q68934496,unknown,2022,film,asia-28,downloaders,without-hosting,audit-filtered,5,4453551,13614553,32.711694610906434,True
spider-man-no-way-home,wikidata:Q68934496,unknown,2022,film,eur-27,downloaders,all,full,8,4531137,30341045,14.934017598932403,True
spider-man-no-way-home,wikidata:Q68934496,unknown,2022,film,eur-27,downloaders,all,audit-filtered,5,2309580,15348027,15.048057968623588,True
spider-man-no-way-home,wikidata:Q68934496,unknown,2022,film,eur-27,downloaders,without-hosting,full,8,3523756,26988822,13.056353478488242,True
spider-man-no-way-home,wikidata:Q68934496,unknown,2022,film,eur-27,downloaders,without-hosting,audit-filtered,5,1773003,13614553,13.022851356192158,True
spider-man-no-way-home,wikidata:Q68934496,unknown,2022,film,usa-can,downloaders,all,full,8,2823752,30341045,9.306706476326045,True
spider-man-no-way-home,wikidata:Q68934496,unknown,2022,film,usa-can,downloaders,all,audit-filtered,5,1402506,15348027,9.13802145383247,True
spider-man-no-way-home,wikidata:Q68934496,unknown,2022,film,usa-can,downloaders,without-hosting,full,8,1588404,26988822,5.885414339314254,True
spider-man-no-way-home,wikidata:Q68934496,unknown,2022,film,usa-can,downloaders,without-hosting,audit-filtered,5,773369,13614553,5.6804582566904696,True
spider-man-no-way-home,wikidata:Q68934496,unknown,2022,film,other,downloaders,all,full,8,13056261,30341045,43.03167870454033,True
spider-man-no-way-home,wikidata:Q68934496,unknown,2022,film,other,downloaders,all,audit-filtered,5,7015479,15348027,45.70932146522807,True
spider-man-no-way-home,wikidata:Q68934496,unknown,2022,film,other,downloaders,without-hosting,full,8,12267741,26988822,45.45489610476515,True
spider-man-no-way-home,wikidata:Q68934496,unknown,2022,film,other,downloaders,without-hosting,audit-filtered,5,6609146,13614553,48.54471534981722,True
spider-man-no-way-home,wikidata:Q68934496,unknown,2022,film,unclassified,downloaders,all,full,8,11374,30341045,0.03748717290389965,True
spider-man-no-way-home,wikidata:Q68934496,unknown,2022,film,unclassified,downloaders,all,audit-filtered,5,5827,15348027,0.03796579195488775,True
spider-man-no-way-home,wikidata:Q68934496,unknown,2022,film,unclassified,downloaders,without-hosting,full,8,10874,26988822,0.04029075444641489,True
spider-man-no-way-home,wikidata:Q68934496,unknown,2022,film,unclassified,downloaders,without-hosting,audit-filtered,5,5484,13614553,0.04028042639372736,True
spider-man-no-way-home,wikidata:Q68934496,unknown,2022,film,asia-28,uploaders,all,full,8,2820535,10081564,27.97715711570149,True
spider-man-no-way-home,wikidata:Q68934496,unknown,2022,film,asia-28,uploaders,all,audit-filtered,5,1454413,5589266,26.021538427407105,True
spider-man-no-way-home,wikidata:Q68934496,unknown,2022,film,asia-28,uploaders,without-hosting,full,8,2740288,9060376,30.244749224535493,True
spider-man-no-way-home,wikidata:Q68934496,unknown,2022,film,asia-28,uploaders,without-hosting,audit-filtered,5,1411197,5019320,28.115302471251084,True
spider-man-no-way-home,wikidata:Q68934496,unknown,2022,film,eur-27,uploaders,all,full,8,1644493,10081564,16.311883751370324,True
spider-man-no-way-home,wikidata:Q68934496,unknown,2022,film,eur-27,uploaders,all,audit-filtered,5,902580,5589266,16.14845312425639,True
spider-man-no-way-home,wikidata:Q68934496,unknown,2022,film,eur-27,uploaders,without-hosting,full,8,1344686,9060376,14.84139289583567,True
spider-man-no-way-home,wikidata:Q68934496,unknown,2022,film,eur-27,uploaders,without-hosting,audit-filtered,5,738369,5019320,14.710538479315924,True
spider-man-no-way-home,wikidata:Q68934496,unknown,2022,film,usa-can,uploaders,all,full,8,909731,10081564,9.023709019751301,True
spider-man-no-way-home,wikidata:Q68934496,unknown,2022,film,usa-can,uploaders,all,audit-filtered,5,505860,5589266,9.050562274187701,True
spider-man-no-way-home,wikidata:Q68934496,unknown,2022,film,usa-can,uploaders,without-hosting,full,8,502328,9060376,5.54422906952206,True
spider-man-no-way-home,wikidata:Q68934496,unknown,2022,film,usa-can,uploaders,without-hosting,audit-filtered,5,272675,5019320,5.4325087860507,True
spider-man-no-way-home,wikidata:Q68934496,unknown,2022,film,other,uploaders,all,full,8,4703472,10081564,46.654189766587805,True
spider-man-no-way-home,wikidata:Q68934496,unknown,2022,film,other,uploaders,all,audit-filtered,5,2724622,5589266,48.74740261064691,True
spider-man-no-way-home,wikidata:Q68934496,unknown,2022,film,other,uploaders,without-hosting,full,8,4469786,9060376,49.333338925448565,True
spider-man-no-way-home,wikidata:Q68934496,unknown,2022,film,other,uploaders,without-hosting,audit-filtered,5,2595315,5019320,51.70650606058191,True
spider-man-no-way-home,wikidata:Q68934496,unknown,2022,film,unclassified,uploaders,all,full,8,3333,10081564,0.03306034658908082,True
spider-man-no-way-home,wikidata:Q68934496,unknown,2022,film,unclassified,uploaders,all,audit-filtered,5,1791,5589266,0.032043563501898104,True
spider-man-no-way-home,wikidata:Q68934496,unknown,2022,film,unclassified,uploaders,without-hosting,full,8,3288,9060376,0.03628988465820845,True
spider-man-no-way-home,wikidata:Q68934496,unknown,2022,film,unclassified,uploaders,without-hosting,audit-filtered,5,1764,5019320,0.03514420280037933,True
spider-noir-01,wikidata:Q123956515,unknown,2026,television_season,asia-28,downloaders,all,full,8,17980899,59042312,30.45425965026573,True
spider-noir-01,wikidata:Q123956515,unknown,2026,television_season,asia-28,downloaders,all,audit-filtered,7,15935202,51991309,30.649741863587238,True
spider-noir-01,wikidata:Q123956515,unknown,2026,television_season,asia-28,downloaders,without-hosting,full,8,17154757,49040481,34.980809017758205,True
spider-noir-01,wikidata:Q123956515,unknown,2026,television_season,asia-28,downloaders,without-hosting,audit-filtered,7,15207580,43324636,35.101460517752535,True
spider-noir-01,wikidata:Q123956515,unknown,2026,television_season,eur-27,downloaders,all,full,8,15626200,59042312,26.466104511625492,True
spider-noir-01,wikidata:Q123956515,unknown,2026,television_season,eur-27,downloaders,all,audit-filtered,7,13972972,51991309,26.8755918417057,True
spider-noir-01,wikidata:Q123956515,unknown,2026,television_season,eur-27,downloaders,without-hosting,full,8,10508709,49040481,21.428641778615507,True
spider-noir-01,wikidata:Q123956515,unknown,2026,television_season,eur-27,downloaders,without-hosting,audit-filtered,7,9415821,43324636,21.733179708653523,True
spider-noir-01,wikidata:Q123956515,unknown,2026,television_season,usa-can,downloaders,all,full,8,5717317,59042312,9.683423304968139,True
spider-noir-01,wikidata:Q123956515,unknown,2026,television_season,usa-can,downloaders,all,audit-filtered,7,4894550,51991309,9.41416958745932,True
spider-noir-01,wikidata:Q123956515,unknown,2026,television_season,usa-can,downloaders,without-hosting,full,8,2977221,49040481,6.070945756017361,True
spider-noir-01,wikidata:Q123956515,unknown,2026,television_season,usa-can,downloaders,without-hosting,audit-filtered,7,2608436,43324636,6.020676088311509,True
spider-noir-01,wikidata:Q123956515,unknown,2026,television_season,other,downloaders,all,full,8,19706701,59042312,33.377251554783285,True
spider-noir-01,wikidata:Q123956515,unknown,2026,television_season,other,downloaders,all,audit-filtered,7,17179569,51991309,33.043155347367765,True
spider-noir-01,wikidata:Q123956515,unknown,2026,television_season,other,downloaders,without-hosting,full,8,18388787,49040481,37.49715872485019,True
spider-noir-01,wikidata:Q123956515,unknown,2026,television_season,other,downloaders,without-hosting,audit-filtered,7,16083959,43324636,37.12427959002356,True
spider-noir-01,wikidata:Q123956515,unknown,2026,television_season,unclassified,downloaders,all,full,8,11195,59042312,0.01896097835735159,True
spider-noir-01,wikidata:Q123956515,unknown,2026,television_season,unclassified,downloaders,all,audit-filtered,7,9016,51991309,0.017341359879975326,True
spider-noir-01,wikidata:Q123956515,unknown,2026,television_season,unclassified,downloaders,without-hosting,full,8,11007,49040481,0.02244472275873477,True
spider-noir-01,wikidata:Q123956515,unknown,2026,television_season,unclassified,downloaders,without-hosting,audit-filtered,7,8840,43324636,0.020404095258873035,True
spider-noir-01,wikidata:Q123956515,unknown,2026,television_season,asia-28,uploaders,all,full,8,1589451,5466745,29.074906548595187,True
spider-noir-01,wikidata:Q123956515,unknown,2026,television_season,asia-28,uploaders,all,audit-filtered,7,1191697,3884422,30.678875776112893,True
spider-noir-01,wikidata:Q123956515,unknown,2026,television_season,asia-28,uploaders,without-hosting,full,8,1523060,4141023,36.7798005468697,True
spider-noir-01,wikidata:Q123956515,unknown,2026,television_season,asia-28,uploaders,without-hosting,audit-filtered,7,1146225,2929498,39.12701083939979,True
spider-noir-01,wikidata:Q123956515,unknown,2026,television_season,eur-27,uploaders,all,full,8,1000165,5466745,18.295439059257383,True
spider-noir-01,wikidata:Q123956515,unknown,2026,television_season,eur-27,uploaders,all,audit-filtered,7,696059,3884422,17.919242553975856,True
spider-noir-01,wikidata:Q123956515,unknown,2026,television_season,eur-27,uploaders,without-hosting,full,8,653107,4141023,15.77163420729612,True
spider-noir-01,wikidata:Q123956515,unknown,2026,television_season,eur-27,uploaders,without-hosting,audit-filtered,7,451448,2929498,15.410421853846632,True
spider-noir-01,wikidata:Q123956515,unknown,2026,television_season,usa-can,uploaders,all,full,8,899844,5466745,16.460325111195054,True
spider-noir-01,wikidata:Q123956515,unknown,2026,television_season,usa-can,uploaders,all,audit-filtered,7,642565,3884422,16.542100729529388,True
spider-noir-01,wikidata:Q123956515,unknown,2026,television_season,usa-can,uploaders,without-hosting,full,8,231959,4141023,5.601490259773974,True
spider-noir-01,wikidata:Q123956515,unknown,2026,television_season,usa-can,uploaders,without-hosting,audit-filtered,7,144650,2929498,4.937706050661239,True
spider-noir-01,wikidata:Q123956515,unknown,2026,television_season,other,uploaders,all,full,8,1975171,5466745,36.13065910336041,True
spider-noir-01,wikidata:Q123956515,unknown,2026,television_season,other,uploaders,all,audit-filtered,7,1352717,3884422,34.824151443895644,True
spider-noir-01,wikidata:Q123956515,unknown,2026,television_season,other,uploaders,without-hosting,full,8,1730790,4141023,41.79619383905861,True
spider-noir-01,wikidata:Q123956515,unknown,2026,television_season,other,uploaders,without-hosting,audit-filtered,7,1185794,2929498,40.47772007354161,True
spider-noir-01,wikidata:Q123956515,unknown,2026,television_season,unclassified,uploaders,all,full,8,2114,5466745,0.03867017759196743,True
spider-noir-01,wikidata:Q123956515,unknown,2026,television_season,unclassified,uploaders,all,audit-filtered,7,1384,3884422,0.035629496486221116,True
spider-noir-01,wikidata:Q123956515,unknown,2026,television_season,unclassified,uploaders,without-hosting,full,8,2107,4141023,0.0508811470015984,True
spider-noir-01,wikidata:Q123956515,unknown,2026,television_season,unclassified,uploaders,without-hosting,audit-filtered,7,1381,2929498,0.047141182550730534,True
succession-301,wikidata:Q30599007,unknown,2021,television_episode,asia-28,downloaders,all,full,8,175365,1367538,12.823409660280007,True
succession-301,wikidata:Q30599007,unknown,2021,television_episode,asia-28,downloaders,all,audit-filtered,7,155266,1164417,13.334226484154732,True
succession-301,wikidata:Q30599007,unknown,2021,television_episode,asia-28,downloaders,without-hosting,full,8,156001,1053124,14.813165401225307,True
succession-301,wikidata:Q30599007,unknown,2021,television_episode,asia-28,downloaders,without-hosting,audit-filtered,7,138156,902553,15.307245114691325,True
succession-301,wikidata:Q30599007,unknown,2021,television_episode,eur-27,downloaders,all,full,8,326365,1367538,23.865150365108683,True
succession-301,wikidata:Q30599007,unknown,2021,television_episode,eur-27,downloaders,all,audit-filtered,7,271909,1164417,23.351514105341987,True
succession-301,wikidata:Q30599007,unknown,2021,television_episode,eur-27,downloaders,without-hosting,full,8,226242,1053124,21.482940280536766,True
succession-301,wikidata:Q30599007,unknown,2021,television_episode,eur-27,downloaders,without-hosting,audit-filtered,7,188576,902553,20.8936206516404,True
succession-301,wikidata:Q30599007,unknown,2021,television_episode,usa-can,downloaders,all,full,8,268397,1367538,19.62629192022452,True
succession-301,wikidata:Q30599007,unknown,2021,television_episode,usa-can,downloaders,all,audit-filtered,7,230900,1164417,19.829665832772967,True
succession-301,wikidata:Q30599007,unknown,2021,television_episode,usa-can,downloaders,without-hosting,full,8,141756,1053124,13.460523167262355,True
succession-301,wikidata:Q30599007,unknown,2021,television_episode,usa-can,downloaders,without-hosting,audit-filtered,7,124558,902553,13.800629990704147,True
succession-301,wikidata:Q30599007,unknown,2021,television_episode,other,downloaders,all,full,8,597045,1367538,43.658384629896936,True
succession-301,wikidata:Q30599007,unknown,2021,television_episode,other,downloaders,all,audit-filtered,7,506045,1164417,43.45908725138846,True
succession-301,wikidata:Q30599007,unknown,2021,television_episode,other,downloaders,without-hosting,full,8,528759,1053124,50.20861740877618,True
succession-301,wikidata:Q30599007,unknown,2021,television_episode,other,downloaders,without-hosting,audit-filtered,7,450966,902553,49.96559758817488,True
succession-301,wikidata:Q30599007,unknown,2021,television_episode,unclassified,downloaders,all,full,8,366,1367538,0.02676342448984964,True
succession-301,wikidata:Q30599007,unknown,2021,television_episode,unclassified,downloaders,all,audit-filtered,7,297,1164417,0.025506326341851758,True
succession-301,wikidata:Q30599007,unknown,2021,television_episode,unclassified,downloaders,without-hosting,full,8,366,1053124,0.03475374219939912,True
succession-301,wikidata:Q30599007,unknown,2021,television_episode,unclassified,downloaders,without-hosting,audit-filtered,7,297,902553,0.032906654789247834,True
succession-301,wikidata:Q30599007,unknown,2021,television_episode,asia-28,uploaders,all,full,8,40477,440427,9.190399317026431,True
succession-301,wikidata:Q30599007,unknown,2021,television_episode,asia-28,uploaders,all,audit-filtered,7,33324,364558,9.140932307067736,True
succession-301,wikidata:Q30599007,unknown,2021,television_episode,asia-28,uploaders,without-hosting,full,8,36405,334200,10.893177737881508,True
succession-301,wikidata:Q30599007,unknown,2021,television_episode,asia-28,uploaders,without-hosting,audit-filtered,7,29929,276014,10.843290557725332,True
succession-301,wikidata:Q30599007,unknown,2021,television_episode,eur-27,uploaders,all,full,8,114410,440427,25.977063168243546,True
succession-301,wikidata:Q30599007,unknown,2021,television_episode,eur-27,uploaders,all,audit-filtered,7,94442,364558,25.90589151794776,True
succession-301,wikidata:Q30599007,unknown,2021,television_episode,eur-27,uploaders,without-hosting,full,8,85457,334200,25.570616397366845,True
succession-301,wikidata:Q30599007,unknown,2021,television_episode,eur-27,uploaders,without-hosting,audit-filtered,7,71077,276014,25.751230010071954,True
succession-301,wikidata:Q30599007,unknown,2021,television_episode,usa-can,uploaders,all,full,8,84432,440427,19.170486823014937,True
succession-301,wikidata:Q30599007,unknown,2021,television_episode,usa-can,uploaders,all,audit-filtered,7,70980,364558,19.470152897481334,True
succession-301,wikidata:Q30599007,unknown,2021,television_episode,usa-can,uploaders,without-hosting,full,8,32190,334200,9.631956912028725,True
succession-301,wikidata:Q30599007,unknown,2021,television_episode,usa-can,uploaders,without-hosting,audit-filtered,7,26058,276014,9.440825465374944,True
succession-301,wikidata:Q30599007,unknown,2021,television_episode,other,uploaders,all,full,8,200975,440427,45.631852724742124,True
succession-301,wikidata:Q30599007,unknown,2021,television_episode,other,uploaders,all,audit-filtered,7,165701,364558,45.45257544752824,True
succession-301,wikidata:Q30599007,unknown,2021,television_episode,other,uploaders,without-hosting,full,8,180015,334200,53.86445242369838,True
succession-301,wikidata:Q30599007,unknown,2021,television_episode,other,uploaders,without-hosting,audit-filtered,7,148839,276014,53.92443861543255,True
succession-301,wikidata:Q30599007,unknown,2021,television_episode,unclassified,uploaders,all,full,8,133,440427,0.03019796697296033,True
succession-301,wikidata:Q30599007,unknown,2021,television_episode,unclassified,uploaders,all,audit-filtered,7,111,364558,0.030447829974928543,True
succession-301,wikidata:Q30599007,unknown,2021,television_episode,unclassified,uploaders,without-hosting,full,8,133,334200,0.039796529024536204,True
succession-301,wikidata:Q30599007,unknown,2021,television_episode,unclassified,uploaders,without-hosting,audit-filtered,7,111,276014,0.04021535139521908,True
sugar-107,wikidata:Q113696648,unknown,2024,television_episode,asia-28,downloaders,all,full,8,1486030,8014413,18.54196932451572,True
sugar-107,wikidata:Q113696648,unknown,2024,television_episode,asia-28,downloaders,all,audit-filtered,7,1421948,7522356,18.90296072134847,True
sugar-107,wikidata:Q113696648,unknown,2024,television_episode,asia-28,downloaders,without-hosting,full,8,1398990,6622715,21.124116015863585,True
sugar-107,wikidata:Q113696648,unknown,2024,television_episode,asia-28,downloaders,without-hosting,audit-filtered,7,1340132,6227449,21.519758732668866,True
sugar-107,wikidata:Q113696648,unknown,2024,television_episode,eur-27,downloaders,all,full,8,1765032,8014413,22.02322241192212,True
sugar-107,wikidata:Q113696648,unknown,2024,television_episode,eur-27,downloaders,all,audit-filtered,7,1626748,7522356,21.625512007142444,True
sugar-107,wikidata:Q113696648,unknown,2024,television_episode,eur-27,downloaders,without-hosting,full,8,1082819,6622715,16.350076969943597,True
sugar-107,wikidata:Q113696648,unknown,2024,television_episode,eur-27,downloaders,without-hosting,audit-filtered,7,986003,6227449,15.83317663460592,True
sugar-107,wikidata:Q113696648,unknown,2024,television_episode,usa-can,downloaders,all,full,8,852750,8014413,10.640205340054225,True
sugar-107,wikidata:Q113696648,unknown,2024,television_episode,usa-can,downloaders,all,audit-filtered,7,795426,7522356,10.574160542255644,True
sugar-107,wikidata:Q113696648,unknown,2024,television_episode,usa-can,downloaders,without-hosting,full,8,453187,6622715,6.842918651942594,True
sugar-107,wikidata:Q113696648,unknown,2024,television_episode,usa-can,downloaders,without-hosting,audit-filtered,7,426724,6227449,6.852308224443107,True
sugar-107,wikidata:Q113696648,unknown,2024,television_episode,other,downloaders,all,full,8,3909439,8014413,48.78010404504984,True
sugar-107,wikidata:Q113696648,unknown,2024,television_episode,other,downloaders,all,audit-filtered,7,3677255,7522356,48.88435218965973,True
sugar-107,wikidata:Q113696648,unknown,2024,television_episode,other,downloaders,without-hosting,full,8,3686573,6622715,55.66558428076703,True
sugar-107,wikidata:Q113696648,unknown,2024,television_episode,other,downloaders,without-hosting,audit-filtered,7,3473627,6227449,55.77929261243247,True
sugar-107,wikidata:Q113696648,unknown,2024,television_episode,unclassified,downloaders,all,full,8,1162,8014413,0.01449887845809793,True
sugar-107,wikidata:Q113696648,unknown,2024,television_episode,unclassified,downloaders,all,audit-filtered,7,979,7522356,0.013014539593712396,True
sugar-107,wikidata:Q113696648,unknown,2024,television_episode,unclassified,downloaders,without-hosting,full,8,1146,6622715,0.017304081483198355,True
sugar-107,wikidata:Q113696648,unknown,2024,television_episode,unclassified,downloaders,without-hosting,audit-filtered,7,963,6227449,0.015463795849632811,True
sugar-107,wikidata:Q113696648,unknown,2024,television_episode,asia-28,uploaders,all,full,8,39283,528570,7.4319390052405545,True
sugar-107,wikidata:Q113696648,unknown,2024,television_episode,asia-28,uploaders,all,audit-filtered,7,32058,440101,7.284237027409618,True
sugar-107,wikidata:Q113696648,unknown,2024,television_episode,asia-28,uploaders,without-hosting,full,8,32692,374374,8.732444026561673,True
sugar-107,wikidata:Q113696648,unknown,2024,television_episode,asia-28,uploaders,without-hosting,audit-filtered,7,26295,307363,8.555031021951244,True
sugar-107,wikidata:Q113696648,unknown,2024,television_episode,eur-27,uploaders,all,full,8,139114,528570,26.318935997124317,True
sugar-107,wikidata:Q113696648,unknown,2024,television_episode,eur-27,uploaders,all,audit-filtered,7,112886,440101,25.650021245123277,True
sugar-107,wikidata:Q113696648,unknown,2024,television_episode,eur-27,uploaders,without-hosting,full,8,99265,374374,26.514928921346034,True
sugar-107,wikidata:Q113696648,unknown,2024,television_episode,eur-27,uploaders,without-hosting,audit-filtered,7,79800,307363,25.962786672436174,True
sugar-107,wikidata:Q113696648,unknown,2024,television_episode,usa-can,uploaders,all,full,8,117833,528570,22.29278998051346,True
sugar-107,wikidata:Q113696648,unknown,2024,television_episode,usa-can,uploaders,all,audit-filtered,7,103266,440101,23.46415936341885,True
sugar-107,wikidata:Q113696648,unknown,2024,television_episode,usa-can,uploaders,without-hosting,full,8,33889,374374,9.052177768755309,True
sugar-107,wikidata:Q113696648,unknown,2024,television_episode,usa-can,uploaders,without-hosting,audit-filtered,7,28180,307363,9.168312386331472,True
sugar-107,wikidata:Q113696648,unknown,2024,television_episode,other,uploaders,all,full,8,232188,528570,43.927578182643735,True
sugar-107,wikidata:Q113696648,unknown,2024,television_episode,other,uploaders,all,audit-filtered,7,191780,440101,43.576360880797814,True
sugar-107,wikidata:Q113696648,unknown,2024,television_episode,other,uploaders,without-hosting,full,8,208376,374374,55.659848173217156,True
sugar-107,wikidata:Q113696648,unknown,2024,television_episode,other,uploaders,without-hosting,audit-filtered,7,172977,307363,56.27775626864652,True
sugar-107,wikidata:Q113696648,unknown,2024,television_episode,unclassified,uploaders,all,full,8,152,528570,0.028756834477931023,True
sugar-107,wikidata:Q113696648,unknown,2024,television_episode,unclassified,uploaders,all,audit-filtered,7,111,440101,0.025221483250435696,True
sugar-107,wikidata:Q113696648,unknown,2024,television_episode,unclassified,uploaders,without-hosting,full,8,152,374374,0.0406011101198267,True
sugar-107,wikidata:Q113696648,unknown,2024,television_episode,unclassified,uploaders,without-hosting,audit-filtered,7,111,307363,0.036113650634591675,True
sugar-201,wikidata:Q113696648,unknown,2026,television_episode,asia-28,downloaders,all,full,8,3449299,12167511,28.348435435973716,True
sugar-201,wikidata:Q113696648,unknown,2026,television_episode,asia-28,downloaders,all,audit-filtered,7,2898648,10468440,27.689397847243715,True
sugar-201,wikidata:Q113696648,unknown,2026,television_episode,asia-28,downloaders,without-hosting,full,8,3285955,9892678,33.21603108885178,True
sugar-201,wikidata:Q113696648,unknown,2026,television_episode,asia-28,downloaders,without-hosting,audit-filtered,7,2760949,8506372,32.45742133073889,True
sugar-201,wikidata:Q113696648,unknown,2026,television_episode,eur-27,downloaders,all,full,8,3815319,12167511,31.356610238527832,True
sugar-201,wikidata:Q113696648,unknown,2026,television_episode,eur-27,downloaders,all,audit-filtered,7,3338301,10468440,31.889192659078144,True
sugar-201,wikidata:Q113696648,unknown,2026,television_episode,eur-27,downloaders,without-hosting,full,8,2494230,9892678,25.212889775650233,True
sugar-201,wikidata:Q113696648,unknown,2026,television_episode,eur-27,downloaders,without-hosting,audit-filtered,7,2184828,8506372,25.6846044353574,True
sugar-201,wikidata:Q113696648,unknown,2026,television_episode,usa-can,downloaders,all,full,8,1190128,12167511,9.781195184454734,True
sugar-201,wikidata:Q113696648,unknown,2026,television_episode,usa-can,downloaders,all,audit-filtered,7,1018777,10468440,9.73188937415699,True
sugar-201,wikidata:Q113696648,unknown,2026,television_episode,usa-can,downloaders,without-hosting,full,8,653064,9892678,6.601488494824152,True
sugar-201,wikidata:Q113696648,unknown,2026,television_episode,usa-can,downloaders,without-hosting,audit-filtered,7,562099,8506372,6.6079757621698185,True
sugar-201,wikidata:Q113696648,unknown,2026,television_episode,other,downloaders,all,full,8,3710263,12167511,30.493196184494924,True
sugar-201,wikidata:Q113696648,unknown,2026,television_episode,other,downloaders,all,audit-filtered,7,3210536,10468440,30.668714727313716,True
sugar-201,wikidata:Q113696648,unknown,2026,television_episode,other,downloaders,without-hosting,full,8,3456981,9892678,34.944845066219685,True
sugar-201,wikidata:Q113696648,unknown,2026,television_episode,other,downloaders,without-hosting,audit-filtered,7,2996364,8506372,35.22493490761984,True
sugar-201,wikidata:Q113696648,unknown,2026,television_episode,unclassified,downloaders,all,full,8,2502,12167511,0.020562956548796217,True
sugar-201,wikidata:Q113696648,unknown,2026,television_episode,unclassified,downloaders,all,audit-filtered,7,2178,10468440,0.02080539220743492,True
sugar-201,wikidata:Q113696648,unknown,2026,television_episode,unclassified,downloaders,without-hosting,full,8,2448,9892678,0.024745574454156902,True
sugar-201,wikidata:Q113696648,unknown,2026,television_episode,unclassified,downloaders,without-hosting,audit-filtered,7,2132,8506372,0.025063564114054734,True
sugar-201,wikidata:Q113696648,unknown,2026,television_episode,asia-28,uploaders,all,full,8,88418,522515,16.921619475038995,True
sugar-201,wikidata:Q113696648,unknown,2026,television_episode,asia-28,uploaders,all,audit-filtered,7,69418,423565,16.388983981207133,True
sugar-201,wikidata:Q113696648,unknown,2026,television_episode,asia-28,uploaders,without-hosting,full,8,82449,330378,24.955959537257325,True
sugar-201,wikidata:Q113696648,unknown,2026,television_episode,asia-28,uploaders,without-hosting,audit-filtered,7,64556,264993,24.361398225613506,True
sugar-201,wikidata:Q113696648,unknown,2026,television_episode,eur-27,uploaders,all,full,8,181918,522515,34.815842607389264,True
sugar-201,wikidata:Q113696648,unknown,2026,television_episode,eur-27,uploaders,all,audit-filtered,7,150076,423565,35.43163386965401,True
sugar-201,wikidata:Q113696648,unknown,2026,television_episode,eur-27,uploaders,without-hosting,full,8,95075,330378,28.777642579106356,True
sugar-201,wikidata:Q113696648,unknown,2026,television_episode,eur-27,uploaders,without-hosting,audit-filtered,7,77491,264993,29.2426592400554,True
sugar-201,wikidata:Q113696648,unknown,2026,television_episode,usa-can,uploaders,all,full,8,101930,522515,19.507573945245593,True
sugar-201,wikidata:Q113696648,unknown,2026,television_episode,usa-can,uploaders,all,audit-filtered,7,83491,423565,19.711496464533187,True
sugar-201,wikidata:Q113696648,unknown,2026,television_episode,usa-can,uploaders,without-hosting,full,8,27293,330378,8.261143296466471,True
sugar-201,wikidata:Q113696648,unknown,2026,television_episode,usa-can,uploaders,without-hosting,audit-filtered,7,21493,264993,8.110780284762239,True
sugar-201,wikidata:Q113696648,unknown,2026,television_episode,other,uploaders,all,full,8,149889,522515,28.686066428714966,True
sugar-201,wikidata:Q113696648,unknown,2026,television_episode,other,uploaders,all,audit-filtered,7,120325,423565,28.407682410019714,True
sugar-201,wikidata:Q113696648,unknown,2026,television_episode,other,uploaders,without-hosting,full,8,125201,330378,37.8962884937859,True
sugar-201,wikidata:Q113696648,unknown,2026,television_episode,other,uploaders,without-hosting,audit-filtered,7,101198,264993,38.18893329257754,True
sugar-201,wikidata:Q113696648,unknown,2026,television_episode,unclassified,uploaders,all,full,8,360,522515,0.06889754361118819,True
sugar-201,wikidata:Q113696648,unknown,2026,television_episode,unclassified,uploaders,all,audit-filtered,7,255,423565,0.06020327458595493,True
sugar-201,wikidata:Q113696648,unknown,2026,television_episode,unclassified,uploaders,without-hosting,full,8,360,330378,0.10896609338394203,True
sugar-201,wikidata:Q113696648,unknown,2026,television_episode,unclassified,uploaders,without-hosting,audit-filtered,7,255,264993,0.09622895699131676,True
summer-i-turned-pretty-311,wikidata:Q111947659,unknown,2025,television_episode,asia-28,downloaders,all,full,8,1612878,7089588,22.749953876022133,True
summer-i-turned-pretty-311,wikidata:Q111947659,unknown,2025,television_episode,asia-28,downloaders,all,audit-filtered,7,1469088,6465507,22.72193039153774,True
summer-i-turned-pretty-311,wikidata:Q111947659,unknown,2025,television_episode,asia-28,downloaders,without-hosting,full,8,1525492,6103444,24.993954233052683,True
summer-i-turned-pretty-311,wikidata:Q111947659,unknown,2025,television_episode,asia-28,downloaders,without-hosting,audit-filtered,7,1389988,5586547,24.88098641253712,True
summer-i-turned-pretty-311,wikidata:Q111947659,unknown,2025,television_episode,eur-27,downloaders,all,full,8,1892292,7089588,26.691141995839534,True
summer-i-turned-pretty-311,wikidata:Q111947659,unknown,2025,television_episode,eur-27,downloaders,all,audit-filtered,7,1720377,6465507,26.60853974792696,True
summer-i-turned-pretty-311,wikidata:Q111947659,unknown,2025,television_episode,eur-27,downloaders,without-hosting,full,8,1419744,6103444,23.261358668974434,True
summer-i-turned-pretty-311,wikidata:Q111947659,unknown,2025,television_episode,eur-27,downloaders,without-hosting,audit-filtered,7,1293867,5586547,23.16040659820816,True
summer-i-turned-pretty-311,wikidata:Q111947659,unknown,2025,television_episode,usa-can,downloaders,all,full,8,628172,7089588,8.860486674260901,True
summer-i-turned-pretty-311,wikidata:Q111947659,unknown,2025,television_episode,usa-can,downloaders,all,audit-filtered,7,563744,6465507,8.719254344632215,True
summer-i-turned-pretty-311,wikidata:Q111947659,unknown,2025,television_episode,usa-can,downloaders,without-hosting,full,8,339894,6103444,5.56888864713103,True
summer-i-turned-pretty-311,wikidata:Q111947659,unknown,2025,television_episode,usa-can,downloaders,without-hosting,audit-filtered,7,311395,5586547,5.574015577063972,True
summer-i-turned-pretty-311,wikidata:Q111947659,unknown,2025,television_episode,other,downloaders,all,full,8,2954208,7089588,41.66967107256444,True
summer-i-turned-pretty-311,wikidata:Q111947659,unknown,2025,television_episode,other,downloaders,all,audit-filtered,7,2710570,6465507,41.9235490735684,True
summer-i-turned-pretty-311,wikidata:Q111947659,unknown,2025,television_episode,other,downloaders,without-hosting,full,8,2816330,6103444,46.14329221337986,True
summer-i-turned-pretty-311,wikidata:Q111947659,unknown,2025,television_episode,other,downloaders,without-hosting,audit-filtered,7,2589620,5586547,46.3545728694308,True
summer-i-turned-pretty-311,wikidata:Q111947659,unknown,2025,television_episode,unclassified,downloaders,all,full,8,2038,7089588,0.02874638131299026,True
summer-i-turned-pretty-311,wikidata:Q111947659,unknown,2025,television_episode,unclassified,downloaders,all,audit-filtered,7,1728,6465507,0.026726442334684658,True
summer-i-turned-pretty-311,wikidata:Q111947659,unknown,2025,television_episode,unclassified,downloaders,without-hosting,full,8,1984,6103444,0.032506237461996865,True
summer-i-turned-pretty-311,wikidata:Q111947659,unknown,2025,television_episode,unclassified,downloaders,without-hosting,audit-filtered,7,1677,5586547,0.0300185427599553,True
summer-i-turned-pretty-311,wikidata:Q111947659,unknown,2025,television_episode,asia-28,uploaders,all,full,8,31624,285906,11.060978083705834,True
summer-i-turned-pretty-311,wikidata:Q111947659,unknown,2025,television_episode,asia-28,uploaders,all,audit-filtered,7,20865,197121,10.584869192019115,True
summer-i-turned-pretty-311,wikidata:Q111947659,unknown,2025,television_episode,asia-28,uploaders,without-hosting,full,8,27838,195422,14.2450696441547,True
summer-i-turned-pretty-311,wikidata:Q111947659,unknown,2025,television_episode,asia-28,uploaders,without-hosting,audit-filtered,7,17861,124981,14.290972227778623,True
summer-i-turned-pretty-311,wikidata:Q111947659,unknown,2025,television_episode,eur-27,uploaders,all,full,8,94195,285906,32.94614313795443,True
summer-i-turned-pretty-311,wikidata:Q111947659,unknown,2025,television_episode,eur-27,uploaders,all,audit-filtered,7,63032,197121,31.976298821536012,True
summer-i-turned-pretty-311,wikidata:Q111947659,unknown,2025,television_episode,eur-27,uploaders,without-hosting,full,8,70692,195422,36.174023395523534,True
summer-i-turned-pretty-311,wikidata:Q111947659,unknown,2025,television_episode,eur-27,uploaders,without-hosting,audit-filtered,7,44789,124981,35.83664717036989,True
summer-i-turned-pretty-311,wikidata:Q111947659,unknown,2025,television_episode,usa-can,uploaders,all,full,8,62648,285906,21.912096982924457,True
summer-i-turned-pretty-311,wikidata:Q111947659,unknown,2025,television_episode,usa-can,uploaders,all,audit-filtered,7,50172,197121,25.45238711248421,True
summer-i-turned-pretty-311,wikidata:Q111947659,unknown,2025,television_episode,usa-can,uploaders,without-hosting,full,8,11601,195422,5.9363838257719195,True
summer-i-turned-pretty-311,wikidata:Q111947659,unknown,2025,television_episode,usa-can,uploaders,without-hosting,audit-filtered,7,8217,124981,6.574599339099543,True
summer-i-turned-pretty-311,wikidata:Q111947659,unknown,2025,television_episode,other,uploaders,all,full,8,97230,285906,34.00768084615223,True
summer-i-turned-pretty-311,wikidata:Q111947659,unknown,2025,television_episode,other,uploaders,all,audit-filtered,7,62922,197121,31.92049553320042,True
summer-i-turned-pretty-311,wikidata:Q111947659,unknown,2025,television_episode,other,uploaders,without-hosting,full,8,85082,195422,43.537575093899356,True
summer-i-turned-pretty-311,wikidata:Q111947659,unknown,2025,television_episode,other,uploaders,without-hosting,audit-filtered,7,53984,124981,43.19376545234876,True
summer-i-turned-pretty-311,wikidata:Q111947659,unknown,2025,television_episode,unclassified,uploaders,all,full,8,209,285906,0.0731009492630445,True
summer-i-turned-pretty-311,wikidata:Q111947659,unknown,2025,television_episode,unclassified,uploaders,all,audit-filtered,7,130,197121,0.06594934076024371,True
summer-i-turned-pretty-311,wikidata:Q111947659,unknown,2025,television_episode,unclassified,uploaders,without-hosting,full,8,209,195422,0.10694804065048971,True
summer-i-turned-pretty-311,wikidata:Q111947659,unknown,2025,television_episode,unclassified,uploaders,without-hosting,audit-filtered,7,130,124981,0.10401581040318128,True
tokyo-vice-01,wikidata:Q85809934,unknown,2022,television_season,asia-28,downloaders,all,full,8,540417,2868964,18.836660202079916,True
tokyo-vice-01,wikidata:Q85809934,unknown,2022,television_season,asia-28,downloaders,all,audit-filtered,6,387546,2093783,18.509367971752564,True
tokyo-vice-01,wikidata:Q85809934,unknown,2022,television_season,asia-28,downloaders,without-hosting,full,8,498402,2246619,22.184535962706626,True
tokyo-vice-01,wikidata:Q85809934,unknown,2022,television_season,asia-28,downloaders,without-hosting,audit-filtered,6,357959,1646810,21.73650876543135,True
tokyo-vice-01,wikidata:Q85809934,unknown,2022,television_season,eur-27,downloaders,all,full,8,683524,2868964,23.824767407328917,True
tokyo-vice-01,wikidata:Q85809934,unknown,2022,television_season,eur-27,downloaders,all,audit-filtered,6,504564,2093783,24.098199288082863,True
tokyo-vice-01,wikidata:Q85809934,unknown,2022,television_season,eur-27,downloaders,without-hosting,full,8,463369,2246619,20.625170534033586,True
tokyo-vice-01,wikidata:Q85809934,unknown,2022,television_season,eur-27,downloaders,without-hosting,audit-filtered,6,341770,1646810,20.753456682920312,True
tokyo-vice-01,wikidata:Q85809934,unknown,2022,television_season,usa-can,downloaders,all,full,8,425021,2868964,14.8144417287913,True
tokyo-vice-01,wikidata:Q85809934,unknown,2022,television_season,usa-can,downloaders,all,audit-filtered,6,302005,2093783,14.42389206522357,True
tokyo-vice-01,wikidata:Q85809934,unknown,2022,television_season,usa-can,downloaders,without-hosting,full,8,188172,2246619,8.375786014451048,True
tokyo-vice-01,wikidata:Q85809934,unknown,2022,television_season,usa-can,downloaders,without-hosting,audit-filtered,6,132409,1646810,8.040332521663094,True
tokyo-vice-01,wikidata:Q85809934,unknown,2022,television_season,other,downloaders,all,full,8,1218961,2868964,42.487845786841525,True
tokyo-vice-01,wikidata:Q85809934,unknown,2022,television_season,other,downloaders,all,audit-filtered,6,898933,2093783,42.93343675060883,True
tokyo-vice-01,wikidata:Q85809934,unknown,2022,television_season,other,downloaders,without-hosting,full,8,1095635,2246619,48.76817119413661,True
tokyo-vice-01,wikidata:Q85809934,unknown,2022,television_season,other,downloaders,without-hosting,audit-filtered,6,813937,1646810,49.42507028740413,True
tokyo-vice-01,wikidata:Q85809934,unknown,2022,television_season,unclassified,downloaders,all,full,8,1041,2868964,0.036284874958347334,True
tokyo-vice-01,wikidata:Q85809934,unknown,2022,television_season,unclassified,downloaders,all,audit-filtered,6,735,2093783,0.03510392433217769,True
tokyo-vice-01,wikidata:Q85809934,unknown,2022,television_season,unclassified,downloaders,without-hosting,full,8,1041,2246619,0.04633629467212732,True
tokyo-vice-01,wikidata:Q85809934,unknown,2022,television_season,unclassified,downloaders,without-hosting,audit-filtered,6,735,1646810,0.04463174258111136,True
tokyo-vice-01,wikidata:Q85809934,unknown,2022,television_season,asia-28,uploaders,all,full,8,181742,1000612,18.163084192474205,True
tokyo-vice-01,wikidata:Q85809934,unknown,2022,television_season,asia-28,uploaders,all,audit-filtered,6,121381,679490,17.86354471736155,True
tokyo-vice-01,wikidata:Q85809934,unknown,2022,television_season,asia-28,uploaders,without-hosting,full,8,167807,779621,21.524176490884674,True
tokyo-vice-01,wikidata:Q85809934,unknown,2022,television_season,asia-28,uploaders,without-hosting,audit-filtered,6,112087,524466,21.371642775699474,True
tokyo-vice-01,wikidata:Q85809934,unknown,2022,television_season,eur-27,uploaders,all,full,8,258588,1000612,25.842984093734636,True
tokyo-vice-01,wikidata:Q85809934,unknown,2022,television_season,eur-27,uploaders,all,audit-filtered,6,178942,679490,26.334751063297475,True
tokyo-vice-01,wikidata:Q85809934,unknown,2022,television_season,eur-27,uploaders,without-hosting,full,8,201993,779621,25.909127640225186,True
tokyo-vice-01,wikidata:Q85809934,unknown,2022,television_season,eur-27,uploaders,without-hosting,audit-filtered,6,141148,524466,26.912707401433078,True
tokyo-vice-01,wikidata:Q85809934,unknown,2022,television_season,usa-can,uploaders,all,full,8,170754,1000612,17.064956246776973,True
tokyo-vice-01,wikidata:Q85809934,unknown,2022,television_season,usa-can,uploaders,all,audit-filtered,6,119896,679490,17.644998454723396,True
tokyo-vice-01,wikidata:Q85809934,unknown,2022,television_season,usa-can,uploaders,without-hosting,full,8,58460,779621,7.498515304231159,True
tokyo-vice-01,wikidata:Q85809934,unknown,2022,television_season,usa-can,uploaders,without-hosting,audit-filtered,6,36099,524466,6.883000995298074,True
tokyo-vice-01,wikidata:Q85809934,unknown,2022,television_season,other,uploaders,all,full,8,388906,1000612,38.8668135101318,True
tokyo-vice-01,wikidata:Q85809934,unknown,2022,television_season,other,uploaders,all,audit-filtered,6,258830,679490,38.09180414722807,True
tokyo-vice-01,wikidata:Q85809934,unknown,2022,television_season,other,uploaders,without-hosting,full,8,350739,779621,44.988398208873285,True
tokyo-vice-01,wikidata:Q85809934,unknown,2022,television_season,other,uploaders,without-hosting,audit-filtered,6,234691,524466,44.74856330057621,True
tokyo-vice-01,wikidata:Q85809934,unknown,2022,television_season,unclassified,uploaders,all,full,8,622,1000612,0.06216195688238798,True
tokyo-vice-01,wikidata:Q85809934,unknown,2022,television_season,unclassified,uploaders,all,audit-filtered,6,441,679490,0.06490161738951272,True
tokyo-vice-01,wikidata:Q85809934,unknown,2022,television_season,unclassified,uploaders,without-hosting,full,8,622,779621,0.07978235578569587,True
tokyo-vice-01,wikidata:Q85809934,unknown,2022,television_season,unclassified,uploaders,without-hosting,audit-filtered,6,441,524466,0.08408552699317019,True
tokyo-vice-201,wikidata:Q85809934,unknown,2024,television_episode,asia-28,downloaders,all,full,8,1235106,6644170,18.589319659189936,True
tokyo-vice-201,wikidata:Q85809934,unknown,2024,television_episode,asia-28,downloaders,all,audit-filtered,5,873986,4446852,19.654038407394715,True
tokyo-vice-201,wikidata:Q85809934,unknown,2024,television_episode,asia-28,downloaders,without-hosting,full,8,1163254,5602692,20.762412069055376,True
tokyo-vice-201,wikidata:Q85809934,unknown,2024,television_episode,asia-28,downloaders,without-hosting,audit-filtered,5,824366,3745975,22.006713872890234,True
tokyo-vice-201,wikidata:Q85809934,unknown,2024,television_episode,eur-27,downloaders,all,full,8,1763946,6644170,26.548778854243647,True
tokyo-vice-201,wikidata:Q85809934,unknown,2024,television_episode,eur-27,downloaders,all,audit-filtered,5,1157860,4446852,26.037745353342096,True
tokyo-vice-201,wikidata:Q85809934,unknown,2024,television_episode,eur-27,downloaders,without-hosting,full,8,1246672,5602692,22.25130348054114,True
tokyo-vice-201,wikidata:Q85809934,unknown,2024,television_episode,eur-27,downloaders,without-hosting,audit-filtered,5,800568,3745975,21.371418656024133,True
tokyo-vice-201,wikidata:Q85809934,unknown,2024,television_episode,usa-can,downloaders,all,full,8,664255,6644170,9.99756177220029,True
tokyo-vice-201,wikidata:Q85809934,unknown,2024,television_episode,usa-can,downloaders,all,audit-filtered,5,440298,4446852,9.901341443340142,True
tokyo-vice-201,wikidata:Q85809934,unknown,2024,television_episode,usa-can,downloaders,without-hosting,full,8,371468,5602692,6.630169925457262,True
tokyo-vice-201,wikidata:Q85809934,unknown,2024,television_episode,usa-can,downloaders,without-hosting,audit-filtered,5,251413,3745975,6.711550397426572,True
tokyo-vice-201,wikidata:Q85809934,unknown,2024,television_episode,other,downloaders,all,full,8,2979250,6644170,44.840062791891235,True
tokyo-vice-201,wikidata:Q85809934,unknown,2024,television_episode,other,downloaders,all,audit-filtered,5,1973638,4446852,44.38281283028983,True
tokyo-vice-201,wikidata:Q85809934,unknown,2024,television_episode,other,downloaders,without-hosting,full,8,2819713,5602692,50.32782455291135,True
tokyo-vice-201,wikidata:Q85809934,unknown,2024,television_episode,other,downloaders,without-hosting,audit-filtered,5,1868571,3745975,49.88210012079632,True
tokyo-vice-201,wikidata:Q85809934,unknown,2024,television_episode,unclassified,downloaders,all,full,8,1613,6644170,0.02427692247489152,True
tokyo-vice-201,wikidata:Q85809934,unknown,2024,television_episode,unclassified,downloaders,all,audit-filtered,5,1070,4446852,0.024061965633216487,True
tokyo-vice-201,wikidata:Q85809934,unknown,2024,television_episode,unclassified,downloaders,without-hosting,full,8,1585,5602692,0.028289972034871807,True
tokyo-vice-201,wikidata:Q85809934,unknown,2024,television_episode,unclassified,downloaders,without-hosting,audit-filtered,5,1057,3745975,0.028216952862739342,True
tokyo-vice-201,wikidata:Q85809934,unknown,2024,television_episode,asia-28,uploaders,all,full,8,30631,240979,12.711066109495018,True
tokyo-vice-201,wikidata:Q85809934,unknown,2024,television_episode,asia-28,uploaders,all,audit-filtered,5,16862,135264,12.465992429619115,True
tokyo-vice-201,wikidata:Q85809934,unknown,2024,television_episode,asia-28,uploaders,without-hosting,full,8,27163,169996,15.978611261441445,True
tokyo-vice-201,wikidata:Q85809934,unknown,2024,television_episode,asia-28,uploaders,without-hosting,audit-filtered,5,14944,96092,15.551762893893352,True
tokyo-vice-201,wikidata:Q85809934,unknown,2024,television_episode,eur-27,uploaders,all,full,8,75454,240979,31.311442075865532,True
tokyo-vice-201,wikidata:Q85809934,unknown,2024,television_episode,eur-27,uploaders,all,audit-filtered,5,42537,135264,31.44739176721079,True
tokyo-vice-201,wikidata:Q85809934,unknown,2024,television_episode,eur-27,uploaders,without-hosting,full,8,51038,169996,30.023059366102732,True
tokyo-vice-201,wikidata:Q85809934,unknown,2024,television_episode,eur-27,uploaders,without-hosting,audit-filtered,5,29039,96092,30.21999750239354,True
tokyo-vice-201,wikidata:Q85809934,unknown,2024,television_episode,usa-can,uploaders,all,full,8,56059,240979,23.26302291900954,True
tokyo-vice-201,wikidata:Q85809934,unknown,2024,television_episode,usa-can,uploaders,all,audit-filtered,5,31637,135264,23.389076176957655,True
tokyo-vice-201,wikidata:Q85809934,unknown,2024,television_episode,usa-can,uploaders,without-hosting,full,8,23765,169996,13.979740699781171,True
tokyo-vice-201,wikidata:Q85809934,unknown,2024,television_episode,usa-can,uploaders,without-hosting,audit-filtered,5,13739,96092,14.297756316863007,True
tokyo-vice-201,wikidata:Q85809934,unknown,2024,television_episode,other,uploaders,all,full,8,78766,240979,32.68583569522656,True
tokyo-vice-201,wikidata:Q85809934,unknown,2024,television_episode,other,uploaders,all,audit-filtered,5,44189,135264,32.66870712088952,True
tokyo-vice-201,wikidata:Q85809934,unknown,2024,television_episode,other,uploaders,without-hosting,full,8,67961,169996,39.97799948234076,True
tokyo-vice-201,wikidata:Q85809934,unknown,2024,television_episode,other,uploaders,without-hosting,audit-filtered,5,38331,96092,39.889897181867376,True
tokyo-vice-201,wikidata:Q85809934,unknown,2024,television_episode,unclassified,uploaders,all,full,8,69,240979,0.02863320040335465,True
tokyo-vice-201,wikidata:Q85809934,unknown,2024,television_episode,unclassified,uploaders,all,audit-filtered,5,39,135264,0.02883250532292406,True
tokyo-vice-201,wikidata:Q85809934,unknown,2024,television_episode,unclassified,uploaders,without-hosting,full,8,69,169996,0.04058919033389021,True
tokyo-vice-201,wikidata:Q85809934,unknown,2024,television_episode,unclassified,uploaders,without-hosting,audit-filtered,5,39,96092,0.040586104982724885,True
tokyo-vice-209,wikidata:Q85809934,unknown,2024,television_episode,asia-28,downloaders,all,full,8,1187658,7040646,16.86859416025177,True
tokyo-vice-209,wikidata:Q85809934,unknown,2024,television_episode,asia-28,downloaders,all,audit-filtered,6,995699,5757014,17.295406959232686,True
tokyo-vice-209,wikidata:Q85809934,unknown,2024,television_episode,asia-28,downloaders,without-hosting,full,8,1115045,5911011,18.86386271316362,True
tokyo-vice-209,wikidata:Q85809934,unknown,2024,television_episode,asia-28,downloaders,without-hosting,audit-filtered,6,935804,4842214,19.3259529628389,True
tokyo-vice-209,wikidata:Q85809934,unknown,2024,television_episode,eur-27,downloaders,all,full,8,1832772,7040646,26.03130451381876,True
tokyo-vice-209,wikidata:Q85809934,unknown,2024,television_episode,eur-27,downloaders,all,audit-filtered,6,1474457,5757014,25.6114888725301,True
tokyo-vice-209,wikidata:Q85809934,unknown,2024,television_episode,eur-27,downloaders,without-hosting,full,8,1279044,5911011,21.63832887470519,True
tokyo-vice-209,wikidata:Q85809934,unknown,2024,television_episode,eur-27,downloaders,without-hosting,audit-filtered,6,1021518,4842214,21.096093646418765,True
tokyo-vice-209,wikidata:Q85809934,unknown,2024,television_episode,usa-can,downloaders,all,full,8,724997,7040646,10.297307945890193,True
tokyo-vice-209,wikidata:Q85809934,unknown,2024,television_episode,usa-can,downloaders,all,audit-filtered,6,587643,5757014,10.207426975164555,True
tokyo-vice-209,wikidata:Q85809934,unknown,2024,television_episode,usa-can,downloaders,without-hosting,full,8,374946,5911011,6.343178857220871,True
tokyo-vice-209,wikidata:Q85809934,unknown,2024,television_episode,usa-can,downloaders,without-hosting,audit-filtered,6,309054,4842214,6.382493627914834,True
tokyo-vice-209,wikidata:Q85809934,unknown,2024,television_episode,other,downloaders,all,full,8,3293456,7040646,46.77775306413645,True
tokyo-vice-209,wikidata:Q85809934,unknown,2024,television_episode,other,downloaders,all,audit-filtered,6,2697822,5757014,46.86148062172508,True
tokyo-vice-209,wikidata:Q85809934,unknown,2024,television_episode,other,downloaders,without-hosting,full,8,3140253,5911011,53.1254805649998,True
tokyo-vice-209,wikidata:Q85809934,unknown,2024,television_episode,other,downloaders,without-hosting,audit-filtered,6,2574471,4842214,53.16722887505591,True
tokyo-vice-209,wikidata:Q85809934,unknown,2024,television_episode,unclassified,downloaders,all,full,8,1763,7040646,0.02504031590283051,True
tokyo-vice-209,wikidata:Q85809934,unknown,2024,television_episode,unclassified,downloaders,all,audit-filtered,6,1393,5757014,0.02419657134757706,True
tokyo-vice-209,wikidata:Q85809934,unknown,2024,television_episode,unclassified,downloaders,without-hosting,full,8,1723,5911011,0.029148989910524614,True
tokyo-vice-209,wikidata:Q85809934,unknown,2024,television_episode,unclassified,downloaders,without-hosting,audit-filtered,6,1367,4842214,0.028230887771585476,True
tokyo-vice-209,wikidata:Q85809934,unknown,2024,television_episode,asia-28,uploaders,all,full,8,36458,300430,12.13527277568818,True
tokyo-vice-209,wikidata:Q85809934,unknown,2024,television_episode,asia-28,uploaders,all,audit-filtered,6,27607,226237,12.202690099320623,True
tokyo-vice-209,wikidata:Q85809934,unknown,2024,television_episode,asia-28,uploaders,without-hosting,full,8,30204,182615,16.53971470032582,True
tokyo-vice-209,wikidata:Q85809934,unknown,2024,television_episode,asia-28,uploaders,without-hosting,audit-filtered,6,22640,136899,16.537739501384234,True
tokyo-vice-209,wikidata:Q85809934,unknown,2024,television_episode,eur-27,uploaders,all,full,8,81503,300430,27.12878207902007,True
tokyo-vice-209,wikidata:Q85809934,unknown,2024,television_episode,eur-27,uploaders,all,audit-filtered,6,59999,226237,26.520418852795963,True
tokyo-vice-209,wikidata:Q85809934,unknown,2024,television_episode,eur-27,uploaders,without-hosting,full,8,49010,182615,26.837882977849574,True
tokyo-vice-209,wikidata:Q85809934,unknown,2024,television_episode,eur-27,uploaders,without-hosting,audit-filtered,6,35802,136899,26.152126750378017,True
tokyo-vice-209,wikidata:Q85809934,unknown,2024,television_episode,usa-can,uploaders,all,full,8,87559,300430,29.144559464767166,True
tokyo-vice-209,wikidata:Q85809934,unknown,2024,television_episode,usa-can,uploaders,all,audit-filtered,6,66707,226237,29.485451097742633,True
tokyo-vice-209,wikidata:Q85809934,unknown,2024,television_episode,usa-can,uploaders,without-hosting,full,8,21517,182615,11.78271226350519,True
tokyo-vice-209,wikidata:Q85809934,unknown,2024,television_episode,usa-can,uploaders,without-hosting,audit-filtered,6,16064,136899,11.734198204515739,True
tokyo-vice-209,wikidata:Q85809934,unknown,2024,television_episode,other,uploaders,all,full,8,94809,300430,31.55776720034617,True
tokyo-vice-209,wikidata:Q85809934,unknown,2024,television_episode,other,uploaders,all,audit-filtered,6,71849,226237,31.758288874056852,True
tokyo-vice-209,wikidata:Q85809934,unknown,2024,television_episode,other,uploaders,without-hosting,full,8,81783,182615,44.784382443939435,True
tokyo-vice-209,wikidata:Q85809934,unknown,2024,television_episode,other,uploaders,without-hosting,audit-filtered,6,62318,136899,45.52115062929605,True
tokyo-vice-209,wikidata:Q85809934,unknown,2024,television_episode,unclassified,uploaders,all,full,8,101,300430,0.033618480178410945,True
tokyo-vice-209,wikidata:Q85809934,unknown,2024,television_episode,unclassified,uploaders,all,audit-filtered,6,75,226237,0.033151076083929684,True
tokyo-vice-209,wikidata:Q85809934,unknown,2024,television_episode,unclassified,uploaders,without-hosting,full,8,101,182615,0.05530761437997974,True
tokyo-vice-209,wikidata:Q85809934,unknown,2024,television_episode,unclassified,uploaders,without-hosting,audit-filtered,6,75,136899,0.054784914425963664,True
trese-01,wikidata:Q107036301,unknown,2021,television_season,asia-28,downloaders,all,full,8,1107417,4580882,24.174754992597496,True
trese-01,wikidata:Q107036301,unknown,2021,television_season,asia-28,downloaders,all,audit-filtered,6,847953,3635173,23.326345128553715,True
trese-01,wikidata:Q107036301,unknown,2021,television_season,asia-28,downloaders,without-hosting,full,8,998523,3857094,25.887961247509136,True
trese-01,wikidata:Q107036301,unknown,2021,television_season,asia-28,downloaders,without-hosting,audit-filtered,6,760628,3061637,24.843833543950506,True
trese-01,wikidata:Q107036301,unknown,2021,television_season,eur-27,downloaders,all,full,8,710683,4580882,15.51410841842248,True
trese-01,wikidata:Q107036301,unknown,2021,television_season,eur-27,downloaders,all,audit-filtered,6,568749,3635173,15.645720299969218,True
trese-01,wikidata:Q107036301,unknown,2021,television_season,eur-27,downloaders,without-hosting,full,8,565921,3857094,14.67221177394173,True
trese-01,wikidata:Q107036301,unknown,2021,television_season,eur-27,downloaders,without-hosting,audit-filtered,6,456523,3061637,14.911075349559729,True
trese-01,wikidata:Q107036301,unknown,2021,television_season,usa-can,downloaders,all,full,8,1845277,4580882,40.28213344067802,True
trese-01,wikidata:Q107036301,unknown,2021,television_season,usa-can,downloaders,all,audit-filtered,6,1497386,3635173,41.19160216033735,True
trese-01,wikidata:Q107036301,unknown,2021,television_season,usa-can,downloaders,without-hosting,full,8,1488625,3857094,38.59447034477252,True
trese-01,wikidata:Q107036301,unknown,2021,television_season,usa-can,downloaders,without-hosting,audit-filtered,6,1213680,3061637,39.64153817059305,True
trese-01,wikidata:Q107036301,unknown,2021,television_season,other,downloaders,all,full,8,917068,4580882,20.01946350069703,True
trese-01,wikidata:Q107036301,unknown,2021,television_season,other,downloaders,all,audit-filtered,6,720812,3635173,19.82882245219141,True
trese-01,wikidata:Q107036301,unknown,2021,television_season,other,downloaders,without-hosting,full,8,803588,3857094,20.83402686063653,True
trese-01,wikidata:Q107036301,unknown,2021,television_season,other,downloaders,without-hosting,audit-filtered,6,630533,3061637,20.594636137465024,True
trese-01,wikidata:Q107036301,unknown,2021,television_season,unclassified,downloaders,all,full,8,437,4580882,0.009539647604980874,True
trese-01,wikidata:Q107036301,unknown,2021,television_season,unclassified,downloaders,all,audit-filtered,6,273,3635173,0.00750995894830865,True
trese-01,wikidata:Q107036301,unknown,2021,television_season,unclassified,downloaders,without-hosting,full,8,437,3857094,0.011329773140089405,True
trese-01,wikidata:Q107036301,unknown,2021,television_season,unclassified,downloaders,without-hosting,audit-filtered,6,273,3061637,0.00891679843168867,True
trese-01,wikidata:Q107036301,unknown,2021,television_season,asia-28,uploaders,all,full,8,75824,234169,32.38003322386823,True
trese-01,wikidata:Q107036301,unknown,2021,television_season,asia-28,uploaders,all,audit-filtered,6,40379,147067,27.456193435644977,True
trese-01,wikidata:Q107036301,unknown,2021,television_season,asia-28,uploaders,without-hosting,full,8,73487,160323,45.836841875463904,True
trese-01,wikidata:Q107036301,unknown,2021,television_season,asia-28,uploaders,without-hosting,audit-filtered,6,38975,94937,41.05354076914164,True
trese-01,wikidata:Q107036301,unknown,2021,television_season,eur-27,uploaders,all,full,8,24401,234169,10.420252040193194,True
trese-01,wikidata:Q107036301,unknown,2021,television_season,eur-27,uploaders,all,audit-filtered,6,14501,147067,9.860131776673217,True
trese-01,wikidata:Q107036301,unknown,2021,television_season,eur-27,uploaders,without-hosting,full,8,17067,160323,10.645384629778635,True
trese-01,wikidata:Q107036301,unknown,2021,television_season,eur-27,uploaders,without-hosting,audit-filtered,6,10448,94937,11.005192917408387,True
trese-01,wikidata:Q107036301,unknown,2021,television_season,usa-can,uploaders,all,full,8,68667,234169,29.32369357173665,True
trese-01,wikidata:Q107036301,unknown,2021,television_season,usa-can,uploaders,all,audit-filtered,6,49309,147067,33.52825582897591,True
trese-01,wikidata:Q107036301,unknown,2021,television_season,usa-can,uploaders,without-hosting,full,8,7621,160323,4.753528813707328,True
trese-01,wikidata:Q107036301,unknown,2021,television_season,usa-can,uploaders,without-hosting,audit-filtered,6,4342,94937,4.573559307751456,True
trese-01,wikidata:Q107036301,unknown,2021,television_season,other,uploaders,all,full,8,65267,234169,27.8717507441207,True
trese-01,wikidata:Q107036301,unknown,2021,television_season,other,uploaders,all,audit-filtered,6,42872,147067,29.151339185541286,True
trese-01,wikidata:Q107036301,unknown,2021,television_season,other,uploaders,without-hosting,full,8,62138,160323,38.758007272818,True
trese-01,wikidata:Q107036301,unknown,2021,television_season,other,uploaders,without-hosting,audit-filtered,6,41166,94937,43.36138702507979,True
trese-01,wikidata:Q107036301,unknown,2021,television_season,unclassified,uploaders,all,full,8,10,234169,0.00427042008122339,True
trese-01,wikidata:Q107036301,unknown,2021,television_season,unclassified,uploaders,all,audit-filtered,6,6,147067,0.004079773164612047,True
trese-01,wikidata:Q107036301,unknown,2021,television_season,unclassified,uploaders,without-hosting,full,8,10,160323,0.006237408232131385,True
trese-01,wikidata:Q107036301,unknown,2021,television_season,unclassified,uploaders,without-hosting,audit-filtered,6,6,94937,0.006319980618726103,True
tron-ares,wikidata:Q120237363,unknown,2025,film,asia-28,downloaders,all,full,8,5298753,19559196,27.09085281419543,True
tron-ares,wikidata:Q120237363,unknown,2025,film,asia-28,downloaders,all,audit-filtered,8,5298753,19559196,27.09085281419543,True
tron-ares,wikidata:Q120237363,unknown,2025,film,asia-28,downloaders,without-hosting,full,8,5040070,16405244,30.722310500227852,True
tron-ares,wikidata:Q120237363,unknown,2025,film,asia-28,downloaders,without-hosting,audit-filtered,8,5040070,16405244,30.722310500227852,True
tron-ares,wikidata:Q120237363,unknown,2025,film,eur-27,downloaders,all,full,8,4388152,19559196,22.435237113018346,True
tron-ares,wikidata:Q120237363,unknown,2025,film,eur-27,downloaders,all,audit-filtered,8,4388152,19559196,22.435237113018346,True
tron-ares,wikidata:Q120237363,unknown,2025,film,eur-27,downloaders,without-hosting,full,8,2872081,16405244,17.507091025284353,True
tron-ares,wikidata:Q120237363,unknown,2025,film,eur-27,downloaders,without-hosting,audit-filtered,8,2872081,16405244,17.507091025284353,True
tron-ares,wikidata:Q120237363,unknown,2025,film,usa-can,downloaders,all,full,8,1827690,19559196,9.34440249998006,True
tron-ares,wikidata:Q120237363,unknown,2025,film,usa-can,downloaders,all,audit-filtered,8,1827690,19559196,9.34440249998006,True
tron-ares,wikidata:Q120237363,unknown,2025,film,usa-can,downloaders,without-hosting,full,8,936375,16405244,5.707778561538006,True
tron-ares,wikidata:Q120237363,unknown,2025,film,usa-can,downloaders,without-hosting,audit-filtered,8,936375,16405244,5.707778561538006,True
tron-ares,wikidata:Q120237363,unknown,2025,film,other,downloaders,all,full,8,8041740,19559196,41.11488018219154,True
tron-ares,wikidata:Q120237363,unknown,2025,film,other,downloaders,all,audit-filtered,8,8041740,19559196,41.11488018219154,True
tron-ares,wikidata:Q120237363,unknown,2025,film,other,downloaders,without-hosting,full,8,7553974,16405244,46.04609355398798,True
tron-ares,wikidata:Q120237363,unknown,2025,film,other,downloaders,without-hosting,audit-filtered,8,7553974,16405244,46.04609355398798,True
tron-ares,wikidata:Q120237363,unknown,2025,film,unclassified,downloaders,all,full,8,2861,19559196,0.014627390614624446,True
tron-ares,wikidata:Q120237363,unknown,2025,film,unclassified,downloaders,all,audit-filtered,8,2861,19559196,0.014627390614624446,True
tron-ares,wikidata:Q120237363,unknown,2025,film,unclassified,downloaders,without-hosting,full,8,2744,16405244,0.01672635896180514,True
tron-ares,wikidata:Q120237363,unknown,2025,film,unclassified,downloaders,without-hosting,audit-filtered,8,2744,16405244,0.01672635896180514,True
tron-ares,wikidata:Q120237363,unknown,2025,film,asia-28,uploaders,all,full,8,267346,1566327,17.06833885899943,True
tron-ares,wikidata:Q120237363,unknown,2025,film,asia-28,uploaders,all,audit-filtered,8,267346,1566327,17.06833885899943,True
tron-ares,wikidata:Q120237363,unknown,2025,film,asia-28,uploaders,without-hosting,full,8,251316,1129100,22.258081657957664,True
tron-ares,wikidata:Q120237363,unknown,2025,film,asia-28,uploaders,without-hosting,audit-filtered,8,251316,1129100,22.258081657957664,True
tron-ares,wikidata:Q120237363,unknown,2025,film,eur-27,uploaders,all,full,8,385782,1566327,24.629722912265446,True
tron-ares,wikidata:Q120237363,unknown,2025,film,eur-27,uploaders,all,audit-filtered,8,385782,1566327,24.629722912265446,True
tron-ares,wikidata:Q120237363,unknown,2025,film,eur-27,uploaders,without-hosting,full,8,231759,1129100,20.525994154636436,True
tron-ares,wikidata:Q120237363,unknown,2025,film,eur-27,uploaders,without-hosting,audit-filtered,8,231759,1129100,20.525994154636436,True
tron-ares,wikidata:Q120237363,unknown,2025,film,usa-can,uploaders,all,full,8,296718,1566327,18.94355393222488,True
tron-ares,wikidata:Q120237363,unknown,2025,film,usa-can,uploaders,all,audit-filtered,8,296718,1566327,18.94355393222488,True
tron-ares,wikidata:Q120237363,unknown,2025,film,usa-can,uploaders,without-hosting,full,8,94834,1129100,8.399078912408113,True
tron-ares,wikidata:Q120237363,unknown,2025,film,usa-can,uploaders,without-hosting,audit-filtered,8,94834,1129100,8.399078912408113,True
tron-ares,wikidata:Q120237363,unknown,2025,film,other,uploaders,all,full,8,616078,1566327,39.33265531399255,True
tron-ares,wikidata:Q120237363,unknown,2025,film,other,uploaders,all,audit-filtered,8,616078,1566327,39.33265531399255,True
tron-ares,wikidata:Q120237363,unknown,2025,film,other,uploaders,without-hosting,full,8,550790,1129100,48.78133026304136,True
tron-ares,wikidata:Q120237363,unknown,2025,film,other,uploaders,without-hosting,audit-filtered,8,550790,1129100,48.78133026304136,True
tron-ares,wikidata:Q120237363,unknown,2025,film,unclassified,uploaders,all,full,8,403,1566327,0.02572898251769905,True
tron-ares,wikidata:Q120237363,unknown,2025,film,unclassified,uploaders,all,audit-filtered,8,403,1566327,0.02572898251769905,True
tron-ares,wikidata:Q120237363,unknown,2025,film,unclassified,uploaders,without-hosting,full,8,401,1129100,0.03551501195642547,True
tron-ares,wikidata:Q120237363,unknown,2025,film,unclassified,uploaders,without-hosting,audit-filtered,8,401,1129100,0.03551501195642547,True
turning-red,wikidata:Q104845027,usa-only,2022,film,asia-28,downloaders,all,full,8,4273754,12952140,32.996508685051275,True
turning-red,wikidata:Q104845027,usa-only,2022,film,asia-28,downloaders,all,audit-filtered,6,2695505,8621792,31.263860227664967,True
turning-red,wikidata:Q104845027,usa-only,2022,film,asia-28,downloaders,without-hosting,full,8,4142675,11543319,35.88807517144766,True
turning-red,wikidata:Q104845027,usa-only,2022,film,asia-28,downloaders,without-hosting,audit-filtered,6,2610606,7716972,33.829408737002026,True
turning-red,wikidata:Q104845027,usa-only,2022,film,eur-27,downloaders,all,full,8,1529838,12952140,11.811468992768763,True
turning-red,wikidata:Q104845027,usa-only,2022,film,eur-27,downloaders,all,audit-filtered,6,1029188,8621792,11.937054384981684,True
turning-red,wikidata:Q104845027,usa-only,2022,film,eur-27,downloaders,without-hosting,full,8,1128829,11543319,9.779067874672787,True
turning-red,wikidata:Q104845027,usa-only,2022,film,eur-27,downloaders,without-hosting,audit-filtered,6,760655,7716972,9.856910197419403,True
turning-red,wikidata:Q104845027,usa-only,2022,film,usa-can,downloaders,all,full,8,1111220,12952140,8.579431661486055,True
turning-red,wikidata:Q104845027,usa-only,2022,film,usa-can,downloaders,all,audit-filtered,6,669104,8621792,7.760614034762147,True
turning-red,wikidata:Q104845027,usa-only,2022,film,usa-can,downloaders,without-hosting,full,8,596862,11543319,5.170627269332156,True
turning-red,wikidata:Q104845027,usa-only,2022,film,usa-can,downloaders,without-hosting,audit-filtered,6,352603,7716972,4.569188536643647,True
turning-red,wikidata:Q104845027,usa-only,2022,film,other,downloaders,all,full,8,6033114,12952140,46.58005549662064,True
turning-red,wikidata:Q104845027,usa-only,2022,film,other,downloaders,all,audit-filtered,6,4225035,8621792,49.00413974264283,True
turning-red,wikidata:Q104845027,usa-only,2022,film,other,downloaders,without-hosting,full,8,5671135,11543319,49.129154275299854,True
turning-red,wikidata:Q104845027,usa-only,2022,film,other,downloaders,without-hosting,audit-filtered,6,3990515,7716972,51.710891266678175,True
turning-red,wikidata:Q104845027,usa-only,2022,film,unclassified,downloaders,all,full,8,4214,12952140,0.03253516407327283,True
turning-red,wikidata:Q104845027,usa-only,2022,film,unclassified,downloaders,all,audit-filtered,6,2960,8621792,0.034331609948372685,True
turning-red,wikidata:Q104845027,usa-only,2022,film,unclassified,downloaders,without-hosting,full,8,3818,11543319,0.0330754092475483,True
turning-red,wikidata:Q104845027,usa-only,2022,film,unclassified,downloaders,without-hosting,audit-filtered,6,2593,7716972,0.03360126225675045,True
turning-red,wikidata:Q104845027,usa-only,2022,film,asia-28,uploaders,all,full,8,1501363,4859375,30.89621607717042,True
turning-red,wikidata:Q104845027,usa-only,2022,film,asia-28,uploaders,all,audit-filtered,6,1001259,3367821,29.73017271404864,True
turning-red,wikidata:Q104845027,usa-only,2022,film,asia-28,uploaders,without-hosting,full,8,1461882,4375192,33.41297936182001,True
turning-red,wikidata:Q104845027,usa-only,2022,film,asia-28,uploaders,without-hosting,audit-filtered,6,974615,3041645,32.042365233286596,True
turning-red,wikidata:Q104845027,usa-only,2022,film,eur-27,uploaders,all,full,8,591375,4859375,12.169774919614149,True
turning-red,wikidata:Q104845027,usa-only,2022,film,eur-27,uploaders,all,audit-filtered,6,409674,3367821,12.16436384237761,True
turning-red,wikidata:Q104845027,usa-only,2022,film,eur-27,uploaders,without-hosting,full,8,461605,4375192,10.550508411973691,True
turning-red,wikidata:Q104845027,usa-only,2022,film,eur-27,uploaders,without-hosting,audit-filtered,6,321585,3041645,10.572732846864115,True
turning-red,wikidata:Q104845027,usa-only,2022,film,usa-can,uploaders,all,full,8,391460,4859375,8.055768488745981,True
turning-red,wikidata:Q104845027,usa-only,2022,film,usa-can,uploaders,all,audit-filtered,6,252447,3367821,7.495855628906643,True
turning-red,wikidata:Q104845027,usa-only,2022,film,usa-can,uploaders,without-hosting,full,8,199519,4375192,4.560234156581014,True
turning-red,wikidata:Q104845027,usa-only,2022,film,usa-can,uploaders,without-hosting,audit-filtered,6,123994,3041645,4.0765441068895285,True
turning-red,wikidata:Q104845027,usa-only,2022,film,other,uploaders,all,full,8,2373521,4859375,48.84416205787781,True
turning-red,wikidata:Q104845027,usa-only,2022,film,other,uploaders,all,audit-filtered,6,1703235,3367821,50.573798310539665,True
turning-red,wikidata:Q104845027,usa-only,2022,film,other,uploaders,without-hosting,full,8,2250616,4375192,51.440393930140665,True
turning-red,wikidata:Q104845027,usa-only,2022,film,other,uploaders,without-hosting,audit-filtered,6,1620327,3041645,53.27140412507048,True
turning-red,wikidata:Q104845027,usa-only,2022,film,unclassified,uploaders,all,full,8,1656,4859375,0.03407845659163987,True
turning-red,wikidata:Q104845027,usa-only,2022,film,unclassified,uploaders,all,audit-filtered,6,1206,3367821,0.035809504127446205,True
turning-red,wikidata:Q104845027,usa-only,2022,film,unclassified,uploaders,without-hosting,full,8,1570,4375192,0.03588413948462148,True
turning-red,wikidata:Q104845027,usa-only,2022,film,unclassified,uploaders,without-hosting,audit-filtered,6,1124,3041645,0.0369536878892836,True
twisted-metal-01,wikidata:Q112223638,unknown,2023,television_season,asia-28,downloaders,all,full,8,512404,4486872,11.420071711428363,True
twisted-metal-01,wikidata:Q112223638,unknown,2023,television_season,asia-28,downloaders,all,audit-filtered,7,417771,3766563,11.09157075031003,True
twisted-metal-01,wikidata:Q112223638,unknown,2023,television_season,asia-28,downloaders,without-hosting,full,8,460511,3419351,13.467789647801586,True
twisted-metal-01,wikidata:Q112223638,unknown,2023,television_season,asia-28,downloaders,without-hosting,audit-filtered,7,373874,2888884,12.941814209224047,True
twisted-metal-01,wikidata:Q112223638,unknown,2023,television_season,eur-27,downloaders,all,full,8,863185,4486872,19.23801258426806,True
twisted-metal-01,wikidata:Q112223638,unknown,2023,television_season,eur-27,downloaders,all,audit-filtered,7,742402,3766563,19.71033008076594,True
twisted-metal-01,wikidata:Q112223638,unknown,2023,television_season,eur-27,downloaders,without-hosting,full,8,583862,3419351,17.075228603322678,True
twisted-metal-01,wikidata:Q112223638,unknown,2023,television_season,eur-27,downloaders,without-hosting,audit-filtered,7,509785,2888884,17.646433709349353,True
twisted-metal-01,wikidata:Q112223638,unknown,2023,television_season,usa-can,downloaders,all,full,8,937092,4486872,20.88519574438495,True
twisted-metal-01,wikidata:Q112223638,unknown,2023,television_season,usa-can,downloaders,all,audit-filtered,7,761662,3766563,20.22167158759856,True
twisted-metal-01,wikidata:Q112223638,unknown,2023,television_season,usa-can,downloaders,without-hosting,full,8,426770,3419351,12.481023445677264,True
twisted-metal-01,wikidata:Q112223638,unknown,2023,television_season,usa-can,downloaders,without-hosting,audit-filtered,7,342500,2888884,11.855789294412652,True
twisted-metal-01,wikidata:Q112223638,unknown,2023,television_season,other,downloaders,all,full,8,2173171,4486872,48.43398697355307,True
twisted-metal-01,wikidata:Q112223638,unknown,2023,television_season,other,downloaders,all,audit-filtered,7,1843918,3766563,48.954922564682974,True
twisted-metal-01,wikidata:Q112223638,unknown,2023,television_season,other,downloaders,without-hosting,full,8,1947192,3419351,56.94624506229398,True
twisted-metal-01,wikidata:Q112223638,unknown,2023,television_season,other,downloaders,without-hosting,audit-filtered,7,1661918,2888884,57.52802812435529,True
twisted-metal-01,wikidata:Q112223638,unknown,2023,television_season,unclassified,downloaders,all,full,8,1020,4486872,0.02273298636555712,True
twisted-metal-01,wikidata:Q112223638,unknown,2023,television_season,unclassified,downloaders,all,audit-filtered,7,810,3766563,0.021505016642493435,True
twisted-metal-01,wikidata:Q112223638,unknown,2023,television_season,unclassified,downloaders,without-hosting,full,8,1016,3419351,0.02971324090448743,True
twisted-metal-01,wikidata:Q112223638,unknown,2023,television_season,unclassified,downloaders,without-hosting,audit-filtered,7,807,2888884,0.027934662658659883,True
twisted-metal-01,wikidata:Q112223638,unknown,2023,television_season,asia-28,uploaders,all,full,8,129310,1223318,10.570432217951506,True
twisted-metal-01,wikidata:Q112223638,unknown,2023,television_season,asia-28,uploaders,all,audit-filtered,7,95274,962611,9.897455981699773,True
twisted-metal-01,wikidata:Q112223638,unknown,2023,television_season,asia-28,uploaders,without-hosting,full,8,116237,925531,12.558952644481925,True
twisted-metal-01,wikidata:Q112223638,unknown,2023,television_season,asia-28,uploaders,without-hosting,audit-filtered,7,84814,723942,11.715579424871054,True
twisted-metal-01,wikidata:Q112223638,unknown,2023,television_season,eur-27,uploaders,all,full,8,192975,1223318,15.774720882060102,True
twisted-metal-01,wikidata:Q112223638,unknown,2023,television_season,eur-27,uploaders,all,audit-filtered,7,148650,962611,15.442374957277654,True
twisted-metal-01,wikidata:Q112223638,unknown,2023,television_season,eur-27,uploaders,without-hosting,full,8,119755,925531,12.939058767345449,True
twisted-metal-01,wikidata:Q112223638,unknown,2023,television_season,eur-27,uploaders,without-hosting,audit-filtered,7,92169,723942,12.731544792262364,True
twisted-metal-01,wikidata:Q112223638,unknown,2023,television_season,usa-can,uploaders,all,full,8,303381,1223318,24.79984762751795,True
twisted-metal-01,wikidata:Q112223638,unknown,2023,television_season,usa-can,uploaders,all,audit-filtered,7,242953,962611,25.23895945506544,True
twisted-metal-01,wikidata:Q112223638,unknown,2023,television_season,usa-can,uploaders,without-hosting,full,8,143077,925531,15.458909534094483,True
twisted-metal-01,wikidata:Q112223638,unknown,2023,television_season,usa-can,uploaders,without-hosting,audit-filtered,7,109767,723942,15.162402512908493,True
twisted-metal-01,wikidata:Q112223638,unknown,2023,television_season,other,uploaders,all,full,8,597448,1223318,48.838323314134186,True
twisted-metal-01,wikidata:Q112223638,unknown,2023,television_season,other,uploaders,all,audit-filtered,7,475593,962611,49.40656194454458,True
twisted-metal-01,wikidata:Q112223638,unknown,2023,television_season,other,uploaders,without-hosting,full,8,546258,925531,59.02103765297975,True
twisted-metal-01,wikidata:Q112223638,unknown,2023,television_season,other,uploaders,without-hosting,audit-filtered,7,437051,723942,60.37099657154855,True
twisted-metal-01,wikidata:Q112223638,unknown,2023,television_season,unclassified,uploaders,all,full,8,204,1223318,0.016675958336262526,True
twisted-metal-01,wikidata:Q112223638,unknown,2023,television_season,unclassified,uploaders,all,audit-filtered,7,141,962611,0.014647661412553982,True
twisted-metal-01,wikidata:Q112223638,unknown,2023,television_season,unclassified,uploaders,without-hosting,full,8,204,925531,0.022041401098396488,True
twisted-metal-01,wikidata:Q112223638,unknown,2023,television_season,unclassified,uploaders,without-hosting,audit-filtered,7,141,723942,0.019476698409541096,True
umbrella-academy-02,wikidata:Q44535025,unknown,2020,television_season,asia-28,downloaders,all,full,8,971378,4424347,21.955285152814643,True
umbrella-academy-02,wikidata:Q44535025,unknown,2020,television_season,asia-28,downloaders,all,audit-filtered,6,729507,3270918,22.30282140976937,True
umbrella-academy-02,wikidata:Q44535025,unknown,2020,television_season,asia-28,downloaders,without-hosting,full,8,902975,3701297,24.39617788034843,True
umbrella-academy-02,wikidata:Q44535025,unknown,2020,television_season,asia-28,downloaders,without-hosting,audit-filtered,6,673876,2760256,24.41353265784043,True
umbrella-academy-02,wikidata:Q44535025,unknown,2020,television_season,eur-27,downloaders,all,full,8,758848,4424347,17.151638422574,True
umbrella-academy-02,wikidata:Q44535025,unknown,2020,television_season,eur-27,downloaders,all,audit-filtered,6,534570,3270918,16.34311835393,True
umbrella-academy-02,wikidata:Q44535025,unknown,2020,television_season,eur-27,downloaders,without-hosting,full,8,561538,3701297,15.171384517373234,True
umbrella-academy-02,wikidata:Q44535025,unknown,2020,television_season,eur-27,downloaders,without-hosting,audit-filtered,6,408269,2760256,14.790983155185605,True
umbrella-academy-02,wikidata:Q44535025,unknown,2020,television_season,usa-can,downloaders,all,full,8,1173446,4424347,26.522467609344385,True
umbrella-academy-02,wikidata:Q44535025,unknown,2020,television_season,usa-can,downloaders,all,audit-filtered,6,977892,3270918,29.896561148888477,True
umbrella-academy-02,wikidata:Q44535025,unknown,2020,television_season,usa-can,downloaders,without-hosting,full,8,843072,3701297,22.77774520661271,True
umbrella-academy-02,wikidata:Q44535025,unknown,2020,television_season,usa-can,downloaders,without-hosting,audit-filtered,6,735292,2760256,26.638543671311645,True
umbrella-academy-02,wikidata:Q44535025,unknown,2020,television_season,other,downloaders,all,full,8,1519599,4424347,34.34628884217264,True
umbrella-academy-02,wikidata:Q44535025,unknown,2020,television_season,other,downloaders,all,audit-filtered,6,1028241,3270918,31.435853787835708,True
umbrella-academy-02,wikidata:Q44535025,unknown,2020,television_season,other,downloaders,without-hosting,full,8,1392642,3701297,37.625783610447904,True
umbrella-academy-02,wikidata:Q44535025,unknown,2020,television_season,other,downloaders,without-hosting,audit-filtered,6,942111,2760256,34.131290720860676,True
umbrella-academy-02,wikidata:Q44535025,unknown,2020,television_season,unclassified,downloaders,all,full,8,1076,4424347,0.024319973094334597,True
umbrella-academy-02,wikidata:Q44535025,unknown,2020,television_season,unclassified,downloaders,all,audit-filtered,6,708,3270918,0.02164529957644918,True
umbrella-academy-02,wikidata:Q44535025,unknown,2020,television_season,unclassified,downloaders,without-hosting,full,8,1070,3701297,0.02890878521772233,True
umbrella-academy-02,wikidata:Q44535025,unknown,2020,television_season,unclassified,downloaders,without-hosting,audit-filtered,6,708,2760256,0.025649794801641587,True
umbrella-academy-02,wikidata:Q44535025,unknown,2020,television_season,asia-28,uploaders,all,full,8,252129,1270160,19.85017635573471,True
umbrella-academy-02,wikidata:Q44535025,unknown,2020,television_season,asia-28,uploaders,all,audit-filtered,6,166771,779162,21.403892900321114,True
umbrella-academy-02,wikidata:Q44535025,unknown,2020,television_season,asia-28,uploaders,without-hosting,full,8,239999,1068001,22.471795438393784,True
umbrella-academy-02,wikidata:Q44535025,unknown,2020,television_season,asia-28,uploaders,without-hosting,audit-filtered,6,158930,658842,24.12262727634243,True
umbrella-academy-02,wikidata:Q44535025,unknown,2020,television_season,eur-27,uploaders,all,full,8,237990,1270160,18.737009510612836,True
umbrella-academy-02,wikidata:Q44535025,unknown,2020,television_season,eur-27,uploaders,all,audit-filtered,6,139143,779162,17.858032090887388,True
umbrella-academy-02,wikidata:Q44535025,unknown,2020,television_season,eur-27,uploaders,without-hosting,full,8,172246,1068001,16.12788752070457,True
umbrella-academy-02,wikidata:Q44535025,unknown,2020,television_season,eur-27,uploaders,without-hosting,audit-filtered,6,102661,658842,15.582036360766315,True
umbrella-academy-02,wikidata:Q44535025,unknown,2020,television_season,usa-can,uploaders,all,full,8,195845,1270160,15.418923600176356,True
umbrella-academy-02,wikidata:Q44535025,unknown,2020,television_season,usa-can,uploaders,all,audit-filtered,6,121354,779162,15.574938202838434,True
umbrella-academy-02,wikidata:Q44535025,unknown,2020,television_season,usa-can,uploaders,without-hosting,full,8,105991,1068001,9.924241643968498,True
umbrella-academy-02,wikidata:Q44535025,unknown,2020,television_season,usa-can,uploaders,without-hosting,audit-filtered,6,64661,658842,9.814340919370654,True
umbrella-academy-02,wikidata:Q44535025,unknown,2020,television_season,other,uploaders,all,full,8,583910,1270160,45.971373685205016,True
umbrella-academy-02,wikidata:Q44535025,unknown,2020,television_season,other,uploaders,all,audit-filtered,6,351712,779162,45.13977837728226,True
umbrella-academy-02,wikidata:Q44535025,unknown,2020,television_season,other,uploaders,without-hosting,full,8,549479,1068001,51.449296395789894,True
umbrella-academy-02,wikidata:Q44535025,unknown,2020,television_season,other,uploaders,without-hosting,audit-filtered,6,332408,658842,50.4533712179855,True
umbrella-academy-02,wikidata:Q44535025,unknown,2020,television_season,unclassified,uploaders,all,full,8,286,1270160,0.022516848271083956,True
umbrella-academy-02,wikidata:Q44535025,unknown,2020,television_season,unclassified,uploaders,all,audit-filtered,6,182,779162,0.023358428670802733,True
umbrella-academy-02,wikidata:Q44535025,unknown,2020,television_season,unclassified,uploaders,without-hosting,full,8,286,1068001,0.026779001143257358,True
umbrella-academy-02,wikidata:Q44535025,unknown,2020,television_season,unclassified,uploaders,without-hosting,audit-filtered,6,182,658842,0.027624225535105535,True
vanguard,wikidata:Q65268030,unknown,2020,film,asia-28,downloaders,all,full,8,411284,926713,44.38094642030489,True
vanguard,wikidata:Q65268030,unknown,2020,film,asia-28,downloaders,all,audit-filtered,5,227209,504780,45.01149015412655,True
vanguard,wikidata:Q65268030,unknown,2020,film,asia-28,downloaders,without-hosting,full,8,390157,819713,47.59678082450809,True
vanguard,wikidata:Q65268030,unknown,2020,film,asia-28,downloaders,without-hosting,audit-filtered,5,216212,447964,48.26548561938013,True
vanguard,wikidata:Q65268030,unknown,2020,film,eur-27,downloaders,all,full,8,97280,926713,10.497316860775666,True
vanguard,wikidata:Q65268030,unknown,2020,film,eur-27,downloaders,all,audit-filtered,5,54624,504780,10.821347913942708,True
vanguard,wikidata:Q65268030,unknown,2020,film,eur-27,downloaders,without-hosting,full,8,74667,819713,9.108919829257314,True
vanguard,wikidata:Q65268030,unknown,2020,film,eur-27,downloaders,without-hosting,audit-filtered,5,42287,447964,9.439821057049228,True
vanguard,wikidata:Q65268030,unknown,2020,film,usa-can,downloaders,all,full,8,204017,926713,22.01512226546946,True
vanguard,wikidata:Q65268030,unknown,2020,film,usa-can,downloaders,all,audit-filtered,5,105803,504780,20.96022029398946,True
vanguard,wikidata:Q65268030,unknown,2020,film,usa-can,downloaders,without-hosting,full,8,159864,819713,19.502435608560557,True
vanguard,wikidata:Q65268030,unknown,2020,film,usa-can,downloaders,without-hosting,audit-filtered,5,82287,447964,18.369110017769284,True
vanguard,wikidata:Q65268030,unknown,2020,film,other,downloaders,all,full,8,214027,926713,23.095284084716628,True
vanguard,wikidata:Q65268030,unknown,2020,film,other,downloaders,all,audit-filtered,5,117077,504780,23.19366852886406,True
vanguard,wikidata:Q65268030,unknown,2020,film,other,downloaders,without-hosting,full,8,194920,819713,23.779054376348796,True
vanguard,wikidata:Q65268030,unknown,2020,film,other,downloaders,without-hosting,audit-filtered,5,107111,447964,23.910626746792154,True
vanguard,wikidata:Q65268030,unknown,2020,film,unclassified,downloaders,all,full,8,105,926713,0.011330368733361892,True
vanguard,wikidata:Q65268030,unknown,2020,film,unclassified,downloaders,all,audit-filtered,5,67,504780,0.01327310907722176,True
vanguard,wikidata:Q65268030,unknown,2020,film,unclassified,downloaders,without-hosting,full,8,105,819713,0.012809361325244323,True
vanguard,wikidata:Q65268030,unknown,2020,film,unclassified,downloaders,without-hosting,audit-filtered,5,67,447964,0.014956559009206097,True
vanguard,wikidata:Q65268030,unknown,2020,film,asia-28,uploaders,all,full,8,129857,222719,58.30530848288651,True
vanguard,wikidata:Q65268030,unknown,2020,film,asia-28,uploaders,all,audit-filtered,5,71017,125171,56.735985172284316,True
vanguard,wikidata:Q65268030,unknown,2020,film,asia-28,uploaders,without-hosting,full,8,126216,205255,61.49229007819542,True
vanguard,wikidata:Q65268030,unknown,2020,film,asia-28,uploaders,without-hosting,audit-filtered,5,69366,116508,59.53754248635287,True
vanguard,wikidata:Q65268030,unknown,2020,film,eur-27,uploaders,all,full,8,19310,222719,8.670117951319824,True
vanguard,wikidata:Q65268030,unknown,2020,film,eur-27,uploaders,all,audit-filtered,5,12527,125171,10.00790918024143,True
vanguard,wikidata:Q65268030,unknown,2020,film,eur-27,uploaders,without-hosting,full,8,14862,205255,7.240749311831624,True
vanguard,wikidata:Q65268030,unknown,2020,film,eur-27,uploaders,without-hosting,audit-filtered,5,10153,116508,8.714423043911149,True
vanguard,wikidata:Q65268030,unknown,2020,film,usa-can,uploaders,all,full,8,12484,222719,5.605269420211118,True
vanguard,wikidata:Q65268030,unknown,2020,film,usa-can,uploaders,all,audit-filtered,5,6898,125171,5.510861141957801,True
vanguard,wikidata:Q65268030,unknown,2020,film,usa-can,uploaders,without-hosting,full,8,6408,205255,3.121970232150252,True
vanguard,wikidata:Q65268030,unknown,2020,film,usa-can,uploaders,without-hosting,audit-filtered,5,3890,116508,3.3388265183506713,True
vanguard,wikidata:Q65268030,unknown,2020,film,other,uploaders,all,full,8,61043,222719,27.408079238861525,True
vanguard,wikidata:Q65268030,unknown,2020,film,other,uploaders,all,audit-filtered,5,34712,125171,27.731663084899857,True
vanguard,wikidata:Q65268030,unknown,2020,film,other,uploaders,without-hosting,full,8,57744,205255,28.13281040656744,True
vanguard,wikidata:Q65268030,unknown,2020,film,other,uploaders,without-hosting,audit-filtered,5,33082,116508,28.394616678683008,True
vanguard,wikidata:Q65268030,unknown,2020,film,unclassified,uploaders,all,full,8,25,222719,0.011224906721025149,True
vanguard,wikidata:Q65268030,unknown,2020,film,unclassified,uploaders,all,audit-filtered,5,17,125171,0.013581420616596496,True
vanguard,wikidata:Q65268030,unknown,2020,film,unclassified,uploaders,without-hosting,full,8,25,205255,0.012179971255267838,True
vanguard,wikidata:Q65268030,unknown,2020,film,unclassified,uploaders,without-hosting,audit-filtered,5,17,116508,0.014591272702303704,True
walking-dead-1124,wikidata:Q232737,unknown,2022,television_episode,asia-28,downloaders,all,full,8,405400,3020639,13.42100131793306,True
walking-dead-1124,wikidata:Q232737,unknown,2022,television_episode,asia-28,downloaders,all,audit-filtered,7,332912,2562153,12.993447307791532,True
walking-dead-1124,wikidata:Q232737,unknown,2022,television_episode,asia-28,downloaders,without-hosting,full,8,377658,2483532,15.206488178932263,True
walking-dead-1124,wikidata:Q232737,unknown,2022,television_episode,asia-28,downloaders,without-hosting,audit-filtered,7,309708,2110549,14.674286169143668,True
walking-dead-1124,wikidata:Q232737,unknown,2022,television_episode,eur-27,downloaders,all,full,8,773661,3020639,25.61249457482341,True
walking-dead-1124,wikidata:Q232737,unknown,2022,television_episode,eur-27,downloaders,all,audit-filtered,7,665624,2562153,25.979088680496442,True
walking-dead-1124,wikidata:Q232737,unknown,2022,television_episode,eur-27,downloaders,without-hosting,full,8,570204,2483532,22.95939814747706,True
walking-dead-1124,wikidata:Q232737,unknown,2022,television_episode,eur-27,downloaders,without-hosting,audit-filtered,7,496216,2110549,23.511228595024328,True
walking-dead-1124,wikidata:Q232737,unknown,2022,television_episode,usa-can,downloaders,all,full,8,379994,3020639,12.579921003469796,True
walking-dead-1124,wikidata:Q232737,unknown,2022,television_episode,usa-can,downloaders,all,audit-filtered,7,320446,2562153,12.506903373842233,True
walking-dead-1124,wikidata:Q232737,unknown,2022,television_episode,usa-can,downloaders,without-hosting,full,8,178063,2483532,7.169748567765586,True
walking-dead-1124,wikidata:Q232737,unknown,2022,television_episode,usa-can,downloaders,without-hosting,audit-filtered,7,149313,2110549,7.07460475923563,True
walking-dead-1124,wikidata:Q232737,unknown,2022,television_episode,other,downloaders,all,full,8,1460730,3020639,48.35831094016862,True
walking-dead-1124,wikidata:Q232737,unknown,2022,television_episode,other,downloaders,all,audit-filtered,7,1242429,2562153,48.49160061869841,True
walking-dead-1124,wikidata:Q232737,unknown,2022,television_episode,other,downloaders,without-hosting,full,8,1356775,2483532,54.63086443017445,True
walking-dead-1124,wikidata:Q232737,unknown,2022,television_episode,other,downloaders,without-hosting,audit-filtered,7,1154591,2110549,54.70571874900796,True
walking-dead-1124,wikidata:Q232737,unknown,2022,television_episode,unclassified,downloaders,all,full,8,854,3020639,0.02827216360511799,True
walking-dead-1124,wikidata:Q232737,unknown,2022,television_episode,unclassified,downloaders,all,audit-filtered,7,742,2562153,0.028960019171376573,True
walking-dead-1124,wikidata:Q232737,unknown,2022,television_episode,unclassified,downloaders,without-hosting,full,8,832,2483532,0.033500675650645934,True
walking-dead-1124,wikidata:Q232737,unknown,2022,television_episode,unclassified,downloaders,without-hosting,audit-filtered,7,721,2110549,0.0341617275884142,True
walking-dead-1124,wikidata:Q232737,unknown,2022,television_episode,asia-28,uploaders,all,full,8,100240,978689,10.242273081642892,True
walking-dead-1124,wikidata:Q232737,unknown,2022,television_episode,asia-28,uploaders,all,audit-filtered,7,82558,813499,10.148506636148293,True
walking-dead-1124,wikidata:Q232737,unknown,2022,television_episode,asia-28,uploaders,without-hosting,full,8,92978,825214,11.267137978754603,True
walking-dead-1124,wikidata:Q232737,unknown,2022,television_episode,asia-28,uploaders,without-hosting,audit-filtered,7,76348,684027,11.161547716683698,True
walking-dead-1124,wikidata:Q232737,unknown,2022,television_episode,eur-27,uploaders,all,full,8,243454,978689,24.875522254771433,True
walking-dead-1124,wikidata:Q232737,unknown,2022,television_episode,eur-27,uploaders,all,audit-filtered,7,203959,813499,25.071819387608343,True
walking-dead-1124,wikidata:Q232737,unknown,2022,television_episode,eur-27,uploaders,without-hosting,full,8,197290,825214,23.907737871630875,True
walking-dead-1124,wikidata:Q232737,unknown,2022,television_episode,eur-27,uploaders,without-hosting,audit-filtered,7,165321,684027,24.16878281120482,True
walking-dead-1124,wikidata:Q232737,unknown,2022,television_episode,usa-can,uploaders,all,full,8,119338,978689,12.193659068406818,True
walking-dead-1124,wikidata:Q232737,unknown,2022,television_episode,usa-can,uploaders,all,audit-filtered,7,100225,813499,12.320236410862213,True
walking-dead-1124,wikidata:Q232737,unknown,2022,television_episode,usa-can,uploaders,without-hosting,full,8,50965,825214,6.175973747415822,True
walking-dead-1124,wikidata:Q232737,unknown,2022,television_episode,usa-can,uploaders,without-hosting,audit-filtered,7,42259,684027,6.177972506933206,True
walking-dead-1124,wikidata:Q232737,unknown,2022,television_episode,other,uploaders,all,full,8,515421,978689,52.6644317040449,True
walking-dead-1124,wikidata:Q232737,unknown,2022,television_episode,other,uploaders,all,audit-filtered,7,426557,813499,52.43485240916092,True
walking-dead-1124,wikidata:Q232737,unknown,2022,television_episode,other,uploaders,without-hosting,full,8,483745,825214,58.62055175990713,True
walking-dead-1124,wikidata:Q232737,unknown,2022,television_episode,other,uploaders,without-hosting,audit-filtered,7,399899,684027,58.46245835325214,True
walking-dead-1124,wikidata:Q232737,unknown,2022,television_episode,unclassified,uploaders,all,full,8,236,978689,0.02411389113395573,True
walking-dead-1124,wikidata:Q232737,unknown,2022,television_episode,unclassified,uploaders,all,audit-filtered,7,200,813499,0.024585156220228912,True
walking-dead-1124,wikidata:Q232737,unknown,2022,television_episode,unclassified,uploaders,without-hosting,full,8,236,825214,0.028598642291575275,True
walking-dead-1124,wikidata:Q232737,unknown,2022,television_episode,unclassified,uploaders,without-hosting,audit-filtered,7,200,684027,0.029238611926137418,True
warrior-310,wikidata:Q46992827,unknown,2023,television_episode,asia-28,downloaders,all,full,8,236628,1805237,13.107863399653342,True
warrior-310,wikidata:Q46992827,unknown,2023,television_episode,asia-28,downloaders,all,audit-filtered,5,157510,1191591,13.218461703722166,True
warrior-310,wikidata:Q46992827,unknown,2023,television_episode,asia-28,downloaders,without-hosting,full,8,214775,1456655,14.744397266339663,True
warrior-310,wikidata:Q46992827,unknown,2023,television_episode,asia-28,downloaders,without-hosting,audit-filtered,5,142857,961955,14.850694679065029,True
warrior-310,wikidata:Q46992827,unknown,2023,television_episode,eur-27,downloaders,all,full,8,376506,1805237,20.856319696527382,True
warrior-310,wikidata:Q46992827,unknown,2023,television_episode,eur-27,downloaders,all,audit-filtered,5,256364,1191591,21.514429028080944,True
warrior-310,wikidata:Q46992827,unknown,2023,television_episode,eur-27,downloaders,without-hosting,full,8,258456,1456655,17.743116935719165,True
warrior-310,wikidata:Q46992827,unknown,2023,television_episode,eur-27,downloaders,without-hosting,audit-filtered,5,179156,961955,18.624156015614037,True
warrior-310,wikidata:Q46992827,unknown,2023,television_episode,usa-can,downloaders,all,full,8,229848,1805237,12.732289444543847,True
warrior-310,wikidata:Q46992827,unknown,2023,television_episode,usa-can,downloaders,all,audit-filtered,5,153343,1191591,12.868761177283146,True
warrior-310,wikidata:Q46992827,unknown,2023,television_episode,usa-can,downloaders,without-hosting,full,8,83852,1456655,5.756476310450999,True
warrior-310,wikidata:Q46992827,unknown,2023,television_episode,usa-can,downloaders,without-hosting,audit-filtered,5,55434,961955,5.7626396245146605,True
warrior-310,wikidata:Q46992827,unknown,2023,television_episode,other,downloaders,all,full,8,961870,1805237,53.28220061964163,True
warrior-310,wikidata:Q46992827,unknown,2023,television_episode,other,downloaders,all,audit-filtered,5,624128,1191591,52.37770342340619,True
warrior-310,wikidata:Q46992827,unknown,2023,television_episode,other,downloaders,without-hosting,full,8,899193,1456655,61.729990972467746,True
warrior-310,wikidata:Q46992827,unknown,2023,television_episode,other,downloaders,without-hosting,audit-filtered,5,584266,961955,60.73735257886284,True
warrior-310,wikidata:Q46992827,unknown,2023,television_episode,unclassified,downloaders,all,full,8,385,1805237,0.021326839633798774,True
warrior-310,wikidata:Q46992827,unknown,2023,television_episode,unclassified,downloaders,all,audit-filtered,5,246,1191591,0.020644667507559222,True
warrior-310,wikidata:Q46992827,unknown,2023,television_episode,unclassified,downloaders,without-hosting,full,8,379,1456655,0.02601851502243153,True
warrior-310,wikidata:Q46992827,unknown,2023,television_episode,unclassified,downloaders,without-hosting,audit-filtered,5,242,961955,0.025157101943438103,True
warrior-310,wikidata:Q46992827,unknown,2023,television_episode,asia-28,uploaders,all,full,8,31030,314112,9.878642013039935,True
warrior-310,wikidata:Q46992827,unknown,2023,television_episode,asia-28,uploaders,all,audit-filtered,5,18336,189769,9.662273606331908,True
warrior-310,wikidata:Q46992827,unknown,2023,television_episode,asia-28,uploaders,without-hosting,full,8,27060,233913,11.568403637249746,True
warrior-310,wikidata:Q46992827,unknown,2023,television_episode,asia-28,uploaders,without-hosting,audit-filtered,5,15876,139040,11.418296892980438,True
warrior-310,wikidata:Q46992827,unknown,2023,television_episode,eur-27,uploaders,all,full,8,54472,314112,17.341585167074165,True
warrior-310,wikidata:Q46992827,unknown,2023,television_episode,eur-27,uploaders,all,audit-filtered,5,32405,189769,17.07602400813621,True
warrior-310,wikidata:Q46992827,unknown,2023,television_episode,eur-27,uploaders,without-hosting,full,8,37359,233913,15.971322671249567,True
warrior-310,wikidata:Q46992827,unknown,2023,television_episode,eur-27,uploaders,without-hosting,audit-filtered,5,22130,139040,15.916283084004602,True
warrior-310,wikidata:Q46992827,unknown,2023,television_episode,usa-can,uploaders,all,full,8,59754,314112,19.023150977995112,True
warrior-310,wikidata:Q46992827,unknown,2023,television_episode,usa-can,uploaders,all,audit-filtered,5,38149,189769,20.10286190052116,True
warrior-310,wikidata:Q46992827,unknown,2023,television_episode,usa-can,uploaders,without-hosting,full,8,12310,233913,5.262640383390406,True
warrior-310,wikidata:Q46992827,unknown,2023,television_episode,usa-can,uploaders,without-hosting,audit-filtered,5,6909,139040,4.969073647871117,True
warrior-310,wikidata:Q46992827,unknown,2023,television_episode,other,uploaders,all,full,8,168793,314112,53.736565301548495,True
warrior-310,wikidata:Q46992827,unknown,2023,television_episode,other,uploaders,all,audit-filtered,5,100855,189769,53.14619353002861,True
warrior-310,wikidata:Q46992827,unknown,2023,television_episode,other,uploaders,without-hosting,full,8,157121,233913,67.17070021760227,True
warrior-310,wikidata:Q46992827,unknown,2023,television_episode,other,uploaders,without-hosting,audit-filtered,5,94101,139040,67.67908515535098,True
warrior-310,wikidata:Q46992827,unknown,2023,television_episode,unclassified,uploaders,all,full,8,63,314112,0.020056540342298288,True
warrior-310,wikidata:Q46992827,unknown,2023,television_episode,unclassified,uploaders,all,audit-filtered,5,24,189769,0.012646954982109828,True
warrior-310,wikidata:Q46992827,unknown,2023,television_episode,unclassified,uploaders,without-hosting,full,8,63,233913,0.026933090508009388,True
warrior-310,wikidata:Q46992827,unknown,2023,television_episode,unclassified,uploaders,without-hosting,audit-filtered,5,24,139040,0.01726121979286536,True
westworld-301,wikidata:Q17572811,unknown,2020,television_episode,asia-28,downloaders,all,full,8,1434597,7622843,18.819710703736124,True
westworld-301,wikidata:Q17572811,unknown,2020,television_episode,asia-28,downloaders,all,audit-filtered,8,1434597,7622843,18.819710703736124,True
westworld-301,wikidata:Q17572811,unknown,2020,television_episode,asia-28,downloaders,without-hosting,full,8,1311972,6374307,20.582190346338827,True
westworld-301,wikidata:Q17572811,unknown,2020,television_episode,asia-28,downloaders,without-hosting,audit-filtered,8,1311972,6374307,20.582190346338827,True
westworld-301,wikidata:Q17572811,unknown,2020,television_episode,eur-27,downloaders,all,full,8,1545149,7622843,20.26998325952666,True
westworld-301,wikidata:Q17572811,unknown,2020,television_episode,eur-27,downloaders,all,audit-filtered,8,1545149,7622843,20.26998325952666,True
westworld-301,wikidata:Q17572811,unknown,2020,television_episode,eur-27,downloaders,without-hosting,full,8,1161662,6374307,18.224130089749366,True
westworld-301,wikidata:Q17572811,unknown,2020,television_episode,eur-27,downloaders,without-hosting,audit-filtered,8,1161662,6374307,18.224130089749366,True
westworld-301,wikidata:Q17572811,unknown,2020,television_episode,usa-can,downloaders,all,full,8,2089763,7622843,27.414483021623298,True
westworld-301,wikidata:Q17572811,unknown,2020,television_episode,usa-can,downloaders,all,audit-filtered,8,2089763,7622843,27.414483021623298,True
westworld-301,wikidata:Q17572811,unknown,2020,television_episode,usa-can,downloaders,without-hosting,full,8,1574582,6374307,24.702010744069906,True
westworld-301,wikidata:Q17572811,unknown,2020,television_episode,usa-can,downloaders,without-hosting,audit-filtered,8,1574582,6374307,24.702010744069906,True
westworld-301,wikidata:Q17572811,unknown,2020,television_episode,other,downloaders,all,full,8,2550900,7622843,33.463892671015266,True
westworld-301,wikidata:Q17572811,unknown,2020,television_episode,other,downloaders,all,audit-filtered,8,2550900,7622843,33.463892671015266,True
westworld-301,wikidata:Q17572811,unknown,2020,television_episode,other,downloaders,without-hosting,full,8,2323669,6374307,36.453672532559224,True
westworld-301,wikidata:Q17572811,unknown,2020,television_episode,other,downloaders,without-hosting,audit-filtered,8,2323669,6374307,36.453672532559224,True
westworld-301,wikidata:Q17572811,unknown,2020,television_episode,unclassified,downloaders,all,full,8,2434,7622843,0.031930344098651905,True
westworld-301,wikidata:Q17572811,unknown,2020,television_episode,unclassified,downloaders,all,audit-filtered,8,2434,7622843,0.031930344098651905,True
westworld-301,wikidata:Q17572811,unknown,2020,television_episode,unclassified,downloaders,without-hosting,full,8,2422,6374307,0.0379962872826803,True
westworld-301,wikidata:Q17572811,unknown,2020,television_episode,unclassified,downloaders,without-hosting,audit-filtered,8,2422,6374307,0.0379962872826803,True
westworld-301,wikidata:Q17572811,unknown,2020,television_episode,asia-28,uploaders,all,full,8,292751,2042307,14.334328776231978,True
westworld-301,wikidata:Q17572811,unknown,2020,television_episode,asia-28,uploaders,all,audit-filtered,8,292751,2042307,14.334328776231978,True
westworld-301,wikidata:Q17572811,unknown,2020,television_episode,asia-28,uploaders,without-hosting,full,8,273679,1724097,15.873758843034933,True
westworld-301,wikidata:Q17572811,unknown,2020,television_episode,asia-28,uploaders,without-hosting,audit-filtered,8,273679,1724097,15.873758843034933,True
westworld-301,wikidata:Q17572811,unknown,2020,television_episode,eur-27,uploaders,all,full,8,495879,2042307,24.28033591423816,True
westworld-301,wikidata:Q17572811,unknown,2020,television_episode,eur-27,uploaders,all,audit-filtered,8,495879,2042307,24.28033591423816,True
westworld-301,wikidata:Q17572811,unknown,2020,television_episode,eur-27,uploaders,without-hosting,full,8,379473,1724097,22.009956516367698,True
westworld-301,wikidata:Q17572811,unknown,2020,television_episode,eur-27,uploaders,without-hosting,audit-filtered,8,379473,1724097,22.009956516367698,True
westworld-301,wikidata:Q17572811,unknown,2020,television_episode,usa-can,uploaders,all,full,8,333590,2042307,16.333979171593693,True
westworld-301,wikidata:Q17572811,unknown,2020,television_episode,usa-can,uploaders,all,audit-filtered,8,333590,2042307,16.333979171593693,True
westworld-301,wikidata:Q17572811,unknown,2020,television_episode,usa-can,uploaders,without-hosting,full,8,212549,1724097,12.328134669917064,True
westworld-301,wikidata:Q17572811,unknown,2020,television_episode,usa-can,uploaders,without-hosting,audit-filtered,8,212549,1724097,12.328134669917064,True
westworld-301,wikidata:Q17572811,unknown,2020,television_episode,other,uploaders,all,full,8,919121,2042307,45.00405668687421,True
westworld-301,wikidata:Q17572811,unknown,2020,television_episode,other,uploaders,all,audit-filtered,8,919121,2042307,45.00405668687421,True
westworld-301,wikidata:Q17572811,unknown,2020,television_episode,other,uploaders,without-hosting,full,8,857430,1724097,49.732120640544004,True
westworld-301,wikidata:Q17572811,unknown,2020,television_episode,other,uploaders,without-hosting,audit-filtered,8,857430,1724097,49.732120640544004,True
westworld-301,wikidata:Q17572811,unknown,2020,television_episode,unclassified,uploaders,all,full,8,966,2042307,0.04729945106196081,True
westworld-301,wikidata:Q17572811,unknown,2020,television_episode,unclassified,uploaders,all,audit-filtered,8,966,2042307,0.04729945106196081,True
westworld-301,wikidata:Q17572811,unknown,2020,television_episode,unclassified,uploaders,without-hosting,full,8,966,1724097,0.056029330136297434,True
westworld-301,wikidata:Q17572811,unknown,2020,television_episode,unclassified,uploaders,without-hosting,audit-filtered,8,966,1724097,0.056029330136297434,True
westworld-308,wikidata:Q17572811,unknown,2020,television_episode,asia-28,downloaders,all,full,8,923006,6185464,14.922178837351572,True
westworld-308,wikidata:Q17572811,unknown,2020,television_episode,asia-28,downloaders,all,audit-filtered,6,563742,3822386,14.748432000326497,True
westworld-308,wikidata:Q17572811,unknown,2020,television_episode,asia-28,downloaders,without-hosting,full,8,852126,5224571,16.30997071338489,True
westworld-308,wikidata:Q17572811,unknown,2020,television_episode,asia-28,downloaders,without-hosting,audit-filtered,6,518172,3225317,16.065769659230394,True
westworld-308,wikidata:Q17572811,unknown,2020,television_episode,eur-27,downloaders,all,full,8,1122674,6185464,18.150198594640596,True
westworld-308,wikidata:Q17572811,unknown,2020,television_episode,eur-27,downloaders,all,audit-filtered,6,659680,3822386,17.2583302680577,True
westworld-308,wikidata:Q17572811,unknown,2020,television_episode,eur-27,downloaders,without-hosting,full,8,809314,5224571,15.490535012348383,True
westworld-308,wikidata:Q17572811,unknown,2020,television_episode,eur-27,downloaders,without-hosting,audit-filtered,6,469285,3225317,14.55004267797553,True
westworld-308,wikidata:Q17572811,unknown,2020,television_episode,usa-can,downloaders,all,full,8,1465797,6185464,23.697446141469744,True
westworld-308,wikidata:Q17572811,unknown,2020,television_episode,usa-can,downloaders,all,audit-filtered,6,998651,3822386,26.126377608122258,True
westworld-308,wikidata:Q17572811,unknown,2020,television_episode,usa-can,downloaders,without-hosting,full,8,1073764,5224571,20.55219462038127,True
westworld-308,wikidata:Q17572811,unknown,2020,television_episode,usa-can,downloaders,without-hosting,audit-filtered,6,746607,3225317,23.148329296004082,True
westworld-308,wikidata:Q17572811,unknown,2020,television_episode,other,downloaders,all,full,8,2672613,6185464,43.20796305661143,True
westworld-308,wikidata:Q17572811,unknown,2020,television_episode,other,downloaders,all,audit-filtered,6,1599679,3822386,41.8502736249034,True
westworld-308,wikidata:Q17572811,unknown,2020,television_episode,other,downloaders,without-hosting,full,8,2487993,5224571,47.621000843897036,True
westworld-308,wikidata:Q17572811,unknown,2020,television_episode,other,downloaders,without-hosting,audit-filtered,6,1490619,3225317,46.21620138423603,True
westworld-308,wikidata:Q17572811,unknown,2020,television_episode,unclassified,downloaders,all,full,8,1374,6185464,0.022213369926653844,True
westworld-308,wikidata:Q17572811,unknown,2020,television_episode,unclassified,downloaders,all,audit-filtered,6,634,3822386,0.01658649859014762,True
westworld-308,wikidata:Q17572811,unknown,2020,television_episode,unclassified,downloaders,without-hosting,full,8,1374,5224571,0.026298809988418187,True
westworld-308,wikidata:Q17572811,unknown,2020,television_episode,unclassified,downloaders,without-hosting,audit-filtered,6,634,3225317,0.019656982553962914,True
westworld-308,wikidata:Q17572811,unknown,2020,television_episode,asia-28,uploaders,all,full,8,248337,2028065,12.245021732538158,True
westworld-308,wikidata:Q17572811,unknown,2020,television_episode,asia-28,uploaders,all,audit-filtered,6,147896,1244465,11.884303696769294,True
westworld-308,wikidata:Q17572811,unknown,2020,television_episode,asia-28,uploaders,without-hosting,full,8,233305,1726825,13.51063367741375,True
westworld-308,wikidata:Q17572811,unknown,2020,television_episode,asia-28,uploaders,without-hosting,audit-filtered,6,139024,1056105,13.163842610346508,True
westworld-308,wikidata:Q17572811,unknown,2020,television_episode,eur-27,uploaders,all,full,8,402737,2028065,19.858189949533177,True
westworld-308,wikidata:Q17572811,unknown,2020,television_episode,eur-27,uploaders,all,audit-filtered,6,237127,1244465,19.054533474223863,True
westworld-308,wikidata:Q17572811,unknown,2020,television_episode,eur-27,uploaders,without-hosting,full,8,301982,1726825,17.487701417341075,True
westworld-308,wikidata:Q17572811,unknown,2020,television_episode,eur-27,uploaders,without-hosting,audit-filtered,6,176430,1056105,16.70572528299743,True
westworld-308,wikidata:Q17572811,unknown,2020,television_episode,usa-can,uploaders,all,full,8,275114,2028065,13.565344306025695,True
westworld-308,wikidata:Q17572811,unknown,2020,television_episode,usa-can,uploaders,all,audit-filtered,6,172851,1244465,13.889583073851012,True
westworld-308,wikidata:Q17572811,unknown,2020,television_episode,usa-can,uploaders,without-hosting,full,8,150999,1726825,8.744313986651804,True
westworld-308,wikidata:Q17572811,unknown,2020,television_episode,usa-can,uploaders,without-hosting,audit-filtered,6,90375,1056105,8.557387759739798,True
westworld-308,wikidata:Q17572811,unknown,2020,television_episode,other,uploaders,all,full,8,1101412,2028065,54.30851575270023,True
westworld-308,wikidata:Q17572811,unknown,2020,television_episode,other,uploaders,all,audit-filtered,6,686344,1244465,55.15173186871467,True
westworld-308,wikidata:Q17572811,unknown,2020,television_episode,other,uploaders,without-hosting,full,8,1040074,1726825,60.23042288593228,True
westworld-308,wikidata:Q17572811,unknown,2020,television_episode,other,uploaders,without-hosting,audit-filtered,6,650029,1056105,61.54965652089518,True
westworld-308,wikidata:Q17572811,unknown,2020,television_episode,unclassified,uploaders,all,full,8,465,2028065,0.022928259202737583,True
westworld-308,wikidata:Q17572811,unknown,2020,television_episode,unclassified,uploaders,all,audit-filtered,6,247,1244465,0.019847886441161464,True
westworld-308,wikidata:Q17572811,unknown,2020,television_episode,unclassified,uploaders,without-hosting,full,8,465,1726825,0.026928032661097678,True
westworld-308,wikidata:Q17572811,unknown,2020,television_episode,unclassified,uploaders,without-hosting,audit-filtered,6,247,1056105,0.023387826021086917,True
westworld-401,wikidata:Q17572811,unknown,2022,television_episode,asia-28,downloaders,all,full,8,532759,2521983,21.12460710480602,True
westworld-401,wikidata:Q17572811,unknown,2022,television_episode,asia-28,downloaders,all,audit-filtered,7,387618,1916527,20.225021614618527,True
westworld-401,wikidata:Q17572811,unknown,2022,television_episode,asia-28,downloaders,without-hosting,full,8,494442,1923272,25.708376142324123,True
westworld-401,wikidata:Q17572811,unknown,2022,television_episode,asia-28,downloaders,without-hosting,audit-filtered,7,357140,1450242,24.626234793917153,True
westworld-401,wikidata:Q17572811,unknown,2022,television_episode,eur-27,downloaders,all,full,8,588195,2521983,23.322718670189293,True
westworld-401,wikidata:Q17572811,unknown,2022,television_episode,eur-27,downloaders,all,audit-filtered,7,457140,1916527,23.852520731510698,True
westworld-401,wikidata:Q17572811,unknown,2022,television_episode,eur-27,downloaders,without-hosting,full,8,383206,1923272,19.924690839361254,True
westworld-401,wikidata:Q17572811,unknown,2022,television_episode,eur-27,downloaders,without-hosting,audit-filtered,7,293825,1450242,20.260411710597264,True
westworld-401,wikidata:Q17572811,unknown,2022,television_episode,usa-can,downloaders,all,full,8,404288,2521983,16.030560079112348,True
westworld-401,wikidata:Q17572811,unknown,2022,television_episode,usa-can,downloaders,all,audit-filtered,7,312553,1916527,16.30830142231234,True
westworld-401,wikidata:Q17572811,unknown,2022,television_episode,usa-can,downloaders,without-hosting,full,8,176564,1923272,9.180396740554638,True
westworld-401,wikidata:Q17572811,unknown,2022,television_episode,usa-can,downloaders,without-hosting,audit-filtered,7,135206,1450242,9.322995748295801,True
westworld-401,wikidata:Q17572811,unknown,2022,television_episode,other,downloaders,all,full,8,995807,2521983,39.485079796334865,True
westworld-401,wikidata:Q17572811,unknown,2022,television_episode,other,downloaders,all,audit-filtered,7,758534,1916527,39.578571029784605,True
westworld-401,wikidata:Q17572811,unknown,2022,television_episode,other,downloaders,without-hosting,full,8,868161,1923272,45.139793019396116,True
westworld-401,wikidata:Q17572811,unknown,2022,television_episode,other,downloaders,without-hosting,audit-filtered,7,663389,1450242,45.74333111301424,True
westworld-401,wikidata:Q17572811,unknown,2022,television_episode,unclassified,downloaders,all,full,8,934,2521983,0.037034349557471244,True
westworld-401,wikidata:Q17572811,unknown,2022,television_episode,unclassified,downloaders,all,audit-filtered,7,682,1916527,0.035585201773833605,True
westworld-401,wikidata:Q17572811,unknown,2022,television_episode,unclassified,downloaders,without-hosting,full,8,899,1923272,0.04674325836387157,True
westworld-401,wikidata:Q17572811,unknown,2022,television_episode,unclassified,downloaders,without-hosting,audit-filtered,7,682,1450242,0.0470266341755376,True
westworld-401,wikidata:Q17572811,unknown,2022,television_episode,asia-28,uploaders,all,full,8,123036,742959,16.560267794050546,True
westworld-401,wikidata:Q17572811,unknown,2022,television_episode,asia-28,uploaders,all,audit-filtered,7,87740,522367,16.79662000088061,True
westworld-401,wikidata:Q17572811,unknown,2022,television_episode,asia-28,uploaders,without-hosting,full,8,113132,587809,19.246387857280173,True
westworld-401,wikidata:Q17572811,unknown,2022,television_episode,asia-28,uploaders,without-hosting,audit-filtered,7,80162,409655,19.568173218928123,True
westworld-401,wikidata:Q17572811,unknown,2022,television_episode,eur-27,uploaders,all,full,8,193104,742959,25.99120543663917,True
westworld-401,wikidata:Q17572811,unknown,2022,television_episode,eur-27,uploaders,all,audit-filtered,7,137451,522367,26.31310936563757,True
westworld-401,wikidata:Q17572811,unknown,2022,television_episode,eur-27,uploaders,without-hosting,full,8,142115,587809,24.17707112344316,True
westworld-401,wikidata:Q17572811,unknown,2022,television_episode,eur-27,uploaders,without-hosting,audit-filtered,7,100388,409655,24.50549852925022,True
westworld-401,wikidata:Q17572811,unknown,2022,television_episode,usa-can,uploaders,all,full,8,120043,742959,16.157419184638723,True
westworld-401,wikidata:Q17572811,unknown,2022,television_episode,usa-can,uploaders,all,audit-filtered,7,87356,522367,16.72310846588701,True
westworld-401,wikidata:Q17572811,unknown,2022,television_episode,usa-can,uploaders,without-hosting,full,8,55890,587809,9.50819058571747,True
westworld-401,wikidata:Q17572811,unknown,2022,television_episode,usa-can,uploaders,without-hosting,audit-filtered,7,39292,409655,9.591485518301987,True
westworld-401,wikidata:Q17572811,unknown,2022,television_episode,other,uploaders,all,full,8,306486,742959,41.252074475172925,True
westworld-401,wikidata:Q17572811,unknown,2022,television_episode,other,uploaders,all,audit-filtered,7,209598,522367,40.12466331142664,True
westworld-401,wikidata:Q17572811,unknown,2022,television_episode,other,uploaders,without-hosting,full,8,276384,587809,47.01935492651525,True
westworld-401,wikidata:Q17572811,unknown,2022,television_episode,other,uploaders,without-hosting,audit-filtered,7,189591,409655,46.28065079151969,True
westworld-401,wikidata:Q17572811,unknown,2022,television_episode,unclassified,uploaders,all,full,8,290,742959,0.0390331094986399,True
westworld-401,wikidata:Q17572811,unknown,2022,television_episode,unclassified,uploaders,all,audit-filtered,7,222,522367,0.04249885616817295,True
westworld-401,wikidata:Q17572811,unknown,2022,television_episode,unclassified,uploaders,without-hosting,full,8,288,587809,0.04899550704395476,True
westworld-401,wikidata:Q17572811,unknown,2022,television_episode,unclassified,uploaders,without-hosting,audit-filtered,7,222,409655,0.05419194199997559,True
westworld-408,wikidata:Q17572811,unknown,2022,television_episode,asia-28,downloaders,all,full,8,504654,3073700,16.41845332986303,True
westworld-408,wikidata:Q17572811,unknown,2022,television_episode,asia-28,downloaders,all,audit-filtered,7,374073,2358879,15.858083437090245,True
westworld-408,wikidata:Q17572811,unknown,2022,television_episode,asia-28,downloaders,without-hosting,full,8,465164,2366757,19.654066725058804,True
westworld-408,wikidata:Q17572811,unknown,2022,television_episode,asia-28,downloaders,without-hosting,audit-filtered,7,343266,1811584,18.948389917332015,True
westworld-408,wikidata:Q17572811,unknown,2022,television_episode,eur-27,downloaders,all,full,8,687164,3073700,22.356248169958032,True
westworld-408,wikidata:Q17572811,unknown,2022,television_episode,eur-27,downloaders,all,audit-filtered,7,531034,2358879,22.512133941588356,True
westworld-408,wikidata:Q17572811,unknown,2022,television_episode,eur-27,downloaders,without-hosting,full,8,426057,2366757,18.00172134274875,True
westworld-408,wikidata:Q17572811,unknown,2022,television_episode,eur-27,downloaders,without-hosting,audit-filtered,7,322757,1811584,17.816286741326927,True
westworld-408,wikidata:Q17572811,unknown,2022,television_episode,usa-can,downloaders,all,full,8,429469,3073700,13.972378566548459,True
westworld-408,wikidata:Q17572811,unknown,2022,television_episode,usa-can,downloaders,all,audit-filtered,7,323241,2358879,13.703161544106331,True
westworld-408,wikidata:Q17572811,unknown,2022,television_episode,usa-can,downloaders,without-hosting,full,8,184650,2366757,7.8018148884739755,True
westworld-408,wikidata:Q17572811,unknown,2022,television_episode,usa-can,downloaders,without-hosting,audit-filtered,7,137001,1811584,7.562497791987565,True
westworld-408,wikidata:Q17572811,unknown,2022,television_episode,other,downloaders,all,full,8,1451409,3073700,47.22025571786446,True
westworld-408,wikidata:Q17572811,unknown,2022,television_episode,other,downloaders,all,audit-filtered,7,1129793,2358879,47.895335029901915,True
westworld-408,wikidata:Q17572811,unknown,2022,television_episode,other,downloaders,without-hosting,full,8,1289913,2366757,54.50128593683255,True
westworld-408,wikidata:Q17572811,unknown,2022,television_episode,other,downloaders,without-hosting,audit-filtered,7,1007823,1811584,55.63214292022893,True
westworld-408,wikidata:Q17572811,unknown,2022,television_episode,unclassified,downloaders,all,full,8,1004,3073700,0.0326642157660149,True
westworld-408,wikidata:Q17572811,unknown,2022,television_episode,unclassified,downloaders,all,audit-filtered,7,738,2358879,0.03128604731315171,True
westworld-408,wikidata:Q17572811,unknown,2022,television_episode,unclassified,downloaders,without-hosting,full,8,973,2366757,0.04111110688592027,True
westworld-408,wikidata:Q17572811,unknown,2022,television_episode,unclassified,downloaders,without-hosting,audit-filtered,7,737,1811584,0.04068262912456723,True
westworld-408,wikidata:Q17572811,unknown,2022,television_episode,asia-28,uploaders,all,full,8,134593,1035312,13.000235677747384,True
westworld-408,wikidata:Q17572811,unknown,2022,television_episode,asia-28,uploaders,all,audit-filtered,7,88178,773236,11.403762887397896,True
westworld-408,wikidata:Q17572811,unknown,2022,television_episode,asia-28,uploaders,without-hosting,full,8,124243,814157,15.260324482870011,True
westworld-408,wikidata:Q17572811,unknown,2022,television_episode,asia-28,uploaders,without-hosting,audit-filtered,7,80631,605206,13.32290162357941,True
westworld-408,wikidata:Q17572811,unknown,2022,television_episode,eur-27,uploaders,all,full,8,230398,1035312,22.253967886009242,True
westworld-408,wikidata:Q17572811,unknown,2022,television_episode,eur-27,uploaders,all,audit-filtered,7,173765,773236,22.47244049682115,True
westworld-408,wikidata:Q17572811,unknown,2022,television_episode,eur-27,uploaders,without-hosting,full,8,161514,814157,19.83818845750881,True
westworld-408,wikidata:Q17572811,unknown,2022,television_episode,eur-27,uploaders,without-hosting,audit-filtered,7,122407,605206,20.225675224634255,True
westworld-408,wikidata:Q17572811,unknown,2022,television_episode,usa-can,uploaders,all,full,8,147313,1035312,14.228850819849475,True
westworld-408,wikidata:Q17572811,unknown,2022,television_episode,usa-can,uploaders,all,audit-filtered,7,111706,773236,14.44655965319773,True
westworld-408,wikidata:Q17572811,unknown,2022,television_episode,usa-can,uploaders,without-hosting,full,8,53545,814157,6.576741341043558,True
westworld-408,wikidata:Q17572811,unknown,2022,television_episode,usa-can,uploaders,without-hosting,audit-filtered,7,37626,605206,6.217056671612641,True
westworld-408,wikidata:Q17572811,unknown,2022,television_episode,other,uploaders,all,full,8,522681,1035312,50.485360934674766,True
westworld-408,wikidata:Q17572811,unknown,2022,television_episode,other,uploaders,all,audit-filtered,7,399356,773236,51.647362512868,True
westworld-408,wikidata:Q17572811,unknown,2022,television_episode,other,uploaders,without-hosting,full,8,474530,814157,58.28482712793724,True
westworld-408,wikidata:Q17572811,unknown,2022,television_episode,other,uploaders,without-hosting,audit-filtered,7,364311,605206,60.19619765831799,True
westworld-408,wikidata:Q17572811,unknown,2022,television_episode,unclassified,uploaders,all,full,8,327,1035312,0.03158468171913394,True
westworld-408,wikidata:Q17572811,unknown,2022,television_episode,unclassified,uploaders,all,audit-filtered,7,231,773236,0.029874449715222778,True
westworld-408,wikidata:Q17572811,unknown,2022,television_episode,unclassified,uploaders,without-hosting,full,8,325,814157,0.03991859064038017,True
westworld-408,wikidata:Q17572811,unknown,2022,television_episode,unclassified,uploaders,without-hosting,audit-filtered,7,231,605206,0.03816882185569872,True
wicked-2024,wikidata:Q24797403,unknown,2025,film,asia-28,downloaders,all,full,8,3561246,20837732,17.090372407131447,True
wicked-2024,wikidata:Q24797403,unknown,2025,film,asia-28,downloaders,all,audit-filtered,5,2291802,13684292,16.747684133019085,True
wicked-2024,wikidata:Q24797403,unknown,2025,film,asia-28,downloaders,without-hosting,full,8,3386101,18091708,18.716314678525652,True
wicked-2024,wikidata:Q24797403,unknown,2025,film,asia-28,downloaders,without-hosting,audit-filtered,5,2180982,11934882,18.274013936627107,True
wicked-2024,wikidata:Q24797403,unknown,2025,film,eur-27,downloaders,all,full,8,4559540,20837732,21.88117209684816,True
wicked-2024,wikidata:Q24797403,unknown,2025,film,eur-27,downloaders,all,audit-filtered,5,3025693,13684292,22.110701817821486,True
wicked-2024,wikidata:Q24797403,unknown,2025,film,eur-27,downloaders,without-hosting,full,8,3512856,18091708,19.41693951726393,True
wicked-2024,wikidata:Q24797403,unknown,2025,film,eur-27,downloaders,without-hosting,audit-filtered,5,2348379,11934882,19.67660007028138,True
wicked-2024,wikidata:Q24797403,unknown,2025,film,usa-can,downloaders,all,full,8,2045572,20837732,9.816672946940674,True
wicked-2024,wikidata:Q24797403,unknown,2025,film,usa-can,downloaders,all,audit-filtered,5,1297280,13684292,9.48006663406481,True
wicked-2024,wikidata:Q24797403,unknown,2025,film,usa-can,downloaders,without-hosting,full,8,1091949,18091708,6.035632456592821,True
wicked-2024,wikidata:Q24797403,unknown,2025,film,usa-can,downloaders,without-hosting,audit-filtered,5,702812,11934882,5.888721815599014,True
wicked-2024,wikidata:Q24797403,unknown,2025,film,other,downloaders,all,full,8,10665705,20837732,51.18457709313086,True
wicked-2024,wikidata:Q24797403,unknown,2025,film,other,downloaders,all,audit-filtered,5,7065607,13684292,51.63297450829023,True
wicked-2024,wikidata:Q24797403,unknown,2025,film,other,downloaders,without-hosting,full,8,10095262,18091708,55.80049158432139,True
wicked-2024,wikidata:Q24797403,unknown,2025,film,other,downloaders,without-hosting,audit-filtered,5,6698883,11934882,56.128606885262876,True
wicked-2024,wikidata:Q24797403,unknown,2025,film,unclassified,downloaders,all,full,8,5669,20837732,0.027205455948852784,True
wicked-2024,wikidata:Q24797403,unknown,2025,film,unclassified,downloaders,all,audit-filtered,5,3910,13684292,0.02857290680438564,True
wicked-2024,wikidata:Q24797403,unknown,2025,film,unclassified,downloaders,without-hosting,full,8,5540,18091708,0.030621763296201775,True
wicked-2024,wikidata:Q24797403,unknown,2025,film,unclassified,downloaders,without-hosting,audit-filtered,5,3826,11934882,0.032057292229617354,True
wicked-2024,wikidata:Q24797403,unknown,2025,film,asia-28,uploaders,all,full,8,774970,3280009,23.627069315968342,True
wicked-2024,wikidata:Q24797403,unknown,2025,film,asia-28,uploaders,all,audit-filtered,5,509160,2168413,23.480766809643736,True
wicked-2024,wikidata:Q24797403,unknown,2025,film,asia-28,uploaders,without-hosting,full,8,742718,2727178,27.23393925882359,True
wicked-2024,wikidata:Q24797403,unknown,2025,film,asia-28,uploaders,without-hosting,audit-filtered,5,487924,1815409,26.876808476767494,True
wicked-2024,wikidata:Q24797403,unknown,2025,film,eur-27,uploaders,all,full,8,550785,3280009,16.79217953365372,True
wicked-2024,wikidata:Q24797403,unknown,2025,film,eur-27,uploaders,all,audit-filtered,5,364498,2168413,16.809436209799518,True
wicked-2024,wikidata:Q24797403,unknown,2025,film,eur-27,uploaders,without-hosting,full,8,413743,2727178,15.171103609665376,True
wicked-2024,wikidata:Q24797403,unknown,2025,film,eur-27,uploaders,without-hosting,audit-filtered,5,277271,1815409,15.27319738967913,True
wicked-2024,wikidata:Q24797403,unknown,2025,film,usa-can,uploaders,all,full,8,457554,3280009,13.949778796338668,True
wicked-2024,wikidata:Q24797403,unknown,2025,film,usa-can,uploaders,all,audit-filtered,5,289155,2168413,13.334867481425356,True
wicked-2024,wikidata:Q24797403,unknown,2025,film,usa-can,uploaders,without-hosting,full,8,208597,2727178,7.648822335762462,True
wicked-2024,wikidata:Q24797403,unknown,2025,film,usa-can,uploaders,without-hosting,audit-filtered,5,132367,1815409,7.291304604086462,True
wicked-2024,wikidata:Q24797403,unknown,2025,film,other,uploaders,all,full,8,1495789,3280009,45.60319804000538,True
wicked-2024,wikidata:Q24797403,unknown,2025,film,other,uploaders,all,audit-filtered,5,1004928,2168413,46.34393909278352,True
wicked-2024,wikidata:Q24797403,unknown,2025,film,other,uploaders,without-hosting,full,8,1361219,2727178,49.91309698156849,True
wicked-2024,wikidata:Q24797403,unknown,2025,film,other,uploaders,without-hosting,audit-filtered,5,917181,1815409,50.52200358156206,True
wicked-2024,wikidata:Q24797403,unknown,2025,film,unclassified,uploaders,all,full,8,911,3280009,0.02777431403389442,True
wicked-2024,wikidata:Q24797403,unknown,2025,film,unclassified,uploaders,all,audit-filtered,5,672,2168413,0.030990406347868232,True
wicked-2024,wikidata:Q24797403,unknown,2025,film,unclassified,uploaders,without-hosting,full,8,901,2727178,0.033037814180079186,True
wicked-2024,wikidata:Q24797403,unknown,2025,film,unclassified,uploaders,without-hosting,audit-filtered,5,666,1815409,0.036685947904852294,True
wicked-for-good-2025,wikidata:Q114817050,unknown,2025,film,asia-28,downloaders,all,full,8,3240384,12400718,26.130615985300206,True
wicked-for-good-2025,wikidata:Q114817050,unknown,2025,film,asia-28,downloaders,all,audit-filtered,7,2985608,11348974,26.30729438625906,True
wicked-for-good-2025,wikidata:Q114817050,unknown,2025,film,asia-28,downloaders,without-hosting,full,8,3081001,10323587,29.844287649244396,True
wicked-for-good-2025,wikidata:Q114817050,unknown,2025,film,asia-28,downloaders,without-hosting,audit-filtered,7,2840095,9498314,29.901043490455255,True
wicked-for-good-2025,wikidata:Q114817050,unknown,2025,film,eur-27,downloaders,all,full,8,2826141,12400718,22.7901400547936,True
wicked-for-good-2025,wikidata:Q114817050,unknown,2025,film,eur-27,downloaders,all,audit-filtered,7,2613602,11348974,23.02941217417539,True
wicked-for-good-2025,wikidata:Q114817050,unknown,2025,film,eur-27,downloaders,without-hosting,full,8,1904046,10323587,18.443647542273823,True
wicked-for-good-2025,wikidata:Q114817050,unknown,2025,film,eur-27,downloaders,without-hosting,audit-filtered,7,1767862,9498314,18.612376891309342,True
wicked-for-good-2025,wikidata:Q114817050,unknown,2025,film,usa-can,downloaders,all,full,8,1326332,12400718,10.695606496333518,True
wicked-for-good-2025,wikidata:Q114817050,unknown,2025,film,usa-can,downloaders,all,audit-filtered,7,1154869,11348974,10.175977141193556,True
wicked-for-good-2025,wikidata:Q114817050,unknown,2025,film,usa-can,downloaders,without-hosting,full,8,669384,10323587,6.484025368314327,True
wicked-for-good-2025,wikidata:Q114817050,unknown,2025,film,usa-can,downloaders,without-hosting,audit-filtered,7,592991,9498314,6.243118515559709,True
wicked-for-good-2025,wikidata:Q114817050,unknown,2025,film,other,downloaders,all,full,8,5005838,12400718,40.367323892052056,True
wicked-for-good-2025,wikidata:Q114817050,unknown,2025,film,other,downloaders,all,audit-filtered,7,4593009,11348974,40.47069805605335,True
wicked-for-good-2025,wikidata:Q114817050,unknown,2025,film,other,downloaders,without-hosting,full,8,4667187,10323587,45.208966612089384,True
wicked-for-good-2025,wikidata:Q114817050,unknown,2025,film,other,downloaders,without-hosting,audit-filtered,7,4295534,9498314,45.22417346910199,True
wicked-for-good-2025,wikidata:Q114817050,unknown,2025,film,unclassified,downloaders,all,full,8,2023,12400718,0.01631357152061679,True
wicked-for-good-2025,wikidata:Q114817050,unknown,2025,film,unclassified,downloaders,all,audit-filtered,7,1886,11348974,0.016618242318644838,True
wicked-for-good-2025,wikidata:Q114817050,unknown,2025,film,unclassified,downloaders,without-hosting,full,8,1969,10323587,0.01907282807807015,True
wicked-for-good-2025,wikidata:Q114817050,unknown,2025,film,unclassified,downloaders,without-hosting,audit-filtered,7,1832,9498314,0.019287633573705817,True
wicked-for-good-2025,wikidata:Q114817050,unknown,2025,film,asia-28,uploaders,all,full,8,144260,759506,18.993924998617523,True
wicked-for-good-2025,wikidata:Q114817050,unknown,2025,film,asia-28,uploaders,all,audit-filtered,7,119137,598847,19.894397066362526,True
wicked-for-good-2025,wikidata:Q114817050,unknown,2025,film,asia-28,uploaders,without-hosting,full,8,135966,537895,25.277424032571414,True
wicked-for-good-2025,wikidata:Q114817050,unknown,2025,film,asia-28,uploaders,without-hosting,audit-filtered,7,112633,425876,26.447369656895436,True
wicked-for-good-2025,wikidata:Q114817050,unknown,2025,film,eur-27,uploaders,all,full,8,139816,759506,18.408807830352888,True
wicked-for-good-2025,wikidata:Q114817050,unknown,2025,film,eur-27,uploaders,all,audit-filtered,7,110414,598847,18.437764570917114,True
wicked-for-good-2025,wikidata:Q114817050,unknown,2025,film,eur-27,uploaders,without-hosting,full,8,80313,537895,14.930980953531822,True
wicked-for-good-2025,wikidata:Q114817050,unknown,2025,film,eur-27,uploaders,without-hosting,audit-filtered,7,63627,425876,14.940264302285172,True
wicked-for-good-2025,wikidata:Q114817050,unknown,2025,film,usa-can,uploaders,all,full,8,183565,759506,24.168999323244318,True
wicked-for-good-2025,wikidata:Q114817050,unknown,2025,film,usa-can,uploaders,all,audit-filtered,7,139600,598847,23.311463529081717,True
wicked-for-good-2025,wikidata:Q114817050,unknown,2025,film,usa-can,uploaders,without-hosting,full,8,73704,537895,13.702302493981167,True
wicked-for-good-2025,wikidata:Q114817050,unknown,2025,film,usa-can,uploaders,without-hosting,audit-filtered,7,54592,425876,12.818754754905184,True
wicked-for-good-2025,wikidata:Q114817050,unknown,2025,film,other,uploaders,all,full,8,291727,759506,38.410098142740146,True
wicked-for-good-2025,wikidata:Q114817050,unknown,2025,film,other,uploaders,all,audit-filtered,7,229589,598847,38.33850716460131,True
wicked-for-good-2025,wikidata:Q114817050,unknown,2025,film,other,uploaders,without-hosting,full,8,247774,537895,46.06363695516783,True
wicked-for-good-2025,wikidata:Q114817050,unknown,2025,film,other,uploaders,without-hosting,audit-filtered,7,194917,425876,45.76848660173384,True
wicked-for-good-2025,wikidata:Q114817050,unknown,2025,film,unclassified,uploaders,all,full,8,138,759506,0.018169705045121436,True
wicked-for-good-2025,wikidata:Q114817050,unknown,2025,film,unclassified,uploaders,all,audit-filtered,7,107,598847,0.01786766903733341,True
wicked-for-good-2025,wikidata:Q114817050,unknown,2025,film,unclassified,uploaders,without-hosting,full,8,138,537895,0.025655564747766757,True
wicked-for-good-2025,wikidata:Q114817050,unknown,2025,film,unclassified,uploaders,without-hosting,audit-filtered,7,107,425876,0.02512468418037175,True
witcher-02,wikidata:Q47500433,unknown,2021,television_season,asia-28,downloaders,all,full,8,2429933,14276842,17.020101504240223,True
witcher-02,wikidata:Q47500433,unknown,2021,television_season,asia-28,downloaders,all,audit-filtered,7,1748317,10867834,16.087078621186155,True
witcher-02,wikidata:Q47500433,unknown,2021,television_season,asia-28,downloaders,without-hosting,full,8,2303760,12556440,18.347238548505786,True
witcher-02,wikidata:Q47500433,unknown,2021,television_season,asia-28,downloaders,without-hosting,audit-filtered,7,1653031,9549928,17.309355630744022,True
witcher-02,wikidata:Q47500433,unknown,2021,television_season,eur-27,downloaders,all,full,8,2824265,14276842,19.782140896425133,True
witcher-02,wikidata:Q47500433,unknown,2021,television_season,eur-27,downloaders,all,audit-filtered,7,2154500,10867834,19.82455749692165,True
witcher-02,wikidata:Q47500433,unknown,2021,television_season,eur-27,downloaders,without-hosting,full,8,2236359,12556440,17.810454237028967,True
witcher-02,wikidata:Q47500433,unknown,2021,television_season,eur-27,downloaders,without-hosting,audit-filtered,7,1697002,9549928,17.7697884214415,True
witcher-02,wikidata:Q47500433,unknown,2021,television_season,usa-can,downloaders,all,full,8,1087317,14276842,7.615948961261881,True
witcher-02,wikidata:Q47500433,unknown,2021,television_season,usa-can,downloaders,all,audit-filtered,7,833622,10867834,7.670544102900357,True
witcher-02,wikidata:Q47500433,unknown,2021,television_season,usa-can,downloaders,without-hosting,full,8,514594,12556440,4.098247592470477,True
witcher-02,wikidata:Q47500433,unknown,2021,television_season,usa-can,downloaders,without-hosting,audit-filtered,7,393204,9549928,4.117350413531914,True
witcher-02,wikidata:Q47500433,unknown,2021,television_season,other,downloaders,all,full,8,7928954,14276842,55.53716991474725,True
witcher-02,wikidata:Q47500433,unknown,2021,television_season,other,downloaders,all,audit-filtered,7,6126994,10867834,56.3773241291687,True
witcher-02,wikidata:Q47500433,unknown,2021,television_season,other,downloaders,without-hosting,full,8,7495523,12556440,59.69465071310021,True
witcher-02,wikidata:Q47500433,unknown,2021,television_season,other,downloaders,without-hosting,audit-filtered,7,5802435,9549928,60.758939753263064,True
witcher-02,wikidata:Q47500433,unknown,2021,television_season,unclassified,downloaders,all,full,8,6373,14276842,0.04463872332550854,True
witcher-02,wikidata:Q47500433,unknown,2021,television_season,unclassified,downloaders,all,audit-filtered,7,4401,10867834,0.04049564982313863,True
witcher-02,wikidata:Q47500433,unknown,2021,television_season,unclassified,downloaders,without-hosting,full,8,6204,12556440,0.04940890889455929,True
witcher-02,wikidata:Q47500433,unknown,2021,television_season,unclassified,downloaders,without-hosting,audit-filtered,7,4256,9549928,0.04456578101950088,True
witcher-02,wikidata:Q47500433,unknown,2021,television_season,asia-28,uploaders,all,full,8,762153,5447820,13.990054737491327,True
witcher-02,wikidata:Q47500433,unknown,2021,television_season,asia-28,uploaders,all,audit-filtered,7,589506,4357040,13.52996529754145,True
witcher-02,wikidata:Q47500433,unknown,2021,television_season,asia-28,uploaders,without-hosting,full,8,723232,4838649,14.946982101822224,True
witcher-02,wikidata:Q47500433,unknown,2021,television_season,asia-28,uploaders,without-hosting,audit-filtered,7,558140,3867081,14.433108590174346,True
witcher-02,wikidata:Q47500433,unknown,2021,television_season,eur-27,uploaders,all,full,8,1159016,5447820,21.274858567280123,True
witcher-02,wikidata:Q47500433,unknown,2021,television_season,eur-27,uploaders,all,audit-filtered,7,940960,4357040,21.596313093292693,True
witcher-02,wikidata:Q47500433,unknown,2021,television_season,eur-27,uploaders,without-hosting,full,8,969526,4838649,20.037121932175697,True
witcher-02,wikidata:Q47500433,unknown,2021,television_season,eur-27,uploaders,without-hosting,audit-filtered,7,792228,3867081,20.48645994226653,True
witcher-02,wikidata:Q47500433,unknown,2021,television_season,usa-can,uploaders,all,full,8,395745,5447820,7.264281859532804,True
witcher-02,wikidata:Q47500433,unknown,2021,television_season,usa-can,uploaders,all,audit-filtered,7,319705,4357040,7.337665020289004,True
witcher-02,wikidata:Q47500433,unknown,2021,television_season,usa-can,uploaders,without-hosting,full,8,173708,4838649,3.5900103520631483,True
witcher-02,wikidata:Q47500433,unknown,2021,television_season,usa-can,uploaders,without-hosting,audit-filtered,7,135180,3867081,3.4956599047188304,True
witcher-02,wikidata:Q47500433,unknown,2021,television_season,other,uploaders,all,full,8,3129002,5447820,57.43585507597535,True
witcher-02,wikidata:Q47500433,unknown,2021,television_season,other,uploaders,all,audit-filtered,7,2505450,4357040,57.50348860694417,True
witcher-02,wikidata:Q47500433,unknown,2021,television_season,other,uploaders,without-hosting,full,8,2970302,4838649,61.38701112645286,True
witcher-02,wikidata:Q47500433,unknown,2021,television_season,other,uploaders,without-hosting,audit-filtered,7,2380136,3867081,61.54864612352314,True
witcher-02,wikidata:Q47500433,unknown,2021,television_season,unclassified,uploaders,all,full,8,1904,5447820,0.03494975972040192,True
witcher-02,wikidata:Q47500433,unknown,2021,television_season,unclassified,uploaders,all,audit-filtered,7,1419,4357040,0.03256798193268825,True
witcher-02,wikidata:Q47500433,unknown,2021,television_season,unclassified,uploaders,without-hosting,full,8,1881,4838649,0.03887448748607308,True
witcher-02,wikidata:Q47500433,unknown,2021,television_season,unclassified,uploaders,without-hosting,audit-filtered,7,1397,3867081,0.03612543931714903,True
witcher-03.1,wikidata:Q47500433,unknown,2023,television_season,asia-28,downloaders,all,full,8,1508332,10308508,14.631913755123438,True
witcher-03.1,wikidata:Q47500433,unknown,2023,television_season,asia-28,downloaders,all,audit-filtered,8,1508332,10308508,14.631913755123438,True
witcher-03.1,wikidata:Q47500433,unknown,2023,television_season,asia-28,downloaders,without-hosting,full,8,1397474,8271716,16.89460808373982,True
witcher-03.1,wikidata:Q47500433,unknown,2023,television_season,asia-28,downloaders,without-hosting,audit-filtered,8,1397474,8271716,16.89460808373982,True
witcher-03.1,wikidata:Q47500433,unknown,2023,television_season,eur-27,downloaders,all,full,8,2608665,10308508,25.305941461169745,True
witcher-03.1,wikidata:Q47500433,unknown,2023,television_season,eur-27,downloaders,all,audit-filtered,8,2608665,10308508,25.305941461169745,True
witcher-03.1,wikidata:Q47500433,unknown,2023,television_season,eur-27,downloaders,without-hosting,full,8,1981425,8271716,23.95421941468977,True
witcher-03.1,wikidata:Q47500433,unknown,2023,television_season,eur-27,downloaders,without-hosting,audit-filtered,8,1981425,8271716,23.95421941468977,True
witcher-03.1,wikidata:Q47500433,unknown,2023,television_season,usa-can,downloaders,all,full,8,1328984,10308508,12.892108149889392,True
witcher-03.1,wikidata:Q47500433,unknown,2023,television_season,usa-can,downloaders,all,audit-filtered,8,1328984,10308508,12.892108149889392,True
witcher-03.1,wikidata:Q47500433,unknown,2023,television_season,usa-can,downloaders,without-hosting,full,8,446924,8271716,5.4030384989039755,True
witcher-03.1,wikidata:Q47500433,unknown,2023,television_season,usa-can,downloaders,without-hosting,audit-filtered,8,446924,8271716,5.4030384989039755,True
witcher-03.1,wikidata:Q47500433,unknown,2023,television_season,other,downloaders,all,full,8,4859145,10308508,47.13722878228353,True
witcher-03.1,wikidata:Q47500433,unknown,2023,television_season,other,downloaders,all,audit-filtered,8,4859145,10308508,47.13722878228353,True
witcher-03.1,wikidata:Q47500433,unknown,2023,television_season,other,downloaders,without-hosting,full,8,4442619,8271716,53.708553340080826,True
witcher-03.1,wikidata:Q47500433,unknown,2023,television_season,other,downloaders,without-hosting,audit-filtered,8,4442619,8271716,53.708553340080826,True
witcher-03.1,wikidata:Q47500433,unknown,2023,television_season,unclassified,downloaders,all,full,8,3382,10308508,0.03280785153389802,True
witcher-03.1,wikidata:Q47500433,unknown,2023,television_season,unclassified,downloaders,all,audit-filtered,8,3382,10308508,0.03280785153389802,True
witcher-03.1,wikidata:Q47500433,unknown,2023,television_season,unclassified,downloaders,without-hosting,full,8,3274,8271716,0.039580662585611014,True
witcher-03.1,wikidata:Q47500433,unknown,2023,television_season,unclassified,downloaders,without-hosting,audit-filtered,8,3274,8271716,0.039580662585611014,True
witcher-03.1,wikidata:Q47500433,unknown,2023,television_season,asia-28,uploaders,all,full,8,460147,3347481,13.746067565432037,True
witcher-03.1,wikidata:Q47500433,unknown,2023,television_season,asia-28,uploaders,all,audit-filtered,8,460147,3347481,13.746067565432037,True
witcher-03.1,wikidata:Q47500433,unknown,2023,television_season,asia-28,uploaders,without-hosting,full,8,423916,2684019,15.794075973381709,True
witcher-03.1,wikidata:Q47500433,unknown,2023,television_season,asia-28,uploaders,without-hosting,audit-filtered,8,423916,2684019,15.794075973381709,True
witcher-03.1,wikidata:Q47500433,unknown,2023,television_season,eur-27,uploaders,all,full,8,887414,3347481,26.50990401439172,True
witcher-03.1,wikidata:Q47500433,unknown,2023,television_season,eur-27,uploaders,all,audit-filtered,8,887414,3347481,26.50990401439172,True
witcher-03.1,wikidata:Q47500433,unknown,2023,television_season,eur-27,uploaders,without-hosting,full,8,704387,2684019,26.24374119557276,True
witcher-03.1,wikidata:Q47500433,unknown,2023,television_season,eur-27,uploaders,without-hosting,audit-filtered,8,704387,2684019,26.24374119557276,True
witcher-03.1,wikidata:Q47500433,unknown,2023,television_season,usa-can,uploaders,all,full,8,447836,3347481,13.378298487728534,True
witcher-03.1,wikidata:Q47500433,unknown,2023,television_season,usa-can,uploaders,all,audit-filtered,8,447836,3347481,13.378298487728534,True
witcher-03.1,wikidata:Q47500433,unknown,2023,television_season,usa-can,uploaders,without-hosting,full,8,132263,2684019,4.927796710828053,True
witcher-03.1,wikidata:Q47500433,unknown,2023,television_season,usa-can,uploaders,without-hosting,audit-filtered,8,132263,2684019,4.927796710828053,True
witcher-03.1,wikidata:Q47500433,unknown,2023,television_season,other,uploaders,all,full,8,1551300,3347481,46.34230933648316,True
witcher-03.1,wikidata:Q47500433,unknown,2023,television_season,other,uploaders,all,audit-filtered,8,1551300,3347481,46.34230933648316,True
witcher-03.1,wikidata:Q47500433,unknown,2023,television_season,other,uploaders,without-hosting,full,8,1422673,2684019,53.00532522310758,True
witcher-03.1,wikidata:Q47500433,unknown,2023,television_season,other,uploaders,without-hosting,audit-filtered,8,1422673,2684019,53.00532522310758,True
witcher-03.1,wikidata:Q47500433,unknown,2023,television_season,unclassified,uploaders,all,full,8,784,3347481,0.02342059596454767,True
witcher-03.1,wikidata:Q47500433,unknown,2023,television_season,unclassified,uploaders,all,audit-filtered,8,784,3347481,0.02342059596454767,True
witcher-03.1,wikidata:Q47500433,unknown,2023,television_season,unclassified,uploaders,without-hosting,full,8,780,2684019,0.029060897109893784,True
witcher-03.1,wikidata:Q47500433,unknown,2023,television_season,unclassified,uploaders,without-hosting,audit-filtered,8,780,2684019,0.029060897109893784,True
witcher-03.2,wikidata:Q47500433,unknown,2023,television_season,asia-28,downloaders,all,full,8,932136,6948701,13.414536040621117,True
witcher-03.2,wikidata:Q47500433,unknown,2023,television_season,asia-28,downloaders,all,audit-filtered,7,703906,5557366,12.666180345149122,True
witcher-03.2,wikidata:Q47500433,unknown,2023,television_season,asia-28,downloaders,without-hosting,full,8,856612,5528551,15.494331154763698,True
witcher-03.2,wikidata:Q47500433,unknown,2023,television_season,asia-28,downloaders,without-hosting,audit-filtered,7,642527,4409817,14.570377863752622,True
witcher-03.2,wikidata:Q47500433,unknown,2023,television_season,eur-27,downloaders,all,full,8,1681911,6948701,24.204682285221367,True
witcher-03.2,wikidata:Q47500433,unknown,2023,television_season,eur-27,downloaders,all,audit-filtered,7,1325779,5557366,23.856247725991054,True
witcher-03.2,wikidata:Q47500433,unknown,2023,television_season,eur-27,downloaders,without-hosting,full,8,1258408,5528551,22.76198591638207,True
witcher-03.2,wikidata:Q47500433,unknown,2023,television_season,eur-27,downloaders,without-hosting,audit-filtered,7,984669,4409817,22.32902181655157,True
witcher-03.2,wikidata:Q47500433,unknown,2023,television_season,usa-can,downloaders,all,full,8,957444,6948701,13.778747999086448,True
witcher-03.2,wikidata:Q47500433,unknown,2023,television_season,usa-can,downloaders,all,audit-filtered,7,778904,5557366,14.015704562197271,True
witcher-03.2,wikidata:Q47500433,unknown,2023,television_season,usa-can,downloaders,without-hosting,full,8,313232,5528551,5.665716025772395,True
witcher-03.2,wikidata:Q47500433,unknown,2023,television_season,usa-can,downloaders,without-hosting,audit-filtered,7,246794,4409817,5.596468062053368,True
witcher-03.2,wikidata:Q47500433,unknown,2023,television_season,other,downloaders,all,full,8,3374570,6948701,48.5640409624763,True
witcher-03.2,wikidata:Q47500433,unknown,2023,television_season,other,downloaders,all,audit-filtered,7,2746704,5557366,49.4245655225875,True
witcher-03.2,wikidata:Q47500433,unknown,2023,television_season,other,downloaders,without-hosting,full,8,3097687,5528551,56.0307212504687,True
witcher-03.2,wikidata:Q47500433,unknown,2023,television_season,other,downloaders,without-hosting,audit-filtered,7,2533777,4409817,57.45764506781121,True
witcher-03.2,wikidata:Q47500433,unknown,2023,television_season,unclassified,downloaders,all,full,8,2640,6948701,0.03799271259477131,True
witcher-03.2,wikidata:Q47500433,unknown,2023,television_season,unclassified,downloaders,all,audit-filtered,7,2073,5557366,0.03730184407505282,True
witcher-03.2,wikidata:Q47500433,unknown,2023,television_season,unclassified,downloaders,without-hosting,full,8,2612,5528551,0.04724565261313498,True
witcher-03.2,wikidata:Q47500433,unknown,2023,television_season,unclassified,downloaders,without-hosting,audit-filtered,7,2050,4409817,0.04648718983123336,True
witcher-03.2,wikidata:Q47500433,unknown,2023,television_season,asia-28,uploaders,all,full,8,279063,2259495,12.350680129852025,True
witcher-03.2,wikidata:Q47500433,unknown,2023,television_season,asia-28,uploaders,all,audit-filtered,7,200358,1708848,11.724740878065223,True
witcher-03.2,wikidata:Q47500433,unknown,2023,television_season,asia-28,uploaders,without-hosting,full,8,257338,1808686,14.22789804310975,True
witcher-03.2,wikidata:Q47500433,unknown,2023,television_season,asia-28,uploaders,without-hosting,audit-filtered,7,183179,1349858,13.570242203253972,True
witcher-03.2,wikidata:Q47500433,unknown,2023,television_season,eur-27,uploaders,all,full,8,518620,2259495,22.952916470273223,True
witcher-03.2,wikidata:Q47500433,unknown,2023,television_season,eur-27,uploaders,all,audit-filtered,7,371720,1708848,21.75266612361076,True
witcher-03.2,wikidata:Q47500433,unknown,2023,television_season,eur-27,uploaders,without-hosting,full,8,397773,1808686,21.99237457469124,True
witcher-03.2,wikidata:Q47500433,unknown,2023,television_season,eur-27,uploaders,without-hosting,audit-filtered,7,281188,1349858,20.83093184616456,True
witcher-03.2,wikidata:Q47500433,unknown,2023,television_season,usa-can,uploaders,all,full,8,314077,2259495,13.900318433986355,True
witcher-03.2,wikidata:Q47500433,unknown,2023,television_season,usa-can,uploaders,all,audit-filtered,7,252895,1708848,14.799151241070007,True
witcher-03.2,wikidata:Q47500433,unknown,2023,television_season,usa-can,uploaders,without-hosting,full,8,89999,1808686,4.975932804256792,True
witcher-03.2,wikidata:Q47500433,unknown,2023,television_season,usa-can,uploaders,without-hosting,audit-filtered,7,63830,1349858,4.728645531604065,True
witcher-03.2,wikidata:Q47500433,unknown,2023,television_season,other,uploaders,all,full,8,1146966,2259495,50.76205081223902,True
witcher-03.2,wikidata:Q47500433,unknown,2023,television_season,other,uploaders,all,audit-filtered,7,883305,1708848,51.69008595264178,True
witcher-03.2,wikidata:Q47500433,unknown,2023,television_season,other,uploaders,without-hosting,full,8,1062807,1808686,58.76127752412525,True
witcher-03.2,wikidata:Q47500433,unknown,2023,television_season,other,uploaders,without-hosting,audit-filtered,7,821091,1349858,60.827953755135724,True
witcher-03.2,wikidata:Q47500433,unknown,2023,television_season,unclassified,uploaders,all,full,8,769,2259495,0.034034153649377404,True
witcher-03.2,wikidata:Q47500433,unknown,2023,television_season,unclassified,uploaders,all,audit-filtered,7,570,1708848,0.03335580461222999,True
witcher-03.2,wikidata:Q47500433,unknown,2023,television_season,unclassified,uploaders,without-hosting,full,8,769,1808686,0.04251705381696989,True
witcher-03.2,wikidata:Q47500433,unknown,2023,television_season,unclassified,uploaders,without-hosting,audit-filtered,7,570,1349858,0.04222666384167816,True
witcher-04,wikidata:Q47500433,unknown,2025,television_season,asia-28,downloaders,all,full,8,4724602,19276933,24.509095923091085,True
witcher-04,wikidata:Q47500433,unknown,2025,television_season,asia-28,downloaders,all,audit-filtered,5,3273245,12674936,25.824548542099148,True
witcher-04,wikidata:Q47500433,unknown,2025,television_season,asia-28,downloaders,without-hosting,full,8,4447114,15804639,28.138029600043378,True
witcher-04,wikidata:Q47500433,unknown,2025,television_season,asia-28,downloaders,without-hosting,audit-filtered,5,3086989,10448411,29.545057138353382,True
witcher-04,wikidata:Q47500433,unknown,2025,television_season,eur-27,downloaders,all,full,8,4806785,19276933,24.93542411544409,True
witcher-04,wikidata:Q47500433,unknown,2025,television_season,eur-27,downloaders,all,audit-filtered,5,3124482,12674936,24.650870032006473,True
witcher-04,wikidata:Q47500433,unknown,2025,television_season,eur-27,downloaders,without-hosting,full,8,3259091,15804639,20.621103715181345,True
witcher-04,wikidata:Q47500433,unknown,2025,television_season,eur-27,downloaders,without-hosting,audit-filtered,5,2105105,10448411,20.147609047921257,True
witcher-04,wikidata:Q47500433,unknown,2025,television_season,usa-can,downloaders,all,full,8,2112956,19276933,10.961059002487584,True
witcher-04,wikidata:Q47500433,unknown,2025,television_season,usa-can,downloaders,all,audit-filtered,5,1363204,12674936,10.755115449892607,True
witcher-04,wikidata:Q47500433,unknown,2025,television_season,usa-can,downloaders,without-hosting,full,8,1043767,15804639,6.604181215401376,True
witcher-04,wikidata:Q47500433,unknown,2025,television_season,usa-can,downloaders,without-hosting,audit-filtered,5,700750,10448411,6.706761439610291,True
witcher-04,wikidata:Q47500433,unknown,2025,television_season,other,downloaders,all,full,8,7627159,19276933,39.56624739008016,True
witcher-04,wikidata:Q47500433,unknown,2025,television_season,other,downloaders,all,audit-filtered,5,4910827,12674936,38.74439287109615,True
witcher-04,wikidata:Q47500433,unknown,2025,television_season,other,downloaders,without-hosting,full,8,7049544,15804639,44.6042709358942,True
witcher-04,wikidata:Q47500433,unknown,2025,television_season,other,downloaders,without-hosting,audit-filtered,5,4552575,10448411,43.57193644086168,True
witcher-04,wikidata:Q47500433,unknown,2025,television_season,unclassified,downloaders,all,full,8,5431,19276933,0.028173568897085444,True
witcher-04,wikidata:Q47500433,unknown,2025,television_season,unclassified,downloaders,all,audit-filtered,5,3178,12674936,0.025073104905618458,True
witcher-04,wikidata:Q47500433,unknown,2025,television_season,unclassified,downloaders,without-hosting,full,8,5123,15804639,0.032414533479695425,True
witcher-04,wikidata:Q47500433,unknown,2025,television_season,unclassified,downloaders,without-hosting,audit-filtered,5,2992,10448411,0.028635933253391352,True
witcher-04,wikidata:Q47500433,unknown,2025,television_season,asia-28,uploaders,all,full,8,205694,1996743,10.301475953590423,True
witcher-04,wikidata:Q47500433,unknown,2025,television_season,asia-28,uploaders,all,audit-filtered,5,122397,1173546,10.4296721219279,True
witcher-04,wikidata:Q47500433,unknown,2025,television_season,asia-28,uploaders,without-hosting,full,8,177668,1334853,13.30993000727421,True
witcher-04,wikidata:Q47500433,unknown,2025,television_season,asia-28,uploaders,without-hosting,audit-filtered,5,105462,786989,13.400695562453858,True
witcher-04,wikidata:Q47500433,unknown,2025,television_season,eur-27,uploaders,all,full,8,593956,1996743,29.746241754697525,True
witcher-04,wikidata:Q47500433,unknown,2025,television_season,eur-27,uploaders,all,audit-filtered,5,349859,1173546,29.812124961441647,True
witcher-04,wikidata:Q47500433,unknown,2025,television_season,eur-27,uploaders,without-hosting,full,8,386910,1334853,28.985214102226987,True
witcher-04,wikidata:Q47500433,unknown,2025,television_season,eur-27,uploaders,without-hosting,audit-filtered,5,229869,786989,29.208667465491892,True
witcher-04,wikidata:Q47500433,unknown,2025,television_season,usa-can,uploaders,all,full,8,419170,1996743,20.992686590111997,True
witcher-04,wikidata:Q47500433,unknown,2025,television_season,usa-can,uploaders,all,audit-filtered,5,242507,1173546,20.66446479302899,True
witcher-04,wikidata:Q47500433,unknown,2025,television_season,usa-can,uploaders,without-hosting,full,8,121671,1334853,9.114936251407459,True
witcher-04,wikidata:Q47500433,unknown,2025,television_season,usa-can,uploaders,without-hosting,audit-filtered,5,66615,786989,8.464540165110312,True
witcher-04,wikidata:Q47500433,unknown,2025,television_season,other,uploaders,all,full,8,776576,1996743,38.892135843220686,True
witcher-04,wikidata:Q47500433,unknown,2025,television_season,other,uploaders,all,audit-filtered,5,458003,1173546,39.027272897696385,True
witcher-04,wikidata:Q47500433,unknown,2025,television_season,other,uploaders,without-hosting,full,8,647267,1334853,48.48975879741065,True
witcher-04,wikidata:Q47500433,unknown,2025,television_season,other,uploaders,without-hosting,audit-filtered,5,384271,786989,48.828001407897695,True
witcher-04,wikidata:Q47500433,unknown,2025,television_season,unclassified,uploaders,all,full,8,1347,1996743,0.06745985837937081,True
witcher-04,wikidata:Q47500433,unknown,2025,television_season,unclassified,uploaders,all,audit-filtered,5,780,1173546,0.06646522590507743,True
witcher-04,wikidata:Q47500433,unknown,2025,television_season,unclassified,uploaders,without-hosting,full,8,1337,1334853,0.10016084168069443,True
witcher-04,wikidata:Q47500433,unknown,2025,television_season,unclassified,uploaders,without-hosting,audit-filtered,5,772,786989,0.09809539904623826,True
you-04.2,wikidata:Q39082126,unknown,2023,television_season,asia-28,downloaders,all,full,8,205612,1660797,12.38032101454904,True
you-04.2,wikidata:Q39082126,unknown,2023,television_season,asia-28,downloaders,all,audit-filtered,6,133703,1082441,12.351989623452917,True
you-04.2,wikidata:Q39082126,unknown,2023,television_season,asia-28,downloaders,without-hosting,full,8,185890,1279075,14.533158727987022,True
you-04.2,wikidata:Q39082126,unknown,2023,television_season,asia-28,downloaders,without-hosting,audit-filtered,6,119742,819140,14.618014014698343,True
you-04.2,wikidata:Q39082126,unknown,2023,television_season,eur-27,downloaders,all,full,8,413374,1660797,24.890097946949567,True
you-04.2,wikidata:Q39082126,unknown,2023,television_season,eur-27,downloaders,all,audit-filtered,6,266991,1082441,24.665639974834654,True
you-04.2,wikidata:Q39082126,unknown,2023,television_season,eur-27,downloaders,without-hosting,full,8,278003,1279075,21.73469108535465,True
you-04.2,wikidata:Q39082126,unknown,2023,television_season,eur-27,downloaders,without-hosting,audit-filtered,6,171528,819140,20.940010254657324,True
you-04.2,wikidata:Q39082126,unknown,2023,television_season,usa-can,downloaders,all,full,8,251560,1660797,15.146944509172403,True
you-04.2,wikidata:Q39082126,unknown,2023,television_season,usa-can,downloaders,all,audit-filtered,6,170539,1082441,15.755038842763716,True
you-04.2,wikidata:Q39082126,unknown,2023,television_season,usa-can,downloaders,without-hosting,full,8,81996,1279075,6.4105701385767055,True
you-04.2,wikidata:Q39082126,unknown,2023,television_season,usa-can,downloaders,without-hosting,audit-filtered,6,53557,819140,6.538198598530165,True
you-04.2,wikidata:Q39082126,unknown,2023,television_season,other,downloaders,all,full,8,788879,1660797,47.50002559012329,True
you-04.2,wikidata:Q39082126,unknown,2023,television_season,other,downloaders,all,audit-filtered,6,510403,1082441,47.15296260950943,True
you-04.2,wikidata:Q39082126,unknown,2023,television_season,other,downloaders,without-hosting,full,8,731826,1279075,57.215253210327774,True
you-04.2,wikidata:Q39082126,unknown,2023,television_season,other,downloaders,without-hosting,audit-filtered,6,473519,819140,57.806846204555995,True
you-04.2,wikidata:Q39082126,unknown,2023,television_season,unclassified,downloaders,all,full,8,1372,1660797,0.08261093920569461,True
you-04.2,wikidata:Q39082126,unknown,2023,television_season,unclassified,downloaders,all,audit-filtered,6,805,1082441,0.0743689494392766,True
you-04.2,wikidata:Q39082126,unknown,2023,television_season,unclassified,downloaders,without-hosting,full,8,1360,1279075,0.10632683775384555,True
you-04.2,wikidata:Q39082126,unknown,2023,television_season,unclassified,downloaders,without-hosting,audit-filtered,6,794,819140,0.09693092755817076,True
you-04.2,wikidata:Q39082126,unknown,2023,television_season,asia-28,uploaders,all,full,8,44153,402902,10.958744310030728,True
you-04.2,wikidata:Q39082126,unknown,2023,television_season,asia-28,uploaders,all,audit-filtered,6,25165,233325,10.785385192328297,True
you-04.2,wikidata:Q39082126,unknown,2023,television_season,asia-28,uploaders,without-hosting,full,8,38517,311499,12.365047720859456,True
you-04.2,wikidata:Q39082126,unknown,2023,television_season,asia-28,uploaders,without-hosting,audit-filtered,6,21160,173419,12.20166187095993,True
you-04.2,wikidata:Q39082126,unknown,2023,television_season,eur-27,uploaders,all,full,8,107926,402902,26.78715916029208,True
you-04.2,wikidata:Q39082126,unknown,2023,television_season,eur-27,uploaders,all,audit-filtered,6,59328,233325,25.42719382835101,True
you-04.2,wikidata:Q39082126,unknown,2023,television_season,eur-27,uploaders,without-hosting,full,8,81632,311499,26.206183647459543,True
you-04.2,wikidata:Q39082126,unknown,2023,television_season,eur-27,uploaders,without-hosting,audit-filtered,6,43424,173419,25.039932187361245,True
you-04.2,wikidata:Q39082126,unknown,2023,television_season,usa-can,uploaders,all,full,8,71554,402902,17.75965371231714,True
you-04.2,wikidata:Q39082126,unknown,2023,television_season,usa-can,uploaders,all,audit-filtered,6,46593,233325,19.96914175506268,True
you-04.2,wikidata:Q39082126,unknown,2023,television_season,usa-can,uploaders,without-hosting,full,8,24438,311499,7.845290033033814,True
you-04.2,wikidata:Q39082126,unknown,2023,television_season,usa-can,uploaders,without-hosting,audit-filtered,6,13812,173419,7.964525225033013,True
you-04.2,wikidata:Q39082126,unknown,2023,television_season,other,uploaders,all,full,8,178881,402902,44.39814148353694,True
you-04.2,wikidata:Q39082126,unknown,2023,television_season,other,uploaders,all,audit-filtered,6,101993,233325,43.712846887388835,True
you-04.2,wikidata:Q39082126,unknown,2023,television_season,other,uploaders,without-hosting,full,8,166531,311499,53.461166809524265,True
you-04.2,wikidata:Q39082126,unknown,2023,television_season,other,uploaders,without-hosting,audit-filtered,6,94784,173419,54.65606421441711,True
you-04.2,wikidata:Q39082126,unknown,2023,television_season,unclassified,uploaders,all,full,8,388,402902,0.09630133382311332,True
you-04.2,wikidata:Q39082126,unknown,2023,television_season,unclassified,uploaders,all,audit-filtered,6,246,233325,0.1054323368691739,True
you-04.2,wikidata:Q39082126,unknown,2023,television_season,unclassified,uploaders,without-hosting,full,8,381,311499,0.12231178912291853,True
you-04.2,wikidata:Q39082126,unknown,2023,television_season,unclassified,uploaders,without-hosting,audit-filtered,6,239,173419,0.1378165022287062,True
