set,cohort_year,collection_key,sample_year_start,sample_week,raw_downloaders,downloaders_per_billion,itu_source_users,itu_reference_year,itu_reference_users,adjustment_factor,adjusted_downloaders
aam,2017,expanse-201,2017,1,88107,24474.166667,3.600000,2025,6.000000,1.666667,146845.000000
aam,2017,expanse-201,2017,2,145563,40434.166667,3.600000,2025,6.000000,1.666667,242605.000000
aam,2017,expanse-201,2017,3,175227,48674.166667,3.600000,2025,6.000000,1.666667,292045.000000
aam,2017,expanse-203,2017,1,146016,40560.000000,3.600000,2025,6.000000,1.666667,243360.000000
aam,2017,expanse-203,2017,2,208106,57807.222222,3.600000,2025,6.000000,1.666667,346843.333333
aam,2017,expanse-203,2017,3,218303,60639.722222,3.600000,2025,6.000000,1.666667,363838.333333
aam,2017,expanse-204,2017,1,134036,37232.222222,3.600000,2025,6.000000,1.666667,223393.333333
aam,2017,expanse-210,2017,1,173641,48233.611111,3.600000,2025,6.000000,1.666667,289401.666667
aam,2017,expanse-210,2017,2,232028,64452.222222,3.600000,2025,6.000000,1.666667,386713.333333
aam,2017,expanse-210,2017,3,270208,75057.777778,3.600000,2025,6.000000,1.666667,450346.666667
aam,2017,expanse-210,2017,4,274110,76141.666667,3.600000,2025,6.000000,1.666667,456850.000000
aam,2017,expanse-213,2017,1,166716,46310.000000,3.600000,2025,6.000000,1.666667,277860.000000
aam,2017,expanse-213,2017,2,218101,60583.611111,3.600000,2025,6.000000,1.666667,363501.666667
aam,2017,expanse-213,2017,3,258563,71823.055556,3.600000,2025,6.000000,1.666667,430938.333333
aam,2017,expanse-213,2017,4,264718,73532.777778,3.600000,2025,6.000000,1.666667,441196.666667
aam,2017,into-the-badlands-203,2017,1,156255,43404.166667,3.600000,2025,6.000000,1.666667,260425.000000
aam,2017,into-the-badlands-203,2017,2,213680,59355.555556,3.600000,2025,6.000000,1.666667,356133.333333
aam,2017,into-the-badlands-203,2017,3,254300,70638.888889,3.600000,2025,6.000000,1.666667,423833.333333
aam,2017,walking-dead-709,2017,1,807663,224350.833333,3.600000,2025,6.000000,1.666667,1346105.000000
aam,2017,walking-dead-709,2017,2,1100921,305811.388889,3.600000,2025,6.000000,1.666667,1834868.333333
aam,2017,walking-dead-709,2017,3,1284195,356720.833333,3.600000,2025,6.000000,1.666667,2140325.000000
aam,2017,walking-dead-709,2017,4,1424383,395661.944444,3.600000,2025,6.000000,1.666667,2373971.666667
aam,2017,walking-dead-709,2017,5,1440531,400147.500000,3.600000,2025,6.000000,1.666667,2400885.000000
aam,2017,walking-dead-710,2017,1,770858,214127.222222,3.600000,2025,6.000000,1.666667,1284763.333333
aam,2017,walking-dead-710,2017,2,1115249,309791.388889,3.600000,2025,6.000000,1.666667,1858748.333333
aam,2017,walking-dead-710,2017,3,1168029,324452.500000,3.600000,2025,6.000000,1.666667,1946715.000000
aam,2017,walking-dead-713,2017,1,717560,199322.222222,3.600000,2025,6.000000,1.666667,1195933.333333
aam,2017,walking-dead-713,2017,2,980636,272398.888889,3.600000,2025,6.000000,1.666667,1634393.333333
aam,2017,walking-dead-713,2017,3,983300,273138.888889,3.600000,2025,6.000000,1.666667,1638833.333333
aam,2017,walking-dead-716,2017,1,752651,209069.722222,3.600000,2025,6.000000,1.666667,1254418.333333
aam,2017,walking-dead-716,2017,2,989538,274871.666667,3.600000,2025,6.000000,1.666667,1649230.000000
aam,2017,walking-dead-716,2017,3,1134339,315094.166667,3.600000,2025,6.000000,1.666667,1890565.000000
aam,2017,walking-dead-716,2017,4,1151995,319998.611111,3.600000,2025,6.000000,1.666667,1919991.666667
aam,2017,walking-dead-801,2017,1,2064486,573468.333333,3.600000,2025,6.000000,1.666667,3440810.000000
aam,2017,walking-dead-801,2017,2,2665681,740466.944444,3.600000,2025,6.000000,1.666667,4442801.666667
aam,2017,walking-dead-801,2017,3,2825102,784750.555556,3.600000,2025,6.000000,1.666667,4708503.333333
aam,2017,walking-dead-807,2017,1,3002249,833958.055556,3.600000,2025,6.000000,1.666667,5003748.333333
aam,2017,walking-dead-807,2017,2,4295059,1193071.944444,3.600000,2025,6.000000,1.666667,7158431.666667
aam,2017,walking-dead-807,2017,3,4381747,1217151.944444,3.600000,2025,6.000000,1.666667,7302911.666667
aam,2018,chilling-adventures-of-sabrina-01,2018,1,840805,215591.025641,3.900000,2025,6.000000,1.538462,1293546.153846
aam,2018,expanse-301,2018,1,311714,79926.666667,3.900000,2025,6.000000,1.538462,479560.000000
aam,2018,expanse-301,2018,2,414577,106301.794872,3.900000,2025,6.000000,1.538462,637810.769231
aam,2018,expanse-313,2018,1,215560,55271.794872,3.900000,2025,6.000000,1.538462,331630.769231
aam,2018,human-flow,2018,1,25111,6438.717949,3.900000,2025,6.000000,1.538462,38632.307692
aam,2018,human-flow,2018,2,42926,11006.666667,3.900000,2025,6.000000,1.538462,66040.000000
aam,2018,into-the-badlands-308,2018,1,328184,84149.743590,3.900000,2025,6.000000,1.538462,504898.461538
aam,2018,into-the-badlands-308,2018,2,332708,85309.743590,3.900000,2025,6.000000,1.538462,511858.461538
aam,2018,maniac-01,2018,1,1215074,311557.435897,3.900000,2025,6.000000,1.538462,1869344.615385
aam,2018,maniac-01,2018,2,1756190,450305.128205,3.900000,2025,6.000000,1.538462,2701830.769231
aam,2018,maniac-01,2018,3,2704439,693445.897436,3.900000,2025,6.000000,1.538462,4160675.384615
aam,2018,maniac-01,2018,4,5752980,1475123.076923,3.900000,2025,6.000000,1.538462,8850738.461538
aam,2018,maniac-01,2018,5,7207183,1847995.641026,3.900000,2025,6.000000,1.538462,11087973.846154
aam,2018,maniac-01,2018,6,8431959,2162040.769231,3.900000,2025,6.000000,1.538462,12972244.615385
aam,2018,maniac-01,2018,7,9588309,2458540.769231,3.900000,2025,6.000000,1.538462,14751244.615385
aam,2018,maniac-01,2018,8,10426350,2673423.076923,3.900000,2025,6.000000,1.538462,16040538.461538
aam,2018,maniac-01,2018,9,11053928,2834340.512821,3.900000,2025,6.000000,1.538462,17006043.076923
aam,2018,maniac-01,2018,10,11554314,2962644.615385,3.900000,2025,6.000000,1.538462,17775867.692308
aam,2018,maniac-01,2018,11,12000893,3077152.051282,3.900000,2025,6.000000,1.538462,18462912.307692
aam,2018,maniac-01,2018,12,12365835,3170726.923077,3.900000,2025,6.000000,1.538462,19024361.538462
aam,2018,maniac-01,2018,13,12770169,3274402.307692,3.900000,2025,6.000000,1.538462,19646413.846154
aam,2018,maniac-01,2018,14,13105413,3360362.307692,3.900000,2025,6.000000,1.538462,20162173.846154
aam,2018,maniac-01,2018,15,13313380,3413687.179487,3.900000,2025,6.000000,1.538462,20482123.076923
aam,2018,maniac-01,2018,16,13410587,3438612.051282,3.900000,2025,6.000000,1.538462,20631672.307692
aam,2018,walking-dead-811,2018,1,1024497,262691.538462,3.900000,2025,6.000000,1.538462,1576149.230769
aam,2018,walking-dead-811,2018,2,1425943,365626.410256,3.900000,2025,6.000000,1.538462,2193758.461538
aam,2018,walking-dead-811,2018,3,1674353,429321.282051,3.900000,2025,6.000000,1.538462,2575927.692308
aam,2018,walking-dead-816,2018,1,1313516,336798.974359,3.900000,2025,6.000000,1.538462,2020793.846154
aam,2018,walking-dead-816,2018,2,1688244,432883.076923,3.900000,2025,6.000000,1.538462,2597298.461538
aam,2018,walking-dead-816,2018,3,1772519,454492.051282,3.900000,2025,6.000000,1.538462,2726952.307692
aam,2018,walking-dead-908,2018,1,2074307,531873.589744,3.900000,2025,6.000000,1.538462,3191241.538462
aam,2018,walking-dead-908,2018,2,2417462,619862.051282,3.900000,2025,6.000000,1.538462,3719172.307692
aam,2018,walking-dead-908,2018,3,2658715,681721.794872,3.900000,2025,6.000000,1.538462,4090330.769231
aam,2018,walking-dead-908,2018,4,2846550,729884.615385,3.900000,2025,6.000000,1.538462,4379307.692308
aam,2018,walking-dead-908,2018,5,3006012,770772.307692,3.900000,2025,6.000000,1.538462,4624633.846154
aam,2018,westworld-201,2018,1,1700972,436146.666667,3.900000,2025,6.000000,1.538462,2616880.000000
aam,2018,westworld-201,2018,2,2313436,593188.717949,3.900000,2025,6.000000,1.538462,3559132.307692
aam,2018,westworld-203,2018,1,1464625,375544.871795,3.900000,2025,6.000000,1.538462,2253269.230769
aam,2018,westworld-203,2018,2,1937138,496702.051282,3.900000,2025,6.000000,1.538462,2980212.307692
aam,2018,westworld-203,2018,3,1953734,500957.435897,3.900000,2025,6.000000,1.538462,3005744.615385
aam,2018,westworld-205,2018,1,1360989,348971.538462,3.900000,2025,6.000000,1.538462,2093829.230769
aam,2018,westworld-205,2018,2,1790530,459110.256410,3.900000,2025,6.000000,1.538462,2754661.538462
aam,2018,westworld-205,2018,3,1816200,465692.307692,3.900000,2025,6.000000,1.538462,2794153.846154
aam,2018,westworld-207,2018,1,1220434,312931.794872,3.900000,2025,6.000000,1.538462,1877590.769231
aam,2018,westworld-207,2018,2,1948018,499491.794872,3.900000,2025,6.000000,1.538462,2996950.769231
aam,2018,westworld-210,2018,1,1567281,401866.923077,3.900000,2025,6.000000,1.538462,2411201.538462
aam,2018,westworld-210,2018,2,2110107,541053.076923,3.900000,2025,6.000000,1.538462,3246318.461538
aam,2018,westworld-210,2018,3,2526493,647818.717949,3.900000,2025,6.000000,1.538462,3886912.307692
aam,2018,westworld-210,2018,4,2896462,742682.564103,3.900000,2025,6.000000,1.538462,4456095.384615
aam,2018,westworld-210,2018,5,3286293,842639.230769,3.900000,2025,6.000000,1.538462,5055835.384615
aam,2018,westworld-210,2018,6,3376143,865677.692308,3.900000,2025,6.000000,1.538462,5194066.153846
aam,2019,expanse-04,2019,1,3183372,776432.195122,4.100000,2025,6.000000,1.463415,4658593.170732
aam,2019,expanse-04,2019,2,5196106,1267342.926829,4.100000,2025,6.000000,1.463415,7604057.560976
aam,2019,expanse-04,2019,3,6732515,1642076.829268,4.100000,2025,6.000000,1.463415,9852460.975610
aam,2019,expanse-04,2019,4,8362489,2039631.463415,4.100000,2025,6.000000,1.463415,12237788.780488
aam,2019,expanse-04,2019,5,9736789,2374826.585366,4.100000,2025,6.000000,1.463415,14248959.512195
aam,2019,expanse-04,2019,6,10859818,2648736.097561,4.100000,2025,6.000000,1.463415,15892416.585366
aam,2019,expanse-04,2019,7,11812566,2881113.658537,4.100000,2025,6.000000,1.463415,17286681.951220
aam,2019,expanse-04,2019,8,12457824,3038493.658537,4.100000,2025,6.000000,1.463415,18230961.951220
aam,2019,expanse-04,2019,9,13042976,3181213.658537,4.100000,2025,6.000000,1.463415,19087281.951220
aam,2019,expanse-04,2019,10,13855319,3379346.097561,4.100000,2025,6.000000,1.463415,20276076.585366
aam,2019,killing-eve-201,2019,1,500920,122175.609756,4.100000,2025,6.000000,1.463415,733053.658537
aam,2019,killing-eve-201,2019,2,889495,216950.000000,4.100000,2025,6.000000,1.463415,1301700.000000
aam,2019,killing-eve-201,2019,3,1229980,299995.121951,4.100000,2025,6.000000,1.463415,1799970.731707
aam,2019,killing-eve-201,2019,4,1461058,356355.609756,4.100000,2025,6.000000,1.463415,2138133.658537
aam,2019,killing-eve-201,2019,5,1670616,407467.317073,4.100000,2025,6.000000,1.463415,2444803.902439
aam,2019,killing-eve-208,2019,1,475395,115950.000000,4.100000,2025,6.000000,1.463415,695700.000000
aam,2019,killing-eve-208,2019,2,667998,162926.341463,4.100000,2025,6.000000,1.463415,977558.048780
aam,2019,killing-eve-208,2019,3,868456,211818.536585,4.100000,2025,6.000000,1.463415,1270911.219512
aam,2019,killing-eve-208,2019,4,1043292,254461.463415,4.100000,2025,6.000000,1.463415,1526768.780488
aam,2019,killing-eve-208,2019,5,1199413,292539.756098,4.100000,2025,6.000000,1.463415,1755238.536585
aam,2019,killing-eve-208,2019,6,1322463,322551.951220,4.100000,2025,6.000000,1.463415,1935311.707317
aam,2019,killing-eve-208,2019,7,1444425,352298.780488,4.100000,2025,6.000000,1.463415,2113792.682927
aam,2019,killing-eve-208,2019,8,1560509,380611.951220,4.100000,2025,6.000000,1.463415,2283671.707317
aam,2019,oa-02,2019,1,1567559,382331.463415,4.100000,2025,6.000000,1.463415,2293988.780488
aam,2019,oa-02,2019,2,3082724,751883.902439,4.100000,2025,6.000000,1.463415,4511303.414634
aam,2019,oa-02,2019,3,4506291,1099095.365854,4.100000,2025,6.000000,1.463415,6594572.195122
aam,2019,oa-02,2019,4,5704884,1391435.121951,4.100000,2025,6.000000,1.463415,8348610.731707
aam,2019,oa-02,2019,5,6721839,1639472.926829,4.100000,2025,6.000000,1.463415,9836837.560976
aam,2019,oa-02,2019,6,7561994,1844388.780488,4.100000,2025,6.000000,1.463415,11066332.682927
aam,2019,oa-02,2019,7,8403838,2049716.585366,4.100000,2025,6.000000,1.463415,12298299.512195
aam,2019,oa-02,2019,8,9120528,2224519.024390,4.100000,2025,6.000000,1.463415,13347114.146341
aam,2019,oa-02,2019,9,9407615,2294540.243902,4.100000,2025,6.000000,1.463415,13767241.463415
aam,2019,she-ra-04,2019,1,10220,2492.682927,4.100000,2025,6.000000,1.463415,14956.097561
aam,2019,she-ra-04,2019,2,28514,6954.634146,4.100000,2025,6.000000,1.463415,41727.804878
aam,2019,she-ra-04,2019,3,46873,11432.439024,4.100000,2025,6.000000,1.463415,68594.634146
aam,2019,she-ra-04,2019,4,75980,18531.707317,4.100000,2025,6.000000,1.463415,111190.243902
aam,2019,she-ra-04,2019,5,103120,25151.219512,4.100000,2025,6.000000,1.463415,150907.317073
aam,2019,she-ra-04,2019,6,129084,31483.902439,4.100000,2025,6.000000,1.463415,188903.414634
aam,2019,succession-210,2019,1,165229,40299.756098,4.100000,2025,6.000000,1.463415,241798.536585
aam,2019,succession-210,2019,2,246606,60147.804878,4.100000,2025,6.000000,1.463415,360886.829268
aam,2019,succession-210,2019,3,330454,80598.536585,4.100000,2025,6.000000,1.463415,483591.219512
aam,2019,succession-210,2019,4,396733,96764.146341,4.100000,2025,6.000000,1.463415,580584.878049
aam,2019,succession-210,2019,5,468871,114358.780488,4.100000,2025,6.000000,1.463415,686152.682927
aam,2019,true-detective-301,2019,1,849202,207122.439024,4.100000,2025,6.000000,1.463415,1242734.634146
aam,2019,true-detective-301,2019,2,1348741,328961.219512,4.100000,2025,6.000000,1.463415,1973767.317073
aam,2019,true-detective-301,2019,3,1710374,417164.390244,4.100000,2025,6.000000,1.463415,2502986.341463
aam,2019,true-detective-301,2019,4,1996584,486971.707317,4.100000,2025,6.000000,1.463415,2921830.243902
aam,2019,true-detective-308,2019,1,2727635,665276.829268,4.100000,2025,6.000000,1.463415,3991660.975610
aam,2019,true-detective-308,2019,2,4693635,1144789.024390,4.100000,2025,6.000000,1.463415,6868734.146341
aam,2019,true-detective-308,2019,3,6340817,1546540.731707,4.100000,2025,6.000000,1.463415,9279244.390244
aam,2019,true-detective-308,2019,4,7621111,1858807.560976,4.100000,2025,6.000000,1.463415,11152845.365854
aam,2019,true-detective-308,2019,5,8444684,2059679.024390,4.100000,2025,6.000000,1.463415,12358074.146341
aam,2019,true-detective-308,2019,6,9061652,2210159.024390,4.100000,2025,6.000000,1.463415,13260954.146341
aam,2019,true-detective-308,2019,7,9569267,2333967.560976,4.100000,2025,6.000000,1.463415,14003805.365854
aam,2019,umbrella-academy-01,2019,1,1098320,267882.926829,4.100000,2025,6.000000,1.463415,1607297.560976
aam,2019,umbrella-academy-01,2019,2,2056295,501535.365854,4.100000,2025,6.000000,1.463415,3009212.195122
aam,2019,umbrella-academy-01,2019,3,2725327,664713.902439,4.100000,2025,6.000000,1.463415,3988283.414634
aam,2019,umbrella-academy-01,2019,4,3319379,809604.634146,4.100000,2025,6.000000,1.463415,4857627.804878
aam,2019,umbrella-academy-01,2019,5,3811037,929521.219512,4.100000,2025,6.000000,1.463415,5577127.317073
aam,2019,umbrella-academy-01,2019,6,4214074,1027822.926829,4.100000,2025,6.000000,1.463415,6166937.560976
aam,2019,umbrella-academy-01,2019,7,4564455,1113281.707317,4.100000,2025,6.000000,1.463415,6679690.243902
aam,2019,umbrella-academy-01,2019,8,4882803,1190927.560976,4.100000,2025,6.000000,1.463415,7145565.365854
aam,2019,walking-dead-1008,2019,1,698036,170252.682927,4.100000,2025,6.000000,1.463415,1021516.097561
aam,2019,walking-dead-1008,2019,2,1146382,279605.365854,4.100000,2025,6.000000,1.463415,1677632.195122
aam,2019,walking-dead-1008,2019,3,1458378,355701.951220,4.100000,2025,6.000000,1.463415,2134211.707317
aam,2019,walking-dead-1008,2019,4,1751576,427213.658537,4.100000,2025,6.000000,1.463415,2563281.951220
aam,2019,walking-dead-1008,2019,5,1990751,485549.024390,4.100000,2025,6.000000,1.463415,2913294.146341
aam,2019,walking-dead-1008,2019,6,2244785,547508.536585,4.100000,2025,6.000000,1.463415,3285051.219512
aam,2019,walking-dead-1008,2019,7,2438021,594639.268293,4.100000,2025,6.000000,1.463415,3567835.609756
aam,2019,walking-dead-916,2019,1,1277735,311642.682927,4.100000,2025,6.000000,1.463415,1869856.097561
aam,2019,walking-dead-916,2019,2,1831672,446749.268293,4.100000,2025,6.000000,1.463415,2680495.609756
aam,2019,walking-dead-916,2019,3,5019978,1224384.878049,4.100000,2025,6.000000,1.463415,7346309.268293
aam,2019,walking-dead-916,2019,4,6967612,1699417.560976,4.100000,2025,6.000000,1.463415,10196505.365854
aam,2019,walking-dead-916,2019,5,8170704,1992854.634146,4.100000,2025,6.000000,1.463415,11957127.804878
aam,2019,walking-dead-916,2019,6,8973769,2188724.146341,4.100000,2025,6.000000,1.463415,13132344.878049
aam,2019,walking-dead-916,2019,7,9581526,2336957.560976,4.100000,2025,6.000000,1.463415,14021745.365854
aam,2019,wu-assassins-01,2019,1,1211459,295477.804878,4.100000,2025,6.000000,1.463415,1772866.829268
aam,2019,wu-assassins-01,2019,2,2137429,521324.146341,4.100000,2025,6.000000,1.463415,3127944.878049
aam,2019,wu-assassins-01,2019,3,3313680,808214.634146,4.100000,2025,6.000000,1.463415,4849287.804878
aam,2019,wu-assassins-01,2019,4,4383582,1069166.341463,4.100000,2025,6.000000,1.463415,6414998.048780
aam,2019,wu-assassins-01,2019,5,5123312,1249588.292683,4.100000,2025,6.000000,1.463415,7497529.756098
aam,2019,wu-assassins-01,2019,6,5605860,1367282.926829,4.100000,2025,6.000000,1.463415,8203697.560976
aam,2019,wu-assassins-01,2019,7,6166050,1503914.634146,4.100000,2025,6.000000,1.463415,9023487.804878
aam,2019,wu-assassins-01,2019,8,6614488,1613289.756098,4.100000,2025,6.000000,1.463415,9679738.536585
aam,2019,wu-assassins-01,2019,9,6969953,1699988.536585,4.100000,2025,6.000000,1.463415,10199931.219512
aam,2019,wu-assassins-01,2019,10,7356988,1794387.317073,4.100000,2025,6.000000,1.463415,10766323.902439
aam,2019,yellowstone-210,2019,1,136150,33207.317073,4.100000,2025,6.000000,1.463415,199243.902439
aam,2020,devs-108,2020,1,415278,92284.000000,4.500000,2025,6.000000,1.333333,553704.000000
aam,2020,devs-108,2020,2,703799,156399.777778,4.500000,2025,6.000000,1.333333,938398.666667
aam,2020,devs-108,2020,3,952110,211580.000000,4.500000,2025,6.000000,1.333333,1269480.000000
aam,2020,devs-108,2020,4,1141562,253680.444444,4.500000,2025,6.000000,1.333333,1522082.666667
aam,2020,devs-108,2020,5,1306255,290278.888889,4.500000,2025,6.000000,1.333333,1741673.333333
aam,2020,devs-108,2020,6,1446123,321360.666667,4.500000,2025,6.000000,1.333333,1928164.000000
aam,2020,devs-108,2020,7,1516892,337087.111111,4.500000,2025,6.000000,1.333333,2022522.666667
aam,2020,devs-108,2020,8,1577721,350604.666667,4.500000,2025,6.000000,1.333333,2103628.000000
aam,2020,devs-108,2020,9,1639082,364240.444444,4.500000,2025,6.000000,1.333333,2185442.666667
aam,2020,devs-108,2020,10,1727966,383992.444444,4.500000,2025,6.000000,1.333333,2303954.666667
aam,2020,expanse-501,2020,1,1012296,224954.666667,4.500000,2025,6.000000,1.333333,1349728.000000
aam,2020,expanse-501,2020,2,1499674,333260.888889,4.500000,2025,6.000000,1.333333,1999565.333333
aam,2020,expanse-501,2020,3,1856320,412515.555556,4.500000,2025,6.000000,1.333333,2475093.333333
aam,2020,expanse-501,2020,4,2147840,477297.777778,4.500000,2025,6.000000,1.333333,2863786.666667
aam,2020,expanse-501,2020,5,2423691,538598.000000,4.500000,2025,6.000000,1.333333,3231588.000000
aam,2020,expanse-501,2020,6,2653000,589555.555556,4.500000,2025,6.000000,1.333333,3537333.333333
aam,2020,expanse-501,2020,7,2818191,626264.666667,4.500000,2025,6.000000,1.333333,3757588.000000
aam,2020,expanse-501,2020,8,2950203,655600.666667,4.500000,2025,6.000000,1.333333,3933604.000000
aam,2020,expanse-501,2020,9,3002579,667239.777778,4.500000,2025,6.000000,1.333333,4003438.666667
aam,2020,lego-star-wars-holiday-special-2020,2020,1,285087,63352.666667,4.500000,2025,6.000000,1.333333,380116.000000
aam,2020,lego-star-wars-holiday-special-2020,2020,2,538014,119558.666667,4.500000,2025,6.000000,1.333333,717352.000000
aam,2020,lego-star-wars-holiday-special-2020,2020,3,788942,175320.444444,4.500000,2025,6.000000,1.333333,1051922.666667
aam,2020,lego-star-wars-holiday-special-2020,2020,4,1082326,240516.888889,4.500000,2025,6.000000,1.333333,1443101.333333
aam,2020,lego-star-wars-holiday-special-2020,2020,5,1371531,304784.666667,4.500000,2025,6.000000,1.333333,1828708.000000
aam,2020,lego-star-wars-holiday-special-2020,2020,6,1577927,350650.444444,4.500000,2025,6.000000,1.333333,2103902.666667
aam,2020,mulan,2020,1,4407299,979399.777778,4.500000,2025,6.000000,1.333333,5876398.666667
aam,2020,mulan,2020,2,7642364,1698303.111111,4.500000,2025,6.000000,1.333333,10189818.666667
aam,2020,mulan,2020,3,10415651,2314589.111111,4.500000,2025,6.000000,1.333333,13887534.666667
aam,2020,mulan,2020,4,12803437,2845208.222222,4.500000,2025,6.000000,1.333333,17071249.333333
aam,2020,mulan,2020,5,14894916,3309981.333333,4.500000,2025,6.000000,1.333333,19859888.000000
aam,2020,mulan,2020,6,16807804,3735067.555556,4.500000,2025,6.000000,1.333333,22410405.333333
aam,2020,mulan,2020,7,18503776,4111950.222222,4.500000,2025,6.000000,1.333333,24671701.333333
aam,2020,mulan,2020,8,20189937,4486652.666667,4.500000,2025,6.000000,1.333333,26919916.000000
aam,2020,mulan,2020,9,21708507,4824112.666667,4.500000,2025,6.000000,1.333333,28944676.000000
aam,2020,mulan,2020,10,23020330,5115628.888889,4.500000,2025,6.000000,1.333333,30693773.333333
aam,2020,mulan,2020,11,24249621,5388804.666667,4.500000,2025,6.000000,1.333333,32332828.000000
aam,2020,mulan,2020,12,25309373,5624305.111111,4.500000,2025,6.000000,1.333333,33745830.666667
aam,2020,mulan,2020,13,26303879,5845306.444444,4.500000,2025,6.000000,1.333333,35071838.666667
aam,2020,mulan,2020,14,27286786,6063730.222222,4.500000,2025,6.000000,1.333333,36382381.333333
aam,2020,mulan,2020,15,28199628,6266584.000000,4.500000,2025,6.000000,1.333333,37599504.000000
aam,2020,mulan,2020,16,28973402,6438533.777778,4.500000,2025,6.000000,1.333333,38631202.666667
aam,2020,mulan,2020,17,29452548,6545010.666667,4.500000,2025,6.000000,1.333333,39270064.000000
aam,2020,mulan,2020,18,29898015,6644003.333333,4.500000,2025,6.000000,1.333333,39864020.000000
aam,2020,mulan,2020,19,30330057,6740012.666667,4.500000,2025,6.000000,1.333333,40440076.000000
aam,2020,mulan,2020,20,30723595,6827465.555556,4.500000,2025,6.000000,1.333333,40964793.333333
aam,2020,mulan,2020,21,31042031,6898229.111111,4.500000,2025,6.000000,1.333333,41389374.666667
aam,2020,mulan,2020,22,31311620,6958137.777778,4.500000,2025,6.000000,1.333333,41748826.666667
aam,2020,mulan,2020,23,31562851,7013966.888889,4.500000,2025,6.000000,1.333333,42083801.333333
aam,2020,mulan,2020,24,31707213,7046047.333333,4.500000,2025,6.000000,1.333333,42276284.000000
aam,2020,mulan,2020,25,31942353,7098300.666667,4.500000,2025,6.000000,1.333333,42589804.000000
aam,2020,mulan,2020,26,32167636,7148363.555556,4.500000,2025,6.000000,1.333333,42890181.333333
aam,2020,umbrella-academy-02,2020,1,623020,138448.888889,4.500000,2025,6.000000,1.333333,830693.333333
aam,2020,umbrella-academy-02,2020,2,1082927,240650.444444,4.500000,2025,6.000000,1.333333,1443902.666667
aam,2020,umbrella-academy-02,2020,3,1440176,320039.111111,4.500000,2025,6.000000,1.333333,1920234.666667
aam,2020,umbrella-academy-02,2020,4,1733303,385178.444444,4.500000,2025,6.000000,1.333333,2311070.666667
aam,2020,umbrella-academy-02,2020,5,2332032,518229.333333,4.500000,2025,6.000000,1.333333,3109376.000000
aam,2020,umbrella-academy-02,2020,6,2938393,652976.222222,4.500000,2025,6.000000,1.333333,3917857.333333
aam,2020,umbrella-academy-02,2020,7,3399365,755414.444444,4.500000,2025,6.000000,1.333333,4532486.666667
aam,2020,umbrella-academy-02,2020,8,3852304,856067.555556,4.500000,2025,6.000000,1.333333,5136405.333333
aam,2020,umbrella-academy-02,2020,9,4193380,931862.222222,4.500000,2025,6.000000,1.333333,5591173.333333
aam,2020,umbrella-academy-02,2020,10,4669867,1037748.222222,4.500000,2025,6.000000,1.333333,6226489.333333
aam,2020,westworld-301,2020,1,1522767,338392.666667,4.500000,2025,6.000000,1.333333,2030356.000000
aam,2020,westworld-301,2020,2,2611809,580402.000000,4.500000,2025,6.000000,1.333333,3482412.000000
aam,2020,westworld-301,2020,3,3416135,759141.111111,4.500000,2025,6.000000,1.333333,4554846.666667
aam,2020,westworld-301,2020,4,4022012,893780.444444,4.500000,2025,6.000000,1.333333,5362682.666667
aam,2020,westworld-301,2020,5,4632832,1029518.222222,4.500000,2025,6.000000,1.333333,6177109.333333
aam,2020,westworld-301,2020,6,5166559,1148124.222222,4.500000,2025,6.000000,1.333333,6888745.333333
aam,2020,westworld-301,2020,7,5599282,1244284.888889,4.500000,2025,6.000000,1.333333,7465709.333333
aam,2020,westworld-301,2020,8,6013159,1336257.555556,4.500000,2025,6.000000,1.333333,8017545.333333
aam,2020,westworld-308,2020,1,1474141,327586.888889,4.500000,2025,6.000000,1.333333,1965521.333333
aam,2020,westworld-308,2020,2,2348432,521873.777778,4.500000,2025,6.000000,1.333333,3131242.666667
aam,2020,westworld-308,2020,3,3100429,688984.222222,4.500000,2025,6.000000,1.333333,4133905.333333
aam,2020,westworld-308,2020,4,3604222,800938.222222,4.500000,2025,6.000000,1.333333,4805629.333333
aam,2020,westworld-308,2020,5,4010225,891161.111111,4.500000,2025,6.000000,1.333333,5346966.666667
aam,2020,westworld-308,2020,6,4337697,963932.666667,4.500000,2025,6.000000,1.333333,5783596.000000
aam,2020,westworld-308,2020,7,4710476,1046772.444444,4.500000,2025,6.000000,1.333333,6280634.666667
aam,2020,westworld-308,2020,8,5226114,1161358.666667,4.500000,2025,6.000000,1.333333,6968152.000000
aam,2020,westworld-308,2020,9,5718372,1270749.333333,4.500000,2025,6.000000,1.333333,7624496.000000
aam,2020,westworld-308,2020,10,6042862,1342858.222222,4.500000,2025,6.000000,1.333333,8057149.333333
aam,2021,army-of-the-dead,2021,1,2039628,416250.612245,4.900000,2025,6.000000,1.224490,2497503.673469
aam,2021,army-of-the-dead,2021,2,3354700,684632.653061,4.900000,2025,6.000000,1.224490,4107795.918367
aam,2021,army-of-the-dead,2021,3,4579382,934567.755102,4.900000,2025,6.000000,1.224490,5607406.530612
aam,2021,army-of-the-dead,2021,4,5585004,1139796.734694,4.900000,2025,6.000000,1.224490,6838780.408163
aam,2021,army-of-the-dead,2021,5,6450804,1316490.612245,4.900000,2025,6.000000,1.224490,7898943.673469
aam,2021,army-of-the-dead,2021,6,7253732,1480353.469388,4.900000,2025,6.000000,1.224490,8882120.816327
aam,2021,army-of-the-dead,2021,7,7870271,1606177.755102,4.900000,2025,6.000000,1.224490,9637066.530612
aam,2021,army-of-the-dead,2021,8,8288941,1691620.612245,4.900000,2025,6.000000,1.224490,10149723.673469
aam,2021,army-of-the-dead,2021,9,8708715,1777288.775510,4.900000,2025,6.000000,1.224490,10663732.653061
aam,2021,army-of-the-dead,2021,10,9309698,1899938.367347,4.900000,2025,6.000000,1.224490,11399630.204082
aam,2021,army-of-the-dead,2021,11,9995587,2039915.714286,4.900000,2025,6.000000,1.224490,12239494.285714
aam,2021,army-of-the-dead,2021,12,10721428,2188046.530612,4.900000,2025,6.000000,1.224490,13128279.183673
aam,2021,army-of-the-dead,2021,13,11369683,2320343.469388,4.900000,2025,6.000000,1.224490,13922060.816327
aam,2021,army-of-the-dead,2021,14,11995620,2448085.714286,4.900000,2025,6.000000,1.224490,14688514.285714
aam,2021,army-of-the-dead,2021,15,12574250,2566173.469388,4.900000,2025,6.000000,1.224490,15397040.816327
aam,2021,blade-runner-black-lotus-101,2021,1,206076,42056.326531,4.900000,2025,6.000000,1.224490,252337.959184
aam,2021,blade-runner-black-lotus-101,2021,2,349975,71423.469388,4.900000,2025,6.000000,1.224490,428540.816327
aam,2021,blade-runner-black-lotus-101,2021,3,460987,94078.979592,4.900000,2025,6.000000,1.224490,564473.877551
aam,2021,blade-runner-black-lotus-101,2021,4,566797,115672.857143,4.900000,2025,6.000000,1.224490,694037.142857
aam,2021,blade-runner-black-lotus-101,2021,5,660893,134876.122449,4.900000,2025,6.000000,1.224490,809256.734694
aam,2021,blade-runner-black-lotus-101,2021,6,753764,153829.387755,4.900000,2025,6.000000,1.224490,922976.326531
aam,2021,blade-runner-black-lotus-101,2021,7,844452,172337.142857,4.900000,2025,6.000000,1.224490,1034022.857143
aam,2021,blade-runner-black-lotus-101,2021,8,944442,192743.265306,4.900000,2025,6.000000,1.224490,1156459.591837
aam,2021,blade-runner-black-lotus-101,2021,9,1043066,212870.612245,4.900000,2025,6.000000,1.224490,1277223.673469
aam,2021,blade-runner-black-lotus-101,2021,10,1158416,236411.428571,4.900000,2025,6.000000,1.224490,1418468.571429
aam,2021,dune-2021,2021,1,4749921,969371.632653,4.900000,2025,6.000000,1.224490,5816229.795918
aam,2021,dune-2021,2021,2,8424608,1719307.755102,4.900000,2025,6.000000,1.224490,10315846.530612
aam,2021,dune-2021,2021,3,11799757,2408113.673469,4.900000,2025,6.000000,1.224490,14448682.040816
aam,2021,dune-2021,2021,4,14504253,2960051.632653,4.900000,2025,6.000000,1.224490,17760309.795918
aam,2021,dune-2021,2021,5,16606666,3389115.510204,4.900000,2025,6.000000,1.224490,20334693.061224
aam,2021,dune-2021,2021,6,18413545,3757866.326531,4.900000,2025,6.000000,1.224490,22547197.959184
aam,2021,dune-2021,2021,7,20024990,4086732.653061,4.900000,2025,6.000000,1.224490,24520395.918367
aam,2021,dune-2021,2021,8,21391481,4365608.367347,4.900000,2025,6.000000,1.224490,26193650.204082
aam,2021,dune-2021,2021,9,22651880,4622832.653061,4.900000,2025,6.000000,1.224490,27736995.918367
aam,2021,dune-2021,2021,10,23872771,4871994.081633,4.900000,2025,6.000000,1.224490,29231964.489796
aam,2021,dune-2021,2021,11,25070294,5116386.530612,4.900000,2025,6.000000,1.224490,30698319.183673
aam,2021,dune-2021,2021,12,26241988,5355507.755102,4.900000,2025,6.000000,1.224490,32133046.530612
aam,2021,dune-2021,2021,13,27329334,5577415.102041,4.900000,2025,6.000000,1.224490,33464490.612245
aam,2021,dune-2021,2021,14,28280991,5771630.816327,4.900000,2025,6.000000,1.224490,34629784.897959
aam,2021,dune-2021,2021,15,29207913,5960798.571429,4.900000,2025,6.000000,1.224490,35764791.428571
aam,2021,dune-2021,2021,16,30054094,6133488.571429,4.900000,2025,6.000000,1.224490,36800931.428571
aam,2021,dune-2021,2021,17,30925698,6311366.938776,4.900000,2025,6.000000,1.224490,37868201.632653
aam,2021,dune-2021,2021,18,31684886,6466303.265306,4.900000,2025,6.000000,1.224490,38797819.591837
aam,2021,dune-2021,2021,19,32367268,6605564.897959,4.900000,2025,6.000000,1.224490,39633389.387755
aam,2021,dune-2021,2021,20,33020746,6738927.755102,4.900000,2025,6.000000,1.224490,40433566.530612
aam,2021,dune-2021,2021,21,33706080,6878791.836735,4.900000,2025,6.000000,1.224490,41272751.020408
aam,2021,dune-2021,2021,22,34364408,7013144.489796,4.900000,2025,6.000000,1.224490,42078866.938776
aam,2021,dune-2021,2021,23,35004220,7143718.367347,4.900000,2025,6.000000,1.224490,42862310.204082
aam,2021,dune-2021,2021,24,35753482,7296628.979592,4.900000,2025,6.000000,1.224490,43779773.877551
aam,2021,dune-2021,2021,25,36404922,7429575.918367,4.900000,2025,6.000000,1.224490,44577455.510204
aam,2021,dune-2021,2021,26,37014799,7554040.612245,4.900000,2025,6.000000,1.224490,45324243.673469
aam,2021,expanse-510,2021,1,710008,144899.591837,4.900000,2025,6.000000,1.224490,869397.551020
aam,2021,expanse-510,2021,2,1275828,260373.061224,4.900000,2025,6.000000,1.224490,1562238.367347
aam,2021,expanse-510,2021,3,1781030,363475.510204,4.900000,2025,6.000000,1.224490,2180853.061224
aam,2021,expanse-510,2021,4,2280733,465455.714286,4.900000,2025,6.000000,1.224490,2792734.285714
aam,2021,expanse-510,2021,5,2709997,553060.612245,4.900000,2025,6.000000,1.224490,3318363.673469
aam,2021,expanse-510,2021,6,3133556,639501.224490,4.900000,2025,6.000000,1.224490,3837007.346939
aam,2021,expanse-510,2021,7,3484153,711051.632653,4.900000,2025,6.000000,1.224490,4266309.795918
aam,2021,expanse-510,2021,8,3761608,767675.102041,4.900000,2025,6.000000,1.224490,4606050.612245
aam,2021,expanse-510,2021,9,4027869,822014.081633,4.900000,2025,6.000000,1.224490,4932084.489796
aam,2021,expanse-510,2021,10,4341884,886098.775510,4.900000,2025,6.000000,1.224490,5316592.653061
aam,2021,expanse-601,2021,1,564236,115150.204082,4.900000,2025,6.000000,1.224490,690901.224490
aam,2021,expanse-601,2021,2,894644,182580.408163,4.900000,2025,6.000000,1.224490,1095482.448980
aam,2021,expanse-601,2021,3,1149020,234493.877551,4.900000,2025,6.000000,1.224490,1406963.265306
aam,2021,expanse-601,2021,4,1402582,286241.224490,4.900000,2025,6.000000,1.224490,1717447.346939
aam,2021,expanse-601,2021,5,1640501,334796.122449,4.900000,2025,6.000000,1.224490,2008776.734694
aam,2021,expanse-601,2021,6,1870759,381787.551020,4.900000,2025,6.000000,1.224490,2290725.306122
aam,2021,expanse-601,2021,7,2055863,419563.877551,4.900000,2025,6.000000,1.224490,2517383.265306
aam,2021,expanse-601,2021,8,2185809,446083.469388,4.900000,2025,6.000000,1.224490,2676500.816327
aam,2021,expanse-601,2021,9,2352480,480097.959184,4.900000,2025,6.000000,1.224490,2880587.755102
aam,2021,expanse-601,2021,10,2503417,510901.428571,4.900000,2025,6.000000,1.224490,3065408.571429
aam,2021,expanse-601,2021,11,2641223,539025.102041,4.900000,2025,6.000000,1.224490,3234150.612245
aam,2021,for-all-mankind-201,2021,1,225894,46100.816327,4.900000,2025,6.000000,1.224490,276604.897959
aam,2021,for-all-mankind-201,2021,2,428373,87423.061224,4.900000,2025,6.000000,1.224490,524538.367347
aam,2021,for-all-mankind-201,2021,3,597324,121902.857143,4.900000,2025,6.000000,1.224490,731417.142857
aam,2021,for-all-mankind-201,2021,4,774305,158021.428571,4.900000,2025,6.000000,1.224490,948128.571429
aam,2021,for-all-mankind-201,2021,5,946494,193162.040816,4.900000,2025,6.000000,1.224490,1158972.244898
aam,2021,for-all-mankind-201,2021,6,1111480,226832.653061,4.900000,2025,6.000000,1.224490,1360995.918367
aam,2021,for-all-mankind-201,2021,7,1252749,255663.061224,4.900000,2025,6.000000,1.224490,1533978.367347
aam,2021,for-all-mankind-201,2021,8,1381844,282008.979592,4.900000,2025,6.000000,1.224490,1692053.877551
aam,2021,for-all-mankind-201,2021,9,1504727,307087.142857,4.900000,2025,6.000000,1.224490,1842522.857143
aam,2021,for-all-mankind-201,2021,10,1628488,332344.489796,4.900000,2025,6.000000,1.224490,1994066.938776
aam,2021,for-all-mankind-210,2021,1,268801,54857.346939,4.900000,2025,6.000000,1.224490,329144.081633
aam,2021,for-all-mankind-210,2021,2,591560,120726.530612,4.900000,2025,6.000000,1.224490,724359.183673
aam,2021,for-all-mankind-210,2021,3,885815,180778.571429,4.900000,2025,6.000000,1.224490,1084671.428571
aam,2021,for-all-mankind-210,2021,4,1145179,233710.000000,4.900000,2025,6.000000,1.224490,1402260.000000
aam,2021,for-all-mankind-210,2021,5,1409131,287577.755102,4.900000,2025,6.000000,1.224490,1725466.530612
aam,2021,for-all-mankind-210,2021,6,1664993,339794.489796,4.900000,2025,6.000000,1.224490,2038766.938776
aam,2021,for-all-mankind-210,2021,7,1916660,391155.102041,4.900000,2025,6.000000,1.224490,2346930.612245
aam,2021,for-all-mankind-210,2021,8,2170379,442934.489796,4.900000,2025,6.000000,1.224490,2657606.938776
aam,2021,for-all-mankind-210,2021,9,2415239,492905.918367,4.900000,2025,6.000000,1.224490,2957435.510204
aam,2021,for-all-mankind-210,2021,10,2655472,541933.061224,4.900000,2025,6.000000,1.224490,3251598.367347
aam,2021,for-all-mankind-210,2021,11,2858585,583384.693878,4.900000,2025,6.000000,1.224490,3500308.163265
aam,2021,invincible-101,2021,1,349710,71369.387755,4.900000,2025,6.000000,1.224490,428216.326531
aam,2021,invincible-101,2021,2,587473,119892.448980,4.900000,2025,6.000000,1.224490,719354.693878
aam,2021,invincible-101,2021,3,777956,158766.530612,4.900000,2025,6.000000,1.224490,952599.183673
aam,2021,invincible-101,2021,4,944407,192736.122449,4.900000,2025,6.000000,1.224490,1156416.734694
aam,2021,invincible-101,2021,5,1294412,264165.714286,4.900000,2025,6.000000,1.224490,1584994.285714
aam,2021,invincible-101,2021,6,2071592,422773.877551,4.900000,2025,6.000000,1.224490,2536643.265306
aam,2021,invincible-101,2021,7,2596878,529975.102041,4.900000,2025,6.000000,1.224490,3179850.612245
aam,2021,invincible-101,2021,8,3047843,622008.775510,4.900000,2025,6.000000,1.224490,3732052.653061
aam,2021,invincible-101,2021,9,3376789,689140.612245,4.900000,2025,6.000000,1.224490,4134843.673469
aam,2021,invincible-101,2021,10,3626709,740144.693878,4.900000,2025,6.000000,1.224490,4440868.163265
aam,2021,kung-fu-101,2021,1,164134,33496.734694,4.900000,2025,6.000000,1.224490,200980.408163
aam,2021,kung-fu-101,2021,2,236198,48203.673469,4.900000,2025,6.000000,1.224490,289222.040816
aam,2021,kung-fu-101,2021,3,407137,83089.183673,4.900000,2025,6.000000,1.224490,498535.102041
aam,2021,kung-fu-101,2021,4,1112010,226940.816327,4.900000,2025,6.000000,1.224490,1361644.897959
aam,2021,kung-fu-101,2021,5,1566141,319620.612245,4.900000,2025,6.000000,1.224490,1917723.673469
aam,2021,kung-fu-101,2021,6,2003542,408886.122449,4.900000,2025,6.000000,1.224490,2453316.734694
aam,2021,kung-fu-101,2021,7,2323469,474177.346939,4.900000,2025,6.000000,1.224490,2845064.081633
aam,2021,kung-fu-101,2021,8,2506723,511576.122449,4.900000,2025,6.000000,1.224490,3069456.734694
aam,2021,kung-fu-101,2021,9,2788034,568986.530612,4.900000,2025,6.000000,1.224490,3413919.183673
aam,2021,kung-fu-101,2021,10,3050708,622593.469388,4.900000,2025,6.000000,1.224490,3735560.816327
aam,2021,kung-fu-101,2021,11,3362945,686315.306122,4.900000,2025,6.000000,1.224490,4117891.836735
aam,2021,kung-fu-113,2021,1,320727,65454.489796,4.900000,2025,6.000000,1.224490,392726.938776
aam,2021,kung-fu-113,2021,2,552401,112734.897959,4.900000,2025,6.000000,1.224490,676409.387755
aam,2021,kung-fu-113,2021,3,937176,191260.408163,4.900000,2025,6.000000,1.224490,1147562.448980
aam,2021,kung-fu-113,2021,4,1233577,251750.408163,4.900000,2025,6.000000,1.224490,1510502.448980
aam,2021,kung-fu-113,2021,5,1513874,308953.877551,4.900000,2025,6.000000,1.224490,1853723.265306
aam,2021,kung-fu-113,2021,6,1795350,366397.959184,4.900000,2025,6.000000,1.224490,2198387.755102
aam,2021,kung-fu-113,2021,7,2098890,428344.897959,4.900000,2025,6.000000,1.224490,2570069.387755
aam,2021,kung-fu-113,2021,8,2373131,484312.448980,4.900000,2025,6.000000,1.224490,2905874.693878
aam,2021,kung-fu-113,2021,9,2579271,526381.836735,4.900000,2025,6.000000,1.224490,3158291.020408
aam,2021,kung-fu-113,2021,10,2655019,541840.612245,4.900000,2025,6.000000,1.224490,3251043.673469
aam,2021,loki-101,2021,1,3044915,621411.224490,4.900000,2025,6.000000,1.224490,3728467.346939
aam,2021,loki-101,2021,2,5940681,1212383.877551,4.900000,2025,6.000000,1.224490,7274303.265306
aam,2021,loki-101,2021,3,8485764,1731788.571429,4.900000,2025,6.000000,1.224490,10390731.428571
aam,2021,loki-101,2021,4,10651643,2173804.693878,4.900000,2025,6.000000,1.224490,13042828.163265
aam,2021,loki-101,2021,5,12673939,2586518.163265,4.900000,2025,6.000000,1.224490,15519108.979592
aam,2021,loki-101,2021,6,14506178,2960444.489796,4.900000,2025,6.000000,1.224490,17762666.938776
aam,2021,loki-101,2021,7,16027120,3270840.816327,4.900000,2025,6.000000,1.224490,19625044.897959
aam,2021,loki-101,2021,8,16886400,3446204.081633,4.900000,2025,6.000000,1.224490,20677224.489796
aam,2021,loki-101,2021,9,17856005,3644082.653061,4.900000,2025,6.000000,1.224490,21864495.918367
aam,2021,loki-101,2021,10,18764868,3829564.897959,4.900000,2025,6.000000,1.224490,22977389.387755
aam,2021,loki-106,2021,1,3358053,685316.938776,4.900000,2025,6.000000,1.224490,4111901.632653
aam,2021,loki-106,2021,2,6058924,1236515.102041,4.900000,2025,6.000000,1.224490,7419090.612245
aam,2021,loki-106,2021,3,7997778,1632199.591837,4.900000,2025,6.000000,1.224490,9793197.551020
aam,2021,loki-106,2021,4,9867963,2013870.000000,4.900000,2025,6.000000,1.224490,12083220.000000
aam,2021,loki-106,2021,5,11530295,2353121.428571,4.900000,2025,6.000000,1.224490,14118728.571429
aam,2021,loki-106,2021,6,12929178,2638607.755102,4.900000,2025,6.000000,1.224490,15831646.530612
aam,2021,loki-106,2021,7,14281187,2914527.959184,4.900000,2025,6.000000,1.224490,17487167.755102
aam,2021,loki-106,2021,8,15686101,3201245.102041,4.900000,2025,6.000000,1.224490,19207470.612245
aam,2021,loki-106,2021,9,16960472,3461320.816327,4.900000,2025,6.000000,1.224490,20767924.897959
aam,2021,loki-106,2021,10,18224444,3719274.285714,4.900000,2025,6.000000,1.224490,22315645.714286
aam,2021,loki-106,2021,11,18846076,3846137.959184,4.900000,2025,6.000000,1.224490,23076827.755102
aam,2021,loki-106,2021,12,19244332,3927414.693878,4.900000,2025,6.000000,1.224490,23564488.163265
aam,2021,loki-106,2021,13,19603404,4000694.693878,4.900000,2025,6.000000,1.224490,24004168.163265
aam,2021,loki-106,2021,14,19956539,4072763.061224,4.900000,2025,6.000000,1.224490,24436578.367347
aam,2021,loki-106,2021,15,20315496,4146019.591837,4.900000,2025,6.000000,1.224490,24876117.551020
aam,2021,loki-106,2021,16,20703442,4225192.244898,4.900000,2025,6.000000,1.224490,25351153.469388
aam,2021,loki-106,2021,17,21073464,4300706.938776,4.900000,2025,6.000000,1.224490,25804241.632653
aam,2021,matrix-resurrections,2021,1,9037506,1844388.979592,4.900000,2025,6.000000,1.224490,11066333.877551
aam,2021,matrix-resurrections,2021,2,13528518,2760922.040816,4.900000,2025,6.000000,1.224490,16565532.244898
aam,2021,matrix-resurrections,2021,3,16447321,3356596.122449,4.900000,2025,6.000000,1.224490,20139576.734694
aam,2021,matrix-resurrections,2021,4,18904414,3858043.673469,4.900000,2025,6.000000,1.224490,23148262.040816
aam,2021,matrix-resurrections,2021,5,21138831,4314047.142857,4.900000,2025,6.000000,1.224490,25884282.857143
aam,2021,matrix-resurrections,2021,6,22993604,4692572.244898,4.900000,2025,6.000000,1.224490,28155433.469388
aam,2021,matrix-resurrections,2021,7,24559233,5012088.367347,4.900000,2025,6.000000,1.224490,30072530.204082
aam,2021,matrix-resurrections,2021,8,25954550,5296846.938776,4.900000,2025,6.000000,1.224490,31781081.632653
aam,2021,matrix-resurrections,2021,9,27179610,5546859.183673,4.900000,2025,6.000000,1.224490,33281155.102041
aam,2021,matrix-resurrections,2021,10,28238926,5763046.122449,4.900000,2025,6.000000,1.224490,34578276.734694
aam,2021,matrix-resurrections,2021,11,29260811,5971594.081633,4.900000,2025,6.000000,1.224490,35829564.489796
aam,2021,matrix-resurrections,2021,12,30274226,6178413.469388,4.900000,2025,6.000000,1.224490,37070480.816327
aam,2021,matrix-resurrections,2021,13,31245418,6376615.918367,4.900000,2025,6.000000,1.224490,38259695.510204
aam,2021,matrix-resurrections,2021,14,32125311,6556185.918367,4.900000,2025,6.000000,1.224490,39337115.510204
aam,2021,matrix-resurrections,2021,15,32959546,6726437.959184,4.900000,2025,6.000000,1.224490,40358627.755102
aam,2021,matrix-resurrections,2021,16,33737014,6885104.897959,4.900000,2025,6.000000,1.224490,41310629.387755
aam,2021,matrix-resurrections,2021,17,34492375,7039260.204082,4.900000,2025,6.000000,1.224490,42235561.224490
aam,2021,matrix-resurrections,2021,18,35170104,7177572.244898,4.900000,2025,6.000000,1.224490,43065433.469388
aam,2021,matrix-resurrections,2021,19,35838267,7313932.040816,4.900000,2025,6.000000,1.224490,43883592.244898
aam,2021,matrix-resurrections,2021,20,36488685,7446670.408163,4.900000,2025,6.000000,1.224490,44680022.448980
aam,2021,matrix-resurrections,2021,21,37138407,7579266.734694,4.900000,2025,6.000000,1.224490,45475600.408163
aam,2021,matrix-resurrections,2021,22,37737296,7701488.979592,4.900000,2025,6.000000,1.224490,46208933.877551
aam,2021,matrix-resurrections,2021,23,38328191,7822079.795918,4.900000,2025,6.000000,1.224490,46932478.775510
aam,2021,matrix-resurrections,2021,24,38913801,7941592.040816,4.900000,2025,6.000000,1.224490,47649552.244898
aam,2021,matrix-resurrections,2021,25,39450544,8051131.428571,4.900000,2025,6.000000,1.224490,48306788.571429
aam,2021,matrix-resurrections,2021,26,39978567,8158891.224490,4.900000,2025,6.000000,1.224490,48953347.346939
aam,2021,no-time-to-die,2021,1,6677373,1362729.183673,4.900000,2025,6.000000,1.224490,8176375.102041
aam,2021,no-time-to-die,2021,2,10262481,2094383.877551,4.900000,2025,6.000000,1.224490,12566303.265306
aam,2021,no-time-to-die,2021,3,12597129,2570842.653061,4.900000,2025,6.000000,1.224490,15425055.918367
aam,2021,no-time-to-die,2021,4,14396715,2938105.102041,4.900000,2025,6.000000,1.224490,17628630.612245
aam,2021,no-time-to-die,2021,5,16140783,3294037.346939,4.900000,2025,6.000000,1.224490,19764224.081633
aam,2021,no-time-to-die,2021,6,17462384,3563751.836735,4.900000,2025,6.000000,1.224490,21382511.020408
aam,2021,no-time-to-die,2021,7,18896420,3856412.244898,4.900000,2025,6.000000,1.224490,23138473.469388
aam,2021,no-time-to-die,2021,8,20221425,4126821.428571,4.900000,2025,6.000000,1.224490,24760928.571429
aam,2021,no-time-to-die,2021,9,21412357,4369868.775510,4.900000,2025,6.000000,1.224490,26219212.653061
aam,2021,no-time-to-die,2021,10,22471513,4586023.061224,4.900000,2025,6.000000,1.224490,27516138.367347
aam,2021,no-time-to-die,2021,11,23393224,4774127.346939,4.900000,2025,6.000000,1.224490,28644764.081633
aam,2021,no-time-to-die,2021,12,24253152,4949622.857143,4.900000,2025,6.000000,1.224490,29697737.142857
aam,2021,no-time-to-die,2021,13,25046529,5111536.530612,4.900000,2025,6.000000,1.224490,30669219.183673
aam,2021,no-time-to-die,2021,14,25789098,5263081.224490,4.900000,2025,6.000000,1.224490,31578487.346939
aam,2021,no-time-to-die,2021,15,26474341,5402926.734694,4.900000,2025,6.000000,1.224490,32417560.408163
aam,2021,no-time-to-die,2021,16,27075288,5525568.979592,4.900000,2025,6.000000,1.224490,33153413.877551
aam,2021,prisoners-of-the-ghostland,2021,1,1077838,219966.938776,4.900000,2025,6.000000,1.224490,1319801.632653
aam,2021,prisoners-of-the-ghostland,2021,2,1711040,349191.836735,4.900000,2025,6.000000,1.224490,2095151.020408
aam,2021,prisoners-of-the-ghostland,2021,3,2065294,421488.571429,4.900000,2025,6.000000,1.224490,2528931.428571
aam,2021,prisoners-of-the-ghostland,2021,4,2305897,470591.224490,4.900000,2025,6.000000,1.224490,2823547.346939
aam,2021,prisoners-of-the-ghostland,2021,5,2528422,516004.489796,4.900000,2025,6.000000,1.224490,3096026.938776
aam,2021,prisoners-of-the-ghostland,2021,6,2726008,556328.163265,4.900000,2025,6.000000,1.224490,3337968.979592
aam,2021,prisoners-of-the-ghostland,2021,7,2960919,604269.183673,4.900000,2025,6.000000,1.224490,3625615.102041
aam,2021,prisoners-of-the-ghostland,2021,8,3156141,644110.408163,4.900000,2025,6.000000,1.224490,3864662.448980
aam,2021,prisoners-of-the-ghostland,2021,9,3363875,686505.102041,4.900000,2025,6.000000,1.224490,4119030.612245
aam,2021,prisoners-of-the-ghostland,2021,10,3507154,715745.714286,4.900000,2025,6.000000,1.224490,4294474.285714
aam,2021,raya-and-the-last-dragon,2021,1,3642332,743333.061224,4.900000,2025,6.000000,1.224490,4459998.367347
aam,2021,raya-and-the-last-dragon,2021,2,6789405,1385592.857143,4.900000,2025,6.000000,1.224490,8313557.142857
aam,2021,raya-and-the-last-dragon,2021,3,9623653,1964010.816327,4.900000,2025,6.000000,1.224490,11784064.897959
aam,2021,raya-and-the-last-dragon,2021,4,11984263,2445767.959184,4.900000,2025,6.000000,1.224490,14674607.755102
aam,2021,raya-and-the-last-dragon,2021,5,14050118,2867371.020408,4.900000,2025,6.000000,1.224490,17204226.122449
aam,2021,raya-and-the-last-dragon,2021,6,15764912,3217328.979592,4.900000,2025,6.000000,1.224490,19303973.877551
aam,2021,raya-and-the-last-dragon,2021,7,17215888,3513446.530612,4.900000,2025,6.000000,1.224490,21080679.183673
aam,2021,raya-and-the-last-dragon,2021,8,18620295,3800060.204082,4.900000,2025,6.000000,1.224490,22800361.224490
aam,2021,raya-and-the-last-dragon,2021,9,19865726,4054229.795918,4.900000,2025,6.000000,1.224490,24325378.775510
aam,2021,raya-and-the-last-dragon,2021,10,20993650,4284418.367347,4.900000,2025,6.000000,1.224490,25706510.204082
aam,2021,raya-and-the-last-dragon,2021,11,22127172,4515749.387755,4.900000,2025,6.000000,1.224490,27094496.326531
aam,2021,raya-and-the-last-dragon,2021,12,23228380,4740485.714286,4.900000,2025,6.000000,1.224490,28442914.285714
aam,2021,raya-and-the-last-dragon,2021,13,24343267,4968013.673469,4.900000,2025,6.000000,1.224490,29808082.040816
aam,2021,raya-and-the-last-dragon,2021,14,25404208,5184532.244898,4.900000,2025,6.000000,1.224490,31107193.469388
aam,2021,raya-and-the-last-dragon,2021,15,26303848,5368132.244898,4.900000,2025,6.000000,1.224490,32208793.469388
aam,2021,raya-and-the-last-dragon,2021,16,27219701,5555041.020408,4.900000,2025,6.000000,1.224490,33330246.122449
aam,2021,raya-and-the-last-dragon,2021,17,27902444,5694376.326531,4.900000,2025,6.000000,1.224490,34166257.959184
aam,2021,raya-and-the-last-dragon,2021,18,28661416,5849268.571429,4.900000,2025,6.000000,1.224490,35095611.428571
aam,2021,raya-and-the-last-dragon,2021,19,29350761,5989951.224490,4.900000,2025,6.000000,1.224490,35939707.346939
aam,2021,raya-and-the-last-dragon,2021,20,29944344,6111090.612245,4.900000,2025,6.000000,1.224490,36666543.673469
aam,2021,raya-and-the-last-dragon,2021,21,30497299,6223938.571429,4.900000,2025,6.000000,1.224490,37343631.428571
aam,2021,raya-and-the-last-dragon,2021,22,31019391,6330487.959184,4.900000,2025,6.000000,1.224490,37982927.755102
aam,2021,raya-and-the-last-dragon,2021,23,31572055,6443276.530612,4.900000,2025,6.000000,1.224490,38659659.183673
aam,2021,raya-and-the-last-dragon,2021,24,32064337,6543742.244898,4.900000,2025,6.000000,1.224490,39262453.469388
aam,2021,raya-and-the-last-dragon,2021,25,32592492,6651528.979592,4.900000,2025,6.000000,1.224490,39909173.877551
aam,2021,raya-and-the-last-dragon,2021,26,33080233,6751067.959184,4.900000,2025,6.000000,1.224490,40506407.755102
aam,2021,reservation-dogs-101,2021,1,342927,69985.102041,4.900000,2025,6.000000,1.224490,419910.612245
aam,2021,reservation-dogs-101,2021,2,840595,171550.000000,4.900000,2025,6.000000,1.224490,1029300.000000
aam,2021,reservation-dogs-101,2021,3,1222840,249559.183673,4.900000,2025,6.000000,1.224490,1497355.102041
aam,2021,reservation-dogs-101,2021,4,1577332,321904.489796,4.900000,2025,6.000000,1.224490,1931426.938776
aam,2021,reservation-dogs-101,2021,5,1968586,401752.244898,4.900000,2025,6.000000,1.224490,2410513.469388
aam,2021,reservation-dogs-101,2021,6,2317522,472963.673469,4.900000,2025,6.000000,1.224490,2837782.040816
aam,2021,reservation-dogs-101,2021,7,2597505,530103.061224,4.900000,2025,6.000000,1.224490,3180618.367347
aam,2021,reservation-dogs-101,2021,8,2670077,544913.673469,4.900000,2025,6.000000,1.224490,3269482.040816
aam,2021,reservation-dogs-101,2021,9,2739390,559059.183673,4.900000,2025,6.000000,1.224490,3354355.102041
aam,2021,reservation-dogs-101,2021,10,2816791,574855.306122,4.900000,2025,6.000000,1.224490,3449131.836735
aam,2021,shadow-and-bone-01,2021,1,1703839,347722.244898,4.900000,2025,6.000000,1.224490,2086333.469388
aam,2021,shadow-and-bone-01,2021,2,3070467,626625.918367,4.900000,2025,6.000000,1.224490,3759755.510204
aam,2021,shadow-and-bone-01,2021,3,4254282,868220.816327,4.900000,2025,6.000000,1.224490,5209324.897959
aam,2021,shadow-and-bone-01,2021,4,5317742,1085253.469388,4.900000,2025,6.000000,1.224490,6511520.816327
aam,2021,shadow-and-bone-01,2021,5,6223370,1270075.510204,4.900000,2025,6.000000,1.224490,7620453.061224
aam,2021,shadow-and-bone-01,2021,6,7072093,1443284.285714,4.900000,2025,6.000000,1.224490,8659705.714286
aam,2021,shadow-and-bone-01,2021,7,8049189,1642691.632653,4.900000,2025,6.000000,1.224490,9856149.795918
aam,2021,shadow-and-bone-01,2021,8,8842107,1804511.632653,4.900000,2025,6.000000,1.224490,10827069.795918
aam,2021,shadow-and-bone-01,2021,9,9633223,1965963.877551,4.900000,2025,6.000000,1.224490,11795783.265306
aam,2021,shadow-and-bone-01,2021,10,10368006,2115919.591837,4.900000,2025,6.000000,1.224490,12695517.551020
aam,2021,shadow-and-bone-01,2021,11,10989588,2242773.061224,4.900000,2025,6.000000,1.224490,13456638.367347
aam,2021,shadow-and-bone-01,2021,12,11485451,2343969.591837,4.900000,2025,6.000000,1.224490,14063817.551020
aam,2021,shadow-and-bone-01,2021,13,11890634,2426660.000000,4.900000,2025,6.000000,1.224490,14559960.000000
aam,2021,shadow-and-bone-01,2021,14,12240859,2498134.489796,4.900000,2025,6.000000,1.224490,14988806.938776
aam,2021,shadow-and-bone-01,2021,15,12593017,2570003.469388,4.900000,2025,6.000000,1.224490,15420020.816327
aam,2021,shang-chi-and-the-legend-of-the-ten-rings,2021,1,7713857,1574256.530612,4.900000,2025,6.000000,1.224490,9445539.183673
aam,2021,shang-chi-and-the-legend-of-the-ten-rings,2021,2,12049757,2459134.081633,4.900000,2025,6.000000,1.224490,14754804.489796
aam,2021,shang-chi-and-the-legend-of-the-ten-rings,2021,3,15009821,3063228.775510,4.900000,2025,6.000000,1.224490,18379372.653061
aam,2021,shang-chi-and-the-legend-of-the-ten-rings,2021,4,17243483,3519078.163265,4.900000,2025,6.000000,1.224490,21114468.979592
aam,2021,shang-chi-and-the-legend-of-the-ten-rings,2021,5,19139589,3906038.571429,4.900000,2025,6.000000,1.224490,23436231.428571
aam,2021,shang-chi-and-the-legend-of-the-ten-rings,2021,6,20883749,4261989.591837,4.900000,2025,6.000000,1.224490,25571937.551020
aam,2021,shang-chi-and-the-legend-of-the-ten-rings,2021,7,22539463,4599890.408163,4.900000,2025,6.000000,1.224490,27599342.448980
aam,2021,shang-chi-and-the-legend-of-the-ten-rings,2021,8,24062754,4910766.122449,4.900000,2025,6.000000,1.224490,29464596.734694
aam,2021,shang-chi-and-the-legend-of-the-ten-rings,2021,9,25485879,5201199.795918,4.900000,2025,6.000000,1.224490,31207198.775510
aam,2021,shang-chi-and-the-legend-of-the-ten-rings,2021,10,26800641,5469518.571429,4.900000,2025,6.000000,1.224490,32817111.428571
aam,2021,shang-chi-and-the-legend-of-the-ten-rings,2021,11,27951153,5704316.938776,4.900000,2025,6.000000,1.224490,34225901.632653
aam,2021,shang-chi-and-the-legend-of-the-ten-rings,2021,12,29004226,5919229.795918,4.900000,2025,6.000000,1.224490,35515378.775510
aam,2021,shang-chi-and-the-legend-of-the-ten-rings,2021,13,29951343,6112518.979592,4.900000,2025,6.000000,1.224490,36675113.877551
aam,2021,shang-chi-and-the-legend-of-the-ten-rings,2021,14,30858398,6297632.244898,4.900000,2025,6.000000,1.224490,37785793.469388
aam,2021,shang-chi-and-the-legend-of-the-ten-rings,2021,15,31679280,6465159.183673,4.900000,2025,6.000000,1.224490,38790955.102041
aam,2021,shang-chi-and-the-legend-of-the-ten-rings,2021,16,32459200,6624326.530612,4.900000,2025,6.000000,1.224490,39745959.183673
aam,2021,shang-chi-and-the-legend-of-the-ten-rings,2021,17,33222384,6780078.367347,4.900000,2025,6.000000,1.224490,40680470.204082
aam,2021,shang-chi-and-the-legend-of-the-ten-rings,2021,18,34030054,6944908.979592,4.900000,2025,6.000000,1.224490,41669453.877551
aam,2021,shang-chi-and-the-legend-of-the-ten-rings,2021,19,34801206,7102286.938776,4.900000,2025,6.000000,1.224490,42613721.632653
aam,2021,shang-chi-and-the-legend-of-the-ten-rings,2021,20,35526467,7250299.387755,4.900000,2025,6.000000,1.224490,43501796.326531
aam,2021,shang-chi-and-the-legend-of-the-ten-rings,2021,21,36252586,7398486.938776,4.900000,2025,6.000000,1.224490,44390921.632653
aam,2021,shang-chi-and-the-legend-of-the-ten-rings,2021,22,36872153,7524929.183673,4.900000,2025,6.000000,1.224490,45149575.102041
aam,2021,shang-chi-and-the-legend-of-the-ten-rings,2021,23,37483841,7649763.469388,4.900000,2025,6.000000,1.224490,45898580.816327
aam,2021,shang-chi-and-the-legend-of-the-ten-rings,2021,24,38065761,7768522.653061,4.900000,2025,6.000000,1.224490,46611135.918367
aam,2021,shang-chi-and-the-legend-of-the-ten-rings,2021,25,38631943,7884070.000000,4.900000,2025,6.000000,1.224490,47304420.000000
aam,2021,shang-chi-and-the-legend-of-the-ten-rings,2021,26,39192448,7998458.775510,4.900000,2025,6.000000,1.224490,47990752.653061
aam,2021,shang-chi-and-the-legend-of-the-ten-rings,2021,27,39205604,8001143.673469,4.900000,2025,6.000000,1.224490,48006862.040816
aam,2021,snowpiercer-209,2021,1,402095,82060.204082,4.900000,2025,6.000000,1.224490,492361.224490
aam,2021,snowpiercer-209,2021,2,555454,113357.959184,4.900000,2025,6.000000,1.224490,680147.755102
aam,2021,snowpiercer-209,2021,3,651821,133024.693878,4.900000,2025,6.000000,1.224490,798148.163265
aam,2021,snowpiercer-209,2021,4,751313,153329.183673,4.900000,2025,6.000000,1.224490,919975.102041
aam,2021,snowpiercer-209,2021,5,1636953,334072.040816,4.900000,2025,6.000000,1.224490,2004432.244898
aam,2021,snowpiercer-209,2021,6,2456708,501368.979592,4.900000,2025,6.000000,1.224490,3008213.877551
aam,2021,snowpiercer-209,2021,7,3049356,622317.551020,4.900000,2025,6.000000,1.224490,3733905.306122
aam,2021,snowpiercer-209,2021,8,3549579,724403.877551,4.900000,2025,6.000000,1.224490,4346423.265306
aam,2021,snowpiercer-209,2021,9,3895950,795091.836735,4.900000,2025,6.000000,1.224490,4770551.020408
aam,2021,snowpiercer-209,2021,10,4339904,885694.693878,4.900000,2025,6.000000,1.224490,5314168.163265
aam,2021,succession-301,2021,1,208603,42572.040816,4.900000,2025,6.000000,1.224490,255432.244898
aam,2021,succession-301,2021,2,369659,75440.612245,4.900000,2025,6.000000,1.224490,452643.673469
aam,2021,succession-301,2021,3,511723,104433.265306,4.900000,2025,6.000000,1.224490,626599.591837
aam,2021,succession-301,2021,4,633003,129184.285714,4.900000,2025,6.000000,1.224490,775105.714286
aam,2021,succession-301,2021,5,739717,150962.653061,4.900000,2025,6.000000,1.224490,905775.918367
aam,2021,succession-301,2021,6,843459,172134.489796,4.900000,2025,6.000000,1.224490,1032806.938776
aam,2021,succession-301,2021,7,967495,197447.959184,4.900000,2025,6.000000,1.224490,1184687.755102
aam,2021,succession-301,2021,8,1213260,247604.081633,4.900000,2025,6.000000,1.224490,1485624.489796
aam,2021,succession-301,2021,9,1413481,288465.510204,4.900000,2025,6.000000,1.224490,1730793.061224
aam,2021,succession-301,2021,10,1503480,306832.653061,4.900000,2025,6.000000,1.224490,1840995.918367
aam,2021,witcher-02,2021,1,3421654,698296.734694,4.900000,2025,6.000000,1.224490,4189780.408163
aam,2021,witcher-02,2021,2,5529522,1128473.877551,4.900000,2025,6.000000,1.224490,6770843.265306
aam,2021,witcher-02,2021,3,6973040,1423069.387755,4.900000,2025,6.000000,1.224490,8538416.326531
aam,2021,witcher-02,2021,4,8087669,1650544.693878,4.900000,2025,6.000000,1.224490,9903268.163265
aam,2021,witcher-02,2021,5,8992829,1835271.224490,4.900000,2025,6.000000,1.224490,11011627.346939
aam,2021,witcher-02,2021,6,9765911,1993043.061224,4.900000,2025,6.000000,1.224490,11958258.367347
aam,2021,witcher-02,2021,7,10435995,2129794.897959,4.900000,2025,6.000000,1.224490,12778769.387755
aam,2021,witcher-02,2021,8,11022516,2249493.061224,4.900000,2025,6.000000,1.224490,13496958.367347
aam,2021,witcher-02,2021,9,11553251,2357806.326531,4.900000,2025,6.000000,1.224490,14146837.959184
aam,2021,witcher-02,2021,10,12037171,2456565.510204,4.900000,2025,6.000000,1.224490,14739393.061224
aam,2021,witcher-02,2021,11,12466156,2544113.469388,4.900000,2025,6.000000,1.224490,15264680.816327
aam,2021,witcher-02,2021,12,12882303,2629041.428571,4.900000,2025,6.000000,1.224490,15774248.571429
aam,2021,witcher-02,2021,13,13288560,2711951.020408,4.900000,2025,6.000000,1.224490,16271706.122449
aam,2021,witcher-02,2021,14,13691376,2794158.367347,4.900000,2025,6.000000,1.224490,16764950.204082
aam,2021,witcher-02,2021,15,14085801,2874653.265306,4.900000,2025,6.000000,1.224490,17247919.591837
aam,2021,witcher-02,2021,16,14483427,2955801.428571,4.900000,2025,6.000000,1.224490,17734808.571429
aam,2022,book-of-boba-fett-107,2022,1,1764678,332958.113208,5.300000,2025,6.000000,1.132075,1997748.679245
aam,2022,book-of-boba-fett-107,2022,2,2751598,519169.433962,5.300000,2025,6.000000,1.132075,3115016.603774
aam,2022,book-of-boba-fett-107,2022,3,3434334,647987.547170,5.300000,2025,6.000000,1.132075,3887925.283019
aam,2022,book-of-boba-fett-107,2022,4,4020368,758560.000000,5.300000,2025,6.000000,1.132075,4551360.000000
aam,2022,book-of-boba-fett-107,2022,5,4575824,863363.018868,5.300000,2025,6.000000,1.132075,5180178.113208
aam,2022,book-of-boba-fett-107,2022,6,5063112,955304.150943,5.300000,2025,6.000000,1.132075,5731824.905660
aam,2022,book-of-boba-fett-107,2022,7,5506887,1039035.283019,5.300000,2025,6.000000,1.132075,6234211.698113
aam,2022,book-of-boba-fett-107,2022,8,5967776,1125995.471698,5.300000,2025,6.000000,1.132075,6755972.830189
aam,2022,book-of-boba-fett-107,2022,9,6402178,1207958.113208,5.300000,2025,6.000000,1.132075,7247748.679245
aam,2022,book-of-boba-fett-107,2022,10,6802758,1283539.245283,5.300000,2025,6.000000,1.132075,7701235.471698
aam,2022,book-of-boba-fett-107,2022,11,7161242,1351177.735849,5.300000,2025,6.000000,1.132075,8107066.415094
aam,2022,bridgerton-02,2022,1,761569,143692.264151,5.300000,2025,6.000000,1.132075,862153.584906
aam,2022,bridgerton-02,2022,2,1278157,241161.698113,5.300000,2025,6.000000,1.132075,1446970.188679
aam,2022,bridgerton-02,2022,3,1709952,322632.452830,5.300000,2025,6.000000,1.132075,1935794.716981
aam,2022,bridgerton-02,2022,4,2064130,389458.490566,5.300000,2025,6.000000,1.132075,2336750.943396
aam,2022,bridgerton-02,2022,5,2388310,450624.528302,5.300000,2025,6.000000,1.132075,2703747.169811
aam,2022,bridgerton-02,2022,6,2677204,505132.830189,5.300000,2025,6.000000,1.132075,3030796.981132
aam,2022,bridgerton-02,2022,7,2949215,556455.660377,5.300000,2025,6.000000,1.132075,3338733.962264
aam,2022,bridgerton-02,2022,8,3202935,604327.358491,5.300000,2025,6.000000,1.132075,3625964.150943
aam,2022,bridgerton-02,2022,9,3446108,650209.056604,5.300000,2025,6.000000,1.132075,3901254.339623
aam,2022,bridgerton-02,2022,10,3678492,694055.094340,5.300000,2025,6.000000,1.132075,4164330.566038
aam,2022,bridgerton-02,2022,11,3910844,737895.094340,5.300000,2025,6.000000,1.132075,4427370.566038
aam,2022,bridgerton-02,2022,12,4138924,780929.056604,5.300000,2025,6.000000,1.132075,4685574.339623
aam,2022,bridgerton-02,2022,13,4360677,822769.245283,5.300000,2025,6.000000,1.132075,4936615.471698
aam,2022,bridgerton-02,2022,14,4568227,861929.622642,5.300000,2025,6.000000,1.132075,5171577.735849
aam,2022,bridgerton-02,2022,15,4779679,901826.226415,5.300000,2025,6.000000,1.132075,5410957.358491
aam,2022,eternals,2022,1,7578418,1429890.188679,5.300000,2025,6.000000,1.132075,8579341.132075
aam,2022,eternals,2022,2,11576795,2184300.943396,5.300000,2025,6.000000,1.132075,13105805.660377
aam,2022,eternals,2022,3,14415256,2719859.622642,5.300000,2025,6.000000,1.132075,16319157.735849
aam,2022,eternals,2022,4,15591603,2941811.886792,5.300000,2025,6.000000,1.132075,17650871.320755
aam,2022,eternals,2022,5,17442134,3290968.679245,5.300000,2025,6.000000,1.132075,19745812.075472
aam,2022,eternals,2022,6,18950469,3575560.188679,5.300000,2025,6.000000,1.132075,21453361.132075
aam,2022,eternals,2022,7,20237782,3818449.433962,5.300000,2025,6.000000,1.132075,22910696.603774
aam,2022,eternals,2022,8,21430232,4043440.000000,5.300000,2025,6.000000,1.132075,24260640.000000
aam,2022,eternals,2022,9,22592690,4262771.698113,5.300000,2025,6.000000,1.132075,25576630.188679
aam,2022,eternals,2022,10,23677626,4467476.603774,5.300000,2025,6.000000,1.132075,26804859.622642
aam,2022,eternals,2022,11,24689483,4658393.018868,5.300000,2025,6.000000,1.132075,27950358.113208
aam,2022,eternals,2022,12,25683159,4845879.056604,5.300000,2025,6.000000,1.132075,29075274.339623
aam,2022,eternals,2022,13,26612239,5021177.169811,5.300000,2025,6.000000,1.132075,30127063.018868
aam,2022,eternals,2022,14,27460176,5181165.283019,5.300000,2025,6.000000,1.132075,31086991.698113
aam,2022,eternals,2022,15,28239006,5328114.339623,5.300000,2025,6.000000,1.132075,31968686.037736
aam,2022,everything-everywhere-all-at-once,2022,1,1772739,334479.056604,5.300000,2025,6.000000,1.132075,2006874.339623
aam,2022,everything-everywhere-all-at-once,2022,2,2772938,523195.849057,5.300000,2025,6.000000,1.132075,3139175.094340
aam,2022,everything-everywhere-all-at-once,2022,3,3596604,678604.528302,5.300000,2025,6.000000,1.132075,4071627.169811
aam,2022,everything-everywhere-all-at-once,2022,4,4803278,906278.867925,5.300000,2025,6.000000,1.132075,5437673.207547
aam,2022,everything-everywhere-all-at-once,2022,5,5880914,1109606.415094,5.300000,2025,6.000000,1.132075,6657638.490566
aam,2022,everything-everywhere-all-at-once,2022,6,6911303,1304019.433962,5.300000,2025,6.000000,1.132075,7824116.603774
aam,2022,everything-everywhere-all-at-once,2022,7,7858676,1482769.056604,5.300000,2025,6.000000,1.132075,8896614.339623
aam,2022,everything-everywhere-all-at-once,2022,8,8729178,1647014.716981,5.300000,2025,6.000000,1.132075,9882088.301887
aam,2022,everything-everywhere-all-at-once,2022,9,9491915,1790927.358491,5.300000,2025,6.000000,1.132075,10745564.150943
aam,2022,everything-everywhere-all-at-once,2022,10,10220742,1928441.886792,5.300000,2025,6.000000,1.132075,11570651.320755
aam,2022,everything-everywhere-all-at-once,2022,11,10893704,2055415.849057,5.300000,2025,6.000000,1.132075,12332495.094340
aam,2022,everything-everywhere-all-at-once,2022,12,11521501,2173868.113208,5.300000,2025,6.000000,1.132075,13043208.679245
aam,2022,everything-everywhere-all-at-once,2022,13,12111094,2285112.075472,5.300000,2025,6.000000,1.132075,13710672.452830
aam,2022,everything-everywhere-all-at-once,2022,14,12689084,2394166.792453,5.300000,2025,6.000000,1.132075,14365000.754717
aam,2022,everything-everywhere-all-at-once,2022,15,13226698,2495603.396226,5.300000,2025,6.000000,1.132075,14973620.377358
aam,2022,expanse-606,2022,1,507406,95736.981132,5.300000,2025,6.000000,1.132075,574421.886792
aam,2022,expanse-606,2022,2,771523,145570.377358,5.300000,2025,6.000000,1.132075,873422.264151
aam,2022,expanse-606,2022,3,941678,177675.094340,5.300000,2025,6.000000,1.132075,1066050.566038
aam,2022,expanse-606,2022,4,1136650,214462.264151,5.300000,2025,6.000000,1.132075,1286773.584906
aam,2022,expanse-606,2022,5,1320067,249069.245283,5.300000,2025,6.000000,1.132075,1494415.471698
aam,2022,expanse-606,2022,6,1483955,279991.509434,5.300000,2025,6.000000,1.132075,1679949.056604
aam,2022,expanse-606,2022,7,1637377,308939.056604,5.300000,2025,6.000000,1.132075,1853634.339623
aam,2022,expanse-606,2022,8,1790359,337803.584906,5.300000,2025,6.000000,1.132075,2026821.509434
aam,2022,expanse-606,2022,9,1948810,367700.000000,5.300000,2025,6.000000,1.132075,2206200.000000
aam,2022,expanse-606,2022,10,2020634,381251.698113,5.300000,2025,6.000000,1.132075,2287510.188679
aam,2022,fistful-of-vengeance,2022,1,1036277,195523.962264,5.300000,2025,6.000000,1.132075,1173143.773585
aam,2022,fistful-of-vengeance,2022,2,1603268,302503.396226,5.300000,2025,6.000000,1.132075,1815020.377358
aam,2022,fistful-of-vengeance,2022,3,2052476,387259.622642,5.300000,2025,6.000000,1.132075,2323557.735849
aam,2022,fistful-of-vengeance,2022,4,2433348,459122.264151,5.300000,2025,6.000000,1.132075,2754733.584906
aam,2022,fistful-of-vengeance,2022,5,2744722,517872.075472,5.300000,2025,6.000000,1.132075,3107232.452830
aam,2022,fistful-of-vengeance,2022,6,3017435,569327.358491,5.300000,2025,6.000000,1.132075,3415964.150943
aam,2022,fistful-of-vengeance,2022,7,3247294,612696.981132,5.300000,2025,6.000000,1.132075,3676181.886792
aam,2022,fistful-of-vengeance,2022,8,3492272,658919.245283,5.300000,2025,6.000000,1.132075,3953515.471698
aam,2022,fistful-of-vengeance,2022,9,3726481,703109.622642,5.300000,2025,6.000000,1.132075,4218657.735849
aam,2022,fistful-of-vengeance,2022,10,3940368,743465.660377,5.300000,2025,6.000000,1.132075,4460793.962264
aam,2022,for-all-mankind-301,2022,1,160798,30339.245283,5.300000,2025,6.000000,1.132075,182035.471698
aam,2022,for-all-mankind-301,2022,2,293266,55333.207547,5.300000,2025,6.000000,1.132075,331999.245283
aam,2022,for-all-mankind-301,2022,3,397294,74961.132075,5.300000,2025,6.000000,1.132075,449766.792453
aam,2022,for-all-mankind-301,2022,4,489465,92351.886792,5.300000,2025,6.000000,1.132075,554111.320755
aam,2022,for-all-mankind-301,2022,5,591133,111534.528302,5.300000,2025,6.000000,1.132075,669207.169811
aam,2022,for-all-mankind-301,2022,6,677110,127756.603774,5.300000,2025,6.000000,1.132075,766539.622642
aam,2022,for-all-mankind-301,2022,7,766751,144670.000000,5.300000,2025,6.000000,1.132075,868020.000000
aam,2022,for-all-mankind-301,2022,8,849288,160243.018868,5.300000,2025,6.000000,1.132075,961458.113208
aam,2022,for-all-mankind-301,2022,9,934005,176227.358491,5.300000,2025,6.000000,1.132075,1057364.150943
aam,2022,for-all-mankind-301,2022,10,1015549,191613.018868,5.300000,2025,6.000000,1.132075,1149678.113208
aam,2022,glass-onion,2022,1,1897407,358001.320755,5.300000,2025,6.000000,1.132075,2148007.924528
aam,2022,glass-onion,2022,2,3506317,661569.245283,5.300000,2025,6.000000,1.132075,3969415.471698
aam,2022,glass-onion,2022,3,4639650,875405.660377,5.300000,2025,6.000000,1.132075,5252433.962264
aam,2022,glass-onion,2022,4,5494478,1036693.962264,5.300000,2025,6.000000,1.132075,6220163.773585
aam,2022,glass-onion,2022,5,6186937,1167346.603774,5.300000,2025,6.000000,1.132075,7004079.622642
aam,2022,glass-onion,2022,6,6834332,1289496.603774,5.300000,2025,6.000000,1.132075,7736979.622642
aam,2022,glass-onion,2022,7,7358693,1388432.641509,5.300000,2025,6.000000,1.132075,8330595.849057
aam,2022,glass-onion,2022,8,7821775,1475806.603774,5.300000,2025,6.000000,1.132075,8854839.622642
aam,2022,glass-onion,2022,9,8242163,1555125.094340,5.300000,2025,6.000000,1.132075,9330750.566038
aam,2022,glass-onion,2022,10,8585673,1619938.301887,5.300000,2025,6.000000,1.132075,9719629.811321
aam,2022,glass-onion,2022,11,8948124,1688325.283019,5.300000,2025,6.000000,1.132075,10129951.698113
aam,2022,glass-onion,2022,12,9287975,1752448.113208,5.300000,2025,6.000000,1.132075,10514688.679245
aam,2022,glass-onion,2022,13,9611276,1813448.301887,5.300000,2025,6.000000,1.132075,10880689.811321
aam,2022,gray-man,2022,1,2160738,407686.415094,5.300000,2025,6.000000,1.132075,2446118.490566
aam,2022,gray-man,2022,2,3751019,707739.433962,5.300000,2025,6.000000,1.132075,4246436.603774
aam,2022,gray-man,2022,3,4850399,915169.622642,5.300000,2025,6.000000,1.132075,5491017.735849
aam,2022,gray-man,2022,4,5739881,1082996.415094,5.300000,2025,6.000000,1.132075,6497978.490566
aam,2022,gray-man,2022,5,6488463,1224238.301887,5.300000,2025,6.000000,1.132075,7345429.811321
aam,2022,gray-man,2022,6,7127290,1344771.698113,5.300000,2025,6.000000,1.132075,8068630.188679
aam,2022,gray-man,2022,7,7664833,1446194.905660,5.300000,2025,6.000000,1.132075,8677169.433962
aam,2022,gray-man,2022,8,8160908,1539793.962264,5.300000,2025,6.000000,1.132075,9238763.773585
aam,2022,gray-man,2022,9,8626960,1627728.301887,5.300000,2025,6.000000,1.132075,9766369.811321
aam,2022,gray-man,2022,10,9052404,1708000.754717,5.300000,2025,6.000000,1.132075,10248004.528302
aam,2022,gray-man,2022,11,9442614,1781625.283019,5.300000,2025,6.000000,1.132075,10689751.698113
aam,2022,gray-man,2022,12,9812831,1851477.547170,5.300000,2025,6.000000,1.132075,11108865.283019
aam,2022,gray-man,2022,13,10179615,1920682.075472,5.300000,2025,6.000000,1.132075,11524092.452830
aam,2022,gray-man,2022,14,10547799,1990150.754717,5.300000,2025,6.000000,1.132075,11940904.528302
aam,2022,gray-man,2022,15,10930875,2062429.245283,5.300000,2025,6.000000,1.132075,12374575.471698
aam,2022,house-of-the-dragon-101,2022,1,2928888,552620.377358,5.300000,2025,6.000000,1.132075,3315722.264151
aam,2022,house-of-the-dragon-101,2022,2,5265637,993516.415094,5.300000,2025,6.000000,1.132075,5961098.490566
aam,2022,house-of-the-dragon-101,2022,3,6800645,1283140.566038,5.300000,2025,6.000000,1.132075,7698843.396226
aam,2022,house-of-the-dragon-101,2022,4,7942548,1498593.962264,5.300000,2025,6.000000,1.132075,8991563.773585
aam,2022,house-of-the-dragon-101,2022,5,8882671,1675975.660377,5.300000,2025,6.000000,1.132075,10055853.962264
aam,2022,house-of-the-dragon-101,2022,6,9684908,1827341.132075,5.300000,2025,6.000000,1.132075,10964046.792453
aam,2022,house-of-the-dragon-101,2022,7,10401432,1962534.339623,5.300000,2025,6.000000,1.132075,11775206.037736
aam,2022,house-of-the-dragon-101,2022,8,11087523,2091985.471698,5.300000,2025,6.000000,1.132075,12551912.830189
aam,2022,house-of-the-dragon-101,2022,9,11767778,2220335.471698,5.300000,2025,6.000000,1.132075,13322012.830189
aam,2022,house-of-the-dragon-101,2022,10,12432294,2345715.849057,5.300000,2025,6.000000,1.132075,14074295.094340
aam,2022,house-of-the-dragon-101,2022,11,12965289,2446280.943396,5.300000,2025,6.000000,1.132075,14677685.660377
aam,2022,house-of-the-dragon-101,2022,12,13429159,2533803.584906,5.300000,2025,6.000000,1.132075,15202821.509434
aam,2022,house-of-the-dragon-101,2022,13,13858069,2614730.000000,5.300000,2025,6.000000,1.132075,15688380.000000
aam,2022,house-of-the-dragon-101,2022,14,14266690,2691828.301887,5.300000,2025,6.000000,1.132075,16150969.811321
aam,2022,house-of-the-dragon-101,2022,15,14644310,2763077.358491,5.300000,2025,6.000000,1.132075,16578464.150943
aam,2022,house-of-the-dragon-101,2022,16,15011810,2832416.981132,5.300000,2025,6.000000,1.132075,16994501.886792
aam,2022,house-of-the-dragon-101,2022,17,15356881,2897524.716981,5.300000,2025,6.000000,1.132075,17385148.301887
aam,2022,house-of-the-dragon-101,2022,18,15688614,2960115.849057,5.300000,2025,6.000000,1.132075,17760695.094340
aam,2022,house-of-the-dragon-101,2022,19,16003675,3019561.320755,5.300000,2025,6.000000,1.132075,18117367.924528
aam,2022,house-of-the-dragon-101,2022,20,16310445,3077442.452830,5.300000,2025,6.000000,1.132075,18464654.716981
aam,2022,house-of-the-dragon-101,2022,21,16605456,3133104.905660,5.300000,2025,6.000000,1.132075,18798629.433962
aam,2022,house-of-the-dragon-101,2022,22,16917006,3191887.924528,5.300000,2025,6.000000,1.132075,19151327.547170
aam,2022,house-of-the-dragon-101,2022,23,17219446,3248952.075472,5.300000,2025,6.000000,1.132075,19493712.452830
aam,2022,house-of-the-dragon-101,2022,24,17533990,3308300.000000,5.300000,2025,6.000000,1.132075,19849800.000000
aam,2022,house-of-the-dragon-101,2022,25,17836806,3365435.094340,5.300000,2025,6.000000,1.132075,20192610.566038
aam,2022,house-of-the-dragon-101,2022,26,18137213,3422115.660377,5.300000,2025,6.000000,1.132075,20532693.962264
aam,2022,house-of-the-dragon-101,2022,27,18427506,3476887.924528,5.300000,2025,6.000000,1.132075,20861327.547170
aam,2022,house-of-the-dragon-103,2022,1,3857472,727824.905660,5.300000,2025,6.000000,1.132075,4366949.433962
aam,2022,house-of-the-dragon-103,2022,2,5430023,1024532.641509,5.300000,2025,6.000000,1.132075,6147195.849057
aam,2022,house-of-the-dragon-103,2022,3,6454340,1217800.000000,5.300000,2025,6.000000,1.132075,7306800.000000
aam,2022,house-of-the-dragon-103,2022,4,7271816,1372040.754717,5.300000,2025,6.000000,1.132075,8232244.528302
aam,2022,house-of-the-dragon-103,2022,5,7959650,1501820.754717,5.300000,2025,6.000000,1.132075,9010924.528302
aam,2022,house-of-the-dragon-103,2022,6,8599311,1622511.509434,5.300000,2025,6.000000,1.132075,9735069.056604
aam,2022,house-of-the-dragon-103,2022,7,9232771,1742032.264151,5.300000,2025,6.000000,1.132075,10452193.584906
aam,2022,house-of-the-dragon-103,2022,8,9818253,1852500.566038,5.300000,2025,6.000000,1.132075,11115003.396226
aam,2022,house-of-the-dragon-103,2022,9,10295461,1942539.811321,5.300000,2025,6.000000,1.132075,11655238.867925
aam,2022,house-of-the-dragon-103,2022,10,10715829,2021854.528302,5.300000,2025,6.000000,1.132075,12131127.169811
aam,2022,house-of-the-dragon-103,2022,11,11085615,2091625.471698,5.300000,2025,6.000000,1.132075,12549752.830189
aam,2022,house-of-the-dragon-103,2022,12,11421956,2155086.037736,5.300000,2025,6.000000,1.132075,12930516.226415
aam,2022,house-of-the-dragon-103,2022,13,11754794,2217885.660377,5.300000,2025,6.000000,1.132075,13307313.962264
aam,2022,house-of-the-dragon-103,2022,14,12065525,2276514.150943,5.300000,2025,6.000000,1.132075,13659084.905660
aam,2022,house-of-the-dragon-103,2022,15,12370757,2334105.094340,5.300000,2025,6.000000,1.132075,14004630.566038
aam,2022,house-of-the-dragon-103,2022,16,12640928,2385080.754717,5.300000,2025,6.000000,1.132075,14310484.528302
aam,2022,house-of-the-dragon-110,2022,1,3296936,622063.396226,5.300000,2025,6.000000,1.132075,3732380.377358
aam,2022,house-of-the-dragon-110,2022,2,4686590,884262.264151,5.300000,2025,6.000000,1.132075,5305573.584906
aam,2022,house-of-the-dragon-110,2022,3,5621920,1060739.622642,5.300000,2025,6.000000,1.132075,6364437.735849
aam,2022,house-of-the-dragon-110,2022,4,6391613,1205964.716981,5.300000,2025,6.000000,1.132075,7235788.301887
aam,2022,house-of-the-dragon-110,2022,5,7041290,1328545.283019,5.300000,2025,6.000000,1.132075,7971271.698113
aam,2022,house-of-the-dragon-110,2022,6,7626588,1438978.867925,5.300000,2025,6.000000,1.132075,8633873.207547
aam,2022,house-of-the-dragon-110,2022,7,8159089,1539450.754717,5.300000,2025,6.000000,1.132075,9236704.528302
aam,2022,house-of-the-dragon-110,2022,8,8670995,1636036.792453,5.300000,2025,6.000000,1.132075,9816220.754717
aam,2022,house-of-the-dragon-110,2022,9,9087995,1714716.037736,5.300000,2025,6.000000,1.132075,10288296.226415
aam,2022,house-of-the-dragon-110,2022,10,9492891,1791111.509434,5.300000,2025,6.000000,1.132075,10746669.056604
aam,2022,house-of-the-dragon-110,2022,11,9756614,1840870.566038,5.300000,2025,6.000000,1.132075,11045223.396226
aam,2022,house-of-the-dragon-110,2022,12,10069876,1899976.603774,5.300000,2025,6.000000,1.132075,11399859.622642
aam,2022,house-of-the-dragon-110,2022,13,10495637,1980308.867925,5.300000,2025,6.000000,1.132075,11881853.207547
aam,2022,house-of-the-dragon-110,2022,14,10894429,2055552.641509,5.300000,2025,6.000000,1.132075,12333315.849057
aam,2022,house-of-the-dragon-110,2022,15,10965575,2068976.415094,5.300000,2025,6.000000,1.132075,12413858.490566
aam,2022,house-of-the-dragon-110,2022,16,11042916,2083569.056604,5.300000,2025,6.000000,1.132075,12501414.339623
aam,2022,house-of-the-dragon-110,2022,17,11406589,2152186.603774,5.300000,2025,6.000000,1.132075,12913119.622642
aam,2022,house-of-the-dragon-110,2022,18,11759260,2218728.301887,5.300000,2025,6.000000,1.132075,13312369.811321
aam,2022,house-of-the-dragon-110,2022,19,12082979,2279807.358491,5.300000,2025,6.000000,1.132075,13678844.150943
aam,2022,house-of-the-dragon-110,2022,20,12405859,2340728.113208,5.300000,2025,6.000000,1.132075,14044368.679245
aam,2022,house-of-the-dragon-110,2022,21,12740986,2403959.622642,5.300000,2025,6.000000,1.132075,14423757.735849
aam,2022,house-of-the-dragon-110,2022,22,13081036,2468120.000000,5.300000,2025,6.000000,1.132075,14808720.000000
aam,2022,house-of-the-dragon-110,2022,23,13383062,2525106.037736,5.300000,2025,6.000000,1.132075,15150636.226415
aam,2022,house-of-the-dragon-110,2022,24,13680988,2581318.490566,5.300000,2025,6.000000,1.132075,15487910.943396
aam,2022,house-of-the-dragon-110,2022,25,14006466,2642729.433962,5.300000,2025,6.000000,1.132075,15856376.603774
aam,2022,house-of-the-dragon-110,2022,26,14316316,2701191.698113,5.300000,2025,6.000000,1.132075,16207150.188679
aam,2022,old-man-107,2022,1,371665,70125.471698,5.300000,2025,6.000000,1.132075,420752.830189
aam,2022,old-man-107,2022,2,648746,122404.905660,5.300000,2025,6.000000,1.132075,734429.433962
aam,2022,old-man-107,2022,3,886676,167297.358491,5.300000,2025,6.000000,1.132075,1003784.150943
aam,2022,old-man-107,2022,4,1104160,208332.075472,5.300000,2025,6.000000,1.132075,1249992.452830
aam,2022,old-man-107,2022,5,1313573,247843.962264,5.300000,2025,6.000000,1.132075,1487063.773585
aam,2022,old-man-107,2022,6,1502821,283551.132075,5.300000,2025,6.000000,1.132075,1701306.792453
aam,2022,old-man-107,2022,7,1661856,313557.735849,5.300000,2025,6.000000,1.132075,1881346.415094
aam,2022,old-man-107,2022,8,1825125,344363.207547,5.300000,2025,6.000000,1.132075,2066179.245283
aam,2022,old-man-107,2022,9,1975591,372753.018868,5.300000,2025,6.000000,1.132075,2236518.113208
aam,2022,old-man-107,2022,10,2133498,402546.792453,5.300000,2025,6.000000,1.132075,2415280.754717
aam,2022,pantheon-108,2022,1,49770,9390.566038,5.300000,2025,6.000000,1.132075,56343.396226
aam,2022,pantheon-108,2022,2,111919,21116.792453,5.300000,2025,6.000000,1.132075,126700.754717
aam,2022,pantheon-108,2022,3,171448,32348.679245,5.300000,2025,6.000000,1.132075,194092.075472
aam,2022,pantheon-108,2022,4,224912,42436.226415,5.300000,2025,6.000000,1.132075,254617.358491
aam,2022,pantheon-108,2022,5,283498,53490.188679,5.300000,2025,6.000000,1.132075,320941.132075
aam,2022,pantheon-108,2022,6,344261,64954.905660,5.300000,2025,6.000000,1.132075,389729.433962
aam,2022,pantheon-108,2022,7,403348,76103.396226,5.300000,2025,6.000000,1.132075,456620.377358
aam,2022,pantheon-108,2022,8,469328,88552.452830,5.300000,2025,6.000000,1.132075,531314.716981
aam,2022,pantheon-108,2022,9,525495,99150.000000,5.300000,2025,6.000000,1.132075,594900.000000
aam,2022,pantheon-108,2022,10,573180,108147.169811,5.300000,2025,6.000000,1.132075,648883.018868
aam,2022,reservation-dogs-201,2022,1,102244,19291.320755,5.300000,2025,6.000000,1.132075,115747.924528
aam,2022,reservation-dogs-201,2022,2,219449,41405.471698,5.300000,2025,6.000000,1.132075,248432.830189
aam,2022,reservation-dogs-201,2022,3,333046,62838.867925,5.300000,2025,6.000000,1.132075,377033.207547
aam,2022,reservation-dogs-201,2022,4,441793,83357.169811,5.300000,2025,6.000000,1.132075,500143.018868
aam,2022,reservation-dogs-201,2022,5,534148,100782.641509,5.300000,2025,6.000000,1.132075,604695.849057
aam,2022,reservation-dogs-201,2022,6,637435,120270.754717,5.300000,2025,6.000000,1.132075,721624.528302
aam,2022,reservation-dogs-201,2022,7,752197,141923.962264,5.300000,2025,6.000000,1.132075,851543.773585
aam,2022,reservation-dogs-201,2022,8,848306,160057.735849,5.300000,2025,6.000000,1.132075,960346.415094
aam,2022,reservation-dogs-201,2022,9,929744,175423.396226,5.300000,2025,6.000000,1.132075,1052540.377358
aam,2022,reservation-dogs-201,2022,10,994921,187720.943396,5.300000,2025,6.000000,1.132075,1126325.660377
aam,2022,spider-man-no-way-home,2022,1,7595136,1433044.528302,5.300000,2025,6.000000,1.132075,8598267.169811
aam,2022,spider-man-no-way-home,2022,2,11462813,2162794.905660,5.300000,2025,6.000000,1.132075,12976769.433962
aam,2022,spider-man-no-way-home,2022,3,14645481,2763298.301887,5.300000,2025,6.000000,1.132075,16579789.811321
aam,2022,spider-man-no-way-home,2022,4,16967814,3201474.339623,5.300000,2025,6.000000,1.132075,19208846.037736
aam,2022,spider-man-no-way-home,2022,5,18977221,3580607.735849,5.300000,2025,6.000000,1.132075,21483646.415094
aam,2022,spider-man-no-way-home,2022,6,20780974,3920938.490566,5.300000,2025,6.000000,1.132075,23525630.943396
aam,2022,spider-man-no-way-home,2022,7,22339742,4215045.660377,5.300000,2025,6.000000,1.132075,25290273.962264
aam,2022,spider-man-no-way-home,2022,8,23840515,4498210.377358,5.300000,2025,6.000000,1.132075,26989262.264151
aam,2022,spider-man-no-way-home,2022,9,25239166,4762106.792453,5.300000,2025,6.000000,1.132075,28572640.754717
aam,2022,spider-man-no-way-home,2022,10,26506590,5001243.396226,5.300000,2025,6.000000,1.132075,30007460.377358
aam,2022,spider-man-no-way-home,2022,11,27652164,5217389.433962,5.300000,2025,6.000000,1.132075,31304336.603774
aam,2022,spider-man-no-way-home,2022,12,28716773,5418259.056604,5.300000,2025,6.000000,1.132075,32509554.339623
aam,2022,spider-man-no-way-home,2022,13,29712464,5606125.283019,5.300000,2025,6.000000,1.132075,33636751.698113
aam,2022,spider-man-no-way-home,2022,14,30643250,5781745.283019,5.300000,2025,6.000000,1.132075,34690471.698113
aam,2022,spider-man-no-way-home,2022,15,31586146,5959650.188679,5.300000,2025,6.000000,1.132075,35757901.132075
aam,2022,spider-man-no-way-home,2022,16,32571670,6145598.113208,5.300000,2025,6.000000,1.132075,36873588.679245
aam,2022,spider-man-no-way-home,2022,17,33520601,6324641.698113,5.300000,2025,6.000000,1.132075,37947850.188679
aam,2022,spider-man-no-way-home,2022,18,34412261,6492879.433962,5.300000,2025,6.000000,1.132075,38957276.603774
aam,2022,spider-man-no-way-home,2022,19,35239219,6648909.245283,5.300000,2025,6.000000,1.132075,39893455.471698
aam,2022,spider-man-no-way-home,2022,20,36020897,6796395.660377,5.300000,2025,6.000000,1.132075,40778373.962264
aam,2022,spider-man-no-way-home,2022,21,36780717,6939757.924528,5.300000,2025,6.000000,1.132075,41638547.547170
aam,2022,spider-man-no-way-home,2022,22,37508936,7077157.735849,5.300000,2025,6.000000,1.132075,42462946.415094
aam,2022,spider-man-no-way-home,2022,23,38216279,7210618.679245,5.300000,2025,6.000000,1.132075,43263712.075472
aam,2022,spider-man-no-way-home,2022,24,38940209,7347209.245283,5.300000,2025,6.000000,1.132075,44083255.471698
aam,2022,spider-man-no-way-home,2022,25,39628832,7477138.113208,5.300000,2025,6.000000,1.132075,44862828.679245
aam,2022,spider-man-no-way-home,2022,26,40321275,7607787.735849,5.300000,2025,6.000000,1.132075,45646726.415094
aam,2022,station-eleven-110,2022,1,64901,12245.471698,5.300000,2025,6.000000,1.132075,73472.830189
aam,2022,tokyo-vice-01,2022,1,388431,73288.867925,5.300000,2025,6.000000,1.132075,439733.207547
aam,2022,tokyo-vice-01,2022,2,746374,140825.283019,5.300000,2025,6.000000,1.132075,844951.698113
aam,2022,tokyo-vice-01,2022,3,1039676,196165.283019,5.300000,2025,6.000000,1.132075,1176991.698113
aam,2022,tokyo-vice-01,2022,4,1477143,278706.226415,5.300000,2025,6.000000,1.132075,1672237.358491
aam,2022,tokyo-vice-01,2022,5,1795219,338720.566038,5.300000,2025,6.000000,1.132075,2032323.396226
aam,2022,tokyo-vice-01,2022,6,2072022,390947.547170,5.300000,2025,6.000000,1.132075,2345685.283019
aam,2022,tokyo-vice-01,2022,7,2318408,437435.471698,5.300000,2025,6.000000,1.132075,2624612.830189
aam,2022,tokyo-vice-01,2022,8,2550389,481205.471698,5.300000,2025,6.000000,1.132075,2887232.830189
aam,2022,tokyo-vice-01,2022,9,2778385,524223.584906,5.300000,2025,6.000000,1.132075,3145341.509434
aam,2022,tokyo-vice-01,2022,10,2975463,561408.113208,5.300000,2025,6.000000,1.132075,3368448.679245
aam,2022,tokyo-vice-01,2022,11,3179745,599951.886792,5.300000,2025,6.000000,1.132075,3599711.320755
aam,2022,tokyo-vice-01,2022,12,3400460,641596.226415,5.300000,2025,6.000000,1.132075,3849577.358491
aam,2022,tokyo-vice-01,2022,13,3640353,686859.056604,5.300000,2025,6.000000,1.132075,4121154.339623
aam,2022,tokyo-vice-01,2022,14,3853289,727035.660377,5.300000,2025,6.000000,1.132075,4362213.962264
aam,2022,tokyo-vice-01,2022,15,4056583,765393.018868,5.300000,2025,6.000000,1.132075,4592358.113208
aam,2022,turning-red,2022,1,2347235,442874.528302,5.300000,2025,6.000000,1.132075,2657247.169811
aam,2022,turning-red,2022,2,3808283,718543.962264,5.300000,2025,6.000000,1.132075,4311263.773585
aam,2022,turning-red,2022,3,5412883,1021298.679245,5.300000,2025,6.000000,1.132075,6127792.075472
aam,2022,turning-red,2022,4,6482574,1223127.169811,5.300000,2025,6.000000,1.132075,7338763.018868
aam,2022,turning-red,2022,5,7538521,1422362.452830,5.300000,2025,6.000000,1.132075,8534174.716981
aam,2022,turning-red,2022,6,8476679,1599373.396226,5.300000,2025,6.000000,1.132075,9596240.377358
aam,2022,turning-red,2022,7,9291676,1753146.415094,5.300000,2025,6.000000,1.132075,10518878.490566
aam,2022,turning-red,2022,8,9994693,1885791.132075,5.300000,2025,6.000000,1.132075,11314746.792453
aam,2022,turning-red,2022,9,10564004,1993208.301887,5.300000,2025,6.000000,1.132075,11959249.811321
aam,2022,turning-red,2022,10,11084864,2091483.773585,5.300000,2025,6.000000,1.132075,12548902.641509
aam,2022,turning-red,2022,11,11587646,2186348.301887,5.300000,2025,6.000000,1.132075,13118089.811321
aam,2022,turning-red,2022,12,12047968,2273201.509434,5.300000,2025,6.000000,1.132075,13639209.056604
aam,2022,turning-red,2022,13,12468709,2352586.603774,5.300000,2025,6.000000,1.132075,14115519.622642
aam,2022,turning-red,2022,14,12877038,2429629.811321,5.300000,2025,6.000000,1.132075,14577778.867925
aam,2022,turning-red,2022,15,13279797,2505622.075472,5.300000,2025,6.000000,1.132075,15033732.452830
aam,2022,walking-dead-1124,2022,1,771892,145640.000000,5.300000,2025,6.000000,1.132075,873840.000000
aam,2022,walking-dead-1124,2022,2,1150394,217055.471698,5.300000,2025,6.000000,1.132075,1302332.830189
aam,2022,walking-dead-1124,2022,3,1450445,273668.867925,5.300000,2025,6.000000,1.132075,1642013.207547
aam,2022,walking-dead-1124,2022,4,1719493,324432.641509,5.300000,2025,6.000000,1.132075,1946595.849057
aam,2022,walking-dead-1124,2022,5,1974828,372609.056604,5.300000,2025,6.000000,1.132075,2235654.339623
aam,2022,walking-dead-1124,2022,6,2190446,413291.698113,5.300000,2025,6.000000,1.132075,2479750.188679
aam,2022,walking-dead-1124,2022,7,2401761,453162.452830,5.300000,2025,6.000000,1.132075,2718974.716981
aam,2022,walking-dead-1124,2022,8,2606506,491793.584906,5.300000,2025,6.000000,1.132075,2950761.509434
aam,2022,walking-dead-1124,2022,9,2824287,532884.339623,5.300000,2025,6.000000,1.132075,3197306.037736
aam,2022,walking-dead-1124,2022,10,3041057,573784.339623,5.300000,2025,6.000000,1.132075,3442706.037736
aam,2022,westworld-401,2022,1,613706,115793.584906,5.300000,2025,6.000000,1.132075,694761.509434
aam,2022,westworld-401,2022,2,936276,176655.849057,5.300000,2025,6.000000,1.132075,1059935.094340
aam,2022,westworld-401,2022,3,1190445,224612.264151,5.300000,2025,6.000000,1.132075,1347673.584906
aam,2022,westworld-401,2022,4,1416516,267267.169811,5.300000,2025,6.000000,1.132075,1603603.018868
aam,2022,westworld-401,2022,5,1607238,303252.452830,5.300000,2025,6.000000,1.132075,1819514.716981
aam,2022,westworld-401,2022,6,1782677,336354.150943,5.300000,2025,6.000000,1.132075,2018124.905660
aam,2022,westworld-401,2022,7,1942111,366436.037736,5.300000,2025,6.000000,1.132075,2198616.226415
aam,2022,westworld-401,2022,8,2105674,397296.981132,5.300000,2025,6.000000,1.132075,2383781.886792
aam,2022,westworld-401,2022,9,2234891,421677.547170,5.300000,2025,6.000000,1.132075,2530065.283019
aam,2022,westworld-401,2022,10,2360747,445423.962264,5.300000,2025,6.000000,1.132075,2672543.773585
aam,2022,westworld-408,2022,1,722781,136373.773585,5.300000,2025,6.000000,1.132075,818242.641509
aam,2022,westworld-408,2022,2,1094729,206552.641509,5.300000,2025,6.000000,1.132075,1239315.849057
aam,2022,westworld-408,2022,3,1400039,264158.301887,5.300000,2025,6.000000,1.132075,1584949.811321
aam,2022,westworld-408,2022,4,1665455,314236.792453,5.300000,2025,6.000000,1.132075,1885420.754717
aam,2022,westworld-408,2022,5,1903121,359079.433962,5.300000,2025,6.000000,1.132075,2154476.603774
aam,2022,westworld-408,2022,6,2123395,400640.566038,5.300000,2025,6.000000,1.132075,2403843.396226
aam,2022,westworld-408,2022,7,2339760,441464.150943,5.300000,2025,6.000000,1.132075,2648784.905660
aam,2022,westworld-408,2022,8,2548194,480791.320755,5.300000,2025,6.000000,1.132075,2884747.924528
aam,2022,westworld-408,2022,9,2749970,518862.264151,5.300000,2025,6.000000,1.132075,3113173.584906
aam,2022,westworld-408,2022,10,2947533,556138.301887,5.300000,2025,6.000000,1.132075,3336829.811321
aam,2022,yellowstone-505,2022,1,232701,43905.849057,5.300000,2025,6.000000,1.132075,263435.094340
aam,2023,ahsoka-101,2023,1,2119457,392492.037037,5.400000,2025,6.000000,1.111111,2354952.222222
aam,2023,ahsoka-101,2023,2,3113511,576576.111111,5.400000,2025,6.000000,1.111111,3459456.666667
aam,2023,ahsoka-101,2023,3,4004162,741511.481481,5.400000,2025,6.000000,1.111111,4449068.888889
aam,2023,ahsoka-101,2023,4,4735968,877031.111111,5.400000,2025,6.000000,1.111111,5262186.666667
aam,2023,ahsoka-101,2023,5,5590753,1035324.629630,5.400000,2025,6.000000,1.111111,6211947.777778
aam,2023,ahsoka-101,2023,6,6434941,1191655.740741,5.400000,2025,6.000000,1.111111,7149934.444444
aam,2023,ahsoka-101,2023,7,7033578,1302514.444444,5.400000,2025,6.000000,1.111111,7815086.666667
aam,2023,ahsoka-101,2023,8,7683812,1422928.148148,5.400000,2025,6.000000,1.111111,8537568.888889
aam,2023,ahsoka-101,2023,9,8278562,1533067.037037,5.400000,2025,6.000000,1.111111,9198402.222222
aam,2023,ahsoka-101,2023,10,9155720,1695503.703704,5.400000,2025,6.000000,1.111111,10173022.222222
aam,2023,ahsoka-101,2023,11,10161693,1881795.000000,5.400000,2025,6.000000,1.111111,11290770.000000
aam,2023,ahsoka-101,2023,12,11122184,2059663.703704,5.400000,2025,6.000000,1.111111,12357982.222222
aam,2023,ahsoka-101,2023,13,12172981,2254255.740741,5.400000,2025,6.000000,1.111111,13525534.444444
aam,2023,ahsoka-101,2023,14,13132011,2431853.888889,5.400000,2025,6.000000,1.111111,14591123.333333
aam,2023,ahsoka-101,2023,15,14031639,2598451.666667,5.400000,2025,6.000000,1.111111,15590710.000000
aam,2023,ahsoka-101,2023,16,14916334,2762284.074074,5.400000,2025,6.000000,1.111111,16573704.444444
aam,2023,ahsoka-101,2023,17,15876391,2940072.407407,5.400000,2025,6.000000,1.111111,17640434.444444
aam,2023,ahsoka-101,2023,18,16766042,3104822.592593,5.400000,2025,6.000000,1.111111,18628935.555556
aam,2023,ahsoka-101,2023,19,17729820,3283300.000000,5.400000,2025,6.000000,1.111111,19699800.000000
aam,2023,ahsoka-101,2023,20,18795434,3480635.925926,5.400000,2025,6.000000,1.111111,20883815.555556
aam,2023,ahsoka-101,2023,21,19823619,3671040.555556,5.400000,2025,6.000000,1.111111,22026243.333333
aam,2023,ahsoka-101,2023,22,20733622,3839559.629630,5.400000,2025,6.000000,1.111111,23037357.777778
aam,2023,ahsoka-101,2023,23,21606356,4001177.037037,5.400000,2025,6.000000,1.111111,24007062.222222
aam,2023,ahsoka-101,2023,24,22559151,4177620.555556,5.400000,2025,6.000000,1.111111,25065723.333333
aam,2023,ahsoka-101,2023,25,23533361,4358029.814815,5.400000,2025,6.000000,1.111111,26148178.888889
aam,2023,ahsoka-101,2023,26,24346849,4508675.740741,5.400000,2025,6.000000,1.111111,27052054.444444
aam,2023,ahsoka-108,2023,1,1598275,295976.851852,5.400000,2025,6.000000,1.111111,1775861.111111
aam,2023,ahsoka-108,2023,2,2409293,446165.370370,5.400000,2025,6.000000,1.111111,2676992.222222
aam,2023,ahsoka-108,2023,3,3074488,569349.629630,5.400000,2025,6.000000,1.111111,3416097.777778
aam,2023,ahsoka-108,2023,4,3928674,727532.222222,5.400000,2025,6.000000,1.111111,4365193.333333
aam,2023,ahsoka-108,2023,5,4879357,903584.629630,5.400000,2025,6.000000,1.111111,5421507.777778
aam,2023,ahsoka-108,2023,6,5832326,1080060.370370,5.400000,2025,6.000000,1.111111,6480362.222222
aam,2023,ahsoka-108,2023,7,6864105,1271130.555556,5.400000,2025,6.000000,1.111111,7626783.333333
aam,2023,ahsoka-108,2023,8,7824636,1449006.666667,5.400000,2025,6.000000,1.111111,8694040.000000
aam,2023,ahsoka-108,2023,9,8793217,1628373.518519,5.400000,2025,6.000000,1.111111,9770241.111111
aam,2023,ahsoka-108,2023,10,9684741,1793470.555556,5.400000,2025,6.000000,1.111111,10760823.333333
aam,2023,ahsoka-108,2023,11,10589125,1960949.074074,5.400000,2025,6.000000,1.111111,11765694.444444
aam,2023,ahsoka-108,2023,12,11450695,2120499.074074,5.400000,2025,6.000000,1.111111,12722994.444444
aam,2023,ahsoka-108,2023,13,12389565,2294363.888889,5.400000,2025,6.000000,1.111111,13766183.333333
aam,2023,ahsoka-108,2023,14,13357199,2473555.370370,5.400000,2025,6.000000,1.111111,14841332.222222
aam,2023,ahsoka-108,2023,15,14320285,2651904.629630,5.400000,2025,6.000000,1.111111,15911427.777778
aam,2023,ahsoka-108,2023,16,15274602,2828630.000000,5.400000,2025,6.000000,1.111111,16971780.000000
aam,2023,ahsoka-108,2023,17,16157828,2992190.370370,5.400000,2025,6.000000,1.111111,17953142.222222
aam,2023,ahsoka-108,2023,18,17058520,3158985.185185,5.400000,2025,6.000000,1.111111,18953911.111111
aam,2023,ahsoka-108,2023,19,17968850,3327564.814815,5.400000,2025,6.000000,1.111111,19965388.888889
aam,2023,ahsoka-108,2023,20,18805909,3482575.740741,5.400000,2025,6.000000,1.111111,20895454.444444
aam,2023,ahsoka-108,2023,21,19788598,3664555.185185,5.400000,2025,6.000000,1.111111,21987331.111111
aam,2023,ahsoka-108,2023,22,21090525,3905652.777778,5.400000,2025,6.000000,1.111111,23433916.666667
aam,2023,ahsoka-108,2023,23,22487982,4164441.111111,5.400000,2025,6.000000,1.111111,24986646.666667
aam,2023,ahsoka-108,2023,24,23883367,4422845.740741,5.400000,2025,6.000000,1.111111,26537074.444444
aam,2023,ahsoka-108,2023,25,25104752,4649028.148148,5.400000,2025,6.000000,1.111111,27894168.888889
aam,2023,ahsoka-108,2023,26,26053245,4824675.000000,5.400000,2025,6.000000,1.111111,28948050.000000
aam,2023,american-born-chinese-01,2023,1,286224,53004.444444,5.400000,2025,6.000000,1.111111,318026.666667
aam,2023,american-born-chinese-01,2023,2,485785,89960.185185,5.400000,2025,6.000000,1.111111,539761.111111
aam,2023,american-born-chinese-01,2023,3,672419,124522.037037,5.400000,2025,6.000000,1.111111,747132.222222
aam,2023,american-born-chinese-01,2023,4,853026,157967.777778,5.400000,2025,6.000000,1.111111,947806.666667
aam,2023,american-born-chinese-01,2023,5,1038708,192353.333333,5.400000,2025,6.000000,1.111111,1154120.000000
aam,2023,american-born-chinese-01,2023,6,1200381,222292.777778,5.400000,2025,6.000000,1.111111,1333756.666667
aam,2023,american-born-chinese-01,2023,7,1365911,252946.481481,5.400000,2025,6.000000,1.111111,1517678.888889
aam,2023,american-born-chinese-01,2023,8,1538206,284852.962963,5.400000,2025,6.000000,1.111111,1709117.777778
aam,2023,american-born-chinese-01,2023,9,1701259,315047.962963,5.400000,2025,6.000000,1.111111,1890287.777778
aam,2023,american-born-chinese-01,2023,10,1861397,344703.148148,5.400000,2025,6.000000,1.111111,2068218.888889
aam,2023,american-born-chinese-01,2023,11,2014657,373084.629630,5.400000,2025,6.000000,1.111111,2238507.777778
aam,2023,american-born-chinese-01,2023,12,2165368,400994.074074,5.400000,2025,6.000000,1.111111,2405964.444444
aam,2023,american-born-chinese-01,2023,13,2316288,428942.222222,5.400000,2025,6.000000,1.111111,2573653.333333
aam,2023,american-born-chinese-01,2023,14,2464063,456307.962963,5.400000,2025,6.000000,1.111111,2737847.777778
aam,2023,american-born-chinese-01,2023,15,2603253,482083.888889,5.400000,2025,6.000000,1.111111,2892503.333333
aam,2023,and-just-like-that-201,2023,1,217586,40293.703704,5.400000,2025,6.000000,1.111111,241762.222222
aam,2023,and-just-like-that-201,2023,2,412643,76415.370370,5.400000,2025,6.000000,1.111111,458492.222222
aam,2023,and-just-like-that-201,2023,3,574952,106472.592593,5.400000,2025,6.000000,1.111111,638835.555556
aam,2023,and-just-like-that-201,2023,4,735455,136195.370370,5.400000,2025,6.000000,1.111111,817172.222222
aam,2023,and-just-like-that-201,2023,5,877484,162497.037037,5.400000,2025,6.000000,1.111111,974982.222222
aam,2023,and-just-like-that-201,2023,6,1020160,188918.518519,5.400000,2025,6.000000,1.111111,1133511.111111
aam,2023,and-just-like-that-201,2023,7,1162038,215192.222222,5.400000,2025,6.000000,1.111111,1291153.333333
aam,2023,and-just-like-that-201,2023,8,1297734,240321.111111,5.400000,2025,6.000000,1.111111,1441926.666667
aam,2023,and-just-like-that-201,2023,9,1436868,266086.666667,5.400000,2025,6.000000,1.111111,1596520.000000
aam,2023,and-just-like-that-201,2023,10,1579698,292536.666667,5.400000,2025,6.000000,1.111111,1755220.000000
aam,2023,and-just-like-that-201,2023,11,1707024,316115.555556,5.400000,2025,6.000000,1.111111,1896693.333333
aam,2023,and-just-like-that-201,2023,12,1926500,356759.259259,5.400000,2025,6.000000,1.111111,2140555.555556
aam,2023,and-just-like-that-201,2023,13,2142086,396682.592593,5.400000,2025,6.000000,1.111111,2380095.555556
aam,2023,and-just-like-that-201,2023,14,2343273,433939.444444,5.400000,2025,6.000000,1.111111,2603636.666667
aam,2023,and-just-like-that-201,2023,15,2583982,478515.185185,5.400000,2025,6.000000,1.111111,2871091.111111
aam,2023,and-just-like-that-201,2023,16,2807970,519994.444444,5.400000,2025,6.000000,1.111111,3119966.666667
aam,2023,and-just-like-that-211,2023,1,167432,31005.925926,5.400000,2025,6.000000,1.111111,186035.555556
aam,2023,and-just-like-that-211,2023,2,280625,51967.592593,5.400000,2025,6.000000,1.111111,311805.555556
aam,2023,and-just-like-that-211,2023,3,416812,77187.407407,5.400000,2025,6.000000,1.111111,463124.444444
aam,2023,and-just-like-that-211,2023,4,583415,108039.814815,5.400000,2025,6.000000,1.111111,648238.888889
aam,2023,and-just-like-that-211,2023,5,721712,133650.370370,5.400000,2025,6.000000,1.111111,801902.222222
aam,2023,and-just-like-that-211,2023,6,877941,162581.666667,5.400000,2025,6.000000,1.111111,975490.000000
aam,2023,and-just-like-that-211,2023,7,1028368,190438.518519,5.400000,2025,6.000000,1.111111,1142631.111111
aam,2023,and-just-like-that-211,2023,8,1188010,220001.851852,5.400000,2025,6.000000,1.111111,1320011.111111
aam,2023,and-just-like-that-211,2023,9,1329935,246284.259259,5.400000,2025,6.000000,1.111111,1477705.555556
aam,2023,and-just-like-that-211,2023,10,1580071,292605.740741,5.400000,2025,6.000000,1.111111,1755634.444444
aam,2023,beacon-23-101,2023,1,566796,104962.222222,5.400000,2025,6.000000,1.111111,629773.333333
aam,2023,beacon-23-101,2023,2,1160637,214932.777778,5.400000,2025,6.000000,1.111111,1289596.666667
aam,2023,beacon-23-101,2023,3,1719630,318450.000000,5.400000,2025,6.000000,1.111111,1910700.000000
aam,2023,beacon-23-101,2023,4,2209617,409188.333333,5.400000,2025,6.000000,1.111111,2455130.000000
aam,2023,beacon-23-101,2023,5,2758883,510904.259259,5.400000,2025,6.000000,1.111111,3065425.555556
aam,2023,beacon-23-101,2023,6,3226983,597589.444444,5.400000,2025,6.000000,1.111111,3585536.666667
aam,2023,beacon-23-101,2023,7,3671566,679919.629630,5.400000,2025,6.000000,1.111111,4079517.777778
aam,2023,beacon-23-101,2023,8,4208925,779430.555556,5.400000,2025,6.000000,1.111111,4676583.333333
aam,2023,beacon-23-101,2023,9,4738219,877447.962963,5.400000,2025,6.000000,1.111111,5264687.777778
aam,2023,beacon-23-101,2023,10,5226151,967805.740741,5.400000,2025,6.000000,1.111111,5806834.444444
aam,2023,beacon-23-101,2023,11,5655324,1047282.222222,5.400000,2025,6.000000,1.111111,6283693.333333
aam,2023,beacon-23-101,2023,12,6090142,1127804.074074,5.400000,2025,6.000000,1.111111,6766824.444444
aam,2023,beacon-23-101,2023,13,6563118,1215392.222222,5.400000,2025,6.000000,1.111111,7292353.333333
aam,2023,beacon-23-101,2023,14,6883391,1274702.037037,5.400000,2025,6.000000,1.111111,7648212.222222
aam,2023,beacon-23-101,2023,15,7405170,1371327.777778,5.400000,2025,6.000000,1.111111,8227966.666667
aam,2023,beacon-23-108,2023,1,273395,50628.703704,5.400000,2025,6.000000,1.111111,303772.222222
aam,2023,beacon-23-108,2023,2,810330,150061.111111,5.400000,2025,6.000000,1.111111,900366.666667
aam,2023,beacon-23-108,2023,3,1286986,238330.740741,5.400000,2025,6.000000,1.111111,1429984.444444
aam,2023,beacon-23-108,2023,4,1833048,339453.333333,5.400000,2025,6.000000,1.111111,2036720.000000
aam,2023,beacon-23-108,2023,5,2323410,430261.111111,5.400000,2025,6.000000,1.111111,2581566.666667
aam,2023,beacon-23-108,2023,6,2791923,517022.777778,5.400000,2025,6.000000,1.111111,3102136.666667
aam,2023,beacon-23-108,2023,7,3302426,611560.370370,5.400000,2025,6.000000,1.111111,3669362.222222
aam,2023,beacon-23-108,2023,8,3826549,708620.185185,5.400000,2025,6.000000,1.111111,4251721.111111
aam,2023,beacon-23-108,2023,9,4195806,777001.111111,5.400000,2025,6.000000,1.111111,4662006.666667
aam,2023,beacon-23-108,2023,10,4782231,885598.333333,5.400000,2025,6.000000,1.111111,5313590.000000
aam,2023,beacon-23-108,2023,11,5413056,1002417.777778,5.400000,2025,6.000000,1.111111,6014506.666667
aam,2023,beacon-23-108,2023,12,6154952,1139805.925926,5.400000,2025,6.000000,1.111111,6838835.555556
aam,2023,beacon-23-108,2023,13,6961301,1289129.814815,5.400000,2025,6.000000,1.111111,7734778.888889
aam,2023,beacon-23-108,2023,14,7691643,1424378.333333,5.400000,2025,6.000000,1.111111,8546270.000000
aam,2023,beacon-23-108,2023,15,8270243,1531526.481481,5.400000,2025,6.000000,1.111111,9189158.888889
aam,2023,blue-eye-samurai-01,2023,1,287042,53155.925926,5.400000,2025,6.000000,1.111111,318935.555556
aam,2023,blue-eye-samurai-01,2023,2,811899,150351.666667,5.400000,2025,6.000000,1.111111,902110.000000
aam,2023,blue-eye-samurai-01,2023,3,1356228,251153.333333,5.400000,2025,6.000000,1.111111,1506920.000000
aam,2023,blue-eye-samurai-01,2023,4,1886713,349391.296296,5.400000,2025,6.000000,1.111111,2096347.777778
aam,2023,blue-eye-samurai-01,2023,5,2382534,441210.000000,5.400000,2025,6.000000,1.111111,2647260.000000
aam,2023,blue-eye-samurai-01,2023,6,2869021,531300.185185,5.400000,2025,6.000000,1.111111,3187801.111111
aam,2023,blue-eye-samurai-01,2023,7,3341623,618819.074074,5.400000,2025,6.000000,1.111111,3712914.444444
aam,2023,blue-eye-samurai-01,2023,8,3787377,701366.111111,5.400000,2025,6.000000,1.111111,4208196.666667
aam,2023,blue-eye-samurai-01,2023,9,4299510,796205.555556,5.400000,2025,6.000000,1.111111,4777233.333333
aam,2023,blue-eye-samurai-01,2023,10,4800356,888954.814815,5.400000,2025,6.000000,1.111111,5333728.888889
aam,2023,citadel-101,2023,1,909497,168425.370370,5.400000,2025,6.000000,1.111111,1010552.222222
aam,2023,citadel-101,2023,2,1560963,289067.222222,5.400000,2025,6.000000,1.111111,1734403.333333
aam,2023,citadel-101,2023,3,2040941,377952.037037,5.400000,2025,6.000000,1.111111,2267712.222222
aam,2023,citadel-101,2023,4,2454497,454536.481481,5.400000,2025,6.000000,1.111111,2727218.888889
aam,2023,citadel-101,2023,5,2803696,519202.962963,5.400000,2025,6.000000,1.111111,3115217.777778
aam,2023,citadel-101,2023,6,3065816,567743.703704,5.400000,2025,6.000000,1.111111,3406462.222222
aam,2023,citadel-101,2023,7,3326662,616048.518519,5.400000,2025,6.000000,1.111111,3696291.111111
aam,2023,citadel-101,2023,8,3574992,662035.555556,5.400000,2025,6.000000,1.111111,3972213.333333
aam,2023,citadel-106,2023,1,607926,112578.888889,5.400000,2025,6.000000,1.111111,675473.333333
aam,2023,citadel-106,2023,2,1006289,186349.814815,5.400000,2025,6.000000,1.111111,1118098.888889
aam,2023,citadel-106,2023,3,1336552,247509.629630,5.400000,2025,6.000000,1.111111,1485057.777778
aam,2023,citadel-106,2023,4,1638223,303374.629630,5.400000,2025,6.000000,1.111111,1820247.777778
aam,2023,citadel-106,2023,5,1928074,357050.740741,5.400000,2025,6.000000,1.111111,2142304.444444
aam,2023,citadel-106,2023,6,2187062,405011.481481,5.400000,2025,6.000000,1.111111,2430068.888889
aam,2023,citadel-106,2023,7,2435037,450932.777778,5.400000,2025,6.000000,1.111111,2705596.666667
aam,2023,citadel-106,2023,8,2668659,494196.111111,5.400000,2025,6.000000,1.111111,2965176.666667
aam,2023,citadel-106,2023,9,2898499,536759.074074,5.400000,2025,6.000000,1.111111,3220554.444444
aam,2023,citadel-106,2023,10,3117508,577316.296296,5.400000,2025,6.000000,1.111111,3463897.777778
aam,2023,citadel-106,2023,11,3332267,617086.481481,5.400000,2025,6.000000,1.111111,3702518.888889
aam,2023,citadel-106,2023,12,3366004,623334.074074,5.400000,2025,6.000000,1.111111,3740004.444444
aam,2023,fargo-501,2023,1,847401,156926.111111,5.400000,2025,6.000000,1.111111,941556.666667
aam,2023,fargo-501,2023,2,1669158,309103.333333,5.400000,2025,6.000000,1.111111,1854620.000000
aam,2023,fargo-501,2023,3,2405768,445512.592593,5.400000,2025,6.000000,1.111111,2673075.555556
aam,2023,fargo-501,2023,4,3139502,581389.259259,5.400000,2025,6.000000,1.111111,3488335.555556
aam,2023,fargo-501,2023,5,3800745,703841.666667,5.400000,2025,6.000000,1.111111,4223050.000000
aam,2023,fargo-501,2023,6,4480913,829798.703704,5.400000,2025,6.000000,1.111111,4978792.222222
aam,2023,fargo-501,2023,7,5318549,984916.481481,5.400000,2025,6.000000,1.111111,5909498.888889
aam,2023,fargo-501,2023,8,6103401,1130259.444444,5.400000,2025,6.000000,1.111111,6781556.666667
aam,2023,fargo-501,2023,9,6873297,1272832.777778,5.400000,2025,6.000000,1.111111,7636996.666667
aam,2023,fargo-501,2023,10,7593857,1406269.814815,5.400000,2025,6.000000,1.111111,8437618.888889
aam,2023,fargo-501,2023,11,8300705,1537167.592593,5.400000,2025,6.000000,1.111111,9223005.555556
aam,2023,fargo-501,2023,12,8969471,1661013.148148,5.400000,2025,6.000000,1.111111,9966078.888889
aam,2023,fargo-501,2023,13,9551042,1768711.481481,5.400000,2025,6.000000,1.111111,10612268.888889
aam,2023,fargo-501,2023,14,10204961,1889807.592593,5.400000,2025,6.000000,1.111111,11338845.555556
aam,2023,fargo-501,2023,15,11076786,2051256.666667,5.400000,2025,6.000000,1.111111,12307540.000000
aam,2023,for-all-mankind-401,2023,1,244702,45315.185185,5.400000,2025,6.000000,1.111111,271891.111111
aam,2023,for-all-mankind-401,2023,2,679807,125890.185185,5.400000,2025,6.000000,1.111111,755341.111111
aam,2023,for-all-mankind-401,2023,3,1270502,235278.148148,5.400000,2025,6.000000,1.111111,1411668.888889
aam,2023,for-all-mankind-401,2023,4,1847147,342064.259259,5.400000,2025,6.000000,1.111111,2052385.555556
aam,2023,for-all-mankind-401,2023,5,2399899,444425.740741,5.400000,2025,6.000000,1.111111,2666554.444444
aam,2023,for-all-mankind-401,2023,6,2902529,537505.370370,5.400000,2025,6.000000,1.111111,3225032.222222
aam,2023,for-all-mankind-401,2023,7,3447769,638475.740741,5.400000,2025,6.000000,1.111111,3830854.444444
aam,2023,for-all-mankind-401,2023,8,4056795,751258.333333,5.400000,2025,6.000000,1.111111,4507550.000000
aam,2023,for-all-mankind-401,2023,9,4676982,866107.777778,5.400000,2025,6.000000,1.111111,5196646.666667
aam,2023,for-all-mankind-401,2023,10,5277241,977266.851852,5.400000,2025,6.000000,1.111111,5863601.111111
aam,2023,for-all-mankind-401,2023,11,5774122,1069281.851852,5.400000,2025,6.000000,1.111111,6415691.111111
aam,2023,for-all-mankind-401,2023,12,6287855,1164417.592593,5.400000,2025,6.000000,1.111111,6986505.555556
aam,2023,for-all-mankind-401,2023,13,6827247,1264305.000000,5.400000,2025,6.000000,1.111111,7585830.000000
aam,2023,for-all-mankind-401,2023,14,7388900,1368314.814815,5.400000,2025,6.000000,1.111111,8209888.888889
aam,2023,for-all-mankind-401,2023,15,7938124,1470022.962963,5.400000,2025,6.000000,1.111111,8820137.777778
aam,2023,for-all-mankind-401,2023,16,8533458,1580270.000000,5.400000,2025,6.000000,1.111111,9481620.000000
aam,2023,for-all-mankind-401,2023,17,9325718,1726984.814815,5.400000,2025,6.000000,1.111111,10361908.888889
aam,2023,for-all-mankind-401,2023,18,10157078,1880940.370370,5.400000,2025,6.000000,1.111111,11285642.222222
aam,2023,for-all-mankind-401,2023,19,10927325,2023578.703704,5.400000,2025,6.000000,1.111111,12141472.222222
aam,2023,for-all-mankind-401,2023,20,11684475,2163791.666667,5.400000,2025,6.000000,1.111111,12982750.000000
aam,2023,for-all-mankind-401,2023,21,12208952,2260917.037037,5.400000,2025,6.000000,1.111111,13565502.222222
aam,2023,for-all-mankind-401,2023,22,12767560,2364362.962963,5.400000,2025,6.000000,1.111111,14186177.777778
aam,2023,for-all-mankind-401,2023,23,13383569,2478438.703704,5.400000,2025,6.000000,1.111111,14870632.222222
aam,2023,for-all-mankind-401,2023,24,14021962,2596659.629630,5.400000,2025,6.000000,1.111111,15579957.777778
aam,2023,for-all-mankind-401,2023,25,14738326,2729319.629630,5.400000,2025,6.000000,1.111111,16375917.777778
aam,2023,for-all-mankind-401,2023,26,15487931,2868135.370370,5.400000,2025,6.000000,1.111111,17208812.222222
aam,2023,gen-v-101,2023,1,1806367,334512.407407,5.400000,2025,6.000000,1.111111,2007074.444444
aam,2023,gen-v-101,2023,2,3154054,584084.074074,5.400000,2025,6.000000,1.111111,3504504.444444
aam,2023,gen-v-101,2023,3,4200473,777865.370370,5.400000,2025,6.000000,1.111111,4667192.222222
aam,2023,gen-v-101,2023,4,5162069,955938.703704,5.400000,2025,6.000000,1.111111,5735632.222222
aam,2023,gen-v-101,2023,5,6372309,1180057.222222,5.400000,2025,6.000000,1.111111,7080343.333333
aam,2023,gen-v-101,2023,6,7535279,1395422.037037,5.400000,2025,6.000000,1.111111,8372532.222222
aam,2023,gen-v-101,2023,7,8582252,1589305.925926,5.400000,2025,6.000000,1.111111,9535835.555556
aam,2023,gen-v-101,2023,8,9572420,1772670.370370,5.400000,2025,6.000000,1.111111,10636022.222222
aam,2023,gen-v-101,2023,9,10507020,1945744.444444,5.400000,2025,6.000000,1.111111,11674466.666667
aam,2023,gen-v-101,2023,10,11431513,2116946.851852,5.400000,2025,6.000000,1.111111,12701681.111111
aam,2023,gen-v-101,2023,11,12372045,2291119.444444,5.400000,2025,6.000000,1.111111,13746716.666667
aam,2023,gen-v-101,2023,12,13166055,2438158.333333,5.400000,2025,6.000000,1.111111,14628950.000000
aam,2023,gen-v-101,2023,13,14000086,2592608.518519,5.400000,2025,6.000000,1.111111,15555651.111111
aam,2023,gen-v-101,2023,14,14919938,2762951.481481,5.400000,2025,6.000000,1.111111,16577708.888889
aam,2023,gen-v-101,2023,15,15865247,2938008.703704,5.400000,2025,6.000000,1.111111,17628052.222222
aam,2023,gen-v-101,2023,16,16825964,3115919.259259,5.400000,2025,6.000000,1.111111,18695515.555556
aam,2023,gen-v-101,2023,17,17636196,3265962.222222,5.400000,2025,6.000000,1.111111,19595773.333333
aam,2023,gen-v-101,2023,18,18521892,3429980.000000,5.400000,2025,6.000000,1.111111,20579880.000000
aam,2023,gen-v-101,2023,19,19457406,3603223.333333,5.400000,2025,6.000000,1.111111,21619340.000000
aam,2023,gen-v-101,2023,20,20321451,3763231.666667,5.400000,2025,6.000000,1.111111,22579390.000000
aam,2023,gen-v-101,2023,21,21222877,3930162.407407,5.400000,2025,6.000000,1.111111,23580974.444444
aam,2023,gen-v-101,2023,22,22269040,4123896.296296,5.400000,2025,6.000000,1.111111,24743377.777778
aam,2023,gen-v-101,2023,23,23655756,4380695.555556,5.400000,2025,6.000000,1.111111,26284173.333333
aam,2023,gen-v-101,2023,24,25152737,4657914.259259,5.400000,2025,6.000000,1.111111,27947485.555556
aam,2023,gen-v-101,2023,25,26591437,4924340.185185,5.400000,2025,6.000000,1.111111,29546041.111111
aam,2023,gen-v-101,2023,26,27868031,5160746.481481,5.400000,2025,6.000000,1.111111,30964478.888889
aam,2023,gen-v-108,2023,1,1200067,222234.629630,5.400000,2025,6.000000,1.111111,1333407.777778
aam,2023,gen-v-108,2023,2,2238033,414450.555556,5.400000,2025,6.000000,1.111111,2486703.333333
aam,2023,gen-v-108,2023,3,3184781,589774.259259,5.400000,2025,6.000000,1.111111,3538645.555556
aam,2023,gen-v-108,2023,4,4040847,748305.000000,5.400000,2025,6.000000,1.111111,4489830.000000
aam,2023,gen-v-108,2023,5,4913732,909950.370370,5.400000,2025,6.000000,1.111111,5459702.222222
aam,2023,gen-v-108,2023,6,5759266,1066530.740741,5.400000,2025,6.000000,1.111111,6399184.444444
aam,2023,gen-v-108,2023,7,6546895,1212387.962963,5.400000,2025,6.000000,1.111111,7274327.777778
aam,2023,gen-v-108,2023,8,7320485,1355645.370370,5.400000,2025,6.000000,1.111111,8133872.222222
aam,2023,gen-v-108,2023,9,8136781,1506811.296296,5.400000,2025,6.000000,1.111111,9040867.777778
aam,2023,gen-v-108,2023,10,8975932,1662209.629630,5.400000,2025,6.000000,1.111111,9973257.777778
aam,2023,gen-v-108,2023,11,9796185,1814108.333333,5.400000,2025,6.000000,1.111111,10884650.000000
aam,2023,gen-v-108,2023,12,10495840,1943674.074074,5.400000,2025,6.000000,1.111111,11662044.444444
aam,2023,gen-v-108,2023,13,11214423,2076745.000000,5.400000,2025,6.000000,1.111111,12460470.000000
aam,2023,gen-v-108,2023,14,11932997,2209814.259259,5.400000,2025,6.000000,1.111111,13258885.555556
aam,2023,gen-v-108,2023,15,12618287,2336719.814815,5.400000,2025,6.000000,1.111111,14020318.888889
aam,2023,gen-v-108,2023,16,13268918,2457207.037037,5.400000,2025,6.000000,1.111111,14743242.222222
aam,2023,gen-v-108,2023,17,14091595,2609554.629630,5.400000,2025,6.000000,1.111111,15657327.777778
aam,2023,gen-v-108,2023,18,15195700,2814018.518519,5.400000,2025,6.000000,1.111111,16884111.111111
aam,2023,gen-v-108,2023,19,16405790,3038109.259259,5.400000,2025,6.000000,1.111111,18228655.555556
aam,2023,gen-v-108,2023,20,17537708,3247723.703704,5.400000,2025,6.000000,1.111111,19486342.222222
aam,2023,gen-v-108,2023,21,18572567,3439364.259259,5.400000,2025,6.000000,1.111111,20636185.555556
aam,2023,gen-v-108,2023,22,19292704,3572722.962963,5.400000,2025,6.000000,1.111111,21436337.777778
aam,2023,gen-v-108,2023,23,20027624,3708819.259259,5.400000,2025,6.000000,1.111111,22252915.555556
aam,2023,gen-v-108,2023,24,20866056,3864084.444444,5.400000,2025,6.000000,1.111111,23184506.666667
aam,2023,gen-v-108,2023,25,21730596,4024184.444444,5.400000,2025,6.000000,1.111111,24145106.666667
aam,2023,gen-v-108,2023,26,22728090,4208905.555556,5.400000,2025,6.000000,1.111111,25253433.333333
aam,2023,guardians-of-the-galaxy-3,2023,1,5620636,1040858.518519,5.400000,2025,6.000000,1.111111,6245151.111111
aam,2023,guardians-of-the-galaxy-3,2023,2,8516890,1577201.851852,5.400000,2025,6.000000,1.111111,9463211.111111
aam,2023,guardians-of-the-galaxy-3,2023,3,10636582,1969737.407407,5.400000,2025,6.000000,1.111111,11818424.444444
aam,2023,guardians-of-the-galaxy-3,2023,4,12927835,2394043.518519,5.400000,2025,6.000000,1.111111,14364261.111111
aam,2023,guardians-of-the-galaxy-3,2023,5,14879076,2755384.444444,5.400000,2025,6.000000,1.111111,16532306.666667
aam,2023,guardians-of-the-galaxy-3,2023,6,16427422,3042115.185185,5.400000,2025,6.000000,1.111111,18252691.111111
aam,2023,guardians-of-the-galaxy-3,2023,7,17778676,3292347.407407,5.400000,2025,6.000000,1.111111,19754084.444444
aam,2023,guardians-of-the-galaxy-3,2023,8,19054676,3528643.703704,5.400000,2025,6.000000,1.111111,21171862.222222
aam,2023,guardians-of-the-galaxy-3,2023,9,20200611,3740853.888889,5.400000,2025,6.000000,1.111111,22445123.333333
aam,2023,guardians-of-the-galaxy-3,2023,10,21381687,3959571.666667,5.400000,2025,6.000000,1.111111,23757430.000000
aam,2023,guardians-of-the-galaxy-3,2023,11,22586142,4182618.888889,5.400000,2025,6.000000,1.111111,25095713.333333
aam,2023,guardians-of-the-galaxy-3,2023,12,23709772,4390698.518519,5.400000,2025,6.000000,1.111111,26344191.111111
aam,2023,guardians-of-the-galaxy-3,2023,13,24868412,4605261.481481,5.400000,2025,6.000000,1.111111,27631568.888889
aam,2023,guardians-of-the-galaxy-3,2023,14,25955674,4806606.296296,5.400000,2025,6.000000,1.111111,28839637.777778
aam,2023,guardians-of-the-galaxy-3,2023,15,27027352,5005065.185185,5.400000,2025,6.000000,1.111111,30030391.111111
aam,2023,guardians-of-the-galaxy-3,2023,16,28047858,5194047.777778,5.400000,2025,6.000000,1.111111,31164286.666667
aam,2023,guardians-of-the-galaxy-3,2023,17,29578558,5477510.740741,5.400000,2025,6.000000,1.111111,32865064.444444
aam,2023,guardians-of-the-galaxy-3,2023,18,31557668,5844012.592593,5.400000,2025,6.000000,1.111111,35064075.555556
aam,2023,guardians-of-the-galaxy-3,2023,19,33724472,6245272.592593,5.400000,2025,6.000000,1.111111,37471635.555556
aam,2023,guardians-of-the-galaxy-3,2023,20,35677249,6606897.962963,5.400000,2025,6.000000,1.111111,39641387.777778
aam,2023,guardians-of-the-galaxy-3,2023,21,37662977,6974625.370370,5.400000,2025,6.000000,1.111111,41847752.222222
aam,2023,guardians-of-the-galaxy-3,2023,22,39687217,7349484.629630,5.400000,2025,6.000000,1.111111,44096907.777778
aam,2023,guardians-of-the-galaxy-3,2023,23,41771256,7735417.777778,5.400000,2025,6.000000,1.111111,46412506.666667
aam,2023,guardians-of-the-galaxy-3,2023,24,43728025,8097782.407407,5.400000,2025,6.000000,1.111111,48586694.444444
aam,2023,guardians-of-the-galaxy-3,2023,25,45689145,8460952.777778,5.400000,2025,6.000000,1.111111,50765716.666667
aam,2023,guardians-of-the-galaxy-3,2023,26,47885149,8867620.185185,5.400000,2025,6.000000,1.111111,53205721.111111
aam,2023,invincible-201,2023,1,560349,103768.333333,5.400000,2025,6.000000,1.111111,622610.000000
aam,2023,invincible-201,2023,2,1310482,242681.851852,5.400000,2025,6.000000,1.111111,1456091.111111
aam,2023,invincible-201,2023,3,2111828,391079.259259,5.400000,2025,6.000000,1.111111,2346475.555556
aam,2023,invincible-201,2023,4,2774388,513775.555556,5.400000,2025,6.000000,1.111111,3082653.333333
aam,2023,invincible-201,2023,5,3331624,616967.407407,5.400000,2025,6.000000,1.111111,3701804.444444
aam,2023,invincible-201,2023,6,3869078,716495.925926,5.400000,2025,6.000000,1.111111,4298975.555556
aam,2023,invincible-201,2023,7,4343044,804267.407407,5.400000,2025,6.000000,1.111111,4825604.444444
aam,2023,invincible-201,2023,8,4811433,891006.111111,5.400000,2025,6.000000,1.111111,5346036.666667
aam,2023,invincible-201,2023,9,5285858,978862.592593,5.400000,2025,6.000000,1.111111,5873175.555556
aam,2023,invincible-201,2023,10,5725638,1060303.333333,5.400000,2025,6.000000,1.111111,6361820.000000
aam,2023,loki-201,2023,1,1589560,294362.962963,5.400000,2025,6.000000,1.111111,1766177.777778
aam,2023,loki-201,2023,2,2544260,471159.259259,5.400000,2025,6.000000,1.111111,2826955.555556
aam,2023,loki-201,2023,3,3301213,611335.740741,5.400000,2025,6.000000,1.111111,3668014.444444
aam,2023,loki-201,2023,4,4357310,806909.259259,5.400000,2025,6.000000,1.111111,4841455.555556
aam,2023,loki-201,2023,5,5465282,1012089.259259,5.400000,2025,6.000000,1.111111,6072535.555556
aam,2023,loki-201,2023,6,6659184,1233182.222222,5.400000,2025,6.000000,1.111111,7399093.333333
aam,2023,loki-201,2023,7,7671599,1420666.481481,5.400000,2025,6.000000,1.111111,8523998.888889
aam,2023,loki-201,2023,8,8595024,1591671.111111,5.400000,2025,6.000000,1.111111,9550026.666667
aam,2023,loki-201,2023,9,9423360,1745066.666667,5.400000,2025,6.000000,1.111111,10470400.000000
aam,2023,loki-201,2023,10,10293982,1906292.962963,5.400000,2025,6.000000,1.111111,11437757.777778
aam,2023,loki-201,2023,11,11077197,2051332.777778,5.400000,2025,6.000000,1.111111,12307996.666667
aam,2023,loki-201,2023,12,11787922,2182948.518519,5.400000,2025,6.000000,1.111111,13097691.111111
aam,2023,loki-201,2023,13,12738130,2358912.962963,5.400000,2025,6.000000,1.111111,14153477.777778
aam,2023,loki-201,2023,14,13664484,2530460.000000,5.400000,2025,6.000000,1.111111,15182760.000000
aam,2023,loki-201,2023,15,14547009,2693890.555556,5.400000,2025,6.000000,1.111111,16163343.333333
aam,2023,loki-201,2023,16,15380371,2848216.851852,5.400000,2025,6.000000,1.111111,17089301.111111
aam,2023,loki-201,2023,17,16208643,3001600.555556,5.400000,2025,6.000000,1.111111,18009603.333333
aam,2023,loki-201,2023,18,17056404,3158593.333333,5.400000,2025,6.000000,1.111111,18951560.000000
aam,2023,loki-201,2023,19,17814848,3299045.925926,5.400000,2025,6.000000,1.111111,19794275.555556
aam,2023,loki-201,2023,20,18606318,3445614.444444,5.400000,2025,6.000000,1.111111,20673686.666667
aam,2023,loki-201,2023,21,19551913,3620724.629630,5.400000,2025,6.000000,1.111111,21724347.777778
aam,2023,loki-201,2023,22,20803538,3852507.037037,5.400000,2025,6.000000,1.111111,23115042.222222
aam,2023,loki-201,2023,23,22197094,4110572.962963,5.400000,2025,6.000000,1.111111,24663437.777778
aam,2023,loki-201,2023,24,23495753,4351065.370370,5.400000,2025,6.000000,1.111111,26106392.222222
aam,2023,loki-201,2023,25,24609285,4557275.000000,5.400000,2025,6.000000,1.111111,27343650.000000
aam,2023,loki-201,2023,26,25447610,4712520.370370,5.400000,2025,6.000000,1.111111,28275122.222222
aam,2023,loki-206,2023,1,1869049,346120.185185,5.400000,2025,6.000000,1.111111,2076721.111111
aam,2023,loki-206,2023,2,3229094,597980.370370,5.400000,2025,6.000000,1.111111,3587882.222222
aam,2023,loki-206,2023,3,4356458,806751.481481,5.400000,2025,6.000000,1.111111,4840508.888889
aam,2023,loki-206,2023,4,5372066,994827.037037,5.400000,2025,6.000000,1.111111,5968962.222222
aam,2023,loki-206,2023,5,6402263,1185604.259259,5.400000,2025,6.000000,1.111111,7113625.555556
aam,2023,loki-206,2023,6,7303606,1352519.629630,5.400000,2025,6.000000,1.111111,8115117.777778
aam,2023,loki-206,2023,7,8198136,1518173.333333,5.400000,2025,6.000000,1.111111,9109040.000000
aam,2023,loki-206,2023,8,9181806,1700334.444444,5.400000,2025,6.000000,1.111111,10202006.666667
aam,2023,loki-206,2023,9,10162574,1881958.148148,5.400000,2025,6.000000,1.111111,11291748.888889
aam,2023,loki-206,2023,10,11111472,2057680.000000,5.400000,2025,6.000000,1.111111,12346080.000000
aam,2023,loki-206,2023,11,11983238,2219118.148148,5.400000,2025,6.000000,1.111111,13314708.888889
aam,2023,loki-206,2023,12,12893103,2387611.666667,5.400000,2025,6.000000,1.111111,14325670.000000
aam,2023,loki-206,2023,13,13827962,2560733.703704,5.400000,2025,6.000000,1.111111,15364402.222222
aam,2023,loki-206,2023,14,14719259,2725788.703704,5.400000,2025,6.000000,1.111111,16354732.222222
aam,2023,loki-206,2023,15,15735260,2913937.037037,5.400000,2025,6.000000,1.111111,17483622.222222
aam,2023,loki-206,2023,16,16716750,3095694.444444,5.400000,2025,6.000000,1.111111,18574166.666667
aam,2023,loki-206,2023,17,18037493,3340276.481481,5.400000,2025,6.000000,1.111111,20041658.888889
aam,2023,loki-206,2023,18,19425561,3597326.111111,5.400000,2025,6.000000,1.111111,21583956.666667
aam,2023,loki-206,2023,19,20785799,3849222.037037,5.400000,2025,6.000000,1.111111,23095332.222222
aam,2023,loki-206,2023,20,21966824,4067930.370370,5.400000,2025,6.000000,1.111111,24407582.222222
aam,2023,loki-206,2023,21,22790595,4220480.555556,5.400000,2025,6.000000,1.111111,25322883.333333
aam,2023,loki-206,2023,22,23677948,4384805.185185,5.400000,2025,6.000000,1.111111,26308831.111111
aam,2023,loki-206,2023,23,24693661,4572900.185185,5.400000,2025,6.000000,1.111111,27437401.111111
aam,2023,loki-206,2023,24,25730161,4764844.629630,5.400000,2025,6.000000,1.111111,28589067.777778
aam,2023,loki-206,2023,25,26928684,4986793.333333,5.400000,2025,6.000000,1.111111,29920760.000000
aam,2023,loki-206,2023,26,28164089,5215572.037037,5.400000,2025,6.000000,1.111111,31293432.222222
aam,2023,monarch-legacy-of-monsters-101,2023,1,1407230,260598.148148,5.400000,2025,6.000000,1.111111,1563588.888889
aam,2023,monarch-legacy-of-monsters-101,2023,2,2609858,483307.037037,5.400000,2025,6.000000,1.111111,2899842.222222
aam,2023,monarch-legacy-of-monsters-101,2023,3,3816327,706727.222222,5.400000,2025,6.000000,1.111111,4240363.333333
aam,2023,monarch-legacy-of-monsters-101,2023,4,4905282,908385.555556,5.400000,2025,6.000000,1.111111,5450313.333333
aam,2023,monarch-legacy-of-monsters-101,2023,5,5861338,1085432.962963,5.400000,2025,6.000000,1.111111,6512597.777778
aam,2023,monarch-legacy-of-monsters-101,2023,6,6732921,1246837.222222,5.400000,2025,6.000000,1.111111,7481023.333333
aam,2023,monarch-legacy-of-monsters-101,2023,7,7678801,1422000.185185,5.400000,2025,6.000000,1.111111,8532001.111111
aam,2023,monarch-legacy-of-monsters-101,2023,8,8614997,1595369.814815,5.400000,2025,6.000000,1.111111,9572218.888889
aam,2023,monarch-legacy-of-monsters-101,2023,9,9533367,1765438.333333,5.400000,2025,6.000000,1.111111,10592630.000000
aam,2023,monarch-legacy-of-monsters-101,2023,10,10280172,1903735.555556,5.400000,2025,6.000000,1.111111,11422413.333333
aam,2023,monarch-legacy-of-monsters-101,2023,11,11001057,2037232.777778,5.400000,2025,6.000000,1.111111,12223396.666667
aam,2023,monarch-legacy-of-monsters-101,2023,12,11649037,2157229.074074,5.400000,2025,6.000000,1.111111,12943374.444444
aam,2023,monarch-legacy-of-monsters-101,2023,13,12351973,2287402.407407,5.400000,2025,6.000000,1.111111,13724414.444444
aam,2023,monarch-legacy-of-monsters-101,2023,14,13123597,2430295.740741,5.400000,2025,6.000000,1.111111,14581774.444444
aam,2023,monarch-legacy-of-monsters-101,2023,15,13910027,2575930.925926,5.400000,2025,6.000000,1.111111,15455585.555556
aam,2023,monarch-legacy-of-monsters-101,2023,16,15009207,2779482.777778,5.400000,2025,6.000000,1.111111,16676896.666667
aam,2023,monarch-legacy-of-monsters-101,2023,17,16149726,2990690.000000,5.400000,2025,6.000000,1.111111,17944140.000000
aam,2023,monarch-legacy-of-monsters-101,2023,18,17227140,3190211.111111,5.400000,2025,6.000000,1.111111,19141266.666667
aam,2023,monarch-legacy-of-monsters-101,2023,19,18195055,3369454.629630,5.400000,2025,6.000000,1.111111,20216727.777778
aam,2023,monarch-legacy-of-monsters-101,2023,20,18900617,3500114.259259,5.400000,2025,6.000000,1.111111,21000685.555556
aam,2023,monarch-legacy-of-monsters-101,2023,21,19656573,3640106.111111,5.400000,2025,6.000000,1.111111,21840636.666667
aam,2023,monarch-legacy-of-monsters-101,2023,22,20463036,3789451.111111,5.400000,2025,6.000000,1.111111,22736706.666667
aam,2023,monarch-legacy-of-monsters-101,2023,23,21276317,3940058.703704,5.400000,2025,6.000000,1.111111,23640352.222222
aam,2023,monarch-legacy-of-monsters-101,2023,24,22181231,4107635.370370,5.400000,2025,6.000000,1.111111,24645812.222222
aam,2023,monarch-legacy-of-monsters-101,2023,25,23124683,4282348.703704,5.400000,2025,6.000000,1.111111,25694092.222222
aam,2023,monarch-legacy-of-monsters-101,2023,26,24116316,4465984.444444,5.400000,2025,6.000000,1.111111,26795906.666667
aam,2023,monarch-legacy-of-monsters-101,2023,27,24273351,4495065.000000,5.400000,2025,6.000000,1.111111,26970390.000000
aam,2023,murder-at-the-end-of-the-world-101,2023,1,511045,94637.962963,5.400000,2025,6.000000,1.111111,567827.777778
aam,2023,murder-at-the-end-of-the-world-101,2023,2,1087885,201460.185185,5.400000,2025,6.000000,1.111111,1208761.111111
aam,2023,murder-at-the-end-of-the-world-101,2023,3,1573035,291302.777778,5.400000,2025,6.000000,1.111111,1747816.666667
aam,2023,murder-at-the-end-of-the-world-101,2023,4,2008894,372017.407407,5.400000,2025,6.000000,1.111111,2232104.444444
aam,2023,murder-at-the-end-of-the-world-101,2023,5,2472520,457874.074074,5.400000,2025,6.000000,1.111111,2747244.444444
aam,2023,murder-at-the-end-of-the-world-101,2023,6,2913910,539612.962963,5.400000,2025,6.000000,1.111111,3237677.777778
aam,2023,murder-at-the-end-of-the-world-101,2023,7,3341249,618749.814815,5.400000,2025,6.000000,1.111111,3712498.888889
aam,2023,murder-at-the-end-of-the-world-101,2023,8,3758357,695992.037037,5.400000,2025,6.000000,1.111111,4175952.222222
aam,2023,murder-at-the-end-of-the-world-101,2023,9,4150878,768681.111111,5.400000,2025,6.000000,1.111111,4612086.666667
aam,2023,murder-at-the-end-of-the-world-101,2023,10,4508632,834931.851852,5.400000,2025,6.000000,1.111111,5009591.111111
aam,2023,murder-at-the-end-of-the-world-101,2023,11,4854316,898947.407407,5.400000,2025,6.000000,1.111111,5393684.444444
aam,2023,murder-at-the-end-of-the-world-101,2023,12,5173612,958076.296296,5.400000,2025,6.000000,1.111111,5748457.777778
aam,2023,murder-at-the-end-of-the-world-101,2023,13,5558158,1029288.518519,5.400000,2025,6.000000,1.111111,6175731.111111
aam,2023,murder-at-the-end-of-the-world-101,2023,14,5929331,1098024.259259,5.400000,2025,6.000000,1.111111,6588145.555556
aam,2023,murder-at-the-end-of-the-world-101,2023,15,6344598,1174925.555556,5.400000,2025,6.000000,1.111111,7049553.333333
aam,2023,murder-at-the-end-of-the-world-101,2023,16,6864486,1271201.111111,5.400000,2025,6.000000,1.111111,7627206.666667
aam,2023,murder-at-the-end-of-the-world-107,2023,1,238344,44137.777778,5.400000,2025,6.000000,1.111111,264826.666667
aam,2023,murder-at-the-end-of-the-world-107,2023,2,563382,104330.000000,5.400000,2025,6.000000,1.111111,625980.000000
aam,2023,murder-at-the-end-of-the-world-107,2023,3,921990,170738.888889,5.400000,2025,6.000000,1.111111,1024433.333333
aam,2023,murder-at-the-end-of-the-world-107,2023,4,1301146,240952.962963,5.400000,2025,6.000000,1.111111,1445717.777778
aam,2023,murder-at-the-end-of-the-world-107,2023,5,1661574,307698.888889,5.400000,2025,6.000000,1.111111,1846193.333333
aam,2023,murder-at-the-end-of-the-world-107,2023,6,2007506,371760.370370,5.400000,2025,6.000000,1.111111,2230562.222222
aam,2023,murder-at-the-end-of-the-world-107,2023,7,2339554,433250.740741,5.400000,2025,6.000000,1.111111,2599504.444444
aam,2023,murder-at-the-end-of-the-world-107,2023,8,2654358,491547.777778,5.400000,2025,6.000000,1.111111,2949286.666667
aam,2023,murder-at-the-end-of-the-world-107,2023,9,3004005,556297.222222,5.400000,2025,6.000000,1.111111,3337783.333333
aam,2023,murder-at-the-end-of-the-world-107,2023,10,3393733,628469.074074,5.400000,2025,6.000000,1.111111,3770814.444444
aam,2023,murder-at-the-end-of-the-world-107,2023,11,3870073,716680.185185,5.400000,2025,6.000000,1.111111,4300081.111111
aam,2023,murder-at-the-end-of-the-world-107,2023,12,4388377,812662.407407,5.400000,2025,6.000000,1.111111,4875974.444444
aam,2023,murder-at-the-end-of-the-world-107,2023,13,4891632,905857.777778,5.400000,2025,6.000000,1.111111,5435146.666667
aam,2023,murder-at-the-end-of-the-world-107,2023,14,5369189,994294.259259,5.400000,2025,6.000000,1.111111,5965765.555556
aam,2023,murder-at-the-end-of-the-world-107,2023,15,5750939,1064988.703704,5.400000,2025,6.000000,1.111111,6389932.222222
aam,2023,murder-at-the-end-of-the-world-107,2023,16,6067921,1123689.074074,5.400000,2025,6.000000,1.111111,6742134.444444
aam,2023,reacher-201,2023,1,2326685,430867.592593,5.400000,2025,6.000000,1.111111,2585205.555556
aam,2023,reacher-201,2023,2,3950884,731645.185185,5.400000,2025,6.000000,1.111111,4389871.111111
aam,2023,reacher-201,2023,3,5386514,997502.592593,5.400000,2025,6.000000,1.111111,5985015.555556
aam,2023,reacher-201,2023,4,6858509,1270094.259259,5.400000,2025,6.000000,1.111111,7620565.555556
aam,2023,reacher-201,2023,5,8167441,1512489.074074,5.400000,2025,6.000000,1.111111,9074934.444444
aam,2023,reacher-201,2023,6,9257404,1714334.074074,5.400000,2025,6.000000,1.111111,10286004.444444
aam,2023,reacher-201,2023,7,10231966,1894808.518519,5.400000,2025,6.000000,1.111111,11368851.111111
aam,2023,reacher-201,2023,8,11187496,2071758.518519,5.400000,2025,6.000000,1.111111,12430551.111111
aam,2023,reacher-201,2023,9,12112237,2243006.851852,5.400000,2025,6.000000,1.111111,13458041.111111
aam,2023,reacher-201,2023,10,13078864,2422011.851852,5.400000,2025,6.000000,1.111111,14532071.111111
aam,2023,reacher-201,2023,11,14078350,2607101.851852,5.400000,2025,6.000000,1.111111,15642611.111111
aam,2023,reacher-201,2023,12,15404853,2852750.555556,5.400000,2025,6.000000,1.111111,17116503.333333
aam,2023,reacher-201,2023,13,16756342,3103026.296296,5.400000,2025,6.000000,1.111111,18618157.777778
aam,2023,reacher-201,2023,14,18137665,3358826.851852,5.400000,2025,6.000000,1.111111,20152961.111111
aam,2023,reacher-201,2023,15,19337092,3580942.962963,5.400000,2025,6.000000,1.111111,21485657.777778
aam,2023,reacher-201,2023,16,20137264,3729122.962963,5.400000,2025,6.000000,1.111111,22374737.777778
aam,2023,reacher-201,2023,17,21034466,3895271.481481,5.400000,2025,6.000000,1.111111,23371628.888889
aam,2023,reacher-201,2023,18,22004430,4074894.444444,5.400000,2025,6.000000,1.111111,24449366.666667
aam,2023,reacher-201,2023,19,22952424,4250448.888889,5.400000,2025,6.000000,1.111111,25502693.333333
aam,2023,reacher-201,2023,20,24031910,4450353.703704,5.400000,2025,6.000000,1.111111,26702122.222222
aam,2023,reacher-201,2023,21,25150975,4657587.962963,5.400000,2025,6.000000,1.111111,27945527.777778
aam,2023,reacher-201,2023,22,26323187,4874664.259259,5.400000,2025,6.000000,1.111111,29247985.555556
aam,2023,reacher-201,2023,23,27526330,5097468.518519,5.400000,2025,6.000000,1.111111,30584811.111111
aam,2023,reacher-201,2023,24,28781644,5329934.074074,5.400000,2025,6.000000,1.111111,31979604.444444
aam,2023,reacher-201,2023,25,29980761,5551992.777778,5.400000,2025,6.000000,1.111111,33311956.666667
aam,2023,reacher-201,2023,26,31020114,5744465.555556,5.400000,2025,6.000000,1.111111,34466793.333333
aam,2023,reservation-dogs-301,2023,1,133739,24766.481481,5.400000,2025,6.000000,1.111111,148598.888889
aam,2023,reservation-dogs-301,2023,2,255682,47348.518519,5.400000,2025,6.000000,1.111111,284091.111111
aam,2023,reservation-dogs-301,2023,3,353047,65379.074074,5.400000,2025,6.000000,1.111111,392274.444444
aam,2023,reservation-dogs-301,2023,4,444590,82331.481481,5.400000,2025,6.000000,1.111111,493988.888889
aam,2023,reservation-dogs-301,2023,5,541892,100350.370370,5.400000,2025,6.000000,1.111111,602102.222222
aam,2023,reservation-dogs-301,2023,6,690601,127889.074074,5.400000,2025,6.000000,1.111111,767334.444444
aam,2023,reservation-dogs-301,2023,7,861046,159452.962963,5.400000,2025,6.000000,1.111111,956717.777778
aam,2023,reservation-dogs-301,2023,8,1026267,190049.444444,5.400000,2025,6.000000,1.111111,1140296.666667
aam,2023,reservation-dogs-301,2023,9,1194353,221176.481481,5.400000,2025,6.000000,1.111111,1327058.888889
aam,2023,reservation-dogs-301,2023,10,1354114,250761.851852,5.400000,2025,6.000000,1.111111,1504571.111111
aam,2023,reservation-dogs-301,2023,11,1521238,281710.740741,5.400000,2025,6.000000,1.111111,1690264.444444
aam,2023,reservation-dogs-301,2023,12,1685536,312136.296296,5.400000,2025,6.000000,1.111111,1872817.777778
aam,2023,reservation-dogs-301,2023,13,1943786,359960.370370,5.400000,2025,6.000000,1.111111,2159762.222222
aam,2023,reservation-dogs-301,2023,14,2249930,416653.703704,5.400000,2025,6.000000,1.111111,2499922.222222
aam,2023,reservation-dogs-301,2023,15,2537308,469871.851852,5.400000,2025,6.000000,1.111111,2819231.111111
aam,2023,reservation-dogs-310,2023,1,185202,34296.666667,5.400000,2025,6.000000,1.111111,205780.000000
aam,2023,reservation-dogs-310,2023,2,361826,67004.814815,5.400000,2025,6.000000,1.111111,402028.888889
aam,2023,reservation-dogs-310,2023,3,520757,96436.481481,5.400000,2025,6.000000,1.111111,578618.888889
aam,2023,reservation-dogs-310,2023,4,686918,127207.037037,5.400000,2025,6.000000,1.111111,763242.222222
aam,2023,reservation-dogs-310,2023,5,1011234,187265.555556,5.400000,2025,6.000000,1.111111,1123593.333333
aam,2023,reservation-dogs-310,2023,6,1325412,245446.666667,5.400000,2025,6.000000,1.111111,1472680.000000
aam,2023,reservation-dogs-310,2023,7,1643752,304398.518519,5.400000,2025,6.000000,1.111111,1826391.111111
aam,2023,reservation-dogs-310,2023,8,1999299,370240.555556,5.400000,2025,6.000000,1.111111,2221443.333333
aam,2023,reservation-dogs-310,2023,9,2358917,436836.481481,5.400000,2025,6.000000,1.111111,2621018.888889
aam,2023,reservation-dogs-310,2023,10,2705856,501084.444444,5.400000,2025,6.000000,1.111111,3006506.666667
aam,2023,reservation-dogs-310,2023,11,3017979,558885.000000,5.400000,2025,6.000000,1.111111,3353310.000000
aam,2023,spider-man-across-the-spider-verse,2023,1,2860486,529719.629630,5.400000,2025,6.000000,1.111111,3178317.777778
aam,2023,spider-man-across-the-spider-verse,2023,2,4876086,902978.888889,5.400000,2025,6.000000,1.111111,5417873.333333
aam,2023,spider-man-across-the-spider-verse,2023,3,6409433,1186932.037037,5.400000,2025,6.000000,1.111111,7121592.222222
aam,2023,spider-man-across-the-spider-verse,2023,4,7781893,1441091.296296,5.400000,2025,6.000000,1.111111,8646547.777778
aam,2023,spider-man-across-the-spider-verse,2023,5,8938812,1655335.555556,5.400000,2025,6.000000,1.111111,9932013.333333
aam,2023,spider-man-across-the-spider-verse,2023,6,10145409,1878779.444444,5.400000,2025,6.000000,1.111111,11272676.666667
aam,2023,spider-man-across-the-spider-verse,2023,7,11251251,2083565.000000,5.400000,2025,6.000000,1.111111,12501390.000000
aam,2023,spider-man-across-the-spider-verse,2023,8,12332487,2283793.888889,5.400000,2025,6.000000,1.111111,13702763.333333
aam,2023,spider-man-across-the-spider-verse,2023,9,13419981,2485181.666667,5.400000,2025,6.000000,1.111111,14911090.000000
aam,2023,spider-man-across-the-spider-verse,2023,10,14429901,2672203.888889,5.400000,2025,6.000000,1.111111,16033223.333333
aam,2023,spider-man-across-the-spider-verse,2023,11,15390594,2850110.000000,5.400000,2025,6.000000,1.111111,17100660.000000
aam,2023,spider-man-across-the-spider-verse,2023,12,16502780,3056070.370370,5.400000,2025,6.000000,1.111111,18336422.222222
aam,2023,spider-man-across-the-spider-verse,2023,13,18065456,3345454.814815,5.400000,2025,6.000000,1.111111,20072728.888889
aam,2023,spider-man-across-the-spider-verse,2023,14,19613000,3632037.037037,5.400000,2025,6.000000,1.111111,21792222.222222
aam,2023,spider-man-across-the-spider-verse,2023,15,21235557,3932510.555556,5.400000,2025,6.000000,1.111111,23595063.333333
aam,2023,spider-man-across-the-spider-verse,2023,16,22730454,4209343.333333,5.400000,2025,6.000000,1.111111,25256060.000000
aam,2023,spider-man-across-the-spider-verse,2023,17,24158767,4473845.740741,5.400000,2025,6.000000,1.111111,26843074.444444
aam,2023,spider-man-across-the-spider-verse,2023,18,25528082,4727422.592593,5.400000,2025,6.000000,1.111111,28364535.555556
aam,2023,spider-man-across-the-spider-verse,2023,19,27001433,5000265.370370,5.400000,2025,6.000000,1.111111,30001592.222222
aam,2023,spider-man-across-the-spider-verse,2023,20,28371721,5254022.407407,5.400000,2025,6.000000,1.111111,31524134.444444
aam,2023,spider-man-across-the-spider-verse,2023,21,29849362,5527659.629630,5.400000,2025,6.000000,1.111111,33165957.777778
aam,2023,spider-man-across-the-spider-verse,2023,22,31414324,5817467.407407,5.400000,2025,6.000000,1.111111,34904804.444444
aam,2023,spider-man-across-the-spider-verse,2023,23,32891378,6090995.925926,5.400000,2025,6.000000,1.111111,36545975.555556
aam,2023,spider-man-across-the-spider-verse,2023,24,34318658,6355307.037037,5.400000,2025,6.000000,1.111111,38131842.222222
aam,2023,spider-man-across-the-spider-verse,2023,25,35713367,6613586.481481,5.400000,2025,6.000000,1.111111,39681518.888889
aam,2023,spider-man-across-the-spider-verse,2023,26,37134891,6876831.666667,5.400000,2025,6.000000,1.111111,41260990.000000
aam,2023,spider-man-across-the-spider-verse,2023,27,37342322,6915244.814815,5.400000,2025,6.000000,1.111111,41491468.888889
aam,2023,twisted-metal-01,2023,1,728313,134872.777778,5.400000,2025,6.000000,1.111111,809236.666667
aam,2023,twisted-metal-01,2023,2,1270527,235282.777778,5.400000,2025,6.000000,1.111111,1411696.666667
aam,2023,twisted-metal-01,2023,3,1756023,325189.444444,5.400000,2025,6.000000,1.111111,1951136.666667
aam,2023,twisted-metal-01,2023,4,2137398,395814.444444,5.400000,2025,6.000000,1.111111,2374886.666667
aam,2023,twisted-metal-01,2023,5,2487217,460595.740741,5.400000,2025,6.000000,1.111111,2763574.444444
aam,2023,twisted-metal-01,2023,6,2801450,518787.037037,5.400000,2025,6.000000,1.111111,3112722.222222
aam,2023,twisted-metal-01,2023,7,3241990,600368.518519,5.400000,2025,6.000000,1.111111,3602211.111111
aam,2023,twisted-metal-01,2023,8,3707201,686518.703704,5.400000,2025,6.000000,1.111111,4119112.222222
aam,2023,twisted-metal-01,2023,9,4100596,759369.629630,5.400000,2025,6.000000,1.111111,4556217.777778
aam,2023,twisted-metal-01,2023,10,4520104,837056.296296,5.400000,2025,6.000000,1.111111,5022337.777778
aam,2023,twisted-metal-01,2023,11,4946233,915969.074074,5.400000,2025,6.000000,1.111111,5495814.444444
aam,2023,twisted-metal-01,2023,12,5355789,991812.777778,5.400000,2025,6.000000,1.111111,5950876.666667
aam,2023,twisted-metal-01,2023,13,5896514,1091947.037037,5.400000,2025,6.000000,1.111111,6551682.222222
aam,2023,twisted-metal-01,2023,14,6814448,1261934.814815,5.400000,2025,6.000000,1.111111,7571608.888889
aam,2023,twisted-metal-01,2023,15,7534633,1395302.407407,5.400000,2025,6.000000,1.111111,8371814.444444
aam,2023,warrior-310,2023,1,228531,42320.555556,5.400000,2025,6.000000,1.111111,253923.333333
aam,2023,warrior-310,2023,2,416321,77096.481481,5.400000,2025,6.000000,1.111111,462578.888889
aam,2023,warrior-310,2023,3,591834,109598.888889,5.400000,2025,6.000000,1.111111,657593.333333
aam,2023,warrior-310,2023,4,825822,152930.000000,5.400000,2025,6.000000,1.111111,917580.000000
aam,2023,warrior-310,2023,5,995260,184307.407407,5.400000,2025,6.000000,1.111111,1105844.444444
aam,2023,warrior-310,2023,6,1222443,226378.333333,5.400000,2025,6.000000,1.111111,1358270.000000
aam,2023,warrior-310,2023,7,1457595,269925.000000,5.400000,2025,6.000000,1.111111,1619550.000000
aam,2023,warrior-310,2023,8,1634596,302702.962963,5.400000,2025,6.000000,1.111111,1816217.777778
aam,2023,warrior-310,2023,9,1865276,345421.481481,5.400000,2025,6.000000,1.111111,2072528.888889
aam,2023,warrior-310,2023,10,2072856,383862.222222,5.400000,2025,6.000000,1.111111,2303173.333333
aam,2023,witcher-03.1,2023,1,2442908,452390.370370,5.400000,2025,6.000000,1.111111,2714342.222222
aam,2023,witcher-03.1,2023,2,3828309,708946.111111,5.400000,2025,6.000000,1.111111,4253676.666667
aam,2023,witcher-03.1,2023,3,4833213,895039.444444,5.400000,2025,6.000000,1.111111,5370236.666667
aam,2023,witcher-03.1,2023,4,5698029,1055190.555556,5.400000,2025,6.000000,1.111111,6331143.333333
aam,2023,witcher-03.1,2023,5,6583010,1219075.925926,5.400000,2025,6.000000,1.111111,7314455.555556
aam,2023,witcher-03.1,2023,6,7242922,1341281.851852,5.400000,2025,6.000000,1.111111,8047691.111111
aam,2023,witcher-03.1,2023,7,7842906,1452390.000000,5.400000,2025,6.000000,1.111111,8714340.000000
aam,2023,witcher-03.1,2023,8,8368555,1549732.407407,5.400000,2025,6.000000,1.111111,9298394.444444
aam,2023,witcher-03.1,2023,9,8826996,1634628.888889,5.400000,2025,6.000000,1.111111,9807773.333333
aam,2023,witcher-03.1,2023,10,9301460,1722492.592593,5.400000,2025,6.000000,1.111111,10334955.555556
aam,2023,witcher-03.1,2023,11,10024876,1856458.518519,5.400000,2025,6.000000,1.111111,11138751.111111
aam,2023,witcher-03.1,2023,12,10810322,2001911.481481,5.400000,2025,6.000000,1.111111,12011468.888889
aam,2023,witcher-03.1,2023,13,11502812,2130150.370370,5.400000,2025,6.000000,1.111111,12780902.222222
aam,2023,witcher-03.1,2023,14,12275736,2273284.444444,5.400000,2025,6.000000,1.111111,13639706.666667
aam,2023,witcher-03.1,2023,15,13016655,2410491.666667,5.400000,2025,6.000000,1.111111,14462950.000000
aam,2023,witcher-03.1,2023,16,13759812,2548113.333333,5.400000,2025,6.000000,1.111111,15288680.000000
aam,2023,witcher-03.1,2023,17,14336478,2654903.333333,5.400000,2025,6.000000,1.111111,15929420.000000
aam,2023,witcher-03.1,2023,18,15589567,2886956.851852,5.400000,2025,6.000000,1.111111,17321741.111111
aam,2023,witcher-03.1,2023,19,17005017,3149077.222222,5.400000,2025,6.000000,1.111111,18894463.333333
aam,2023,witcher-03.1,2023,20,18493583,3424737.592593,5.400000,2025,6.000000,1.111111,20548425.555556
aam,2023,witcher-03.1,2023,21,20093726,3721060.370370,5.400000,2025,6.000000,1.111111,22326362.222222
aam,2023,witcher-03.1,2023,22,21553662,3991418.888889,5.400000,2025,6.000000,1.111111,23948513.333333
aam,2023,witcher-03.1,2023,23,23019105,4262797.222222,5.400000,2025,6.000000,1.111111,25576783.333333
aam,2023,witcher-03.1,2023,24,24540038,4544451.481481,5.400000,2025,6.000000,1.111111,27266708.888889
aam,2023,witcher-03.1,2023,25,25963870,4808124.074074,5.400000,2025,6.000000,1.111111,28848744.444444
aam,2023,witcher-03.1,2023,26,27459892,5085165.185185,5.400000,2025,6.000000,1.111111,30510991.111111
aam,2023,witcher-03.2,2023,1,1402283,259682.037037,5.400000,2025,6.000000,1.111111,1558092.222222
aam,2023,witcher-03.2,2023,2,2339522,433244.814815,5.400000,2025,6.000000,1.111111,2599468.888889
aam,2023,witcher-03.2,2023,3,3019939,559247.962963,5.400000,2025,6.000000,1.111111,3355487.777778
aam,2023,witcher-03.2,2023,4,3606275,667828.703704,5.400000,2025,6.000000,1.111111,4006972.222222
aam,2023,witcher-03.2,2023,5,4119147,762805.000000,5.400000,2025,6.000000,1.111111,4576830.000000
aam,2023,witcher-03.2,2023,6,4592837,850525.370370,5.400000,2025,6.000000,1.111111,5103152.222222
aam,2023,witcher-03.2,2023,7,5101128,944653.333333,5.400000,2025,6.000000,1.111111,5667920.000000
aam,2023,witcher-03.2,2023,8,5645153,1045398.703704,5.400000,2025,6.000000,1.111111,6272392.222222
aam,2023,witcher-03.2,2023,9,6142704,1137537.777778,5.400000,2025,6.000000,1.111111,6825226.666667
aam,2023,witcher-03.2,2023,10,6666452,1234528.148148,5.400000,2025,6.000000,1.111111,7407168.888889
aam,2023,witcher-03.2,2023,11,7158282,1325607.777778,5.400000,2025,6.000000,1.111111,7953646.666667
aam,2023,witcher-03.2,2023,12,7632440,1413414.814815,5.400000,2025,6.000000,1.111111,8480488.888889
aam,2023,witcher-03.2,2023,13,8086734,1497543.333333,5.400000,2025,6.000000,1.111111,8985260.000000
aam,2023,witcher-03.2,2023,14,8825188,1634294.074074,5.400000,2025,6.000000,1.111111,9805764.444444
aam,2023,witcher-03.2,2023,15,9876409,1828964.629630,5.400000,2025,6.000000,1.111111,10973787.777778
aam,2023,witcher-03.2,2023,16,11051769,2046623.888889,5.400000,2025,6.000000,1.111111,12279743.333333
aam,2023,witcher-03.2,2023,17,12261328,2270616.296296,5.400000,2025,6.000000,1.111111,13623697.777778
aam,2023,witcher-03.2,2023,18,13429417,2486929.074074,5.400000,2025,6.000000,1.111111,14921574.444444
aam,2023,witcher-03.2,2023,19,14532186,2691145.555556,5.400000,2025,6.000000,1.111111,16146873.333333
aam,2023,witcher-03.2,2023,20,15674025,2902597.222222,5.400000,2025,6.000000,1.111111,17415583.333333
aam,2023,witcher-03.2,2023,21,16754210,3102631.481481,5.400000,2025,6.000000,1.111111,18615788.888889
aam,2023,witcher-03.2,2023,22,17835095,3302795.370370,5.400000,2025,6.000000,1.111111,19816772.222222
aam,2023,witcher-03.2,2023,23,19009592,3520294.814815,5.400000,2025,6.000000,1.111111,21121768.888889
aam,2023,witcher-03.2,2023,24,20233754,3746991.481481,5.400000,2025,6.000000,1.111111,22481948.888889
aam,2023,witcher-03.2,2023,25,21497651,3981046.481481,5.400000,2025,6.000000,1.111111,23886278.888889
aam,2023,witcher-03.2,2023,26,22617389,4188405.370370,5.400000,2025,6.000000,1.111111,25130432.222222
aam,2023,you-04.2,2023,1,350352,64880.000000,5.400000,2025,6.000000,1.111111,389280.000000
aam,2023,you-04.2,2023,2,603952,111842.962963,5.400000,2025,6.000000,1.111111,671057.777778
aam,2023,you-04.2,2023,3,793716,146984.444444,5.400000,2025,6.000000,1.111111,881906.666667
aam,2023,you-04.2,2023,4,949502,175833.703704,5.400000,2025,6.000000,1.111111,1055002.222222
aam,2023,you-04.2,2023,5,1084661,200863.148148,5.400000,2025,6.000000,1.111111,1205178.888889
aam,2023,you-04.2,2023,6,1208063,223715.370370,5.400000,2025,6.000000,1.111111,1342292.222222
aam,2023,you-04.2,2023,7,1315947,243693.888889,5.400000,2025,6.000000,1.111111,1462163.333333
aam,2023,you-04.2,2023,8,1429044,264637.777778,5.400000,2025,6.000000,1.111111,1587826.666667
aam,2023,you-04.2,2023,9,1530395,283406.481481,5.400000,2025,6.000000,1.111111,1700438.888889
aam,2023,you-04.2,2023,10,1628249,301527.592593,5.400000,2025,6.000000,1.111111,1809165.555556
aam,2024,3-body-problem-01,2024,1,2320561,421920.181818,5.500000,2025,6.000000,1.090909,2531521.090909
aam,2024,3-body-problem-01,2024,2,4439195,807126.363636,5.500000,2025,6.000000,1.090909,4842758.181818
aam,2024,3-body-problem-01,2024,3,6342812,1153238.545455,5.500000,2025,6.000000,1.090909,6919431.272727
aam,2024,3-body-problem-01,2024,4,8175816,1486512.000000,5.500000,2025,6.000000,1.090909,8919072.000000
aam,2024,3-body-problem-01,2024,5,9919305,1803510.000000,5.500000,2025,6.000000,1.090909,10821060.000000
aam,2024,3-body-problem-01,2024,6,11728394,2132435.272727,5.500000,2025,6.000000,1.090909,12794611.636364
aam,2024,3-body-problem-01,2024,7,13607763,2474138.727273,5.500000,2025,6.000000,1.090909,14844832.363636
aam,2024,3-body-problem-01,2024,8,15549361,2827156.545455,5.500000,2025,6.000000,1.090909,16962939.272727
aam,2024,3-body-problem-01,2024,9,17568451,3194263.818182,5.500000,2025,6.000000,1.090909,19165582.909091
aam,2024,3-body-problem-01,2024,10,19599596,3563562.909091,5.500000,2025,6.000000,1.090909,21381377.454545
aam,2024,3-body-problem-01,2024,11,21497893,3908707.818182,5.500000,2025,6.000000,1.090909,23452246.909091
aam,2024,3-body-problem-01,2024,12,23203698,4218854.181818,5.500000,2025,6.000000,1.090909,25313125.090909
aam,2024,3-body-problem-01,2024,13,24703961,4491629.272727,5.500000,2025,6.000000,1.090909,26949775.636364
aam,2024,3-body-problem-01,2024,14,26232976,4769632.000000,5.500000,2025,6.000000,1.090909,28617792.000000
aam,2024,3-body-problem-01,2024,15,27718014,5039638.909091,5.500000,2025,6.000000,1.090909,30237833.454545
aam,2024,3-body-problem-01,2024,16,29348899,5336163.454545,5.500000,2025,6.000000,1.090909,32016980.727273
aam,2024,3-body-problem-01,2024,17,30925775,5622868.181818,5.500000,2025,6.000000,1.090909,33737209.090909
aam,2024,3-body-problem-01,2024,18,32365698,5884672.363636,5.500000,2025,6.000000,1.090909,35308034.181818
aam,2024,3-body-problem-01,2024,19,34182944,6215080.727273,5.500000,2025,6.000000,1.090909,37290484.363636
aam,2024,3-body-problem-01,2024,20,36077770,6559594.545455,5.500000,2025,6.000000,1.090909,39357567.272727
aam,2024,3-body-problem-01,2024,21,37692375,6853159.090909,5.500000,2025,6.000000,1.090909,41118954.545455
aam,2024,3-body-problem-01,2024,22,38885670,7070121.818182,5.500000,2025,6.000000,1.090909,42420730.909091
aam,2024,3-body-problem-01,2024,23,40490515,7361911.818182,5.500000,2025,6.000000,1.090909,44171470.909091
aam,2024,3-body-problem-01,2024,24,41860224,7610949.818182,5.500000,2025,6.000000,1.090909,45665698.909091
aam,2024,3-body-problem-01,2024,25,43254585,7864470.000000,5.500000,2025,6.000000,1.090909,47186820.000000
aam,2024,3-body-problem-01,2024,26,44660824,8120149.818182,5.500000,2025,6.000000,1.090909,48720898.909091
aam,2024,3-body-problem-01,2024,27,45929120,8350749.090909,5.500000,2025,6.000000,1.090909,50104494.545455
aam,2024,arcane-02.1,2024,1,2781288,505688.727273,5.500000,2025,6.000000,1.090909,3034132.363636
aam,2024,arcane-02.1,2024,2,4876788,886688.727273,5.500000,2025,6.000000,1.090909,5320132.363636
aam,2024,arcane-02.1,2024,3,6763283,1229687.818182,5.500000,2025,6.000000,1.090909,7378126.909091
aam,2024,arcane-02.1,2024,4,8234575,1497195.454545,5.500000,2025,6.000000,1.090909,8983172.727273
aam,2024,arcane-02.1,2024,5,9511673,1729395.090909,5.500000,2025,6.000000,1.090909,10376370.545455
aam,2024,arcane-02.1,2024,6,10655571,1937376.545455,5.500000,2025,6.000000,1.090909,11624259.272727
aam,2024,arcane-02.1,2024,7,12216982,2221269.454545,5.500000,2025,6.000000,1.090909,13327616.727273
aam,2024,arcane-02.1,2024,8,14153562,2573374.909091,5.500000,2025,6.000000,1.090909,15440249.454545
aam,2024,arcane-02.1,2024,9,16008842,2910698.545455,5.500000,2025,6.000000,1.090909,17464191.272727
aam,2024,arcane-02.1,2024,10,17722616,3222293.818182,5.500000,2025,6.000000,1.090909,19333762.909091
aam,2024,arcane-02.1,2024,11,19514035,3548006.363636,5.500000,2025,6.000000,1.090909,21288038.181818
aam,2024,arcane-02.1,2024,12,21268348,3866972.363636,5.500000,2025,6.000000,1.090909,23201834.181818
aam,2024,arcane-02.1,2024,13,22980287,4178234.000000,5.500000,2025,6.000000,1.090909,25069404.000000
aam,2024,arcane-02.1,2024,14,24699973,4490904.181818,5.500000,2025,6.000000,1.090909,26945425.090909
aam,2024,arcane-02.1,2024,15,26455720,4810130.909091,5.500000,2025,6.000000,1.090909,28860785.454545
aam,2024,arcane-02.1,2024,16,28071767,5103957.636364,5.500000,2025,6.000000,1.090909,30623745.818182
aam,2024,arcane-02.1,2024,17,29680875,5396522.727273,5.500000,2025,6.000000,1.090909,32379136.363636
aam,2024,arcane-02.1,2024,18,31304093,5691653.272727,5.500000,2025,6.000000,1.090909,34149919.636364
aam,2024,arcane-02.1,2024,19,32868486,5976088.363636,5.500000,2025,6.000000,1.090909,35856530.181818
aam,2024,arcane-02.1,2024,20,34426893,6259435.090909,5.500000,2025,6.000000,1.090909,37556610.545455
aam,2024,arcane-02.1,2024,21,35845111,6517292.909091,5.500000,2025,6.000000,1.090909,39103757.454545
aam,2024,arcane-02.1,2024,22,37142867,6753248.545455,5.500000,2025,6.000000,1.090909,40519491.272727
aam,2024,arcane-02.1,2024,23,38318479,6966996.181818,5.500000,2025,6.000000,1.090909,41801977.090909
aam,2024,arcane-02.1,2024,24,39584049,7197099.818182,5.500000,2025,6.000000,1.090909,43182598.909091
aam,2024,arcane-02.1,2024,25,40858729,7428859.818182,5.500000,2025,6.000000,1.090909,44573158.909091
aam,2024,arcane-02.1,2024,26,42209243,7674407.818182,5.500000,2025,6.000000,1.090909,46046446.909091
aam,2024,arcane-02.2,2024,1,1988423,361531.454545,5.500000,2025,6.000000,1.090909,2169188.727273
aam,2024,arcane-02.2,2024,2,3955382,719160.363636,5.500000,2025,6.000000,1.090909,4314962.181818
aam,2024,arcane-02.2,2024,3,5464765,993593.636364,5.500000,2025,6.000000,1.090909,5961561.818182
aam,2024,arcane-02.2,2024,4,6790144,1234571.636364,5.500000,2025,6.000000,1.090909,7407429.818182
aam,2024,arcane-02.2,2024,5,8048190,1463307.272727,5.500000,2025,6.000000,1.090909,8779843.636364
aam,2024,arcane-02.2,2024,6,9783131,1778751.090909,5.500000,2025,6.000000,1.090909,10672506.545455
aam,2024,arcane-02.2,2024,7,11857775,2155959.090909,5.500000,2025,6.000000,1.090909,12935754.545455
aam,2024,arcane-02.2,2024,8,13764776,2502686.545455,5.500000,2025,6.000000,1.090909,15016119.272727
aam,2024,arcane-02.2,2024,9,15691999,2853090.727273,5.500000,2025,6.000000,1.090909,17118544.363636
aam,2024,arcane-02.2,2024,10,17664645,3211753.636364,5.500000,2025,6.000000,1.090909,19270521.818182
aam,2024,arcane-02.2,2024,11,19631706,3569401.090909,5.500000,2025,6.000000,1.090909,21416406.545455
aam,2024,arcane-02.2,2024,12,21574792,3922689.454545,5.500000,2025,6.000000,1.090909,23536136.727273
aam,2024,arcane-02.2,2024,13,23376521,4250276.545455,5.500000,2025,6.000000,1.090909,25501659.272727
aam,2024,arcane-02.2,2024,14,25320436,4603715.636364,5.500000,2025,6.000000,1.090909,27622293.818182
aam,2024,arcane-02.2,2024,15,27099064,4927102.545455,5.500000,2025,6.000000,1.090909,29562615.272727
aam,2024,arcane-02.2,2024,16,28832353,5242246.000000,5.500000,2025,6.000000,1.090909,31453476.000000
aam,2024,arcane-02.2,2024,17,30580164,5560029.818182,5.500000,2025,6.000000,1.090909,33360178.909091
aam,2024,arcane-02.2,2024,18,32250361,5863702.000000,5.500000,2025,6.000000,1.090909,35182212.000000
aam,2024,arcane-02.2,2024,19,33942918,6171439.636364,5.500000,2025,6.000000,1.090909,37028637.818182
aam,2024,arcane-02.2,2024,20,35603700,6473400.000000,5.500000,2025,6.000000,1.090909,38840400.000000
aam,2024,arcane-02.2,2024,21,37083064,6742375.272727,5.500000,2025,6.000000,1.090909,40454251.636364
aam,2024,arcane-02.2,2024,22,38553436,7009715.636364,5.500000,2025,6.000000,1.090909,42058293.818182
aam,2024,arcane-02.2,2024,23,39955125,7264568.181818,5.500000,2025,6.000000,1.090909,43587409.090909
aam,2024,arcane-02.2,2024,24,41379806,7523601.090909,5.500000,2025,6.000000,1.090909,45141606.545455
aam,2024,arcane-02.2,2024,25,42818329,7785150.727273,5.500000,2025,6.000000,1.090909,46710904.363636
aam,2024,arcane-02.2,2024,26,44256982,8046724.000000,5.500000,2025,6.000000,1.090909,48280344.000000
aam,2024,arcane-02.3,2024,1,2729767,496321.272727,5.500000,2025,6.000000,1.090909,2977927.636364
aam,2024,arcane-02.3,2024,2,4799657,872664.909091,5.500000,2025,6.000000,1.090909,5235989.454545
aam,2024,arcane-02.3,2024,3,6612398,1202254.181818,5.500000,2025,6.000000,1.090909,7213525.090909
aam,2024,arcane-02.3,2024,4,8438651,1534300.181818,5.500000,2025,6.000000,1.090909,9205801.090909
aam,2024,arcane-02.3,2024,5,10879285,1978051.818182,5.500000,2025,6.000000,1.090909,11868310.909091
aam,2024,arcane-02.3,2024,6,13551130,2463841.818182,5.500000,2025,6.000000,1.090909,14783050.909091
aam,2024,arcane-02.3,2024,7,16141046,2934735.636364,5.500000,2025,6.000000,1.090909,17608413.818182
aam,2024,arcane-02.3,2024,8,18669961,3394538.363636,5.500000,2025,6.000000,1.090909,20367230.181818
aam,2024,arcane-02.3,2024,9,21259942,3865444.000000,5.500000,2025,6.000000,1.090909,23192664.000000
aam,2024,arcane-02.3,2024,10,23799600,4327200.000000,5.500000,2025,6.000000,1.090909,25963200.000000
aam,2024,arcane-02.3,2024,11,26330336,4787333.818182,5.500000,2025,6.000000,1.090909,28724002.909091
aam,2024,arcane-02.3,2024,12,28803999,5237090.727273,5.500000,2025,6.000000,1.090909,31422544.363636
aam,2024,arcane-02.3,2024,13,31399124,5708931.636364,5.500000,2025,6.000000,1.090909,34253589.818182
aam,2024,arcane-02.3,2024,14,33837369,6152248.909091,5.500000,2025,6.000000,1.090909,36913493.454545
aam,2024,arcane-02.3,2024,15,36302897,6600526.727273,5.500000,2025,6.000000,1.090909,39603160.363636
aam,2024,arcane-02.3,2024,16,38814958,7057265.090909,5.500000,2025,6.000000,1.090909,42343590.545455
aam,2024,arcane-02.3,2024,17,41228207,7496037.636364,5.500000,2025,6.000000,1.090909,44976225.818182
aam,2024,arcane-02.3,2024,18,43563662,7920665.818182,5.500000,2025,6.000000,1.090909,47523994.909091
aam,2024,arcane-02.3,2024,19,45824065,8331648.181818,5.500000,2025,6.000000,1.090909,49989889.090909
aam,2024,arcane-02.3,2024,20,47769232,8685314.909091,5.500000,2025,6.000000,1.090909,52111889.454545
aam,2024,arcane-02.3,2024,21,49660968,9029266.909091,5.500000,2025,6.000000,1.090909,54175601.454545
aam,2024,arcane-02.3,2024,22,51578427,9377895.818182,5.500000,2025,6.000000,1.090909,56267374.909091
aam,2024,arcane-02.3,2024,23,53453101,9718745.636364,5.500000,2025,6.000000,1.090909,58312473.818182
aam,2024,arcane-02.3,2024,24,55296210,10053856.363636,5.500000,2025,6.000000,1.090909,60323138.181818
aam,2024,arcane-02.3,2024,25,57272865,10413248.181818,5.500000,2025,6.000000,1.090909,62479489.090909
aam,2024,arcane-02.3,2024,26,59203425,10764259.090909,5.500000,2025,6.000000,1.090909,64585554.545455
aam,2024,avatar-the-last-airbender-2024-01,2024,1,2304328,418968.727273,5.500000,2025,6.000000,1.090909,2513812.363636
aam,2024,avatar-the-last-airbender-2024-01,2024,2,4682650,851390.909091,5.500000,2025,6.000000,1.090909,5108345.454545
aam,2024,avatar-the-last-airbender-2024-01,2024,3,7231593,1314835.090909,5.500000,2025,6.000000,1.090909,7889010.545455
aam,2024,avatar-the-last-airbender-2024-01,2024,4,9565677,1739214.000000,5.500000,2025,6.000000,1.090909,10435284.000000
aam,2024,avatar-the-last-airbender-2024-01,2024,5,11573805,2104328.181818,5.500000,2025,6.000000,1.090909,12625969.090909
aam,2024,avatar-the-last-airbender-2024-01,2024,6,13091793,2380326.000000,5.500000,2025,6.000000,1.090909,14281956.000000
aam,2024,avatar-the-last-airbender-2024-01,2024,7,14749321,2681694.727273,5.500000,2025,6.000000,1.090909,16090168.363636
aam,2024,avatar-the-last-airbender-2024-01,2024,8,16495472,2999176.727273,5.500000,2025,6.000000,1.090909,17995060.363636
aam,2024,avatar-the-last-airbender-2024-01,2024,9,18238279,3316050.727273,5.500000,2025,6.000000,1.090909,19896304.363636
aam,2024,avatar-the-last-airbender-2024-01,2024,10,20089634,3652660.727273,5.500000,2025,6.000000,1.090909,21915964.363636
aam,2024,avatar-the-last-airbender-2024-01,2024,11,22038648,4007026.909091,5.500000,2025,6.000000,1.090909,24042161.454545
aam,2024,avatar-the-last-airbender-2024-01,2024,12,23981035,4360188.181818,5.500000,2025,6.000000,1.090909,26161129.090909
aam,2024,avatar-the-last-airbender-2024-01,2024,13,25993173,4726031.454545,5.500000,2025,6.000000,1.090909,28356188.727273
aam,2024,avatar-the-last-airbender-2024-01,2024,14,28113268,5111503.272727,5.500000,2025,6.000000,1.090909,30669019.636364
aam,2024,avatar-the-last-airbender-2024-01,2024,15,30090465,5470993.636364,5.500000,2025,6.000000,1.090909,32825961.818182
aam,2024,avatar-the-last-airbender-2024-01,2024,16,31741287,5771143.090909,5.500000,2025,6.000000,1.090909,34626858.545455
aam,2024,avatar-the-last-airbender-2024-01,2024,17,33325973,6059267.818182,5.500000,2025,6.000000,1.090909,36355606.909091
aam,2024,avatar-the-last-airbender-2024-01,2024,18,34880994,6341998.909091,5.500000,2025,6.000000,1.090909,38051993.454545
aam,2024,avatar-the-last-airbender-2024-01,2024,19,36373144,6613298.909091,5.500000,2025,6.000000,1.090909,39679793.454545
aam,2024,avatar-the-last-airbender-2024-01,2024,20,37972705,6904128.181818,5.500000,2025,6.000000,1.090909,41424769.090909
aam,2024,avatar-the-last-airbender-2024-01,2024,21,39476894,7177617.090909,5.500000,2025,6.000000,1.090909,43065702.545455
aam,2024,avatar-the-last-airbender-2024-01,2024,22,41303583,7509742.363636,5.500000,2025,6.000000,1.090909,45058454.181818
aam,2024,avatar-the-last-airbender-2024-01,2024,23,43262118,7865839.636364,5.500000,2025,6.000000,1.090909,47195037.818182
aam,2024,avatar-the-last-airbender-2024-01,2024,24,45143719,8207948.909091,5.500000,2025,6.000000,1.090909,49247693.454545
aam,2024,avatar-the-last-airbender-2024-01,2024,25,46920757,8531046.727273,5.500000,2025,6.000000,1.090909,51186280.363636
aam,2024,avatar-the-last-airbender-2024-01,2024,26,48634377,8842614.000000,5.500000,2025,6.000000,1.090909,53055684.000000
aam,2024,brothers-sun-01,2024,1,554526,100822.909091,5.500000,2025,6.000000,1.090909,604937.454545
aam,2024,brothers-sun-01,2024,2,1186425,215713.636364,5.500000,2025,6.000000,1.090909,1294281.818182
aam,2024,brothers-sun-01,2024,3,1786308,324783.272727,5.500000,2025,6.000000,1.090909,1948699.636364
aam,2024,brothers-sun-01,2024,4,2431468,442085.090909,5.500000,2025,6.000000,1.090909,2652510.545455
aam,2024,brothers-sun-01,2024,5,3065131,557296.545455,5.500000,2025,6.000000,1.090909,3343779.272727
aam,2024,brothers-sun-01,2024,6,3645095,662744.545455,5.500000,2025,6.000000,1.090909,3976467.272727
aam,2024,brothers-sun-01,2024,7,4277022,777640.363636,5.500000,2025,6.000000,1.090909,4665842.181818
aam,2024,brothers-sun-01,2024,8,4905445,891899.090909,5.500000,2025,6.000000,1.090909,5351394.545455
aam,2024,brothers-sun-01,2024,9,5779631,1050842.000000,5.500000,2025,6.000000,1.090909,6305052.000000
aam,2024,brothers-sun-01,2024,10,6728808,1223419.636364,5.500000,2025,6.000000,1.090909,7340517.818182
aam,2024,brothers-sun-01,2024,11,7684376,1397159.272727,5.500000,2025,6.000000,1.090909,8382955.636364
aam,2024,brothers-sun-01,2024,12,8514176,1548032.000000,5.500000,2025,6.000000,1.090909,9288192.000000
aam,2024,brothers-sun-01,2024,13,9136400,1661163.636364,5.500000,2025,6.000000,1.090909,9966981.818182
aam,2024,brothers-sun-01,2024,14,9700743,1763771.454545,5.500000,2025,6.000000,1.090909,10582628.727273
aam,2024,brothers-sun-01,2024,15,10362196,1884035.636364,5.500000,2025,6.000000,1.090909,11304213.818182
aam,2024,brothers-sun-01,2024,16,10829859,1969065.272727,5.500000,2025,6.000000,1.090909,11814391.636364
aam,2024,fargo-510,2024,1,621476,112995.636364,5.500000,2025,6.000000,1.090909,677973.818182
aam,2024,fargo-510,2024,2,1149488,208997.818182,5.500000,2025,6.000000,1.090909,1253986.909091
aam,2024,fargo-510,2024,3,1668051,303282.000000,5.500000,2025,6.000000,1.090909,1819692.000000
aam,2024,fargo-510,2024,4,2159083,392560.545455,5.500000,2025,6.000000,1.090909,2355363.272727
aam,2024,fargo-510,2024,5,2702811,491420.181818,5.500000,2025,6.000000,1.090909,2948521.090909
aam,2024,fargo-510,2024,6,3278184,596033.454545,5.500000,2025,6.000000,1.090909,3576200.727273
aam,2024,fargo-510,2024,7,3978962,723447.636364,5.500000,2025,6.000000,1.090909,4340685.818182
aam,2024,fargo-510,2024,8,4742432,862260.363636,5.500000,2025,6.000000,1.090909,5173562.181818
aam,2024,fargo-510,2024,9,5550880,1009250.909091,5.500000,2025,6.000000,1.090909,6055505.454545
aam,2024,fargo-510,2024,10,6243667,1135212.181818,5.500000,2025,6.000000,1.090909,6811273.090909
aam,2024,for-all-mankind-410,2024,1,362271,65867.454545,5.500000,2025,6.000000,1.090909,395204.727273
aam,2024,for-all-mankind-410,2024,2,747586,135924.727273,5.500000,2025,6.000000,1.090909,815548.363636
aam,2024,for-all-mankind-410,2024,3,1164541,211734.727273,5.500000,2025,6.000000,1.090909,1270408.363636
aam,2024,for-all-mankind-410,2024,4,1607122,292204.000000,5.500000,2025,6.000000,1.090909,1753224.000000
aam,2024,for-all-mankind-410,2024,5,2029522,369004.000000,5.500000,2025,6.000000,1.090909,2214024.000000
aam,2024,for-all-mankind-410,2024,6,2441410,443892.727273,5.500000,2025,6.000000,1.090909,2663356.363636
aam,2024,for-all-mankind-410,2024,7,2942042,534916.727273,5.500000,2025,6.000000,1.090909,3209500.363636
aam,2024,for-all-mankind-410,2024,8,3632934,660533.454545,5.500000,2025,6.000000,1.090909,3963200.727273
aam,2024,for-all-mankind-410,2024,9,4358486,792452.000000,5.500000,2025,6.000000,1.090909,4754712.000000
aam,2024,for-all-mankind-410,2024,10,5019019,912548.909091,5.500000,2025,6.000000,1.090909,5475293.454545
aam,2024,for-all-mankind-410,2024,11,5595380,1017341.818182,5.500000,2025,6.000000,1.090909,6104050.909091
aam,2024,for-all-mankind-410,2024,12,6002342,1091334.909091,5.500000,2025,6.000000,1.090909,6548009.454545
aam,2024,for-all-mankind-410,2024,13,6428376,1168795.636364,5.500000,2025,6.000000,1.090909,7012773.818182
aam,2024,for-all-mankind-410,2024,14,6899861,1254520.181818,5.500000,2025,6.000000,1.090909,7527121.090909
aam,2024,for-all-mankind-410,2024,15,7393807,1344328.545455,5.500000,2025,6.000000,1.090909,8065971.272727
aam,2024,godzilla-x-kong-the-new-empire,2024,1,4697968,854176.000000,5.500000,2025,6.000000,1.090909,5125056.000000
aam,2024,godzilla-x-kong-the-new-empire,2024,2,8453258,1536956.000000,5.500000,2025,6.000000,1.090909,9221736.000000
aam,2024,godzilla-x-kong-the-new-empire,2024,3,11793505,2144273.636364,5.500000,2025,6.000000,1.090909,12865641.818182
aam,2024,godzilla-x-kong-the-new-empire,2024,4,14834413,2697166.000000,5.500000,2025,6.000000,1.090909,16182996.000000
aam,2024,godzilla-x-kong-the-new-empire,2024,5,17637277,3206777.636364,5.500000,2025,6.000000,1.090909,19240665.818182
aam,2024,godzilla-x-kong-the-new-empire,2024,6,20216593,3675744.181818,5.500000,2025,6.000000,1.090909,22054465.090909
aam,2024,godzilla-x-kong-the-new-empire,2024,7,22642666,4116848.363636,5.500000,2025,6.000000,1.090909,24701090.181818
aam,2024,godzilla-x-kong-the-new-empire,2024,8,25071292,4558416.727273,5.500000,2025,6.000000,1.090909,27350500.363636
aam,2024,godzilla-x-kong-the-new-empire,2024,9,27566001,5012000.181818,5.500000,2025,6.000000,1.090909,30072001.090909
aam,2024,godzilla-x-kong-the-new-empire,2024,10,29293466,5326084.727273,5.500000,2025,6.000000,1.090909,31956508.363636
aam,2024,godzilla-x-kong-the-new-empire,2024,11,32108689,5837943.454545,5.500000,2025,6.000000,1.090909,35027660.727273
aam,2024,godzilla-x-kong-the-new-empire,2024,12,34896402,6344800.363636,5.500000,2025,6.000000,1.090909,38068802.181818
aam,2024,godzilla-x-kong-the-new-empire,2024,13,37365588,6793743.272727,5.500000,2025,6.000000,1.090909,40762459.636364
aam,2024,godzilla-x-kong-the-new-empire,2024,14,39738024,7225095.272727,5.500000,2025,6.000000,1.090909,43350571.636364
aam,2024,godzilla-x-kong-the-new-empire,2024,15,42127338,7659516.000000,5.500000,2025,6.000000,1.090909,45957096.000000
aam,2024,godzilla-x-kong-the-new-empire,2024,16,44273777,8049777.636364,5.500000,2025,6.000000,1.090909,48298665.818182
aam,2024,godzilla-x-kong-the-new-empire,2024,17,46357969,8428721.636364,5.500000,2025,6.000000,1.090909,50572329.818182
aam,2024,godzilla-x-kong-the-new-empire,2024,18,48421775,8803959.090909,5.500000,2025,6.000000,1.090909,52823754.545455
aam,2024,godzilla-x-kong-the-new-empire,2024,19,50508168,9183303.272727,5.500000,2025,6.000000,1.090909,55099819.636364
aam,2024,godzilla-x-kong-the-new-empire,2024,20,52538269,9552412.545455,5.500000,2025,6.000000,1.090909,57314475.272727
aam,2024,godzilla-x-kong-the-new-empire,2024,21,54553298,9918781.454545,5.500000,2025,6.000000,1.090909,59512688.727273
aam,2024,godzilla-x-kong-the-new-empire,2024,22,56488682,10270669.454545,5.500000,2025,6.000000,1.090909,61624016.727273
aam,2024,godzilla-x-kong-the-new-empire,2024,23,58369654,10612664.363636,5.500000,2025,6.000000,1.090909,63675986.181818
aam,2024,godzilla-x-kong-the-new-empire,2024,24,60231372,10951158.545455,5.500000,2025,6.000000,1.090909,65706951.272727
aam,2024,godzilla-x-kong-the-new-empire,2024,25,62017993,11275998.727273,5.500000,2025,6.000000,1.090909,67655992.363636
aam,2024,godzilla-x-kong-the-new-empire,2024,26,63771936,11594897.454545,5.500000,2025,6.000000,1.090909,69569384.727273
aam,2024,hit-monkey-02,2024,1,199851,36336.545455,5.500000,2025,6.000000,1.090909,218019.272727
aam,2024,hit-monkey-02,2024,2,440368,80066.909091,5.500000,2025,6.000000,1.090909,480401.454545
aam,2024,hit-monkey-02,2024,3,692009,125819.818182,5.500000,2025,6.000000,1.090909,754918.909091
aam,2024,hit-monkey-02,2024,4,943010,171456.363636,5.500000,2025,6.000000,1.090909,1028738.181818
aam,2024,hit-monkey-02,2024,5,1252207,227674.000000,5.500000,2025,6.000000,1.090909,1366044.000000
aam,2024,hit-monkey-02,2024,6,1581175,287486.363636,5.500000,2025,6.000000,1.090909,1724918.181818
aam,2024,hit-monkey-02,2024,7,1913092,347834.909091,5.500000,2025,6.000000,1.090909,2087009.454545
aam,2024,hit-monkey-02,2024,8,2240124,407295.272727,5.500000,2025,6.000000,1.090909,2443771.636364
aam,2024,hit-monkey-02,2024,9,2361729,429405.272727,5.500000,2025,6.000000,1.090909,2576431.636364
aam,2024,hit-monkey-02,2024,10,2561838,465788.727273,5.500000,2025,6.000000,1.090909,2794732.363636
aam,2024,hit-monkey-02,2024,11,2879447,523535.818182,5.500000,2025,6.000000,1.090909,3141214.909091
aam,2024,hit-monkey-02,2024,12,3217611,585020.181818,5.500000,2025,6.000000,1.090909,3510121.090909
aam,2024,hit-monkey-02,2024,13,3547640,645025.454545,5.500000,2025,6.000000,1.090909,3870152.727273
aam,2024,hit-monkey-02,2024,14,3884451,706263.818182,5.500000,2025,6.000000,1.090909,4237582.909091
aam,2024,hit-monkey-02,2024,15,4174493,758998.727273,5.500000,2025,6.000000,1.090909,4553992.363636
aam,2024,house-of-the-dragon-201,2024,1,3094090,562561.818182,5.500000,2025,6.000000,1.090909,3375370.909091
aam,2024,house-of-the-dragon-201,2024,2,5220207,949128.545455,5.500000,2025,6.000000,1.090909,5694771.272727
aam,2024,house-of-the-dragon-201,2024,3,7093819,1289785.272727,5.500000,2025,6.000000,1.090909,7738711.636364
aam,2024,house-of-the-dragon-201,2024,4,8887949,1615990.727273,5.500000,2025,6.000000,1.090909,9695944.363636
aam,2024,house-of-the-dragon-201,2024,5,10492522,1907731.272727,5.500000,2025,6.000000,1.090909,11446387.636364
aam,2024,house-of-the-dragon-201,2024,6,12224716,2222675.636364,5.500000,2025,6.000000,1.090909,13336053.818182
aam,2024,house-of-the-dragon-201,2024,7,14013719,2547948.909091,5.500000,2025,6.000000,1.090909,15287693.454545
aam,2024,house-of-the-dragon-201,2024,8,15638957,2843446.727273,5.500000,2025,6.000000,1.090909,17060680.363636
aam,2024,house-of-the-dragon-201,2024,9,17266369,3139339.818182,5.500000,2025,6.000000,1.090909,18836038.909091
aam,2024,house-of-the-dragon-201,2024,10,18675834,3395606.181818,5.500000,2025,6.000000,1.090909,20373637.090909
aam,2024,house-of-the-dragon-201,2024,11,20007744,3637771.636364,5.500000,2025,6.000000,1.090909,21826629.818182
aam,2024,house-of-the-dragon-201,2024,12,21142450,3844081.818182,5.500000,2025,6.000000,1.090909,23064490.909091
aam,2024,house-of-the-dragon-201,2024,13,22335412,4060984.000000,5.500000,2025,6.000000,1.090909,24365904.000000
aam,2024,house-of-the-dragon-201,2024,14,23502989,4273270.727273,5.500000,2025,6.000000,1.090909,25639624.363636
aam,2024,house-of-the-dragon-201,2024,15,24670711,4485583.818182,5.500000,2025,6.000000,1.090909,26913502.909091
aam,2024,house-of-the-dragon-201,2024,16,25854764,4700866.181818,5.500000,2025,6.000000,1.090909,28205197.090909
aam,2024,house-of-the-dragon-201,2024,17,26979132,4905296.727273,5.500000,2025,6.000000,1.090909,29431780.363636
aam,2024,house-of-the-dragon-201,2024,18,28123665,5113393.636364,5.500000,2025,6.000000,1.090909,30680361.818182
aam,2024,house-of-the-dragon-201,2024,19,29185497,5306454.000000,5.500000,2025,6.000000,1.090909,31838724.000000
aam,2024,house-of-the-dragon-201,2024,20,30236846,5497608.363636,5.500000,2025,6.000000,1.090909,32985650.181818
aam,2024,house-of-the-dragon-201,2024,21,31319142,5694389.454545,5.500000,2025,6.000000,1.090909,34166336.727273
aam,2024,house-of-the-dragon-201,2024,22,32346052,5881100.363636,5.500000,2025,6.000000,1.090909,35286602.181818
aam,2024,house-of-the-dragon-201,2024,23,33547093,6099471.454545,5.500000,2025,6.000000,1.090909,36596828.727273
aam,2024,house-of-the-dragon-201,2024,24,34852213,6336766.000000,5.500000,2025,6.000000,1.090909,38020596.000000
aam,2024,house-of-the-dragon-201,2024,25,35944335,6535333.636364,5.500000,2025,6.000000,1.090909,39212001.818182
aam,2024,house-of-the-dragon-201,2024,26,36864793,6702689.636364,5.500000,2025,6.000000,1.090909,40216137.818182
aam,2024,house-of-the-dragon-207,2024,1,2808464,510629.818182,5.500000,2025,6.000000,1.090909,3063778.909091
aam,2024,house-of-the-dragon-207,2024,2,6893243,1253316.909091,5.500000,2025,6.000000,1.090909,7519901.454545
aam,2024,house-of-the-dragon-207,2024,3,9892984,1798724.363636,5.500000,2025,6.000000,1.090909,10792346.181818
aam,2024,house-of-the-dragon-207,2024,4,12427176,2259486.545455,5.500000,2025,6.000000,1.090909,13556919.272727
aam,2024,house-of-the-dragon-207,2024,5,14731369,2678430.727273,5.500000,2025,6.000000,1.090909,16070584.363636
aam,2024,house-of-the-dragon-207,2024,6,16932840,3078698.181818,5.500000,2025,6.000000,1.090909,18472189.090909
aam,2024,house-of-the-dragon-207,2024,7,18950161,3445483.818182,5.500000,2025,6.000000,1.090909,20672902.909091
aam,2024,house-of-the-dragon-207,2024,8,20939186,3807124.727273,5.500000,2025,6.000000,1.090909,22842748.363636
aam,2024,house-of-the-dragon-207,2024,9,22886541,4161189.272727,5.500000,2025,6.000000,1.090909,24967135.636364
aam,2024,house-of-the-dragon-207,2024,10,24778201,4505127.454545,5.500000,2025,6.000000,1.090909,27030764.727273
aam,2024,house-of-the-dragon-207,2024,11,26494504,4817182.545455,5.500000,2025,6.000000,1.090909,28903095.272727
aam,2024,house-of-the-dragon-207,2024,12,27949564,5081738.909091,5.500000,2025,6.000000,1.090909,30490433.454545
aam,2024,house-of-the-dragon-207,2024,13,29607639,5383207.090909,5.500000,2025,6.000000,1.090909,32299242.545455
aam,2024,house-of-the-dragon-207,2024,14,31166874,5666704.363636,5.500000,2025,6.000000,1.090909,34000226.181818
aam,2024,house-of-the-dragon-207,2024,15,32768350,5957881.818182,5.500000,2025,6.000000,1.090909,35747290.909091
aam,2024,house-of-the-dragon-207,2024,16,34236257,6224774.000000,5.500000,2025,6.000000,1.090909,37348644.000000
aam,2024,house-of-the-dragon-207,2024,17,35919526,6530822.909091,5.500000,2025,6.000000,1.090909,39184937.454545
aam,2024,house-of-the-dragon-207,2024,18,37632952,6842354.909091,5.500000,2025,6.000000,1.090909,41054129.454545
aam,2024,house-of-the-dragon-207,2024,19,39208165,7128757.272727,5.500000,2025,6.000000,1.090909,42772543.636364
aam,2024,house-of-the-dragon-207,2024,20,40756248,7410226.909091,5.500000,2025,6.000000,1.090909,44461361.454545
aam,2024,house-of-the-dragon-207,2024,21,42251086,7682015.636364,5.500000,2025,6.000000,1.090909,46092093.818182
aam,2024,house-of-the-dragon-207,2024,22,45037408,8188619.636364,5.500000,2025,6.000000,1.090909,49131717.818182
aam,2024,house-of-the-dragon-207,2024,23,47763125,8684204.545455,5.500000,2025,6.000000,1.090909,52105227.272727
aam,2024,house-of-the-dragon-207,2024,24,50407358,9164974.181818,5.500000,2025,6.000000,1.090909,54989845.090909
aam,2024,house-of-the-dragon-207,2024,25,53106286,9655688.363636,5.500000,2025,6.000000,1.090909,57934130.181818
aam,2024,house-of-the-dragon-207,2024,26,55797559,10145010.727273,5.500000,2025,6.000000,1.090909,60870064.363636
aam,2024,interior-chinatown-01,2024,1,1167783,212324.181818,5.500000,2025,6.000000,1.090909,1273945.090909
aam,2024,interior-chinatown-01,2024,2,2809155,510755.454545,5.500000,2025,6.000000,1.090909,3064532.727273
aam,2024,interior-chinatown-01,2024,3,4229372,768976.727273,5.500000,2025,6.000000,1.090909,4613860.363636
aam,2024,interior-chinatown-01,2024,4,5719581,1039923.818182,5.500000,2025,6.000000,1.090909,6239542.909091
aam,2024,interior-chinatown-01,2024,5,7171186,1303852.000000,5.500000,2025,6.000000,1.090909,7823112.000000
aam,2024,interior-chinatown-01,2024,6,9882515,1796820.909091,5.500000,2025,6.000000,1.090909,10780925.454545
aam,2024,interior-chinatown-01,2024,7,12459577,2265377.636364,5.500000,2025,6.000000,1.090909,13592265.818182
aam,2024,interior-chinatown-01,2024,8,14924669,2713576.181818,5.500000,2025,6.000000,1.090909,16281457.090909
aam,2024,interior-chinatown-01,2024,9,17387825,3161422.727273,5.500000,2025,6.000000,1.090909,18968536.363636
aam,2024,interior-chinatown-01,2024,10,19944998,3626363.272727,5.500000,2025,6.000000,1.090909,21758179.636364
aam,2024,interior-chinatown-01,2024,11,22373051,4067827.454545,5.500000,2025,6.000000,1.090909,24406964.727273
aam,2024,interior-chinatown-01,2024,12,24744267,4498957.636364,5.500000,2025,6.000000,1.090909,26993745.818182
aam,2024,interior-chinatown-01,2024,13,27170168,4940030.545455,5.500000,2025,6.000000,1.090909,29640183.272727
aam,2024,interior-chinatown-01,2024,14,29511699,5365763.454545,5.500000,2025,6.000000,1.090909,32194580.727273
aam,2024,interior-chinatown-01,2024,15,31744289,5771688.909091,5.500000,2025,6.000000,1.090909,34630133.454545
aam,2024,interior-chinatown-01,2024,16,34081909,6196710.727273,5.500000,2025,6.000000,1.090909,37180264.363636
aam,2024,interior-chinatown-01,2024,17,36340892,6607434.909091,5.500000,2025,6.000000,1.090909,39644609.454545
aam,2024,interior-chinatown-01,2024,18,38545965,7008357.272727,5.500000,2025,6.000000,1.090909,42050143.636364
aam,2024,interior-chinatown-01,2024,19,40718168,7403303.272727,5.500000,2025,6.000000,1.090909,44419819.636364
aam,2024,interior-chinatown-01,2024,20,42790647,7780117.636364,5.500000,2025,6.000000,1.090909,46680705.818182
aam,2024,interior-chinatown-01,2024,21,44605831,8110151.090909,5.500000,2025,6.000000,1.090909,48660906.545455
aam,2024,interior-chinatown-01,2024,22,46429208,8441674.181818,5.500000,2025,6.000000,1.090909,50650045.090909
aam,2024,interior-chinatown-01,2024,23,48316156,8784755.636364,5.500000,2025,6.000000,1.090909,52708533.818182
aam,2024,interior-chinatown-01,2024,24,50080287,9105506.727273,5.500000,2025,6.000000,1.090909,54633040.363636
aam,2024,interior-chinatown-01,2024,25,51816074,9421104.363636,5.500000,2025,6.000000,1.090909,56526626.181818
aam,2024,interior-chinatown-01,2024,26,53705913,9764711.454545,5.500000,2025,6.000000,1.090909,58588268.727273
aam,2024,laid-01,2024,1,448946,81626.545455,5.500000,2025,6.000000,1.090909,489759.272727
aam,2024,laid-01,2024,2,1410394,256435.272727,5.500000,2025,6.000000,1.090909,1538611.636364
aam,2024,laid-01,2024,3,2353223,427858.727273,5.500000,2025,6.000000,1.090909,2567152.363636
aam,2024,laid-01,2024,4,3269864,594520.727273,5.500000,2025,6.000000,1.090909,3567124.363636
aam,2024,laid-01,2024,5,4364244,793498.909091,5.500000,2025,6.000000,1.090909,4760993.454545
aam,2024,laid-01,2024,6,5570032,1012733.090909,5.500000,2025,6.000000,1.090909,6076398.545455
aam,2024,laid-01,2024,7,6726149,1222936.181818,5.500000,2025,6.000000,1.090909,7337617.090909
aam,2024,laid-01,2024,8,7825835,1422879.090909,5.500000,2025,6.000000,1.090909,8537274.545455
aam,2024,laid-01,2024,9,8888432,1616078.545455,5.500000,2025,6.000000,1.090909,9696471.272727
aam,2024,laid-01,2024,10,9976888,1813979.636364,5.500000,2025,6.000000,1.090909,10883877.818182
aam,2024,laid-01,2024,11,11036925,2006713.636364,5.500000,2025,6.000000,1.090909,12040281.818182
aam,2024,laid-01,2024,12,12143394,2207889.818182,5.500000,2025,6.000000,1.090909,13247338.909091
aam,2024,laid-01,2024,13,13255080,2410014.545455,5.500000,2025,6.000000,1.090909,14460087.272727
aam,2024,laid-01,2024,14,14391448,2616626.909091,5.500000,2025,6.000000,1.090909,15699761.454545
aam,2024,laid-01,2024,15,15463143,2811480.545455,5.500000,2025,6.000000,1.090909,16868883.272727
aam,2024,laid-01,2024,16,16397835,2981424.545455,5.500000,2025,6.000000,1.090909,17888547.272727
aam,2024,masters-of-the-air-101,2024,1,1149684,209033.454545,5.500000,2025,6.000000,1.090909,1254200.727273
aam,2024,masters-of-the-air-101,2024,2,2176252,395682.181818,5.500000,2025,6.000000,1.090909,2374093.090909
aam,2024,masters-of-the-air-101,2024,3,3013289,547870.727273,5.500000,2025,6.000000,1.090909,3287224.363636
aam,2024,masters-of-the-air-101,2024,4,3723125,676931.818182,5.500000,2025,6.000000,1.090909,4061590.909091
aam,2024,masters-of-the-air-101,2024,5,4562936,829624.727273,5.500000,2025,6.000000,1.090909,4977748.363636
aam,2024,masters-of-the-air-101,2024,6,5592290,1016780.000000,5.500000,2025,6.000000,1.090909,6100680.000000
aam,2024,masters-of-the-air-101,2024,7,6682340,1214970.909091,5.500000,2025,6.000000,1.090909,7289825.454545
aam,2024,masters-of-the-air-101,2024,8,7747151,1408572.909091,5.500000,2025,6.000000,1.090909,8451437.454545
aam,2024,masters-of-the-air-101,2024,9,8702440,1582261.818182,5.500000,2025,6.000000,1.090909,9493570.909091
aam,2024,masters-of-the-air-101,2024,10,9343559,1698828.909091,5.500000,2025,6.000000,1.090909,10192973.454545
aam,2024,masters-of-the-air-101,2024,11,10054637,1828115.818182,5.500000,2025,6.000000,1.090909,10968694.909091
aam,2024,masters-of-the-air-101,2024,12,10771583,1958469.636364,5.500000,2025,6.000000,1.090909,11750817.818182
aam,2024,masters-of-the-air-101,2024,13,11522717,2095039.454545,5.500000,2025,6.000000,1.090909,12570236.727273
aam,2024,masters-of-the-air-101,2024,14,12316821,2239422.000000,5.500000,2025,6.000000,1.090909,13436532.000000
aam,2024,masters-of-the-air-101,2024,15,13188515,2397911.818182,5.500000,2025,6.000000,1.090909,14387470.909091
aam,2024,masters-of-the-air-101,2024,16,14138505,2570637.272727,5.500000,2025,6.000000,1.090909,15423823.636364
aam,2024,masters-of-the-air-101,2024,17,15192238,2762225.090909,5.500000,2025,6.000000,1.090909,16573350.545455
aam,2024,masters-of-the-air-101,2024,18,16176572,2941194.909091,5.500000,2025,6.000000,1.090909,17647169.454545
aam,2024,masters-of-the-air-101,2024,19,17199006,3127092.000000,5.500000,2025,6.000000,1.090909,18762552.000000
aam,2024,masters-of-the-air-101,2024,20,18076183,3286578.727273,5.500000,2025,6.000000,1.090909,19719472.363636
aam,2024,masters-of-the-air-101,2024,21,18873601,3431563.818182,5.500000,2025,6.000000,1.090909,20589382.909091
aam,2024,masters-of-the-air-101,2024,22,19644006,3571637.454545,5.500000,2025,6.000000,1.090909,21429824.727273
aam,2024,masters-of-the-air-101,2024,23,20374093,3704380.545455,5.500000,2025,6.000000,1.090909,22226283.272727
aam,2024,masters-of-the-air-101,2024,24,21155240,3846407.272727,5.500000,2025,6.000000,1.090909,23078443.636364
aam,2024,masters-of-the-air-101,2024,25,21852008,3973092.363636,5.500000,2025,6.000000,1.090909,23838554.181818
aam,2024,masters-of-the-air-101,2024,26,22688196,4125126.545455,5.500000,2025,6.000000,1.090909,24750759.272727
aam,2024,masters-of-the-air-108,2024,1,795703,144673.272727,5.500000,2025,6.000000,1.090909,868039.636364
aam,2024,masters-of-the-air-108,2024,2,2361875,429431.818182,5.500000,2025,6.000000,1.090909,2576590.909091
aam,2024,masters-of-the-air-108,2024,3,3720169,676394.363636,5.500000,2025,6.000000,1.090909,4058366.181818
aam,2024,masters-of-the-air-108,2024,4,4700128,854568.727273,5.500000,2025,6.000000,1.090909,5127412.363636
aam,2024,masters-of-the-air-108,2024,5,5788704,1052491.636364,5.500000,2025,6.000000,1.090909,6314949.818182
aam,2024,masters-of-the-air-108,2024,6,6985410,1270074.545455,5.500000,2025,6.000000,1.090909,7620447.272727
aam,2024,masters-of-the-air-108,2024,7,8185844,1488335.272727,5.500000,2025,6.000000,1.090909,8930011.636364
aam,2024,masters-of-the-air-108,2024,8,9564221,1738949.272727,5.500000,2025,6.000000,1.090909,10433695.636364
aam,2024,masters-of-the-air-108,2024,9,10885728,1979223.272727,5.500000,2025,6.000000,1.090909,11875339.636364
aam,2024,masters-of-the-air-108,2024,10,12323511,2240638.363636,5.500000,2025,6.000000,1.090909,13443830.181818
aam,2024,masters-of-the-air-108,2024,11,13736742,2497589.454545,5.500000,2025,6.000000,1.090909,14985536.727273
aam,2024,masters-of-the-air-108,2024,12,15133645,2751571.818182,5.500000,2025,6.000000,1.090909,16509430.909091
aam,2024,masters-of-the-air-108,2024,13,16509764,3001775.272727,5.500000,2025,6.000000,1.090909,18010651.636364
aam,2024,masters-of-the-air-108,2024,14,17730765,3223775.454545,5.500000,2025,6.000000,1.090909,19342652.727273
aam,2024,masters-of-the-air-108,2024,15,18839346,3425335.636364,5.500000,2025,6.000000,1.090909,20552013.818182
aam,2024,masters-of-the-air-108,2024,16,19865732,3611951.272727,5.500000,2025,6.000000,1.090909,21671707.636364
aam,2024,masters-of-the-air-108,2024,17,20903103,3800564.181818,5.500000,2025,6.000000,1.090909,22803385.090909
aam,2024,monarch-legacy-of-monsters-110,2024,1,828634,150660.727273,5.500000,2025,6.000000,1.090909,903964.363636
aam,2024,monarch-legacy-of-monsters-110,2024,2,1424357,258974.000000,5.500000,2025,6.000000,1.090909,1553844.000000
aam,2024,monarch-legacy-of-monsters-110,2024,3,2044454,371718.909091,5.500000,2025,6.000000,1.090909,2230313.454545
aam,2024,monarch-legacy-of-monsters-110,2024,4,2700394,490980.727273,5.500000,2025,6.000000,1.090909,2945884.363636
aam,2024,monarch-legacy-of-monsters-110,2024,5,3299516,599912.000000,5.500000,2025,6.000000,1.090909,3599472.000000
aam,2024,monarch-legacy-of-monsters-110,2024,6,3960892,720162.181818,5.500000,2025,6.000000,1.090909,4320973.090909
aam,2024,monarch-legacy-of-monsters-110,2024,7,4649748,845408.727273,5.500000,2025,6.000000,1.090909,5072452.363636
aam,2024,monarch-legacy-of-monsters-110,2024,8,5554634,1009933.454545,5.500000,2025,6.000000,1.090909,6059600.727273
aam,2024,monarch-legacy-of-monsters-110,2024,9,6522720,1185949.090909,5.500000,2025,6.000000,1.090909,7115694.545455
aam,2024,monarch-legacy-of-monsters-110,2024,10,7519467,1367175.818182,5.500000,2025,6.000000,1.090909,8203054.909091
aam,2024,monarch-legacy-of-monsters-110,2024,11,8388340,1525152.727273,5.500000,2025,6.000000,1.090909,9150916.363636
aam,2024,monarch-legacy-of-monsters-110,2024,12,9018269,1639685.272727,5.500000,2025,6.000000,1.090909,9838111.636364
aam,2024,monarch-legacy-of-monsters-110,2024,13,9699579,1763559.818182,5.500000,2025,6.000000,1.090909,10581358.909091
aam,2024,monarch-legacy-of-monsters-110,2024,14,10439560,1898101.818182,5.500000,2025,6.000000,1.090909,11388610.909091
aam,2024,monarch-legacy-of-monsters-110,2024,15,10996137,1999297.636364,5.500000,2025,6.000000,1.090909,11995785.818182
aam,2024,monarch-legacy-of-monsters-110,2024,16,11838494,2152453.454545,5.500000,2025,6.000000,1.090909,12914720.727273
aam,2024,monarch-legacy-of-monsters-110,2024,17,12677359,2304974.363636,5.500000,2025,6.000000,1.090909,13829846.181818
aam,2024,monarch-legacy-of-monsters-110,2024,18,13577286,2468597.454545,5.500000,2025,6.000000,1.090909,14811584.727273
aam,2024,monarch-legacy-of-monsters-110,2024,19,14578229,2650587.090909,5.500000,2025,6.000000,1.090909,15903522.545455
aam,2024,monarch-legacy-of-monsters-110,2024,20,15605531,2837369.272727,5.500000,2025,6.000000,1.090909,17024215.636364
aam,2024,monarch-legacy-of-monsters-110,2024,21,16558316,3010602.909091,5.500000,2025,6.000000,1.090909,18063617.454545
aam,2024,mr-and-mrs-smith-2024-01,2024,1,929745,169044.545455,5.500000,2025,6.000000,1.090909,1014267.272727
aam,2024,mr-and-mrs-smith-2024-01,2024,2,1858518,337912.363636,5.500000,2025,6.000000,1.090909,2027474.181818
aam,2024,mr-and-mrs-smith-2024-01,2024,3,2771083,503833.272727,5.500000,2025,6.000000,1.090909,3022999.636364
aam,2024,mr-and-mrs-smith-2024-01,2024,4,3697311,672238.363636,5.500000,2025,6.000000,1.090909,4033430.181818
aam,2024,mr-and-mrs-smith-2024-01,2024,5,4968835,903424.545455,5.500000,2025,6.000000,1.090909,5420547.272727
aam,2024,mr-and-mrs-smith-2024-01,2024,6,6346446,1153899.272727,5.500000,2025,6.000000,1.090909,6923395.636364
aam,2024,mr-and-mrs-smith-2024-01,2024,7,7623312,1386056.727273,5.500000,2025,6.000000,1.090909,8316340.363636
aam,2024,mr-and-mrs-smith-2024-01,2024,8,8774187,1595306.727273,5.500000,2025,6.000000,1.090909,9571840.363636
aam,2024,mr-and-mrs-smith-2024-01,2024,9,9622081,1749469.272727,5.500000,2025,6.000000,1.090909,10496815.636364
aam,2024,mr-and-mrs-smith-2024-01,2024,10,10532917,1915075.818182,5.500000,2025,6.000000,1.090909,11490454.909091
aam,2024,mr-and-mrs-smith-2024-01,2024,11,11487008,2088546.909091,5.500000,2025,6.000000,1.090909,12531281.454545
aam,2024,mr-and-mrs-smith-2024-01,2024,12,12417523,2257731.454545,5.500000,2025,6.000000,1.090909,13546388.727273
aam,2024,mr-and-mrs-smith-2024-01,2024,13,13475254,2450046.181818,5.500000,2025,6.000000,1.090909,14700277.090909
aam,2024,mr-and-mrs-smith-2024-01,2024,14,14617283,2657687.818182,5.500000,2025,6.000000,1.090909,15946126.909091
aam,2024,mr-and-mrs-smith-2024-01,2024,15,15772369,2867703.454545,5.500000,2025,6.000000,1.090909,17206220.727273
aam,2024,mr-and-mrs-smith-2024-01,2024,16,17001117,3091112.181818,5.500000,2025,6.000000,1.090909,18546673.090909
aam,2024,mr-and-mrs-smith-2024-01,2024,17,18179890,3305434.545455,5.500000,2025,6.000000,1.090909,19832607.272727
aam,2024,old-man-201,2024,1,748967,136175.818182,5.500000,2025,6.000000,1.090909,817054.909091
aam,2024,old-man-201,2024,2,1391898,253072.363636,5.500000,2025,6.000000,1.090909,1518434.181818
aam,2024,old-man-201,2024,3,2035427,370077.636364,5.500000,2025,6.000000,1.090909,2220465.818182
aam,2024,old-man-201,2024,4,2632525,478640.909091,5.500000,2025,6.000000,1.090909,2871845.454545
aam,2024,old-man-201,2024,5,3218763,585229.636364,5.500000,2025,6.000000,1.090909,3511377.818182
aam,2024,old-man-201,2024,6,3767598,685017.818182,5.500000,2025,6.000000,1.090909,4110106.909091
aam,2024,old-man-201,2024,7,3928078,714196.000000,5.500000,2025,6.000000,1.090909,4285176.000000
aam,2024,old-man-201,2024,9,4484539,815370.727273,5.500000,2025,6.000000,1.090909,4892224.363636
aam,2024,old-man-201,2024,10,5069403,921709.636364,5.500000,2025,6.000000,1.090909,5530257.818182
aam,2024,old-man-201,2024,11,5697092,1035834.909091,5.500000,2025,6.000000,1.090909,6215009.454545
aam,2024,old-man-201,2024,12,6304740,1146316.363636,5.500000,2025,6.000000,1.090909,6877898.181818
aam,2024,old-man-201,2024,13,6795268,1235503.272727,5.500000,2025,6.000000,1.090909,7413019.636364
aam,2024,old-man-201,2024,14,7344705,1335400.909091,5.500000,2025,6.000000,1.090909,8012405.454545
aam,2024,old-man-201,2024,15,8215099,1493654.363636,5.500000,2025,6.000000,1.090909,8961926.181818
aam,2024,reacher-208,2024,1,1229005,223455.454545,5.500000,2025,6.000000,1.090909,1340732.727273
aam,2024,reacher-208,2024,2,2141742,389407.636364,5.500000,2025,6.000000,1.090909,2336445.818182
aam,2024,reacher-208,2024,3,3000442,545534.909091,5.500000,2025,6.000000,1.090909,3273209.454545
aam,2024,reacher-208,2024,4,3681507,669364.909091,5.500000,2025,6.000000,1.090909,4016189.454545
aam,2024,reacher-208,2024,5,4368077,794195.818182,5.500000,2025,6.000000,1.090909,4765174.909091
aam,2024,reacher-208,2024,6,5146732,935769.454545,5.500000,2025,6.000000,1.090909,5614616.727273
aam,2024,reacher-208,2024,7,6211273,1129322.363636,5.500000,2025,6.000000,1.090909,6775934.181818
aam,2024,reacher-208,2024,8,7253335,1318788.181818,5.500000,2025,6.000000,1.090909,7912729.090909
aam,2024,reacher-208,2024,9,8349691,1518125.636364,5.500000,2025,6.000000,1.090909,9108753.818182
aam,2024,reacher-208,2024,10,9309807,1692692.181818,5.500000,2025,6.000000,1.090909,10156153.090909
aam,2024,reacher-208,2024,11,9990688,1816488.727273,5.500000,2025,6.000000,1.090909,10898932.363636
aam,2024,reacher-208,2024,12,10716311,1948420.181818,5.500000,2025,6.000000,1.090909,11690521.090909
aam,2024,reacher-208,2024,13,11515425,2093713.636364,5.500000,2025,6.000000,1.090909,12562281.818182
aam,2024,reacher-208,2024,14,12309858,2238156.000000,5.500000,2025,6.000000,1.090909,13428936.000000
aam,2024,reacher-208,2024,15,13222673,2404122.363636,5.500000,2025,6.000000,1.090909,14424734.181818
aam,2024,shogun-2024-101,2024,1,2211871,402158.363636,5.500000,2025,6.000000,1.090909,2412950.181818
aam,2024,shogun-2024-101,2024,2,4535898,824708.727273,5.500000,2025,6.000000,1.090909,4948252.363636
aam,2024,shogun-2024-101,2024,3,6962351,1265882.000000,5.500000,2025,6.000000,1.090909,7595292.000000
aam,2024,shogun-2024-101,2024,4,9045432,1644624.000000,5.500000,2025,6.000000,1.090909,9867744.000000
aam,2024,shogun-2024-101,2024,5,10602844,1927789.818182,5.500000,2025,6.000000,1.090909,11566738.909091
aam,2024,shogun-2024-101,2024,6,12080708,2196492.363636,5.500000,2025,6.000000,1.090909,13178954.181818
aam,2024,shogun-2024-101,2024,7,13536402,2461164.000000,5.500000,2025,6.000000,1.090909,14766984.000000
aam,2024,shogun-2024-101,2024,8,15045570,2735558.181818,5.500000,2025,6.000000,1.090909,16413349.090909
aam,2024,shogun-2024-101,2024,9,16638739,3025225.272727,5.500000,2025,6.000000,1.090909,18151351.636364
aam,2024,shogun-2024-101,2024,10,18012273,3274958.727273,5.500000,2025,6.000000,1.090909,19649752.363636
aam,2024,shogun-2024-101,2024,11,19537867,3552339.454545,5.500000,2025,6.000000,1.090909,21314036.727273
aam,2024,shogun-2024-101,2024,12,21126397,3841163.090909,5.500000,2025,6.000000,1.090909,23046978.545455
aam,2024,shogun-2024-101,2024,13,22654389,4118979.818182,5.500000,2025,6.000000,1.090909,24713878.909091
aam,2024,shogun-2024-101,2024,14,24096100,4381109.090909,5.500000,2025,6.000000,1.090909,26286654.545455
aam,2024,shogun-2024-101,2024,15,25442671,4625940.181818,5.500000,2025,6.000000,1.090909,27755641.090909
aam,2024,shogun-2024-110,2024,1,2071356,376610.181818,5.500000,2025,6.000000,1.090909,2259661.090909
aam,2024,shogun-2024-110,2024,2,3775025,686368.181818,5.500000,2025,6.000000,1.090909,4118209.090909
aam,2024,shogun-2024-110,2024,3,5290350,961881.818182,5.500000,2025,6.000000,1.090909,5771290.909091
aam,2024,shogun-2024-110,2024,4,6830063,1241829.636364,5.500000,2025,6.000000,1.090909,7450977.818182
aam,2024,shogun-2024-110,2024,5,8302328,1509514.181818,5.500000,2025,6.000000,1.090909,9057085.090909
aam,2024,shogun-2024-110,2024,6,9753386,1773342.909091,5.500000,2025,6.000000,1.090909,10640057.454545
aam,2024,shogun-2024-110,2024,7,11073984,2013451.636364,5.500000,2025,6.000000,1.090909,12080709.818182
aam,2024,shogun-2024-110,2024,8,12220503,2221909.636364,5.500000,2025,6.000000,1.090909,13331457.818182
aam,2024,shogun-2024-110,2024,9,13397086,2435833.818182,5.500000,2025,6.000000,1.090909,14615002.909091
aam,2024,shogun-2024-110,2024,10,14440140,2625480.000000,5.500000,2025,6.000000,1.090909,15752880.000000
aam,2024,shogun-2024-110,2024,11,15485470,2815540.000000,5.500000,2025,6.000000,1.090909,16893240.000000
aam,2024,shogun-2024-110,2024,12,16499730,2999950.909091,5.500000,2025,6.000000,1.090909,17999705.454545
aam,2024,shogun-2024-110,2024,13,17552238,3191316.000000,5.500000,2025,6.000000,1.090909,19147896.000000
aam,2024,shogun-2024-110,2024,14,18750129,3409114.363636,5.500000,2025,6.000000,1.090909,20454686.181818
aam,2024,shogun-2024-110,2024,15,19926357,3622974.000000,5.500000,2025,6.000000,1.090909,21737844.000000
aam,2024,shogun-2024-110,2024,16,20073912,3649802.181818,5.500000,2025,6.000000,1.090909,21898813.090909
aam,2024,silo-201,2024,1,1309381,238069.272727,5.500000,2025,6.000000,1.090909,1428415.636364
aam,2024,silo-201,2024,2,3564589,648107.090909,5.500000,2025,6.000000,1.090909,3888642.545455
aam,2024,silo-201,2024,3,5368323,976058.727273,5.500000,2025,6.000000,1.090909,5856352.363636
aam,2024,silo-201,2024,4,6914297,1257144.909091,5.500000,2025,6.000000,1.090909,7542869.454545
aam,2024,silo-201,2024,5,8349269,1518048.909091,5.500000,2025,6.000000,1.090909,9108293.454545
aam,2024,silo-201,2024,6,10132648,1842299.636364,5.500000,2025,6.000000,1.090909,11053797.818182
aam,2024,silo-201,2024,7,12467884,2266888.000000,5.500000,2025,6.000000,1.090909,13601328.000000
aam,2024,silo-201,2024,8,14602160,2654938.181818,5.500000,2025,6.000000,1.090909,15929629.090909
aam,2024,silo-201,2024,9,16781028,3051096.000000,5.500000,2025,6.000000,1.090909,18306576.000000
aam,2024,silo-201,2024,10,18897904,3435982.545455,5.500000,2025,6.000000,1.090909,20615895.272727
aam,2024,silo-201,2024,11,20929735,3805406.363636,5.500000,2025,6.000000,1.090909,22832438.181818
aam,2024,silo-201,2024,12,22896609,4163019.818182,5.500000,2025,6.000000,1.090909,24978118.909091
aam,2024,silo-201,2024,13,24791879,4507614.363636,5.500000,2025,6.000000,1.090909,27045686.181818
aam,2024,silo-201,2024,14,26790542,4871007.636364,5.500000,2025,6.000000,1.090909,29226045.818182
aam,2024,silo-201,2024,15,28707031,5219460.181818,5.500000,2025,6.000000,1.090909,31316761.090909
aam,2024,silo-201,2024,16,30493606,5544292.000000,5.500000,2025,6.000000,1.090909,33265752.000000
aam,2024,silo-201,2024,17,32258615,5865202.727273,5.500000,2025,6.000000,1.090909,35191216.363636
aam,2024,silo-201,2024,18,34061605,6193019.090909,5.500000,2025,6.000000,1.090909,37158114.545455
aam,2024,silo-201,2024,19,35828311,6514238.363636,5.500000,2025,6.000000,1.090909,39085430.181818
aam,2024,silo-201,2024,20,37511648,6820299.636364,5.500000,2025,6.000000,1.090909,40921797.818182
aam,2024,silo-201,2024,21,38932344,7078608.000000,5.500000,2025,6.000000,1.090909,42471648.000000
aam,2024,silo-201,2024,22,40371902,7340345.818182,5.500000,2025,6.000000,1.090909,44042074.909091
aam,2024,silo-201,2024,23,41853368,7609703.272727,5.500000,2025,6.000000,1.090909,45658219.636364
aam,2024,silo-201,2024,24,43362478,7884086.909091,5.500000,2025,6.000000,1.090909,47304521.454545
aam,2024,silo-201,2024,25,44868408,8157892.363636,5.500000,2025,6.000000,1.090909,48947354.181818
aam,2024,silo-201,2024,26,46319561,8421738.363636,5.500000,2025,6.000000,1.090909,50530430.181818
aam,2024,snowpiercer-401,2024,1,406116,73839.272727,5.500000,2025,6.000000,1.090909,443035.636364
aam,2024,snowpiercer-401,2024,2,1241880,225796.363636,5.500000,2025,6.000000,1.090909,1354778.181818
aam,2024,snowpiercer-401,2024,3,2076031,377460.181818,5.500000,2025,6.000000,1.090909,2264761.090909
aam,2024,snowpiercer-401,2024,4,2567935,466897.272727,5.500000,2025,6.000000,1.090909,2801383.636364
aam,2024,snowpiercer-401,2024,5,3301660,600301.818182,5.500000,2025,6.000000,1.090909,3601810.909091
aam,2024,snowpiercer-401,2024,6,4049289,736234.363636,5.500000,2025,6.000000,1.090909,4417406.181818
aam,2024,snowpiercer-401,2024,7,4710037,856370.363636,5.500000,2025,6.000000,1.090909,5138222.181818
aam,2024,snowpiercer-401,2024,8,5335700,970127.272727,5.500000,2025,6.000000,1.090909,5820763.636364
aam,2024,snowpiercer-401,2024,9,6006589,1092107.090909,5.500000,2025,6.000000,1.090909,6552642.545455
aam,2024,snowpiercer-401,2024,10,6636589,1206652.545455,5.500000,2025,6.000000,1.090909,7239915.272727
aam,2024,snowpiercer-401,2024,11,7312286,1329506.545455,5.500000,2025,6.000000,1.090909,7977039.272727
aam,2024,snowpiercer-401,2024,12,7924716,1440857.454545,5.500000,2025,6.000000,1.090909,8645144.727273
aam,2024,snowpiercer-401,2024,13,8535684,1551942.545455,5.500000,2025,6.000000,1.090909,9311655.272727
aam,2024,snowpiercer-401,2024,14,9121731,1658496.545455,5.500000,2025,6.000000,1.090909,9950979.272727
aam,2024,snowpiercer-401,2024,15,9751213,1772947.818182,5.500000,2025,6.000000,1.090909,10637686.909091
aam,2024,sugar-107,2024,1,500267,90957.636364,5.500000,2025,6.000000,1.090909,545745.818182
aam,2024,sugar-107,2024,2,1517698,275945.090909,5.500000,2025,6.000000,1.090909,1655670.545455
aam,2024,sugar-107,2024,3,2615872,475613.090909,5.500000,2025,6.000000,1.090909,2853678.545455
aam,2024,sugar-107,2024,4,3698831,672514.727273,5.500000,2025,6.000000,1.090909,4035088.363636
aam,2024,sugar-107,2024,5,4663726,847950.181818,5.500000,2025,6.000000,1.090909,5087701.090909
aam,2024,sugar-107,2024,6,5631492,1023907.636364,5.500000,2025,6.000000,1.090909,6143445.818182
aam,2024,sugar-107,2024,7,6539960,1189083.636364,5.500000,2025,6.000000,1.090909,7134501.818182
aam,2024,sugar-107,2024,8,7403459,1346083.454545,5.500000,2025,6.000000,1.090909,8076500.727273
aam,2024,sugar-107,2024,9,8330092,1514562.181818,5.500000,2025,6.000000,1.090909,9087373.090909
aam,2024,sugar-107,2024,10,9173416,1667893.818182,5.500000,2025,6.000000,1.090909,10007362.909091
aam,2024,sugar-107,2024,11,10113144,1838753.454545,5.500000,2025,6.000000,1.090909,11032520.727273
aam,2024,sugar-107,2024,12,11127010,2023092.727273,5.500000,2025,6.000000,1.090909,12138556.363636
aam,2024,sugar-107,2024,13,12201441,2218443.818182,5.500000,2025,6.000000,1.090909,13310662.909091
aam,2024,sugar-107,2024,14,13193111,2398747.454545,5.500000,2025,6.000000,1.090909,14392484.727273
aam,2024,sugar-107,2024,15,14156765,2573957.272727,5.500000,2025,6.000000,1.090909,15443743.636364
aam,2024,tokyo-vice-201,2024,1,392951,71445.636364,5.500000,2025,6.000000,1.090909,428673.818182
aam,2024,tokyo-vice-201,2024,2,919963,167266.000000,5.500000,2025,6.000000,1.090909,1003596.000000
aam,2024,tokyo-vice-201,2024,3,1627071,295831.090909,5.500000,2025,6.000000,1.090909,1774986.545455
aam,2024,tokyo-vice-201,2024,4,2548620,463385.454545,5.500000,2025,6.000000,1.090909,2780312.727273
aam,2024,tokyo-vice-201,2024,5,3543997,644363.090909,5.500000,2025,6.000000,1.090909,3866178.545455
aam,2024,tokyo-vice-201,2024,6,4611313,838420.545455,5.500000,2025,6.000000,1.090909,5030523.272727
aam,2024,tokyo-vice-201,2024,7,5573405,1013346.363636,5.500000,2025,6.000000,1.090909,6080078.181818
aam,2024,tokyo-vice-201,2024,8,6260205,1138219.090909,5.500000,2025,6.000000,1.090909,6829314.545455
aam,2024,tokyo-vice-201,2024,9,6979447,1268990.363636,5.500000,2025,6.000000,1.090909,7613942.181818
aam,2024,tokyo-vice-201,2024,10,7736434,1406624.363636,5.500000,2025,6.000000,1.090909,8439746.181818
aam,2024,tokyo-vice-201,2024,11,8289637,1507206.727273,5.500000,2025,6.000000,1.090909,9043240.363636
aam,2024,tokyo-vice-201,2024,12,9185773,1670140.545455,5.500000,2025,6.000000,1.090909,10020843.272727
aam,2024,tokyo-vice-201,2024,13,10107715,1837766.363636,5.500000,2025,6.000000,1.090909,11026598.181818
aam,2024,tokyo-vice-201,2024,14,11077172,2014031.272727,5.500000,2025,6.000000,1.090909,12084187.636364
aam,2024,tokyo-vice-201,2024,15,12103551,2200645.636364,5.500000,2025,6.000000,1.090909,13203873.818182
aam,2024,tokyo-vice-201,2024,16,13105804,2382873.454545,5.500000,2025,6.000000,1.090909,14297240.727273
aam,2024,tokyo-vice-201,2024,17,13257207,2410401.272727,5.500000,2025,6.000000,1.090909,14462407.636364
aam,2024,tokyo-vice-209,2024,1,306600,55745.454545,5.500000,2025,6.000000,1.090909,334472.727273
aam,2024,tokyo-vice-209,2024,2,936690,170307.272727,5.500000,2025,6.000000,1.090909,1021843.636364
aam,2024,tokyo-vice-209,2024,3,1662060,302192.727273,5.500000,2025,6.000000,1.090909,1813156.363636
aam,2024,tokyo-vice-209,2024,4,2467601,448654.727273,5.500000,2025,6.000000,1.090909,2691928.363636
aam,2024,tokyo-vice-209,2024,5,3388202,616036.727273,5.500000,2025,6.000000,1.090909,3696220.363636
aam,2024,tokyo-vice-209,2024,6,4371531,794823.818182,5.500000,2025,6.000000,1.090909,4768942.909091
aam,2024,tokyo-vice-209,2024,7,5455890,991980.000000,5.500000,2025,6.000000,1.090909,5951880.000000
aam,2024,tokyo-vice-209,2024,8,6592459,1198628.909091,5.500000,2025,6.000000,1.090909,7191773.454545
aam,2024,tokyo-vice-209,2024,9,7726485,1404815.454545,5.500000,2025,6.000000,1.090909,8428892.727273
aam,2024,tokyo-vice-209,2024,10,8742973,1589631.454545,5.500000,2025,6.000000,1.090909,9537788.727273
aam,2024,tokyo-vice-209,2024,11,9644962,1753629.454545,5.500000,2025,6.000000,1.090909,10521776.727273
aam,2024,tokyo-vice-209,2024,12,10530979,1914723.454545,5.500000,2025,6.000000,1.090909,11488340.727273
aam,2024,tokyo-vice-209,2024,13,11346306,2062964.727273,5.500000,2025,6.000000,1.090909,12377788.363636
aam,2024,tokyo-vice-209,2024,14,12157570,2210467.272727,5.500000,2025,6.000000,1.090909,13262803.636364
aam,2024,tokyo-vice-209,2024,15,13016186,2366579.272727,5.500000,2025,6.000000,1.090909,14199475.636364
aam,2025,ballard-01,2025,1,1769539,294923.166667,6.000000,2025,6.000000,1.000000,1769539.000000
aam,2025,ballard-01,2025,2,3792027,632004.500000,6.000000,2025,6.000000,1.000000,3792027.000000
aam,2025,ballard-01,2025,3,6100578,1016763.000000,6.000000,2025,6.000000,1.000000,6100578.000000
aam,2025,ballard-01,2025,4,8041985,1340330.833333,6.000000,2025,6.000000,1.000000,8041985.000000
aam,2025,ballard-01,2025,5,10088347,1681391.166667,6.000000,2025,6.000000,1.000000,10088347.000000
aam,2025,ballard-01,2025,6,11825556,1970926.000000,6.000000,2025,6.000000,1.000000,11825556.000000
aam,2025,ballard-01,2025,7,13065061,2177510.166667,6.000000,2025,6.000000,1.000000,13065061.000000
aam,2025,ballard-01,2025,8,15072663,2512110.500000,6.000000,2025,6.000000,1.000000,15072663.000000
aam,2025,ballard-01,2025,9,16975708,2829284.666667,6.000000,2025,6.000000,1.000000,16975708.000000
aam,2025,ballard-01,2025,10,18748540,3124756.666667,6.000000,2025,6.000000,1.000000,18748540.000000
aam,2025,ballard-01,2025,11,20640987,3440164.500000,6.000000,2025,6.000000,1.000000,20640987.000000
aam,2025,ballard-01,2025,12,22826368,3804394.666667,6.000000,2025,6.000000,1.000000,22826368.000000
aam,2025,ballard-01,2025,13,24866787,4144464.500000,6.000000,2025,6.000000,1.000000,24866787.000000
aam,2025,ballard-01,2025,14,27301095,4550182.500000,6.000000,2025,6.000000,1.000000,27301095.000000
aam,2025,ballard-01,2025,15,29424385,4904064.166667,6.000000,2025,6.000000,1.000000,29424385.000000
aam,2025,ballard-01,2025,16,31724608,5287434.666667,6.000000,2025,6.000000,1.000000,31724608.000000
aam,2025,ballard-01,2025,17,33766733,5627788.833333,6.000000,2025,6.000000,1.000000,33766733.000000
aam,2025,ballard-01,2025,18,35851836,5975306.000000,6.000000,2025,6.000000,1.000000,35851836.000000
aam,2025,ballard-01,2025,19,37944946,6324157.666667,6.000000,2025,6.000000,1.000000,37944946.000000
aam,2025,ballard-01,2025,20,40110812,6685135.333333,6.000000,2025,6.000000,1.000000,40110812.000000
aam,2025,ballard-01,2025,21,42480872,7080145.333333,6.000000,2025,6.000000,1.000000,42480872.000000
aam,2025,ballard-01,2025,22,45100479,7516746.500000,6.000000,2025,6.000000,1.000000,45100479.000000
aam,2025,ballard-01,2025,23,47903190,7983865.000000,6.000000,2025,6.000000,1.000000,47903190.000000
aam,2025,ballard-01,2025,24,50194746,8365791.000000,6.000000,2025,6.000000,1.000000,50194746.000000
aam,2025,ballard-01,2025,25,52427892,8737982.000000,6.000000,2025,6.000000,1.000000,52427892.000000
aam,2025,ballard-01,2025,26,55065224,9177537.333333,6.000000,2025,6.000000,1.000000,55065224.000000
aam,2025,chief-of-war-101,2025,1,901296,150216.000000,6.000000,2025,6.000000,1.000000,901296.000000
aam,2025,chief-of-war-101,2025,2,2899051,483175.166667,6.000000,2025,6.000000,1.000000,2899051.000000
aam,2025,chief-of-war-101,2025,3,4550710,758451.666667,6.000000,2025,6.000000,1.000000,4550710.000000
aam,2025,chief-of-war-101,2025,4,6046753,1007792.166667,6.000000,2025,6.000000,1.000000,6046753.000000
aam,2025,chief-of-war-101,2025,5,7660942,1276823.666667,6.000000,2025,6.000000,1.000000,7660942.000000
aam,2025,chief-of-war-101,2025,6,9273463,1545577.166667,6.000000,2025,6.000000,1.000000,9273463.000000
aam,2025,chief-of-war-101,2025,7,10773705,1795617.500000,6.000000,2025,6.000000,1.000000,10773705.000000
aam,2025,chief-of-war-101,2025,8,12174615,2029102.500000,6.000000,2025,6.000000,1.000000,12174615.000000
aam,2025,chief-of-war-101,2025,9,13346502,2224417.000000,6.000000,2025,6.000000,1.000000,13346502.000000
aam,2025,chief-of-war-101,2025,10,15098845,2516474.166667,6.000000,2025,6.000000,1.000000,15098845.000000
aam,2025,chief-of-war-101,2025,11,16824728,2804121.333333,6.000000,2025,6.000000,1.000000,16824728.000000
aam,2025,chief-of-war-101,2025,12,18401105,3066850.833333,6.000000,2025,6.000000,1.000000,18401105.000000
aam,2025,chief-of-war-101,2025,13,19976153,3329358.833333,6.000000,2025,6.000000,1.000000,19976153.000000
aam,2025,chief-of-war-101,2025,14,21432296,3572049.333333,6.000000,2025,6.000000,1.000000,21432296.000000
aam,2025,chief-of-war-101,2025,15,22965072,3827512.000000,6.000000,2025,6.000000,1.000000,22965072.000000
aam,2025,chief-of-war-101,2025,16,24584975,4097495.833333,6.000000,2025,6.000000,1.000000,24584975.000000
aam,2025,chief-of-war-101,2025,17,26152134,4358689.000000,6.000000,2025,6.000000,1.000000,26152134.000000
aam,2025,chief-of-war-101,2025,18,27884859,4647476.500000,6.000000,2025,6.000000,1.000000,27884859.000000
aam,2025,chief-of-war-101,2025,19,29809731,4968288.500000,6.000000,2025,6.000000,1.000000,29809731.000000
aam,2025,chief-of-war-101,2025,20,31758230,5293038.333333,6.000000,2025,6.000000,1.000000,31758230.000000
aam,2025,chief-of-war-101,2025,21,33394846,5565807.666667,6.000000,2025,6.000000,1.000000,33394846.000000
aam,2025,chief-of-war-101,2025,22,35146099,5857683.166667,6.000000,2025,6.000000,1.000000,35146099.000000
aam,2025,chief-of-war-101,2025,23,37062241,6177040.166667,6.000000,2025,6.000000,1.000000,37062241.000000
aam,2025,chief-of-war-101,2025,24,38911434,6485239.000000,6.000000,2025,6.000000,1.000000,38911434.000000
aam,2025,chief-of-war-101,2025,25,40647049,6774508.166667,6.000000,2025,6.000000,1.000000,40647049.000000
aam,2025,chief-of-war-101,2025,26,42451885,7075314.166667,6.000000,2025,6.000000,1.000000,42451885.000000
aam,2025,chief-of-war-107,2025,1,415472,69245.333333,6.000000,2025,6.000000,1.000000,415472.000000
aam,2025,chief-of-war-107,2025,2,1363110,227185.000000,6.000000,2025,6.000000,1.000000,1363110.000000
aam,2025,chief-of-war-107,2025,3,3437948,572991.333333,6.000000,2025,6.000000,1.000000,3437948.000000
aam,2025,chief-of-war-107,2025,4,5510956,918492.666667,6.000000,2025,6.000000,1.000000,5510956.000000
aam,2025,chief-of-war-107,2025,5,7645496,1274249.333333,6.000000,2025,6.000000,1.000000,7645496.000000
aam,2025,chief-of-war-107,2025,6,9856445,1642740.833333,6.000000,2025,6.000000,1.000000,9856445.000000
aam,2025,chief-of-war-107,2025,7,11952370,1992061.666667,6.000000,2025,6.000000,1.000000,11952370.000000
aam,2025,chief-of-war-107,2025,8,13989212,2331535.333333,6.000000,2025,6.000000,1.000000,13989212.000000
aam,2025,chief-of-war-107,2025,9,15869936,2644989.333333,6.000000,2025,6.000000,1.000000,15869936.000000
aam,2025,chief-of-war-107,2025,10,17738890,2956481.666667,6.000000,2025,6.000000,1.000000,17738890.000000
aam,2025,chief-of-war-107,2025,11,19716848,3286141.333333,6.000000,2025,6.000000,1.000000,19716848.000000
aam,2025,chief-of-war-107,2025,12,21695823,3615970.500000,6.000000,2025,6.000000,1.000000,21695823.000000
aam,2025,chief-of-war-107,2025,13,23894410,3982401.666667,6.000000,2025,6.000000,1.000000,23894410.000000
aam,2025,chief-of-war-107,2025,14,26323728,4387288.000000,6.000000,2025,6.000000,1.000000,26323728.000000
aam,2025,chief-of-war-107,2025,15,28870949,4811824.833333,6.000000,2025,6.000000,1.000000,28870949.000000
aam,2025,gen-v-201,2025,1,2356831,392805.166667,6.000000,2025,6.000000,1.000000,2356831.000000
aam,2025,gen-v-201,2025,2,5098384,849730.666667,6.000000,2025,6.000000,1.000000,5098384.000000
aam,2025,gen-v-201,2025,3,7497356,1249559.333333,6.000000,2025,6.000000,1.000000,7497356.000000
aam,2025,gen-v-201,2025,4,9867400,1644566.666667,6.000000,2025,6.000000,1.000000,9867400.000000
aam,2025,gen-v-201,2025,5,12036715,2006119.166667,6.000000,2025,6.000000,1.000000,12036715.000000
aam,2025,gen-v-201,2025,6,14313869,2385644.833333,6.000000,2025,6.000000,1.000000,14313869.000000
aam,2025,gen-v-201,2025,7,16410312,2735052.000000,6.000000,2025,6.000000,1.000000,16410312.000000
aam,2025,gen-v-201,2025,8,18457939,3076323.166667,6.000000,2025,6.000000,1.000000,18457939.000000
aam,2025,gen-v-201,2025,9,20523051,3420508.500000,6.000000,2025,6.000000,1.000000,20523051.000000
aam,2025,gen-v-201,2025,10,22693212,3782202.000000,6.000000,2025,6.000000,1.000000,22693212.000000
aam,2025,gen-v-201,2025,11,24902849,4150474.833333,6.000000,2025,6.000000,1.000000,24902849.000000
aam,2025,gen-v-201,2025,12,27255536,4542589.333333,6.000000,2025,6.000000,1.000000,27255536.000000
aam,2025,gen-v-201,2025,13,29786928,4964488.000000,6.000000,2025,6.000000,1.000000,29786928.000000
aam,2025,gen-v-201,2025,14,31834069,5305678.166667,6.000000,2025,6.000000,1.000000,31834069.000000
aam,2025,gen-v-201,2025,15,33923219,5653869.833333,6.000000,2025,6.000000,1.000000,33923219.000000
aam,2025,gen-v-201,2025,16,36368378,6061396.333333,6.000000,2025,6.000000,1.000000,36368378.000000
aam,2025,gen-v-201,2025,17,38974378,6495729.666667,6.000000,2025,6.000000,1.000000,38974378.000000
aam,2025,gen-v-201,2025,18,41362607,6893767.833333,6.000000,2025,6.000000,1.000000,41362607.000000
aam,2025,gen-v-201,2025,19,43811238,7301873.000000,6.000000,2025,6.000000,1.000000,43811238.000000
aam,2025,gen-v-201,2025,20,46114159,7685693.166667,6.000000,2025,6.000000,1.000000,46114159.000000
aam,2025,gen-v-201,2025,21,48355179,8059196.500000,6.000000,2025,6.000000,1.000000,48355179.000000
aam,2025,gen-v-201,2025,22,50759452,8459908.666667,6.000000,2025,6.000000,1.000000,50759452.000000
aam,2025,gen-v-201,2025,23,53129559,8854926.500000,6.000000,2025,6.000000,1.000000,53129559.000000
aam,2025,gen-v-201,2025,24,55154260,9192376.666667,6.000000,2025,6.000000,1.000000,55154260.000000
aam,2025,gen-v-201,2025,25,57156941,9526156.833333,6.000000,2025,6.000000,1.000000,57156941.000000
aam,2025,gen-v-201,2025,26,59186685,9864447.500000,6.000000,2025,6.000000,1.000000,59186685.000000
aam,2025,gen-v-206,2025,1,600082,100013.666667,6.000000,2025,6.000000,1.000000,600082.000000
aam,2025,gen-v-206,2025,2,1412549,235424.833333,6.000000,2025,6.000000,1.000000,1412549.000000
aam,2025,gen-v-206,2025,3,2947237,491206.166667,6.000000,2025,6.000000,1.000000,2947237.000000
aam,2025,gen-v-206,2025,4,4637676,772946.000000,6.000000,2025,6.000000,1.000000,4637676.000000
aam,2025,gen-v-206,2025,5,6337210,1056201.666667,6.000000,2025,6.000000,1.000000,6337210.000000
aam,2025,gen-v-206,2025,6,8084431,1347405.166667,6.000000,2025,6.000000,1.000000,8084431.000000
aam,2025,gen-v-206,2025,7,9872999,1645499.833333,6.000000,2025,6.000000,1.000000,9872999.000000
aam,2025,gen-v-206,2025,8,11854073,1975678.833333,6.000000,2025,6.000000,1.000000,11854073.000000
aam,2025,gen-v-206,2025,9,14007356,2334559.333333,6.000000,2025,6.000000,1.000000,14007356.000000
aam,2025,gen-v-206,2025,10,16209052,2701508.666667,6.000000,2025,6.000000,1.000000,16209052.000000
aam,2025,gen-v-206,2025,11,18088505,3014750.833333,6.000000,2025,6.000000,1.000000,18088505.000000
aam,2025,gen-v-206,2025,12,19807984,3301330.666667,6.000000,2025,6.000000,1.000000,19807984.000000
aam,2025,gen-v-206,2025,13,21904134,3650689.000000,6.000000,2025,6.000000,1.000000,21904134.000000
aam,2025,gen-v-206,2025,14,23988607,3998101.166667,6.000000,2025,6.000000,1.000000,23988607.000000
aam,2025,gen-v-206,2025,15,26032788,4338798.000000,6.000000,2025,6.000000,1.000000,26032788.000000
aam,2025,gen-v-206,2025,16,27991978,4665329.666667,6.000000,2025,6.000000,1.000000,27991978.000000
aam,2025,gen-v-206,2025,17,29948582,4991430.333333,6.000000,2025,6.000000,1.000000,29948582.000000
aam,2025,gen-v-206,2025,18,31936704,5322784.000000,6.000000,2025,6.000000,1.000000,31936704.000000
aam,2025,gen-v-206,2025,19,33932473,5655412.166667,6.000000,2025,6.000000,1.000000,33932473.000000
aam,2025,gen-v-206,2025,20,35932563,5988760.500000,6.000000,2025,6.000000,1.000000,35932563.000000
aam,2025,gen-v-206,2025,21,37528253,6254708.833333,6.000000,2025,6.000000,1.000000,37528253.000000
aam,2025,gen-v-206,2025,22,39228532,6538088.666667,6.000000,2025,6.000000,1.000000,39228532.000000
aam,2025,gen-v-206,2025,23,41093576,6848929.333333,6.000000,2025,6.000000,1.000000,41093576.000000
aam,2025,gen-v-206,2025,24,43019394,7169899.000000,6.000000,2025,6.000000,1.000000,43019394.000000
aam,2025,gen-v-206,2025,25,44888168,7481361.333333,6.000000,2025,6.000000,1.000000,44888168.000000
aam,2025,gen-v-206,2025,26,46650966,7775161.000000,6.000000,2025,6.000000,1.000000,46650966.000000
aam,2025,gen-v-206,2025,27,48429140,8071523.333333,6.000000,2025,6.000000,1.000000,48429140.000000
aam,2025,invincible-301,2025,1,1584076,264012.666667,6.000000,2025,6.000000,1.000000,1584076.000000
aam,2025,invincible-301,2025,2,3150556,525092.666667,6.000000,2025,6.000000,1.000000,3150556.000000
aam,2025,invincible-301,2025,3,4502461,750410.166667,6.000000,2025,6.000000,1.000000,4502461.000000
aam,2025,invincible-301,2025,4,5742339,957056.500000,6.000000,2025,6.000000,1.000000,5742339.000000
aam,2025,invincible-301,2025,5,6985828,1164304.666667,6.000000,2025,6.000000,1.000000,6985828.000000
aam,2025,invincible-301,2025,6,8293518,1382253.000000,6.000000,2025,6.000000,1.000000,8293518.000000
aam,2025,invincible-301,2025,7,9525644,1587607.333333,6.000000,2025,6.000000,1.000000,9525644.000000
aam,2025,invincible-301,2025,8,10681156,1780192.666667,6.000000,2025,6.000000,1.000000,10681156.000000
aam,2025,invincible-301,2025,9,11715291,1952548.500000,6.000000,2025,6.000000,1.000000,11715291.000000
aam,2025,invincible-301,2025,10,12660365,2110060.833333,6.000000,2025,6.000000,1.000000,12660365.000000
aam,2025,invincible-301,2025,11,13618952,2269825.333333,6.000000,2025,6.000000,1.000000,13618952.000000
aam,2025,invincible-301,2025,12,14511863,2418643.833333,6.000000,2025,6.000000,1.000000,14511863.000000
aam,2025,invincible-301,2025,13,15350213,2558368.833333,6.000000,2025,6.000000,1.000000,15350213.000000
aam,2025,invincible-301,2025,14,16289592,2714932.000000,6.000000,2025,6.000000,1.000000,16289592.000000
aam,2025,invincible-301,2025,15,17149288,2858214.666667,6.000000,2025,6.000000,1.000000,17149288.000000
aam,2025,moana-2,2025,1,2766551,461091.833333,6.000000,2025,6.000000,1.000000,2766551.000000
aam,2025,moana-2,2025,2,5222760,870460.000000,6.000000,2025,6.000000,1.000000,5222760.000000
aam,2025,moana-2,2025,3,7736145,1289357.500000,6.000000,2025,6.000000,1.000000,7736145.000000
aam,2025,moana-2,2025,4,10362147,1727024.500000,6.000000,2025,6.000000,1.000000,10362147.000000
aam,2025,moana-2,2025,5,12819400,2136566.666667,6.000000,2025,6.000000,1.000000,12819400.000000
aam,2025,moana-2,2025,6,15186210,2531035.000000,6.000000,2025,6.000000,1.000000,15186210.000000
aam,2025,moana-2,2025,7,17976541,2996090.166667,6.000000,2025,6.000000,1.000000,17976541.000000
aam,2025,moana-2,2025,8,20915915,3485985.833333,6.000000,2025,6.000000,1.000000,20915915.000000
aam,2025,moana-2,2025,9,23984714,3997452.333333,6.000000,2025,6.000000,1.000000,23984714.000000
aam,2025,moana-2,2025,10,26717939,4452989.833333,6.000000,2025,6.000000,1.000000,26717939.000000
aam,2025,moana-2,2025,11,29273813,4878968.833333,6.000000,2025,6.000000,1.000000,29273813.000000
aam,2025,moana-2,2025,12,31869725,5311620.833333,6.000000,2025,6.000000,1.000000,31869725.000000
aam,2025,moana-2,2025,13,34444319,5740719.833333,6.000000,2025,6.000000,1.000000,34444319.000000
aam,2025,moana-2,2025,14,36884248,6147374.666667,6.000000,2025,6.000000,1.000000,36884248.000000
aam,2025,moana-2,2025,15,39348925,6558154.166667,6.000000,2025,6.000000,1.000000,39348925.000000
aam,2025,moana-2,2025,16,41767293,6961215.500000,6.000000,2025,6.000000,1.000000,41767293.000000
aam,2025,moana-2,2025,17,44119726,7353287.666667,6.000000,2025,6.000000,1.000000,44119726.000000
aam,2025,moana-2,2025,18,46486730,7747788.333333,6.000000,2025,6.000000,1.000000,46486730.000000
aam,2025,moana-2,2025,19,48904071,8150678.500000,6.000000,2025,6.000000,1.000000,48904071.000000
aam,2025,moana-2,2025,20,51451453,8575242.166667,6.000000,2025,6.000000,1.000000,51451453.000000
aam,2025,moana-2,2025,21,53899549,8983258.166667,6.000000,2025,6.000000,1.000000,53899549.000000
aam,2025,moana-2,2025,22,56328248,9388041.333333,6.000000,2025,6.000000,1.000000,56328248.000000
aam,2025,moana-2,2025,23,58616975,9769495.833333,6.000000,2025,6.000000,1.000000,58616975.000000
aam,2025,moana-2,2025,24,60819180,10136530.000000,6.000000,2025,6.000000,1.000000,60819180.000000
aam,2025,moana-2,2025,25,62954234,10492372.333333,6.000000,2025,6.000000,1.000000,62954234.000000
aam,2025,moana-2,2025,26,65364819,10894136.500000,6.000000,2025,6.000000,1.000000,65364819.000000
aam,2025,night-agent-02,2025,1,2287183,381197.166667,6.000000,2025,6.000000,1.000000,2287183.000000
aam,2025,night-agent-02,2025,2,4756904,792817.333333,6.000000,2025,6.000000,1.000000,4756904.000000
aam,2025,night-agent-02,2025,3,7283333,1213888.833333,6.000000,2025,6.000000,1.000000,7283333.000000
aam,2025,night-agent-02,2025,4,9735960,1622660.000000,6.000000,2025,6.000000,1.000000,9735960.000000
aam,2025,night-agent-02,2025,5,11405956,1900992.666667,6.000000,2025,6.000000,1.000000,11405956.000000
aam,2025,night-agent-02,2025,6,13780056,2296676.000000,6.000000,2025,6.000000,1.000000,13780056.000000
aam,2025,night-agent-02,2025,7,16006490,2667748.333333,6.000000,2025,6.000000,1.000000,16006490.000000
aam,2025,night-agent-02,2025,8,18150419,3025069.833333,6.000000,2025,6.000000,1.000000,18150419.000000
aam,2025,night-agent-02,2025,9,20225161,3370860.166667,6.000000,2025,6.000000,1.000000,20225161.000000
aam,2025,night-agent-02,2025,10,22288314,3714719.000000,6.000000,2025,6.000000,1.000000,22288314.000000
aam,2025,night-agent-02,2025,11,24074966,4012494.333333,6.000000,2025,6.000000,1.000000,24074966.000000
aam,2025,night-agent-02,2025,12,25805258,4300876.333333,6.000000,2025,6.000000,1.000000,25805258.000000
aam,2025,night-agent-02,2025,13,27494047,4582341.166667,6.000000,2025,6.000000,1.000000,27494047.000000
aam,2025,night-agent-02,2025,14,29124595,4854099.166667,6.000000,2025,6.000000,1.000000,29124595.000000
aam,2025,night-agent-02,2025,15,30617993,5102998.833333,6.000000,2025,6.000000,1.000000,30617993.000000
aam,2025,night-agent-02,2025,16,32313743,5385623.833333,6.000000,2025,6.000000,1.000000,32313743.000000
aam,2025,night-agent-02,2025,18,34009972,5668328.666667,6.000000,2025,6.000000,1.000000,34009972.000000
aam,2025,night-agent-02,2025,19,35610797,5935132.833333,6.000000,2025,6.000000,1.000000,35610797.000000
aam,2025,night-agent-02,2025,20,37369447,6228241.166667,6.000000,2025,6.000000,1.000000,37369447.000000
aam,2025,night-agent-02,2025,21,38409407,6401567.833333,6.000000,2025,6.000000,1.000000,38409407.000000
aam,2025,night-agent-02,2025,22,40157382,6692897.000000,6.000000,2025,6.000000,1.000000,40157382.000000
aam,2025,night-agent-02,2025,23,41848487,6974747.833333,6.000000,2025,6.000000,1.000000,41848487.000000
aam,2025,night-agent-02,2025,24,43320760,7220126.666667,6.000000,2025,6.000000,1.000000,43320760.000000
aam,2025,night-agent-02,2025,25,44803195,7467199.166667,6.000000,2025,6.000000,1.000000,44803195.000000
aam,2025,night-agent-02,2025,26,46292480,7715413.333333,6.000000,2025,6.000000,1.000000,46292480.000000
aam,2025,reacher-301,2025,1,1954849,325808.166667,6.000000,2025,6.000000,1.000000,1954849.000000
aam,2025,reacher-301,2025,2,4555745,759290.833333,6.000000,2025,6.000000,1.000000,4555745.000000
aam,2025,reacher-301,2025,3,6340742,1056790.333333,6.000000,2025,6.000000,1.000000,6340742.000000
aam,2025,reacher-301,2025,4,8690381,1448396.833333,6.000000,2025,6.000000,1.000000,8690381.000000
aam,2025,reacher-301,2025,5,10924054,1820675.666667,6.000000,2025,6.000000,1.000000,10924054.000000
aam,2025,reacher-301,2025,6,13122276,2187046.000000,6.000000,2025,6.000000,1.000000,13122276.000000
aam,2025,reacher-301,2025,7,14912739,2485456.500000,6.000000,2025,6.000000,1.000000,14912739.000000
aam,2025,reacher-301,2025,8,16644759,2774126.500000,6.000000,2025,6.000000,1.000000,16644759.000000
aam,2025,reacher-301,2025,9,18405039,3067506.500000,6.000000,2025,6.000000,1.000000,18405039.000000
aam,2025,reacher-301,2025,10,20149441,3358240.166667,6.000000,2025,6.000000,1.000000,20149441.000000
aam,2025,reacher-301,2025,11,21821607,3636934.500000,6.000000,2025,6.000000,1.000000,21821607.000000
aam,2025,reacher-301,2025,12,23624451,3937408.500000,6.000000,2025,6.000000,1.000000,23624451.000000
aam,2025,reacher-301,2025,13,25297119,4216186.500000,6.000000,2025,6.000000,1.000000,25297119.000000
aam,2025,reacher-301,2025,14,26938999,4489833.166667,6.000000,2025,6.000000,1.000000,26938999.000000
aam,2025,reacher-301,2025,15,27020726,4503454.333333,6.000000,2025,6.000000,1.000000,27020726.000000
aam,2025,reacher-301,2025,16,28803584,4800597.333333,6.000000,2025,6.000000,1.000000,28803584.000000
aam,2025,reacher-301,2025,17,30583184,5097197.333333,6.000000,2025,6.000000,1.000000,30583184.000000
aam,2025,reacher-301,2025,18,32376002,5396000.333333,6.000000,2025,6.000000,1.000000,32376002.000000
aam,2025,reacher-301,2025,19,34194488,5699081.333333,6.000000,2025,6.000000,1.000000,34194488.000000
aam,2025,reacher-301,2025,20,35831606,5971934.333333,6.000000,2025,6.000000,1.000000,35831606.000000
aam,2025,reacher-301,2025,21,37405899,6234316.500000,6.000000,2025,6.000000,1.000000,37405899.000000
aam,2025,reacher-301,2025,22,39045866,6507644.333333,6.000000,2025,6.000000,1.000000,39045866.000000
aam,2025,reacher-301,2025,23,41135505,6855917.500000,6.000000,2025,6.000000,1.000000,41135505.000000
aam,2025,reacher-301,2025,24,42859906,7143317.666667,6.000000,2025,6.000000,1.000000,42859906.000000
aam,2025,reacher-301,2025,25,44686575,7447762.500000,6.000000,2025,6.000000,1.000000,44686575.000000
aam,2025,reacher-301,2025,26,46311394,7718565.666667,6.000000,2025,6.000000,1.000000,46311394.000000
aam,2025,reacher-307,2025,1,679899,113316.500000,6.000000,2025,6.000000,1.000000,679899.000000
aam,2025,reacher-307,2025,2,2412891,402148.500000,6.000000,2025,6.000000,1.000000,2412891.000000
aam,2025,reacher-307,2025,3,3737808,622968.000000,6.000000,2025,6.000000,1.000000,3737808.000000
aam,2025,reacher-307,2025,4,5212366,868727.666667,6.000000,2025,6.000000,1.000000,5212366.000000
aam,2025,reacher-307,2025,5,6708816,1118136.000000,6.000000,2025,6.000000,1.000000,6708816.000000
aam,2025,reacher-307,2025,6,8228134,1371355.666667,6.000000,2025,6.000000,1.000000,8228134.000000
aam,2025,reacher-307,2025,7,9686469,1614411.500000,6.000000,2025,6.000000,1.000000,9686469.000000
aam,2025,reacher-307,2025,8,11146647,1857774.500000,6.000000,2025,6.000000,1.000000,11146647.000000
aam,2025,reacher-307,2025,9,12602445,2100407.500000,6.000000,2025,6.000000,1.000000,12602445.000000
aam,2025,reacher-307,2025,10,14022849,2337141.500000,6.000000,2025,6.000000,1.000000,14022849.000000
aam,2025,reacher-307,2025,11,15370552,2561758.666667,6.000000,2025,6.000000,1.000000,15370552.000000
aam,2025,reacher-307,2025,12,16818920,2803153.333333,6.000000,2025,6.000000,1.000000,16818920.000000
aam,2025,reacher-307,2025,13,18280210,3046701.666667,6.000000,2025,6.000000,1.000000,18280210.000000
aam,2025,reacher-307,2025,14,19656393,3276065.500000,6.000000,2025,6.000000,1.000000,19656393.000000
aam,2025,reacher-307,2025,15,21044507,3507417.833333,6.000000,2025,6.000000,1.000000,21044507.000000
aam,2025,summer-i-turned-pretty-311,2025,1,632023,105337.166667,6.000000,2025,6.000000,1.000000,632023.000000
aam,2025,summer-i-turned-pretty-311,2025,2,1384094,230682.333333,6.000000,2025,6.000000,1.000000,1384094.000000
aam,2025,summer-i-turned-pretty-311,2025,3,2127665,354610.833333,6.000000,2025,6.000000,1.000000,2127665.000000
aam,2025,summer-i-turned-pretty-311,2025,4,3037113,506185.500000,6.000000,2025,6.000000,1.000000,3037113.000000
aam,2025,summer-i-turned-pretty-311,2025,5,3874001,645666.833333,6.000000,2025,6.000000,1.000000,3874001.000000
aam,2025,summer-i-turned-pretty-311,2025,6,4759939,793323.166667,6.000000,2025,6.000000,1.000000,4759939.000000
aam,2025,summer-i-turned-pretty-311,2025,7,5653023,942170.500000,6.000000,2025,6.000000,1.000000,5653023.000000
aam,2025,summer-i-turned-pretty-311,2025,8,6436816,1072802.666667,6.000000,2025,6.000000,1.000000,6436816.000000
aam,2025,summer-i-turned-pretty-311,2025,9,7218255,1203042.500000,6.000000,2025,6.000000,1.000000,7218255.000000
aam,2025,summer-i-turned-pretty-311,2025,10,7969063,1328177.166667,6.000000,2025,6.000000,1.000000,7969063.000000
aam,2025,summer-i-turned-pretty-311,2025,11,8839101,1473183.500000,6.000000,2025,6.000000,1.000000,8839101.000000
aam,2025,summer-i-turned-pretty-311,2025,12,9778924,1629820.666667,6.000000,2025,6.000000,1.000000,9778924.000000
aam,2025,summer-i-turned-pretty-311,2025,13,10759091,1793181.833333,6.000000,2025,6.000000,1.000000,10759091.000000
aam,2025,summer-i-turned-pretty-311,2025,14,11657380,1942896.666667,6.000000,2025,6.000000,1.000000,11657380.000000
aam,2025,summer-i-turned-pretty-311,2025,15,12373321,2062220.166667,6.000000,2025,6.000000,1.000000,12373321.000000
aam,2025,summer-i-turned-pretty-311,2025,16,13371505,2228584.166667,6.000000,2025,6.000000,1.000000,13371505.000000
aam,2025,summer-i-turned-pretty-311,2025,17,14296842,2382807.000000,6.000000,2025,6.000000,1.000000,14296842.000000
aam,2025,summer-i-turned-pretty-311,2025,18,15310861,2551810.166667,6.000000,2025,6.000000,1.000000,15310861.000000
aam,2025,summer-i-turned-pretty-311,2025,19,16278387,2713064.500000,6.000000,2025,6.000000,1.000000,16278387.000000
aam,2025,summer-i-turned-pretty-311,2025,20,17302651,2883775.166667,6.000000,2025,6.000000,1.000000,17302651.000000
aam,2025,summer-i-turned-pretty-311,2025,21,18237640,3039606.666667,6.000000,2025,6.000000,1.000000,18237640.000000
aam,2025,summer-i-turned-pretty-311,2025,22,19155713,3192618.833333,6.000000,2025,6.000000,1.000000,19155713.000000
aam,2025,summer-i-turned-pretty-311,2025,23,20069773,3344962.166667,6.000000,2025,6.000000,1.000000,20069773.000000
aam,2025,summer-i-turned-pretty-311,2025,24,20913850,3485641.666667,6.000000,2025,6.000000,1.000000,20913850.000000
aam,2025,summer-i-turned-pretty-311,2025,25,21727703,3621283.833333,6.000000,2025,6.000000,1.000000,21727703.000000
aam,2025,summer-i-turned-pretty-311,2025,26,22529802,3754967.000000,6.000000,2025,6.000000,1.000000,22529802.000000
aam,2025,tron-ares,2025,1,1270333,211722.166667,6.000000,2025,6.000000,1.000000,1270333.000000
aam,2025,tron-ares,2025,2,3162342,527057.000000,6.000000,2025,6.000000,1.000000,3162342.000000
aam,2025,tron-ares,2025,3,5347521,891253.500000,6.000000,2025,6.000000,1.000000,5347521.000000
aam,2025,tron-ares,2025,4,7238587,1206431.166667,6.000000,2025,6.000000,1.000000,7238587.000000
aam,2025,tron-ares,2025,5,9673095,1612182.500000,6.000000,2025,6.000000,1.000000,9673095.000000
aam,2025,tron-ares,2025,6,12212893,2035482.166667,6.000000,2025,6.000000,1.000000,12212893.000000
aam,2025,tron-ares,2025,7,14840202,2473367.000000,6.000000,2025,6.000000,1.000000,14840202.000000
aam,2025,tron-ares,2025,8,17419044,2903174.000000,6.000000,2025,6.000000,1.000000,17419044.000000
aam,2025,tron-ares,2025,9,19891922,3315320.333333,6.000000,2025,6.000000,1.000000,19891922.000000
aam,2025,tron-ares,2025,10,22445120,3740853.333333,6.000000,2025,6.000000,1.000000,22445120.000000
aam,2025,tron-ares,2025,11,25067646,4177941.000000,6.000000,2025,6.000000,1.000000,25067646.000000
aam,2025,tron-ares,2025,12,27820719,4636786.500000,6.000000,2025,6.000000,1.000000,27820719.000000
aam,2025,tron-ares,2025,13,30040048,5006674.666667,6.000000,2025,6.000000,1.000000,30040048.000000
aam,2025,tron-ares,2025,14,32450285,5408380.833333,6.000000,2025,6.000000,1.000000,32450285.000000
aam,2025,tron-ares,2025,15,34888515,5814752.500000,6.000000,2025,6.000000,1.000000,34888515.000000
aam,2025,tron-ares,2025,16,37267772,6211295.333333,6.000000,2025,6.000000,1.000000,37267772.000000
aam,2025,tron-ares,2025,17,39664587,6610764.500000,6.000000,2025,6.000000,1.000000,39664587.000000
aam,2025,tron-ares,2025,18,42047245,7007874.166667,6.000000,2025,6.000000,1.000000,42047245.000000
aam,2025,tron-ares,2025,19,44406663,7401110.500000,6.000000,2025,6.000000,1.000000,44406663.000000
aam,2025,tron-ares,2025,20,46732470,7788745.000000,6.000000,2025,6.000000,1.000000,46732470.000000
aam,2025,tron-ares,2025,21,48722419,8120403.166667,6.000000,2025,6.000000,1.000000,48722419.000000
aam,2025,tron-ares,2025,22,50699827,8449971.166667,6.000000,2025,6.000000,1.000000,50699827.000000
aam,2025,tron-ares,2025,23,52668009,8778001.500000,6.000000,2025,6.000000,1.000000,52668009.000000
aam,2025,tron-ares,2025,24,54714241,9119040.166667,6.000000,2025,6.000000,1.000000,54714241.000000
aam,2025,tron-ares,2025,25,56980376,9496729.333333,6.000000,2025,6.000000,1.000000,56980376.000000
aam,2025,tron-ares,2025,26,59279149,9879858.166667,6.000000,2025,6.000000,1.000000,59279149.000000
aam,2025,wicked-2024,2025,1,2312341,385390.166667,6.000000,2025,6.000000,1.000000,2312341.000000
aam,2025,wicked-2024,2025,2,4720270,786711.666667,6.000000,2025,6.000000,1.000000,4720270.000000
aam,2025,wicked-2024,2025,3,7004983,1167497.166667,6.000000,2025,6.000000,1.000000,7004983.000000
aam,2025,wicked-2024,2025,4,9417861,1569643.500000,6.000000,2025,6.000000,1.000000,9417861.000000
aam,2025,wicked-2024,2025,5,11795763,1965960.500000,6.000000,2025,6.000000,1.000000,11795763.000000
aam,2025,wicked-2024,2025,6,13808935,2301489.166667,6.000000,2025,6.000000,1.000000,13808935.000000
aam,2025,wicked-2024,2025,7,16092110,2682018.333333,6.000000,2025,6.000000,1.000000,16092110.000000
aam,2025,wicked-2024,2025,8,18155909,3025984.833333,6.000000,2025,6.000000,1.000000,18155909.000000
aam,2025,wicked-2024,2025,9,20744010,3457335.000000,6.000000,2025,6.000000,1.000000,20744010.000000
aam,2025,wicked-2024,2025,10,22331799,3721966.500000,6.000000,2025,6.000000,1.000000,22331799.000000
aam,2025,wicked-2024,2025,11,24752454,4125409.000000,6.000000,2025,6.000000,1.000000,24752454.000000
aam,2025,wicked-2024,2025,12,26937552,4489592.000000,6.000000,2025,6.000000,1.000000,26937552.000000
aam,2025,wicked-2024,2025,13,29125501,4854250.166667,6.000000,2025,6.000000,1.000000,29125501.000000
aam,2025,wicked-2024,2025,14,31026597,5171099.500000,6.000000,2025,6.000000,1.000000,31026597.000000
aam,2025,wicked-2024,2025,15,32764763,5460793.833333,6.000000,2025,6.000000,1.000000,32764763.000000
aam,2025,wicked-2024,2025,16,34583080,5763846.666667,6.000000,2025,6.000000,1.000000,34583080.000000
aam,2025,wicked-2024,2025,17,36478116,6079686.000000,6.000000,2025,6.000000,1.000000,36478116.000000
aam,2025,wicked-2024,2025,18,38340338,6390056.333333,6.000000,2025,6.000000,1.000000,38340338.000000
aam,2025,wicked-2024,2025,19,40231729,6705288.166667,6.000000,2025,6.000000,1.000000,40231729.000000
aam,2025,wicked-2024,2025,20,41882998,6980499.666667,6.000000,2025,6.000000,1.000000,41882998.000000
aam,2025,wicked-2024,2025,21,43713349,7285558.166667,6.000000,2025,6.000000,1.000000,43713349.000000
aam,2025,wicked-2024,2025,22,45475159,7579193.166667,6.000000,2025,6.000000,1.000000,45475159.000000
aam,2025,wicked-2024,2025,23,47415981,7902663.500000,6.000000,2025,6.000000,1.000000,47415981.000000
aam,2025,wicked-2024,2025,24,49258228,8209704.666667,6.000000,2025,6.000000,1.000000,49258228.000000
aam,2025,wicked-2024,2025,25,50957735,8492955.833333,6.000000,2025,6.000000,1.000000,50957735.000000
aam,2025,wicked-2024,2025,26,52822031,8803671.833333,6.000000,2025,6.000000,1.000000,52822031.000000
aam,2025,wicked-for-good-2025,2025,1,1061113,176852.166667,6.000000,2025,6.000000,1.000000,1061113.000000
aam,2025,wicked-for-good-2025,2025,2,2156008,359334.666667,6.000000,2025,6.000000,1.000000,2156008.000000
aam,2025,wicked-for-good-2025,2025,3,3617141,602856.833333,6.000000,2025,6.000000,1.000000,3617141.000000
aam,2025,wicked-for-good-2025,2025,4,5040404,840067.333333,6.000000,2025,6.000000,1.000000,5040404.000000
aam,2025,wicked-for-good-2025,2025,5,6453815,1075635.833333,6.000000,2025,6.000000,1.000000,6453815.000000
aam,2025,wicked-for-good-2025,2025,6,7930839,1321806.500000,6.000000,2025,6.000000,1.000000,7930839.000000
aam,2025,wicked-for-good-2025,2025,7,9495585,1582597.500000,6.000000,2025,6.000000,1.000000,9495585.000000
aam,2025,wicked-for-good-2025,2025,8,11014613,1835768.833333,6.000000,2025,6.000000,1.000000,11014613.000000
aam,2025,wicked-for-good-2025,2025,9,12262409,2043734.833333,6.000000,2025,6.000000,1.000000,12262409.000000
aam,2025,wicked-for-good-2025,2025,10,13554100,2259016.666667,6.000000,2025,6.000000,1.000000,13554100.000000
aam,2025,wicked-for-good-2025,2025,11,14895428,2482571.333333,6.000000,2025,6.000000,1.000000,14895428.000000
aam,2025,wicked-for-good-2025,2025,12,16168623,2694770.500000,6.000000,2025,6.000000,1.000000,16168623.000000
aam,2025,wicked-for-good-2025,2025,13,17508523,2918087.166667,6.000000,2025,6.000000,1.000000,17508523.000000
aam,2025,wicked-for-good-2025,2025,14,18861036,3143506.000000,6.000000,2025,6.000000,1.000000,18861036.000000
aam,2025,wicked-for-good-2025,2025,15,20088819,3348136.500000,6.000000,2025,6.000000,1.000000,20088819.000000
aam,2025,witcher-04,2025,1,1709926,284987.666667,6.000000,2025,6.000000,1.000000,1709926.000000
aam,2025,witcher-04,2025,2,3622164,603694.000000,6.000000,2025,6.000000,1.000000,3622164.000000
aam,2025,witcher-04,2025,3,5485982,914330.333333,6.000000,2025,6.000000,1.000000,5485982.000000
aam,2025,witcher-04,2025,4,7726143,1287690.500000,6.000000,2025,6.000000,1.000000,7726143.000000
aam,2025,witcher-04,2025,5,10139765,1689960.833333,6.000000,2025,6.000000,1.000000,10139765.000000
aam,2025,witcher-04,2025,6,11971686,1995281.000000,6.000000,2025,6.000000,1.000000,11971686.000000
aam,2025,witcher-04,2025,7,14683502,2447250.333333,6.000000,2025,6.000000,1.000000,14683502.000000
aam,2025,witcher-04,2025,8,16978778,2829796.333333,6.000000,2025,6.000000,1.000000,16978778.000000
aam,2025,witcher-04,2025,9,18950970,3158495.000000,6.000000,2025,6.000000,1.000000,18950970.000000
aam,2025,witcher-04,2025,10,21551885,3591980.833333,6.000000,2025,6.000000,1.000000,21551885.000000
aam,2025,witcher-04,2025,11,24028935,4004822.500000,6.000000,2025,6.000000,1.000000,24028935.000000
aam,2025,witcher-04,2025,12,26281980,4380330.000000,6.000000,2025,6.000000,1.000000,26281980.000000
aam,2025,witcher-04,2025,13,28591589,4765264.833333,6.000000,2025,6.000000,1.000000,28591589.000000
aam,2025,witcher-04,2025,14,30957518,5159586.333333,6.000000,2025,6.000000,1.000000,30957518.000000
aam,2025,witcher-04,2025,15,33335387,5555897.833333,6.000000,2025,6.000000,1.000000,33335387.000000
aam,2025,witcher-04,2025,16,35843511,5973918.500000,6.000000,2025,6.000000,1.000000,35843511.000000
aam,2025,witcher-04,2025,17,38294236,6382372.666667,6.000000,2025,6.000000,1.000000,38294236.000000
aam,2025,witcher-04,2025,18,40261954,6710325.666667,6.000000,2025,6.000000,1.000000,40261954.000000
aam,2025,witcher-04,2025,19,42464778,7077463.000000,6.000000,2025,6.000000,1.000000,42464778.000000
aam,2025,witcher-04,2025,20,44662258,7443709.666667,6.000000,2025,6.000000,1.000000,44662258.000000
aam,2025,witcher-04,2025,21,46817283,7802880.500000,6.000000,2025,6.000000,1.000000,46817283.000000
aam,2025,witcher-04,2025,22,48855299,8142549.833333,6.000000,2025,6.000000,1.000000,48855299.000000
aam,2025,witcher-04,2025,23,50894322,8482387.000000,6.000000,2025,6.000000,1.000000,50894322.000000
aam,2025,witcher-04,2025,24,52871694,8811949.000000,6.000000,2025,6.000000,1.000000,52871694.000000
aam,2025,witcher-04,2025,25,54849264,9141544.000000,6.000000,2025,6.000000,1.000000,54849264.000000
aam,2025,witcher-04,2025,26,56596232,9432705.333333,6.000000,2025,6.000000,1.000000,56596232.000000
aam,2026,avatar-the-last-airbender-2024-02,2026,1,2896766,474879.672131,6.100000,2025,6.000000,0.983607,2849278.032787
aam,2026,avatar-the-last-airbender-2024-02,2026,2,5501210,901837.704918,6.100000,2025,6.000000,0.983607,5411026.229508
aam,2026,avatar-the-last-airbender-2024-02,2026,3,8065424,1322200.655738,6.100000,2025,6.000000,0.983607,7933203.934426
aam,2026,avatar-the-last-airbender-2024-02,2026,4,10481622,1718298.688525,6.100000,2025,6.000000,0.983607,10309792.131148
aam,2026,avatar-the-last-airbender-2024-02,2026,5,12745164,2089371.147541,6.100000,2025,6.000000,0.983607,12536226.885246
aam,2026,avatar-the-last-airbender-2024-02,2026,6,14807754,2427500.655738,6.100000,2025,6.000000,0.983607,14565003.934426
aam,2026,avatar-the-last-airbender-2024-02,2026,7,16802354,2754484.262295,6.100000,2025,6.000000,0.983607,16526905.573770
aam,2026,avatar-the-last-airbender-2024-02,2026,8,18613493,3051392.295082,6.100000,2025,6.000000,0.983607,18308353.770492
aam,2026,avatar-the-last-airbender-2024-02,2026,9,20254945,3320482.786885,6.100000,2025,6.000000,0.983607,19922896.721311
aam,2026,avatar-the-last-airbender-2024-02,2026,10,21976602,3602721.639344,6.100000,2025,6.000000,0.983607,21616329.836066
aam,2026,avatar-the-last-airbender-2024-02,2026,11,22436102,3678049.508197,6.100000,2025,6.000000,0.983607,22068297.049180
aam,2026,beef-02,2026,1,1400893,229654.590164,6.100000,2025,6.000000,0.983607,1377927.540984
aam,2026,beef-02,2026,2,2818544,462056.393443,6.100000,2025,6.000000,0.983607,2772338.360656
aam,2026,beef-02,2026,3,4405831,722267.377049,6.100000,2025,6.000000,0.983607,4333604.262295
aam,2026,beef-02,2026,4,6045937,991137.213115,6.100000,2025,6.000000,0.983607,5946823.278689
aam,2026,beef-02,2026,5,7842442,1285646.229508,6.100000,2025,6.000000,0.983607,7713877.377049
aam,2026,beef-02,2026,6,9601060,1573944.262295,6.100000,2025,6.000000,0.983607,9443665.573770
aam,2026,beef-02,2026,7,11294145,1851499.180328,6.100000,2025,6.000000,0.983607,11108995.081967
aam,2026,beef-02,2026,8,12688679,2080111.311475,6.100000,2025,6.000000,0.983607,12480667.868852
aam,2026,beef-02,2026,9,14438354,2366943.278689,6.100000,2025,6.000000,0.983607,14201659.672131
aam,2026,beef-02,2026,10,16208822,2657183.934426,6.100000,2025,6.000000,0.983607,15943103.606557
aam,2026,beef-02,2026,11,17859142,2927728.196721,6.100000,2025,6.000000,0.983607,17566369.180328
aam,2026,beef-02,2026,12,19488212,3194788.852459,6.100000,2025,6.000000,0.983607,19168733.114754
aam,2026,beef-02,2026,13,21020833,3446038.196721,6.100000,2025,6.000000,0.983607,20676229.180328
aam,2026,beef-02,2026,14,22507913,3689821.803279,6.100000,2025,6.000000,0.983607,22138930.819672
aam,2026,beef-02,2026,15,23870763,3913239.836066,6.100000,2025,6.000000,0.983607,23479439.016393
aam,2026,bluff,2026,1,1782169,292158.852459,6.100000,2025,6.000000,0.983607,1752953.114754
aam,2026,bluff,2026,2,4258404,698099.016393,6.100000,2025,6.000000,0.983607,4188594.098361
aam,2026,bluff,2026,3,6421961,1052780.491803,6.100000,2025,6.000000,0.983607,6316682.950820
aam,2026,bluff,2026,4,8466780,1387996.721311,6.100000,2025,6.000000,0.983607,8327980.327869
aam,2026,bluff,2026,5,10384863,1702436.557377,6.100000,2025,6.000000,0.983607,10214619.344262
aam,2026,bluff,2026,6,12143694,1990769.508197,6.100000,2025,6.000000,0.983607,11944617.049180
aam,2026,bluff,2026,7,13795851,2261614.918033,6.100000,2025,6.000000,0.983607,13569689.508197
aam,2026,bluff,2026,8,15357410,2517608.196721,6.100000,2025,6.000000,0.983607,15105649.180328
aam,2026,bluff,2026,9,16854670,2763060.655738,6.100000,2025,6.000000,0.983607,16578363.934426
aam,2026,bluff,2026,10,18266128,2994447.213115,6.100000,2025,6.000000,0.983607,17966683.278689
aam,2026,bluff,2026,11,19650085,3221325.409836,6.100000,2025,6.000000,0.983607,19327952.459016
aam,2026,bluff,2026,12,21204498,3476147.213115,6.100000,2025,6.000000,0.983607,20856883.278689
aam,2026,bluff,2026,13,22772992,3733277.377049,6.100000,2025,6.000000,0.983607,22399664.262295
aam,2026,bluff,2026,14,24330568,3988617.704918,6.100000,2025,6.000000,0.983607,23931706.229508
aam,2026,bluff,2026,15,25644436,4204005.901639,6.100000,2025,6.000000,0.983607,25224035.409836
aam,2026,bridgerton-04.1,2026,1,2145005,351640.163934,6.100000,2025,6.000000,0.983607,2109840.983607
aam,2026,bridgerton-04.1,2026,2,4283134,702153.114754,6.100000,2025,6.000000,0.983607,4212918.688525
aam,2026,bridgerton-04.1,2026,3,6594673,1081093.934426,6.100000,2025,6.000000,0.983607,6486563.606557
aam,2026,bridgerton-04.1,2026,4,8786819,1440462.131148,6.100000,2025,6.000000,0.983607,8642772.786885
aam,2026,bridgerton-04.1,2026,5,10713614,1756330.163934,6.100000,2025,6.000000,0.983607,10537980.983607
aam,2026,bridgerton-04.1,2026,6,12580670,2062404.918033,6.100000,2025,6.000000,0.983607,12374429.508197
aam,2026,bridgerton-04.1,2026,7,14474645,2372892.622951,6.100000,2025,6.000000,0.983607,14237355.737705
aam,2026,bridgerton-04.1,2026,8,16360760,2682091.803279,6.100000,2025,6.000000,0.983607,16092550.819672
aam,2026,bridgerton-04.1,2026,9,18110934,2969005.573770,6.100000,2025,6.000000,0.983607,17814033.442623
aam,2026,bridgerton-04.1,2026,10,19906551,3263369.016393,6.100000,2025,6.000000,0.983607,19580214.098361
aam,2026,bridgerton-04.1,2026,11,21803876,3574405.901639,6.100000,2025,6.000000,0.983607,21446435.409836
aam,2026,bridgerton-04.1,2026,12,23613044,3870990.819672,6.100000,2025,6.000000,0.983607,23225944.918033
aam,2026,bridgerton-04.1,2026,13,25286904,4145394.098361,6.100000,2025,6.000000,0.983607,24872364.590164
aam,2026,bridgerton-04.1,2026,14,26869946,4404909.180328,6.100000,2025,6.000000,0.983607,26429455.081967
aam,2026,bridgerton-04.1,2026,15,28483321,4669396.885246,6.100000,2025,6.000000,0.983607,28016381.311475
aam,2026,bridgerton-04.1,2026,16,30273475,4962864.754098,6.100000,2025,6.000000,0.983607,29777188.524590
aam,2026,bridgerton-04.1,2026,17,32059831,5255710.000000,6.100000,2025,6.000000,0.983607,31534260.000000
aam,2026,bridgerton-04.1,2026,18,33739265,5531027.049180,6.100000,2025,6.000000,0.983607,33186162.295082
aam,2026,bridgerton-04.1,2026,19,35192342,5769236.393443,6.100000,2025,6.000000,0.983607,34615418.360656
aam,2026,bridgerton-04.1,2026,20,36908691,6050605.081967,6.100000,2025,6.000000,0.983607,36303630.491803
aam,2026,bridgerton-04.1,2026,21,38758982,6353931.475410,6.100000,2025,6.000000,0.983607,38123588.852459
aam,2026,bridgerton-04.1,2026,22,40502303,6639721.803279,6.100000,2025,6.000000,0.983607,39838330.819672
aam,2026,bridgerton-04.1,2026,23,42226578,6922389.836066,6.100000,2025,6.000000,0.983607,41534339.016393
aam,2026,bridgerton-04.1,2026,24,43889768,7195043.934426,6.100000,2025,6.000000,0.983607,43170263.606557
aam,2026,bridgerton-04.1,2026,25,45465896,7453425.573770,6.100000,2025,6.000000,0.983607,44720553.442623
aam,2026,bridgerton-04.1,2026,26,47030909,7709985.081967,6.100000,2025,6.000000,0.983607,46259910.491803
aam,2026,bridgerton-04.1,2026,27,47941884,7859325.245902,6.100000,2025,6.000000,0.983607,47155951.475410
aam,2026,bridgerton-04.2,2026,1,2550421,418101.803279,6.100000,2025,6.000000,0.983607,2508610.819672
aam,2026,bridgerton-04.2,2026,2,5101879,836373.606557,6.100000,2025,6.000000,0.983607,5018241.639344
aam,2026,bridgerton-04.2,2026,3,7472623,1225020.163934,6.100000,2025,6.000000,0.983607,7350120.983607
aam,2026,bridgerton-04.2,2026,4,10121348,1659237.377049,6.100000,2025,6.000000,0.983607,9955424.262295
aam,2026,bridgerton-04.2,2026,5,12666041,2076400.163934,6.100000,2025,6.000000,0.983607,12458400.983607
aam,2026,bridgerton-04.2,2026,6,15049994,2467212.131148,6.100000,2025,6.000000,0.983607,14803272.786885
aam,2026,bridgerton-04.2,2026,7,17476109,2864935.901639,6.100000,2025,6.000000,0.983607,17189615.409836
aam,2026,bridgerton-04.2,2026,8,19830142,3250842.950820,6.100000,2025,6.000000,0.983607,19505057.704918
aam,2026,bridgerton-04.2,2026,9,21836674,3579782.622951,6.100000,2025,6.000000,0.983607,21478695.737705
aam,2026,bridgerton-04.2,2026,10,23792010,3900329.508197,6.100000,2025,6.000000,0.983607,23401977.049180
aam,2026,bridgerton-04.2,2026,11,25737884,4219325.245902,6.100000,2025,6.000000,0.983607,25315951.475410
aam,2026,bridgerton-04.2,2026,12,27918845,4576859.836066,6.100000,2025,6.000000,0.983607,27461159.016393
aam,2026,bridgerton-04.2,2026,13,30110686,4936178.032787,6.100000,2025,6.000000,0.983607,29617068.196721
aam,2026,bridgerton-04.2,2026,14,32206875,5279815.573770,6.100000,2025,6.000000,0.983607,31678893.442623
aam,2026,bridgerton-04.2,2026,15,34014616,5576166.557377,6.100000,2025,6.000000,0.983607,33456999.344262
aam,2026,bridgerton-04.2,2026,16,36027329,5906119.508197,6.100000,2025,6.000000,0.983607,35436717.049180
aam,2026,bridgerton-04.2,2026,17,38263965,6272781.147541,6.100000,2025,6.000000,0.983607,37636686.885246
aam,2026,bridgerton-04.2,2026,18,40390262,6621354.426230,6.100000,2025,6.000000,0.983607,39728126.557377
aam,2026,bridgerton-04.2,2026,19,42378249,6947253.934426,6.100000,2025,6.000000,0.983607,41683523.606557
aam,2026,bridgerton-04.2,2026,20,44330452,7267287.213115,6.100000,2025,6.000000,0.983607,43603723.278689
aam,2026,bridgerton-04.2,2026,21,46360005,7600000.819672,6.100000,2025,6.000000,0.983607,45600004.918033
aam,2026,bridgerton-04.2,2026,22,48359328,7927758.688525,6.100000,2025,6.000000,0.983607,47566552.131148
aam,2026,bridgerton-04.2,2026,23,50220296,8232835.409836,6.100000,2025,6.000000,0.983607,49397012.459016
aam,2026,bridgerton-04.2,2026,24,52014002,8526885.573770,6.100000,2025,6.000000,0.983607,51161313.442623
aam,2026,bridgerton-04.2,2026,25,53682200,8800360.655738,6.100000,2025,6.000000,0.983607,52802163.934426
aam,2026,bridgerton-04.2,2026,26,55302531,9065988.688525,6.100000,2025,6.000000,0.983607,54395932.131148
aam,2026,bridgerton-04.2,2026,27,56923560,9331731.147541,6.100000,2025,6.000000,0.983607,55990386.885246
aam,2026,brothers-01,2026,1,369076,60504.262295,6.100000,2025,6.000000,0.983607,363025.573770
aam,2026,brothers-01,2026,2,508983,83439.836066,6.100000,2025,6.000000,0.983607,500639.016393
aam,2026,coyote-vs-acme,2026,1,525499,86147.377049,6.100000,2025,6.000000,0.983607,516884.262295
aam,2026,coyote-vs-acme,2026,2,1181516,193691.147541,6.100000,2025,6.000000,0.983607,1162146.885246
aam,2026,coyote-vs-acme,2026,3,1766356,289566.557377,6.100000,2025,6.000000,0.983607,1737399.344262
aam,2026,coyote-vs-acme,2026,4,2363689,387490.000000,6.100000,2025,6.000000,0.983607,2324940.000000
aam,2026,coyote-vs-acme,2026,5,2445785,400948.360656,6.100000,2025,6.000000,0.983607,2405690.163934
aam,2026,dang-01,2026,1,510631,83710.000000,6.100000,2025,6.000000,0.983607,502260.000000
aam,2026,dang-01,2026,2,939541,154023.114754,6.100000,2025,6.000000,0.983607,924138.688525
aam,2026,dang-01,2026,3,1405771,230454.262295,6.100000,2025,6.000000,0.983607,1382725.573770
aam,2026,for-all-mankind-501,2026,1,788813,129313.606557,6.100000,2025,6.000000,0.983607,775881.639344
aam,2026,for-all-mankind-501,2026,2,1786713,292903.770492,6.100000,2025,6.000000,0.983607,1757422.622951
aam,2026,for-all-mankind-501,2026,3,2804993,459834.918033,6.100000,2025,6.000000,0.983607,2759009.508197
aam,2026,for-all-mankind-501,2026,4,3863785,633407.377049,6.100000,2025,6.000000,0.983607,3800444.262295
aam,2026,for-all-mankind-501,2026,5,4855474,795979.344262,6.100000,2025,6.000000,0.983607,4775876.065574
aam,2026,for-all-mankind-501,2026,6,5809280,952340.983607,6.100000,2025,6.000000,0.983607,5714045.901639
aam,2026,for-all-mankind-501,2026,7,6718365,1101371.311475,6.100000,2025,6.000000,0.983607,6608227.868852
aam,2026,for-all-mankind-501,2026,8,7733737,1267825.737705,6.100000,2025,6.000000,0.983607,7606954.426230
aam,2026,for-all-mankind-501,2026,9,8760974,1436225.245902,6.100000,2025,6.000000,0.983607,8617351.475410
aam,2026,for-all-mankind-501,2026,10,9752489,1598768.688525,6.100000,2025,6.000000,0.983607,9592612.131148
aam,2026,for-all-mankind-501,2026,11,10568444,1732531.803279,6.100000,2025,6.000000,0.983607,10395190.819672
aam,2026,for-all-mankind-501,2026,12,11583488,1898932.459016,6.100000,2025,6.000000,0.983607,11393594.754098
aam,2026,for-all-mankind-501,2026,13,12670607,2077148.688525,6.100000,2025,6.000000,0.983607,12462892.131148
aam,2026,for-all-mankind-501,2026,14,13677122,2242151.147541,6.100000,2025,6.000000,0.983607,13452906.885246
aam,2026,for-all-mankind-501,2026,15,14535158,2382812.786885,6.100000,2025,6.000000,0.983607,14296876.721311
aam,2026,for-all-mankind-501,2026,16,15455230,2533644.262295,6.100000,2025,6.000000,0.983607,15201865.573770
aam,2026,for-all-mankind-501,2026,17,16340551,2678778.852459,6.100000,2025,6.000000,0.983607,16072673.114754
aam,2026,for-all-mankind-501,2026,18,17214113,2821985.737705,6.100000,2025,6.000000,0.983607,16931914.426230
aam,2026,for-all-mankind-501,2026,19,18064931,2961464.098361,6.100000,2025,6.000000,0.983607,17768784.590164
aam,2026,for-all-mankind-501,2026,20,18878310,3094804.918033,6.100000,2025,6.000000,0.983607,18568829.508197
aam,2026,for-all-mankind-501,2026,21,19483825,3194069.672131,6.100000,2025,6.000000,0.983607,19164418.032787
aam,2026,for-all-mankind-501,2026,22,20163025,3305413.934426,6.100000,2025,6.000000,0.983607,19832483.606557
aam,2026,goat-2026,2026,1,1423650,233385.245902,6.100000,2025,6.000000,0.983607,1400311.475410
aam,2026,goat-2026,2026,2,3006589,492883.442623,6.100000,2025,6.000000,0.983607,2957300.655738
aam,2026,goat-2026,2026,3,4501001,737869.016393,6.100000,2025,6.000000,0.983607,4427214.098361
aam,2026,goat-2026,2026,4,5930348,972188.196721,6.100000,2025,6.000000,0.983607,5833129.180328
aam,2026,goat-2026,2026,5,7300024,1196725.245902,6.100000,2025,6.000000,0.983607,7180351.475410
aam,2026,goat-2026,2026,6,8861877,1452766.721311,6.100000,2025,6.000000,0.983607,8716600.327869
aam,2026,goat-2026,2026,7,10497295,1720868.032787,6.100000,2025,6.000000,0.983607,10325208.196721
aam,2026,goat-2026,2026,8,12368972,2027700.327869,6.100000,2025,6.000000,0.983607,12166201.967213
aam,2026,goat-2026,2026,9,14259060,2337550.819672,6.100000,2025,6.000000,0.983607,14025304.918033
aam,2026,goat-2026,2026,10,16148788,2647342.295082,6.100000,2025,6.000000,0.983607,15884053.770492
aam,2026,goat-2026,2026,11,17759417,2911379.836066,6.100000,2025,6.000000,0.983607,17468279.016393
aam,2026,goat-2026,2026,12,19542168,3203634.098361,6.100000,2025,6.000000,0.983607,19221804.590164
aam,2026,goat-2026,2026,13,21474571,3520421.475410,6.100000,2025,6.000000,0.983607,21122528.852459
aam,2026,goat-2026,2026,14,23322091,3823293.606557,6.100000,2025,6.000000,0.983607,22939761.639344
aam,2026,goat-2026,2026,15,24950307,4090214.262295,6.100000,2025,6.000000,0.983607,24541285.573770
aam,2026,his-and-hers-2026-01,2026,1,1969402,322852.786885,6.100000,2025,6.000000,0.983607,1937116.721311
aam,2026,his-and-hers-2026-01,2026,2,4304799,705704.754098,6.100000,2025,6.000000,0.983607,4234228.524590
aam,2026,his-and-hers-2026-01,2026,3,6578425,1078430.327869,6.100000,2025,6.000000,0.983607,6470581.967213
aam,2026,his-and-hers-2026-01,2026,4,8752947,1434909.344262,6.100000,2025,6.000000,0.983607,8609456.065574
aam,2026,his-and-hers-2026-01,2026,5,10984366,1800715.737705,6.100000,2025,6.000000,0.983607,10804294.426230
aam,2026,his-and-hers-2026-01,2026,6,13327975,2184913.934426,6.100000,2025,6.000000,0.983607,13109483.606557
aam,2026,his-and-hers-2026-01,2026,7,15512387,2543014.262295,6.100000,2025,6.000000,0.983607,15258085.573770
aam,2026,his-and-hers-2026-01,2026,8,17300747,2836188.032787,6.100000,2025,6.000000,0.983607,17017128.196721
aam,2026,his-and-hers-2026-01,2026,9,19134979,3136881.803279,6.100000,2025,6.000000,0.983607,18821290.819672
aam,2026,his-and-hers-2026-01,2026,10,20968229,3437414.590164,6.100000,2025,6.000000,0.983607,20624487.540984
aam,2026,his-and-hers-2026-01,2026,11,22834585,3743374.590164,6.100000,2025,6.000000,0.983607,22460247.540984
aam,2026,his-and-hers-2026-01,2026,12,24686589,4046981.803279,6.100000,2025,6.000000,0.983607,24281890.819672
aam,2026,his-and-hers-2026-01,2026,13,26491386,4342850.163934,6.100000,2025,6.000000,0.983607,26057100.983607
aam,2026,his-and-hers-2026-01,2026,14,28343447,4646466.721311,6.100000,2025,6.000000,0.983607,27878800.327869
aam,2026,his-and-hers-2026-01,2026,15,30117829,4937349.016393,6.100000,2025,6.000000,0.983607,29624094.098361
aam,2026,his-and-hers-2026-01,2026,16,31725473,5200897.213115,6.100000,2025,6.000000,0.983607,31205383.278689
aam,2026,his-and-hers-2026-01,2026,17,33289462,5457288.852459,6.100000,2025,6.000000,0.983607,32743733.114754
aam,2026,his-and-hers-2026-01,2026,18,34790332,5703333.114754,6.100000,2025,6.000000,0.983607,34219998.688525
aam,2026,his-and-hers-2026-01,2026,19,36551410,5992034.426230,6.100000,2025,6.000000,0.983607,35952206.557377
aam,2026,his-and-hers-2026-01,2026,20,38319362,6281862.622951,6.100000,2025,6.000000,0.983607,37691175.737705
aam,2026,his-and-hers-2026-01,2026,21,40033061,6562796.885246,6.100000,2025,6.000000,0.983607,39376781.311475
aam,2026,his-and-hers-2026-01,2026,22,41473184,6798882.622951,6.100000,2025,6.000000,0.983607,40793295.737705
aam,2026,his-and-hers-2026-01,2026,23,43083926,7062938.688525,6.100000,2025,6.000000,0.983607,42377632.131148
aam,2026,his-and-hers-2026-01,2026,24,44841493,7351064.426230,6.100000,2025,6.000000,0.983607,44106386.557377
aam,2026,his-and-hers-2026-01,2026,25,46545400,7630393.442623,6.100000,2025,6.000000,0.983607,45782360.655738
aam,2026,his-and-hers-2026-01,2026,26,48107652,7886500.327869,6.100000,2025,6.000000,0.983607,47319001.967213
aam,2026,house-of-the-dragon-301,2026,1,3282703,538148.032787,6.100000,2025,6.000000,0.983607,3228888.196721
aam,2026,house-of-the-dragon-301,2026,2,7917555,1297959.836066,6.100000,2025,6.000000,0.983607,7787759.016393
aam,2026,house-of-the-dragon-301,2026,3,12119044,1986728.524590,6.100000,2025,6.000000,0.983607,11920371.147541
aam,2026,house-of-the-dragon-301,2026,4,15864471,2600732.950820,6.100000,2025,6.000000,0.983607,15604397.704918
aam,2026,house-of-the-dragon-301,2026,5,19499833,3196693.934426,6.100000,2025,6.000000,0.983607,19180163.606557
aam,2026,house-of-the-dragon-301,2026,6,22973199,3766098.196721,6.100000,2025,6.000000,0.983607,22596589.180328
aam,2026,house-of-the-dragon-301,2026,7,26093107,4277558.524590,6.100000,2025,6.000000,0.983607,25665351.147541
aam,2026,house-of-the-dragon-301,2026,8,28105878,4607520.983607,6.100000,2025,6.000000,0.983607,27645125.901639
aam,2026,house-of-the-dragon-301,2026,9,30724436,5036792.786885,6.100000,2025,6.000000,0.983607,30220756.721311
aam,2026,house-of-the-dragon-301,2026,10,33320315,5462346.721311,6.100000,2025,6.000000,0.983607,32774080.327869
aam,2026,house-of-the-dragon-301,2026,11,35710004,5854099.016393,6.100000,2025,6.000000,0.983607,35124594.098361
aam,2026,house-of-the-dragon-308,2026,1,1628141,266908.360656,6.100000,2025,6.000000,0.983607,1601450.163934
aam,2026,house-of-the-dragon-308,2026,2,2961045,485417.213115,6.100000,2025,6.000000,0.983607,2912503.278689
aam,2026,house-of-the-dragon-308,2026,3,4128823,676856.229508,6.100000,2025,6.000000,0.983607,4061137.377049
aam,2026,house-of-the-dragon-308,2026,4,5121109,839526.065574,6.100000,2025,6.000000,0.983607,5037156.393443
aam,2026,house-of-the-dragon-308,2026,5,5623007,921804.426230,6.100000,2025,6.000000,0.983607,5530826.557377
aam,2026,invincible-401,2026,1,2237959,366878.524590,6.100000,2025,6.000000,0.983607,2201271.147541
aam,2026,invincible-401,2026,2,4180933,685398.852459,6.100000,2025,6.000000,0.983607,4112393.114754
aam,2026,invincible-401,2026,3,6024127,987561.803279,6.100000,2025,6.000000,0.983607,5925370.819672
aam,2026,invincible-401,2026,4,7688185,1260358.196721,6.100000,2025,6.000000,0.983607,7562149.180328
aam,2026,invincible-401,2026,5,9277278,1520865.245902,6.100000,2025,6.000000,0.983607,9125191.475410
aam,2026,invincible-401,2026,6,10613719,1739953.934426,6.100000,2025,6.000000,0.983607,10439723.606557
aam,2026,invincible-401,2026,7,11869485,1945817.213115,6.100000,2025,6.000000,0.983607,11674903.278689
aam,2026,invincible-401,2026,8,13067594,2142228.524590,6.100000,2025,6.000000,0.983607,12853371.147541
aam,2026,invincible-401,2026,9,14384348,2358089.836066,6.100000,2025,6.000000,0.983607,14148539.016393
aam,2026,invincible-401,2026,10,15649284,2565456.393443,6.100000,2025,6.000000,0.983607,15392738.360656
aam,2026,invincible-401,2026,11,16886171,2768224.754098,6.100000,2025,6.000000,0.983607,16609348.524590
aam,2026,invincible-401,2026,12,17949525,2942545.081967,6.100000,2025,6.000000,0.983607,17655270.491803
aam,2026,invincible-401,2026,13,19049835,3122923.770492,6.100000,2025,6.000000,0.983607,18737542.622951
aam,2026,invincible-401,2026,14,20299373,3327766.065574,6.100000,2025,6.000000,0.983607,19966596.393443
aam,2026,invincible-401,2026,15,21534524,3530249.836066,6.100000,2025,6.000000,0.983607,21181499.016393
aam,2026,legend-of-aang-the-last-airbender,2026,1,53642,8793.770492,6.100000,2025,6.000000,0.983607,52762.622951
aam,2026,lego-star-wars-the-mandalorian-2026,2026,1,235742,38646.229508,6.100000,2025,6.000000,0.983607,231877.377049
aam,2026,lego-star-wars-the-mandalorian-2026,2026,2,577174,94618.688525,6.100000,2025,6.000000,0.983607,567712.131148
aam,2026,lego-star-wars-the-mandalorian-2026,2026,3,881038,144432.459016,6.100000,2025,6.000000,0.983607,866594.754098
aam,2026,lego-star-wars-the-mandalorian-2026,2026,4,1217759,199632.622951,6.100000,2025,6.000000,0.983607,1197795.737705
aam,2026,lego-star-wars-the-mandalorian-2026,2026,5,1265425,207446.721311,6.100000,2025,6.000000,0.983607,1244680.327869
aam,2026,monarch-legacy-of-monsters-201,2026,1,1010810,165706.557377,6.100000,2025,6.000000,0.983607,994239.344262
aam,2026,monarch-legacy-of-monsters-201,2026,2,2971275,487094.262295,6.100000,2025,6.000000,0.983607,2922565.573770
aam,2026,monarch-legacy-of-monsters-201,2026,3,6033110,989034.426230,6.100000,2025,6.000000,0.983607,5934206.557377
aam,2026,monarch-legacy-of-monsters-201,2026,4,8954731,1467988.688525,6.100000,2025,6.000000,0.983607,8807932.131148
aam,2026,monarch-legacy-of-monsters-201,2026,5,11816667,1937158.524590,6.100000,2025,6.000000,0.983607,11622951.147541
aam,2026,monarch-legacy-of-monsters-201,2026,6,14567418,2388101.311475,6.100000,2025,6.000000,0.983607,14328607.868852
aam,2026,monarch-legacy-of-monsters-201,2026,7,17055498,2795983.278689,6.100000,2025,6.000000,0.983607,16775899.672131
aam,2026,monarch-legacy-of-monsters-201,2026,8,19355247,3172991.311475,6.100000,2025,6.000000,0.983607,19037947.868852
aam,2026,monarch-legacy-of-monsters-201,2026,9,21563462,3534993.770492,6.100000,2025,6.000000,0.983607,21209962.622951
aam,2026,monarch-legacy-of-monsters-201,2026,10,23773784,3897341.639344,6.100000,2025,6.000000,0.983607,23384049.836066
aam,2026,monarch-legacy-of-monsters-201,2026,11,25932852,4251287.213115,6.100000,2025,6.000000,0.983607,25507723.278689
aam,2026,monarch-legacy-of-monsters-201,2026,12,28357861,4648829.672131,6.100000,2025,6.000000,0.983607,27892978.032787
aam,2026,monarch-legacy-of-monsters-201,2026,13,30787760,5047173.770492,6.100000,2025,6.000000,0.983607,30283042.622951
aam,2026,monarch-legacy-of-monsters-201,2026,14,33113538,5428448.852459,6.100000,2025,6.000000,0.983607,32570693.114754
aam,2026,monarch-legacy-of-monsters-201,2026,15,34986348,5735466.885246,6.100000,2025,6.000000,0.983607,34412801.311475
aam,2026,monarch-legacy-of-monsters-201,2026,16,37268399,6109573.606557,6.100000,2025,6.000000,0.983607,36657441.639344
aam,2026,monarch-legacy-of-monsters-201,2026,17,39639123,6498216.885246,6.100000,2025,6.000000,0.983607,38989301.311475
aam,2026,monarch-legacy-of-monsters-201,2026,18,41961113,6878870.983607,6.100000,2025,6.000000,0.983607,41273225.901639
aam,2026,monarch-legacy-of-monsters-201,2026,19,43809201,7181836.229508,6.100000,2025,6.000000,0.983607,43091017.377049
aam,2026,monarch-legacy-of-monsters-201,2026,20,46002029,7541316.229508,6.100000,2025,6.000000,0.983607,45247897.377049
aam,2026,monarch-legacy-of-monsters-201,2026,21,48152314,7893821.967213,6.100000,2025,6.000000,0.983607,47362931.803279
aam,2026,monarch-legacy-of-monsters-201,2026,22,50208107,8230837.213115,6.100000,2025,6.000000,0.983607,49385023.278689
aam,2026,monarch-legacy-of-monsters-201,2026,23,52184737,8554874.918033,6.100000,2025,6.000000,0.983607,51329249.508197
aam,2026,monarch-legacy-of-monsters-201,2026,24,54052427,8861053.606557,6.100000,2025,6.000000,0.983607,53166321.639344
aam,2026,monarch-legacy-of-monsters-201,2026,25,55810606,9149279.672131,6.100000,2025,6.000000,0.983607,54895678.032787
aam,2026,monarch-legacy-of-monsters-201,2026,26,57432896,9415228.852459,6.100000,2025,6.000000,0.983607,56491373.114754
aam,2026,monarch-legacy-of-monsters-201,2026,27,59027938,9676711.147541,6.100000,2025,6.000000,0.983607,58060266.885246
aam,2026,monarch-legacy-of-monsters-201,2026,28,60615952,9937041.311475,6.100000,2025,6.000000,0.983607,59622247.868852
aam,2026,monarch-legacy-of-monsters-208,2026,1,1047224,171676.065574,6.100000,2025,6.000000,0.983607,1030056.393443
aam,2026,monarch-legacy-of-monsters-208,2026,2,3072646,503712.459016,6.100000,2025,6.000000,0.983607,3022274.754098
aam,2026,monarch-legacy-of-monsters-208,2026,3,6222721,1020118.196721,6.100000,2025,6.000000,0.983607,6120709.180328
aam,2026,monarch-legacy-of-monsters-208,2026,4,9191610,1506821.311475,6.100000,2025,6.000000,0.983607,9040927.868852
aam,2026,monarch-legacy-of-monsters-208,2026,5,12399554,2032713.770492,6.100000,2025,6.000000,0.983607,12196282.622951
aam,2026,monarch-legacy-of-monsters-208,2026,6,15442819,2531609.672131,6.100000,2025,6.000000,0.983607,15189658.032787
aam,2026,monarch-legacy-of-monsters-208,2026,7,18403483,3016964.426230,6.100000,2025,6.000000,0.983607,18101786.557377
aam,2026,monarch-legacy-of-monsters-208,2026,8,20780307,3406607.704918,6.100000,2025,6.000000,0.983607,20439646.229508
aam,2026,monarch-legacy-of-monsters-208,2026,9,23738573,3891569.344262,6.100000,2025,6.000000,0.983607,23349416.065574
aam,2026,monarch-legacy-of-monsters-208,2026,10,26814410,4395804.918033,6.100000,2025,6.000000,0.983607,26374829.508197
aam,2026,monarch-legacy-of-monsters-208,2026,11,29014831,4756529.672131,6.100000,2025,6.000000,0.983607,28539178.032787
aam,2026,monarch-legacy-of-monsters-208,2026,12,31701458,5196960.327869,6.100000,2025,6.000000,0.983607,31181761.967213
aam,2026,monarch-legacy-of-monsters-208,2026,13,34469035,5650661.475410,6.100000,2025,6.000000,0.983607,33903968.852459
aam,2026,monarch-legacy-of-monsters-208,2026,14,37053009,6074263.770492,6.100000,2025,6.000000,0.983607,36445582.622951
aam,2026,monarch-legacy-of-monsters-208,2026,15,39580152,6488549.508197,6.100000,2025,6.000000,0.983607,38931297.049180
aam,2026,monarch-legacy-of-monsters-208,2026,16,42049575,6893372.950820,6.100000,2025,6.000000,0.983607,41360237.704918
aam,2026,monarch-legacy-of-monsters-208,2026,17,44035129,7218873.606557,6.100000,2025,6.000000,0.983607,43313241.639344
aam,2026,monarch-legacy-of-monsters-208,2026,18,46236519,7579757.213115,6.100000,2025,6.000000,0.983607,45478543.278689
aam,2026,monarch-legacy-of-monsters-208,2026,19,48308846,7919482.950820,6.100000,2025,6.000000,0.983607,47516897.704918
aam,2026,monarch-legacy-of-monsters-208,2026,20,50354629,8254857.213115,6.100000,2025,6.000000,0.983607,49529143.278689
aam,2026,monarch-legacy-of-monsters-208,2026,21,52332870,8579159.016393,6.100000,2025,6.000000,0.983607,51474954.098361
aam,2026,night-agent-03,2026,1,3827185,627407.377049,6.100000,2025,6.000000,0.983607,3764444.262295
aam,2026,night-agent-03,2026,2,6171886,1011784.590164,6.100000,2025,6.000000,0.983607,6070707.540984
aam,2026,night-agent-03,2026,3,9483040,1554596.721311,6.100000,2025,6.000000,0.983607,9327580.327869
aam,2026,night-agent-03,2026,4,12822444,2102040.000000,6.100000,2025,6.000000,0.983607,12612240.000000
aam,2026,night-agent-03,2026,6,15684153,2571172.622951,6.100000,2025,6.000000,0.983607,15427035.737705
aam,2026,night-agent-03,2026,7,18780512,3078772.459016,6.100000,2025,6.000000,0.983607,18472634.754098
aam,2026,night-agent-03,2026,8,21796443,3573187.377049,6.100000,2025,6.000000,0.983607,21439124.262295
aam,2026,night-agent-03,2026,9,24583204,4030033.442623,6.100000,2025,6.000000,0.983607,24180200.655738
aam,2026,night-agent-03,2026,10,27144095,4449851.639344,6.100000,2025,6.000000,0.983607,26699109.836066
aam,2026,night-agent-03,2026,11,29602137,4852809.344262,6.100000,2025,6.000000,0.983607,29116856.065574
aam,2026,night-agent-03,2026,12,32000403,5245967.704918,6.100000,2025,6.000000,0.983607,31475806.229508
aam,2026,night-agent-03,2026,13,34881593,5718293.934426,6.100000,2025,6.000000,0.983607,34309763.606557
aam,2026,night-agent-03,2026,14,37734698,6186016.065574,6.100000,2025,6.000000,0.983607,37116096.393443
aam,2026,night-agent-03,2026,15,40401338,6623170.163934,6.100000,2025,6.000000,0.983607,39739020.983607
aam,2026,night-agent-03,2026,16,42660273,6993487.377049,6.100000,2025,6.000000,0.983607,41960924.262295
aam,2026,night-agent-03,2026,17,45392437,7441383.114754,6.100000,2025,6.000000,0.983607,44648298.688525
aam,2026,night-agent-03,2026,18,48367287,7929063.442623,6.100000,2025,6.000000,0.983607,47574380.655738
aam,2026,night-agent-03,2026,19,51162652,8387320.000000,6.100000,2025,6.000000,0.983607,50323920.000000
aam,2026,night-agent-03,2026,20,53756300,8812508.196721,6.100000,2025,6.000000,0.983607,52875049.180328
aam,2026,night-agent-03,2026,21,56278865,9226043.442623,6.100000,2025,6.000000,0.983607,55356260.655738
aam,2026,night-agent-03,2026,22,58843486,9646473.114754,6.100000,2025,6.000000,0.983607,57878838.688525
aam,2026,night-agent-03,2026,23,61262181,10042980.491803,6.100000,2025,6.000000,0.983607,60257882.950820
aam,2026,night-agent-03,2026,24,63646076,10433782.950820,6.100000,2025,6.000000,0.983607,62602697.704918
aam,2026,night-agent-03,2026,25,66005640,10820596.721311,6.100000,2025,6.000000,0.983607,64923580.327869
aam,2026,night-agent-03,2026,26,68269806,11191771.475410,6.100000,2025,6.000000,0.983607,67150628.852459
aam,2026,night-agent-03,2026,27,70390744,11539466.229508,6.100000,2025,6.000000,0.983607,69236797.377049
aam,2026,one-piece-2023-02,2026,1,3489065,571977.868852,6.100000,2025,6.000000,0.983607,3431867.213115
aam,2026,one-piece-2023-02,2026,2,7230952,1185401.967213,6.100000,2025,6.000000,0.983607,7112411.803279
aam,2026,one-piece-2023-02,2026,3,11010102,1804934.754098,6.100000,2025,6.000000,0.983607,10829608.524590
aam,2026,one-piece-2023-02,2026,4,14388969,2358847.377049,6.100000,2025,6.000000,0.983607,14153084.262295
aam,2026,one-piece-2023-02,2026,5,17527561,2873370.655738,6.100000,2025,6.000000,0.983607,17240223.934426
aam,2026,one-piece-2023-02,2026,6,20581266,3373978.032787,6.100000,2025,6.000000,0.983607,20243868.196721
aam,2026,one-piece-2023-02,2026,7,23213478,3805488.196721,6.100000,2025,6.000000,0.983607,22832929.180328
aam,2026,one-piece-2023-02,2026,8,25805654,4230435.081967,6.100000,2025,6.000000,0.983607,25382610.491803
aam,2026,one-piece-2023-02,2026,9,28370056,4650828.852459,6.100000,2025,6.000000,0.983607,27904973.114754
aam,2026,one-piece-2023-02,2026,10,31140453,5104992.295082,6.100000,2025,6.000000,0.983607,30629953.770492
aam,2026,one-piece-2023-02,2026,11,33961737,5567497.868852,6.100000,2025,6.000000,0.983607,33404987.213115
aam,2026,one-piece-2023-02,2026,12,36779208,6029378.360656,6.100000,2025,6.000000,0.983607,36176270.163934
aam,2026,one-piece-2023-02,2026,13,39284966,6440158.360656,6.100000,2025,6.000000,0.983607,38640950.163934
aam,2026,one-piece-2023-02,2026,14,41604236,6820366.557377,6.100000,2025,6.000000,0.983607,40922199.344262
aam,2026,one-piece-2023-02,2026,15,44489547,7293368.360656,6.100000,2025,6.000000,0.983607,43760210.163934
aam,2026,one-piece-2023-02,2026,16,47452145,7779040.163934,6.100000,2025,6.000000,0.983607,46674240.983607
aam,2026,one-piece-2023-02,2026,17,50141294,8219884.262295,6.100000,2025,6.000000,0.983607,49319305.573770
aam,2026,one-piece-2023-02,2026,18,52738719,8645691.639344,6.100000,2025,6.000000,0.983607,51874149.836066
aam,2026,one-piece-2023-02,2026,19,55240509,9055821.147541,6.100000,2025,6.000000,0.983607,54334926.885246
aam,2026,one-piece-2023-02,2026,20,57617198,9445442.295082,6.100000,2025,6.000000,0.983607,56672653.770492
aam,2026,one-piece-2023-02,2026,21,59997439,9835645.737705,6.100000,2025,6.000000,0.983607,59013874.426230
aam,2026,one-piece-2023-02,2026,22,62320304,10216443.278689,6.100000,2025,6.000000,0.983607,61298659.672131
aam,2026,one-piece-2023-02,2026,23,64609663,10591748.032787,6.100000,2025,6.000000,0.983607,63550488.196721
aam,2026,one-piece-2023-02,2026,24,66665973,10928848.032787,6.100000,2025,6.000000,0.983607,65573088.196721
aam,2026,one-piece-2023-02,2026,25,68849683,11286833.278689,6.100000,2025,6.000000,0.983607,67720999.672131
aam,2026,one-piece-2023-02,2026,26,70866149,11617401.475410,6.100000,2025,6.000000,0.983607,69704408.852459
aam,2026,pitt-201,2026,1,1141282,187095.409836,6.100000,2025,6.000000,0.983607,1122572.459016
aam,2026,pitt-201,2026,2,3452870,566044.262295,6.100000,2025,6.000000,0.983607,3396265.573770
aam,2026,pitt-201,2026,3,6648442,1089908.524590,6.100000,2025,6.000000,0.983607,6539451.147541
aam,2026,pitt-201,2026,4,9718139,1593137.540984,6.100000,2025,6.000000,0.983607,9558825.245902
aam,2026,pitt-201,2026,5,12762725,2092250.000000,6.100000,2025,6.000000,0.983607,12553500.000000
aam,2026,pitt-201,2026,6,15968140,2617727.868852,6.100000,2025,6.000000,0.983607,15706367.213115
aam,2026,pitt-201,2026,7,18877303,3094639.836066,6.100000,2025,6.000000,0.983607,18567839.016393
aam,2026,pitt-201,2026,8,21468150,3519368.852459,6.100000,2025,6.000000,0.983607,21116213.114754
aam,2026,pitt-201,2026,9,24010648,3936171.803279,6.100000,2025,6.000000,0.983607,23617030.819672
aam,2026,pitt-201,2026,10,26546734,4351923.606557,6.100000,2025,6.000000,0.983607,26111541.639344
aam,2026,pitt-201,2026,11,29180926,4783758.360656,6.100000,2025,6.000000,0.983607,28702550.163934
aam,2026,pitt-201,2026,12,31943542,5236646.229508,6.100000,2025,6.000000,0.983607,31419877.377049
aam,2026,pitt-201,2026,13,34757408,5697935.737705,6.100000,2025,6.000000,0.983607,34187614.426230
aam,2026,pitt-201,2026,14,37274473,6110569.344262,6.100000,2025,6.000000,0.983607,36663416.065574
aam,2026,pitt-201,2026,15,39704730,6508972.131148,6.100000,2025,6.000000,0.983607,39053832.786885
aam,2026,pitt-201,2026,16,41980874,6882110.491803,6.100000,2025,6.000000,0.983607,41292662.950820
aam,2026,pitt-201,2026,17,44232513,7251231.639344,6.100000,2025,6.000000,0.983607,43507389.836066
aam,2026,pitt-201,2026,18,46480586,7619768.196721,6.100000,2025,6.000000,0.983607,45718609.180328
aam,2026,pitt-201,2026,19,48968580,8027636.065574,6.100000,2025,6.000000,0.983607,48165816.393443
aam,2026,pitt-201,2026,20,51451762,8434715.081967,6.100000,2025,6.000000,0.983607,50608290.491803
aam,2026,pitt-201,2026,21,53919026,8839184.590164,6.100000,2025,6.000000,0.983607,53035107.540984
aam,2026,pitt-201,2026,22,55975880,9176373.770492,6.100000,2025,6.000000,0.983607,55058242.622951
aam,2026,pitt-201,2026,23,58474720,9586019.672131,6.100000,2025,6.000000,0.983607,57516118.032787
aam,2026,pitt-201,2026,24,61074462,10012206.885246,6.100000,2025,6.000000,0.983607,60073241.311475
aam,2026,pitt-201,2026,25,63447464,10401223.606557,6.100000,2025,6.000000,0.983607,62407341.639344
aam,2026,pitt-201,2026,26,65279495,10701556.557377,6.100000,2025,6.000000,0.983607,64209339.344262
aam,2026,pitt-213,2026,1,1218301,199721.475410,6.100000,2025,6.000000,0.983607,1198328.852459
aam,2026,pitt-213,2026,2,3297112,540510.163934,6.100000,2025,6.000000,0.983607,3243060.983607
aam,2026,pitt-213,2026,3,6489090,1063785.245902,6.100000,2025,6.000000,0.983607,6382711.475410
aam,2026,pitt-213,2026,4,9202169,1508552.295082,6.100000,2025,6.000000,0.983607,9051313.770492
aam,2026,pitt-213,2026,5,11916928,1953594.754098,6.100000,2025,6.000000,0.983607,11721568.524590
aam,2026,pitt-213,2026,6,14551711,2385526.393443,6.100000,2025,6.000000,0.983607,14313158.360656
aam,2026,pitt-213,2026,7,17568145,2880023.770492,6.100000,2025,6.000000,0.983607,17280142.622951
aam,2026,pitt-213,2026,8,20448303,3352180.819672,6.100000,2025,6.000000,0.983607,20113084.918033
aam,2026,pitt-213,2026,9,23227441,3807777.213115,6.100000,2025,6.000000,0.983607,22846663.278689
aam,2026,pitt-213,2026,10,25598674,4196503.934426,6.100000,2025,6.000000,0.983607,25179023.606557
aam,2026,pitt-213,2026,11,28504801,4672918.196721,6.100000,2025,6.000000,0.983607,28037509.180328
aam,2026,pitt-213,2026,12,31498234,5163644.918033,6.100000,2025,6.000000,0.983607,30981869.508197
aam,2026,pitt-213,2026,13,34247214,5614297.377049,6.100000,2025,6.000000,0.983607,33685784.262295
aam,2026,pitt-213,2026,14,36784139,6030186.721311,6.100000,2025,6.000000,0.983607,36181120.327869
aam,2026,pitt-213,2026,15,39270461,6437780.491803,6.100000,2025,6.000000,0.983607,38626682.950820
aam,2026,pitt-213,2026,16,41659108,6829361.967213,6.100000,2025,6.000000,0.983607,40976171.803279
aam,2026,pitt-213,2026,17,44088397,7227606.065574,6.100000,2025,6.000000,0.983607,43365636.393443
aam,2026,pitt-213,2026,18,46434426,7612200.983607,6.100000,2025,6.000000,0.983607,45673205.901639
aam,2026,pitt-213,2026,19,48607462,7968436.393443,6.100000,2025,6.000000,0.983607,47810618.360656
aam,2026,pitt-213,2026,20,50680525,8308282.786885,6.100000,2025,6.000000,0.983607,49849696.721311
aam,2026,pitt-213,2026,21,52663183,8633308.688525,6.100000,2025,6.000000,0.983607,51799852.131148
aam,2026,pitt-213,2026,22,54559566,8944191.147541,6.100000,2025,6.000000,0.983607,53665146.885246
aam,2026,pitt-213,2026,23,56381432,9242857.704918,6.100000,2025,6.000000,0.983607,55457146.229508
aam,2026,pitt-213,2026,24,56539244,9268728.524590,6.100000,2025,6.000000,0.983607,55612371.147541
aam,2026,reacher-401,2026,1,458838,75219.344262,6.100000,2025,6.000000,0.983607,451316.065574
aam,2026,reacher-401,2026,2,1083653,177648.032787,6.100000,2025,6.000000,0.983607,1065888.196721
aam,2026,reacher-401,2026,3,1802693,295523.442623,6.100000,2025,6.000000,0.983607,1773140.655738
aam,2026,reacher-401,2026,4,2544122,417069.180328,6.100000,2025,6.000000,0.983607,2502415.081967
aam,2026,reacher-401,2026,5,3191326,523168.196721,6.100000,2025,6.000000,0.983607,3139009.180328
aam,2026,silo-301,2026,1,1552047,254433.934426,6.100000,2025,6.000000,0.983607,1526603.606557
aam,2026,silo-301,2026,2,3818246,625941.967213,6.100000,2025,6.000000,0.983607,3755651.803279
aam,2026,silo-301,2026,3,5886048,964925.901639,6.100000,2025,6.000000,0.983607,5789555.409836
aam,2026,silo-301,2026,4,7771922,1274085.573770,6.100000,2025,6.000000,0.983607,7644513.442623
aam,2026,silo-301,2026,5,9587450,1571713.114754,6.100000,2025,6.000000,0.983607,9430278.688525
aam,2026,silo-301,2026,6,11247661,1843878.852459,6.100000,2025,6.000000,0.983607,11063273.114754
aam,2026,silo-301,2026,7,12818143,2101334.918033,6.100000,2025,6.000000,0.983607,12608009.508197
aam,2026,silo-301,2026,8,14320095,2347556.557377,6.100000,2025,6.000000,0.983607,14085339.344262
aam,2026,spider-noir-01,2026,1,7068980,1158849.180328,6.100000,2025,6.000000,0.983607,6953095.081967
aam,2026,spider-noir-01,2026,2,13764741,2256514.918033,6.100000,2025,6.000000,0.983607,13539089.508197
aam,2026,spider-noir-01,2026,3,20195984,3310817.049180,6.100000,2025,6.000000,0.983607,19864902.295082
aam,2026,spider-noir-01,2026,4,27554185,4517079.508197,6.100000,2025,6.000000,0.983607,27102477.049180
aam,2026,spider-noir-01,2026,5,34443562,5646485.573770,6.100000,2025,6.000000,0.983607,33878913.442623
aam,2026,spider-noir-01,2026,6,40475431,6635316.557377,6.100000,2025,6.000000,0.983607,39811899.344262
aam,2026,spider-noir-01,2026,7,46407822,7607839.672131,6.100000,2025,6.000000,0.983607,45647038.032787
aam,2026,spider-noir-01,2026,8,52083694,8538310.491803,6.100000,2025,6.000000,0.983607,51229862.950820
aam,2026,spider-noir-01,2026,9,57516792,9428982.295082,6.100000,2025,6.000000,0.983607,56573893.770492
aam,2026,spider-noir-01,2026,10,62945283,10318898.852459,6.100000,2025,6.000000,0.983607,61913393.114754
aam,2026,spider-noir-01,2026,11,68053760,11156354.098361,6.100000,2025,6.000000,0.983607,66938124.590164
aam,2026,spider-noir-01,2026,12,72193233,11834956.229508,6.100000,2025,6.000000,0.983607,71009737.377049
aam,2026,spider-noir-01,2026,13,76729364,12578584.262295,6.100000,2025,6.000000,0.983607,75471505.573770
aam,2026,spider-noir-01,2026,14,81305532,13328775.737705,6.100000,2025,6.000000,0.983607,79972654.426230
aam,2026,spider-noir-01,2026,15,85681131,14046087.049180,6.100000,2025,6.000000,0.983607,84276522.295082
aam,2026,sugar-201,2026,1,714044,117056.393443,6.100000,2025,6.000000,0.983607,702338.360656
aam,2026,sugar-201,2026,2,2366076,387881.311475,6.100000,2025,6.000000,0.983607,2327287.868852
aam,2026,sugar-201,2026,3,3941867,646207.704918,6.100000,2025,6.000000,0.983607,3877246.229508
aam,2026,sugar-201,2026,4,5477164,897895.737705,6.100000,2025,6.000000,0.983607,5387374.426230
aam,2026,sugar-201,2026,5,6889051,1129352.622951,6.100000,2025,6.000000,0.983607,6776115.737705
aam,2026,sugar-201,2026,6,8286787,1358489.672131,6.100000,2025,6.000000,0.983607,8150938.032787
aam,2026,sugar-201,2026,7,9587564,1571731.803279,6.100000,2025,6.000000,0.983607,9430390.819672
aam,2026,sugar-201,2026,8,10869301,1781852.622951,6.100000,2025,6.000000,0.983607,10691115.737705
aam,2026,sugar-201,2026,9,12019962,1970485.573770,6.100000,2025,6.000000,0.983607,11822913.442623
aam,2026,sugar-201,2026,10,13100426,2147610.819672,6.100000,2025,6.000000,0.983607,12885664.918033
aam,2026,sugar-201,2026,11,14171782,2323242.950820,6.100000,2025,6.000000,0.983607,13939457.704918
aam,2026,sugar-201,2026,12,15199183,2491669.344262,6.100000,2025,6.000000,0.983607,14950016.065574
aam,2026,toy-story-5,2026,1,1780636,291907.540984,6.100000,2025,6.000000,0.983607,1751445.245902
aam,2026,toy-story-5,2026,2,3491569,572388.360656,6.100000,2025,6.000000,0.983607,3434330.163934
aam,2026,toy-story-5,2026,3,5046344,827269.508197,6.100000,2025,6.000000,0.983607,4963617.049180
